canonical_smiles,generator,rdkit_mw,heavy_atoms,tanimoto_to_parent,n_stereo_assigned,head_intact,phenol,carboxylic_acid,tpsa,clogp,ch_saureus,ch_ecoli,ch_kpneumoniae,ch_gap,e3_mean7,efflux_evader_proba,permeability_proba,pumped_proba,effluxed_proba,eos3f8h_abaumannii,eos3f8h_calbicans,eos3f8h_ecoli,eos3f8h_efaecalis,eos3f8h_kpneumoniae,eos3f8h_paeruginosa,eos3f8h_saureus,aromatic_rings,total_rings,ring_N,n_O,clears_saureus_thr,clears_ecoli_thr,clears_kpneu_thr,beats_parent_saureus,better_efflux_than_parent,on_pareto_shortlist,size_matched_to_parent,pareto_nondominated
CC(C)C(=O)c1ccc(O)c(NC(=O)CC[C@]2(C)C(=O)C=C[C@]34C[C@H]5C[C@H](O[C@@]5(C)C3)[C@H]42)c1O,CReM,467.56,34,0.8406,6,False,2,0,112.93,4.3742000000000045,0.7576,0.5792,0.487,0.2245,0.9761972504831564,0.4577507736410886,0.1666773571341019,0.3068455427813386,0.8638738602135657,0.98824409322677,0.9551017195841248,0.9842886499369412,0.9922908042185754,0.99226320593273,0.9349464575118028,0.9862458229711502,1,6,0,6,False,False,False,False,False,False,True,False
C[C@]12C[C@@]34C=CC(=O)[C@@](C)(CCC(=O)Nc5c(O)c(O)cc(C(=O)O)c5O)[C@@H]3[C@H](C[C@@H]1C4)O2,CReM,457.48,33,0.8235,6,True,3,1,153.39,2.939300000000001,0.7803,0.7011,0.6696,0.09495,0.9879505441005813,0.5289937163175247,0.1894612173483432,0.2001475213599913,0.8859220689923523,0.9936175513520934,0.9648750377197796,0.9945129363829696,0.9942460814605992,0.9952073087613268,0.9809407120333496,0.9922541809939504,1,6,0,8,False,False,False,False,True,False,True,False
C[C@]12C[C@@]34C=CC(=O)[C@@](C)(CCC(=O)Nc5c(O)ccc(CN)c5O)[C@@H]3[C@H](C[C@@H]1C4)O2,CReM,426.51,31,0.7857,6,False,2,0,121.88,2.994200000000001,0.742,0.6179,0.5133,0.1764,0.9706185549860008,0.4872795280872773,0.2242788451559233,0.2686860008077273,0.7936735402662294,0.9844213964600658,0.930748398194686,0.9860510532866988,0.9910801739625272,0.9829582862287332,0.9362651948623504,0.982805381906945,1,6,0,5,False,False,False,False,False,False,True,False
COc1cc(C(=O)O)c(O)c(NC(=O)CC[C@]2(C)C(=O)C=C[C@]34C[C@H]5C[C@H](O[C@@]5(C)C3)[C@H]42)c1O,CReM,471.51,34,0.7534,6,True,2,1,142.39,3.2423000000000024,0.782,0.6768,0.6394,0.1239000000000001,0.980108265001675,0.5743577904202586,0.1437366053566635,0.2596662701394462,0.8382175540688068,0.9917575880743223,0.9643745946853656,0.9915248327213988,0.9926408100717184,0.9920132069008576,0.940959566954908,0.9874872556031536,1,6,0,8,False,False,False,False,True,False,True,False
C[C@]12C[C@@]34C=CC(=O)[C@@](C)(CCC(=O)Nc5c(O)c(C=O)cc(C(=O)O)c5O)[C@@H]3[C@H](C[C@@H]1C4)O2,CReM,469.49,34,0.7534,6,True,2,1,150.23,3.0462000000000016,0.7995,0.7169,0.6343,0.1239,0.9844087825574626,0.5527139026071624,0.1613703693734371,0.2353976529667179,0.8810234856627129,0.9940653598153926,0.9635280042391614,0.9945902959504668,0.99434416081049,0.9896121097221894,0.9619212353941794,0.9928003119703585,1,6,0,8,True,False,False,False,True,True,True,False
CCOC(=O)c1ccc(O)c(NC(=O)CC[C@]2(C)C(=O)C=C[C@]34C[C@H]5C[C@H](O[C@@]5(C)C3)[C@H]42)c1O,CReM,469.53,34,0.8169,6,False,2,0,122.16,3.7122000000000033,0.7452,0.6015,0.5572,0.1658499999999999,0.9758383861168082,0.4180109975311733,0.1598611821236023,0.2942140549775321,0.8074713983884136,0.9899717860182172,0.9594497905098508,0.9870602751845596,0.9911548184062928,0.9921099298621632,0.9268243567559876,0.9842977460805868,1,6,0,7,False,False,False,False,False,False,True,False
C[C@]12C[C@@]34C=CC(=O)[C@@](C)(CCC(=O)Nc5c(O)ccc(N)c5O)[C@@H]3[C@H](C[C@@H]1C4)O2,CReM,412.49,30,0.8209,6,False,2,0,121.88,3.117700000000001,0.6928,0.6186,0.5191,0.1239499999999999,0.9637809460477308,0.5178284579313577,0.2201550190408572,0.2251923706687817,0.8132984339856283,0.9791770831610078,0.9324818062874662,0.9781266619183602,0.9830946054622918,0.9621963789043192,0.9358660936453336,0.975523992955337,1,6,0,5,False,False,False,False,True,False,True,False
C[C@]12C[C@@]34C=CC(=O)[C@@](C)(CCC(=O)Nc5c(O)c(Br)cc(C(=O)O)c5O)[C@@H]3[C@H](C[C@@H]1C4)O2,CReM,520.38,33,0.7746,6,True,2,1,133.16,3.9962000000000018,0.8003,0.706,0.6835,0.10555,0.9884720981905628,0.4906457365087589,0.1611947475342542,0.301194163211252,0.9030352651923668,0.9936847749663462,0.973929297069246,0.9951659875039136,0.9945867680071768,0.9931195817897124,0.9752729493725992,0.993545328624944,1,6,0,7,True,False,False,False,False,False,False,False
CCOc1c(C(=O)O)ccc(O)c1NC(=O)CC[C@]1(C)C(=O)C=C[C@]23C[C@H]4C[C@H](O[C@@]4(C)C2)[C@H]31,CReM,469.53,34,0.8056,6,True,1,1,122.16,3.9268000000000023,0.7656,0.6785,0.6019,0.1253999999999999,0.9659078251376328,0.5411591629354511,0.1246034439719609,0.3801161243439682,0.788191161161079,0.9881111732853504,0.9239701728210228,0.9877845341910416,0.9898951530799444,0.9642863055994368,0.9248255500686504,0.982481886917983,1,6,0,7,False,False,False,False,True,False,True,False
Cc1cc(C(=O)O)c(O)c(NC(=O)CC[C@]2(C)C(=O)C=C[C@]34C[C@H]5C[C@H](O[C@@]5(C)C3)[C@H]42)c1O,CReM,455.51,33,0.7857,6,True,2,1,133.16,3.542120000000003,0.7889,0.7102,0.6219,0.12285,0.9814631196124354,0.5251002200217776,0.1487682308096156,0.3172956125370091,0.8366548025771923,0.993955426995709,0.9591290526399032,0.9944076907011254,0.9944126893319222,0.9935369142822628,0.9432030482423228,0.9915970150938026,1,6,0,7,False,False,False,False,True,False,True,False
C=CCc1ccc(O)c(NC(=O)CC[C@]2(C)C(=O)C=C[C@]34C[C@H]5C[C@H](O[C@@]5(C)C3)[C@H]42)c1O,CReM,437.54,32,0.7534,6,False,2,0,95.86,4.264000000000004,0.7263,0.5628,0.4588,0.2155,0.9633224208169542,0.4238056868838333,0.1705091789067536,0.3259793269732658,0.8392144482561058,0.9824378428565764,0.9372663913191496,0.97985761116274,0.9899278351524048,0.9796162051576426,0.892609188021403,0.9815418720487616,1,6,0,5,False,False,False,False,False,False,True,False
C[C@]12C[C@@]34C=CC(=O)[C@@](C)(CCC(=O)Nc5c(O)c(Cl)cc(C(=O)O)c5O)[C@@H]3[C@H](C[C@@H]1C4)O2,CReM,475.93,33,0.7746,6,True,2,1,133.16,3.887100000000002,0.809,0.7253,0.6953,0.0987000000000001,0.9872214461514496,0.5010126760172615,0.1501242316990622,0.2708926660800768,0.8983261513374966,0.994795774967322,0.965437153077715,0.9948409553553912,0.9946928956220574,0.9944222618817607,0.9754839915910392,0.9908770905648624,1,6,0,7,True,False,False,False,True,True,True,False
C[C@]12C[C@@]34C=CC(=O)[C@@](C)(CCC(=O)Nc5c(O)ccc(C=NO)c5O)[C@@H]3[C@H](C[C@@H]1C4)O2,CReM,440.5,32,0.7534,6,False,2,0,128.45000000000002,3.3436000000000012,0.7002,0.6307,0.5437,0.1130000000000001,0.9647838960253712,0.4787722513546152,0.2068528663064054,0.2306122174082949,0.8612546269929139,0.9814927815064874,0.934131029621066,0.981116795779004,0.9867878642594886,0.9737616008929262,0.9117937417141015,0.9844034584045248,1,6,0,6,False,False,False,False,False,False,True,False
C[C@]12C[C@@]34C=CC(=O)[C@@](C)(CCC(=O)Nc5cc(C(=O)O)ccc5O)[C@@H]3[C@H](C[C@@H]1C4)O2,CReM,425.48,31,0.7324,6,True,1,1,112.93,3.528100000000001,0.7607,0.6302,0.5922,0.1495,0.9609553726769128,0.4921227156525107,0.1393899602073031,0.3543932167458671,0.7747400243454639,0.9851311727439316,0.9180237122925838,0.9773895075671386,0.9872708072422354,0.9580535293406108,0.9263940732907924,0.9744248062610976,1,6,0,6,False,False,False,False,False,False,True,False
C[C@]12C[C@@]34C=CC(=O)[C@@](C)(CCC(=O)Nc5c(O)c(CO)cc(C(=O)O)c5O)[C@@H]3[C@H](C[C@@H]1C4)O2,CReM,471.51,34,0.7639,6,True,2,1,153.39,2.726,0.7908,0.7425,0.654,0.0925499999999999,0.9834920620016154,0.6045614198044708,0.1594548085211198,0.2310258018861453,0.8633062905577924,0.9944856400146028,0.9604395682839352,0.9943220760216928,0.993124193446012,0.9911549875883732,0.959863446911371,0.9910545217453212,1,6,0,8,False,False,False,False,True,False,True,False
CC(C)(C)c1ccc(O)c(NC(=O)CC[C@]2(C)C(=O)C=C[C@]34C[C@H]5C[C@H](O[C@@]5(C)C3)[C@H]42)c1O,CReM,453.58,33,0.7857,6,False,2,0,95.86,4.8330000000000055,0.7128,0.5972,0.4725,0.17795,0.965160390707582,0.4301381519622711,0.16591627986007,0.4535675859089274,0.8625867602350827,0.9809377941074848,0.952385267554976,0.968574974910327,0.9928231193190824,0.9807844884711115,0.891618347150438,0.9889987434396548,1,6,0,5,False,False,False,False,False,False,True,False
C[C@]12C[C@@]34C=CC(=O)[C@@](C)(CCC(=O)Nc5c(O)ccc(O)c5O)[C@@H]3[C@H](C[C@@H]1C4)O2,CReM,413.47,30,0.8594,6,False,3,0,116.09000000000002,3.241100000000002,0.7064,0.6174,0.562,0.1167,0.9742429800704046,0.3672621795942913,0.2409427353236668,0.2562003722078895,0.8652120143556605,0.984341524557857,0.9543650282613152,0.9864359707156845,0.9906545263728642,0.9886230132575614,0.929482040581353,0.9857987567461975,1,6,0,6,False,False,False,False,False,False,True,False
C[C@]12C[C@@]34C=CC(=O)[C@@](C)(CCC(=O)Nc5cc([N+](=O)[O-])ccc5O)[C@@H]3[C@H](C[C@@H]1C4)O2,CReM,426.47,31,0.6667,6,False,1,0,118.77,3.738100000000002,0.6711,0.5668,0.5198,0.1278,0.9525708970950668,0.5414155995675596,0.1639553527618466,0.3576029541579844,0.7691550217562884,0.9818074666734092,0.9445346844168272,0.9724854222828706,0.965238023782764,0.9254751937636596,0.8978516283565209,0.9806038603894172,1,6,0,6,False,False,False,False,True,False,True,False
C[C@]12C[C@@]34C=CC(=O)[C@@](C)(CCC(=O)Oc5ccccc5C(=O)O)[C@@H]3[C@H](C[C@@H]1C4)O2,CReM,410.47,30,0.6133,6,False,0,1,89.9,3.7894000000000023,0.7111,0.563,0.5885,0.1353499999999999,0.949762218953499,0.4832415843546481,0.1145944392951609,0.4232859299621955,0.7326565424028136,0.977679977803362,0.9246752697683748,0.95841912401452,0.9878116007904008,0.944470242280559,0.8800433146794345,0.9752360033378428,1,6,0,6,False,False,False,False,False,False,True,False
CC(C)c1ccc(C(=O)O)c(O)c1NC(=O)CC[C@]1(C)C(=O)C=C[C@]23C[C@H]4C[C@H](O[C@@]4(C)C2)[C@H]31,CReM,467.56,34,0.8286,6,True,1,1,112.93,4.651500000000005,0.7731,0.7118,0.609,0.1127,0.9753855432215672,0.5460403163632966,0.2135545780905844,0.3733580605691274,0.8361337105839142,0.98940459770051,0.9610509985747712,0.9864025959695862,0.9926890870746764,0.9786400674410772,0.9333815874067416,0.9861298683836068,1,6,0,6,False,False,False,False,True,False,True,False
COc1cc(O)c(NC(=O)CC[C@]2(C)C(=O)C=C[C@]34C[C@H]5C[C@H](O[C@@]5(C)C3)[C@H]42)c(O)c1C(=O)O,CReM,471.51,34,0.72,6,True,2,1,142.39,3.2423000000000015,0.7705,0.6765,0.6295,0.1174999999999999,0.9720336864768464,0.5953556220110592,0.1435984512995184,0.2567971094080586,0.8375793915137272,0.991205594201935,0.9417421769013392,0.9906656944860652,0.9909233616723035,0.9743688957784236,0.933488845468998,0.9818412368288588,1,6,0,8,False,False,False,False,True,False,True,False
C[C@]12C[C@@]34C=CC(=O)[C@@](C)(CCC(=O)Nc5c(O)cc(O)c(C(=O)O)c5O)[C@@H]3[C@H](C[C@@H]1C4)O2,CReM,457.48,33,0.7714,6,True,3,1,153.39,2.939300000000001,0.8024,0.6952,0.6377,0.13595,0.981107572448736,0.5755778336739987,0.1858085882071859,0.1738205322222946,0.8881628509572808,0.9928672233861756,0.951565994083129,0.9930956901243366,0.9933122413999051,0.9793997667394768,0.9654908460275516,0.992021245380576,1,6,0,8,True,False,False,False,True,True,True,False
COc1cc(CNC(=O)CC[C@]2(C)C(=O)C=C[C@]34C[C@H]5C[C@H](O[C@@]5(C)C3)[C@H]42)ccc1O,CReM,425.53,31,0.6076,6,False,1,0,84.86,3.5162000000000027,0.6304,0.5642,0.5074,0.0945999999999999,0.8371728060152106,0.3772652098182086,0.1621431286152133,0.4492168574569527,0.6156636070443994,0.8761692336824988,0.7647827948963574,0.8600147180283201,0.9414905072364036,0.7979437793537928,0.7462509597107972,0.8735576491983045,1,6,0,5,False,False,False,False,False,False,True,False
C[C@]12C[C@@]34C=CC(=O)[C@@](C)(CCC(=O)NCC(=O)NCC(=O)NCC(=O)O)[C@@H]3[C@H](C[C@@H]1C4)O2,CReM,461.52,33,0.6429,6,False,0,1,150.89999999999998,-0.0811999999999961,0.5645,0.682,0.5696,-0.0613,0.865781005312855,0.6181080809313501,0.2134316559354621,0.227104516665567,0.2788285253122487,0.924791259431781,0.7325725373641361,0.9002901716698953,0.9552354582076036,0.8031875958132857,0.8552414355098085,0.8891485791934749,0,5,0,7,False,False,False,False,True,False,True,False
COC(=O)c1ccc(O)c(NC(=O)CC[C@]2(C)C(=O)C=C[C@]34C[C@H]5C[C@H](O[C@@]5(C)C3)[C@H]42)c1O,CReM,455.51,33,0.8529,6,False,2,0,122.16,3.322100000000002,0.7666,0.6141,0.5354,0.1918499999999999,0.971947054831448,0.4547438947668678,0.1579027405818995,0.2911437577481633,0.7837590624399363,0.9900689921470812,0.9519038577312662,0.9836975245463564,0.9909260298771037,0.984364118168926,0.9192246413540758,0.9834442199953276,1,6,0,7,False,False,False,False,False,False,True,False
C[C@]12C[C@@]34C=CC(=O)[C@@](C)(CCC(=O)Nc5c(O)ccc(C(=O)NN)c5O)[C@@H]3[C@H](C[C@@H]1C4)O2,CReM,455.51,33,0.8657,6,False,2,0,150.98,2.139,0.7381,0.6382,0.6073,0.11535,0.9710622749077804,0.4615242691726998,0.2394096759166499,0.2256409094432708,0.8506581490752543,0.9887255874067844,0.9253190960916836,0.9874830292655228,0.9890338011572192,0.986595418055182,0.9358480031473788,0.9844309892306916,1,6,0,6,False,False,False,False,False,False,True,False
C[C@]12C[C@@]34C=CC(=O)[C@@](C)(CCC(=O)Nc5c(O)ccc(C(=O)C=O)c5O)[C@@H]3[C@H](C[C@@H]1C4)O2,CReM,453.49,33,0.8406,6,False,2,0,130.0,2.917100000000002,0.7367,0.6167,0.5096,0.1735499999999999,0.9775166233158932,0.4808329196677247,0.1650736647532425,0.2649369645713721,0.8692683073207041,0.9882831692720933,0.94384858468202,0.989640209659572,0.990385435577337,0.9913857818558992,0.9516775756871688,0.9873956064771624,1,6,0,7,False,False,False,False,False,False,True,False
C[C@]12C[C@@]34C=CC(=O)[C@@](C)(CCC(=O)Nc5c(O)ccc(Cl)c5O)[C@@H]3[C@H](C[C@@H]1C4)O2,CReM,431.92,30,0.8088,6,False,2,0,95.86,4.188900000000003,0.7347,0.6079,0.5341,0.1637,0.9710101898998984,0.3621903115488075,0.1940278587785203,0.3449124628024152,0.8752200649180618,0.9840215339055312,0.9544007469626944,0.9823163144466692,0.991143033873655,0.9749224620227268,0.9254521316730754,0.9848151064149376,1,6,0,5,False,False,False,False,False,False,True,False
C[C@]12C[C@@]34C=CC(=O)[C@@](C)(CCC(=O)Nc5ccc(S(=O)(=O)O)cc5)[C@@H]3[C@H](C[C@@H]1C4)O2,CReM,445.54,31,0.6351,6,False,0,0,109.77,3.3710000000000013,0.6318,0.5938,0.5521,0.0588499999999999,0.8909943705323549,0.5608781880184506,0.1641911058750494,0.3404117832795192,0.6634537810219991,0.9559108957260216,0.8672393761585682,0.8700731923168403,0.949508705300574,0.8780060641965665,0.8198422771236258,0.8963800829042876,1,6,0,6,False,False,False,False,True,False,True,False
C[C@]12C[C@@]34C=CC(=O)[C@@](C)(CCC(=O)Nc5c(O)ccc(C(=O)C6CC6)c5O)[C@@H]3[C@H](C[C@@H]1C4)O2,CReM,465.55,34,0.8406,6,False,2,0,112.93,4.128200000000003,0.7601,0.6511,0.5175,0.1757999999999999,0.9775842278661608,0.4797624251244444,0.1696859452098969,0.2737033333226813,0.8705431480605568,0.989295625523778,0.9587203148122878,0.9843835108669722,0.9907584146935828,0.9925819278454018,0.9411356213718636,0.9862141799492397,1,7,0,6,False,False,False,False,False,False,True,False
CN(O)C(=O)c1ccc(O)c(NC(=O)CC[C@]2(C)C(=O)C=C[C@]34C[C@H]5C[C@H](O[C@@]5(C)C3)[C@H]42)c1O,CReM,470.52,34,0.8406,6,False,2,0,136.4,2.996700000000002,0.7478,0.674,0.6088,0.1064,0.9727057923767928,0.516035151657619,0.2155065251815306,0.2423834050336469,0.8070590446126804,0.9853178852651854,0.940427532760013,0.9877270754317958,0.9895713113483404,0.9905735513222208,0.9344134658722896,0.9809097246377038,1,6,0,7,False,False,False,False,True,False,True,False
COc1c(C(=O)O)ccc(O)c1NC(=O)CC[C@]1(C)C(=O)C=C[C@]23C[C@H]4C[C@H](O[C@@]4(C)C2)[C@H]31,CReM,455.51,33,0.8286,6,True,1,1,122.16,3.5367000000000024,0.7545,0.6435,0.6198,0.1228499999999999,0.9480180355435316,0.5740102680311039,0.1278204612614893,0.3702432659581069,0.7650481601445197,0.984803433884447,0.8470836731261637,0.9807947240423376,0.9819810848399344,0.949676772552011,0.9160222483303704,0.9757643120294572,1,6,0,7,False,False,False,False,True,False,True,False
C[C@]12C[C@@]34C=CC(=O)[C@@](C)(CCC(=O)Nc5c(O)c(F)cc(C(=O)O)c5O)[C@@H]3[C@H](C[C@@H]1C4)O2,CReM,459.47,33,0.7746,6,True,2,1,133.16,3.3728000000000007,0.7776,0.744,0.6643,0.0734499999999999,0.9865809358477824,0.5594109635675417,0.1697575207619141,0.2250534527421778,0.8559797953855524,0.9941002044232876,0.9645158236599038,0.9949097907367142,0.99395377335351,0.9939361981875302,0.9756430865614584,0.9890076740120718,1,6,0,7,False,False,False,False,True,False,True,False
CNC(=O)c1ccc(O)c(NC(=O)CC[C@]2(C)C(=O)C=C[C@]34C[C@H]5C[C@H](O[C@@]5(C)C3)[C@H]42)c1O,CReM,454.52,33,0.8657,6,False,2,0,124.96,2.8951000000000016,0.7434,0.6496,0.5663,0.1354499999999999,0.9690072024075266,0.4373938956940068,0.2245303145448973,0.3033002893486956,0.7630474043978575,0.9850439307926608,0.9215061185767246,0.9845909367337696,0.9891708341631418,0.9891463002098528,0.9321656391599116,0.981426657216624,1,6,0,6,False,False,False,False,False,False,True,False
C[C@]12C[C@@]34C=CC(=O)[C@@](C)(CCC(=O)Nc5ccc(Br)cc5C(=O)O)[C@@H]3[C@H](C[C@@H]1C4)O2,CReM,488.38,31,0.6892,6,False,0,1,92.7,4.5850000000000035,0.759,0.6515,0.6439,0.1113,0.9621543144943068,0.4762641804829257,0.1267935324452136,0.5166149256894133,0.8034923854872542,0.976102296213868,0.940265811320028,0.9695880543974228,0.9864719681390602,0.9548678240807322,0.9223917614957649,0.9853924858132695,1,6,0,5,False,False,False,False,False,False,False,False
C[C@]12C[C@@]34C=CC(=O)[C@@](C)(CCC(=O)Nc5c(O)ccc(C(=O)Cl)c5O)[C@@H]3[C@H](C[C@@H]1C4)O2,CReM,459.93,32,0.8788,6,False,2,0,112.93,3.914500000000003,0.7572,0.6599,0.564,0.14525,0.9758993060884952,0.4751651764444786,0.2065264743775928,0.3089190965162693,0.8845534393868106,0.9882849159173752,0.9608347583032836,0.9872091755619458,0.99213266387687,0.9917724980868292,0.9216932836088118,0.9893678472643505,1,6,0,6,False,False,False,False,False,False,True,False
C=COC(=O)c1ccc(O)c(NC(=O)CC[C@]2(C)C(=O)C=C[C@]34C[C@H]5C[C@H](O[C@@]5(C)C3)[C@H]42)c1O,CReM,467.52,34,0.7945,6,False,2,0,122.16,3.835800000000003,0.7724,0.6422,0.5283,0.1871499999999999,0.9759809156097492,0.4441561234757372,0.1460009238755599,0.2867434858761445,0.8275640911996986,0.9900212330701936,0.9616257256771108,0.9864158299140952,0.9922296402632322,0.9851948438021304,0.9308436253568618,0.9855355111846196,1,6,0,7,False,False,False,False,False,False,True,False
C[C@]12C[C@@]34C=CC(=O)[C@@](C)(CCC(=O)Nc5c(O)cc(Cl)c(C(=O)O)c5O)[C@@H]3[C@H](C[C@@H]1C4)O2,CReM,475.93,33,0.7397,6,True,2,1,133.16,3.887100000000002,0.8132,0.7469,0.6675,0.1059999999999999,0.9866527806442036,0.534351873506531,0.1559322472811487,0.2545749469713564,0.8989945348891637,0.994472051874574,0.968919999203415,0.9949285535222324,0.9952815023329944,0.9955249033131656,0.9650796467621396,0.9923628075009038,1,6,0,7,True,False,False,False,True,True,True,False
C[C@]12C[C@@]34C=CC(=O)[C@@](C)(CCC(=O)Nc5c(Cl)ccc(C(=O)O)c5O)[C@@H]3[C@H](C[C@@H]1C4)O2,CReM,459.93,32,0.8529,6,True,1,1,112.93,4.181500000000002,0.7944,0.6788,0.6361,0.13695,0.9750573922213496,0.4934982029108643,0.1321314099782185,0.3487120705823064,0.8392744549151243,0.9897486892110284,0.9507014464260866,0.9846960714803902,0.9915208867208511,0.985692581283457,0.9369050720589828,0.98613699836865,1,6,0,6,True,False,False,False,True,True,True,False
C[C@]12C[C@@]34C=CC(=O)[C@@](C)(CCC(=O)NNC(=O)c5ccccc5C(=O)O)[C@@H]3[C@H](C[C@@H]1C4)O2,CReM,452.51,33,0.6712,6,False,0,1,121.8,2.6450000000000005,0.6888,0.6017,0.5967,0.0896,0.8931299465570627,0.3870187579672095,0.1442441695315653,0.3717828303001103,0.7562262504563626,0.9095100541808891,0.8503326203566904,0.911613243810564,0.94446497118975,0.8795359472966494,0.8002038652781512,0.956248923786744,1,6,0,6,False,False,False,False,False,False,True,False
Cc1ccc(O)c(NC(=O)CC[C@]2(C)C(=O)C=C[C@]34C[C@H]5C[C@H](O[C@@]5(C)C3)[C@H]42)c1O,CReM,411.5,30,0.8333,6,False,2,0,95.86,3.843920000000003,0.6929,0.5694,0.4655,0.17545,0.9520921984912646,0.3699521986636676,0.1818670452962533,0.3950185928290652,0.798377815315467,0.968901574120014,0.9226103696550344,0.9689748298525412,0.9874698554284244,0.954879374475894,0.8811966005757093,0.9806127853312342,1,6,0,5,False,False,False,False,False,False,True,False
CC(=O)c1ccc(O)c(NC(=O)CC[C@]2(C)C(=O)C=C[C@]34C[C@H]5C[C@H](O[C@@]5(C)C3)[C@H]42)c1O,CReM,439.51,32,0.8923,6,False,2,0,112.93,3.7381000000000033,0.7203,0.582,0.4874,0.1856000000000001,0.9658568958786232,0.4333657358818515,0.1587867810627303,0.3220612510208273,0.8203015971620589,0.9835253348597104,0.9125025421165204,0.9791017590696132,0.9891388955553532,0.987410599042961,0.9249951574578502,0.9843239830483558,1,6,0,6,False,False,False,False,False,False,True,False
C[C@]12C[C@@]34C=CC(=O)[C@@](C)(CCC(=O)Nc5c(O)ccc(Br)c5O)[C@@H]3[C@H](C[C@@H]1C4)O2,CReM,476.37,30,0.8088,6,False,2,0,95.86,4.298000000000004,0.7286,0.5934,0.5252,0.1693,0.9725621369617397,0.3453437324229165,0.2034967071320876,0.3888571738457246,0.882162986027178,0.9825066712604714,0.9485131511116334,0.9822609254551856,0.9908545916824132,0.9816999921680276,0.933292951136764,0.9888066759176826,1,6,0,5,False,False,False,False,False,False,True,False
CCC(=O)c1ccc(O)c(NC(=O)CC[C@]2(C)C(=O)C=C[C@]34C[C@H]5C[C@H](O[C@@]5(C)C3)[C@H]42)c1O,CReM,453.54,33,0.8529,6,False,2,0,112.93,4.128200000000005,0.7345,0.6093,0.4826,0.1885500000000001,0.9718920654345716,0.4455577800817878,0.1627572649097524,0.30471240953702,0.8375101660734228,0.987040931087018,0.9434647825327253,0.9824733647987044,0.9913432544763536,0.9903708646634416,0.9243576939219412,0.9841935665618172,1,6,0,6,False,False,False,False,False,False,True,False
CN(C)Cc1ccc(O)c(NC(=O)CC[C@]2(C)C(=O)C=C[C@]34C[C@H]5C[C@H](O[C@@]5(C)C3)[C@H]42)c1O,CReM,454.57,33,0.7639,6,False,2,0,99.1,3.5971000000000033,0.719,0.6691,0.5376,0.1156499999999999,0.9607357440046532,0.4406455188098832,0.2037251762269858,0.3061322338592722,0.7789009853689273,0.9818225745770304,0.9195076349836362,0.9773154673839264,0.9914529262785232,0.9807997250739572,0.8935897879910094,0.9806620917444904,1,6,0,5,False,False,False,False,False,False,True,False
C[C@]12C[C@@]34C=CC(=O)[C@@](C)(CCC(=O)NC5C(O)OC(CO)C(O)C5O)[C@@H]3[C@H](C[C@@H]1C4)O2,CReM,451.52,32,0.557,6,False,0,0,145.55,-0.5982999999999981,0.6683,0.683,0.6292,0.0121999999999999,0.955358580951574,0.7122484528463847,0.2129644578203213,0.3147837457636364,0.5618363113892249,0.9672559375660518,0.9368228853214182,0.965282896006373,0.9756561513779132,0.9756180532357428,0.9159613244608212,0.950912818692697,0,6,0,8,False,False,False,False,True,False,True,False
C[C@]12C[C@@]34C=CC(=O)[C@@](C)(CCC(=O)Nc5c(O)ccc(C(=O)NO)c5O)[C@@H]3[C@H](C[C@@H]1C4)O2,CReM,456.5,33,0.8657,6,False,2,0,145.19,2.6545000000000005,0.7621,0.692,0.5871,0.12255,0.9759844982515176,0.4814703001078012,0.227565883474956,0.2321393628230818,0.8607055874473357,0.9870901742727524,0.9412908717764064,0.98909517320651,0.989975926635656,0.9891393499694994,0.9483700276184536,0.9869299642813442,1,6,0,7,False,False,False,False,False,False,True,False
CCCC(=O)c1ccc(O)c(NC(=O)CC[C@]2(C)C(=O)C=C[C@]34C[C@H]5C[C@H](O[C@@]5(C)C3)[C@H]42)c1O,CReM,467.56,34,0.8406,6,False,2,0,112.93,4.518300000000004,0.7546,0.6466,0.4745,0.19405,0.9739346452328492,0.4286031840202928,0.1697019071919225,0.3091467661742449,0.8580925333542335,0.9868124030066566,0.9529019453310936,0.9855746098814354,0.9922252163989924,0.9917521322795372,0.9228782363640724,0.9853979733681576,1,6,0,6,False,False,False,False,False,False,True,False
CCOc1ccc(C(=O)O)c(O)c1NC(=O)CC[C@]1(C)C(=O)C=C[C@]23C[C@H]4C[C@H](O[C@@]4(C)C2)[C@H]31,CReM,469.53,34,0.8056,6,True,1,1,122.16,3.9268000000000023,0.7797,0.6914,0.5748,0.1465999999999999,0.9766818753343668,0.5398662424163636,0.1306472580259896,0.3633239712613791,0.7918824634176598,0.9920088767876292,0.95499176682032,0.9881656927733116,0.992055738173189,0.9834388506752264,0.9388972172036606,0.987214984907232,1,6,0,7,False,False,False,False,True,False,True,False
C[C@]12C[C@@]34C=CC(=O)[C@@](C)(CCC(=O)Nc5c(O)ccc(CO)c5O)[C@@H]3[C@H](C[C@@H]1C4)O2,CReM,427.5,31,0.7971,6,False,2,0,116.09000000000002,3.027800000000002,0.7356,0.6041,0.5248,0.17115,0.967857841273619,0.4309609712923091,0.1946104580179741,0.3085822064036821,0.8183683647963251,0.9834639666892858,0.9372033880985726,0.9853119839401456,0.9888800485318324,0.9775787087396588,0.9196944473044096,0.982872345611428,1,6,0,6,False,False,False,False,False,False,True,False
COc1ccc(C(=O)O)c(O)c1NC(=O)CC[C@]1(C)C(=O)C=C[C@]23C[C@H]4C[C@H](O[C@@]4(C)C2)[C@H]31,CReM,455.51,33,0.8286,6,True,1,1,122.16,3.5367000000000024,0.7733,0.6805,0.6125,0.1267999999999999,0.9655561627546476,0.576844598450601,0.1253868744739171,0.3579087689955075,0.7698597085791758,0.9910582643698072,0.9201855294962886,0.9878862221102503,0.989179660864454,0.9585234314500048,0.9268876174516608,0.985172413540068,1,6,0,7,False,False,False,False,True,False,True,False
C=COc1ccc(C(=O)O)c(O)c1NC(=O)CC[C@]1(C)C(=O)C=C[C@]23C[C@H]4C[C@H](O[C@@]4(C)C2)[C@H]31,CReM,467.52,34,0.7838,6,True,1,1,122.16,4.050400000000003,0.7793,0.6836,0.5751,0.14995,0.9717864975406858,0.5439902313495572,0.1237875307035462,0.3367990611959022,0.8088057477960916,0.9920188686913494,0.9464697682791025,0.9888042390747565,0.9912061570618316,0.9595988438328475,0.9335377005687576,0.990869905276155,1,6,0,7,False,False,False,False,True,False,True,False
C[C@]12C[C@@]34C=CC(=O)[C@@](C)(CCC(=O)Nc5c(O)c(N)cc(C(=O)O)c5O)[C@@H]3[C@H](C[C@@H]1C4)O2,CReM,456.5,33,0.7746,6,True,2,1,159.17999999999998,2.815900000000001,0.8017,0.7426,0.6557,0.10255,0.9851607459723866,0.6475767146007707,0.1847251139300723,0.1877475623588537,0.8504618921229561,0.9941859198422603,0.956956829444481,0.9942919750937564,0.9936406646414162,0.9908394900438474,0.9745701405594792,0.9916402021814648,1,6,0,7,True,False,False,False,True,True,True,False
CCNC(=O)c1ccc(O)c(NC(=O)CC[C@]2(C)C(=O)C=C[C@]34C[C@H]5C[C@H](O[C@@]5(C)C3)[C@H]42)c1O,CReM,468.55,34,0.8406,6,False,2,0,124.96,3.285200000000003,0.7307,0.6399,0.5693,0.1261,0.9671005404458246,0.3943466593948168,0.2264962052754848,0.3072406353416315,0.7815862710804924,0.983029859516409,0.9311736331089128,0.9820516398122148,0.9886186200110588,0.9835427944684718,0.9271802173821174,0.9741070188215882,1,6,0,6,False,False,False,False,False,False,True,False
CCc1ccc(O)c(NC(=O)CC[C@]2(C)C(=O)C=C[C@]34C[C@H]5C[C@H](O[C@@]5(C)C3)[C@H]42)c1O,CReM,425.53,31,0.8088,6,False,2,0,95.86,4.0979000000000045,0.713,0.5781,0.4555,0.1962,0.955592498071624,0.4004814881034229,0.182203780875806,0.4032779254319896,0.8199364582353779,0.9754359487608882,0.9245254501844457,0.9721074136668516,0.9896153126892014,0.963297340724494,0.882468789267807,0.9816972312076792,1,6,0,5,False,False,False,False,False,False,True,False
CC(C)c1ccc(O)c(NC(=O)CC[C@]2(C)C(=O)C=C[C@]34C[C@H]5C[C@H](O[C@@]5(C)C3)[C@H]42)c1O,CReM,439.55,32,0.7857,6,False,2,0,95.86,4.6589000000000045,0.7239,0.6078,0.4796,0.1801999999999999,0.9604256608245362,0.4096563203024805,0.1892255278094851,0.4110061997893584,0.8567383021480663,0.9791945515625696,0.943754837912312,0.9682934454991484,0.990938388407162,0.9773711861986626,0.8801123207121223,0.9833148954797768,1,6,0,5,False,False,False,False,False,False,True,False
C[C@]12C[C@@]34C=CC(=O)[C@@](C)(CCC(=O)Nc5c(O)ccc(C(=O)CCl)c5O)[C@@H]3[C@H](C[C@@H]1C4)O2,CReM,473.95,33,0.8406,6,False,2,0,112.93,3.9570000000000025,0.736,0.612,0.5793,0.1403499999999999,0.9801063478750296,0.5372725837831224,0.1657785015972629,0.3217780398343308,0.8809430727267218,0.9904929822424065,0.950439775098758,0.9896445576870812,0.991303479384459,0.9935911465935916,0.958309743394456,0.9869627507244544,1,6,0,6,False,False,False,False,True,False,True,False
C[C@]12C[C@@]34C=CC(=O)[C@@](C)(CCC(=O)Nc5c(F)ccc(C(=O)O)c5O)[C@@H]3[C@H](C[C@@H]1C4)O2,CReM,443.47,32,0.8529,6,True,1,1,112.93,3.667200000000002,0.786,0.6977,0.656,0.10915,0.9768762078251342,0.532111543323476,0.1458931755998112,0.2803641220843525,0.7859817771046411,0.991586490313806,0.9516324281209464,0.9905705908015796,0.9913972627181744,0.9800395964589272,0.9445464249412838,0.9883606614212216,1,6,0,6,False,False,False,False,True,False,True,False
C[C@]12C[C@@]34C=CC(=O)[C@@](C)(CCC(=O)Nc5c(O)ccc(C(=O)C(=O)O)c5O)[C@@H]3[C@H](C[C@@H]1C4)O2,CReM,469.49,34,0.8806,6,True,2,1,150.23,2.8028000000000013,0.7548,0.6694,0.5892,0.1255,0.9777676944165448,0.5472173043728301,0.1483212321997132,0.2025105046997668,0.8729702393868256,0.9928020223836288,0.9454090737589842,0.9920662356830428,0.9898982767138208,0.993565311145746,0.9467040278594664,0.983928913371125,1,6,0,8,False,False,False,False,True,False,True,False
CONC(=O)c1ccc(O)c(NC(=O)CC[C@]2(C)C(=O)C=C[C@]34C[C@H]5C[C@H](O[C@@]5(C)C3)[C@H]42)c1O,CReM,470.52,34,0.8406,6,False,2,0,134.19,2.826700000000002,0.7316,0.6421,0.5466,0.1372500000000001,0.9700551892663306,0.4715103262137146,0.21696256288412,0.2707092784796231,0.7971370190894418,0.9821508056647416,0.9377791183450558,0.9849098100113656,0.9892477379254764,0.9826430281896794,0.9312830424576845,0.9823727822703114,1,6,0,7,False,False,False,False,False,False,True,False
C[C@]12C[C@@]34C=CC(=O)[C@@](C)(CCC(=O)Nc5cc(C(=O)O)cc([N+](=O)[O-])c5)[C@@H]3[C@H](C[C@@H]1C4)O2,CReM,454.48,33,0.6076,6,False,0,1,135.84,3.7307000000000023,0.7491,0.68,0.5953,0.1114499999999999,0.9705266335070926,0.6236347000147967,0.1194660535515285,0.4481789757212523,0.7553289930732296,0.9892047395761258,0.9602272033346216,0.9836694217664308,0.986089553360168,0.967727754689596,0.9182002729045138,0.9885674889181918,1,6,0,7,False,False,False,False,True,False,True,False
C[C@]12C[C@@]34C=CC(=O)[C@@](C)(CCC(=O)NCCC(=O)NCCC(=O)O)[C@@H]3[C@H](C[C@@H]1C4)O2,CReM,432.52,31,0.6429,6,False,0,1,121.8,1.5828000000000009,0.5853,0.6453,0.5436,-0.0091499999999998,0.8913276950792941,0.5775937079063884,0.1925379488780382,0.3029021420625271,0.2858668193467634,0.9184571861073674,0.7773623940884675,0.9204900374559384,0.9621633862074268,0.903894125386584,0.875350204863226,0.8815765314460492,0,5,0,6,False,False,False,False,True,False,True,False
C[C@]12C[C@@]34C=CC(=O)[C@@](C)(CCC(=O)Nc5c(O)c(I)cc(C(=O)O)c5O)[C@@H]3[C@H](C[C@@H]1C4)O2,CReM,567.38,33,0.7746,6,True,2,1,133.16,3.838300000000002,0.8067,0.6982,0.664,0.1255999999999999,0.9882814124241456,0.4835338186131429,0.1584785085378229,0.3586494854947304,0.9043292700377684,0.9946077248677344,0.9723391875996574,0.9953753012393148,0.9951241992689188,0.9949259297578928,0.971323516240978,0.994274027994523,1,6,0,7,True,False,False,False,False,False,False,False
C[C@]12C[C@@]34C=CC(=O)[C@@](C)(CCC(=O)N(O)c5c(O)ccc(C(=O)O)c5O)[C@@H]3[C@H](C[C@@H]1C4)O2,CReM,457.48,33,0.7123,6,True,2,1,144.6,3.017400000000001,0.8094,0.7027,0.6428,0.13665,0.9852028814087872,0.5992451277600881,0.1500661184603339,0.1547778834989465,0.8827002708892304,0.9926560528556806,0.9708641314756884,0.9927500129588964,0.9938695592768082,0.9911832326835062,0.9614073338551384,0.9936898467557924,1,6,0,8,True,False,False,False,True,True,True,False
CCCC(=O)c1c(O)cc(O)c(C(=O)CC[C@]2(C)C(=O)C=C[C@]34C[C@H]5C[C@H](O[C@@]5(C)C3)[C@H]42)c1O,CReM,468.55,34,0.5867,6,False,3,0,121.13,4.468100000000004,0.7897,0.5935,0.5511,0.2173999999999999,0.982411889466184,0.4901309728131679,0.1392503002024581,0.2410593709887135,0.9378720676408444,0.9880359057949688,0.976256936437623,0.9883289464771364,0.9943174849379638,0.9916153490637148,0.9436748835736,0.9946537199782806,1,6,0,7,False,False,False,False,False,False,True,False
CN(C)C(=O)c1ccc(O)c(NC(=O)CC[C@]2(C)C(=O)C=C[C@]34C[C@H]5C[C@H](O[C@@]5(C)C3)[C@H]42)c1O,CReM,468.55,34,0.8406,6,False,2,0,116.17000000000002,3.2373000000000025,0.7426,0.666,0.5569,0.13115,0.9620478747488004,0.4582979886328279,0.203849158155149,0.3231848242858591,0.756223486970993,0.9805464335637648,0.9089877345291284,0.9803802878004508,0.989145103916873,0.9805519881796324,0.9164987403100364,0.9782248349417176,1,6,0,6,False,False,False,False,False,False,True,False
C[C@]12C[C@@]34C=CC(=O)[C@@](C)(CCC(=O)Nc5c(O)c(CN)cc(C(=O)O)c5O)[C@@H]3[C@H](C[C@@H]1C4)O2,CReM,470.52,34,0.7534,6,True,2,1,159.17999999999998,2.6924,0.8113,0.7667,0.6584,0.09875,0.9873269365915296,0.640228531708847,0.1832807848081053,0.210637490883424,0.8508562068496783,0.994943815181868,0.96432629815436,0.995657152583771,0.9948933867124968,0.9960556229950704,0.9723534263103172,0.9930588542028244,1,6,0,7,True,False,False,False,True,True,True,False
C[C@]12C[C@@]34C=CC(=O)[C@@](C)(CCC(=O)Nc5ccccc5C(=O)O)[C@@H]3[C@H](C[C@@H]1C4)O2,CReM,409.48,30,0.7286,6,False,0,1,92.7,3.8225000000000025,0.7005,0.5712,0.5723,0.12875,0.9329423251604624,0.4320517374231838,0.117914693354305,0.4526301218288855,0.6792448054158516,0.9719006538464168,0.8864910189944792,0.948535168871162,0.9810604691730176,0.917131621744209,0.8554981209611991,0.9699792225327531,1,6,0,5,False,False,False,False,False,False,True,False
C=C(O)C(=O)c1ccc(O)c(NC(=O)CC[C@]2(C)C(=O)C=C[C@]34C[C@H]5C[C@H](O[C@@]5(C)C3)[C@H]42)c1O,CReM,467.52,34,0.8551,6,False,2,0,133.16,3.7899000000000034,0.7533,0.6525,0.525,0.1645499999999999,0.9760450622470866,0.515801820372831,0.152097775015421,0.2693207200023642,0.8764882636246252,0.9904303923613236,0.953256286959417,0.9887384763877204,0.9917424087592672,0.9928816876191724,0.9280006296569886,0.9872655539857168,1,6,0,7,False,False,False,False,True,False,True,False
C[C@]12C[C@@]34C=CC(=O)[C@@](C)(CCC(=O)Nc5c(O)ccc(C=O)c5O)[C@@H]3[C@H](C[C@@H]1C4)O2,CReM,425.48,31,0.7857,6,False,2,0,112.93,3.3480000000000016,0.7249,0.6114,0.5163,0.16105,0.9689555163429684,0.4129299816946956,0.1967639048264472,0.2904957521294016,0.8415702552263314,0.9827850984467932,0.943983881874518,0.9820290119794992,0.991143270952198,0.9722501009752404,0.9245644046432142,0.9859328455293171,1,6,0,6,False,False,False,False,False,False,True,False
CCOc1ccc(O)c(NC(=O)CC[C@]2(C)C(=O)C=C[C@]34C[C@H]5C[C@H](O[C@@]5(C)C3)[C@H]42)c1O,CReM,441.52,32,0.7639,6,False,2,0,105.09,3.934200000000003,0.695,0.5842,0.4648,0.1704999999999999,0.9621562924048248,0.3958885574343175,0.181364485504006,0.3582942198316786,0.8136066343328303,0.976460018474506,0.9451465595951544,0.9724429580813716,0.9887830517320728,0.970169702816784,0.90661671923602,0.9754750368978646,1,6,0,6,False,False,False,False,False,False,True,False
C[C@]12C[C@@]34C=CC(=O)[C@@](C)(CCC(=O)Nc5c(O)ccc(C(=O)OO)c5O)[C@@H]3[C@H](C[C@@H]1C4)O2,CReM,457.48,33,0.8529,6,False,2,0,142.39,3.165300000000001,0.7732,0.6749,0.5864,0.1425499999999999,0.9781265121307666,0.4816325179089484,0.2505602983076114,0.2301132499131554,0.865166353008354,0.9900641865361494,0.9634441869157352,0.991699085294372,0.9917470346937808,0.9917039777770852,0.9295199747483616,0.9887071389498824,1,6,0,8,False,False,False,False,False,False,True,False
C[C@]12C[C@@]34C=CC(=O)[C@@](C)(CCC(=O)NC(CS)C(=O)NCC(=O)O)[C@@H]3[C@H](C[C@@H]1C4)O2,CReM,450.56,31,0.5696,6,False,0,1,121.8,1.1010000000000009,0.6685,0.7057,0.57,0.0306499999999999,0.9315339081287606,0.5351625202593919,0.2211566112445087,0.3558219527442418,0.3851713940331153,0.980963918795714,0.8412070957642557,0.9683258160414396,0.9810367026267398,0.9424438461423364,0.8886328260973618,0.9181271514334772,0,5,0,6,False,False,False,False,True,False,True,False
C[C@]12C[C@@]34C=CC(=O)[C@@](C)(CCC(=O)Nc5c(O)ccc(F)c5O)[C@@H]3[C@H](C[C@@H]1C4)O2,CReM,415.46,30,0.8088,6,False,2,0,95.86,3.6746000000000025,0.6944,0.6147,0.556,0.1090499999999999,0.9640774218738022,0.3804419016813599,0.2144175995358021,0.3031314039345742,0.817604493818046,0.9811356883645198,0.953256766746023,0.9760938640960662,0.9880200178447676,0.9684757496704788,0.8989557764780223,0.9826040899167372,1,6,0,5,False,False,False,False,False,False,True,False
C[C@]12C[C@@]34C=CC(=O)[C@@](C)(CCC(=O)Nc5ccc([N+](=O)[O-])cc5O)[C@@H]3[C@H](C[C@@H]1C4)O2,CReM,426.47,31,0.6364,6,False,1,0,118.77,3.738100000000002,0.6536,0.5748,0.5242,0.1040999999999999,0.9570759705666576,0.5699546443449053,0.1661621680651272,0.3330333390315018,0.7623588577326357,0.978875817220156,0.9436945440551098,0.9704357436728004,0.9682840738239494,0.956883834848706,0.8984635884424322,0.9828941919034494,1,6,0,6,False,False,False,False,True,False,True,False
C[C@]12C[C@@]34C=CC(=O)[C@@](C)(CCC(=O)NC(Cc5ccccc5)C(=O)O)[C@@H]3[C@H](C[C@@H]1C4)O2,CReM,437.54,32,0.5974,6,False,0,1,92.7,3.2977000000000016,0.6474,0.5832,0.5264,0.0926,0.9286512811644506,0.4545381573994853,0.1367254757796372,0.4096734256775553,0.5729782923022737,0.9735986715093744,0.9019380123070446,0.9373610088711292,0.9807593172956408,0.9268344624899088,0.8226258003231619,0.9574416953548944,1,6,0,5,False,False,False,False,False,False,True,False
C[C@]12C[C@@]34C=CC(=O)[C@@](C)(CCC(=O)Nc5c(O)ccc(C(N)=O)c5O)[C@@H]3[C@H](C[C@@H]1C4)O2,CReM,440.5,32,0.8788,6,False,2,0,138.95,2.6344000000000003,0.7519,0.6275,0.5713,0.1525,0.9746720823808276,0.5063886430412967,0.1979783093064225,0.2816884644927427,0.7929227388733859,0.9881520691782504,0.9389918735677508,0.98844496899022,0.990819679710472,0.9904917452522294,0.9387665875281144,0.9870376524387569,1,6,0,6,False,False,False,False,True,False,True,False
C[C@]12C[C@@]34C=CC(=O)[C@@](C)(CCC(=O)Nc5c(Br)ccc(C(=O)O)c5O)[C@@H]3[C@H](C[C@@H]1C4)O2,CReM,504.38,32,0.8529,6,True,1,1,112.93,4.290600000000003,0.7914,0.6944,0.6418,0.1232999999999999,0.9799184011731572,0.4765427891438131,0.131123706888282,0.3763014910330327,0.8373191126434716,0.9905941392628154,0.9432692340695806,0.9879463825638468,0.9934855600368584,0.98983839457045,0.9611232713198212,0.9931718263887264,1,6,0,6,True,False,False,False,False,False,False,False
Cc1ccc(C(=O)O)c(O)c1NC(=O)CC[C@]1(C)C(=O)C=C[C@]23C[C@H]4C[C@H](O[C@@]4(C)C2)[C@H]31,CReM,439.51,32,0.8788,6,True,1,1,112.93,3.836520000000003,0.7887,0.6789,0.6061,0.1462,0.9749743133369314,0.5295980562097662,0.1371890479399567,0.4038168028147528,0.7704488014040882,0.9895068416242646,0.943071968485877,0.9845011450937844,0.9916995301851458,0.9814785870487328,0.9453341483958666,0.9892279725248484,1,6,0,6,False,False,False,False,True,False,True,False
COc1ccc(O)c(NC(=O)CC[C@]2(C)C(=O)C=C[C@]34C[C@H]5C[C@H](O[C@@]5(C)C3)[C@H]42)c1O,CReM,427.5,31,0.7857,6,False,2,0,105.09,3.5441000000000025,0.6852,0.548,0.5012,0.1606,0.9542283728386826,0.4288475092954248,0.1789955349221257,0.3596235318934964,0.779643612412536,0.9734201534129842,0.935108874316767,0.9663187728141752,0.9848003515942596,0.952141901197036,0.9009708126678572,0.9668377438676988,1,6,0,6,False,False,False,False,False,False,True,False
C[C@]12C[C@@]34C=CC(=O)[C@@](C)(CCC(=O)Nc5cccc(C(=O)O)c5O)[C@@H]3[C@H](C[C@@H]1C4)O2,CReM,425.48,31,0.7826,6,True,1,1,112.93,3.528100000000001,0.7673,0.6262,0.5907,0.15885,0.9712473879615552,0.4673102983482825,0.1417293366307117,0.3186028260770873,0.7812138590548476,0.9895566151765892,0.9341542543558232,0.9827179768331824,0.9889660106822222,0.9697150149461256,0.9466519162908508,0.9869699274460928,1,6,0,6,False,False,False,False,False,False,True,False
C[C@]12C[C@@]34C=CC(=O)[C@@](C)(CCC(=O)Nc5c([N+](=O)[O-])ccc(C(=O)O)c5O)[C@@H]3[C@H](C[C@@H]1C4)O2,CReM,470.48,34,0.8056,6,True,1,1,156.07,3.436300000000001,0.7688,0.6951,0.6472,0.09765,0.979632967247577,0.6533378715515537,0.2185989027201788,0.2589436275676921,0.8068303545110707,0.9857123272105688,0.9650721581627782,0.9942406877835104,0.990334814138676,0.9928760787053692,0.935292924508642,0.993901780223495,1,6,0,8,False,False,False,False,True,False,True,False
Cc1cc(O)c(NC(=O)CC[C@]2(C)C(=O)C=C[C@]34C[C@H]5C[C@H](O[C@@]5(C)C3)[C@H]42)c(O)c1C(=O)O,CReM,455.51,33,0.75,6,True,2,1,133.16,3.542120000000002,0.7937,0.6909,0.5905,0.1529999999999999,0.9779934666325152,0.5150132629113474,0.1665718430444674,0.3245132189878046,0.8366215419153189,0.992694734591946,0.9559106802481242,0.9939352644384848,0.9933290920892138,0.9874148033910676,0.9354006578758,0.9872690337929706,1,6,0,7,True,False,False,False,True,True,True,False
C[C@]12C[C@@]34C=CC(=O)[C@@](C)(CCC(=O)Nc5c(O)ccc([N+](=O)[O-])c5O)[C@@H]3[C@H](C[C@@H]1C4)O2,CReM,442.47,32,0.7639,6,False,2,0,139.0,3.4437000000000015,0.7187,0.6088,0.5746,0.127,0.9660059234405628,0.5317656463691272,0.2048920659575412,0.2404514005521027,0.8416492623321937,0.9859987535400422,0.9538900253101316,0.9738917219478824,0.9862850493058662,0.953507338075286,0.9185011903488888,0.989967385555842,1,6,0,7,False,False,False,False,True,False,True,False
C[C@]12C[C@@]34C=CC(=O)[C@@](C)(CCC(=O)Sc5cccnc5C(=O)O)[C@@H]3[C@H](C[C@@H]1C4)O2,CReM,427.52,30,0.5625,6,False,0,1,93.56,3.897700000000002,0.7246,0.6763,0.6042,0.08435,0.95672379730481,0.6022307666250529,0.1249493724059144,0.2380894865338132,0.7735151150129527,0.9825959824688008,0.9509929077931932,0.9854910496295232,0.9903700664881406,0.9170083072117196,0.9024356480513326,0.9681726194909596,1,6,1,5,False,False,False,False,True,False,True,False
C[C@]12C[C@@]34C=CC(=O)[C@@](C)(CCC(=O)Nc5c(O)ccc(C(=O)CC#N)c5O)[C@@H]3[C@H](C[C@@H]1C4)O2,CReM,464.52,34,0.8056,6,False,2,0,136.72,3.6318800000000024,0.7357,0.6539,0.5262,0.14565,0.9751780667339108,0.4725257306807531,0.1305754058318354,0.3295691358013821,0.8540037223257682,0.9862866414720712,0.940686039566336,0.9860963713165768,0.9901570667007948,0.992995198044354,0.9423276484255476,0.9876975016116952,1,6,0,6,False,False,False,False,False,False,True,False
Cc1ccc(C(=O)C(O)NC(=O)CC[C@]2(C)C(=O)C=C[C@]34C[C@H]5C[C@H](O[C@@]5(C)C3)[C@H]42)cc1,CReM,437.54,32,0.5769,6,False,0,0,92.7,3.1115200000000014,0.6275,0.598,0.4518,0.1026,0.9258200919831115,0.4822387919545936,0.162561144457749,0.4958274084704102,0.7283219478855868,0.9685066432489892,0.9228046714580712,0.9286968042449946,0.9828335247563672,0.9392377204726844,0.7851406365937493,0.9535206431069264,1,6,0,5,False,False,False,False,False,False,True,False
CCc1ccc(C(=O)O)c(O)c1NC(=O)CC[C@]1(C)C(=O)C=C[C@]23C[C@H]4C[C@H](O[C@@]4(C)C2)[C@H]31,CReM,453.54,33,0.8529,6,True,1,1,112.93,4.090500000000003,0.7849,0.7114,0.5976,0.1303999999999999,0.9764880105751402,0.5448425830165589,0.2109214843598265,0.3837005688777164,0.7955898179931827,0.990551980953585,0.9571225737155468,0.9887676270834126,0.9933549434384348,0.9827086925764966,0.9329444785805244,0.9899657776779812,1,6,0,6,False,False,False,False,True,False,True,False
C[C@]12C[C@@]34C=CC(=O)[C@@](C)(CCC(=O)Nc5c(C(=O)O)ccc(C(=O)O)c5O)[C@@H]3[C@H](C[C@@H]1C4)O2,CReM,469.49,34,0.9062,6,True,1,2,150.23,3.226300000000001,0.7933,0.7437,0.6763,0.0833,0.9726361593920886,0.5876420619815564,0.210572082108136,0.2707451248122919,0.8230075816945678,0.9891032491347184,0.948049350062666,0.987444907132904,0.9900504907407468,0.9803898864833408,0.9250514116106804,0.988363820579564,1,6,0,8,True,False,False,False,True,True,True,False
C[C@]12C[C@@]34C=CC(=O)[C@@](C)(CCC(=O)NN=Cc5ccccc5O)[C@@H]3[C@H](C[C@@H]1C4)O2,CReM,408.5,30,0.6026,6,False,1,0,87.99000000000001,3.3415000000000017,0.619,0.5339,0.5073,0.0984,0.869133204046246,0.3148392129094524,0.1648501349900766,0.3372454816232351,0.8095734289121254,0.932456546268996,0.8573146918101138,0.8890209982735314,0.9547595090748842,0.7966000746287488,0.7464317464030478,0.9073488618644002,1,6,0,4,False,False,False,False,False,False,True,False
C[C@]12C[C@@]34C=CC(=O)[C@@](C)(CCC(=O)Nc5c(O)ccc(C(=O)NCO)c5O)[C@@H]3[C@H](C[C@@H]1C4)O2,CReM,470.52,34,0.8406,6,False,2,0,145.19,2.2150999999999996,0.7387,0.6288,0.5532,0.1477,0.9673135394762468,0.4436764914958599,0.2212995866684665,0.2726619136026589,0.8159182055521172,0.9851217995326912,0.9224218301142626,0.9885059191506684,0.9843332421767784,0.9840685096885234,0.930462343021461,0.9762811326493432,1,6,0,7,False,False,False,False,False,False,True,False
CC1(CCC(=O)Nc2ccccc2)C(=O)C=CC23CC4CC(OC4C2)C31,LibInvent,351.45,26,0.4805,0,False,0,0,55.400000000000006,3.734200000000003,0.5089,0.4858,0.4126,0.0596999999999999,0.7523354339844718,0.3711662569778131,0.1104375413395998,0.5294489767786873,0.6207052928780227,0.7843724520302651,0.7926933211626181,0.7053906917188729,0.9100256089677592,0.6246660172296877,0.6049920704534649,0.8442078763286341,1,6,0,3,False,False,False,False,False,False,False,False
O=C(CCC1(CBr)C(=O)C=CC23CC4CC(OC4C2)C31)Nc1ccccc1,LibInvent,430.34,27,0.3488,0,False,0,0,55.400000000000006,4.109200000000003,0.5387,0.5192,0.4484,0.0548999999999999,0.811266072312458,0.43806665001083,0.1812204356400783,0.6134790847833966,0.6890991108451523,0.853171708879627,0.8650525704901824,0.7503576483499795,0.9199317931323372,0.7666816049816036,0.633450185034595,0.8902169953188815,1,6,0,3,False,False,False,False,False,False,True,False
C=CCC1(CCC(=O)Nc2ccccc2)C(=O)C=CC23CC4CC(OC4C2)C31,LibInvent,377.48,28,0.3371,0,False,0,0,55.400000000000006,4.2904000000000035,0.5547,0.4887,0.4343,0.0931999999999999,0.8116836847729002,0.3721947726718383,0.0765533077658246,0.4254309247447724,0.6564586854762883,0.8431939965737341,0.8987502267762288,0.8076711360347805,0.9036345480658392,0.6980584635254533,0.6118088857126632,0.9186685367216022,1,6,0,3,False,False,False,False,False,False,False,False
O=C(CCC1(CCO)C(=O)C=CC23CC4CC(OC4C2)C31)Nc1ccccc1,LibInvent,381.47,28,0.3488,0,False,0,0,75.63,3.096700000000001,0.5316,0.474,0.488,0.0505999999999999,0.7696455793568907,0.3736595719338649,0.1312370803937842,0.3975696798881183,0.5694618817193208,0.7733025637791918,0.8711669538559872,0.7651480018877294,0.8784463422296555,0.6699598818199498,0.5929199782574291,0.8365753336682906,1,6,0,4,False,False,False,False,False,False,False,False
CC1C2OC3CC2CC12C=CC(=O)C(CCC(=O)Nc1ccccc1)C32,LibInvent,351.45,26,0.2717,0,False,0,0,55.400000000000006,3.5901000000000023,0.5474,0.4873,0.4213,0.0930999999999999,0.75141391553461,0.464624072632793,0.1080793788885179,0.5556097749464654,0.5571167289791538,0.7831667279857082,0.8217344526995045,0.7165369190124493,0.8943719893399411,0.6558953548910313,0.60223400520792,0.7859579596057144,1,6,0,3,False,False,False,False,False,False,False,False
CC#CC1C2OC3CC2CC12C=CC(=O)C(CCC(=O)Nc1ccccc1)C32,LibInvent,375.47,28,0.2737,0,False,0,0,55.400000000000006,3.5935000000000024,0.5807,0.5403,0.4762,0.07245,0.8004525981800936,0.4347463480319292,0.0809483887535873,0.5230154565812287,0.5927098525751255,0.8488942349030966,0.8789306123409858,0.7460141460428978,0.9233134805623946,0.7570324613686045,0.6483019774969621,0.8006812745457129,1,6,0,3,False,False,False,False,False,False,False,False
CN1CCN(C2C3OC4CC3CC23C=CC(=O)C(CCC(=O)Nc2ccccc2)C43)CC1,LibInvent,435.57,32,0.25,0,False,0,0,61.88,2.5700000000000003,0.526,0.5769,0.4974,-0.0111499999999999,0.71797820636874,0.5726180346840116,0.096371601117308,0.3788725094717191,0.3383612882889749,0.8132671918375586,0.7084536804220485,0.7920072910153917,0.8857776816221706,0.5724061900518478,0.6044474011243216,0.64948800850784,1,7,2,3,False,False,False,False,True,False,True,False
C=CCNC1C2OC3CC2CC12C=CC(=O)C(CCC(=O)Nc1ccccc1)C32,LibInvent,392.5,29,0.2424,0,False,0,0,67.42999999999999,3.098200000000001,0.5837,0.6082,0.5495,0.00485,0.7853677978879324,0.468475057008645,0.1129634739262274,0.4153204725976289,0.467583666741359,0.8389099609802736,0.839308284966325,0.7931661026582723,0.9328894343853988,0.6540465662252214,0.6346733079728696,0.8045809280271657,1,6,0,3,False,False,False,False,False,False,False,False
CC(C=CC=CCC1C2OC3CC2CC12C=CC(=O)C(CCC(=O)Nc1ccccc1)C32)=CC(=O)O,LibInvent,487.6,36,0.2315,0,False,0,1,92.7,5.103600000000004,0.6659,0.6156,0.5382,0.089,0.9268779160215632,0.6273711332951923,0.1243468060998746,0.3981689030422315,0.7269105529587521,0.9764553410624156,0.9449380027042434,0.9414882146296802,0.9859380246777472,0.9361304745756992,0.7700633551060189,0.9331319993951388,1,6,0,5,False,False,False,False,True,False,False,False
CC=CC=CC1C2OC3CC2CC12C=CC(=O)C(CCC(=O)Nc1ccccc1)C32,LibInvent,403.52,30,0.25,0,False,0,0,55.400000000000006,4.702500000000004,0.5787,0.4958,0.3936,0.134,0.8299729252201289,0.4990130064381141,0.1092386596602008,0.5177381225291401,0.6937510089696,0.8877289113897321,0.8322912143609665,0.862179258398005,0.9460214339844142,0.8240387462558658,0.5946268585121642,0.8629240536397548,1,6,0,3,False,False,False,False,True,False,True,False
C=CC(C)(C)C1C2OC3CC2CC12C=CC(=O)C(CCC(=O)Nc1ccccc1)C32,LibInvent,405.54,30,0.2525,0,False,0,0,55.400000000000006,4.782400000000004,0.5821,0.5079,0.5055,0.0754,0.8239368420700405,0.5174323522722672,0.0903300977556776,0.5098852097063119,0.6934517681324998,0.8920361384773997,0.8868847393611985,0.8058918736719347,0.9374817210549188,0.7831703315898952,0.5986794224150251,0.8634136679199108,1,6,0,3,False,False,False,False,True,False,True,False
O=C(CCC1C(=O)C=CC23CC4CC(OC4C2CC=C2CCCC2)C13)Nc1ccccc1,LibInvent,431.58,32,0.2353,0,False,0,0,55.400000000000006,5.460700000000005,0.5852,0.4687,0.4205,0.1406,0.8193351983691549,0.4413602932129178,0.1251510373475189,0.6025388648034214,0.6810276279005872,0.8970585280915536,0.8754693966822127,0.8074370770577585,0.9331656675025904,0.8085702283811291,0.6230722017955465,0.7905732890732947,1,7,0,3,False,False,False,False,False,False,True,False
C=CCCCC(CCF)C1C2OC3CC2CC12C=CC(=O)C(CCC(=O)Nc1ccccc1)C32,LibInvent,465.61,34,0.2182,0,False,0,0,55.400000000000006,5.902300000000006,0.6232,0.6204,0.4977,0.06415,0.8883001024919339,0.51961868181587,0.1452020203088636,0.492213648315479,0.6499251155885064,0.9541069943095454,0.9383733452206494,0.8472265587173728,0.9516074986039254,0.8796151495926504,0.7971234536875665,0.8500477173118273,1,6,0,3,False,False,False,False,True,False,True,False
O=C(CCC1C(=O)C=CC23CC4CC(OC4C2C2CC2)C13)Nc1ccccc1,LibInvent,377.48,28,0.2581,0,False,0,0,55.400000000000006,3.980200000000002,0.5383,0.4786,0.4211,0.08845,0.7898562921896621,0.4384398387947079,0.0978820931422145,0.4889368088307978,0.6033904635237062,0.842511475831374,0.8695785312629603,0.7645218939288024,0.8957305240133248,0.7230505130455341,0.6425250699678345,0.7910760372778048,1,7,0,3,False,False,False,False,False,False,False,False
C=CCC1C2OC3CC2CC12C=CC(=O)C(CCC(=O)Nc1ccccc1)C32,LibInvent,377.48,28,0.2449,0,False,0,0,55.400000000000006,4.146300000000003,0.5794,0.5089,0.4235,0.1132,0.7916034314580802,0.4776006588303704,0.082826591642577,0.5234402216275299,0.6048538766520717,0.819012725228958,0.8816005296930347,0.7793883340199566,0.9209304028759218,0.7068382246866646,0.607995571810917,0.8254582318911093,1,6,0,3,False,False,False,False,False,False,False,False
CC(C)=CCC1C2OC3CC2CC12C=CC(=O)C(CCC(=O)Nc1ccccc1)C32,LibInvent,405.54,30,0.2525,0,False,0,0,55.400000000000006,4.926500000000004,0.5904,0.5209,0.428,0.11595,0.8369409442906733,0.4747964012350023,0.0925139101640658,0.5784372810782533,0.6647990604480645,0.9052530573493128,0.9070284838900448,0.8270440420182821,0.9558775345627574,0.7340700726481996,0.6524712971539035,0.8768421224122123,1,6,0,3,False,False,False,False,False,False,True,False
CC(=CCCC(C)C)C1C2OC3CC2CC12C=CC(=O)C(CCC(=O)Nc1ccccc1)C32,LibInvent,447.62,33,0.2404,0,False,0,0,55.400000000000006,5.952700000000006,0.6152,0.5769,0.4577,0.0978999999999999,0.8570379324922291,0.5064723830731487,0.0985022333724769,0.5857256265254814,0.7389818608333661,0.9290222784260171,0.9235005928953168,0.8283857297906914,0.96715962857037,0.8573247570520172,0.622695583451717,0.8711769572594733,1,6,0,3,False,False,False,False,True,False,True,False
CN(C)C1C2OC3CC2CC12C=CC(=O)C(CCC(=O)Nc1ccccc1)C32,LibInvent,380.49,28,0.266,0,False,0,0,58.64,2.8842000000000008,0.5308,0.4893,0.5438,0.01425,0.6908333426794373,0.5516330855764334,0.1437804093269777,0.4788321126248259,0.461101836837104,0.7912798268102682,0.6377208520617768,0.760083467142672,0.8632181334930286,0.5253271512690322,0.5841390690802785,0.6740648988990044,1,6,0,3,False,False,False,False,True,False,False,False
COc1ccccc1CNC1C2OC3CC2CC12C=CC(=O)C(CCC(=O)Nc1ccccc1)C32,LibInvent,472.59,35,0.2381,0,False,0,0,76.66,4.121000000000003,0.5778,0.5451,0.4975,0.0564999999999999,0.8099535325657413,0.3627571367375384,0.1081090415767505,0.4660237651928932,0.5359438865111689,0.9218040319400376,0.87122462442053,0.8010628388538757,0.9259614628541724,0.7774358553774051,0.5942216172302061,0.7779642972839628,2,7,0,4,False,False,False,False,False,False,True,False
O=C(CCC1C(=O)C=CC23CC4CC(OC4C2c2ccccc2)C13)Nc1ccccc1,LibInvent,413.52,31,0.2553,0,False,0,0,55.400000000000006,4.7378000000000045,0.5907,0.5116,0.4679,0.1009499999999999,0.8368573104055248,0.363965339431658,0.0886163934523439,0.5724423775900537,0.6874802592591106,0.8866931593290431,0.8778171024761426,0.7801625961673522,0.9574552923292328,0.8499497632090879,0.6112189974608109,0.8947042618670048,2,7,0,3,False,False,False,False,False,False,True,False
O=C(CCC1C(=O)C=CC23CC4CC(OC4C2NC2CCN(CCC(c4ccccc4)c4ccccc4)CC2)C13)Nc1ccccc1,LibInvent,629.85,47,0.2162,0,False,0,0,70.67,6.598800000000007,0.6947,0.7006,0.5316,0.0786,0.9144322226309372,0.2972483495001657,0.2434746511551563,0.5924301545243662,0.5490345431561003,0.99251498534038,0.9600207451402236,0.8804540887727552,0.9722256040360954,0.8818862951536616,0.7865952942855096,0.9273285456879342,3,9,1,3,False,False,False,False,False,False,False,False
CC12CC34C=CC(=O)C(CCC(=O)Nc5ccccc5)C3C(CC1C4)O2,LibInvent,351.45,26,0.4625,0,False,0,0,55.400000000000006,3.734200000000002,0.4534,0.4458,0.413,0.024,0.7213861271217209,0.3861121475277993,0.1343982256499371,0.5544015547225635,0.5522472496583233,0.7472482080975067,0.842317217361847,0.70848520462993,0.8836908287915551,0.535361537346423,0.5447893448245499,0.7878105488002348,1,6,0,3,False,False,False,False,False,False,False,False
O=C(CCC1C(=O)C=CC23CC4CC(OC4(c4ccccc4)C2)C13)Nc1ccccc1,LibInvent,413.52,31,0.3409,0,False,0,0,55.400000000000006,4.871000000000004,0.5705,0.4628,0.4172,0.1305,0.81053439299943,0.333161604064605,0.1307446389159914,0.5507319793606786,0.6655349991106282,0.8842693314551132,0.8884097696395956,0.7037811798044157,0.9310060565087698,0.7916987377129998,0.5848496797775862,0.8897259960975304,2,7,0,3,False,False,False,False,False,False,True,False
O=C(CCC1C(=O)C=CC23CC4CC(OC4(CBr)C2)C13)Nc1ccccc1,LibInvent,430.34,27,0.3371,0,False,0,0,55.400000000000006,4.109200000000003,0.5186,0.4985,0.3788,0.0799499999999999,0.696627547267042,0.472974665299868,0.1706609920354795,0.6201075804351803,0.671653788992457,0.6947684510025823,0.6894631681160086,0.6714265193573384,0.8684192926236122,0.5990700034167302,0.5567023468487388,0.7965430495042839,1,6,0,3,False,False,False,False,False,False,True,False
O=C(CCC1C(=O)C=CC23CC4CC(OC4(CCN4CCCC4)C2)C13)Nc1ccccc1,LibInvent,434.58,32,0.3158,0,False,0,0,58.64000000000001,4.200200000000003,0.5571,0.5538,0.4859,0.0372500000000001,0.7874265957976883,0.4574011120206994,0.1630561533897734,0.4352605966723581,0.4370919892967124,0.8765050452293682,0.873071487539947,0.6800972499876153,0.915307626405301,0.6968194823146173,0.6007418141929853,0.8694434649139832,1,7,1,3,False,False,False,False,False,False,True,False
COC(=O)CCC12CC34C=CC(=O)C(CCC(=O)Nc5ccccc5)C3C(CC1C4)O2,LibInvent,423.51,31,0.3407,0,False,0,0,81.7,3.667500000000002,0.5453,0.5118,0.4539,0.06245,0.8001332270450339,0.4642160163815788,0.167939649891741,0.3584893512708663,0.4676942341397905,0.8577102239906697,0.8646424481593535,0.8149954662304676,0.9392609355241408,0.6897193203558976,0.6224674293064801,0.8121367657482277,1,6,0,5,False,False,False,False,False,False,True,False
CCC12CC34C=CC(=O)C(CCC(=O)Nc5ccccc5)C3C(CC1C4)O2,LibInvent,365.47,27,0.3523,0,False,0,0,55.400000000000006,4.1243000000000025,0.4965,0.4446,0.4595,0.0444499999999999,0.7339434826807266,0.4327274679577296,0.1585296702325153,0.5126361166055345,0.6007398948064173,0.7687371179120137,0.817067584450337,0.7154891109095992,0.9075421760808724,0.5770507450970795,0.5553256306151011,0.7963920137000838,1,6,0,3,False,False,False,False,False,False,False,False
NC12CC34C=CC(=O)C(CCC(=O)Nc5ccccc5)C3C(CC1C4)O2,LibInvent,352.43,26,0.3448,0,False,0,0,81.42,2.6305000000000005,0.5479,0.5162,0.51,0.0348,0.7792450489749392,0.4950924543191184,0.1726500892886013,0.4142338913470887,0.5162815106585594,0.8125356451592087,0.850517844732774,0.7925275487077958,0.9035358072472796,0.6655056083658409,0.6280500719825909,0.8020428166290849,1,6,0,3,False,False,False,False,True,False,False,False
CCCSc1nnc(C23CC45C=CC(=O)C(CCC(=O)Nc6ccccc6)C4C(CC2C5)O3)o1,LibInvent,479.6,34,0.301,0,False,0,0,94.32,4.756100000000004,0.5694,0.5313,0.5295,0.039,0.7755764511505381,0.4250560829159721,0.1524779834691585,0.4297434037996992,0.735389499488583,0.837426166470542,0.8109748326321955,0.7162245886502792,0.9172966735776136,0.6861739774182213,0.6583696645218263,0.8025692547830893,2,7,2,4,False,False,False,False,False,False,True,False
COc1ccc(C23CC45C=CC(=O)C(CCC(=O)Nc6ccccc6)C4C(CC2C5)O3)cc1,LibInvent,443.54,33,0.3263,0,False,0,0,64.63000000000001,4.879600000000004,0.6042,0.4797,0.3886,0.1700499999999999,0.7952082595474979,0.3732382445494655,0.1173002611883511,0.5214100420315247,0.6568886560490503,0.8499418350741141,0.8195300141044153,0.7344948777452979,0.9313024410920114,0.7391933031011434,0.5964445583119812,0.8955507874035215,2,7,0,4,False,False,False,False,False,False,True,False
O=C(CCC1C(=O)C=CC23CC4CC(OC4(Cc4ccccc4)C2)C13)Nc1ccccc1,LibInvent,427.54,32,0.3333,0,False,0,0,55.400000000000006,4.957000000000004,0.6053,0.4411,0.441,0.1642499999999999,0.8484052899159182,0.3310013504251961,0.0886997193393337,0.5231172064510977,0.6329006774670409,0.9311760487083892,0.9122621087898464,0.795426915245086,0.958687851570795,0.795710075248969,0.636732899832266,0.9088411300160756,2,7,0,3,False,False,False,False,False,False,True,False
O=C(CCC1C(=O)C=CC23CC4CC(OC4(Nc4ccccc4)C2)C13)Nc1ccccc1,LibInvent,428.53,32,0.3409,0,False,0,0,67.43,4.783900000000004,0.5881,0.5332,0.4459,0.0985499999999999,0.8274854015236872,0.3200790869953472,0.0832941094906336,0.5382044896750816,0.6694009993078239,0.9159190400772802,0.895061223340915,0.762006961562888,0.9284251076395243,0.7990702541442225,0.6095970482547686,0.882318175646213,2,7,0,3,False,False,False,False,False,False,True,False
N#CC1=CC23CC4CC(OC4C2)C3C(CCC(=O)Nc2ccccc2)C1=O,LibInvent,362.43,27,0.2421,0,False,0,0,79.19,3.2378800000000014,0.5508,0.5201,0.4829,0.0492999999999999,0.779265100750153,0.3765079647557007,0.1009850195177676,0.6869385493113142,0.6162431794080825,0.7476538090577588,0.8986088413905222,0.7319268454608805,0.8785463532691193,0.6975783229890405,0.6338878222441706,0.8666537108395795,1,6,0,3,False,False,False,False,False,False,False,False
C=CCNC(=O)C1=CC23CC4CC(OC4C2)C3C(CCC(=O)Nc2ccccc2)C1=O,LibInvent,420.51,31,0.23,0,False,0,0,84.5,3.0165000000000015,0.5613,0.5638,0.5584,0.0002,0.834494626319273,0.332580504262236,0.206643979615879,0.5704130087004862,0.4680550418441453,0.8675672836705219,0.8815191197918646,0.7796271104385459,0.9075205292410472,0.7691111646943306,0.8015522612075721,0.8345649151910285,1,6,0,4,False,False,False,False,False,False,True,False
CC1=CC(=O)C(CCC(=O)Nc2ccccc2)C2C3CC4CC12CC4O3,LibInvent,351.45,26,0.2637,0,False,0,0,55.400000000000006,3.734200000000003,0.4947,0.4222,0.4944,0.0363999999999999,0.6930743892083078,0.3627302036652363,0.1402027820101196,0.5561021118886185,0.6255315416959131,0.706389144270085,0.7816389201060328,0.648367616517815,0.8260857959497055,0.5767978936046584,0.5416075707254769,0.7706337832843818,1,6,0,3,False,False,False,False,False,False,False,False
N#CC1=CC(=O)C(CCC(=O)Nc2ccccc2)C2C3CC4CC12CC4O3,LibInvent,362.43,27,0.2292,0,False,0,0,79.19,3.2378800000000023,0.5059,0.4294,0.4989,0.04175,0.7353467286327724,0.3754998704935335,0.0839589422608805,0.5420050940160334,0.6300671007071339,0.7534295551284478,0.8755115206925501,0.6763457631881468,0.8113426983603862,0.6275615476805627,0.5769054603787513,0.8263305550005612,1,6,0,3,False,False,False,False,False,False,False,False
CC(C)C1=CC(=O)C(CCC(=O)Nc2ccccc2)C2C3CC4CC12CC4O3,LibInvent,379.5,28,0.2421,0,False,0,0,55.400000000000006,4.370300000000004,0.5207,0.4945,0.4877,0.0296,0.7288276741945058,0.3571061011686977,0.1288192926871412,0.5632108725724744,0.7015477427274777,0.718154635909968,0.8576758693300424,0.6811203785698147,0.8487333610921365,0.5916910242533066,0.578388478086731,0.8260299721195415,1,6,0,3,False,False,False,False,False,False,False,False
O=C(CCC1C(=O)C=C(CCCc2ccccc2)C23CC4CC(OC4C2)C13)Nc1ccccc1,LibInvent,455.6,34,0.2222,0,False,0,0,55.400000000000006,5.737200000000006,0.5876,0.5097,0.4622,0.10165,0.8455540842274675,0.3745308418605628,0.1092982089576031,0.6910264055425498,0.757892920022821,0.9392526071054268,0.9098208425146972,0.7363246602548092,0.9497849081446976,0.8507290826838668,0.6117037675097577,0.9212627213790162,2,7,0,3,False,False,False,False,False,False,True,False
NC(C=CC(=O)O)C1=CC(=O)C(CCC(=O)Nc2ccccc2)C2C3CC4CC12CC4O3,LibInvent,436.51,32,0.2136,0,False,0,1,118.72,2.6824000000000003,0.6289,0.6555,0.6114,-0.00455,0.9131305084796671,0.6025617238133736,0.1756107876658127,0.3065521698989168,0.5772872683356245,0.956434483080614,0.8805570464738502,0.8735404452895986,0.9746767387029424,0.9304806441580108,0.8414318931331911,0.9347923085194622,1,6,0,5,False,False,False,False,True,False,True,False
CC1C(C2=CC(=O)C(CCC(=O)Nc3ccccc3)C3C4CC5CC23CC5O4)C=CC2(C)CCC(=O)C(C)(O)C12,LibInvent,543.7,40,0.2342,0,False,0,0,92.7,5.272800000000006,0.607,0.5736,0.5001,0.0701499999999999,0.8451223686497675,0.4906412769567732,0.1479419542990377,0.4517601757371558,0.7777325214616911,0.8484856153971577,0.918566989084691,0.7611237514602488,0.896024825826137,0.8626337539073146,0.7222542640271506,0.9067673808456734,1,8,0,5,False,False,False,False,False,False,False,False
CCCC(=O)Nc1cc(Cl)ccc1C1=CC(=O)C(CCC(=O)Nc2ccccc2)C2C3CC4CC12CC4O3,LibInvent,533.07,38,0.215,0,False,0,0,84.5,6.263500000000006,0.6156,0.6691,0.5674,-0.0026499999999999,0.8964828921881492,0.2964924610865,0.1554884664373763,0.6906560643905456,0.7808210556657423,0.9659806269508516,0.8892080394600587,0.8529444725370836,0.9696877274522344,0.862825764458517,0.8229672822617954,0.9117663321965038,2,7,0,4,False,False,False,False,False,False,False,False
COC(=O)C1=CC(=O)C(CCC(=O)Nc2ccccc2)C2C3CC4CC12CC4O3,LibInvent,395.46,29,0.2421,0,False,0,0,81.7,2.8873000000000006,0.59,0.5364,0.517,0.0633,0.8570752619300983,0.4313021431405778,0.0892459043640139,0.4104400777184579,0.5193976610906106,0.916383789657324,0.9176297576440576,0.8383972812780001,0.9416132069781192,0.7992875007500775,0.7180011881471552,0.8682141090559553,1,6,0,5,False,False,False,False,False,False,False,False
CN1CCC(OC2=CC(=O)C(CCC(=O)Nc3ccccc3)C3C4CC5CC23CC5O4)CC1,LibInvent,450.58,33,0.2212,0,False,0,0,67.87,3.782600000000002,0.5337,0.5922,0.5767,-0.0507499999999999,0.7413963181131307,0.4485004979544355,0.1351055473176069,0.5600660799808563,0.4653878126982621,0.792494102433492,0.785124504352066,0.6911262911462442,0.8691728237182406,0.6723217348621185,0.6768648660462983,0.7026699042334559,1,7,1,4,False,False,False,False,False,False,True,False
CC(=O)Nc1cccc(C2=CC(=O)C(CCC(=O)Nc3ccccc3)C3C4CC5CC23CC5O4)c1,LibInvent,470.57,35,0.2255,0,False,0,0,84.5,4.829900000000004,0.5842,0.6397,0.5227,0.003,0.8497542582894846,0.3127363752788414,0.1282697986928229,0.6623411286327362,0.7077139510337673,0.9329102980563976,0.8289611319004332,0.7719797800175309,0.9667022685922394,0.7996964984461777,0.7237478206051202,0.9242820104084928,2,7,0,4,False,False,False,False,False,False,True,False
CCOC(=O)C1=CC(=O)C(CCC(=O)Nc2ccccc2)C2C3CC4CC12CC4O3,LibInvent,409.48,30,0.2323,0,False,0,0,81.7,3.277400000000002,0.5855,0.4883,0.5214,0.08065,0.851978995234547,0.3454453651321283,0.1606552981273205,0.4244829897162868,0.5708471367640235,0.9210936327899804,0.907567627051034,0.8310741238960246,0.9390643196244922,0.7647993406451782,0.7619015240452497,0.8383523985898704,1,6,0,5,False,False,False,False,False,False,True,False
Cc1ccccc1C1=CC(=O)C(CCC(=O)Nc2ccccc2)C2C3CC4CC12CC4O3,LibInvent,427.54,32,0.2347,0,False,0,0,55.400000000000006,5.1799200000000045,0.5836,0.5227,0.4255,0.1094999999999999,0.8334099187540532,0.2687852824106107,0.1185773442451011,0.7215993549727235,0.7786574779126101,0.9119370321158516,0.8612446796001977,0.7460601697840342,0.9692934605032436,0.7962279586718409,0.6401832664984778,0.9089228641047272,2,7,0,3,False,False,False,False,False,False,True,False
O=C(CCC1C(=O)C=C(c2ccc(NC(=O)C(=O)O)cc2)C23CC4CC(OC4C2)C13)Nc1ccccc1,LibInvent,500.55,37,0.22,0,False,0,1,121.8,3.8946000000000023,0.6707,0.6696,0.6933,-0.01075,0.9349386070465172,0.4988892030961401,0.1349733037683943,0.4610462046097891,0.7373873762392431,0.9714930611952716,0.9317358800928652,0.9002543677409335,0.9824459753750772,0.954474052996702,0.8458683984952248,0.9582985134295456,2,7,0,6,False,False,False,False,True,False,False,False
O=C(CCC1C(=O)C=C(c2cc(=O)nccn2)C23CC4CC(OC4C2)C13)Nc1ccccc1,LibInvent,443.5,33,0.2157,0,False,0,0,98.25,3.021700000000001,0.5861,0.555,0.5242,0.0464999999999998,0.7603679621192464,0.4911129342273572,0.1423572472152555,0.4157193189988773,0.6531271286504079,0.768768859599558,0.7737983507296771,0.6902798466506233,0.8734631297409067,0.7616829189550306,0.6243547271146764,0.830227902044253,2,7,2,4,False,False,False,False,False,False,True,False
O=C(CCC1C(=O)C=C(c2ccccc2)C23CC4CC(OC4C2)C13)Nc1ccccc1,LibInvent,413.52,31,0.234,0,False,0,0,55.400000000000006,4.871500000000004,0.5743,0.5222,0.4505,0.08795,0.835977415154891,0.3224258909636138,0.1130821697600783,0.677578486441829,0.7440293498386585,0.9246181539868692,0.8727888718511585,0.7038167521137565,0.9659781117553664,0.8144987467935878,0.6368919337276336,0.9332493358558648,2,7,0,3,False,False,False,False,False,False,True,False
CC(=O)Nc1ccc(C2=CC(=O)C(CCC(=O)Nc3ccccc3)C3C4CC5CC23CC5O4)cc1,LibInvent,470.57,35,0.2323,0,False,0,0,84.5,4.829900000000004,0.5927,0.6221,0.5492,0.00705,0.8412830426322129,0.3299779737112099,0.1225752692994203,0.6348661854162333,0.6877754021575758,0.8849358485036424,0.8374303370288596,0.7707815695824595,0.965495561307372,0.8264607122912194,0.7184218540088604,0.8854554157030767,2,7,0,4,False,False,False,False,False,False,True,False
O=C(CCC1C(=O)C=C(Cc2ccncc2)C23CC4CC(OC4C2)C13)Nc1ccccc1,LibInvent,428.53,32,0.2178,0,False,0,0,68.29,4.352000000000004,0.544,0.5618,0.4637,0.03125,0.795390568785073,0.4650396957290711,0.089732022563737,0.5456314910574855,0.6489760923797135,0.8458760967223308,0.8740778677506122,0.6989732514634461,0.8962295945087341,0.778026338718178,0.5797488351584176,0.8948019971737926,2,7,1,3,False,False,False,False,False,False,True,False
O=C(CCC1C(=O)C=C(c2ccccn2)C23CC4CC(OC4C2)C13)Nc1ccccc1,LibInvent,414.51,31,0.22,0,False,0,0,68.29,4.266500000000003,0.5186,0.5016,0.4899,0.0228499999999999,0.7458169827367468,0.4316727374060556,0.1387033237529764,0.4961402383452772,0.6974091173287038,0.8150785048391335,0.7779456105277163,0.6028708880125927,0.8938455459715491,0.7424074816958331,0.5392246825217967,0.8493461655886064,2,7,1,3,False,False,False,False,False,False,True,False
CC12CC34CC1CC(O2)C3C(CCC(=O)Nc1ccccc1)C(=O)C=C4C#N,LibInvent,376.46,28,0.3407,0,False,0,0,79.19,3.6279800000000018,0.5152,0.4544,0.4413,0.0673499999999999,0.7644340008319171,0.4239950635103257,0.1642475973142032,0.6236717052456853,0.5811862513830682,0.8077142946631621,0.8587836670686222,0.7641718350238406,0.8733289611685927,0.6280518468044899,0.6167523578195417,0.8022350432751703,1,6,0,3,False,False,False,False,False,False,False,False
CC12CC34CC1CC(O2)C3C(CCC(=O)Nc1ccccc1)C(=O)C=C4C1CN(c2ccccc2)C1=O,LibInvent,496.61,37,0.3163,0,False,0,0,75.71000000000001,4.767400000000004,0.6144,0.4537,0.462,0.1565499999999999,0.8285930465757664,0.4880773236282482,0.0963632610561728,0.6882167372432916,0.6532737231727948,0.9364680704623732,0.8996689990842981,0.7518797553338666,0.9311733457322896,0.779673430492593,0.7104427825887859,0.7908449423361582,2,8,1,4,False,False,False,False,False,False,False,False
CC1=CC(=O)C(CCC(=O)Nc2ccccc2)C2C3CC4CC12CC4(C)O3,LibInvent,365.47,27,0.3605,0,False,0,0,55.400000000000006,4.124300000000003,0.4912,0.4815,0.3779,0.0615,0.7374414329937355,0.3739109200356436,0.1495810268906215,0.627660795961843,0.5931100113299678,0.7603013899664859,0.8235207447107596,0.719702976959927,0.9003921216637636,0.5986090974541699,0.5753447704200026,0.784218929781041,1,6,0,3,False,False,False,False,False,False,False,False
CCCCC1=CC(=O)C(CCC(=O)Nc2ccccc2)C2C3CC4CC12CC4(C)O3,LibInvent,407.55,30,0.3333,0,False,0,0,55.400000000000006,5.294600000000005,0.566,0.4912,0.4019,0.1194499999999999,0.7877422668459518,0.3248055739020756,0.1573894216964851,0.6095088970299877,0.7041395558082905,0.8486597260902804,0.8886135894775369,0.7462380837698993,0.938310326910098,0.7075279361345338,0.5552908730583548,0.8295553324809597,1,6,0,3,False,False,False,False,False,False,True,False
CC12CC34CC1CC(O2)C3C(CCC(=O)Nc1ccccc1)C(=O)C=C4CCCO,LibInvent,409.53,30,0.3333,0,False,0,0,75.63,3.876900000000003,0.5384,0.4753,0.4643,0.0686,0.7359688279666108,0.3513976486006224,0.2090558919281173,0.538309138709692,0.6249082855918829,0.7471953729958652,0.8791835497321225,0.6895455118938395,0.8741503989489727,0.648377334977023,0.549712423020441,0.7636172041980115,1,6,0,4,False,False,False,False,False,False,True,False
CCCC1=CC(=O)C(CCC(=O)Nc2ccccc2)C2C3CC4CC12CC4(C)O3,LibInvent,393.53,29,0.3407,0,False,0,0,55.400000000000006,4.904500000000005,0.5481,0.4506,0.4337,0.10595,0.776848170396053,0.351558339952895,0.1557044028987918,0.6203427341396698,0.6580703998512938,0.7967642388812054,0.8835515079437599,0.7309023461656938,0.9303364321717088,0.6691470721777023,0.5590504207697496,0.8681851746625512,1,6,0,3,False,False,False,False,False,False,False,False
C=CC1=CC(=O)C(CCC(=O)Nc2ccccc2)C2C3CC4CC12CC4(C)O3,LibInvent,377.48,28,0.3407,0,False,0,0,55.400000000000006,4.2904000000000035,0.5393,0.4732,0.4749,0.06525,0.7367513820079065,0.4327376101371423,0.144633768653012,0.5448044304151597,0.6423012239446158,0.7304749773687629,0.8518123446733648,0.757872805307418,0.8809418822905514,0.6336776062136054,0.5202156660486575,0.7822643921529865,1,6,0,3,False,False,False,False,False,False,False,False
CC12CC34CC1CC(O2)C3C(CCC(=O)Nc1ccccc1)C(=O)C=C4C=Cc1ccc(N)cc1,LibInvent,468.6,35,0.3163,0,False,0,0,81.42,5.400000000000004,0.601,0.4821,0.4619,0.129,0.8771329606242946,0.4476090574032951,0.1475600170483146,0.6171250913913492,0.7773999609293716,0.9036516390798288,0.9549533845930556,0.8517203541225354,0.9639267371758774,0.912469994557938,0.6076380722525028,0.9455705425883246,2,7,0,3,False,False,False,False,False,False,True,False
CC12CC34CC1CC(O2)C3C(CCC(=O)Nc1ccccc1)C(=O)C=C4NC1CCN(C(=O)C=Cc2ccccc2)CC1,LibInvent,579.74,43,0.2897,0,False,0,0,87.73999999999998,5.3559000000000045,0.5818,0.5835,0.5205,0.0297999999999999,0.8383481203777959,0.3632120398362553,0.1308746429178356,0.6880010211996347,0.5651443673136965,0.9518263775671156,0.8507262157851423,0.8147246016211818,0.9277669761864734,0.7344812229713301,0.7246710055283466,0.8642404429849813,2,8,1,4,False,False,False,False,False,False,False,False
CCC1=CC(=O)C(CCC(=O)Nc2ccccc2)C2C3CC4CC12CC4(C)O3,LibInvent,379.5,28,0.3483,0,False,0,0,55.400000000000006,4.514400000000004,0.5115,0.4332,0.4488,0.0705,0.7465337367167584,0.3781551699365448,0.1440154049228689,0.6132718956914446,0.6434976083855479,0.7669370541636168,0.8609446714065887,0.7181718063630607,0.917792156844878,0.6041244071657709,0.5535365690285277,0.8042294920448665,1,6,0,3,False,False,False,False,False,False,False,False
CN1CCC(C2=CC(=O)C(CCC(=O)Nc3ccccc3)C3C4CC5CC23CC5(C)O4)CC1,LibInvent,448.61,33,0.3229,0,False,0,0,58.64,4.446200000000005,0.538,0.5542,0.5122,0.0048,0.7733016377850639,0.4074602227968339,0.1136888695210183,0.5723137536468949,0.5130554782721959,0.8853011276915641,0.8675584487976897,0.7354257874547985,0.9157417600911651,0.6856445756057473,0.613444016196299,0.7099957486581836,1,7,1,3,False,False,False,False,False,False,True,False
COc1cc(CSCC2CCCN2C2=CC(=O)C(CCC(=O)Nc3ccccc3)C3C4CC5CC23CC5(C)O4)ccc1O,LibInvent,602.8,43,0.3043,0,False,1,0,88.10000000000001,6.173900000000008,0.7391,0.6703,0.5747,0.1165999999999999,0.9236297592141576,0.2265561741942178,0.2474865896841717,0.5466767914324402,0.5759861171562615,0.9799371552654502,0.964887873120545,0.9070146573195158,0.9803835200211496,0.9025538957002978,0.8522133008446372,0.8784179122275072,2,8,1,5,False,False,False,False,False,False,False,False
CC(C)C1=CC(=O)C(CCC(=O)Nc2ccccc2)C2C3CC4CC12CC4(C)O3,LibInvent,393.53,29,0.3444,0,False,0,0,55.400000000000006,4.760400000000004,0.5639,0.4738,0.483,0.0854999999999999,0.7539610699371974,0.3683946316564369,0.1404006421802071,0.6120735182820213,0.6962767212726992,0.7782380756140895,0.8617965601429678,0.7345222112164289,0.9039525606883302,0.5945301172700649,0.5895967884283172,0.8150911762001823,1,6,0,3,False,False,False,False,False,False,False,False
CC(=O)Nc1ccc(C2=CC(=O)C(CCC(=O)Nc3ccccc3)C3C4CC5CC23CC5(C)O4)cc1,LibInvent,484.6,36,0.3298,0,False,0,0,84.5,5.220000000000005,0.6216,0.5901,0.5245,0.0643000000000001,0.8516751190593782,0.3482276953371274,0.1370901325005741,0.6830339836701645,0.6683823326381778,0.9278682729854348,0.854575130993982,0.7949184782567871,0.9752053081167948,0.7854149726039673,0.7456317065734445,0.8781119638852365,2,7,0,4,False,False,False,False,False,False,False,False
CC12CC34CC1CC(O2)C3C(CCC(=O)Nc1ccccc1)C(=O)C=C4N,LibInvent,366.46,27,0.3523,0,False,0,0,81.42,3.020600000000001,0.4693,0.5053,0.479,-0.0228499999999999,0.6974660398855262,0.4380952287927463,0.1929512057474119,0.4645444520134914,0.5157584394961467,0.7388797921898848,0.7566066717278916,0.7394998548978514,0.8481468798872441,0.5515707010368791,0.529926036047721,0.7176323434112118,1,6,0,3,False,False,False,False,False,False,False,False
CC12CC34CC1CC(O2)C3C(CCC(=O)Nc1ccccc1)C(=O)C=C4N1CCCC1,LibInvent,420.55,31,0.3333,0,False,0,0,58.64,4.157700000000003,0.5688,0.5594,0.5872,-0.0045,0.7274860889439954,0.4311188576918063,0.0961202396363158,0.5395456652568715,0.4639097505103867,0.8442985879051642,0.7665870570691338,0.7462123629392803,0.8848672801671281,0.5439426883998734,0.6124514682183743,0.6940431779090135,1,7,1,3,False,False,False,False,False,False,True,False
CC12CC34CC1CC(O2)C3C(CCC(=O)Nc1ccccc1)C(=O)C=C4CN,LibInvent,380.49,28,0.3444,0,False,0,0,81.42,3.0631000000000004,0.5291,0.5371,0.4768,0.02215,0.8110518476708728,0.454264580729166,0.2116105004407108,0.4837287711895069,0.5114119958376084,0.8812832978851158,0.8932564838352783,0.8391572405951001,0.9275835097390568,0.7233145687763475,0.613946460621141,0.7988213722440705,1,6,0,3,False,False,False,False,False,False,False,False
CC12CC34CC1CC(O2)C3C(CCC(=O)Nc1ccccc1)C(=O)C=C4CNc1ccc(N)cc1,LibInvent,471.6,35,0.3196,0,False,0,0,93.45,4.798700000000003,0.6229,0.5679,0.4039,0.137,0.8942554866542723,0.4420390693769505,0.2155047989504984,0.5472825079636701,0.7145022586773209,0.9542776667857898,0.9403967759895818,0.8923820566268336,0.9678223250224468,0.9062283244171866,0.6696288199917828,0.9290524377462842,2,7,0,3,False,False,False,False,False,False,True,False
CC12CC34CC1CC(O2)C3C(CCC(=O)Nc1ccccc1)C(=O)C=C4CCO,LibInvent,395.5,29,0.3407,0,False,0,0,75.63,3.486800000000002,0.5116,0.4534,0.4841,0.04285,0.7304050351167106,0.3656287111014638,0.2010374423297942,0.5493129328904106,0.600914261549618,0.7514623441241381,0.8651753824978459,0.6992092773943434,0.8744184993152223,0.6361972003188932,0.5513172942268886,0.7350552479396434,1,6,0,4,False,False,False,False,False,False,False,False
Cc1cncc(C2=CC(=O)C(CCC(=O)Nc3ccccc3)C3C4CC5CC23CC5(C)O4)c1,LibInvent,442.56,33,0.3163,0,False,0,0,68.29,4.965020000000004,0.6026,0.6389,0.4722,0.04705,0.8105522401208526,0.4405904239708764,0.127858653019846,0.6431023767623747,0.6805435697040354,0.8967772761985816,0.8446632610220437,0.763736028937965,0.940961177630259,0.7683301501693812,0.5926627942328867,0.8667349926548508,2,7,1,3,False,False,False,False,False,False,True,False
CC12CC34CC1CC(O2)C3C(CCC(=O)Nc1ccccc1)C(=O)C=C4c1cnc(N)[nH]c1=O,LibInvent,460.53,34,0.3168,0,False,0,0,127.17,2.9270999999999994,0.6764,0.6841,0.5746,0.0470499999999999,0.9051890503733204,0.5895627553689384,0.1699209145620973,0.3981299094486127,0.6328737864316135,0.9456552116734356,0.9132496802977612,0.9261699674413671,0.951721748446726,0.916514903287562,0.8070551368702029,0.875956704596188,2,7,2,4,False,False,False,False,True,False,True,False
CC12CC34CC1CC(O2)C3C(CCC(=O)Nc1ccccc1)C(=O)C=C4NCc1cccc(-c2noc(=O)[nH]2)c1,LibInvent,540.62,40,0.2818,0,False,0,0,126.32,4.195000000000002,0.6424,0.6462,0.538,0.0502999999999999,0.9068554195500892,0.3820388277405921,0.1307986048369604,0.563217324243243,0.6700433278394272,0.9806536812352996,0.9238165977701218,0.8775949610727759,0.96616726363377,0.921905843482938,0.7927046992707324,0.8851448903849862,3,8,2,5,False,False,False,False,False,False,False,False
Cc1cc(N)c2cc(C3=CC(=O)C(CCC(=O)Nc4ccccc4)C4C5CC6CC34CC6(C)O5)ncc2n1,LibInvent,508.62,38,0.2991,0,False,0,0,107.2,5.095420000000005,0.6729,0.6965,0.5226,0.06335,0.8957665176599942,0.6500206172840914,0.1144107331442483,0.4823214902241914,0.7378604243616628,0.960596977155902,0.8954906275315522,0.8752857748769355,0.9773492601879712,0.9220678447627316,0.7343769980588374,0.9051981410460282,3,8,2,3,False,False,False,False,True,False,False,False
CNc1cc(C)c(C2=CC(=O)C(CCC(=O)Nc3ccccc3)C3C4CC5CC23CC5(C)O4)c(N)n1,LibInvent,486.62,36,0.2981,0,False,0,0,106.34,4.588920000000003,0.7068,0.6972,0.5805,0.0679499999999999,0.9247675562783064,0.5482658549357924,0.1132632282990312,0.4608024057661137,0.6688142525907341,0.9605591773073784,0.9222748377897833,0.9277087032416153,0.9791397851598184,0.9505289238583696,0.8036395668897658,0.9295218997014144,2,7,1,3,False,False,False,False,True,False,False,False
CC12CC34CC1CC(O2)C3C(CCC(=O)Nc1ccccc1)C(=O)C=C4NCc1ccnc(N)c1,LibInvent,472.59,35,0.3107,0,False,0,0,106.34,3.8289000000000017,0.5612,0.5898,0.532,0.0003,0.7424684583096506,0.4742767994440717,0.1618157176766204,0.4669814860210343,0.5650925868596102,0.7795462862317729,0.7289052578206936,0.8046291875331822,0.8395354119062062,0.6931816896118758,0.557002583097799,0.7944787919660246,2,7,1,3,False,False,False,False,False,False,True,False
COc1cc(OC)cc(C2=CC(=O)C(CCC(=O)Nc3ccccc3)C3C4CC5CC23CC5(C)O4)c1,LibInvent,487.6,36,0.3196,0,False,0,0,73.86,5.278800000000005,0.5858,0.5684,0.5077,0.0477499999999999,0.8643117827672063,0.3384622296645002,0.1014237583443518,0.6950839825228007,0.6729513393151585,0.9293806937794492,0.9003352430778484,0.8658210007298625,0.9682686654493384,0.8415090844066668,0.6382727229949318,0.9065950689323462,2,7,0,5,False,False,False,False,False,False,False,False
CC12CC34CC1CC(O2)C3C(CCC(=O)Nc1ccccc1)C(=O)C=C4C1CCc2c(NNc3ccccc3Cl)cccc21,LibInvent,608.18,44,0.2897,0,False,0,0,79.46,7.926800000000008,0.6368,0.6306,0.525,0.0589999999999999,0.9383610880557002,0.1901064882174799,0.2738347539109914,0.719970587030678,0.7256102546603694,0.9779770734998612,0.9736262389690608,0.9123998194970668,0.9899734311247972,0.9579146333239708,0.809333640186063,0.947302779789082,3,9,0,3,False,False,False,False,False,False,False,False
CC12CC34CC1CC(O2)C3C(CCC(=O)Nc1ccccc1)C(=O)C=C4c1cccc(NC(=O)Nc2ccc(Cl)cc2)c1,LibInvent,596.13,43,0.3069,0,False,0,0,96.53,7.559000000000006,0.6638,0.7466,0.6029,-0.01095,0.9596322491689172,0.2323624377536675,0.3046485289111042,0.7837149286418523,0.7178366218610857,0.9916329138591146,0.9616427255032458,0.9457919214325172,0.9907189319098088,0.9674064275318112,0.8948466204641177,0.965386203481806,3,8,0,4,False,False,False,False,False,False,False,False
CC12CC34CC1CC(O2)C3C(CCC(=O)Nc1ccccc1)C(=O)C=C4Nc1ccc(N)cn1,LibInvent,458.56,34,0.31,0,False,0,0,106.34,4.151200000000002,0.5633,0.5277,0.5609,0.019,0.7646262634348506,0.5353383626777893,0.1815052666698236,0.4227841895700686,0.7126026360886865,0.8329723859162369,0.7499893022451461,0.8045193303467602,0.8590413007469583,0.6960172894209554,0.6169455410332628,0.7928986943346348,2,7,1,3,False,False,False,False,True,False,True,False
CC12CC34CC1CC(O2)C3C(CCC(=O)Nc1ccccc1)C(=O)C=C4c1ccccc1,LibInvent,427.54,32,0.3483,0,False,0,0,55.4,5.261600000000005,0.6029,0.5086,0.4106,0.1432999999999999,0.8196231377675831,0.3145045798187738,0.174217751243764,0.7043503015263025,0.7166361580270845,0.9079720660846624,0.8827381646380813,0.7315759297397934,0.9690422108452358,0.6845710148814242,0.6478958098946507,0.9135667682892334,2,7,0,3,False,False,False,False,False,False,True,False
CC12CC34CC1CC(O2)C3C(CCC(=O)Nc1ccccc1)C(=O)C=C4Nc1ccccc1,LibInvent,442.56,33,0.3483,0,False,0,0,67.42999999999999,5.174000000000004,0.4989,0.4456,0.4558,0.0482,0.7492623615522678,0.3105307988533511,0.1476524660182657,0.64478479566615,0.7415227660918937,0.8477895456867445,0.7389225894756949,0.7124022708745402,0.8870779611688211,0.6794693183398093,0.5398032554334814,0.8393715898867832,2,7,0,3,False,False,False,False,False,False,True,False
CC12CC34CC1CC(O2)C3C(CCC(=O)Nc1ccccc1)C(=O)C=C4NCc1ccccc1C(=O)Nc1ccc2c(c1)CCc1ccccc1-2,LibInvent,677.85,51,0.2973,0,False,0,0,96.53,7.869600000000007,0.6522,0.6006,0.4593,0.1222499999999999,0.9455293974000024,0.1807304604394093,0.2374538570893108,0.8001414489950625,0.7069548487690068,0.9896314119116774,0.9649793485584972,0.9464414378626946,0.990767497122469,0.9407446090304372,0.8062270801484198,0.9799143971658212,4,10,0,4,False,False,False,False,False,False,False,False
CC12CC34CC1CC(O2)C3C(CCC(=O)Nc1ccccc1)C(=O)C=C4Cn1cc(C(=O)O)c2ccccc21,LibInvent,524.62,39,0.34,0,False,0,1,97.63,5.457500000000005,0.696,0.6555,0.5667,0.0848999999999999,0.9315845363245456,0.5255073453945558,0.1182979234105784,0.5891613829918315,0.744426949123816,0.9812711401636968,0.9061160315288828,0.940978257515138,0.9868519852717008,0.9736903195099272,0.7614500039974027,0.9707340162850722,3,8,1,5,False,False,False,False,True,False,False,False
CC12CC34CC1CC(O2)C3C(CCC(=O)Nc1ccccc1)C(=O)C=C4c1cnn(N)c1,LibInvent,432.52,32,0.3131,0,False,0,0,99.24,3.171900000000001,0.6235,0.6788,0.5343,0.0169500000000001,0.8364288937716495,0.4617144892550058,0.1570927737182036,0.4456260948417445,0.6043998871998721,0.8525219820035009,0.8970633923144472,0.8103438444580554,0.9277657912691386,0.8004848039325466,0.6753748055014773,0.8914476369223813,2,7,2,3,False,False,False,False,False,False,True,False
CC12CC34CC1CC(O2)C3C(CCC(=O)Nc1ccccc1)C(=O)C=C4c1cnc(N)nc1N,LibInvent,459.55,34,0.31,0,False,0,0,133.22,3.216,0.7005,0.6822,0.6025,0.05815,0.931054349091496,0.6411907634993702,0.1803464010005812,0.4108942493405287,0.6689757037565103,0.9582754794755391,0.925451108670537,0.9654050290941266,0.955724703397227,0.969619870167998,0.8347672975948245,0.908136955240218,2,7,2,3,False,False,False,False,True,False,True,False
Cc1c(N)cc(C2=CC(=O)C(CCC(=O)Nc3ccccc3)C3C4CC5CC23CC5(C)O4)oc1=O,LibInvent,474.56,35,0.3069,0,False,0,0,111.63,4.105420000000003,0.6239,0.6348,0.563,0.025,0.8077788693390927,0.6182325304212934,0.1397418531185772,0.4714888509321617,0.6604074608508623,0.8973991497322023,0.7630502998159965,0.7856278882182978,0.9246917652908104,0.7580643072638931,0.6808778229335312,0.8447408521189183,2,7,0,5,False,False,False,False,True,False,True,False
Cc1ccc(C2=CC(=O)C(CCC(=O)Nc3ccccc3)C3C4CC5CC23CC5(C)O4)s1,LibInvent,447.6,32,0.3229,0,False,0,0,55.400000000000006,5.631520000000005,0.6176,0.5769,0.4731,0.0926,0.7978633326307014,0.4353699529787382,0.1272994266647183,0.7413202650731465,0.7702078586220535,0.8770646529802407,0.8275148711928031,0.715471716000326,0.9419826233416204,0.7263659901888735,0.6312330186406884,0.8654104560703582,2,7,0,3,False,False,False,False,False,False,True,False
CC1=CC(=O)C(CCC(=O)Nc2ccccc2)C2C3CC4CC12C(C(C)C)C4O3,LibInvent,393.53,29,0.2737,0,False,0,0,55.400000000000006,4.616300000000004,0.5585,0.5376,0.4061,0.08665,0.7904958020767486,0.3566620522246048,0.0886984290398965,0.5763915196094535,0.6752840929826928,0.8660942252601721,0.8555753881518363,0.7206901767498382,0.9228266750812502,0.6990122823323942,0.6045158870722266,0.864755979889522,1,6,0,3,False,False,False,False,False,False,False,False
CC1=CC(=O)C(CCC(=O)Nc2ccccc2)C2C3CC4CC12C(C)C4O3,LibInvent,365.47,27,0.2688,0,False,0,0,55.400000000000006,3.980200000000003,0.5478,0.4699,0.3945,0.1155999999999999,0.733750446661839,0.3886971209561941,0.1223421143733334,0.5761151906279578,0.627163588705729,0.7922792441058499,0.8176331145128877,0.6623192728354751,0.8864969945787257,0.6113464871527433,0.5455774943982533,0.8206005190489375,1,6,0,3,False,False,False,False,False,False,False,False
CCC1=CC(=O)C(CCC(=O)Nc2ccccc2)C2C3CC4CC12C(C)C4O3,LibInvent,379.5,28,0.25,0,False,0,0,55.400000000000006,4.370300000000004,0.583,0.5047,0.3768,0.1422499999999999,0.7633187745769047,0.4309609577300677,0.1316986033977247,0.5667191717614029,0.6830510475994069,0.7911116254386533,0.8846019251727593,0.6960874141161696,0.8966713122506897,0.666207217102586,0.5785781538934788,0.8299737740639963,1,6,0,3,False,False,False,False,False,False,False,False
CC1=CC(=O)C(CCC(=O)Nc2ccccc2)C2C3CC4CC12C(CCC(=O)O)C4O3,LibInvent,423.51,31,0.2737,0,False,0,1,92.7,3.8251000000000026,0.6115,0.497,0.4912,0.1174,0.8889115185411508,0.4340486393870821,0.1504465573739655,0.3441960299184542,0.6005204193774792,0.9245482800507262,0.9152061547499292,0.8704519971955786,0.945026281259504,0.802264320429895,0.815625341336684,0.9492582547657386,1,6,0,5,False,False,False,False,False,False,True,False
CCC1C2OC3CC2CC12C(C)=CC(=O)C(CCC(=O)Nc1ccccc1)C32,LibInvent,379.5,28,0.2632,0,False,0,0,55.400000000000006,4.370300000000004,0.5623,0.5293,0.3416,0.12685,0.7570992401783775,0.4610993934683195,0.12796681415379,0.5895920761764614,0.6096522855203804,0.8125791953918148,0.8173910833948173,0.6858904075485918,0.9043025158495964,0.6691640102317482,0.5662943633217387,0.8440731055103349,1,6,0,3,False,False,False,False,False,False,False,False
CC1(CCC(=O)Nc2ccccc2)C(=O)C(C#N)=CC23CC4CC(OC4C2)C31,LibInvent,376.46,28,0.3483,0,False,0,0,79.19000000000001,3.627980000000002,0.5654,0.5538,0.495,0.041,0.8275701380956236,0.433696089993147,0.0703156252011587,0.700800056245429,0.6569137546853965,0.870416505951579,0.8858454338202091,0.8125571646220296,0.9265182066063606,0.7332732348656389,0.6840008499185659,0.8803795708849823,1,6,0,3,False,False,False,False,False,False,False,False
CC1(CCC(=O)Nc2ccccc2)C(=O)C(CC#N)=CC23CC4CC(OC4C2)C31,LibInvent,390.48,29,0.3407,0,False,0,0,79.19000000000001,4.018080000000003,0.5581,0.5561,0.3972,0.08145,0.8071606741257323,0.4089748085389709,0.0851103905462879,0.7143704608999027,0.6748088885249233,0.8533250862087293,0.8630912892950757,0.8108107443162512,0.8996166436537211,0.763218124641568,0.6215704227880362,0.8384924079767444,1,6,0,3,False,False,False,False,False,False,False,False
CCCC1=C(C)C23CC4CC(OC4C2)C3C(CCC(=O)Nc2ccccc2)C1=O,LibInvent,393.53,29,0.2371,0,False,0,0,55.4,4.904500000000004,0.5141,0.4789,0.3859,0.0817,0.7678714894166261,0.3390369352262691,0.1575778618313633,0.679505777418701,0.6810620771377207,0.7969710224809399,0.8696639919080178,0.6879244199392739,0.905414119551974,0.6635275317883566,0.5747636408424599,0.8768356994053597,1,6,0,3,False,False,False,False,False,False,False,False
CC1=C(C)C23CC4CC(OC4C2)C3C(CCC(=O)Nc2ccccc2)C1=O,LibInvent,365.47,27,0.25,0,False,0,0,55.4,4.124300000000003,0.4672,0.4533,0.4214,0.0298499999999999,0.7180774083775509,0.3895120599657102,0.0931330734146198,0.7013126730952658,0.6299084927699012,0.6947732828464711,0.8019781565714671,0.6790580780615537,0.8478062430761217,0.5933631135092726,0.5953403641562273,0.8142226204217424,1,6,0,3,False,False,False,False,False,False,False,False
CC1=C(C#N)C(=O)C(CCC(=O)Nc2ccccc2)C2C3CC4CC12CC4O3,LibInvent,376.46,28,0.25,0,False,0,0,79.19,3.627980000000002,0.517,0.5001,0.4924,0.02075,0.7690677822693999,0.4312155213557059,0.1042809951063257,0.6741254207274933,0.6603907093283097,0.8033620329541713,0.8997848053502653,0.6864957135057518,0.8769613824327976,0.6236477974824745,0.6187648740888969,0.8744578700714415,1,6,0,3,False,False,False,False,False,False,False,False
CCC1=C(C)C23CC4CC(OC4C2)C3C(CCC(=O)Nc2ccccc2)C1=O,LibInvent,379.5,28,0.2421,0,False,0,0,55.4,4.514400000000004,0.473,0.4346,0.3983,0.0565499999999999,0.7098792644222642,0.396935134534074,0.137375834447934,0.6953516324043071,0.6285025926403879,0.6795575146855453,0.8187419420939728,0.6834656130996004,0.8494957339038267,0.5345057379668497,0.5861224598405107,0.8172658493655445,1,6,0,3,False,False,False,False,False,False,False,False
CCCCC1C2OC3CC2CC12C=CC(=O)C(C)(CCC(=O)Nc1ccccc1)C32,LibInvent,407.55,30,0.3933,0,False,0,0,55.400000000000006,5.1505000000000045,0.6102,0.5984,0.4328,0.0945999999999999,0.8571698071144124,0.4420216952134562,0.0835859274156183,0.5160529098812486,0.7124186222938289,0.935369898499557,0.9046571912740424,0.825368824576198,0.9664367549668444,0.7955238810969462,0.6860982562266997,0.8867338431605982,1,6,0,3,False,False,False,False,False,False,True,False
CCC1C2OC3CC2CC12C=CC(=O)C(C)(CCC(=O)Nc1ccccc1)C32,LibInvent,379.5,28,0.4118,0,False,0,0,55.400000000000006,4.370300000000004,0.5548,0.5586,0.3868,0.0820999999999999,0.8230412745174593,0.4600281120081388,0.0818011176444733,0.5602719698116113,0.6505073062023508,0.880504748164937,0.8630464379027982,0.8162806167219566,0.9449013563800404,0.7519219081303657,0.6474329904831554,0.8572008638389628,1,6,0,3,False,False,False,False,False,False,False,False
CC1C2OC3CC2CC12C=CC(=O)C(C)(CCC(=O)Nc1ccccc1)C32,LibInvent,365.47,27,0.4217,0,False,0,0,55.400000000000006,3.980200000000002,0.5631,0.5849,0.3841,0.0786,0.8117938296345123,0.4254052654018575,0.0856180689087389,0.5732032916279213,0.6040495405930131,0.8345011221027128,0.9019434822508604,0.7658935694599598,0.9334570754624132,0.7296708612184779,0.6694967942975429,0.8475939026496192,1,6,0,3,False,False,False,False,False,False,False,False
CN(C)c1ccc(C2C3OC4CC3CC23C=CC(=O)C(C)(CCC(=O)Nc2ccccc2)C43)cc1,LibInvent,470.61,35,0.3804,0,False,0,0,58.64,5.193900000000005,0.631,0.5633,0.4434,0.12765,0.8838062316260606,0.434695015121386,0.0954130010875378,0.5744821848945837,0.6714468342130991,0.9579726947633396,0.92851845926654,0.8575778672612905,0.9796486339191935,0.8856756829701337,0.6511820143055416,0.9260682688963864,2,7,0,3,False,False,False,False,False,False,True,False
CC1(CCC(=O)Nc2ccccc2)C(=O)C=CC23CC4CC(OC4C2c2ccccc2)C13,LibInvent,427.54,32,0.4118,0,False,0,0,55.400000000000006,5.127900000000005,0.5912,0.5399,0.4311,0.1056999999999999,0.8529080328967019,0.391192163272513,0.0751217637638745,0.4866841551571713,0.7309926021376684,0.9277386965187824,0.8756797401951416,0.7929734369853261,0.9655274960976516,0.8462102579710283,0.6382299989924479,0.9239966035165362,2,7,0,3,False,False,False,False,False,False,True,False
CC1(CCC(=O)Nc2ccccc2)C(=O)C=CC23CC4CC(OC4C2CBr)C13,LibInvent,444.37,28,0.407,0,False,0,0,55.400000000000006,4.3552000000000035,0.5836,0.5894,0.4902,0.0437999999999999,0.7941575581203073,0.5411432261550404,0.097418615314603,0.5110364833832317,0.7236007752197328,0.829557468612463,0.8517996341075245,0.7527750802115994,0.9143858781996952,0.7496139073233912,0.6216531030304157,0.8393178353570617,1,6,0,3,False,False,False,False,True,False,True,False
CC1(CCC(=O)Nc2ccccc2)C(=O)C=CC23CC4CC(OC4C2c2ccc(NC=O)cc2)C13,LibInvent,470.57,35,0.3763,0,False,0,0,84.5,4.696200000000004,0.6142,0.6111,0.4139,0.1017,0.8959379661866518,0.4419245701716853,0.0923394718937447,0.4441912586155785,0.6744830949699733,0.9551274276109344,0.8716419079128364,0.884316090265903,0.9747601020699816,0.9104976544111034,0.7337213483665396,0.9415012326692652,2,7,0,4,False,False,False,False,False,False,True,False
CC1(CCC(=O)Nc2ccccc2)C(=O)C=CC23CC4CC(OC4C2NCC(c2ccccc2)c2ccccc2)C13,LibInvent,546.71,41,0.3846,0,False,0,0,67.43,6.134400000000006,0.6324,0.6165,0.4388,0.1047499999999999,0.9338351323260362,0.3538256008485203,0.0963790996548774,0.4703727355766138,0.744104894159548,0.9892160923220232,0.9625422222558764,0.8918857216745856,0.9789686388232908,0.9597450633178582,0.8087086017798386,0.9457795861087802,3,8,0,3,False,False,False,False,False,False,False,False
CC(CCCN(C)C)Cc1ccc(C2C3OC4CC3CC23C=CC(=O)C(C)(CCC(=O)Nc2ccccc2)C43)cc1,LibInvent,554.78,41,0.3365,0,False,0,0,58.64,6.648300000000008,0.6758,0.6974,0.5071,0.07355,0.927656937969607,0.5115957518850845,0.1111877099070098,0.5967037284810065,0.671358647982522,0.9906462925003268,0.9713019986260224,0.9082746311103675,0.9870786462601424,0.9435584729135132,0.7809694189206838,0.9117691054561936,2,7,0,3,False,False,False,False,True,False,False,False
CN(C)C1C2OC3CC2CC12C=CC(=O)C(C)(CCC(=O)Nc1ccccc1)C32,LibInvent,394.52,29,0.4286,0,False,0,0,58.64,3.274300000000001,0.5254,0.5506,0.4908,0.0047,0.7699324059090488,0.5273685938304267,0.093310601323726,0.5057182484755879,0.534171072449875,0.8785999537684805,0.743583345816467,0.8248344819409331,0.9132590098902558,0.5702297399173685,0.6541203347154182,0.8048999753144187,1,6,0,3,False,False,False,False,True,False,False,False
CN(C)CCC1C2OC3CC2CC12C=CC(=O)C(C)(CCC(=O)Nc1ccccc1)C32,LibInvent,422.57,31,0.3889,0,False,0,0,58.64,3.9120000000000026,0.5916,0.6855,0.5217,-0.012,0.825525914862622,0.418906559358054,0.0999345784058133,0.4328805837303853,0.5321902924651252,0.9140277979961724,0.8511360717534355,0.7938726073239978,0.9499210169205696,0.7500960537709661,0.6945974939371085,0.8250303623361045,1,6,0,3,False,False,False,False,False,False,True,False
CC1(CCC(=O)Nc2ccccc2)C(=O)C=CC23CC4CC(OC4C2CC[N+](C)(C)[O-])C13,LibInvent,438.57,32,0.3846,0,False,0,0,78.46000000000001,3.9246000000000034,0.6067,0.6787,0.5961,-0.0306999999999999,0.9018981308376958,0.5695861144504055,0.06895793634371,0.4257557794773174,0.5315279102737366,0.958379544926952,0.914535131493253,0.8840810288861237,0.967172376730232,0.9344908013805544,0.8001441951103797,0.8544838373363755,1,6,0,4,False,False,False,False,True,False,True,False
CC1(CCC(=O)Nc2ccccc2)C(=O)C=CC23CC4CC(OC4C2N)C13,LibInvent,366.46,27,0.4167,0,False,0,0,81.42,2.6714,0.5473,0.6109,0.4718,0.00595,0.794815832305977,0.5213246001533928,0.106556007929098,0.3552010713960095,0.521081662310438,0.8119184344839576,0.8392785766946649,0.7842172569812148,0.9183885801546164,0.7287125959488486,0.6271273723968892,0.8540680094816474,1,6,0,3,False,False,False,False,True,False,False,False
CC1(CCC(=O)Nc2ccccc2)C(=O)C=CC23CC4CC(OC4C2CCC(=O)O)C13,LibInvent,423.51,31,0.407,0,False,0,1,92.7,3.8251000000000026,0.6207,0.5928,0.5142,0.0672,0.9141700296094823,0.4907431918308126,0.0789627184535184,0.2585596100949577,0.6067401477566186,0.954413241974538,0.9015597870608544,0.9105985361689884,0.9605166243547716,0.8664736212213793,0.8458712749900509,0.9597571214957936,1,6,0,5,False,False,False,False,False,False,True,False
CC1(CCC(=O)Nc2ccccc2)C(=O)C=CC23CC4CC(OC4C2CC(=O)NCCC(c2ccccc2)c2ccccc2)C13,LibInvent,602.78,45,0.3646,0,False,0,0,84.5,6.688800000000007,0.6602,0.5635,0.4275,0.1647,0.9292833387500152,0.3006388315775514,0.2628158257581672,0.5774748548092593,0.5694553047158879,0.9886111278718136,0.9284592355895662,0.9047521827042232,0.9750648190409686,0.9388196439379234,0.8578772235006284,0.9113991386049832,3,8,0,4,False,False,False,False,False,False,False,False
CN(C)c1cccc(C2C3OC4CC3CC23C=CC(=O)C(C)(CCC(=O)Nc2ccccc2)C43)c1,LibInvent,470.61,35,0.3684,0,False,0,0,58.64,5.193900000000005,0.609,0.6208,0.46,0.0686,0.8891414515345547,0.4186147877064264,0.0832651233034185,0.5961014258023986,0.6618847493717389,0.9651215867999164,0.9083535123640276,0.8804166818466661,0.9802437776267134,0.8882682303651045,0.675373767279274,0.9262126044601802,2,7,0,3,False,False,False,False,False,False,True,False
CC1(CCC(=O)Nc2ccccc2)C(=O)C=CC23CC4CC(OC4C2c2c[nH]cn2)C13,LibInvent,417.51,31,0.3723,0,False,0,0,84.08,3.851000000000002,0.546,0.6064,0.5318,-0.0231,0.7749736004271213,0.3881157886734825,0.083981231172026,0.3823193593340735,0.5908011719591358,0.8237315264883823,0.7880729185466993,0.7615346159573981,0.9266665429498944,0.7548647898746822,0.5703078242969882,0.7996369848758035,2,7,2,3,False,False,False,False,False,False,True,False
CC1(CCC(=O)Nc2ccccc2)C(=O)C=CC23CC4CC(OC4C2c2cccc(Cl)c2)C13,LibInvent,461.99,33,0.3763,0,False,0,0,55.400000000000006,5.781300000000006,0.6442,0.6386,0.466,0.0918999999999999,0.9069988763672724,0.3771216924961495,0.0824886108738284,0.5729150210313505,0.7873178643344163,0.9531478109320732,0.8975596408740888,0.8618206409904617,0.9801421197270428,0.911766199218854,0.7959531802423804,0.9486025425860052,2,7,0,3,False,False,False,False,False,False,True,False
CC1(CCC(=O)Nc2ccccc2)C(=O)C=CC23CC4CC(OC4C2Nc2ccccc2Oc2ccccc2)C13,LibInvent,534.66,40,0.3646,0,False,0,0,76.66000000000001,6.617100000000006,0.6306,0.5599,0.3636,0.16885,0.9280514227021628,0.2640347869295528,0.0707779461663416,0.5342232164050912,0.8027298097299325,0.9834050123361604,0.955351801935874,0.9015659401684268,0.9773201461716372,0.92084763771815,0.799058066074991,0.9588113545098988,3,8,0,4,False,False,False,False,False,False,False,False
CC1(CCC(=O)Nc2ccccc2)C(=O)C=CC23CC4CC(OC4C2c2ccc(Cl)cc2)C13,LibInvent,461.99,33,0.4091,0,False,0,0,55.400000000000006,5.781300000000005,0.6762,0.6401,0.4437,0.1342999999999999,0.9111313690907276,0.4118341958459653,0.0832885458319972,0.5566097080759566,0.7931744926754218,0.967810706498864,0.920755317671462,0.8889351989085356,0.9810627301844708,0.9124054419388524,0.7730863165545657,0.9338638718783429,2,7,0,3,False,False,False,False,False,False,True,False
CC1(CCC(=O)Nc2ccccc2)C(=O)C=CC23CC4CC(OC4C2c2ccc(O)cc2)C13,LibInvent,443.54,33,0.4091,0,False,1,0,75.63000000000001,4.833500000000005,0.6545,0.5746,0.4613,0.1365499999999999,0.8977598358963451,0.339878545359682,0.0980632877472659,0.3280612571478744,0.8055011489268986,0.931372009744615,0.914269191952372,0.8793136281576523,0.9816288189105418,0.9027195286489204,0.7231506752808777,0.9518649985794364,2,7,0,4,False,False,False,False,False,False,True,False
COc1ccc(C2C3OC4CC3CC23C=CC(=O)C(C)(CCC(=O)Nc2ccccc2)C43)cc1,LibInvent,457.57,34,0.3804,0,False,0,0,64.63,5.136500000000004,0.5734,0.5528,0.4156,0.0892,0.8614042466321629,0.3635286755983299,0.0706309536729953,0.5894727374533876,0.6959635705786867,0.920144563881594,0.873985140962064,0.8343362366405914,0.9713738269792248,0.8535985241364171,0.6535391897285612,0.9228522440966872,2,7,0,4,False,False,False,False,False,False,True,False
COc1ccc(C2C3OC4CC3CC23C=CC(=O)C(C)(CCC(=O)Nc2ccccc2)C43)c2oc(=O)ccc12,LibInvent,525.6,39,0.3431,0,False,0,0,94.84,5.242900000000005,0.6728,0.6246,0.4768,0.1220999999999999,0.9203576321798628,0.5128585064913003,0.0599679067965012,0.4881758331787801,0.7192452052791353,0.9738987045253874,0.9007301211491848,0.8963712361124588,0.9788190989297542,0.9549967364183646,0.7946642319892466,0.9430232961346432,3,8,0,6,False,False,False,False,True,False,False,False
CC1(CCC(=O)Nc2ccccc2)C(=O)C=CC23CC4CC(OC4C2c2ccccc2O)C13,LibInvent,443.54,33,0.4253,0,False,1,0,75.63000000000001,4.833500000000005,0.6507,0.6039,0.4202,0.1386499999999999,0.8964146762433535,0.3178455022672105,0.1115638433332149,0.3050943867276047,0.8205670853281419,0.936351550502776,0.9002780309193186,0.8851403030263164,0.9826279581706596,0.8853092754614682,0.7246454464445735,0.960550169178362,2,7,0,4,False,False,False,False,False,False,True,False
COc1cc(OC)cc(C2C3OC4CC3CC23C=CC(=O)C(C)(CCC(=O)Nc2ccccc2)C43)c1,LibInvent,487.6,36,0.3763,0,False,0,0,73.86,5.145100000000005,0.581,0.6125,0.4397,0.0548999999999999,0.878944472923983,0.3417276115824368,0.0562381982470458,0.5544355313505015,0.6609973558534799,0.9237631708753264,0.861840499109247,0.839071145082844,0.9728933299006294,0.8994556663037717,0.7404277207675586,0.915159778428504,2,7,0,5,False,False,False,False,False,False,False,False
CC1(CCC(=O)Nc2ccccc2)C(=O)C=CC23CC4CC(OC4C2Nc2ccc([N+](=O)[O-])cc2)C13,LibInvent,487.56,36,0.3723,0,False,0,0,110.57000000000002,4.733000000000004,0.6574,0.5802,0.4965,0.1190499999999999,0.945520185227102,0.5421583300703793,0.0958194470633263,0.4256263227663164,0.7107947719515408,0.9697628381605596,0.9560196314116756,0.9220720801631048,0.9761574150189504,0.9570048603802488,0.8619745658712609,0.9756499055839124,2,7,0,5,False,False,False,False,True,False,False,False
CC1(CCC(=O)Nc2ccccc2)C(=O)C=CC23CC4CC(OC4C2c2ccoc2)C13,LibInvent,417.51,31,0.3889,0,False,0,0,68.54,4.720900000000004,0.5818,0.5617,0.4973,0.0523,0.8120331938985377,0.5243157263988836,0.0905448973494319,0.4346387239761805,0.6405132835210738,0.8776771638450741,0.8014578145101561,0.7973200860099379,0.9520591547968292,0.7829573186670794,0.6293811367055114,0.8433796827551755,2,7,0,4,False,False,False,False,True,False,True,False
CC1=CC(=O)C(C)(CCC(=O)Nc2ccccc2)C2C3CC4CC12CC4O3,LibInvent,365.47,27,0.3647,0,False,0,0,55.400000000000006,4.124300000000003,0.502,0.5068,0.4036,0.0467999999999999,0.7782191169141642,0.3286982258086383,0.1026285612377709,0.606226675351857,0.6361446692722911,0.7993775099958524,0.8612745311513892,0.7074778088050605,0.9179395647512288,0.6907154495001834,0.5754676033851129,0.8952813508103219,1,6,0,3,False,False,False,False,False,False,False,False
CC(=O)CC1=CC(=O)C(C)(CCC(=O)Nc2ccccc2)C2C3CC4CC12CC4O3,LibInvent,407.51,30,0.3483,0,False,0,0,72.47,4.0835000000000035,0.5608,0.5299,0.4839,0.0538999999999999,0.8254476801146877,0.3287210846962846,0.1092228471004132,0.5235911087646571,0.6428181862824204,0.8670879229706484,0.8915437817193688,0.7337735655381715,0.933316987600055,0.782142256655726,0.6349382831919889,0.9353309631268552,1,6,0,4,False,False,False,False,False,False,True,False
CC1=C(C)C(O)(C2=CC(=O)C(C)(CCC(=O)Nc3ccccc3)C3C4CC5CC23CC5O4)C2OC(C)(C)C(=O)C2C1,LibInvent,559.7,41,0.33,0,False,0,0,101.93,4.938300000000004,0.6365,0.6678,0.5112,0.047,0.9488173782464012,0.489302418876101,0.1098610260683974,0.6165267540788746,0.7849417564385615,0.9872391393074263,0.9504194574465368,0.9572212224083452,0.98621776535571,0.9272726330689384,0.8570147546160106,0.9763366755218412,1,8,0,6,False,False,False,False,False,False,False,False
CCC1=CC(=O)C(C)(CCC(=O)Nc2ccccc2)C2C3CC4CC12CC4O3,LibInvent,379.5,28,0.3563,0,False,0,0,55.400000000000006,4.514400000000004,0.5435,0.4931,0.431,0.08145,0.7994014261811913,0.3426801068337761,0.0990169010997976,0.6416384065020048,0.664647756424622,0.8257755151640129,0.8764604605920698,0.7382589077133478,0.9350692058189516,0.6803590215173217,0.6288276521831127,0.911059220279522,1,6,0,3,False,False,False,False,False,False,False,False
CC1(CCC(=O)Nc2ccccc2)C(=O)C=C(c2ccccc2)C23CC4CC(OC4C2)C13,LibInvent,427.54,32,0.3563,0,False,0,0,55.400000000000006,5.261600000000004,0.6141,0.5165,0.421,0.1453499999999999,0.8422736062400558,0.3692161478080946,0.0793231849824908,0.6640139451366359,0.7537498055347912,0.9301793922712666,0.882844029511898,0.7198375623867072,0.968876306414625,0.804905049854553,0.6371163868169749,0.9521565164243664,2,7,0,3,False,False,False,False,False,False,True,False
CC(C)C1=CC(=O)C(C)(CCC(=O)Nc2ccccc2)C2C3CC4CC12CC4O3,LibInvent,393.53,29,0.3523,0,False,0,0,55.400000000000006,4.760400000000004,0.5693,0.5259,0.4498,0.08145,0.8064626872526731,0.3183912006128547,0.124629853878225,0.6616357311159106,0.7151845381274637,0.8605868287628681,0.9131989226752766,0.7261540488768589,0.9145958145182794,0.6750466208199998,0.6259923387748264,0.9296642363406026,1,6,0,3,False,False,False,False,False,False,False,False
CC1(CCC(=O)Nc2ccccc2)C(=O)C=C(CO)C23CC4CC(OC4C2)C13,LibInvent,381.47,28,0.3563,0,False,0,0,75.63000000000001,3.096700000000002,0.5834,0.511,0.5054,0.0752,0.8183432978018577,0.4524172328713526,0.104996246564045,0.4571768175132305,0.6178794259513951,0.8387583022843798,0.881686926052296,0.7637447236804052,0.9300638752882951,0.7558218896375456,0.6376745566800329,0.9206528109900488,1,6,0,4,False,False,False,False,False,False,False,False
CC1(CCC(=O)Nc2ccccc2)C(=O)C=C(C#Cc2ccccc2)C23CC4CC(OC4C2)C13,LibInvent,451.57,34,0.3407,0,False,0,0,55.400000000000006,5.156100000000004,0.6166,0.5594,0.4486,0.1126,0.8657757403542578,0.3818382844396827,0.0710643990605862,0.7181633490705971,0.7550971868372139,0.8898595426471161,0.9413743109856848,0.798101780058179,0.957529808045059,0.9039179858016532,0.6270997601956844,0.942546994746428,2,7,0,3,False,False,False,False,False,False,True,False
CC12CC34C=CC(=O)C(C)(CCC(=O)Nc5ccccc5)C3C(CC1C4)O2,LibInvent,365.47,27,0.7059,0,False,0,0,55.400000000000006,4.1243000000000025,0.5503,0.4753,0.4251,0.1001,0.7787714928793897,0.3464931337538067,0.1144743281376464,0.5838402116576171,0.5769714447850651,0.8286298011169363,0.8082745336572615,0.7701353443285767,0.932183544372578,0.6117997305889133,0.6414691696112579,0.8589083264802042,1,6,0,3,False,False,False,False,False,False,False,False
CC1(CCC(=O)Nc2ccccc2)C(=O)C=CC23CC4CC(OC4(CCC(=O)O)C2)C31,LibInvent,423.51,31,0.5733,0,False,0,1,92.7,3.9692000000000025,0.5988,0.5294,0.4511,0.10855,0.9028985274995336,0.4440857546022463,0.1288987236059578,0.2849376522812037,0.5966036063204213,0.9426419185404814,0.8990442431688033,0.9065487657295114,0.9766105344801248,0.8703965898108391,0.773900401811117,0.9511472389558596,1,6,0,5,False,False,False,False,False,False,True,False
CC1(CCC(=O)Nc2ccccc2)C(=O)C=CC23CC4CC(OC4(CCl)C2)C31,LibInvent,399.92,28,0.5584,0,False,0,0,55.400000000000006,4.343200000000004,0.585,0.5677,0.4297,0.0862999999999999,0.83969756310347,0.4928873571073349,0.1606701634802284,0.5227775036984863,0.6687437383134925,0.8923531696376328,0.9027661690467046,0.7849452473999136,0.9496174711645012,0.7679800014613519,0.715054782510867,0.8651661005033188,1,6,0,3,False,False,False,False,True,False,False,False
CCC12CC34C=CC(=O)C(C)(CCC(=O)Nc5ccccc5)C3C(CC1C4)O2,LibInvent,379.5,28,0.5658,0,False,0,0,55.400000000000006,4.514400000000004,0.5338,0.5161,0.427,0.06225,0.7902493319642805,0.3916746110027838,0.1402123476878509,0.4937859118207289,0.5960154856164136,0.8612897787638015,0.8783595932717603,0.7480387065660059,0.9389566645862124,0.6632634791528654,0.6010365922073911,0.840800509201927,1,6,0,3,False,False,False,False,False,False,False,False
COC(=O)CC12CC34C=CC(=O)C(C)(CCC(=O)Nc5ccccc5)C3C(CC1C4)O2,LibInvent,423.51,31,0.5443,0,False,0,0,81.7,3.667500000000002,0.577,0.5518,0.4246,0.0887999999999999,0.8613301083359699,0.4190877007031968,0.1065715963121445,0.3837554158508299,0.4746534070177244,0.9208352234012832,0.8935110003261806,0.8283931019195295,0.9631113651593612,0.8242793712995228,0.7172226069393077,0.8819580893066038,1,6,0,5,False,False,False,False,False,False,True,False
CC1(CCC(=O)Nc2ccccc2)C(=O)C=CC23CC4CC(OC4(CC(=O)O)C2)C31,LibInvent,409.48,30,0.5733,0,False,0,1,92.7,3.579100000000002,0.5993,0.5763,0.4439,0.0892,0.9122346220331732,0.4598593716924218,0.1159954127874639,0.2809967760221213,0.5705006656073195,0.9489808292839202,0.909758135320921,0.909537698162876,0.9803036081687624,0.9056983653339936,0.7790329455243152,0.9523307724374248,1,6,0,5,False,False,False,False,False,False,True,False
CC1(CCC(=O)Nc2ccccc2)C(=O)C=CC23CC4CC(OC4(C(C)(O)CO)C2)C31,LibInvent,425.53,31,0.5309,0,False,0,0,95.86,2.8477000000000015,0.5789,0.561,0.4795,0.0586499999999999,0.8953795536739436,0.4700730906607802,0.1438864854061588,0.3069386579156744,0.6393970421107522,0.913891912483741,0.920032033671849,0.879336445182255,0.9620126865018492,0.885278752760029,0.7710878012870704,0.936017243830813,1,6,0,5,False,False,False,False,False,False,True,False
CN(C)C12CC34C=CC(=O)C(C)(CCC(=O)Nc5ccccc5)C3C(CC1C4)O2,LibInvent,394.52,29,0.5867,0,False,0,0,58.64,3.6235000000000026,0.6003,0.5248,0.5054,0.0851999999999999,0.8261997583684538,0.4675990965341842,0.122775201071007,0.4523088211743904,0.5554563692919613,0.9025932189341008,0.8233755369206119,0.8400446954280927,0.955830616863298,0.7024433064589705,0.6980875508723464,0.8610233831017559,1,6,0,3,False,False,False,False,False,False,False,False
COc1ccc(C23CC45C=CC(=O)C(C)(CCC(=O)Nc6ccccc6)C4C(CC2C5)O3)nc1,LibInvent,458.56,34,0.4886,0,False,0,0,77.52000000000001,4.664700000000003,0.6137,0.5153,0.4805,0.1158,0.8050465663190096,0.5135149993071868,0.0675825881564789,0.436204150375625,0.6286068110854953,0.8278481620679207,0.8351957615613843,0.7515708707804419,0.9313397409198896,0.8149880181486622,0.604881739573382,0.8695016711813878,2,7,1,4,False,False,False,False,True,False,True,False
CC1(CCC(=O)Nc2ccccc2)C(=O)C=CC23CC4CC(OC4(CC(=O)Nc4ccc(S(N)(=O)=O)c5ccccc45)C2)C31,LibInvent,613.74,44,0.4835,0,False,0,0,144.66,4.933800000000004,0.6335,0.6192,0.5527,0.0475499999999999,0.9305422600722094,0.3361973311556136,0.2339884466269861,0.4751912375362989,0.5940860641868192,0.9852588644408192,0.9002384130008552,0.8953651312136869,0.983868259045019,0.9409277421049392,0.8486253653514053,0.9595120453487408,3,8,0,6,False,False,False,False,False,False,False,False
CC1(CCC(=O)Nc2ccccc2)C(=O)C=CC23CC4CC(OC4(c4ccncc4)C2)C31,LibInvent,428.53,32,0.5309,0,False,0,0,68.29,4.656100000000004,0.59,0.5315,0.4817,0.0834,0.7748291487924112,0.4819141316630622,0.0727744836041246,0.3979684500539627,0.6165946022636457,0.8028350568188051,0.8737839215792609,0.7211035769900102,0.9010461360937112,0.7706264627892819,0.519452449430783,0.8349564378450265,2,7,1,3,False,False,False,False,False,False,True,False
CCC1C2OC3CC2CC12C=C(C#N)C(=O)C(CCC(=O)Nc1ccccc1)C32,LibInvent,390.48,29,0.2277,0,False,0,0,79.19,3.873980000000002,0.6203,0.6102,0.4375,0.09645,0.8218157689736739,0.5138639680866814,0.0891560801402538,0.6517728396610663,0.6466109072572914,0.8612872227125598,0.8966458460256272,0.7894509578836398,0.911799759985628,0.7689313426866679,0.6718912824295579,0.8527039710920367,1,6,0,3,False,False,False,False,True,False,False,False
CC1C2OC3CC2CC12C=C(C#N)C(=O)C(CCC(=O)Nc1ccccc1)C32,LibInvent,376.46,28,0.2323,0,False,0,0,79.19,3.483880000000002,0.633,0.6189,0.4594,0.0938499999999999,0.8135457336826796,0.5053945911582778,0.1253218305189108,0.6309400915618768,0.6388173015181396,0.8532746730124781,0.896182699498973,0.7929620439346543,0.8902851017481569,0.751123960885785,0.6626494527607717,0.8483422039379369,1,6,0,3,False,False,False,False,True,False,False,False
CC1C2OC3CC2CC12C=C(NC#N)C(=O)C(CCC(=O)Nc1ccccc1)C32,LibInvent,391.47,29,0.2277,0,False,0,0,91.22,2.988480000000001,0.6425,0.6419,0.5387,0.0521999999999999,0.8036264966118039,0.4644390173031769,0.1798843299139559,0.5459278058553866,0.6524315304890367,0.8293610359634727,0.8499048531389928,0.791275731791345,0.8832827118555882,0.7649546209120143,0.7033667866543141,0.8032397359669003,1,6,0,3,False,False,False,False,False,False,False,False
C=CCC1C2OC3CC2CC12C=C(C#N)C(=O)C(CCC(=O)Nc1ccccc1)C32,LibInvent,402.49,30,0.2095,0,False,0,0,79.19,4.040080000000002,0.6169,0.638,0.4622,0.0667999999999999,0.8466314627020733,0.4939637657917551,0.0762902910103125,0.6131653225217509,0.6687105090205909,0.8708392727184578,0.9185688979733168,0.8237563175141699,0.9242802368567368,0.794904295050916,0.7212794442577483,0.8727917745431681,1,6,0,3,False,False,False,False,True,False,True,False
N#CC1=CC23CC4CC(OC4C2N)C3C(CCC(=O)Nc2ccccc2)C1=O,LibInvent,377.44,28,0.22,0,False,0,0,105.20999999999998,2.1750799999999995,0.6235,0.6153,0.5208,0.0554500000000001,0.8357617810233727,0.5351661109208283,0.1831936455040121,0.5371318034898694,0.5101444108894159,0.8846068878974019,0.9140435019083332,0.8395108819302641,0.8887797972811929,0.7518645097054595,0.7360342557579029,0.8354926326830535,1,6,0,3,False,False,False,False,True,False,False,False
N#CC1=CC23CC4CC(OC4C2C(=O)O)C3C(CCC(=O)Nc2ccccc2)C1=O,LibInvent,406.44,30,0.22,0,False,0,1,116.48999999999998,2.5485800000000003,0.6435,0.6547,0.4803,0.0759999999999999,0.9448659746367236,0.5860243784252118,0.0887584398205399,0.4395722832993761,0.5606223012683469,0.9630418968494876,0.940144310561684,0.9512101944638172,0.9731173902308394,0.961141460860484,0.8704988085008392,0.9549077609899138,1,6,0,5,False,False,False,False,True,False,True,False
N#CC1=CC23CC4CC(OC4C2c2ccc(N)nc2)C3C(CCC(=O)Nc2ccccc2)C1=O,LibInvent,454.53,34,0.1982,0,False,0,0,118.1,3.608780000000002,0.6786,0.6873,0.5024,0.0837499999999999,0.9077269857717146,0.6000036264741537,0.1144445708053434,0.4792036334127174,0.6684033793858327,0.9207105248786857,0.9234831743646724,0.906158856856154,0.9346033745506022,0.950848159774922,0.7946398428894733,0.9236449670874934,2,7,1,3,False,False,False,False,True,False,True,False
N#CC1=CC23CC4CC(OC4C2c2ccccc2)C3C(CCC(=O)Nc2ccccc2)C1=O,LibInvent,438.53,33,0.2178,0,False,0,0,79.19,4.631580000000003,0.6298,0.551,0.4198,0.1443999999999999,0.8828912364112276,0.3571682844958775,0.0955119676279391,0.6854423687381812,0.7181248782417876,0.9238914643024796,0.9071378946364652,0.7678925566631086,0.9575374825820306,0.9221250280886686,0.7534177120194229,0.9482365165864176,2,7,0,3,False,False,False,False,False,False,True,False
N#CC1=CC23CC4CC(OC4C2c2cn(Cc4ccccc4)nn2)C3C(CCC(=O)Nc2ccccc2)C1=O,LibInvent,519.61,39,0.1913,0,False,0,0,109.9,4.271380000000003,0.6506,0.6112,0.5193,0.0853499999999999,0.838662452233689,0.3865878804058387,0.0958718736748241,0.6943179620589598,0.670734412750462,0.8973906811226383,0.8353209175984819,0.7538330354843673,0.9275026903911062,0.90209364805435,0.6508701127798749,0.9036260802050048,3,8,3,3,False,False,False,False,False,False,False,False
CC#CC12OC3CC1CC1(C=CC(=O)C(CCC(=O)Nc4ccccc4)C31)C2CC=Cc1ccccc1,LibInvent,491.63,37,0.2692,0,False,0,0,55.400000000000006,6.067200000000006,0.5636,0.5322,0.4527,0.0711499999999999,0.873481839048784,0.4632878246471112,0.0750975456111116,0.6576416779044868,0.7810359695838087,0.9678037364960732,0.9455027001083214,0.8495758705969432,0.9571267163285552,0.9190504160128934,0.6161989562539533,0.8591144775447489,2,7,0,3,False,False,False,False,False,False,False,False
CC#CC12OC3CC1CC1(C=CC(=O)C(CCC(=O)Nc4ccccc4)C31)C2c1ccccc1,LibInvent,451.57,34,0.2887,0,False,0,0,55.400000000000006,5.131300000000005,0.5987,0.5247,0.4707,0.1009999999999999,0.8663037959832052,0.3988488050719426,0.0722958950206204,0.6592808363719872,0.7145628328454795,0.9499873772015482,0.9168423990582216,0.813191190760422,0.957218494429153,0.9001039323006692,0.627526666578837,0.8992565115535855,2,7,0,3,False,False,False,False,False,False,True,False
CC1C23C=CC(=O)C(CCC(=O)Nc4ccccc4)C2C2CC(C3)C1(C(=O)O)O2,LibInvent,395.46,29,0.2935,0,False,0,1,92.7,3.044900000000001,0.5886,0.5533,0.4813,0.0713,0.8822816313281238,0.5618911759421662,0.0683998224616858,0.3040489317658338,0.5745763870099538,0.8956260062902334,0.8881070490629489,0.8883245459473352,0.9465470401552986,0.8584572187626378,0.7735083694590572,0.9254011896193556,1,6,0,5,False,False,False,False,True,False,False,False
CC1C23C=CC(=O)C(CCC(=O)Nc4ccccc4)C2C2CC(C3)C1(C)O2,LibInvent,365.47,27,0.3146,0,False,0,0,55.400000000000006,3.980200000000002,0.4886,0.4874,0.4021,0.04385,0.7579324140441096,0.4716237871074271,0.0950344753053799,0.5810286844138519,0.5773993186311233,0.786216859345298,0.8315567376220201,0.7465555923330651,0.9056516517110808,0.5960877615204434,0.6294918759460889,0.8099664198307716,1,6,0,3,False,False,False,False,False,False,False,False
CCC1C23C=CC(=O)C(CCC(=O)Nc4ccccc4)C2C2CC(C3)C1(C)O2,LibInvent,379.5,28,0.3043,0,False,0,0,55.400000000000006,4.370300000000003,0.5035,0.4581,0.421,0.0639499999999999,0.7579945985683315,0.4687526470351724,0.1014832041213976,0.5461157600484194,0.6116509588941155,0.8217122586098308,0.8449999645612233,0.7376750510958612,0.915165315660177,0.6238922530728596,0.5666399358876377,0.7958774110907302,1,6,0,3,False,False,False,False,False,False,False,False
CC12OC3CC1CC1(C=CC(=O)C(CCC(=O)Nc4ccccc4)C31)C2N,LibInvent,366.46,27,0.3077,0,False,0,0,81.42,2.6714,0.5157,0.528,0.4428,0.0302999999999999,0.756991748447912,0.5622691239805864,0.1313577953155388,0.4707307248833399,0.4731584550567489,0.8119604249374905,0.8464050215014831,0.7892066117246266,0.9164700129154738,0.5950123824901247,0.5676732643220325,0.7722145212441531,1,6,0,3,False,False,False,False,True,False,False,False
CN(C)C1C23C=CC(=O)C(CCC(=O)Nc4ccccc4)C2C2CC(C3)C1(C)O2,LibInvent,394.52,29,0.3011,0,False,0,0,58.64,3.274300000000002,0.4899,0.4891,0.5165,-0.0128999999999999,0.7248769635973,0.5391448366709266,0.112788332479388,0.4546006716237996,0.4749382781701756,0.8476913110077987,0.6926114364704454,0.7707179654472317,0.9202443920132074,0.5398838939392813,0.5601320021532801,0.7428577441498557,1,6,0,3,False,False,False,False,True,False,False,False
CC12OC3CC1CC1(C=CC(=O)C(CCC(=O)Nc4ccccc4)C31)C2c1ccccc1,LibInvent,427.54,32,0.3043,0,False,0,0,55.400000000000006,5.127900000000005,0.6068,0.5006,0.4284,0.1422999999999999,0.8273425300013594,0.3947059138907897,0.1141122023215477,0.6457893554384525,0.707106244800234,0.894571076542424,0.8494492112570766,0.7949899455803208,0.949993635574244,0.7821472698645323,0.6155422727046621,0.9047042984862556,2,7,0,3,False,False,False,False,False,False,True,False
C=CCC1C23C=CC(=O)C(CCC(=O)Nc4ccccc4)C2C2CC(C3)C1(C)O2,LibInvent,391.51,29,0.2917,0,False,0,0,55.400000000000006,4.536400000000004,0.512,0.4864,0.3976,0.07,0.7788285277135508,0.4516719380812868,0.0816788040422537,0.5012929488377306,0.5991837430625986,0.836046317928126,0.8740896013402011,0.783953057799677,0.9268949526093984,0.658420872147185,0.5653813541793081,0.8070135379909601,1,6,0,3,False,False,False,False,False,False,False,False
CC12OC3CC1CC1(C=CC(=O)C(CCC(=O)Nc4ccccc4)C31)C2C=Cc1ccccc1,LibInvent,453.58,34,0.2887,0,False,0,0,55.400000000000006,5.6737000000000055,0.5559,0.4637,0.3509,0.1485999999999999,0.8484691691777482,0.4624903899631802,0.0881605746091799,0.6676134607036394,0.7712497875739375,0.9370036624206196,0.9383973853703242,0.7918234775541683,0.9659572155686508,0.8200220658904668,0.6155640623484349,0.8705163150915728,2,7,0,3,False,False,False,False,False,False,True,False
CC12OC3CC1CC1(C=CC(=O)C(CCC(=O)Nc4ccccc4)C31)C2c1cccc(C2CCCCC2)c1,LibInvent,509.69,38,0.2745,0,False,0,0,55.400000000000006,7.175600000000007,0.6639,0.546,0.4498,0.166,0.8764396915331766,0.2955080047315258,0.23928850599471,0.6652187756389341,0.6744383434083716,0.9642753309765588,0.9129244805415724,0.8406725411880842,0.9762337687023964,0.8729814950734468,0.6041782241759379,0.9638120000742392,2,8,0,3,False,False,False,False,False,False,False,False
CC(C)C1C23C=CC(=O)C(CCC(=O)Nc4ccccc4)C2C2CC(C3)C1(C)O2,LibInvent,393.53,29,0.3011,0,False,0,0,55.400000000000006,4.616300000000003,0.527,0.4949,0.4751,0.042,0.7733210725122205,0.4122778563506274,0.0826951401311203,0.5650784225637425,0.6505677744298016,0.8320213918476164,0.822476426492625,0.7197784306418605,0.9408934701379962,0.7032508581749951,0.5716453815676583,0.8231815487227919,1,6,0,3,False,False,False,False,False,False,False,False
CC(O)(C#CC1C23C=CC(=O)C(CCC(=O)Nc4ccccc4)C2C2CC(C3)C1(C)O2)c1ccc(Cl)cc1,LibInvent,530.06,38,0.2642,0,False,0,0,75.63,5.524800000000005,0.7081,0.6435,0.5345,0.1190999999999999,0.9358490848303516,0.4064403386333321,0.0897512806971294,0.6360578664073034,0.8044776422422444,0.9802627654564,0.9499977250293336,0.9100372128379588,0.9865638548816,0.9625031960302436,0.8026514376516277,0.9589274019252964,2,7,0,4,False,False,False,False,False,False,False,False
Cc1cc(OC(=O)CC2C34C=CC(=O)C(CCC(=O)Nc5ccccc5)C3C3CC(C4)C2(C)O3)ccc1O,LibInvent,515.61,38,0.3077,0,False,1,0,101.93,4.970020000000005,0.6231,0.5969,0.4176,0.11585,0.940267312966624,0.3710416216702786,0.1253790796178988,0.5295757852687695,0.7941375946274603,0.974145695324268,0.925865235923905,0.9521548866798814,0.9873760253082244,0.967870191664478,0.8082536643482694,0.9662054915173424,2,7,0,6,False,False,False,False,False,False,False,False
CC12OC3CC1CC1(C=CC(=O)C(CCC(=O)Nc4ccccc4)C31)C2c1ccc(Cl)cc1,LibInvent,461.99,33,0.2917,0,False,0,0,55.400000000000006,5.781300000000006,0.6613,0.5919,0.4674,0.13165,0.8938277642273705,0.4103219877859375,0.1160072407673325,0.6973555187328269,0.7880776584213087,0.9510326743472832,0.8823793138924041,0.8762896530418206,0.972271871779826,0.913383431999712,0.7393538055800665,0.922083598950482,2,7,0,3,False,False,False,False,False,False,True,False
CC12OC3CC1CC1(C=CC(=O)C(CCC(=O)Nc4ccccc4)C31)C2c1ccc(Cl)c(Cl)c1,LibInvent,496.43,34,0.28,0,False,0,0,55.400000000000006,6.434700000000006,0.685,0.5931,0.5089,0.1340000000000001,0.9348657238844664,0.3800782391802287,0.1274163608935851,0.7572752395295097,0.8209577312938712,0.9686828333609708,0.9359630079195644,0.9091025129803856,0.9834136699786457,0.9404425534136832,0.8527522360762531,0.9537032534617624,2,7,0,3,False,False,False,False,False,False,False,False
CC1C23C=CC(=O)C(CCC(=O)Nc4ccccc4)C2C2CC(C3)C1(N)O2,LibInvent,366.46,27,0.2967,0,False,0,0,81.42,2.8765,0.5601,0.5425,0.4824,0.04765,0.7947235921949415,0.467718999440268,0.1069827345302547,0.4155712312104435,0.5490108546487101,0.8463983488128042,0.8362903265584591,0.8282697628533674,0.9149517282960103,0.6791309180213344,0.638045232169557,0.8199788286530573,1,6,0,3,False,False,False,False,False,False,False,False
CC1C23C=CC(=O)C(CCC(=O)Nc4ccccc4)C2C2CC(C3)C1(CC#N)O2,LibInvent,390.48,29,0.2917,0,False,0,0,79.19000000000001,3.873980000000003,0.5045,0.4981,0.4546,0.0281499999999999,0.729881520226643,0.4918865128937359,0.0812191552007974,0.6046511478364291,0.6170169429126788,0.7598234398847236,0.8250361718982494,0.70917868638722,0.8650327315946802,0.6189983981828708,0.5565752256932955,0.7745259879454615,1,6,0,3,False,False,False,False,False,False,False,False
CC1C23C=CC(=O)C(CCC(=O)Nc4ccccc4)C2C2CC(C3)C1(C(F)(F)F)O2,LibInvent,419.44,30,0.2842,0,False,0,0,55.400000000000006,4.522600000000004,0.5878,0.5584,0.5225,0.04735,0.7937518451431945,0.4739824489125554,0.1470072151549686,0.5444237824890152,0.6597600795442196,0.8366009486237052,0.8694882479039837,0.7498964760903579,0.8828443155885589,0.6618610548947371,0.7234125665102238,0.8321593063907949,1,6,0,3,False,False,False,False,False,False,True,False
CC1C23C=CC(=O)C(CCC(=O)Nc4ccccc4)C2C2CC(C3)C1(CCC#N)O2,LibInvent,404.51,30,0.2857,0,False,0,0,79.19000000000001,4.264080000000003,0.4723,0.4766,0.3458,0.0610999999999999,0.712790424213366,0.4994306936238043,0.076908739204245,0.5646688936104715,0.6136574713080137,0.7652582420950078,0.8189270285506829,0.6744637311516927,0.8436765210644815,0.6129116632922161,0.5116971400771638,0.7625986432623174,1,6,0,3,False,False,False,False,True,False,True,False
CC12OC3CC1CC1(C=CC(=O)C(CCC(=O)Nc4ccccc4)C31)C2Nc1ccccc1,LibInvent,442.56,33,0.3043,0,False,0,0,67.43,4.824800000000004,0.5904,0.5271,0.4425,0.1056,0.8363986371378204,0.4424084554906981,0.095128078155581,0.5846886410275834,0.672103154055488,0.938285428349645,0.8982227854403757,0.8034768873010578,0.9542212748427972,0.7671663991393999,0.6357410739600626,0.8576766109314041,2,7,0,3,False,False,False,False,False,False,True,False
CC12OC3CC1CC1(C=CC(=O)C(CCC(=O)Nc4ccccc4)C31)C2CC(=O)Nc1ccccc1,LibInvent,484.6,36,0.3043,0,False,0,0,84.5,4.989100000000004,0.5332,0.4971,0.4348,0.06725,0.8370824101658361,0.4541622822964897,0.1139537146477716,0.5866191308152573,0.6532623788997638,0.887814236965661,0.8803278913292742,0.8086994414444129,0.928828547740468,0.8145886382516428,0.6799015818534185,0.859416533575975,2,7,0,4,False,False,False,False,False,False,False,False
CC(Cl)=Cc1cccc(C2C34C=CC(=O)C(CCC(=O)Nc5ccccc5)C3C3CC(C4)C2(C)O3)c1,LibInvent,502.05,36,0.2667,0,False,0,0,55.400000000000006,6.727500000000006,0.6415,0.631,0.4728,0.0895999999999999,0.9230061495736658,0.3846635203324841,0.1133281922902128,0.7184071542399306,0.7918961492601759,0.9688990313825024,0.921265885920082,0.8910199937284929,0.985566951355272,0.9238137927915014,0.7969167029977342,0.973560688840076,2,7,0,3,False,False,False,False,False,False,False,False
CC12OC3CC1CC1(C=CC(=O)C(CCC(=O)Nc4ccccc4)C31)C2CCC(=O)O,LibInvent,423.51,31,0.3152,0,False,0,1,92.7,3.8251000000000026,0.5863,0.5206,0.4716,0.0902,0.8640907315900367,0.5430821096988186,0.1103705216127268,0.4425660039133342,0.5821230282469971,0.929756227708568,0.8622476866908653,0.8540521589913505,0.9579169273701348,0.7887301487097766,0.7293158925062606,0.926616079153301,1,6,0,5,False,False,False,False,True,False,True,False
CC12OC3CC1CC1(C=CC(=O)C(CCC(=O)Nc4ccccc4)C31)C2c1ccoc1,LibInvent,417.51,31,0.2887,0,False,0,0,68.54,4.720900000000004,0.5443,0.4971,0.4896,0.05095,0.7686615248412504,0.5608254123070207,0.1328787602078355,0.5870336195680401,0.6268966252322044,0.8362342020346515,0.7476889403671312,0.7881238183785754,0.9269267584647376,0.7546765819745254,0.5776371170499743,0.7493432556191572,2,7,0,4,False,False,False,False,True,False,True,False
CC12OC3CC1CC1(C=CC(=O)C(CCC(=O)Nc4ccccc4)C31)C2c1cccc(C(=O)NCc2ccccc2)c1,LibInvent,560.69,42,0.2617,0,False,0,0,84.5,6.057900000000006,0.6316,0.5713,0.4277,0.1321,0.8820261908515616,0.3080832148400645,0.116735090903772,0.7445993382162176,0.6944596894018095,0.9691847999074488,0.8604203834337539,0.8879900208211117,0.9593570772048464,0.9033526330967548,0.6996200811779901,0.8942583403190265,3,8,0,4,False,False,False,False,False,False,False,False
CC12OC3CC1CC1(C=CC(=O)C(CCC(=O)Nc4ccccc4)C31)C2C=Cc1ccccc1O,LibInvent,469.58,35,0.303,0,False,1,0,75.63000000000001,5.379300000000006,0.5754,0.4933,0.3978,0.12985,0.8863734522238105,0.4165984552702227,0.10970084116267,0.4758502730051744,0.8350221647135497,0.9411118284425504,0.9381431767452232,0.8834683258449494,0.979212598745478,0.8970335023432209,0.6831565909395317,0.8824881425057205,2,7,0,4,False,False,False,False,False,False,True,False
CC(C)C12OC3CC1CC1(C=CC(=O)C(CCC(=O)Nc4ccccc4)C31)C2C,LibInvent,393.53,29,0.2872,0,False,0,0,55.400000000000006,4.616300000000004,0.4669,0.5389,0.4232,-0.01415,0.7558573717950933,0.4963466898133347,0.0909648555058426,0.5866828569626923,0.6278422448981291,0.8158711160090545,0.8438255366900667,0.7109814250994821,0.9224645097380854,0.6343049415822035,0.5472320860352679,0.8163219874114933,1,6,0,3,False,False,False,False,True,False,False,False
CNC12OC3CC1CC1(C=CC(=O)C(CCC(=O)Nc4ccccc4)C31)C2c1ccccc1,LibInvent,442.56,33,0.2842,0,False,0,0,67.42999999999999,4.284900000000003,0.6083,0.5801,0.494,0.0712499999999999,0.8615176619293112,0.5306383330231014,0.1080375232074236,0.6030540473718525,0.658518505422415,0.945964179801417,0.8529804687772293,0.8242319209297494,0.962542588969676,0.8890649790121974,0.6730142610103789,0.88282523500453,2,7,0,3,False,False,False,False,True,False,True,False
CC12CC34C=C(C#N)C(=O)C(CCC(=O)Nc5ccccc5)C3C(CC1C4)O2,LibInvent,376.46,28,0.3908,0,False,0,0,79.19,3.627980000000002,0.5528,0.4942,0.4362,0.0876,0.8371278323165335,0.4644482534179615,0.1054459677456902,0.6751036505434745,0.6537612786931837,0.8358030987880323,0.9121317273069296,0.7997871374694093,0.9218083637768651,0.766134621362036,0.77652312854935,0.8477067489631124,1,6,0,3,False,False,False,False,False,False,False,False
N#CC1=CC23CC4CC(OC4(C#N)C2)C3C(CCC(=O)Nc2ccccc2)C1=O,LibInvent,387.44,29,0.3118,0,False,0,0,102.98,3.131660000000001,0.5143,0.5005,0.4237,0.0522,0.7613949022400021,0.4166278290763582,0.0828557919672202,0.68339840982173,0.6405326514237679,0.7869234111920779,0.8702753768803613,0.6860568809108928,0.8283537234496087,0.6732378342310894,0.6586532760813588,0.8262638129346258,1,6,0,3,False,False,False,False,False,False,False,False
CCCC12CC34C=C(C#N)C(=O)C(CCC(=O)Nc5ccccc5)C3C(CC1C4)O2,LibInvent,404.51,30,0.3125,0,False,0,0,79.19,4.408180000000003,0.538,0.5386,0.4678,0.0348,0.8455227109577939,0.4425019900777974,0.1324587902345841,0.6208370780942464,0.7195437380692942,0.9061333978891012,0.913402368915344,0.8082668623987326,0.942763156868886,0.7996273350934708,0.6668847585403496,0.8815810969986727,1,6,0,3,False,False,False,False,False,False,True,False
CCC12CC34C=C(C#N)C(=O)C(CCC(=O)Nc5ccccc5)C3C(CC1C4)O2,LibInvent,390.48,29,0.3053,0,False,0,0,79.19,4.018080000000003,0.5524,0.5236,0.4626,0.0593,0.8173456165001636,0.4878427396648782,0.114121386604272,0.636254221484277,0.710005546216208,0.8542084595153115,0.9001368508120815,0.794602441098898,0.922694074483459,0.7437553069042323,0.6616888111190254,0.8443333715681379,1,6,0,3,False,False,False,False,False,False,False,False
N#CC1=CC23CC4CC(OC4(N)C2)C3C(CCC(=O)Nc2ccccc2)C1=O,LibInvent,377.44,28,0.2979,0,False,0,0,105.20999999999998,2.524280000000001,0.5485,0.5257,0.5306,0.02035,0.8429247829298855,0.4770921443167814,0.1721687339676215,0.5589517787821082,0.5996515806386444,0.8713717089197067,0.9085210422453616,0.8560056453782791,0.8991846048067935,0.7735670799746952,0.7354647865527265,0.8563586126316362,1,6,0,3,False,False,False,False,False,False,False,False
N#CC1=CC23CC4CC(OC4(c4ccccc4)C2)C3C(CCC(=O)Nc2ccccc2)C1=O,LibInvent,438.53,33,0.2947,0,False,0,0,79.19,4.764780000000004,0.5987,0.5392,0.4352,0.1115,0.8557477432069803,0.3332710663451834,0.1067298474457501,0.6849255760205565,0.7541494972624136,0.9041005825870776,0.914678179400594,0.7285611984947358,0.9479872918022252,0.8779677061722962,0.6714778879747837,0.9454613560171486,2,7,0,3,False,False,False,False,False,False,True,False
CC#CC12CC34C=C(C#N)C(=O)C(CCC(=O)Nc5ccccc5)C3C(CC1C4)O2,LibInvent,400.48,30,0.3125,0,False,0,0,79.19,3.6313800000000023,0.5282,0.5593,0.4437,0.0266999999999999,0.836673800692191,0.3964218755944916,0.0650352376242607,0.6614441027988452,0.6556772238135538,0.9069059868773276,0.8983513863429733,0.8202321381683818,0.9025392986353172,0.8041507107346733,0.6800724708409391,0.8444646132457252,1,6,0,3,False,False,False,False,False,False,True,False
N#CN=C(N)C1=CC23CC4CC(OC4(C#N)C2)C3C(CCC(=O)Nc2ccccc2)C1=O,LibInvent,429.48,32,0.29,0,False,0,0,141.36,2.446360000000001,0.5187,0.5975,0.4397,0.0001000000000001,0.814105517710652,0.4864999464882591,0.1598410778579375,0.5204878852929913,0.6866325605684038,0.8679896036602962,0.8202468085809116,0.8074300678094132,0.8551115879983354,0.7406098795763129,0.7514365890918427,0.8559140872574519,1,6,0,3,False,False,False,False,False,False,True,False
CC(=O)NC(=O)C1=CC23CC4CC(OC4(C#N)C2)C3C(CCC(=O)Nc2ccccc2)C1=O,LibInvent,447.49,33,0.3093,0,False,0,0,125.36,2.27078,0.5822,0.5996,0.5367,0.0140500000000001,0.90485503539984,0.4067253716857512,0.1335009733313204,0.5065128488611963,0.5412122947430063,0.9611434000027742,0.918328289030968,0.8624458680094924,0.9602399322692156,0.8636905009182252,0.8487296959525676,0.9194075616156372,1,6,0,5,False,False,False,False,False,False,True,False
CNC12CC34C=C(C#N)C(=O)C(CCC(=O)Nc5ccccc5)C3C(CC1C4)O2,LibInvent,391.47,29,0.3053,0,False,0,0,91.22,2.784980000000001,0.5873,0.5806,0.5497,0.02215,0.8606748093379908,0.5081871129927492,0.1331410998038921,0.5187416641318732,0.6345921796300648,0.9041325360301954,0.8821393555406125,0.8726861453396869,0.901502268652382,0.831173356413441,0.7899386790138063,0.8431513243758112,1,6,0,3,False,False,False,False,True,False,False,False
N#CCC12CC34C=C(C#N)C(=O)C(CCC(=O)Nc5ccccc5)C3C(CC1C4)O2,LibInvent,401.47,30,0.3053,0,False,0,0,102.98,3.521760000000002,0.5362,0.5534,0.4003,0.05935,0.8244410664366256,0.4400853105283004,0.1096010988999919,0.7028309982721384,0.7087185739600657,0.8744698356263189,0.9125729575419036,0.7843695974692061,0.9077388439563866,0.778385851807022,0.6570965804329347,0.8564537982226071,1,6,0,3,False,False,False,False,False,False,True,False
N#CC1=CC23CC4CC(OC4(CF)C2)C3C(CCC(=O)Nc2ccccc2)C1=O,LibInvent,394.45,29,0.2917,0,False,0,0,79.19,3.577580000000002,0.5948,0.6188,0.4121,0.07935,0.8731858375924041,0.4451324216518022,0.1333489887034294,0.6485654101742903,0.6486673930758822,0.901746999054669,0.9335417504239232,0.86996572872787,0.921972058176566,0.854741519800716,0.7587817341261985,0.871551072836886,1,6,0,3,False,False,False,False,False,False,False,False
CC1=C(C#N)C(=O)C(C)(CCC(=O)Nc2ccccc2)C2C3CC4CC12CC4O3,LibInvent,390.48,29,0.3297,0,False,0,0,79.19,4.018080000000003,0.5514,0.5369,0.4722,0.0468499999999999,0.8417158467377119,0.4175679727657308,0.0646771962672608,0.720813628848583,0.662879226272917,0.8802577715596563,0.8825125036890149,0.797090704821852,0.952268393613214,0.7683098867822263,0.6603319532367923,0.9512397134612284,1,6,0,3,False,False,False,False,False,False,False,False
CC1=C(C)C23CC4CC(OC4C2)C3C(C)(CCC(=O)Nc2ccccc2)C1=O,LibInvent,379.5,28,0.3333,0,False,0,0,55.4,4.514400000000004,0.5336,0.488,0.3798,0.0996999999999999,0.7998045082962582,0.3645319693079188,0.0925731672649651,0.6863514974897018,0.6253601521865383,0.8099099814182728,0.8366898712936564,0.7869649349340625,0.9362679289071242,0.7334257152033733,0.5926916465307931,0.9026814797865258,1,6,0,3,False,False,False,False,False,False,False,False
CCC1(CCC(=O)Nc2ccccc2)C(=O)C(C)=C(C)C23CC4CC(OC4C2)C13,LibInvent,393.53,29,0.2857,0,False,0,0,55.400000000000006,4.904500000000004,0.5422,0.5171,0.3956,0.0858499999999999,0.8152271144068921,0.4728563470890351,0.0712201553744842,0.6647770034525474,0.653122286552271,0.8559694909706357,0.8742297531953205,0.7878266559745359,0.9364549480058816,0.7386398160306579,0.6194509925405811,0.8940181441306319,1,6,0,3,False,False,False,False,False,False,False,False
C#CC1=CC23CC4CC(OC4C2C)C3C(C)(CCC(=O)Nc2ccccc2)C1=O,LibInvent,389.5,29,0.3085,0,False,0,0,55.4,3.9836000000000023,0.5784,0.617,0.4178,0.061,0.8192477348215353,0.3989828296382047,0.1390345838082504,0.6836883918851835,0.6799808058625576,0.8674072648881603,0.9056866907966032,0.7856824084289474,0.9351050550045518,0.7179018503288058,0.668759544555804,0.8541913297478757,1,6,0,3,False,False,False,False,False,False,False,False
CC1C2OC3CC2CC12C=C(C#N)C(=O)C(C)(CCC(=O)Nc1ccccc1)C32,LibInvent,390.48,29,0.3085,0,False,0,0,79.19,3.873980000000002,0.6174,0.5957,0.4602,0.0894499999999999,0.856417020511417,0.4932800835520312,0.0728299868002719,0.6761142640341814,0.6711233811897539,0.9219354110708752,0.8937572365592057,0.8649051522609112,0.9399493107168316,0.8293930584404379,0.6943233700388753,0.8506556044927827,1,6,0,3,False,False,False,False,True,False,False,False
CC1C2OC3CC2CC12C=C(CC#N)C(=O)C(C)(CCC(=O)Nc1ccccc1)C32,LibInvent,404.51,30,0.3021,0,False,0,0,79.19,4.264080000000003,0.5722,0.5701,0.3981,0.0881,0.8561700179552902,0.4737728080299569,0.0791800424962197,0.6854257501423352,0.6711571871762794,0.9155125356131156,0.8992057929335124,0.8213839071373594,0.946361717468248,0.8158889022559138,0.7234289941332323,0.8714082761456501,1,6,0,3,False,False,False,False,False,False,True,False
CC1C2OC3CC2CC12C=C(C(N)=O)C(=O)C(C)(CCC(=O)Nc1ccccc1)C32,LibInvent,408.5,30,0.3261,0,False,0,0,98.49,2.835700000000001,0.6492,0.6264,0.5255,0.07325,0.8970107648843358,0.5628940846026894,0.0913340024720298,0.5663508358729096,0.5535080673935655,0.9358015404223125,0.8653301205991006,0.899681599971634,0.9646654146447192,0.8932839052447686,0.8220903366529057,0.89822243665491,1,6,0,4,False,False,False,False,True,False,True,False
CC1=CC23CC4CC(OC4C2C)C3C(C)(CCC(=O)Nc2ccccc2)C1=O,LibInvent,379.5,28,0.3222,0,False,0,0,55.4,4.370300000000004,0.5569,0.559,0.3834,0.0856999999999998,0.8138879041748183,0.3826358150231378,0.1343280480439284,0.6491567733117442,0.6273574324213698,0.879936372884255,0.8496413751219349,0.8219966943061747,0.9469484181126504,0.7336654761199483,0.6175637298775299,0.8474632628012352,1,6,0,3,False,False,False,False,False,False,False,False
CC1C2OC3CC2CC12C=C(C(N)=C(C#N)C#N)C(=O)C(C)(CCC(=O)Nc1ccccc1)C32,LibInvent,456.55,34,0.29,0,False,0,0,129.0,3.610360000000002,0.6263,0.6488,0.5206,0.0415999999999999,0.9439867301840048,0.5831195420958762,0.0961549482651674,0.6757400572439585,0.7525800597191735,0.976787383847149,0.9165716096964374,0.9147562962715629,0.982550115196224,0.946771107991996,0.903369148036606,0.9671014502480588,1,6,0,3,False,False,False,False,True,False,True,False
CC1C2OC3CC2CC12C=C(C(N)=C(C#N)C(=O)O)C(=O)C(C)(CCC(=O)Nc1ccccc1)C32,LibInvent,475.55,35,0.2843,0,False,0,1,142.51,3.171380000000001,0.7174,0.7005,0.6312,0.0515499999999999,0.9624372408917498,0.661627530582513,0.0764588762437252,0.4364603310662357,0.7192452390408206,0.9921144242374432,0.906124777681637,0.9786090730989344,0.9877863226229664,0.9671787410086626,0.9253432182071484,0.979904129385456,1,6,0,5,False,False,False,False,True,False,True,False
CC1=C(C)C23CC4CC(OC4(CC#N)C2)C3C(CCC(=O)Nc2ccccc2)C1=O,LibInvent,404.51,30,0.2784,0,False,0,0,79.19,4.408180000000003,0.5296,0.5215,0.4293,0.0541999999999999,0.7608005886939794,0.3862138801559693,0.2089952582242634,0.745810965023322,0.6568766047981259,0.7789026715356301,0.798447425174706,0.7200856562104468,0.9002417592417985,0.6571555517505256,0.5938606664900851,0.8769103904546625,1,6,0,3,False,False,False,False,False,False,True,False
CC1=C(C)C23CC4CC(OC4(C)C2)C3C(CCC(=O)Nc2ccccc2)C1=O,LibInvent,379.5,28,0.3563,0,False,0,0,55.4,4.514400000000004,0.4973,0.4724,0.419,0.0516,0.7722562984282161,0.3662679736713602,0.1286564321877817,0.7143220776718247,0.605022818512243,0.8252688853091437,0.817105082828007,0.759974355478899,0.9252064129938962,0.6274050262942276,0.6160353717186074,0.834798954374732,1,6,0,3,False,False,False,False,False,False,False,False
C#CC1=C(C)C23CC4CC(OC4(C)C2)C3C(CCC(=O)Nc2ccccc2)C1=O,LibInvent,389.5,29,0.3516,0,False,0,0,55.4,4.127700000000003,0.5072,0.5088,0.422,0.0417999999999999,0.756609147744822,0.3945020215131558,0.1082809411564951,0.7714355213104284,0.6414030769593697,0.771436880597446,0.872694581501624,0.6947747150523113,0.9279800092506304,0.5718098643594666,0.585008472029062,0.8725595114232138,1,6,0,3,False,False,False,False,False,False,False,False
CC1=C(C#N)C(=O)C(CCC(=O)Nc2ccccc2)C2C3CC4CC12CC4(C)O3,LibInvent,390.48,29,0.3516,0,False,0,0,79.19,4.018080000000003,0.529,0.4976,0.4205,0.06995,0.7953028460094326,0.443475022901615,0.0908853629899685,0.7152438774558774,0.6300144905816465,0.82085937058983,0.8728614301380613,0.739162241244674,0.9209822995377034,0.6670500539757005,0.6763221506203335,0.8698823759597243,1,6,0,3,False,False,False,False,False,False,False,False
CC1=C(C(C)C)C(=O)C(CCC(=O)Nc2ccccc2)C2C3CC4CC12CC4(C)O3,LibInvent,407.55,30,0.3407,0,False,0,0,55.400000000000006,5.150500000000005,0.5277,0.4221,0.3485,0.1423999999999999,0.7778566384322289,0.4401358267252882,0.0944001480098974,0.7072894781077976,0.6581429207324224,0.8267234328432059,0.7474293818269868,0.7781624477069179,0.9494369103327192,0.7088936975834054,0.5742311382624137,0.8601194604699526,1,6,0,3,False,False,False,False,False,False,True,False
CC1=C(C#N)C23CC4CC(OC4(C)C2)C3C(CCC(=O)Nc2ccccc2)C1=O,LibInvent,390.48,29,0.337,0,False,0,0,79.19,4.018080000000003,0.5327,0.545,0.4887,0.0158499999999999,0.7855405582759077,0.3958626202562821,0.0982165933557635,0.7317935193834951,0.6148781412051607,0.8290035203614226,0.8824622107406996,0.7597607252383506,0.9019346542619098,0.6218731901744402,0.6181078188700263,0.8856417882845059,1,6,0,3,False,False,False,False,False,False,False,False
CCC12CC34CC1CC(O2)C3C(CCC(=O)Nc1ccccc1)C(=O)C(C)=C4C,LibInvent,393.53,29,0.2766,0,False,0,0,55.4,4.904500000000004,0.527,0.5571,0.4508,0.02305,0.7950717512730462,0.3811835301258347,0.1554615540902438,0.6804157731992666,0.6355797164704766,0.8587544627766724,0.8257977663183041,0.7746055360937193,0.92826489795171,0.6952057126203369,0.5903260275012219,0.8925478556493585,1,6,0,3,False,False,False,False,False,False,False,False
CC1=C(CC#N)C(=O)C(CCC(=O)Nc2ccccc2)C2C3CC4CC12CC4(C)O3,LibInvent,404.51,30,0.3298,0,False,0,0,79.19,4.408180000000003,0.5168,0.5165,0.3865,0.0653,0.7985111890171993,0.4301075037403084,0.0879676279597322,0.7075080095666456,0.6222186244958784,0.8079192968047954,0.872308055068158,0.7532897665909576,0.929963918908778,0.7070851547741025,0.6402073359749246,0.8788047949986789,1,6,0,3,False,False,False,False,False,False,True,False
CCC1=C(C)C23CC4CC(OC4(C)C2)C3C(CCC(=O)Nc2ccccc2)C1=O,LibInvent,393.53,29,0.3444,0,False,0,0,55.4,4.904500000000004,0.5076,0.4412,0.3637,0.10515,0.7720054097032085,0.3877640415031007,0.0971396531054517,0.7213901876837041,0.6094953000149888,0.829847207959153,0.7870853720391224,0.7637828215734639,0.9389190661368568,0.6510471217427881,0.5830527077430004,0.8503035707280756,1,6,0,3,False,False,False,False,False,False,False,False
CC1C23C=CC(=O)C(C)(CCC(=O)Nc4ccccc4)C2C2CC(C3)C1(C)O2,LibInvent,379.5,28,0.475,0,False,0,0,55.400000000000006,4.370300000000003,0.5102,0.5316,0.392,0.0484,0.8075465625720181,0.4023206726174703,0.0743894234505448,0.5805549514084201,0.6220204708844378,0.8421358895573855,0.8465898330525279,0.7865776886168304,0.9360442425664716,0.6946519750677934,0.6798160824185179,0.8670102267245995,1,6,0,3,False,False,False,False,False,False,False,False
CC1C23C=CC(=O)C(C)(CCC(=O)Nc4ccccc4)C2C2CC(C3)C1(CCCS(=O)(=O)O)O2,LibInvent,487.62,34,0.4222,0,False,0,0,109.77,4.018400000000002,0.6099,0.6406,0.5314,0.0239,0.8605951295896391,0.5526053136149165,0.0997012905543263,0.3260917910493427,0.6302417063211655,0.9467777875064952,0.8735277708417891,0.8181167699047452,0.9350845308608874,0.8562767408828243,0.7357838879231897,0.8585984192075419,1,6,0,6,False,False,False,False,True,False,False,False
CC1C23C=CC(=O)C(C)(CCC(=O)Nc4ccccc4)C2C2CC(C3)C1(CC(=O)O)O2,LibInvent,423.51,31,0.4634,0,False,0,1,92.7,3.8251000000000026,0.6287,0.645,0.4622,0.0751,0.9152652978287994,0.5152775204717879,0.0625872916689374,0.3612987322677624,0.6094997305919437,0.9552985128091848,0.8668639718796441,0.9066302601839517,0.9797336529941512,0.903872433050641,0.831158314138309,0.9632999397457136,1,6,0,5,False,False,False,False,True,False,True,False
CC(=O)CCC12OC3CC1CC1(C=CC(=O)C(C)(CCC(=O)Nc4ccccc4)C31)C2C,LibInvent,435.56,32,0.4471,0,False,0,0,72.47,4.719600000000004,0.5675,0.5915,0.4192,0.06215,0.8366849642893845,0.4449828741436928,0.074821630859489,0.4996471301478954,0.6358043283322263,0.8876220329395398,0.8719712541549056,0.7800634976124995,0.9541347290581292,0.7793959985773116,0.688451891210077,0.8951553464732293,1,6,0,4,False,False,False,False,False,False,True,False
CC1(CCC(=O)Nc2ccccc2)C(=O)C=CC23CC4CC(OC4(C)C2CC#N)C13,LibInvent,404.51,30,0.4419,0,False,0,0,79.19,4.264080000000003,0.5144,0.5113,0.3777,0.0698999999999999,0.7535652373613244,0.4149459399869035,0.0777642537944391,0.4539767327465577,0.6740048019024305,0.7935950704219726,0.8083893594414384,0.699212434562321,0.8726925032572579,0.6460370111015296,0.6134490748670014,0.8415812078777504,1,6,0,3,False,False,False,False,False,False,True,False
CC1C23C=CC(=O)C(C)(CCC(=O)Nc4ccccc4)C2C2CC(C3)C1(CON=Cc1ccc(O)c(O)c1)O2,LibInvent,530.62,39,0.4227,0,False,2,0,117.45000000000002,4.812300000000006,0.6842,0.6363,0.5143,0.1089000000000001,0.9629886192927566,0.4198806254328276,0.1238482835232148,0.3961843151479637,0.8865831436214237,0.983767285122242,0.966389002794288,0.960677657250236,0.9902354144184676,0.9831610547075512,0.8745303663150518,0.9821595544414596,2,7,0,6,False,False,False,False,False,False,False,False
CC1C23C=CC(=O)C(C)(CCC(=O)Nc4ccccc4)C2C2CC(C3)C1(COC(=O)c1cccc(S(=O)(=O)O)c1)O2,LibInvent,579.67,41,0.3762,0,False,0,0,136.07,4.454100000000004,0.6949,0.6592,0.6142,0.0581999999999999,0.9716125915301832,0.5318385679927715,0.0859718212265162,0.4568503929192968,0.802538812506241,0.988227122503217,0.9694031359601442,0.9642302972071534,0.9853625587850908,0.9918021670145448,0.9341923280061996,0.9680705312349316,2,7,0,8,False,False,False,False,True,False,False,False
CC1C23C=CC(=O)C(C)(CCC(=O)Nc4ccccc4)C2C2CC(C3)C1(Cc1c(Cl)cccc1Cl)O2,LibInvent,524.49,36,0.4222,0,False,0,0,55.400000000000006,6.899900000000006,0.6694,0.6598,0.5202,0.0793999999999999,0.9573590845850636,0.4820127219676389,0.0691500494334959,0.6923263384537527,0.8112575608936814,0.9839172591151788,0.9637744689472094,0.9355713281040976,0.9890365607722484,0.9517941507217956,0.901481017377026,0.9759388070578876,2,7,0,3,False,False,False,False,False,False,False,False
CC1C23C=CC(=O)C(C)(CCC(=O)Nc4ccccc4)C2C2CC(C3)C1(CCC(=O)O)O2,LibInvent,437.54,32,0.4578,0,False,0,1,92.7,4.215200000000003,0.6114,0.6216,0.4899,0.05565,0.9044531502144456,0.5326739314503838,0.0744012187643297,0.3850321338104101,0.6621993359581295,0.9570304639466312,0.8734378309241329,0.8980652369230459,0.9716998218303656,0.868119394878291,0.802241290675689,0.9605780123229642,1,6,0,5,False,False,False,False,True,False,True,False
CC1C23C=C(C#N)C(=O)C(CCC(=O)Nc4ccccc4)C2C2CC(C3)C1(C)O2,LibInvent,390.48,29,0.2708,0,False,0,0,79.19,3.873980000000003,0.5814,0.5685,0.4338,0.08025,0.8401871614784164,0.4524049246410869,0.1083324367424897,0.6535004547244907,0.6765226066224604,0.8390839914354107,0.8894859146670518,0.8003451214296643,0.9168374500104244,0.7746145069270858,0.7819480939535147,0.8789950519257627,1,6,0,3,False,False,False,False,False,False,False,False
C=C(C)C1=CC23CC4CC(OC4(C)C2C)C3C(CCC(=O)Nc2ccccc2)C1=O,LibInvent,405.54,30,0.2708,0,False,0,0,55.4,4.926500000000004,0.591,0.6268,0.4136,0.0707999999999999,0.8250864960856978,0.447823403084395,0.1275896528052194,0.6290131745255366,0.669406662126095,0.8948940118253188,0.8760838857948693,0.815935750657195,0.9627204605313628,0.7333680807811497,0.6272237831616755,0.8653794998483133,1,6,0,3,False,False,False,False,False,False,True,False
CCC1C23C=C(C#N)C(=O)C(CCC(=O)Nc4ccccc4)C2C2CC(C3)C1(C)O2,LibInvent,404.51,30,0.2626,0,False,0,0,79.19,4.264080000000003,0.5726,0.5869,0.4315,0.0634,0.8387606857617994,0.507589345887151,0.0740956409640601,0.6527395650695788,0.686714604082074,0.9145659108874852,0.9151041472666264,0.7889316806296698,0.9318789043804842,0.7797697144862717,0.6871164498096435,0.8539579928724158,1,6,0,3,False,False,False,False,True,False,True,False
CC1=CC23CC4CC(OC4(C)C2C)C3C(CCC(=O)Nc2ccccc2)C1=O,LibInvent,379.5,28,0.2826,0,False,0,0,55.4,4.370300000000004,0.5422,0.5954,0.3897,0.0496499999999999,0.7785475166987182,0.4005193069474577,0.1549780860001688,0.6743170517383243,0.5861056554143792,0.8069158647010081,0.8096359105294374,0.7743199067705208,0.9367817421533822,0.6411272137832229,0.6137161245019088,0.8673358544515484,1,6,0,3,False,False,False,False,False,False,False,False
CC12OC3CC1CC1(C=C(C#N)C(=O)C(CCC(=O)Nc4ccccc4)C31)C2c1cccc(O)c1,LibInvent,468.55,35,0.2692,0,False,1,0,99.42,4.727280000000005,0.6374,0.5812,0.4917,0.1009499999999998,0.8925373921883702,0.3703863027446465,0.1544887453090829,0.6374055147613877,0.8585689367668001,0.9508095539724852,0.8891327218487103,0.8775684657260268,0.9782561068766942,0.9221322255467842,0.6699814043916227,0.9598812669562692,2,7,0,4,False,False,False,False,False,False,True,False
CC1C23C=C(C#N)C(=O)C(CCC(=O)Nc4ccccc4)C2C2CC(C3)C1(CC#N)O2,LibInvent,415.49,31,0.26,0,False,0,0,102.98,3.767760000000002,0.5394,0.5996,0.4272,0.0259999999999999,0.8364618504598236,0.5342550840742479,0.0845244858891824,0.6960099619709473,0.7216502249948156,0.904257260185452,0.9200101647616274,0.7765757377669186,0.9272027785565696,0.752635316453635,0.7442135185714486,0.830338176923115,1,6,0,3,False,False,False,False,True,False,True,False
CC12OC3CC1CC1(C=C(C#N)C(=O)C(CCC(=O)Nc4ccccc4)C31)C2c1ccccc1,LibInvent,452.55,34,0.2626,0,False,0,0,79.19,5.021680000000004,0.6104,0.5597,0.4375,0.1118,0.8729212032659869,0.4376646357596921,0.122254803794396,0.744453533521292,0.7609835940813514,0.9118077505367562,0.9024781705165624,0.7837758031542905,0.9696329699322084,0.8793591785539826,0.7076421339848037,0.9557524161833054,2,7,0,3,False,False,False,False,False,False,True,False
CC12OC3CC1CC1(C=C(C#N)C(=O)C(CCC(=O)Nc4ccccc4)C31)C2c1cc[nH]c1,LibInvent,441.53,33,0.2476,0,False,0,0,94.98,4.349780000000003,0.6004,0.584,0.3976,0.1096,0.8646449492407726,0.4721944364528958,0.1573713638261627,0.6965348905499947,0.7049004902408601,0.8917222490507077,0.8506135513117814,0.8259322941413663,0.9586684370065566,0.8531519100264996,0.761241066698605,0.911185136449892,2,7,1,3,False,False,False,False,False,False,True,False
CC1=CC(=O)C(C)(CCC(=O)Nc2ccccc2)C2C3CC4CC12CC4(C)O3,LibInvent,379.5,28,0.4937,0,False,0,0,55.400000000000006,4.514400000000004,0.5111,0.4639,0.3475,0.1054,0.7860978239540247,0.3490455707738747,0.1093139041500785,0.6660702939300515,0.6044848591907752,0.8382268822131166,0.8222647967900822,0.7790944398626841,0.9362127595477506,0.6987061092018276,0.5945401673605261,0.8336396127021857,1,6,0,3,False,False,False,False,False,False,False,False
CCC1=CC(=O)C(C)(CCC(=O)Nc2ccccc2)C2C3CC4CC12CC4(C)O3,LibInvent,393.53,29,0.4815,0,False,0,0,55.400000000000006,4.904500000000005,0.5384,0.4715,0.4415,0.0818999999999999,0.799109745218544,0.340266115937665,0.1083721337674577,0.6666475519612598,0.6630135511774503,0.86705983908922,0.8621132413712558,0.7458460203332672,0.9437920424085494,0.6921836766836709,0.632177945539405,0.8505954511044392,1,6,0,3,False,False,False,False,False,False,False,False
CC12CC34CC1CC(O2)C3C(C)(CCC(=O)Nc1ccccc1)C(=O)C=C4C#N,LibInvent,390.48,29,0.4699,0,False,0,0,79.19,4.018080000000003,0.5771,0.4553,0.4377,0.1305999999999999,0.8068271691541186,0.3965980180985524,0.1313003338523114,0.675627906072183,0.5833407132096983,0.8816891993377795,0.8733243944670335,0.8138130155648353,0.9055282465293588,0.7070234898609372,0.6286501404908114,0.8377616978280747,1,6,0,3,False,False,False,False,False,False,False,False
C#CC1=CC(=O)C(C)(CCC(=O)Nc2ccccc2)C2C3CC4CC12CC4(C)O3,LibInvent,389.5,29,0.4699,0,False,0,0,55.400000000000006,4.1277000000000035,0.5809,0.5901,0.4156,0.0780499999999999,0.8031537338455633,0.3337432159691282,0.0776243960797105,0.7047547636522951,0.6250519808608596,0.8648943951702308,0.889938323325502,0.7770253971018551,0.9336013539633028,0.7193600979666456,0.6056919950597092,0.8315645743316984,1,6,0,3,False,False,False,False,False,False,False,False
CC12CC34CC1CC(O2)C3C(C)(CCC(=O)Nc1ccccc1)C(=O)C=C4CC#N,LibInvent,404.51,30,0.4588,0,False,0,0,79.19,4.408180000000003,0.5443,0.501,0.4118,0.0878999999999999,0.7713735999896791,0.3639243881369748,0.0864275946610586,0.6941989437306755,0.6061853102098524,0.8102910625956619,0.8346918407986512,0.7433906198012661,0.9021376825205832,0.684275673404439,0.5982989565974463,0.8265293642097068,1,6,0,3,False,False,False,False,False,False,True,False
CCC1(CCC(=O)Nc2ccccc2)C(=O)C=C(C)C23CC4CC(OC4(C)C2)C13,LibInvent,393.53,29,0.4235,0,False,0,0,55.400000000000006,4.904500000000004,0.5098,0.4754,0.3573,0.09345,0.7988611256646487,0.4754865968955984,0.0872330362018515,0.5764184216358673,0.6241890551235605,0.8690107907549415,0.8806110368441677,0.7764647671083825,0.946922235835571,0.6927356309039127,0.5713339674227674,0.8549494507827982,1,6,0,3,False,False,False,False,False,False,False,False
CC1=CC(=O)C(C)(CCC(=O)Nc2ccccc2)C2C3CC4CC12CC4(CC#N)O3,LibInvent,404.51,30,0.4045,0,False,0,0,79.19000000000001,4.408180000000003,0.5177,0.4655,0.3823,0.0938,0.7723853459062475,0.3641956827245217,0.0966997393839527,0.7105989843305848,0.6317025037343158,0.8357672533568827,0.8201250168075802,0.7439200345022637,0.9083310429847894,0.652225217458955,0.6065122497562001,0.8398166064770615,1,6,0,3,False,False,False,False,False,False,True,False
CC1=CC(=O)C(C)(CCC(=O)Nc2ccccc2)C2C3CC4CC12CC4(CCC(=O)O)O3,LibInvent,437.54,32,0.4118,0,False,0,1,92.7,4.359300000000004,0.5631,0.5115,0.3705,0.1221000000000001,0.9018952609995328,0.4128567475117526,0.1363794001627922,0.426251440406901,0.6058201206990629,0.9559720141388752,0.8972528435912063,0.9046637123618056,0.9778411494774862,0.8934534297561602,0.7362108422074051,0.9478728354637916,1,6,0,5,False,False,False,False,False,False,True,False
CC1=CC(=O)C(C)(CCC(=O)Nc2ccccc2)C2C3CC4CC12CC4(CCc1ccc(N)cc1)O3,LibInvent,484.64,36,0.3723,0,False,0,0,81.42,5.709500000000005,0.5975,0.5574,0.4016,0.118,0.8807251990523416,0.4205630673106847,0.0826444367211155,0.5378092347854715,0.7003739229649665,0.9581962313262532,0.92115481069331,0.8644890808843458,0.9696360315328532,0.889269986227785,0.6578116825819428,0.9045185701199012,2,7,0,3,False,False,False,False,False,False,False,False
CC1=CC(=O)C(CCC(=O)Nc2ccccc2)C2C3CC4CC12C(C)C4(C)O3,LibInvent,379.5,28,0.3111,0,False,0,0,55.400000000000006,4.370300000000004,0.5286,0.4832,0.3261,0.1239499999999999,0.7676938645891586,0.4333221648085098,0.1359679106203287,0.5834400382974168,0.6391290359472132,0.7988163834218218,0.8212139166608732,0.724349953293366,0.9233734296507538,0.6645743389387823,0.575957264738721,0.8655717654197913,1,6,0,3,False,False,False,False,False,False,False,False
CC1C2(C)OC3CC2CC12C(CC(=O)C(C)(c1ccccc1)C(NC(=O)N1CCCC1)C(=O)O)=CC(=O)C(CCC(=O)Nc1ccccc1)C32,LibInvent,681.83,50,0.2308,0,False,0,1,142.11,5.526100000000004,0.6847,0.7139,0.5629,0.0463,0.9096088706275344,0.3821928583454565,0.2657949699516882,0.5220705903522805,0.5279843913514451,0.9774648833400096,0.7753259841400582,0.9025760734764487,0.9747950672616108,0.9433738461401012,0.8643018984489248,0.9294243415855874,2,8,1,7,False,False,False,False,False,False,False,False
CCC1=CC(=O)C(CCC(=O)Nc2ccccc2)C2C3CC4CC12C(C)C4(C)O3,LibInvent,393.53,29,0.2903,0,False,0,0,55.400000000000006,4.760400000000004,0.5217,0.4656,0.3928,0.0925,0.758601554725948,0.4470936587013684,0.1445970264114242,0.5867097024567339,0.6543528864848618,0.7820364061975504,0.8449852730617269,0.7083794059327061,0.9312188033957608,0.6265106243654178,0.5846182670596072,0.8324621030688669,1,6,0,3,False,False,False,False,False,False,False,False
CC1C2(C)OC3CC2CC12C(C(F)F)=CC(=O)C(CCC(=O)Nc1ccccc1)C32,LibInvent,415.48,30,0.2842,0,False,0,0,55.400000000000006,4.6155000000000035,0.6156,0.6485,0.4583,0.0622,0.7959498158785673,0.5387472722075447,0.1638001865366195,0.5882760680377546,0.6111173281217313,0.8368903031834857,0.9050759037564736,0.6977526887978728,0.9203048029451192,0.6730536152514367,0.6950304765459102,0.8435409206696728,1,6,0,3,False,False,False,False,True,False,True,False
CC1=C(C)C23CC4CC(OC4C2C)C3C(CCC(=O)Nc2ccccc2)C1=O,LibInvent,379.5,28,0.2553,0,False,0,0,55.4,4.370300000000004,0.5817,0.5499,0.3814,0.1160499999999999,0.7692874805238227,0.4220475146189347,0.1600988429493549,0.664732977483487,0.64118923851502,0.788028500657151,0.8690169167462474,0.7566028968720828,0.8927410461708672,0.6165557026480308,0.5847682626900866,0.8772990378822928,1,6,0,3,False,False,False,False,False,False,False,False
CCC1=C(C)C(=O)C(CCC(=O)Nc2ccccc2)C2C3CC4CC12C(C)C4O3,LibInvent,393.53,29,0.2474,0,False,0,0,55.400000000000006,4.760400000000004,0.6001,0.5545,0.4017,0.122,0.7397289601269108,0.4305873605963818,0.1289820629526399,0.6306534260303555,0.7045894964602955,0.7364115203305958,0.8491944024454097,0.6783576915526295,0.8750893113805046,0.5826958535364922,0.5870436034127823,0.869310338229962,1,6,0,3,False,False,False,False,False,False,False,False
CC1=C(C(C)C)C23CC4CC(OC4C2C)C3C(CCC(=O)Nc2ccccc2)C1=O,LibInvent,407.55,30,0.2474,0,False,0,0,55.4,5.006400000000005,0.6116,0.5977,0.4373,0.0940999999999999,0.766006019108317,0.3963327945125938,0.1407241760626068,0.6677124062491259,0.7117726705393412,0.7617877058592967,0.8662851399497467,0.6794107670746335,0.8905679002589489,0.6695701583452786,0.6191279985328492,0.8752924637374658,1,6,0,3,False,False,False,False,False,False,True,False
CC1=C(C#N)C(=O)C(CCC(=O)Nc2ccccc2)C2C3CC4CC12C(C)C4O3,LibInvent,390.48,29,0.2424,0,False,0,0,79.19,3.873980000000003,0.5917,0.6007,0.3358,0.12345,0.8247124999226522,0.4542555489304765,0.1186141177936982,0.678242078369847,0.6677145240259095,0.8678191575851465,0.9020222636269092,0.7929594407150934,0.9158919390114488,0.7011871123901162,0.6721387393843744,0.920968846745477,1,6,0,3,False,False,False,False,False,False,False,False
CC1=C(C)C23CC4CC(OC4C2c2ccccc2)C3C(CCC(=O)Nc2ccccc2)C1=O,LibInvent,441.57,33,0.25,0,False,0,0,55.4,5.518000000000005,0.6521,0.5577,0.3519,0.1973,0.8520212727456096,0.362743240157916,0.1488765399083326,0.7043745878308182,0.706989170931197,0.8971934251009888,0.8610433021848088,0.7609687239522476,0.9609291396041416,0.8721209705498655,0.6604974305621362,0.951395917265078,2,7,0,3,False,False,False,False,False,False,True,False
CC12CC34C=C(C#N)C(=O)C(C)(CCC(=O)Nc5ccccc5)C3C(CC1C4)O2,LibInvent,390.48,29,0.5062,0,False,0,0,79.19,4.018080000000003,0.5723,0.4925,0.4483,0.1019,0.862366820023602,0.4315930970142591,0.067894458034535,0.7044638823015765,0.6316743622481786,0.902424109568095,0.8635742228591896,0.8468564903491561,0.9522047032051744,0.8240599845128136,0.7448068299572452,0.9026413997135392,1,6,0,3,False,False,False,False,False,False,False,False
CC1(CCC(=O)Nc2ccccc2)C(=O)C(C#N)=CC23CC4CC(OC4(C#N)C2)C31,LibInvent,401.47,30,0.4253,0,False,0,0,102.98000000000002,3.521760000000002,0.5468,0.5092,0.3975,0.0934499999999999,0.8174364728147244,0.4704247977795208,0.047341654815035,0.6893803259067749,0.6633321518207853,0.8521587402797074,0.8854563929685332,0.7347770353632647,0.9133824594016672,0.7370373088043634,0.72503155249279,0.8742118203927453,1,6,0,3,False,False,False,False,False,False,True,False
CC1(CCC(=O)Nc2ccccc2)C(=O)C(C#N)=CC23CC4CC(OC4(c4ccccc4)C2)C31,LibInvent,452.55,34,0.4045,0,False,0,0,79.19000000000001,5.154880000000004,0.6147,0.539,0.4275,0.13145,0.8734264323323535,0.4131166663033933,0.0543712598905172,0.6847149664658413,0.7449518444473848,0.9239702688080818,0.911926621005572,0.7863353851465229,0.9678104947184856,0.9154175858937966,0.6539065604974255,0.9546181102565902,2,7,0,3,False,False,False,False,False,False,True,False
CC1=CC(=O)C(C)(CCC(=O)Nc2ccccc2)C2C3CC4CC12C(C)C4O3,LibInvent,379.5,28,0.3678,0,False,0,0,55.400000000000006,4.370300000000004,0.5067,0.4819,0.3337,0.0989,0.8033994350512383,0.3680361300483164,0.1211226201984624,0.5897016155952085,0.6553343906763927,0.8688917956999349,0.8529266309419312,0.7830835754680278,0.9269926874067654,0.7183700072075455,0.5846537986385677,0.8888775499958954,1,6,0,3,False,False,False,False,False,False,False,False
CCCC(C)C1=CC(=O)C(C)(CCC(=O)Nc2ccccc2)C2C3CC4CC12C(C)C4O3,LibInvent,435.61,32,0.3404,0,False,0,0,55.400000000000006,5.786600000000005,0.6118,0.556,0.403,0.1322999999999999,0.8581434907596223,0.4089221113345363,0.125005799035126,0.6347817827432684,0.7513747875063391,0.9420351308471804,0.9263459865882664,0.7877263846204082,0.9621420321865212,0.8568009372278539,0.6443963788841279,0.8875575849629976,1,6,0,3,False,False,False,False,False,False,True,False
CC(C(=O)NCCN(C)C)C1=CC(=O)C(C)(CCC(=O)Nc2ccccc2)C2C3CC4CC12C(C)C4O3,LibInvent,507.68,37,0.3137,0,False,0,0,87.74000000000001,3.6643000000000017,0.621,0.6703,0.4707,0.0504999999999999,0.8757103306959501,0.4972087361176176,0.1428286761943447,0.4786661502627057,0.4901581483675205,0.9551938269155772,0.8771877891886081,0.8704283654844005,0.95442578136101,0.8451499056893117,0.750967219152684,0.8766194270800581,1,6,0,4,False,False,False,False,True,False,False,False
CC1C2OC3CC2CC12C(N)=CC(=O)C(C)(CCC(=O)Nc1ccccc1)C32,LibInvent,380.49,28,0.3636,0,False,0,0,81.42,3.2666000000000013,0.5268,0.5246,0.4213,0.05385,0.7472025394278976,0.5038401513740383,0.109454216014827,0.4864727300653644,0.5474272432174366,0.7910620972388821,0.8070745542775302,0.7401002363390768,0.8799895640221856,0.6050208077447645,0.5635776662898443,0.8435928500829997,1,6,0,3,False,False,False,False,True,False,False,False
CC1=CC(=O)C(C)(CCC(=O)Nc2ccccc2)C2C3CC4CC12C(c1cc(C(=O)c2ccc(N)cc2)ccc1O)C4O3,LibInvent,576.69,43,0.3431,0,False,1,0,118.72,6.036800000000006,0.7136,0.6515,0.4667,0.1545,0.9598185055279976,0.4217220763941828,0.0877780603459791,0.4930908531315396,0.8753010181164544,0.98242311154677,0.9682299896812968,0.9491593190033016,0.99260593461165,0.9829344178311776,0.8543279545712146,0.9890488114505728,3,8,0,5,False,False,False,False,False,False,False,False
Cc1cc(C(=O)O)c(O)c(NC(=O)CCC2(C)C(=O)C=CC34CC5CC(OC5(C)C3)C42)c1O,LibInvent,455.51,33,0.7857,0,True,2,1,133.16,3.542120000000003,0.7932,0.7258,0.608,0.1262999999999999,0.9806599365688804,0.5175291106929211,0.132230005244273,0.2876115643168018,0.8167623071107857,0.9935318644126068,0.9518487811185724,0.9943817465575636,0.9945660389283714,0.9930137108932928,0.945336508989024,0.991940905082732,1,6,0,7,True,False,False,False,True,True,True,False
CC(C)(C)C(=O)c1cc(C(=O)O)c(O)c(NC(=O)CCC2(C)C(=O)C=CC34CC5CC(OC5(C)C3)C42)c1O,LibInvent,525.6,38,0.7534,0,True,2,1,150.23,4.462500000000005,0.7851,0.7656,0.5887,0.1079500000000001,0.9865065353315589,0.559878498774488,0.1254729396551829,0.2775352888725822,0.9043342429736818,0.9947616797556113,0.9685196766135964,0.9947112970554772,0.9947079602364054,0.9961704342324776,0.9668327673456224,0.9898419320817214,1,6,0,8,False,False,False,False,True,False,False,False
CC(C)(C)c1cc(C(=O)O)c(O)c(NC(=O)CCC2(C)C(=O)C=CC34CC5CC(OC5(C)C3)C42)c1O,LibInvent+GenMol,497.59,36,0.7534,0,True,2,1,133.16,4.531200000000005,0.7766,0.7613,0.6352,0.0783499999999999,0.986528641386427,0.5576217063536969,0.1201129701771098,0.3120355949232008,0.8841833409449849,0.9935996588522716,0.9711189639887674,0.9943267129949795,0.9951001781987208,0.9941165437324208,0.9633532570347736,0.9940851749030548,1,6,0,7,False,False,False,False,True,False,False,False
CC(C)c1cc(C(=O)O)c(O)c(NC(=O)CCC2(C)C(=O)C=CC34CC5CC(OC5(C)C3)C42)c1O,LibInvent,483.56,35,0.7534,0,True,2,1,133.16,4.357100000000004,0.7884,0.7453,0.6301,0.1007,0.9849519240991136,0.5357304542935821,0.1400278690953622,0.2706644046277247,0.876284541431345,0.992609720251828,0.9695764633198763,0.9939790238357724,0.9951083756123004,0.9934300411677244,0.9571147960791648,0.9928450484271284,1,6,0,7,False,False,False,False,True,False,False,False
C=C(C)C(C)c1cc(C(=O)O)c(O)c(NC(=O)CCC2(C)C(=O)C=CC34CC5CC(OC5(C)C3)C42)c1O,LibInvent,509.6,37,0.7051,0,True,2,1,133.16,4.913300000000005,0.7901,0.7305,0.5769,0.1364,0.9854171768302672,0.5670722532118029,0.1191599831393811,0.2639072173629846,0.8874496619444976,0.9925316350524196,0.9725622413537512,0.994799175377151,0.9953984540879534,0.994948235025026,0.9543122268420732,0.9933682700734972,1,6,0,7,False,False,False,False,True,False,False,False
CC(C)C(C)c1cc(C(=O)O)c(O)c(NC(=O)CCC2(C)C(=O)C=CC34CC5CC(OC5(C)C3)C42)c1O,LibInvent,511.62,37,0.7333,0,True,2,1,133.16,4.993200000000005,0.8013,0.7526,0.5701,0.1399499999999999,0.9863348839720018,0.5402226861409388,0.149172455221864,0.2706799944467464,0.8906250020333406,0.9942935937562832,0.971286680300612,0.9941665500600924,0.9953461853756712,0.9952146658281944,0.9652354795494968,0.9888010329336624,1,6,0,7,True,False,False,False,True,True,False,False
CC(C)=CC(C(=O)NN)c1cc(C(=O)O)c(O)c(NC(=O)CCC2(C)C(=O)C=CC34CC5CC(OC5(C)C3)C42)c1O,LibInvent,567.64,41,0.6548,0,True,2,1,188.27999999999997,3.273400000000002,0.7821,0.7658,0.6405,0.07895,0.9847215015795854,0.5357948730486846,0.1819885311530489,0.2461080656663814,0.9170161065460676,0.9945174173323758,0.9722367380180774,0.9940864252177432,0.9944521023230748,0.990979842997239,0.9584566079966148,0.9883213771719724,1,6,0,8,False,False,False,False,True,False,False,False
CC(C=CC(C)(C)O)c1cc(C(=O)O)c(O)c(NC(=O)CCC2(C)C(=O)C=CC34CC5CC(OC5(C)C3)C42)c1O,LibInvent,553.65,40,0.6627,0,True,2,1,153.39,4.664300000000004,0.7856,0.7384,0.6247,0.1040499999999999,0.9880189025142878,0.5998524896904304,0.1561831392070107,0.3176212879056706,0.8924466097645501,0.9958522234713368,0.976978469424421,0.9958340002636268,0.9960176646326402,0.9960171268836592,0.9629241203710954,0.992508712553236,1,6,0,8,False,False,False,False,True,False,False,False
CCC(C)(C)c1cc(C(=O)O)c(O)c(NC(=O)CCC2(C)C(=O)C=CC34CC5CC(OC5(C)C3)C42)c1O,LibInvent,511.62,37,0.7237,0,True,2,1,133.16,4.921300000000005,0.7753,0.7522,0.612,0.0932,0.9849740374699204,0.5906861319018873,0.1215378116068416,0.2908544464484912,0.8892825349321645,0.994161792825052,0.9689019168242872,0.992260167708556,0.995224652077507,0.994107118490686,0.9608913651019249,0.989271249261431,1,6,0,7,False,False,False,False,True,False,False,False
CC12CC34C=CC(=O)C(C)(CCC(=O)Nc5c(O)c(C(=O)O)cc(C6CCC7C6(C)CCC6C8(C)CCC(=O)C=C8CCC67C)c5O)C3C(CC1C4)O2,LibInvent,725.92,53,0.5729,0,True,2,1,150.23,8.239300000000009,0.8167,0.7177,0.5726,0.1715499999999999,0.987405693637432,0.3283965414444324,0.2530595756650488,0.4961618779219309,0.7397457436224192,0.9934097502707144,0.9808264222748044,0.988213932762838,0.9959559007271374,0.9931780178483236,0.9663116810369272,0.9939441505412794,1,10,0,8,True,False,False,False,False,False,False,False
CC(C)C1CC1c1cc(C(=O)O)c(O)c(NC(=O)CCC2(C)C(=O)C=CC34CC5CC(OC5(C)C3)C42)c1O,LibInvent,523.63,38,0.7143,0,True,2,1,133.16,4.993200000000005,0.8163,0.7708,0.6006,0.1306,0.9864879319993616,0.5444884393732572,0.1541396548136416,0.2670536776500823,0.8964841579954617,0.9937221082263856,0.9757506718870336,0.9940804306771162,0.9952934592115348,0.9943430122853246,0.9592281041337086,0.992997737574429,1,7,0,7,True,False,False,False,True,True,False,False
CCc1cc(C(=O)O)c(O)c(NC(=O)CCC2(C)C(=O)C=CC34CC5CC(OC5(C)C3)C42)c1O,LibInvent,469.53,34,0.7746,0,True,2,1,133.16,3.796100000000003,0.7966,0.764,0.6242,0.1025,0.9815165103289856,0.5393862478566611,0.1323699859714852,0.2823199272750301,0.8453823729427561,0.993525754612154,0.9592509142735788,0.9950248783095432,0.9949314840996384,0.993984521799202,0.941953630897133,0.9919443883116488,1,6,0,7,True,False,False,False,True,True,True,False
CC12CC34C=CC(=O)C(C)(CCC(=O)Nc5c(O)c(CC#N)cc(C(=O)O)c5O)C3C(CC1C4)O2,LibInvent,480.52,35,0.7237,0,True,2,1,156.95,3.299780000000001,0.7968,0.7155,0.6202,0.1289499999999999,0.9818396680045094,0.5473743576618509,0.1169257691335817,0.2705051564379417,0.8312011999988979,0.9929759378932688,0.9501918906196464,0.993624434823798,0.993397888566526,0.9936878693851928,0.9582879320230258,0.9907117227201092,1,6,0,7,True,False,False,False,True,True,False,False
CC(Cc1cc(C(=O)O)c(O)c(NC(=O)CCC2(C)C(=O)C=CC34CC5CC(OC5(C)C3)C42)c1O)=NC(C)(C)C(=O)O,LibInvent,582.65,42,0.6627,0,True,2,2,182.81999999999996,4.1003000000000025,0.8027,0.7741,0.6101,0.1106,0.981768609690542,0.5557617003911453,0.1395292986378785,0.286934564712565,0.8570058694035224,0.9945197086460272,0.9622484504062738,0.995662598942836,0.9939694605482252,0.9916125623684212,0.9440566837441192,0.9903108031778904,1,6,0,9,True,False,False,False,True,True,False,False
C=C(C)Cc1cc(C(=O)O)c(O)c(NC(=O)CCC2(C)C(=O)C=CC34CC5CC(OC5(C)C3)C42)c1O,LibInvent,495.57,36,0.7237,0,True,2,1,133.16,4.352300000000004,0.7952,0.7637,0.5632,0.1317499999999999,0.979619433247638,0.5371810201968306,0.117376952708154,0.24396193961078,0.8790426165628877,0.9920686954280722,0.9511303882035348,0.994244527030849,0.9949592026402256,0.9938682987343638,0.9383852928343188,0.9926796278621024,1,6,0,7,True,False,False,False,True,True,False,False
CC(C)Cc1cc(C(=O)O)c(O)c(NC(=O)CCC2(C)C(=O)C=CC34CC5CC(OC5(C)C3)C42)c1O,LibInvent,497.59,36,0.7432,0,True,2,1,133.16,4.432200000000004,0.8053,0.757,0.5939,0.12985,0.9850530300614422,0.5029423827347757,0.1514297562017925,0.2656214537218117,0.8843870199362271,0.995082286381492,0.9651819075286676,0.9944381013847624,0.995179305215777,0.995220453279084,0.9583358592927156,0.9919332973475968,1,6,0,7,True,False,False,False,True,True,False,False
CC1(Cc2cc(C(=O)O)c(O)c(NC(=O)CCC3(C)C(=O)C=CC45CC6CC(OC6(C)C4)C53)c2O)CSC(N)=N1,LibInvent,569.68,40,0.6471,0,True,2,1,171.54000000000002,3.596400000000002,0.8209,0.8005,0.6595,0.0908999999999999,0.9900434821130004,0.581174714755466,0.1493423520127918,0.2541177045147221,0.8601871452393168,0.995780571542604,0.9699735017680652,0.9957566880980696,0.9949630560547515,0.9966543217575788,0.98481822948555,0.9923580060843838,1,7,1,7,True,False,False,False,True,True,False,False
C=CCc1cc(C(=O)O)c(O)c(NC(=O)CCC2(C)C(=O)C=CC34CC5CC(OC5(C)C3)C42)c1O,LibInvent,481.55,35,0.7237,0,True,2,1,133.16,3.9622000000000033,0.7925,0.7497,0.5911,0.1220999999999999,0.9826991840971312,0.5235435326848996,0.1259430640635659,0.2278657378950933,0.8629447376365171,0.9927297840243444,0.9659555646820142,0.9949629683448228,0.9950957747731658,0.9932478991782124,0.9450495293787036,0.991852768298656,1,6,0,7,True,False,False,False,True,True,False,False
CC(C)=CCc1cc(C(=O)O)c(O)c(NC(=O)CCC2(C)C(=O)C=CC34CC5CC(OC5(C)C3)C42)c1O,LibInvent,509.6,37,0.7143,0,True,2,1,133.16,4.742400000000004,0.7884,0.7407,0.6113,0.1124,0.9855391743158324,0.531293486992935,0.1374001042043506,0.2563314142780979,0.89471470850146,0.995948058868132,0.9687957669423356,0.9951510974525448,0.9966965664014468,0.9952134412387564,0.951574559613492,0.9953947296941198,1,6,0,7,False,False,False,False,True,False,False,False
CCCc1cc(C(=O)O)c(O)c(NC(=O)CCC2(C)C(=O)C=CC34CC5CC(OC5(C)C3)C42)c1O,LibInvent,483.56,35,0.7432,0,True,2,1,133.16,4.186200000000005,0.7932,0.7488,0.5904,0.1236,0.9847255109473964,0.5000163463020633,0.1302530381007241,0.267369626742929,0.8708669472770918,0.994141701748999,0.9639525041323832,0.9948466780356564,0.995013104959146,0.9945638702824006,0.958300955180152,0.9922597622930378,1,6,0,7,True,False,False,False,True,True,False,False
C=CC(C)(C)c1cc(C(=O)O)c(O)c(NC(=O)CCC2(C)C(=O)C=CC34CC5CC(OC5(C)C3)C42)c1O,LibInvent,509.6,37,0.7051,0,True,2,1,133.16,4.697300000000005,0.788,0.7563,0.6317,0.094,0.9884003453653752,0.6109175199245236,0.117332519577761,0.2684077545822609,0.8864223915978522,0.9936551234066928,0.9777842901189372,0.9954768046757034,0.9958750792327744,0.9947216780083772,0.9681084622269768,0.9931809798881638,1,6,0,7,False,False,False,False,True,False,False,False
CC1(O)CCC2C1CCC1(C)C2CCCC1C(C)(O)Cc1cc(C(=O)O)c(O)c(NC(=O)CCC2(C)C(=O)C=CC34CC5CC(OC5(C)C3)C42)c1O,LibInvent,719.92,52,0.567,0,True,2,1,173.61999999999998,6.520800000000008,0.8264,0.7424,0.6627,0.12385,0.9878017096199732,0.3529101376555259,0.275132287050385,0.3949333602888502,0.7299040331094018,0.9971666507947576,0.978064271444656,0.9941966840041556,0.995786332917795,0.9943436858105202,0.9649629219320612,0.9900914204358668,1,9,0,9,True,False,False,False,False,False,False,False
CC12CC34C=CC(=O)C(C)(CCC(=O)Nc5c(O)c(CC6CCCC6)cc(C(=O)O)c5O)C3C(CC1C4)O2,LibInvent,523.63,38,0.7143,0,True,2,1,133.16,4.9664000000000055,0.8261,0.7595,0.6075,0.1425999999999999,0.9852073116931962,0.5017722058464649,0.1504347672058794,0.2555146893002286,0.8906264397781771,0.9952916612714308,0.9716701133314336,0.9940246451558116,0.9948223244625596,0.9933421553054496,0.9540712764918594,0.993229005833828,1,7,0,7,True,False,False,False,True,True,False,False
CC(C)(C)C=CCc1cc(C(=O)O)c(O)c(NC(=O)CCC2(C)C(=O)C=CC34CC5CC(OC5(C)C3)C42)c1O,LibInvent,537.65,39,0.6875,0,True,2,1,133.16,5.378500000000005,0.7912,0.7353,0.5695,0.1388,0.985909839487044,0.577156050075313,0.1178259904107347,0.3195288538326696,0.8853692256736428,0.9950386126254038,0.9756309057655922,0.9943208017872034,0.9962862023259166,0.9937598536696056,0.9521638464928724,0.994168653742714,1,6,0,7,True,False,False,False,True,True,False,False
CCCCc1cc(C(=O)O)c(O)c(NC(=O)CCC2(C)C(=O)C=CC34CC5CC(OC5(C)C3)C42)c1O,LibInvent,497.59,36,0.7237,0,True,2,1,133.16,4.576300000000004,0.8019,0.7347,0.5878,0.1406499999999999,0.986386868447689,0.4806839206697116,0.146473881951115,0.254794970048881,0.8827136636517099,0.9955740724469154,0.969378868909092,0.9948982775045352,0.995488140431356,0.9954638907581408,0.9603317880332988,0.9935730410504832,1,6,0,7,True,False,False,False,False,False,False,False
CC(=CC(C)C)c1cc(C(=O)O)c(O)c(NC(=O)CCC2(C)C(=O)C=CC34CC5CC(OC5(C)C3)C42)c1O,LibInvent,523.63,38,0.7237,0,True,2,1,133.16,5.2930000000000055,0.7925,0.7499,0.5994,0.11785,0.9892445571676616,0.5738117561028107,0.1499601676284707,0.3525077479739727,0.8984972200464821,0.9964469359446794,0.9723460440956946,0.9949234375673934,0.9959195364391378,0.9953661411332986,0.9761414390448936,0.9935683659485324,1,6,0,7,True,False,False,False,True,True,False,False
CC(C)=C(c1cc(C(=O)O)c(O)c(NC(=O)CCC2(C)C(=O)C=CC34CC5CC(OC5(C)C3)C42)c1O)C1CCC(C)CC1,LibInvent,591.75,43,0.6962,0,True,2,1,133.16,6.853400000000008,0.8236,0.7617,0.6007,0.1423999999999999,0.9900792616807153,0.4709691420539248,0.1332794873955578,0.3970474643365833,0.9156185884460524,0.9970226986581014,0.9810992580989892,0.9933950321766364,0.9967312787340828,0.9926854836278756,0.9752979661690931,0.9943231143002268,1,7,0,7,True,False,False,False,False,False,False,False
CC(C)=CC1(c2cc(C(=O)O)c(O)c(NC(=O)CCC3(C)C(=O)C=CC45CC6CC(OC6(C)C4)C53)c2O)CCC2CCCC(=O)C21C,LibInvent,645.79,47,0.6044,0,True,2,1,150.23,6.607000000000007,0.8124,0.7377,0.6329,0.1271,0.9898087781395856,0.3853671564993084,0.2374176085817719,0.4269362892647562,0.7325027535387842,0.9949111633698255,0.9821636085312964,0.9932734982571954,0.9975021253557648,0.994669037812435,0.9749866373040356,0.991155376346545,1,8,0,8,True,False,False,False,False,False,False,False
CC(C)=CC1C(CC(C)(O)c2cc(C(=O)O)c(O)c(NC(=O)CCC3(C)C(=O)C=CC45CC6CC(OC6(C)C4)C53)c2O)C1(C)C,LibInvent,621.77,45,0.625,0,True,2,1,153.39,6.069700000000007,0.7822,0.7792,0.5599,0.11265,0.983662002543357,0.4920697790508512,0.258041850549589,0.4486534574839294,0.7387197645154582,0.9949366115091518,0.9690712457285056,0.9942491893678794,0.995091810952994,0.9926779419043376,0.9469794291601948,0.9926277891804354,1,7,0,8,False,False,False,False,False,False,False,False
CC(C)=CCNc1cc(C(=O)O)c(O)c(NC(=O)CCC2(C)C(=O)C=CC34CC5CC(OC5(C)C3)C42)c1O,LibInvent,524.61,38,0.6962,0,True,2,1,145.19,4.611800000000004,0.7911,0.75,0.6309,0.10065,0.9886070144317706,0.5475200804893232,0.1608128731341575,0.2345297067907152,0.878064527086807,0.995966260364217,0.9702236652010908,0.993860541008961,0.995155453779438,0.9941069157523325,0.9770153168188888,0.993920948097466,1,6,0,7,True,False,False,False,True,True,False,False
C=C(C)CCC(C)=CC(C)c1cc(C(=O)O)c(O)c(NC(=O)CCC2(C)C(=O)C=CC34CC5CC(OC5(C)C3)C42)c1O,LibInvent,577.72,42,0.6471,0,True,2,1,133.16,6.639800000000008,0.8001,0.766,0.6215,0.1063499999999999,0.986520611980611,0.5802760967652947,0.1158928844557766,0.368614151554809,0.9004788110459936,0.9955776549890624,0.9783273258051896,0.9935380300121346,0.9968729788825158,0.9954835073623636,0.9521512970056082,0.993693489807404,1,6,0,7,True,False,False,False,True,True,False,False
CC(=CCc1cc(C(=O)O)c(O)c(NC(=O)CCC2(C)C(=O)C=CC34CC5CC(OC5(C)C3)C42)c1O)C=C(C)C(=O)O,LibInvent,579.65,42,0.679,0,True,2,2,170.45999999999998,4.753400000000004,0.7964,0.7763,0.6473,0.0846,0.9897572189740272,0.5486523176781892,0.1345106418511299,0.3084666837030321,0.882373723695323,0.995574965105661,0.979676797845203,0.9963137083779672,0.9965716055608714,0.9958552343842082,0.9684759345255756,0.995832287018704,1,6,0,9,True,False,False,False,True,True,False,False
CC(=CCc1cc(C(=O)O)c(O)c(NC(=O)CCC2(C)C(=O)C=CC34CC5CC(OC5(C)C3)C42)c1O)CO,LibInvent,525.6,38,0.6875,0,True,2,1,153.39,3.714800000000003,0.7919,0.7529,0.617,0.1069500000000001,0.9857938346754178,0.5631746547246383,0.1623655813797531,0.2477120456249736,0.8834225979686126,0.994760907275186,0.9749767169647496,0.9957017823270288,0.9953186660765724,0.9957479263406642,0.9526887994826072,0.9913620442611164,1,6,0,8,True,False,False,False,True,True,False,False
CCNC(=O)C(=C(C)C)c1cc(C(=O)O)c(O)c(NC(=O)CCC2(C)C(=O)C=CC34CC5CC(OC5(C)C3)C42)c1O,LibInvent,566.65,41,0.6962,0,True,2,1,162.26,4.163200000000004,0.7826,0.7509,0.6066,0.10385,0.977659881747772,0.5356679145408177,0.1445581398704922,0.3156601414941873,0.8631228311453198,0.9916796524942788,0.9521184274537806,0.9902801206854968,0.989941583291167,0.9645800417632392,0.9739969900234984,0.9810223565229432,1,6,0,8,False,False,False,False,True,False,False,False
C=C(Cl)C(C)c1cc(C(=O)O)c(O)c(NC(=O)CCC2(C)C(=O)C=CC34CC5CC(OC5(C)C3)C42)c1O,LibInvent,530.02,37,0.7051,0,True,2,1,133.16,5.089700000000005,0.8203,0.771,0.6353,0.11715,0.9874304615935386,0.5782808261540819,0.1262469636935036,0.2797969669927829,0.904411764078244,0.9930848789868826,0.976233249879856,0.9953521292521238,0.9955257519167636,0.9933942380821276,0.96409392502921,0.994329058007808,1,6,0,7,True,False,False,False,True,True,False,False
CC12CC34C=CC(=O)C(C)(CCC(=O)Nc5c(O)c(CC(=O)N6CCCC6)cc(C(=O)O)c5O)C3C(CC1C4)O2,LibInvent,552.62,40,0.6875,0,True,2,1,153.47,3.398600000000002,0.7833,0.7391,0.6188,0.10435,0.9727940664817784,0.5769982679460579,0.1384714722716178,0.2492054639694035,0.7790328884908364,0.990335861326075,0.9372170310216882,0.9856122121152016,0.987404615799556,0.9687905933493643,0.9627345734848411,0.9774635782757216,1,7,1,8,False,False,False,False,True,False,False,False
CCN(CC)CC(=O)NCC=CCCC(C)(C)c1cc(C(=O)O)c(O)c(NC(=O)CCC2(C)C(=O)C=CC34CC5CC(OC5(C)C3)C42)c1O,LibInvent,679.86,49,0.5914,0,True,2,1,165.49999999999997,5.305700000000005,0.7549,0.7412,0.5987,0.0849499999999999,0.9831250120887506,0.4538159280444632,0.2860609776991361,0.4073559638854231,0.6903366490479727,0.9956307332871116,0.9752805972406636,0.9910851108156472,0.9947086333413292,0.9934987737462384,0.9551365662047896,0.9765346699854752,1,6,0,8,False,False,False,False,False,False,False,False
CC(C(=O)O)c1cc(C(=O)O)c(O)c(NC(=O)CCC2(C)C(=O)C=CC34CC5CC(OC5(C)C3)C42)c1O,LibInvent,513.54,37,0.7333,0,True,2,2,170.45999999999998,3.4218000000000024,0.7809,0.7583,0.6276,0.08795,0.9594449013144728,0.6210140534381277,0.1548426730389221,0.190327687498969,0.8579916133374808,0.9884673250542182,0.8802471362025579,0.9779958379047348,0.9901484614641703,0.971692399926024,0.9196091937975414,0.987953954852062,1,6,0,9,False,False,False,False,True,False,False,False
C=C(C)C(O)C(C)c1cc(C(=O)O)c(O)c(NC(=O)CCC2(C)C(=O)C=CC34CC5CC(OC5(C)C3)C42)c1O,LibInvent,539.63,39,0.679,0,True,2,1,153.39,4.274200000000004,0.7905,0.7828,0.6096,0.0942999999999999,0.9820924585003636,0.5856590120979916,0.1408330187244016,0.2995676612992376,0.8872823439833044,0.992848963247294,0.9642048920812828,0.9930948827715012,0.9946002099515416,0.9928757758982923,0.9584806601045336,0.978541825448099,1,6,0,8,False,False,False,False,True,False,False,False
CC12CC34C=CC(=O)C(C)(CCC(=O)Nc5c(O)c(C(=O)O)cc(C(C(N)=O)C(N)=O)c5O)C3C(CC1C4)O2,LibInvent,541.56,39,0.7333,0,True,2,1,219.33999999999995,1.2878999999999998,0.7715,0.7582,0.6482,0.0682999999999999,0.9672069460141708,0.7344380669889548,0.1594001361187679,0.2302148262732824,0.8204860597760668,0.9848832821254266,0.905022719213848,0.9881714091211976,0.9741550714957038,0.9829373952154636,0.9494709910401946,0.985807753887362,1,6,0,9,False,False,False,False,True,False,False,False
CC(=O)C(C(C)=NNc1cc(C(=O)O)c(O)c(NC(=O)CCC2(C)C(=O)C=CC34CC5CC(OC5(C)C3)C42)c1O)C(O)C(F)(F)F,LibInvent,651.64,46,0.6111,0,True,2,1,194.84999999999997,4.149900000000005,0.8146,0.8186,0.6686,0.0709999999999999,0.989501131210188,0.4106552678033088,0.358253677637847,0.3912363871028451,0.728365269337013,0.996601506575562,0.9836446697512766,0.993195769625491,0.99513527843768,0.9927004112545194,0.9728312204313732,0.992399062395413,1,6,0,9,True,False,False,False,False,False,False,False
C=CC(=O)C(C)c1cc(C(=O)O)c(O)c(NC(=O)CCC2(C)C(=O)C=CC34CC5CC(OC5(C)C3)C42)c1O,LibInvent,523.58,38,0.6875,0,True,2,1,150.23,4.092300000000004,0.7892,0.7138,0.5954,0.1345999999999999,0.9825694816922655,0.5724542197848219,0.1283312601861557,0.2299557706383754,0.8784064634715899,0.9945434661125632,0.9668316331209597,0.9939326305665096,0.9938312733338291,0.9940752470449532,0.9429078814093792,0.9918642402576658,1,6,0,8,False,False,False,False,True,False,False,False
CC(C)C(C(=O)O)c1cc(C(=O)O)c(O)c(NC(=O)CCC2(C)C(=O)C=CC34CC5CC(OC5(C)C3)C42)c1O,LibInvent,541.6,39,0.7143,0,True,2,2,170.45999999999998,4.0579000000000045,0.7945,0.7448,0.615,0.1146,0.9745709992794884,0.6201345572168839,0.1513983542359407,0.1901534297142728,0.8858065599108818,0.9900214437711152,0.9323468606419014,0.9854213504430208,0.9934590384016566,0.9934510432270012,0.936998964448177,0.990298294023546,1,6,0,9,True,False,False,False,True,True,False,False
CC(=CC=CC1(C)CCCC1(C)c1cc(C(=O)O)c(O)c(NC(=O)CCC2(C)C(=O)C=CC34CC5CC(OC5(C)C3)C42)c1O)C(=O)O,LibInvent,647.77,47,0.6111,0,True,2,2,170.45999999999998,6.268700000000006,0.8082,0.756,0.582,0.1392,0.989321420101802,0.4191046976859461,0.2409611334078855,0.3831351536430575,0.7405743333383343,0.9946479565445624,0.9772055279120953,0.9935734158131244,0.9953304534061088,0.9952895814755626,0.9773800020508462,0.9918230035103144,1,7,0,9,True,False,False,False,False,False,False,False
CC12CC34C=CC(=O)C(C)(CCC(=O)Nc5c(O)c(CC(=O)N6CCC(N7CCCC7)CC6)cc(C(=O)O)c5O)C3C(CC1C4)O2,LibInvent,635.76,46,0.6322,0,True,2,1,156.70999999999998,3.863000000000002,0.8086,0.7672,0.6064,0.1217999999999999,0.9727058840835784,0.4206046313880532,0.2650117035589798,0.4040188906285319,0.596461197246484,0.991309243350322,0.9404101093286928,0.9862554395119024,0.9854010619421408,0.9870625448804348,0.9436660765426644,0.9748367130288922,1,8,2,8,True,False,False,False,False,False,False,False
C=CC(C)c1cc(C(=O)O)c(O)c(NC(=O)CCC2(C)C(=O)C=CC34CC5CC(OC5(C)C3)C42)c1O,LibInvent,495.57,36,0.7051,0,True,2,1,133.16,4.5232000000000046,0.8055,0.7539,0.6099,0.1236,0.9851422561377412,0.5838324701380035,0.1320577874930141,0.2316318854186971,0.8805237128255237,0.9937399731605442,0.9747919870332103,0.994848601832182,0.9950668601986014,0.9943008093816422,0.9493548328729629,0.993892728485045,1,6,0,7,True,False,False,False,True,True,False,False
CCN1C(=O)C(c2cc(C(=O)O)c(O)c(NC(=O)CCC3(C)C(=O)C=CC45CC6CC(OC6(C)C4)C53)c2O)C(=C(C)C)C1C#N,LibInvent,617.7,45,0.6044,0,True,2,1,177.25999999999996,4.407980000000004,0.8019,0.7853,0.6092,0.10465,0.9761291247545968,0.4667949568605979,0.2293159023421072,0.4610470759046683,0.7052955808238244,0.9910233291103536,0.9345572012068016,0.979552957629183,0.9916453971689356,0.9764153446314036,0.9701393379750386,0.9895703055604622,1,7,1,8,True,False,False,False,False,False,False,False
CC(C)=CC(C)c1cc(C(=O)O)c(O)c(NC(=O)CCC2(C)C(=O)C=CC34CC5CC(OC5(C)C3)C42)c1O,LibInvent,523.63,38,0.6962,0,True,2,1,133.16,5.303400000000005,0.7872,0.7392,0.6063,0.11445,0.9867632796674138,0.5720841317015015,0.1419257200558418,0.2995743532895074,0.8945467659103324,0.9955828858564236,0.9740537385003788,0.9951887160510818,0.996619542282048,0.9953834507440518,0.9552604908920213,0.9952541333458916,1,6,0,7,False,False,False,False,True,False,False,False
CC(=CCc1cc(C(=O)O)c(O)c(NC(=O)CCC2(C)C(=O)C=CC34CC5CC(OC5(C)C3)C42)c1O)C=C(C)CCC(N)=O,LibInvent,606.72,44,0.6395,0,True,2,1,176.25,4.934300000000004,0.7971,0.7289,0.6256,0.11985,0.9873659832400314,0.4605425669795601,0.2757582204119952,0.4627799335918567,0.7074838262209486,0.9961439216751922,0.9678772234229542,0.9949949106534056,0.9967423864626496,0.9956205303467306,0.9648566372047448,0.9953262729145428,1,6,0,8,True,False,False,False,False,False,False,False
CC=C(C)C1CC(c2cc(C(=O)O)c(O)c(NC(=O)CCC3(C)C(=O)C=CC45CC6CC(OC6(C)C4)C53)c2O)C2CC12,LibInvent,575.7,42,0.6548,0,True,2,1,133.16,5.939500000000007,0.8325,0.7582,0.6256,0.1406,0.98362324080413,0.5249157059072094,0.1213583331002757,0.3696984312038147,0.8943131607088068,0.9919877033793708,0.9744757311226364,0.99091413934187,0.9946672185848312,0.9939810780120044,0.9470391672538968,0.9922976479342992,1,8,0,7,True,False,False,True,True,True,False,False
CC(=CCc1cc(C(=O)O)c(O)c(NC(=O)CCC2(C)C(=O)C=CC34CC5CC(OC5(C)C3)C42)c1O)C(=O)O,LibInvent,539.58,39,0.7051,0,True,2,2,170.45999999999998,3.8071000000000024,0.7905,0.7511,0.6265,0.1017,0.988093786568511,0.5988104084269297,0.1400446663805394,0.2317631593066074,0.8667747510429216,0.995482999413746,0.976012511435704,0.9962882594147766,0.9958054097777876,0.9953098826953204,0.962502902527036,0.995254540715207,1,6,0,9,False,False,False,False,True,False,False,False
CC(C)=CCCC(C)c1cc(C(=O)O)c(O)c(NC(=O)CCC2(C)C(=O)C=CC34CC5CC(OC5(C)C3)C42)c1O,LibInvent,551.68,40,0.6627,0,True,2,1,133.16,6.083600000000006,0.7972,0.744,0.6085,0.12095,0.9855059095834048,0.5541246025354952,0.1404238278244143,0.3411901041271646,0.9026280222135324,0.9954391677088332,0.9737029893273704,0.9932741568224088,0.996390948470374,0.994633808405736,0.9520296165290606,0.9930706798200494,1,6,0,7,True,False,False,False,True,True,False,False
CC(=CCCl)Cc1cc(C(=O)O)c(O)c(NC(=O)CCC2(C)C(=O)C=CC34CC5CC(OC5(C)C3)C42)c1O,LibInvent,544.04,38,0.6875,0,True,2,1,133.16,4.961300000000005,0.7965,0.7401,0.6269,0.1129999999999999,0.9875322795232004,0.6628134976471394,0.172038061939118,0.2718613541359426,0.9000344971468599,0.995190256383242,0.9734599140480232,0.9954689832165584,0.9959598293458108,0.9958592969614348,0.963160297829034,0.9936273788783,1,6,0,7,True,False,False,False,True,True,False,False
CC(C)C(C#N)(C#N)C(C)c1cc(C(=O)O)c(O)c(NC(=O)CCC2(C)C(=O)C=CC34CC5CC(OC5(C)C3)C42)c1O,LibInvent,575.66,42,0.6627,0,True,2,1,180.74,5.026760000000005,0.7857,0.8021,0.6177,0.0757999999999999,0.9845145201378056,0.5927257112280909,0.1050617667724904,0.4291509197890469,0.9013335960772524,0.993541901162006,0.962027639068612,0.989745376265978,0.994187653476486,0.9924225578322684,0.9658697500390364,0.9938067631202524,1,6,0,7,False,False,False,False,True,False,False,False
CC(C)C(C(N)=O)c1cc(C(=O)O)c(O)c(NC(=O)CCC2(C)C(=O)C=CC34CC5CC(OC5(C)C3)C42)c1O,LibInvent,540.61,39,0.7051,0,True,2,1,176.24999999999997,3.458600000000003,0.7895,0.7668,0.5985,0.10685,0.9793523344621492,0.6311702838682678,0.1731965268016804,0.2545465539105835,0.8516535270604471,0.993508608969408,0.9570640097541516,0.9924358148429728,0.991074326076211,0.989256613675578,0.9413591847833797,0.9907677831333416,1,6,0,8,False,False,False,False,True,False,False,False
CC(C)C(C)(C)c1cc(C(=O)O)c(O)c(NC(=O)CCC2(C)C(=O)C=CC34CC5CC(OC5(C)C3)C42)c1O,LibInvent,525.64,38,0.7143,0,True,2,1,133.16,5.167300000000005,0.7854,0.7425,0.5515,0.1383999999999999,0.985730655898144,0.5738982734083392,0.137808393704419,0.3053868655839681,0.8884625268975341,0.9939999430368336,0.9733843136627088,0.9934201552928976,0.9954476130938522,0.9950398483748902,0.9572304175681516,0.991592300257674,1,6,0,7,False,False,False,False,True,False,False,False
CC(C)(C)C1CCC(NC(=O)CCCc2cc(C(=O)O)c(O)c(NC(=O)CCC3(C)C(=O)C=CC45CC6CC(OC6(C)C4)C53)c2O)CC1,LibInvent,664.84,48,0.6322,0,True,2,1,162.26,6.277500000000007,0.7994,0.7505,0.5463,0.151,0.9851074701149912,0.3444821767049226,0.3063741744073404,0.4488005231087767,0.6803376295612455,0.9952226970226392,0.9674169321107378,0.9917034874207264,0.9952537988752016,0.993343808033338,0.9623116576067337,0.9904999097355636,1,7,0,8,True,False,False,False,False,False,False,False
CC(C)(O)CC(C)(C)c1cc(C(=O)O)c(O)c(NC(=O)CCC2(C)C(=O)C=CC34CC5CC(OC5(C)C3)C42)c1O,LibInvent,555.67,40,0.7051,0,True,2,1,153.39,4.672300000000004,0.7796,0.7551,0.5939,0.1050999999999999,0.9813980637837444,0.5415964138253695,0.1480335723382848,0.3373287319941067,0.8675803137096991,0.9939041009941372,0.9677830557115472,0.9920911562453396,0.9958519997763357,0.9949861422643792,0.9320553115279626,0.9931146799665096,1,6,0,8,False,False,False,False,True,False,False,False
CC(C)=CC1CC(C)=C(c2cc(C(=O)O)c(O)c(NC(=O)CCC3(C)C(=O)C=CC45CC6CC(OC6(C)C4)C53)c2O)C(C)(C(N)=O)C1,LibInvent,646.78,47,0.6044,0,True,2,1,176.25,5.875000000000005,0.8017,0.7739,0.6152,0.1071499999999999,0.9887678701871442,0.4473640932895568,0.2803757080029951,0.5129862674651938,0.7193837260568416,0.9961883421973948,0.9718515805945568,0.993270797076794,0.9963751092269356,0.994478925153736,0.978575546525201,0.9906347905353912,1,7,0,8,True,False,False,False,False,False,False,False
C=C(C)C(CCC=C(C)C)c1cc(C(=O)O)c(O)c(NC(=O)CCC2(C)C(=O)C=CC34CC5CC(OC5(C)C3)C42)c1O,LibInvent,577.72,42,0.6395,0,True,2,1,133.16,6.639800000000008,0.7994,0.7565,0.5419,0.1502,0.9861673235786182,0.5530960572885799,0.102586371645498,0.3305878945168983,0.9046474243885269,0.9946606313259724,0.9724877200004272,0.9936311392197504,0.9963407255250406,0.9947404120906752,0.9554211221525092,0.9958895147359532,1,6,0,7,True,False,False,False,True,True,False,False
CC(C)(C)Cc1cc(C(=O)O)c(O)c(NC(=O)CCC2(C)C(=O)C=CC34CC5CC(OC5(C)C3)C42)c1O,LibInvent,511.62,37,0.7333,0,True,2,1,133.16,4.822300000000005,0.7953,0.7225,0.5888,0.1396499999999999,0.9853304421054084,0.5309050938595098,0.1340977309096646,0.3214954196664686,0.8896035329040344,0.9950682679373988,0.9638768784856656,0.993324067744889,0.9952667495438888,0.9947370427613952,0.9616782256151314,0.9933618626494898,1,6,0,7,True,False,False,False,True,True,False,False
CN(C)CC(C)(C)C1C(=O)C(=O)C(c2cc(C(=O)O)c(O)c(NC(=O)CCC3(C)C(=O)C=CC45CC6CC(OC6(C)C4)C53)c2O)C2CCCCC21,LibInvent,704.86,51,0.6044,0,True,2,1,170.54,5.479500000000006,0.8083,0.8304,0.6456,0.0703,0.98712679941914,0.4483039750121846,0.2563295172796334,0.3781214857281476,0.7211158015654721,0.9953702358658272,0.9790179293959806,0.9934948107068772,0.995029056812534,0.9949589903219132,0.9646185074662196,0.987398065364628,1,8,0,9,True,False,False,False,False,False,False,False
C=C(C)C1CCC2(C)CC(C)(O)C1C2Cc1cc(C(=O)O)c(O)c(NC(=O)CCC2(C)C(=O)C=CC34CC5CC(OC5(C)C3)C42)c1O,LibInvent,647.81,47,0.5978,0,True,2,1,153.39,6.155700000000007,0.8234,0.7905,0.5841,0.1361,0.9875548437941796,0.4064565759963354,0.2956423691205119,0.3817774323944793,0.7283913437018998,0.995975966960636,0.978127990731219,0.9940235624089968,0.996003011782024,0.9959306283106636,0.958230856894746,0.9945918894709708,1,8,0,8,True,False,False,False,False,False,False,False
C=C(C)CC(C)c1cc(C(=O)O)c(O)c(NC(=O)CCC2(C)C(=O)C=CC34CC5CC(OC5(C)C3)C42)c1O,LibInvent,523.63,38,0.6962,0,True,2,1,133.16,5.303400000000005,0.7919,0.7431,0.6144,0.11315,0.9859296882521512,0.5430954099969303,0.1218329060924283,0.2836934834327834,0.8826262053615301,0.994975795350194,0.9673430807639378,0.9945465264536896,0.9957464499737196,0.995067937194152,0.9601829651571238,0.9936450628722416,1,6,0,7,True,False,False,False,True,True,False,False
CCC(C)c1cc(C(=O)O)c(O)c(NC(=O)CCC2(C)C(=O)C=CC34CC5CC(OC5(C)C3)C42)c1O,LibInvent,497.59,36,0.7237,0,True,2,1,133.16,4.747200000000005,0.7875,0.7417,0.5998,0.11675,0.9856959696107196,0.5321814410477539,0.1352677792802027,0.2606282170131261,0.8832504204049297,0.9936362498789428,0.9703128333536568,0.9938176864590236,0.9950854086354732,0.9945080925429632,0.9593084858141362,0.9932030305908408,1,6,0,7,False,False,False,False,True,False,False,False
CCN(CC)c1cc(C(=O)O)c(O)c(NC(=O)CCC2(C)C(=O)C=CC34CC5CC(OC5(C)C3)C42)c1O,LibInvent,512.6,37,0.7333,0,True,2,1,136.4,4.079900000000004,0.7982,0.7456,0.614,0.1184,0.9879957967070644,0.5901738778322935,0.1342904780896129,0.2160451073181107,0.8420679257976602,0.9953239606234516,0.976969007971281,0.9929805185496802,0.9939225034607752,0.994132082300646,0.9755325171081808,0.9871099869354358,1,6,0,7,True,False,False,False,True,True,False,False
CC(C)=CCCC(C)=CCc1cc(C(=O)O)c(O)c(NC(=O)CCC2(C)C(=O)C=CC34CC5CC(OC5(C)C3)C42)c1O,LibInvent,577.72,42,0.6627,0,True,2,1,133.16,6.468900000000008,0.793,0.7297,0.6182,0.1190499999999999,0.9878092169402256,0.5714782128234001,0.1189381770159287,0.366407581457282,0.8999987784272773,0.9961859437735764,0.9800578138860454,0.99363514471771,0.9975039867677434,0.9949372000701864,0.95640049322064,0.9959439361456776,1,6,0,7,True,False,False,False,True,True,False,False
CC(C)=CC(=O)Nc1ccc(-c2cc(C(=O)O)c(O)c(NC(=O)CCC3(C)C(=O)C=CC45CC6CC(OC6(C)C4)C53)c2O)cc1,LibInvent,614.7,45,0.6747,0,True,2,1,162.26,5.805400000000006,0.7804,0.7018,0.6331,0.11295,0.989932453669766,0.3303354927611909,0.2733441897911008,0.4811751690625311,0.7279175535436415,0.996512887273196,0.9815798770338496,0.9949557005600824,0.9973675973524276,0.9951768244444152,0.9690724854661849,0.994861803558206,2,7,0,8,False,False,False,False,False,False,False,False
C=CCc1cccc(-c2cc(C(=O)O)c(O)c(NC(=O)CCC3(C)C(=O)C=CC45CC6CC(OC6(C)C4)C53)c2O)c1,LibInvent,557.64,41,0.6747,0,True,2,1,133.16,5.629200000000005,0.8116,0.7293,0.6498,0.1220499999999999,0.9874688686487556,0.3986140016674631,0.1108367147032162,0.4119678959427498,0.9153761648789062,0.9962873128278464,0.9816650232542536,0.9938360725590204,0.9976685656131388,0.994693128794252,0.9572959375075352,0.9908360399852416,2,7,0,7,True,False,False,False,False,False,False,False
CCCCCc1cc(C(=O)O)c(O)c(NC(=O)CCC2(C)C(=O)C=CC34CC5CC(OC5(C)C3)C42)c1O,LibInvent,511.62,37,0.7143,0,True,2,1,133.16,4.966400000000005,0.8082,0.7398,0.5849,0.14585,0.9853301011552442,0.479734636271694,0.1598783945069166,0.2347308150141833,0.8900074241985181,0.9958582877151448,0.9749869886465032,0.9944496671521824,0.9958177152961608,0.995637084451846,0.9470517290956844,0.9935092357291876,1,6,0,7,True,False,False,False,False,False,False,False
CC12CC34C=CC(=O)C(C)(CCC(=O)Nc5c(O)c(NCCCNCCCCN)cc(C(=O)O)c5O)C3C(CC1C4)O2,LibInvent,584.71,42,0.6627,0,True,2,1,183.24,3.364200000000001,0.7826,0.797,0.6149,0.0766499999999998,0.9891694269810946,0.5745957090791668,0.2720167786890719,0.2136336664387866,0.8156435763409875,0.996942379076582,0.973172316065319,0.994400562219284,0.9941067622965246,0.9938486623773553,0.9816970107961632,0.9900182960364338,1,6,0,7,False,False,False,False,True,False,False,False
CC12CC34C=CC(=O)C(C)(CCC(=O)Nc5c(O)c(CCO)cc(C(=O)O)c5O)C3C(CC1C4)O2,LibInvent,485.53,35,0.7432,0,True,2,1,153.39,2.7685000000000004,0.7725,0.7534,0.6371,0.07725,0.9718018967638106,0.5652286018432293,0.1568527473206392,0.2207280192443166,0.8431509047181636,0.9920614378368574,0.9315919991313196,0.9923387868281156,0.9922047992352888,0.973773747876048,0.9307635815826496,0.9898789248563948,1,6,0,8,False,False,False,False,True,False,False,False
CC12CC34C=CC(=O)C(C)(CCC(=O)Nc5c(O)c(CCl)cc(C(=O)O)c5O)C3C(CC1C4)O2,LibInvent,489.95,34,0.7534,0,True,2,1,133.16,3.972500000000002,0.8275,0.7611,0.67,0.11195,0.984643104813702,0.6233280236023546,0.1385863545394502,0.2574673678813581,0.880682642715909,0.9947534784858316,0.9657881379111009,0.9955188108418248,0.9948480210429824,0.9954708051652084,0.953396811178365,0.9927256690706004,1,6,0,7,True,False,False,False,True,True,False,False
CC12CC34C=CC(=O)C(C)(CCC(=O)Nc5c(O)c(CCN)cc(C(=O)O)c5O)C3C(CC1C4)O2,LibInvent,484.55,35,0.7432,0,True,2,1,159.17999999999998,2.734900000000001,0.7813,0.775,0.6238,0.0818999999999999,0.9847816731165292,0.5934066798605133,0.1872198152866476,0.1992624614373364,0.8288960866439217,0.9936785472602746,0.9613274566982238,0.9952527149197924,0.994710604673366,0.9953090791782364,0.960144921599499,0.9930483874863136,1,6,0,7,False,False,False,False,True,False,False,False
CC(C)=Cc1cccc(-c2cc(C(=O)O)c(O)c(NC(=O)CCC3(C)C(=O)C=CC45CC6CC(OC6(C)C4)C53)c2O)c1,LibInvent,571.67,42,0.6747,0,True,2,1,133.16,6.323900000000006,0.7997,0.738,0.614,0.1237,0.988419209061834,0.3925098325917689,0.1185205952805308,0.4770748783328271,0.9299011112689606,0.9959762147287264,0.9820593223207026,0.991912622525681,0.9976870073687794,0.9949470787343828,0.9605381581370036,0.9958140596175614,2,7,0,7,True,False,False,False,False,False,False,False
CC12CC34C=CC(=O)C(C)(CCC(=O)Nc5c(O)c(C(=O)O)cc(C6(C)CCC7C(=O)CCC7C6(C)C)c5O)C3C(CC1C4)O2,LibInvent,619.76,45,0.6471,0,True,2,1,150.23,5.906700000000006,0.8095,0.7462,0.5525,0.16015,0.9843077311685576,0.4393040900346017,0.2822688583890054,0.3931166699042651,0.7288983201130936,0.9921898910936678,0.9713037232228316,0.9905111206081804,0.9942073289221371,0.9934574076990034,0.9581589473316572,0.990325699302426,1,8,0,8,True,False,False,False,False,False,False,False
CCC1C(=O)C2(C)CCC1(N(C)c1cc(C(=O)O)c(O)c(NC(=O)CCC3(C)C(=O)C=CC45CC6CC(OC6(C)C4)C53)c1O)C(=O)O2,LibInvent,650.73,47,0.6111,0,True,2,1,179.76999999999995,4.113300000000004,0.8149,0.8367,0.667,0.0630499999999999,0.9898177880401304,0.552177276306767,0.2348886405823979,0.3908132187653305,0.7070179836298306,0.9965353199456588,0.9736376025854896,0.9957376982509596,0.9942991338072678,0.9954579648254328,0.9839911440120804,0.9890656528540248,1,9,0,10,True,False,False,False,True,True,False,False
CC12CC34C=CC(=O)C(C)(CCC(=O)Nc5c(O)c(C(=O)O)cc(N6CCC7(CC6)NOC(=O)c6ccccc67)c5O)C3C(CC1C4)O2,LibInvent,657.72,48,0.6087,0,True,2,1,174.72999999999996,4.404400000000003,0.8102,0.8009,0.6874,0.06605,0.9778069810654624,0.4407734631656719,0.2413184986059868,0.3986326456961721,0.6963185222300188,0.9925442804255996,0.9734961290691728,0.9802833360673242,0.9898874280506657,0.9859067809949842,0.9403274981674468,0.9822034146830432,2,9,2,9,True,False,False,False,False,False,False,False
CC1CCC(C(C)C)C(Oc2cc3c(cc2-c2cc(C(=O)O)c(O)c(NC(=O)CCC4(C)C(=O)C=CC56CC7CC(OC7(C)C5)C64)c2O)C2(C)CC(C)(C)C2CCC3(C)C(=O)O)C1,LibInvent,866.1,63,0.514,0,True,2,2,179.69,10.1802,0.8142,0.769,0.6804,0.0895,0.9886391808197114,0.3255995378731133,0.2760863560684866,0.555053999673511,0.7574044118986263,0.9913707669138684,0.9893316673898755,0.9931168589621592,0.9977450226101752,0.993923488587074,0.9618287966622272,0.9931576646125994,2,10,0,10,True,False,False,False,False,False,False,False
CC12CC34C=CC(=O)C(C)(CCC(=O)Nc5c(O)c(C(=O)O)cc(C6C7CCC(C7)C6(C)C)c5O)C3C(CC1C4)O2,LibInvent,563.69,41,0.7089,0,True,2,1,133.16,5.773400000000007,0.8307,0.7674,0.587,0.1534999999999999,0.987216767624732,0.4824953954105778,0.1110798782807172,0.3378912664621353,0.915946134597537,0.9928970417674474,0.97543783003729,0.992034715276426,0.9948812152920916,0.9946165725275776,0.9683920802372455,0.9922579182350454,1,8,0,7,True,False,False,True,False,False,False,False
CC1(C)CC(=O)C(c2cc(C(=O)O)c(O)c(NC(=O)CCC3(C)C(=O)C=CC45CC6CC(OC6(C)C4)C53)c2O)C(=O)C1,LibInvent,579.65,42,0.7237,0,True,2,1,167.29999999999998,4.2755000000000045,0.7792,0.7221,0.6052,0.11555,0.9790741999639648,0.5540494823093886,0.097620921328213,0.3039411268024426,0.896462772288664,0.9910774544782712,0.9566591227113708,0.9892654147552165,0.9924849282116536,0.990851328065529,0.9437914717074484,0.9893896798182656,1,7,0,9,False,False,False,False,True,False,False,False
CC12CC34C=CC(=O)C(C)(CCC(=O)Nc5c(O)c(C(=O)O)cc(C6(N)CCCCC6)c5O)C3C(CC1C4)O2,LibInvent,538.64,39,0.7051,0,True,2,1,159.17999999999998,4.3518000000000026,0.7922,0.7223,0.6376,0.1122499999999999,0.9867312173936874,0.5871694356532617,0.1628870539802571,0.2576204520206014,0.8779640844215999,0.9963895587094964,0.9719850746351446,0.994963017250208,0.9950492704152292,0.9957331566101386,0.9601378580042376,0.9928605861313562,1,7,0,7,True,False,False,False,True,True,False,False
CC12CC34C=CC(=O)C(C)(CCC(=O)Nc5c(O)c(C(=O)O)cc(-c6ccc(N7C=CC8(CCC8(C)N)C7=O)cc6)c5O)C3C(CC1C4)O2,LibInvent,667.76,49,0.6154,0,True,2,1,179.48999999999998,5.258600000000005,0.8065,0.7869,0.6565,0.0847999999999999,0.990261936353421,0.4076126404200741,0.2590439902851511,0.4226688411287899,0.7118724214984635,0.997534351112398,0.9836862429390392,0.9944729909871906,0.9966438986557526,0.9946719634406948,0.975780295518772,0.9890438118201,2,9,1,8,True,False,False,False,False,False,False,False
C#CC1(Nc2cc(C(=O)O)c(O)c(NC(=O)CCC3(C)C(=O)C=CC45CC6CC(OC6(C)C4)C53)c2O)CCC2(C)c3ccc(C(C)C)cc3CCC12,LibInvent,706.88,52,0.549,0,True,2,1,145.19,7.455100000000009,0.8211,0.797,0.6201,0.11255,0.9918986720168952,0.3428806686242763,0.2282955326803909,0.6086519648949086,0.7463244624208262,0.9985642604963952,0.9872425933335164,0.992657326083192,0.9976179397684106,0.9960337846500908,0.978582620941602,0.992592178845058,2,9,0,7,True,False,False,False,False,False,False,False
CC12CC34C=CC(=O)C(C)(CCC(=O)Nc5c(O)c(C(=O)O)cc(C6CC7(C(N)=O)CCCC67)c5O)C3C(CC1C4)O2,LibInvent,578.66,42,0.6395,0,True,2,1,176.24999999999997,3.9928000000000026,0.7927,0.7754,0.6416,0.0842,0.9790803008937224,0.5874861497525352,0.116953171242307,0.3032697876649571,0.8706526226530803,0.9855091408604484,0.9700749705373964,0.9878871547570932,0.9914462114842064,0.99250981475987,0.9386236058835816,0.9875112079734616,1,8,0,8,True,False,False,False,True,True,False,False
CC12CC34C=CC(=O)C(C)(CCC(=O)Nc5c(O)c(C(=O)O)cc(-c6ccc(NC7C8CCC(C8(C)C)C7(O)C(=O)O)cc6Cl)c5O)C3C(CC1C4)O2,LibInvent,749.26,53,0.5773,0,True,2,2,202.71999999999997,6.216300000000007,0.8356,0.8055,0.7046,0.08055,0.9937668431909548,0.3664671337016708,0.2450953059881555,0.4255069876821504,0.7551162732772561,0.996679561767519,0.9869853014041834,0.9961058792944476,0.9969199622578554,0.9966519246653268,0.9881521036254024,0.9948731693219478,2,9,0,10,True,False,False,True,False,False,False,False
CCN(c1cc(C(=O)O)c(O)c(NC(=O)CCC2(C)C(=O)C=CC34CC5CC(OC5(C)C3)C42)c1O)C1CC2C(O)C2C1,LibInvent,580.68,42,0.6627,0,True,2,1,156.63,3.8293000000000026,0.823,0.8172,0.6614,0.0836999999999998,0.9892803984691552,0.6191378809669577,0.0972644577916697,0.2801145212825864,0.8891173747814392,0.995638178548882,0.9805703889123624,0.9940790474700132,0.993747860248773,0.9895861801897916,0.9878822106461992,0.9834589232680652,1,8,0,8,True,False,False,False,True,True,False,False
CC12CC34C=CC(=O)C(C)(CCC(=O)Nc5c(O)c(C(=O)O)cc(C6C7C=CC(C7)C6C(N)=O)c5O)C3C(CC1C4)O2,LibInvent,576.65,42,0.6627,0,True,2,1,176.24999999999997,3.6247000000000016,0.7988,0.765,0.6397,0.0964499999999999,0.9839456254372418,0.6029018745907135,0.1070310283245201,0.3130685891392786,0.8808706009721128,0.9919716354778836,0.9652555704132996,0.9852153390225032,0.992711214207036,0.9931080849149772,0.97374184080443,0.985615693220564,1,8,0,8,True,False,False,False,True,True,False,False
CC12CC(NC(=O)Cc3cc(C(=O)O)c(O)c(NC(=O)CCC4(C)C(=O)C=CC56CC7CC(OC7(C)C5)C64)c3O)C(C1)C(C)(C)C2,LibInvent,634.77,46,0.6627,0,True,2,1,162.26,5.107200000000005,0.7721,0.7598,0.6083,0.0880499999999999,0.9768278826616552,0.375856290833834,0.2590149723131326,0.4565721119113927,0.6721291260214532,0.9903418481674372,0.946212739557301,0.9892131729099042,0.993759265176994,0.9810737761111796,0.9513695180123192,0.9858248586964526,1,8,0,8,False,False,False,False,False,False,False,False
CC12CC34C=CC(=O)C(C)(CCC(=O)Nc5c(O)c(C(=O)O)cc(C6CCC7CC6C7(C)C)c5O)C3C(CC1C4)O2,LibInvent,563.69,41,0.6875,0,True,2,1,133.16,5.773400000000007,0.818,0.7425,0.6358,0.1288499999999999,0.9847478347237578,0.4931751540610958,0.1493839998497291,0.320159954003893,0.9217126718621056,0.9930720633228406,0.9711168722045214,0.992881537693783,0.994677085177766,0.9950261959979696,0.9540140453557026,0.9924470433137216,1,9,0,7,True,False,False,False,True,True,False,False
CC12CC34C=CC(=O)C(C)(CCC(=O)Nc5c(O)c(C(=O)O)cc(C6(O)CC7CCC(C6)C7(C)C)c5O)C3C(CC1C4)O2,LibInvent,593.72,43,0.7143,0,True,2,1,153.39,5.267500000000005,0.8082,0.7425,0.6708,0.10155,0.9820804002064668,0.4755014537303796,0.1086857507784595,0.333927978818099,0.9220540616884964,0.991568478984684,0.9721923197916778,0.991757578287562,0.9948244303850952,0.9939454054623372,0.9374211506441882,0.9928534378897226,1,8,0,8,True,False,False,False,False,False,False,False
CC12CC34C=CC(=O)C(C)(CCC(=O)Nc5c(O)c(NC=CC=C6CC7C=CCCC7(C)C6O)cc(C(=O)O)c5O)C3C(CC1C4)O2,LibInvent,644.77,47,0.5729,0,True,2,1,165.42,5.822800000000006,0.7857,0.7643,0.6178,0.09465,0.9892808655909188,0.4421059383328114,0.2738962832430012,0.4123164251443471,0.7367308924022027,0.9968733934494592,0.9773813070525172,0.99420624458341,0.9954931039225036,0.9928529350380972,0.9796800381691578,0.9884790369212848,1,8,0,8,False,False,False,False,False,False,False,False
CC1(c2cc(C(=O)O)c(O)c(NC(=O)CCC3(C)C(=O)C=CC45CC6CC(OC6(C)C4)C53)c2O)CCCC1,LibInvent,523.63,38,0.7333,0,True,2,1,133.16,5.065400000000006,0.802,0.7363,0.6152,0.12625,0.982514607661776,0.5368485533731593,0.1273233950173984,0.2884632405882571,0.8974346897599137,0.9933336619794658,0.9682466554870824,0.9917759825033132,0.9943315673654128,0.993268729350034,0.9473015249176964,0.9893441320294264,1,7,0,7,True,False,False,False,True,True,False,False
CC12CC34C=CC(=O)C(C)(CCC(=O)Nc5c(O)c(C(=O)O)cc(C6CC6)c5O)C3C(CC1C4)O2,LibInvent+GenMol,481.55,35,0.7534,0,True,2,1,133.16,4.111100000000002,0.8009,0.7531,0.6259,0.1113999999999999,0.9845459523504329,0.5705731734805032,0.1447289291316443,0.2734655135491087,0.8838166295835109,0.9931004013652271,0.966133395931519,0.9939520932018088,0.9944383925995068,0.9945488965595938,0.957625821282686,0.9920226655126894,1,7,0,7,True,False,False,False,True,True,False,False
CC(=CC(=O)C1CC1c1cc(C(=O)O)c(O)c(NC(=O)CCC2(C)C(=O)C=CC34CC5CC(OC5(C)C3)C42)c1O)C(F)(F)F,LibInvent,617.62,44,0.6322,0,True,2,1,150.23,5.414900000000006,0.8172,0.802,0.6332,0.0996,0.9916255876395316,0.4863213747287596,0.3320717958520858,0.4802898576835148,0.7504181678840565,0.995871561287785,0.9814181536535412,0.994443478875485,0.9965838437057672,0.9956004508584706,0.9828947699671856,0.9945668551284852,1,7,0,8,True,False,False,False,False,False,False,False
CC12CC34C=CC(=O)C(C)(CCC(=O)Nc5c(O)c(C(=O)O)cc(C6CCCC6)c5O)C3C(CC1C4)O2,LibInvent,509.6,37,0.7333,0,True,2,1,133.16,4.891300000000005,0.8183,0.7372,0.6048,0.1473,0.9860351379988306,0.5011259114398042,0.1412648387453016,0.2668981713047734,0.892157077256167,0.9938668881897078,0.968971723996068,0.9928594622625092,0.994872495700966,0.9931021680908426,0.9659388552780224,0.992634372473698,1,7,0,7,True,False,False,False,True,True,False,False
CC1(C)CC2CC(C1)N2c1cc(C(=O)O)c(O)c(NC(=O)CCC2(C)C(=O)C=CC34CC5CC(OC5(C)C3)C42)c1O,LibInvent,564.68,41,0.7237,0,True,2,1,136.4,5.001000000000005,0.8152,0.8074,0.6302,0.0964,0.987375221898084,0.606979253064129,0.1019106412556765,0.3877276676868136,0.865519034541514,0.9932696270487468,0.9770283346195004,0.9861131254562926,0.9946475519857771,0.989910381971075,0.9793505418408897,0.9913069903643076,1,9,1,7,True,False,False,False,True,True,False,False
CC12CC34C=CC(=O)C(C)(CCC(=O)Nc5c(O)c(C(=O)O)cc(C67CC8CC(CC(C8)C6)C7)c5O)C3C(CC1C4)O2,LibInvent,575.7,42,0.7333,0,True,2,1,133.16,5.7015000000000065,0.7747,0.7167,0.6751,0.0788,0.9824777416991582,0.4146389630282602,0.1214799258291347,0.3320420940126689,0.932833284294556,0.9909979832989848,0.9722366014587952,0.9903647382888804,0.994435844902402,0.9934585836890464,0.942349999909311,0.9935004403466884,1,10,0,7,False,False,False,False,False,False,False,False
CC12CC34C=CC(=O)C(C)(CCC(=O)Nc5c(O)c(NN=C6CCC7CC6C7(C)C)cc(C(=O)O)c5O)C3C(CC1C4)O2,LibInvent,591.71,43,0.6395,0,True,2,1,157.54999999999998,5.457700000000005,0.8205,0.7393,0.6501,0.1258,0.9877476783268132,0.4533629613795441,0.1440392967101877,0.247586589123832,0.9408886376767392,0.9946053256080416,0.975138655879864,0.9935998087823196,0.9950731600733228,0.9825183942704828,0.9806121942199898,0.992686209453672,1,9,0,7,True,False,False,False,False,False,False,False
CC12CC34C=CC(=O)C(C)(CCC(=O)Nc5c(O)c(C(=O)O)cc(-c6ccc(CC7SCC8NC(=O)NC87)cc6)c5O)C3C(CC1C4)O2,LibInvent,673.79,48,0.6087,0,True,2,1,174.29,4.608600000000004,0.8171,0.7924,0.6785,0.0816500000000001,0.989604205052072,0.2764133589541744,0.2704589857903361,0.4902626786172314,0.6757789905837205,0.9959567102271852,0.9791235017615916,0.9942107670599416,0.997458220806,0.9877305291485144,0.9830797379415208,0.989669968419752,2,9,2,8,True,False,False,False,False,False,False,False
CC12CC34C=CC(=O)C(C)(CCC(=O)Nc5c(O)c(NC6C7CCC6CC7)cc(C(=O)O)c5O)C3C(CC1C4)O2,LibInvent,550.65,40,0.7467,0,True,2,1,145.19,4.834200000000003,0.7988,0.759,0.6741,0.0822499999999999,0.9840054416355276,0.473906853361695,0.1610620766154236,0.3066662715875092,0.8866488221926276,0.9946508308989596,0.9560150867433508,0.9920150078614012,0.991299980239083,0.9866453069672444,0.9773356319019724,0.9900762468366812,1,8,0,7,True,False,False,False,False,False,False,False
CC12CC34C=CC(=O)C(C)(CCC(=O)Nc5c(O)c(C(=O)O)cc(C6CCC(=Cc7cccc(O)c7)c7cc(O)ccc76)c5O)C3C(CC1C4)O2,LibInvent,691.78,51,0.6087,0,True,4,1,173.61999999999998,7.11120000000001,0.8162,0.7045,0.6503,0.1388,0.9898716736391447,0.2884969034786949,0.2894100225399034,0.4869750476149461,0.7694115691458479,0.9970850805723432,0.9797445758387436,0.9890572288948088,0.9973165650665964,0.9939390327013946,0.977797326872494,0.9941619055276338,3,9,0,9,True,False,False,False,False,False,False,False
CCC(C(=O)NC1CCCC1=O)c1cc(C(=O)O)c(O)c(NC(=O)CCC2(C)C(=O)C=CC34CC5CC(OC5(C)C3)C42)c1O,LibInvent,608.69,44,0.6322,0,True,2,1,179.32999999999998,3.965100000000003,0.7837,0.7673,0.6245,0.0877999999999999,0.9779262991627492,0.4055130952630865,0.2970336990154992,0.3836075422994737,0.7002839168650439,0.9934101722849286,0.9489374804585046,0.9927897647532168,0.9903503096484064,0.9819521201363572,0.9555136943489924,0.9825305525088392,1,7,0,9,False,False,False,False,False,False,False,False
CC(C)=CCC1CCCCN1c1cc(C(=O)O)c(O)c(NC(=O)CCC2(C)C(=O)C=CC34CC5CC(OC5(C)C3)C42)c1O,LibInvent,592.73,43,0.618,0,True,2,1,136.4,5.948900000000006,0.8184,0.7729,0.6435,0.1102,0.987304205693732,0.5352626897107347,0.1152961789533469,0.3258822321689041,0.8714241209923952,0.994633767376312,0.9731033052357848,0.9867667369185938,0.9945959300363288,0.9908879586066004,0.9812191129559144,0.9899226287265886,1,7,1,7,True,False,False,False,True,True,False,False
CC12CC34C=CC(=O)C(C)(CCC(=O)Nc5c(O)c(CC(=O)NC6CCC6N)cc(C(=O)O)c5O)C3C(CC1C4)O2,LibInvent,567.64,41,0.679,0,True,2,1,188.27999999999997,2.382099999999999,0.7952,0.777,0.6346,0.0894,0.9805763322233648,0.6399115107663529,0.2236454549376424,0.277927478486146,0.8085871160211272,0.991599474694191,0.9532246161389324,0.9927705091275116,0.9923167040916768,0.9912719798419144,0.954347224600962,0.9885038170683664,1,7,0,8,True,False,False,False,True,True,False,False
CC12CC34C=CC(=O)C(C)(CCC(=O)Nc5c(O)c(C(=O)O)cc(C(C(=O)O)C(C)(C)C6CC6)c5O)C3C(CC1C4)O2,LibInvent,581.66,42,0.6707,0,True,2,2,170.45999999999998,4.838100000000003,0.8129,0.7409,0.6088,0.13805,0.9761535240032292,0.5920100123166282,0.1174972655607676,0.2334137252962598,0.91027021785317,0.9864135568513722,0.9578649240176936,0.9872411708159092,0.9916316925531948,0.9920582738158726,0.9289217526903992,0.9889432972781615,1,7,0,9,True,False,False,False,True,True,False,False
CC1=C(C(=O)N2CCCC2)C(c2cc(C(=O)O)c(O)c(NC(=O)CCC3(C)C(=O)C=CC45CC6CC(OC6(C)C4)C53)c2O)C2(CCCC2)N1,LibInvent,673.81,49,0.5978,0,True,2,1,165.49999999999997,5.129700000000005,0.8061,0.7848,0.6526,0.0874,0.983502225425957,0.4119424295488689,0.2437158983402285,0.4227594754545338,0.664988798544587,0.993978360103738,0.969109097777429,0.9905841324655408,0.990744626097148,0.992762559311875,0.9834542482980018,0.9638825539279668,1,9,2,8,True,False,False,False,False,False,False,False
CC12CC34C=CC(=O)C(C)(CCC(=O)Nc5c(O)c(C(=O)O)cc(N6CC7(CCC7)C6)c5O)C3C(CC1C4)O2,LibInvent,536.63,39,0.6875,0,True,2,1,136.4,4.224000000000003,0.8074,0.7837,0.6742,0.07845,0.980195407409032,0.663941072316754,0.0958637127794489,0.2291366027458826,0.807763533139908,0.9937104263135726,0.9648988723455022,0.9921649199701186,0.9916073129055344,0.9597731876231756,0.972032872043874,0.9871802606614464,1,8,1,7,True,False,False,False,True,True,False,False
CC(C)(C(N)=O)c1cc(C(=O)O)c(O)c(NC(=O)CCC2(C)C(=O)C=CC34CC5CC(OC5(C)C3)C42)c1O,LibInvent,526.59,38,0.7143,0,True,2,1,176.24999999999997,2.9966000000000013,0.7571,0.7589,0.6027,0.0762999999999999,0.968650633899818,0.6712056752734289,0.1527164093850649,0.2647526926320528,0.8385723321308809,0.9847876707300326,0.932261737898409,0.98697267553046,0.9841232986813364,0.9770773960343456,0.9313516182357496,0.9839800401883912,1,6,0,8,False,False,False,False,True,False,False,False
C=C(C(=O)O)C(C)c1cc(C(=O)O)c(O)c(NC(=O)CCC2(C)C(=O)C=CC34CC5CC(OC5(C)C3)C42)c1O,LibInvent,539.58,39,0.6962,0,True,2,2,170.45999999999998,3.978000000000004,0.7857,0.7733,0.6035,0.0972999999999999,0.9829854867482168,0.6266017826899398,0.1254335344703169,0.2418931273507889,0.8789959141180441,0.9912710895916532,0.9673219211706744,0.9957646004560552,0.9939585060689924,0.9898731399539512,0.9503922462612552,0.9923169037349364,1,6,0,9,False,False,False,False,True,False,False,False
C#CC1(C(C)c2cc(C(=O)O)c(O)c(NC(=O)CCC3(C)C(=O)C=CC45CC6CC(OC6(C)C4)C53)c2O)C(=O)C=C2C1(C)CC(=O)C2(O)C(F)(F)F,LibInvent,725.71,52,0.567,0,True,2,1,187.52999999999997,4.738400000000007,0.8099,0.8573,0.5741,0.0941999999999999,0.9897680402485448,0.4350412285984948,0.2520732566731891,0.5161417266679107,0.7634415947119044,0.9935930792786036,0.9862321462421164,0.99459159917387,0.9940714711717712,0.995069374949011,0.988791513709007,0.9760270972154338,1,8,0,10,True,True,False,False,False,False,False,False
C=C(C)C(N)=C(Cc1cc(C(=O)O)c(O)c(NC(=O)CCC2(C)C(=O)C=CC34CC5CC(OC5(C)C3)C42)c1O)C(C)C,LibInvent,578.71,42,0.6471,0,True,2,1,159.17999999999998,5.221100000000006,0.7967,0.7585,0.5374,0.1487499999999999,0.9848127287326902,0.6082581701112324,0.122229181370107,0.3506728059653138,0.8878157062252623,0.9946265448608256,0.9665255298624682,0.9932292527341632,0.995606568358346,0.9950343893062832,0.956221718413532,0.992445097593214,1,6,0,7,True,False,False,False,True,True,False,False
CCN(CC=C(C)C)c1cc(C(=O)O)c(O)c(NC(=O)CCC2(C)C(=O)C=CC34CC5CC(OC5(C)C3)C42)c1O,LibInvent,552.67,40,0.6627,0,True,2,1,136.4,5.026200000000005,0.8042,0.744,0.6309,0.11675,0.9896476476809404,0.6065659331432803,0.1258923720525848,0.286737122466194,0.8822379512200014,0.9959933433614,0.9787226524104308,0.9939480315303604,0.995615041691321,0.9937235490087128,0.9780031381485847,0.9915277776157728,1,6,0,7,True,False,False,False,True,True,False,False
CC(=O)Nc1ccc(-c2cc(C(=O)O)c(O)c(NC(=O)CCC3(C)C(=O)C=CC45CC6CC(OC6(C)C4)C53)c2O)cc1,LibInvent,574.63,42,0.7179,0,True,2,1,162.26,4.859100000000004,0.7956,0.7355,0.6674,0.0941499999999999,0.9882508252006936,0.3950068584098135,0.1558180534063366,0.3549295335632816,0.8876577008977655,0.9960654334290852,0.9759954426765964,0.9945649685706196,0.9964251525079068,0.9954632263255776,0.967422184049686,0.9918193688453846,2,7,0,8,True,False,False,False,False,False,False,False
CC(C(=O)C=Cc1ccc(Cl)cc1)c1cc(C(=O)O)c(O)c(NC(=O)CCC2(C)C(=O)C=CC34CC5CC(OC5(C)C3)C42)c1O,LibInvent,634.13,45,0.6512,0,True,2,1,150.23,6.273100000000006,0.8079,0.7483,0.6324,0.1175499999999999,0.9867723988834932,0.3601719456930239,0.2760272109618342,0.477556362774381,0.7549709998451088,0.9966499952989186,0.9777141951181114,0.9942040136711848,0.9964649959184732,0.9949580853241464,0.9550723285209202,0.9923431783326976,2,7,0,8,True,False,False,False,False,False,False,False
C=C(C)C(O)C(C)CCN1CCN(c2cc(C(=O)O)c(O)c(NC(=O)CCC3(C)C(=O)C=CC45CC6CC(OC6(C)C4)C53)c2O)CC1,LibInvent,651.8,47,0.5914,0,True,2,1,159.86999999999998,4.318900000000004,0.8074,0.825,0.6798,0.055,0.9891585768889424,0.4794446939524072,0.2707790667165701,0.3545926990029088,0.6794991747613227,0.9975308930341176,0.9746029341969796,0.9945308843815872,0.9929979089912484,0.9954334006038054,0.9870727035104392,0.9819413135044198,1,7,2,8,True,False,False,False,False,False,False,False
C=C(C)C(C)(C)c1cc(C(=O)O)c(O)c(NC(=O)CCC2(C)C(=O)C=CC34CC5CC(OC5(C)C3)C42)c1O,LibInvent,523.63,38,0.7051,0,True,2,1,133.16,5.087400000000005,0.7792,0.7446,0.5599,0.12695,0.9884533459517736,0.5919243055943733,0.1059382953562219,0.3090284291289373,0.890549647222221,0.994832565692508,0.9757033258517358,0.9951900371641892,0.9953042219875476,0.9946078289904894,0.9697515459391192,0.9937838960368254,1,6,0,7,False,False,False,False,True,False,False,False
CC(c1cc(C(=O)O)c(O)c(NC(=O)CCC2(C)C(=O)C=CC34CC5CC(OC5(C)C3)C42)c1O)C(C)(C)N,LibInvent,526.63,38,0.6962,0,True,2,1,159.18,4.074500000000002,0.7888,0.7768,0.5874,0.1066999999999999,0.9855867290278846,0.5980631168575962,0.1762358206250175,0.2901409330628694,0.8701368362370765,0.9949345406264268,0.9691060065687268,0.9933076072689802,0.9945121014784656,0.995019151491624,0.960012484962238,0.9922152107987304,1,6,0,7,False,False,False,False,True,False,False,False
CC1CCC(C(C)(C)c2cc(C(=O)O)c(O)c(NC(=O)CCC3(C)C(=O)C=CC45CC6CC(OC6(C)C4)C53)c2O)CC1,LibInvent,579.73,42,0.679,0,True,2,1,133.16,6.337600000000007,0.7929,0.7367,0.6108,0.1191499999999999,0.9851389670566,0.4806024232122211,0.1315402958770552,0.3672419338915637,0.899792460763734,0.9947016587516334,0.9763151617560072,0.992377003500328,0.995328390583675,0.9926438565565504,0.9546291042182804,0.9899775940297256,1,7,0,7,True,False,False,False,False,False,False,False
CC(C)C1(C#Cc2cc(C(=O)O)c(O)c(NC(=O)CCC3(C)C(=O)C=CC45CC6CC(OC6(C)C4)C53)c2O)OC(=O)CC1C,LibInvent,605.68,44,0.625,0,True,2,1,159.45999999999998,4.563000000000004,0.8094,0.7761,0.6176,0.11255,0.981329859099552,0.3339346060767535,0.2394967435493681,0.4595818339496177,0.7229559811490681,0.99400258869206,0.9710553536803112,0.9916282287649408,0.9948846005605544,0.990550184468182,0.9349203169871004,0.9922677405437154,1,7,0,9,True,False,False,False,False,False,False,False
CC(C)=CC1N=C(C(C)C)C(c2ccc(Cl)cc2)C1c1cc(C(=O)O)c(O)c(NC(=O)CCC2(C)C(=O)C=CC34CC5CC(OC5(C)C3)C42)c1O,LibInvent,715.29,51,0.5773,0,True,2,1,145.52,8.199900000000007,0.8147,0.8054,0.6472,0.0884,0.9929025419710398,0.3767222402843474,0.2696931719181066,0.4640438720542771,0.7486180819963402,0.9967632258733496,0.9865557075038884,0.9928932969486068,0.9973046131905784,0.9940451941572634,0.9870670964655688,0.9956886596580228,2,8,1,7,True,False,False,False,False,False,False,False
CC(C)C=C1C(C)c2ccc(O)cc2C2(C)CCC(C)(C)C2(C)C1c1cc(C(=O)O)c(O)c(NC(=O)CCC2(C)C(=O)C=CC34CC5CC(OC5(C)C3)C42)c1O,LibInvent,765.99,56,0.5773,0,True,3,1,153.39,9.5066,0.8156,0.7389,0.5339,0.1791999999999999,0.988847726950876,0.3594156427825694,0.2383704860673614,0.4812355625222343,0.7591947968251127,0.9953941606845508,0.980552767175872,0.990374693419028,0.9973761471376336,0.9950152463765668,0.9756358703758504,0.9875852034866308,2,9,0,8,True,False,False,False,False,False,False,False
CC1(C)CCCC2(C)CCC3C(=NNCCc4cc(C(=O)O)c(O)c(NC(=O)CCC5(C)C(=O)C=CC67CC8CC(OC8(C)C6)C75)c4O)CCC3(C)C2C1,LibInvent,743.99,54,0.5446,0,True,2,1,157.54999999999998,8.15460000000001,0.8014,0.7389,0.6588,0.10255,0.9849434229914276,0.376330084422494,0.3023602454785911,0.3767834001583378,0.7181123672006728,0.9936922361410776,0.9766115846488344,0.9929635380741832,0.9956462134429324,0.9932186762318356,0.9512881496650372,0.9911835627360924,1,9,0,7,True,False,False,False,False,False,False,False
CC1(C)CCC2C(NCCc3cc(C(=O)O)c(O)c(NC(=O)CCC4(C)C(=O)C=CC56CC7CC(OC7(C)C5)C64)c3O)CC2(C)O1,LibInvent,636.79,46,0.618,0,True,2,1,154.42,5.102000000000006,0.7942,0.7751,0.6529,0.0802,0.9888423657116744,0.428511403785179,0.2874769807500672,0.4331402099207484,0.6854339983550435,0.99670735905106,0.9766896348448992,0.993379128692796,0.9957887098057726,0.9961556934728052,0.971380032751581,0.9917960013628055,1,8,0,8,True,False,False,False,False,False,False,False
CNC(=O)C(O)(CC=C(C)C)C1(C)CCC2(C)CC(O)(C(C)c3cc(C(=O)O)c(O)c(NC(=O)CCC4(C)C(=O)C=CC56CC7CC(OC7(C)C5)C64)c3O)CCC21,LibInvent,790.99,57,0.5238,0,True,2,1,202.71999999999997,6.5082000000000075,0.8089,0.7514,0.6074,0.1294999999999999,0.9851581418058942,0.4801215114816543,0.2825484205763685,0.3967643769160938,0.7267329305929812,0.9929485715139617,0.9764535147388212,0.9924824520902596,0.9953164530350432,0.992489468823273,0.9564699243836432,0.989946608056258,1,8,0,10,True,False,False,False,False,False,False,False
CC1(C)CC2(O)CCC(C)(NO2)C1c1cc(C(=O)O)c(O)c(NC(=O)CCC2(C)C(=O)C=CC34CC5CC(OC5(C)C3)C42)c1O,LibInvent,624.73,45,0.6322,0,True,2,1,174.64999999999998,4.5095000000000045,0.7963,0.7648,0.6658,0.0809999999999999,0.987739627698446,0.4783467539362974,0.2491497052593716,0.3857573371318536,0.6962904734160199,0.9934091680756084,0.9735880625868488,0.9908000560037982,0.9940878346221984,0.9961355529218694,0.979324594447493,0.9868321252313068,1,9,1,9,True,False,False,False,False,False,False,False
CC1CCN(c2cc(C(=O)O)c(O)c(NC(=O)CCC3(C)C(=O)C=CC45CC6CC(OC6(C)C4)C53)c2O)CC1,LibInvent,538.64,39,0.6962,0,True,2,1,136.4,4.470000000000004,0.8193,0.7896,0.6207,0.11415,0.9872251188485964,0.5594624551110718,0.1395122803761379,0.2852743859493341,0.8658801014457858,0.9947422628938026,0.9729746831397788,0.992457026434019,0.9926159523539267,0.9899811206296246,0.9793938465356516,0.988410939953372,1,7,1,7,True,False,False,False,True,True,False,False
CCCCN(CC)c1cc(C(=O)O)c(O)c(NC(=O)CCC2(C)C(=O)C=CC34CC5CC(OC5(C)C3)C42)c1O,LibInvent,540.66,39,0.679,0,True,2,1,136.4,4.8601000000000045,0.8086,0.7386,0.592,0.1432999999999999,0.988554295307102,0.5538865330641402,0.1460850433163944,0.2308754435396989,0.8659964693795931,0.9960764248496452,0.9771200252914624,0.993656828884748,0.9947999962215304,0.9952488668186328,0.9738605360204275,0.9891173890632676,1,6,0,7,True,False,False,False,True,True,False,False
CCNc1cc(C(=O)O)c(O)c(NC(=O)CCC2(C)C(=O)C=CC34CC5CC(OC5(C)C3)C42)c1O,LibInvent,484.55,35,0.7432,0,True,2,1,145.19,3.665500000000003,0.789,0.7659,0.6136,0.0992499999999999,0.9875138394517468,0.5206529557577018,0.1651376065595577,0.1948885878543663,0.8580241705293169,0.9952579182522948,0.9670796417941506,0.9945608278093238,0.9938478012084252,0.9910189199157732,0.9800724960957864,0.9907592710864728,1,6,0,7,False,False,False,False,True,False,False,False
CN(C)c1cc(C(=O)O)c(O)c(NC(=O)CCC2(C)C(=O)C=CC34CC5CC(OC5(C)C3)C42)c1O,LibInvent,484.55,35,0.7534,0,True,2,1,136.4,3.299700000000002,0.7691,0.761,0.649,0.0640999999999999,0.9842671281932408,0.5864269158775788,0.1453032461959218,0.2250612671739642,0.829896753595069,0.9939368676208526,0.9648344001509488,0.9935169461560222,0.9936602818753584,0.9861847406230948,0.971589433003174,0.9861472279232344,1,6,0,7,False,False,False,False,True,False,False,False
Cc1cc(C)cc(-c2cc(C(=O)O)c(O)c(NC(=O)CCC3(C)C(=O)C=CC45CC6CC(OC6(C)C4)C53)c2O)c1,LibInvent,545.63,40,0.7333,0,True,2,1,133.16,5.517540000000005,0.805,0.7228,0.5808,0.1532000000000001,0.9872398603999686,0.3424034786772033,0.1206022158900804,0.5163957591632223,0.9148001015939344,0.996206246750766,0.980085797064036,0.9940161255481192,0.9974410154456748,0.9949580408759782,0.95237231761775,0.9955994794974552,2,7,0,7,True,False,False,False,False,False,False,False
CC12CC34C=CC(=O)C(C)(CCC(=O)Nc5c(O)c(N)cc(C(=O)O)c5O)C3C(CC1C4)O2,LibInvent,456.5,33,0.7746,0,True,2,1,159.17999999999998,2.815900000000001,0.8024,0.7538,0.6321,0.10945,0.9830332621429282,0.6386673494216288,0.1732573695513584,0.1662553771916403,0.8273230207785032,0.9938066007925324,0.945686896946581,0.9940369821934286,0.9935694146874564,0.9898974099683014,0.97267728540341,0.9915582450087866,1,6,0,7,True,False,False,False,True,True,True,False
CC(C(N)=O)c1cc(C(=O)O)c(O)c(NC(=O)CCC2(C)C(=O)C=CC34CC5CC(OC5(C)C3)C42)c1O,LibInvent,512.56,37,0.7143,0,True,2,1,176.24999999999997,2.8225,0.7892,0.7618,0.6179,0.0993499999999999,0.9735648326875224,0.6421601066828561,0.1822883273657699,0.2433147088628608,0.8248495631841495,0.9916689970161938,0.9476911314584678,0.992254673743926,0.9854022795782756,0.9779572230026218,0.9317031981164928,0.9882763258966788,1,6,0,8,False,False,False,False,True,False,False,False
CC12CC34C=CC(=O)C(C)(CCC(=O)Nc5c(O)c(C(=O)O)cc(N6c7ccccc7Sc7ccccc76)c5O)C3C(CC1C4)O2,LibInvent,638.74,46,0.6829,0,True,2,1,136.4,7.168100000000007,0.7841,0.7313,0.6833,0.0767999999999999,0.9845390010799802,0.2911347722084114,0.2346373174330688,0.4972069411085573,0.7536121557808815,0.9961377832976732,0.9826438597850038,0.9862820054280138,0.9975190024844762,0.9935990171754664,0.9397056236578792,0.9958857157313482,3,9,1,7,False,False,False,False,False,False,False,False
CC12CC34C=CC(=O)C(C)(CCC(=O)Nc5c(O)c(Nc6ccc([N+](=O)[O-])cc6)cc(C(=O)O)c5O)C3C(CC1C4)O2,LibInvent,577.59,42,0.6829,0,True,2,1,188.33,4.885500000000004,0.7765,0.7283,0.6514,0.08665,0.9916073595505488,0.5635144910995827,0.1413877112381601,0.2787532042584476,0.917832580321539,0.9955304411537176,0.9836705888972768,0.9963591683254628,0.9949142359175644,0.99223250703383,0.982310067903732,0.9962345076222582,2,7,0,9,False,False,False,False,True,False,False,False
CN(Cc1ccc(-c2cc(C(=O)O)c(O)c(NC(=O)CCC3(C)C(=O)C=CC45CC6CC(OC6(C)C4)C53)c2O)cc1)C1CC1,LibInvent,600.71,44,0.6667,0,True,2,1,136.4,5.494900000000006,0.8297,0.8023,0.6588,0.0991499999999999,0.9918895852317096,0.351686403307724,0.2631753898548412,0.4501878792390873,0.7211032483439241,0.997612648091878,0.9842876920606948,0.9948517792240108,0.9973900815368228,0.99414650320807,0.9833018381784584,0.9916365543220328,2,8,0,7,True,False,False,False,False,False,False,False
CC12CC34C=CC(=O)C(C)(CCC(=O)Nc5c(O)c(C(=O)O)cc(-c6ccc(Cl)cc6)c5O)C3C(CC1C4)O2,LibInvent,552.02,39,0.7467,0,True,2,1,133.16,5.554100000000006,0.8312,0.722,0.6952,0.1226,0.9917864322933012,0.4556978055652967,0.1415512489802149,0.3454638346438932,0.9327242986318304,0.9966427619525146,0.9808379121599592,0.9956018601802042,0.9975073486187044,0.9953569310836552,0.98143786032262,0.9951203517354512,2,7,0,7,True,False,False,True,False,False,False,False
CCN(CC)c1ccc(-c2cc(C(=O)O)c(O)c(NC(=O)CCC3(C)C(=O)C=CC45CC6CC(OC6(C)C4)C53)c2O)cc1,LibInvent,588.7,43,0.7,0,True,2,1,136.4,5.7469000000000054,0.8103,0.7703,0.6343,0.1080000000000001,0.9897811328878978,0.4639200864656438,0.1288011638928833,0.3508044526626756,0.8919640450873318,0.99656709351765,0.9863512711998036,0.99259580737653,0.9973972240167,0.9946275441136384,0.968862655060808,0.992066334930155,2,7,0,7,True,False,False,False,False,False,False,False
CC12CC34C=CC(=O)C(C)(CCC(=O)Nc5c(O)c(C(=O)O)cc(-c6ccc(NC(=O)C(Cl)(Cl)Cl)cc6)c5O)C3C(CC1C4)O2,LibInvent,677.97,45,0.6829,0,True,2,1,162.26,6.209400000000007,0.7987,0.7703,0.7195,0.0537999999999999,0.9932021859903042,0.3392318852803279,0.3614859539748506,0.5652335584620348,0.7616159165985298,0.9962437620088856,0.9865880437608374,0.99618972506831,0.9975587033738464,0.9964829903840472,0.9830740532220432,0.9962780241141594,2,7,0,8,True,False,False,False,False,False,False,False
CC12CC34C=CC(=O)C(C)(CCC(=O)Nc5c(O)c(C(=O)O)cc(-c6ccc(O)cc6)c5O)C3C(CC1C4)O2,LibInvent+GenMol,533.58,39,0.7568,0,True,3,1,153.39,4.606300000000004,0.8101,0.7454,0.6448,0.1149999999999999,0.9894187701369928,0.4738802080477673,0.1631630409494243,0.2616659993375126,0.9329094359381522,0.9960620754770376,0.9778079886101744,0.9950750143972188,0.9967613122377798,0.9951088187243085,0.9710255801641388,0.994090601348291,2,7,0,8,True,False,False,False,False,False,False,False
CC12CC34C=CC(=O)C(C)(CCC(=O)Nc5c(O)c(C(=O)O)cc(-c6ccc(C7(N)CC8CCC87)cc6)c5O)C3C(CC1C4)O2,LibInvent,612.72,45,0.6706,0,True,2,1,159.17999999999998,5.484600000000006,0.8244,0.7925,0.6917,0.0823,0.9917489600800254,0.3993786758323779,0.2722572358273545,0.4259725736760733,0.7335195724262313,0.9968737967774062,0.9859401018269128,0.9943175435890248,0.9975426358296294,0.994257788586048,0.9776884076302093,0.9956224463209472,2,9,0,7,True,False,False,False,False,False,False,False
CC12CC34C=CC(=O)C(C)(CCC(=O)Nc5c(O)c(C(=O)O)cc(-c6cccc([N+](=O)[O-])c6)c5O)C3C(CC1C4)O2,LibInvent,562.58,41,0.6829,0,True,2,1,176.29999999999998,4.808900000000004,0.8031,0.7157,0.6665,0.1119999999999999,0.9912711113786508,0.5336619949031507,0.1380433461061679,0.3247678226098103,0.9196866299401238,0.9960433058152596,0.9847377985733984,0.9961974908713094,0.9966578972984674,0.9951225750898648,0.9734877171784652,0.9966509948237906,2,7,0,9,True,False,False,False,True,True,False,False
Cc1cccc(-c2cc(C(=O)O)c(O)c(NC(=O)CCC3(C)C(=O)C=CC45CC6CC(OC6(C)C4)C53)c2O)c1,LibInvent,531.61,39,0.7179,0,True,2,1,133.16,5.209120000000005,0.8055,0.7295,0.6192,0.13115,0.9872624261089292,0.3863128176237028,0.1345843782206673,0.4427729779422721,0.9143787208359812,0.9961816892128784,0.979266585056056,0.9950227976800886,0.9973153578095416,0.9953875807473944,0.9523106622903432,0.9953523099662012,2,7,0,7,True,False,False,False,False,False,False,False
Cc1ccc(-c2cc(C(=O)O)c(O)c(NC(=O)CCC3(C)C(=O)C=CC45CC6CC(OC6(C)C4)C53)c2O)cc1,LibInvent+GenMol,531.61,39,0.7467,0,True,2,1,133.16,5.209120000000005,0.7902,0.7037,0.6321,0.1223,0.988829163321245,0.4118299297448753,0.1417339941931727,0.4206676370131815,0.9160598889124192,0.9963504203771846,0.9798808712496732,0.9948333594076556,0.997196951937242,0.9951961858300516,0.9638906493872212,0.9944557050596862,2,7,0,7,False,False,False,False,False,False,False,False
CC12CC34C=CC(=O)C(C)(CCC(=O)Nc5c(O)c(C(=O)O)cc(-c6ccccc6)c5O)C3C(CC1C4)O2,LibInvent+GenMol,517.58,38,0.7671,0,True,2,1,133.16,4.900700000000004,0.8045,0.6989,0.6347,0.1376999999999999,0.9890317591021824,0.4374704110870294,0.1323240567609125,0.3030975791719867,0.9098387014312432,0.9961042303244112,0.9788830363251666,0.995074366634781,0.9966602965526996,0.9956758689458391,0.966713575123581,0.9941109398087988,2,7,0,7,True,False,False,False,False,False,False,False
CC12CC34C=CC(=O)C(C)(CCC(=O)Nc5c(O)c(C(=O)O)cc(-c6ccc([N+](=O)[O-])cc6)c5O)C3C(CC1C4)O2,LibInvent,562.58,41,0.7089,0,True,2,1,176.29999999999998,4.808900000000004,0.802,0.7189,0.6234,0.1308500000000001,0.992664369149403,0.5732411382446762,0.1429052457500083,0.3132374430675564,0.920954664257239,0.9962893295605768,0.9879913235021566,0.9965455192071172,0.9972991868435176,0.9958782272799176,0.9780325017346634,0.9966144959178722,2,7,0,9,True,False,False,False,True,True,False,False
CC12CC34C=CC(=O)C(C)(CCC(=O)Nc5c(O)c(C(=O)O)cc(-c6ccco6)c5O)C3C(CC1C4)O2,LibInvent+GenMol,507.54,37,0.7273,0,True,2,1,146.29999999999998,4.493700000000003,0.7695,0.7248,0.6201,0.0970499999999999,0.9870863640735086,0.611197104110298,0.1325472089017267,0.2219180995952415,0.8757622001298164,0.993940253189148,0.9750700623693,0.9944756525401134,0.9949573163843904,0.993924027677327,0.967260297431142,0.9899769389231388,2,7,0,8,False,False,False,False,True,False,False,False
CC12CC34C=CC(=O)C(C)(CCC(=O)Nc5c(O)c(C(=O)O)cc(-c6ccoc6)c5O)C3C(CC1C4)O2,LibInvent,507.54,37,0.7368,0,True,2,1,146.29999999999998,4.493700000000003,0.7889,0.712,0.6478,0.1090000000000001,0.9878952956524286,0.5883821036911722,0.1262949819680247,0.2731617281843729,0.8756984497718167,0.9943050853550034,0.975247190715405,0.9956768902937996,0.9957371784944968,0.9947819065997828,0.968466261437398,0.991052556671114,2,7,0,8,False,False,False,False,True,False,False,False
CC12CC34C=CC(=O)C(C)(CCC(=O)Nc5c(O)c(C(=O)O)cc(-c6cccs6)c5O)C3C(CC1C4)O2,LibInvent+GenMol,523.61,37,0.7089,0,True,2,1,133.16,4.962200000000005,0.8176,0.7653,0.6795,0.0952,0.9912809603851772,0.5565081596909865,0.1356982668988886,0.2772640176881642,0.9202990811548653,0.9962326686164809,0.9800425779674328,0.9965321396107686,0.9969291539614692,0.9962416880636904,0.9797418637109206,0.9932466307654798,2,7,0,7,True,False,False,False,True,True,False,False
Cc1cc(O)c(NC(=O)CCC2(C)C(=O)C=CC34CC5CC(OC5(C)C3)C42)c(O)c1C(=O)O,LibInvent+GenMol,455.51,33,0.75,0,True,2,1,133.16,3.542120000000002,0.7973,0.684,0.5501,0.1802499999999999,0.97741357694169,0.5078744720534549,0.1536988452773096,0.2945967281184088,0.8169268882424239,0.9924381320543296,0.955904726978112,0.9934551272664356,0.9933157200310716,0.984770463001356,0.9347478464189698,0.987263022841555,1,6,0,7,True,False,False,False,True,True,True,False
C#Cc1cc(O)c(NC(=O)CCC2(C)C(=O)C=CC34CC5CC(OC5(C)C3)C42)c(O)c1C(=O)O,LibInvent,465.5,34,0.7105,0,True,2,1,133.16,3.215000000000002,0.8036,0.7572,0.6543,0.0978499999999999,0.9861815255919992,0.5219870413034025,0.1217556680646792,0.322638163568003,0.8540122427041759,0.992588104675886,0.9613078481560736,0.9947941184433252,0.9946199001094967,0.9949702174976096,0.97414800709158,0.990842483170024,1,6,0,7,True,False,False,False,True,True,True,False
CC(C)(C#N)c1cc(O)c(NC(=O)CCC2(C)C(=O)C=CC34CC5CC(OC5(C)C3)C42)c(O)c1C(=O)O,LibInvent,508.57,37,0.6835,0,True,2,1,156.95,4.034880000000003,0.785,0.7722,0.6552,0.0713,0.9781108422079,0.6138324884975193,0.1380389058048621,0.3248560589020727,0.8523971567180755,0.9923234935324508,0.9529951995444726,0.9933282552849308,0.9930820343330934,0.9832402389860014,0.9399563516744042,0.9918503220999468,1,6,0,7,False,False,False,False,True,False,False,False
CC12CC34C=CC(=O)C(C)(CCC(=O)Nc5c(O)cc(C(F)(F)F)c(C(=O)O)c5O)C3C(CC1C4)O2,LibInvent,509.48,36,0.7105,0,True,2,1,133.16,4.252500000000003,0.825,0.7696,0.6125,0.13395,0.9876714022175956,0.5173678809668776,0.2168627577344708,0.266095576583552,0.8702639624208113,0.9943416190940044,0.9759541013401654,0.992773230604309,0.9946116459426828,0.993280157536918,0.9696414783730384,0.9930975826320516,1,6,0,7,True,False,False,False,True,True,False,False
CC12CC34C=CC(=O)C(C)(CCC(=O)Nc5c(O)cc(N)c(C(=O)O)c5O)C3C(CC1C4)O2,LibInvent,456.5,33,0.75,0,True,2,1,159.17999999999998,2.815900000000001,0.7992,0.7481,0.605,0.12265,0.9870501265142614,0.6776788897978951,0.1872850707929058,0.1521009633995372,0.8202995549285637,0.9947236281201376,0.962157115463976,0.9956694113163754,0.9941678073275048,0.9946392574548764,0.982384594899808,0.9856090710171512,1,6,0,7,True,False,False,False,True,True,True,False
CC(C)(C)C#Cc1cc(O)c(NC(=O)CCC2(C)C(=O)C=CC34CC5CC(OC5(C)C3)C42)c(O)c1C(=O)O,LibInvent,521.61,38,0.675,0,True,2,1,133.16,4.631300000000005,0.781,0.7416,0.6032,0.1086,0.9874282862212032,0.5263613279886994,0.1062588230461628,0.3442391584438107,0.8904678826839104,0.994656604108763,0.9748410376320908,0.9932736134309886,0.9956601658381388,0.995377963222812,0.9648575547358962,0.9933310645797332,1,6,0,7,False,False,False,False,True,False,False,False
CCc1cc(O)c(NC(=O)CCC2(C)C(=O)C=CC34CC5CC(OC5(C)C3)C42)c(O)c1C(=O)O,LibInvent+GenMol,469.53,34,0.7397,0,True,2,1,133.16,3.7961000000000023,0.8005,0.7375,0.6146,0.1244499999999999,0.98294201844977,0.5277275087734373,0.1408366896385127,0.2850948142453404,0.8312264837556209,0.9931130081613588,0.9527437524574356,0.9947310352827295,0.9946430672515691,0.9937863215538144,0.9597754607102468,0.9918014837312364,1,6,0,7,True,False,False,False,True,True,True,False
CCCc1cc(O)c(NC(=O)CCC2(C)C(=O)C=CC34CC5CC(OC5(C)C3)C42)c(O)c1C(=O)O,LibInvent,483.56,35,0.7105,0,True,2,1,133.16,4.186200000000003,0.8067,0.7411,0.6562,0.1080499999999999,0.9803969616821654,0.5108659750737231,0.150048719869045,0.269859080141949,0.855877151552022,0.99368768502543,0.963500787995078,0.9939952618579484,0.994491050839978,0.9869019461813948,0.939104852703718,0.9910971471716108,1,6,0,7,True,False,False,False,True,True,False,False
CC12CC34C=CC(=O)C(C)(CCC(=O)Nc5c(O)cc(-c6ccc(Cl)cc6)c(C(=O)O)c5O)C3C(CC1C4)O2,LibInvent+GenMol,552.02,39,0.7051,0,True,2,1,133.16,5.554100000000006,0.8083,0.7149,0.6964,0.10265,0.9907001251019556,0.485006436117196,0.1411968709188397,0.2963853480026593,0.926117879406229,0.9967087263879508,0.9810784931647852,0.99602940318587,0.9971042848848032,0.9950367337811956,0.9752181796223344,0.9937250546867492,2,7,0,7,True,False,False,False,False,False,False,False
Cc1c(C)c(C(=O)O)c(O)c(NC(=O)CCC2(C)C(=O)C=CC34CC5CC(OC5(C)C3)C42)c1O,LibInvent,469.53,34,0.7222,0,True,2,1,133.16,3.850540000000003,0.7918,0.7114,0.566,0.1530999999999999,0.9810304885325636,0.5531760897603228,0.1241167439671147,0.2934369511528319,0.8263587689617848,0.9933010284939772,0.9542047121516056,0.994673560521038,0.9943902630396618,0.9932611178414787,0.9472732802159828,0.990109457464202,1,6,0,7,True,False,False,False,True,True,True,False
CC1(CCC(=O)Nc2c(O)ccc(C(=O)O)c2O)C(=O)C=CC23CC4CC(OC4(C)C2n2ccnc2)C13,GenMol,507.54,37,0.619,0,True,2,1,150.98000000000002,3.2814000000000014,0.7694,0.7631,0.6858,0.0449499999999999,0.9347577348076344,0.6205546915023931,0.0965845247057528,0.1644266226421132,0.8574975920477033,0.9846806491450782,0.8479113494114265,0.961323506244485,0.9810470486468824,0.9423269439356922,0.8585738497105263,0.9674407965593502,2,7,2,7,False,False,False,False,True,False,False,False
CC1(CCC(=O)Nc2c(O)ccc(C(=O)O)c2O)C(=O)C=CC23CC4CC(OC4(C)C2c2ccccc2)C13,GenMol,517.58,38,0.6667,0,True,2,1,133.16,4.627400000000003,0.8207,0.7114,0.5975,0.16625,0.9839840970021472,0.5182365559868944,0.1018330769921494,0.2112876063332729,0.8984537466232081,0.9940165862571814,0.9627669225253298,0.9908308174047707,0.9953570850763014,0.9941334601989934,0.9562137769695472,0.9945700305829064,2,7,0,7,True,False,False,False,True,True,False,False
CC12OC3CC1CC14C=CC(=O)C(C)(CCC(=O)Nc5c(O)ccc(C(=O)O)c5O)C31c1cccc(c1)C24,GenMol,515.56,38,0.4835,0,True,2,1,133.16000000000005,4.262600000000003,0.7975,0.7145,0.6576,0.1114499999999999,0.985426694481328,0.5065642264171745,0.0695579487799605,0.3841487199816113,0.9260016775409884,0.9910384903139052,0.9794873710151728,0.9887904852319852,0.9948070365448026,0.9934403771564864,0.95594517273428,0.9944779283726634,2,8,0,7,True,False,False,False,True,True,False,False
CC1(C2C3(C)OC4CC3CC23C=CC(=O)C(C)(CCC(=O)Nc2c(O)ccc(C(=O)O)c2O)C43CO)CCOCC1,GenMol,569.65,41,0.4835,0,True,2,1,162.62,3.639000000000002,0.7542,0.6557,0.5754,0.1386499999999999,0.9609093228648772,0.6348905023942337,0.1528177888971618,0.3075242026425951,0.8334708074610757,0.9903480829266806,0.8751997384747918,0.9825792403814978,0.9776306059887632,0.9870416709844324,0.9344781712285926,0.9790877500693824,1,7,0,9,False,False,False,False,True,False,False,False
COC1C23C=CC(=O)C(C)(CCC(=O)Nc4c(O)ccc(C(=O)O)c4O)C2C2CC(C3)C1(C)O2,GenMol,471.51,34,0.6842,0,True,2,1,142.39,2.858600000000001,0.779,0.7053,0.652,0.10035,0.9834659118448682,0.594874151812808,0.0961992429215449,0.1949456129350453,0.8228822549236863,0.9927109388298412,0.9597924105967236,0.9929334611872712,0.9939673998149386,0.991503388940512,0.9620189387417556,0.9913348448030356,1,6,0,8,False,False,False,False,True,False,True,False
CC(=O)C1C2(C)OC3CC2CC12C=CC(=O)C(C)(CCC(=O)Nc1c(O)ccc(C(=O)O)c1O)C32c1ccccc1,GenMol,559.62,41,0.4944,0,True,2,1,150.23,4.370600000000003,0.7867,0.6916,0.6073,0.1372499999999999,0.9741941932776944,0.4443795444670048,0.1236779799390651,0.3124880929999622,0.8564418188001174,0.9802980990687644,0.9525957682306876,0.9854874007443676,0.9941973084027717,0.9940064949718136,0.9202390438408282,0.9925352376846268,2,7,0,8,False,False,False,False,False,False,False,False
CC12OC3CC1CC1(C=CC(=O)C(C)(CCC(=O)Nc4c(O)ccc(C(=O)O)c4O)C31C=O)C2c1ccc(O)cc1,GenMol,561.59,41,0.4835,0,True,3,1,170.46,3.9021000000000017,0.8023,0.742,0.5742,0.1442,0.9857581271733136,0.5283145640016008,0.1240981923815354,0.3282610905955711,0.8998317300426733,0.9918496196628708,0.970776753382268,0.9920463808171948,0.995165784046094,0.9957737522127834,0.9621165109565388,0.992578089135446,2,7,0,9,True,False,False,False,True,True,False,False
CC1(CCC(=O)Nc2c(O)ccc(C(=O)O)c2O)C(=O)C=CC23CC4CC(OC4(C)C2CO)C13,GenMol,471.51,34,0.6842,0,True,2,1,153.39,2.4521000000000006,0.7841,0.7391,0.6672,0.08095,0.9717113893467644,0.6687417223782421,0.1895381892965052,0.1274213459310383,0.8701330601666432,0.9914152788614196,0.926475154098922,0.9887835728040892,0.9884648185484254,0.9715667028452531,0.947776790916874,0.9874974073523672,1,6,0,8,False,False,False,False,True,False,True,False
CC12OC3CC1CC1(C=CC(=O)C(C)(CCC(=O)Nc4c(O)ccc(C(=O)O)c4O)C31C=O)C2O,GenMol,485.49,35,0.5176,0,True,2,1,170.46,1.7735999999999996,0.7518,0.731,0.5944,0.0890999999999999,0.9882376645444476,0.6918632431182761,0.1127154660492194,0.2105830922646912,0.8495345650435204,0.9951107004154056,0.9717598660475372,0.9958530994194262,0.9939802626383242,0.993512669979538,0.9750536932346932,0.9923933600762088,1,6,0,9,False,False,False,False,True,False,False,False
CC12OC3CC1CC1(C=CC(=O)C(C)(CCC(=O)Nc4c(O)ccc(C(=O)O)c4O)C31CO)C2c1ccccc1,GenMol,547.6,40,0.4944,0,True,2,1,153.39,3.9899000000000022,0.7726,0.7022,0.5294,0.1567999999999999,0.9795755123542572,0.5931689794188356,0.1200166370996366,0.3290823882351754,0.8549348345614327,0.9924337594223624,0.9592051233733544,0.9903142177530172,0.9938471750210623,0.9945792254897626,0.9339617973882558,0.992687288031985,2,7,0,8,False,False,False,False,True,False,False,False
CC12CC34C=CC(=O)C(C)(CCC(=O)Nc5c(O)ccc(C(=O)O)c5O)C3C(CC1C4)O2,GenMol,441.48,32,1.0,0,True,2,1,133.16,3.2337000000000007,0.8233,0.6324,0.6098,0.2022,0.9811032736398572,0.4864058505279932,0.1415148091586813,0.2017126839113111,0.8279940816670066,0.9915918917973264,0.9521378892194252,0.9902659539722596,0.9924803832937787,0.9918218011466888,0.9578038991237654,0.991621096925756,1,6,0,7,True,False,False,False,False,False,True,False
CC12CC34C=CC(=O)C(C)(CCC(=O)Nc5c(O)ccc(C(=O)O)c5O)C3(c3ccccc3)C(CC1C4)O2,GenMol,517.58,38,0.5854,0,True,2,1,133.16,4.555500000000003,0.8138,0.6387,0.6255,0.1816999999999999,0.9802977055090568,0.425013990909765,0.1155032257483879,0.2598697504390474,0.876585261189222,0.985896788288072,0.9648435861746538,0.986091791776215,0.99428877053122,0.9936412494529268,0.9465755612881342,0.9907461910521748,2,7,0,7,True,False,False,False,False,False,False,False
CC1(CCC(=O)Nc2c(O)ccc(C(=O)O)c2O)C(=O)C=CC23CC4CC(OC4(C)C2c2nc4ccccc4s2)C13,GenMol,574.66,41,0.5843,0,True,2,1,146.05,5.237100000000004,0.8192,0.7691,0.6806,0.09435,0.980604145505858,0.4650192125462249,0.0758631284304084,0.2864948507222942,0.9158978918121662,0.9916866404973752,0.9700369308376686,0.9849804349482776,0.9952734359055594,0.9939527983150124,0.9325642546699604,0.995734523367152,3,8,1,7,True,False,False,False,False,False,False,False
CC1(CCC(=O)Nc2c(O)ccc(C(=O)O)c2O)C(=O)C=CC23CC4CC(OC4(C)C2c2ccsc2)C13,GenMol,523.61,37,0.6265,0,True,2,1,133.16,4.688900000000004,0.8268,0.7623,0.6296,0.1308499999999999,0.9812880231788385,0.5945092796222802,0.1221139829482449,0.2332157720152236,0.9005571837634383,0.9929262318810688,0.9598760330366256,0.9931141637890424,0.995083373709964,0.9949378084558562,0.9390794240722912,0.9939991273070198,2,7,0,7,True,False,False,False,True,True,False,False
CC1(CCC(=O)Nc2c(O)ccc(C(=O)O)c2O)C(=O)C=CC23CC4CC(OC4(C)C2c2ccc4c(c2)OCCCO4)C13,GenMol,589.64,43,0.5909,0,True,2,1,151.61999999999998,4.788700000000005,0.8165,0.7682,0.6769,0.0939499999999999,0.9862225943723156,0.5328880480489326,0.0796147446694628,0.3032840887636707,0.8726047490642828,0.9937112630546596,0.9718989751575002,0.9887510660873192,0.9948957871748294,0.9933736758240088,0.9692114710861062,0.9917159222217864,2,8,0,9,True,False,False,False,True,True,False,False
CC1(CCC(=O)Nc2c(O)ccc(C(=O)O)c2O)C(=O)C=CC23CC4CC(OC4(C)C2c2cccs2)C13,GenMol,523.61,37,0.6265,0,True,2,1,133.16,4.688900000000004,0.8263,0.779,0.651,0.1112999999999999,0.9816390957259052,0.6327500811998144,0.1032111787851334,0.2152865821473061,0.9040203251495827,0.9900124304211616,0.96372301770002,0.9910715715240508,0.9954800537816104,0.9941329372725868,0.9416441956895936,0.9954094636923134,2,7,0,7,True,False,False,False,True,True,False,False
CC1(CCC(=O)Nc2c(O)ccc(C(=O)O)c2O)C(=O)C=CC23CC4CC(OC4(C)C2c2ccc(O)cc2)C13,GenMol,533.58,39,0.6582,0,True,3,1,153.39,4.333000000000003,0.8159,0.7516,0.61,0.1350999999999999,0.9847415564837588,0.5354206831753143,0.1272278667391184,0.1792619452717132,0.919396944333329,0.9923988419104628,0.9694540250842508,0.9914887940970138,0.9957819758002692,0.9949681059631672,0.9543854875054268,0.9947136650257208,2,7,0,8,True,False,False,False,True,True,False,False
CC1(CCC(=O)Nc2c(O)ccc(C(=O)O)c2O)C(=O)C=CC23CC4CC(OC4(C)C2C(=O)O)C13,GenMol,485.49,35,0.6933,0,True,2,2,170.45999999999998,2.5444000000000004,0.7973,0.7405,0.6503,0.1018999999999999,0.9834351850593837,0.7038979149311616,0.1709420265824308,0.0957466280259579,0.8595022722720136,0.9927687431862572,0.9579200486116416,0.993446951995443,0.9919673771467518,0.9932197060274318,0.9620751093948948,0.992648359053264,1,6,0,9,True,False,False,False,True,True,False,False
CC1(CCC(=O)Nc2c(O)ccc(C(=O)O)c2O)C(=O)C=CC23CC4CC(OC4(C)C2O)C13,GenMol,457.48,33,0.7027,0,True,2,1,153.39,2.2044999999999995,0.7709,0.6888,0.6621,0.09545,0.9843394293677632,0.6260380154329495,0.1354882698652195,0.1407869071749474,0.8748950509830831,0.9929074314043848,0.9592966956941644,0.9942774194443036,0.9934043376995536,0.9918470868338356,0.9692241460088042,0.9894188884892978,1,6,0,8,False,False,False,False,True,False,True,False
CC12OC3CC1CC14C(=CC(=O)C(C)(CCC(=O)Nc5c(O)ccc(C(=O)O)c5O)C31C)c1ccccc1C24,GenMol,529.59,39,0.4457,0,True,2,1,133.16000000000005,4.858300000000003,0.8214,0.7677,0.6503,0.1123999999999999,0.9872456713967368,0.5019140985688917,0.0982258727181431,0.3676269224742761,0.9263219519164848,0.995889693084576,0.954939537384899,0.9915049217038256,0.9966046200379552,0.9956043728062278,0.9827399235377244,0.9934366312219504,2,8,0,7,True,False,False,False,True,True,False,False
CC1(CCC(=O)Nc2c(O)ccc(C(=O)O)c2O)C(=O)C=CC23CC4CC(OC4(C)C2C2CCCC(O)C2O)C13,GenMol,555.62,40,0.619,0,True,2,1,173.61999999999998,2.981700000000001,0.8401,0.7271,0.6576,0.1477499999999999,0.98478113872829,0.5794482262477889,0.1655480746386453,0.1648392029259736,0.8939361581486931,0.9958522836892874,0.9679249279714036,0.994106870102817,0.9940492738591868,0.9958117189181,0.9548501422539638,0.9908727543032716,1,7,0,9,True,False,False,True,True,True,False,True
COC12C3CC4CC1(C=CC(=O)C2(C)CCC(=O)Nc1c(O)ccc(C(=O)O)c1O)C(c1ccccc1)C4(C)O3,GenMol,547.6,40,0.4944,0,True,2,1,142.39,4.3964000000000025,0.7421,0.6701,0.5599,0.1271,0.9815744156818496,0.5607039120784089,0.0915891543046835,0.2035559865275106,0.8843016197736668,0.9942305031650428,0.9578428703174976,0.9895540905138218,0.99535126069524,0.9949377577720308,0.9451466958664608,0.9939577314428536,2,7,0,8,False,False,False,False,True,False,False,False
CC12OC3CC1CC1(C=CC(=O)C(C)(CCC(=O)Nc4c(O)ccc(C(=O)O)c4O)C31c1ccccc1)C2O,GenMol,533.58,39,0.5116,0,True,2,1,153.39,3.5263000000000013,0.7987,0.7013,0.6497,0.1231999999999999,0.984286352513428,0.54027746987491,0.1057781254053457,0.290789021564143,0.892750007487799,0.9894785131249548,0.962345392952807,0.99054618607833,0.99485988189934,0.995877751471592,0.9635793233626396,0.9933174187043322,2,7,0,8,True,False,False,False,True,True,False,False
Cc1cccc(C23C4CC5CC2(C=CC(=O)C3(C)CCC(=O)Nc2c(O)ccc(C(=O)O)c2O)CC5(C)O4)c1,GenMol,531.61,39,0.5455,0,True,2,1,133.16,4.863920000000005,0.8127,0.672,0.6101,0.1716499999999999,0.9813287704559364,0.4219566711189997,0.1442800550517468,0.3803514739929359,0.8816083065342022,0.9913063073690402,0.9655701095255,0.9870919554313928,0.9950693587948156,0.9939498373299224,0.9424264950382992,0.9938873297025834,2,7,0,7,True,False,False,False,False,False,False,False
CC1(CCC(=O)Nc2c(O)ccc(C(=O)O)c2O)C(=O)C=C2OC3C4(C)OC5CC4CC23C51,GenMol,455.46,33,0.6154,0,True,2,1,142.39,2.5701,0.7666,0.731,0.6876,0.0572999999999999,0.979501753835078,0.6133579186668852,0.1065450595620462,0.3069897530927796,0.8921172800964599,0.9899291873295012,0.9656758084987032,0.9784289618097612,0.9928156322801625,0.9871645464875588,0.9518688805169054,0.9906292599229516,1,7,0,8,False,False,False,False,True,False,True,False
CC12OC3CC1CC1(C=CC(=O)C(C)(CCC(=O)Nc4c(O)ccc(C(=O)O)c4O)C31C=O)C2c1ccc(Cl)cc1,GenMol,580.03,41,0.4783,0,True,2,1,150.23000000000002,4.849900000000004,0.7995,0.7388,0.5924,0.1339,0.9886942521099996,0.5227063273603604,0.0998070212840491,0.4199231581801778,0.9061436812995493,0.994417227472828,0.9754646842487528,0.994265979953576,0.9965297701130168,0.9963186775857836,0.9744816130515505,0.989381812344488,2,7,0,8,True,False,False,False,True,True,False,False
CC12OC3CC1CC1(C=CC(=O)C(C)(CCC(=O)Nc4c(O)ccc(C(=O)O)c4O)C31C1CC1)C2CO,GenMol,511.57,37,0.5057,0,True,2,1,153.39,3.232300000000001,0.7502,0.6665,0.5905,0.1216999999999999,0.972894809863585,0.6820154156114655,0.1411676281053311,0.2164540268219431,0.8658140315932829,0.9917676170012814,0.9336780609199165,0.9892638488338816,0.9851299721610224,0.9816566489690394,0.9430130375956935,0.9857544835642604,1,7,0,8,False,False,False,False,True,False,False,False
CC(O)C1C23C=CC(=O)C(C)(CCC(=O)Nc4c(O)ccc(C(=O)O)c4O)C2C2CC(C3)C1(C)O2,GenMol,485.53,35,0.6667,0,True,2,1,153.39,2.840600000000001,0.7908,0.7328,0.6647,0.0920499999999999,0.9750702829138664,0.5425555104579296,0.1731801702000792,0.1713415367068375,0.8546080678457362,0.9919638479921884,0.9303930649432272,0.9889587408449988,0.99194408178745,0.9754460526088146,0.9544911931694674,0.9922949990509204,1,6,0,8,False,False,False,False,True,False,False,False
CC1(CCC(=O)Nc2c(O)ccc(C(=O)O)c2O)C(=O)C=C2CCC3C4(C)OC5CC4CC23C51,GenMol,467.52,34,0.6,0,True,2,1,133.16,3.623800000000003,0.7968,0.671,0.6037,0.1594499999999998,0.9742508922854936,0.5751504582163486,0.1016393997203922,0.3127525260374093,0.9184583990381414,0.9874981746602944,0.9557821735198724,0.9805114244286832,0.9921449522516504,0.9683692694305472,0.9448239795016868,0.9906262722057196,1,7,0,7,True,False,False,False,True,True,True,False
CC1(CCC(=O)Nc2c(O)ccc(C(=O)O)c2O)C(=O)C=CC23CC4CC(OC4(C)C2N2CCCCC2)C13,GenMol,524.61,38,0.65,0,True,2,1,136.4,3.698100000000003,0.7921,0.6976,0.6309,0.12785,0.9787926234999452,0.6331460309639138,0.1423332079678541,0.1364350733341642,0.82175359859362,0.994370115137159,0.964600960742499,0.9901802056369507,0.9911530362033582,0.9825380337792584,0.943321846272586,0.9853841667278038,1,7,1,7,True,False,False,False,True,True,False,False
CC1(CCC(=O)Nc2c(O)ccc(C(=O)O)c2O)C(=O)C=CC23CC4CC(OC4(C)C2c2ccc([N+](=O)[O-])cc2O)C13,GenMol,578.57,42,0.5977,0,True,3,1,196.52999999999997,4.241200000000004,0.8107,0.778,0.6362,0.1035999999999999,0.990013994721373,0.6183179663664874,0.1393221302560787,0.212681239767084,0.9191058121002152,0.9949676038332136,0.975884740703024,0.995785877805233,0.9964488627637264,0.9958252243286282,0.9741372945510318,0.9970483590647532,2,7,0,10,True,False,False,False,True,True,False,False
COC1C2(C)OC3CC2CC12C=CC(=O)C(C)(CCC(=O)Nc1c(O)ccc(C(=O)O)c1O)C32c1ccccc1,GenMol,547.6,40,0.4944,0,True,2,1,142.39,4.180400000000002,0.7864,0.6623,0.6163,0.1471,0.9829784096051252,0.5095394988260142,0.1131759569343528,0.3137021896938635,0.8561500501631596,0.990676809793518,0.9651215425428772,0.988858300507185,0.9951098814298456,0.9958668188666966,0.953335262033856,0.9918802520618968,2,7,0,8,False,False,False,False,True,False,False,False
CCC12C3CC4CC1(C(c1ccccc1)=CC(=O)C2(C)CCC(=O)Nc1c(O)ccc(C(=O)O)c1O)C(OC)C4(C)O3,GenMol,575.66,42,0.4316,0,True,2,1,142.39,5.166200000000005,0.7786,0.7531,0.5052,0.1494499999999999,0.98579644355739,0.5554881144012396,0.1311018626797926,0.2864222222024276,0.8908403110706196,0.9936075882209824,0.9706453330083868,0.9850481983540024,0.9956929076776898,0.9949100848487332,0.9689347307694574,0.9917362620224778,2,7,0,8,False,False,False,False,True,False,False,False
COC1C2(C)OC3CC2CC12C=CC(=O)C(C)(CCC(=O)Nc1c(O)ccc(C(=O)O)c1O)C32C1CCCC1,GenMol,539.63,39,0.4944,0,True,2,1,142.39,4.419000000000003,0.752,0.734,0.6039,0.08305,0.9841293427325464,0.6045585421004521,0.1167678304680108,0.2513406374122267,0.8659307419060552,0.9938119947373584,0.965693990514264,0.9911724598306656,0.9935227661993816,0.9919481937384904,0.9636714931958994,0.9890845009117644,1,7,0,8,False,False,False,False,True,False,False,False
COC12C3CC4CC1(C=CC(=O)C2(C)CCC(=O)Nc1c(O)ccc(C(=O)O)c1O)C(C(C)=O)C4(C)O3,GenMol,513.54,37,0.5,0,True,2,1,159.46,2.817800000000001,0.7227,0.6433,0.5973,0.1023999999999999,0.9795395968700592,0.7254668225436878,0.0790204190492251,0.1292404549125593,0.8557630915831888,0.9947777612286004,0.953865128775128,0.98595298245325,0.9917040780442438,0.9881745469633856,0.9520894062934084,0.9902132743323968,1,6,0,9,False,False,False,False,True,False,False,False
CC1(CCC(=O)Nc2c(O)ccc(C(=O)O)c2O)C(=O)C=CC23CC4CC(OC4(C)C2c2ccc4nc[nH]c4c2)C13,GenMol,557.6,41,0.5889,0,True,2,1,161.84,4.503700000000003,0.8284,0.7931,0.6348,0.1144499999999999,0.9853243889857924,0.4994718054332462,0.0884563902413463,0.2214513997789098,0.8811820423479396,0.9958237879452086,0.9689193561856831,0.9905006882065676,0.9958866371517908,0.9934434822006843,0.957894147033759,0.9948026241768538,3,8,2,7,True,False,False,False,True,True,False,False
COC12C3CC4CC1(CC4(C)O3)C(c1ccccc1)=CC(=O)C2(C)CCC(=O)Nc1c(O)ccc(C(=O)O)c1O,GenMol,547.6,40,0.5056,0,True,2,1,142.39,4.5301000000000045,0.7684,0.687,0.5584,0.1456999999999999,0.9860899464696534,0.5229867848753192,0.1074347702644957,0.3845960136670719,0.858783279270331,0.9943836419563108,0.9741481681420476,0.9821968607762795,0.9958533851398048,0.9943978823238064,0.9679176983472664,0.993731988602058,2,7,0,8,False,False,False,False,True,False,False,False
CCCC1C23C=CC(=O)C(C)(CCC(=O)Nc4c(O)ccc(C(=O)O)c4O)C2C2CC(C3)C1(C)O2,GenMol,483.56,35,0.6667,0,True,2,1,133.16,4.259900000000003,0.8064,0.6996,0.6289,0.14215,0.9835343242940988,0.5109473882755131,0.1438247257289988,0.20678075791817,0.8935642476371563,0.9932066737639244,0.9615123927042444,0.9917506611908786,0.9939448430788346,0.9934401321156776,0.9578181341317504,0.993067433073381,1,6,0,7,True,False,False,False,True,True,False,False
CC12OC3CC1CC1(C=CC(=O)C(C)(CCC(=O)Nc4c(O)ccc(C(=O)O)c4O)C31N1CCCC1)C2C1CCOCC1,GenMol,594.71,43,0.4891,0,True,2,1,145.63000000000002,4.104800000000004,0.7636,0.7423,0.5929,0.0959999999999999,0.9712780726372744,0.59923682750362,0.1004125447681638,0.2923743146439454,0.7874300094798012,0.9935250636170138,0.9168242019329892,0.9861430160031144,0.988890985849129,0.9899841167865384,0.948232561642197,0.9753465626299396,1,8,1,8,False,False,False,False,True,False,False,False
COC12C3CC4CC1(C=CC(=O)C2(C)CCC(=O)Nc1c(O)ccc(C(=O)O)c1O)C(c1ccccc1Cl)C4(C)O3,GenMol,582.05,41,0.4632,0,True,2,1,142.39,5.049800000000005,0.7803,0.7056,0.6244,0.1152999999999999,0.9860807711031654,0.5415762623979133,0.0869403292828561,0.2382639569639576,0.9065092438886416,0.9952830034842404,0.9679190860195688,0.9899816923677373,0.9960295136670926,0.9926354189324602,0.9667264462785384,0.99399023697252,2,7,0,8,False,False,False,False,True,False,False,False
CC1(CCC(=O)Nc2c(O)ccc(C(=O)O)c2O)C(=O)C=CC23CC4CC(OC4(C)C2N2CCCC2)C13,GenMol,510.59,37,0.6582,0,True,2,1,136.4,3.3080000000000016,0.7869,0.7095,0.6332,0.11555,0.9783695953817242,0.6415222302737498,0.1444235564227833,0.1293597513046091,0.8206025484256253,0.9937545374655216,0.9608449510340982,0.990916174619564,0.9910701542876706,0.9838080278554888,0.9428341351319912,0.9853591872777346,1,7,1,7,False,False,False,False,True,False,False,False
CN(C)C1C2(C)OC3CC2CC12C=CC(=O)C(C)(CCC(=O)Nc1c(O)ccc(C(=O)O)c1O)C32CO,GenMol,514.58,37,0.5,0,True,2,1,156.63,2.1363000000000008,0.7444,0.74,0.5945,0.0771499999999999,0.9694037097328988,0.6790636498592314,0.1405735825139125,0.1712287892257522,0.7621221073842476,0.993511313001062,0.9139179254004766,0.9918549309394936,0.9900638200521672,0.9539596591970244,0.96599052244215,0.976527797097919,1,6,0,8,False,False,False,False,True,False,False,False
CC12OC3CC1CC1(C=CC(=O)C(C)(CCC(=O)Nc4c(O)ccc(C(=O)O)c4O)C31N1CCC1=O)C2CC=O,GenMol,552.58,40,0.4632,0,True,2,1,170.54000000000002,2.4037000000000006,0.7417,0.7493,0.6428,0.0456499999999999,0.9768449951838072,0.7300377602744758,0.109103045107397,0.2183385227635554,0.7640882423896498,0.9946934935274964,0.9284776310623108,0.9915611132054528,0.9923469937700572,0.9879983815307276,0.9620518262922974,0.9807855268983072,1,7,1,9,False,False,False,False,True,False,False,False
CC(=O)C12C3CC4CC1(C=CC(=O)C2(C)CCC(=O)Nc1c(O)ccc(C(=O)O)c1O)C(c1ccccc1)C4(C)O3,GenMol,559.62,41,0.4944,0,True,2,1,150.23,4.586600000000003,0.7901,0.7341,0.5744,0.13585,0.980590803197923,0.484223366649649,0.0839972929143653,0.2328212146893113,0.8447346841803621,0.992633333402277,0.9459547147176028,0.9909764550897608,0.9950579300844976,0.995389317552434,0.9530787250128888,0.9910451465260004,2,7,0,8,False,False,False,False,False,False,False,False
CC1(CCC(=O)Nc2c(O)ccc(C(=O)O)c2O)C(=O)C=CC23CC4CC(OC4(C)C2c2c[nH]c4ccccc24)C13,GenMol,556.62,41,0.6092,0,True,2,1,148.95,5.108700000000003,0.7948,0.7348,0.6547,0.1000499999999999,0.9873829146388032,0.4690705173677985,0.090251517815508,0.2585120050501746,0.9075482075766808,0.9937296338822392,0.9762096631277716,0.9904798233054724,0.9963180858411474,0.9937161575518032,0.9664796999556748,0.994747338807514,3,8,1,7,True,False,False,False,False,False,False,False
CC1(CCC(=O)Nc2c(O)ccc(C(=O)O)c2O)C(=O)C=CC23CC4CC(OC4(C)C2[C@H]2CCCO2)C13,GenMol,511.57,37,0.642,1,True,2,1,142.39,3.6388000000000025,0.795,0.7084,0.6386,0.1215,0.9780699404832188,0.6669204688512221,0.1018803329022433,0.1626338006695774,0.8258344879499644,0.9921760192403788,0.9550675516435048,0.9874457585934177,0.9917270172130976,0.9803818426090276,0.9528669150771186,0.9868244790059872,1,7,0,8,True,False,False,False,True,True,False,False
CC1(CCC(=O)Nc2c(O)ccc(C(=O)O)c2O)C(=O)C=CC23CC4CC(OC4(C)C2c2cc(O)cc4ccccc24)C13,GenMol,583.64,43,0.5977,0,True,3,1,153.39,5.486200000000005,0.8262,0.7683,0.6342,0.1249500000000001,0.9890651891515192,0.4081872196392325,0.0843988875466991,0.2331757047683177,0.9464598249387736,0.996116388602991,0.9819753769855863,0.9923727349462385,0.9974079476068232,0.9951763148927846,0.9648832440619788,0.9955243169642314,3,8,0,8,True,False,False,False,False,False,False,False
COC1C2(C)OC3CC2CC12C=CC(=O)C(C)(CCC(=O)Nc1c(O)ccc(C(=O)O)c1O)C32c1ccc(C)cc1,GenMol,561.63,41,0.4835,0,True,2,1,142.39,4.488820000000003,0.7673,0.6993,0.5788,0.1282499999999999,0.981479025266144,0.4815573997255108,0.1084869744331277,0.3880776570726357,0.8245619047140764,0.991703550689122,0.9609053969972084,0.9894304179916864,0.9960392573620608,0.9954050491168568,0.9471032193673312,0.9897662853387422,2,7,0,8,False,False,False,False,False,False,False,False
CCC1C2(C)OC3CC2CC12C=CC(=O)C(C)(CCC(=O)Nc1c(O)ccc(C(=O)O)c1O)C32c1ccccc1,GenMol,545.63,40,0.4944,0,True,2,1,133.16000000000005,5.191600000000006,0.7894,0.6844,0.5729,0.16075,0.980999986518852,0.4802454035589207,0.1176054199157439,0.3416638731707895,0.8864020553404333,0.9889949513490616,0.9688585762282872,0.987322445958884,0.9954362418177116,0.9942886461789714,0.9395053565929952,0.992593687506052,2,7,0,7,False,False,False,False,False,False,False,False
CC(C)CC12C3CC4CC1(C=CC(=O)C2(C)CCC(=O)Nc1c(O)ccc(C(=O)O)c1O)C(c1ccccc1)C4(C)O3,GenMol,573.69,42,0.4783,0,True,2,1,133.16,6.043700000000007,0.7735,0.7192,0.5242,0.1518,0.9817788938639552,0.4416713007302001,0.1089524296035533,0.3268535069709438,0.8959551752924904,0.9944938018790108,0.9667875237022344,0.9904397797324824,0.9954441981751332,0.9946999849026747,0.936793101383785,0.9937938672723672,2,7,0,7,False,False,False,False,False,False,False,False
CC(=O)C1C23C=CC(=O)C(C)(CCC(=O)Nc4c(O)ccc(C(=O)O)c4O)C2C2CC(C3)C1(C)O2,GenMol,483.52,35,0.6842,0,True,2,1,150.23,3.048800000000001,0.8007,0.7341,0.656,0.10565,0.9764270877957127,0.5451846082467413,0.1587008463422555,0.1626101787326641,0.859519501340138,0.9920443387258406,0.9500445192713484,0.9897668208503888,0.991202883077031,0.9858545837685554,0.9354364212723996,0.9906400476044251,1,6,0,8,True,False,False,False,True,True,False,False
CC12OC3CC1CC1(C=CC(=O)C(C)(CCC(=O)Nc4c(O)ccc(C(=O)O)c4O)C31c1ccccc1)C2C(=O)O,GenMol,561.59,41,0.5057,0,True,2,2,170.46,3.866200000000001,0.8002,0.7105,0.624,0.13295,0.9798196531251916,0.6085807296178527,0.0846102661382686,0.2554726708033007,0.863337838236088,0.9857174687999656,0.954651150556702,0.9872121137241868,0.9941492773432744,0.9959613465479658,0.9482611384848226,0.9927850764194251,2,7,0,9,True,False,False,False,True,True,False,False
CC1C23C=CC(=O)C(C)(CCC(=O)Nc4c(O)ccc(C(=O)O)c4O)C2C2CC(C3)C1(C)O2,GenMol,455.51,33,0.7027,0,True,2,1,133.16,3.479700000000002,0.7955,0.6909,0.6027,0.1486999999999999,0.9779853960770396,0.5432699836773152,0.0999681470346317,0.229199717719493,0.8602987124780339,0.992675691980185,0.9423915363326858,0.9892349710654548,0.991931239520536,0.9893297670961791,0.948308227127684,0.9920263394165528,1,6,0,7,True,False,False,False,True,True,True,False
CC1(CCC(=O)Nc2c(O)ccc(C(=O)O)c2O)C(=O)C=CC23CC4CC(OC4(C)C2c2cccc(O)c2)C13,GenMol,533.58,39,0.6341,0,True,3,1,153.39,4.333000000000004,0.8119,0.7653,0.6539,0.1022999999999999,0.9827667233214898,0.487839879319623,0.1456721185872108,0.1725656736748848,0.9304732153582762,0.9944378546999378,0.9707947695222552,0.9913707841298308,0.9958680171143108,0.995567392476313,0.9371378349004744,0.9941904104073076,2,7,0,8,True,False,False,False,False,False,False,False
CC1(CCC(=O)Nc2c(O)ccc(C(=O)O)c2O)C(=O)C=CC23CC4CC(OC4(C)C2c2cccc(C=O)c2)C13,GenMol,545.59,40,0.5977,0,True,2,1,150.23,4.439900000000003,0.8145,0.7597,0.5764,0.1464499999999999,0.985627427025274,0.4902710582141129,0.0890759559128981,0.2460757176587363,0.8994738318042654,0.9949652079567682,0.972630543619995,0.9902686266189769,0.9962137358448928,0.9947793712477534,0.9544499433170404,0.9960845605714916,2,7,0,8,True,False,False,False,False,False,False,False
CC1C2(C)OC3CC2CC12C=CC(=O)C(C)(CCC(=O)Nc1c(O)ccc(C(=O)O)c1O)C32C(=O)O,GenMol,499.52,36,0.5238,0,True,2,2,170.46,2.9345000000000003,0.7809,0.7608,0.6506,0.0752,0.9805221281254756,0.7277066110076135,0.0924628416096545,0.1664912633729466,0.8379182163328706,0.9906062096653396,0.955761998473804,0.9914120270092772,0.9913024155739406,0.9868372400066336,0.9592290616589728,0.9885059444903602,1,6,0,9,False,False,False,False,True,False,False,False
CC12OC3CC1CC1(C=CC(=O)C(C)(CCC(=O)Nc4c(O)ccc(C(=O)O)c4O)C31CO)C2C1CC1,GenMol,511.57,37,0.5294,0,True,2,1,153.39,3.2323000000000004,0.7789,0.7208,0.5803,0.12835,0.9756382488328358,0.6982294855333869,0.1325116156564275,0.2381348188331683,0.845425774082322,0.9928657570551714,0.9397238068743524,0.989255749396012,0.9891880687791086,0.985530456659184,0.9449486942878252,0.9879552087781964,1,7,0,8,False,False,False,False,True,False,False,False
CC1(CCC(=O)Nc2c(O)ccc(C(=O)O)c2O)C(=O)C=CC23CC4CC(OC4(C)C2c2ccc4c(c2)CCOCC4)C13,GenMol,587.67,43,0.5909,0,True,2,1,142.39,4.742600000000004,0.7997,0.7563,0.6119,0.1156,0.9875276911569888,0.5145002370474117,0.1495142512716417,0.3140789701857942,0.872887117891992,0.9971466553653796,0.9771457209310987,0.9918078377254248,0.9965809053819488,0.9942285633304888,0.9621795187230788,0.9936046366415038,2,8,0,8,True,False,False,False,True,True,False,False
COC1=CC(=O)C(C)(CCC(=O)Nc2c(O)ccc(C(=O)O)c2O)C2(c3ccccc3)C3CC4CC12C(OC)C4(C)O3,GenMol,577.63,42,0.4362,0,True,2,1,151.62,4.154500000000003,0.8033,0.7434,0.6438,0.1097,0.9807261638370326,0.4430426607648401,0.0613555045452206,0.2935781955274397,0.8482112947254441,0.9872168978995234,0.9650040681134028,0.985958888894866,0.9945409931044656,0.9963397244455378,0.9520675304677392,0.9839550439336932,2,7,0,9,True,False,False,False,False,False,False,False
COC12C3CC4CC1(C(C)=CC(=O)C2(C)CCC(=O)Nc1c(O)ccc(C(=O)O)c1O)C(C1CCOCC1)C4(C)O3,GenMol,569.65,41,0.4468,0,True,2,1,151.62,4.045500000000002,0.7552,0.6617,0.5517,0.1484999999999999,0.9773776870639737,0.6672496996147801,0.1355014793802864,0.2901054871253711,0.8309954670576694,0.993001358430547,0.9572482988347596,0.9801615358769245,0.9927616337333872,0.9898859369138744,0.9385118663352736,0.9900731793230482,1,7,0,9,False,False,False,False,True,False,False,False
CC1(CCC(=O)Nc2c(O)ccc(C(=O)O)c2O)C(=O)C=CC23CC4CC(OC4(C)C2c2ccco2)C13,GenMol,507.54,37,0.65,0,True,2,1,146.3,4.220400000000003,0.7796,0.7193,0.6401,0.0998999999999999,0.975224891746972,0.6868397863478983,0.0952341126380188,0.1553941370696583,0.8868171481469914,0.9831655560818806,0.9558767827068996,0.9887399201284388,0.9921099684269296,0.9855664837867688,0.9328524524434002,0.9882630786544864,2,7,0,8,False,False,False,False,True,False,False,False
CC1(CCC(=O)Nc2c(O)ccc(C(=O)O)c2O)C(=O)C=CC23CC4CC(OC4(C)C2c2cccc(Cl)c2O)C13,GenMol,568.02,40,0.619,0,True,3,1,153.39,4.986400000000005,0.8488,0.789,0.6843,0.1121499999999999,0.9898169525837278,0.487900316923727,0.1463491405056395,0.1970137518877293,0.9428747295936116,0.9953715466258772,0.9740406405570232,0.9940019174092688,0.9972980928072512,0.9961762611377156,0.9759967115778332,0.995833497971125,2,7,0,8,True,False,False,True,False,False,False,True
CC12OC3CC1CC1(C=CC(=O)C(C)(CCC(=O)Nc4c(O)ccc(C(=O)O)c4O)C31CO)C2C=O,GenMol,499.52,36,0.5,0,True,2,1,170.46,2.021199999999999,0.7706,0.7066,0.5689,0.1328499999999999,0.974667735093326,0.7164411846549154,0.1221471762622872,0.2363119493154193,0.8521066511817094,0.99264278988208,0.9488488791128966,0.9898224795350368,0.9868045811618114,0.9817659870127968,0.9396432035526908,0.9831462253959704,1,6,0,9,False,False,False,False,True,False,False,False
CC12OC3CC1CC14C(CC(F)(F)F)=CC(=O)C(C)(CCC(=O)Nc5c(O)ccc(C(=O)O)c5O)C31OC24,GenMol,537.49,38,0.4615,0,True,2,1,142.39,3.6876000000000015,0.7896,0.7133,0.6053,0.1302999999999999,0.9799435374152204,0.7512959884346446,0.2041157469717049,0.384428017838011,0.9007669376272552,0.9907683403247148,0.969521215279048,0.9746570827955188,0.9939182581091686,0.9872994683698296,0.9497880296575886,0.993652367370674,1,8,0,8,False,False,False,False,True,False,False,True
CC12OC3CC1CC1(C=CC(=O)C(C)(CCC(=O)Nc4c(O)ccc(C(=O)O)c4O)C31c1ccccc1)C2OC(F)F,GenMol,583.58,42,0.4731,0,True,2,1,142.39,4.773200000000004,0.8187,0.7669,0.6159,0.1272999999999999,0.9865494895444872,0.4996221897951721,0.15507114242455,0.3552031306275363,0.9067099712885646,0.9931182882245524,0.9656939036325384,0.9892942272763928,0.9958328748935242,0.9961728945071976,0.9721758582814802,0.993558379995724,2,7,0,8,True,False,False,False,True,True,False,False
CC12CC34C=CC(=O)C(C)(CCC(=O)Nc5c(O)ccc(C(=O)O)c5O)C3(N3CCCC3)C(CC1C4)O2,GenMol,510.59,37,0.5714,0,True,2,1,136.4,3.4521000000000024,0.7788,0.7152,0.6865,0.07795,0.9777324323832824,0.5718384809677917,0.1009086126656012,0.180513803300491,0.8117814568172836,0.9932808222006868,0.948197171652024,0.9874747132157208,0.9898683934705724,0.9876915791553958,0.9637143844751416,0.9738999625134352,1,7,1,7,False,False,False,False,True,False,False,False
CCOC1C2(C)OC3CC2CC12C=CC(=O)C(C)(CCC(=O)Nc1c(O)ccc(C(=O)O)c1O)C32c1ccccc1,GenMol,561.63,41,0.4944,0,True,2,1,142.39,4.570500000000004,0.7895,0.6679,0.5881,0.1614999999999999,0.9811437204387856,0.4588446966027961,0.0849173698312988,0.335914897088604,0.8873834004032091,0.9915088869294456,0.9618808657263858,0.9890108141836448,0.9955974866482098,0.9952692978044548,0.9411596630020602,0.9935790287772972,2,7,0,8,False,False,False,False,False,False,False,False
CCC1C23C=CC(=O)C(C)(CCC(=O)Nc4c(O)ccc(C(=O)O)c4O)C2C2CC(C3)C1(C)O2,GenMol,469.53,34,0.6842,0,True,2,1,133.16,3.8698000000000023,0.7865,0.7122,0.6071,0.1268499999999999,0.980584358586061,0.5375738596483939,0.1466783230640509,0.218921979216424,0.8816618539151835,0.9927945352095916,0.951566987880864,0.991712486806112,0.9927821620493524,0.992436333262674,0.9525487951653074,0.990249209728526,1,6,0,7,False,False,False,False,True,False,True,False
CC(=O)C12C3CC4CC1(C=CC(=O)C2(C)CCC(=O)Nc1c(O)ccc(C(=O)O)c1O)CC4(C)O3,GenMol,483.52,35,0.6,0,True,2,1,150.23,3.1929000000000007,0.7927,0.6684,0.6281,0.1444499999999999,0.9776828001091904,0.6371436412916776,0.0821858173329007,0.1736157729634547,0.7993876277060666,0.9932817573947764,0.9569270588117575,0.9918390265180752,0.9917823959616658,0.9893701740862918,0.9370445236036228,0.983534664388142,1,6,0,8,True,False,False,False,True,True,False,False
CCC1C2(C)OC3CC2CC12C=CC(=O)C(C)(CCC(=O)Nc1c(O)ccc(C(=O)O)c1O)C32C(F)(F)F,GenMol,537.53,38,0.4944,0,True,2,1,133.16000000000005,4.802300000000005,0.7728,0.7669,0.5853,0.0967,0.9801806873642523,0.6781231510601492,0.1680734676914733,0.2711104185946969,0.8350476344885885,0.9905319140297512,0.9570985410701076,0.9900143520292798,0.9916914954150384,0.9785789168127867,0.9603352280202784,0.9930143641725244,1,6,0,7,False,False,False,False,True,False,False,False
CC12OC3CC1CC14C=CC(=O)C(C)(CCC(=O)Nc5c(O)ccc(C(=O)O)c5O)C31c1ccc(cc1)C24,GenMol,515.56,38,0.5116,0,True,2,1,133.16000000000005,4.262600000000003,0.7919,0.7369,0.6534,0.0967500000000001,0.9857005438934406,0.5666055477653869,0.0656730312043663,0.3993110254787906,0.9150575096421804,0.9917042204398112,0.9716897848354926,0.9899877088670744,0.9956951816496232,0.9931266388454684,0.9631883637892148,0.9945119088273996,2,9,0,7,True,False,False,False,True,True,False,False
CC12CC34C=CC(=O)C(C)(CCC(=O)Nc5c(O)c(C(=O)O)cc(N6CCCC6)c5O)C3C(CC1C4)O2,GenMol,510.59,37,0.7237,0,True,2,1,136.4,3.8339000000000025,0.8135,0.7867,0.6369,0.1017,0.9864921830141938,0.6031856957421392,0.1218632844213658,0.2273484089920102,0.8339709105215733,0.9937570451756708,0.9701448654147252,0.9926879351751436,0.9916783627118702,0.9894201007501604,0.9805054660832658,0.98725150578852,1,7,1,7,True,False,False,False,True,True,False,False
CC12CC34C=CC(=O)C(C)(CCC(=O)Nc5c(O)c(C(=O)O)cc([C@@H]6CCCO6)c5O)C3C(CC1C4)O2,GenMol,511.57,37,0.6962,1,True,2,1,142.39,4.085200000000002,0.8041,0.7593,0.6439,0.1025,0.9787058753192756,0.5920709324718602,0.1353893952358934,0.2611029628549517,0.8609340288550339,0.9932955183195176,0.9621771433621809,0.994139013205724,0.9936011550207005,0.9945602728248604,0.9277804721183704,0.9853875523835756,1,7,0,8,True,False,False,False,True,True,False,False
CC12CC34C=CC(=O)C(C)(CCC(=O)Nc5c(O)c(OC(=O)O)cc(C(=O)O)c5O)C3C(CC1C4)O2,GenMol,501.49,36,0.7432,0,True,2,2,179.69,3.2905000000000006,0.7776,0.7254,0.6511,0.0893499999999999,0.9851423363290774,0.5673409068526378,0.1363481137005157,0.1520005050815507,0.8501495402080056,0.9938165753311038,0.9706735633003356,0.993660847063197,0.993670097817377,0.9932515592982544,0.960274945871388,0.9906487656218872,1,6,0,10,False,False,False,False,True,False,False,False
CC12CC34C=CC(=O)C(C)(CCC(=O)Nc5c(O)c(C(=O)O)cc(C(=O)O)c5O)C3C(CC1C4)O2,GenMol,485.49,35,0.8333,0,True,2,2,170.45999999999998,2.9319000000000006,0.7995,0.776,0.6774,0.0727999999999999,0.9823747699177215,0.6440053334485695,0.1313484340416461,0.1540513558787815,0.8717575001197448,0.9943388723119576,0.9526565437718936,0.9942332529929344,0.993563875834823,0.990105660613339,0.9604029940069192,0.991322189892184,1,6,0,9,True,False,False,False,True,True,False,False
CC12CC34C=CC(=O)C(C)(CCC(=O)Nc5c(O)c(C(=O)O)cc(C(=O)c6oc(Cl)cc6I)c5O)C3C(CC1C4)O2,GenMol,695.89,41,0.6707,0,True,2,1,163.37,5.315700000000006,0.7875,0.7514,0.669,0.0773,0.98375665874758,0.4222118125085402,0.3040610096665043,0.5711247945480314,0.7556471969715408,0.9916977965456968,0.96794423928646,0.9959805553318491,0.9943803756133428,0.9813028954634598,0.9634575367348056,0.9915332122574446,2,7,0,9,False,False,False,False,False,False,False,False
CC12CC34C=CC(=O)C(C)(CCC(=O)Nc5c(O)c(C(=O)O)cc(-c6ncn[nH]6)c5O)C3C(CC1C4)O2,GenMol,508.53,37,0.679,0,True,2,1,174.73,3.0188000000000006,0.7806,0.7737,0.6633,0.0620999999999999,0.9860551914809312,0.5542708398017664,0.1300306684102056,0.1663078362454394,0.8739747672998304,0.9943087829851162,0.9731493706437306,0.9930011660017928,0.9932555879603696,0.9931602318258594,0.9745755134282792,0.9809356875213704,2,7,3,7,False,False,False,False,True,False,False,False
CC12CC34C=CC(=O)C(C)(CCC(=O)Nc5c(O)c(CO)cc(C(=O)O)c5O)C3C(CC1C4)O2,GenMol,471.51,34,0.7639,0,True,2,1,153.39,2.726,0.7944,0.7426,0.6325,0.10685,0.9823541381133092,0.5938925262531818,0.15057039611314,0.2059536707304268,0.8377531908621008,0.9938798637797652,0.9524670967933696,0.9944309882302896,0.993203837150016,0.9944196361688076,0.95735859408112,0.9907189505897964,1,6,0,8,True,False,False,False,True,True,True,False
CC(C)(O)c1cc(C(=O)O)c(O)c(NC(=O)CCC2(C)C(=O)C=CC34CC5CC(OC5(C)C3)C42)c1O,GenMol,499.56,36,0.7432,0,True,2,1,153.39,3.4611000000000023,0.7759,0.7539,0.6454,0.07625,0.9821170145036768,0.5798309768021261,0.1487747607451064,0.2573930540409653,0.8623691577580239,0.9944317116706028,0.9686071926047816,0.9936189254376988,0.9944783984643952,0.9933032780802444,0.9394627024179008,0.9909168928501144,1,6,0,8,False,False,False,False,True,False,False,False
COc1cc(C(=O)O)c(O)c(NC(=O)CCC2(C)C(=O)C=CC34CC5CC(OC5(C)C3)C42)c1O,GenMol,471.51,34,0.7534,0,True,2,1,142.39,3.2423000000000024,0.7811,0.6803,0.6261,0.1279,0.9791701704084296,0.5633279143217561,0.127179331970714,0.2350521614744287,0.8157217316577399,0.9906568119655564,0.9602224193122468,0.9915991985217906,0.9926216846754254,0.9921517774507008,0.9388998708152893,0.988039430117998,1,6,0,8,False,False,False,False,True,False,True,False
CC(=O)c1cc(C(=O)O)c(O)c(NC(=O)CCC2(C)C(=O)C=CC34CC5CC(OC5(C)C3)C42)c1O,GenMol,483.52,35,0.7857,0,True,2,1,150.23,3.4363000000000024,0.7871,0.7423,0.6419,0.095,0.9811006784684108,0.5501600221473776,0.1388437052630701,0.2230883012157759,0.8484323825236644,0.9913166188534456,0.9555916087503612,0.9937989091759049,0.9927164714645302,0.9932573980245958,0.9524602579192823,0.9885634850907552,1,6,0,8,False,False,False,False,True,False,False,False
CC12CC34C=CC(=O)C(C)(CCC(=O)Nc5c(O)c(C(=O)O)cc(C(F)(F)F)c5O)C3C(CC1C4)O2,GenMol,509.48,36,0.7432,0,True,2,1,133.16,4.252500000000003,0.8056,0.8079,0.634,0.08465,0.9848462463814784,0.4770467801861867,0.20819223085612,0.2207620302366016,0.8720858797412896,0.9922929236315116,0.9652924344341725,0.9901820684831738,0.9939706968175916,0.9913092055481256,0.9676023517731388,0.9932740439826352,1,6,0,7,True,False,False,False,False,False,False,False
COCc1cc(C(=O)O)c(O)c(NC(=O)CCC2(C)C(=O)C=CC34CC5CC(OC5(C)C3)C42)c1O,GenMol,485.53,35,0.7333,0,True,2,1,142.39,3.3801000000000028,0.788,0.7471,0.5983,0.1152999999999999,0.9779602152792884,0.5706183252934984,0.1344262407600298,0.2051411779402973,0.812177741383145,0.9919854777847692,0.9563938361458256,0.9934020439652214,0.9929516715086466,0.9891946338378244,0.9312702356041248,0.9905236081086078,1,6,0,8,False,False,False,False,True,False,False,False
CC12CC34C=CC(=O)C(C)(CCC(=O)Nc5c(O)c(C(=O)O)cc(C(=O)c6ccc(O)cc6)c5O)C3C(CC1C4)O2,GenMol,561.59,41,0.7467,0,True,3,1,170.45999999999998,4.170300000000003,0.7795,0.7409,0.6394,0.0893499999999999,0.9864897878473332,0.4902443035580553,0.1476254630334016,0.2470537721195272,0.9352034471336058,0.9955778714714296,0.969349279274098,0.9941240496580732,0.9950662225625224,0.9943788407033858,0.9635169618988229,0.9934152893629994,2,7,0,9,False,False,False,False,False,False,False,False
CC12CC34C=CC(=O)C(C)(CCC(=O)Nc5c(O)c(C(=O)O)cc(N6CCCCC6)c5O)C3C(CC1C4)O2,GenMol,524.61,38,0.7143,0,True,2,1,136.4,4.224000000000003,0.8164,0.7807,0.661,0.09555,0.9863073509357868,0.5730691812939355,0.1227443458568178,0.2426351377069625,0.852155801314666,0.9946366287604874,0.9740476477732308,0.9905723139356546,0.9926010867544912,0.9909489287968466,0.973545105241312,0.987799745288484,1,7,1,7,True,False,False,False,True,True,False,False
CC12CC34C=CC(=O)C(C)(CCC(=O)Nc5c(O)c(C(=O)O)cc(N6CCC(O)C6)c5O)C3C(CC1C4)O2,GenMol,526.59,38,0.679,0,True,2,1,156.63,2.8047000000000013,0.8064,0.797,0.6436,0.0861,0.9830439644700784,0.6450670308380521,0.1705999326912519,0.27253374090207,0.8359695352486289,0.9944465739497508,0.9580408474106376,0.9918021465300308,0.9913959200273426,0.9848100987062932,0.9780059183239954,0.9828062463424984,1,7,1,8,True,False,False,False,True,True,False,False
CC12CC34C=CC(=O)C(C)(CCC(=O)Nc5c(O)c(C(=O)O)cc(-n6cccn6)c5O)C3C(CC1C4)O2,GenMol,507.54,37,0.679,0,True,2,1,150.98,3.4194000000000013,0.7787,0.7256,0.6487,0.0915499999999999,0.9737301394098744,0.5762371957236194,0.1139747170861231,0.2032743754183151,0.867697775050575,0.9928795876140905,0.9598683511764884,0.9885868836464214,0.9919974688898628,0.9786976676480748,0.9244731153379376,0.9796079015562448,2,7,2,7,False,False,False,False,True,False,False,False
CC12CC34C=CC(=O)C(C)(CCC(=O)Nc5c(O)c(C(=O)O)cc(-c6nccs6)c5O)C3C(CC1C4)O2,GenMol,524.6,37,0.679,0,True,2,1,146.04999999999998,4.357200000000003,0.788,0.7811,0.6859,0.0544999999999999,0.9887843230306964,0.553906944977588,0.1304287353097266,0.2494122492754433,0.9022790579139957,0.9957062008014582,0.9767087978851472,0.9957054309453254,0.9947744655208376,0.9953507557171432,0.9755189509958558,0.9877256593491084,2,7,1,7,False,False,False,False,True,False,False,False
CC12CC34C=CC(=O)C(C)(CCC(=O)Nc5c(O)c(O[P+](=O)[O-])cc(C(=O)O)c5O)C3C(CC1C4)O2,GenMol,519.44,36,0.7051,0,True,2,1,182.52,2.6302000000000003,0.791,0.7651,0.6603,0.0783,0.9843830535232772,0.6370098541834908,0.2292484702926873,0.1703929367899416,0.8719017338227079,0.9940617255107268,0.9736765143055232,0.993276047142214,0.9945691099913784,0.9940356139782144,0.9503862525010855,0.9906761112337982,1,6,0,10,True,False,False,False,True,True,False,False
CC12CC34C=CC(=O)C(C)(CCC(=O)Nc5c(O)c(C(=O)O)cc(C6CC(N)=NC6=O)c5O)C3C(CC1C4)O2,GenMol,537.57,39,0.679,0,True,2,1,188.60999999999996,2.604800000000001,0.804,0.7936,0.6252,0.0946,0.96229814897349,0.660991737115318,0.1423459062976101,0.2443258946486939,0.8485071659373586,0.9844750316346004,0.8920037909772911,0.9880420941835046,0.9886022267350852,0.9531687726769056,0.9447302734933182,0.9850648531137244,1,7,1,8,True,False,False,False,True,True,False,False
CC12CC34C=CC(=O)C(C)(CCC(=O)Nc5c(O)c(C(=O)O)cc(-c6ccc[nH]6)c5O)C3C(CC1C4)O2,GenMol,506.56,37,0.7179,0,True,2,1,148.95,4.228800000000002,0.7926,0.7449,0.6569,0.0916999999999998,0.9880978317405096,0.5493942626406803,0.1456603508144035,0.1990342088681069,0.8819890176837,0.9942819036767864,0.9741783730089326,0.994506886414768,0.995846333295607,0.9945558764875216,0.971734440012678,0.9915810092872728,2,7,1,7,True,False,False,False,True,True,False,False
CC12CC34C=CC(=O)C(C)(CCC(=O)Nc5c(O)c(OC(F)F)cc(C(=O)O)c5O)C3C(CC1C4)O2,GenMol,507.49,36,0.7237,0,True,2,1,142.39,3.8351000000000024,0.7933,0.7697,0.6262,0.0953499999999999,0.983194988417159,0.5655683243143984,0.1854171750826807,0.2196964489534277,0.8862854931913031,0.992810862014102,0.968320527976757,0.9929641325859996,0.9939694911381812,0.9933709468152722,0.9487672473467974,0.9921617110430038,1,6,0,8,True,False,False,False,True,True,False,False
CC12CC34C=CC(=O)C(C)(CCC(=O)Nc5c(O)c(C=O)cc(C(=O)O)c5O)C3C(CC1C4)O2,GenMol,469.49,34,0.7534,0,True,2,1,150.23,3.0462000000000016,0.8017,0.715,0.6035,0.1424499999999999,0.983886095346156,0.5433424681064252,0.154320989279135,0.2077809116200967,0.8618661381233708,0.9936198110803952,0.9626254948782356,0.9940899113790864,0.9941689089188016,0.9895326278607428,0.9605454064711948,0.9926205068346352,1,6,0,8,True,False,False,False,True,True,True,False
CC(C)(c1ccccc1)c1cc(C(=O)O)c(O)c(NC(=O)CCC2(C)C(=O)C=CC34CC5CC(OC5(C)C3)C42)c1O,GenMol,559.66,41,0.7273,0,True,2,1,133.16,5.559600000000005,0.7921,0.7391,0.591,0.1270500000000001,0.9871767237816516,0.4256011601353607,0.1117334100301964,0.3526548272853493,0.9145271796785194,0.9953604718822238,0.9751727096257488,0.9932305798391796,0.9967673350316176,0.9942174523502936,0.9606987463892832,0.9947897713532138,2,7,0,7,True,False,False,False,False,False,False,False
CC12CC34C=CC(=O)C(C)(CCC(=O)Nc5c(O)c(C(=O)O)cc(C(O)=[OH+])c5O)C3C(CC1C4)O2,GenMol,486.5,35,0.7746,0,True,2,2,174.79,2.6422000000000008,0.7963,0.7823,0.6662,0.0720499999999999,0.9812690082109564,0.6514400763034649,0.1514620473322644,0.1590456021230745,0.865870065568712,0.9947049217491852,0.941452327290645,0.994611124256882,0.9938982802302404,0.9917734403132248,0.9628216751187418,0.9896212885177744,1,6,0,9,True,False,False,False,True,True,False,False
CC12CC34C=CC(=O)C(C)(CCC(=O)Nc5c(O)cc(CC=O)c(C(=O)O)c5O)C3C(CC1C4)O2,GenMol,483.52,35,0.7013,0,True,2,1,150.23,2.975100000000001,0.7907,0.7381,0.6362,0.10355,0.9835688111591242,0.538257631229643,0.1574482712014776,0.1881059291434077,0.8337513443972866,0.9937297549381112,0.9616711663892946,0.9942840083387452,0.9941998017775364,0.9943718819724602,0.954752250832378,0.991972813865344,1,6,0,8,False,False,False,False,True,False,False,False
COC1OC(c2cc(O)c(NC(=O)CCC3(C)C(=O)C=CC45CC6CC(OC6(C)C4)C53)c(O)c2C(=O)O)C(=O)C1O,GenMol,571.58,41,0.6279,0,True,2,1,188.91999999999996,2.2075,0.7852,0.8077,0.634,0.06435,0.986951641412678,0.6545755913797962,0.1130101085400823,0.2440870489876142,0.8679140843477929,0.9952716228036824,0.9743062466652748,0.995763163993832,0.995527719511398,0.9962607580605676,0.9611906339090324,0.9903413449449586,1,7,0,11,False,False,False,False,True,False,False,False
COc1cc(O)c(NC(=O)CCC2(C)C(=O)C=CC34CC5CC(OC5(C)C3)C42)c(O)c1C(=O)O,GenMol,471.51,34,0.72,0,True,2,1,142.39,3.2423000000000015,0.7719,0.6813,0.6268,0.11785,0.9706226791847976,0.5868956349371849,0.1288978639944858,0.2347542070763437,0.8158324159945503,0.9903471197129018,0.9359614779090276,0.9901375520682252,0.9896213323643378,0.9695425759118668,0.9342252824556092,0.9845234138716156,1,6,0,8,False,False,False,False,True,False,True,False
CCN(CC(=O)O)c1cc(O)c(NC(=O)CCC2(C)C(=O)C=CC34CC5CC(OC5(C)C3)C42)c(O)c1C(=O)O,GenMol,542.59,39,0.675,0,True,2,2,173.7,3.144600000000002,0.8142,0.7758,0.6768,0.0879,0.9888119179115664,0.71989586796089,0.1721386689909662,0.161286135550559,0.8059087625057557,0.9961116452848114,0.9720774255362464,0.9956637294306724,0.9945292286265816,0.991887868719649,0.9819146066412504,0.9894989211417544,1,6,0,9,True,False,False,False,True,True,False,True
CC(O)C(=O)c1cc(O)c(NC(=O)CCC2(C)C(=O)C=CC34CC5CC(OC5(C)C3)C42)c(O)c1C(=O)O,GenMol,513.54,37,0.7237,0,True,2,1,170.45999999999998,2.7972000000000015,0.7956,0.747,0.6771,0.0835499999999999,0.9867108908017176,0.600879737254286,0.1798519717334449,0.2157869710821039,0.8738376430903582,0.9960934487294192,0.9697140956285006,0.9952115329214416,0.9947367314119598,0.9960642644547714,0.9650052306795311,0.9901509317863998,1,6,0,9,True,False,False,False,True,True,False,False
CC12CC34C=CC(=O)C(C)(CCC(=O)Nc5c(O)cc(C(=O)O)c(C(=O)O)c5O)C3C(CC1C4)O2,GenMol,485.49,35,0.8116,0,True,2,2,170.45999999999998,2.9319000000000006,0.7999,0.755,0.6572,0.0938000000000001,0.976238586836006,0.632346725154746,0.1508913362220324,0.1887484268322394,0.8516406125690061,0.98830000674342,0.9568297695042132,0.9938134947465768,0.9913140255679114,0.9815078127199536,0.9331919960433368,0.9887130025266312,1,6,0,9,True,False,False,False,True,True,False,False
CC12CC34C=CC(=O)C(C)(CCC(=O)Nc5c(O)cc(C=O)c(C(=O)O)c5O)C3C(CC1C4)O2,GenMol,469.49,34,0.7297,0,True,2,1,150.23,3.0462000000000016,0.8138,0.6965,0.6476,0.1417499999999999,0.9824132183898876,0.5630301559553779,0.150870103320431,0.1908514445258783,0.8446617364173841,0.9929745583104396,0.9618826070680808,0.9944869911475336,0.993584972870398,0.9875995576233464,0.9540613691745158,0.9923024725348992,1,6,0,8,True,False,False,False,True,True,True,False
CC12CC34C=CC(=O)C(C)(CCC(=O)Nc5c(O)cc(CO)c(C(=O)O)c5O)C3C(CC1C4)O2,GenMol,471.51,34,0.7297,0,True,2,1,153.39,2.726000000000001,0.8024,0.7239,0.6359,0.1225,0.975206671113176,0.5856583628329078,0.16000651653887,0.2035198994591653,0.8313703262784431,0.99127867945383,0.945798602901095,0.9936985852983066,0.9907434597568588,0.9870880074040942,0.9283443521970688,0.9894950107809772,1,6,0,8,True,False,False,False,True,True,True,False
CC12CC34C=CC(=O)C(C)(CCC(=O)Nc5c(O)cc(-c6ccco6)c(C(=O)O)c5O)C3C(CC1C4)O2,GenMol,507.54,37,0.6962,0,True,2,1,146.3,4.493700000000003,0.771,0.7146,0.6494,0.089,0.983925482944102,0.6222881596181864,0.1327024881159919,0.2040560195987345,0.8767278253345481,0.9926642362996037,0.9661878336317342,0.9939848367099507,0.9940537159240972,0.9872451720044284,0.9679223906551356,0.9854201953837656,2,7,0,8,False,False,False,False,True,False,False,False
CN1CCN(C(=O)c2cc(O)c(NC(=O)CCC3(C)C(=O)C=CC45CC6CC(OC6(C)C4)C53)c(O)c2C(=O)O)CC1,GenMol,567.64,41,0.6875,0,True,2,1,156.70999999999998,2.6212999999999997,0.7854,0.7662,0.7063,0.0491499999999999,0.9683700097161194,0.598425682942355,0.1592260947051227,0.2420054602764922,0.7496606381935507,0.9913033258073166,0.9374348217332384,0.9916269399074248,0.9823891746024608,0.9743215491084009,0.9377930272781976,0.9637212295757958,1,7,2,8,False,False,False,False,True,False,False,False
CC12CC34C=CC(=O)C(C)(CCC(=O)Nc5c(O)cc(N6CCCC6)c(C(=O)O)c5O)C3C(CC1C4)O2,GenMol,510.59,37,0.6923,0,True,2,1,136.4,3.8339000000000025,0.8171,0.7904,0.6868,0.0785000000000001,0.988907558775131,0.6742051787837354,0.1269199321532024,0.1776337178860813,0.8095005934256017,0.9955152503603428,0.9745949984462944,0.9945008260490328,0.9934279003745377,0.9937475673741382,0.9859931380871868,0.984573230734385,1,7,1,7,True,False,False,False,True,True,False,False
CC12CC34C=CC(=O)C(C)(CCC(=O)Nc5c(O)cc(Cc6ccccc6)c(C(=O)O)c5O)C3C(CC1C4)O2,GenMol,531.61,39,0.7051,0,True,2,1,133.16,4.824500000000004,0.812,0.6635,0.6055,0.1775,0.9837598897347352,0.4525945562814635,0.129107995454246,0.2717624737286059,0.8923586767355192,0.994523030014336,0.9748096076171788,0.9921593198459252,0.9948795490838712,0.9951718261649476,0.9425813818041036,0.9921945136127842,2,7,0,7,True,False,False,False,False,False,False,False
CC(=O)COC(=O)c1cc(O)c(NC(=O)CCC2(C)C(=O)C=CC34CC5CC(OC5(C)C3)C42)c(O)c1C(=O)O,GenMol,541.55,39,0.6962,0,True,2,1,176.53,2.979500000000001,0.7852,0.7002,0.6338,0.1181999999999999,0.9841227584770652,0.5720430806402006,0.1453981638450283,0.2261660965499869,0.8363060060156379,0.9934766352631712,0.965498695169551,0.994352154968026,0.9941325596881164,0.994623512357836,0.9560011251840534,0.9907746267087028,1,6,0,10,False,False,False,False,True,False,False,False
CC12CC34C=CC(=O)C(C)(CCC(=O)Nc5c(O)cc(C(=O)CN6CCOCC6)c(C(=O)O)c5O)C3C(CC1C4)O2,GenMol,568.62,41,0.6707,0,True,2,1,162.69999999999996,2.7486000000000006,0.7687,0.7392,0.6088,0.0947000000000001,0.9764271109179355,0.6680873680233875,0.1311440049802152,0.2039215864324948,0.8273921637303908,0.99245220277667,0.9630793654301568,0.9918846277114254,0.9885131797546386,0.9919892825246676,0.9491165446281068,0.957954573599884,1,7,1,9,False,False,False,False,True,False,False,False
CC12CC34C=CC(=O)C(C)(CCC(=O)Nc5c(O)cc(-c6ccccc6)c(C(=O)O)c5O)C3C(CC1C4)O2,GenMol,517.58,38,0.7237,0,True,2,1,133.16,4.900700000000004,0.7865,0.6745,0.6174,0.1405499999999999,0.9871889626393876,0.4556703308703639,0.1323227182617365,0.2632111477509098,0.9039281855686422,0.9959911151372264,0.9790089617225948,0.9950197276025848,0.995868385556378,0.9948077713758706,0.9566077294055728,0.9930190476754852,2,7,0,7,False,False,False,False,False,False,False,False
CC12CC34C=CC(=O)C(C)(CCC(=O)Nc5c(O)cc(CCN6CCCCC6)c(C(=O)O)c5O)C3C(CC1C4)O2,GenMol,552.67,40,0.6506,0,True,2,1,136.4,4.262100000000003,0.8014,0.7694,0.5986,0.1174,0.9852825624106156,0.5353239639742676,0.1369810698929627,0.2083970767765386,0.8228562585510856,0.9960464488494392,0.968260395793626,0.9921727468777284,0.9925897324277768,0.994393443250558,0.967843963309326,0.9856712063658538,1,7,1,7,True,False,False,False,True,True,False,False
Cc1cc(C(=O)c2cc(O)c(NC(=O)CCC3(C)C(=O)C=CC45CC6CC(OC6(C)C4)C53)c(O)c2C(=O)O)c(C)o1,GenMol,563.6,41,0.6875,0,True,2,1,163.37,4.674540000000005,0.7899,0.6887,0.5668,0.16215,0.9810798182908432,0.5320187418279259,0.1236136728238465,0.3230319445487424,0.88498881920546,0.994544557678316,0.9610278078704408,0.994593930575244,0.9944431348922712,0.9926825914348664,0.9374118109516764,0.9928548946330888,2,7,0,9,False,False,False,False,True,False,False,False
CC12CC34C=CC(=O)C(C)(CCC(=O)Nc5c(O)cc(CCc6ccc(Cl)cc6)c(C(=O)O)c5O)C3C(CC1C4)O2,GenMol,580.08,41,0.679,0,True,2,1,133.16,5.672300000000006,0.8243,0.7378,0.6294,0.1407,0.988856605235608,0.4559776473646158,0.1334395956487673,0.3346549046774212,0.9170604664325815,0.9973073125747756,0.9788741703845228,0.9948171620879948,0.9958221325208166,0.9961076172588316,0.9664405472682948,0.9926272945540188,2,7,0,7,True,False,False,False,False,False,False,False
CC12CC34C=CC(=O)C(C)(CCC(=O)Nc5c(O)cc(-c6cccs6)c(C(=O)O)c5O)C3C(CC1C4)O2,GenMol,523.61,37,0.6875,0,True,2,1,133.16,4.962200000000005,0.8248,0.7795,0.6955,0.0872999999999999,0.9899393398673348,0.5860475047185658,0.1339521911611095,0.229792507502367,0.9112623835740692,0.9966140491529492,0.9766151576646284,0.99615619042793,0.9960860371897896,0.9952287928750246,0.9759611541545632,0.9929139976064572,2,7,0,7,True,False,False,False,True,True,False,False
CC12CC34C=CC(=O)C(C)(CCC(=O)Nc5c(O)cc(C(=O)c6ccc(F)cc6)c(C(=O)O)c5O)C3C(CC1C4)O2,GenMol,563.58,41,0.7089,0,True,2,1,150.23,4.603800000000003,0.805,0.7255,0.6718,0.10635,0.9817143937237154,0.5156867403050234,0.1441050974862066,0.262574356294337,0.9119263735373688,0.9945241167288406,0.9659401425096494,0.9931292431773044,0.994528112595166,0.992638732519538,0.9397800205041604,0.991460388031349,2,7,0,8,True,False,False,False,True,True,False,False
CC12CC34C=CC(=O)C(C)(CCC(=O)Nc5c(O)cc(-c6ncccn6)c(C(=O)O)c5O)C3C(CC1C4)O2,GenMol,519.55,38,0.6835,0,True,2,1,158.93999999999997,3.6907000000000014,0.801,0.7567,0.6482,0.09855,0.9806984258496438,0.6001903445698424,0.1340565907986103,0.1816763602814181,0.8670056661834419,0.9921210369287516,0.9729808291156196,0.992538886160126,0.991385280565383,0.992068459589906,0.9368061266784856,0.9869883619092352,2,7,2,7,True,False,False,False,True,True,False,False
CC12CC34C=CC(=O)C(C)(CCC(=O)Nc5c(O)cc(CCO)c(C(=O)O)c5O)C3C(CC1C4)O2,GenMol,485.53,35,0.7105,0,True,2,1,153.39,2.7685000000000013,0.7917,0.735,0.6311,0.10865,0.978713137755312,0.5770843506008807,0.1711766689297026,0.2113992560244272,0.8407323602093608,0.993252913851851,0.9595415640051272,0.9928269644312634,0.9926633755105784,0.9758975205436856,0.9519845175751211,0.9848251083695568,1,6,0,8,True,False,False,False,True,True,False,False
CC12CC34C=CC(=O)C(C)(CCC(=O)Nc5c(O)cc(C=N)c(C(=O)O)c5O)C3C(CC1C4)O2,GenMol,468.51,34,0.72,0,True,2,1,157.01,3.231370000000001,0.8308,0.7211,0.6313,0.1546,0.9849463254335048,0.6347015395751661,0.2782023134525889,0.1843038851275495,0.8377144787801266,0.9934718209106728,0.9611850958742882,0.9951009846057888,0.99400111018079,0.9941041878102782,0.9645222903794064,0.992238788273308,1,6,0,7,True,False,False,True,True,True,True,True
CC12CC34C=CC(=O)C(C)(CCC(=O)Nc5c(O)cc(-c6ccc(O)cc6)c(C(=O)O)c5O)C3C(CC1C4)O2,GenMol,533.58,39,0.7143,0,True,3,1,153.39,4.606300000000004,0.797,0.7399,0.6566,0.09875,0.9873900646460771,0.4959859125023229,0.1597131950787439,0.2242591715608091,0.9245909514335507,0.9961452833187128,0.9762053606512734,0.9950934986501168,0.9961613091163184,0.995321830663308,0.959501504483452,0.9933016656393588,2,7,0,8,True,False,False,False,True,True,False,False
CC12CC34C=CC(=O)C(C)(CCC(=O)Nc5c(O)cc(C(=O)c6ccc(O)cc6)c(C(=O)O)c5O)C3C(CC1C4)O2,GenMol,561.59,41,0.7273,0,True,3,1,170.45999999999998,4.170300000000003,0.8075,0.6752,0.6532,0.1432999999999999,0.9828806414400248,0.5137640030694979,0.1534949351511759,0.2444050367076159,0.9300421961318036,0.994019259146275,0.9714542739967058,0.9945133900568364,0.9947571409480592,0.99470222939483,0.9388248234519884,0.9918933730854784,2,7,0,9,True,False,False,False,True,True,False,False
CC12CC34C=CC(=O)C(C)(CCC(=O)Nc5c(O)cc(N6CCCCC6)c(C(=O)O)c5O)C3C(CC1C4)O2,GenMol,524.61,38,0.6835,0,True,2,1,136.4,4.224000000000003,0.8235,0.7833,0.6833,0.0901999999999999,0.9885696674878002,0.6277471777677253,0.1341252180195393,0.1855739418458813,0.8258948361696529,0.9959428931973644,0.975154732167677,0.99394387901556,0.9936688016351066,0.9933301121282584,0.9834444920357998,0.9845027622348343,1,7,1,7,True,False,False,False,True,True,False,False
CC12CC34C=CC(=O)C(C)(CCC(=O)Nc5c(O)cc(N6CCOCC6)c(C(=O)O)c5O)C3C(CC1C4)O2,GenMol,526.59,38,0.675,0,True,2,1,145.63,3.070300000000002,0.7986,0.791,0.6755,0.06535,0.986922173314006,0.6948607011069226,0.125990921862733,0.1623551195009139,0.7783251107304434,0.99525679621784,0.9777678338249752,0.9955278117957176,0.992023215585606,0.994548828517702,0.9766274597473368,0.976703267508864,1,7,1,8,True,False,False,False,True,True,False,False
CC(C)(C)c1cc(O)c(NC(=O)CCC2(C)C(=O)C=CC34CC5CC(OC5(C)C3)C42)c(O)c1C(=O)O,GenMol,497.59,36,0.72,0,True,2,1,133.16,4.531200000000005,0.797,0.7214,0.5986,0.137,0.9847194063972128,0.5558354867119714,0.128038844938266,0.2760846230410218,0.8729552613591816,0.992180696799268,0.9624361202342108,0.9940279479366736,0.9945765077992178,0.990815297243777,0.9655262026822304,0.9934730720851128,1,6,0,7,True,False,False,False,True,True,False,False
CC12CC34C=CC(=O)C(C)(CCC(=O)Nc5c(O)cc(-c6ccc(CO)cc6)c(C(=O)O)c5O)C3C(CC1C4)O2,GenMol,547.6,40,0.6962,0,True,2,1,153.39,4.3930000000000025,0.7807,0.732,0.6456,0.0918999999999999,0.9885068446701712,0.5065891407369008,0.1488204766363811,0.2893256584886911,0.9085145489308036,0.9965533004407212,0.9784588525551364,0.9962939901518326,0.9967355136536794,0.996262669243888,0.9638023678100304,0.9914412188359102,2,7,0,8,False,False,False,False,True,False,False,False
Cc1cccc(-c2cc(O)c(NC(=O)CCC3(C)C(=O)C=CC45CC6CC(OC6(C)C4)C53)c(O)c2C(=O)O)c1,GenMol,531.61,39,0.679,0,True,2,1,133.16,5.209120000000005,0.7935,0.7237,0.6098,0.12675,0.985982979389782,0.4071214121946765,0.1378066874909949,0.4157010398653192,0.9062611491629288,0.9954574789549888,0.9758139197917122,0.9943766943257644,0.997001808025908,0.995475605334812,0.9501473533639636,0.9936079959313248,2,7,0,7,True,False,False,False,False,False,False,False
CN(C)c1cc(O)c(NC(=O)CCC2(C)C(=O)C=CC34CC5CC(OC5(C)C3)C42)c(O)c1C(=O)O,GenMol,484.55,35,0.72,0,True,2,1,136.4,3.299700000000002,0.8112,0.742,0.6491,0.11565,0.9872681391626904,0.6294994335051429,0.1509435049718236,0.1967346291704366,0.8043791814925596,0.9951033850405194,0.9595262044698628,0.9951280471221594,0.9946722876437548,0.9952070816267938,0.981067209296874,0.9901727589388676,1,6,0,7,True,False,False,False,True,True,False,False
CC(c1ccc(Cl)cc1)c1cc(O)c(NC(=O)CCC2(C)C(=O)C=CC34CC5CC(OC5(C)C3)C42)c(O)c1C(=O)O,GenMol,580.08,41,0.6707,0,True,2,1,133.16,6.038900000000005,0.8165,0.7821,0.67,0.0904499999999999,0.9902825961254128,0.4360870126420721,0.1537472395448275,0.3304049040943218,0.9244243748499404,0.9960079316110622,0.9826272400159284,0.9952083094241518,0.996682623136956,0.9961514397887448,0.9716548471340845,0.9936457817669624,2,7,0,7,True,False,False,False,False,False,False,False
COc1c(O)c(NC(=O)CCC2(C)C(=O)C=CC34CC5CC(OC5(C)C3)C42)c(O)c(C(=O)O)c1OC,GenMol,501.53,36,0.6933,0,True,2,1,151.61999999999998,3.2509000000000015,0.7589,0.7126,0.6428,0.0812,0.9720785439260162,0.623190756322683,0.1049517279882862,0.2500237902989873,0.8164697269610394,0.9907537496616652,0.9444499082937338,0.9891686705399826,0.9911342613030382,0.987807359376566,0.9205888290009528,0.9806470293061752,1,6,0,9,False,False,False,False,True,False,False,False
CC12CC34C=CC(=O)C(C)(CCC(=O)Nc5c(O)cc(C6CCSCC6)c(C(=O)O)c5O)C3C(CC1C4)O2,GenMol,541.67,38,0.675,0,True,2,1,133.16,4.844300000000004,0.8187,0.7595,0.6706,0.10365,0.9864761251844706,0.4723350468297598,0.1471862433648052,0.2859527732716134,0.8657990896037653,0.9932576139496544,0.9766737408424824,0.9937376905683905,0.9940023093913624,0.9946186020347026,0.961862232359458,0.991180687145244,1,7,0,7,True,False,False,False,False,False,False,False
CC12CC34C=CC(=O)C(C)(CCC(=O)Nc5c(O)c(OC6CO6)cc(C(=O)O)c5O)C3C(CC1C4)O2,GenMol,499.52,36,0.7143,0,True,2,1,154.92000000000002,2.9688000000000008,0.7942,0.7537,0.6466,0.0940499999999999,0.9880453717838634,0.6645213714869395,0.1299353563551865,0.3744654455078557,0.8859219798704936,0.9928054192724196,0.9765905548523724,0.9954771367814604,0.9936919082567568,0.9919943160120006,0.97410203337585,0.9916562339361844,1,7,0,9,True,False,False,False,True,True,False,False
CC12CC34C=CC(=O)C(C)(CCC(=O)Nc5c(O)c6c(c(C(=O)O)c5O)O6)C3C(CC1C4)O2,GenMol,455.46,33,0.7123,0,True,2,1,145.69,3.339400000000002,0.775,0.7837,0.6267,0.0697999999999999,0.9854916771063608,0.6387115869880868,0.1453494269223745,0.225980196658438,0.9174474571207184,0.9922047084091477,0.9739455882419544,0.9916122188702924,0.9939606638782984,0.9887345088050524,0.9715624011085006,0.9864216504312776,1,7,0,8,False,False,False,False,True,False,True,False
CC12CC34C=CC(=O)C(C)(CCC(=O)Nc5c(O)cc(OC(=O)O)c(C(=O)O)c5O)C3C(CC1C4)O2,GenMol,501.49,36,0.7105,0,True,2,2,179.69,3.2905000000000006,0.7779,0.7449,0.6661,0.0724,0.97963536041175,0.6299999115592737,0.1160988302670882,0.1345602389660004,0.8760101012723005,0.9939322101929696,0.9581954904341452,0.9891670037772146,0.9923395396994208,0.9818345574126478,0.9539720936462442,0.988006627719607,1,6,0,10,False,False,False,False,True,False,False,False
CC(=O)c1cc(O)c(NC(=O)CCC2(C)C(=O)C=CC34CC5CC(OC5(C)C3)C42)c(O)c1C(=O)O,GenMol,483.52,35,0.7639,0,True,2,1,150.23,3.4363000000000024,0.8005,0.7165,0.6407,0.1218999999999999,0.9792334862215092,0.5432708342032481,0.1463072451672444,0.218711083901894,0.8343862170239501,0.993484433765579,0.953311613216154,0.9944951963028053,0.9933635176910632,0.9859076299949124,0.9441023607908816,0.9899696517891688,1,6,0,8,True,False,False,False,True,True,False,False
CC(CO)c1c(C(=O)O)c(O)c(NC(=O)CCC2(C)C(=O)C=CC34CC5CC(OC5(C)C3)C42)c(O)c1C(=O)O,GenMol,543.57,39,0.6842,0,True,2,2,190.68999999999997,3.0277000000000016,0.771,0.7615,0.6524,0.06405,0.97788662925223,0.7026631586785277,0.1676308306807754,0.2275060525825509,0.8649136616216315,0.9919132190147172,0.9568856206209306,0.9925272426902472,0.9912502586847156,0.9705179830822414,0.9552098119492236,0.9869022687235351,1,6,0,10,False,False,False,False,True,False,False,False
CC12CC34C=CC(=O)C(C)(CCC(=O)Nc5c(O)cc(O)c(C(=O)O)c5O)C3C(CC1C4)O2,GenMol,457.48,33,0.7714,0,True,3,1,153.39,2.939300000000001,0.8019,0.692,0.6239,0.1439499999999999,0.9823998522872702,0.5711436015294373,0.1796056272348763,0.1545267700426684,0.8713638738813819,0.9926320956938568,0.9498837378110844,0.9924136000046038,0.9931533144373073,0.9923769962978418,0.9645461421895506,0.9917930795766466,1,6,0,8,True,False,False,False,True,True,True,False
COc1c(O)c(NC(=O)CCC2(C)C(=O)C=CC34CC5CC(OC5(C)C3)C42)c(O)c(C(=O)O)c1CO,GenMol,501.53,36,0.6582,0,True,2,1,162.61999999999998,2.734600000000001,0.7641,0.713,0.6164,0.0994,0.9723037331747671,0.6263621821344731,0.1246774031248887,0.2729785342922272,0.8032107570121653,0.9909325877197772,0.9608591483063194,0.9945908042842598,0.992618221177112,0.9868541347753153,0.9029637313220832,0.977307504638504,1,6,0,9,False,False,False,False,True,False,False,False
CC12CC34C=CC(=O)C(C)(CCC(=O)Nc5c(O)cc(N6CCOC(O)C6)c(C(=O)O)c5O)C3C(CC1C4)O2,GenMol,542.59,39,0.6353,0,True,2,1,165.86,2.3887,0.8059,0.8009,0.676,0.0674499999999999,0.9871855772272824,0.6975628998758535,0.1744611837149779,0.2172647445961255,0.8004205838954421,0.9950457186756418,0.976685619597607,0.9961308016129132,0.9933587261801252,0.9925278821201036,0.980145863348132,0.976404429056456,1,7,1,9,True,False,False,False,True,True,False,False
COc1c(C(=O)O)c(O)c(NC(=O)CCC2(C)C(=O)C=CC34CC5CC(OC5(C)C3)C42)c(O)c1-c1ccccc1,GenMol,547.6,40,0.6543,0,True,2,1,142.39,4.909300000000005,0.7866,0.6777,0.6053,0.1451,0.9847256246107338,0.5118615737153993,0.1100021782918034,0.3244386350255743,0.9024375112959372,0.9956285722948044,0.9731499775744902,0.9931103198398608,0.995945221362922,0.9950483893833568,0.9465077919230735,0.9936890998966282,2,7,0,8,False,False,False,False,True,False,False,False
CC(C)Oc1cc(O)c(NC(=O)CCC2(C)C(=O)C=CC34CC5CC(OC5(C)C3)C42)c(O)c1C(=O)O,GenMol,499.56,36,0.6923,0,True,2,1,142.39,4.020900000000003,0.7961,0.7063,0.67,0.1079499999999999,0.9829056911237516,0.5795259814316375,0.1131475627503836,0.2401028638356061,0.8510246493617897,0.9938666765107422,0.9660308784688356,0.9940898889306848,0.9941423672301518,0.9943429600443038,0.9470495727908316,0.9908174938907124,1,6,0,8,True,False,False,False,True,True,False,False
CC12CC34C=CC(=O)C(C)(CCC(=O)Nc5c(O)c(C(=O)O)c(C6CCCC6)c(C(=O)O)c5O)C3C(CC1C4)O2,GenMol,553.61,40,0.6933,0,True,2,2,170.45999999999998,4.589500000000003,0.8111,0.7998,0.6848,0.0688,0.9834429322297344,0.6165523131646818,0.1004252404434758,0.2512770520208598,0.9009522449131248,0.9945611297809344,0.9701554353738832,0.993730119490308,0.9941034129139102,0.9937722698911354,0.9483403713081208,0.9894377868498492,1,7,0,9,True,False,False,False,True,True,False,False
CC12CC34C=CC(=O)C(C)(CCC(=O)Nc5c(O)c(CO)c(N6CCNCC6)c(C(=O)O)c5O)C3C(CC1C4)O2,GenMol,555.63,40,0.6118,0,True,2,1,168.65999999999997,2.1356,0.8007,0.8179,0.7215,0.0309999999999999,0.9908059080027172,0.7085483046350847,0.1303663062719052,0.1612305470145049,0.7669638393865741,0.997614823345192,0.9700614049328792,0.9966649686492128,0.9941690788206848,0.9968887005669118,0.995040907290244,0.985201472413896,1,7,2,8,True,False,False,False,True,True,False,False
CC12CC34C=CC(=O)C(C)(CCC(=O)Nc5c(O)c(C(=O)O)c(-c6ccccc6)c([SH](=O)=O)c5O)C3C(CC1C4)O2,GenMol,581.64,41,0.6543,0,True,2,1,167.29999999999998,3.871000000000003,0.7712,0.7154,0.6375,0.09475,0.9913574707786472,0.4837121794132295,0.137646808693177,0.2951389590486067,0.9108868349868808,0.9954812455641564,0.9828188049616242,0.9957990342918822,0.9960977144556112,0.9949842222801148,0.9796138494674016,0.9947074244297384,2,7,0,9,False,False,False,False,False,False,False,False
CC12CC34C=CC(=O)C(C)(CCC(=O)Nc5c(O)cc(-c6cccc(O)c6)c(C(=O)O)c5O)C3C(CC1C4)O2,GenMol,533.58,39,0.6962,0,True,3,1,153.39,4.606300000000003,0.7918,0.7054,0.6609,0.1086499999999999,0.9871893984786264,0.4479383801874469,0.1639442416705981,0.2499912404336901,0.9278875262043516,0.9963712136802636,0.976273030307091,0.9950735418159457,0.996417462925346,0.99536097720019,0.9572880580599108,0.9935415053616378,2,7,0,8,True,False,False,False,False,False,False,False
COc1c(O)c(NC(=O)CCC2(C)C(=O)C=CC34CC5CC(OC5(C)C3)C42)c(O)c(C(=O)O)c1CCO,GenMol,515.56,37,0.642,0,True,2,1,162.61999999999998,2.7771000000000012,0.7645,0.713,0.6127,0.10165,0.9794747091969038,0.6089012043137318,0.1382224714303367,0.2904795650548343,0.8178537492721661,0.9934625675546044,0.9655313096870368,0.9946201911233894,0.9934517580656186,0.9933524287226356,0.9314839845588084,0.984420724666234,1,6,0,9,False,False,False,False,True,False,False,False
CC12CC34C=CC(=O)C(C)(CCC(=O)Nc5c(O)cc(C6CCCN6)c(C(=O)O)c5O)C3C(CC1C4)O2,GenMol,510.59,37,0.6585,0,True,2,1,145.19,3.6582000000000017,0.7921,0.7702,0.6603,0.07685,0.981169299695722,0.5885734719000388,0.181103177720009,0.1996247822547585,0.8275679990168403,0.9941769732813466,0.9656057273681402,0.9940583440331348,0.9928899591563424,0.9952746138531792,0.9504079777811588,0.975771502396752,1,7,1,7,True,False,False,False,True,True,False,False
CC12CC34C=CC(=O)C(C)(CCC(=O)Nc5c(O)c(CC(=O)O)cc(C(=O)O)c5O)C3C(CC1C4)O2,GenMol,499.52,36,0.7639,0,True,2,2,170.45999999999998,2.860800000000001,0.7807,0.7614,0.5909,0.1045499999999999,0.9788752398836582,0.6011407955275972,0.1387863775100253,0.1677219546131885,0.8370331130173894,0.9927463346177844,0.9446567315474348,0.9918383860796997,0.9927157477247096,0.9883398715186464,0.9516054857263764,0.990224121970956,1,6,0,9,False,False,False,False,True,False,False,False
COCOc1c(O)c(NC(=O)CCC2(C)C(=O)C=CC34CC5CC(OC5(C)C3)C42)c(O)c(C(=O)O)c1C(C)=O,GenMol,543.57,39,0.6341,0,True,2,1,168.68999999999997,3.4190000000000023,0.7646,0.6908,0.6066,0.1158999999999998,0.9816046007063928,0.6408873772153044,0.0912114937550293,0.281534178009706,0.8379464941382042,0.9943758284038856,0.967214890869076,0.994735738081515,0.9936109732424636,0.9939673160046646,0.9478078116129433,0.979519646730202,1,6,0,10,False,False,False,False,True,False,False,False
CC12CC34C=CC(=O)C(C)(CCC(=O)Nc5c(O)cc(N6CCC(O)CC6)c(C(=O)O)c5O)C3C(CC1C4)O2,GenMol,540.61,39,0.675,0,True,2,1,156.63,3.1948000000000008,0.8229,0.8161,0.6862,0.0717499999999999,0.9880055355503587,0.6799732582692712,0.144806292782156,0.1855938544435159,0.8187129503257092,0.9960677663772904,0.9699214338728774,0.9953735679733376,0.9939046897917896,0.9940884050659388,0.979953863559912,0.9867290222113668,1,7,1,8,True,False,False,False,True,True,False,True
CC12CC34C=CC(=O)C(C)(CCC(=O)Nc5c(O)cc(CC(=O)Cl)c(C(=O)O)c5O)C3C(CC1C4)O2,GenMol,517.96,36,0.7105,0,True,2,1,150.23,3.5416000000000016,0.8176,0.7545,0.6665,0.1071,0.9879921084746456,0.6130405313283882,0.1506197498620289,0.2115956060273018,0.8587599064195723,0.9949178740124984,0.970298947775034,0.9954786870550156,0.9944925559047212,0.9948773130175468,0.9744679789222576,0.9914114026354464,1,6,0,8,True,False,False,False,True,True,False,False
CC12CC34C=CC(=O)C(C)(CCC(=O)Nc5c(O)c(C(=O)O)c(CCCO)c(C(=O)O)c5O)C3C(CC1C4)O2,GenMol,543.57,39,0.6842,0,True,2,2,190.68999999999997,2.8568000000000016,0.7637,0.7654,0.6723,0.04485,0.9816435676862936,0.6918061028109268,0.1429223401410907,0.2645501871459748,0.8661726243077338,0.9936020880534312,0.9730400025307436,0.9943181037934308,0.9926085256335624,0.9910376845858944,0.941633817311984,0.9852647518950098,1,6,0,10,False,False,False,False,True,False,False,False
CC12CC34C=CC(=O)C(C)(CCC(=O)Nc5c(O)cc(-n6cccn6)c(C(=O)O)c5O)C3C(CC1C4)O2,GenMol,507.54,37,0.6506,0,True,2,1,150.98000000000002,3.4194000000000013,0.7942,0.76,0.6673,0.08055,0.973738287292208,0.6256511701729048,0.1194890448012187,0.1534201088290905,0.8438802481311846,0.992587167588285,0.9518743427320772,0.9914862878305668,0.9903137669246562,0.9714483861990912,0.9419416211593862,0.9765164386113924,2,7,2,7,True,False,False,False,True,True,False,False
COc1c(CO)c(O)c(NC(=O)CCC2(C)C(=O)C=CC34CC5CC(OC5(C)C3)C42)c(O)c1C(=O)O,GenMol,501.53,36,0.6582,0,True,2,1,162.61999999999998,2.734600000000001,0.7722,0.74,0.6028,0.1008,0.9744550324722258,0.6784637648936507,0.1426500324802762,0.2400281513754042,0.8281469201694421,0.9915279252193168,0.9378292336091952,0.9939376247384656,0.9912144006076984,0.9839334163999016,0.940117882795922,0.98262474393508,1,6,0,9,False,False,False,False,True,False,False,False
CC12CC34C=CC(=O)C(C)(CCC(=O)Nc5c(O)c(C=O)c(OCC(O)CO)c(C(=O)O)c5O)C3C(CC1C4)O2,GenMol,559.57,40,0.5909,0,True,2,1,199.91999999999996,1.7781999999999996,0.752,0.7227,0.6338,0.0737499999999999,0.9777288833645084,0.6543541823765086,0.1876437312830701,0.2085357832165403,0.8747496851702776,0.99285973749709,0.9544725083460016,0.9937644366793008,0.9921068552428288,0.986735526760168,0.9389558457116904,0.9852072733144792,1,6,0,11,False,False,False,False,True,False,False,False
CC(=O)c1c(O)c(NC(=O)CCC2(C)C(=O)C=CC34CC5CC(OC5(C)C3)C42)c(O)c(C(=O)O)c1O,GenMol,499.52,36,0.7222,0,True,3,1,170.45999999999998,3.1419000000000024,0.766,0.7184,0.6183,0.09765,0.9840553368416516,0.6052555230467368,0.1318427915302331,0.1930814083255473,0.8894027415920827,0.993221262416819,0.9630637004533124,0.9939653908156886,0.9917406552954688,0.99426613978772,0.9648992566282087,0.987230952494344,1,6,0,9,False,False,False,False,True,False,False,False
CC12CC34C=CC(=O)C(C)(CCC(=O)Nc5c(O)c(C(=O)O)c6c(=O)c6c5O)C3C(CC1C4)O2,GenMol,467.47,34,0.7123,0,True,2,1,150.23,2.6227,0.7876,0.8041,0.6873,0.0418999999999999,0.9894986730105934,0.7122778191635026,0.1481812514100585,0.1789230765507013,0.8811374508612291,0.994986314534693,0.9756642133334856,0.9957813651960103,0.9947259759827416,0.9937954867429148,0.9786121232504338,0.992925232033874,2,7,0,8,False,False,False,False,True,False,True,False
C[C@]12C=CC(=O)[C@@](C)(CCC(=O)Nc3c(O)cc(Cl)cc3C(=O)O)[C@H]3C[C@H]1C[C@@H]3O2,mol2mol,433.89,30,0.4878,6,True,1,1,112.93,3.791400000000001,0.7343,0.6865,0.6678,0.05715,0.9877459123351536,0.5222643950769221,0.1058115904154117,0.3862728134049421,0.8695742905816258,0.9921923664962722,0.9676705775174494,0.9927256692121974,0.9925325175971624,0.994227086413524,0.9831141569476566,0.9917590121618152,1,4,0,6,False,False,False,False,True,False,True,False
C[C@]12C=CC(=O)[C@@](C)(CCC(=O)Nc3c(O)ccc(C(=O)O)c3F)[C@H]3C[C@H]1C[C@@H]3O2,mol2mol,417.43,30,0.5641,6,True,1,1,112.93,3.2771000000000017,0.7024,0.6743,0.6632,0.03365,0.985107899767917,0.5438729718530236,0.1173850913085392,0.3115391053249628,0.8112475776177489,0.993136184350104,0.952086890484514,0.993833731318572,0.9916853461718984,0.994261334578816,0.9798626372750768,0.9908891741964382,1,4,0,6,False,False,False,False,True,False,True,False
C[C@]12C=CC(=O)[C@@](C)(CCC(=O)Nc3c(O)ccc(C(=O)O)c3F)[C@H]3C[C@H]1C[C@H]3O2,mol2mol,417.43,30,0.5641,6,True,1,1,112.93,3.2771000000000017,0.7022,0.6711,0.6662,0.03355,0.9848484292019972,0.5446859202350428,0.1164591812719139,0.3119207360814576,0.8113082014863794,0.9931960824035544,0.9512322513572168,0.9936374395824444,0.9916278631316814,0.9941872396659572,0.9792937325492096,0.9907643957239164,1,4,0,6,False,False,False,False,True,False,True,False
C[C@]12C=CC(=O)[C@@](C)(CCC(=O)Nc3c(O)cc(C(=O)O)cc3F)[C@H]3C[C@H]1C[C@@H]3O2,mol2mol,417.43,30,0.4524,6,True,1,1,112.93,3.2771000000000017,0.6907,0.6942,0.6366,0.0252999999999999,0.9822585143876016,0.589123080608995,0.1210120219034648,0.3155857556179474,0.7709146872188213,0.9904884457102128,0.9516039775362304,0.9921582895157406,0.9915379353084668,0.9898209424297,0.9720733784183888,0.9881266317944708,1,4,0,6,False,False,False,False,True,False,True,False
C[C@]12C=CC(=O)[C@@](C)(CCC(=O)Nc3c(O)cc(F)cc3C(=O)O)[C@H]3C[C@H]1C[C@@H]3O2,mol2mol,417.43,30,0.4878,6,True,1,1,112.93,3.2771000000000017,0.7135,0.7224,0.643,0.0307999999999999,0.9817445231965218,0.5651075735745117,0.1195231431455005,0.3223706070393162,0.8118375798524279,0.991392905289062,0.9606485223826308,0.989679151033772,0.9914358603881512,0.9886397059076946,0.9606267801124718,0.9897887372618698,1,4,0,6,False,False,False,False,True,False,True,False
C[C@]12C=CC(=O)[C@@](C)(CCC(=O)Nc3c(O)ccc(C(=O)O)c3Cl)[C@H]3C[C@H]1C[C@@H]3O2,mol2mol,433.89,30,0.5641,6,True,1,1,112.93,3.791400000000001,0.7226,0.6169,0.6458,0.0912499999999999,0.9816750120869197,0.4900215341367704,0.1052547750568532,0.4238384685799623,0.8622894020181553,0.9906496073147408,0.938559213660434,0.9911444106329784,0.9914532099599443,0.9900254108033272,0.9811350900191478,0.9887581422178644,1,4,0,6,False,False,False,False,False,False,True,False
C[C@]12C=CC(=O)[C@@](C)(CCC(=O)Nc3c(O)cc(C(=O)O)cc3Cl)[C@H]3C[C@H]1C[C@@H]3O2,mol2mol,433.89,30,0.4524,6,True,1,1,112.93,3.791400000000002,0.722,0.6589,0.6266,0.0792499999999999,0.9812107460998286,0.5346493119185782,0.1083381392879916,0.4188594294875803,0.8303877403366298,0.990859098518996,0.9412857799578772,0.990851535702345,0.9916728273730973,0.9938657231805482,0.9747739766342888,0.9851662813316484,1,4,0,6,False,False,False,False,True,False,True,False
C[C@@]12C=CC(=O)[C@@](C)(CCC(=O)Nc3c(O)cc(C(=O)O)cc3Cl)[C@H]3C[C@H]1C[C@@H]3O2,mol2mol,433.89,30,0.4524,6,True,1,1,112.93,3.791400000000002,0.722,0.6568,0.6338,0.0766999999999999,0.9811630672131612,0.5373179507648463,0.1086770486432088,0.4203577731067642,0.8300976483454423,0.9908316439403394,0.9417039967114864,0.9907668914881808,0.991623633024156,0.9937686540516472,0.974286692743587,0.9851599585327316,1,4,0,6,False,False,False,False,True,False,True,False
C[C@@]12C[C@H]1C[C@H]1O[C@@]3(C=CC(=O)[C@@](C)(CCC(=O)Nc4ccc(C(=O)O)c(O)c4)[C@H]13)C2,mol2mol,425.48,31,0.5625,6,True,1,1,112.93,3.528100000000001,0.7149,0.6218,0.6149,0.09655,0.9785685197379772,0.5935311455246598,0.1455675506727934,0.3671867575974091,0.8508089852149914,0.9901520136825858,0.955000429176077,0.9845259180056556,0.989640188473051,0.9783125928295434,0.9624273709980552,0.9899211250008728,1,5,0,6,False,False,False,False,True,False,True,False
C[C@]12C=CC(=O)[C@@](C)(CCC(=O)Nc3c(O)ccc(C(=O)O)c3F)[C@H]3O[C@H]3C[C@@H]1C2,mol2mol,417.43,30,0.557,6,True,1,1,116.23,3.2771000000000017,0.7517,0.7242,0.6553,0.06195,0.9781870486236252,0.6974628097752829,0.1284221220796019,0.4013357862552892,0.8107344808372978,0.9895451852478996,0.938177302126828,0.9923882194103472,0.987948816614892,0.9748261607184612,0.9786526057762366,0.9857710504707126,1,4,0,6,False,False,False,False,True,False,True,False
C[C@]12C=CC(=O)[C@@](C)(CCC(=O)Nc3cc(F)c(C(=O)O)cc3O)[C@H]3C[C@H]1C[C@@H]3O2,mol2mol,417.43,30,0.4578,6,True,1,1,112.93,3.2771000000000017,0.6875,0.6886,0.6377,0.0243499999999999,0.9781679580866516,0.605010796822994,0.1245687873593885,0.3018535073606382,0.7895070605300007,0.9910239645516746,0.9171758902229404,0.9890045491766776,0.9922847598408394,0.9887505091560248,0.979666213972814,0.9892698196855912,1,4,0,6,False,False,False,False,True,False,True,False
C[C@]12C=CC(=O)[C@@](C)(CCC(=O)Nc3c(Cl)cc(Cl)cc3C(=O)O)[C@H]3C[C@H]1C[C@@H]3O2,mol2mol,452.33,30,0.4578,6,False,0,1,92.7,4.739200000000004,0.7307,0.641,0.6965,0.06195,0.9742242048259752,0.5002382454898818,0.0933015841512713,0.5919361001769013,0.8483117362045273,0.9885222151476646,0.9513570601551335,0.9842485037420612,0.99107014035158,0.9742418920694704,0.9409556305898196,0.989173991726098,1,4,0,5,False,False,False,False,True,False,True,False
C[C@@]12C[C@H]1C[C@H]1O[C@@]3(C=CC(=O)[C@@](C)(CCC(=O)Nc4ccc(O)c(C(=O)O)c4)[C@H]13)C2,mol2mol,425.48,31,0.5625,6,True,1,1,112.93000000000002,3.528100000000001,0.7109,0.671,0.6603,0.0452499999999999,0.973545052454236,0.5575289121585889,0.1452614533258594,0.370664149296439,0.8593021065551629,0.9893796163045132,0.958078222883026,0.9880087153790472,0.986333332521438,0.966335647053873,0.9437031372000384,0.9829766958377166,1,5,0,6,False,False,False,False,True,False,True,False
C[C@]12C=CC(=O)[C@@](C)(CCC(=O)Nc3c(O)cc(C(=O)O)cc3Cl)[C@H]3O[C@H]3C[C@@H]1C2,mol2mol,433.89,30,0.4471,6,True,1,1,116.23,3.791400000000002,0.772,0.7204,0.6372,0.0931999999999999,0.972566923466064,0.693517739414817,0.1195608067050396,0.4730437868794413,0.8254049068062026,0.9870136750209028,0.9358811208076064,0.9852426244310172,0.9884021415360316,0.9792451851097432,0.956898116756574,0.9752856006005732,1,4,0,6,False,False,False,False,True,False,True,False
C[C@]12C=CC(=O)[C@@](C)(CCC(=O)Nc3c(Cl)cc(O)cc3C(=O)O)[C@H]3C[C@H]1C[C@@H]3O2,mol2mol,433.89,30,0.4699,6,True,1,1,112.93,3.791400000000001,0.6951,0.601,0.6879,0.05065,0.9725568085125949,0.5113892561864446,0.1107479294439324,0.3913805520593115,0.8549630578816475,0.9860554439692066,0.9375018555530068,0.985461752024966,0.9879002881107318,0.981108728682241,0.9418251206800438,0.9880444705679668,1,4,0,6,False,False,False,False,True,False,True,False
CC[C@]12C=CC(=O)[C@@](C)(CCC(=O)Nc3cc(C(=O)O)ccc3O)[C@H]3C[C@H]1C[C@@H]3O2,mol2mol,413.47,30,0.4699,6,True,1,1,112.93,3.528100000000001,0.6802,0.6575,0.5184,0.09225,0.9725463140917968,0.5479420948721488,0.1458933964788956,0.3843820714146032,0.8073386873974354,0.9858789933601294,0.9281303794305706,0.9834853521315354,0.985958362062426,0.978399401175132,0.9675439505468054,0.9784277599359794,1,4,0,6,False,False,False,False,True,False,True,False
C[C@]12C=CC(=O)[C@@](C)(CCC(=O)Nc3ccc(O)c(C(=O)O)c3)[C@H]3C[C@H]1C[C@@H]3O2,mol2mol,399.44,29,0.5,6,True,1,1,112.93,3.138000000000001,0.6674,0.6155,0.6614,0.02895,0.9722557443732436,0.5251233455074579,0.1203075241730316,0.3317593460308694,0.8175362447934026,0.9808195501555796,0.919410297907892,0.9859570130194504,0.989342432453859,0.9826859679437432,0.9637221592957504,0.9838527898364314,1,4,0,6,False,False,False,False,True,False,False,False
C[C@]12C=CC(=O)[C@@](C)(CCC(=O)Nc3ccc(O)c(C(=O)O)c3)[C@H]3C[C@H]1C[C@H]3O2,mol2mol,399.44,29,0.5,6,True,1,1,112.93,3.138000000000001,0.6556,0.6235,0.6555,0.0161,0.9720558816890074,0.5260629885601135,0.1194256850100919,0.33172723108706,0.8177180333279958,0.9819316580699132,0.917073606324007,0.9849726224393992,0.9891963531771012,0.9826081521470892,0.965305833013134,0.9833029466524082,1,4,0,6,False,False,False,False,True,False,False,False
C[C@@]12C=CC(=O)[C@@](C)(CCC(=O)Nc3ccc(O)c(C(=O)O)c3)[C@H]3C[C@H]1C[C@@H]3O2,mol2mol,399.44,29,0.5,6,True,1,1,112.93,3.138000000000001,0.6614,0.6114,0.6605,0.0254499999999999,0.9718097405445212,0.5281259088664839,0.1205037806725615,0.3331491268443435,0.8173965131952413,0.9799265844406004,0.9210259185743116,0.9857426564020222,0.9890532323375444,0.9818875988962518,0.9602311393393834,0.9848010538215348,1,4,0,6,False,False,False,False,True,False,False,False
C[C@]12C=CC(=O)[C@@](C)(CCC(=O)Nc3c(O)cccc3C(=O)O)[C@H]3C[C@H]1C[C@@H]3O2,mol2mol,399.44,29,0.5385,6,True,1,1,112.93,3.138000000000001,0.651,0.5891,0.5982,0.05735,0.9711744303016177,0.4908001536620957,0.1012789673797271,0.3368735465239927,0.7844695084922307,0.9851412517955596,0.9464784869653516,0.9800614555847,0.9863903045856038,0.978521514985316,0.9340583413210904,0.9875696568737,1,4,0,6,False,False,False,False,False,False,False,False
C[C@]12C=CC(=O)[C@@](C)(CCC(=O)Nc3cc(C(=O)O)ccc3O)[C@H]3C[C@H]1C[C@@H]3O2,mol2mol,399.44,29,0.4691,6,True,1,1,112.93,3.138000000000001,0.6583,0.6069,0.6045,0.0525999999999999,0.9710880053990154,0.5082496962727967,0.1137927190303507,0.3657077366339624,0.7884790031273308,0.9792741504680292,0.9234941844135408,0.9859466547277752,0.9859465988713776,0.9742537671460848,0.9681254650369858,0.9805752171293148,1,4,0,6,False,False,False,False,True,False,False,False
C[C@@]12C=CC(=O)[C@@](C)(CCC(=O)Nc3cc(C(=O)O)ccc3O)[C@H]3C[C@H]1C[C@@H]3O2,mol2mol,399.44,29,0.4691,6,True,1,1,112.93,3.138000000000001,0.6502,0.5989,0.5953,0.0531,0.9709048144101348,0.5108792048890314,0.1142456377276441,0.367293903383539,0.7884024990553871,0.9790102437774864,0.924093433931924,0.9857333705423064,0.9857185895618028,0.9746222636808456,0.9666884967297186,0.9804673026468608,1,4,0,6,False,False,False,False,True,False,False,False
CC[C@@]12C=CC(=O)[C@@](C)(CCC(=O)Nc3cc(C(=O)O)ccc3O)[C@H]3C[C@H]1C[C@@H]3O2,mol2mol,413.47,30,0.4699,6,True,1,1,112.93,3.528100000000001,0.6846,0.6713,0.5166,0.09065,0.970652506712848,0.5487593664616471,0.145255984408579,0.3864999614163873,0.8072907255976954,0.9860232572141902,0.9173394682126788,0.9834779695897335,0.9857165351110628,0.9776419648911072,0.9656725074157712,0.9786958445553928,1,4,0,6,False,False,False,False,True,False,True,False
C[C@]12C=CC(=O)[C@@](C)(CCC(=O)Nc3cc(F)c(C(=O)O)cc3Cl)[C@H]3C[C@H]1C[C@@H]3O2,mol2mol,435.88,30,0.4138,6,False,0,1,92.7,4.2249000000000025,0.6795,0.6886,0.6789,-0.0042499999999999,0.97028114838223,0.570834995000412,0.1057206205795507,0.5011498805595239,0.775257456840608,0.9878247153467764,0.9225458848863466,0.9765446151906988,0.99061239876125,0.981304218205954,0.9466561395550784,0.9864800667295064,1,4,0,5,False,False,False,False,True,False,True,False
C[C@@]12C=CC(=O)[C@@](C)(CCC(=O)Nc3cc(C(=O)O)ccc3O)[C@H]3O[C@@H]3C[C@@H]1C2,mol2mol,399.44,29,0.4634,6,True,1,1,116.23,3.1380000000000017,0.6891,0.6482,0.596,0.067,0.9700416898701087,0.6720890473363074,0.1240499284609001,0.4379744739040079,0.7877402527310509,0.9818123226025044,0.9267549293049688,0.9882666791838816,0.9795388882417329,0.9754368733324504,0.9721649408955012,0.9663171955297232,1,4,0,6,False,False,False,False,True,False,False,False
C[C@@]12C=CC(=O)[C@@](C)(CCC(=O)Nc3c(O)cccc3C(=O)O)[C@H]3C[C@H]1C[C@@H]3O2,mol2mol,399.44,29,0.5385,6,True,1,1,112.93,3.138000000000001,0.6492,0.5943,0.6049,0.0495999999999999,0.9698909890059004,0.4935728310680484,0.1017978859658831,0.3384377701767961,0.7841814932130333,0.9847854376373072,0.943504349558448,0.9795129013701102,0.9864557242436452,0.975804331340802,0.9316209067964776,0.9875532720945128,1,4,0,6,False,False,False,False,True,False,False,False
C[C@@]12C=CC(=O)[C@@](C)(CCC(=O)Nc3ccc(O)c(C(=O)O)c3)[C@H]3C[C@H]1C[C@H]3O2,mol2mol,399.44,29,0.5,6,True,1,1,112.93,3.138000000000001,0.6588,0.6147,0.6566,0.02315,0.9698658397553832,0.5288331851973511,0.1196255096331562,0.3333957016824838,0.8176468741557482,0.980572454273181,0.9157726640318724,0.98477876584638,0.9889758267729326,0.9821518847817182,0.9530760045078144,0.9837332780737847,1,4,0,6,False,False,False,False,True,False,False,False
C[C@@]12C=CC(=O)[C@@](C)(CCC(=O)Nc3cc(C(=O)O)ccc3O)[C@H]3C[C@H]1C[C@H]3O2,mol2mol,399.44,29,0.4691,6,True,1,1,112.93,3.138000000000001,0.6495,0.6037,0.5945,0.0504,0.9698350232150292,0.5116447485684098,0.1133059219442377,0.3678951901336237,0.7886640235466063,0.9790952629428984,0.9184886436323028,0.9854586858833726,0.9857308331022122,0.9738231243319824,0.9662416132156152,0.980006999396822,1,4,0,6,False,False,False,False,True,False,False,False
C[C@]12C=CC(=O)[C@@](C)(CCC(=O)Nc3cc(C(=O)O)ccc3O)[C@H]3C[C@H]1C[C@H](O3)[C@@H]2O,mol2mol,429.47,31,0.4405,6,True,1,1,133.16,2.4989000000000012,0.724,0.6553,0.6015,0.0955999999999999,0.9696889892440352,0.6625653322012336,0.1860064827907486,0.2922598743823043,0.761653851090434,0.9845826983555088,0.8923866280310141,0.989971335628066,0.985255730024976,0.9829533929957434,0.970516472161894,0.9821566675110446,1,4,0,7,False,False,False,False,True,False,True,False
C[C@]12C=CC(=O)[C@@](C)(CCC(=O)Nc3cc(C(=O)O)ccc3O)[C@H]3C[C@H]1C[C@@H](O3)[C@@H]2O,mol2mol,429.47,31,0.4405,6,True,1,1,133.16,2.4989000000000012,0.7217,0.6517,0.5921,0.0998000000000001,0.9695791462350152,0.6639096255499367,0.1842457348386375,0.2911420595018672,0.7594187507214696,0.9850931019350444,0.8889299449257462,0.9904975778482626,0.9852392337118264,0.984059652196584,0.9701130913243076,0.9831214217033348,1,4,0,7,False,False,False,False,True,False,True,False
C[C@]12C=CC(=O)[C@@](C)(CCC(=O)Nc3cc(C(=O)O)ccc3O)[C@H]3C[C@H]1C[C@H]3O2,mol2mol,399.44,29,0.4691,6,True,1,1,112.93,3.138000000000001,0.6635,0.5999,0.5994,0.0638499999999999,0.9695681043369848,0.5092988279824825,0.1128464989121463,0.3671572928729265,0.7887412428975298,0.9816415728644856,0.9142938578265112,0.9851053580844332,0.9858491579926691,0.973122265099193,0.9676206991239557,0.979343819367645,1,4,0,6,False,False,False,False,True,False,False,False
C[C@]12C=CC(=O)[C@@](C)(CCC(=O)Nc3c(O)cccc3C(=O)O)[C@H]3C[C@H]1C[C@H]3O2,mol2mol,399.44,29,0.5385,6,True,1,1,112.93,3.138000000000001,0.6571,0.59,0.5853,0.06945,0.9695417290679008,0.4916604864300259,0.1005496687540256,0.3379649127671779,0.7846917628204629,0.9844379955573612,0.943267694520884,0.9801062640691957,0.986101713295884,0.9797638076731544,0.9257393702730377,0.9873752580857889,1,4,0,6,False,False,False,False,False,False,False,False
C[C@]12C=CC(=O)[C@@](C)(CCC(=O)Nc3cc(C(=O)O)ccc3O)[C@H]3O[C@@H]3C[C@@H]1C2,mol2mol,399.44,29,0.4634,6,True,1,1,116.23,3.1380000000000017,0.6895,0.6514,0.6003,0.0636499999999999,0.9690343603125376,0.6721311137784699,0.1215603435269997,0.4378171734620607,0.7890737794747349,0.9808265100067372,0.926275702278962,0.9853555844411648,0.9795133464434156,0.9724162266494768,0.9714187769652928,0.9674343754027128,1,4,0,6,False,False,False,False,True,False,False,False
C[C@@]12C=CC(=O)[C@@](C)(CCC(=O)Nc3cc(C(=O)O)ccc3O)[C@H]3O[C@H]3C[C@@H]1C2,mol2mol,399.44,29,0.4634,6,True,1,1,116.23,3.1380000000000017,0.6839,0.6495,0.6023,0.058,0.9687743377134164,0.6744398720962311,0.1251823183588148,0.4371326737758817,0.7868228206138894,0.9817617048603444,0.91846571783453,0.9882075896325558,0.979026475463378,0.975331569334671,0.9732193316042084,0.9654079752642272,1,4,0,6,False,False,False,False,True,False,False,False
C[C@]12C=CC(=O)[C@@](C)(CCC(=O)Nc3c(O)cc(F)cc3C(=O)O)[C@H]3O[C@H]3C[C@@H]1C2,mol2mol,417.43,30,0.4819,6,True,1,1,116.23,3.2771000000000017,0.7476,0.7271,0.6106,0.0787500000000001,0.9679902618436717,0.7104831590210872,0.1309515156667528,0.4059444103738048,0.8101880561190384,0.986037961842363,0.8994442332047203,0.985924910935866,0.9838659238968884,0.9818143257151664,0.9551798482159124,0.9836646290947844,1,4,0,6,False,False,False,False,True,False,True,False
C[C@@]12C=CC(=O)[C@@](C)(CCC(=O)Nc3cc(C(=O)O)ccc3O)[C@H]3C[C@@H](C[C@@H]1C2)O3,mol2mol,413.47,30,0.4286,6,True,1,1,112.93,3.528100000000002,0.7009,0.6811,0.6003,0.0601999999999999,0.9675329664239236,0.5901304197346225,0.1467837002783703,0.3700343336545292,0.7790011824412899,0.9826091716045324,0.9180201591588444,0.9828057725802198,0.98252423477356,0.9680668588771492,0.965572117478339,0.973132450494822,1,5,0,6,False,False,False,False,True,False,True,False
C[C@]12C=CC(=O)[C@@](C)(CCC(=O)Nc3cc(C(=O)O)ccc3O)[C@H]3O[C@H]3C[C@@H]1C2,mol2mol,399.44,29,0.4634,6,True,1,1,116.23,3.1380000000000017,0.692,0.6493,0.5953,0.0696999999999998,0.9673122446746376,0.6743039199353871,0.122565787460642,0.4369886259970575,0.7881057801420799,0.9810721296333588,0.9182680515825096,0.9863032160356584,0.9789119481262312,0.970335961454444,0.9710452521364914,0.9652491537537712,1,4,0,6,False,False,False,False,True,False,False,False
C[C@]12C=CC(=O)[C@@](C)(CCC(=O)Nc3cc(OCC(=O)O)ccc3O)[C@H]3C[C@H]1C[C@@H]3O2,mol2mol,429.47,31,0.4302,6,True,1,1,122.16,2.903200000000001,0.6219,0.5717,0.5192,0.07645,0.967308590368966,0.4627777487110295,0.116164275802326,0.2645350221047426,0.716373186093411,0.9767547992638996,0.9212408731850406,0.9895931616831528,0.9855045665039276,0.9901592283924348,0.9478382645710292,0.9600692389832788,1,4,0,7,False,False,False,False,False,False,True,False
C[C@]12C=CC(=O)[C@@](C)(CCC(=O)Nc3cc(C(=O)O)ccc3O)[C@H]3C[C@@H](C[C@@H]1C2)O3,mol2mol,413.47,30,0.4286,6,True,1,1,112.93,3.528100000000002,0.696,0.6774,0.6018,0.0564,0.9660957534429708,0.590010389369625,0.1459596893546824,0.3696672905887777,0.7783008316289801,0.9820273971787624,0.9148856359706192,0.9811004474021452,0.981731727028942,0.9680938954394388,0.9621816399675786,0.97264953111331,1,5,0,6,False,False,False,False,True,False,True,False
C[C@@]12C=CC(=O)[C@@](C)(CCC(=O)Nc3ccc(O)c(C(=O)O)c3)[C@H]3O[C@@H]3C[C@@H]1C2,mol2mol,399.44,29,0.4938,6,True,1,1,116.23,3.138000000000001,0.7265,0.6455,0.6476,0.07995,0.9660251992859884,0.6929545761839375,0.1266955564768101,0.4016318081147085,0.8164241283044166,0.9786828093627976,0.8969591956764487,0.9868406306512336,0.9836563746906236,0.962541520914033,0.9749292532037934,0.9785666105029892,1,4,0,6,False,False,False,False,True,False,False,False
C[C@@]12C=CC(=O)[C@@](C)(CCC(=O)Nc3cc(C(=O)O)ccc3O)[C@H]3C[C@H](C[C@@H]1C2)O3,mol2mol,413.47,30,0.4286,6,True,1,1,112.93,3.528100000000002,0.7035,0.68,0.6017,0.0626499999999999,0.9658964707445222,0.5900418412812233,0.1696318200329073,0.369157977548134,0.771742662762987,0.9827652136661404,0.9087760383801352,0.9826780880711776,0.9825500276109016,0.9678019064646732,0.9649619861680152,0.971742034850612,1,5,0,6,False,False,False,False,True,False,True,False
C[C@]12C=CC(=O)[C@@](C)(CCC(=O)Nc3cc(F)cc(C(=O)O)c3)[C@H]3C[C@H]1C[C@@H]3O2,mol2mol,401.43,29,0.3953,6,False,0,1,92.7,3.571500000000002,0.6686,0.6562,0.63,0.0254999999999999,0.9655585016117564,0.5278784475318079,0.118492197855869,0.4659933241463742,0.7141976684826877,0.9882014943424594,0.9086651765048944,0.971302703453922,0.9870157982338116,0.968903216379989,0.958027702123791,0.9767934202434296,1,4,0,5,False,False,False,False,True,False,True,False
C[C@]12C=CC(=O)[C@@](C)(CCC(=O)Nc3cc(C(=O)O)ccc3C(F)(F)F)[C@H]3C[C@H]1C[C@@H]3O2,mol2mol,451.44,32,0.3933,6,False,0,1,92.7,4.451200000000003,0.7272,0.636,0.6035,0.1074499999999999,0.9655129201018524,0.4086546587067422,0.1840190105541282,0.5770748050754457,0.757777360629997,0.9874240292117626,0.9482605442649574,0.9626604003747096,0.9870385200958608,0.9531966604874372,0.9361700807082556,0.983840205569984,1,4,0,5,False,False,False,False,False,False,True,False
C[C@@]12C=CC(=O)[C@@](C)(CCC(=O)Nc3cc(C(=O)O)ccc3O)[C@H]3C[C@H]1C[C@@H](C2)O3,mol2mol,413.47,30,0.4235,6,True,1,1,112.93,3.528100000000002,0.7308,0.6718,0.5508,0.1195,0.9653802603156574,0.5466811421043165,0.210167214681725,0.4282917845575118,0.7718852131146475,0.9819477214034504,0.9021864749178414,0.9843641391708422,0.985912050069966,0.9746705653749284,0.9574072918232618,0.971173579449312,1,4,0,6,False,False,False,False,True,False,True,False
C[C@]12C=CC(=O)[C@@](C)(CCC(=O)Nc3cc(C(=O)O)ccc3O)[C@H]3C[C@H]1C[C@H](C2)O3,mol2mol,413.47,30,0.4235,6,True,1,1,112.93,3.528100000000002,0.732,0.671,0.5447,0.1241499999999999,0.9647103032352308,0.5480281845769012,0.2090220927383512,0.4303257157506533,0.7692341360286479,0.9816826404475896,0.90196979283995,0.9824122391101594,0.9839264961347072,0.9743266112398604,0.9581282757554752,0.9705260671188756,1,4,0,6,False,False,False,False,True,False,True,False
C[C@]12C=CC(=O)[C@@](C)(CCC(=O)Nc3cc(F)cc(C(=O)O)c3)[C@H]3C[C@H]1C[C@H]3O2,mol2mol,401.43,29,0.3953,6,False,0,1,92.7,3.571500000000002,0.6644,0.6506,0.6126,0.0328,0.9646287515552778,0.5286014758792343,0.1176520139443975,0.4661602968194536,0.71427043049649,0.9882729687686722,0.9086589174051832,0.9713163028561334,0.9868506074775082,0.968709506306331,0.9527739946317628,0.9758189634413538,1,4,0,5,False,False,False,False,True,False,True,False
C[C@]12C=CC(=O)[C@@](C)(CCC(=O)Nc3cc(C(=O)O)ccc3C(=O)O)[C@H]3C[C@H]1C[C@@H]3O2,mol2mol,427.45,31,0.4634,6,False,0,2,130.0,3.130600000000001,0.685,0.6528,0.6363,0.0404500000000001,0.9645954222953884,0.5996062229570467,0.0825404519016802,0.4220045051332113,0.7221600519614291,0.9790593907031756,0.9178903799346227,0.9844568109048328,0.9772735187068294,0.9739303131940668,0.9402595997458536,0.9792979428783376,1,4,0,7,False,False,False,False,True,False,True,False
C[C@]12C=CC(=O)[C@@](C)(CCC(=O)Nc3cc(C(=O)O)ccc3O)[C@H]3C[C@H]1C[C@@H](C2)O3,mol2mol,413.47,30,0.4235,6,True,1,1,112.93,3.528100000000002,0.7289,0.6698,0.545,0.1215,0.9645814823761076,0.5472736716266222,0.2101513874895287,0.4288315129531783,0.7713649116846332,0.9815169432222584,0.9014605490481038,0.9821956245096768,0.98392768188889,0.974415409643071,0.9582230381271912,0.9703311301935612,1,4,0,6,False,False,False,False,True,False,True,False
C[C@]12C=CC(=O)[C@@](C)(CCC(=O)Nc3cc(C(=O)O)ccc3C(=O)O)[C@H]3C[C@H]1C[C@H]3O2,mol2mol,427.45,31,0.4634,6,False,0,2,130.0,3.130600000000001,0.6836,0.6613,0.6365,0.0346999999999999,0.9643837161352244,0.6004849752141516,0.0818081122820643,0.4226059291001042,0.7224185011722128,0.9795152761394308,0.9170232100107436,0.9837967766408892,0.9803453268817768,0.97652971044369,0.934911455062473,0.9785642577675664,1,4,0,7,False,False,False,False,True,False,True,False
C[C@]12C=CC(=O)[C@@](C)(CCC(=O)Nc3cc(C(=O)O)ccc3O)[C@H]3C[C@H](C[C@@H]1C2)O3,mol2mol,413.47,30,0.4286,6,True,1,1,112.93,3.528100000000002,0.6974,0.6773,0.6042,0.05665,0.9643756655718296,0.5898574574514318,0.1683231464113334,0.3687924305586256,0.7708887748348625,0.9823085099444424,0.9033752106048004,0.9810825269874583,0.9817339214318036,0.9682924715046544,0.9615502756632498,0.9722867428663998,1,5,0,6,False,False,False,False,True,False,True,False
C[C@]12C=CC(=O)[C@@](C)(CCC(=O)Nc3ccc(Cl)c(C(=O)O)c3)[C@H]3C[C@H]1C[C@@H]3O2,mol2mol,417.89,29,0.4405,6,False,0,1,92.7,4.0858000000000025,0.7209,0.5963,0.641,0.1022499999999999,0.9642488522757076,0.4848269411875219,0.1075181049596542,0.5529198216504051,0.7980359021625003,0.9801842483092984,0.9137404503421998,0.9657512534420202,0.9873383246597514,0.9767169298643026,0.946638606632808,0.9793721526795734,1,4,0,5,False,False,False,False,False,False,True,False
C[C@]12C=CC(=O)[C@@](C)(CCC(=O)Nc3ccc(O)cc3C(=O)O)[C@H]3C[C@H]1C[C@@H]3O2,mol2mol,399.44,29,0.4875,6,True,1,1,112.93,3.138000000000001,0.6378,0.5856,0.6058,0.0421,0.963686499320913,0.5120668670258098,0.1153641834444027,0.3313011747893374,0.7887656716608278,0.9792627077863963,0.9282321496737044,0.9797839239858854,0.9827664899433716,0.971311846199,0.924012413853695,0.9804359638043388,1,4,0,6,False,False,False,False,True,False,False,False
C[C@]12C=CC(=O)[C@@](C)(CCC(=O)Nc3ccc(O)c(C(=O)O)c3)[C@H]3O[C@@H]3C[C@@H]1C2,mol2mol,399.44,29,0.4938,6,True,1,1,116.23,3.138000000000001,0.7253,0.6475,0.6465,0.0782999999999999,0.9634958809950138,0.6928872728976483,0.1243198152946207,0.4014039402150048,0.8174451855550596,0.977429951491748,0.8899913876566687,0.9841833472059746,0.9811951927212664,0.9649083096345598,0.9706055319754412,0.9761574462794383,1,4,0,6,False,False,False,False,True,False,False,False
C[C@]12C=CC(=O)[C@@](C)(CCC(=O)Nc3ccc(O)c(C(=O)O)c3)[C@H]3O[C@H]3C[C@@H]1C2,mol2mol,399.44,29,0.4938,6,True,1,1,116.23,3.138000000000001,0.7278,0.6378,0.6477,0.0850499999999999,0.9633483539515892,0.6945105322978034,0.1252630551700301,0.4008688211310639,0.816305992789218,0.9768620364053152,0.8907642238580216,0.9846728756951744,0.9816574894710683,0.9639698555976034,0.9698751821886504,0.975636814445291,1,4,0,6,False,False,False,False,True,False,False,False
C[C@]12C=CC(=O)[C@@](C)(CCC(=O)Nc3cc(O)cc(C(=O)O)c3)[C@H]3C[C@H]1C[C@@H]3O2,mol2mol,399.44,29,0.4167,6,True,1,1,112.93,3.1380000000000017,0.6627,0.604,0.5988,0.0613,0.9631651213077346,0.5054373793406705,0.1175266139222414,0.3535698943889765,0.8038468361800637,0.978179809350456,0.9180758856827134,0.9802262632525024,0.9859723297911168,0.9712608473724034,0.9324949236152033,0.9759457900897468,1,4,0,6,False,False,False,False,True,False,False,False
C[C@]12C=CC(=O)[C@@](C)(CCC(=O)Nc3ccc(F)c(C(=O)O)c3)[C@H]3C[C@H]1C[C@@H]3O2,mol2mol,401.43,29,0.4405,6,False,0,1,92.7,3.571500000000002,0.6735,0.6633,0.6664,0.00865,0.963069983336349,0.5320067003453453,0.1227047777796401,0.455982658998495,0.7092802712815617,0.9825641935791842,0.9317957494498867,0.9680314663021878,0.9883838162080788,0.9699112179957586,0.9209274561999188,0.9798759836194274,1,4,0,5,False,False,False,False,True,False,True,False
C[C@]12C=CC(=O)[C@@](C)(CCC(=O)Nc3ccc(Cl)c(C(=O)O)c3)[C@H]3C[C@H]1C[C@H]3O2,mol2mol,417.89,29,0.4405,6,False,0,1,92.7,4.0858000000000025,0.7185,0.593,0.6354,0.1043,0.9630105889336964,0.4856299226997134,0.1066609029201728,0.5534107417829522,0.798203613620543,0.9781628477339458,0.9123710426525566,0.9661490461465222,0.9850026924382488,0.9756141176537886,0.9456239781370842,0.978150397773729,1,4,0,5,False,False,False,False,False,False,True,False
C[C@@]12C=CC(=O)[C@@](C)(CCC(=O)Nc3cc(C(=O)O)ccc3O)[C@@H]3O[C@H]4C[C@@H]3C[C@]1(C4)C2=O,mol2mol,453.49,33,0.4091,6,True,1,1,130.0,3.0972000000000017,0.6712,0.6145,0.5636,0.0821499999999999,0.9628035704171192,0.6740210205331469,0.1510550137975563,0.3492259575042286,0.8233468152201786,0.9835587854313044,0.9062064323662692,0.9807021037640388,0.9752335934258825,0.9726877950427,0.9583298240706284,0.9629064588190116,1,5,0,7,False,False,False,False,True,False,True,False
C[C@@]12C=CC(=O)[C@@](C)(CCC(=O)Nc3cc(C(=O)O)ccc3O)[C@@H]3O[C@H]4C[C@H]3C[C@]1(C4)C2=O,mol2mol,453.49,33,0.4091,6,True,1,1,130.0,3.0972000000000017,0.6734,0.6255,0.5643,0.0785,0.9627972026602656,0.6715027298641281,0.147849111448627,0.3517830691123104,0.8193841374440229,0.9836562490048588,0.9062471636545284,0.9804992705200778,0.9751485109162502,0.9726874671208736,0.9583727019479298,0.96296905545734,1,5,0,7,False,False,False,False,True,False,True,False
C[C@]12C=CC(=O)[C@@](C)(CCC(=O)Nc3ccc(F)c(C(=O)O)c3)[C@H]3C[C@H]1C[C@H]3O2,mol2mol,401.43,29,0.4405,6,False,0,1,92.7,3.571500000000002,0.6705,0.6641,0.6643,0.0062999999999999,0.9619978180401532,0.5327025606669041,0.1218140812170712,0.4562553916391158,0.709526684402963,0.9825702955089902,0.9280612718205464,0.9669453887635062,0.9885470466091396,0.9699217082038208,0.9177099755552088,0.9802290398198608,1,4,0,5,False,False,False,False,True,False,True,False
C[C@]12C=CC(=O)[C@@](C)(CCC(=O)Nc3ccc(O)cc3C(=O)O)[C@H]3C[C@H]1C[C@H]3O2,mol2mol,399.44,29,0.4875,6,True,1,1,112.93,3.138000000000001,0.6369,0.5859,0.6067,0.0405999999999999,0.9614024981478608,0.5130398747457721,0.114527789346988,0.3316602175354301,0.7889879537225089,0.9788328311114914,0.9219904406377256,0.9792246127070364,0.9821161343874714,0.9724531253217656,0.9160388847926478,0.9791614580768876,1,4,0,6,False,False,False,False,True,False,False,False
C[C@@]12C[C@H]1C[C@H]1O[C@@]3(C=CC(=O)[C@@](C)(CCC(=O)Nc4ccc(C(=O)O)c(Cl)c4)[C@H]13)C2,mol2mol,443.93,31,0.5181,6,False,0,1,92.7,4.475900000000003,0.7245,0.6707,0.6581,0.0601,0.961241355834865,0.5528196617391684,0.1276554425682252,0.5922042396869814,0.8403358111020867,0.9858194300475448,0.9362332526986028,0.9640477756445262,0.9882925596470876,0.9491846971880592,0.9221786658932252,0.9829331097250092,1,5,0,5,False,False,False,False,True,False,True,False
C[C@]12C=CC(=O)[C@@](C)(CCC(=O)Nc3cc(C(=O)O)ccc3O)[C@H]3C[C@H]1C[C@H](O3)[C@]2(C)CO,mol2mol,457.52,33,0.4023,6,True,1,1,133.16,3.136600000000002,0.6811,0.7016,0.5378,0.0614000000000001,0.9608558186752608,0.7239109715686691,0.1128752287116272,0.3350642569601793,0.7768800962491733,0.9853125552455728,0.8683578199520399,0.9851375432605414,0.9810016049350364,0.9808970254227604,0.9477557798121166,0.977528402098759,1,4,0,7,False,False,False,False,True,False,True,False
CC1(C)[C@@H]2C[C@@H]3C[C@@H](O2)[C@](C)(CCC(=O)Nc2cc(C(=O)O)ccc2O)C(=O)C=C[C@@]31C,mol2mol,441.52,32,0.4167,6,True,1,1,112.93,4.164200000000003,0.6776,0.6862,0.458,0.1054999999999999,0.9607338045817254,0.5932586623852655,0.1063464101620815,0.4260846424195938,0.8013946985724729,0.9863666923424986,0.8578251411479465,0.9824038739911516,0.9839545016530774,0.975347586457327,0.9592158027064912,0.9800230337735856,1,4,0,6,False,False,False,False,True,False,True,False
C[C@]12C=CC(=O)[C@@](C)(CCC(=O)Nc3cc(C(F)(F)F)cc(C(F)(F)F)c3)[C@H]3C[C@H]1C[C@H]3O2,mol2mol,475.43,33,0.3765,6,False,0,0,55.400000000000006,5.771800000000004,0.7363,0.6915,0.5549,0.1130999999999999,0.9606860316923228,0.3252332015792972,0.2625168755076922,0.7982164636909267,0.7888237774618247,0.9868377672333865,0.9610058379649656,0.946378550384702,0.9845721059265902,0.9553931641600611,0.91172214831827,0.9788926478582836,1,4,0,3,False,False,False,False,False,False,True,False
C[C@]12C=CC(=O)[C@@](C)(CCC(=O)Nc3c(C(=O)O)cccc3C(F)(F)F)[C@H]3C[C@H]1C[C@@H]3O2,mol2mol,451.44,32,0.4588,6,False,0,1,92.7,4.451200000000003,0.7258,0.6704,0.6471,0.06705,0.9606609997426168,0.3726459181929162,0.1636467864484918,0.5415029488273473,0.7629180460959408,0.9845523760639044,0.9513948422851746,0.9601169456567594,0.9876081264562928,0.9432793932649808,0.9107163052490296,0.9869590092221768,1,4,0,5,False,False,False,False,False,False,True,False
Cc1cc(O)cc(C(=O)O)c1NC(=O)CC[C@]1(C)C(=O)C=C[C@]2(C)O[C@H]3C[C@@H]2C[C@@H]31,mol2mol,413.47,30,0.4756,6,True,1,1,112.93,3.4464200000000025,0.6982,0.593,0.5964,0.1035,0.9603545162248296,0.5347608570773579,0.1067434387792375,0.4140037029557776,0.7891755739224215,0.9848302001090068,0.9027775280167722,0.9785823189976656,0.9807804623773708,0.9757682074910252,0.9196192464760132,0.980123650105953,1,5,0,6,False,False,False,False,True,False,True,False
CC1(C)[C@H]2C[C@@H]3C[C@@H](O2)[C@](C)(CCC(=O)Nc2cc(C(=O)O)ccc2O)C(=O)C=C[C@@]31C,mol2mol,441.52,32,0.4167,6,True,1,1,112.93,4.164200000000003,0.6798,0.6935,0.4605,0.1028,0.9601699713575124,0.5918455181526827,0.1064030066576757,0.4264771688290041,0.8016744945852834,0.9861725727239928,0.8576708234628023,0.9820047178146026,0.9837744861802412,0.9742509270594696,0.957578179632402,0.9797380926290769,1,4,0,6,False,False,False,False,True,False,True,False
C[C@]12C=CC(=O)[C@@](C)(CCC(=O)Nc3c(O)cccc3C(=O)O)[C@H]3O[C@H]3C[C@@H]1C2,mol2mol,399.44,29,0.5316,6,True,1,1,116.23,3.138000000000001,0.6956,0.5765,0.5918,0.11145,0.95996457450241,0.6445138143012326,0.1128225775860341,0.4190371088622672,0.7837980409080055,0.9722401728155108,0.926474338888532,0.9612740866669576,0.9772465487792232,0.9749616375864608,0.9330276215515676,0.9745276152286194,1,4,0,6,False,False,False,False,True,False,False,False
C[C@@]1(CCC(=O)Nc2cc(C(=O)O)ccc2O)C(=O)C=C[C@]2(C)C(=O)[C@]23C[C@@H]2C[C@@H](C3)[C@H]1O2,mol2mol,453.49,33,0.4091,6,True,1,1,130.0,3.0972000000000017,0.6633,0.6169,0.5598,0.07495,0.9595961379802672,0.673283780675041,0.1484966386181368,0.352656485410056,0.8138396163179946,0.9821501811340724,0.9027176466957528,0.9792366177339208,0.9738699794047204,0.968582569975966,0.951551659030358,0.9590643118870804,1,5,0,7,False,False,False,False,True,False,True,False
C[C@@]1(CCC(=O)Nc2cc(C(=O)O)ccc2O)C(=O)C=C[C@]2(C)C(=O)[C@]23C[C@@H]2C[C@H](C3)[C@H]1O2,mol2mol,453.49,33,0.4091,6,True,1,1,130.0,3.0972000000000017,0.6674,0.6194,0.5547,0.08035,0.9593750356964178,0.6761280440181721,0.1520418050683964,0.3495742529467796,0.81806428080395,0.982159254065767,0.9011003102262708,0.9791955604496088,0.9738842372668038,0.9686468976461016,0.951451218963712,0.9591877712566612,1,5,0,7,False,False,False,False,True,False,True,False
C[C@]12C=CC(=O)[C@@](C)(CCC(=O)Nc3cc(C(=O)O)ccc3O)[C@H]3C[C@H]1C[C@@H](O3)[C@]2(C)CO,mol2mol,457.52,33,0.4023,6,True,1,1,133.16,3.136600000000002,0.6777,0.7023,0.5358,0.0586499999999998,0.9593124835671756,0.7223957179546068,0.1132555515690727,0.3363122921360582,0.7767880347676672,0.9849094296518144,0.8627999319803643,0.984721367059668,0.980327130165606,0.97802670881169,0.947641350751062,0.976761466550024,1,4,0,7,False,False,False,False,True,False,True,False
C[C@]12C=CC(=O)[C@@](C)(CCC(=O)Nc3cc(C(=O)O)ccc3[N+](=O)[O-])[C@H]3C[C@H]1C[C@@H]3O2,mol2mol,428.44,31,0.3889,6,False,0,1,135.84,3.340600000000001,0.6624,0.6385,0.5898,0.04825,0.958557084152734,0.6416654111136011,0.0833646104806137,0.4446358513265624,0.7228296636677505,0.985010189982809,0.9307135136383068,0.9856203782800552,0.9778457922272747,0.9830576657541208,0.8624456982657852,0.9852063509207856,1,4,0,7,False,False,False,False,True,False,True,False
C[C@]12C=CC(=O)[C@@](C)(CCC(=O)Nc3cc(C(=O)O)ccc3Br)[C@H]3C[C@H]1C[C@@H]3O2,mol2mol,462.34,29,0.407,6,False,0,1,92.7,4.194900000000002,0.6683,0.6236,0.5371,0.0879499999999999,0.9580383506485928,0.4849802722277455,0.0954189274059619,0.622826085412895,0.7758326795342296,0.9691674657026432,0.8911736952745636,0.9773824900995942,0.984716843105946,0.973571164718544,0.9337322314590226,0.9765245641798348,1,4,0,5,False,False,False,False,False,False,True,False
C[C@]12C=CC(=O)[C@@](C)(CCC(=O)Nc3cc(C(=O)O)ccc3[N+](=O)[O-])[C@H]3C[C@H]1C[C@H]3O2,mol2mol,428.44,31,0.3889,6,False,0,1,135.84,3.340600000000001,0.6606,0.6332,0.5894,0.0493,0.9572351155794676,0.6423876399089501,0.0825802500887606,0.4453186555566391,0.723102291129274,0.9842739228112276,0.9321090747457342,0.9797842681893432,0.9767860992923302,0.983318762477751,0.8602308309159401,0.9841428506239468,1,4,0,7,False,False,False,False,True,False,True,False
C[C@]12C[C@@]34C=CC(=O)[C@@](C)(CCC(=O)Nc5cc(C(F)(F)F)cc(C(F)(F)F)c5)[C@@H]3[C@@H](C[C@@H]1C4)O2,mol2mol,501.47,35,0.6133,6,False,0,0,55.400000000000006,6.161900000000005,0.771,0.7106,0.5527,0.1393499999999999,0.956356396524893,0.3683353457547888,0.2548513857465023,0.7613378115007081,0.7899789012389608,0.9881605921641028,0.9687082794942632,0.9448246985471436,0.9842796064502394,0.9565082791997394,0.8695021584625588,0.982511161356204,1,6,0,3,False,False,False,False,False,False,False,False
C[C@@]12C=CC(=O)[C@@](C)(CCC(=O)Nc3cc(C(=O)O)ccc3Cl)[C@H]3C[C@H]1C[C@@H]3O2,mol2mol,417.89,29,0.407,6,False,0,1,92.7,4.0858000000000025,0.6515,0.6246,0.5465,0.0659499999999999,0.9556954690142436,0.5023340502899404,0.0943708300383511,0.5866129715950428,0.760020242772838,0.9792803567467292,0.878173930719188,0.9757675113821144,0.9810890605090972,0.973428471793268,0.929928238756236,0.972200713193072,1,4,0,5,False,False,False,False,True,False,True,False
C[C@]12C=CC(=O)[C@@](C)(CCC(=O)Nc3cc(C(=O)O)ccc3Cl)[C@H]3C[C@H]1C[C@@H]3O2,mol2mol,417.89,29,0.407,6,False,0,1,92.7,4.0858000000000025,0.6716,0.6313,0.5559,0.078,0.9553988970625276,0.499720777197975,0.0940190301760823,0.5846274583901491,0.7601857752050043,0.97846444476518,0.8788522829977887,0.9749830129665176,0.9807150252287836,0.9722659428726542,0.929768948433938,0.9727426221728316,1,4,0,5,False,False,False,False,True,False,True,False
C[C@]12C=CC(=O)[C@@](C)(CCC(=O)Nc3c(Cl)cccc3C(=O)O)[C@H]3C[C@H]1C[C@@H]3O2,mol2mol,417.89,29,0.4756,6,False,0,1,92.7,4.0858000000000025,0.6753,0.5944,0.6287,0.0637499999999999,0.9553530673988092,0.4707236118774313,0.0887537516907218,0.5092883087928833,0.7632056871578442,0.978091417357874,0.9263131644425192,0.9619377320560902,0.98191956614224,0.9559246529170654,0.9045910637820566,0.9786938750938176,1,4,0,5,False,False,False,False,False,False,True,False
C[C@@]12C=CC(=O)[C@@](C)(CCC(=O)Nc3ccc(O)cc3C(=O)O)[C@H]3O[C@@H]3C[C@@H]1C2,mol2mol,399.44,29,0.4815,6,True,1,1,116.23,3.138000000000001,0.6729,0.5974,0.5912,0.0786,0.9548584118814032,0.6646178450874461,0.1258147132780264,0.3955726465571875,0.7857279849487246,0.9781574624176712,0.913085561445948,0.9524897009622012,0.97803178510564,0.9798442707861114,0.9125710969638372,0.969829005488412,1,4,0,6,False,False,False,False,True,False,False,False
C[C@]12C=CC(=O)[C@@](C)(CCC(=O)Nc3cc(C(=O)O)ccc3Cl)[C@H]3C[C@H]1C[C@H]3O2,mol2mol,417.89,29,0.407,6,False,0,1,92.7,4.0858000000000025,0.6668,0.6249,0.5495,0.0796,0.9541840409642104,0.5004975506848781,0.0930830575599844,0.585113858948601,0.7604373633191425,0.9788211174242188,0.8753651009819196,0.9740523658161192,0.9830869846826472,0.967733166784872,0.9293033821230026,0.9709261689366928,1,4,0,5,False,False,False,False,True,False,True,False
C[C@@]12C=CC(=O)[C@@](C)(CCC(=O)Nc3cc(C(=O)O)ccc3Cl)[C@H]3C[C@H]1C[C@H]3O2,mol2mol,417.89,29,0.407,6,False,0,1,92.7,4.0858000000000025,0.6536,0.6276,0.5461,0.0667499999999998,0.953412730245096,0.5029752177281988,0.0932410711364492,0.5871896857681385,0.7605020579225668,0.9779683806603314,0.8722267628485842,0.975255091510867,0.9820118491589142,0.9648901445019752,0.9286267975072076,0.9729100855277923,1,4,0,5,False,False,False,False,True,False,True,False
C[C@@]12C=CC(=O)[C@@](C)(CCC(=O)Nc3ccc(O)cc3C(=O)O)[C@H]3O[C@H]3C[C@@H]1C2,mol2mol,399.44,29,0.4815,6,True,1,1,116.23,3.138000000000001,0.6747,0.5937,0.5885,0.0836,0.9533795811286416,0.666336963179455,0.126770340498331,0.3949428043166559,0.7847719871873677,0.9778012416542258,0.9028900814886288,0.9569190673162936,0.9777778744699424,0.9786054900298352,0.9108395126930072,0.9688238002485572,1,4,0,6,False,False,False,False,True,False,False,False
C[C@]12C=CC(=O)[C@@](C)(CCC(=O)Nc3cc(C(=O)O)ccc3F)[C@H]3C[C@H]1C[C@@H]3O2,mol2mol,401.43,29,0.407,6,False,0,1,92.7,3.571500000000002,0.6674,0.6461,0.6131,0.0378,0.9522719133742538,0.5288518874664033,0.1072886585857009,0.4653179897864207,0.6670707444977955,0.9832876859128298,0.921754619081918,0.9727686280577612,0.9843025222889676,0.9433356854428028,0.886117463071365,0.9743367897641314,1,4,0,5,False,False,False,False,True,False,True,False
C[C@]12C=CC(=O)[C@@](C)(CCC(=O)Nc3ccc(O)cc3C(=O)O)[C@H]3O[C@@H]3C[C@@H]1C2,mol2mol,399.44,29,0.4815,6,True,1,1,116.23,3.138000000000001,0.6665,0.5889,0.5857,0.0792,0.9514701185345468,0.6645954964996703,0.123394050928361,0.3953546830637796,0.7869380541336763,0.9728949614083848,0.9051616606757592,0.9504913986007008,0.9756997454899204,0.9768451444478062,0.9120903631048296,0.967107556014426,1,4,0,6,False,False,False,False,True,False,False,False
C[C@]12C=CC(=O)[C@@](C)(CCC(=O)Nc3ccc(O)cc3C(=O)O)[C@H]3O[C@H]3C[C@@H]1C2,mol2mol,399.44,29,0.4815,6,True,1,1,116.23,3.138000000000001,0.6803,0.5912,0.5821,0.0936500000000001,0.9512601274208424,0.6661558961022045,0.1242253949059494,0.3947334866379125,0.7858783504821678,0.9731876771610848,0.9052646576801028,0.9536044860287652,0.9758484777155816,0.9750938226574148,0.9100509275353088,0.9657708431676404,1,4,0,6,False,False,False,False,True,False,False,False
C[C@@]12C[C@H]1C[C@H]1O[C@@]3(C=CC(=O)[C@@](C)(CCC(=O)Nc4ccc(Cl)c(C(F)(F)F)c4)[C@H]13)C2,mol2mol,467.92,32,0.4222,6,False,0,0,55.400000000000006,5.796500000000004,0.7333,0.7253,0.646,0.0476499999999999,0.950709089944958,0.3659668675506898,0.2705048361862341,0.7544330903655452,0.8789724718082688,0.9875025784227964,0.9625423578829102,0.9087580224801552,0.9822345813292938,0.936725625904503,0.9062934413653344,0.970907022229713,1,5,0,3,False,False,False,False,False,False,True,False
C[C@]12C=CC(=O)[C@@](C)(CCC(=O)Nc3cc(C(=O)O)ccc3F)[C@H]3C[C@H]1C[C@H]3O2,mol2mol,401.43,29,0.407,6,False,0,1,92.7,3.571500000000002,0.6698,0.6439,0.6154,0.0401499999999999,0.9504759065783692,0.5297459168663873,0.1063223342773021,0.4658418895325008,0.6672249311599585,0.9833007217439595,0.920875752103636,0.973952792340572,0.9832219370606808,0.9373506545229174,0.8810759385382059,0.9735535497386132,1,4,0,5,False,False,False,False,True,False,True,False
C[C@]12C=CC(=O)[C@@](C)(CCC(=O)Nc3c(F)ccc(C(=O)O)c3F)[C@H]3C[C@H]1C[C@@H]3O2,mol2mol,419.42,30,0.4938,6,False,0,1,92.7,3.710600000000002,0.6785,0.7062,0.6533,-0.00125,0.9502691883905708,0.5710784407904597,0.1132373884478742,0.4359031574291283,0.7068511056269826,0.9784776783037956,0.9337710378066396,0.9806080049622854,0.979121730600077,0.929540842668672,0.8745269726204105,0.975838051772116,1,4,0,5,False,False,False,False,True,False,True,False
C[C@@]12C=CC(=O)[C@@](C)(CCC(=O)Nc3cc(C(=O)O)ccc3CO)[C@H]3C[C@H]1C[C@@H]3O2,mol2mol,413.47,30,0.4023,6,False,0,1,112.93,2.9247000000000014,0.6508,0.6256,0.5892,0.0434000000000001,0.949096338812255,0.5658423138777045,0.1049508937469444,0.4661965990764294,0.6723227219162882,0.9722782374863111,0.8699208121829602,0.9787108372059444,0.974657666774434,0.9707922533465536,0.9058385291479464,0.9714760355416356,1,4,0,6,False,False,False,False,True,False,True,False
C[C@]12C=CC(=O)[C@@](C)(CCC(=O)Nc3cc(C(=O)O)ccc3N)[C@H]3C[C@H]1C[C@@H]3O2,mol2mol,398.46,29,0.4118,6,False,0,1,118.72,3.0146000000000015,0.6741,0.6292,0.6212,0.0489,0.9490710608739388,0.6459069626363039,0.1164714156456156,0.3848817008203905,0.6596878508840516,0.9715932530579132,0.8910799179073978,0.9767375383108312,0.9785872583188716,0.9707155259348268,0.9034356122450375,0.9513483203426936,1,4,0,5,False,False,False,False,True,False,False,False
C[C@@]12C[C@H]1C[C@@H]1O[C@@]3(C=CC(=O)[C@@](C)(CCC(=O)Nc4ccc(Cl)c(Cl)c4)[C@H]13)C2,mol2mol,434.36,29,0.4524,6,False,0,0,55.400000000000006,5.431100000000004,0.6945,0.6901,0.6056,0.0466499999999999,0.9490604417306584,0.4013270634426547,0.1411515790614969,0.7559863052913689,0.8735625481437064,0.9743256122149416,0.9614565066734668,0.9075700436448992,0.9804784344120274,0.921858689242224,0.9222193027302268,0.9755145031968224,1,5,0,3,False,False,False,False,False,False,True,False
C[C@]12C=CC(=O)[C@@](C)(CCC(=O)Nc3c(F)cc(C(=O)O)cc3F)[C@H]3C[C@H]1C[C@@H]3O2,mol2mol,419.42,30,0.439,6,False,0,1,92.7,3.710600000000002,0.6437,0.7052,0.6437,-0.0307499999999999,0.948750446749896,0.6400802327083693,0.123849807336462,0.4268111998369729,0.6750312631910338,0.980556501296039,0.8770203173056738,0.968300095036032,0.968317868686551,0.9609090978370984,0.9163898045418368,0.9697594425460416,1,4,0,5,False,False,False,False,True,False,True,False
C[C@]12C=CC(=O)[C@@](C)(CCC(=O)Nc3cc(C(=O)O)ccc3CO)[C@H]3C[C@H]1C[C@@H]3O2,mol2mol,413.47,30,0.4023,6,False,0,1,112.93,2.9247000000000014,0.6717,0.6121,0.5926,0.06935,0.9487334662989728,0.563159412941556,0.1044855688990213,0.4647323841229153,0.6723525499851152,0.9724602674054836,0.8692286370694933,0.9784267019484276,0.9697871256156996,0.9743859727926272,0.9052321115574028,0.971613447703676,1,4,0,6,False,False,False,False,True,False,True,False
C[C@]12C=CC(=O)[C@@](C)(CCC(=O)Nc3c(CO)cccc3C(=O)O)[C@H]3C[C@H]1C[C@@H]3O2,mol2mol,413.47,30,0.4699,6,False,0,1,112.93,2.9247000000000014,0.6632,0.5765,0.5996,0.07515,0.9481759000137122,0.5323222444984524,0.0924778531424068,0.4208045653676938,0.6734698800327579,0.9726781179104071,0.9056091760321924,0.971879056083236,0.9716136598909604,0.9604012546673028,0.8793442612207683,0.9757057742911192,1,4,0,6,False,False,False,False,True,False,True,False
C[C@@]12C[C@H]1C[C@H]1O[C@@]3(C=CC(=O)[C@@](C)(CCC(=O)Nc4ccc(Cl)c(Cl)c4)[C@H]13)C2,mol2mol,434.36,29,0.4524,6,False,0,0,55.400000000000006,5.431100000000004,0.6939,0.6897,0.6041,0.0469999999999999,0.9481615060855644,0.4018691666584302,0.1422488705799195,0.7536018739360699,0.8728906915045727,0.9740166916716796,0.9619128903356752,0.9046215490148396,0.9805493794366436,0.9187041329967868,0.9215238745386451,0.9758020246046794,1,5,0,3,False,False,False,False,False,False,True,False
C[C@@]12C[C@H]1C[C@H]1O[C@@]3(C=CC(=O)[C@@](C)(CCC(=O)Nc4cc(Cl)cc(Cl)c4)[C@H]13)C2,mol2mol,434.36,29,0.4512,6,False,0,0,55.400000000000006,5.431100000000004,0.692,0.7111,0.6131,0.0299,0.9481270141672108,0.4101202698630937,0.1225765212695213,0.7478623916025673,0.8708190855705833,0.9743407709380004,0.9582491856099292,0.930194195339866,0.981766721604958,0.9331889501052762,0.8920450905344502,0.9671041850379948,1,5,0,3,False,False,False,False,False,False,True,False
C[C@@]12C[C@H]1C[C@@H]1O[C@@]3(C=CC(=O)[C@@](C)(CCC(=O)Nc4cc(Cl)cc(Cl)c4)[C@H]13)C2,mol2mol,434.36,29,0.4512,6,False,0,0,55.400000000000006,5.431100000000004,0.6887,0.7121,0.6115,0.0269,0.9479740301534064,0.4098507822393235,0.1219404941728967,0.7503330941577306,0.8715165339274145,0.9745081047258132,0.9551668206315224,0.9346262064567572,0.9818004038907396,0.9336808880557372,0.888660642468508,0.9673751448447668,1,5,0,3,False,False,False,False,False,False,True,False
C[C@@]12C[C@H]1C[C@H]1O[C@@]3(C=CC(=O)[C@@](C)(CCC(=O)Nc4ccc(O)c(Cl)c4)[C@H]13)C2,mol2mol,415.92,29,0.494,6,False,1,0,75.63000000000001,4.483300000000003,0.6802,0.6411,0.5994,0.05995,0.9473225975592572,0.4127639836713417,0.1548150263552157,0.5315273172314051,0.882504373639837,0.9763442280729446,0.9515278209893704,0.9577957117958084,0.9799840317555808,0.9195655627110524,0.8892334046622724,0.9568074229277718,1,5,0,4,False,False,False,False,False,False,True,False
C[C@@]12C[C@H]1C[C@H]1O[C@@]3(C=CC(=O)[C@@](C)(CCC(=O)Nc4cc(F)c(Cl)cc4Cl)[C@H]13)C2,mol2mol,452.35,30,0.4253,6,False,0,0,55.400000000000006,5.570200000000004,0.6964,0.6893,0.6302,0.0366499999999999,0.9472853206843422,0.4625942302174285,0.138088052903875,0.7180029459641007,0.8643902665265106,0.9742103816822826,0.9609025389218676,0.917414242533884,0.98485943511082,0.9180644724866056,0.911685691251694,0.963860482803242,1,5,0,3,False,False,False,False,False,False,True,False
C[C@@]12C[C@H]1C[C@@H]1O[C@@]3(C=CC(=O)[C@@](C)(CCC(=O)Nc4cc(Cl)c(Cl)cc4Cl)[C@H]13)C2,mol2mol,468.81,30,0.4458,6,False,0,0,55.400000000000006,6.084500000000005,0.6726,0.6777,0.6276,0.01995,0.9467470218306672,0.4182882871481131,0.1258270693780812,0.7838929049662959,0.8973810233992842,0.9772522642052096,0.9697437759017038,0.9245866570622971,0.9834042649893332,0.920629266226611,0.8761468592885611,0.9754660651409548,1,5,0,3,False,False,False,False,False,False,True,False
C[C@@]12C[C@H]1C[C@@H]1O[C@@]3(C=CC(=O)[C@@](C)(CCC(=O)Nc4ccccc4C(=O)O)[C@H]13)C2,mol2mol,409.48,30,0.525,6,False,0,1,92.7,3.8225000000000016,0.6894,0.6204,0.5978,0.0803,0.9466749661944652,0.4774776474092463,0.1160706498418101,0.4865242560051133,0.7512139226557455,0.9792894981132788,0.9472786248972782,0.9615825054680204,0.9819701644220102,0.9088794469558276,0.8688144208712716,0.9789101026335696,1,5,0,5,False,False,False,False,False,False,True,False
C[C@]12C=CC(=O)[C@@](C)(CCC(=O)Nc3c(O)cccc3C(=O)O)[C@H]3C[C@H]1C[C@@H](C2)O3,mol2mol,413.47,30,0.4878,6,True,1,1,112.93,3.528100000000002,0.6808,0.5891,0.5744,0.0990499999999999,0.9460542080170666,0.5345278771849473,0.2019163902721799,0.3978454152528251,0.7668649358167825,0.9560824805341528,0.9001034459961004,0.9450462689406244,0.9836614035067036,0.9712122201737416,0.8847325278576883,0.9815411091104556,1,4,0,6,False,False,False,False,True,False,True,False
C[C@]12C=CC(=O)[C@@](C)(CCC(=O)Nc3cc(F)cc(C(=O)O)c3)[C@H]3O[C@H]3C[C@@H]1C2,mol2mol,401.43,29,0.3908,6,False,0,1,96.0,3.571500000000002,0.702,0.6861,0.6001,0.0588999999999999,0.9458923625135892,0.6855803632901765,0.1255994141973785,0.5126231652125367,0.7250595982239788,0.9754484486185472,0.8647510301892349,0.9649509945655442,0.975493743224456,0.9354404094292932,0.9579809244646356,0.947180987103414,1,4,0,5,False,False,False,False,True,False,True,False
C[C@@]12C=CC(=O)[C@@](C)(CCC(=O)Nc3cc(C(=O)O)ccc3CO)[C@H]3C[C@H]1C[C@H]3O2,mol2mol,413.47,30,0.4023,6,False,0,1,112.93,2.9247000000000014,0.6501,0.6166,0.5866,0.0484999999999999,0.9452394618823142,0.5663982156440018,0.1041302017154089,0.4671284224292172,0.6727379490625498,0.9674899606019548,0.8633234929066946,0.9757018994246448,0.9726092755807638,0.9689390111498188,0.8997829290612227,0.9688296644511,1,4,0,6,False,False,False,False,True,False,True,False
C[C@@]12C[C@H]1C[C@H]1O[C@@]3(C=CC(=O)[C@@](C)(CCC(=O)Nc4cc(Cl)c(Cl)cc4Cl)[C@H]13)C2,mol2mol,468.81,30,0.4458,6,False,0,0,55.400000000000006,6.084500000000005,0.6804,0.6735,0.6175,0.0349,0.9441344891488058,0.4185468645545815,0.1264112673577072,0.7814010947260757,0.8970440835856383,0.9759937257440436,0.9643754179217234,0.9287722644060322,0.9822403153861408,0.9114865731119492,0.8713055695249006,0.9747675579468504,1,5,0,3,False,False,False,False,False,False,True,False
C[C@@]12C[C@H]1C[C@H]1O[C@@]3(C=CC(=O)[C@@](C)(CCC(=O)Nc4ccccc4C(=O)O)[C@H]13)C2,mol2mol,409.48,30,0.525,6,False,0,1,92.7,3.8225000000000016,0.6837,0.6095,0.598,0.0799499999999999,0.944060347527916,0.4774880497541362,0.1168957928141815,0.484202047220067,0.7499466777447334,0.9784732130291384,0.9458302715323812,0.95704376418743,0.9820059998815952,0.9067977940587878,0.860554781950427,0.977716608055652,1,5,0,5,False,False,False,False,False,False,True,False
C[C@]12C=CC(=O)[C@@](C)(CCC(=O)Nc3cc(C(=O)O)ccc3CO)[C@H]3C[C@H]1C[C@H]3O2,mol2mol,413.47,30,0.4023,6,False,0,1,112.93,2.9247000000000014,0.6693,0.6138,0.589,0.0679,0.9440554711316996,0.563962009557886,0.1036605672682636,0.465444089300862,0.6727630576698271,0.9697201510412632,0.8594253415861075,0.9780915190763264,0.9586622609085844,0.972765948159477,0.8983683116885239,0.9713547654616154,1,4,0,6,False,False,False,False,True,False,True,False
CC[C@]12C=CC(=O)[C@@](C)(CCC(=O)Nc3cc(C(=O)O)ccc3CO)[C@H]3C[C@H]1C[C@@H]3O2,mol2mol,427.5,31,0.4045,6,False,0,1,112.93,3.3148000000000017,0.6859,0.6476,0.535,0.0946,0.9438714188790802,0.6015721464165684,0.1455661966015672,0.4812907979911,0.699205270245956,0.9756975332453972,0.8935145657965426,0.9696673728128392,0.9626654904461764,0.9594546539312592,0.8723715719683978,0.973728743952949,1,4,0,6,False,False,False,False,True,False,True,False
C[C@]12C=CC(=O)[C@@](C)(CCC(=O)Nc3ccc(F)c(C(=O)O)c3)[C@H]3O[C@H]3C[C@@H]1C2,mol2mol,401.43,29,0.4353,6,False,0,1,96.0,3.571500000000002,0.6959,0.6745,0.6356,0.0408499999999999,0.94337500673513,0.6982127451026789,0.126922616634745,0.4993645329512007,0.7144495729346482,0.9591779925526376,0.900347645530541,0.967210129565188,0.97834215772697,0.9141478602099582,0.927693514051112,0.9567057475095035,1,4,0,5,False,False,False,False,True,False,True,False
C[C@]12C=CC(=O)[C@@](C)(CCC(=O)Nc3ccc(OC(=O)O)cc3)[C@H]3C[C@H]1C[C@@H]3O2,mol2mol,399.44,29,0.4048,6,False,0,1,101.93,3.791000000000002,0.5891,0.5621,0.5649,0.0255999999999999,0.943314721275844,0.472361957230227,0.1082061853195352,0.3937904907866154,0.6957909781763224,0.9656019984123352,0.905837997962256,0.9527000975377208,0.9851301434497376,0.9268744332752245,0.8932634745147215,0.9737949037789116,1,4,0,6,False,False,False,False,False,False,False,False
CC(C)(Oc1ccc(NC(=O)CC[C@]2(C)C(=O)C=C[C@@]3(C)O[C@H]4C[C@@H]3C[C@@H]42)cc1)C(=O)O,mol2mol,441.52,32,0.3864,6,False,0,1,101.93,3.976200000000002,0.5539,0.5987,0.5307,-0.0108,0.941916757442714,0.6314679291906592,0.0915711197813539,0.5642553026698208,0.618157808742541,0.9738228706915408,0.9015274747727824,0.965090976982602,0.9848170662510484,0.946955522974662,0.8513232893827875,0.9698801010435756,1,5,0,6,False,False,False,False,True,False,True,False
C[C@@]12C[C@H]1C[C@H]1O[C@@]3(C=CC(=O)[C@@](C)(CCC(=O)Nc4ccc(F)c(C(F)(F)F)c4)[C@H]13)C2,mol2mol,451.46,32,0.427,6,False,0,0,55.400000000000006,5.282200000000005,0.6981,0.7176,0.6552,0.0117,0.9417984630157576,0.3945357628725074,0.2864494431360135,0.6987125846390541,0.8251230155426814,0.982503749399923,0.96037721194745,0.900511324909597,0.9830556558080982,0.915009034232622,0.8759900514275575,0.9751422133850564,1,5,0,3,False,False,False,False,False,False,True,False
CC(C)(Oc1ccc(NC(=O)CC[C@]2(C)C(=O)C=C[C@]3(C)O[C@H]4C[C@@H]3C[C@@H]42)cc1)C(=O)O,mol2mol,441.52,32,0.3864,6,False,0,1,101.93,3.976200000000002,0.5571,0.5977,0.5368,-0.0101499999999999,0.9412881695875654,0.6287796524452122,0.0907854058150135,0.5623341176637467,0.6184677852536935,0.9721151609838504,0.9010645688138306,0.9601967176714986,0.9848409768085302,0.9469353092425932,0.8537351754496952,0.97012927814296,1,5,0,6,False,False,False,False,True,False,True,False
C[C@]12C=CC(=O)[C@@](C)(CCC(=O)Nc3ccc(Cl)c(C(F)(F)F)c3)[C@H]3C[C@H]1C[C@H]3O2,mol2mol,441.88,30,0.3667,6,False,0,0,55.400000000000006,5.406400000000004,0.6997,0.6505,0.5912,0.07885,0.9397016266124923,0.321704778307843,0.2566799347535405,0.758842426093793,0.8530576847433211,0.9794080572137062,0.9129391223880668,0.8967705568807315,0.9788664299887088,0.926092539008302,0.9183808426576228,0.9654538381503096,1,4,0,3,False,False,False,False,False,False,True,False
C[C@@]12C[C@H]1C[C@H]1O[C@@]3(C=CC(=O)[C@@](C)(CCC(=O)Nc4cccc(C(=O)O)c4)[C@H]13)C2,mol2mol,409.48,30,0.4762,6,False,0,1,92.7,3.8225000000000016,0.6823,0.6575,0.566,0.07055,0.9394735252365132,0.4940155333858239,0.1313776231879171,0.5323043572083347,0.7606918259447208,0.9761793750538846,0.942599426346171,0.9670523650898164,0.9763554263811454,0.8875651742576216,0.8570502120070315,0.9695126975199214,1,5,0,5,False,False,False,False,True,False,True,False
C[C@@]12C[C@H]1C[C@@H]1O[C@@]3(C=CC(=O)[C@@](C)(CCC(=O)Nc4cc(C(F)(F)F)ccc4Cl)[C@H]13)C2,mol2mol,467.92,32,0.4222,6,False,0,0,55.400000000000006,5.796500000000005,0.6796,0.6446,0.5794,0.0676,0.9391860164737272,0.3558651818583136,0.2438966501745799,0.7704406091887703,0.8538843877940104,0.9814944363245192,0.9509797406163368,0.903793055727328,0.9644247869303482,0.911271191816442,0.8941754362223969,0.968163467678719,1,5,0,3,False,False,False,False,False,False,True,False
C[C@@]12C[C@H]1C[C@H]1O[C@@]3(C=CC(=O)[C@@](C)(CCC(=O)Nc4ccc(OC(F)(F)F)cc4)[C@H]13)C2,mol2mol,449.47,32,0.4368,6,False,0,0,64.63000000000001,5.022900000000004,0.6452,0.6975,0.6195,-0.0133,0.938771735195124,0.4169429446136751,0.2686990514534439,0.7208581774737086,0.8270249236996268,0.9822714179359694,0.9731752334171966,0.9178683707067888,0.975014329152029,0.8816488808083793,0.870856661327054,0.9705672530184504,1,5,0,4,False,False,False,False,False,False,True,False
C[C@]12C=CC(=O)[C@@](C)(CCC(=O)Nc3ccc(Cl)c(C(F)(F)F)c3)[C@H]3C[C@H]1C[C@@H]3O2,mol2mol,441.88,30,0.3667,6,False,0,0,55.400000000000006,5.406400000000004,0.7001,0.6524,0.5911,0.0783499999999999,0.938249560877664,0.3208265663069265,0.2577030159687125,0.7585695393904199,0.8531734420100243,0.9783894763847476,0.9080384095111562,0.8975897381918871,0.9787152442677816,0.9227276604598252,0.9167661782692044,0.965520219059045,1,4,0,3,False,False,False,False,False,False,True,False
C[C@@]12C[C@H]1C[C@H]1O[C@@]3(C=CC(=O)[C@@](C)(CCC(=O)Nc4cc(C(F)(F)F)ccc4Cl)[C@H]13)C2,mol2mol,467.92,32,0.4222,6,False,0,0,55.400000000000006,5.796500000000005,0.6756,0.6451,0.5829,0.0615999999999999,0.9380727927362856,0.3561338890912292,0.2449916204795768,0.7684698899446214,0.8529246978367395,0.9803833892185366,0.9470675203992784,0.9026847901241044,0.9641832616075476,0.9119526792119874,0.8922344656717267,0.9680034429208192,1,5,0,3,False,False,False,False,False,False,True,False
C[C@]12C=CC(=O)[C@@](C)(CCC(=O)Nc3ccc(C(=O)O)cc3)[C@H]3C[C@H]1C[C@@H](O3)[C@@H]2O,mol2mol,413.47,30,0.4096,6,False,0,1,112.93,2.7933000000000017,0.6703,0.6326,0.5876,0.0601999999999999,0.9379459620017024,0.7036288257537799,0.1673100455745022,0.3538337527129234,0.6460657960565013,0.9532590914856854,0.8530470427721698,0.9682162133190682,0.9807676756636204,0.9528963615758158,0.8779554679120163,0.9794798812835412,1,4,0,6,False,False,False,False,True,False,True,False
C[C@]12C=CC(=O)[C@@](C)(CCC(=O)Nc3cc(C(=O)O)ccc3C#N)[C@H]3C[C@H]1C[C@@H]3O2,mol2mol,408.45,30,0.3933,6,False,0,1,116.49,3.3040800000000017,0.6491,0.5877,0.5863,0.0621,0.9374046379869304,0.5302514584219855,0.079970334163397,0.6024787454356861,0.6989700360830353,0.96402368795049,0.8837996762368827,0.9604987369958,0.9679121746193576,0.947689470566533,0.8711873922445772,0.9667213272948728,1,4,0,5,False,False,False,False,True,False,True,False
C[C@]12C=CC(=O)[C@@](C)(CCC(=O)Nc3ccccc3C(=O)O)[C@H]3C[C@H]1C[C@H]3O2,mol2mol,383.44,28,0.4625,6,False,0,1,92.7,3.432400000000002,0.602,0.5269,0.5492,0.0639499999999999,0.9352149489755012,0.4559630282095801,0.0864280882134697,0.4566291886062104,0.6662208593978887,0.9663544372057532,0.8883405093352672,0.962686461270466,0.9806629186397516,0.940886691514265,0.834888406705289,0.9726852181577168,1,4,0,5,False,False,False,False,False,False,False,False
C[C@]12C=CC(=O)[C@@](C)(CCC(=O)Nc3ccccc3C(=O)O)[C@H]3C[C@H]1C[C@@H]3O2,mol2mol,383.44,28,0.4625,6,False,0,1,92.7,3.432400000000002,0.6038,0.5305,0.5491,0.0639999999999999,0.9349705145873112,0.4550048530212879,0.0873499186412148,0.4556040038164588,0.6658051693525695,0.9652628016582332,0.8889997338534672,0.9607188447968946,0.9802927702226154,0.9447629788865134,0.83188509163128,0.9728713810621747,1,4,0,5,False,False,False,False,False,False,False,False
C[C@]12C=CC(=O)[C@@](C)(CCC(=O)Nc3cccc(OCC(=O)O)c3)[C@H]3C[C@H]1C[C@@H]3O2,mol2mol,413.47,30,0.382,6,False,0,1,101.93,3.1976000000000013,0.5458,0.5184,0.5354,0.0189,0.9348270872596076,0.4258351389377615,0.0939764018378267,0.3838706048632151,0.5817151796358855,0.9559830961592338,0.9003852145743882,0.9537566182288943,0.9764954419145936,0.9224554853693916,0.891910114685838,0.942803639884914,1,4,0,6,False,False,False,False,False,False,True,False
C[C@@]12C[C@H]1C[C@H]1O[C@@]3(C=CC(=O)[C@@](C)(CCC(=O)Nc4ccc(C(=O)O)cc4)[C@H]13)C2,mol2mol,409.48,30,0.5,6,False,0,1,92.7,3.8225000000000016,0.6593,0.6447,0.5796,0.04715,0.934780360274742,0.5582689240531943,0.1273384217042497,0.5020434773780972,0.7496300560691507,0.9731701987135464,0.8977892607513782,0.9657303152190734,0.9825055266240476,0.8900325626117928,0.863739119768829,0.9704955382345264,1,5,0,5,False,False,False,False,True,False,True,False
C[C@]12C=CC(=O)[C@@](C)(CCC(=O)Nc3cc(C(=O)O)ccc3C#N)[C@H]3C[C@H]1C[C@H]3O2,mol2mol,408.45,30,0.3933,6,False,0,1,116.49,3.3040800000000017,0.6561,0.5819,0.583,0.0736500000000001,0.9344171466817128,0.5312983769085284,0.0792522670044126,0.6042329119659259,0.6991250362435301,0.9593993683748652,0.8817753933277028,0.9580799672228482,0.9653854368595424,0.944603266872192,0.8670670074507402,0.964609586664098,1,4,0,5,False,False,False,False,True,False,True,False
C[C@@]12C=CC(=O)[C@@](C)(CCC(=O)Nc3cccc(OCC(=O)O)c3)[C@H]3C[C@H]1C[C@@H]3O2,mol2mol,413.47,30,0.382,6,False,0,1,101.93,3.1976000000000013,0.5479,0.512,0.5232,0.0302999999999999,0.934256440406672,0.4283968638446355,0.0943775572262259,0.3856430722991165,0.5816478762294236,0.9563678059453372,0.8967363294117534,0.9546496053483308,0.9762782623582776,0.91837423311609,0.8919821690770181,0.9454066775898972,1,4,0,6,False,False,False,False,False,False,True,False
CC1=C[C@]2(C)O[C@H]3C[C@@H]2C[C@@H]3[C@](C)(CCC(=O)Nc2ccc(C(=O)O)cc2)C1=O,mol2mol,397.47,29,0.3488,6,False,0,1,92.7,3.8225000000000025,0.6564,0.6452,0.5438,0.0618999999999999,0.9342136997643712,0.5708357035340832,0.1634617824103573,0.6452890243781393,0.6515600465671423,0.9665188503845712,0.8368782827699519,0.9586172203308406,0.9868214234133832,0.9550033168318124,0.8571935382977003,0.9784632663223384,1,5,0,5,False,False,False,False,True,False,False,False
C[C@]12C=CC(=O)[C@@](C)(CCC(=O)Nc3cccc(C(=O)O)c3)[C@H]3C[C@H]1C[C@@H](O3)[C@@H]2O,mol2mol,413.47,30,0.3908,6,False,0,1,112.93,2.7933000000000017,0.6859,0.585,0.5618,0.1125,0.9333426389881044,0.6255480690607164,0.169366911251538,0.3737508317775123,0.6598582955156556,0.9567847956227804,0.8357329936199193,0.9742695334833664,0.9802268367939924,0.949857922665974,0.8571197636775129,0.9794066270531844,1,4,0,6,False,False,False,False,True,False,True,False
C[C@@]12C[C@H]1C[C@@H]1O[C@@]3(C=CC(=O)[C@@](C)(CCC(=O)Nc4ccc(Cl)cc4Cl)[C@H]13)C2,mol2mol,434.36,29,0.4471,6,False,0,0,55.400000000000006,5.431100000000005,0.6637,0.6642,0.5855,0.0388499999999999,0.9330894307934622,0.4045754638992307,0.1291984244679931,0.7331187004267424,0.8570773149684785,0.9690133477711932,0.956157774536348,0.8980359878827823,0.9625486923988484,0.9010218665276588,0.8712796563367325,0.9735686901006718,1,5,0,3,False,False,False,False,False,False,True,False
C[C@]12C=CC(=O)[C@@](C)(CCC(=O)Nc3cccc(OCC(=O)O)c3)[C@H]3C[C@H]1C[C@H]3O2,mol2mol,413.47,30,0.382,6,False,0,1,101.93,3.1976000000000013,0.5393,0.5095,0.5301,0.0194999999999999,0.9326065567022004,0.4266586169607013,0.0933033463384803,0.3843197125040403,0.5821700652955609,0.9556377548744238,0.8960466804749543,0.952323962880405,0.9761343807446616,0.9168402383309306,0.8893469476515926,0.9419159319584356,1,4,0,6,False,False,False,False,False,False,True,False
C[C@]12C=CC(=O)[C@@](C)(CCC(=O)Nc3cc(Cl)cc(Cl)c3)[C@H]3C[C@H]1C[C@H]3O2,mol2mol,408.33,27,0.3902,6,False,0,0,55.400000000000006,5.041000000000004,0.6168,0.6452,0.5555,0.01645,0.9322323395617192,0.3720017305694088,0.1116112203112757,0.7616058319834321,0.8430914120026456,0.930334397769584,0.9295289833280972,0.8960755788306886,0.9719300806309168,0.9394735783550516,0.9135221988993102,0.944761559118386,1,4,0,3,False,False,False,False,False,False,True,False
C[C@@]12C=CC(=O)[C@@](C)(CCC(=O)Nc3ccc(O)cc3C(=O)O)[C@H]3C[C@@H](C[C@@H]1C2)O3,mol2mol,413.47,30,0.4458,6,True,1,1,112.93,3.528100000000002,0.6341,0.5869,0.6079,0.0367,0.9320205854575468,0.5889149278656124,0.1463683449010973,0.3246314336666359,0.7768970748916877,0.9590686913114462,0.8710922414188798,0.911641701769339,0.9723814499829424,0.9691369721956532,0.8756159883114769,0.9652070532130894,1,5,0,6,False,False,False,False,True,False,True,False
C[C@]12C=CC(=O)[C@@](C)(CCC(=O)Nc3cccc(C(=O)O)c3)[C@H]3C[C@H]1C[C@H](O3)[C@@H]2O,mol2mol,413.47,30,0.3908,6,False,0,1,112.93,2.7933000000000017,0.6842,0.5815,0.5679,0.1095,0.9317946956950944,0.6241707257004934,0.1711493294833531,0.3748878837019306,0.6621294631802194,0.9557312972347356,0.8344115271271966,0.9741277227785988,0.9781688614372818,0.9450696823054316,0.8554316529386906,0.9796221260437268,1,4,0,6,False,False,False,False,True,False,True,False
CC(C)(Oc1cccc(NC(=O)CC[C@]2(C)C(=O)C=C[C@]3(C)O[C@H]4C[C@@H]3C[C@@H]42)c1)C(=O)O,mol2mol,441.52,32,0.3696,6,False,0,1,101.93,3.976200000000002,0.5914,0.5452,0.5131,0.06225,0.9317772292299936,0.6051514055313508,0.0793057870264949,0.5745671293609191,0.6443165794069987,0.9719853420706502,0.8459767353013609,0.9612935418445226,0.9844885591087418,0.9428431821210852,0.8594641657951518,0.956389078368444,1,5,0,6,False,False,False,False,True,False,True,False
C[C@@]12C=CC(=O)[C@@](C)(CCC(=O)Nc3cccc(OCC(=O)O)c3)[C@H]3C[C@H]1C[C@H]3O2,mol2mol,413.47,30,0.382,6,False,0,1,101.93,3.1976000000000013,0.5449,0.5085,0.5189,0.0312,0.9312457165444294,0.4290143866818197,0.0937011141253323,0.386314353109789,0.5822125954068507,0.9559177681884594,0.8898448255971427,0.9525532108527408,0.9758859498226798,0.9080210239256332,0.890326987123316,0.9461702503010336,1,4,0,6,False,False,False,False,False,False,True,False
C[C@]12C[C@@]34C=CC(=O)[C@@](C)(CCC(=O)Nc5cc(Cl)cc(Cl)c5)[C@@H]3[C@@H](C[C@@H]1C4)O2,mol2mol,434.36,29,0.6389,6,False,0,0,55.400000000000006,5.431100000000005,0.7018,0.6557,0.5858,0.08105,0.9311872317622336,0.3742435770707252,0.1311084937721869,0.7333058319696378,0.8182464557377676,0.9590086747516556,0.9383410347642328,0.9012981045835337,0.9758096247289526,0.908970730732982,0.8699989907484258,0.9648834620258526,1,6,0,3,False,False,False,False,False,False,True,False
C[C@@]12C[C@H]1C[C@H]1O[C@@]3(C=CC(=O)[C@@](C)(CCC(=O)Nc4ccc(Cl)cc4Cl)[C@H]13)C2,mol2mol,434.36,29,0.4471,6,False,0,0,55.400000000000006,5.431100000000005,0.6559,0.6531,0.5802,0.03925,0.930545775797235,0.4048462323486443,0.129729044726458,0.7305900527514616,0.8563617626304465,0.9673352560838664,0.9542450454183536,0.8905414415096695,0.9601426996637196,0.902614025694834,0.8653076476040465,0.9736343146061552,1,5,0,3,False,False,False,False,False,False,True,False
C[C@]12C=CC(=O)[C@@](C)(CCC(=O)Nc3ccc(C(=O)O)cc3)[C@H]3C[C@H]1C[C@@H]3O2,mol2mol,383.44,28,0.4375,6,False,0,1,92.7,3.432400000000002,0.6203,0.5828,0.5477,0.0550499999999999,0.9300920072571388,0.5404392390990725,0.1035260987988788,0.4759726037037521,0.6544943675466108,0.9478345365800526,0.8477141367339596,0.9669011039496108,0.9824244404111072,0.9468727310506558,0.8511125824915066,0.9677845195830788,1,4,0,5,False,False,False,False,True,False,False,False
C[C@]12C=CC(=O)[C@@](C)(CCC(=O)Nc3ccc(C(=O)O)cc3)[C@H]3C[C@H]1C[C@H]3O2,mol2mol,383.44,28,0.4375,6,False,0,1,92.7,3.432400000000002,0.6123,0.5833,0.547,0.0471499999999999,0.9293860236139292,0.5411806323853704,0.102461546058485,0.4767681705699154,0.6548255632879383,0.9489381518298264,0.847132542461768,0.9670919173131138,0.9809034148434556,0.9353317730691992,0.8585575208688684,0.9677468449112724,1,4,0,5,False,False,False,False,True,False,False,False
C[C@@]12C=CC(=O)[C@@](C)(CCC(=O)Nc3ccc(C(=O)O)cc3)[C@H]3C[C@H]1C[C@@H]3O2,mol2mol,383.44,28,0.4375,6,False,0,1,92.7,3.432400000000002,0.6057,0.5826,0.5422,0.0433,0.929097514177998,0.5434004581184584,0.1037489298669832,0.4777283439369983,0.6543998387132273,0.9460957544679436,0.8487544335524368,0.966396520394116,0.9819981367368652,0.9404435702873308,0.8521547473297555,0.9678394364775365,1,4,0,5,False,False,False,False,True,False,False,False
C[C@@]12C[C@H]1C[C@@H]1O[C@@]3(C=CC(=O)[C@@](C)(CCC(=O)Nc4ccccc4CCC(=O)O)[C@H]13)C2,mol2mol,437.54,32,0.4588,6,False,0,1,92.7,4.141500000000002,0.6488,0.6338,0.4982,0.0827999999999999,0.9290899921204266,0.4375357364748925,0.1159411849774787,0.4933210792555631,0.7029277145185053,0.9681228030459392,0.9427729964549144,0.9482343775569676,0.976817137425786,0.8998779304708012,0.8131095301119323,0.9546951697766466,1,5,0,5,False,False,False,False,False,False,True,False
C[C@]12C=CC(=O)[C@@](C)(CCC(=O)Nc3cc(C(=O)O)ccc3F)[C@H]3O[C@H]3C[C@@H]1C2,mol2mol,401.43,29,0.4023,6,False,0,1,96.0,3.571500000000002,0.6872,0.6487,0.6252,0.05025,0.9289822979525698,0.6879449408562728,0.1179864148556126,0.5237938041312858,0.6795761354647387,0.962646623220236,0.9136113341648892,0.9447034890484745,0.9666917905256772,0.8676254506511212,0.9144067721579072,0.9331906258996842,1,4,0,5,False,False,False,False,True,False,True,False
C[C@@]12C=CC(=O)[C@@](C)(CCC(=O)Nc3ccc(O)cc3C(=O)O)[C@H]3C[C@H](C[C@@H]1C2)O3,mol2mol,413.47,30,0.4458,6,True,1,1,112.93,3.528100000000002,0.6311,0.5891,0.609,0.03205,0.9287256725059788,0.5888828492658627,0.1705612108652146,0.3240667026309284,0.7698311067451139,0.9594845351084836,0.8690985908352975,0.91163461156714,0.9725158564176184,0.9690768348988676,0.8541001045901746,0.965169174124271,1,5,0,6,False,False,False,False,True,False,True,False
C[C@]12C=CC(=O)[C@@](C)(CCC(=O)Nc3ccc(OC(F)(F)F)cc3)[C@H]3C[C@H]1C[C@H]3O2,mol2mol,423.43,30,0.3793,6,False,0,0,64.63000000000001,4.632800000000003,0.5945,0.6305,0.5806,-0.01105,0.9287031352452813,0.3727566825432812,0.2678887901658968,0.7041617418292082,0.7619320939458318,0.9756697422006626,0.9304238431456956,0.8982736862728965,0.968818085450994,0.8767131741145927,0.8846145784364922,0.9664088370956342,1,4,0,4,False,False,False,False,False,False,True,False
C[C@@]12C=CC(=O)[C@@](C)(CCC(=O)Nc3ccc(O)cc3C(=O)O)[C@H]3C[C@H](C[C@H]1C2)O3,mol2mol,413.47,30,0.4458,6,True,1,1,112.93,3.528100000000002,0.6271,0.5876,0.6081,0.0292499999999999,0.9286848530297636,0.5881429649881318,0.1609705015065969,0.3242634473190904,0.7701905483424227,0.958490290139518,0.8707084652477994,0.9117150143755942,0.9724225623429696,0.9690284523964694,0.8539789634364391,0.964450223269556,1,5,0,6,False,False,False,False,True,False,True,False
C[C@@]12C[C@H]1C[C@H]1O[C@@]3(C=CC(=O)[C@@](C)(CCC(=O)Nc4cc(F)c(F)cc4F)[C@H]13)C2,mol2mol,419.44,30,0.4458,6,False,0,0,55.400000000000006,4.541600000000003,0.657,0.6942,0.6415,-0.01085,0.9282331796892976,0.4982131694309701,0.1768847354779592,0.596108998323593,0.755674158029235,0.9663960392698416,0.9581872430688176,0.9126429457114,0.9744280255769028,0.8711363312762718,0.9026351143393052,0.9122065585825444,1,5,0,3,False,False,False,False,True,False,True,False
C[C@]12C=CC(=O)[C@@](C)(CCC(=O)Nc3cccc(C(=O)O)c3)[C@H]3C[C@H]1C[C@H]3O2,mol2mol,383.44,28,0.4167,6,False,0,1,92.7,3.432400000000002,0.635,0.5729,0.55,0.07355,0.9278916367818196,0.4688086989259767,0.1019056786807399,0.5021722524725898,0.6750962643967027,0.9621056335405296,0.8303532296194693,0.959186447107972,0.9798306136454596,0.93478288732302,0.8740797342952492,0.9549029119410372,1,4,0,5,False,False,False,False,False,False,False,False
C[C@@]12C=CC(=O)[C@@](C)(CCC(=O)Nc3ccc(C(=O)O)cc3)[C@H]3C[C@H]1C[C@H]3O2,mol2mol,383.44,28,0.4375,6,False,0,1,92.7,3.432400000000002,0.6012,0.59,0.5398,0.0363,0.9276567528297216,0.5442579470039915,0.1032491802916777,0.4786761417227455,0.654920989830649,0.9457378814533476,0.843381280689357,0.9665490316928986,0.9812353179155564,0.9316307953887156,0.8574331675311507,0.9676297951370252,1,4,0,5,False,False,False,False,True,False,False,False
C[C@@]12C=CC(=O)[C@@](C)(CCC(=O)Nc3cccc(C(=O)O)c3)[C@H]3C[C@H]1C[C@H]3O2,mol2mol,383.44,28,0.4167,6,False,0,1,92.7,3.432400000000002,0.6201,0.5746,0.5467,0.05945,0.9275089644787214,0.4712748343057578,0.1023297527777362,0.5041134119722214,0.6752212419419147,0.9575912550052136,0.8329903023884282,0.9588987623344538,0.979817171398541,0.9317277468337468,0.8734029509121622,0.9581345624785048,1,4,0,5,False,False,False,False,False,False,False,False
C[C@@]12C[C@H]1C[C@H]1O[C@@]3(C=CC(=O)[C@@](C)(CCC(=O)Nc4ccccc4CCC(=O)O)[C@H]13)C2,mol2mol,437.54,32,0.4588,6,False,0,1,92.7,4.141500000000002,0.6503,0.6099,0.4894,0.10065,0.9274309552540528,0.4374090719898575,0.1168620747105001,0.4908138071987329,0.7012214839083073,0.9678506584426098,0.9360414395863884,0.940273009927306,0.974647260215672,0.8995727404682579,0.8147707248844096,0.958860853253726,1,5,0,5,False,False,False,False,False,False,True,False
C[C@]12C=CC(=O)[C@@](C)(CCC(=O)Nc3cccc(C(=O)O)c3)[C@H]3C[C@H]1C[C@@H]3O2,mol2mol,383.44,28,0.4167,6,False,0,1,92.7,3.432400000000002,0.6271,0.5734,0.5579,0.06145,0.9272194807073132,0.4678383212835482,0.1030190590160156,0.5016123714903363,0.6748241149772567,0.9582180477274728,0.8349109310145928,0.9583281674419472,0.9801718106259224,0.9309136446000186,0.8743276580147775,0.9536661055264604,1,4,0,5,False,False,False,False,False,False,False,False
C[C@]12C=CC(=O)[C@@](C)(CCC(=O)Nc3ccc(O)cc3C(=O)O)[C@H]3C[C@H]1C[C@@H](C2)O3,mol2mol,413.47,30,0.4405,6,True,1,1,112.93,3.528100000000002,0.6717,0.5813,0.5534,0.1043499999999999,0.927104657588547,0.5432901441754997,0.2106448495659341,0.3801582080769674,0.7714205438200945,0.9581338573278688,0.8575022689346603,0.926507381395318,0.9731606322065834,0.9685899759890688,0.8401586769333363,0.9656798103329924,1,4,0,6,False,False,False,False,True,False,True,False
C[C@]12C=CC(=O)[C@@](C)(CCC(=O)Nc3ccc(O)cc3C(=O)O)[C@H]3C[C@@H](C[C@@H]1C2)O3,mol2mol,413.47,30,0.4458,6,True,1,1,112.93,3.528100000000002,0.6331,0.5945,0.6168,0.0274499999999999,0.927020501598392,0.5885258272693215,0.145463757220487,0.3243060289337987,0.775974014915536,0.95418189432508,0.8438777234148609,0.9153887894845548,0.9648533400862322,0.9669675164489272,0.8814815623611548,0.9623926850679336,1,5,0,6,False,False,False,False,True,False,True,False
C[C@]12C=CC(=O)[C@@](C)(CCC(=O)Nc3ccc(Cl)c(Cl)c3)[C@H]3C[C@H]1C[C@H]3O2,mol2mol,408.33,27,0.3929,6,False,0,0,55.400000000000006,5.041000000000004,0.6328,0.5959,0.5505,0.0596000000000001,0.9260294613014288,0.3686104903597715,0.1246698266411581,0.7689082403706531,0.8468454599827241,0.9365020901451824,0.9093572551517362,0.8641797363535263,0.9614002442183702,0.920440095409882,0.9338394871991654,0.9564873206321396,1,4,0,3,False,False,False,False,False,False,True,False
C[C@@]12C=CC(=O)[C@@](C)(CCC(=O)Nc3cccc(C(=O)O)c3)[C@H]3C[C@H]1C[C@@H]3O2,mol2mol,383.44,28,0.4167,6,False,0,1,92.7,3.432400000000002,0.6165,0.5782,0.5545,0.05015,0.9259997152853447,0.4706049242559177,0.1032551577839927,0.5033132732289854,0.6748071377699228,0.9573791514796512,0.8353141298082355,0.9587851374449178,0.9798718931801064,0.9285863655852316,0.8662169910976782,0.9558443384015916,1,4,0,5,False,False,False,False,False,False,False,False
CC1(CCC(=O)Nc2ccc(C(=O)O)cc2)C(=O)C=C[C@]2(C)O[C@H]3C[C@@H]2C[C@@H]31,mol2mol,383.44,28,0.4375,6,False,0,1,92.7,3.432400000000002,0.6129,0.5863,0.5463,0.0465999999999999,0.9255593304321076,0.5522710677567215,0.1010455056771979,0.4752676593967104,0.6635730253181367,0.9500418924236196,0.8410977591852924,0.967396649956828,0.9821157703620388,0.918264775481462,0.8535292945820038,0.9664691710335072,1,5,0,5,False,False,False,False,True,False,False,False
CC[C@]12C=CC(=O)[C@@](C)(CCC(=O)Nc3ccc(OCC(=O)O)cc3)[C@H]3C[C@H]1C[C@@H]3O2,mol2mol,427.5,31,0.4023,6,False,0,1,101.93,3.5877000000000017,0.543,0.6122,0.4687,0.00255,0.9254913720883976,0.515248651247398,0.126769014875825,0.4056361564315118,0.597652020339132,0.9573434740262564,0.8739051386877563,0.9617184643780252,0.9787712426422338,0.9036514901353656,0.8519679583288284,0.9510818364203172,1,4,0,6,False,False,False,False,True,False,True,False
Cc1ccc(C(=O)O)cc1NC(=O)CC[C@]1(C)C(=O)C=C[C@]2(C)O[C@@H]3C[C@@H]2C[C@@H]31,mol2mol,397.47,29,0.4167,6,False,0,1,92.7,3.740820000000003,0.6443,0.5961,0.514,0.0892499999999999,0.9253284951350588,0.5673812003189364,0.1049422608639705,0.558681690664028,0.6763762155478734,0.9697779717536776,0.8375178756806887,0.94825180677801,0.971799413199848,0.940842324041145,0.8420673921687069,0.9670426823233348,1,5,0,5,False,False,False,False,True,False,False,False
Cc1ccc(C(=O)O)cc1NC(=O)CC[C@]1(C)C(=O)C=C[C@]2(C)O[C@H]3C[C@@H]2C[C@@H]31,mol2mol,397.47,29,0.4167,6,False,0,1,92.7,3.740820000000003,0.6488,0.5863,0.5075,0.1019000000000001,0.925227566369991,0.5684203882117851,0.1041778043268533,0.5591599827455578,0.6767042490289555,0.9699479702541484,0.8366324768628522,0.9524389362825318,0.9723542312600352,0.9395614112827844,0.8387922607050529,0.9668656779425314,1,5,0,5,False,False,False,False,True,False,False,False
C[C@]12C=CC(=O)[C@@](C)(CCC(=O)Nc3ccc(Cl)c(Cl)c3)[C@H]3C[C@H]1C[C@@H]3O2,mol2mol,408.33,27,0.3929,6,False,0,0,55.400000000000006,5.041000000000004,0.6404,0.5962,0.5517,0.06645,0.9251866026838635,0.3678100529183979,0.1255824708692122,0.7682024610096856,0.8467753459259396,0.9367794567325572,0.9075555230660332,0.8622340446411586,0.9599216309971584,0.9191562932895236,0.934500597661348,0.9561586723992652,1,4,0,3,False,False,False,False,False,False,True,False
C[C@]12C=CC(=O)[C@@](C)(CCC(=O)Nc3ccc(F)c(C(F)(F)F)c3)[C@H]3C[C@H]1C[C@H]3O2,mol2mol,425.42,30,0.375,6,False,0,0,55.400000000000006,4.892100000000005,0.6743,0.6485,0.5927,0.0536999999999999,0.924907722860522,0.3570973931014061,0.2721015973233774,0.7056491906689907,0.7829182979646636,0.973569198751742,0.9156284927869104,0.8810470801316527,0.9790821701699164,0.8786966338137501,0.8776104740979608,0.9687200102717228,1,4,0,3,False,False,False,False,False,False,True,False
C[C@]12C=CC(=O)[C@@](C)(CCC(=O)Nc3ccc(Cl)cc3Cl)[C@H]3C[C@H]1C[C@@H]3O2,mol2mol,408.33,27,0.3882,6,False,0,0,55.400000000000006,5.041000000000004,0.6096,0.5674,0.4822,0.0847999999999999,0.924734371439228,0.3762665360912333,0.1171144499496216,0.7381856143650876,0.8176682760053093,0.9372180260920028,0.9099223116635912,0.8768704774874246,0.9551561162721568,0.9300205057462506,0.916719637326359,0.9472335254868102,1,4,0,3,False,False,False,False,False,False,True,False
C[C@]12C=CC(=O)[C@@](C)(CCC(=O)Nc3ccc(Cl)cc3Cl)[C@H]3C[C@H]1C[C@H]3O2,mol2mol,408.33,27,0.3882,6,False,0,0,55.400000000000006,5.041000000000004,0.6095,0.56,0.4835,0.08775,0.9246142748411212,0.377179787191861,0.116104749718678,0.7392417879000253,0.8178046957046026,0.9371575868477549,0.909094658149008,0.8784263023528579,0.9546245008343948,0.9308092950743762,0.9154584159024792,0.9467291647269768,1,4,0,3,False,False,False,False,False,False,True,False
C[C@@]12C[C@H]1C[C@H]1O[C@@]3(C=CC(=O)[C@@](C)(CCC(=O)Nc4cc(F)cc(F)c4)[C@H]13)C2,mol2mol,401.45,29,0.4512,6,False,0,0,55.400000000000006,4.402500000000003,0.6105,0.703,0.5906,-0.0363,0.9245863216035684,0.455832155646406,0.1479492170535841,0.612657496575149,0.7600084832374097,0.961026794677724,0.9389923594729828,0.9081345322073155,0.9723806312738418,0.883467877522626,0.8530645672501419,0.9550374888203476,1,5,0,3,False,False,False,False,False,False,True,False
C[C@]12C=CC(=O)[C@@](C)(CCC(=O)Nc3ccc(OCC(=O)O)cc3)[C@H]3C[C@H]1C[C@@H]3O2,mol2mol,413.47,30,0.4,6,False,0,1,101.93,3.1976000000000013,0.5077,0.5487,0.524,-0.0286499999999999,0.92456900220808,0.4710447804813927,0.1001195347635672,0.3850419635891843,0.5561276965289688,0.9569578804857372,0.8845822511132719,0.9621196572591127,0.9746551104016892,0.8883068203478802,0.8513388778709182,0.9540224179779508,1,4,0,6,False,False,False,False,False,False,True,False
C[C@]12C=CC(=O)[C@@](C)(CCC(=O)Nc3cc(C(=O)O)ccc3N)[C@H]3O[C@H]3C[C@@H]1C2,mol2mol,398.46,29,0.407,6,False,0,1,122.02,3.0146000000000015,0.6852,0.6309,0.5824,0.07855,0.9245455556508304,0.7764026772355435,0.1276499127961784,0.4536706659743194,0.668001600058176,0.9402738012513407,0.88734435346172,0.953768706042392,0.962804658513885,0.9707514333837782,0.8713204910405209,0.8855554458621748,1,4,0,5,False,False,False,False,True,False,False,True
C[C@@]12C[C@H]1C[C@H]1O[C@@]3(C=CC(=O)[C@@](C)(CCC(=O)Nc4ccc(I)cc4)[C@H]13)C2,mol2mol,491.37,28,0.4691,6,False,0,0,55.400000000000006,4.728900000000004,0.6103,0.664,0.485,0.0357999999999999,0.924094248498209,0.3996034120176315,0.162039467385036,0.7911012922540184,0.8475889396204637,0.9646878649101276,0.9519524400110772,0.9121399497698306,0.9684570177797212,0.9032959702607108,0.8421292372194715,0.9259972595365246,1,5,0,3,False,False,False,False,False,False,False,False
C[C@]12C=CC(=O)[C@@](C)(CCC(=O)Nc3ccc(OCC(=O)O)cc3)[C@H]3C[C@H]1C[C@H]3O2,mol2mol,413.47,30,0.4,6,False,0,1,101.93,3.1976000000000013,0.5157,0.5421,0.527,-0.01885,0.9240440210514564,0.4718960800118364,0.0993529533034575,0.3851338110159202,0.5564854762863919,0.9564804208416824,0.877409155438319,0.9633956800913416,0.976106930140008,0.8809924380564461,0.8611586700872415,0.9527648527051564,1,4,0,6,False,False,False,False,False,False,True,False
C[C@@]12C=CC(=O)[C@@](C)(CCC(=O)Nc3ccc(OCC(=O)O)cc3)[C@H]3C[C@H]1C[C@@H]3O2,mol2mol,413.47,30,0.4,6,False,0,1,101.93,3.1976000000000013,0.5131,0.5495,0.5231,-0.0232,0.9238510394978768,0.4736916572966935,0.1004518672587637,0.386763818758681,0.5562113336955412,0.9570957807970668,0.8859093803843272,0.9629511608358832,0.9741300546986874,0.8828890752670219,0.8483336227661228,0.9556482017360292,1,4,0,6,False,False,False,False,False,False,True,False
CC1(CCC(=O)Nc2ccc(OCC(=O)O)cc2)C(=O)C=C[C@]2(C)O[C@H]3C[C@@H]2C[C@@H]31,mol2mol,413.47,30,0.4,6,False,0,1,101.93,3.1976000000000013,0.5238,0.5632,0.5151,-0.0153499999999999,0.923821172946568,0.4808505563887282,0.0977024630648485,0.3848001024093841,0.5700415084038798,0.9564951782520238,0.8832550574024753,0.9654255331495416,0.9791123318687514,0.8723941977026516,0.8617506682696009,0.9483152439809314,1,5,0,6,False,False,False,False,False,False,True,False
C[C@]12C=CC(=O)[C@@](C)(CCC(=O)Nc3ccc(C(=O)O)cc3)[C@H]3C[C@H]1C[C@@H](O3)[C@]2(C)CO,mol2mol,441.52,32,0.3721,6,False,0,1,112.93,3.4310000000000023,0.641,0.6866,0.4883,0.0535499999999999,0.9238057110245136,0.7578631598904483,0.099089947871554,0.4031170215709286,0.6639128609508264,0.964558648019884,0.7831922518252752,0.957874144215318,0.9756523466958504,0.954150191691725,0.862000403443477,0.9692119912800652,1,4,0,6,False,False,False,False,True,False,True,False
C[C@]12C=CC(=O)[C@@](C)(CCC(=O)Nc3ccc(Cl)c(Cl)c3)[C@H]3O[C@@H]3C[C@@H]1C2,mol2mol,408.33,27,0.3882,6,False,0,0,58.7,5.041000000000005,0.6771,0.6116,0.5439,0.09935,0.9235746629047764,0.5432956880851529,0.138104254369281,0.7574017838321898,0.8509762698911166,0.9327834947840168,0.8828530414122322,0.8956667571292233,0.953744586442402,0.911626547993802,0.9380923922505036,0.9502558203212544,1,4,0,3,False,False,False,False,True,False,True,False
C[C@@]12C[C@H]1C[C@H]1O[C@@]3(C=CC(=O)[C@@](C)(CCC(=O)Nc4ccc([N+](=O)[O-])cc4)[C@H]13)C2,mol2mol,410.47,30,0.4524,6,False,0,0,98.54,4.032500000000002,0.6004,0.604,0.5314,0.0327,0.9235181763889616,0.6424103529193825,0.1317644354328724,0.5559962261765529,0.757490520959441,0.957375440239572,0.956453893416492,0.9306634307916132,0.9653279158416614,0.877289165695935,0.8062115493694401,0.9713058393680176,1,5,0,5,False,False,False,False,True,False,True,False
C[C@]12C=CC(=O)[C@@](C)(CCC(=O)Nc3ccc(O)cc3C(=O)O)[C@H]3C[C@H](C[C@@H]1C2)O3,mol2mol,413.47,30,0.4458,6,True,1,1,112.93,3.528100000000002,0.6291,0.589,0.6184,0.0254,0.9235104022715694,0.5886818743919473,0.1692279233575365,0.3237339872067756,0.7687373889582564,0.9546259773195532,0.8404955211681333,0.9153938974342692,0.964961833222132,0.9666043137584364,0.8600291883532621,0.9624620846452008,1,5,0,6,False,False,False,False,True,False,True,False
C[C@@]12C[C@H]1C[C@@H]1O[C@@]3(C=CC(=O)[C@@](C)(CCC(=O)Nc4ccc(C(F)(F)F)cc4)[C@H]13)C2,mol2mol,433.47,31,0.4524,6,False,0,0,55.400000000000006,5.143100000000005,0.6738,0.6633,0.5704,0.0569499999999999,0.9228771227186484,0.3950514211181308,0.2558267760451139,0.7113803780269871,0.7977687565322196,0.980699453478626,0.9569836126762272,0.8950065764106436,0.9796647502465692,0.864805283463741,0.8009407038060846,0.982039478948648,1,5,0,3,False,False,False,False,False,False,True,False
CC[C@@]12C=CC(=O)[C@@](C)(CCC(=O)Nc3ccc(OCC(=O)O)cc3)[C@H]3C[C@H]1C[C@@H]3O2,mol2mol,427.5,31,0.4023,6,False,0,1,101.93,3.5877000000000017,0.5438,0.6155,0.4783,-0.0031000000000001,0.9226197047221792,0.516059409459265,0.1262991618525964,0.407816560871491,0.5974980738167679,0.9535828935948428,0.8644886845107981,0.9603856812888276,0.9764700890054706,0.8963406965359578,0.8572656690885935,0.9498042190307636,1,4,0,6,False,False,False,False,True,False,True,False
C[C@@]12C=CC(=O)[C@@](C)(CCC(=O)Nc3ccc(OCC(=O)O)cc3)[C@H]3C[C@H]1C[C@H]3O2,mol2mol,413.47,30,0.4,6,False,0,1,101.93,3.1976000000000013,0.5104,0.5619,0.5226,-0.0318499999999999,0.9220804688919146,0.4742642953679615,0.099681935719037,0.3870985890751062,0.5566812392651503,0.9569571890452232,0.8775390377321204,0.9624433716885576,0.9732428099167652,0.8774138194858375,0.8567473141739829,0.9502197402009156,1,4,0,6,False,False,False,False,False,False,True,False
C[C@@]12C[C@H]1C[C@H]1O[C@@]3(C=CC(=O)[C@@](C)(CCC(=O)Nc4ccc(C(F)(F)F)cc4)[C@H]13)C2,mol2mol,433.47,31,0.4524,6,False,0,0,55.400000000000006,5.143100000000005,0.6681,0.6545,0.5663,0.0576999999999999,0.9219858023305788,0.3956645816182612,0.2572911947628774,0.7087982701284888,0.7967225688958262,0.9801635277235642,0.9541054986547198,0.8944953441576073,0.979371383101833,0.8659808407189183,0.7979626932221073,0.981821328735302,1,5,0,3,False,False,False,False,False,False,True,False
C[C@]12C=CC(=O)[C@@](C)(CCC(=O)Nc3cc(C(=O)O)ccc3Cl)[C@H]3O[C@H]3C[C@@H]1C2,mol2mol,417.89,29,0.4023,6,False,0,1,96.0,4.0858000000000025,0.7018,0.6051,0.5572,0.1206499999999999,0.9216102707193418,0.6610289580027864,0.1038896632829608,0.6114730992975687,0.764425371730103,0.949483444837806,0.8331017702202912,0.9107755567929596,0.9648761783222228,0.9458984842937074,0.9272167094865256,0.9199197510818804,1,4,0,5,False,False,False,False,True,False,True,False
C[C@@]12C[C@H]1C[C@@H]1O[C@@]3(C=CC(=O)[C@@](C)(CCC(=O)Nc4cc(Cl)ccc4Cl)[C@H]13)C2,mol2mol,434.36,29,0.4471,6,False,0,0,55.400000000000006,5.431100000000005,0.6405,0.6705,0.5468,0.03185,0.9215725109894428,0.4064634190585436,0.124728048020092,0.7207973409822781,0.8526048093636278,0.9625632806796912,0.950275439231943,0.8688195604006462,0.957457176269053,0.8715852742255926,0.8789654531605203,0.9613413929586542,1,5,0,3,False,False,False,False,False,False,True,False
C[C@@]12C[C@H]1C[C@@H]1O[C@@]3(C=CC(=O)[C@@](C)(CCC(=O)NCCCC(=O)O)[C@H]13)C2,mol2mol,375.47,27,0.4444,6,False,0,1,92.7,2.466600000000001,0.6198,0.707,0.549,-0.0081999999999999,0.92137363252807,0.5633009306509882,0.1597900590218371,0.3850815308299696,0.451663159438564,0.9610870831685157,0.8743776516323258,0.960472253588739,0.9801908080784796,0.8498631470755612,0.8745999232880549,0.9490245608648136,0,4,0,5,False,False,False,False,True,False,False,False
C[C@@]12C[C@H]3C[C@H]1[C@](C)(CCC(=O)Nc1cccc(C(=O)O)c1)C(=O)C=C[C@]3(C)O2,mol2mol,397.47,29,0.3953,6,False,0,1,92.7,3.8225000000000025,0.6986,0.6123,0.584,0.10045,0.9213049537128544,0.5413879946410265,0.1130331949376835,0.5760024675177485,0.6965004273841106,0.9704646185841728,0.88505012177725,0.9602617995065038,0.9755208156022072,0.8967596788013302,0.7958264458381246,0.9652511958803914,1,5,0,5,False,False,False,False,True,False,False,False
CC[C@]12C=CC(=O)[C@@](C)(CCC(=O)Nc3ccc(C(=O)O)cc3)[C@H]3C[C@H]1C[C@@H]3O2,mol2mol,397.47,29,0.439,6,False,0,1,92.7,3.8225000000000025,0.6425,0.6321,0.4822,0.0853499999999999,0.921293696438604,0.5835470367656944,0.1322160643261272,0.4980445306710886,0.6839396203717081,0.9531381358093548,0.8242075425485071,0.9576702596153308,0.9798472741950608,0.9381399198725412,0.8249296287130946,0.9711231143163402,1,4,0,5,False,False,False,False,True,False,False,False
C[C@]12C=CC(=O)[C@@](C)(CCC(=O)Nc3ccc(F)cc3C(=O)O)[C@H]3O[C@H]3C[C@@H]1C2,mol2mol,401.43,29,0.4353,6,False,0,1,96.0,3.571500000000002,0.6803,0.6462,0.6132,0.0506,0.9211815706830924,0.6806291960809698,0.1244994306482172,0.4862152882967992,0.7217525514271823,0.9432538417849242,0.8337182978372271,0.9432261832401968,0.9612080920793415,0.9227545485810292,0.8811640165367013,0.9629460147222266,1,4,0,5,False,False,False,False,True,False,True,False
CC[C@]12C=CC(=O)[C@@](C)(CCC(=O)Nc3cccc(C(=O)O)c3)[C@H]3C[C@H]1C[C@@H]3O2,mol2mol,397.47,29,0.4186,6,False,0,1,92.7,3.8225000000000025,0.6568,0.6229,0.4858,0.10245,0.920896586406438,0.5103189092855969,0.1339633991546974,0.5252417911782556,0.7022675106685237,0.9663978806089372,0.8583296063821917,0.9527985100041568,0.9788113472384852,0.906438092482616,0.8218448352585687,0.961655832870112,1,4,0,5,False,False,False,False,True,False,False,False
C[C@@]12C[C@H]1C[C@H]1O[C@@]3(C=CC(=O)[C@@](C)(CCC(=O)Nc4cc(Cl)ccc4Cl)[C@H]13)C2,mol2mol,434.36,29,0.4471,6,False,0,0,55.400000000000006,5.431100000000005,0.643,0.6602,0.5468,0.0395,0.920454623398256,0.4067668143829699,0.1252536213359585,0.7179024748215926,0.8516612438121967,0.9604412130548754,0.951372586067092,0.8678408336808138,0.957067346943501,0.8742303639734453,0.8718565053437127,0.960373514724351,1,5,0,3,False,False,False,False,False,False,True,False
C[C@@]12C[C@H]1C[C@@H]1O[C@@]3(C=CC(=O)[C@@](C)(CCC(=O)Nc4cccc(C(F)(F)F)c4)[C@H]13)C2,mol2mol,433.47,31,0.4318,6,False,0,0,55.400000000000006,5.143100000000005,0.6711,0.6686,0.5705,0.0515499999999999,0.9204529421904148,0.3333004519292631,0.2645117843024459,0.721419156509797,0.8192864337238531,0.9809236250760432,0.9589789125470884,0.8762580251586872,0.9691307724718028,0.8790675073815891,0.8129572207809739,0.96585453191672,1,5,0,3,False,False,False,False,False,False,True,False
C[C@]12C=CC(=O)[C@@](C)(CCC(=O)Nc3cccc(C(=O)O)c3)[C@H]3C[C@H]1C[C@@H](O3)[C@]2(C)CO,mol2mol,441.52,32,0.3556,6,False,0,1,112.93,3.4310000000000023,0.6528,0.647,0.4729,0.0928500000000001,0.9202348501056192,0.7003993610686456,0.0991114753547343,0.4360775219512615,0.6821261557987035,0.9711161271965668,0.7996178590024747,0.96205790114205,0.9710740909329972,0.9455359040616688,0.8281592048247332,0.9640828635788442,1,4,0,6,False,False,False,False,True,False,True,False
C[C@@]12C[C@H]1C[C@H]1O[C@@]3(C=CC(=O)[C@@](C)(CCC(=O)Nc4cccc([N+](=O)[O-])c4)[C@H]13)C2,mol2mol,410.47,30,0.4318,6,False,0,0,98.54,4.032500000000002,0.6513,0.5943,0.5059,0.1011999999999999,0.9201777947349268,0.5960658138670927,0.1332351959711678,0.5804301164021677,0.7680435303171471,0.9522573807292666,0.9598561247323292,0.9180898393560968,0.946401646191638,0.8851694992133664,0.8162647727461612,0.9632053001756286,1,5,0,5,False,False,False,False,True,False,True,False
C[C@]12C=CC(=O)[C@H](CCC(=O)Nc3ccc(C(=O)O)cc3)[C@H]3C[C@H]1C[C@@H]3O2,mol2mol,369.42,27,0.3218,6,False,0,1,92.7,3.042300000000002,0.6312,0.6837,0.6037,-0.0124999999999999,0.9201504543392034,0.5996949641566858,0.1285984374732229,0.4181423528080982,0.6146105913855608,0.9518649802109108,0.8410781770531539,0.965517525224472,0.9757537422177224,0.9171349444254068,0.8363986736391386,0.9533051376036196,1,4,0,5,False,False,False,False,True,False,False,False
C[C@]12C=CC(=O)[C@@](C)(CCC(=O)Nc3ccc(OCC(=O)O)cc3C#N)[C@H]3C[C@H]1C[C@@H]3O2,mol2mol,438.48,32,0.3763,6,False,0,1,125.72,3.069280000000001,0.5422,0.5453,0.5771,-0.0189999999999999,0.9201368655166734,0.5264961911605209,0.0840186984973625,0.4752816247972098,0.6005618200553997,0.949870976442989,0.9039134201302024,0.9503979939301624,0.9497845725251048,0.9322632152928796,0.8040385950854511,0.9506892852099242,1,4,0,6,False,False,False,False,True,False,True,False
C[C@@]12C[C@H]1C[C@H]1O[C@@]3(C=CC(=O)[C@@](C)(CCC(=O)Nc4cccc(C(F)(F)F)c4)[C@H]13)C2,mol2mol,433.47,31,0.4318,6,False,0,0,55.400000000000006,5.143100000000005,0.6749,0.6596,0.5642,0.063,0.9201163174727208,0.3334676160976475,0.2659791275683076,0.7196669976938485,0.818497293757579,0.9806243680487472,0.9560445980473355,0.8760268920131006,0.9689298278184468,0.8796365993289278,0.813710679752213,0.9658412573002758,1,5,0,3,False,False,False,False,False,False,True,False
C[C@@]12C=CC(=O)[C@@](C)(CCC(=O)Nc3ccc(C(=O)O)cc3)[C@@H]3O[C@H]4C[C@@H]3C[C@]1(C4)O2,mol2mol,425.48,31,0.3793,6,False,0,1,105.23,3.3439000000000023,0.6098,0.6224,0.6207,-0.01175,0.9196974588736898,0.7503907764790023,0.0939363224639225,0.6029020118680962,0.7624853332459759,0.95909484159824,0.7990513866580872,0.9521077241015824,0.9706615275912928,0.9370343433970602,0.8593783694734384,0.960554019296128,1,5,0,6,False,False,False,False,True,False,True,False
C[C@@]12C[C@H]1C[C@@H]1O[C@@]3(C=CC(=O)[C@@](C)(CCC(=O)Nc4ccc(F)cc4F)[C@H]13)C2,mol2mol,401.45,29,0.4471,6,False,0,0,55.400000000000006,4.402500000000003,0.6136,0.6947,0.5851,-0.0262999999999998,0.9196732420624752,0.459724643600069,0.1633860179700414,0.5952900574143701,0.7345614006643204,0.9472905381134132,0.92473900221935,0.8919094116851451,0.9667341555021596,0.8933068402485901,0.86841914808744,0.945313598581229,1,5,0,3,False,False,False,False,False,False,True,False
C[C@@]12C=CC(=O)[C@@](C)(CCC(=O)Nc3cccc(C(=O)O)c3)[C@H]3O[C@H]3C[C@@H]1C2,mol2mol,383.44,28,0.4118,6,False,0,1,96.0,3.432400000000002,0.6714,0.5518,0.534,0.1285,0.9192075353862424,0.634816904829492,0.1114688257339918,0.5424789858784461,0.6838775899796401,0.9392880265326043,0.856694158606988,0.9579800856553362,0.9687975220720648,0.9027607750178273,0.8696242343592511,0.939307945459625,1,4,0,5,False,False,False,False,True,False,False,False
C[C@@]12C=CC(=O)[C@@](C)(CCC(=O)Nc3ccc(C(=O)O)cc3)[C@@H]3O[C@H]4C[C@H]3C[C@]1(C4)O2,mol2mol,425.48,31,0.3793,6,False,0,1,105.23,3.3439000000000023,0.6081,0.6245,0.6232,-0.01575,0.91829894539152,0.7510283925050407,0.0957084621325908,0.601727641120889,0.7612658999647866,0.9590131928782388,0.7862253315856542,0.9535018991342976,0.9705850485227762,0.9394263182251292,0.8586747582279782,0.9606660691665674,1,5,0,6,False,False,False,False,True,False,True,False
C[C@@]12C[C@H]1C[C@@H]1O[C@@]3(C=CC(=O)[C@@](C)(CCC(=O)O)[C@H]13)C2,mol2mol,290.36,21,0.4595,6,False,0,1,63.60000000000001,2.5702000000000007,0.5803,0.6215,0.5761,-0.0184999999999999,0.9173721373481516,0.5869795103033941,0.1361423877118574,0.3441464564577294,0.5882667069214389,0.9641486594016726,0.9109625739170268,0.964639751466419,0.9700998188304836,0.8513216772130807,0.8531130637367017,0.907319416871677,0,4,0,4,False,False,False,False,True,False,False,False
C[C@]12C=CC(=O)[C@@](C)(CCC(=O)Nc3c(C#N)cccc3C(=O)O)[C@H]3C[C@H]1C[C@@H]3O2,mol2mol,408.45,30,0.4588,6,False,0,1,116.49,3.3040800000000017,0.6107,0.5406,0.5787,0.05105,0.9172623492175954,0.5262565452886221,0.0754530275806548,0.5824116113161606,0.6947187671488511,0.9353829490060852,0.91504155260373,0.9518629379338296,0.9467879990017128,0.9031726433865956,0.8048572445027656,0.9637311180884494,1,4,0,5,False,False,False,False,True,False,True,False
C[C@@]12C[C@H]1C[C@H]1O[C@@]3(C=CC(=O)[C@@](C)(CCC(=O)Nc4ccc(F)c(Cl)c4)[C@H]13)C2,mol2mol,417.91,29,0.4368,6,False,0,0,55.400000000000006,4.916800000000005,0.6683,0.6529,0.6168,0.0334499999999999,0.916876287915005,0.4549924373571251,0.1609840499220834,0.6852358400050997,0.832335092530292,0.9556477178003848,0.9461052939947616,0.8806970733873127,0.9769630238318382,0.8540265825906811,0.8555262554640084,0.949168068336048,1,5,0,3,False,False,False,False,False,False,True,False
CC[C@@]12C=CC(=O)[C@@](C)(CCC(=O)Nc3ccc(C(=O)O)cc3)[C@H]3C[C@H]1C[C@@H]3O2,mol2mol,397.47,29,0.439,6,False,0,1,92.7,3.8225000000000025,0.6452,0.6265,0.4821,0.0908999999999999,0.9166815063707372,0.5843677632359695,0.1315790880018203,0.500267953884438,0.6837651317497839,0.9524851448870284,0.7971640678467016,0.9578391219698282,0.9786934336116224,0.9365675967670832,0.8228830246273106,0.9711381548855867,1,4,0,5,False,False,False,False,True,False,False,False
C[C@@]12C[C@H]1C[C@@H]1O[C@@]3(C=CC(=O)[C@@](C)(CCC(=O)Nc4cccc(Cl)c4Cl)[C@H]13)C2,mol2mol,434.36,29,0.4471,6,False,0,0,55.400000000000006,5.431100000000005,0.6639,0.6618,0.558,0.0539999999999999,0.9166576994326472,0.3630319819305204,0.1298022215586339,0.7384958539508454,0.8619144653291486,0.9632057611265342,0.941229844540198,0.8607059648178091,0.9547612684006398,0.851458644879909,0.8805040318275528,0.9647383804358882,1,5,0,3,False,False,False,False,False,False,True,False
C[C@]12C=CC(=O)[C@@](C)(CCC(=O)Nc3cccc(C(=O)O)c3)[C@H]3O[C@H]3C[C@@H]1C2,mol2mol,383.44,28,0.4118,6,False,0,1,96.0,3.432400000000002,0.6554,0.5462,0.522,0.1212999999999999,0.9166536239557372,0.6346350482227747,0.1091317708235309,0.5416920005975542,0.6850046374486632,0.949193730161758,0.8483795969278445,0.952735262558508,0.9652651907263522,0.8989289338910972,0.8699133042220878,0.9321593492025128,1,4,0,5,False,False,False,False,True,False,False,False
C[C@@]12C=CC(=O)[C@@](C)(CCC(=O)Nc3ccc(C(=O)O)cc3)[C@H]3O[C@@H]3C[C@@H]1C2,mol2mol,383.44,28,0.4321,6,False,0,1,96.0,3.432400000000002,0.6603,0.621,0.5008,0.0994,0.9164681712712792,0.7017146773675137,0.1101093248937746,0.5162849914859112,0.6670734235450075,0.942729581659458,0.8212888025916376,0.9501760525979638,0.9745906018436568,0.922871516528448,0.8514072903906419,0.9522133532871474,1,4,0,5,False,False,False,False,True,False,False,False
C[C@@]12C=CC(=O)[C@@](C)(CCC(=O)Nc3cccc(C(=O)O)c3)[C@H]3O[C@@H]3C[C@@H]1C2,mol2mol,383.44,28,0.4118,6,False,0,1,96.0,3.432400000000002,0.6615,0.5466,0.5227,0.1268499999999999,0.9158308749547324,0.6322562146364911,0.1104073301909831,0.5432684315917319,0.6847743458569779,0.9393488388159268,0.853347665121436,0.9577720691978736,0.9673385225403474,0.911443637335734,0.8461952050764389,0.935370186595371,1,4,0,5,False,False,False,False,True,False,False,False
C[C@]12C=CC(=O)[C@@](C)(CCC(=O)Nc3ccc(C(=O)O)cc3)[C@H]3O[C@@H]3C[C@@H]1C2,mol2mol,383.44,28,0.4321,6,False,0,1,96.0,3.432400000000002,0.6517,0.6056,0.4969,0.1004499999999999,0.9135318694543731,0.701653196853646,0.1075912664507908,0.5158512338573967,0.668270467151261,0.9402312679917528,0.8058002255792713,0.9487595085921832,0.9745517126256368,0.9230071084473817,0.851824312430574,0.9505489505138128,1,4,0,5,False,False,False,False,True,False,False,False
C[C@@]12C[C@H]1C[C@@H]1O[C@@]3(C=CC(=O)[C@@](C)(CCC(=O)Nc4ccc(Br)cc4)[C@H]13)C2,mol2mol,444.37,28,0.4691,6,False,0,0,55.400000000000006,4.886800000000004,0.6618,0.6856,0.5109,0.0635500000000001,0.9131757411710452,0.4057089565445142,0.1384939672564905,0.7428423693358419,0.8356424605713556,0.956983252220856,0.9474137955228666,0.8976887007689734,0.969384783997832,0.8696607545429096,0.8094844347312603,0.9416144664126184,1,5,0,3,False,False,False,False,False,False,True,False
C[C@@]12C=CC(=O)[C@@](C)(CCC(=O)Nc3cccc(C(=O)O)c3)[C@H]3C[C@@H](C[C@@H]1C2)O3,mol2mol,397.47,29,0.3793,6,False,0,1,92.7,3.8225000000000025,0.6579,0.5964,0.574,0.0727000000000001,0.9130288868806548,0.5633584676718246,0.1401598819658963,0.4820274151274637,0.6753513226952195,0.947114921270342,0.838550193561528,0.9656372762284536,0.974309432379738,0.9248993261213738,0.7841352120169017,0.9565558465862462,1,5,0,5,False,False,False,False,True,False,False,False
C[C@]12C=CC(=O)[C@@](C)(CCC(=O)Nc3cccc(C(=O)O)c3)[C@H]3O[C@@H]3C[C@@H]1C2,mol2mol,383.44,28,0.4118,6,False,0,1,96.0,3.432400000000002,0.6553,0.5424,0.5215,0.12335,0.9126832658594484,0.6322533993973762,0.108025089696066,0.5428075499367064,0.6859975385768491,0.9496273269987764,0.8402520535522706,0.954749609312007,0.9683098842244728,0.9045226753758048,0.8404677113139138,0.9308536002388936,1,4,0,5,False,False,False,False,True,False,False,False
C[C@@]12C[C@H]1C[C@H]1O[C@@]3(C=CC(=O)[C@@](C)(CCC(=O)O)[C@H]13)C2,mol2mol,290.36,21,0.4595,6,False,0,1,63.60000000000001,2.5702000000000007,0.5823,0.6321,0.5865,-0.0269999999999999,0.9125500325842184,0.5865788313585961,0.1388797891031154,0.3431086807574223,0.5863252510566495,0.9582261143355778,0.8929975906068525,0.9624667680703596,0.969446536964552,0.8457996693110011,0.853653036849721,0.9052605119514654,0,4,0,4,False,False,False,False,True,False,False,False
C[C@]12C=CC(=O)[C@@](C)(CCC(=O)Nc3ccc(OCC(=O)O)cc3)[C@H]3C[C@H]1C[C@@H](O3)[C@]2(C)CO,mol2mol,471.55,34,0.3407,6,False,0,1,122.16,3.1962000000000024,0.5825,0.643,0.4734,0.0242999999999999,0.9124580821917564,0.6816308808591531,0.0998285375654961,0.3252724830534728,0.5841031440578924,0.939197625156964,0.8325108760621027,0.9591006199715708,0.9685473866370758,0.9339417415287966,0.8289477909913057,0.9249605349944792,1,4,0,7,False,False,False,False,True,False,True,False
C[C@]12C=CC(=O)[C@@](C)(CCC(=O)Nc3cc(C(=O)O)ccc3CO)[C@H]3C[C@H]1C[C@@H](O3)[C@]2(C)CO,mol2mol,471.55,34,0.3478,6,False,0,1,133.16,2.9233000000000016,0.6898,0.667,0.5211,0.09575,0.911437928075271,0.7625371237244414,0.1096831909593557,0.405961101063101,0.6672843609589055,0.9674451200709142,0.7340364542256188,0.948593901673294,0.9656731045025604,0.9698124708473944,0.8317207568536139,0.9627836883535016,1,4,0,7,False,False,False,False,True,False,True,True
C[C@@]12C[C@H]1C[C@H]1O[C@@]3(C=CC(=O)[C@@](C)(CCC(=O)Nc4ccc(Br)cc4)[C@H]13)C2,mol2mol,444.37,28,0.4691,6,False,0,0,55.400000000000006,4.886800000000004,0.6574,0.6681,0.5104,0.0681499999999999,0.9113605360431386,0.4060966121261659,0.1392696548971005,0.7409018676475506,0.8347771489373127,0.956168436476455,0.946893744246278,0.897732821306148,0.9693359125119848,0.8614734654128062,0.8059947466902373,0.9419246256580616,1,5,0,3,False,False,False,False,False,False,True,False
C[C@@]12C=CC(=O)[C@@](C)(CCC(=O)Nc3ccc(C(=O)O)cc3)[C@H]3O[C@H]3C[C@@H]1C2,mol2mol,383.44,28,0.4321,6,False,0,1,96.0,3.432400000000002,0.6646,0.6163,0.5074,0.10275,0.9113580064270118,0.7034032691611908,0.1111805042601618,0.5154729729317447,0.666317177265631,0.9416737319335888,0.7878093393856007,0.9474132179742392,0.9748004261336916,0.923494569171772,0.8526691969532655,0.9516455634369244,1,4,0,5,False,False,False,False,True,False,False,False
C[C@]12C=CC(=O)[C@@](C)(CCC(=O)Nc3ccc(C#N)c(C(F)(F)F)c3)[C@H]3C[C@H]1C[C@H]3O2,mol2mol,432.44,31,0.3548,6,False,0,0,79.19000000000001,4.624680000000003,0.6685,0.6321,0.5882,0.05835,0.9103903781795591,0.3882072102009567,0.2074905065060073,0.7924716943787972,0.784564909013863,0.9728182087466778,0.8978711147075595,0.850924894505478,0.9740010191661072,0.8824546789017039,0.8264466638551501,0.9682160673742368,1,4,0,3,False,False,False,False,False,False,True,False
C[C@]12C=CC(=O)[C@@](C)(CCC(=O)Nc3ccc(C(=O)O)cc3)[C@H]3O[C@H]3C[C@@H]1C2,mol2mol,383.44,28,0.4321,6,False,0,1,96.0,3.432400000000002,0.6554,0.5988,0.497,0.1074999999999999,0.9102856718482912,0.7031955218852634,0.1085823403436946,0.5151536186291744,0.6675342112321354,0.9416070990358684,0.7829126482185541,0.9462154723830868,0.975758588883866,0.9218662643882436,0.8534977392604263,0.9501418907679928,1,4,0,5,False,False,False,False,True,False,False,False
C[C@]12C=CC(=O)[C@@](C)(CCC(=O)Nc3cccc(C(=O)O)c3)[C@H]3C[C@H]1C[C@@H](C2)O3,mol2mol,397.47,29,0.375,6,False,0,1,92.7,3.8225000000000025,0.6694,0.5828,0.5083,0.12385,0.9102653028455504,0.5133815864196981,0.200069756509758,0.5562260956235018,0.6708565146184877,0.9417302836583952,0.8574382001217027,0.9543299809061776,0.9776582013785052,0.9228094401744326,0.7684245879147257,0.9494664257649138,1,4,0,5,False,False,False,False,True,False,False,False
C[C@]12C=CC(=O)[C@@](C)(CCC(=O)Nc3cc(Cl)ccc3Cl)[C@H]3C[C@H]1C[C@H]3O2,mol2mol,408.33,27,0.3882,6,False,0,0,55.400000000000006,5.041000000000004,0.5791,0.5635,0.4827,0.0559999999999999,0.9098576318239632,0.3658123732664204,0.1143211833174798,0.7285225177016871,0.8122275564585009,0.9237740021710382,0.8947914191034552,0.8780043550804568,0.953489147864503,0.9155645853723268,0.8684955643003267,0.9348843488756352,1,4,0,3,False,False,False,False,False,False,True,False
C[C@@]12C[C@H]1C[C@@H]1O[C@@]3(C=CC(=O)[C@@](C)(CCC(=O)Nc4ccc(Cl)cc4)[C@H]13)C2,mol2mol,399.92,28,0.475,6,False,0,0,55.400000000000006,4.777700000000004,0.6135,0.6507,0.5381,0.0191,0.9096921634471332,0.4199478902035896,0.1340103884283571,0.6807024004943607,0.8137394660351754,0.9498348042158924,0.9427659898152853,0.9019832030687082,0.9635718947179432,0.8527854866790868,0.8157032726463168,0.9412004929866988,1,5,0,3,False,False,False,False,False,False,False,False
C[C@@]12C=CC(=O)[C@@](C)(CCC(=O)Nc3cc(C(=O)O)ccc3CO)[C@H]3C[C@H]1C[C@@H](C2)O3,mol2mol,427.5,31,0.3626,6,False,0,1,112.93,3.3148000000000017,0.7017,0.6197,0.5625,0.1106,0.909595595197352,0.5975947782717735,0.2047578401390867,0.5207301186327132,0.6672721445085776,0.965276236690064,0.7683557200556268,0.9444721804435672,0.9719863584864872,0.956410837784392,0.7992942906347964,0.9613735422865308,1,4,0,6,False,False,False,False,True,False,True,False
C[C@@]12C=CC(=O)[C@@](C)(CCC(=O)Nc3ccc(C(=O)O)cc3)[C@H]3C[C@@H](C[C@@H]1C2)O3,mol2mol,397.47,29,0.3976,6,False,0,1,92.7,3.8225000000000025,0.6645,0.6325,0.583,0.0567499999999999,0.9094072242557208,0.6384883270093948,0.1382753354290528,0.4661197182781477,0.6539658290605515,0.9419578276843982,0.828334874945549,0.9597949205885696,0.9796426019824676,0.9067121543066078,0.7903249831800564,0.9590832071023968,1,5,0,5,False,False,False,False,True,False,False,False
C[C@]12C=CC(=O)[C@@](C)(CCC(=O)Nc3ccc(C(=O)O)cc3)[C@H]3C[C@H]1C[C@@H](C2)O3,mol2mol,397.47,29,0.3929,6,False,0,1,92.7,3.8225000000000025,0.6574,0.5803,0.5086,0.1129499999999998,0.9090205936922692,0.5885554632528772,0.1992444433748918,0.5348335899376544,0.6492708999921586,0.9349467821986888,0.8436181317081396,0.9441519155150808,0.981163364919398,0.8983563068223006,0.7996195823894895,0.9612880722927862,1,4,0,5,False,False,False,False,True,False,False,False
C[C@@]12C[C@H]1C[C@H]1O[C@@]3(C=CC(=O)[C@@](C)(CCC(=O)Nc4ccc(Cl)cc4)[C@H]13)C2,mol2mol,399.92,28,0.475,6,False,0,0,55.400000000000006,4.777700000000004,0.6165,0.6502,0.5344,0.0242,0.9089849358892608,0.4201548539655889,0.1347930803616626,0.6782486806631829,0.8128035465357474,0.9475771526075012,0.9490679276216196,0.8988330200864484,0.963757423578732,0.8484745089234526,0.8136184201078466,0.9415660982992242,1,5,0,3,False,False,False,False,False,False,False,False
COc1cc(C(=O)O)ccc1NC(=O)CC[C@]1(C)C(=O)C=C[C@@]23C[C@@H](C[C@@H]1C2)O3,mol2mol,399.44,29,0.3953,6,False,0,1,101.93,3.195000000000002,0.6781,0.562,0.5831,0.10555,0.9088045720296664,0.5783873220691591,0.1132217844363462,0.3690998330543182,0.5837925878483485,0.951930552918168,0.7696427090227289,0.9522372218173796,0.9657531690893107,0.9068030279357432,0.8612463920740764,0.9540189313502572,1,5,0,6,False,False,False,False,True,False,False,False
C[C@]12C=CC(=O)[C@@](C)(CCC(=O)Nc3cc(Cl)ccc3Cl)[C@H]3C[C@H]1C[C@@H]3O2,mol2mol,408.33,27,0.3882,6,False,0,0,55.400000000000006,5.041000000000004,0.578,0.5511,0.4796,0.0626499999999999,0.9079588137895712,0.365002914808346,0.1152480974371266,0.7276849503019761,0.8119777581583463,0.9229282101373822,0.8949874502353662,0.8774805649322976,0.9509989416290096,0.9090775539456576,0.8641121557343753,0.9361268199129104,1,4,0,3,False,False,False,False,False,False,True,False
C[C@]12C=CC(=O)[C@@](C)(CCC(=O)Nc3cccc(C(=O)O)c3)[C@H]3C[C@@H](C[C@@H]1C2)O3,mol2mol,397.47,29,0.3793,6,False,0,1,92.7,3.8225000000000025,0.6468,0.5877,0.5739,0.066,0.9075008666749812,0.5630621681569967,0.1390677889656048,0.481592787512772,0.6743406381319964,0.9468796057092368,0.8283016002294241,0.9527525067303864,0.9707645685379882,0.9199427655530364,0.779320907014177,0.954544112950618,1,5,0,5,False,False,False,False,True,False,False,False
C[C@]12C=CC(=O)[C@@](C)(CCC(=O)Nc3ccc([N+](=O)[O-])cc3)[C@H]3O[C@@H]3C[C@@H]1C2,mol2mol,384.43,28,0.3882,6,False,0,0,101.84,3.642400000000002,0.5873,0.5376,0.4774,0.0798000000000001,0.907365982216922,0.769105540971276,0.129872328965975,0.5596735961697549,0.6952474889451876,0.9052587697658676,0.9160884713544708,0.9266844024903348,0.9435622278081688,0.91879665318806,0.7943933489430611,0.9467780019684904,1,4,0,5,False,False,False,False,True,False,False,False
C[C@]12C=CC(=O)[C@@](C)(CCC(=O)Nc3cc(C(=O)O)ccc3C(=O)O)[C@H]3O[C@H]3C[C@@H]1C2,mol2mol,427.45,31,0.4578,6,False,0,2,133.29999999999998,3.130600000000001,0.725,0.643,0.609,0.0989999999999999,0.9072943064953308,0.7329469597205615,0.0915098807549009,0.4669994210375409,0.7228893992070875,0.9222254647860376,0.8102706498983947,0.8912692096110048,0.9462364251369508,0.964368404453568,0.8593858132264468,0.9573041783549122,1,4,0,7,False,False,False,False,True,False,True,False
C[C@]12C=CC(=O)[C@@](C)(CCC(=O)Nc3cccc(C(=O)O)c3)[C@H]3C[C@H](C[C@@H]1C2)O3,mol2mol,397.47,29,0.3793,6,False,0,1,92.7,3.8225000000000025,0.6473,0.5964,0.5738,0.0622,0.9065172119844034,0.5627880704267789,0.163932950046563,0.4807052642757652,0.6673912544755498,0.9478293494975434,0.8197221829800809,0.9526250176219238,0.9705050399690842,0.9194522773188726,0.7810946834920974,0.9543919330112214,1,5,0,5,False,False,False,False,True,False,False,False
C[C@]12C=CC(=O)[C@@](C)(CCC(=O)Nc3cccc(OCC(=O)O)c3)[C@H]3O[C@H]3C[C@@H]1C2,mol2mol,413.47,30,0.3778,6,False,0,1,105.23,3.1976000000000013,0.5571,0.5066,0.5028,0.0524,0.9057285172120594,0.5863386791170312,0.100811670614065,0.4632942040324967,0.6088624863737391,0.9039922494406656,0.8648051568725412,0.9365195248284685,0.9552470041804902,0.8830512081278604,0.8957845063585217,0.9006999706758673,1,4,0,6,False,False,False,False,True,False,True,False
C[C@]12C=CC(=O)[C@@](C)(CCC(=O)Nc3ccc(C#N)c(Cl)c3)[C@H]3C[C@H]1C[C@H]3O2,mol2mol,398.89,28,0.3667,6,False,0,0,79.19000000000001,4.259280000000003,0.6278,0.6389,0.5495,0.0335999999999999,0.905618308272732,0.47080809167568,0.1983368240616046,0.7868035057806833,0.7739985711094368,0.882355801930065,0.905558233803339,0.8750245828547464,0.97009922651996,0.9397119206372438,0.8349223926718342,0.9316559994919356,1,4,0,3,False,False,False,False,False,False,False,False
C[C@@]1(CCC(=O)Nc2ccc(C(=O)O)cc2)C(=O)C=C[C@]2(C)C(=O)[C@]23C[C@@H]2C[C@@H](C3)[C@H]1O2,mol2mol,437.49,32,0.3793,6,False,0,1,109.77,3.391600000000002,0.6234,0.5839,0.5584,0.0522499999999999,0.9051080009419576,0.7022451936732654,0.1429985763220501,0.4195655534558909,0.7112117380469465,0.9485922701692668,0.811519058355259,0.9341475766274896,0.9739620529074572,0.9184894102739296,0.8154922032552984,0.9335534350050028,1,5,0,6,False,False,False,False,True,False,True,False
C[C@@]1(CCC(=O)Nc2ccc(C(=O)O)cc2)C(=O)C=C[C@]2(C)C(=O)[C@]23C[C@@H]2C[C@H](C3)[C@H]1O2,mol2mol,437.49,32,0.3793,6,False,0,1,109.77,3.391600000000002,0.624,0.5862,0.56,0.0508999999999999,0.9051024131838418,0.7043560816839778,0.1465317365450304,0.4166108558169678,0.7165317741112976,0.9479824106576252,0.814578109398095,0.9345083510533868,0.9740931528076594,0.9156514025598476,0.8153353808952245,0.933568084915053,1,5,0,6,False,False,False,False,True,False,True,False
C[C@@]12C=CC(=O)[C@@](C)(CCC(=O)Nc3ccc(C(=O)O)cc3)[C@@H]3O[C@H]4C[C@H]3C[C@]1(C4)C2=O,mol2mol,437.49,32,0.3793,6,False,0,1,109.77,3.391600000000002,0.6285,0.5964,0.5711,0.0447499999999999,0.9045050973501332,0.7002125110702,0.1421384082353734,0.4176636433662347,0.7175745514953891,0.9470100224020186,0.805026107795592,0.9378853132519308,0.9749724104706768,0.9146028340238972,0.8161524795658656,0.9358865139409512,1,5,0,6,False,False,False,False,True,False,True,False
C[C@@]12C=CC(=O)[C@@](C)(CCC(=O)Nc3ccc(C(=O)O)cc3)[C@@H]3O[C@H]4C[C@@H]3C[C@]1(C4)C2=O,mol2mol,437.49,32,0.3793,6,False,0,1,109.77,3.391600000000002,0.6236,0.5844,0.5724,0.0452,0.9044880125442608,0.7019985381449813,0.1453143131915459,0.4151805105113552,0.7226216393358298,0.946932172411163,0.8023213145889034,0.9381340120085374,0.9750431163040494,0.9167270393326536,0.8161571774774634,0.9361012556870546,1,5,0,6,False,False,False,False,True,False,True,False
C[C@]12C=CC(=O)[C@@](C)(CCC(=O)Nc3ccc(C(=O)O)cc3)[C@H]3C[C@@H](C[C@@H]1C2)O3,mol2mol,397.47,29,0.3976,6,False,0,1,92.7,3.8225000000000025,0.6595,0.6371,0.5815,0.0502,0.9039605743775206,0.6382433409790793,0.1374635101184994,0.4656973194691066,0.6529709922491556,0.9389185493843488,0.8162180273952864,0.9518183824299608,0.9789902137217822,0.8998610601927757,0.7839898720503972,0.9579279154680944,1,5,0,5,False,False,False,False,True,False,False,False
C[C@]12C=CC(=O)[C@@](C)(CCC(=O)Nc3ccc(OCC(=O)O)cc3)[C@H]3C[C@H]1C[C@@H](O3)[C@@H]2O,mol2mol,443.5,32,0.375,6,False,0,1,122.16,2.558500000000001,0.6007,0.5957,0.588,0.00885,0.9038916684208572,0.6165065381689783,0.1603082583622842,0.2861206366625477,0.5637671645915616,0.8928038638792825,0.8801380536666714,0.9342383109885666,0.9707544436989584,0.915196421756621,0.7955422755230234,0.9385683094328776,1,4,0,7,False,False,False,False,True,False,True,False
C[C@@]12C[C@H]3C[C@H]1[C@](C)(CCC(=O)Nc1cccc(C(=O)O)c1)C(=O)C=C[C@]3(C)C2,mol2mol,395.5,29,0.3837,6,False,0,1,83.47,4.691200000000004,0.7043,0.5929,0.4948,0.1604500000000001,0.9038400181289596,0.4090550662332586,0.1619423823669411,0.5201590672039618,0.7513093516051585,0.9514301003906483,0.8392237871729531,0.904805562454623,0.9790356065977712,0.855294082275209,0.8273815480980901,0.9697094399134232,1,5,0,4,False,False,False,False,False,False,False,False
CC(C)(Oc1ccc(NC(=O)CC[C@]2(C)C(=O)C=C[C@@]3(C)C[C@H]3C[C@@H]3O[C@@H]32)cc1)C(=O)O,mol2mol,441.52,32,0.382,6,False,0,1,105.23,3.976200000000003,0.6176,0.5613,0.5309,0.0715,0.9037425822544548,0.7457123846173569,0.1143770574262008,0.5914298353661412,0.6278466704073228,0.8964730171743308,0.8438281749908585,0.9342265360798536,0.9690415180018738,0.8839111546365542,0.8565707513662453,0.942146923531468,1,4,0,6,False,False,False,False,True,False,True,False
C[C@]12C=CC(=O)[C@@](C)(CCC(=O)Nc3ccc([N+](=O)[O-])cc3)[C@H]3C[C@H]1C[C@H]3O2,mol2mol,384.43,28,0.3929,6,False,0,0,98.54,3.642400000000002,0.5788,0.5546,0.5084,0.0473,0.9035255640668248,0.6359671521886728,0.1154561241590176,0.5223721533373092,0.674753311923785,0.9130386368911968,0.9369636801351632,0.9168254082177626,0.9438960312034806,0.8732696630871462,0.7849191767228217,0.9557663522102025,1,4,0,5,False,False,False,False,True,False,False,False
C[C@@]12C[C@H]1C[C@@H]1O[C@@]3(C=CC(=O)[C@@](C)(CCC(=O)NCCC(=O)O)[C@H]13)C2,mol2mol,361.44,26,0.4557,6,False,0,1,92.7,2.0765,0.5967,0.6899,0.5374,-0.01695,0.9033740163982866,0.5668695548275959,0.144127494229144,0.3443371874107301,0.42338280977308,0.9392650914985228,0.8455849220666276,0.9448761575870632,0.9764969940684806,0.8261246222742112,0.871383723526431,0.9198866037666704,0,4,0,5,False,False,False,False,True,False,False,False
C[C@]12C=CC(=O)[C@@](C)(CCC(=O)Nc3ccc(C(=O)O)cc3)[C@H]3C[C@@H](C[C@H]1C2)O3,mol2mol,397.47,29,0.3976,6,False,0,1,92.7,3.8225000000000025,0.6642,0.6348,0.578,0.0577999999999999,0.9030144585757132,0.6371357577226344,0.1345027618395939,0.4655608197774867,0.6539059572063713,0.9383201888453312,0.8074546178536861,0.9527377084295188,0.9790379822255312,0.9016527477350964,0.7838288267751276,0.9580691381657012,1,5,0,5,False,False,False,False,True,False,False,False
C[C@@]1(CCC(=O)Nc2cccc(C(=O)O)c2)C(=O)C=C[C@]2(C)C(=O)[C@]23C[C@@H]2C[C@H](C3)[C@H]1O2,mol2mol,437.49,32,0.3626,6,False,0,1,109.77,3.391600000000002,0.6376,0.5575,0.5568,0.0804499999999999,0.9029305912166654,0.6573119012957629,0.147173547193786,0.4429807236706385,0.7306198421077659,0.94563345345339,0.8486989135473444,0.9409460827319872,0.9594567546591884,0.8847559033976186,0.8271462774183833,0.9138767533087464,1,5,0,6,False,False,False,False,True,False,True,False
C[C@@]12C=CC(=O)[C@@](C)(CCC(=O)Nc3cc(C(=O)O)ccc3CO)[C@H]3O[C@H]3C[C@@H]1C2,mol2mol,413.47,30,0.3977,6,False,0,1,116.23,2.9247000000000014,0.7,0.6189,0.542,0.1195499999999999,0.9017767342717542,0.7119842174005528,0.1146743919237088,0.5299915578285587,0.6693696862864476,0.9137815730455076,0.7730840801033079,0.9062588071108164,0.9573521977361802,0.9376795070878724,0.8673005261382079,0.9569804486803868,1,4,0,6,False,False,False,False,True,False,True,False
C[C@]12C=CC(=O)[C@@](C)(CCC(=O)Nc3ccc(C(=O)O)cc3)[C@H]3C[C@H](C[C@@H]1C2)O3,mol2mol,397.47,29,0.3976,6,False,0,1,92.7,3.8225000000000025,0.6613,0.6376,0.5805,0.05225,0.9016422023777888,0.6377449785610014,0.1609974585323153,0.4647385379692361,0.6468375513026134,0.94125621861555,0.80797537910883,0.95140342507995,0.9792063480834018,0.8989362815056771,0.774305973626575,0.9584117906245364,1,5,0,5,False,False,False,False,True,False,False,False
C[C@]12C=CC(=O)[C@@](C)(CCC(=O)Nc3cc(C(=O)O)ccc3CO)[C@H]3C[C@H]1C[C@@H](C2)O3,mol2mol,427.5,31,0.3626,6,False,0,1,112.93,3.3148000000000017,0.6987,0.6159,0.5559,0.1128,0.9009904929553972,0.5977534642237328,0.2046731934753184,0.5212356956049252,0.6673814978188061,0.9531189402130774,0.7583353321056314,0.9343265799949872,0.9682272463081744,0.955843002396647,0.7771773095628682,0.9599050401063948,1,4,0,6,False,False,False,False,True,False,True,False
C[C@]12C=CC(=O)[C@@](C)(CCC(=O)Nc3cc(C(=O)O)ccc3CO)[C@H]3C[C@@H]1C[C@@H](C2)O3,mol2mol,427.5,31,0.3626,6,False,0,1,112.93,3.3148000000000017,0.6989,0.6175,0.559,0.1106499999999999,0.9007781198319446,0.5976334370971129,0.2050475721322996,0.5191859867926828,0.6686266063683451,0.9539084113745144,0.7553403604174693,0.9344353797957504,0.9681083118727936,0.955697292523876,0.7765766173710863,0.961380465468122,1,4,0,6,False,False,False,False,True,False,True,False
C[C@]12C=CC(=O)[C@@](C)(CCC(=O)Nc3cc(C(=O)O)ccc3CO)[C@H]3C[C@H]1C[C@H](C2)O3,mol2mol,427.5,31,0.3626,6,False,0,1,112.93,3.3148000000000017,0.6978,0.6217,0.55,0.11195,0.9002218742716693,0.5981953837672476,0.2035934987490361,0.5226479738015929,0.6656114592811252,0.9528249231608356,0.7540673151729052,0.9343313011636676,0.9682416953489084,0.9550019454319724,0.77667027271776,0.9604156669056364,1,4,0,6,False,False,False,False,True,False,True,False
C[C@@]12C[C@H]1C[C@H]1O[C@@]3(C=CC(=O)[C@@](C)(CCC(=O)NCCC(=O)O)[C@H]13)C2,mol2mol,361.44,26,0.4557,6,False,0,1,92.7,2.0765,0.592,0.6916,0.5503,-0.02895,0.8991469140633713,0.56624572424483,0.1448847610618454,0.3442982293760435,0.4213003319069002,0.9321363030933332,0.8439080691346753,0.940131341417422,0.9735214352502616,0.8220189081607178,0.8664261996890538,0.9158861416981356,0,4,0,5,False,False,False,False,True,False,False,False
C[C@]12C[C@@]34C=CC(=O)[C@@](C)(CCC(=O)Nc5ccc(C(F)(F)F)cc5)[C@@H]3[C@@H](C[C@@H]1C4)O2,mol2mol,433.47,31,0.6351,6,False,0,0,55.400000000000006,5.143100000000004,0.672,0.6435,0.515,0.09275,0.8990533796149496,0.3760087682738784,0.2500543307769474,0.6859369844737481,0.7237573764354832,0.975284504675531,0.903064414227598,0.8732249830720277,0.975622754812248,0.8197535457596627,0.7674637940269964,0.9789596607305824,1,6,0,3,False,False,False,False,False,False,True,False
CC(C)(C)c1ccc(NC(=O)CC[C@]2(C)C(=O)C=C[C@@]34C[C@]5(C)C[C@H]5C[C@@H](O3)[C@H]42)cc1,mol2mol,421.58,31,0.4578,6,False,0,0,55.400000000000006,5.4218000000000055,0.6321,0.6134,0.4806,0.0851,0.8989534263631046,0.5020580275796527,0.1097612943561228,0.7328406489767356,0.7830159788183069,0.9616205415469018,0.9530458797480466,0.8559412020412468,0.984809324877838,0.8830573032545092,0.6885368091967573,0.9656629238764324,1,5,0,3,False,False,False,False,True,False,True,False
C[C@]12C[C@@]34C=CC(=O)[C@@](C)(CCC(=O)Nc5cc(C(F)(F)F)ccc5Cl)[C@@H]3[C@@H](C[C@@H]1C4)O2,mol2mol,467.92,32,0.5875,6,False,0,0,55.400000000000006,5.796500000000004,0.6576,0.5894,0.5349,0.0954499999999999,0.8986895312705433,0.3360031797595664,0.2435978526391683,0.7597434067301078,0.798851531066912,0.9541792092227932,0.9252755402587576,0.8204608599828928,0.9523632161517692,0.8372531782410796,0.8418173146306734,0.9594774004058376,1,6,0,3,False,False,False,False,False,False,True,False
C[C@@]12C[C@H]1C[C@H]1O[C@@]3(C=CC(=O)[C@@](C)(CCC(=O)Nc4cccc(Cl)c4)[C@H]13)C2,mol2mol,399.92,28,0.4471,6,False,0,0,55.400000000000006,4.777700000000004,0.6298,0.6523,0.5436,0.03185,0.8986377769177434,0.3795842919008058,0.1353272978328288,0.6812734035364495,0.8203700466522659,0.9420993397401076,0.9341874463477108,0.8987240632929269,0.9538869424442928,0.8497517145853873,0.7868508782639134,0.924964053749864,1,5,0,3,False,False,False,False,False,False,False,False
C[C@@]12C=CC(=O)[C@@](C)(CCC(=O)Nc3ccc(OCC(=O)O)cc3)[C@H]3O[C@H]3C[C@@H]1C2,mol2mol,413.47,30,0.3953,6,False,0,1,105.23,3.1976000000000013,0.5483,0.5357,0.5456,0.00765,0.8985724759095319,0.6384051283271306,0.1080655866625479,0.4581689001876797,0.5861553940307983,0.9029492127056926,0.8705970021983762,0.9323497673210918,0.9554446294551936,0.8445248931238232,0.8704924483484363,0.9136493782141104,1,4,0,6,False,False,False,False,True,False,True,False
C[C@@]12C=CC(=O)[C@@](C)(CCC(=O)Nc3ccc(OCC(=O)O)cc3)[C@H]3O[C@@H]3C[C@@H]1C2,mol2mol,413.47,30,0.3953,6,False,0,1,105.23,3.1976000000000013,0.5649,0.5259,0.5436,0.0301499999999999,0.8983458080660635,0.6364516371161817,0.1068468388907995,0.4595134840017213,0.587110686463838,0.9069853032278168,0.8566343631588411,0.9322500831484484,0.9612064762256636,0.8452169340870936,0.869247725081714,0.9168797715328668,1,4,0,6,False,False,False,False,True,False,True,False
C[C@@]12C[C@H]1C[C@@H]1O[C@@]3(C=CC(=O)[C@@](C)(CCC(=O)Nc4ccc(O)cc4)[C@H]13)C2,mol2mol,381.47,28,0.4937,6,False,1,0,75.63000000000001,3.829900000000002,0.6127,0.6357,0.5078,0.04095,0.8980847779017889,0.4189477684733978,0.1488275734798457,0.4578782415793587,0.8134614863702697,0.9316054931532332,0.937079610699546,0.9368974019818688,0.9689501655217404,0.8265236341590118,0.7492940059424886,0.9362431338546324,1,5,0,4,False,False,False,False,False,False,False,False
C[C@]12C=CC(=O)[C@@](C)(CCC(=O)Nc3ccc(C(F)(F)F)cc3)[C@H]3C[C@H]1C[C@H]3O2,mol2mol,407.43,29,0.3929,6,False,0,0,55.400000000000006,4.753000000000004,0.6156,0.5784,0.4966,0.0781,0.8976364188742016,0.3702106121538842,0.2455901524576107,0.7060196662235739,0.732515998149618,0.962149113097666,0.9038012783944552,0.8678546559071588,0.9723887865305813,0.8140640147132784,0.7898578633731255,0.9733392201031468,1,4,0,3,False,False,False,False,False,False,True,False
C[C@]12C[C@@]34C=CC(=O)[C@@](C)(CCC(=O)Nc5ccc(Cl)cc5Cl)[C@@H]3[C@H](C[C@@H]1C4)O2,mol2mol,434.36,29,0.6267,6,False,0,0,55.400000000000006,5.431100000000004,0.6653,0.5571,0.5396,0.11695,0.8975002177511008,0.3801806624195285,0.1383918325759183,0.7183055739999572,0.7911206335155918,0.9333629829380016,0.9174798527008492,0.8435338200514102,0.9539328826609412,0.8364603036609802,0.8328571882578278,0.9648744939876948,1,6,0,3,False,False,False,False,False,False,True,False
C[C@@]1(CCC(=O)[N+](C)(C)CCC(=O)Nc2cccc(O)c2)C(=O)C=C[C@]23C[C@H]1C[C@H]2O3,mol2mol,427.52,31,0.3626,6,False,1,0,96.0,2.796800000000001,0.5501,0.6418,0.6646,-0.1030999999999999,0.8971213811970794,0.5732242188891435,0.2096445782720952,0.5179082847891411,0.7553762284192155,0.95772063465274,0.7444532815583689,0.9537035025130776,0.9510765854148374,0.9185464345736956,0.849878874772429,0.9044703548944067,1,4,0,5,False,False,False,False,True,False,True,False
C[C@]12C=CC(=O)[C@@](C)(CCC(=O)Nc3ccc(C(F)(F)F)cc3)[C@H]3C[C@H]1C[C@@H]3O2,mol2mol,407.43,29,0.3929,6,False,0,0,55.400000000000006,4.753000000000004,0.6105,0.585,0.5106,0.0626999999999999,0.8968471035022161,0.3694297629958222,0.246639709338719,0.7058853434715132,0.7322323020146175,0.9622523369734336,0.9018190871011482,0.8680775812181866,0.9715919232281772,0.8111878787389615,0.7892085562797465,0.97379236097586,1,4,0,3,False,False,False,False,False,False,True,False
C[C@@]12C[C@H]1C[C@@H]1O[C@@]3(C=CC(=O)[C@@](C)(CCC(=O)Nc4cccc(Cl)c4)[C@H]13)C2,mol2mol,399.92,28,0.4471,6,False,0,0,55.400000000000006,4.777700000000004,0.6277,0.6515,0.5482,0.02785,0.8968066891745062,0.379436667673142,0.1345786817591156,0.6839599468163189,0.8213097644192178,0.9419005885418872,0.9294752304085632,0.8994504793499457,0.95270710341633,0.8471818823324537,0.7825612687808486,0.9243702713915156,1,5,0,3,False,False,False,False,False,False,False,False
C[C@@]12C[C@H]1C[C@H]1O[C@@]3(C=CC(=O)[C@@](C)(CCC(=O)Nc4ccc(O)cc4)[C@H]13)C2,mol2mol,381.47,28,0.4937,6,False,1,0,75.63000000000001,3.829900000000002,0.6138,0.6355,0.5048,0.04365,0.8966486318060963,0.4190411058399467,0.149505751812611,0.4551500160316996,0.8124026085292909,0.9298156384635098,0.9368747785461377,0.9331127592592516,0.9694197943427266,0.8257533440446724,0.7495059401391188,0.9320581678472584,1,5,0,4,False,False,False,False,False,False,False,False
C[C@]12C=CC(=O)[C@@](C)(CCC(=O)Nc3c(Cl)cccc3Cl)[C@H]3C[C@H]1C[C@H]3O2,mol2mol,408.33,27,0.4375,6,False,0,0,55.400000000000006,5.041000000000004,0.5498,0.5488,0.4868,0.0319999999999999,0.8963036406305696,0.3501298977832541,0.104256209511504,0.7423758906077197,0.7789493427487473,0.9237520861330664,0.8735018973706301,0.8357422130075302,0.9518935952019792,0.9017056533883366,0.854808981863863,0.9327210574485806,1,4,0,3,False,False,False,False,False,False,True,False
CC(C)(Oc1ccc(NC(=O)CC[C@]2(C)C(=O)C=C[C@]3(C)C[C@H]3C[C@@H]3O[C@@H]32)cc1)C(=O)O,mol2mol,441.52,32,0.382,6,False,0,1,105.23,3.976200000000003,0.6134,0.5617,0.5316,0.0667499999999999,0.8958332683024152,0.7458438324571127,0.112081243677541,0.5901518431779975,0.6290534933070563,0.8792612474426814,0.8396154559254698,0.919303624636314,0.966535079493548,0.8695768768077198,0.8568315717117333,0.9397090220994392,1,4,0,6,False,False,False,False,True,False,True,False
C[C@]12C=CC(=O)[C@@](C)(CCC(=O)Nc3ccc(C#N)c(Cl)c3)[C@H]3O[C@@H]3C[C@@H]1C2,mol2mol,398.89,28,0.3626,6,False,0,0,82.49000000000001,4.259280000000003,0.6446,0.6471,0.55,0.0460499999999999,0.894514337133914,0.633938847705549,0.1831593486936438,0.7771233223955363,0.777981665998476,0.8606446683639687,0.8615741567062223,0.8894278823851116,0.956769509793032,0.9203605646857312,0.8631224065805166,0.9097011714228151,1,4,0,3,False,False,False,False,True,False,False,False
C[C@@]12C=CC(=O)[C@@](C)(CCC(=O)Nc3cc(C(=O)O)ccc3CO)[C@H]3C[C@@H](C[C@@H]1C2)O3,mol2mol,427.5,31,0.3667,6,False,0,1,112.93,3.3148000000000017,0.6857,0.6566,0.6202,0.0473,0.8936614359239694,0.6392777202181585,0.1483421686326745,0.4575906469644115,0.6674070269296397,0.9303968131565884,0.8193945320647437,0.8917512055599355,0.9519029399234392,0.9509084950236076,0.7542721374621509,0.95700392827732,1,5,0,6,False,False,False,False,True,False,True,False
C[C@]12C=CC(=O)[C@@](C)(CCC(=O)Nc3ccc(F)c(Cl)c3)[C@H]3C[C@H]1C[C@H]3O2,mol2mol,391.87,27,0.3793,6,False,0,0,55.400000000000006,4.5267000000000035,0.6327,0.5944,0.5713,0.0498499999999999,0.8936410539999786,0.435190824342992,0.1432530140126118,0.698430536960856,0.7858880581912131,0.9011388560889428,0.8893198066258454,0.8432789995650619,0.9609862922296992,0.8935983612475539,0.847598054773716,0.9195670074690312,1,4,0,3,False,False,False,False,False,False,False,False
C[C@@]12C=CC(=O)[C@@](C)(CCC(=O)Nc3cc(C(=O)O)ccc3CO)[C@H]3C[C@H](C[C@H]1C2)O3,mol2mol,427.5,31,0.3667,6,False,0,1,112.93,3.3148000000000017,0.6827,0.6645,0.6142,0.04335,0.8934538675229264,0.6384739143279712,0.1640348940399983,0.4570690495580226,0.6613706547887042,0.9295368723797052,0.8205247845490147,0.89095765436941,0.951877033659144,0.9509929353382568,0.753011925305089,0.9572758670598652,1,5,0,6,False,False,False,False,True,False,True,False
C[C@@]12C=CC(=O)[C@@](C)(CCC(=O)Nc3cc(C(=O)O)ccc3CO)[C@H]3C[C@H](C[C@@H]1C2)O3,mol2mol,427.5,31,0.3667,6,False,0,1,112.93,3.3148000000000017,0.683,0.6596,0.6131,0.04665,0.8927024948617337,0.6391753988047434,0.1723965966189929,0.4567810322085143,0.6609399484419924,0.9311050598149068,0.8122383688319197,0.8914272333134128,0.9519299486450598,0.9502320370688524,0.7540464921521761,0.9579383242058088,1,5,0,6,False,False,False,False,True,False,True,False
C[C@@]12C[C@H]1C[C@@H]1O[C@@]3(C=CC(=O)[C@@](C)(CCC(=O)Nc4ccccc4C(F)(F)F)[C@H]13)C2,mol2mol,433.47,31,0.4419,6,False,0,0,55.400000000000006,5.143100000000005,0.6614,0.6389,0.5661,0.0588999999999999,0.8923285375470196,0.3248301156944402,0.2328592034706371,0.6678052842384533,0.7906963189320839,0.968521384040148,0.9631051256877684,0.8503885084693618,0.9496538301220616,0.8068588278438232,0.8031376396265623,0.904634447039412,1,5,0,3,False,False,False,False,False,False,True,False
C[C@@]12C[C@H]1C[C@@H]1O[C@@]3(C=CC(=O)[C@@](C)(CCC(=O)N(Cc4ccccc4)c4ccccc4)[C@H]13)C2,mol2mol,455.6,34,0.3864,6,False,0,0,46.61000000000001,5.7190000000000065,0.6371,0.5105,0.3747,0.1945,0.8922888048442099,0.4083748902533253,0.0978235055846897,0.6928160390967486,0.7322191885367919,0.974483249196208,0.9621841231246212,0.8549189932655343,0.9786628884460354,0.8762675728818806,0.6490936830232822,0.9504111239719084,2,6,0,3,False,False,False,False,False,False,True,False
C[C@@]12C[C@H]1C[C@H]1O[C@@]3(C=CC(=O)[C@@](C)(CCC(=O)N(Cc4ccccc4)c4ccccc4)[C@H]13)C2,mol2mol,455.6,34,0.3864,6,False,0,0,46.61000000000001,5.7190000000000065,0.6329,0.5135,0.3837,0.1843,0.8921072158237046,0.408264740249323,0.0982129171842014,0.6906850565978915,0.7305345186970473,0.974753927991854,0.9613296644218964,0.8535292315320308,0.9787481844004384,0.8832301483848899,0.6424535669113071,0.9507057871235152,2,6,0,3,False,False,False,False,False,False,True,False
C[C@]12C[C@@]34C=CC(=O)[C@@](C)(CCC(=O)Nc5ccc(Cl)cc5)[C@@H]3[C@@H](C[C@@H]1C4)O2,mol2mol,399.92,28,0.6714,6,False,0,0,55.400000000000006,4.777700000000004,0.6237,0.6105,0.5082,0.06435,0.8904513086855871,0.3936609756192255,0.1418253783196984,0.6625904357285503,0.7421781820256161,0.9404109227758556,0.8807180019687653,0.8666130460082918,0.951725473031938,0.8320675157320295,0.8281676632098143,0.9334565380724148,1,6,0,3,False,False,False,False,False,False,False,False
C[C@]12C=CC(=O)[C@@](C)(CCC(=O)Nc3cc(F)cc(F)c3)[C@H]3C[C@H]1C[C@H]3O2,mol2mol,375.42,27,0.3902,6,False,0,0,55.400000000000006,4.012400000000003,0.5649,0.6495,0.5736,-0.04665,0.8899035719989961,0.4349580006947915,0.1335507798208592,0.6092964073885091,0.6894595604602034,0.9039506871300622,0.8983494199291233,0.8228068154790352,0.962846499895872,0.8728079893399306,0.8383832573071949,0.9301803349117544,1,4,0,3,False,False,False,False,False,False,False,False
C[C@]12C[C@@]34C=CC(=O)[C@@](C)(CCC(=O)Nc5cccc(C(F)(F)F)c5)[C@@H]3[C@@H](C[C@@H]1C4)O2,mol2mol,433.47,31,0.6026,6,False,0,0,55.400000000000006,5.143100000000004,0.6861,0.61,0.5223,0.1199500000000001,0.8898781090327998,0.3078749732329269,0.2564227400962867,0.7112339855825639,0.7620924883449374,0.9731102540503352,0.924868397286868,0.8234967101400539,0.962280933714198,0.8285004837912379,0.7616581778730845,0.9552318063738204,1,6,0,3,False,False,False,False,False,False,True,False
C[C@]12C=CC(=O)[C@@](C)(CCC(=O)Nc3ccc(Cl)cc3Cl)[C@H]3O[C@H]3C[C@@H]1C2,mol2mol,408.33,27,0.3837,6,False,0,0,58.7,5.041000000000004,0.6577,0.582,0.5034,0.1149999999999999,0.8894515569930247,0.5506551434591086,0.1281975340947085,0.7376928562884396,0.8251702603864353,0.8815837778202221,0.8785505258291062,0.8555456170614479,0.9489614904718232,0.889417823408147,0.8431864442661866,0.9289152200942395,1,4,0,3,False,False,False,False,True,False,True,False
C[C@]12C=CC(=O)[C@@](C)(CCC(=O)Nc3cc(C(=O)O)ccc3CO)[C@H]3O[C@@H]3C[C@@H]1C2,mol2mol,413.47,30,0.3977,6,False,0,1,116.23,2.9247000000000014,0.6898,0.5965,0.5424,0.1203499999999999,0.8894437201052684,0.709828508079766,0.1110886717398192,0.5306998326960396,0.6715732682707658,0.9130072234827858,0.7530630015686037,0.897570656275709,0.9536685582286166,0.9290818828190084,0.8578319129990676,0.9218828053630872,1,4,0,6,False,False,False,False,True,False,True,False
C[C@@]12C[C@H]1C[C@@H]1O[C@@]3(C=CC(=O)[C@@](C)(CCC(=O)Nc4ccccc4Br)[C@H]13)C2,mol2mol,444.37,28,0.4578,6,False,0,0,55.400000000000006,4.8868000000000045,0.6262,0.5983,0.4792,0.0874499999999999,0.8893159710660603,0.3582186127674691,0.1245521314388909,0.7316069682297692,0.8180488409056109,0.9490356694290604,0.9308969258204856,0.8800826738088889,0.940674433981734,0.8442737759810802,0.7708724294014564,0.909375889039716,1,5,0,3,False,False,False,False,False,False,True,False
C[C@@]12C[C@H]1C[C@H]1O[C@@]3(C=CC(=O)[C@@](C)(CCC(=O)Nc4cccc(O)c4)[C@H]13)C2,mol2mol,381.47,28,0.4878,6,False,1,0,75.63000000000001,3.829900000000002,0.6086,0.5701,0.5177,0.0646999999999999,0.8883596675860189,0.3826876613352398,0.1521264415725099,0.4571967451334323,0.8232021540212312,0.9317682214529188,0.93124473982416,0.9318885573425604,0.9593516936058154,0.8162501380127128,0.7384709519287971,0.909543370935168,1,5,0,4,False,False,False,False,False,False,False,False
CC(C)(C)Oc1ccc(NC(=O)CC[C@]2(C)C(=O)C=C[C@@]34C[C@]5(C)C[C@H]5C[C@@H](O3)[C@H]42)cc1,mol2mol,437.58,32,0.4419,6,False,0,0,64.63,5.301600000000005,0.5954,0.6225,0.4846,0.04185,0.8871748106701203,0.5004576161940634,0.0903574151384891,0.7291329230733635,0.7645183652029213,0.9467776879441426,0.9328883505149864,0.8491948515768208,0.976578268642478,0.8764054549779029,0.6887888807341852,0.9395901803003268,1,5,0,4,False,False,False,False,True,False,True,False
C[C@@]12C[C@H]1C[C@@H]1O[C@@]3(C=CC(=O)[C@@](C)(CCC(=O)NCc4ccc(Cl)cc4)[C@H]13)C2,mol2mol,413.95,29,0.4286,6,False,0,0,55.400000000000006,4.455400000000004,0.645,0.6669,0.4986,0.06225,0.8870650709982529,0.3933286377075695,0.139389566876256,0.6875673133492789,0.7347078187149227,0.9463809933983572,0.9174314027023588,0.8972090505782324,0.9541729200662769,0.8214998559983105,0.7434470262145775,0.9293142480296566,1,5,0,3,False,False,False,False,False,False,True,False
C[C@]12C=CC(=O)[C@@](C)(CCC(=O)Nc3ccc(OCC(=O)O)cc3)[C@H]3O[C@@H]3C[C@@H]1C2,mol2mol,413.47,30,0.3953,6,False,0,1,105.23,3.1976000000000013,0.5498,0.5211,0.5378,0.0203499999999999,0.8868039191571955,0.6364729118220751,0.1047671547752194,0.4596993621992467,0.5880534247817781,0.8796554711028076,0.8507586678863468,0.9281799987871387,0.9531221424997894,0.828058263510916,0.8466366349549416,0.921216255358429,1,4,0,6,False,False,False,False,True,False,True,False
C[C@@]12C[C@H]1C[C@H]1O[C@@]3(C=CC(=O)[C@@](C)(CCC(=O)Nc4ccccc4C(F)(F)F)[C@H]13)C2,mol2mol,433.47,31,0.4419,6,False,0,0,55.400000000000006,5.143100000000005,0.6617,0.6425,0.5658,0.0575499999999999,0.8863388866954497,0.3243664888624349,0.2338079366222245,0.6652602643698121,0.7894030409716,0.9644014935715208,0.959801483645652,0.8458842006817727,0.946351008991776,0.782606505229125,0.8025270507224826,0.9028004640258184,1,5,0,3,False,False,False,False,False,False,True,False
C[C@]12C=CC(=O)[C@@](C)(CCC(=O)Nc3ccc(OCC(=O)O)cc3)[C@H]3O[C@H]3C[C@@H]1C2,mol2mol,413.47,30,0.3953,6,False,0,1,105.23,3.1976000000000013,0.5486,0.5291,0.5406,0.0137499999999999,0.8862640154806524,0.6382748100366328,0.1058551247587747,0.4583928007263609,0.5871205102059309,0.8808283554649083,0.8580594822814411,0.9319968184351805,0.953702333961584,0.8184899736565229,0.8473423181758298,0.9134288263890996,1,4,0,6,False,False,False,False,True,False,True,False
C[C@]12C=CC(=O)[C@@](C)(CCC(=O)Nc3cc(C(=O)O)ccc3CO)[C@H]3O[C@H]3C[C@@H]1C2,mol2mol,413.47,30,0.3977,6,False,0,1,116.23,2.9247000000000014,0.6904,0.5964,0.5438,0.1202999999999999,0.8860088208996711,0.7118591783879106,0.1121343141854073,0.5299896773822794,0.6704812380158122,0.9103247404831776,0.7293093921019564,0.8981726983623258,0.95403092229434,0.932882007199864,0.8568978897043532,0.9204440961516812,1,4,0,6,False,False,False,False,True,False,True,False
C[C@@]12C[C@H]1C[C@H]1O[C@@]3(C=CC(=O)[C@@](C)(CCC(=O)NCc4ccc(Cl)cc4)[C@H]13)C2,mol2mol,413.95,29,0.4286,6,False,0,0,55.400000000000006,4.455400000000004,0.6521,0.6556,0.4856,0.0815,0.8859955083405119,0.3934182083147159,0.1411169601275464,0.686879368969957,0.7336797071720652,0.9450953576662108,0.9207885418747286,0.8894984088812693,0.9540542561933636,0.8194993312891065,0.744471284879911,0.928561377598993,1,5,0,3,False,False,False,False,False,False,True,False
C[C@@]12C=CC(=O)[C@@](C)(CCC(=O)Nc3ccc(OCC(=O)O)cc3)[C@H]3C[C@H]1C[C@H](C2)O3,mol2mol,427.5,31,0.3596,6,False,0,1,101.93,3.5877000000000017,0.5802,0.5794,0.5129,0.03405,0.8848865315868135,0.5140845637002495,0.1930651100835343,0.4327246079703498,0.5589995808762505,0.8957062023430068,0.8623004166421211,0.9036265352535086,0.9691187991773064,0.8504069114010061,0.7857088855573696,0.927337970733376,1,4,0,6,False,False,False,False,True,False,True,False
C[C@@]12C[C@H]1C[C@H]1O[C@@]3(C=CC(=O)[C@@](C)(CCC(=O)Nc4ccccc4Br)[C@H]13)C2,mol2mol,444.37,28,0.4578,6,False,0,0,55.400000000000006,4.8868000000000045,0.6132,0.6099,0.4726,0.0719499999999999,0.8847281691073483,0.358521126888552,0.1251617632384785,0.7289940998200213,0.8167006960744488,0.9474637554425916,0.9257031178343328,0.8784951910015203,0.9400918499657912,0.8244458907992328,0.7704344949138157,0.9064628837941534,1,5,0,3,False,False,False,False,False,False,True,False
C[C@]12C=CC(=O)[C@@](C)(CCC(=O)Nc3cccc(C(F)(F)F)c3)[C@H]3C[C@H]1C[C@H]3O2,mol2mol,407.43,29,0.375,6,False,0,0,55.400000000000006,4.753000000000004,0.6401,0.5899,0.5006,0.0948499999999999,0.8841546394284701,0.307652318574785,0.2520533514934306,0.7308808255446467,0.7677081881170307,0.9554050374827634,0.9030181176776562,0.8304884011677521,0.9571915379821252,0.8206769085176856,0.7918232637119097,0.9304792094593988,1,4,0,3,False,False,False,False,False,False,True,False
C[C@]12C=CC(=O)[C@@](C)(CCC(=O)Nc3ccc(C(F)(F)F)cc3)[C@H]3O[C@@H]3C[C@@H]1C2,mol2mol,407.43,29,0.3929,6,False,0,0,58.7,4.753000000000004,0.6582,0.6231,0.5092,0.09205,0.8838401777074412,0.5291900137974874,0.2540404186720669,0.7158501444714845,0.7378121751199784,0.9493422274308582,0.8823871211445715,0.8577403424568417,0.961030589760591,0.7957370208490779,0.7805200197775913,0.9601239225325569,1,4,0,3,False,False,False,False,True,False,True,False
C[C@]12C[C@@]34C=CC(=O)[C@@](C)(CCC(=O)Nc5ccc(Br)cc5)[C@@H]3[C@@H](C[C@@H]1C4)O2,mol2mol,444.37,28,0.662,6,False,0,0,55.400000000000006,4.886800000000004,0.6547,0.6148,0.5143,0.0901499999999999,0.8826658622020627,0.3728398235396307,0.1463431116917266,0.7212880146029004,0.7622467166330449,0.9260832618155916,0.8906882619150971,0.8414031149283684,0.9524380786398372,0.8466003993990925,0.7912037869509887,0.9302441317654638,1,6,0,3,False,False,False,False,False,False,True,False
C[C@@]12C[C@H]1C[C@H]1O[C@@]3(C=CC(=O)[C@@](C)(CCC(=O)Nc4ccc(N)cc4)[C@H]13)C2,mol2mol,380.49,28,0.4691,6,False,0,0,81.42,3.706500000000001,0.6156,0.6412,0.4838,0.0531,0.8819419501911533,0.5611043897655743,0.1529299007837608,0.5112781783143593,0.7180070005998949,0.9262764100104758,0.9221906764720968,0.9130969646647734,0.9579181744505256,0.813604817520471,0.7330571111404659,0.9074494970792644,1,5,0,3,False,False,False,False,True,False,False,False
CC(C)(Oc1cccc(NC(=O)CC[C@]2(C)C(=O)C=C[C@]3(C)C[C@H]3C[C@@H]3O[C@@H]32)c1)C(=O)O,mol2mol,441.52,32,0.3656,6,False,0,1,105.23,3.976200000000002,0.6145,0.5724,0.5011,0.0777499999999999,0.880319243244398,0.7249312619893173,0.0965562494288768,0.6264832956231355,0.6484441263648388,0.8468616551600675,0.7802511467300239,0.9247461984678964,0.964315018962988,0.9066347841671948,0.8348911391993389,0.9045347600232762,1,4,0,6,False,False,False,False,True,False,True,False
C[C@@]12C[C@H]1C[C@H]1O[C@@]3(C=CC(=O)[C@@](C)(CCC(=O)Nc4ccc(C(N)=O)cc4)[C@H]13)C2,mol2mol,408.5,30,0.4634,6,False,0,0,98.49,3.223200000000001,0.6222,0.6374,0.5312,0.0378999999999999,0.8801762283867598,0.5610625414078836,0.1451479560507366,0.5872529420950072,0.6260969922090115,0.9411467947705732,0.8937551361302405,0.8844035288903248,0.9603077319864258,0.8265643160830988,0.7663525289253625,0.8887035619212934,1,5,0,4,False,False,False,False,True,False,True,False
C[C@]12C[C@@]34C=CC(=O)[C@@](C)(CCC(=O)O)[C@@H]3[C@H](C[C@@H]1C4)O2,mol2mol,290.36,21,0.6719,6,False,0,1,63.60000000000001,2.5702000000000007,0.5848,0.4863,0.5227,0.0802999999999999,0.8798768732073731,0.6118194050607219,0.16550076010261,0.3200922220780903,0.5077465232613041,0.9420349484558582,0.8708990364895506,0.9284609782225012,0.9521070644084392,0.7472616430680725,0.8264323897137507,0.8919420520934382,0,5,0,4,False,False,False,False,True,False,False,False
C[C@@]12C[C@H]1C[C@@H]1O[C@@]3(C=CC(=O)[C@@](C)(CCC(=O)NCCCBr)[C@H]13)C2,mol2mol,410.35,25,0.4217,6,False,0,0,55.400000000000006,3.386800000000002,0.6197,0.7036,0.4984,0.0187,0.879015900098267,0.5590951949782618,0.1704504709133867,0.6132659584380908,0.6113578437585637,0.924352837375252,0.895853902065449,0.9175388463320372,0.9471138299416086,0.7910312815362971,0.8257907020659342,0.8514299013712922,0,4,0,3,False,False,False,False,True,False,True,False
C[C@]12C=CC(=O)[C@@](C)(CCC(=O)Nc3ccccc3C(=O)O)[C@H]3O[C@H]3C[C@@H]1C2,mol2mol,383.44,28,0.4568,6,False,0,1,96.0,3.432400000000002,0.625,0.5249,0.5279,0.0986,0.8788963468092673,0.6156839061582001,0.0938907887317477,0.5101045361691193,0.6790499330844473,0.8926794567036683,0.7667635529570251,0.9039176700245668,0.9570406049265504,0.9111050232929134,0.7929764429036887,0.9277916768564584,1,4,0,5,False,False,False,False,True,False,False,False
C[C@]12C=CC(=O)[C@@](C)(CCC(=O)Nc3ccc(F)c(Cl)c3)[C@H]3O[C@@H]3C[C@@H]1C2,mol2mol,391.87,27,0.375,6,False,0,0,58.7,4.5267000000000035,0.6685,0.6217,0.5447,0.0853,0.8784744310061806,0.6108678787311417,0.1560617956625893,0.7037429390806808,0.7910626378328502,0.8727011879688168,0.844426517114101,0.8610237448126444,0.939790347666649,0.8622665400788693,0.8655551607582533,0.90355751864393,1,4,0,3,False,False,False,False,True,False,False,False
C[C@]12C=CC(=O)[C@@](C)(CCC(=O)Nc3cc(C(=O)O)ccc3CO)[C@H]3C[C@@H](C[C@@H]1C2)O3,mol2mol,427.5,31,0.3667,6,False,0,1,112.93,3.3148000000000017,0.6777,0.6555,0.6114,0.0442499999999999,0.8780583015437184,0.638987979725727,0.1470125707161362,0.4571503646135118,0.6663455230391648,0.9205977249837632,0.7830026817727518,0.8685006587892072,0.9428528717139972,0.9334982056147574,0.7507105208530368,0.9472454470785158,1,5,0,6,False,False,False,False,True,False,True,False
C[C@]12C=CC(=O)[C@@](C)(CCC(=O)Nc3ccccc3C(=O)O)[C@H]3O[C@@H]3C[C@@H]1C2,mol2mol,383.44,28,0.4568,6,False,0,1,96.0,3.432400000000002,0.6312,0.5131,0.5363,0.1065,0.8774781740359907,0.6138919109732811,0.0929552209208496,0.5110914881122954,0.6800467060382732,0.8905005013702619,0.7570454338541928,0.9096897995819648,0.9595330192671372,0.9203169649594656,0.7720237529197513,0.9332377462991608,1,4,0,5,False,False,False,False,True,False,False,False
C[C@@]12C[C@H]1C[C@H]1O[C@@]3(C=CC(=O)[C@@](C)(CCC(=O)NCCCBr)[C@H]13)C2,mol2mol,410.35,25,0.4217,6,False,0,0,55.400000000000006,3.386800000000002,0.6228,0.6971,0.5061,0.0211999999999999,0.8771697931147818,0.5595887804415045,0.1709824754579514,0.6125795166422403,0.6097594022296577,0.9183450190528972,0.8904097848962951,0.915917439884947,0.9459620172735448,0.7932213677764205,0.8247615692422606,0.8515713536771062,0,4,0,3,False,False,False,False,True,False,True,False
C[C@]12C=CC(=O)[C@@](C)(CCC(=O)Nc3cc(C(=O)O)ccc3CO)[C@H]3C[C@H](C[C@H]1C2)O3,mol2mol,427.5,31,0.3667,6,False,0,1,112.93,3.3148000000000017,0.6742,0.6605,0.6064,0.0407499999999999,0.8759454675106175,0.638061044340228,0.1634536596024453,0.4566428504581621,0.6602324530223145,0.9195588770881724,0.7788720502428692,0.8680572729563591,0.9428941401244936,0.9340758792317936,0.7402664208322159,0.9478936320984188,1,5,0,6,False,False,False,False,True,False,True,False
C[C@]12C=CC(=O)[C@@](C)(CCC(=O)Nc3cc(C(=O)O)ccc3CO)[C@H]3C[C@H](C[C@@H]1C2)O3,mol2mol,427.5,31,0.3667,6,False,0,1,112.93,3.3148000000000017,0.6743,0.6593,0.6047,0.0423,0.8750364432133672,0.6390549913323507,0.1714193974852336,0.4563663243211354,0.659631887060959,0.9212659538080852,0.7705347700623199,0.8685452930901572,0.9429664394883548,0.9328609024481992,0.7410141390092065,0.9480676045872466,1,5,0,6,False,False,False,False,True,False,True,False
C[C@]12C=CC(=O)[C@@](C)(CCC(=O)Nc3ccc(OCC(=O)O)cc3)[C@H]3C[C@H]1C[C@H](C2)O3,mol2mol,427.5,31,0.3596,6,False,0,1,101.93,3.5877000000000017,0.5796,0.5477,0.5175,0.047,0.8744829545837554,0.5142497084026675,0.1928649244981507,0.433810895727682,0.5598122013444453,0.8603888871200959,0.85294653407302,0.8923651053497922,0.9658896674715122,0.8395570999475197,0.7837459671729313,0.926487420951416,1,4,0,6,False,False,False,False,True,False,True,False
C[C@]12C=CC(=O)[C@@](C)(CCC(=O)Nc3ccc(F)cc3F)[C@H]3C[C@H]1C[C@@H]3O2,mol2mol,375.42,27,0.3882,6,False,0,0,55.400000000000006,4.012400000000003,0.5646,0.6266,0.516,-0.0067,0.8733185037705755,0.4517822283761419,0.1470440096071309,0.5850796699139067,0.6506968521348132,0.8972914446619186,0.8878175298523406,0.8268880676887499,0.95418712570841,0.843953839687465,0.8068539473485896,0.8962375714465542,1,4,0,3,False,False,False,False,False,False,False,False
C[C@]12C=CC(=O)[C@@](C)(CCC(=O)Nc3cccc(C(F)(F)F)c3)[C@H]3O[C@@H]3C[C@@H]1C2,mol2mol,407.43,29,0.375,6,False,0,0,58.7,4.753000000000004,0.6673,0.6285,0.4856,0.11025,0.873073650084858,0.4653903279575612,0.2643591773849249,0.7405716636111147,0.7763313130166084,0.9374994267887642,0.9060615021166732,0.8193232156241746,0.9463040920452608,0.7980032262924764,0.8021519481857103,0.902172139540946,1,4,0,3,False,False,False,False,False,False,True,False
C[C@@]12C[C@H]1C[C@H]1O[C@@]3(C=CC(=O)[C@@](C)(CCC(=O)Nc4ccc(C#N)cc4)[C@H]13)C2,mol2mol,390.48,29,0.4524,6,False,0,0,79.19,3.995980000000003,0.5693,0.6298,0.4833,0.01275,0.8728576378634484,0.4770776978010991,0.1580820525533806,0.7317213015268529,0.7174187762723792,0.9127128351417162,0.9154395505362464,0.8811977644414376,0.9543038997501686,0.8064289230447651,0.7132598648969557,0.9266606272328496,1,5,0,3,False,False,False,False,False,False,False,False
C[C@]12C=CC(=O)[C@@](C)(CCC(=O)Nc3ccc(OCC(=O)O)cc3)[C@H]3C[C@H]1C[C@@H](C2)O3,mol2mol,427.5,31,0.3596,6,False,0,1,101.93,3.5877000000000017,0.582,0.5428,0.5145,0.05335,0.8726307236417746,0.5137180882197145,0.1938110940639591,0.4318756345661786,0.561071200122121,0.8613393978312868,0.845223960013909,0.8924004377238508,0.9655355316187838,0.8378708519861147,0.7814258472057128,0.9246190391127644,1,4,0,6,False,False,False,False,True,False,True,False
CC(C)(C)c1ccc(NC(=O)CC[C@]2(C)C(=O)C=C[C@]3(C)O[C@@H]4C[C@@H]3C[C@@H]42)cc1,mol2mol,395.54,29,0.3976,6,False,0,0,55.400000000000006,5.031700000000004,0.5456,0.5478,0.4337,0.05485,0.8719942203513503,0.5607925193367774,0.1059083360121377,0.7591087174366438,0.7142555359202748,0.9231300357562248,0.8717027369276504,0.8171024293686836,0.9769229215170956,0.86237700224305,0.7108385667183845,0.9418858499283644,1,5,0,3,False,False,False,False,True,False,False,False
C[C@@]12C[C@H]1C[C@H]1O[C@@]3(C=CC(=O)[C@@](C)(CCC(=O)Nc4cccc(C#N)c4)[C@H]13)C2,mol2mol,390.48,29,0.4318,6,False,0,0,79.19,3.995980000000003,0.57,0.6022,0.4935,0.02215,0.8719939232668203,0.4221392772581081,0.1189664574758189,0.735429811021107,0.7300902481960305,0.9172527745720755,0.9181687030129392,0.8856510979639682,0.9333639501631464,0.8057293727314798,0.7324424725613313,0.9113490918628024,1,5,0,3,False,False,False,False,False,False,False,False
C[C@]12C=CC(=O)[C@@](C)(CCC(=O)Nc3ccc(Cl)cc3)[C@H]3C[C@H]1C[C@@H]3O2,mol2mol,373.88,26,0.4125,6,False,0,0,55.400000000000006,4.3876000000000035,0.5504,0.5983,0.4697,0.0163999999999999,0.8718698790540379,0.3964278428661554,0.1219415517537647,0.6756676135017887,0.7555137313639785,0.8880976743423323,0.8624733638265574,0.83446032441599,0.9359073873050152,0.8679778297864372,0.8158095927560772,0.8983629809458559,1,4,0,3,False,False,False,False,False,False,False,False
C[C@@]12C=CC(=O)[C@@](C)(CCC(=O)Nc3ccc(OCC(=O)O)cc3)[C@H]3C[C@@H](C[C@@H]1C2)O3,mol2mol,427.5,31,0.3636,6,False,0,1,101.93,3.5877000000000017,0.5362,0.5675,0.5902,-0.0426499999999999,0.8711431531549296,0.5626484405550791,0.1288392086335857,0.3613277420394254,0.5669701977700685,0.8578035913927842,0.8323320373648664,0.9020157665218508,0.9558263478441376,0.852454053871729,0.774656681846739,0.9229135932424004,1,5,0,6,False,False,False,False,True,False,True,False
C[C@]12C=CC(=O)[C@@](C)(CCC(=O)Nc3ccc(Cl)cc3)[C@H]3C[C@H]1C[C@H]3O2,mol2mol,373.88,26,0.4125,6,False,0,0,55.400000000000006,4.3876000000000035,0.5532,0.6035,0.467,0.01795,0.8707739436304116,0.3973361514343717,0.1209938328028296,0.6763586067844659,0.7555604226592978,0.8882957325674297,0.863780223131168,0.8350683035516715,0.9362755434713068,0.8652454441423499,0.8126656763110737,0.8940866822378809,1,4,0,3,False,False,False,False,False,False,False,False
C[C@]12C=CC(=O)[C@@](C)(CCC(=O)Nc3cc(C(=O)O)ccc3C#N)[C@H]3O[C@H]3C[C@@H]1C2,mol2mol,408.45,30,0.3889,6,False,0,1,119.79,3.3040800000000017,0.6667,0.5722,0.5704,0.0953999999999999,0.870381513276936,0.6850796347990188,0.0851430432808337,0.6210163419132718,0.7021000247864965,0.9013004157889744,0.7491936047073288,0.8679226398575467,0.9466188609985212,0.8903267110798113,0.8449892640175704,0.8923190964887996,1,4,0,5,False,False,False,False,True,False,True,False
C[C@]12C=CC(=O)[C@@](C)(CCC(=O)Nc3ccc(S(N)(=O)=O)cc3)[C@H]3C[C@H]1C[C@@H]3O2,mol2mol,418.52,29,0.4048,6,False,0,0,115.56,2.3815999999999997,0.5315,0.4958,0.5626,0.0022999999999999,0.8694942719198376,0.6415855031654575,0.1263559943240021,0.3558244942918798,0.5125261750126413,0.9186075851749242,0.8133728944720828,0.8289875471657223,0.9544018699568192,0.8752656372489649,0.778219822268392,0.9176045471519584,1,4,0,5,False,False,False,False,True,False,True,False
C[C@]12C=CC(=O)[C@@](C)(CCC(=O)Nc3ccccc3C(F)(F)F)[C@H]3C[C@H]1C[C@H]3O2,mol2mol,407.43,29,0.3837,6,False,0,0,55.400000000000006,4.753000000000004,0.5951,0.5567,0.4976,0.0679499999999999,0.8692394589658311,0.2968704182706908,0.2156606301727064,0.6681867082922562,0.7257454382588286,0.949616787072724,0.9436905453367446,0.8172252516895223,0.9348127281828802,0.811229597063316,0.760164041162168,0.8679372622534635,1,4,0,3,False,False,False,False,False,False,True,False
C[C@]12C=CC(=O)[C@@](C)(CCC(=O)Nc3ccccc3C(F)(F)F)[C@H]3C[C@H]1C[C@@H]3O2,mol2mol,407.43,29,0.3837,6,False,0,0,55.400000000000006,4.753000000000004,0.5873,0.5579,0.5136,0.05155,0.868655883256159,0.2959548921871366,0.2168033791307815,0.6670766281107533,0.725485583861999,0.9473101197594308,0.9441975347910234,0.8178384086365806,0.933830027349637,0.8133093626332423,0.7513325136990296,0.8727732159241689,1,4,0,3,False,False,False,False,False,False,True,False
C[C@@]12C[C@H]1C[C@H]1O[C@@]3(C=CC(=O)[C@@](C)(CCC(=O)Nc4ccccc4Cl)[C@H]13)C2,mol2mol,399.92,28,0.4578,6,False,0,0,55.400000000000006,4.777700000000004,0.6103,0.612,0.508,0.0502999999999999,0.8686394226584039,0.3691183899375613,0.1211599723031173,0.6720974537204171,0.7998673852195638,0.92413323089765,0.9278881799584372,0.816543864391333,0.9321643838720336,0.8211215392105865,0.7503860323945339,0.9082387278842532,1,5,0,3,False,False,False,False,False,False,False,False
C[C@@]12C[C@H]1C[C@@H]1O[C@@]3(C=CC(=O)[C@@](C)(CCC(=O)Nc4ccc(F)cc4)[C@H]13)C2,mol2mol,383.46,28,0.4691,6,False,0,0,55.400000000000006,4.263400000000003,0.5747,0.6571,0.522,-0.01485,0.8682713805806223,0.450108018005537,0.1536908620858533,0.6162444319286379,0.7292263979436526,0.9139307799279364,0.9224801896305904,0.8707826095129169,0.9552735727160376,0.7924381325240968,0.7213688764226779,0.9016255033301,1,5,0,3,False,False,False,False,False,False,False,False
C[C@@]12C[C@H]1C[C@H]1O[C@@]3(C=CC(=O)[C@@](C)(CCC(=O)Nc4ccc(F)cc4)[C@H]13)C2,mol2mol,383.46,28,0.4691,6,False,0,0,55.400000000000006,4.263400000000003,0.5741,0.6647,0.5126,-0.0145499999999998,0.8675498093843277,0.4504933381561898,0.1550635436677891,0.6134763493962988,0.727803089489509,0.912487860167599,0.9219213837116956,0.8727831724966802,0.956262420132552,0.7907466971540323,0.7179801691701236,0.900666962857611,1,5,0,3,False,False,False,False,False,False,False,False
C[C@@]12C[C@H]1C[C@@H]1O[C@@]3(C=CC(=O)[C@@](C)(CCC(=O)Nc4ccccc4Cl)[C@H]13)C2,mol2mol,399.92,28,0.4578,6,False,0,0,55.400000000000006,4.777700000000004,0.6111,0.6119,0.5154,0.0474499999999999,0.8667950815456772,0.3688964052439332,0.1205189893479158,0.6748740231808684,0.8011550114391462,0.9120112604533988,0.931925841823054,0.8246299974270331,0.9253889289597412,0.8260432275210179,0.7403012343061223,0.9072650803293728,1,5,0,3,False,False,False,False,False,False,False,False
C[C@]12C=CC(=O)[C@@](C)(CCC(=O)Nc3ccc(Br)cc3)[C@H]3C[C@H]1C[C@H]3O2,mol2mol,418.33,26,0.4074,6,False,0,0,55.400000000000006,4.496700000000003,0.6166,0.5699,0.4689,0.0972,0.8641700970029557,0.3765131965212922,0.1252547040566804,0.7364857967647643,0.7840546562705879,0.8842404488600324,0.8716982067216736,0.8055032468555273,0.9378443003779436,0.8757838571710135,0.7729117289237811,0.9012088901107176,1,4,0,3,False,False,False,False,False,False,True,False
C[C@@]12C=CC(=O)[C@@](C)(CCC(=O)Nc3ccc(Cl)cc3)[C@H]3O[C@@H]3C[C@@H]1C2,mol2mol,373.88,26,0.4198,6,False,0,0,58.7,4.387600000000003,0.5879,0.6243,0.4528,0.04935,0.8639047437719534,0.5700111471008436,0.1341201736901206,0.6856965449577727,0.7629276116188409,0.8787510700043781,0.8703843265963855,0.8397856688281232,0.934360205964508,0.8629166004341499,0.7919355596517562,0.8691997749243726,1,4,0,3,False,False,False,False,True,False,False,False
C[C@@]12C[C@H]1C[C@@H]1O[C@@]3(C=CC(=O)[C@@](C)(CCC(=O)N[C@H]4CC[C@H](O)CC4)[C@H]13)C2,mol2mol,387.52,28,0.4568,6,False,0,0,75.63000000000001,2.9053000000000013,0.5901,0.69,0.549,-0.0293999999999999,0.8620324527500538,0.4567052713545617,0.1727711765077378,0.5890248629925929,0.5564951699856029,0.9302255227403272,0.8782080889662665,0.9073315252233828,0.9384906118426616,0.7259891902723535,0.7784954578781423,0.8754867723272435,0,5,0,4,False,False,False,False,False,False,False,False
C[C@]12C=CC(=O)[C@@](C)(CCC(=O)Nc3ccc(Cl)cc3)[C@H]3O[C@H]3C[C@@H]1C2,mol2mol,373.88,26,0.4198,6,False,0,0,58.7,4.387600000000003,0.5854,0.6184,0.4666,0.0429,0.8612446723904797,0.5728180107389683,0.132361970231134,0.683743396306178,0.7633926008758836,0.8741915283427572,0.8704490146643749,0.8360893699244017,0.9342846402228976,0.8584986807091456,0.7892454641517895,0.865954008717992,1,4,0,3,False,False,False,False,True,False,False,False
C[C@@]12C[C@H]1C[C@H]1O[C@@]3(C=CC(=O)[C@@](C)(CCC(=O)N[C@H]4CC[C@H](O)CC4)[C@H]13)C2,mol2mol,387.52,28,0.4568,6,False,0,0,75.63000000000001,2.9053000000000013,0.585,0.6958,0.5475,-0.03665,0.8607819960675848,0.4573026814188869,0.1733905860464674,0.5872425075036865,0.5546172513911332,0.9298658688397262,0.879839187673025,0.9057466430017151,0.9363094805156056,0.722028952840175,0.7793912217226969,0.8722926178801499,0,5,0,4,False,False,False,False,False,False,False,False
C[C@]12C=CC(=O)[C@@](C)(CCC(=O)Nc3ccc(Cl)cc3)[C@H]3O[C@@H]3C[C@@H]1C2,mol2mol,373.88,26,0.4198,6,False,0,0,58.7,4.387600000000003,0.5807,0.6111,0.4582,0.04605,0.8605581073615788,0.5699880379752607,0.1314835327293433,0.6849062629431922,0.7640054605039348,0.8747325412275866,0.8650055996453346,0.8393844999255986,0.9340633334587288,0.8623235278563772,0.7799875685718146,0.8684096808456109,1,4,0,3,False,False,False,False,True,False,False,False
C[C@@]12C[C@H]1C[C@@H]1O[C@@]3(C=CC(=O)[C@@](C)(CCC(=O)Nc4ccccc4CO)[C@H]13)C2,mol2mol,395.5,29,0.4578,6,False,0,0,75.63000000000001,3.616600000000002,0.6152,0.5991,0.4418,0.09475,0.8563190857934087,0.4029473179793452,0.1352625068945624,0.5564512441922274,0.6945770452127076,0.9146154024495852,0.9339164125876028,0.8587905184604114,0.946288774366324,0.7991916407399229,0.6512610198390322,0.8901698321109817,1,5,0,4,False,False,False,False,False,False,False,False
C[C@]12C=CC(=O)[C@@](C)(CCC(=O)Nc3ccc(OCC(=O)O)cc3)[C@H]3C[C@@H](C[C@@H]1C2)O3,mol2mol,427.5,31,0.3636,6,False,0,1,101.93,3.5877000000000017,0.5344,0.5826,0.5885,-0.05115,0.8558253914807533,0.5624262012693895,0.1279641277674724,0.3608765863964701,0.5658275539277564,0.8162553578978916,0.8283325471712855,0.8851886217774944,0.9459012432092369,0.8358724119095114,0.7643037074871253,0.9149238509127294,1,5,0,6,False,False,False,False,True,False,True,False
C[C@]12C=CC(=O)[C@@](C)(CCC(=O)Nc3cc(C(=O)O)ccc3C#N)[C@H]3C[C@H]1C[C@@H](C2)O3,mol2mol,422.48,31,0.3548,6,False,0,1,116.49,3.694180000000002,0.675,0.6021,0.5444,0.10175,0.855252345881557,0.5703369416819946,0.1746744148873261,0.6399608340980134,0.6936742621975521,0.8839682422703973,0.7188033052997573,0.8666231594318946,0.9584192594923332,0.9047018242721268,0.7797627425446803,0.8744878878597091,1,4,0,5,False,False,False,False,True,False,True,False
C[C@@]12C[C@H]1C[C@H]1O[C@@]3(C=CC(=O)[C@@](C)(CCC(=O)Nc4ccccc4CO)[C@H]13)C2,mol2mol,395.5,29,0.4578,6,False,0,0,75.63000000000001,3.616600000000002,0.6208,0.5989,0.4509,0.0958999999999999,0.8536598741281802,0.4030998480001941,0.1361965734374367,0.5538168663957943,0.692785132179885,0.9067292205513212,0.9394899385092504,0.8521458770325254,0.945950227818113,0.7946457649327177,0.6488324075719868,0.887825682481347,1,5,0,4,False,False,False,False,False,False,False,False
C[C@]12C=CC(=O)[C@@](C)(CCC(=O)Nc3ccc(O)cc3)[C@H]3C[C@H]1C[C@@H]3O2,mol2mol,355.43,26,0.4304,6,False,1,0,75.63000000000001,3.4398000000000017,0.5208,0.5247,0.4532,0.03185,0.8529648635554846,0.4042606149579482,0.1410903540930987,0.4282897188464657,0.7574650516366501,0.8609606925520407,0.8601532685463829,0.8978169430223307,0.9563516842190926,0.807219719622342,0.6983737523636351,0.8898779845625678,1,4,0,4,False,False,False,False,False,False,False,False
C[C@@]12C=CC(=O)[C@@](C)(CCC(=O)Nc3ccc(O)cc3)[C@H]3O[C@@H]3C[C@@H]1C2,mol2mol,355.43,26,0.425,6,False,1,0,78.93,3.4398000000000017,0.5844,0.5564,0.447,0.0827,0.8526273118435981,0.582015161425035,0.1555682705248641,0.4847365811940939,0.7597190868490372,0.8670622334772643,0.8188454126865014,0.9206361800229222,0.9436487493181808,0.8318124404935672,0.7316657215393839,0.8547204453673669,1,4,0,4,False,False,False,False,True,False,False,False
C[C@]12C=CC(=O)[C@@](C)(CCC(=O)Nc3ccc(Br)cc3)[C@H]3O[C@@H]3C[C@@H]1C2,mol2mol,418.33,26,0.4024,6,False,0,0,58.7,4.496700000000003,0.5996,0.5901,0.4614,0.07385,0.8522891254172268,0.5421823194959753,0.138755937012963,0.7240742065441894,0.7865610571263622,0.8506990240168429,0.8482512888771178,0.8261717060141044,0.9423470379320747,0.8659208830639257,0.7588662041216083,0.873767733894914,1,4,0,3,False,False,False,False,True,False,True,False
C[C@]12C=CC(=O)[C@@](C)(CCC(=O)Nc3ccc(O)cc3)[C@H]3O[C@@H]3C[C@@H]1C2,mol2mol,355.43,26,0.425,6,False,1,0,78.93,3.4398000000000017,0.5814,0.5531,0.4356,0.08705,0.8519635882160334,0.5819275425878676,0.1533677625477418,0.4842647216340519,0.7608997815219591,0.862635053683077,0.8229315626999016,0.9194201481816234,0.9426307153213256,0.8328830027001534,0.7335337233690615,0.8497109115570899,1,4,0,4,False,False,False,False,True,False,False,False
C[C@@]1(CCC(=O)[N+](C)(C)CCC(=O)Nc2cccc(O)c2)C(=O)C=C[C@@]23C[C@@H](C[C@@H]1C2)O3,mol2mol,441.55,32,0.3626,6,False,1,0,92.7,3.1869000000000014,0.5745,0.5646,0.6323,-0.0239499999999999,0.8505376900888193,0.4518715126770779,0.1646152009336235,0.2849008463745703,0.6202437240070637,0.9215818414090304,0.7008271269713101,0.8621619694534898,0.9410712038101408,0.8684408742236371,0.7946080229189372,0.86507279183519,1,5,0,5,False,False,False,False,False,False,True,False
C[C@]12C=CC(=O)[C@@](C)(CCC(=O)Nc3ccc(Br)cc3)[C@H]3O[C@H]3C[C@@H]1C2,mol2mol,418.33,26,0.4024,6,False,0,0,58.7,4.496700000000003,0.6065,0.5941,0.4673,0.0758,0.8501679242426082,0.5451926861175533,0.1396869065217403,0.7230286017271105,0.7859547261807147,0.8487681713687545,0.8480220154619882,0.8198797631545096,0.9418861678520644,0.8620491962161224,0.7586500669740257,0.871920088670792,1,4,0,3,False,False,False,False,True,False,True,False
C[C@@]12C[C@H]1C[C@@H]1O[C@@]3(C=CC(=O)[C@@](C)(CCC(=O)Nc4ccccc4)[C@H]13)C2,mol2mol,365.47,27,0.5,6,False,0,0,55.400000000000006,4.1243000000000025,0.5527,0.5467,0.4372,0.0607499999999999,0.8493608385001254,0.3852920838743668,0.1182447886076573,0.6320547082989327,0.7292447997988584,0.8758434962830233,0.9285931778440272,0.8593870124964895,0.9548214851689184,0.7397766018884999,0.6806377597149772,0.9064663361049434,1,5,0,3,False,False,False,False,False,False,False,False
C[C@]12C=CC(=O)[C@@](C)(CCC(=O)Nc3ccc(O)cc3)[C@H]3C[C@H]1C[C@H]3O2,mol2mol,355.43,26,0.4304,6,False,1,0,75.63000000000001,3.4398000000000017,0.5199,0.5221,0.453,0.0323499999999999,0.849154235547207,0.4053969025444291,0.1401869143380228,0.4290406788535751,0.7576163321359457,0.8668493979687906,0.8540012420213627,0.8965399598970354,0.953804745125809,0.7963632291999964,0.690054977125111,0.886466097492344,1,4,0,4,False,False,False,False,False,False,False,False
C[C@@]12C[C@H]1C[C@H]1O[C@@]3(C=CC(=O)[C@@](C)(CCC(=O)Nc4ccccc4)[C@H]13)C2,mol2mol,365.47,27,0.5,6,False,0,0,55.400000000000006,4.1243000000000025,0.5601,0.5444,0.4346,0.0706,0.8475606959608541,0.3854070713581461,0.1189105132397706,0.6298857268050864,0.7276878381924032,0.8743854283752004,0.9281226370819702,0.8500469139533532,0.9544736491959684,0.7384625295606128,0.6789144326124497,0.9085192809464256,1,5,0,3,False,False,False,False,False,False,False,False
C[C@@]12C[C@H]1C[C@@H]1O[C@@]3(C=CC(=O)[C@@](C)(CCC(=O)NC4CCCCC4)[C@H]13)C2,mol2mol,371.52,27,0.4444,6,False,0,0,55.400000000000006,3.9345000000000026,0.5824,0.6566,0.4568,0.0257,0.8465359242922866,0.4145012896248767,0.15297883770631,0.6696297602685963,0.6139448038793592,0.9022616137887752,0.9040098732254804,0.8831337118899015,0.9149621414636108,0.7253362478711983,0.7439904367181054,0.852057445088935,0,5,0,3,False,False,False,False,False,False,False,False
C[C@]12C=CC(=O)[C@@](C)(CCC(=O)Nc3ccc(O)cc3)[C@H]3O[C@H]3C[C@@H]1C2,mol2mol,355.43,26,0.425,6,False,1,0,78.93,3.4398000000000017,0.5799,0.553,0.4447,0.0810499999999999,0.8464913659260016,0.583049510218918,0.1545393121446931,0.4834817590758143,0.7599282638340286,0.8586669891934594,0.8244323791107406,0.9162912008903712,0.9421302311489156,0.8246689095705225,0.7310020899660897,0.8282477616019115,1,4,0,4,False,False,False,False,True,False,False,False
C[C@@]12C[C@H]1C[C@H]1O[C@@]3(C=CC(=O)[C@@](C)(CCC(=O)NC4CCCCC4)[C@H]13)C2,mol2mol,371.52,27,0.4444,6,False,0,0,55.400000000000006,3.9345000000000026,0.5826,0.6513,0.4572,0.0283499999999999,0.8454165109551983,0.4149294155523054,0.1534907798509202,0.6674765244811194,0.6116971511685623,0.9019136622771272,0.9041093375869385,0.8751622826868669,0.9135414373001064,0.7274554812729087,0.7448045453620583,0.8509288302003828,0,5,0,3,False,False,False,False,False,False,False,False
C[C@@]12C[C@H]1C[C@@H]1O[C@@]3(C=CC(=O)[C@@](C)(CCC(=O)NCCc4ccccc4)[C@H]13)C2,mol2mol,393.53,29,0.4405,6,False,0,0,55.400000000000006,3.8445000000000022,0.5765,0.61,0.381,0.081,0.8449708575687269,0.3744436944488476,0.1347504748242468,0.6240935006863284,0.6395797741954159,0.9091280536710704,0.9192219688253384,0.8743314541008896,0.9538570468048247,0.7071126757076813,0.6659905319994145,0.8851542718718696,1,5,0,3,False,False,False,False,False,False,False,False
CC(C)(C)NC(=O)CC[C@]1(C)C(=O)C=C[C@@]23C[C@]4(C)C[C@H]4C[C@H](O2)[C@H]31,mol2mol,345.48,25,0.443,6,False,0,0,55.400000000000006,3.4003000000000023,0.5387,0.6552,0.4868,-0.0322999999999999,0.8442161486949503,0.5093165926718097,0.0967973588434946,0.6358392507354999,0.5732896831404576,0.8775075702735954,0.8602832265395723,0.8880275495803609,0.964779107508411,0.721323172111971,0.7349352620649511,0.8626571527857911,0,4,0,3,False,False,False,False,True,False,False,False
C[C@@]12C[C@H]1C[C@H]1O[C@@]3(C=CC(=O)[C@@](C)(CCC(=O)NCCc4ccccc4)[C@H]13)C2,mol2mol,393.53,29,0.4405,6,False,0,0,55.400000000000006,3.8445000000000022,0.565,0.6012,0.3691,0.0798499999999999,0.8432982998524923,0.3749288685820583,0.1352604185276565,0.6237654512150309,0.638274029258892,0.9053600165036874,0.9182043340051256,0.8706404670772842,0.9537484784709042,0.7052743059468479,0.6651847833119062,0.8846757136516915,1,5,0,3,False,False,False,False,False,False,False,False
C[C@]12C=CC(=O)[C@@](C)(CCC(=O)Oc3ccccc3)[C@H]3O[C@@H]3C[C@@H]1C2,mol2mol,340.42,25,0.3452,6,False,0,0,55.900000000000006,3.701100000000003,0.4984,0.4548,0.3716,0.0852,0.8430106844966693,0.5767514936639506,0.0908346740477713,0.5853156167659289,0.6988790763502275,0.8750450925973148,0.891419368662332,0.8475170748675462,0.9478182665028696,0.8120125063462589,0.6651892717132518,0.8620732107871114,1,4,0,4,False,False,False,False,True,False,False,False
CC(C)(C)NC(=O)CC[C@]1(C)C(=O)C=C[C@@]23C[C@]4(C)C[C@H]4C[C@@H](O2)[C@H]31,mol2mol,345.48,25,0.443,6,False,0,0,55.400000000000006,3.4003000000000023,0.5427,0.65,0.483,-0.0238,0.8401834226827799,0.5101209273301248,0.0980850251855661,0.6321873327685634,0.5711251204912139,0.8696722098088218,0.8556549785283529,0.8745198634572356,0.9632352954063182,0.7238767317356564,0.7352700174228642,0.85905486242021,0,4,0,3,False,False,False,False,True,False,False,False
C[C@@]12C[C@H]1C[C@@H]1O[C@@]3(C=CC(=O)[C@@](C)(CCC(=O)NCc4ccccc4)[C@H]13)C2,mol2mol,379.5,28,0.4512,6,False,0,0,55.400000000000006,3.8020000000000023,0.5721,0.5905,0.4098,0.07195,0.8386456100509646,0.3671329688515,0.1214241126529425,0.6319667880834599,0.6294007437781655,0.8873163051399997,0.9094626038319856,0.8696026423768984,0.9405082836023164,0.7099048595667066,0.6673525773344585,0.886371998504386,1,5,0,3,False,False,False,False,False,False,False,False
C[C@@]12C[C@H]1C[C@H]1O[C@@]3(C=CC(=O)[C@@](C)(CCC(=O)NCc4ccccc4)[C@H]13)C2,mol2mol,379.5,28,0.4512,6,False,0,0,55.400000000000006,3.8020000000000023,0.5807,0.5764,0.4053,0.0898499999999999,0.8354283021553005,0.3671234510252007,0.1226969052308107,0.6309395582474984,0.6280284767350888,0.883506070688452,0.9081118806307118,0.8727468901498981,0.9391451606184672,0.6981600805119944,0.6625746962195923,0.8837533362679881,1,5,0,3,False,False,False,False,False,False,False,False
C[C@]12C=CC(=O)[C@@](C)(CCC(=O)Nc3cccc(O)c3)[C@H]3O[C@@H]3C[C@@H]1C2,mol2mol,355.43,26,0.4217,6,False,1,0,78.93,3.4398000000000017,0.5356,0.4838,0.4664,0.0605,0.8316818741084198,0.5342418586059041,0.1518986963268414,0.4933260842823196,0.7752575128623526,0.8407729787409753,0.7545164152185554,0.918688025425704,0.9321060613751116,0.8306502317883719,0.7149594513883598,0.8300799548218593,1,4,0,4,False,False,False,False,True,False,False,False
C[C@]12C=CC(=O)[C@@](C)(CCC(=O)Nc3ccc(N)cc3)[C@H]3C[C@H]1C[C@@H]3O2,mol2mol,354.45,26,0.4074,6,False,0,0,81.42,3.3164000000000016,0.5223,0.5342,0.4295,0.0404499999999999,0.8313252301383406,0.5643731325675257,0.1493766690591496,0.4789552154328325,0.6193947677243321,0.8136108368007813,0.8550070199757738,0.8633234899098853,0.9202222751588036,0.8164118244866817,0.7240632986154868,0.8266378660209709,1,4,0,3,False,False,False,False,True,False,False,False
C[C@]12C=CC(=O)[C@@](C)(CCC(=O)Nc3ccc(N)cc3)[C@H]3C[C@H]1C[C@H]3O2,mol2mol,354.45,26,0.4074,6,False,0,0,81.42,3.3164000000000016,0.5338,0.5339,0.4245,0.0546,0.8306144279833622,0.5649480096920882,0.148440764687858,0.4796285820702075,0.6197484812270355,0.816168250179154,0.8510107453444522,0.8589064068872224,0.9201540259058112,0.8127999511854354,0.7207173280469567,0.8345442883345043,1,4,0,3,False,False,False,False,True,False,False,False
C[C@]12C[C@@]34C=CC(=O)[C@@](C)(CCC(=O)Nc5ccc(C#N)cc5)[C@@H]3[C@@H](C[C@@H]1C4)O2,mol2mol,390.48,29,0.6351,6,False,0,0,79.19000000000001,3.995980000000003,0.6003,0.5869,0.4647,0.0744999999999999,0.8295300715139504,0.4506919721294742,0.1546433924442323,0.7207474453057916,0.6466071366329079,0.8748498492418649,0.7939995584490268,0.7881453972968678,0.9395036900993872,0.8071376863469646,0.6855495854395582,0.9175247337239828,1,6,0,3,False,False,False,False,False,False,False,False
C[C@]12C=CC(=O)[C@@](C)(CCC(=O)Nc3ccccc3Cl)[C@H]3C[C@H]1C[C@@H]3O2,mol2mol,373.88,26,0.3976,6,False,0,0,55.400000000000006,4.3876000000000035,0.5337,0.4954,0.4316,0.0701999999999999,0.8258678881462725,0.3541692323334233,0.1066848298193258,0.6746239608362851,0.7281336370982086,0.8492949970573646,0.8363387869409074,0.7797102628629653,0.9075092632591164,0.8491591731036916,0.7171167242499158,0.8419460095499466,1,4,0,3,False,False,False,False,False,False,False,False
C[C@@]12C[C@H]1C[C@@H]1O[C@@]3(C=CC(=O)[C@@](C)(CCC(=O)N4CCC(O)(c5ccccc5)CC4)[C@H]13)C2,mol2mol,449.59,33,0.3778,6,False,0,0,66.84,3.995800000000003,0.594,0.6171,0.5214,0.0247499999999999,0.8239256575479965,0.4810357593179116,0.1135536257055143,0.5799610297789916,0.6181937070862037,0.9289997151673004,0.8847299443916405,0.7928696748371261,0.9218585855457992,0.7537521705089718,0.6056227767245347,0.8796467356606031,1,6,1,4,False,False,False,False,False,False,True,False
C[C@@]12C[C@H]1C[C@@H]1O[C@@]3(C=CC(=O)[C@@](C)(CCC(=O)Nc4ccccc4C#N)[C@H]13)C2,mol2mol,390.48,29,0.4588,6,False,0,0,79.19,3.995980000000003,0.5842,0.5514,0.4801,0.06845,0.8209073720188249,0.4017114993740022,0.1012151951915997,0.7129867181258519,0.7252892277115358,0.8773437284500746,0.918135398045378,0.8400002144705212,0.8889688537092653,0.7580944862144596,0.6325585941798376,0.8312503290622387,1,5,0,3,False,False,False,False,False,False,False,False
C[C@@]12C[C@H]1C[C@@H]1O[C@H](O)CC[C@@H]3NC(=O)CC[C@]4(C)C(=O)C=C[C@]3(C2)[C@@H]14,mol2mol,359.47,26,0.234,6,False,0,0,75.63,2.3302000000000005,0.5205,0.5742,0.5497,-0.0414499999999999,0.8202325558321989,0.5959791780796488,0.1636865984265098,0.4224845482724327,0.5139679316354446,0.8693405483057708,0.7574897617849321,0.8992715738340112,0.9382176794770144,0.6609321590475244,0.7859373637736328,0.8304388046025064,0,5,1,4,False,False,False,False,True,False,False,False
C[C@]12C=CC(=O)[C@@](C)(CCC(=O)Nc3ccc(C#N)cc3)[C@H]3C[C@H]1C[C@H]3O2,mol2mol,364.45,27,0.3929,6,False,0,0,79.19000000000001,3.6058800000000018,0.4938,0.5589,0.4459,-0.0085999999999999,0.818275659483089,0.4723386835524753,0.1412967048382121,0.7332752267335835,0.6236600808063086,0.8123234491274496,0.8130305508304783,0.774330374721892,0.9070006747120076,0.8283949666266416,0.7113511248718402,0.8814984754913134,1,4,0,3,False,False,False,False,False,False,False,False
C[C@@]12C[C@H]1C[C@@H]1O[C@@]3(C=CC(=O)[C@@](C)(CCC(=O)NCc4ccccn4)[C@H]13)C2,mol2mol,380.49,28,0.4091,6,False,0,0,68.29,3.197000000000002,0.5478,0.6613,0.4607,-0.0131999999999999,0.8180668179987716,0.5097756568631246,0.1215993677036468,0.4682041978538073,0.5497293719916667,0.8598519797057277,0.8683182252548707,0.8798601683827644,0.897101972375628,0.7212349228090827,0.6699957535095601,0.830104703953768,1,5,1,3,False,False,False,False,True,False,False,False
C[C@@]12C[C@H]1C[C@@H]1O[C@@]3(C=CC(=O)[C@@](C)(CCC(=O)N4CCN(c5ccccc5)CC4)[C@H]13)C2,mol2mol,434.58,32,0.3864,6,False,0,0,49.85000000000001,3.834400000000003,0.5971,0.5905,0.484,0.0598499999999999,0.817114838878763,0.531040672414038,0.0983332774912778,0.5732227484165283,0.5810596647020227,0.9502206398662032,0.8743964047099292,0.8046532916374796,0.9183836380984328,0.6872693083102609,0.6553657232822022,0.8295148662468338,1,6,2,3,False,False,False,False,True,False,True,False
C[C@@]12C[C@H]1C[C@H]1O[C@@]3(C=CC(=O)[C@@](C)(CCC(=O)NCc4ccccn4)[C@H]13)C2,mol2mol,380.49,28,0.4091,6,False,0,0,68.29,3.197000000000002,0.542,0.6393,0.4577,-0.0064999999999999,0.8166764720159352,0.5098050395007157,0.1229070840193138,0.4676673895197957,0.5479940834551502,0.8537957134714612,0.8677961389057691,0.881474627083341,0.8974121396970262,0.7117380300319676,0.6701521055059043,0.8343665494160772,1,5,1,3,False,False,False,False,True,False,False,False
C[C@]12C=CC(=O)[C@@](C)(CCC(=O)Nc3ccccc3C(F)(F)F)[C@H]3O[C@H]3C[C@@H]1C2,mol2mol,407.43,29,0.3837,6,False,0,0,58.7,4.753000000000004,0.6266,0.5239,0.5062,0.11155,0.8160736907134758,0.4447122559244341,0.2348295698623538,0.6866869224231481,0.7304687663166709,0.8879756767540615,0.8595477118710195,0.7870626783493684,0.9017874327232024,0.7337001687532826,0.7393875768665733,0.8030545896768233,1,4,0,3,False,False,False,False,False,False,True,False
C[C@@]12C[C@H]1C[C@@H]1OCC[C@@H](O)CC[C@@H]3NC(=O)CC[C@]4(C)C(=O)C=C[C@]3(C2)[C@@H]14,mol2mol,387.52,28,0.2421,6,False,0,0,75.63,2.7628000000000013,0.5056,0.5016,0.5364,-0.0133999999999999,0.8160060990185322,0.5826990375022538,0.1950111194638715,0.4663031316583599,0.5315628676263969,0.8497751572435353,0.7890103813020799,0.9029811312320184,0.9225392747304204,0.6582739419226805,0.7620731622557749,0.8273896444432162,0,5,1,4,False,False,False,False,True,False,False,False
C[C@]12C=CC(=O)[C@@](C)(CCC(=O)Nc3ccccc3N)[C@H]3C[C@H]1C[C@@H]3O2,mol2mol,354.45,26,0.3976,6,False,0,0,81.42,3.3164000000000016,0.5485,0.5246,0.4579,0.05725,0.814897591727798,0.4969233139850108,0.1261053422967229,0.4731947621358655,0.6101894152263303,0.8215868730158329,0.8348597522771284,0.8320630829987877,0.9086622428443432,0.8241096701539444,0.6882476815913815,0.7947538392131687,1,4,0,3,False,False,False,False,True,False,False,False
C[C@@]12C[C@H]1C[C@@H]1O[C@@]3(C=CC(=O)[C@@](C)(CCC(=O)N4CCN(Cc5ccccc5)CC4)[C@H]13)C2,mol2mol,448.61,33,0.3778,6,False,0,0,49.85000000000001,3.8300000000000023,0.6055,0.6318,0.4543,0.06245,0.8128202406587482,0.531972608738402,0.0969857999830326,0.502967153706499,0.528704985939182,0.9362742356978264,0.8631789932778775,0.8214014903210883,0.8955999384684971,0.7000557924319173,0.6636924223654844,0.8095388120485466,1,6,2,3,False,False,False,False,True,False,True,False
C[C@@]12C[C@H]1C[C@H]1O[C@@]3(C=CC(=O)[C@@](C)(CCC(=O)N4CCN(c5ccccc5)CC4)[C@H]13)C2,mol2mol,434.58,32,0.3864,6,False,0,0,49.85000000000001,3.834400000000003,0.5959,0.5947,0.4792,0.0589499999999999,0.8101555431410098,0.5311334712204567,0.0998496264347736,0.572105200039389,0.578904271334397,0.9455914433455492,0.8684956324267072,0.7995400322922673,0.9194977079303672,0.6605786110991966,0.6491688406651653,0.8282165342278159,1,6,2,3,False,False,False,False,True,False,True,False
C[C@@]12C[C@H]1C[C@H]1O[C@@]3(C=CC(=O)[C@@](C)(CCC(=O)N4CCN(Cc5ccccc5)CC4)[C@H]13)C2,mol2mol,448.61,33,0.3778,6,False,0,0,49.85000000000001,3.8300000000000023,0.6061,0.6376,0.4597,0.05745,0.8079147856290055,0.5322147143008333,0.0977640238884669,0.5020041541550813,0.5263510044774153,0.9317020466670778,0.8448895763788686,0.8169630682059922,0.8962189412094278,0.6948592600250881,0.6621896724759125,0.8085809344406713,1,6,2,3,False,False,False,False,True,False,True,False
C[C@@]12C[C@H]1C[C@@H]1O[C@@]3(C=CC(=O)[C@@](C)(CCC(=O)N4CCCCC4)[C@H]13)C2,mol2mol,357.49,26,0.3855,6,False,0,0,46.61000000000001,3.4981000000000027,0.5826,0.65,0.5406,-0.0126999999999999,0.8059172344502502,0.509754432320316,0.1270539261762234,0.5519694823369479,0.4769663341905248,0.8825116520878654,0.91019044057745,0.8307188036101744,0.8742655462424759,0.6458599867977679,0.7410120707862625,0.7568621410497546,0,5,1,3,False,False,False,False,True,False,False,False
C[C@]12C=CC(=O)[C@@](C)(CCC(=O)Nc3ccc(N)cc3)[C@H]3O[C@@H]3C[C@@H]1C2,mol2mol,354.45,26,0.4024,6,False,0,0,84.72,3.3164000000000016,0.564,0.5359,0.4141,0.0889999999999999,0.8054151932076176,0.7164061397726078,0.1568084714443779,0.5277005597000953,0.6432637532996526,0.7835138178094025,0.8191602258375823,0.8672692748217692,0.8960432639387648,0.7980715627020629,0.6875602659503987,0.7862879413933413,1,4,0,3,False,False,False,False,True,False,False,False
C[C@]12C=CC(=O)[C@@](C)(CCC(=O)Nc3ccc(F)cc3F)[C@H]3O[C@H]3C[C@@H]1C2,mol2mol,375.42,27,0.3837,6,False,0,0,58.7,4.012400000000003,0.599,0.5587,0.4952,0.0720499999999999,0.805413907403756,0.6290029066838352,0.1565339163758023,0.6225453579161752,0.6667967529149746,0.8002942497374189,0.7817279391695743,0.792926131679666,0.91317176381995,0.747042764091499,0.7907461704679534,0.8119883328602292,1,4,0,3,False,False,False,False,True,False,False,False
C[C@@]12C[C@H]1C[C@@H]1O[C@@]3(C=CC(=O)[C@@](C)(CCC(=O)NCCc4ccccn4)[C@H]13)C2,mol2mol,394.52,29,0.4,6,False,0,0,68.29,3.2395000000000023,0.5542,0.6253,0.4422,0.02045,0.8048951979668229,0.5306290548054113,0.1328551661016097,0.4578987849634864,0.5463880612894643,0.838550568844704,0.9009283075655874,0.843693468440049,0.8848253643378553,0.6808064598546922,0.6554455195691168,0.8300166971557551,1,5,1,3,False,False,False,False,True,False,False,False
C[C@]12C=CC(=O)[C@@](C)(CCC(=O)Nc3ccc(N)cc3)[C@H]3O[C@H]3C[C@@H]1C2,mol2mol,354.45,26,0.4024,6,False,0,0,84.72,3.3164000000000016,0.5662,0.5392,0.4183,0.08745,0.8034727243870426,0.718254714766384,0.1578891580079494,0.5265977357378542,0.6421356373377767,0.7708395907611556,0.8215008206695497,0.8631249861445233,0.8931723801531465,0.7872383401446599,0.7110335626958278,0.7773993901404345,1,4,0,3,False,False,False,False,True,False,False,False
C[C@@]12C[C@H]1C[C@H]1O[C@@]3(C=CC(=O)[C@@](C)(CCC(=O)N4CCCCC4)[C@H]13)C2,mol2mol,357.49,26,0.3855,6,False,0,0,46.61000000000001,3.4981000000000027,0.5823,0.6386,0.543,-0.0084999999999999,0.8029399802737339,0.5097145984546928,0.127778687685948,0.5503804294090614,0.474052247877328,0.8771969480468256,0.9073750090783668,0.8301170444472826,0.8730383926610878,0.6412590983039024,0.7403525858878788,0.7512407834907932,0,5,1,3,False,False,False,False,True,False,False,False
C[C@@]12C[C@H]1C[C@H]1O[C@@]3(C=CC(=O)[C@@](C)(CCC(=O)NCCc4ccccn4)[C@H]13)C2,mol2mol,394.52,29,0.4,6,False,0,0,68.29,3.2395000000000023,0.5533,0.6288,0.4398,0.019,0.8006728689416801,0.5308562682745639,0.1334316727917328,0.4575727690159137,0.5446842202242776,0.8321617823698721,0.9011441642746416,0.8292114363679599,0.8813674984015507,0.6777873342596777,0.6539341081629012,0.8291037587551572,1,5,1,3,False,False,False,False,True,False,False,False
C[C@]12C=CC(=O)[C@@](C)(CCC(=O)Nc3ccc(F)cc3)[C@H]3C[C@H]1C[C@@H]3O2,mol2mol,357.43,26,0.4074,6,False,0,0,55.400000000000006,3.873300000000002,0.5255,0.5546,0.5038,-0.0037,0.800180276668466,0.443344413723056,0.1427773342261341,0.6005233149866037,0.6400468168065994,0.8338641191016455,0.827858977662316,0.7523979187484509,0.8971124097395219,0.784337271046132,0.6947006106504486,0.8109906297307466,1,4,0,3,False,False,False,False,False,False,False,False
C[C@]12C=CC(=O)[C@@](C)(CCC(=O)Nc3ccc(F)cc3)[C@H]3C[C@H]1C[C@H]3O2,mol2mol,357.43,26,0.4074,6,False,0,0,55.400000000000006,3.873300000000002,0.5255,0.5586,0.5004,-0.004,0.7987164854125685,0.4441604106561886,0.1418297513967987,0.6013559161974146,0.6403994570279439,0.8356337876372163,0.8221504008647307,0.7480473184959143,0.8953045922698717,0.7871736277414535,0.6933788197589806,0.8093268511198123,1,4,0,3,False,False,False,False,False,False,False,False
C[C@]12C=CC(=O)[C@@](C)(CCC(=O)Nc3ccccc3Cl)[C@H]3O[C@H]3C[C@@H]1C2,mol2mol,373.88,26,0.3929,6,False,0,0,58.7,4.3876000000000035,0.5518,0.4683,0.4307,0.1022999999999999,0.795182688408811,0.5282362958007278,0.1174788545318132,0.6884442497190413,0.738224422953532,0.7610208577356917,0.8078654833238645,0.7492436139693556,0.8958526951247868,0.8109060845459095,0.7285444033656067,0.8128456807964614,1,4,0,3,False,False,False,False,True,False,False,False
C[C@@]12C[C@H]1C[C@H]1OCCCCCC3NC(=O)CC[C@]4(C)C(=O)C=C[C@]3(C2)[C@@H]14,mol2mol,371.52,27,0.2188,6,False,0,0,55.4,3.7920000000000025,0.4971,0.4753,0.4915,0.0136999999999999,0.7945300790242167,0.4493529854944789,0.1254236890784311,0.5080682927086874,0.5920122262051981,0.8260188640955337,0.8048428424325713,0.8670678197394136,0.930361732974501,0.5690489100536756,0.7370615882790078,0.8273087955948144,0,5,1,3,False,False,False,False,False,False,False,False
C[C@]12C=CC(=O)[C@@](C)(CCC(=O)Nc3ccc(C#N)cc3)[C@H]3O[C@@H]3C[C@@H]1C2,mol2mol,364.45,27,0.3882,6,False,0,0,82.49000000000001,3.6058800000000018,0.5289,0.5524,0.4036,0.0509,0.791483971960863,0.6390076143259096,0.1505196434769523,0.735432283038557,0.6366380983550116,0.7732941322211051,0.7336478617979534,0.8059826585996621,0.892915967286296,0.8177577176341254,0.6765629851080052,0.8402264810788923,1,4,0,3,False,False,False,False,True,False,False,False
C[C@@]12C[C@H]1C[C@@H]1OCCCCCC3NC(=O)CC[C@]4(C)C(=O)C=C[C@]3(C2)[C@@H]14,mol2mol,371.52,27,0.2188,6,False,0,0,55.4,3.7920000000000025,0.4985,0.472,0.4839,0.02055,0.7903992052412231,0.4498842505828245,0.1259986406118196,0.5078270952172185,0.5909738380388938,0.8220949729114767,0.8074712963694353,0.8671350301694504,0.9310482284287068,0.5493542368155163,0.7376095774722686,0.818081094521708,0,5,1,3,False,False,False,False,False,False,False,False
C[C@]12C[C@@]34C=CC(=O)[C@@](C)(CCC(=O)NCc5ccccc5)[C@@H]3[C@H](C[C@@H]1C4)O2,mol2mol,379.5,28,0.6389,6,False,0,0,55.400000000000006,3.802000000000003,0.5895,0.5108,0.417,0.1256,0.7843055627503459,0.3351629219115896,0.1360479298844223,0.6124907862351373,0.5568088803638703,0.8274765474932435,0.7823181025523938,0.8062668640087275,0.9165295164494488,0.6849846823336966,0.6214183134517661,0.8511449129631461,1,6,0,3,False,False,False,False,False,False,False,False
C[C@]12C[C@@]34C=CC(=O)[C@@](C)(CCC(=O)Nc5ccccc5)[C@@H]3[C@@H](C[C@@H]1C4)O2,mol2mol,365.47,27,0.7059,6,False,0,0,55.400000000000006,4.1243000000000025,0.5557,0.4633,0.4328,0.1076499999999999,0.783729464298463,0.3534338699101783,0.1268218952525324,0.621989834878436,0.6394946150664338,0.8169608469130382,0.8032778519959392,0.770638359951994,0.9288644875709264,0.648400949608699,0.6520310526263375,0.8659327014223076,1,6,0,3,False,False,False,False,False,False,False,False
C[C@]12C=CC(=O)[C@@](C)(CCC(=O)Nc3ccccc3)[C@H]3C[C@H]1C[C@@H]3O2,mol2mol,339.44,25,0.4359,6,False,0,0,55.400000000000006,3.734200000000002,0.4679,0.4469,0.3864,0.0512499999999999,0.7830695962371284,0.3741904071629657,0.1024842164981665,0.621155696771399,0.6272564859584613,0.7881814610439278,0.823643676221125,0.7023995880534359,0.8984629655131647,0.7564949982043675,0.6838029775140001,0.8285015071098765,1,4,0,3,False,False,False,False,False,False,False,False
C[C@]12C=CC(=O)[C@@](C)(CCC(=O)Nc3ccccc3)[C@H]3C[C@H]1C[C@H]3O2,mol2mol,339.44,25,0.4359,6,False,0,0,55.400000000000006,3.734200000000002,0.4687,0.4612,0.3878,0.0442,0.7819177775689775,0.3749152585188904,0.101920419315566,0.6224934145453219,0.627620307642487,0.7867408840083298,0.8206611404833685,0.7035572047011266,0.8961369401000115,0.7575106349883681,0.6857957342212525,0.8230219044803867,1,4,0,3,False,False,False,False,False,False,False,False
C[C@]12C=CC(=O)[C@@](C)(CCC(=O)NC3CCCCC3)[C@H]3C[C@H]1C[C@H]3O2,mol2mol,345.48,25,0.3827,6,False,0,0,55.400000000000006,3.544400000000002,0.5006,0.4989,0.4264,0.03795,0.7803543927211349,0.4136106250697942,0.1397983148353448,0.6495573893225639,0.4791792204495866,0.8035570221013709,0.7578974589278332,0.8322043759192037,0.8549251437807506,0.7320265023905616,0.7362677237623739,0.7456025221658508,0,4,0,3,False,False,False,False,False,False,False,False
C[C@]12C=CC(=O)[C@@](C)(CCC(=O)Nc3ccc(F)cc3)[C@H]3O[C@@H]3C[C@@H]1C2,mol2mol,357.43,26,0.4024,6,False,0,0,58.7,3.873300000000002,0.5456,0.569,0.464,0.0291,0.7692140191889099,0.6217848971192537,0.1503098283650394,0.6286753373920694,0.6583928477679438,0.7755603454021295,0.7692479818766517,0.7781271856399048,0.8924437570842884,0.7302546638722611,0.6709265840784896,0.7679376163686441,1,4,0,3,False,False,False,False,True,False,False,False
C[C@]12C=CC(=O)[C@@](C)(CCC(=O)Nc3ccc(F)cc3)[C@H]3O[C@H]3C[C@@H]1C2,mol2mol,357.43,26,0.4024,6,False,0,0,58.7,3.873300000000002,0.5481,0.5541,0.4591,0.0414999999999999,0.7681072503174643,0.6242259845569835,0.1515248975913317,0.6277423406556716,0.6576060844411811,0.7710677409130744,0.7586979130338034,0.7821679681211746,0.8931669978783366,0.7202172914593294,0.6948718099228368,0.7565610308936948,1,4,0,3,False,False,False,False,True,False,False,False
C[C@@]12C[C@H]1C[C@@H]1O[C@@]3(C=CC(=O)[C@@](C)(CCC(=O)N4CCN(C(=O)c5ccccc5)CC4)[C@H]13)C2,mol2mol,462.59,34,0.3864,6,False,0,0,66.92000000000002,3.470200000000003,0.5531,0.6075,0.494,0.0023499999999999,0.7651009727004766,0.5415346772794443,0.1360628560617005,0.5488875939398837,0.4654522653843713,0.8689940523824805,0.7278737660802614,0.7537308803975101,0.8671920504136171,0.7202825153462195,0.634920118075531,0.7827134262077168,1,6,2,4,False,False,False,False,True,False,True,False
C[C@]12C=CC(=O)[C@@](C)(CCC(=O)Nc3c(F)cccc3F)[C@H]3O[C@@H]3C[C@@H]1C2,mol2mol,375.42,27,0.4321,6,False,0,0,58.7,4.012400000000003,0.5509,0.5142,0.5231,0.0322499999999998,0.7622767621762939,0.6106714502170413,0.1421287187745206,0.6195285192370262,0.6569921583643518,0.7615585442052097,0.7581769951963842,0.7859009043318098,0.8623384162764783,0.6946065375007787,0.7282344105704581,0.7451215271529383,1,4,0,3,False,False,False,False,True,False,False,False
C[C@@]12C=CC(=O)[C@@](C)(CCC(=O)Nc3ccccc3)[C@H]3O[C@@H]3C[C@@H]1C2,mol2mol,339.44,25,0.4304,6,False,0,0,58.7,3.734200000000002,0.4711,0.4423,0.3751,0.0624,0.7611894629633384,0.5381649896638698,0.1150163715783979,0.6484939183404389,0.6458906309732558,0.7466094651253008,0.7785067522753863,0.7393186260671262,0.8964674685649823,0.7580738333438933,0.6234878739832881,0.785862221383391,1,4,0,3,False,False,False,False,True,False,False,False
C[C@]12C=CC(=O)[C@@](C)(CCC(=O)Nc3ccccc3)[C@H]3O[C@H]3C[C@@H]1C2,mol2mol,339.44,25,0.4304,6,False,0,0,58.7,3.734200000000002,0.4626,0.4468,0.3709,0.05375,0.7609063797405227,0.5399412360706073,0.1137831509249627,0.6470189636646413,0.6462749569956221,0.7345816054603783,0.7640006401394188,0.747262642190488,0.8909115518446673,0.7437742302595595,0.658577645423943,0.7872363428652033,1,4,0,3,False,False,False,False,True,False,False,False
C[C@]12C=CC(=O)[C@@](C)(CCC(=O)Nc3ccccc3)[C@H]3O[C@@H]3C[C@@H]1C2,mol2mol,339.44,25,0.4304,6,False,0,0,58.7,3.734200000000002,0.456,0.437,0.3743,0.05035,0.7579307173832921,0.5381224140375842,0.1127613868049994,0.6477202382311156,0.6471848957414156,0.7402898175217661,0.7655325969307358,0.7421891487111498,0.8928378959996404,0.7539814519608484,0.6220344321396023,0.7886496784193014,1,4,0,3,False,False,False,False,True,False,False,False
C[C@@]12C[C@H]1C[C@@H]1O[C@@]3(C=CC(=O)[C@@](C)(CCC(=O)N4CCOCC4)[C@H]13)C2,mol2mol,359.47,26,0.381,6,False,0,0,55.84,2.3444000000000003,0.5439,0.6109,0.5604,-0.0417499999999999,0.7545284108310734,0.6243430192776901,0.1184149582398903,0.5015717286755449,0.3671967154834211,0.821178869906736,0.7975237065731093,0.7856440879692395,0.8149112675099733,0.6324363942915986,0.7273544386742912,0.7026501108925644,0,5,1,4,False,False,False,False,True,False,False,False
C[C@@]12C[C@H]1C[C@H]1O[C@@]3(C=CC(=O)[C@@](C)(CCC(=O)N4CCOCC4)[C@H]13)C2,mol2mol,359.47,26,0.381,6,False,0,0,55.84,2.3444000000000003,0.5382,0.6158,0.5566,-0.048,0.7479731611601739,0.6246099884301859,0.119192610201973,0.5001463141496628,0.3640111629654177,0.8093656623527945,0.7997379823603412,0.7733694252767784,0.8084721195757361,0.6306408477888866,0.7247922424470291,0.6894338483196504,0,5,1,4,False,False,False,False,True,False,False,False
C[C@]12C=CC(=O)[C@@](C)(CCC(=O)Nc3ccccc3F)[C@H]3O[C@H]3C[C@@H]1C2,mol2mol,357.43,26,0.3929,6,False,0,0,58.7,3.873300000000002,0.521,0.4975,0.4673,0.0386,0.7455577062697899,0.5864641738586013,0.1385020449583986,0.6198124689922788,0.6432487341966788,0.731649388446281,0.7864491963114346,0.756343221106173,0.857760385825166,0.6949615697262285,0.69221538908283,0.6995247933904158,1,4,0,3,False,False,False,False,True,False,False,False
C[C@@]12C[C@H]1C[C@@H]1O[C@@]3(C=CC(=O)[C@@](C)(CCC(=O)NCc4cccnc4)[C@H]13)C2,mol2mol,380.49,28,0.4045,6,False,0,0,68.29,3.197000000000002,0.5215,0.5875,0.4636,-0.0040499999999999,0.7284714753695599,0.5560142089101341,0.1231493913815136,0.4555002374901958,0.5034884289038901,0.7172642357044317,0.7541221486394043,0.8291624223576516,0.837453269492315,0.5976424255657656,0.6096872272813156,0.7539685985460355,1,5,1,3,False,False,False,False,True,False,False,False
C[C@@]12C[C@H]1C[C@@H]1O[C@@]3(C=CC(=O)[C@@](C)(CCC(=O)NCc4ccncc4)[C@H]13)C2,mol2mol,380.49,28,0.4235,6,False,0,0,68.29,3.197000000000002,0.5514,0.6436,0.4591,4.999999999999449e-05,0.7157214790493374,0.5375487978243234,0.1202521653111718,0.4918458600574543,0.5000018083773342,0.715729311421899,0.7726643147729091,0.8117491012838903,0.7916851007273117,0.591750036345054,0.5843956824901766,0.7420768063041209,1,5,1,3,False,False,False,False,True,False,False,False
