key,input,eos8lcw_consensus_score,eos3f8h_saureus,eos42ez_cytotoxicity_hepg2,eos9ei3_sa_score,eos9yui_np_score,eos7d58_herg,eos2xeq_has_pains,eos2xeq_has_brenk,eos2xeq_is_sim_known_ab,eos4djh_fsp3,eos4djh_clogp,eos4djh_qed
876d684981744e65b00a5784be7be588,COc1ccc(OC)c(NS(=O)(=O)c2cc(-c3cc(C)no3)ccc2C(C)C)c1,0.5496000051498413,0.8721007108688354,0.0891708663918755,2.369111,-9.38912868499756,0.7818564534187317,0,0,0,0.2857142857142857,4.591420000000004,0.6056713867623169
cf1ad85b4c2492db056fef0ee020a5b9,CCc1ccc(-n2c(=O)c3c(CN(C)C)c(-c4ccc(NC(=O)NOC)cc4)sc3n(Cc3c(F)cccc3F)c2=O)nn1,0.6312999725341797,0.9464448690414428,0.2578752514990893,3.215407,5.447968482971191,0.8622102975845337,0,1,0,0.2333333333333333,4.304300000000003,0.2353759220539059
26943d8d5e68ada0c5ac14c759ec60b7,CNC(=O)c1nn(C)c2ccc(Nc3nccc(-n4cc(NC5CNC5)c(C)n4)n3)cc12,0.5458999872207642,0.8762595653533936,0.2519623237577351,3.020797,2.6704208850860596,0.8711325049400329,0,0,0,0.2857142857142857,1.3443199999999993,0.3596241874881031
94bbd65ed4d0157380b2c14ef96dcabe,Fc1ccc(-c2[nH]c(-c3ccc(Br)s3)nc2-c2ccncc2)cc1,0.6518999934196472,0.9955215454101562,0.2065180160782554,2.37243,-9.268061637878418,0.8412918210029602,0,0,0,0.0,5.768800000000002,0.4745415055742036
1a085dcbb6bfcdc449fe34f152001603,N#CC(=C(N)Sc1ccccc1N)c1cccc(C(O)c2cccc(C#N)c2)c1,0.616599977016449,0.9949225187301636,0.483771414919333,3.239956,-7.629408836364746,0.8991714954376221,0,1,0,0.0434782608695652,4.165360000000002,0.3370466829630429
e37012181e32e9d692bcd8bf7ebf8274,CC1CCC(NC(=O)C2CCN(c3c4c(nc5ncnn35)CCC4)CC2)CC1,0.4550000131130218,0.4448406994342804,0.1314483745531602,2.697692,-11.092629432678224,0.5360538601875305,0,0,0,0.7142857142857143,2.5243,0.8828285773957688
f927a02d79d2930ecd6dac7908c3ed33,CC(=O)C1(O)CCC2(O)C3(O)CC=C4CC(OC(=O)C=Cc5ccc(F)cc5)CCC4(C)C3CC(OC(=O)C=C(C)C(C)C)C12C,0.6654999852180481,0.9720584154129028,0.4190748631954193,5.096409,10.82526683807373,0.5552870452404022,0,1,0,0.5945945945945946,5.387400000000006,0.2060908620496924
561faa368b13db52aa6bf423998d28c1,Nc1n[nH]c(Sc2ccc([N+](=O)[O-])cc2[N+](=O)[O-])n1,0.6011000275611877,0.9869164228439332,0.1654802174730734,2.802835,-8.108528137207031,0.0925672613084316,0,1,0,0.0,1.3544999999999996,0.6285673711759636
d0a5f6c3c84fcb189251d9a27f2c3790,NCC1CN(c2nc3c(cc2F)c(=O)c(C(=O)O)cn3C2CC2)CC1=NOCc1cc2c(cc1Cl)OCO2,0.8695999979972839,0.9969848990440368,0.1743452535434202,3.732952,3.712682008743286,0.3455893754959106,0,1,1,0.36,2.9185000000000016,0.4300185921630627
966281d8a5ac6531e51df3302f70c424,CCc1nc(NCc2ccc(-c3ccccc3-c3nn[nH]n3)cc2)c2cc(C(=O)O)ccc2n1,0.6590999960899353,0.9889616370201112,0.1040295260873707,2.459738,3.313801527023315,0.4519668698310852,0,0,0,0.12,4.3496000000000015,0.332982720262225
e2b12a8b003343476bad74e2932ec0d4,Cc1ccc([S+]([O-])(=NC(=O)Nc2ccc(Cl)cc2)NCc2ccccc2)cc1,0.5257999897003174,0.9574148654937744,0.2880626239559867,3.468925,-8.26410961151123,0.442066365480423,0,1,0,0.0952380952380952,5.412220000000004,0.5486000791716152
dae2b25e0b2b5f40d9b94a5e057af643,COc1ccc(C#N)cc1-c1ccc(CNS(=O)(=O)c2c(C)noc2C)cc1,0.5286999940872192,0.924321174621582,0.083982054144144,2.280267,-6.790510177612305,0.7721487164497376,0,0,0,0.2,3.3172200000000016,0.6839981287487176
8346b82f4fe70246d191a8dabd4dab8b,Fc1cc(Cl)ccc1-c1ccc(Cn2nnc3ccccc32)nc1,0.5551000237464905,0.9208047389984132,0.1388650096275589,2.160516,-2.626833200454712,0.4614581286907196,0,0,0,0.0555555555555555,4.334100000000003,0.5580256234550284
b5973041c55fb2dc1ef35ade544d6cc6,C#CCN(C(=O)CNC(=O)c1cccc(OC)c1)C1CCCC1,0.2870999872684479,0.2389665693044662,0.0885031735524535,2.255745,-10.860392570495604,0.2200284838676452,0,1,0,0.4444444444444444,1.8293999999999992,0.81507440792499
bf9dcd1840d28c49da26b3cecfc20dc1,CN(C(=O)NC1CCCN(c2cnc(C(N)=O)c(NC3CCCC3)n2)C1)c1ccccc1,0.534600019454956,0.5889739990234375,0.2014723880724473,3.113114,6.745845317840576,0.7182059764862061,0,0,0,0.4782608695652174,2.7447999999999997,0.6398378215969986
f7adbd6a23a578d664e323fbce475684,C=CC1(C)CC(OC(=O)N2CCc3cc(OCCN4CCCCC4)ccc3C2=O)C2(C)C(C)CCC3(CCC(=O)C32)C(C)C1O,0.8004000186920166,0.8928919434547424,0.2309264384887435,5.510554,7.046599388122559,0.7592156171798706,0,1,0,0.7027027027027027,6.049500000000008,0.3870556248908747
c5389d92141f7f57f6d10dacc8d28ad8,Cc1cc(O)n2nc(-c3cccc(Cl)c3)cc2n1,0.4196999967098236,0.9465420842170716,0.1914566572416912,2.392496,-10.718620300292969,0.0865333840250968,0,0,0,0.0769230769230769,3.063720000000001,0.730683830783728
ae018ea10649b555b82d4d41670e435b,CCCNS(=O)(=O)c1ccc(OCC(N)=O)c(C)c1,0.301800012588501,0.3563523888587951,0.0437186394225467,1.961704,-8.798382759094238,0.0310194459743797,0,0,0,0.4166666666666667,0.5474199999999999,0.7642326090542991
136c24df5a064d4f0c15dd49e39138d4,Fc1ccccc1Cn1nnc2c(NC3CCCC3)nc(-c3ccccc3)nc21,0.5135999917984009,0.907877504825592,0.2232250381599773,2.313748,-0.4258731305599212,0.7816081523895264,0,0,0,0.2727272727272727,4.430200000000003,0.5477273357241624
69bcbe245cf2623828f1f17b13b1b7f6,O=C(O)CCCC(=O)Nc1cc(Nc2ccc(Cl)cc2)ncn1,0.4982999861240387,0.907820463180542,0.1830075179988687,2.075321,-8.011326789855957,0.0560138426721096,0,0,0,0.2,3.067,0.7184614475595785
afa2c9cf49a24235dc74af60762eb2b8,CCS(=O)(=O)N1N=C(c2cccs2)CC1c1cc2cc(C)ccc2nc1Cl,0.6061000227928162,0.9138087034225464,0.1662511378526687,3.177864,-8.706048011779785,0.6004077851772308,0,1,0,0.2631578947368421,4.758920000000004,0.572534376487465
edd9c1e14a2e1521df8ce078b9239744,CCc1ccc(NC(=O)C(=O)NNC(=O)c2ccc(OC)cc2)cc1,0.4462999999523163,0.8282445669174194,0.2972039079124277,1.789549,-6.3829851150512695,0.2964473202824592,0,1,0,0.1666666666666666,1.657299999999999,0.5819195092320724
3f2e79e86ce8231caf4b158580bcc5ac,COc1ccc(-c2noc(CC(=O)NCCCCCCCCCCC(=O)OCC3OC(O)C(O)C(O)C3O)c2-c2ccc(OC)cc2)cc1,0.5978999733924866,0.979890525341034,0.1103112524883313,4.128011,8.6124849319458,0.7953119039535522,0,1,0,0.5277777777777778,3.538500000000002,0.0913781947573105
131b65e96d799deacfcd4cbd5e84d882,Cn1nc(-c2ccc3c(c2)OCO3)n(C)c1=S,0.3185000121593475,0.6834685206413269,0.0784144123846834,2.503443,-8.47873592376709,0.1724829375743866,0,1,0,0.2727272727272727,1.88379,0.7236170405290238
209ada9679028462d4967bf56c47f0b8,COc1ccc(C(=O)NCCON=C2CC3C(C)(C(=O)O)CCCC3(C)c3cc(Br)c(C(C)C)cc32)cc1,0.7452999949455261,0.9816356897354126,0.2599284472790631,3.991343,3.7685506343841553,0.4354765176773071,0,1,0,0.5,6.2842000000000064,0.2807255310033589
1a3b46c5c06db71ab6bd9e9ffaac9537,COc1cccc(-c2cc(=O)c3ccccc3o2)c1N,0.5080999732017517,0.9634894728660583,0.2341690788214857,2.128888,2.2818148136138916,0.7726132154464722,0,1,0,0.0625,3.0508000000000006,0.7246123513065331
798009dff5a675e73145ba01ac218c8a,CC(C)c1cc2c3c(c1OC(=O)c1cccnc1)OC(=O)C31CCCC(C)(C)C1CC2,0.6402000188827515,0.9224718809127808,0.4342909252101725,4.234112,7.215014934539795,0.4299284249544143,0,1,0,0.5,5.353500000000005,0.4953443976620343
4be04ff046a7be589d65d3f9e5b0d9d4,COc1ccc(-c2ccc(C(=O)NCC(C)C)c3occc23)c(C)c1,0.5866000056266785,0.8398417234420776,0.2326325151053342,2.251397,-3.5928566455841064,0.8500413179397583,0,0,0,0.2857142857142857,4.8026200000000046,0.7271965434579667
f0ff897d7f8c5999e147a4208851cdf0,Cn1cc(S(=O)(=O)c2ccccc2)c2cc3c(cc21)CCNCC3,0.5313000082969666,0.9218339920043944,0.1696697514165531,2.468459,-10.099871635437012,0.5264792799949646,1,0,0,0.2631578947368421,2.699300000000001,0.7802879652884221
3bcae8d3360d3d20eac9fd6b6e034935,CCCNC(=O)NC1C=CC(CC(=O)N2CCN(C)CC2)OC1CO,0.3849999904632568,0.2747340798377991,0.0388466462873938,3.586226,8.262910842895508,0.1164870396256446,0,1,0,0.7647058823529411,-0.4557999999999975,0.5616061849065348
d7530a1ddfdb0a0d5eaed0a230ebdd6c,CC(C)CC(C(=O)NO)C(=O)N(CCCN1CCN(CCCNc2ccnc3cc(Cl)ccc23)CC1)CC(C)C,0.6553999781608582,0.8622317314147949,0.439796967939897,3.33244,8.18289566040039,0.9690468192100524,0,1,0,0.6333333333333333,4.3502000000000045,0.1257757425064235
51bd30833c02963a1b9ba4f247c258c6,Clc1ccc(CN2CCOC(CSc3ccccc3)C2)cc1,0.5756000280380249,0.9651761651039124,0.5040518262169578,2.411582,-7.328196525573731,0.9119938373565674,0,0,0,0.3333333333333333,4.333100000000003,0.7554633978270304
eb90d01dfd75ed3102812afdbafcf447,Fc1ccc(C(Nc2ccc(Cl)c(C(F)(F)F)c2)c2nnc(-c3ccccc3)o2)cc1,0.7311000227928162,0.993671417236328,0.3077546053312041,2.75497,-9.232163429260254,0.7605464220046997,0,0,0,0.0909090909090909,6.749400000000004,0.3437242421274761
55aaafbb7f1e5acad77b62f854e1f3ed,Cn1nc(-c2ccc(Cl)c(Cl)c2)n(C)c1=O,0.5109999775886536,0.8466552495956421,0.0668982409618117,2.235833,-4.034053325653076,0.0600164227187633,0,0,0,0.2,2.0925999999999996,0.7852711056455752
c24260a80c0be9d9b44d13017c913356,CCc1nc2cc(C(=O)NCC3CCN(CCO)CC3)cc(NC(=O)c3ccccc3OC)c2n1C,0.4596999883651733,0.6895419359207153,0.1231400760060006,2.551831,2.6884801387786865,0.967419445514679,0,0,0,0.4444444444444444,2.8307,0.4230753552335561
5d99e449a902420c873a06b0cbda0460,O=C(Nc1ccc(CN2CCC(C(=O)O)C2)cn1)c1cccc(-c2ccc3c(c2)OCCO3)c1F,0.737500011920929,0.9057902097702026,0.206088280135935,2.903815,7.345122814178467,0.4481553673744202,0,0,0,0.2692307692307692,3.817700000000003,0.5567081974756354
97fd5bd26a5fcbee49a4a63319044019,CCN1CC(Oc2cc(F)ccc2OCc2cccc(Cl)c2)C1,0.6887000203132629,0.9734858870506288,0.5333558131348003,2.0685,-6.13050651550293,0.9488812685012816,0,0,0,0.3333333333333333,4.141000000000004,0.7915622420456383
0161b32ea18fb66b44025f26c3383cce,O=C1c2ccc(O)cc2C(=O)N1c1ccc(O)c2ccccc12,0.513700008392334,0.9214665293693542,0.2412002912976525,2.076968,-8.95861530303955,0.5065171837806701,0,1,0,0.0,3.0516000000000014,0.6773455849864918
6357f51cfeb6e2990b61df6b0bdbbf83,CCNC(=O)c1c(-c2ccc(F)cc2)oc2ccc(O)c(CN3CCCCC3)c12,0.6360999941825867,0.8916780352592468,0.1845447698777372,2.388391,-7.197841644287109,0.976151406764984,1,0,0,0.3478260869565217,4.680100000000004,0.6572106455337771
e6eb7df00d131960f73f45d60be95646,O=C(O)c1cn(Cc2ccc(Cl)c(Cl)c2)cc(O)c1=O,0.7125999927520752,0.9903829097747804,0.1415835849263451,2.317303,-7.086223125457764,0.0089748679194599,0,0,0,0.0769230769230769,2.607200000000001,0.9124771912485254
6211f6d743dde028d3aa2ada14b61913,Cc1cc(N2CCOCC2)c2cccc(OCc3c(Cl)ccc(N(C)C(=O)CNC(=O)C=Cc4ccc(C(=O)N(C)C)cc4)c3Cl)c2n1,0.6775000095367432,0.9615668654441832,0.2191525501283732,3.044835,2.916672468185425,0.8037867784500122,0,1,0,0.2777777777777778,5.759820000000006,0.211278057761144
55ccf41f81e2fbec635c021db2722a98,C=CCNC(=O)CSc1nc(O)c2c(C)c(C)sc2n1,0.482699990272522,0.8176876902580261,0.1050105057656765,2.692281,-10.993041038513184,0.1497948080301284,0,1,0,0.3076923076923077,2.4080400000000006,0.5038235176874677
819f2a6da75c8487bbe3a76608226450,CC(C)(C)CC(C)(C)NC1=Nc2ccccc2NC12CC1CCCC(=O)N3CCC(C2)C13,0.5932999849319458,0.8213019371032715,0.2545419362458316,4.799931,4.141756057739258,0.9061016798019408,0,0,0,0.7037037037037037,5.496300000000005,0.6438651843793927
7d286b00607948ac1d89e1201de06da9,CC(C(=O)n1ncc(C#N)c1N)N1CCCCCC1,0.4059999883174896,0.5093512535095215,0.0758933219212022,3.035439,-10.574809074401855,0.6354966044425965,0,0,0,0.6153846153846154,1.2416799999999997,0.864965494220504
a2f4efed15414dfc95dcc63898f6dd40,Oc1cccc(C2CNC3CCc4cc(O)c(O)cc4C3C2)c1,0.5860999822616577,0.985869288444519,0.3410521962425925,3.616586,9.997675895690918,0.7727970838546753,1,1,0,0.3684210526315789,2.978900000000002,0.6110306225008894
b2200a0e561b5dff653e0acd7be98201,N=C(N)c1ccc(-c2ccc(-c3ccccc3)o2)o1,0.4819999933242798,0.9722184538841248,0.1561009279367598,2.301637,-7.747788429260254,0.5806884765625,0,1,0,0.0,3.4906700000000015,0.5529977929236473
f7a3855354649bf3e58a30fe1b77f0f5,CCOC(=O)C(Cl)=Cc1cc(O)nc(O)n1,0.4963000118732452,0.9667837023735046,0.1250809314237399,3.323377,-7.376075744628906,0.022908023186028,0,1,0,0.2222222222222222,1.0306,0.6094243098408553
e6e9fdc27431dc1edae6e9cc6c93d6ca,O=S(=O)(Nc1ccc(C(F)(F)F)cc1Cl)c1ccc(Cl)cc1,0.7038999795913696,0.9922075867652892,0.3250774802132086,1.860984,-8.363030433654785,0.6348361134529114,0,0,0,0.0769230769230769,4.813000000000002,0.842772618842574
62e79639238e27dd118dfa720957262c,C=CCSC1=NC2OC(CO)C(O)C(O)C2O1,0.5246999859809875,0.9241781234741212,0.1458047762174498,4.837553,12.283365249633787,0.0147498155012726,0,1,0,0.7,-0.9006000000000001,0.5702845459501603
3f449649c2042ba01d36d33d360bfd03,CC1C(=O)CC2OC3CC(C)(Cl)C(Br)CC31C2(C)C,0.6050999760627747,0.936025321483612,0.1761051512915979,6.376883,9.83273220062256,0.3000918671488762,0,1,0,0.9333333333333332,3.930100000000003,0.6193994985144786
47974942d9116f6c35f307ee65794fe9,CC12CC34C=CC(=O)C(C)(CCC(=O)Nc5c(O)ccc(C(=O)O)c5O)C3C(CC1C4)O2,0.8253999948501587,0.9916210770606996,0.0749159755015915,6.155088,7.964662551879883,0.0553520619869232,0,1,0,0.5416666666666666,3.2337000000000007,0.5156309305691356
1fbffbfe10f674480ff58ed8e1fdb99f,O=C(c1cn2ncccc2n1)N1CCC(c2ccccc2C(F)(F)F)CC1,0.590399980545044,0.7766003608703613,0.1821152838793668,2.506118,-1.1715840101242063,0.923037052154541,0,0,0,0.3157894736842105,3.7679000000000022,0.6862043837102404
2101e0792d27717d148da6f73b091b20,COc1ccncc1-c1cc(CNC(=O)c2ccccc2OC(F)(F)F)n[nH]1,0.5726000070571899,0.8695371150970459,0.2279252396388487,2.572274,-6.68890380859375,0.703861391544342,0,0,0,0.1666666666666666,3.3089000000000004,0.6719561217745411
026e134eea8ef1d741e0b834ad0359ec,CCN(Cc1c(C)nn(CC)c1C)S(=O)(=O)c1cn(C)nc1C,0.3544000089168548,0.4245271384716034,0.0350953299467536,2.639037,-12.492880821228027,0.1970310419797897,0,0,0,0.6,1.7725599999999997,0.8039003234181299
c9a0ace5c357a88bbc04f0ae102be24e,CC(C)(CCOCCCOCCC(C)(C)C(=O)O)C(=O)O,0.4431999921798706,0.8944033980369568,0.1313830082389441,2.60693,6.959216117858887,0.0976868215948343,0,1,0,0.8666666666666667,2.4115,0.5378038990472408
805f70bcbbc1e0d9f1514c2b40aed0c4,CCCc1cc(=O)[nH]c(C(=Cc2c(C3CC3)cnn2C)CC)n1,0.5069000124931335,0.8529195189476013,0.1676232300021431,3.391824,6.687766075134277,0.260086715221405,0,0,0,0.5,3.283900000000002,0.8899816017113579
791d0726326cf86a47555bbd1deb078a,O=C(C=Cc1ccc(OCCN2CCOCC2)cc1)c1c(-c2ccccc2)c2ccncc2[nH]c1=O,0.5789999961853027,0.9321187138557434,0.4467808983542702,2.536902,-0.3395979106426239,0.8895470499992371,0,1,0,0.2068965517241379,4.197200000000002,0.3000350997648722
da264e1fc2c913428cb09383df722e1b,Cc1ccc(C(=O)NCC(=O)N(C)Cc2ccc(Cl)cc2Cl)s1,0.6552000045776367,0.8336769938468933,0.1082096562974832,2.170557,-8.357855796813965,0.5760380506515503,0,0,0,0.25,3.7517200000000024,0.8703809016051964
81bc232a91a6f807cba1f92fb12f143f,Cc1nc(C)c(COc2ccc(C=C3OC(=O)C(Br)=C3Br)cc2)nc1C,0.560699999332428,0.989305019378662,0.226415793326768,2.900624,-6.567164421081543,0.3479627341032028,0,0,0,0.2105263157894736,4.879960000000003,0.58453575972911
01b6a46bae3c211fb085747d32c3a193,CCOC(=O)c1cn(-c2ccc(C(O)(C(F)(F)F)C(F)(F)F)cc2)c(C(C)CC)n1,0.6886000037193298,0.9656381607055664,0.1635422032665122,3.325321,-7.808159828186035,0.9090826630592346,0,0,0,0.4736842105263157,4.874700000000003,0.5161975244572367
37f153544be8e58e9f550a69c6d4daff,COc1ccc(NC(C)=O)cc1-n1ccnc1-c1ccc(Cl)s1,0.5586000084877014,0.8851204514503479,0.2395431169054725,2.358786,-11.23111057281494,0.5969703793525696,0,0,0,0.125,4.221200000000002,0.7682993676678557
497315c9dcae742b9d72ad76897ec8ef,COc1ccc(-n2nc(C(=O)Nc3ccc(C)cn3)c3c4ccccc4n(C)c3c2=O)cc1,0.4257999956607818,0.788825511932373,0.2983799996701153,2.425608,-0.4910752475261688,0.8901102662086486,0,0,0,0.12,3.8417200000000022,0.4594592151385342
0cc3595dd4e4e1daaf90ce56353a6b8c,O=c1nc2[nH]c3ccccc3n2c(=O)[nH]1,0.3975000083446502,0.9275709986686708,0.1419869505546309,2.753152,-9.601152420043944,0.0663689713925123,0,0,0,0.0,-0.1359,0.532024604390191
f3558bc4e5ace2bd2a2818a28fee547c,O=C(O)c1cc2ccccc2n1Cc1ccc(-c2ccccc2)cc1,0.6452999711036682,0.9924271106719972,0.1587317816235802,1.785195,-9.0478515625,0.2602774620056152,0,0,0,0.0454545454545454,5.054800000000004,0.5694146076806894
7fd0354675211c246f7c3dd294a2ce7b,OCc1cc2n(n1)CCN(c1ncc(C(F)(F)F)cc1Cl)C2,0.5918999910354614,0.8686246871948242,0.2539892034097151,2.795026,-0.579546332359314,0.2039596110582351,0,0,0,0.3846153846153846,2.4628000000000005,0.9176315922200456
0505642c78a9aa21abe72f7fb9f22b34,CC(C)c1c(-c2cc(F)cc3[nH]ccc23)[nH]c(C(=O)O)c1-c1c(F)cnc2[nH]ccc12,0.7148000001907349,0.9883307814598083,0.3305433284152638,3.245677,7.865442276000977,0.3857544749975204,0,0,0,0.1304347826086956,5.806100000000003,0.2954700369673737
2280c7c3d9a8c3ed592f7677e6c23cbc,CC1CN(C(C)CO)C(=O)c2cc(C3=CCCC3)cnc2OC1CN(C)C(=O)c1ccc2c(c1)OCO2,0.5684999823570251,0.6292901635169983,0.0420652103441005,3.849803,0.9708415269851683,0.7696352243423462,0,0,0,0.4642857142857143,3.369900000000002,0.6397538767488392
c17b3e409ac52d5fa5c618d1cca53511,COc1ccc(CCN2CC(C(=O)N(C)Cc3c(C)n[nH]c3C)CCC2=O)cc1,0.3418000042438507,0.3087019622325897,0.0420762856744907,2.920989,-10.770556449890137,0.6855825304985046,0,0,0,0.5,2.4748400000000004,0.77718351466907
88cc73e6c61b346df95968f64c76a3f4,CCCS(=O)(=O)Nc1cc(-c2cncc(C(=O)NC)c2)cnc1Cl,0.5002999901771545,0.6324340105056763,0.0513755646957592,2.496129,-8.783951759338379,0.2232917055487632,0,1,0,0.2666666666666666,2.3083,0.7617055459505654
79d38dddc202959a4dcc331c166dece8,CC1(c2ccccc2)Nc2ccc3c(c2N1)C(=O)c1ccccc1C3=O,0.6003999710083008,0.9892053604125975,0.4694197191433473,3.040028,-0.5202186107635498,0.7176326870918274,1,0,0,0.0909090909090909,4.172300000000003,0.5458767404935245
903f94e0e17a9d5dc5695bd8fbc2c7ed,CCN(CC)C(=O)N1CCN(S(=O)(=O)c2ccc(C)c(C)c2)CC1,0.4022000133991241,0.2795211970806122,0.0373946327970109,2.093973,-6.776401519775391,0.57041335105896,0,0,0,0.5882352941176471,2.0715399999999997,0.832467822415868
594d403f002c728a307a8c0aa87afcf5,Cc1ccc(Cn2ncc(NC(=O)Cc3ccc(C4(F)COC4)cc3)n2)cc1C#N,0.4948000013828277,0.8265097141265869,0.1537334702231667,2.930084,-6.993607997894287,0.6791319966316223,0,0,0,0.2727272727272727,2.8827000000000016,0.6807478003265972
b625e30971eabee3674c57f0fc9ebb4e,CC(=O)c1nn(CC(=O)N(CC(=O)NCc2cccc(Cl)c2F)C2CC2)c2ccc(NS(=O)(=O)c3ccc(F)cc3)cc12,0.6888999938964844,0.905805230140686,0.1613986363465135,2.855602,-6.853074073791504,0.724488091468811,0,0,0,0.2413793103448276,4.278700000000004,0.2383151871112885
3de72bb15270ac61299153142bfe8fb3,N#Cc1ccccc1N=C1CCCN1Cc1ccccc1,0.4478000104427337,0.7626324892044067,0.0966542600230737,2.353436,2.504444360733032,0.9528074741363526,0,1,0,0.2222222222222222,3.884280000000002,0.8522671107900467
cbded4421989d600c57d91b7de48675d,COc1ccc(C(=O)c2c(C3CC3)oc3cccc(O)c23)cc1,0.631600022315979,0.9831379652023317,0.2880109995603561,2.377278,7.500789642333984,0.4760645985603332,0,0,0,0.2105263157894736,4.255400000000003,0.7317476153887007
a9f3ae3d0c79d9a100955412685080b4,c1ccc(-c2nc(-c3ccco3)[nH]c2-c2ccccc2)cc1,0.4982999861240387,0.9907191395759584,0.1914114674383943,1.979597,-12.447070121765137,0.8335562229156495,1,0,0,0.0,5.003700000000003,0.5752838534579072
2f67ef740a0156eeb8353c69ed09d2bb,Nc1nc2cccnc2n1Cc1nc(C2COC(c3ccc(Cl)cc3)C2)no1,0.6067000031471252,0.932956874370575,0.3022653392770074,3.530648,-2.5755021572113037,0.8364529609680176,0,0,0,0.2631578947368421,3.3434000000000017,0.5634791839845376
481fd1c349240a81bd3916240a299313,CCON=c1[nH]cnc2c1ncn2C1OC(C(C)(O)c2ccc(Cl)c(C)c2)C(O)C1O,0.6751999855041504,0.9736886620521544,0.4571799744259227,4.598385,-1.2391642332077026,0.6781095027923584,0,1,0,0.45,1.1003199999999995,0.4276896587925673
790787f76a7a74f38fe7d44fb07d68b4,O=C1CCCN1CCCNC(=S)Nc1ccc(Nc2ccccc2)cc1,0.5213000178337097,0.9268455505371094,0.2269325459545308,2.02447,-11.361113548278809,0.8491158008575439,0,1,0,0.3,3.7291000000000007,0.5135466049111058
26c6e400b40aadda90ca502724fab7f9,O=c1c2cccc(F)c2ncn1C1CCS(=O)(=O)CC1,0.4083000123500824,0.681301474571228,0.1218817301771857,2.443808,-9.89105987548828,0.1994836777448654,0,0,0,0.3846153846153846,1.2853,0.7948048963642771
9b7be097c92c88c2c04a9bc014ba0759,O=c1[nH]nc(Cc2ccc(F)c(Cl)c2)c2ncccc12,0.5329999923706055,0.9445217251777648,0.1750881062312559,2.404368,-7.681220054626465,0.2058846518397331,0,0,0,0.0714285714285714,2.7014000000000005,0.7889335902980749
0868a1d8437fad742f33617bc0c58519,CC[n+]1c(C=Cc2ccc(Cl)cc2)ccc2ccccc21,0.6708999872207642,0.9922318458557128,0.4279918602921746,2.324891,-12.09824275970459,0.656116247177124,1,1,0,0.1052631578947368,4.971000000000004,0.6004447473114233
35cf2ccec0249ca97488667ecc731d17,COc1cc(NC(=O)C2=C(C)Nc3nnnn3C2c2ccc(SC)cc2)c(OC)cc1Cl,0.5128999948501587,0.853721559047699,0.2057026225057515,3.246006,-12.24682331085205,0.5228115439414978,0,0,0,0.238095238095238,3.9932000000000025,0.5188529798403939
1b169a3f3e7d07ddde3df18f871e6a49,CCCOc1ccc2c(c1)C(=O)c1ccc(C(N)=O)cc1S2(=O)=O,0.5914000272750854,0.9350335597991944,0.1976084038615226,2.406251,-9.375014305114746,0.1374401092529296,0,0,0,0.1764705882352941,1.9515,0.7781972704170371
6f5929d02da9ef8400da6a7a6b2e29cf,CCOC(O)=C1C(C)=NC2=C(C(=O)CCC2)C1c1ccc(O)c(OCC)c1,0.4891999959945678,0.8708570599555969,0.2052858492190187,3.294934,-1.9436053037643433,0.2105422414839267,0,1,0,0.4285714285714285,4.162200000000003,0.75882563875381
deac76c817d2bf9b856c91b45e073b7a,CC(=CCCC(C)=CCC1=CC(=O)C(C)=CC1=O)CCC=C(C)CCC(O)C(C)(C)O,0.5490999817848206,0.9869446754455566,0.4420657862316478,3.83219,10.47067165374756,0.748477292060852,1,1,0,0.5555555555555556,5.712300000000008,0.3082202490921787
ec5ee4dfcc3095a625f820ebf2467293,CCn1nc(C)c2c(-c3ccccc3)cc(=O)n(C(C)C(=O)NCc3ccc(C)cc3)c21,0.5666999816894531,0.8859373331069946,0.16772526841272,2.873282,-6.316067695617676,0.8625258088111878,0,0,0,0.2692307692307692,4.379140000000003,0.4955382993633961
5e843b3c58bc05ef9bfe8363188b9bbd,CC(=O)Nc1ccc(S(=O)(=O)NCC(C)NS(=O)(=O)c2ccc(NC(C)=O)cc2)cc1,0.420199990272522,0.6582960486412048,0.0669392945922233,2.626705,-9.362713813781738,0.3027283057570457,0,0,0,0.2631578947368421,1.2487,0.4348484086446256
838c561efb90127fc20d392ae23d7b8f,COc1ccc(C(=O)N2CCC(c3ccccc3)CC2)c(OC)c1OC,0.4090000092983246,0.5375754237174988,0.1372739984230561,1.963466,-6.878749847412109,0.744947075843811,0,0,0,0.3809523809523809,3.7322000000000033,0.8198750906822094
00773a7cf7cca18a0c8a3311dfbe70eb,O=C(Cn1ccccc1=O)Nc1ccc(-n2cncn2)nc1,0.3127999901771545,0.3565618693828583,0.0790642222220247,2.29127,-4.597912788391113,0.1143451258540153,0,0,0,0.0714285714285714,0.4626999999999999,0.7545557010849835
549edda9f1903098a4b4ef5576e7d768,CCCC(=O)c1nnc2nc(SCc3ccccc3)nn2c1CCC,0.5170999765396118,0.8630965352058411,0.1096721592105247,2.687905,-6.125787734985352,0.2539690464735031,0,0,0,0.3888888888888889,3.746900000000003,0.4525310263443077
1c9a8c6f20f26346667b0ee53a0a6229,O=C(OCc1ccc(F)cc1Cl)N1CCOC(c2nc3cncnc3[nH]2)C1,0.5990999937057495,0.759563148021698,0.2104420086199587,3.279666,4.062005996704102,0.5607623159885406,0,0,0,0.2941176470588235,2.8555,0.737521281975896
2f1537e3d127ea2c6b086d0f54870326,Cc1c(C)c2c(c(C)c1O)C=CC(C)(COCc1cc(-c3ccccc3)no1)O2,0.6948999762535095,0.9864168167114258,0.2653718875213103,3.392877,4.371216773986816,0.8266192555427552,0,0,0,0.2916666666666667,5.353560000000005,0.6347537484579509
0a968c125865f2758b8e42aab5c37be2,COC(=O)c1cccc2cc(S(=O)(=O)Nc3ncns3)ccc12,0.5634999871253967,0.9490357637405396,0.0566003325141289,2.381832,-4.093433380126953,0.1014908723533153,0,0,0,0.0714285714285714,2.2787000000000006,0.7257024739141225
422130733defefec54d42514e173d152,CCCCCCCn1cc(COCc2c(-c3ccccc3)nc3sc4ccccc4n23)nn1,0.5105999708175659,0.9737620949745178,0.2066685408353805,2.697876,-0.0882491171360015,0.8996755480766296,0,1,0,0.3461538461538461,6.494700000000006,0.2117283481964033
c391749decd9a5885e3460322ab146d5,CCC(=O)N1c2ccc(S(=O)(=O)NC3CCCCC3)cc2CC1C,0.4045999944210052,0.3424755036830902,0.1049353534525091,2.721342,-0.1710124313831329,0.3586189955472946,0,0,0,0.6111111111111112,2.9852000000000016,0.9076561194600228
e95fdef297c6ad2ae493299414304a6d,O=[N+]([O-])c1ccc(C2=NOC(c3ccc(N4CC[S+]([O-])CC4)cc3)C2)o1,0.61080002784729,0.883197546005249,0.3861251690170981,3.945771,-4.414768695831299,0.5246270835399628,1,1,0,0.3529411764705882,2.622200000000001,0.4621289135313448
ed46bcacb9be3673b2ccdc222aca0f43,OCC1C(O)C(O)CCN1Cc1cccs1,0.3889000117778778,0.7776405215263367,0.086937915681946,3.515124,2.406719923019409,0.0876253582537174,0,0,0,0.6363636363636364,0.0364999999999997,0.7010299254554757
9630e08dec16c0c4fd5a7ddfbaa859aa,COCCn1nnnc1CN(CCCN1CCOCC1)Cc1cc2c(C)ccc(C)c2nc1O,0.5252000093460083,0.710160493850708,0.059975267642585,2.946731,-8.521763801574707,0.8243945598602295,0,0,0,0.5833333333333334,1.91464,0.451139523715531
68cc5c95cbd6d2bea30598258fe1e946,c1ncc(-c2nnn3c2CCCC3)cc1OCC1CCN1,0.4499000012874603,0.5035925507545471,0.0701837331818586,3.390594,-2.231696367263794,0.1799950093030929,0,0,0,0.5333333333333333,1.4170999999999998,0.9200319797982623
dc8cca6537c50382bc5c199f9b80d22a,O=S(=O)(c1ccc(C(F)(F)F)cc1)N(CCCN1CCC(c2noc3cc(F)ccc23)CC1)C1COC1,0.732699990272522,0.9753284454345704,0.3434544842351567,2.865248,1.0011502504348757,0.9813659191131592,0,0,0,0.48,4.644900000000004,0.3869385049143242
5e35d5f893206124a97daf1582dae2fc,CS(=O)(=O)Nc1ccc2c(c1)CCCN2C(=O)c1cccs1,0.4368999898433685,0.3698280751705169,0.0423690426925366,2.209286,-6.588435173034668,0.5045435786247253,0,0,0,0.2666666666666666,2.712600000000001,0.9370013943424362
972f9a17e8f6542ade99c29aa7b99813,O=C(O)c1ccc(N2C(=O)SC(=Cc3ccc(F)cc3)C2=O)cc1,0.6402999758720398,0.9859760999679564,0.1138240275057879,2.013467,-7.172541618347168,0.0278421483933925,0,1,0,0.0,3.764800000000002,0.8589483577842746
b67065670e4595c56502c7d9b2589a4f,O=C(Cn1cnc2ccc(N3CCN(C(=O)C4CCC4)CC3)cc2c1=O)NCc1ccc(Cl)c(Cl)c1,0.730400025844574,0.8297140598297119,0.112400550733913,2.40589,-11.956239700317385,0.8078839302062988,0,0,0,0.3846153846153846,3.4684000000000017,0.5297874344591784
0d87923310479487f0cb724801fd63b2,COc1cccc(-c2cncc(C(=O)N3CC(=O)Nc4ccccc43)c2)c1,0.4354000091552734,0.6981483697891235,0.2189697982235388,2.20086,-7.517370700836182,0.735833215713501,0,0,0,0.0952380952380952,3.3561000000000014,0.7783758464552682
f21cb7c65128aff8f4d7359c9cfef87d,O=C(N1CC(CO)C1)N(c1ccccc1)c1ccccc1,0.3921999931335449,0.5714321136474609,0.1641605069691484,2.081822,-7.942095756530762,0.6001976013183594,0,0,0,0.2352941176470588,2.868800000000002,0.9404135423581496
a67330164bbc82cce99baf0cce4bb652,COc1cc(OC)c(NC(=O)C2CCC(=O)N2C2OC(=O)c3c2ccc(OC)c3OC)cc1Cl,0.5616999864578247,0.7582719922065735,0.242364073341543,3.392974,1.2427541017532349,0.4718084216117859,0,0,0,0.3478260869565217,3.1731000000000016,0.5887863025325608
0d5f6e44b2e6db8d91a88cfe872add0a,Fc1ccc(Br)cc1C=NC1Oc2ccccc2CC1c1noc(-c2cc(Br)ccc2F)n1,0.6868000030517578,0.958436131477356,0.4197844415903091,3.727586,-7.035971641540527,0.908035373687744,0,1,0,0.125,6.703700000000004,0.2543403123492789
3b192a3ccfb3b7dde5e1f70e4e2e335a,C=CCN(C)C(=O)c1cnn2c3c(cnc12)CCCCCC3,0.4577000141143799,0.4558821320533752,0.107462407851761,2.728862,-7.463785648345947,0.3208237677812576,0,1,0,0.4705882352941176,2.646300000000001,0.8185689934846295
21d0543d349467402a4103c895109f28,CCCC(=O)OC1CC(C)=CC2OC(=O)C3(C)OC23C(OC(C)=O)C2C(C)=CC(O)C(OC(C)=O)C2(C)C1OC(C)=O,0.6136999726295471,0.9656113386154176,0.2733118513768369,6.229927,8.75989818572998,0.5188051462173462,0,1,0,0.7,2.239799999999999,0.207305390905568
caeb02fedba9683bc16a8d9108e26972,Cc1nc(COc2ccc(C(C)(C)C)cc2)nn1C,0.4296000003814697,0.8791175484657288,0.0753271314315497,2.276881,-10.875107765197754,0.1715858176350593,0,0,0,0.4666666666666667,3.000020000000001,0.8503616152886424
fb85e6ebd184c39198f01e474f31f8a0,Cc1ccc(-c2nn3c(=O)cc(CN4CCN(S(=O)(=O)c5ccc(Cl)cc5)CC4)nc3s2)cc1,0.4848000109195709,0.6984154582023621,0.2296983437104658,2.401125,-7.274379730224609,0.8676220059394837,0,0,0,0.2608695652173913,3.2863200000000017,0.4051107937388869
29527a2248e2f3549fad41c49e5ec6a4,COc1cc2c(-c3ccc4cc[nH]c4c3)c(-c3ccsc3)oc(=O)c2cc1OC,0.6407999992370605,0.9626777172088624,0.3983415988358584,2.640303,-1.6133404970169067,0.8460709571838378,0,0,0,0.0869565217391304,5.687000000000003,0.4188210651989728
537934def914a3d3e16ef5a0a189a71d,O=C(Nc1ccc(F)c(Cl)c1)N1CCN(C(=O)c2nsc3ccccc23)CC1,0.6087999939918518,0.885392963886261,0.1042336256835948,2.260585,-7.796159744262695,0.8226667046546936,0,0,0,0.2105263157894736,4.078700000000003,0.6815801177726863
658c829d18b0a9960fa96eba2ca95a37,Cc1c(-n2cc(C(=O)c3cc(F)ccc3O)cc(C#N)c2=O)c(=O)n(-c2ccccc2)n1C,0.5867999792098999,0.8356876969337463,0.2618081691590222,2.793427,-5.189363479614258,0.6685648679733276,0,0,0,0.0833333333333333,2.5827,0.4867420554466987
96b59796b1143f7fd7832a0ec99b2b25,CSc1ccc(CN(C(=O)c2cc(=O)[nH]c(=O)[nH]2)C2CC2)cc1,0.4812000095844269,0.6153916716575623,0.149592173370448,2.450292,-12.301465034484863,0.0445542376488447,0,0,0,0.3125,1.5899,0.8148160329179567
5db6b5a69cb4446307b914bddee02d09,CSc1ccc(C=C2N=C(c3ccccc3)N(c3nc4cc(Cl)c(F)cc4s3)C2=O)cc1,0.5939000248908997,0.9860572814941406,0.5301118520173159,2.654061,-0.5715008974075317,0.7255583047866822,1,1,0,0.0416666666666666,6.645200000000005,0.2431036719232907
0595903e2a6e45ed8020deccc46854a5,O=C(O)c1cn(Cc2ccc(F)cc2)c2ccc(Cc3cccc(Cl)c3F)c(O)c2c1=O,0.8001999855041504,0.9969155788421632,0.187647591937672,2.497826,-7.534660339355469,0.4193955212831497,0,0,0,0.0833333333333333,4.976000000000003,0.4447713352438258
a74f6d670206f71ac927a6dea62d23ca,CCOC(=O)c1cc2cc(N3CCN(C(=S)Nc4ccc(C(C)=O)cc4)CC3)ccc2o1,0.5753999948501587,0.8561065196990967,0.1003190094435756,2.333354,-8.133197784423828,0.606183010339737,0,1,0,0.2916666666666667,4.331100000000004,0.3490516149573496
40ae30c16ee7151ef28924aebb0e59f7,O=C(NCc1cccc([N+](=O)[O-])c1)C1Cc2ccccc2CN1C(=O)c1cc(Cl)c(O)cc1O,0.7197999954223633,0.98630291223526,0.1885467185215516,2.937176,-8.161637306213379,0.6809397339820862,0,1,0,0.1666666666666666,3.5429000000000026,0.3768068495493001
4549a0efaf981408de4d81f4e42d7783,O=C(CN1CCN(S(=O)(=O)c2ccc(Br)cc2)CC1)NN=Cc1cc([N+](=O)[O-])ccc1Cl,0.6039999723434448,0.8207838535308838,0.230942200530659,2.3649,-11.457186698913574,0.8640473842620849,0,1,0,0.2631578947368421,2.4673000000000007,0.3242773653278235
2e3a330fbbb9f5b24886a5783a8ce20d,COc1ccc(CCC(=O)Nc2cc(-c3ccn[nH]3)sc2C)cc1,0.4332000017166137,0.7551401257514954,0.1647130095145919,2.349679,-7.349338531494141,0.7604281306266785,0,0,0,0.2222222222222222,4.026520000000002,0.7112663011747075
d6dc499d941d69514bc85b13c7fb6968,Cc1ccc(S(=O)(=O)N(CC(O)COc2ccccc2)c2c(F)c(F)cc(F)c2F)cc1,0.6075999736785889,0.9698719382286072,0.3536683917045593,2.929518,-7.065926551818848,0.9690614938735962,0,1,0,0.1818181818181818,4.186620000000004,0.3970616404120318
c0c45ee292e9e7d962d33e62767ecb62,O=C(Nc1cccc(Cl)c1)Nc1cccc(-c2cnc3c(NC(=O)c4ccccc4)cccn23)c1,0.5898000001907349,0.98224675655365,0.3775786784562198,2.241675,-10.48336696624756,0.8791823625564575,0,0,0,0.0,6.551000000000005,0.2657264392528275
e5420af5f579c431e475fee927367b87,CCOC(=O)C(=O)CC(=O)C(Br)C(Br)c1ccc(Cl)cc1,0.6517999768257141,0.977656066417694,0.1584826110100204,3.341562,0.1175422370433807,0.2152446806430816,0,1,0,0.3571428571428571,3.6309000000000022,0.2812130283229086
6fc012ea35a45fa5421c6c70f9c5ddb3,c1ccc2c(c1)CCN1c3nc4ccccc4nc3N(CCCN3CCOCC3)CC21,0.5480999946594238,0.9184600114822388,0.2880238728089766,3.040768,-4.482229232788086,0.9753904700279236,0,0,0,0.44,3.275900000000002,0.6517381798073006
4bac27f7d2ce215f1b8b97c61d98a377,O=C(NC1CCCCCC1)C(=S)N1CCOCC1,0.4334000051021576,0.5078372359275818,0.0853483656590635,2.355339,-7.98629093170166,0.1249559834599494,0,1,0,0.8461538461538461,1.4849999999999997,0.5787977558417802
a06e61e14320f0e3513579120701eb91,CCOc1ccc(CCNC(=O)c2cc3ccccc3n2Cc2ccc(Cl)c(F)c2)cc1OCC,0.5349000096321106,0.9641191959381104,0.2681224576451562,2.293192,-6.269002914428711,0.909740400314331,0,0,0,0.25,6.252000000000006,0.2832256700406793
08d6bdce60431e89ecf7e7418b0b1032,Oc1ccc2c3c1OC1CCCC4(O)C(C2)N(CC2CC2)CCC314,0.6172000169754028,0.8540487885475159,0.2400279092517766,5.117492,11.141671180725098,0.8137118577957153,0,0,0,0.7,2.3464,0.8754170590608125
fcd0f756c0696706992e85ab8a177a29,COc1ccc2[nH]c(-c3cccc(O)c3)c(-c3cccnc3)c2n1,0.5663999915122986,0.9879518151283264,0.3610854216597297,2.409118,-1.226683259010315,0.7878623604774475,0,0,0,0.0526315789473684,4.006100000000003,0.5987990735360706
b4a51d4f1e6006a6bca1204d4968be06,O=C1CN(N=Cc2ccc(-c3ccc(Cl)c(Cl)c3)o2)C(=O)N1,0.6116999983787537,0.9382591843605042,0.4053310643542896,2.600433,-8.004018783569336,0.123534258455038,0,1,1,0.0714285714285714,3.1391000000000018,0.690060986704339
1196561672a5abde912fb46da016582e,Cc1cnn(C2CCCC2)c1NC(=O)N1CCC2CCC(C1)N2C,0.4740000069141388,0.2587005496025085,0.0714818428863178,4.093609,-11.271668434143066,0.7437605261802673,0,0,0,0.7777777777777778,3.0070200000000016,0.9062016926591951
2cc11d732b7f770623452ec750b54321,COc1ccc(Cl)cc1NS(=O)(=O)c1cc(-c2noc(C(=O)N3CCOCC3)n2)cs1,0.5946999788284302,0.5096069574356079,0.0622034712948582,2.625684,-2.6892831325531006,0.6446308374404908,0,0,0,0.2777777777777778,2.7333000000000007,0.5659723221381291
5bef20ef39a742a895192186c7182f23,C=CC1=C(C)C(CC2=NC(=C3c4[nH]c(CC5NC(=O)C(C)=C5CC)c(C)c4C(=O)C3C(=O)OC)C(CCC(=O)O)C2C)NC1=O,0.710099995136261,0.9716652631759644,0.2032526088031855,5.361015,13.77574062347412,0.198442479968071,0,1,0,0.4705882352941176,3.7498200000000015,0.2294202957426605
0c2f1a9ce78cfe33e462e2b02f17d07b,C=CC(C)(C)c1[nH]c2cccc3c2c1CC1C3C(O)C(C)CN1C,0.6474999785423279,0.9696532487869264,0.3892284116961739,4.36642,11.68176555633545,0.877919614315033,0,1,0,0.5238095238095238,3.582200000000002,0.8289084942383638
5366b2a2c6ed7e5b5fc16da4655572bf,CC(C)CC(COc1ccc(Br)cc1-c1ccno1)NC(=O)OC(C)(C)C,0.6269999742507935,0.912132740020752,0.2034755118868567,3.063677,-8.185643196105957,0.6410340309143067,0,0,0,0.5,5.422300000000005,0.6235931037411633
e7ab8123625f0f740dc9fe9d03950b83,NC(=O)N1CCCCCC1C1CCN(c2nccc(C(F)(F)F)n2)CC1,0.6380000114440918,0.669198215007782,0.2281698686155406,3.008293,-8.538880348205566,0.7544315576553344,0,0,0,0.7058823529411765,3.0351000000000017,0.8670662014247182
8886174d046c03877540d57569beaceb,COC(=O)c1c(C)[nH]c(C(=O)OCc2ccc(F)cc2)c1C,0.4900000095367431,0.6873359680175781,0.1545180715620517,1.970149,-8.213068962097168,0.3607521116733551,0,0,0,0.25,2.9142400000000013,0.8818804981518029
13ae6e0e64993f37d24055f5b975d3fc,O=C(C1CC1(c1ccccc1)c1ccccc1)N1CCOCC1,0.412200003862381,0.697566568851471,0.163255958055908,2.625299,-8.645209312438965,0.3806739926338195,0,0,0,0.35,2.851400000000001,0.8724697491388818
13bdc596dd6b811f6abcfa367fac5644,C=CC(=O)N1CCCN(c2cc(NCCC(=O)O)nc(-c3ccccn3)n2)CC1,0.5756999850273132,0.9025914669036864,0.0929164297201416,2.586493,-6.90792179107666,0.1448638141155243,0,1,0,0.35,1.6499,0.6797668188521515
43fde98761eaa49b85cc4722faec9268,Nc1ccc(NS(=O)(=O)c2ccccc2)c(O)c1,0.3950999975204468,0.9160122871398926,0.0953738926063207,1.852459,-6.920473575592041,0.1212017230689525,0,1,0,0.0,1.7752,0.5816319211534651
c8e4cd87031641edfeaed1f4726c5144,Cn1c(=O)oc2cc(-c3coc(=O)n3-c3ccccc3)ccc21,0.4151999950408935,0.8592090606689453,0.1797957454215396,2.506333,-3.350319147109986,0.1626819282770157,0,0,0,0.0588235294117647,2.5424000000000007,0.5703779485816908
5c83775f950e5955486f0fd732274514,O=C(NCc1ccc(Cl)cc1)C1CCCN(S(=O)(=O)c2c[nH]cn2)C1,0.4580999910831451,0.4284505248069763,0.0538859589194709,2.935766,-9.560083389282228,0.6318878710269928,0,0,0,0.375,1.7801999999999998,0.8234954378243847
1f600fc297fe07d0d87fd9c90265b267,COC(=O)c1sc(-c2cccs2)cc1Nc1cc(OC)c(OC)c(OC)c1,0.5368000268936157,0.9519855380058287,0.320091496814381,2.434437,-3.161699056625366,0.6950457572937012,0,0,0,0.2105263157894736,5.032600000000004,0.5561377789692629
7fdefa18f9442ff012e86d231b3c5fb8,Cc1ccccc1CCOC(=S)Nc1ccc([N+](=O)[O-])cc1,0.4774999916553497,0.9588135480880736,0.2793898541818965,2.108091,-6.793071746826172,0.4730221629142761,0,1,0,0.1875,3.859320000000002,0.5153399565697916
f1384a9d1d9e67dd168c4c6d9baa8898,COc1ccc(NN=C2C(=O)N(c3nc4ccc(Cl)cc4s3)N=C2C)cc1,0.5917999744415283,0.9835159778594972,0.4216394546357068,2.436554,-5.770926475524902,0.6065625131130219,1,1,0,0.1111111111111111,4.148900000000003,0.6682053450880884
d0ccbe216456dd6996455f6e18a99485,Cc1cc(C)n(CC(=O)NN=Cc2cccc([N+](=O)[O-])c2)n1,0.4201000034809112,0.8703315258026123,0.1444689797406846,2.25225,-7.906256675720215,0.1754451423883438,0,1,0,0.2142857142857142,1.55844,0.5139308438448603
b517ce1a8986426d819403043bbc36c8,CC(C)(O)c1cc2c(N3CCC4(CC3)CC4)c(C#N)c(=O)[nH]c2cn1,0.5974000096321106,0.8333226442337036,0.3077753037214279,3.541783,0.8738613724708557,0.7889262914657593,0,0,0,0.5263157894736842,2.4025800000000004,0.8769189402958134
53119b9df05681aac5682710e1c564d0,Cc1cccc(NC(=O)Nc2ccc3c(c2)OCO3)n1,0.3483000099658966,0.8190367221832275,0.1689558110453865,1.98063,-7.430534839630127,0.5156635224819184,0,0,0,0.1428571428571428,2.7627200000000007,0.8805173272478579
b3c94bc9d5d422c2e569fb573f27c5b9,Cc1cc(C)nc(SCc2nnc(SCC(=O)Nc3ccc(C(F)(F)F)cc3)n2-c2ccc(Cl)cc2)n1,0.5986999869346619,0.9866806864738464,0.3633095743981274,2.512899,-9.95930004119873,0.7358377933502197,0,0,0,0.2083333333333333,6.369440000000004,0.1965067980649685
839a3e1e50b7cdfe3b38de463b11a490,CCOC(=O)N1CC=C(c2cccn3nc(Nc4ccc(C(=O)NC5CCNCC5)cc4)nc23)CC1,0.5843999981880188,0.8918666243553162,0.1585881154645573,2.819251,-5.160284042358398,0.7505924463272095,0,0,0,0.3846153846153846,3.2003000000000013,0.4873750409265576
b1e17516c487ec07f0aecd1d6d277c73,O=C(Nc1ccc([N+](=O)[O-])cc1Br)C(Nc1ccc2c(c1)OCCO2)c1ccccc1,0.6758000254631042,0.985135018825531,0.3217428909106688,2.732571,-6.891504764556885,0.8449360251426696,1,1,0,0.1363636363636363,4.9204000000000025,0.3805084561609887
a537349634f16ef7d43296a4644c9862,Cc1[nH]nc(-c2ccc(S(=O)(=O)Nc3ccccc3)s2)c1C,0.5584999918937683,0.8989142179489136,0.138919573277235,2.319193,-9.114457130432127,0.5311887919902801,0,0,0,0.1333333333333333,3.5558400000000017,0.7664297887288158
f22f5d2cedb64c467f92d56cd5e904f2,Cc1cc(C(N)=O)cc(C)c1CC(N)C(=O)N(Cc1ccccc1)C(C)c1nc(-c2ccccc2)c[nH]1,0.6452999711036682,0.9855806231498718,0.3398560962893746,3.4912,6.795930862426758,0.9361883163452148,0,0,0,0.2333333333333333,4.452240000000003,0.3177971170636181
90c593e4c80fc6442ea92a99c92cc840,Cc1n[nH]cc1CNC1CCCC(C)C1C,0.3075000047683716,0.6234617233276367,0.1058716189793565,3.863321,-10.127147674560549,0.1515093892812729,0,0,0,0.7692307692307693,2.6324200000000006,0.8234834751271041
7fa05fb724bff9680c41b6653d728019,COc1c2c(c(O)c3cc(CNCC(C)C)ccc13)C(=O)C1=C(O)C3(O)C(=O)C(C(N)=O)=C(O)C(N(C)C)C3CC1C2,0.8496999740600586,0.9976245164871216,0.2677318176085299,4.452386,12.70048999786377,0.6270750343799592,0,1,1,0.4516129032258064,2.0279999999999996,0.2654998830456169
b5fae674960e7aa9276dc06bd7d63d69,O=C(O)c1ccc(CC2c3cc(Cl)ccc3-c3ccc(Cl)cc32)cc1,0.7972999811172485,0.998613715171814,0.1811201379380443,2.121504,-8.002718925476074,0.1249499797821045,0,0,0,0.0952380952380952,6.046600000000003,0.6105470042419131
9ef04c99081215e84d4915c870d34312,O=C(c1cccnc1)n1[nH]c(COc2cc(Cl)cc(Cl)c2)cc1=O,0.6241000294685364,0.9195923209190368,0.2649049284783276,2.707008,-6.5799736976623535,0.2276494562625885,0,0,0,0.0625,3.1457000000000015,0.7717008007271765
4f200170b6552b5746df6cdf51978f25,CC(=CC(=O)c1ccccc1)Nc1ccc2c(c1)OCO2,0.4070000052452087,0.9189146161079408,0.2566933198408647,2.050406,-4.877044677734375,0.7356828808784485,0,1,0,0.1176470588235294,3.613900000000002,0.6866458071197539
706ab241a815098304a4bf04201d3bc0,C(#Cc1ccccn1)c1ccc(C#Cc2ccccn2)cc1,0.5307999849319458,0.974040389060974,0.3644564043391834,2.38584,-6.6368632316589355,0.3708844229578972,0,1,0,0.0,3.276200000000002,0.5905926925260562
dc859fc027673a5ea0452a7aae912b64,CCN1CCC(CNCc2c[nH]nc2C(C)(C)C)C1,0.3763000071048736,0.5252280235290527,0.0879834844646128,3.3666,-6.704068660736084,0.619144332408905,0,0,0,0.8,2.1385999999999994,0.8561461510329235
c7244488fc0e943bf7f38cb19c7d64f8,O=C1NC(C2CCCC2)Nc2ccccc21,0.3075999915599823,0.7445871829986572,0.1922717233273116,2.910227,-4.183617115020752,0.2724974721670151,0,0,0,0.4615384615384615,2.3582,0.7562701643642243
890cd83c0e6396c7f6652d3d3e792136,CC=C(C)C(=O)OC1CCC2(CO)C3(CC(c4ccoc4)OC3O)C(CO)CC(O)C2(CO)C1(CO)CC(=O)O,0.5144000053405762,0.8911573886871338,0.1574265584349632,6.230509,14.267151832580566,0.1404523178935051,0,1,0,0.7142857142857143,0.5014999999999996,0.1605473490819683
7fd481ce0a21ea37920b2dfe3d8f4435,COc1cc(OC)c2c(N3CCOCC3)nc(-c3cc(C)c(OCC(=O)NO)c(C)c3)nc2c1,0.5324000120162964,0.8684650659561157,0.262899095361883,2.692316,-5.607748985290527,0.9063612341880798,0,1,0,0.375,2.6516400000000004,0.3987807318673853
fa3f57a0b9b7700a229f25aecce9a3fc,COP(=O)(CCN(c1sc2ccccc2c1Br)S(=O)(=O)c1ccccc1)OC,0.5795999765396118,0.9617387056350708,0.1372612284665758,2.853177,-0.8401116132736206,0.8828431725502014,0,1,0,0.2222222222222222,5.345000000000004,0.3873116836080001
63625adf768d4cd28c3e063e2e246550,Cc1c(-c2cc3ccccc3n2Cc2ccc(C#N)cc2)nc2cc(C(=O)N3CCCC(N)C3)ccn12,0.6258999705314636,0.945459008216858,0.3011483821001919,3.235273,-5.907632350921631,0.9852703928947448,0,0,0,0.2333333333333333,4.7477000000000045,0.3952282720650645
1b315faaaa58606c0d745ff9daa17b46,O=C1CCCN1CCCNc1nc2c(S(=O)(=O)c3ccccc3)nnn2c2ccc(Cl)cc12,0.5414999723434448,0.8376855850219727,0.1468833894892172,2.687647,-4.6443634033203125,0.7784737586975098,0,1,0,0.2727272727272727,3.1881000000000013,0.4009625991631955
94abf42bb1357688c882121c26452e93,CS(=O)(=O)c1ccc(Cl)cc1NS(=O)(=O)c1ccc(I)cc1,0.5245000123977661,0.9315155148506165,0.1892658983441916,2.112231,-10.58396339416504,0.3405359596014022,0,1,0,0.0769230769230769,3.148900000000001,0.6948713270301968
b2813994ca4e4f5918ba9f3736aa44f0,CCOc1nc2ccccc2nc1C(=O)Nc1ccc(O)c(CN2CCOCC2)c1,0.4621999859809875,0.757719099521637,0.1297968835993246,2.348886,-6.564279556274414,0.8827671527862548,1,1,0,0.3181818181818182,2.818600000000001,0.6055274425683423
31b551c55697a18e191b836624d745bf,COc1ccccc1-n1nc(-c2cccs2)nc1Cc1ccc(C(=O)NO)cc1,0.657800018787384,0.9690172672271729,0.2389289262619885,2.368043,-4.632091522216797,0.6457298755645752,0,1,0,0.0952380952380952,3.7142000000000017,0.3763398651838998
ca7a38b1a7ed907a1168667a80b46082,O=C1CCC(N2Cc3c(NC(=O)CNc4ccnc(Nc5ccc6c(c5)OCO6)n4)cccc3C2=O)C(=O)N1,0.5960000157356262,0.866030752658844,0.1476306068626317,3.342883,1.1480178833007812,0.7811660051345826,0,1,0,0.2307692307692307,1.7604999999999993,0.3316388663414831
34eff25519fad6971852c6a9fe7d220e,COC1(C)CC(O)C2C(C)C(=O)OC2C2C1CCC2(C)O,0.4679000079631805,0.8791821599006653,0.2117796706205064,4.831316,13.79723834991455,0.0769450545310974,0,0,0,0.9375,1.1109999999999998,0.7093197280781168
7be1883072a7e52b5b9e2c61c3e103b0,CCC1(O)C(=O)OCc2c1cc1n(c2=O)Cc2c-1nc1ccc(OC)cc1c2C1CCC1,0.7017999887466431,0.955549955368042,0.4400509162382646,3.420846,10.00995922088623,0.5820271492004394,0,0,0,0.4,3.3557000000000023,0.4994866128684879
234fa9f2e891f1ed8b07286f26004241,CCc1nc(N)nc(N)c1-c1ccc2c(c1)N(CCNC(C)=O)C(=O)C(C)(c1cccc(C(F)(F)F)c1)O2,0.7901999950408936,0.996345043182373,0.272226870059967,3.470982,7.477972507476807,0.9230351567268372,0,0,0,0.3076923076923077,3.666100000000002,0.4441237504641917
7b234d2cec47130890231659f1e274d6,O=C(Cc1nc2ccccc2nc1O)c1ccc(Cl)cc1,0.5347999930381775,0.9761478304862976,0.2026807300069115,2.112754,-8.967411994934082,0.1746699795126915,0,0,0,0.0625,3.414200000000002,0.7526439387177359
edc416b58f875583d3a541550f6ba80a,Cc1cccnc1NC(=O)N(C)CCCOCc1ccccc1,0.2994000017642975,0.2435399740934372,0.0944591476158662,2.083229,-2.175055503845215,0.795485508441925,0,1,0,0.3333333333333333,3.4606200000000022,0.796470216026147
629546cd147fc683e2ebb099b973c186,Clc1cc(-c2nc3ccccn3c2C=NNC2=NCCN2)c(Cl)s1,0.6851000189781189,0.9654844403266908,0.319749038327824,3.180711,-7.018156051635742,0.6338357388973236,0,1,0,0.1333333333333333,3.2523000000000017,0.5424435731326307
0841981a8eaabd42a79d6d0df79bcf46,CN(C)C1CCc2cc(Cl)c(O)cc2C1,0.4691999852657318,0.8445456624031067,0.3766569197177887,2.839229,-1.7903212308883667,0.4754355609416961,0,0,0,0.5,2.4645,0.7939466696426745
4ccd601337bbb4bc32261d5bbd734a58,CCc1nnc(CNC(=O)c2cc(CC(C)C)no2)s1,0.328000009059906,0.5043516755104065,0.0625599052185531,2.644051,-10.131224632263184,0.038466708548367,0,0,0,0.5384615384615384,2.2170000000000005,0.8831295896310636
1df67d26a07bd8bec7b751512dcbf294,Cc1cn2cc(-c3cc(=O)n4cc(N5CCC(N6CCC6)CC5)ccc4n3)cc2c(C)n1,0.6317999958992004,0.8962811827659607,0.4682408801533959,2.955543,-4.872156143188477,0.9164098143577576,0,0,0,0.4,3.3005400000000016,0.5011840700906841
55796cedfa4444c1b427a281e0729013,O=c1cc(-c2ccccc2Cl)oc2c(NS(=O)(=O)c3cc(Cl)cc(Cl)c3O)ccc(O)c12,0.7853999733924866,0.9993467926979064,0.2200401696291836,2.65653,0.9827014207839966,0.8128599524497986,1,1,0,0.0,5.632200000000004,0.3050318304008593
38508c58a591db9ba7af96f84864af42,COc1ccc2c(c1)CCCC21CC(=O)N(CCN(C)C)C1=O,0.3325999975204468,0.4125322103500366,0.0856611335819417,3.394698,-1.8171895742416384,0.3179732322692871,0,1,0,0.5555555555555556,1.5898,0.791700106511399
fdcd4e0fd51d4eefe44b0e87170dfac3,O=C(C1=CC2C3C(=O)N(c4ccc(Cl)cc4)C(=O)C3C(C(=O)c3ccc(Cl)cc3)N2C=C1)c1ccccc1,0.7351999878883362,0.9748387336730956,0.3093439855358817,3.761735,-10.002833366394045,0.5076801419258118,0,1,0,0.1333333333333333,5.371300000000004,0.3196809125948407
195f5191301937e309e251de9d43f91f,Cc1cccc(C(=O)NC(CC(C)C)C(=O)NCCN2CCc3cc(F)ccc32)c1,0.5313000082969666,0.7979652881622314,0.2104578065601262,2.656553,-10.565640449523926,0.9402923583984376,0,0,0,0.4166666666666667,3.4575200000000024,0.6994207720813901
f9524fe94fadc024011a1f5ae1115e84,C[n+]1c2ccccc2c(C=Cc2ccc(Cl)cc2Cl)c2ccccc21,0.8130999803543091,0.9983795881271362,0.5369154052300886,2.491128,-6.5593414306640625,0.8045006990432739,1,1,0,0.0454545454545454,6.294700000000003,0.2901178329115075
d14ea56272f5f4e83a1289e6cdc87445,CCCC(O)CC=CC1=C(CO)C2OC(C)(C)C(O)CC23OC3C1O,0.5968999862670898,0.8908696174621582,0.2297098514708605,5.637358,9.40186595916748,0.1740831956267357,0,1,0,0.7894736842105263,0.8230999999999997,0.5269157600035479
9d62229fa096aa427ab757aa839cb359,O=C(NCc1ccc(Cl)cc1)c1cccn2c(=O)c3ccccc3nc12,0.5133000016212463,0.8996791839599609,0.2225510776042938,1.96529,-12.398118019104004,0.5415640771389008,0,1,0,0.05,3.4311000000000016,0.5670776794366481
1b6606c37a00f5e1afeee73d276c1c41,Oc1ncc(C=NNc2ccccc2)c(O)n1,0.398499995470047,0.93989759683609,0.2417640956965359,2.712187,-5.39025354385376,0.0532933600246906,0,1,0,0.0,1.3338,0.546329391271452
2a0eda650383d496cfb17cee90fcc6ef,O=C1OC(CO)(COC(=O)C(c2ccccc2)c2ccccc2)CC1=Cc1ccc(F)c(Br)c1,0.6868000030517578,0.9878536462783812,0.2841021526943553,3.210099,1.4618306159973145,0.8218576908111572,0,1,0,0.1851851851851851,5.024900000000003,0.3464846037739896
dc76243f9949e0574ae027a9534559ff,CC(=O)C1CCC2C3C(C)CC4=CC(=O)CCC4(C)C3CCC12C,0.5048999786376953,0.8489301204681396,0.1346944139593026,4.227825,9.756854057312012,0.3101072147488594,0,0,0,0.8181818181818182,4.969500000000005,0.6808260974452237
4c8ed7e6b4b586bd302a23824e6b9c40,C[n+]1nn(Cc2ccccn2)c2c1C(=O)c1ccccc1C2=O,0.5769000053405762,0.9419606924057008,0.2340925708413124,2.827461,-9.09499454498291,0.1268305465579033,1,1,0,0.1176470588235294,0.9262999999999996,0.5166006426403777
95d5274deb918d4e184fcf8ccedc0420,Cc1ccsc1C1Nc2ccccc2C(=O)N1O,0.458400011062622,0.9649208188056946,0.1584235206246376,3.06571,-10.097535133361816,0.3817935407161713,0,1,0,0.1538461538461538,3.01222,0.7748922236338716
b1a64ab4c795092df1959a1c1819fd30,N#Cc1ccc(NC(=O)Nc2ccc(Oc3ccnc(NC(=O)C4CC4)c3)cc2F)cc1Cl,0.6897000074386597,0.9950175881385804,0.3691597878932953,2.404033,2.3713161945343018,0.6604814231395721,0,0,0,0.1304347826086956,5.530580000000002,0.4422146840554832
d840bf741d8a24556e47ba697a4f3f09,CCCCn1cc(C(=O)NCc2ccccc2)c(=O)c2ccc(N3CCCN(C)CC3)cc21,0.7078999876976013,0.8659318089485168,0.2261854098601774,2.296912,-7.127089500427246,0.9428863763809204,0,0,0,0.4074074074074074,3.873500000000003,0.598596367159513
34a3b5f11cc507783f8b838b1d8418c7,Fc1ccc(Br)c(Cl)c1C1CC(c2cccc(Br)c2)Nc2nnnn21,0.633400022983551,0.9646657705307008,0.1837984591620625,3.91329,-5.5530900955200195,0.5178127467632294,0,1,0,0.1875,5.136900000000003,0.509079790056474
5709dd293874d8aff69caff27e435471,CCS(=O)(=O)N1CC(Cc2nc(-c3cccnc3)no2)C1,0.395000010728836,0.3786112368106842,0.0509965097616341,2.511231,-11.598801612854004,0.2489660024642944,0,0,0,0.4615384615384615,0.9556000000000002,0.8169275393885319
1bbbd21edbc347fff37ed48344bcab27,CCCCn1cnc2c(cnn2-c2ccc(Cl)cc2)c1=O,0.4848999977111816,0.868800699710846,0.2224419469183141,2.088364,-8.671011924743652,0.183933587372303,0,0,0,0.2666666666666666,3.035700000000001,0.7441217542032481
efaf7698ed092b59aad05fabb1758b9e,N#CC1=C(N)Oc2ccc3ccccc3c2C1c1cccc(C#CCCO)c1,0.5828999876976013,0.9878553152084352,0.4198127646337856,3.039305,-9.91635036468506,0.9224272012710572,0,1,0,0.125,3.7918800000000026,0.6764550488568032
9b6a0e12550cdc3288be0c1282cacc7e,COc1cccc2c1C(=O)c1c(O)c3c(c(O)c1C2=O)CC(O)(C(C)=O)CC3OC1OC(C)C(NC(=O)C(F)(F)F)C1O,0.7907000184059143,0.9981408715248108,0.705984662879597,4.598535,9.108338356018066,0.5924650073051453,1,1,0,0.4285714285714285,1.3585999999999994,0.2628181808091266
570d1e141c2df48ae6e26ac1f7368735,CCNC(=O)c1ccc2c(c1)C1(CCC(Oc3ncc(C#N)cc3C#N)CC1)C(=O)N2,0.5627999901771545,0.6869194507598877,0.0919870036569508,3.399526,-6.431402206420898,0.6084126114845276,0,0,0,0.3478260869565217,2.7861600000000006,0.790196891555884
dc5cbe1761e4c0853dd03a6532ad2cc2,[N-]=[N+]=Nc1cncc(Cn2ccnc2N[N+](=O)[O-])c1,0.5267000198364258,0.8622835278511047,0.071979186412963,3.40688,-1.9179188013076784,0.0897254399955272,1,1,0,0.1111111111111111,1.8717999999999992,0.2875676443752862
bffd56cd5c59bba7b51546476c0fb76c,CN(C)CC1CC1c1cccc2ccccc12,0.5224000215530396,0.9494976997375488,0.2292938709936358,2.779147,-2.9278671741485596,0.8852640986442566,0,0,0,0.375,3.504900000000003,0.7724133088163244
3ff172a050a72e0944b64074f22a25e7,O=[N+]([O-])c1ccc(C=NNc2nccc(C(F)(F)F)n2)cc1,0.5174000263214111,0.9603979587554932,0.3099210008301518,2.400626,-2.8358967304229736,0.4904667139053345,0,1,0,0.0833333333333333,2.849600000000001,0.5321426560018789
cbeaa7aaaa5450c2a258affcd270cadc,OC1CCC(Nc2nc(Nc3ccc(C(F)(F)F)cc3)ncc2-c2ccc(CN3CCCC3)cn2)CC1,0.7286999821662903,0.9937119483947754,0.7280144501816143,2.680648,-0.9469479322433472,0.9404762268066408,0,0,0,0.4444444444444444,5.612200000000005,0.3792751092151927
6f3a22edcbbc863280b20c89276bea47,CS(=O)(=O)c1ccc(-c2ccc([N+](=O)[O-])cc2-c2ccccc2)cc1,0.5058000087738037,0.9758474826812744,0.235401917587627,1.849291,-7.783876419067383,0.6026646614074707,0,1,0,0.0526315789473684,4.332300000000004,0.5164623329923465
99dbe45efaa59d05fe58061b751752d2,CC1OC(n2cc(-c3ccccc3)c3c(NCC(=O)NCC4CC4)ncnc32)C(O)C1O,0.6136999726295471,0.9455470442771912,0.3725595968690785,3.687629,0.3913050591945648,0.615913736820221,0,0,0,0.4347826086956521,1.675499999999999,0.443628440486128
2d4efc4ca323b81586df0ff44bb0e9e9,COc1cccc(C2NC(c3cccc(OC)c3O)C([N+](=O)[O-])C(C)(C)C2[N+](=O)[O-])c1O,0.6229000091552734,0.9614662528038024,0.4085831926627593,4.098182,9.41861057281494,0.6090852320194244,1,1,0,0.4285714285714285,2.8174000000000015,0.447142711409323
a5d3b8ea75ce8aec71d536cabbd3cad9,CC1CCCN1c1c(C#N)c2c(N)nccc2n1C,0.5228999853134155,0.7526141405105591,0.203355233777653,3.351202,-9.071944236755373,0.7911907792091369,0,0,0,0.4285714285714285,2.01588,0.8458495003065994
ebb86e08550dcbceea7cde31131fe99a,O=C(c1cc2n(n1)CCN(Cc1nc3c(s1)CCCC3)C2)N1CCCC1,0.4740999937057495,0.3580989241600036,0.0444023126566951,2.740989,-9.393287658691406,0.5720968842506409,0,0,0,0.631578947368421,2.4702,0.8317354462510868
7c3bb3c57cbb699a039ec1f88db295bc,CCOC(=O)C(NC(=O)NCc1ccccc1)(OCC)C(F)(F)F,0.4417999982833862,0.7560566067695618,0.1321354926648465,2.857347,-7.745777130126953,0.2823814064264297,0,1,0,0.4666666666666667,2.3440000000000003,0.5857627871965038
31655c9a29188b7de59bf73e6965ad3b,CCN(C(=O)c1ccc(-c2cc(OC)nc(N)n2)cc1)C1COCC1O,0.4722999930381775,0.5635541677474976,0.1676169948821718,3.360451,-4.097043037414551,0.4106492072343826,0,0,0,0.3888888888888889,0.9561999999999992,0.8186326817026696
8aeb22211eef4f4892705038d6355ab5,COc1cccc(-c2ccc(C3C4CN(Cc5ccccn5)CC3N4)cc2)c1,0.6514000296592712,0.970793604850769,0.4930640811269933,3.746931,-1.318709373474121,0.9658886909484864,0,0,0,0.2916666666666667,3.697000000000002,0.7421363716836892
0ec1b70845e6170a10079b069f927ea4,CCCCNc1cnc2oc(C(C)C)c(C(=O)OCC)c2c1,0.5716999769210815,0.8305701017379761,0.1734039255163886,2.617577,-9.691781997680664,0.6247145354747772,0,1,0,0.5294117647058824,4.339900000000004,0.6086404107275214
c74f97b6bce6a0e389f88cfe8baeee82,O=C1c2ccccc2C(=O)c2c(O)cc(O)cc21,0.5203999876976013,0.9978547692298888,0.2768799019130794,2.041694,11.113099098205566,0.3074913710355759,1,0,0,0.0,1.8732,0.628686275140444
600d2ceacd853549e82410cfce345427,COc1ccccc1-c1ccc(C(=O)NC(C(=O)O)C(C)OC(C)(C)C)c(NC(=O)Nc2c(C)cc(C)cc2C)c1,0.6452000141143799,0.9875158071517944,0.3330832150849429,3.301298,-5.104097843170166,0.5934349596500397,0,0,0,0.34375,6.318060000000005,0.2422997970807148
ac913ad0aec0fae56232062bceb8651f,O=C(NCC(O)CN1CCc2ccccc2C1)c1ccc(OC2CCN(Cc3ccncc3)CC2)cc1,0.4722000062465668,0.7477214932441711,0.2380678850141438,2.881533,-7.328095436096191,0.9633283138275146,0,0,0,0.4,3.274000000000001,0.4697002703896024
a70de7228de0396a0985473b655450b9,CC(C)NC1Cc2cc(O)c(O)cc2C1,0.5267000198364258,0.9404226541519164,0.2896322729912671,2.555639,6.441214561462402,0.3886575847864151,1,1,0,0.5,1.5629999999999995,0.6450518698095041
bfe3beeb43c070ab395bf2f96b174ff4,O=C(NN=Cc1cccc(Cl)c1)c1ccncc1,0.4124999940395355,0.9107494950294496,0.1792293292554942,1.907783,-7.126284599304199,0.1788965687155723,0,1,0,0.0,2.498900000000001,0.6801362734298513
ee30461704f8b18648d23da2ae627e0b,CCN(CC)Cc1ccc2c(c1)CN(C(=O)c1sccc1C)CCO2,0.5317000150680542,0.4838938117027282,0.1639268858866258,2.384193,-11.478447914123535,0.9521791100502014,0,0,0,0.45,3.9331200000000033,0.811700199082301
2eda16090018e1698a1557c3dcb6402f,O=C1Nc2c(ccc3ccccc23)C1=Cc1cccc(C=NNC2=NCCN2)c1,0.6471999883651733,0.9854313731193542,0.4095760543238033,2.80486,-4.00971794128418,0.827661395072937,0,1,0,0.0869565217391304,3.215200000000002,0.3703448638797307
72181a4869230dd9a9734b66887b3a40,CCOc1cc2c(OCC3NC(=O)C4CC34)ccnc2cc1C(N)=O,0.6115000247955322,0.7475679516792297,0.1407537846402688,3.717674,1.313437581062317,0.1494684785604477,0,0,0,0.3888888888888889,1.2457,0.8227620919877036
274b1a4fafc1cd2a00bf9914014aa830,CCCCN(CCCC)CC(O)c1cc(-c2cccc(O)c2)nc2c(Cl)cc(Cl)cc12,0.7878000140190125,0.997890055179596,0.5627403042533181,3.043317,-8.774286270141602,0.9387983083724976,0,0,0,0.4,6.849800000000006,0.346755769713561
114ecd58620d12ce0c1a6c6e1fd645df,CC1CN(c2cccc3c2CN(c2ccc(C#N)cc2)CC3)CCN1C(=O)Cn1cnc2cccnc21,0.5565000176429749,0.923115611076355,0.1127397133545442,3.241015,-11.205363273620604,0.9585868954658509,0,0,0,0.3103448275862069,3.6029800000000023,0.4339691952770759
355112ebdce9d6838d2f359ed7302ccb,Cc1ccc(Cn2cc(CNC3=C(Cl)C(=O)c4cccnc4C3=O)nn2)cc1,0.5257999897003174,0.951263189315796,0.29774844172326,2.611005,-8.25316333770752,0.3175371766090393,1,0,0,0.15,2.649020000000001,0.7163186144676026
91d34f4fa167fd3853a2c4cb9c567d45,CC(=O)OC(C(=O)Nc1nccs1)c1ccccc1,0.3163000047206878,0.8625814318656921,0.0878109657628969,2.480985,-4.876692295074463,0.0472986184060573,0,0,0,0.1538461538461538,2.386,0.8705189726143062
100177551cae26497fe17a0971fb0768,CC(=O)NCC1CN(c2ccc(N3CCC(=Cc4cc(-c5cccs5)no4)CC3)c(F)c2)C(=O)O1,0.7684999704360962,0.8838284015655518,0.1573423729701475,3.460725,-9.215558052062988,0.496659654378891,1,0,1,0.32,4.687300000000004,0.5329379733066626
3aea637ab6614068738a31e7632ce46e,CC(C)(C)OC(=O)c1ccccc1CNc1nc(Nc2cc(Cl)cc(Cl)c2)n[nH]1,0.6858000159263611,0.9869021773338318,0.3589637265963988,2.591935,-6.063380718231201,0.5657579123973846,0,0,0,0.25,5.422500000000004,0.4488309961203207
3235514f7d96837473b030e9cb2041db,C#CCOc1cccc(C=CC(=O)Nc2cc(C(=O)c3cc(OC)c(OC)c(OC)c3)ccc2OC)c1,0.4805000126361847,0.9365103840827942,0.4164996377446435,2.496324,-9.314504623413086,0.7103103280067444,0,1,0,0.1724137931034483,4.615900000000004,0.2329381753982301
164a018a92f70089e202d666cb9e2d5d,Nc1nc2cc(CCC3CC(Nc4ncncc4C(=O)c4ccccc4C(F)(F)F)C(O)C3O)ccc2cc1Br,0.7942000031471252,0.9968377351760864,0.6143122505057942,4.15851,6.7405009269714355,0.9203646302223204,0,0,0,0.2857142857142857,4.774300000000005,0.2183575994633058
715d44b72369ad630177e577be7e59ee,c1ccc2nc(-c3nc4ccccc4s3)c(NCCCn3ccnc3)nc2c1,0.5569000244140625,0.978707194328308,0.3894316066395152,2.468277,-7.956917762756348,0.9603800892829896,0,1,0,0.1428571428571428,4.605200000000003,0.4318498314248815
a47f9b2501d82c18b3345c88b4718ba8,COC(=O)C(Cc1ccccc1)NS(=O)(=O)c1cc(NC(C)=O)ccc1-c1cnc(-c2ccc(NC(=S)NC(C)C)cc2)s1,0.6394000053405762,0.9663705229759216,0.1389110979031432,3.217377,-2.9811489582061768,0.7619353413581849,0,1,0,0.2258064516129032,5.192900000000003,0.1274751830442256
e0f946e15d53054ef6e58019f17b141d,COc1ccc(S(=O)(=O)NCCNc2nccc(-n3ccc4cccnc43)n2)cc1,0.480100005865097,0.8313549160957336,0.2979574156078425,2.518942,-10.186623573303224,0.9386763215065004,0,1,0,0.15,2.2144999999999992,0.4172714899995147
0a2412fa51b073754984b27756a3f352,Cc1ccc(C(=O)N(C)CCc2noc(-c3ccc(C(=O)NCCN(C)C)cc3)n2)cc1,0.3431999981403351,0.5507918000221252,0.0838364276357672,2.28212,-11.684324264526367,0.7629969596862793,0,0,0,0.3333333333333333,2.6511200000000006,0.5556433184167289
86a507c502d5cd03b1f6fbe0a517b0de,COc1ccc(Sc2nccc(C(F)(F)F)n2)cc1OC,0.4221000075340271,0.8079487085342407,0.1960363611578941,2.269513,-8.703468322753906,0.3079897403717041,0,0,0,0.2307692307692307,3.663800000000002,0.805445146507162
db6d9a027fd849701e2b4a954d8b0ce2,O=C1Nc2ccccc2C1(O)c1ccccc1,0.335999995470047,0.9203259944915771,0.145016494799744,2.532822,-9.642627716064451,0.1014311276376247,0,0,0,0.0714285714285714,1.8746,0.7780508550669759
2b40929d6efae2ccc0d330252f8920ca,Cc1ccc(CNCc2nc3c(s2)CCCC3)s1,0.4296000003814697,0.7970244884490967,0.0507792784747752,2.522261,-7.584202766418457,0.2834703713655472,0,0,0,0.5,3.6816200000000023,0.922524301516555
f6ebe1c8a7dc647c881f20b5c8d9e208,N#CC(=Cc1cccc(O)c1)c1nc2ccccc2o1,0.4639999866485595,0.9909279346466064,0.3073374073613774,2.366785,0.2609003186225891,0.4598411738872528,0,1,0,0.0,3.5975800000000016,0.7161961675609634
5afc631ee2d988e1cca176d4d9927188,O=c1c2c3c(sc2ncn1-c1ccc(F)cc1)CCCC3,0.5214999914169312,0.9019162654876708,0.1470491879365661,2.208669,-7.254361152648926,0.3769390270113945,0,0,0,0.25,3.4651000000000014,0.6895497817492929
fe7bafdbe6ce095ec17286415c718791,Cc1ccc(-n2nc3c(c2NC(=O)CS(C)(=N)=O)C(=O)NC2(CCc4cc(OCC(F)(F)F)ccc42)C3)nc1,0.6288999915122986,0.959032654762268,0.1896321875127879,4.641904,-2.0961077213287354,0.8411025881767273,0,0,0,0.36,3.259490000000002,0.4216322225063665
188e4ee3e905f8f22eef6c77c3f11dc6,COc1ccc(-c2oc(C3CC3)nc2C)cc1S(=O)(=O)NCCO,0.4411999881267547,0.6142473816871643,0.0366483068262988,2.558133,-10.59257698059082,0.1723560899496078,0,0,0,0.4375,1.8066199999999997,0.7878600678364747
d07b50a5f4bb98f37bd822314f94a148,CCCc1cc2c(cc1S(=O)(=O)Nc1ccccc1)OCO2,0.3975000083446502,0.7176641225814819,0.0974401421844959,2.075893,-6.597370147705078,0.5671038389205932,0,0,0,0.25,3.1686000000000014,0.919137025133624
bfdb2667445aef7838a3001380404e63,O=C(NC1CCCCN(Cc2cc(C(F)(F)F)cc(C(F)(F)F)c2)C1=O)c1ccc(OP(=O)(O)O)cc1,0.7305999994277954,0.9636027812957764,0.3585080247033726,3.126255,-4.273756980895996,0.7060172200202942,0,1,0,0.3636363636363636,4.506800000000005,0.3577855300847943
b9d8039ea1122242894ef4b6fbbc0c7a,N#Cc1ccc2[nH]cc(C=Cc3cccnc3)c2c1,0.464599996805191,0.9843243360519408,0.2377350750294598,2.390031,-8.367262840270996,0.6086222887039184,0,0,0,0.0,3.604980000000002,0.7494580289149078
a75ea0fc51e085c5ad498f2fbc71a675,FC(F)(F)c1cccc(ON=Cc2ccccc2C(F)(F)F)c1,0.5649999976158142,0.9486412405967712,0.2800490795211358,2.429039,-11.232300758361816,0.8532249331474304,0,1,0,0.1333333333333333,5.137100000000002,0.4330516771461717
ef0bccd4b298d16d160d681d1a7a8272,COCCOc1cccc(Cc2cccc(CNC(=O)c3nc(N)nc4c(OC)cccc34)n2)c1,0.5788000226020813,0.8632692694664001,0.2747324542565779,2.596518,6.60721492767334,0.966239821910858,0,1,0,0.2307692307692307,3.1616000000000017,0.3369987385987836
d7f39d9212546e58a2b231f46fa7a102,CCOC(=O)C1=C(N)Oc2ccc(-c3ccccc3)cc2C1C(=O)N1CCCCC1,0.5760999917984009,0.9197083711624146,0.1881779933517629,2.845662,-8.7996187210083,0.7137660622596741,0,0,0,0.3333333333333333,3.5755000000000026,0.7851940779175435
35ac03eae8975612d07c9960836c6c0a,O=C(c1ccc2c(c1)OCO2)N(Cc1cccs1)C1CCOCC1,0.4192999899387359,0.4029744267463684,0.0672620964998548,2.34426,-7.081791877746582,0.5560788035392761,0,0,0,0.3888888888888889,3.2982000000000022,0.8530261649350216
1bbec3ef5f6e6f3645879ea78939e998,COc1ccc(C(=O)Nn2cnc3scc(-c4cccs4)c3c2=O)c(O)c1,0.5978000164031982,0.9539117813110352,0.2274834053082899,2.578078,-6.346344947814941,0.6349679589271545,0,0,0,0.0555555555555555,3.284600000000001,0.5492811652383724
ab449237f564ede454a6abda736cb2bf,Cn1ccc(C(=O)NCc2cccs2)cc1=O,0.3194000124931335,0.3791191577911377,0.0451258056035096,2.126031,-11.294967651367188,0.0445481285452842,0,0,0,0.1666666666666666,1.3768,0.8917328090966133
fdd3e1256f24900736b32b9ed3965716,CNc1ccccc1C(=O)OC1C(C)C2(O)C3C=C(C)C(=O)C3C(O)C(CO)=CC2C2C(C)(C)C12OC(C)=O,0.6973000168800354,0.9870588183403016,0.3056074245409532,5.183042,8.77231502532959,0.4237573444843292,0,1,0,0.5666666666666667,2.2632000000000003,0.3273474946138599
1316dc05a22bdac1cefccbb9dde37eeb,Cc1csc(-c2n[nH]c3c2Cc2cc(CN4CCN(C)CC4)ccc2-3)c1,0.6297000050544739,0.9525439143180848,0.3669112527912313,2.703669,-9.848207473754885,0.9575018405914306,0,0,0,0.3809523809523809,3.765220000000003,0.6010406538375286
eeac29d3f5915aa0183d904476b25f37,N#Cc1c(-c2ccc(Cl)cc2)nc(SCc2ccc(C(=O)O)cc2)[nH]c1=O,0.7062000036239624,0.9898805022239684,0.124143086373806,2.291069,0.368242859840393,0.1681238174438476,1,0,0,0.0526315789473684,3.952480000000002,0.4982361330135358
09cae3c2b0fa65e42ce7753044dda0a6,CCc1ccc(NC(=O)CCC(=O)Nc2nnc(C(F)(F)F)s2)cc1,0.5604000091552734,0.9248825907707214,0.2413911853324283,2.167886,-10.255759239196776,0.2044027104973793,0,0,0,0.3333333333333333,3.476700000000001,0.813172843799021
941461770b80237d94fbe0949c9a8ac3,Nc1cnc(-c2ccc(-c3ccc(C(F)(F)F)cc3C=O)cc2F)cn1,0.7081999778747559,0.981619954109192,0.3212571171197024,2.568972,-0.6228197813034058,0.7154386639595032,0,1,0,0.0555555555555555,4.363200000000002,0.5557957264705548
e68927df26407214c5c4e1c9c4f297eb,Cc1ccc(C2(O)CCN(C(=O)Cn3cc(C)c(=O)[nH]c3=O)CC2)nc1,0.412200003862381,0.4727034270763397,0.068483632904562,2.660993,-3.2327539920806885,0.06454090885818,0,0,0,0.4444444444444444,0.0586400000000006,0.8064715301384198
1111e7919cd38f1feff1eed5e794a610,FC1(F)CCC(Nc2nc(NC3CCN(c4ncccn4)C3)nc(-c3cccc(C(F)(F)F)n3)n2)C1,0.7146999835968018,0.9677671790122986,0.4972917329181324,3.822563,9.468070030212402,0.9062981605529784,0,0,0,0.4545454545454545,4.032900000000002,0.4786698940939006
9a78688e007baff4ed6933bd39c16769,CC(=NNC(=S)Nc1cccc(C(F)(F)F)c1)c1cc(Cl)cc(Cl)c1O,0.7900000214576721,0.9987044930458068,0.4788686606017026,2.466228,-11.177512168884276,0.7578931450843811,1,1,0,0.125,5.428400000000003,0.3509852146214191
a971ea076110b677e7ac7be3c4fad2d9,O=[N+]([O-])c1ccc(-c2cn3c4c(sc3n2)CCc2cn(CCN3CCCCC3)cc2-4)cc1,0.6100000143051147,0.97641122341156,0.5912698588588021,2.999208,-2.200143337249756,0.9409080505371094,0,1,0,0.375,5.0240000000000045,0.3180510330356869
bb2b14c8c50d5bc703b40a43f6a121e9,Cc1nnc(SCC(=O)NCc2ccccc2F)c2nn(-c3ccc(Cl)cc3)c(C)c12,0.5634999871253967,0.8900700807571411,0.1473406228152188,2.476311,-0.5633025169372559,0.7082875370979309,0,0,0,0.1818181818181818,4.633340000000004,0.4288770077744632
df4c8b874a904e50a27913b7f18a8a2d,COc1ccc(-c2c([N+](=O)[O-])ccn2C)cc1,0.4000999927520752,0.8663586378097534,0.2409132366830652,2.188241,-6.849826812744141,0.323292800784111,0,1,0,0.1666666666666666,2.6089,0.6033464649415218
33859d44ba2081dcfd114794e5b279bb,Cc1cc(NC(=O)c2ccc(CN3CCOCC3)cc2)nn1Cc1cc(Cl)ccc1OCC(C)C,0.6126999855041504,0.8426471948623657,0.3857714709910479,2.398229,-5.257165908813477,0.8497028708457947,0,0,0,0.4074074074074074,5.012520000000005,0.4505791157479795
afa2abff8d95a74666e152bce780f63e,Cc1ccc(C(=O)CC(SCC(=O)O)c2ccc([N+](=O)[O-])cc2)cc1,0.6485999822616577,0.9918278455734252,0.1109112076969309,2.689362,-4.1787261962890625,0.0513187654316425,0,1,0,0.2222222222222222,4.035120000000003,0.4339419337931043
ed76770f33340f0208e62a7c031d4cc5,COc1cc(-c2cncc(N(CCO)CCO)n2)cc(OC)c1OC,0.4307999908924103,0.7747558951377869,0.1364528497850353,2.519811,-5.437863349914551,0.6274035453796387,0,0,0,0.4117647058823529,0.9604,0.690903807758395
fbf8b3de8ffa798a8e3ad01502b03e1a,Cc1ccc(CNCc2ccc(N3CCC(CO)CC3)nc2)c(C)c1,0.4950000047683716,0.8859298825263977,0.2394257302988659,2.180128,-7.073091506958008,0.9509695053100586,0,0,0,0.4761904761904761,3.1969400000000014,0.8484512419088565
bd221d0ef77ebc9d25cb17f8647038bc,CC(C)S(=O)(=O)N1CCN(c2nc(NCCc3ccc(O)cc3)nc(N(C)CCCc3ccc(Cl)cc3)n2)CC1,0.6572999954223633,0.9652130007743835,0.2501103403893384,2.77636,-5.348161697387695,0.914538586139679,0,0,0,0.4642857142857143,3.814400000000002,0.3262383363933063
1fe7695ad4eea9d113a5d6a4b02f0c7e,CC1CCCN(C(=O)NCC(F)F)C1,0.349700003862381,0.2380460351705551,0.0519725215113298,2.777088,-10.877495765686035,0.3428845301270485,0,0,0,0.8888888888888888,1.6929999999999998,0.732288691041588
186e84fb6a732ff05d8273a75a2caf8c,Cc1cnc(N2CC(C)OC(c3cn[nH]c3C)C2)nc1-c1cnc2ccc(Cl)cn12,0.6155999898910522,0.8454665541648865,0.5373800857500597,3.892188,2.8049561977386475,0.9282371759414672,0,0,0,0.3333333333333333,3.7510400000000024,0.5398610090972072
983ae100f25177339b49c92bc9f576e5,OC1C=CC(Cn2cnc3c(NCc4cccc(Cl)c4)ncnc32)C1O,0.5421000123023987,0.908491849899292,0.4378430897539312,3.72689,1.5262678861618042,0.6641567945480347,0,1,0,0.2777777777777778,1.9996000000000005,0.5935536536613161
9ac35639544c68c2008069a0a3602ff8,CCN(CC)CCNc1nc(Nc2ccccc2)c2cnn(-c3ccccc3)c2n1,0.5397999882698059,0.9760892391204834,0.6874759034676985,2.292304,-9.037334442138672,0.9705009818077088,0,0,0,0.2608695652173913,4.312800000000002,0.4354078222472156
55e57a666c623d1409e8292af7112e8b,CCOC(=O)c1nc(-c2cccnc2)cs1,0.3393999934196472,0.7736815214157104,0.0843267756598916,2.111942,-7.652626991271973,0.0458276338875293,0,0,0,0.1818181818181818,2.3818,0.765002744383577
e6ceefd29c6d1ae392c303f543afba56,O=C(c1cc(C2CC2)nn1-c1ccccc1)N1CCN(Cc2ccccc2F)CC1,0.5403000116348267,0.602897047996521,0.1497252908619967,2.195616,1.9265915155410769,0.976711356639862,0,0,0,0.3333333333333333,3.846800000000003,0.6487510695866201
bfc20e9c37ebd7ceb36df7f63f0c4642,CCOc1ccc(-c2nc(S(=O)(=O)c3ccccc3)c(NC)o2)cc1,0.4902999997138977,0.9093106389045716,0.1297836669466712,2.199559,-6.562763214111328,0.4208314448595047,0,0,0,0.1666666666666666,3.6148000000000025,0.7247622674858192
3f38ca25700eab73b736392b860168a9,CNC(=O)c1ccc(-c2cnc3nnn(C(C)c4ccc5ncc(-c6ccc(F)cc6)cc5c4)c3n2)cc1F,0.6671000123023987,0.969186782836914,0.2134521143002943,3.286395,-7.623384475708008,0.8213932037353515,0,0,0,0.1034482758620689,5.350600000000004,0.3284471050174359
4a0dc325349b180797204504ad701101,CCCNC1=NC(=Cc2ccc3c(c2)OCO3)C(=O)N1c1ccccc1,0.519599974155426,0.9150113463401794,0.3109651133418083,2.455344,-6.354011535644531,0.8573700189590454,0,1,0,0.2,3.1586000000000016,0.8614982480029304
c6cf5cf5853937f902d9d0e74518d95c,Cc1ccc(NC(=O)c2nnc(COCC(=O)NCCc3c(C)noc3C)s2)cc1,0.3447000086307525,0.5783006548881531,0.0583242159125141,2.504849,-11.06849193572998,0.5710121154785156,0,0,0,0.35,2.579160000000001,0.5364051934890104
980d1fa44fed44ed4086ba5feb46c0c1,CC(C)C(CN1CCC(C)(c2ccccc2)C(C)C1)NC(=O)C1Cc2ccc(O)cc2CN1,0.5827999711036682,0.8504583835601807,0.2871306552128358,3.850468,4.732024192810059,0.9284871816635132,0,0,0,0.5357142857142857,3.847000000000002,0.6269046596810247
61a44dad3990cca1fa586443788e993e,CC(C)CNc1ccnc(NCc2csc(-c3ccccc3)n2)n1,0.5497999787330627,0.9755784869194032,0.3088672391392968,2.306017,-4.6661906242370605,0.7646244645118714,0,0,0,0.2777777777777778,4.280100000000003,0.6725345236935386
d88f253854419e93da9cb730135b8294,CC1=C(CO)C(=O)OC(C(C)C2CCC3C2CCC2C4CCCCC4CCC23)C1,0.6592000126838684,0.8607728481292725,0.3151919665661725,4.748044,11.343480110168455,0.6322852730751037,0,0,0,0.8846153846153846,5.515600000000006,0.6349551199394753
e3839892a76752b305266d0cd316ee40,CCC(C)C(NC(=O)C(CC1CCCCC1)NC(=O)c1coc(C)n1)C(N)=O,0.4837999939918518,0.7035387754440308,0.2641887282106009,3.457408,-2.58609676361084,0.1426468282938003,0,0,0,0.7,2.06802,0.5926591511949645
b6f6bbef20c650a827465ea98746adcc,CCn1cc(NC(=O)c2cc3c(F)cccc3s2)cn1,0.4805999994277954,0.8368777632713318,0.1532020406289534,2.228024,-6.205070972442627,0.56622154712677,0,0,0,0.1428571428571428,3.509100000000002,0.8017380032282918
17978acb489b60ef32032174846ae088,O=C(NS(=O)(=O)N1CCC1)c1cc(C2CC2)c(OCC2CCC(F)(F)CC2)cc1F,0.7297999858856201,0.8564274311065674,0.1884096190333366,2.901784,-6.230748176574707,0.5527634024620056,0,0,0,0.65,3.5877000000000026,0.6947238230039244
83631fc8c563ea17d05bd752e498b979,O=c1c(O)c(-c2ccccc2)oc2cccc(O)c12,0.4905000030994415,0.9979909658432008,0.2474806864153255,2.069349,9.67594051361084,0.3500522002577781,0,0,0,0.0,2.8712000000000013,0.700091545915688
08f1e26a55704fb972c8ca7caa784ff5,COc1ccc2cc3[n+](cc2c1NCCc1ccccn1)CCc1cc2c(cc1-3)OCO2,0.5913000106811523,0.98094242811203,0.4490967365828427,2.948774,5.408233642578125,0.920538341999054,0,1,0,0.2307692307692307,4.137300000000003,0.4863839700756558
c6cb884c6f8886c07b5d991012106949,CC(=O)NC(C)c1ccc(OC2CCN(c3nc(N(C)C4CCCC4)ncc3C#N)C2)cc1,0.689300000667572,0.8088417053222656,0.2211146971041506,3.47347,-8.3826265335083,0.8575670599937439,0,0,0,0.52,3.5818800000000026,0.6917066908535736
97a4dd7de294f31ac4daf341b77bf564,NC(=NO)c1cccc(-c2ccc3c(c2)c2cc(-c4cccc(C(N)=NO)c4)ccc2n3S(=O)(=O)c2cccc(C(F)(F)F)c2)c1,0.7709000110626221,0.9983267188072203,0.457919719544324,2.950964,-2.364260673522949,0.9686413764953612,0,1,0,0.0303030303030303,6.573300000000003,0.069595855078569
6165fcf925fc73ecdc24910b583b5a02,CC(CC(=O)Nc1cc[nH]n1)S(=O)(=O)c1ccc(F)cc1,0.4009000062942505,0.5079532265663147,0.1424373845485123,3.149589,-9.47663402557373,0.1948008388280868,0,0,0,0.2307692307692307,1.7398,0.8227303782010231
c6fa297811f25d3b0e85941e4f5c5257,CCCCCCCCCCCC(O)CC1OC(=O)C1CCCCCC,0.6729999780654907,0.9596665501594543,0.3585362027991902,3.31966,10.953896522521973,0.7191579043865204,0,1,0,0.9545454545454546,6.170300000000007,0.2508297121956956
445e931012677f3c37eec145f43773e9,CC(NS(=O)(=O)c1cc2c(c(C(=O)Nc3ccc(F)c(Cl)c3)c1)OCCO2)c1ccncc1,0.6385999917984009,0.9465906023979188,0.2089156528765505,2.93398,-5.97280740737915,0.8058718204498291,0,0,0,0.1818181818181818,3.937100000000002,0.5406962329760119
9c323b6edec8d9c314850305b02755db,Cn1cc(-c2c[nH]c3ncc(F)cc23)nc(NCCc2cccs2)c1=O,0.618399977684021,0.9037761688232422,0.290210410952568,2.755751,-4.133510589599609,0.8365798354148865,0,0,0,0.1666666666666666,3.1788000000000016,0.5665316800563742
1a980c202c03037dd63655b8fc0ff491,CCN(CC)Cc1cc(Nc2nc(Nc3nc4cc(Cl)c(Cl)cc4[nH]3)nc3c2CCCC3)ccc1O,0.7160999774932861,0.9872564673423768,0.770952200347727,2.912663,-1.9652687311172483,0.9545497179031373,1,1,0,0.3461538461538461,6.5731000000000055,0.1926289950362046
5c1d84d3605c6fc5420643cc1b140955,O=C(CSc1nc2nccnc2c(=O)n1Cc1cccs1)Nc1ccccc1,0.4404000043869018,0.6697499752044678,0.1681884879415685,2.339103,-5.058159828186035,0.7119463920593262,0,0,0,0.1052631578947368,3.027100000000001,0.3888991120603703
42ac2717a1b03515ed1570828c9691ad,c1ccc2c(c1)ccn2-c1nc(N2CCNCC2)nc2ccccc12,0.5795000195503235,0.9788681864738464,0.3915313455191525,2.348844,-6.683663368225098,0.9627565860748292,0,0,0,0.2,2.9833000000000007,0.614048373395034
0be839b09ad5d7110a3af7b35565f92c,O=C(c1c[nH]c2ncc(Br)cc12)C(Cl)(Cl)Cl,0.6492000222206116,0.9842617511749268,0.2296346004031048,2.84233,-7.66412353515625,0.298431721329689,0,1,0,0.1111111111111111,3.8783,0.6314043176644425
c2561691908add4b2957aeaca84c2650,CC(C)n1cc(-c2cc(-c3cc4ccccc4s3)c3[nH]ncc3c2)c2nc(N)ncc21,0.7067000269889832,0.9944837093353271,0.5714502321048216,3.027119,-6.876368999481201,0.8940918445587158,0,0,0,0.125,6.019400000000004,0.3637038753065382
26cf8f591b15a4b8f6d02b02ab76e2db,C=C(C)CN(C)CC1CCN(CCO)CC1,0.3255000114440918,0.5502228736877441,0.0812306000734679,2.395474,-9.339961051940918,0.6435197055339813,0,1,0,0.8461538461538461,1.1985999999999997,0.6894588070947053
dacaed03791803c741e799b316924266,CCCCCCSc1ncc(C(=O)NO)c(N(Cc2ccccc2)S(=O)(=O)c2ccc(OC)cc2)n1,0.6890000104904175,0.9665550589561462,0.271879530088468,2.599683,-6.378129005432129,0.8824180722236633,0,1,0,0.32,4.672100000000004,0.1074777760111944
86884fdc21b4305751e9dc67dbe8a9c9,O=C1c2ccccc2C(=O)N1CCCCOc1cc(C(F)(F)F)nc2ccccc12,0.605400025844574,0.868013858795166,0.2655800892548127,2.241648,-5.0387959480285645,0.9294938921928406,0,1,0,0.2272727272727272,4.708800000000004,0.4330888496856344
9204c2e2c5b9eb60f3ee424023e3a928,Oc1cc(-c2ccccc2)c2ccccc2c1,0.5422000288963318,0.9972041249275208,0.2996783541007475,1.578884,-7.539138793945312,0.6430640637874603,0,0,0,0.0,4.212400000000002,0.6508509739558498
120ba8e602a07b60cf39bea14a78d04e,CCOC(=O)c1c(C)nc2c3c(C)nn(-c4ccccc4)c3ncn2c1=N,0.5030999779701233,0.8391790986061096,0.2900199890136719,2.750187,-8.263609886169434,0.4941346734762192,0,0,0,0.2105263157894736,2.3412099999999993,0.5641816938159726
2173455d3a07bcafa08eabbf55e5e34c,Cc1cccc(Cn2ccc(NC(=O)c3ccc4c(c3)OCO4)n2)c1,0.4765999913215637,0.7090771198272705,0.1713233102451671,2.081681,-8.814075469970703,0.8281356453895569,0,0,0,0.1578947368421052,3.2208200000000016,0.7949279058344055
67422c244354b47425ffb25246889aab,Cc1nn(-c2ccc(C(N)=O)c(NC3CC4CCCC(C3)C4NCCO)c2)c2c1C(=O)CC(C)(C)C2,0.6208999752998352,0.8109143972396851,0.3058578764850443,4.473132,-1.7649399042129517,0.6390068650245666,0,0,0,0.6071428571428571,3.375820000000002,0.4690946187124483
e52e1661c1a69ec2280abec8f5e6c935,Cc1ccc(C(=O)C=C2C(=O)Nc3ccccc32)cc1,0.4228000044822693,0.9785950779914856,0.2959143871610815,2.015476,-7.46830940246582,0.5266119182109833,0,1,0,0.0588235294117647,3.213420000000001,0.6676612061566634
05feda8b04451edc51a61f1d83caf9d4,CC(C)C(NS(=O)(=O)c1cccc(C(=O)NO)c1)C(=O)Nc1ccccc1,0.4408000111579895,0.7255674600601196,0.1634570482102307,2.435911,-6.592921733856201,0.6244174242019653,0,1,0,0.2222222222222222,1.7471999999999992,0.4227064744795225
bddbcda283b604563f9b33fffb7a7fdf,Cc1ccc(-c2cc(C(N)=O)nc3c2CCN(Cc2ccnn2C(C)C)C3)c(F)c1,0.6402000188827515,0.8518378138542175,0.2603733200918544,2.907631,-7.690464019775391,0.9375466585159302,0,0,0,0.3478260869565217,3.630720000000003,0.7006638465524122
82d96ae218f91f83f4a9fd7ea4a6b68d,Cc1cc(C)nc(N2CCC(CNC(=O)c3ccccn3)CC2)n1,0.3682999908924103,0.4425009191036224,0.0970724292776801,2.203845,-10.2431640625,0.7159966945648193,0,0,0,0.4444444444444444,2.1348399999999996,0.9323103554568304
172231f8a90cab809d696941f39acc6f,COCCN=C(S)NN=C1CCC(c2ccccc2)CC1,0.3402999937534332,0.7589547038078308,0.155679242177443,2.896253,-7.844768524169922,0.7186456322669983,0,1,0,0.5,3.222000000000002,0.2883745609911178
9e3ef6705187680e2e08e4f58d6d3561,COc1ccccc1C=Nn1c(-c2ccc(S(=O)(=O)c3ccccc3)cc2)n[nH]c1=S,0.4535999894142151,0.952157974243164,0.3036206554282795,2.354265,-5.569607257843018,0.6676320910453797,0,1,0,0.0454545454545454,4.331290000000003,0.3488319317580152
f1982c276214ba40426b70af5d89cd5f,Cc1ccc(S(=O)(=O)N2CCCc3cc(NS(=O)(=O)c4cc(C)ccc4C)ccc32)cc1,0.5533999800682068,0.8574841618537903,0.1265014931559562,2.230581,-9.003437995910645,0.8594548583030701,0,0,0,0.25,4.554160000000004,0.5927844403388601
6691171828d9c3c70fddcfafe4590705,CC(C(=O)O)C(c1cccc(OCC2CC2c2ccccc2)c1)C1CC1,0.5593000054359436,0.8630989789962769,0.2573677863587033,3.569537,-1.4413189888000488,0.2424172520637512,0,0,0,0.4347826086956521,5.083400000000005,0.7217047790830584
72b5feec2df112e269072dbc14c0acd7,CNC(=O)c1cccc(-c2ccc(Nc3nn(C)c4c3CN(C(C)=O)CC4)cc2)c1,0.5702999830245972,0.8755375146865845,0.1238869015466083,2.433736,-9.539191246032717,0.7572599530220032,0,0,0,0.2608695652173913,3.0949000000000018,0.7016665942542172
03c7fb5279965892035fdaa4e8465fa8,CC(=O)Nc1ccc(OCCOCCOc2ccc(NC(C)=O)cc2)cc1,0.3476000130176544,0.683423638343811,0.1624468544667417,1.846595,-5.51849889755249,0.6830313682556153,0,1,0,0.3,3.0778000000000016,0.6261713357547259
eef12eb0e6e946c22c4fc63899d54b6b,COc1ccc(C=CC(=O)NC(=S)N2CCOCC2)cc1,0.3161999881267547,0.6476333737373352,0.1804636344313621,2.136408,-8.295146942138672,0.1759641367942094,0,1,0,0.3333333333333333,1.4417,0.676368431997273
77386453824399a0ad9ce6ae7f009ccd,CC(C)C(NC(=O)c1cc(C(F)(F)F)ccc1F)C(=O)N1CCC2(CC1)C(=O)N(C)C(=O)N2c1ccc(NC2CNC2)cc1,0.7267000079154968,0.9594019055366516,0.3185125480998646,3.939029,-2.593963384628296,0.7778878092765809,0,1,0,0.4666666666666667,3.442400000000001,0.3238833628139391
83133873bf9df749f1dc5c7a23882607,COc1ccc(-c2c(-c3ccccc3)noc2N)cc1OC,0.4309000074863434,0.9380216598510742,0.2590300447561524,1.953268,-8.458878517150879,0.6455614030361175,0,0,0,0.1176470588235294,3.608000000000001,0.7960512913626467
9f1ce551ad911a57e4963aa785985d26,Brc1cc2c(cc1Br)C1C=CC2O1,0.5863000154495239,0.9846428632736206,0.2830973965200511,4.729983,2.341127872467041,0.3550552099943161,0,1,0,0.2,3.8938000000000006,0.6605920442718525
9533ad5e39bd1e25ddd23edfcd3805e6,CC(=O)NC1=NN(C(C)=O)C2(S1)C(=O)N(C(C)C)c1ccc(C)cc12,0.5437999963760376,0.8572919368743896,0.0481264023956927,3.763568,-8.740899085998535,0.3296200931072235,0,0,0,0.4117647058823529,1.9052199999999997,0.8292816536584674
471d6a6ccf37c9b2c5ae4b9cc2719969,O=S1(=O)N(Cc2ccccc2Cl)CCCN1Cc1ccccc1Cl,0.6295999884605408,0.8584606647491455,0.1917048144069585,2.37983,-10.2383394241333,0.9137558102607728,0,0,0,0.2941176470588235,3.946100000000003,0.7999170216502035
d1bd8c90667038210a09a4beacb6892e,CS(=O)(=O)Nc1ccc(CCNC(=O)c2ccc(O)c3[nH]c(C4CC4)nc23)cc1,0.5756000280380249,0.9037813544273376,0.0810451778498562,2.444679,-1.7928410768508911,0.7832074165344238,0,0,0,0.3,2.4899000000000004,0.4728053125828924
b5dd000d77b76cd4cf316e3c9f3db663,C[S+]([O-])c1ccc(C(CC2CCCC2)c2cc3cccnc3[nH]2)cc1Cl,0.6660000085830688,0.9877412915229796,0.5782769457860426,3.965491,5.0282182693481445,0.7000382423400879,0,1,0,0.3809523809523809,5.665900000000004,0.5743920562683128
392eb40a7606f6229f980b9d44730e8c,O=c1c2c3c(sc2ncn1Cc1ccc2ccccc2c1)CC(NCCN1CCOCC1)CC3,0.6098999977111816,0.8922759294509888,0.3618229776620865,3.011213,-5.772977352142334,0.9515570044517516,0,0,0,0.4074074074074074,3.438600000000002,0.4640135622570666
91e510045a2e807db033fd94b405e1a3,Cc1nnc(SC(C)C(=O)N2CCc3ccccc32)s1,0.3535999953746795,0.4352973699569702,0.0679866407405246,2.693841,-10.119861602783203,0.124307681620121,0,0,0,0.3571428571428571,2.9164200000000013,0.8180582990282181
c0cc3e6a02a0db06d21c5e9a8cde659e,O=C(Nc1cccc(O)c1)c1cccc(S(=O)(=O)Nc2cccc(O)c2)c1,0.4426999986171722,0.9027884602546692,0.1678779064254327,1.939081,-8.617716789245605,0.5930861175060272,0,0,0,0.0,3.150900000000001,0.539276571361867
80debfa0ba0430d4044fb18f5d21d8a1,CC(C)c1ncc(NC(=O)COCC2CC2)cn1,0.3521000146865845,0.3193754851818084,0.0570672931022603,2.357112,-9.975650787353516,0.0388738976791501,0,0,0,0.6153846153846154,1.9651,0.8367440086139523
0d33950f84add1aff4b12abd7a2939ff,Cn1c(Cc2ccccc2)nnc1SCC(=O)c1c(N)n(C2CC2)c(=O)[nH]c1=O,0.5145999789237976,0.6763625144958496,0.1138977716592225,2.524954,-8.797866821289062,0.0733060240745544,0,0,0,0.3157894736842105,1.148,0.4398090180859955
da70a420995006a12b79fd3cb00c6327,COC(=O)c1c(NC(=O)COc2ncnc3ccccc23)sc(C)c1C,0.4997000098228454,0.8437494039535522,0.1188842417164282,2.247199,-8.110337257385254,0.3892263650894165,0,0,0,0.2222222222222222,3.1122400000000017,0.6932096732576138
1d22eccf66c5dc000c9d453f0b536c80,CN1CCC(n2cnc(-c3ccc(F)cc3)c2-c2ccnc(Nc3ccccc3)n2)CC1,0.5940999984741211,0.9882833361625672,0.7034822810779918,2.426004,-1.9407330751419067,0.9752203464508056,0,0,0,0.24,5.156500000000005,0.4760194293935855
878a4f12e070d236b8a2f22ee22738ad,COc1ccc(C2(O)CCN(CCCC(C#N)(c3ccccc3)c3ccccc3)CC2)cc1,0.579800009727478,0.9779222011566162,0.6144902381029996,2.490734,-4.767422676086426,0.980925703048706,0,0,1,0.3448275862068966,5.268680000000005,0.5185135954155793
bb1d90763eabfd91fb1236b7d6282687,COc1ccc(N2CCN(C(=O)c3cccnc3SCc3cccc(Br)c3)CC2)cc1,0.6211000084877014,0.8719101548194885,0.1569038080898198,2.145564,-7.341409206390381,0.860676896572113,1,0,0,0.25,5.107400000000005,0.4425174915553519
308b59c612c0dea3b8b5ba7244499ba6,Cc1ccc(-c2c(C)nn3c2NC(=O)CCC3=O)cc1S(=O)(=O)Nc1cccc(F)c1,0.5483999848365784,0.8668875694274902,0.1176430108872327,2.692557,-9.28446102142334,0.6050163984298706,0,0,0,0.1904761904761904,3.4793400000000014,0.6428390381503463
ede2ac87608295f05edddea092c7ed56,CNc1nc(=O)n(-c2ccccc2C(F)(F)F)c2cc(C3CC3)c(C#N)cc12,0.7396000027656555,0.9863567352294922,0.4492833451791243,2.826912,-6.502098083496094,0.8894905567169189,0,0,0,0.25,4.195280000000003,0.7349362280719075
a5c61e337351293b43db834163791f5e,Cc1ccc2c(c1)c1c3n2CCN(CC(O)CN2CCN(C(=O)c4ccco4)CC2)C3CCC1,0.5964000225067139,0.6372101306915283,0.1322260634465651,3.441304,-8.47640609741211,0.9812305808067322,1,0,0,0.5185185185185185,3.0546200000000017,0.631493627740097
f921f6d14267f8ab88b0bd6445d9a919,O=C(O)c1ccc(-c2ccccc2)cc1NS(=O)(=O)Cc1ccc(C(F)(F)F)cc1Br,0.7932999730110168,0.9983696341514589,0.1719706180420789,2.326643,9.130293846130373,0.5978649377822876,0,0,0,0.0952380952380952,5.775000000000002,0.4374511246179879
0b8aac25f7dec355bece5a0af23803e5,[N-]=[N+]=NC1CC=CC(=O)C1OC(=O)c1ccccc1,0.4580999910831451,0.9446253180503844,0.2438325157219713,3.58533,7.361484527587891,0.0415684893727302,1,1,0,0.2307692307692307,2.4199,0.3599774502944393
1fe4de628b2149542510eeb76538de24,CNC(=O)c1cnc(NC(=O)C2CC2)cc1Nc1cccc(-c2ncn(C)n2)c1OC,0.5540000200271606,0.9105902910232544,0.168050465258685,2.786695,-0.4565849006175995,0.6556752026081085,0,0,0,0.2857142857142857,2.3373999999999997,0.5349550170482944
c08adb5c596c65e66a28371e35ca90e2,O=C1NCCc2nc(-c3cccc(-c4cccc(O)c4)c3)cc(Nc3cccc4ncccc34)c21,0.6438999772071838,0.9886053800582886,0.368469243699854,2.6303,1.235525608062744,0.843798041343689,0,0,0,0.0689655172413793,5.698900000000005,0.3216425115581087
b4e098c414cab276f2d6f0101a12e9cf,O=C(Nc1ccc(C(=O)N2Cc3cccn3Cc3ccccc32)cn1)c1c(F)cccc1Cl,0.6862000226974487,0.8795241713523865,0.3789758411320773,2.609288,4.249324321746826,0.8490799307823181,0,0,0,0.08,5.136600000000003,0.4602238300305229
8aa85b3a72392aea9b222d67abeda74f,C=CCNC(=O)C(=O)C(CC1CC1)NC(=O)C1CC2(CN1C(=O)C(NC(=O)NC(C(=O)OC1CC1)C(C)C)C(C)(C)C)SCCS2,0.7760999798774719,0.8293492197990417,0.1810104284774173,4.973943,11.711052894592283,0.1607186831533908,0,1,0,0.75,2.3639000000000028,0.122692836041851
7826d32a9ff83da03835ce1daa1cdb01,Clc1nssc1=Nc1ccccc1,0.4959000051021576,0.9983665943145752,0.1375676592338068,2.916634,-1.911321997642517,0.1152827188372612,0,0,0,0.0,3.0904000000000016,0.6889992536621331
f27e0d5f1c811ae031e97b9d87c4c7d2,Cc1ccc(C(=O)NC2CC2)cc1-c1ccc2c(c1)NC(=O)C21CCS(=O)(=O)CC1,0.6169999837875366,0.9270141124725342,0.1116602224382487,3.193121,-1.408510446548462,0.535377699136734,0,0,0,0.391304347826087,2.952720000000001,0.7924071421461513
1370e8dc73440cea8ac7c43267fded4e,CC(=O)Nc1ccc(C(C(F)(F)F)(C(F)(F)F)C(F)(F)F)cc1,0.6220999956130981,0.9793490767478944,0.0852369111989074,2.608427,-3.981353998184204,0.594933807849884,0,0,0,0.4166666666666667,4.569700000000001,0.7757401086490044
f586909fcb1595dd0cb12b977bc3be85,COC(=O)C1c2cc3c(c(O)c2CCC1(C)O)C(=O)c1c(O)cc2c(c1C3=O)OC1OC2(C)C(O)C(N(C)C)C1O,0.7789999842643738,0.9971913695335388,0.5154152769934047,5.758867,9.698882102966309,0.4832448035478592,1,0,0,0.4827586206896552,0.4429000000000001,0.2689905536304121
8870ea246ff4cfa33cbb98cc63e2c088,CC(=O)OCC(=O)C1CCC2C3CCC4=CC(=O)CCC4(C)C3C(O)=CC12C,0.5422999858856201,0.8959828019142151,0.1020754000584764,4.590565,10.085015296936035,0.107439387589693,0,0,0,0.6956521739130435,3.9284000000000026,0.7435261876775655
afc1dc182dda69896a8e4841bac0fe4b,CC=CC(O)C1OC(=O)CC1Nc1ccc(COC)cc1,0.451799988746643,0.7782951593399048,0.2492349554191936,3.677176,9.219891548156738,0.0916010849177837,0,1,0,0.4375,1.866,0.6184014996129003
b7fe8e7292dba62508f5269143e1d5b7,CC(C)CNC(=O)C(C)Nc1cccc(C(N)=O)c1,0.2707999944686889,0.264585942029953,0.0929188535294749,2.357656,-7.560802459716797,0.0979898154735565,0,0,0,0.4285714285714285,1.3581,0.7241812338186069
da6125ff28de7312999fe6f7146d5def,N#Cc1ccccc1OCCN1CCC(N2CCNC2=O)CC1,0.3788000047206878,0.496962159872055,0.140072478828105,2.325621,-8.873505592346191,0.8266577243804931,0,0,0,0.5294117647058824,1.42668,0.8924535431201923
353dcbe0740df0d6ea3fd74467c24626,O=C1CCSC(c2ccc(O)cc2)N1CCCNc1ccnc2cc(Cl)ccc12,0.707099974155426,0.9729847311973572,0.4002086195078763,2.966649,-7.903505325317383,0.8361099123954773,0,1,0,0.2727272727272727,5.060100000000004,0.5380465776830974
fd8b8c1a88726d27a0b16daeb8c7fac8,OCCc1cc(O)cc(OC2OC(CO)C(O)C(O)C2O)c1,0.356900006532669,0.8673161268234253,0.1305067899890921,3.679562,9.203923225402832,0.1018897499889135,0,0,0,0.5714285714285714,-1.8943000000000003,0.3703094488370403
aec0cc75edb9230a8a21d2b552862a06,CC(C)(C)c1cc(C(C)(C)C)c(C(N)=O)c(=O)[nH]1,0.4797999858856201,0.8566628098487854,0.0607318855949084,2.682815,-3.688825845718384,0.1285407871007919,0,0,0,0.5714285714285714,2.0688000000000004,0.800151694177103
b3fdf95e85bf51a9954a93b638511685,O=C1NC(=S)SC1=Cc1ccc[nH]1,0.5187000036239624,0.984471082687378,0.1581787639720873,3.007268,-9.555211067199709,0.1046865411102771,1,1,0,0.0,1.5034999999999998,0.5451993343965112
12fa07985887cbc8375d05f444bae9cd,C[S+]([O-])c1ccc(CC2(O)c3ccccc3C3=NCCCN32)cc1,0.5223000049591064,0.9166775941848756,0.2343635938384316,4.028221,8.434427261352539,0.7248348355293274,0,1,0,0.3157894736842105,2.2777000000000003,0.8722698181302297
8a0e6d19850e4dabf8aae412037253fd,CN(CCC1COc2ccccc2O1)c1nc(-c2cccnc2)nc2ccccc12,0.5343000292778015,0.9299755096435548,0.4372941323302008,2.92703,-4.759879112243652,0.980005657672882,0,0,0,0.2083333333333333,4.358100000000004,0.4978726561743827
a696c584e0a41aeaa5af886a986926f2,CCn1c(S)nnc1C(c1ccccc1)c1ccccc1,0.4147999882698059,0.907316029071808,0.0977106158706274,2.266687,-10.057286262512209,0.1498019441962242,0,1,0,0.1764705882352941,3.7669000000000024,0.7428169026817119
ad2a9dce7a4489825184fbfadfebd674,COc1cc(F)ccc1NC(=O)c1ccncc1,0.3300000131130218,0.6443880796432495,0.1275407790460369,1.678531,-5.458019256591797,0.345778027176857,0,0,0,0.0769230769230769,2.4816000000000003,0.9046967936228744
637c20578887b2fcbf2eab02320629ae,Cc1ccc(-n2c(=O)c3c(c4cccnc42)OCC3)cc1,0.4338999986648559,0.794759213924408,0.2070181139490821,2.339284,-8.472182273864746,0.2735070034861565,0,0,0,0.1764705882352941,2.6290200000000006,0.6870382567141772
7ed5ce1cd50cfe76c39a4bf466b15800,CC1CC(C)CN(C(=O)C2CC(=O)N(c3ccc(F)cc3)C2)C1,0.4695000052452087,0.2991626560688019,0.1528893160549077,3.026502,-10.866501808166504,0.6998494267463684,0,0,0,0.5555555555555556,2.683100000000002,0.841022927284123
785e6ec2551cf6468b0987689adc90c8,O=C(NCCN1CCOCC1)c1cccc(-n2ncc3cc(Nc4ccccc4Cl)ccc32)c1,0.5956000089645386,0.9344151616096495,0.3025681552561847,2.337689,-7.492688655853272,0.9522172212600708,0,0,0,0.2307692307692307,4.484500000000004,0.4119990907918602
cf78ddd45896b4bc0037c8cd678d1271,COc1ccccc1N=C(S)N(CCc1nc2cc(C)c(C)cc2[nH]1)Cc1cccnc1,0.515999972820282,0.8942314386367798,0.2669756778261878,2.862307,-10.87277603149414,0.9788908123970032,0,1,0,0.24,5.2455400000000045,0.2317598000596585
049d0763d2c340de040ec0f1217791ee,CC(=O)Nc1ccc2cc3ccc(NC(=O)c4ccc(F)cc4)cc3nc2c1,0.5756999850273132,0.9467284679412842,0.3223103149370713,1.942625,-9.16966152191162,0.6726739287376404,0,1,0,0.0454545454545454,4.737800000000003,0.5097819266060851
3a9bd3df003010ff765a1533030327c0,Cc1nnsc1C(=O)Oc1ccc(C(C)C)cc1,0.3935000002384186,0.9091984033584596,0.094240392900412,2.180222,-11.490111351013184,0.0446939367800951,0,1,0,0.3076923076923077,3.1891200000000017,0.6293762168495298
96c9b4432b8a6811ae73e4491a0a53b4,NC(=O)C(COC(Cl)Cl)C(O)c1ccc([N+](=O)[O-])cc1,0.6363999843597412,0.9753237366676332,0.3370360285043716,3.535649,7.907022476196289,0.2299068950116634,0,1,0,0.3636363636363636,1.5074999999999998,0.4481013283027122
a58c1d1d1f2c8b587022c94115bd9fc7,CC(=O)NC1CN(C(=O)CC2CC2)CC1O,0.5113999843597412,0.5585716962814331,0.0294005016171881,3.13659,-3.6474430561065674,0.0165066068060696,0,0,0,0.8181818181818182,-0.5056999999999998,0.6809826126316978
e32b2d14844c79cc5faddfa921577b7e,CSc1nc2cc(C(=O)Nc3ncc([N+](=O)[O-])s3)c(Cl)cc2n1C,0.6586999893188477,0.9803807139396667,0.2832315225492824,2.698671,-9.773887634277344,0.487493485212326,0,1,0,0.1538461538461538,3.5656000000000017,0.4193935641860584
e6bbb165d879ce9765326ee6e596dab8,CC1=C(C(=O)OC(C)C)C(c2ccoc2)CC(=O)N1,0.3542999923229217,0.6250129342079163,0.1444847354326736,3.115076,-1.1781928539276123,0.0217285252176225,0,0,0,0.4285714285714285,2.1087,0.8479224994023596
66bbe39177bc3411b75d30004f9091ff,CCOC(=O)N1CC(S(=O)(=O)c2ccc(-c3cccc4[nH]c(N)nc34)c(-c3nn[nH]n3)c2S(N)(=O)=O)C1,0.6585000157356262,0.9208264350891112,0.0789187983186407,3.280625,1.435700535774231,0.6538346767425537,0,0,0,0.25,0.2540000000000015,0.2552892903865668
ee31e334604370886a5df8be69327075,COC(=O)Cc1ccc(NC(S)=NC2CC2)cc1,0.4183000028133392,0.7607935070991516,0.0963349725035103,2.501793,-4.549945831298828,0.1648957639932632,0,1,0,0.3846153846153846,2.2622,0.3794577258595477
47dd53ee9988989f6a2672238f3955cf,COC(=O)C(C)NP(=O)(OCC1OC(C)(C)OC1C(=O)NO)Oc1ccccc1,0.5102999806404114,0.9112828373908995,0.1422479769045656,3.968109,7.900574684143066,0.3609322100877762,0,1,0,0.5294117647058824,1.3666999999999996,0.226623508080023
a5e31ca8762c8ccd38f9b13e6fab32f0,N#Cc1ccnc(N2CCN(Cc3ccc4c5c(c(=O)[nH]c4c3)CCCN5)CC2)c1,0.6062999963760376,0.8894770741462708,0.4743176685138182,2.718504,-6.043066024780273,0.9711901783943176,0,0,0,0.3478260869565217,2.47508,0.7023048326933986
3015d7f8b82c4377363024f08acfae8a,COC(=O)c1ccc2[nH]c(-c3nonc3N)nc2c1,0.4372999966144562,0.8740971684455872,0.0977891797953237,2.498103,-3.8290598392486577,0.4561449527740479,0,0,0,0.0909090909090909,0.9817,0.6578475032366146
3b50430688fb5ff39286c388615f14ce,COc1cccc(OC)c1-c1cccn(C(CN2CCC(O)C2)c2ccccc2)c1=O,0.5465999841690063,0.7774670720100403,0.3195835081013766,3.194496,0.7173062562942505,0.9514176607131958,0,0,0,0.32,3.1885000000000012,0.6360878127234887
1998276a77ec7bec29db886e4263681d,Clc1ccc(NCc2nc(-c3ccncc3)n[nH]2)cc1,0.4228000044822693,0.9116553664207458,0.1220584147694436,2.154588,-11.65499496459961,0.5088091254234314,0,0,0,0.0714285714285714,3.132200000000001,0.7727312169424442
e27f7f5384737a7c010a47d7eda02d77,FC(F)(F)c1ccc(N2CCN(CCCCc3cccs3)CC2)cc1,0.6223000288009644,0.9783697724342346,0.5590893978422339,2.06753,-5.263167381286621,0.9875922679901123,0,1,0,0.4736842105263157,4.911800000000004,0.6685227359885347
13dd7a69126f8f835c7d347c0a64896e,Cc1ccc2[nH]c(=O)c(CN(Cc3ccco3)C(=O)c3cccnc3)cc2c1,0.4128000140190124,0.6059712767601013,0.1331920644099062,2.322168,-6.8447346687316895,0.7717092633247375,0,0,0,0.1363636363636363,3.6671200000000024,0.5788793293431784
1e1c508ee8e9f4233bffe5edf1c7b6e1,COc1cc(C)nc2c1-c1[nH]c3ccccc3c1CCN2CCc1ccccc1,0.6633999943733215,0.983281910419464,0.4596364660696549,2.465323,3.004976749420166,0.9825563192367552,0,0,0,0.24,5.152120000000004,0.5296627659819356
9b97c9419caddd4afbcd91c3d363c32b,O=C(O)Cn1c(=O)c2ccccc2n(-c2ccccc2)c1=O,0.3968000113964081,0.7717447280883789,0.0933174370703372,1.870207,-6.4343156814575195,0.013139229407534,0,0,0,0.0625,1.237,0.788072304849916
f01944aedb7b270143871b0c61d5adf1,COc1ccc(-c2nnc(-c3ccnc(-c4ccccc4)c3)o2)c(F)c1,0.5368000268936157,0.9474151134490968,0.2138593115589835,2.087765,-7.304689407348633,0.5260191917419433,0,0,0,0.05,4.613300000000002,0.5392443321331691
0da71cef6d0b2a194deeec8b2223f57b,CC(=O)OC12C=C(C)C(C(C)C1)C1C(=O)N(OCCCN3CCN(c4cccc(Cl)c4)CC3)C(=O)C12,0.7102000117301941,0.9476327896118164,0.3578359728509729,5.09375,0.0257529318332672,0.8458185195922852,0,1,0,0.5925925925925926,3.3027000000000015,0.2384372569389439
27130fad2dba69d2f88690b830da8fd9,O=C(c1ccncc1)N1CCN(c2ccc(N3CC(Cn4ccnn4)OC3=O)cc2F)CC1,0.7864999771118164,0.4526423513889313,0.053450168449093,3.105323,-10.412055015563965,0.3317694380879402,1,0,1,0.3181818181818182,1.8,0.5836151538909812
547a3419dc4cdd249cdf0e8e9147af63,OC(CC1CCCCN1)c1cc2ccc(C(F)(F)F)cc2c2ccccc12,0.7731000185012817,0.996265470981598,0.617448939518495,3.210282,-8.525723457336426,0.9795834422111512,0,1,0,0.3636363636363636,5.577400000000004,0.5878017935076049
ad62529a71e5ebb8d27f4040b9347f62,CC1(C)CC(=O)c2c(ccc(C(=O)C=CCO)c2N)O1,0.5253999829292297,0.947129487991333,0.2550396363843571,2.984931,11.399163246154783,0.1594560384750366,0,1,0,0.3333333333333333,1.7438000000000002,0.4980205695137199
1bd29391300b5fda5a03a5a21a3ae171,CC(OC(=O)c1ccc2c(=O)n3c(nc2c1)CCCCC3)C(=O)Nc1ncc(Cl)cc1Cl,0.7034000158309937,0.8811073303222656,0.2090846035968173,2.933468,-12.271513938903809,0.5654065191745759,0,0,0,0.3181818181818182,4.008700000000003,0.5724376028655588
6e6b6e402642a0c3b404d3db19af7ea4,CN(CC1CCc2ccccc2C1Oc1ccc(C(F)(F)F)cc1)C(=S)NCCc1ccccc1,0.722100019454956,0.9920510053634644,0.3331220800226385,3.271923,-9.822402000427246,0.969312560558319,0,1,0,0.3214285714285714,6.436900000000007,0.3792348262826185
ed3d29112300b3ebae18e5500b2f4c4f,CC(=O)N1CCN(c2cc(C3CCNCC3)ccn2)CC1,0.3998999893665313,0.5157487988471985,0.0465083719225896,2.324484,-10.803963661193848,0.458104544878006,0,0,0,0.625,1.2170999999999996,0.8887090538292775
f0bc27ba2618f22eaf3ea2515acfe849,N#Cc1nc(NCCSCCCO)ccc1Cl,0.4808999896049499,0.8717348575592041,0.1373432729054581,2.717487,-11.90865421295166,0.5071668326854706,0,1,0,0.4545454545454545,2.1341799999999997,0.7438177897748242
c79a8ee59cdb0055c6808ee1dca519ff,CC(C)=CCOc1cc(Oc2ccc(S(=O)(=O)N3CC4CCC(C3)O4)cc2)cc(C(=O)Nc2ncc(F)s2)c1,0.6794999837875366,0.9596962332725524,0.236011690036817,4.36082,-1.4619024991989136,0.7493291020393371,0,1,0,0.3333333333333333,5.223700000000005,0.3497643918627005
140a9b2a790a51ce945df84a652c72aa,O=C(O)C=Cc1ccc2c(=O)[nH]c3cc(C(F)(F)F)ccc3n12,0.6715999841690063,0.9895721077919006,0.3630729737606915,2.769663,-5.803159236907959,0.2040335446596145,0,1,0,0.0666666666666666,2.897400000000001,0.7124969507691066
de2e0f8e3c68f5344e2c53dce4b72a4b,CC(C)c1cc(OCC(F)(F)F)c(I)cc1Oc1cnc(N)nc1N,0.7820000052452087,0.9966930150985718,0.522351554848931,2.857197,-6.47994327545166,0.6127160549163818,0,1,0,0.3333333333333333,4.102400000000002,0.6420889564903
17a5111e22e21e0bab7ab3a19ab7fee7,FC(F)(F)Oc1ccc(C(F)(F)CN2CCC(Nc3ncnc4[nH]ncc34)CC2)nc1,0.636900007724762,0.8231623768806458,0.6296839063817804,3.067819,-7.9919586181640625,0.8535135626792908,0,0,0,0.4444444444444444,3.314800000000001,0.5650398160450587
fb2eada56209ac68d992e78ae2a0e051,CC(NC(=O)CNC(=O)C1CCCCC1)c1ccc2c(c1)OCCO2,0.3977000117301941,0.1878035217523574,0.0792940221726894,2.507262,-10.019293785095217,0.1905907489359379,0,0,0,0.5789473684210527,2.3314999999999992,0.8578468977194684
81f766cf8399bed7275a2a838072cfd7,CCn1sc(=O)n(Cc2ccccc2)c1=S,0.5130000114440918,0.9663916826248168,0.0777725785632025,2.698933,-9.38080883026123,0.0311424983665347,0,1,0,0.2727272727272727,2.5089900000000007,0.7848051441930217
9b243a7635970337fe3e501fb7bd3914,Cc1ccccc1CN1CCC=C(CCC(=O)NO)C1=O,0.3729999959468841,0.5169589519500732,0.1115405647592111,2.518463,-7.425055503845215,0.3146243631839752,0,1,0,0.375,1.93932,0.6423628792121727
c78c6ac822ac6b8572e4e330c520eb61,C=CCN1C(=O)C(=Cc2cc(Cl)cc(Cl)c2)SC1=S,0.6735000014305115,0.9914882183074952,0.2136265635490417,2.44671,-7.855589866638184,0.3308841586112976,1,1,0,0.0769230769230769,4.380600000000002,0.465957087494641
995c37c6c86b9cfa4a7b46176ac60761,Cc1cc2[n-][n+]3ncc(-c4ccccc4)n3c2cc1[N+](=O)[O-],0.5461999773979187,0.9061166644096376,0.1757047203454104,3.650009,-9.700923919677734,0.2239741459488868,0,1,0,0.0666666666666666,1.9138199999999996,0.3211433618770605
8ff92bb0190d41f11d8035ead9e2ea6f,CCCCc1nc(Cl)c(C2NC(=O)NC(C)=C2C(=O)OCC)n1S(=O)(=O)c1cccc(Cl)c1,0.4720000028610229,0.961279571056366,0.0960135764696381,3.319109,-7.278621673583984,0.3087625563144683,0,0,0,0.3809523809523809,3.9605000000000024,0.5140318355484385
96a16ff159f20b20b8c9a09def873797,COCCCNC(=O)CC1CC(C(=O)N2CCOCC2)C2(C)c3[nH]c4cc(CCC(=O)N(C)C)ccc4c3CCN2C1=O,0.5573999881744385,0.5881052017211914,0.0574338439513336,4.076732,4.7271504402160645,0.7632964491844177,0,1,0,0.625,1.826300000000003,0.4042121816457909
0e342e09b4e5801062519fb85369f77d,Cc1c(Cl)cccc1-c1noc(C2CCCN2C(=O)c2cc(F)ccc2-n2nccn2)n1,0.5455999970436096,0.7143124938011169,0.1985645023259249,3.169276,6.542586326599121,0.647827273607254,0,0,0,0.2272727272727272,4.395520000000004,0.4557029413189522
b7b97d2093e41d7b5f6eb43d0798f4bb,O=C(CN1CCN(C(c2ccccc2)c2ccccc2Cl)CC1)N(c1ccccc1)c1ccccc1,0.6158000230789185,0.941050112247467,0.5051050186157227,2.679619,-8.032630920410156,0.9878035426139832,0,0,0,0.1935483870967742,6.411900000000006,0.2961020885747318
199f2258a0b248fa76f15bcc5c6d56ea,CC(c1ccc(-c2ccc(F)cc2F)cc1)N1CCC(CCCN)(c2ccc(F)cc2)OC1=O,0.7146999835968018,0.9731261134147644,0.3229397738521749,3.344894,-2.193495035171509,0.8871639728546142,0,0,0,0.2962962962962963,6.3086000000000055,0.4422191228248858
c5399f81dc20fa0926a22e3d6c48e58f,CC(O)C1C(=O)N2C(C(=O)O)=C(COC(=O)NC3CCC(c4c(F)cc5c(=O)c(C(=O)O)cn(C6CC6)c5c4F)C3)SC12,0.8828999996185303,0.9964870810508728,0.0657794417136094,4.529937,3.2266077995300293,0.0216357182711362,0,0,0,0.4642857142857143,2.883400000000001,0.321667976547042
d55b61242ddc9172c48743dd4f0cdb47,CCN(C)C(=O)c1cccc(Nc2c(Oc3ccccc3F)cnn(-c3ccc(C)cc3)c2=O)c1,0.5751000046730042,0.892131507396698,0.2178103937344117,2.424853,-7.795679092407227,0.9227514624595642,0,0,0,0.1481481481481481,5.307820000000005,0.3946416572366659
fccadc9d7f41064079590e5e858c0f66,Cc1cc(C(C)(C)C)cc(C)c1N1C(=O)C=CC1=O,0.5464000105857849,0.9708595275878906,0.2940133975988084,2.52605,1.7970670461654663,0.3496309369802475,0,1,0,0.375,3.0303400000000016,0.725123705060695
14bd3c60fdfec17d62e7521c2b9be6f9,CC(C)CCCC(C)C1CCC2(C)C(=O)C(N3C(C)COCC3C)CCC12C,0.6740999817848206,0.7881089448928833,0.1485923438925634,4.615609,10.816238403320312,0.7891987442970276,0,0,0,0.96,5.712100000000007,0.5804287647205685
3226270230e2456003a77a87fd8dd48e,CC(N)Cc1ccccc1Sc1ccccc1,0.4641999900341034,0.903998851776123,0.2406936707821759,2.327023,-10.30062770843506,0.7671164393424987,0,0,0,0.2,3.727500000000002,0.8851960669251153
1d0a4aa29adf6e9cf60fca0736838370,COc1cccc(C=CC(=O)c2ccco2)c1,0.3120000064373016,0.9498438835144044,0.3836268918080763,1.964738,2.7513206005096436,0.1434118703007698,0,1,0,0.0714285714285714,3.1843000000000012,0.5955952710715594
f9447a918780a01d8b54c9615e242c8d,C[N+](C)(C)CCNC(=O)c1ccc(-c2ccc(-c3cc4nc(OC5COC6C(O)COC56)[nH]c4cc3Cl)cc2)cc1,0.7609999775886536,0.9849786758422852,0.4322807883674448,4.182365,9.294425010681152,0.9153077006340028,0,1,0,0.3548387096774194,3.8922000000000025,0.2744546044824184
0f5925994a696358c0f5b99b03e42c17,C=C(C)C1CC(=O)C(C)=C2C(C(=O)OCC)OC(c3ccc(Cl)cc3Cl)C21,0.6654999852180481,0.9842068552970886,0.2066806961189616,4.246371,1.3380271196365356,0.2043007880449295,0,1,0,0.4285714285714285,5.094200000000004,0.5133513337579828
297594a352f86e76bab39b13d03ec97c,COc1cc2c(cc1O)CC1(O)COc3cc(O)ccc3C21,0.5983999967575073,0.9894150495529176,0.2069480795074593,3.573182,10.846245765686035,0.3462994486093521,0,0,0,0.2941176470588235,1.9178999999999995,0.7496286527458716
9a20018862e77049d264ddedbf56798e,CCc1c(-c2ccnc(OC)c2)[nH]c2ccc(C3CCN(CCNC)CC3)cc12,0.6114000082015991,0.9795775413513184,0.5684883431954817,2.649089,-8.242779731750488,0.941011118888855,0,0,0,0.4583333333333333,4.199700000000003,0.6327265013924057
66527391d0871cb0aa75c8c5fd89e5b0,N#Cc1cccc(-c2c[nH]c3ncc(-c4cncc(NS(=O)(=O)c5ccccc5)c4)cc23)c1,0.6146000027656555,0.9690473079681396,0.3146531798622825,2.511866,-8.46653938293457,0.9532554268836976,0,0,0,0.0,4.964380000000002,0.3920589872029735
f14ea496bd7a888c4b7aa7fb2fc00cd3,O=C(Nc1nn(Cc2ccc(C(F)(F)F)nc2)c2ccccc12)c1ccoc1,0.5737000107765198,0.9209950566291808,0.2877818305384029,2.531225,-8.852679252624512,0.8006868243217469,0,0,0,0.1052631578947368,4.343700000000003,0.5662046775984342
bd28ff843e100d3dd8ff6965180fb144,CN(C)C1C(O)=C(C(N)=O)C(=O)C2(O)C(O)=C3C(=O)c4c(O)c(NC(=O)c5ccccc5)cc(F)c4CC3CC12,0.8278999924659729,0.9970715045928956,0.1781699213791977,4.235626,11.07719898223877,0.3759262129664421,0,1,1,0.2857142857142857,1.512000000000001,0.24153593682223
5d65e4677189e73f5aad100e3b2b00c7,O=C(Nc1c(C(=O)Nc2ccc3c(c2)OCCO3)cnn1-c1ccccc1Cl)c1ccco1,0.5221999883651733,0.8533901572227478,0.3715550574389371,2.443846,-11.73253345489502,0.8483528971672059,0,0,0,0.0869565217391304,4.3945000000000025,0.453144108504291
4b83fdfd4b69d93cfa044c4d535d3d05,O=C(O)CC1(O)CC(CCCCCCc2ccc(Cl)cc2-c2ccccc2)OC1=O,0.7325999736785889,0.9818353056907654,0.4038181630047885,3.283179,-4.297660827636719,0.3109371274709701,0,1,0,0.4166666666666667,5.0213000000000045,0.4080382414559562
3bb52723972668955864ccfbc14a25ef,O=C(CN1CCCCCC1)Nc1ccc(OCc2ccccc2)cc1,0.4460000097751617,0.7786769866943359,0.2707581479441036,1.612497,-8.553215026855469,0.9073317646980286,0,0,0,0.3809523809523809,4.080100000000003,0.8627492035429917
acad83613a4398bebadf45765996d51c,CC1CCCN(C(=O)CC(c2ccc3c(c2)OCO3)c2cc(-c3ccccc3)ccc2O)C1,0.7008000016212463,0.9616386294364928,0.2737446515397592,3.080582,-9.066311836242676,0.8984435439109802,0,0,0,0.3214285714285714,5.568400000000006,0.5602080971198267
66f764be6c894bde55880b5993c02fc4,CC(=O)NCCC1C2=C3C(=NC=CC3c3ccccc3N2)c2ncsc21,0.5702999830245972,0.942675769329071,0.1967574148015542,4.308772,4.469079494476318,0.6911882400512696,0,0,0,0.25,3.5463000000000022,0.8775123622847522
845d6c13ede58cbc70465d24b0db5714,CC1Cc2ccccc2N1C(=O)CN1CCN(Cc2ccc(OC(F)(F)F)cc2)CC1,0.6459000110626221,0.9190093278884888,0.2826754816553809,2.674367,-8.092068672180176,0.9839332938194276,0,0,0,0.4347826086956521,3.680600000000003,0.7209667950167563
da0497deac40f10fd6cb4c31a1d8e8a2,Clc1cccc2c(-c3ccc4ccccc4n3)c[nH]c12,0.5670999884605408,0.9957528710365297,0.3006943193348971,2.064344,-9.832944869995115,0.5109351098537445,0,0,0,0.0,5.036500000000003,0.5192472035812297
0a5340affa45d3485341d30751fc1ba9,CCN(C(=O)c1cc(Cl)ccc1Cl)C1CCS(=O)(=O)C1,0.4251999855041504,0.4585025310516357,0.1279367230493914,2.674845,-9.951187133789062,0.1192637801170349,0,0,0,0.4615384615384615,2.6426000000000007,0.8526677232476942
51cdfe952766c9a1e7dda8b9aee07615,c1ccc(NN=C(Cn2ccnc2-c2ccccc2)c2ccccc2)cc1,0.5127000212669373,0.9676520824432372,0.2821457142179662,2.178381,-8.044568061828613,0.9618879556655884,0,1,0,0.0434782608695652,5.066500000000004,0.3889104822151381
0bdfa5a1ae56c0e99129fb45c09d3745,NC(CCSc1ccc(C(=O)O)cc1)C(=O)O,0.423799991607666,0.9579070210456848,0.0535698657410896,2.403585,-2.4935619831085205,0.009988693613559,0,0,0,0.2727272727272727,1.2789,0.6618816840819909
b4b9e1006f6571ddf758b9f03828b3e7,O=C(O)CSCc1nc2c(c(=O)[nH]1)C1C(N3CCCC3)CCCCN1C(=O)N2c1ccccc1,0.599399983882904,0.6827365756034851,0.1157531040635976,3.630738,-4.165442943572998,0.2213745504617691,0,0,0,0.5,3.350800000000002,0.6483463570537216
1c38d94eb5f81195fbf40d8ccb3380c1,CC(=O)c1cn(-c2ccc(C(N)=O)cc2Cl)c2cc(Cl)ccc12,0.6460999846458435,0.9595571160316468,0.2547284215688705,2.237039,-5.894591808319092,0.1877495139837265,0,0,0,0.0588235294117647,4.238800000000002,0.7204716073807256
8095f6a1a3a3a5cb0246e5ad4bee5f14,N=C(N)SCc1ccc(CN2C(=O)C(=O)c3cc(Cl)ccc32)cc1,0.7329999804496765,0.9922456741333008,0.3360702273520556,2.292859,-12.309412002563477,0.6040345430374146,0,1,0,0.1176470588235294,3.196170000000002,0.4982562921801943
8b56ff278c62d7667dbcd76cdfd1831b,C=CC1(C)CC(O)C2=C(C(=O)C3(O)OCC24CCCC(C)(C)C43O)C1OC,0.6294000148773193,0.9040136337280272,0.250188761814074,6.105782,12.264423370361328,0.1299809612333774,0,1,0,0.7619047619047619,1.484,0.6301877915211844
a0671b555c4bd9e86658567ca2cfd19a,COc1ccccc1OCc1nnc(S)n1Cc1ccccc1,0.4041999876499176,0.8605976104736328,0.1408689005131071,2.025521,-10.232501029968262,0.2209465250372886,0,1,0,0.1764705882352941,3.202700000000002,0.706459755204831
2e638540ce283763dd435ca03c5d75c2,O=C(NCCc1ccccc1)c1sc2cc(Cl)ccc2c1Cl,0.527999997138977,0.9642565846443176,0.1395301019603556,1.882642,-11.45715045928955,0.6380671620368957,0,0,0,0.1176470588235294,5.180600000000003,0.6901013885071509
8a923b0be726e419a03fb58e6d559545,CS(=O)(=O)N1CCCN(Cc2nnc(C3CC3)o2)CC1,0.3754000067710876,0.3052731156349182,0.0196401879868724,2.378682,-12.99911880493164,0.0714675413444638,0,0,0,0.8333333333333334,0.4142999999999999,0.801300791589551
aaa70698d7a36cbf2852f62c9fdb56d7,Cc1nc(CNC(C)Cn2cncn2)cs1,0.2840999960899353,0.5903613567352295,0.0291626737029715,3.026417,-9.11821174621582,0.0344685975462198,0,0,0,0.5,1.2213199999999995,0.8492733364886843
f27f5c4ec99b4ae3d2e57ee130b5faa1,Cc1noc(C2OCCC2NC(=O)C(C)Oc2cnc3ccccc3c2)n1,0.460999995470047,0.548611581325531,0.0996680151332508,3.610895,-5.116983890533447,0.196444871276617,0,0,0,0.3684210526315789,2.33992,0.7376904560590872
785fb51aca07c7c3622705473f87f95b,CN(C)c1ccc(C=CC=CC=Cc2ccc(N(C)C)cc2)cc1,0.5379999876022339,0.9817894101142884,0.4936451424251903,2.255366,-5.710809707641602,0.8394960403442383,1,1,0,0.1818181818181818,5.101400000000004,0.6835946065716944
0ecd61987bf38f4e9466c9cad8286816,CSCCC(NC=C1C(=O)NC(=O)N(c2ccc(Br)cc2)C1=O)C(=O)OC(C)(C)C,0.5874999761581421,0.9476367831230164,0.1403164206580682,3.137121,-2.4905951023101807,0.3547188758850098,1,1,0,0.4,2.9688000000000017,0.338473634056221
203cf97110b658aa40e13b40b0184929,Brc1ccc2c(c1)-c1ccccc1C1=NCCN12,0.6080999970436096,0.9909548759460448,0.2388050427491014,2.373401,-7.552927494049072,0.9093034386634826,0,0,0,0.1333333333333333,3.696300000000003,0.7240489068222321
e0329331db29fb745967c0e4e9da29eb,CCC1CCC(O)=C2C=C(CO)C(=O)OC21,0.5112000107765198,0.9003308415412903,0.2088392026383768,4.262588,9.116894721984863,0.038377134874463,0,0,0,0.5833333333333334,1.4626,0.6967947722586904
a7b00cdac847ad2e5f7b821be117ab15,CCc1cc(=O)oc2cc(C)cc(OCC(=O)N3CCC(C(=O)O)CC3)c12,0.525600016117096,0.8095970749855042,0.0535843104378066,2.374321,11.548660278320312,0.1013298176229,0,1,0,0.45,2.3658200000000003,0.8083847909432604
a96fb649554e9a7883c2e5a98f0ac338,CCC(C=CC(O)C(O)C=C(C)C)CCC(=O)c1c(O)c(C)cc2c1C(=O)C1=C(NC(=O)CC=C1C)C2=O,0.7071999907493591,0.9932501316070556,0.5296656272628091,4.79126,11.020036697387695,0.5418956875801086,1,1,0,0.4,4.033220000000003,0.2839373615667891
8fd294ad9e502a6a3a53aa7c7a099b65,Cc1cc(C(=O)N2CCOC3(CCS(=O)(=O)CC3)C2)c(C)s1,0.3411999940872192,0.2575451135635376,0.0230786265297369,3.452387,-11.026249885559082,0.1970699269324541,0,0,0,0.6666666666666666,1.7847400000000002,0.7797130627284365
3c12bad5e6aa2743f07066b411a38408,COc1cccc2c1C(=O)c1c(O)c3c(c(O)c1C2=O)C=C(C(=O)CO)CC3OC1CC(NC(=O)C(F)(F)F)CC(C)O1,0.7815999984741211,0.9980098605155944,0.6672860736196692,4.657764,8.070277214050293,0.6477551758289337,1,1,0,0.3793103448275862,2.860100000000001,0.3067551475979939
67fe0158aeed7fce2027fb80d812e748,CC(=O)NC(C)c1ccc(OC2CCN(c3ncnc(N4CCOC(C(F)(F)F)C4)c3F)C2)cc1,0.7117999792098999,0.8445947170257568,0.2885311936790293,3.829944,-4.958518028259277,0.5450071036815644,0,0,0,0.5217391304347826,3.238000000000002,0.6142180663907325
1494ea5183e0c6f0ce5fbecc04c3c0b0,CNCc1ccc2c(N(C)C)c3c(c(O)c2c1)C(=O)C1=C(O)C2(O)C(=O)C(C(N)=O)=C(O)C(N(C)C)C2CC1C3,0.8481000065803528,0.9969128370285034,0.1959374719722704,4.53049,12.5306396484375,0.558478444814682,0,1,1,0.4137931034482758,1.0592000000000004,0.2951681044768826
1f41df60c21d743c32a27659b8f69810,NC(=O)NOCCCNc1ccc([N+](=O)[O-])cc1[N+](=O)[O-],0.4760000109672546,0.9542650580406188,0.2094762223688039,2.509912,-4.295506000518799,0.1330023638904094,0,1,0,0.3,0.9049,0.3644015807487354
a4321bc79216c6d3d6c81887225d5687,CCN(Cc1ccc(C#N)cc1F)C(=O)C(C)(C)C,0.4034999907016754,0.4942790269851684,0.0922657215798443,2.310349,-11.942663192749023,0.4663301169872283,0,0,0,0.4666666666666667,3.091980000000002,0.8397976660785968
edcd463b49ba00caa410a71c698f8e60,O=C(Nc1ccc2c(c1)CCC2)c1cc(S(=O)(=O)Nc2ccc(F)cc2)c(Cl)cc1Cl,0.6412000060081482,0.9810763597488404,0.4152210788293318,2.169955,-10.276253700256348,0.8478121280670166,0,0,0,0.1363636363636363,5.674300000000003,0.4950413180111233
5c6e2f5c0b3a07d1f727a1014b6b4b6b,CN(C)CCCNc1ccc(NC(=O)c2cccc3c(=O)c4cccc(C(=O)Nc5ccc(NCCCN(C)C)cc5)c4[nH]c23)cc1,0.6104000210762024,0.9709499478340148,0.5219330327077345,2.72658,-5.897366523742676,0.9697521328926086,0,1,0,0.2702702702702703,5.9131000000000045,0.0761328057242087
ea6975fa6dccc8b5b3c149f4f8a6a9ab,Cc1cnc(C)c(N2CCC(c3nnc(CN(C)C)n3C3CC3)CC2)n1,0.4550999999046325,0.4121640026569366,0.0868134800006042,2.7658,-11.330349922180176,0.5279805421829223,0,0,0,0.6842105263157895,2.46544,0.8209524699256029
c56cf1fd0b9ee1a7161e1166bf9c71fa,O=C(O)c1ccc2c(c1)C1C=CCC1C(c1ccc(Cl)cc1Cl)N2,0.7797999978065491,0.9976767301559448,0.1877656565471128,3.332756,-3.9431498050689697,0.2180010929703712,1,1,0,0.2105263157894736,5.518100000000002,0.6937463800405794
f3fcc3768b5202efedb7924131341560,CC(C)CC1CNC(=N)N1CC(Cc1ccc(O)cc1)NS(=O)(=O)c1ccccc1Cl,0.7441999912261963,0.9705610871315002,0.1893402348187836,3.647921,-0.3518380224704742,0.7731815814971924,0,1,0,0.4090909090909091,3.189870000000001,0.4557802656277848
2a511c5e6e22f436486049b057ae0d1a,O=C(CSc1nnc(-c2ccccc2)n1-c1cccc(Cl)c1)Nc1nncs1,0.4796000123023987,0.8465743064880371,0.1606798039918596,2.258713,-10.691043853759766,0.2447068572044372,0,0,0,0.0555555555555555,4.170000000000003,0.4637047494825215
7fbd5902c48f1f5d8a467d241d3ed0d4,Cc1nn(C)c(C)c1NS(=O)(=O)c1ccc(N2CCC(c3ccccc3)CC2)nc1,0.5658000111579895,0.7859335541725159,0.0964366946030746,2.356317,-8.181227684020996,0.8258617401123047,0,0,0,0.3636363636363636,3.6167400000000023,0.6753746995220535
1e2c4aefa77fbde064aeb2734838d935,Cc1ccc(C(=O)CCN2CCCCC2Cn2ccnn2)cc1,0.3540999889373779,0.5339194536209106,0.0708261426876891,2.795669,-8.71364974975586,0.6434810042381287,0,0,0,0.5,2.7140200000000005,0.7696559726278315
1474047d9ba8fef54f41fb1174298114,CC1=CC(CC(C(=O)O)C2CN(CC(O)CCO)C(=N)N2)OC1=O,0.6557999849319458,0.9322453141212464,0.1649016922509128,4.923747,7.289590835571289,0.0248034477233886,0,1,0,0.6666666666666666,-1.099129999999999,0.3501299227497743
44e428bf8ed7a3b1bded58eef44ec08b,CN1C(=O)CCCC12CCCN(C(=O)c1cc(F)cc(F)c1)C2,0.4339999854564667,0.3541974723339081,0.0571829968724738,3.480273,-10.675655364990234,0.5065370023250579,0,0,0,0.5294117647058824,2.581900000000001,0.797237576407046
eac6d48d8d206530f77711ba466e1fe3,CCCN(c1ccccc1C(=O)O)S(=O)(=O)c1ccc2ccccc2c1,0.5796999931335449,0.9549129605293274,0.0681451237337155,2.044605,-7.955096244812012,0.2765068888664245,0,0,0,0.15,4.143300000000003,0.7084097463505646
7fe0b361d0a00f334f6444be4c627fc7,O=C(C1CCCCC1)N1CCC(c2nnc(-c3ccccc3)o2)C1,0.4092999994754791,0.370454728603363,0.0586941891603849,2.572055,10.4896821975708,0.1652095809578895,0,0,0,0.5263157894736842,3.6328000000000022,0.8643612802491787
423ae090a09dd61c20512ada3ac3a970,Cc1ccc(CN2C(=O)c3ccccc3C2(O)c2ccc3c(c2)NC(=O)CO3)cc1C,0.5473999977111816,0.8911230564117432,0.1348864876411178,3.081319,-9.251749038696287,0.7217799901962281,0,0,0,0.2,3.483740000000002,0.68783160583935
e56d1abc9659e5ea1c59571841814fcb,CC1(C(=O)NCc2ccccc2)CSCC(=O)N1N=Cc1ccc([N+](=O)[O-])o1,0.644599974155426,0.9249405264854432,0.2126705985177647,3.501438,-6.045086860656738,0.4232419192790985,0,1,0,0.2777777777777778,2.1722,0.449412790047241
30083e88c8235ccdbc4c4224ee01af37,COC12C(COC(N)=O)C3=C(C(=O)C(C)=C(NCC4CCCO4)C3=O)N1CC1NC12,0.7696999907493591,0.8867866396903992,0.6183425140651789,4.662822,9.655091285705566,0.2684257499873638,1,1,0,0.65,-0.8412999999999968,0.3715800933963711
cd522048c3aab86bce26b27624ec8833,COc1ccc(CN(CCN(C)C)c2ccc(C(=O)Nc3cc(Cl)ccc3N)cn2)cc1,0.64410001039505,0.939215898513794,0.5484012175690044,2.322314,-5.697512626647949,0.9418630123138428,0,1,0,0.25,4.146300000000003,0.4734506069079239
800512b3e4c2e13daf1975d68988ae53,CC(C)c1ccccc1-c1ncc2[nH]c(=O)n(Cc3ccc(-n4ccc(N5CCNCC5)n4)cc3)c2n1,0.6341000199317932,0.9775184392929076,0.536537838253108,2.853376,-8.741190910339355,0.9784031629562376,0,0,0,0.2857142857142857,3.553600000000001,0.3748031768718315
d11374d3c0804337e80183321460c76e,Cc1cc(-c2ccc3sc(-c4c(NC(=O)CCNC(C)C)sc5c4CCNC5)nc3c2)cc(C)n1,0.6646999716758728,0.9728049635887146,0.4185255901380019,2.915277,-8.328977584838867,0.8280601739883423,0,0,0,0.3703703703703703,5.675940000000004,0.3013420340686054
e27acd807926dcb466e5b14dc561a140,Clc1ccc(-n2c(Cc3cccnc3)nc3ccncc32)cc1,0.4708999991416931,0.9641291499137878,0.2752775427970019,2.223085,-12.054309844970703,0.7545941710472107,0,0,0,0.0555555555555555,4.059700000000002,0.5714997240305121
747856db152eef4620ea4a3bada08857,O=C1CCC(=O)N1CCc1ccccc1Cl,0.3269999921321869,0.6172458529472351,0.0913865239444104,1.915428,-11.919286727905272,0.035862635821104,0,1,0,0.3333333333333333,2.0315,0.7547681087516809
9359418f8a4bab954ff9f919f726f38f,COc1ccc(OC)c(NC(=O)c2cc3c([nH]c2=O)CCCC3=O)c1,0.3917999863624573,0.5541489124298096,0.0903620899400927,2.21804,-5.776989459991455,0.3534019351005554,0,0,0,0.2777777777777778,2.1634,0.8872765383315225
c491db592e553b4e60fdb1d2a0aeaa4b,CCC1CCCC(C2(CC(=O)N3CC4CCC(C3)N4C)CC2)N1S(=O)(=O)c1ccc(Cl)cc1,0.6442999839782715,0.5663743019104004,0.187888079746203,4.624979,-12.28229808807373,0.9262516140937804,0,0,0,0.72,4.137100000000004,0.597247730121136
429eae220a00958096c7596489ba4712,O=C(CCCn1c(=S)[nH]c2ccccc2c1=O)N1CCN(Cc2cccc3ccccc23)CC1,0.5692999958992004,0.917554497718811,0.186477475545623,2.283409,-12.312333106994627,0.95818190574646,0,1,0,0.2962962962962963,4.336890000000004,0.4243621799970207
067b7e33ab035cfaf42660cfd874bcb8,CCCCCc1ccc(C(=O)Nc2ccc3c(c2)nc(N)n3CCc2ccccc2OC)cc1,0.7031999826431274,0.9784048199653624,0.4084535078568892,2.190699,-3.274311065673828,0.9838020205497742,0,1,0,0.2857142857142857,5.8548000000000044,0.2931100212762567
4da9d66432af0bcb99beaa3dbcdeeb6c,O=Cc1cccc(C2=C(NC(=O)Cc3ccccc3)C(=O)c3ccccc3C2=O)c1,0.5242999792098999,0.973872184753418,0.3930880237709392,2.287331,-2.726553201675415,0.4651133179664611,1,1,0,0.04,3.6483000000000025,0.6689995454172006
6ed0f20f1c231d8ef1fcb6ae697f5011,CNC(=O)c1ccc(Oc2ccc3c(c2)CCN(C2CCC2)CC3)cn1,0.5738000273704529,0.7484310269355774,0.1734030145135792,2.307739,-8.319331169128418,0.8450486302375794,0,0,0,0.4285714285714285,3.186600000000002,0.919118649793458
603e7448d15b47244b4ebaaa445527de,CCCC(C(=O)O)n1ccc(NC(=O)c2cncc3sccc23)n1,0.4661000072956085,0.6924241781234741,0.1539265120571309,3.216763,-9.742243766784668,0.091464141011238,0,0,0,0.25,3.1709000000000005,0.7156681610987062
5cb647db10edc84379620bd2dc8138ba,COc1ccc(NC(=O)CN2C(=O)SC(=Cc3ccc(Cl)cc3)C2=O)cc1,0.5364000201225281,0.9412044286727904,0.2321794615550474,1.951645,-9.457538604736328,0.4098881155252457,0,1,0,0.1052631578947368,4.023600000000003,0.7641405280495115
82dac60bce213db8c27a4c80404159d5,COc1cc(CNC2CCCCCCC2)cc(Cl)c1OC,0.5842000246047974,0.8925351500511169,0.423053270036524,1.943061,-8.693818092346191,0.6763003706932068,0,0,0,0.6470588235294118,4.559700000000004,0.8643957218485222
7837d753727cb5a456df5af181f32947,COc1ccc(C2(c3cccc(NC(=O)c4cnc(O)cn4)c3)CSC(N)=N2)cc1,0.6848999857902527,0.9743314981460572,0.2486984255638989,3.391468,-8.00020980834961,0.6061981856822968,0,0,0,0.1428571428571428,2.7482,0.5787600303799207
3058ce4c4723ec90c0094a3197fe2faa,COc1ccc(CCC(=O)c2ccc3c(c2O)C=CC(C)(C)O3)cc1OC,0.6054999828338623,0.9801144599914552,0.4271721826358275,2.512607,10.5493803024292,0.5863423466682434,0,0,0,0.3181818181818182,4.409100000000003,0.7653430446481773
cd927b9bba15c149ff3b6a146cc955fd,Oc1cccc(-c2ccc3c(O)c(O)ccc3c2)c1,0.4943999946117401,0.9975166916847228,0.3266170187429948,1.965385,6.214235305786133,0.4927504122257232,1,1,0,0.0,3.6236000000000024,0.5795085725880111
4b479277e1d8264847a94120a26d3992,Cc1onc(-c2c3ccccc3cc3ccccc23)c1C(=O)N(CCCN(C)C)CCCN(C)C,0.5062000155448914,0.8299212455749512,0.3269959186965769,2.613679,-3.2339508533477783,0.9846786499023438,0,1,0,0.3793103448275862,5.302020000000006,0.2931844685613752
d4ce0f94b21c07bc4dc5bdba1880b9a8,CC(C)N1C(=O)C(NC(=O)C(Cc2cccc(C(F)(F)F)c2)NC(=O)OC(C)(C)C)CCc2ccccc21,0.7350000143051147,0.9779698848724364,0.2248745438727465,3.284221,-5.321517467498779,0.9255006909370422,0,0,0,0.4642857142857143,5.013800000000005,0.5464165071669649
20d45d4e8e0d7a0e215af6322f444aff,CC1CCCC(=O)CCCC=Cc2cc(O)cc(OC3OC(C(=O)O)C(O)C(O)C3O)c2C(=O)O1,0.6818000078201294,0.9791806936264038,0.1064969012513756,4.85034,12.21199893951416,0.0297715974971652,0,0,0,0.5416666666666666,1.1449999999999996,0.3803221874616247
12e1020b72f5d68fdded81bf2b68b52f,CNC(=O)c1cc(C(=O)NC2CCC(O)CC2)c(C(C)c2ccc(Cl)cc2)o1,0.6234999895095825,0.9033930897712708,0.1615802706642584,3.128428,-11.242520332336426,0.3931230783462524,0,0,0,0.4285714285714285,3.4777000000000022,0.7110000228514338
40742061f5484f1dd29c85ddb7443b8c,CCOC(=O)c1csc(CN2CCC(C(C)(C)C)C(O)C2)n1,0.5277000069618225,0.6602960228919983,0.0704949563369154,3.379377,-2.018233299255371,0.5421354413032532,0,0,0,0.75,2.548700000000001,0.861662510951929
98897c0f97d41b11368dbf1253ac8204,COc1ccccc1NS(=O)(=O)c1ccccc1C#N,0.3122000098228454,0.7663054466247559,0.0635610105977817,1.821409,-9.549490928649902,0.3184053272008896,0,0,0,0.0714285714285714,2.36768,0.9363128178947376
aa14df6f1f5505a4ff205f8e2ad319d0,COc1cc(N2CCOCC2)c(-c2cnn(C)c2)cc1Nc1ncc(Cl)c(Nc2ccccc2P(C)(C)=O)n1,0.659500002861023,0.9585978984832764,0.6958150199868463,3.107387,-7.562732696533203,0.8704665541648865,0,1,0,0.2962962962962963,5.1109000000000036,0.2808350198791248
7ed13515e058f47a5f8b34eb61bfad00,CCC1(CC)NC(=O)N(CC(=O)N2CC(O)CC2c2ccccc2)C1=O,0.4772999882698059,0.4445417821407318,0.0556250439787452,3.265249,-8.044379234313965,0.1649874877184629,0,1,0,0.5263157894736842,1.431499999999999,0.778499380354175
61bfdba9231ce3bb1584dcef3e980745,O=C(Nc1nnc2ccccn12)c1c[nH]nc1-c1ccccc1,0.3546000123023987,0.8637867569923401,0.1616144193844362,2.620676,2.2865335941314697,0.3742186993360519,0,0,0,0.0,2.3717000000000006,0.6079842956786643
2488028d81e0904fd05c8ac9fcd1759e,CSc1ccc(C2CN(C)Cc3cccc(Oc4ccnc(CN5CCCCC5)c4)c32)cc1,0.6173999905586243,0.9518054723739624,0.6631734885952689,3.116105,-7.333982944488525,0.9505674839019777,0,0,0,0.3928571428571428,6.159000000000006,0.4118681288911013
44227c37bdf9ab3f874b4cd9563ac353,CCOC(=O)c1ccc(N2C(=O)CC(N3CCC(Nc4ccc(F)cc4)CC3)C2=O)cc1,0.5827999711036682,0.8159914016723633,0.1809661225839094,2.696299,-9.154757499694824,0.7766935706138611,0,1,0,0.375,3.2108000000000017,0.550163540547912
9afadfb4e41833c1fe73aa927081a5c4,CC(C)CCCCN1CCC(NC(=O)OC(C)(C)C)(C(=O)O)C1,0.5443999767303467,0.8157752156257629,0.0906295268373055,2.988707,-2.7515828609466553,0.293632823228836,0,1,0,0.8823529411764706,2.8665000000000003,0.7026172919635914
04aa1ca315a307d73e237b70964383ae,CC(C)CCC(=O)N1CC=CCN(CCC(C)C)C(=O)C(CC(C)C)NC(=O)C(C)NC(=O)C1,0.5083000063896179,0.5659326910972595,0.181348597461527,4.204568,-12.41457748413086,0.4439546525478363,0,1,0,0.7692307692307693,2.731300000000002,0.5241835248188209
8439d3cfcf2a0396132c0873b56c4b3c,NCc1cc(NCc2cccc(C(=O)Nc3ccccc3)c2)ncn1,0.4110000133514404,0.7924988865852356,0.192154531113126,2.022582,-6.92453670501709,0.6772775292396546,0,0,0,0.1052631578947368,2.7997000000000014,0.6448631195182941
6cd580e3bc18505899b5ae87e2becc4f,O=C(CCCCCc1cccc(Cl)c1)N1CCOC1=O,0.4824999868869781,0.8512458801269531,0.0967482633211396,2.116395,-8.610564231872559,0.2163550078868866,0,1,0,0.4666666666666667,3.421700000000002,0.7555116512799605
a9b4e98a3caeafcd24d0096e723321c0,CCOc1ccc(-c2nc(C#N)c3c(n2)n(-c2ccccc2OC)c(=O)n3Cc2ccccc2)cc1,0.4934000074863434,0.9528346061706544,0.3807321475310759,2.502255,-5.947912693023682,0.9603569984436036,0,0,0,0.1428571428571428,4.576480000000004,0.3406431600934305
3d5bd75ec84b0abf2ffaeb4d1692de50,CC1(C)CCc2c(cc3oc4ccc(O)cc4c(=O)c3c2O)O1,0.5666000247001648,0.9866034388542176,0.194389362226833,2.772875,11.074847221374512,0.6185650706291199,0,1,0,0.2777777777777778,3.4610000000000025,0.6213865379841844
7d0bd28836a130d4b2e33a5bca8e1c69,O=C(O)c1cc(F)cc(COc2ccc(Cl)c(Cl)c2Cl)c1,0.6952999830245972,0.9902390837669371,0.1469177102500742,2.077108,-11.013188362121582,0.0569981843233108,0,1,0,0.0714285714285714,5.063100000000001,0.7845111586762633
c2e5cc9db2425a09914c5bbede19f9d4,Cc1cc(-c2ccc(C)c(S(=O)(=O)NCCCN3CCN(c4ccccc4F)CC3)c2)on1,0.5787000060081482,0.8513726592063904,0.1108449175953865,2.392994,-1.6324807405471802,0.9868284463882446,0,1,0,0.375,3.5881400000000028,0.5050828431841663
9a39be446d98e28b0d3eebe88796e741,O=C1CC(c2cccc(O)c2)c2c(n(C3CCCCCCC3)[nH]c2=O)N1,0.5723999738693237,0.8414600491523743,0.2391184283928437,3.151063,-3.1543896198272705,0.273787385225296,0,0,0,0.5,3.6415000000000006,0.7684316061383277
19575f4651faf9dc9c8921637b183a01,CCOC(=O)c1[nH]c2ccc(C)cc2c1N=NN(C)C,0.4032999873161316,0.9127190113067628,0.0890167379243807,2.760923,-8.26169490814209,0.4071114271879196,1,1,0,0.3571428571428571,3.213320000000002,0.528421286744085
bd96b0b0087380d1a3d3007b083d5b3b,CN(Cc1ccc(S(=O)(=O)N2CCNCC2)cc1)c1ccc2c3c(cccc13)C(=O)N2,0.6176000237464905,0.9120222926139832,0.1785066730596802,2.5406,1.0053162574768066,0.9006537199020386,0,0,0,0.2608695652173913,2.6358000000000006,0.6427078109520366
58839da1ab088cf8f90dc5a37ef36d6d,COc1cc2c(cc1OC)Sc1ncnc(Sc3cccc(Cl)c3)c1NC2,0.6177999973297119,0.9671214818954468,0.5385599894957109,2.934555,-7.426389217376709,0.6379053592681885,0,0,0,0.1578947368421052,5.375100000000003,0.5719465818181422
87ffccb0350e9e766179ca1a1ba6d13f,CON=C1CN(c2c(F)cc3c(=O)c(C(=O)O)cn(C4CC4)c3c2OC)CC1C(N)=NO,0.9035000205039978,0.9978193640708924,0.1398275795985352,3.749571,-1.2112661600112915,0.2091550022363662,0,1,1,0.4,1.3673000000000002,0.2598313259450768
913f37db89df320d20e031846dd38a3e,NC(=Nc1ccc2ccn(CCCN3CCOCC3)c2c1)c1ccsc1,0.5573999881744385,0.9181062579154968,0.3794602968476035,2.714083,-4.752455711364746,0.958908987045288,0,1,0,0.35,3.462100000000002,0.5354149740929958
3cc90242ee273d56ec35080bcf66ae28,N#Cc1cc([N+](=O)[O-])ccc1Sc1nnc(C2COc3ccccc3O2)n1-c1ccccc1,0.5527999997138977,0.958558201789856,0.3187082254073836,3.089557,-4.674118518829346,0.7766030430793762,0,1,0,0.0869565217391304,4.710880000000003,0.3124223527083954
2c89180c31fdb6988f48b76c3aa5597c,COc1cc(CN2CCC(O)C(NC(C)=O)CC2)ccc1F,0.4212000072002411,0.2780998349189758,0.1350672736086628,2.822834,-8.477893829345703,0.4867359280586242,0,0,0,0.5625,1.2956999999999996,0.8797571348722013
2ee884c3a7de15ca89b62d9b46573cd6,O=C(CC1CCCC1)NC1CCN(C(=O)C2=Cc3ccccc3S2(=O)=O)CC1,0.5501000285148621,0.6115456819534302,0.1227251582524993,2.680511,-7.375442028045654,0.5149034082889556,0,0,0,0.5238095238095238,2.502300000000001,0.8387529909413645
6a891ca87387474c687bfe9ee8eb8ae1,Cc1cnc(CCNC(=O)Nc2ccnn2C2CCCCC2)s1,0.4027000069618225,0.4968167543411255,0.0896108255467631,2.587183,-11.104485511779783,0.1787315145134926,0,0,0,0.5625,3.517420000000002,0.879197829641403
1b76d0ed0bf9e188fe8008e9f3b23798,COc1ccc(C(=O)c2nccc3c2[nH]c2ccccc23)cc1,0.5512999892234802,0.9677695631980896,0.374914059584791,2.039337,4.780884742736816,0.6843586921691894,0,0,0,0.0526315789473684,3.955700000000002,0.5828420893454365
683b79b89fa3edb76145547fc5ad683c,O=S(=O)(NC1CC1)c1ccc(-c2ccsc2)c(Nc2nc3ccc(C(F)(F)F)c(Cl)c3[nH]2)c1,0.7710000276565552,0.9966880083084106,0.5033245926553552,2.958408,3.3402867317199707,0.9198778510093688,0,0,0,0.1904761904761904,6.147900000000003,0.2891038951827687
c1764e21c77982093e6b2d5afda70964,CC(C(=O)Nc1ncccn1)N1CCC(n2ccnc2)CC1,0.3639000058174133,0.3169153928756714,0.1185537806966088,2.880873,-7.929477691650391,0.5335266053676605,0,0,0,0.4666666666666667,1.3371999999999995,0.9218082303788986
5983068b9b15804d16e0d673a61dedea,O=C(O)C1CC=C(c2c(-c3ccccc3)[nH]c3ccccc23)CC1,0.652899980545044,0.9881583452224731,0.2233720824799754,2.768459,-9.200658798217772,0.2171967580914497,0,0,0,0.1904761904761904,5.103000000000003,0.7055805479209427
71aa5cd60c7edeaeb3c549a94ef32c02,CC(C)c1cc(C(C)C)n(CC(OC(=O)NC2CCCCC2)C(C)C)n1,0.5077999830245972,0.6126530170440674,0.1953720023686235,3.241238,4.279191493988037,0.5259619235992432,0,0,0,0.8095238095238095,5.213400000000005,0.7229395106050936
de326ccac2995ec91f0c6fdec0b2204c,CCn1ccc2ccc(CN3CCC(O)CC3C(=O)OC)cc21,0.4113000035285949,0.5429548025131226,0.1422982270067388,3.140386,-7.921278953552246,0.712724506855011,0,0,0,0.5,2.1595000000000004,0.8784011437005348
944de6ca636ca07cb57de85bd1624233,COC(=O)CNC(=O)c1c2ccccc2nc2c1[nH]c1ccccc12,0.4733000099658966,0.916463017463684,0.1737068972804329,2.188109,-7.223204612731934,0.6120421171188355,0,0,0,0.1052631578947368,2.7721,0.5647269235305645
fa0b2d4bda5474309706725eb411f3e8,Nc1nc(NCCc2ccccc2)c2c(n1)-c1ccccc1CC2,0.6051999926567078,0.985106348991394,0.4267232092944058,2.160847,-11.07280445098877,0.9079268217086792,0,0,0,0.2,3.4790000000000028,0.7732924198868458
9ad9655aaa623888ac9d57ca4fe712b3,Oc1nc(S)nc(O)c1C(c1ccccn1)c1c(O)nc(S)nc1O,0.5454000234603882,0.9682763814926147,0.126509125937115,3.796236,-12.074844360351562,0.0688462641090154,0,1,0,0.0714285714285714,1.2415999999999987,0.2931042696460255
709ba52ae8caf402660be41c81c7723f,Cc1ccc2cc(CNc3ccccc3)c(=O)n(CC(=O)Nc3ccc(C(C)C)cc3)c2c1,0.5012999773025513,0.939677894115448,0.2765996103936975,2.183786,-10.141644477844238,0.9389441967010498,0,0,0,0.2142857142857142,5.6841200000000045,0.3891471240549558
a2c269c8a62e2bad452c86ab2b1290f4,CCOC(=O)c1cccc(N2C(=O)c3ccccc3S2(=O)=O)c1,0.5418999791145325,0.8487077951431274,0.0550393536686897,2.194562,-11.427321434020996,0.1535588547587394,0,0,0,0.125,2.2124000000000006,0.8056277329808502
969a6b95e75ed0736c06c2c2f88061cf,CC(C)c1nccc(C(=O)N2CC(N)C(C3CC3)C2)n1,0.4607000052928924,0.2317961156368255,0.0510486773723228,3.455949,-10.249344825744627,0.2733157068490982,0,0,0,0.6666666666666666,1.4093000000000002,0.9042368026095756
36932b1e51693c97e2bcb4ffa280812a,Nc1ccccc1NC(=O)c1ccc(CNC(=O)c2cc3ccc(OCc4ccc(Cl)c(Cl)c4)cc3oc2=O)cc1,0.6212999820709229,0.9593341946601868,0.3686904446645216,2.39533,-3.6796529293060303,0.8880671381950378,0,1,0,0.064516129032258,6.443300000000004,0.1415878327397066
4a605a26b92afa414b8105385becca0a,COc1ccc(C(=O)NC(c2ccc(C(F)(F)F)cc2)c2ncccc2C(F)(F)F)cn1,0.6812999844551086,0.938429832458496,0.4489962634715167,2.940241,-11.98348903656006,0.8022668600082398,0,0,0,0.1904761904761904,5.042200000000002,0.5477800905348195
80bdaa0d9c34a75710317c606a1b6834,CCCCc1c(Cl)nc(N)nc1Cl,0.532800018787384,0.9626650214195251,0.0555211966433985,2.438402,-7.25085973739624,0.061092622578144,0,0,0,0.5,2.7082000000000006,0.7963910024646407
bc74c7cac189bb129724cfebac7cf732,CCC(C)NCCC(=O)Nc1sc2c(c1-c1nc3cc(-c4ccncc4)ccc3s1)CCNC2C,0.7143999934196472,0.962575912475586,0.4513853300701488,3.72189,6.157838344573975,0.8658729791641235,0,0,0,0.3703703703703703,6.010200000000005,0.2732896630360222
86ad5af41114ebe190cdf93e54eb4f5c,COc1cccc(CNC(=O)c2cn(C)c3nc(-c4cn[nH]c4)ccc23)c1,0.5001000165939331,0.6682669520378113,0.1529517702080986,2.449616,-10.965513229370115,0.8743947744369507,0,0,0,0.15,2.902000000000001,0.5723533582879784
602ef218c7704b36ea6a7fe10e9b20da,O=CC(Cc1ccccc1)NC(=O)c1ccccc1COc1ccccc1,0.4431000053882599,0.8801184892654419,0.1899544610218568,2.38956,-2.7287046909332275,0.6523564994335175,0,1,0,0.1304347826086956,3.805600000000003,0.6224742942724478
d28d783ecae476fc18b5374b8693260c,CC(C)(C)OC(=O)Nc1ccc(-c2nc(N3CCOCC3)c3ncn(CCC4OCCO4)c3n2)cc1,0.5813000202178955,0.9139015674591064,0.2248035364530303,2.845696,0.0940724313259124,0.8528459548950196,0,0,0,0.52,3.4399000000000024,0.5481995876016158
783b39128ceb1d064d8a726d27035123,CCOC(=O)c1cc(S(=O)(=O)N(C)Cc2ccccc2)cn1C,0.3610999882221222,0.424040287733078,0.0469634634527293,2.097212,-8.85639476776123,0.1702975474298,0,0,0,0.3125,2.0225,0.7569912487907674
6a596b3fba59cb5ab3c17f813e18d841,CCc1cc(C(C)=O)c(O)cc1OCCCCCCSC,0.6412000060081482,0.9765769839286804,0.1838273466988043,2.323427,9.54319667816162,0.5070181310176849,0,1,0,0.5882352941176471,4.459400000000004,0.5117880795052259
a65c959894fe26abf4bbf785aa8988c9,CCOC(=O)c1ccc(NC(=O)N2CCOc3ccccc32)cc1,0.4388000071048736,0.5339677333831787,0.0779577700251882,1.930859,-4.256963729858398,0.5520030558109283,0,0,0,0.2222222222222222,3.294200000000002,0.8789276053898913
1bb0a54acbdd29daa0f0bed42d179bf0,CC(C)(C)C(=O)Nc1cc(C#N)ccc1COC(=O)N1CC2CN(C(=O)c3ccc(S(N)(=O)=O)cc3)CC2C1,0.5792999863624573,0.6257834434509277,0.0566053340550173,3.498596,6.046965599060059,0.8313938021659851,0,0,0,0.4074074074074074,2.5308800000000007,0.5745222533096485
2952f460a2a992bb741b16ab5f09ce2e,Cc1[nH]cnc1Cn1ccc2c(O)cc3ccccc3c2c1=O,0.5475000143051147,0.8892214298248291,0.2459697398272427,2.566086,-0.2403701841831207,0.7308499336242675,0,1,0,0.1111111111111111,2.940120000000001,0.5593451567086882
61c68c530ee25c258428c03fae73e1b1,Cc1c(C)c2c(c(C)c1O)CCC(C)(C(=O)NCCS)O2,0.5364999771118164,0.8591196537017822,0.0778906614604321,3.395549,-3.592888116836548,0.5069778025150299,0,1,0,0.5625,2.4471600000000007,0.7517712763067858
034f07cbdc922f4d507747279289a687,Cc1ccccc1-n1cc(CN2CCNC(=O)C2c2ccccc2Cl)nn1,0.5663999915122986,0.7110703587532043,0.1163123846054077,2.933601,-9.862992286682127,0.4245799362659454,0,0,0,0.25,2.9022200000000007,0.7543824366613201
350e92151a411391c039a86beb386b85,CN(CC(=O)NCCc1ccc(F)cc1)Cc1ccc(Br)cc1,0.4912000000476837,0.7801094055175781,0.1720211661674759,1.795299,-11.197739601135254,0.9423968195915222,0,0,0,0.2777777777777778,3.3789000000000016,0.800201792860575
d812cd55cdef32e217ef697bbf5818ea,Oc1c(Br)c(Br)c(Br)c(Br)c1Oc1ccccc1Br,0.7850000262260437,0.9988374710083008,0.346553545106541,2.65791,11.88329792022705,0.5839061200618744,0,1,0,0.0,6.9970000000000026,0.3064041901320798
71d99f2efc2c3ae26fc37bf61ac70b87,N#CC1(C(=O)N2CC3CCC2CN(Cc2cscn2)C3)CCOCC1,0.4657000005245209,0.306705504655838,0.0435963108161972,4.508623,-7.453273296356201,0.7067792296409607,0,0,0,0.7222222222222222,1.8862799999999995,0.8232082276329771
bdbcc2422ca04edc788d863da529c8c7,CC1=CC(O)CC(C)(C)C1(O)CCC(C)OC1OC(CO)C(O)C(O)C1O,0.5449000000953674,0.8881379961967468,0.2236293046311898,4.850815,10.301362037658691,0.2300866186618805,0,1,0,0.8947368421052632,-0.5601999999999991,0.3317969176709242
b75957c96592ae81d470702a8ede1c5c,O=C(O)CCN1CC(=O)N2C(CC3c4ccccc4NC3C2c2ccc(Br)cc2)C1=O,0.708299994468689,0.933641791343689,0.1738512739539146,3.882733,-1.3628411293029783,0.1855205282568931,0,0,0,0.3478260869565217,2.9859,0.6969085566202108
933e69c0799b9b08e1b61c1e14036e32,CCC(=O)N1c2ccccc2N=C2CCCC(O)=C2C1c1ccc(N(C)C)cc1,0.5063999891281128,0.8121088147163391,0.2232657440684058,3.197903,-5.899807929992676,0.8310334324836731,0,0,0,0.3333333333333333,5.319000000000005,0.7729477166189138
18796cc2287a2ce2b45fa3ec671d3165,CCN(CC)c1ccc(C=C2CCc3cnn(-c4nc(-c5ccccc5)cs4)c32)cc1,0.6498000025749207,0.9500642418861388,0.540594220161438,2.662978,-9.230544090270996,0.704702627658844,1,0,0,0.2307692307692307,6.328800000000005,0.3612508353910491
4bf3086b0f1f1e04bc321526755ac5ec,NC(CC(=O)N1CC2CC1CN2C(c1ccc(F)cc1)c1ccc(F)cc1)C(=O)N1Cc2ccccc2C1,0.728600025177002,0.9538875818252563,0.3391767225482247,4.338714,-7.181244850158691,0.9742460012435912,0,0,0,0.3333333333333333,3.5991000000000035,0.5438014709951666
d187ced9d53a2c6c2461986da11a5d70,Nc1ccc(-c2ccc(F)cc2)cc1NC(=O)N(N)Cc1ccccc1,0.6151999831199646,0.9194321632385254,0.4175119372931393,2.163955,-10.216991424560549,0.8875272750854493,0,1,0,0.05,3.982700000000002,0.2878964895270097
a32cafd004a910f7260f99484fa8bf0c,Cc1cccc(NC(=O)COC(=O)CN2CCCCCC2=O)c1C,0.382999986410141,0.4714085161685943,0.0293382411314682,2.016503,-10.58440113067627,0.3887514442205429,0,0,0,0.5,2.18774,0.8387554173630296
76ad095bfe28c28fc38362af157bb67e,O=C1CCN(C(=O)c2ccc3ccccc3n2)CC1,0.3260000050067901,0.5195271372795105,0.0625529252839359,1.99563,-9.606060028076172,0.17422826141119,0,0,0,0.2666666666666666,2.0399000000000003,0.7821360928022958
5ed1c5cfde05f5c6bbbcce7b5dee0402,CC(C)CC(NC(=O)OCC=Cc1cccc(Cl)c1)C(=O)NC(C=O)CC1CCNC1=O,0.6254000067710876,0.8498825430870056,0.1894247260960665,3.756416,2.888267517089844,0.3902414798736572,0,1,0,0.4782608695652174,2.7039999999999997,0.4364819094009693
bc6e1edee660dcf323111a68582c5e63,O=C1NCCn2c(-c3cccc(CO)c3)nc3cccc1c32,0.5386000275611877,0.8370254039764404,0.0880279209126125,2.396592,1.0880756378173828,0.568715387582779,0,0,0,0.1764705882352941,1.939,0.7585298463934357
bb91f4f29dc5a7ea50d5044e00c3132f,COc1cnccc1-c1cc(=O)n(C)c(N2CCOC(c3ccc(F)cc3)C2)n1,0.5126000046730042,0.6722131371498108,0.2591427659446543,3.020172,-9.69225025177002,0.8326801657676697,0,0,0,0.2857142857142857,2.5679000000000007,0.6752311727566519
a7677159308ebd1b63adfa43994f8357,O=C(CSCc1ccc([N+](=O)[O-])cc1)NN=C1CCCCCC1,0.4670999944210052,0.9162048101425172,0.1164365031502463,2.346788,-10.99417209625244,0.4007860600948333,0,1,0,0.5,3.6544000000000025,0.4883205917999054
eab178e7ad2efc276c860456644bd25c,CN(C)CCn1cc(S(=O)(=O)c2ccccc2)c2ccc(Cl)cc21,0.5476999878883362,0.9085130095481871,0.3142505044286901,2.196244,-8.973803520202637,0.551847392320633,0,0,0,0.2222222222222222,3.6891000000000025,0.6947780520321316
086415ecc8fd20afc4e6a12537d9dd19,CC(c1nc2ccccc2c(=O)n1-c1ccc(F)cc1)N(C)C(=O)Nc1ccc([N+](=O)[O-])cc1Cl,0.6279000043869019,0.9736785888671876,0.2599603831768036,2.839071,-12.085870742797852,0.7896066069602966,0,1,0,0.125,5.311300000000004,0.2977221723517759
7dab94efac78a0d96ccb24f6b0103b85,O=S(=O)(Nc1c(O)ccc2c1CCCC2C1=NCCN1)c1ccccc1,0.53329998254776,0.8859230279922485,0.0756630206649953,3.193046,-5.892173767089844,0.7258499145507813,0,1,0,0.3157894736842105,2.614600000000001,0.7207567444411547
50150c224b4be2e23890dc1db649513b,Cc1cccnc1CCNC(=O)N(C)C(C)c1ccncn1,0.3034000098705292,0.3280691504478454,0.0473508870398456,3.017378,-5.07219123840332,0.0930277250707149,0,0,0,0.375,2.12512,0.917775370702536
aa2109fa4da3bd90c572da8ec2bc524b,CCc1noc(CC)c1CC(=O)N1CC(OC)CC1c1nc(C)n[nH]1,0.413100004196167,0.2874108552932739,0.0220771169035949,4.040059,-9.55349063873291,0.1341448590159416,0,0,0,0.6470588235294118,1.7570199999999998,0.8549863801845868
82d32afd89c44573b7dfcc47d3dad85b,N#CCNC(=O)C(Cc1cccc(Cl)c1)NC(=O)C1CCCCCC1,0.5033000111579895,0.803192675113678,0.0924423489380966,2.565338,-6.351703643798828,0.3842274844646454,0,1,0,0.5263157894736842,2.977480000000001,0.6032703412972689
2755162cbf8aa740bf1967c6cdb3277c,N=C(N)NCCCCNC(=O)C(=O)c1ccc(O)cc1,0.3779999911785126,0.8045868277549744,0.1305647092786702,2.207291,10.466248512268066,0.0853524841368198,0,1,0,0.3076923076923077,-0.0456299999999999,0.1570191133746644
57c0db1f93c42ada8c70c96d1ae3c8e9,CC(N)C(=O)CCCCC(C)C(=O)O,0.3935999870300293,0.8334136009216309,0.1267727772832255,3.058702,11.814980506896973,0.0123874207958579,0,1,0,0.8,1.1837999999999995,0.6060415427665555
5045e09a5c3bedda45a2923abf2f4c20,Cc1ccc(C(Nc2ccccn2)c2c(C)[nH]c3ccccc23)cc1,0.4533999860286712,0.9669349193572998,0.4218012690544128,2.589832,-11.510642051696776,0.9388096690177916,1,0,0,0.1363636363636363,5.381240000000004,0.5280359769133557
bdb982b8e569171900ae0fadec20c865,CCS(=O)(=O)Nc1cccc(OCc2cc3ccccc3s2)c1,0.4769999980926513,0.933561146259308,0.1850644255226308,2.173478,-9.562090873718262,0.7214959859848022,0,0,0,0.1764705882352941,4.241900000000004,0.7253915083982343
f9c7675600f7011e45244ef2f3c0cd97,O=[N+]([O-])c1cc(Cl)ccc1OCc1ccccc1,0.5224000215530396,0.9703062772750854,0.2977546467022462,1.591716,-8.939098358154297,0.1450839832425117,0,1,0,0.0769230769230769,3.8272000000000017,0.6221942783327541
e71a918549dcab3a840a05ad40603d60,Nc1cc(C(CCNC2CCC(c3ccccc3)CC2)c2cnn(Cc3ccccc3)c2)c2nn[nH]c2n1,0.6970999836921692,0.9718908071517944,0.4688122299584475,3.547044,-1.1198410987854004,0.9580870389938354,0,0,0,0.3333333333333333,5.0179000000000045,0.2589751147256032
e2b1e2d829b6bf7fbbdfcca4fcce03ff,CCOP(=S)(CC)Oc1cc(Cl)c(Cl)cc1Cl,0.6653000116348267,0.9836254715919496,0.2770011777227575,3.306668,3.7037160396575928,0.2563331454992294,0,1,0,0.4,5.391500000000002,0.5313527974205619
994dc830bab9b6f3df6546012e1cbbe8,CN(Cc1ccc2nccn2c1)c1ccc(-c2ccc(-c3ccccc3Cl)cc2)o1,0.6837000250816345,0.988207221031189,0.4848764322020791,2.596036,-11.643710136413574,0.9555671215057372,0,0,0,0.08,6.551100000000005,0.3272564397822967
6b978344ef072b78bb1ee6435c8608d6,Fc1cccc(-c2nc3ccccc3c3oc(NCc4ccccc4)nc23)c1,0.5192000269889832,0.985926628112793,0.3500947071747346,2.286418,-1.9320703744888303,0.9333711504936218,0,0,0,0.0434782608695652,5.794200000000004,0.4352794549016959
a702dd3a753301ad2e3bfdd9b8be5dfa,COc1ccc(N(C)C(=O)c2cn(C3CCCCC3)c(=O)c3c2c2ccccc2n3C)cc1,0.5234000086784363,0.9091045260429382,0.326170726255937,2.519332,-1.4578176736831665,0.8337430953979492,0,0,0,0.3333333333333333,5.283600000000005,0.4309897089869155
f08f4497a948bc5cff9d789ec17cbb95,Nc1ncnc2c1ncn2C1OC(CNS(=O)(=O)NC(=O)CCCCC2SCC3NC(=O)NC32)CC1O,0.7089999914169312,0.8002710938453674,0.0989122634584253,4.704828,7.849673748016357,0.3816556692123413,0,1,0,0.65,-1.2666999999999973,0.1500752083189871
1ebee24c8e35b27d421fb9dc84dfcea3,O=S1(=O)C=C(c2ccc(C3CCCCC3)cc2)S(=O)(=O)CCC1,0.645799994468689,0.900414764881134,0.1501043885946273,3.005267,-4.128782272338867,0.2272448137402534,0,0,0,0.5294117647058824,3.266000000000002,0.8172959833391754
dd971f83c5489a5b564890b7f082190b,CC(=O)Nc1ccc(C(=O)CSc2nnc(-c3ccccc3F)n2CCc2ccccc2)cc1,0.5547000169754028,0.8603852391242981,0.165381063114513,2.150038,-10.74018383026123,0.6484202027320862,0,0,0,0.1538461538461538,5.260300000000004,0.2645040771678326
78401c161c779602cb304d2f7edb79b7,C=CCCCCP(=O)(O)OCC1COC(C)(C)O1,0.3230000138282776,0.7373515963554382,0.1732389059933749,3.801496,10.947209358215332,0.1430041031446308,0,1,0,0.8333333333333334,2.696200000000001,0.4199088605281849
5a9a921ea79b9edfac67af648394059a,COC(=O)N1CCN(C2CCC(Nc3ncnn4ccc(C(C)CC(=O)N(C)C)c34)CC2)CC1,0.481000006198883,0.3856622874736786,0.0724181880835782,3.45841,-10.477076530456545,0.8286388397216797,0,0,0,0.6666666666666666,2.4181999999999997,0.6912761573533023
184b33150cc57541c0603404f6a2a796,COc1cc(CN(C)C(=O)Nc2conc2C)sn1,0.359499990940094,0.5220972895622253,0.0173938836097394,3.299841,-11.560863494873049,0.0847648158669471,0,0,0,0.3636363636363636,2.11202,0.9285478706945745
40044ee55fd0cab5564fdc99b7c8b7c1,CCCCCCC=CC(O)C(O)C1OC(=O)CC1O,0.5684000253677368,0.9785525798797609,0.2539814588698474,3.975414,10.263976097106934,0.0699352791532874,0,1,0,0.7857142857142857,0.9111999999999998,0.3472035489355913
cbc718b35c2bb0801f70cfef60656c00,O=C1N=C(Nc2ccccc2Cl)NC1=Cc1ccc(Cl)cc1Cl,0.6348999738693237,0.9944999814033508,0.533691637895324,2.452022,-7.772753715515137,0.5016497015953064,0,1,0,0.0,4.585600000000001,0.7646210587362612
fbcc436cca18935996ea4c1ce7857f31,O=C1CC(O)CC(C=Cc2c(Cl)cc(Cl)cc2-c2ccc(Cl)cc2)O1,0.7419999837875366,0.9894179701805116,0.5759374553507025,3.323598,1.901086926460266,0.3307467043399811,0,0,0,0.2105263157894736,5.393500000000004,0.705977573052612
30b2d1c4d893b7c41293771b0f5a1a21,O=C1c2ccccc2C(Nc2ccc(S(=O)(=O)N3CCOCC3)cc2)N1c1cccnc1,0.5195000171661377,0.6451483964920044,0.0650619815357706,2.867949,-10.015528678894045,0.7390480875968933,0,0,0,0.217391304347826,2.8736000000000015,0.6427844323923549
0bf2d0fa20823b9f98de3f24a407d74c,Cc1nc(C(NC(=O)CN(C)C(C)C)c2ccccc2F)no1,0.3395000100135803,0.302637368440628,0.1057269646024162,3.063377,-6.689296722412109,0.1468506954610347,0,0,0,0.4375,2.0629199999999996,0.8819749874860525
d02dcb1edd5bdda794e8e699c3e80ee8,CC1CN(CCCN2CCCC2=O)CCN1c1ccc2nncn2n1,0.4065000116825104,0.3834826052188873,0.0678470841693607,3.186038,-1.5287503004074097,0.6002550542354583,0,0,0,0.6470588235294118,0.6473,0.7938092328766266
f6cc68057d1077a42e16049bf379837d,O=C(CCc1nc(C2=CCN(Cc3ccc(Cl)cc3)CC2)no1)N1CCc2ccccc2C1,0.5033000111579895,0.8437975645065308,0.2241547595370899,2.538987,-7.078051567077637,0.9328311681747437,0,0,0,0.3461538461538461,4.529800000000004,0.5382141321971187
96e9947ebba0146e05793de56266ed01,Cn1nnc2c1C(COCC1CC1)CN(C(=O)Cc1ccccn1)C2,0.39410001039505,0.2114185988903045,0.039022569026036,3.519624,-8.959149360656738,0.1218200363218784,0,0,0,0.5555555555555556,1.305199999999999,0.7918839849044349
7fa284e7541f96de887e49e54cb1fc17,Cc1nc(C(=O)N2CCC(C)C2c2nc3c(CO)cccc3[nH]2)c(-c2cccc(Cl)c2)s1,0.6516000032424927,0.9584538340568542,0.1945281326770782,3.57624,-4.508082389831543,0.9146391391754152,0,0,0,0.2916666666666667,5.363820000000004,0.4236188360578876
995e6eafe574caa2958c4f8155b53bbe,COc1cc(-c2cccc(-c3ccc4c(c3)OCCO4)c2Cl)ccc1CN1CCCC1C(=O)NO,0.7117000222206116,0.9281635880470276,0.4482699334621429,3.023396,5.472687721252441,0.9410507798194884,0,1,0,0.2962962962962963,4.923600000000004,0.3736628613549017
faf46b42b0ccc0d1374471b36ad3d9e5,COCc1noc(CCNC(=O)C(O)c2ccccc2Cl)n1,0.4571999907493591,0.6111626029014587,0.0605524263598702,2.829052,-6.763491153717041,0.0425818935036659,0,0,0,0.3571428571428571,1.2616999999999996,0.795111796844156
91ee96006b743eda74a3dceceaa7fb14,CC(=O)Nc1ccn(Cc2c(F)cccc2Cl)n1,0.4790000021457672,0.7376250624656677,0.1408551826395771,2.1179,-3.142416000366211,0.1188863188028335,0,0,0,0.1666666666666666,2.682300000000001,0.929366194813388
a39fd53598222f72a3121e0a09372ded,O=c1[nH]c(CCl)nc2sc3c(c12)CCCC3,0.4417000114917755,0.8461228609085083,0.0767510318281975,2.514095,-6.364474773406982,0.2221687071025371,0,1,0,0.4545454545454545,2.6022000000000007,0.7954693898842562
c792cc347edfc797c15bbea3c2ade74c,CC(=O)Nc1nc(C)c(-c2nc(CCC(C)(C)O)no2)s1,0.3418000042438507,0.6744183897972107,0.0927955135703086,2.714172,1.69362473487854,0.1360686302185058,0,0,0,0.5384615384615384,2.16342,0.8772924414840649
cc4f4d51a02003b7c747c8c35003ed37,O=C(Nc1ncc(C(O)(C(F)(F)F)C(F)(F)F)s1)c1ccccc1,0.708299994468689,0.985114336013794,0.2027248327027667,2.484975,-2.308952569961548,0.5905218005180359,0,0,0,0.2307692307692307,3.707600000000001,0.8101531642730416
e0780e7bffa1ddbf41a0c2f433899021,Cn1c(C(=O)c2cccc3ccccc23)nc2ccccc21,0.4253000020980835,0.957297384738922,0.1873812898993492,1.987151,-8.856035232543945,0.819436252117157,0,0,0,0.0526315789473684,3.9575000000000022,0.5227803863244126
5d729b397e415212ada6378986b5ec3e,Oc1ccccc1CNc1ccc(Oc2ccc(Cl)cc2O)c(Cl)c1,0.7809000015258789,0.9990682005882264,0.4714404236186634,2.065612,-5.238444805145264,0.8437714576721191,1,0,1,0.0526315789473684,5.809000000000005,0.5260088188130306
ec22496e0320bb5f6bfd6f37c00e4b7b,Cc1cccc(CCNCc2cccc(COc3nn4c(C(F)(F)F)nnc4c4ccccc34)n2)c1,0.6444000005722046,0.9879013895988464,0.2565954219211231,2.745246,-10.76287078857422,0.9624777555465698,0,1,0,0.2307692307692307,4.911020000000003,0.3103289151866233
710cccb708a510b1a97f0e0f0fa899c2,O=C1C=C(c2ccccc2O)C(=O)c2ccccc21,0.4794000089168548,0.99715256690979,0.5030757337808609,2.121941,11.817546844482422,0.3933847680687904,1,0,0,0.0,2.854800000000001,0.8462416896565778
3f4a4e50daecf65fb4b2e90b5ed17862,CCCc1cc(C(=O)N2CCCC(C(=O)c3cc(C)c(OC)c(C)c3)C2)n(C)n1,0.5228000283241272,0.3987980484962463,0.0756316946988756,2.943152,-7.092246055603027,0.5807513296604156,0,0,0,0.5217391304347826,3.7331400000000032,0.6968762875984533
ce405670bffb9f237ffe6257a1348e5f,CC(=O)OC(Cc1ccc(O)cc1)C(=O)NC(CCc1ccc(O)cc1)C(=O)N1CC(C)CC1C(=O)NC(C=O)CCCN=C(N)N,0.723800003528595,0.9538276791572572,0.1712055619467388,4.306799,12.827733993530272,0.4627920806407928,0,1,0,0.4545454545454545,0.6639000000000035,0.0488151373549395
58034ee53de7db0a3047de84c2a8ac91,C[S+]([O-])C=Cn1cnc(-c2cccc(Cl)c2)n1,0.4652000069618225,0.9197745323181152,0.1094400332393971,3.928568,-9.687454223632812,0.0285000022500753,0,1,0,0.0909090909090909,2.4052,0.8027070561967377
155339a845a45e52c987dd44d6d15cd4,Clc1ccc(Oc2ccc(N3CCNCC3)cc2)cc1,0.5856999754905701,0.975665807723999,0.4992212626067074,1.759874,-2.6870534420013428,0.8291170120239257,0,0,0,0.25,3.5419000000000027,0.9347951087023372
b03ce23c7e9e68897dbef0d0f31bc342,CCCCc1ccc(NC(=S)NN2CCN(C)CC2)cc1,0.4733000099658966,0.8986629247665405,0.2120888178998773,2.15658,-8.606894493103027,0.8940183162689209,0,1,0,0.5625,2.4780000000000006,0.8162738947689524
c050cc8b8a278332ad382813ecbcf1e3,O=C1Cc2ccc(F)cc2CC1C1=Cc2ccc(F)cc2CC1,0.598800003528595,0.9806917309761048,0.3370292985981161,3.239233,-4.140867710113525,0.6487368226051331,0,0,0,0.25,4.278500000000003,0.76820681190413
852b349db7e9b5902f0241bde6501d09,CCOc1ccccc1-c1nc(CNCCc2cccc(OC)c2)co1,0.5235000252723694,0.8972676992416382,0.2552236047658053,2.131801,-9.381255149841309,0.9340750455856324,0,1,0,0.2857142857142857,4.081200000000003,0.5881470768421936
6b9d9bd2d12d786c64313663f5a71f54,COc1ccc(C(Cl)=CC=C(C#N)C(=O)c2c(C)[nH]c3ccccc23)cc1OC,0.572700023651123,0.9860210418701172,0.5488517176021229,2.659658,-7.6989545822143555,0.8535796523094177,0,1,0,0.1304347826086956,5.406100000000005,0.2569660556248389
b6ce558b6e2bf175ab0526d959a2958b,Cc1ccc(N=Cc2sc(O)c3ccccc23)c(C)c1,0.4679000079631805,0.9916804432868958,0.2257960553873669,2.754273,-8.346179008483887,0.5087521612644196,0,1,0,0.1176470588235294,4.974340000000003,0.6604832554999845
3a5e32563c91051dce91be1432f397a3,COc1ccc(S(=O)(=O)NCc2cc(=O)n(C)c(=O)n2C)cc1F,0.4632999897003174,0.5202559232711792,0.0407203780063851,2.335127,-8.286734580993652,0.1560899794101715,0,0,0,0.2857142857142857,-0.2898000000000007,0.7927600226229435
4ebbed41da1a9495875af118acc0f212,CSc1nc(O)c(Nc2ccc(C)c(C)c2)c(O)n1,0.5343000292778015,0.9833386540412904,0.1497463021766055,2.541585,-10.994037628173828,0.1421111963689327,0,0,0,0.2307692307692307,2.970140000000001,0.5911143971184345
2c8b785a9a6ac410ad3e7c3253301bbc,Cc1ccoc1C(=O)Nc1cccc(C#Cc2cncc(C(=O)N=S3(=O)CCN(C(=O)NCCC(=O)O)CC3)c2)c1,0.5375999808311462,0.7134227752685547,0.1101008948277343,3.361608,-4.889949321746826,0.2631331354379654,0,1,0,0.25,2.7432200000000018,0.3754265304273738
e30c5d2e703bb37be561a6e8079d87da,Cc1cnc(C(C)CNC(=O)NC2CCN(C3CCCC3)C2)s1,0.4447000026702881,0.3165696561336517,0.0760043705390258,3.380135,-0.7080661058425903,0.5753231942653656,0,0,0,0.7647058823529411,2.8711200000000003,0.869148970656809
9f646776494e72acf8a412dee9bd0c44,CC(=O)NC1c2ccccc2OC(C)(C)C1O,0.3255999982357025,0.6799538731575012,0.1280677775767716,3.021259,-5.769093990325928,0.0416928922757506,0,0,0,0.4615384615384615,1.3957,0.7731250198209366
cf5eee4764e086c496eaead2c33f6b0d,O=C(OCc1cccnc1)N1CCC(S(=O)(=O)Cc2ccccc2)CC1,0.4235000014305115,0.4052905738353729,0.0714613148434595,2.253255,-11.44682502746582,0.5712310373783112,0,0,0,0.3684210526315789,2.797600000000001,0.8042663071246313
2726f72b015c7efa20557733c00b5823,Cc1ccc2c(=O)nc(N(C)c3ccc(Cl)cc3)sc2n1,0.4884999990463257,0.9296454191207886,0.200860034674406,2.404061,-10.441787719726562,0.2882938548922539,0,0,0,0.1333333333333333,3.781220000000002,0.7213087711437806
cd35048e7feaf0aca14e04734bf7f6f9,OCCCNc1nnc(NCCCO)c2cc3ccccc3cc12,0.4293000102043152,0.7924661040306091,0.3083683868700808,2.44387,-10.360902786254885,0.7480622887611389,0,1,0,0.3333333333333333,2.3716,0.3752601774862958
7501ff10ebd7ddc9c701cbdf14d36aec,COc1ccc(N(C(=O)Nc2ccc(F)cc2)C(C)c2nc3cc(F)c(F)cc3c(=O)n2N2CCN(C)CC2)c(OC)c1,0.6116999983787537,0.9059807062149048,0.4802983972159299,3.394597,-8.69338321685791,0.9323845148086548,0,0,0,0.3,4.5141000000000036,0.3357256531040089
fcc6dfc5b50ef690ba0648dda60fee67,O=C(NC1CCN(Cc2ccccc2)C1)c1ccc(-c2cccc3nc(NC(=O)C4CC4)nn23)cc1,0.590399980545044,0.8941443562507629,0.195254775610837,2.835525,7.150583267211914,0.8545151710510254,0,0,0,0.2857142857142857,3.749100000000002,0.4204474077676469
801ab8c7698a7cd4bfe1966ed4a9d4b0,CC(=O)OCC1OC(CC=NOC(C)CN2CCCCc3nc(C)c(C)cc32)C=CC1OC(C)=O,0.5289000272750854,0.8225167989730835,0.1561488624323498,4.582444,4.05002498626709,0.7761774301528931,0,1,0,0.6153846153846154,3.440540000000002,0.226062377206818
693b7a676721e968810d3ef45f4781dc,Cc1cc(C)c2[nH]c(C)c(CC(=O)NCc3nnc(C)o3)c2c1,0.3643999993801117,0.8092672228813171,0.0975896585732698,2.540727,-11.618611335754396,0.1394934803247451,1,0,0,0.3529411764705882,2.643480000000001,0.7754559681107325
76ac16dcfe975981d543782bf3a57302,O=C1OCC(c2ccccc2)N1CCCCCCN1CC(O)C(O)C(O)C1CO,0.5336999893188477,0.866178035736084,0.1030754765326326,3.88383,8.617342948913574,0.8090232849121094,0,1,0,0.6666666666666666,0.4994999999999999,0.4401351363584651
f1ef78a0eed20b0ceca7f394cebdc260,Cc1cc(Cl)ccc1Oc1coc(C=Cc2ccc[nH]2)cc1=O,0.6108999848365784,0.9764075875282288,0.3735379427671432,2.909192,-6.061985492706299,0.442217606306076,0,0,0,0.0555555555555555,4.892420000000004,0.7416866586842291
0678375c3e85e642c7273f8a50603ce8,COc1cc(-c2cc3nn(C)cc3c(OC(C)C3CNC(=O)C3)n2)ccc1OC(C)C,0.5192000269889832,0.8458976745605469,0.2138031125068664,3.668789,-8.97936725616455,0.628019380569458,0,0,0,0.4347826086956521,3.334500000000002,0.6259949497406363
0a01de3760c2cfa34604d487a42273ee,CP(C)(=O)c1cccc2c(-c3nc(NCC4CCCN4)nc4ccsc34)c[nH]c12,0.6297000050544739,0.971677541732788,0.5316612436012789,3.728417,6.246814727783203,0.9069361567497254,0,1,0,0.3333333333333333,4.251500000000002,0.416542786630279
568fab9007a62ddfdeb45d5b7c2eefba,Cc1ccc(-c2nc(C3CCCC3)nc3c2CCNCC3)cc1,0.4762000143527984,0.9252969622612,0.1870900047096339,2.423902,-0.9020287990570068,0.7086845397949219,0,0,0,0.5,3.7978200000000024,0.9168401524603096
21652bd2ccc4bd950e95be8ff98e78a1,COc1cc(-c2c3c(c(O)c4cc5c(cc24)OCO5)COC3=O)cc(OC)c1OC,0.6194999814033508,0.9705021381378174,0.4431831484491175,2.726643,11.163134574890137,0.7452313780784607,0,0,0,0.2272727272727272,3.6373000000000024,0.6520636399846877
7455ad838451f4f63b33c67ebe8f6edd,CC1CCCN(C(=O)Cn2cc(I)cn2)C1,0.366100013256073,0.2817039787769317,0.0889337338845838,2.847273,-9.775067329406738,0.1297582536935806,0,1,0,0.6363636363636364,1.7462000000000002,0.773668521798026
7e0aac16150449b83a103f01f552db99,NC(=O)c1n[nH]c(-n2cc(C3(O)CCCCC3)nn2)n1,0.3174999952316284,0.5277694463729858,0.0529513432940637,3.391446,-5.599769592285156,0.0360099148005247,0,0,0,0.5454545454545454,-0.3640000000000014,0.7003059055024443
b86860244572b409531ac04bbebbf7ef,Cc1nc(N)ccc1CNC(=O)C(C)NC(=O)C1CC(Cc2nc3cc(Cl)ccc3s2)CN1,0.7199000120162964,0.9224408864974976,0.2078509913249449,3.748859,5.526616096496582,0.6915208458900451,0,0,0,0.391304347826087,2.57702,0.4068977949016134
4ad65c1a330ea42e7aac6eb5b28b4750,O=C1c2ccccc2C(=O)c2c(O)ccc(O)c21,0.534500002861023,0.9969101548194884,0.3883977396921678,1.978663,9.200934410095217,0.2399124376475811,1,1,0,0.0,1.8732,0.5881110894792267
38c07de5f337070eba90a04fc6c37e2b,C1=C(c2ccccc2)SC(N2CCCCC2)S1,0.5282999873161316,0.9125321507453918,0.4506193385882811,3.305595,-2.9599878787994385,0.7391058206558228,0,0,0,0.4285714285714285,4.234500000000003,0.7856854104803225
9d8ddf89796f724e26996948f88e38e8,O=C(OC1C[N+]2(CCCn3cccc3)CCC1CC2)C(O)(c1cccs1)c1cccs1,0.5723999738693237,0.8433354496955872,0.2145383761010386,4.526077,1.4474948644638062,0.8862446784973145,0,1,0,0.4583333333333333,4.089500000000003,0.4094912049670905
889cf3e6d09d3321b0ef0eaa9562ec78,CCN1CCCC1CN(Cc1ccon1)CC1CCN(CCOC)CC1,0.4068000018596649,0.4278045892715454,0.1350187876113605,3.163795,-10.46392059326172,0.9438086748123168,0,0,0,0.85,2.3193,0.6348668779282421
d6a270000c8522de3a160bda952bc490,CCOC(=O)C(=O)c1cc(-c2ccc(S(C)(=O)=O)cc2)n(-c2ccc(F)cc2)c1C,0.5760999917984009,0.9551703929901124,0.1805155602368441,2.293082,6.647848606109619,0.4124519824981689,1,1,0,0.1818181818181818,3.741120000000003,0.3386891303308071
e9f2a2a101a5bc2bf5eb2c0ff7c28b30,CSc1nnc(-c2cc(C)on2)n1-c1ccccc1,0.2415000051259994,0.6580445766448975,0.0378678144479636,2.258505,-11.670733451843262,0.0341329199261963,0,0,0,0.1538461538461538,2.952620000000002,0.6860274988764473
7cde59ae2dbc133c6b4af4bf1a2da62e,Cn1c(NCc2ccccc2F)c(C#N)c2c(N)ncnc21,0.5090000033378601,0.9139727354049684,0.2289455353536389,2.597315,-2.480945348739624,0.842387318611145,0,0,0,0.1333333333333333,2.17338,0.7724083617237583
64127580f84495bf37038e2797bac3f7,Cc1nn2c3c(nc2s1)CCN(C(=O)COc1ccc(C(F)(F)F)cc1Cl)C3c1cnc(N(C)C)s1,0.6686000227928162,0.9559147357940674,0.2801308211955157,3.742293,-7.969103813171387,0.8290156245231628,0,0,0,0.3636363636363636,4.847020000000004,0.349852162001717
bc4b9866cac76692d302f243fe513a52,O=C(NCc1nccc(C(F)F)n1)C(c1ccccc1)N1CCCCC1=O,0.5026000142097473,0.3266823589801788,0.1255987186662175,3.069942,-10.71932888031006,0.3231608748435974,0,0,0,0.3684210526315789,2.7842,0.8437113443797809
1a0912b0f6c1e605b0234544516f27c5,Cc1nc2ccccc2c(C)c1CC(=O)N1Cc2ccccc2CC1C(N)=O,0.4063000082969665,0.7462599873542786,0.0980125706304203,2.744513,-8.996264457702637,0.5769511818885803,0,0,0,0.2608695652173913,2.83294,0.7669333564036019
a450736ee5998851b0763ed54cc28279,NC(=O)c1c(-c2ccc(NCC3CCCCC3)cc2)[nH]c(C(=O)c2c(F)cccc2F)c1N,0.7080000042915344,0.9859290719032288,0.5633416338400408,2.683082,-7.720871925354004,0.8389863252639771,0,0,0,0.28,4.864200000000004,0.3832246628229928
74e75783ecec2085955bd8bd0dbafe47,CC1=NN(C(C#N)c2ccc(F)cc2)C(C)(C)C1,0.3628999888896942,0.7523031830787659,0.0600449904389341,3.36974,-10.187905311584473,0.3952387779951095,0,0,0,0.4285714285714285,3.250580000000002,0.8019180122716346
c30bb594d5ca0210e205928b9768d685,Cc1ccc(CC(=O)c2ccc(Cl)cc2)cc1,0.4891000092029571,0.9535503387451172,0.0997394721277735,1.439403,-8.119400978088379,0.1020121589303016,0,0,0,0.1333333333333333,4.073820000000003,0.7440807557319005
09d306d08ea0ccd8032d9565508342ed,CN1CC2CC1C(=O)NCC1OC(CCOc3cc(-c4ccccc4)ccc3C(=O)N2)CCC1O,0.560699999332428,0.8399674892425537,0.1521157635883851,5.714215,4.350382328033447,0.4515924394130707,0,0,0,0.4814814814814814,1.9633,0.5784129732353911
0e2e81123dbf4e03ba23f41145701159,CC(C)CCCN(Cc1ccco1)c1nc(N2CCOCC2)nc(N2CCOCC2)n1,0.5356000065803528,0.8037787675857544,0.2208462608131495,2.726668,-5.655134201049805,0.8091634631156921,0,0,0,0.6818181818181818,2.5806000000000004,0.5961455604254101
49aaefd857b58b3d3335681c9b66b854,O=C(Cn1c(=O)nc2n1C(=O)N(c1ccccc1)C2)NC1CCCCC1,0.489300012588501,0.612870454788208,0.0851349962705915,2.604796,-8.340414047241211,0.0543793400749564,0,0,0,0.4444444444444444,1.481999999999999,0.8996010963157797
437558c8cc7fef37157312540ed1e566,O=C(C(=O)N1CCN(C(=O)c2ccccc2)CC1)c1c[nH]c2cc(C(F)(F)F)ccc12,0.632099986076355,0.8950579166412354,0.1335068846290761,2.29105,-9.1207857131958,0.7991243243217468,0,1,0,0.2272727272727272,3.354000000000002,0.5127237045737386
332bcf13946b60e30412f05b17b5d759,Cc1cc(C)n(-c2ccc(Oc3ccccc3)c(S(=O)(=O)O)c2)n1,0.4878000020980835,0.9218071699142456,0.2029517441987991,2.125199,-9.11762523651123,0.2168039195239544,0,1,0,0.1176470588235294,3.5281400000000023,0.7323375724650574
d86b21da8801795a591f0c46e7689e1e,CCOc1cc(=O)n(C)cc1-c1cnn(-c2cc(OC3CC3)ccc2C#N)c1,0.5993000268936157,0.886589765548706,0.2447018352421847,2.81197,-3.8067243099212646,0.5368565082550049,0,0,0,0.2857142857142857,3.0495800000000015,0.6603455326047144
2d320b1b64862b52837282630c42d92b,CCOCC(=O)N1CCN(C(=O)C2CCCC2)CC1,0.3301999866962433,0.2368160039186477,0.022353596973434,1.963372,-12.179563522338867,0.1704126738011837,0,0,0,0.8571428571428571,0.8838999999999992,0.7604212257373509
4d56ad51878a68f21b283afe86732d33,CCN(CC)C(=O)COC(=O)c1c(C)nsc1N,0.3709999918937683,0.5302905440330505,0.0597000369399955,2.517828,-7.618819236755371,0.0667420342564582,0,0,0,0.5454545454545454,1.05892,0.8092313298636715
8f78fac4ca0234e4247d53d44ffa162c,O=C(O)c1cccc(NC(=O)C2CCCCC2C(F)(F)F)c1,0.5637999773025513,0.8678544163703918,0.0688335178419947,2.847914,-9.226970672607422,0.0899708352982997,0,0,0,0.4666666666666667,3.692000000000003,0.8936840034975959
5d6d70b8067d7d59f4611da3c3c87660,CS(=O)(=O)c1cccc(Cn2cnc3cccc(NC(=O)c4cc(Cl)c(O)c(Cl)c4)c3c2=O)c1,0.5820000171661377,0.9721989631652832,0.2131858996369622,2.48848,-4.014499187469482,0.7598092555999756,0,0,0,0.0869565217391304,4.113000000000002,0.410672619624902
b40b9c6fd2a71e827810518509315d17,C=CCCC(=O)NCc1cn(-c2ccncc2)nn1,0.2842999994754791,0.2942741811275482,0.0370253417058847,2.451865,-6.256049156188965,0.0258521163836121,0,1,0,0.2307692307692307,1.2447,0.79026309840626
ef7a719a87d8c8fac49cd408b482f135,O=C1Nc2c(Cl)cc3nc(COC4CCOCC4)oc3c2C2(CCCCC2)N1,0.6313999891281128,0.7872832417488098,0.2738633406433192,3.655173,1.241689682006836,0.3022339791059494,0,0,0,0.6,4.471300000000003,0.7862644158638887
fcc79342a433e1eae173ae6ac437d9aa,COCc1cccc2c(C3=C(c4coc5cc(CO)ccc45)C(=O)NC3=O)cn(C)c12,0.6449000239372253,0.9626710414886476,0.3177397047931498,2.891702,4.5420074462890625,0.7133304595947265,0,1,0,0.1666666666666666,3.1304000000000025,0.4877567981578301
ed662a8d66b2e0348e4ec0d069966da9,Cc1cccc(Oc2c(-c3ccc(S(C)(=O)=O)cc3)oc(C)cc2=O)c1,0.5356000065803528,0.957610547542572,0.1764353202147917,2.284564,-2.892864465713501,0.5693135797977448,0,0,0,0.15,4.1194400000000035,0.6906045015850948
840e1bd522684a2e6d9c3664b12567d4,O=C(C=Cc1ccccc1Cl)C1C(c2ccccc2Cl)C2CSCN2C12C(=O)Nc1ccccc12,0.732200026512146,0.9930367469787598,0.5861216620965437,4.448709,-9.15835666656494,0.8356285691261292,0,1,0,0.2142857142857142,6.211800000000006,0.4149890712551514
428543c3f312083519a6b1bc40f01fbf,CCCCCCCCOc1cccc(CC2CN=C(N)N=C2N)c1,0.6931999921798706,0.9875645637512208,0.3208622221242297,3.160094,11.426199913024902,0.8844909906387329,0,1,0,0.5789473684210527,3.2701,0.6455468003260296
4418a8aa37c38aea3b7d9d79eb25ed3a,Cc1cccc2c1nc(N)c1ncn(CC(C)C)c12,0.4848999977111816,0.9230592250823976,0.1970457780090245,2.403702,-1.6798442602157593,0.834399425983429,0,0,1,0.3333333333333333,3.131120000000002,0.7640126228397073
a016acd827eed91be31a860c4410f5fe,Cc1ccccc1C(=O)Nc1sc(-c2ccccc2)c(C)c1C(=O)N1CCOCC1,0.5285000205039978,0.7832023501396179,0.1788723922588608,2.194513,-9.5425386428833,0.749043095111847,0,0,0,0.25,4.756640000000005,0.6622398025715615
9515fb1d3e92cf0568d4d7f703779402,Clc1ccc2c(ccn2CCc2c[nH]c3ccccc23)c1,0.609499990940094,0.9923586845397948,0.4658597260713577,2.052418,2.6356122493743896,0.7015938520431518,0,0,0,0.1111111111111111,5.0187000000000035,0.5476421270334655
e8a70d3fd8d49de6ea8a1ab867b6caa5,CC1CCN(Cc2ccncc2)CCN1Cc1ccccc1,0.3519999980926513,0.7406567335128784,0.1770622129128738,2.333002,-10.479843139648438,0.9688504457473754,0,0,0,0.4210526315789473,3.1780000000000017,0.8634065260224788
5de4441e3743f380a169dca346fdaf50,O=C(c1cc(N2CCNC2=O)ccc1Cl)N1CCNCC1,0.3889000117778778,0.4170737862586975,0.0560343709181655,2.316581,-5.2624969482421875,0.292202478647232,0,0,0,0.4285714285714285,0.915,0.8535718404566633
e880c546a00773db33135c8b914923e6,CCOCCCn1c(=N)c(C(=O)NCC2CCCO2)cc2c(=O)n3cccc(C)c3nc21,0.4469999969005584,0.6512266397476196,0.1670000146735798,3.20098,-2.4249019622802734,0.9070821046829224,0,1,0,0.4782608695652174,1.7724900000000008,0.4105632502562134
a65687c22b4477d0763743f3a7eb1e3f,CC1(C)C(C#N)C1(C#N)C(=O)Nc1ccccc1F,0.4512999951839447,0.8522772789001465,0.0947172355584122,3.624879,-8.483663558959961,0.1146371968090534,0,0,0,0.3571428571428571,2.45376,0.8835543015261014
978486009fc6b16db7c9928c2cc7a304,COc1cc(OC)c(-c2coc3cc(OCc4ccccc4C#N)ccc3c2=O)cc1OC,0.5199999809265137,0.8399409055709839,0.351417219096964,2.402121,8.72206974029541,0.9293026804924012,0,0,0,0.1538461538461538,4.936480000000005,0.3996407031693733
a51a20432299fbbb775b18cb903e63be,C[n+]1c2c(c(N)c3ccccc31)C(=O)C(=Cc1cccc(Cl)c1)CC2,0.7142000198364258,0.9926623702049256,0.634901610287753,2.877874,-10.516661643981934,0.7897656559944153,1,1,0,0.1428571428571428,4.112400000000003,0.5305104496331509
cc15b38269379c4dd61e0735563f4b27,CN1CCN(C2=Nc3ccc(Cl)cc3Oc3cc(F)ccc32)CC1,0.5809000134468079,0.9128258228302002,0.3135031813924963,2.450497,-2.5135750770568848,0.9636013865470886,0,0,0,0.2777777777777778,3.9105000000000034,0.7243262825781778
8f42850a5cb7b5741b89fe258e477622,COc1cccc(-n2c(C)cc(C(=O)CSc3ncc(C#N)c(N)n3)c2C)c1,0.5540000200271606,0.9566748142242432,0.3929805511778051,2.500444,-10.146435737609863,0.6737966775894165,1,0,0,0.2,3.321620000000001,0.3887641801522823
a99f3683f7c131427d571ec3e5761cac,COC(=O)CCCCS(C)(=O)=NC(=O)c1cnc(N)c(C#Cc2cccc(NC(=O)c3ccc(OC)c(OC)c3)c2)c1,0.5981000065803528,0.9287999868392944,0.2794585214419798,3.485187,2.0789530277252197,0.9274538278579711,0,1,0,0.2666666666666666,3.914400000000003,0.2021062428841023
c7eb8f9abdb3dd3afb53bc17b0656f93,CCCCCCCOc1cccc2c1cnc1ncnn12,0.4990000128746032,0.8970601558685303,0.268602806058797,2.308103,1.4274712800979614,0.4844722867012024,0,1,0,0.4375,3.6267000000000023,0.6216643961943821
eb0e5f1bbd5ea95eb2b283bc4b04e2cd,CCNC(=O)OCc1c(COC(=O)NCC)c2sc3ccccc3n2c1-c1ccc(Cl)cc1,0.6628999710083008,0.9689741730690002,0.1835305267436937,2.817504,-9.389050483703612,0.7534002900123596,0,0,0,0.25,5.966600000000005,0.3378236410728115
24f2d39c59d77c00f1a90c35daa9425c,CNC(=O)CC1CCN(C(=O)CCC(F)(F)F)C1,0.4097000062465668,0.3666849732398987,0.0316854888806119,2.819551,-10.562651634216309,0.1832927271723747,0,0,0,0.8181818181818182,1.3134999999999997,0.8338159026648875
52468d3a7690563d514f3edb9631ed4c,CCOc1cccc(-c2cc(C#N)ccc2CN(Cc2cncn2Cc2ccc(C#N)cc2)C(C)=O)c1,0.598800003528595,0.9741116762161256,0.1902288381348956,2.708522,-1.1424705982208252,0.9554239988327028,0,0,0,0.2,5.289160000000004,0.3183835152498637
52b23cd54b4989861bb1ac8259e2b053,CN1N=C(C(=O)NC2CCN(CC3CCCCC3)CC2)CCC1=O,0.4171000123023987,0.2263368815183639,0.1056952476501464,2.456106,-10.574166297912598,0.7039804220199585,0,0,0,0.8333333333333334,1.755499999999999,0.8518051145192599
a87323fcb12b96b55fcc62792c68fb38,COc1ccc(NC(=O)Nc2nnc(-c3ccco3)s2)cc1,0.4129999876022339,0.8099144101142883,0.1877692172473127,2.059856,-8.076495170593262,0.1532920911908149,0,0,0,0.0714285714285714,3.450700000000001,0.7692136612735159
d0a05a81441b75efb5e1ee4c3917d4cd,CCC(C)C(N)C(=O)NC(Cc1cnc[nH]1)C(=O)O,0.4111000001430511,0.7812692523002625,0.1895165951414541,3.199397,3.13077449798584,0.0058397380169481,0,0,0,0.5833333333333334,-0.1049999999999984,0.5497299646649149
55e3114e1c2a3558b6af5b94db3c0ffe,CC(=O)c1nc2cc(Cl)ccc2n1C,0.3745999932289123,0.869323194026947,0.0623674422756514,2.196445,-7.320343971252441,0.1056617841124534,0,0,0,0.2,2.4293000000000005,0.6750603538124729
7c52c4f6b23db611e046d70a4ace85b9,COc1ccc(CSc2cc(N)nc(N)n2)cc1,0.5630999803543091,0.968994677066803,0.1727613061666488,2.186815,-7.29001522064209,0.1461563400924205,0,0,0,0.1666666666666666,1.9418999999999995,0.6465127338106293
28cd944076a6bf2fa1e3a29daa1a04dd,CC(CO)NC(=O)c1nc(OCC2CC2)nc(N2CCC(c3c[nH]c4ncccc34)CC2)n1,0.642799973487854,0.8616148233413696,0.2040477225726301,3.391805,-6.696437358856201,0.8409507513046265,0,0,0,0.5217391304347826,2.031299999999999,0.4744576997806896
9134e29e7b2e13733dda6cc9ecd404ee,CC(OC(=O)CCNC1=NS(=O)(=O)c2ccccc21)C(=O)Nc1ccc(F)cc1Cl,0.5652999877929688,0.8000368475914001,0.1557750410654328,2.884069,-12.097594261169434,0.7083063364028931,0,0,0,0.2105263157894736,2.4781000000000004,0.649361105721834
364ba93003d4dff069f433a833fe16bf,CCOC(=O)C1=C(Nc2cccc(Cl)c2)SC(=Cc2ccc(C)cc2)C1=O,0.6234999895095825,0.9951499104499816,0.2835444509983063,2.326404,-5.070807456970215,0.3241696506738662,0,1,0,0.1428571428571428,5.192020000000004,0.4255505774028491
4539ebb9e3de200ccae78bc1097961a0,COc1ccc2nc(C3CC3)c(C=CC3CC(O)CC(=O)O3)c(Sc3ccc(C(C)C)cc3)c2c1,0.7285000085830688,0.9909996390342712,0.5898958363316276,3.685458,6.3040080070495605,0.533563619852066,0,0,0,0.3793103448275862,6.4751000000000065,0.3834541503287009
ef0a2152a355e8f05cc5215afa6e1e59,CCCCN1C(=O)C(=Cc2ccc(N3CCCCCC3)cc2)C(=O)NC1=S,0.6254000067710876,0.9342827796936036,0.3005077378316359,2.319682,-6.778787612915039,0.6549103796482086,1,1,0,0.4761904761904761,3.493800000000002,0.4788688451267218
df43c5217a20dd9cf19bdf9a17665d0d,Cc1ccccc1N=C(S)NCCO,0.2531999945640564,0.6809768080711365,0.0765965160998431,2.659484,-6.536635398864746,0.2233945563435554,0,1,0,0.3,1.49422,0.4019495566657499
ea5f50e182973f3886e003edfc57f389,CC(C)c1n[nH]c2c(=O)[nH]c(-c3cscn3)nc12,0.4966000020503998,0.8740710020065308,0.1358435670421882,3.23457,-0.2785492241382599,0.3103053197264671,0,0,0,0.2727272727272727,1.8931,0.7370857517587142
25fcbaf587c0ce7d3c78124c68d4aae3,Cc1c[nH]c(CN(C)C(=O)c2c(C)noc2C)n1,0.3077999949455261,0.3553978502750397,0.0252726537291891,3.039868,-9.086384773254396,0.0842534992843866,0,0,0,0.4166666666666667,1.59516,0.8946864574969743
10532c80bccbd932d2c1376c1e4ad01d,COCCN(Cc1ccco1)c1ncc(C#N)cc1Cl,0.4117000102996826,0.8478453159332275,0.1530412489717657,2.575689,-8.822868347167969,0.4023875951766967,0,0,0,0.2857142857142857,2.852680000000001,0.8187311570834617
3bccf6e1b2373f9244f87a246bd52e23,Cc1snnc1C(=O)NC(=S)Nc1ccccc1,0.4203000068664551,0.9116870760917664,0.0604890770125414,2.293138,-7.698470115661621,0.1393908470869064,0,1,0,0.0909090909090909,1.9733199999999995,0.8221795653528737
eb8fa284e018ad86df9b198f9870948c,CCCCCCOc1ccc(CCNc2ncnc3ccc(N)cc23)cc1,0.6621999740600586,0.991763949394226,0.5754992013627832,2.10911,-6.903413772583008,0.966280210018158,0,1,0,0.3636363636363636,4.825700000000003,0.3982391915341166
2a944f011c87669a9ff2ad8792270d5e,Cc1nnc2n1-c1sc(C#CC3CCNCC3)c(Cc3ccccc3)c1COC2,0.5855000019073486,0.7732585668563843,0.1548802398822524,3.417926,1.9801149368286133,0.4224801689386367,0,1,0,0.391304347826087,3.609320000000003,0.6632327212450999
325a20dd0faae2d7fbc57568cf21e26c,O=C(c1ccco1)N1CCCc2cc(N(S(=O)(=O)c3ccc(Cl)cc3)S(=O)(=O)c3ccc(Cl)cc3)ccc21,0.6848000288009644,0.9549763798713684,0.2540907155383717,2.617934,-10.947575569152832,0.8511193513870239,0,0,0,0.1153846153846153,5.763600000000005,0.2823514456731891
26268bf01c71655346307e3706f7a303,CC(C)=CCc1c(OCC(=O)Nc2ccc(N3CCNCC3)cn2)ccc2ccc(=O)oc12,0.5752000212669373,0.9239889979362488,0.1840362325310707,2.767914,1.6529935598373413,0.7960500240325927,0,1,0,0.32,3.123800000000002,0.4234104681847832
69b0a07571d29b6a67cd22fdcf9905ef,O=C1CN(C(=O)c2ccc3c(n2)CCCC3)CN1CC1CC1,0.441100001335144,0.3375540971755981,0.0595694720237092,2.787308,-11.501450538635254,0.394791716337204,0,0,0,0.5882352941176471,1.6123000000000005,0.8518801150204177
bea043f6c2b49a654b05d06178f444f0,O=C(CC1CCCC1)N1CCCC(c2n[nH]c(=O)n2-c2ccccc2)C1,0.4338999986648559,0.3733372092247009,0.1253299222073771,2.806449,-5.6570234298706055,0.376731675863266,0,0,0,0.55,2.8469000000000015,0.9176481939578052
cd50955e3ea191c264d3fbc1550519b3,NC(Cc1ccc2nc3c4ccccc4c(=O)cc-3oc2c1)C(=O)O,0.6492000222206116,0.9662437438964844,0.3507576246153224,2.785751,9.01023292541504,0.2548463597893715,0,1,0,0.1052631578947368,2.4004,0.4400137440399935
66356e564bedd856d778002d403f85de,O=C(C(O)CO)N1CC=C(c2c(F)cc(N3CC(COc4ccon4)OC3=O)cc2F)CC1,0.7907999753952026,0.8724649548530579,0.1288508901541883,3.937061,9.021598815917969,0.5193723380565644,0,0,1,0.3809523809523809,1.3259000000000003,0.627467499532706
e66f99a6b9a11d7119a79b3319ba99e5,NCC1CN(c2c(F)cc3c(=O)c(C(=O)O)cn(C4CC4)c3c2F)CCCO1,0.9185000061988832,0.9963839650154114,0.1306875514035875,3.204872,-5.505945205688477,0.0752173729240894,0,0,1,0.4736842105263157,1.8667999999999991,0.8230944123528957
0d7ce54d0cf7d1e1b48ccb2819c10cfb,Cc1ccc(Cl)cc1-c1nn(C)cc1NC(=O)c1cnn2ccc(N)nc12,0.5981000065803528,0.9349970817565918,0.4389201240106062,2.67307,-2.507002115249634,0.7157648146152497,0,0,0,0.1111111111111111,2.92612,0.5675409599923091
bce1e22352441c0ee6bc54ee7151b730,CC(NS(=O)(=O)CCCOCn1ccc(=O)[nH]c1=O)c1cccc(OCC(F)(F)C(F)(F)F)c1,0.5777999758720398,0.8324750065803528,0.1848401264710859,3.394988,-7.892361640930176,0.8625529408454895,0,1,0,0.4736842105263157,2.1578,0.33040863786003
dcdd6032970619cb91fbcd02433f17cb,CCc1ccc(-c2cc(C)no2)cc1S(=O)(=O)NCc1ccc(OC)c(OC)c1,0.4562000036239624,0.7486023306846619,0.0875553339719772,2.30799,-9.5458345413208,0.610929536819458,0,0,0,0.2857142857142857,3.708120000000002,0.6020073957396164
44fce6ca44e3599be4965d8c4da42953,COc1ccc(N2C(=Nc3ccc(C(F)(F)F)cc3)SCC2(O)C(F)(F)F)cc1,0.7200000286102295,0.9896886348724364,0.5491102012720975,3.217091,-1.6874314546585083,0.9237699389457704,0,1,0,0.2777777777777778,5.2058000000000035,0.6717695024549204
789a364a5575149df68f0c07e1b20c45,CCC1=C(c2ccc(C)cc2)S(=O)(=O)N=C1N1CCC(C(=O)NCCc2ccc(Cl)cc2)CC1,0.6376000046730042,0.8939425945281982,0.1570546897974881,2.58298,-10.471203804016112,0.908480989933014,0,0,0,0.3846153846153846,4.582320000000004,0.6304658134289287
5ea3f2037ff5d4dcc5c0d799663be2b2,CN1CCCN(CCCCN2CCCN(C)C(c3ccccc3)CC2=O)C(=O)CC1c1ccccc1,0.4093999862670898,0.7097538709640503,0.2044732743366198,3.314571,8.902514457702637,0.955980908870697,0,1,0,0.5333333333333333,4.357600000000003,0.5414233119071601
3a742d733aa8af8169e97c07b305f6ed,O=c1c2ccc([N+](=O)[O-])cc2ncn1CCOc1ccccc1,0.4643999934196472,0.9024277329444884,0.258235059001229,1.982202,-10.14806842803955,0.3793088883161545,0,1,0,0.125,2.3837,0.5330631293282831
0b2d01b9b8711fdc4d52bd5d34acb476,CCCCC(C)CC(C)C(=O)N1CCCC1C(=O)OC(C(=O)OC(C(=O)O)C(C)CC)C(C)CC,0.6596999764442444,0.8180685639381409,0.1421475377441807,4.325529,11.334752082824709,0.1477961562573909,0,0,0,0.8518518518518519,4.830300000000004,0.3226447833437556
d60ac5f75031d44779be22c58dcfd592,Clc1cccc2c1CCCC2Nc1nc2ccccc2[nH]1,0.5637000203132629,0.9872614741325378,0.4186198128895326,2.740265,-9.509900093078612,0.7936192035675049,0,0,0,0.2352941176470588,4.705800000000003,0.7192181584494233
13f4fda44de7170fd46f3817b9edeb24,c1ccc(-c2ccc(C3CN4CCC3CC4)cc2)cc1,0.6327999830245972,0.969356656074524,0.4319271553646434,3.080331,-7.628342628479004,0.9570338368415832,0,0,0,0.3684210526315789,4.1628000000000025,0.7860020682230149
ab1003b5265c4ffea01b231ae674e6a3,NC(CO)(CO)CCc1ccc(-c2ccc(SCc3ccccc3)cc2)cc1Cl,0.7681999802589417,0.996351718902588,0.5451241325248372,2.364561,-6.836277961730957,0.9423787236213684,0,0,0,0.25,4.914000000000004,0.4241045009683136
d1ac549415f29ca03988a50a6d43e6ec,Clc1cccc2onc(N3CCNCC3)c12,0.4203999936580658,0.8714391589164734,0.1196131268727847,2.542914,-5.533278465270996,0.5458379566669465,0,0,0,0.3636363636363636,1.8908,0.8225970588945193
33a8167fc8ef83d43863e8ac34197be8,CCCSc1nnc(-c2cc(C(C)C)c(O)c(C(C)C)c2)s1,0.5985000133514404,0.9863348603248596,0.1911072114651853,2.65456,-8.949719429016113,0.2445564925670623,0,0,0,0.5294117647058824,5.659600000000005,0.6913773701976705
044df81698df4e43a9886a12b383056a,Cc1c(NC(=O)C(C#N)=C2SCC(=O)N2c2ccccc2)c(=O)n(-c2ccccc2)n1C,0.460999995470047,0.7902906537055969,0.2238322686065327,2.687191,2.32673716545105,0.6385771095752716,0,1,0,0.1304347826086956,2.9381000000000013,0.4916562553945377
67697e8d637732e9819989b922950832,COc1ccc(-n2c(C)c(C(C)=O)c(C(C)=O)c2C)cc1OC,0.3377000093460083,0.8000290393829346,0.1571675958958539,2.202742,-3.507784366607666,0.2274638429284095,0,0,0,0.3333333333333333,3.5165400000000027,0.7922280024696806
de6599a110c7ed4d2d75b77e2eef27fe,COC(=O)c1cc(C2NC(C(=O)O)Cc3c2[nH]c2ccccc32)ccc1O,0.6656000018119812,0.9915326833724976,0.1785207282413136,3.188775,12.274506568908691,0.2409123286604881,1,0,0,0.2,2.3484000000000003,0.5296124347752148
3db201a2e29e1a06e141cebeee1dddfb,N#CC1CCC(NCC(c2ccco2)N2CCCC2)C1,0.3546000123023987,0.4855510592460632,0.0688349387015808,3.560177,-3.793771982192993,0.8537013411521912,0,0,0,0.6875,2.698380000000001,0.8958880547794744
0ae15fc2fc32b437d333311f7fb53bac,COc1cc(F)c(F)cc1-c1ccnc2[nH]c(C3=CCC(C(=O)O)CC3)cc12,0.7278000116348267,0.9855419397354126,0.2854000492529435,3.228779,-5.91754150390625,0.3399965047836303,0,0,0,0.238095238095238,4.784800000000003,0.678518068461837
bad5f5ca71696048d4bf769a5731ca19,OC(c1ccc(-c2ccccc2)cc1)c1nc(-c2ccc(F)cc2)c[nH]1,0.5623999834060669,0.9469721913337708,0.3777983649210496,2.690448,-1.8252259492874143,0.9351573944091796,0,0,0,0.0454545454545454,4.964500000000003,0.5493367698388129
5c8689a74ce735f6bcd6572cf3f0d121,c1cnc(N2CC3CCN(CCN4CCCC4)CC3C2)cn1,0.4803999960422516,0.6472868323326111,0.1114666910672729,3.138091,-10.028973579406738,0.9318043708801268,0,0,0,0.7647058823529411,1.3304999999999998,0.8382813128716377
cd0328ee9b677f89d2c3cc5ca4188377,CCOC(=O)N1CCC(=C2c3ccc(Cl)cc3CC(F)c3cccnc32)CC1,0.6348999738693237,0.95150226354599,0.2649211453443224,3.245363,-3.377105474472046,0.6286121368408203,0,0,0,0.3636363636363636,5.3559000000000045,0.6470494742327604
cc048bd09d6a1bbf411a13034afc6d4b,Oc1ccc2c(c1O)Cc1c-2[nH]c2ccccc12,0.5145999789237976,0.9912596940994264,0.4826526831496845,2.404631,5.873744964599609,0.5313257932662964,1,1,0,0.0666666666666666,3.1503000000000014,0.4113775805490038
788978023bbd80415170d728c1382094,Cc1cc(C(=O)NCc2ccccc2)n(Cc2csc(N3CCCCC3)n2)c1,0.5558000206947327,0.6987825036048889,0.124581252309409,2.377177,-3.2781074047088623,0.8829437732696533,0,0,0,0.3636363636363636,4.221620000000003,0.6809241537702689
b97bdb92cbc404ea1ab073ea60af266f,O=C(CN1CCC(NC(=O)C2CC2)CC1)Nc1cccc(F)c1,0.3826000094413757,0.407114714384079,0.0656789752908728,1.864745,-12.006302833557127,0.6046251833438874,0,0,0,0.5294117647058824,1.7547999999999992,0.8691531885339326
078bd1ff500ab6aed27b19f4787d3782,CC(c1c(F)ccc2ccccc12)C(NS(=O)(=O)c1ccc(Br)cc1C(N)=O)c1n[nH]c(=O)o1,0.6564000248908997,0.9215821027755736,0.201833192597736,3.711629,-3.732686281204224,0.5303367674350739,0,0,0,0.1363636363636363,3.3399,0.3221923096508453
c3f903274102b5bef6edff41642c12ad,CC(=O)Oc1ccccc1C(=O)OC1COC2C(OC(=O)c3ccnn3C)COC12,0.4634999930858612,0.6295167207717896,0.1605267941274426,3.875917,0.8304430246353149,0.3192454665899277,0,1,0,0.4,0.8939999999999997,0.5176115980750072
2a99385625eba8daec2103493411c637,CCC(C(=O)NC1CC(=O)Nc2c1c(C)nn2-c1ncnc2nc[nH]c12)c1ccccc1,0.4975999891757965,0.6694051623344421,0.233372917229479,3.772714,-4.029276371002197,0.7179869413375854,0,0,0,0.2727272727272727,2.5403199999999995,0.4459959800644291
d249589d3690b2f3bcbb83c33f0c9753,CC1(C)CC(NC(=O)C2(O)CC2)c2cc(-c3ccc(Cl)cc3)c(-c3ccc(Cl)cc3Cl)nc2O1,0.7768999934196472,0.9969316124916076,0.3992991691285913,3.336485,1.6442230939865112,0.6398606717586517,0,0,0,0.3076923076923077,6.619100000000005,0.4079165899239155
270dd03f728ca029de006cef65382fa7,COc1ccc(-c2coc(CCC(=O)N3CCN(c4cc(C)ccc4C)CC3)n2)cc1,0.5194000005722046,0.7422548532485962,0.1379589153961702,2.284056,-12.188384056091309,0.8904781103134155,0,0,0,0.36,4.248440000000004,0.597883093622364
b5b85d00a5dda5eff08be3b629319268,CN(C)C(=O)CSc1ccccc1C(=O)OCC(=O)NC1CC1,0.4217000007629394,0.6321882009506226,0.0328782954972914,2.070173,-12.782111167907717,0.04760098233819,0,0,0,0.4375,1.3022999999999996,0.5999651842826694
e999673358a079662f5b877bcf4f325d,Cc1ccc2nc(CN3CCCCC3c3nc4ccccc4s3)cn2c1,0.5296000242233276,0.9026877284049988,0.2464415701952847,2.890969,-6.8086652755737305,0.9164153337478638,0,0,0,0.3333333333333333,4.979620000000004,0.5152782161372534
d802956ee551ff0a5b8e01cea774295c,CC1Oc2cccnc2N(C)C(=O)C1NC(=O)c1cc(Cc2ccccc2)on1,0.5852000117301941,0.6381676197052002,0.1300453638488596,3.394751,-5.924960136413574,0.4855374753475189,0,0,0,0.238095238095238,2.2027,0.7310782331238017
3916de6a0426a055df17568da290d46f,O=C(O)CSCc1cc(Br)cc2nc(O)c(O)nc12,0.6535000205039978,0.9804093241691588,0.0863681581210006,3.000945,-10.427291870117188,0.0326706765219569,0,0,0,0.1818181818181818,2.1213000000000006,0.7797264186621333
96648dbb4361c7fe41902b677876367d,Cc1cc(C(O)(CC2CC3CCC(C2)[N+]3(C)C)c2csc(C)c2)cs1,0.6100000143051147,0.9168885350227356,0.2874703393741087,5.066318,6.144891738891602,0.8193801641464233,0,1,0,0.6190476190476191,5.0698400000000055,0.7387408994323444
bac3e993a9012b6331b4d6efe10eb9bf,Cc1cc2ccccc2c(C(C)(C)NC(=O)c2ccnc3c2OCCNC3)n1,0.5690000057220459,0.853987455368042,0.1005318032746965,2.993971,-10.41270923614502,0.6828583955764771,0,0,0,0.3181818181818182,3.085320000000001,0.7346572515959089
26c46ba6d43d018215a8401b503916b5,CC(Oc1ccc2ccc(=O)oc2c1)C(=O)N1CCOCC1,0.3328000009059906,0.3093035519123077,0.0743071143938736,2.627371,0.4165579974651336,0.1915950506925582,0,1,0,0.375,1.4191,0.8021402124326956
298a3c185529606b51492d09e5e0d049,Cc1c(-c2[nH]c3ccc(C4CCNCC4)nc3c2C(C)C)cn(C)c(=O)c1C,0.6189000010490417,0.9354371428489684,0.3314656804908406,3.147775,2.048220634460449,0.8665461421012879,0,0,0,0.4782608695652174,4.1358400000000035,0.7200630813558594
4b2d17dc71f9f59d655b84c095c961e1,COc1ccc2c(c1)CN(S(=O)(=O)CC1CC(N(C)c3ncnc4[nH]ccc34)C1)C2,0.6614999771118164,0.7611167430877686,0.2305438884279944,3.010473,-5.503973007202148,0.928435742855072,0,0,0,0.4285714285714285,2.5269000000000004,0.6500446747287306
379109e6498465cb58cecdc255ecf0d3,COc1cc(Nc2cc(Nc3ccc(Cl)cc3)ncn2)cc(OC)c1OC,0.5981000065803528,0.9808551669120787,0.5946390628814697,2.169419,-5.426941871643066,0.6935140073299408,0,0,0,0.1578947368421052,4.643000000000004,0.6118281429884226
8f559062a8ecfced8ff3c23f31714357,Cc1c(NC(=O)c2ccc(OCC3CC3)cc2)ccc2cc(C(C)NCC(C)(C)O)cnc12,0.6298999786376953,0.9573886394500732,0.3518821515820243,2.970015,0.4929015040397644,0.8371657371520996,0,0,0,0.4074074074074074,5.005820000000004,0.4296494103060573
88bb28fc30e73bc14a200aa3257912e9,COc1cccc(-c2nc3ccccn3c2CN2CCNCC2)c1,0.390500009059906,0.8884047269821167,0.1729241558773951,2.277073,-9.092162132263184,0.9499465584754944,0,0,0,0.3157894736842105,2.4151,0.8008865555301011
efeda80b7ff4e42313bdfb2785422ce0,[O-][n+]1ccc2ccnc3c2c1-c1ccccc1-3,0.5636000037193298,0.9876991510391236,0.2463325590572574,2.794012,-1.2322208881378174,0.2878904163837433,0,1,0,0.0,2.515600000000001,0.3372104061825788
809919b2cdc39e173d872a7d2b07d826,CN(C)C1C(=O)C(C(N)=O)=C(O)C2(O)C(=O)C3=C(O)c4c(O)cccc4C(CSC4CCCC4)C3C(O)C12,0.8295000195503235,0.9973381757736206,0.1458580068058588,4.628528,9.643088340759276,0.2538336843252182,0,1,0,0.5185185185185185,1.1517000000000004,0.294250103406004
dde4508dc88a66831e0a1dc855429083,Oc1ccc(C(=C2C3CCCC2CCC3)c2ccc(F)cc2)cc1,0.6779999732971191,0.993698000907898,0.3273072351108897,2.96724,-7.691686630249023,0.6235028445720673,0,0,0,0.3636363636363636,5.933400000000005,0.7258792077057193
71e3a23ee082c643f686b662f3db3b82,CCCCCCN1CC(=O)N(c2ccc(S(=O)(=O)Nc3ccc(CCNCC(O)c4cccnc4)cc3)cc2)C1=O,0.5960000157356262,0.8940433263778687,0.2167725779793479,3.118782,5.436991214752197,0.8561671853065491,0,1,0,0.3666666666666666,4.097000000000003,0.1824826763336582
bf43aa866017405a65d1e585685a371d,Fc1ccccc1-c1ccc(CN2CCN(C3CCN(CC(F)(F)F)C3)CC2)s1,0.6787999868392944,0.813570499420166,0.4791108153083108,2.921656,-0.7432018518447876,0.9941340804100036,0,0,0,0.5238095238095238,4.308400000000004,0.6588204652401852
66a327e8c5f2e2df96c1c8977202de08,CC12CCC3C(CCC4C(C)(N)CCCC43C)(CC1=O)C2,0.5144000053405762,0.8266637325286865,0.1507390991530635,5.782713,7.259411811828613,0.5497814670205117,0,0,0,0.9473684210526316,4.069600000000003,0.7302164046846551
3a6609e311e2df4971e06183963ea1f2,Cc1ccc(C(=O)N(C)C2CCCCC2)c(C2CCN(C(=O)c3ccc(F)cc3F)CC2)n1,0.6054999828338623,0.5652974843978882,0.1575813916596499,2.492308,-11.311513900756836,0.8700056433677673,0,0,0,0.5,5.092720000000005,0.6451629024496081
f8dbdbdff0d2df281e796fdd55c5536a,CNC(=O)c1c(-c2ccc(O)cc2)oc2ccc(O)c(CN3CC4(CCOC4)C3)c12,0.6751000285148621,0.954088568687439,0.1061910550025376,3.337749,8.20530891418457,0.8679629921913147,1,0,0,0.3478260869565217,3.092900000000002,0.6141362122060788
c1206a2fd0514053e714be59b417def1,Clc1ccc2c(c1)OC1(C=C2)CC2CCC(C1)N2,0.6632999777793884,0.9790249466896056,0.545560357245532,5.084132,4.970943450927734,0.7480118989944458,0,0,0,0.4666666666666667,3.398800000000002,0.7729259287223686
2771f0ba118efb307cc36fdbdcaa4b35,CCOC(=O)N1CCN(CCC(=O)Nc2cc(OC)ccc2OC)CC1,0.3134999871253967,0.173247754573822,0.0308545118790458,1.926429,-9.220172882080078,0.7048506259918212,0,0,0,0.5555555555555556,1.8065,0.7937362731051952
804d511271796ec435c3df793a00086b,COC(=O)c1ccc(C2N=C(S)N(c3ccccc3)C(C)=C2C(=O)Nc2ccccc2OC)cc1,0.5386999845504761,0.9130324721336364,0.1956940435550429,2.984953,-8.433940887451172,0.7249711751937866,0,1,0,0.1481481481481481,5.2416000000000045,0.3671323521806348
d4231f318757fe375e8fc55c02bb185f,CCOC(=O)c1ccccc1NC(=O)n1ccc2c(N3CCNCC3)cccc21,0.5113000273704529,0.8096752166748047,0.1607292965054512,2.366052,-9.471476554870604,0.8602557897567749,0,0,0,0.2727272727272727,3.307800000000001,0.6665413709259008
26d061490c12b78aecdad82765a713ad,Cc1ccc(-c2noc(C3CCN(C(=O)NCc4ccco4)CC3)n2)cc1,0.3698000013828277,0.5568986535072327,0.0722525026649236,2.25781,-10.577866554260254,0.6051579475402832,0,0,0,0.35,3.727220000000002,0.7604849511941392
7d14334b9762a880590c506fcde079df,CN1C(C(=O)C=Cc2cn(CC(=O)Nc3ccccc3)nn2)=C(O)c2ccccc2S1(=O)=O,0.4681000113487243,0.909071445465088,0.0783725882118398,2.843558,-9.075420379638672,0.1878233060240745,0,1,0,0.0909090909090909,2.06,0.5322042204317178
cb45a2d4a714c1cc5bbf1543ae0a3faf,CCCCCNC(=O)C(Cc1ccc(OCC(=O)O)c(C(=O)O)c1)NC(=O)C(Cc1ccccc1)NC(=O)Cc1ccc(OC)cc1,0.6328999996185303,0.832073986530304,0.0694133933972228,3.229901,-8.54126262664795,0.2541273951530456,0,1,0,0.3428571428571428,3.160700000000004,0.1221987961108541
fff446f9b50ac4f3dc7bb7d29b09ec68,C=CC(C#CC#CC(O)CCCCCCCCCCOC(C)=O)OC(C)=O,0.5432000160217285,0.9630734920501708,0.2372756600379943,3.876442,11.931715965270996,0.6648226857185364,0,1,0,0.6363636363636364,3.5458000000000025,0.2303089749999707
8e1f1c0699c9737f37348088987f2fac,CCCn1c(=O)c2nc(-c3ccc(NC(=O)Nc4cccc(OC)c4)cc3)[nH]c2n(CCC)c1=O,0.5922999978065491,0.9021260142326356,0.2537457048892975,2.527419,-1.4596723318099976,0.9470741629600524,0,0,0,0.28,4.025900000000003,0.3543677427894261
6ae1332eee7ce95539d423a8c0750d30,COc1nccc(-c2ccc3nccc(-c4ccnnc4)c3c2)c1NS(=O)(=O)c1ccc(F)cc1F,0.7239000201225281,0.955900490283966,0.1531331413848833,2.845757,-4.975602149963379,0.9274590373039244,0,0,0,0.04,4.841400000000002,0.351854488430201
35c70c35e3face28ec98d2e21305d1bb,Cc1ccccc1N1CCN(C(=O)CS(=O)(=O)Cc2c(C)noc2C)CC1,0.4411999881267547,0.3952275216579437,0.0322439943186261,2.389831,-12.0036039352417,0.5566287636756897,0,0,0,0.4736842105263157,1.8634600000000003,0.7736371152926469
9588c0ac5689bfae87382b9c0f0b2f98,CCOc1ccc(NC(=O)C2CCN(C(C)=O)CC2)cc1,0.2992999851703644,0.30356165766716,0.0323055836964737,1.683688,-9.176084518432615,0.2706202149391174,0,0,0,0.5,2.2823,0.9252191764138296
2a89131b2e9b5ffdb626385a9c774fbb,Cc1cc(O)nc(SCC(=O)NCCCCCCc2ccccc2)n1,0.4541999995708465,0.8852547407150269,0.1602119918573986,2.138707,-10.217063903808594,0.6247954964637756,0,1,0,0.4210526315789473,3.5020200000000026,0.3857076665784507
c12a8254ee79a8f61e610e94b19460c9,CC(C)CN(CC(O)C(Cc1ccccc1)NC(=O)C1CN(c2ccc(F)c(F)c2)C(=O)O1)S(=O)(=O)c1ccc2ncsc2c1,0.7771000266075134,0.887510359287262,0.2710993858900937,3.886003,-8.192961692810059,0.8996775388717652,0,0,0,0.3225806451612903,4.3350000000000035,0.2319020180909484
2fddff58eb1f60069b2e0ce91c8f004b,O=C(NCc1cccc(-c2cccc(-c3cc4c[nH]ccc-4n3)c2O)c1)N1CCCC1,0.6639999747276306,0.9771161675453186,0.1872387867082249,2.645269,-4.948774337768555,0.8490165114402771,0,0,0,0.2,4.859500000000004,0.4477339344446112
ad50c629fdaed560c423755dd94f0bd9,CCn1c(=O)c(C(=O)O)c(N)c2cc(NC(C)=O)cnc21,0.5794000029563904,0.919902503490448,0.0405651233582334,2.538547,3.0243892669677734,0.0177989182993769,0,0,0,0.2307692307692307,0.6551999999999996,0.7613733421450511
1fac33cb17a5fe275c6d0c4b11b851c1,CS(=O)(=O)c1ccc(-c2cnc3ccc(-c4cccc(S(C)(=O)=O)c4)cn23)cc1,0.48989999294281,0.9010165929794312,0.1452955529093742,2.323094,10.154000282287598,0.6398714780807495,0,0,0,0.0952380952380952,3.4753000000000016,0.4987455167330242
f98752a8f898f3342a416125083e03a4,Cn1cnc(S(=O)(=O)N(CC(N)=O)C2CCCC2)c1Cl,0.4943999946117401,0.4821924865245819,0.0563815015114166,2.717247,-9.258715629577637,0.0537783915176987,0,0,0,0.6363636363636364,0.4920999999999997,0.8532743590318985
43671e6bc45516271d6743c9ac00b551,Cc1cc(=O)n2nc(N3CCCC(C(=O)N4CCN(C)CC4)C3)sc2n1,0.4104999899864197,0.1966017037630081,0.0773352774029428,2.986435,-10.580293655395508,0.6378030598163604,0,0,0,0.6470588235294118,0.4498200000000008,0.7577287479731469
549d9b073a5785d3fceb5f389ad89c2f,COc1ccc(C(=O)Oc2ccc(C=C3C(=O)Nc4ccccc43)cc2)cc1OC,0.5799000263214111,0.9759904146194458,0.406944449652325,2.094314,-1.8811603784561155,0.8519789814949036,0,1,0,0.0833333333333333,4.415700000000003,0.3893141762468884
33a8b9d160f4aa99ff2af5f15606420d,Cc1cc(F)ccc1C1NCCNC1=O,0.3402000069618225,0.5736340880393982,0.083351984958757,2.911645,-10.739981651306152,0.2116291083395481,0,0,0,0.3636363636363636,0.8946199999999997,0.7194397797537869
ad419f8b4a056cf1573e908c354a63b6,Nc1ccc(-c2cccs2)cc1NC(=O)c1cn(CCCCCC(=O)O)nn1,0.6141999959945679,0.9377752542495728,0.1500144807452505,2.43465,1.6032577753067017,0.3107827097177505,0,1,0,0.2631578947368421,3.4861000000000013,0.3737861655646757
2ba315bb7a8dad50cbcb2292f36f53e1,CC(O)(COc1ccc(C#N)cc1)C(=O)Nc1ccc(C#N)c(I)c1,0.6491000056266785,0.9774475693702698,0.3986800638112155,3.012577,-8.653545379638672,0.6618590474128723,0,1,0,0.1666666666666666,2.8030600000000003,0.6862786308458781
3b67df670355e3139efa574b9a1e449f,COc1ccccc1OCCCn1c(C2CC(=O)N(c3ccc(F)cc3)C2)nc2ccccc21,0.5390999913215637,0.918545424938202,0.356442772529342,2.680343,-11.86648178100586,0.9793473958969116,0,1,0,0.2592592592592592,5.173600000000005,0.3411283811251225
7a2b3bbc1cab62ad91792ad72aad7e9c,Cc1nn(CCN2CCOCC2)c(C)c1CC(=O)NCc1cccc(Cl)c1C,0.3456000089645386,0.5008466839790344,0.0577825455164367,2.383263,-11.852391242980955,0.6897130846977234,0,0,0,0.5238095238095238,2.6528600000000013,0.7702825915478491
5c4bb20d0cf644d3cd69343e955ab5b2,O=C(c1ccccc1C(F)(F)F)N1CC2CC1C(=O)N2c1ccccc1Cl,0.7757999897003174,0.8513329029083252,0.2276615243066441,3.803264,-2.601393699645996,0.7942871809005737,0,0,0,0.2631578947368421,3.9887000000000024,0.7724659181869816
28efdde233204edf54d9081d03286b07,COC(=O)C1=C(c2ccc(F)cc2OCc2ccccc2)CC2CCC1N2C(=O)N1CCOCC1,0.701200008392334,0.9011445045471193,0.1787690276449376,4.044986,-5.959340572357178,0.7543721437454224,0,0,0,0.4074074074074074,4.020200000000003,0.6050538988496654
3d9bdd149ecbed804d98fe91f11fa256,O=C(NCc1ccncc1)Nc1ccc(C(=O)NCc2ccccc2Cl)cc1,0.4612999856472015,0.7200950384140015,0.1315997024490074,1.86697,-10.699907302856444,0.7531095623970032,0,0,0,0.0952380952380952,3.9867000000000026,0.590796314770293
9cc91bbe00d47943b312906a0ded45b0,O=c1cc2c(nn1CC1CN(c3cc(=O)n4ccccc4n3)C1)CCC2,0.4711999893188476,0.5111249685287476,0.1486579958688129,2.829429,-10.235339164733888,0.7185081481933594,0,0,0,0.3684210526315789,0.8762999999999994,0.7017659943611696
6005590a34a55154476396d232248c80,Cc1c(CCO)sc[n+]1CCCCCCCCOc1ccc(C(N)=NO)cc1,0.6643000245094299,0.9811798334121704,0.3173969320275567,2.794399,-5.7689433097839355,0.9244113206863404,0,1,0,0.5238095238095238,3.392920000000001,0.1187135135727401
3efd89228cb0d50b8ee9741939c3034c,Cc1cc(C(=O)NCC(c2ccco2)n2cccn2)no1,0.3364000022411346,0.2540470957756042,0.0502384899035942,3.065429,-11.430277824401855,0.0972843151539564,0,0,0,0.2142857142857142,1.79192,0.7724238712775403
7df7d5b39fe1e6ab1c5f387a52f4523c,NS(=O)(=O)c1cc(Cl)c(Sc2ccccc2)s1,0.5906999707221985,0.9510337114334106,0.1357720416377891,2.525687,4.322572708129883,0.0911939242854714,0,0,0,0.0,3.2001000000000017,0.9469913675021564
87c537d5e09deb3e4d8a844a4e828828,COc1ccc(-n2cc(-c3ccc4nc(N)nc(N)c4c3)nn2)c([N+](=O)[O-])c1,0.671500027179718,0.98320472240448,0.304215055975047,2.541411,-4.1129913330078125,0.8131174087524414,0,1,0,0.0588235294117647,1.9586999999999992,0.3991411998462076
00ca2a826dd1b3da9e7875f6912bd85a,CCCC(=O)C=CC=CC=CC#CC#CCCCO,0.447299987077713,0.929961085319519,0.3723621991547671,3.539767,13.22014331817627,0.3716188490390777,0,1,0,0.3529411764705882,2.803500000000002,0.3290170757367422
6a76ad4526300b63e97b21f228631c9a,CN1CCN(C2=Nc3cc(F)ccc3Nc3c2ncn3C)CC1,0.5239999890327454,0.7969957590103149,0.2111959393051537,2.962791,-8.269789695739746,0.9521458268165588,0,0,0,0.375,1.9419,0.8072600027930468
f0dbefe8dacd7ea43775df6a9e3751b9,COc1ccc(C(=O)N2CCCNCC2)cc1,0.2432000041007995,0.2584377229213714,0.0389962699264287,1.703967,-6.94498872756958,0.242003683745861,0,0,0,0.4615384615384615,1.1306999999999998,0.8337651202214001
55f75ab61b7ca76b39ee54b1beb080f0,CC=CC(=O)C1=C(c2c(C)cc(C)cc2C)C(=O)OC12CCCC2,0.5845000147819519,0.9791006445884703,0.3210213143717159,3.385566,3.5723469257354736,0.1749652236700058,0,1,0,0.4285714285714285,4.380260000000004,0.6119518396909044
1b4642249a3ac6f5ff79e2b130db7f46,Oc1nc(C(Cl)Cl)nc2sc3c(c12)CCN(Cc1ccccc1)C3,0.65829998254776,0.9720489978790284,0.3032857409932397,2.712942,-8.999018669128418,0.7538198232650757,0,1,0,0.2941176470588235,4.431400000000004,0.6832594370477352
83ba9210accac6062dd0702839666e50,NCC(=O)CSc1nc2scc(-c3ccccc3)c2c(=O)n1-c1cccc(F)c1,0.5738999843597412,0.961796760559082,0.340400523760102,2.438641,-8.662335395812988,0.695414125919342,0,0,0,0.0952380952380952,3.8732000000000024,0.3747750017777716
ab4f257894cdc021a26bbdd3d38ebc36,CC(c1cn(-c2ccc(C(F)(F)F)cc2)nn1)C(O)(Cn1cncn1)c1ccc(F)cc1F,0.6711000204086304,0.9779754877090454,0.2987995242530649,3.612988,-9.572957038879396,0.870720362663269,0,0,0,0.238095238095238,3.8473000000000024,0.4387318844851307
cbff044da5d74a7cf132c0106284297d,COc1ccc2oc(=N)c(-c3nc4ccccc4[nH]3)cc2c1,0.4808999896049499,0.9663962125778198,0.3436653031544252,2.350621,-10.512048721313477,0.8522582650184631,0,0,0,0.0588235294117647,3.464170000000001,0.5935665624485404
61cc3254818851c1c36c19e899e29352,COc1ccccc1CC(C)(C)C(=O)N1CC(n2nc(C)nc2C)C1,0.4025999903678894,0.3434410095214844,0.0778459203852848,2.722087,-6.861972808837891,0.3411580890417099,0,0,0,0.5263157894736842,2.555740000000001,0.8377633317255829
fe78ff72c3408a6123143e14b43ff35c,O=C(Nc1cccc(C(F)(F)F)c1)N1CCC(c2nnn3cnc4[nH]ccc4c23)CC1,0.6886000037193298,0.9833897352218628,0.2066069543361663,2.913645,0.6348519325256348,0.8442214012145997,0,0,0,0.3,4.0359000000000025,0.50329495387244
08475fd8725a92c2be0e0634f06fb2ef,COc1ccc2c(c1)C(C)(C)C(c1cnc3c4ccccc4nn3c1)=N2,0.5546000003814697,0.9584457278251648,0.4124025309627706,2.833173,0.0100029110908508,0.7328281283378602,0,0,0,0.1904761904761904,4.303100000000002,0.5455306214527469
05faeb773267204a1596e15415ac6184,CN1CCC(O)(C#Cc2cccc(-n3nc(C(N)=O)c4cc(N5CCOCC5)cnc43)c2)C1=O,0.5881999731063843,0.7111521363258362,0.2213911613957448,3.640873,1.5768226385116575,0.6321888148784638,0,1,0,0.3333333333333333,0.3006999999999999,0.5384690754128835
d4a7e006d8dcac6f60cc31c6f7c55617,CCc1cc(=O)oc2nc(C3CC3)[nH]c(=O)c12,0.44200000166893,0.7884649634361267,0.099377458745783,2.678748,-5.5063676834106445,0.0376017067581415,0,0,0,0.4166666666666667,1.3160999999999998,0.8466515463278589
514c330d1f131d8154405ab3cfdcc961,COc1ncc(-c2n[nH]c3cc4c(cc23)CN(C2CCCN(Cc3ccccc3F)C2)C(=O)N4)cn1,0.7519999742507935,0.86909419298172,0.4398576265031641,3.379138,-4.623861789703369,0.9667469382286072,0,0,0,0.3076923076923077,4.179700000000003,0.4382578414395037
a40e80066622f0aaea9461f94140026a,Cc1ccsc1C(=O)NCc1ccc(N2CCCC2)cc1,0.3856000006198883,0.5284349918365479,0.1003415252674709,1.896464,-7.449878692626953,0.648396897315979,1,0,0,0.3529411764705882,3.5867200000000024,0.9356574604932456
b3e426d012af943dbc44f4796d20a538,O=C1NC(=O)C(=Cc2ccc(C=CC(=O)c3ccc(O)cc3)cc2)S1,0.544700026512146,0.9971749782562256,0.313515457240018,2.316666,-3.114768743515014,0.1549792408943176,0,1,0,0.0,3.6122000000000014,0.6493080855642768
3a3e418212162a285508f6e124d51a53,CC(=CCC(O)C(C)(Br)CCl)C(Cl)=CBr,0.6208000183105469,0.9792863726615906,0.355210931463675,4.993281,9.614105224609377,0.4922718822956085,0,1,0,0.6,4.551200000000002,0.5475850137952256
68eac29fde183b7004d84eeb06bc8c23,Cc1cncc(C(=O)N2CCCCC2(C)c2noc(C3CC3)n2)c1,0.3659999966621399,0.3600899279117584,0.066268904981288,3.367401,-6.857433795928955,0.170885868370533,0,0,0,0.5555555555555556,3.1919200000000014,0.8659012838252839
4edc8f6985ec5089dbb5b0ecddfbf2f0,COc1ccc2c(c1)c(CN1CCC(CCc3noc(C4CC4)n3)CC1)cn2C,0.5300999879837036,0.8379191756248474,0.1615644859319383,2.557911,-9.606274604797363,0.9272631049156188,0,0,0,0.5652173913043478,4.292100000000003,0.598223191269307
beb35bb979d4339727e36688fe29adf8,CN1CCc2nc3ccccc3c(C(=O)OCC(=O)N(CCC#N)c3ccccc3)c2C1,0.5199999809265137,0.6934885382652283,0.0919272117316722,2.496522,-6.942714691162109,0.9514083862304688,0,0,0,0.28,3.326380000000002,0.5600052230512023
5cb1a9cb4fa7a0940c3273b191ca7430,CCC(C)NS(=O)(=O)c1ccc(OCC(=O)NCc2ccc3c(c2)OCO3)cc1,0.3720999956130981,0.5372002720832825,0.0650158508426763,2.556663,-10.432188987731934,0.6389973878860473,0,0,0,0.35,2.1872999999999996,0.6446662003998772
2c116dbe6a2f9f8251f30bb21a5555ae,CC(=O)c1ccc2c(c1)N(Cc1ccc3ccccc3c1)C(=O)C(C)S2,0.5533000230789185,0.927567183971405,0.1859277852556922,2.646464,-8.568056106567383,0.6178165674209595,0,0,0,0.1818181818181818,5.069800000000003,0.6113245084716963
a3d2b2501841046f3c5bae3a8cbdcbfe,CC(C)CC(NC(=O)CCC(NC(=O)c1cc(Cl)cc(Cl)c1)C(=O)N1CCC2(CCCC2)CC1)C(=O)O,0.6937999725341797,0.8891199827194214,0.3344930071722377,3.774839,-2.917767286300659,0.2107145339250564,0,0,0,0.6296296296296297,4.670300000000004,0.3889339956663339
aa26bc3e90518648e973aeb2b7c84658,Nc1nc(N)c(-c2ccccc2)c(CCc2ccccc2OCc2ccccc2)n1,0.7021999955177307,0.9923874139785768,0.557994628494436,2.147223,-8.135763168334961,0.918188214302063,0,0,0,0.12,4.672200000000004,0.47385916924855
8e9ae8e2ec1ffd8841341fc82de1bbc1,CNC(=C[N+](=O)[O-])NCCSCc1ccc(CNC2C3CC4C(C3)C42)o1,0.5478000044822693,0.7372480630874634,0.0966908869079568,5.263508,3.0843520164489746,0.5780607283115387,0,1,0,0.6666666666666666,2.1414,0.3085792054140323
866a0c1447f9b947e49c02710dfbe12b,CC(C)(C)SCCNC(=O)c1ccc(NS(C)(=O)=O)cc1,0.3722000122070312,0.5872222185134888,0.0372202085669745,2.119058,-7.5815582275390625,0.565502256155014,0,1,0,0.5,2.3196000000000003,0.7850384687859476
606b2e4fa4197ea83b4c564a83345df0,COc1ncccc1C(=O)N(C1CCCC1)C1CCS(=O)(=O)C1,0.38960000872612,0.2166272550821304,0.1127135086465965,2.938342,-11.614999771118164,0.0772537508979439,0,0,0,0.625,1.6621,0.8343781995212037
f601c56b2b8ac5cb6d740ca3a38a043a,Nc1c2c(-c3cccc(F)c3)nc(NCc3ccccc3)nc2nn1-c1cc(F)ccc1F,0.5672000050544739,0.9575989246368408,0.6536559760570526,2.506977,3.400052309036255,0.952916145324707,0,0,0,0.0416666666666666,5.094100000000002,0.3928988479825049
268b89b74c673e3701bd311d305fb017,O=C(Cn1c(-c2cccs2)cc2ccccc21)NCc1cccnc1,0.4271000027656555,0.8072741627693176,0.1444832526824691,2.162741,-7.146660804748535,0.7236425638198852,0,0,0,0.1,4.081200000000003,0.5911805535719652
3095daab8990df0950140bb09946891a,CN1CC2CN(C(=O)Cn3cc(NC(=O)c4cnn5ccc(N)nc45)c(-c4cc(Cl)ccc4OC(F)F)n3)CC2C1,0.7128999829292297,0.8946689963340759,0.3742702386595986,3.936881,-6.385592937469482,0.901716673374176,0,0,0,0.3461538461538461,2.7021000000000015,0.3378940551018451
f9df2729526b69d92356bbca95283380,CC1CCCCN1C(=S)NC(=O)c1cc(Br)ccc1Cl,0.5630999803543091,0.8052457571029663,0.1908623444085771,2.640606,-7.420482158660889,0.5695973336696625,0,1,0,0.4285714285714285,3.9916000000000023,0.7532645787923916
43d078dc6369ee4f71ece08ed1ef3132,CCCCc1ccc(Oc2ccc(Cl)cc2Cl)c(O)c1,0.7724999785423279,0.9989900588989258,0.4667164168574593,1.875438,3.2255289554595947,0.5314432263374329,0,0,1,0.25,5.833900000000004,0.7520160379798129
6d72c6f5694fbd536e2ae8a003951bbb,COc1ccc(-c2nc(CN3CCN(Cc4ccccc4)CC3)co2)cc1,0.4747999906539917,0.8620243668556213,0.1951480067589066,1.962272,-7.654820442199707,0.9777594804763794,0,0,0,0.3181818181818182,3.668000000000003,0.6684140100426189
b6c6334b8557319db31769a3cf4e7fa3,CCC(C)C(N)C(=O)N1CCCN1C(=O)Nc1cccc([N+](=O)[O-])c1,0.5317000150680542,0.804756224155426,0.1669669588181105,3.287313,-7.077371597290039,0.4520245790481567,0,1,0,0.5,1.9493999999999996,0.621275298097765
8333f3bd16ae170d4e2822e4bc573316,CCCNCc1ccc2c(OC)c3c(c(O)c2c1)C(=O)C1=C(O)C2(O)C(=O)C(C(N)=O)=C(O)C(N(C)C)C2CC1C3,0.8554999828338623,0.9965120553970336,0.2222656973383643,4.4163,13.043628692626951,0.6746549665927887,0,1,1,0.4333333333333333,1.7819999999999996,0.2137552569071097
c6a55b8768b410eb51b278761380b04e,COC(=O)C(C)N(C)C(=O)c1c(C)cc(-c2cccc(NS(=O)(=O)c3cc(C)c(Cl)cc3C)c2)cc1C,0.651199996471405,0.983841836452484,0.1846520413051952,3.073292,-9.154428482055664,0.7666492700576782,0,0,0,0.2857142857142857,5.674980000000006,0.3879400199144062
9497be1891da11ef13221233582767d4,Clc1ncnc2c1ncn2Cc1cccc(Cn2cnc3c(Cl)ncnc32)c1,0.4966999888420105,0.9110046625137328,0.3062500906261531,2.651025,-11.96259593963623,0.5543981850147247,0,0,0,0.1111111111111111,3.3694000000000015,0.4217027914387716
5ed1746e8d3ed5407cd27e99f44ea336,CCOc1cc(C(=O)n2cccn2)cc(OCC)c1OCC,0.4740999937057495,0.7750688195228577,0.1245556764981963,2.329631,-9.55489444732666,0.1740445479750633,0,0,0,0.375,2.7677000000000014,0.7868035488512931
07fc0ceeb72bf50f86e565a529ed2719,CN1CCN(CN2N=C(c3ccccc3)CCC2=O)CC1,0.3323999941349029,0.3763919770717621,0.1044549064880067,2.327304,-8.591601371765137,0.6929413557052613,0,0,0,0.5,1.2179999999999995,0.8384627050116068
ffb30b6df61a6db35845fe9041db0ede,CCOc1c(CNCCNC(=O)c2nonc2N)cccc1OC,0.3792000114917755,0.4244410693645477,0.1136669231240044,2.352655,-11.154603004455566,0.6306974768638611,0,1,0,0.4,0.578700000000001,0.5683787605144679
7be66c62387bb227db8f8951a8d4e1d7,Cc1cncc(-c2c(C(F)(F)F)nn(C)c2C)c1,0.5223000049591064,0.8775192499160767,0.0992090755396268,2.594703,1.7474348545074463,0.230822767317295,0,0,0,0.3333333333333333,3.1177400000000013,0.7834453256879661
c117a20ed2b5322084c746b822fd351a,CSCCC(NC(=O)C1N2C(=O)c3ccccc3C2SC1(C)C)C(=O)NCc1ccncc1,0.6477000117301941,0.7929449081420898,0.105692380700599,3.580552,-9.114378929138184,0.5561477303504944,0,0,0,0.4166666666666667,2.984300000000001,0.5986767856441414
5e8cb5408092ba1131e90caff100ef36,COc1cccc(-c2cc(C(=O)NCc3ccco3)c3ccccc3n2)c1,0.3614000082015991,0.8074599504470825,0.1575753136791966,1.949481,-10.35661792755127,0.8579174280166626,0,0,0,0.0909090909090909,4.433400000000003,0.5730045303132274
8dea9468b4a4b355d8e0bf14358dac24,O=C(NCCc1ccc(Cl)cc1)C(=O)NCC(c1cccs1)S(=O)(=O)c1ccccc1,0.4923000037670135,0.8282181620597839,0.1241139115935022,2.71721,-12.259953498840332,0.6618023633956909,0,1,0,0.1818181818181818,3.391600000000002,0.4872657385930343
a4533a82295e4d0ccf5ccf289401ce80,Cc1cccc(-c2nc(Cn3cncn3)no2)c1,0.2703000009059906,0.6048837900161743,0.0377971898256377,2.28721,-8.927290916442871,0.0525512332096695,0,0,0,0.1666666666666666,1.68482,0.6974110370318413
6bbc7572376d0349fd8f378f85ac8e8b,CN(CCN(C)C1CC1)C(=O)c1cc2[nH]cnc2cc1F,0.4735000133514404,0.3234827518463135,0.0902303211306306,2.640208,-11.318663597106934,0.6616509020328522,0,0,0,0.4666666666666667,1.8682,0.9143317224545408
e06c5fa06517ae88fe061954c79bd41f,CC(=O)NCCNCc1cnc2c(N3CCc4c(-c5ccccc5)cccc43)ncnc2c1,0.595300018787384,0.9485130310058594,0.308697598901662,2.646462,-1.0062490701675415,0.9451608300209046,0,1,0,0.2307692307692307,3.611700000000003,0.4290995374369686
954408f1c6b9178d8b74ab2458116346,CSc1cccc(NC(=O)OC2CCCCCCCCCCC2)c1,0.5895000100135803,0.8044806718826294,0.2795800444754687,2.475657,-5.907801628112793,0.4932192206382751,0,0,0,0.65,6.630300000000005,0.6222877755551924
d461c437be3292a8e762810ce1cb5b9d,OC1CCCNC1CCCn1cnc2c(-c3cccc(F)c3)cccc21,0.5888000130653381,0.9656655192375184,0.4434085203842683,3.312556,8.350478172302246,0.9832107901573182,0,0,0,0.3809523809523809,3.7355000000000023,0.7346862603765802
54f190f6b909c5e02292c57dece4e5a7,O=C(NCC1OC2CC(CC(=O)N3CCC(F)(F)C3)OC2C1O)Nc1cccnc1,0.5806000232696533,0.5097115635871887,0.0467843827579847,4.184378,9.919989585876465,0.3554787874221802,0,0,0,0.631578947368421,0.7465999999999992,0.6405113929301923
d643c9ad567ea82d51ba6fdee18b689d,COc1cccc2c1C(=O)c1c(O)c3c(c(O)c1C2=O)CC(O)(C(C)O)CC3OC1CC(N2CCC(OC)CC2)C(O)C(C)O1,0.7860999703407288,0.9963385462760924,0.7746919190341776,4.811726,11.004769325256348,0.707445764541626,1,1,0,0.5757575757575758,1.9727999999999992,0.2517958997566064
2da560611ca5c8da7c055dd2759a4800,COC(=O)c1ccc(COC(=O)c2cccnc2Cl)cc1,0.4688000082969665,0.8674067258834839,0.1551719897172667,1.797616,-10.17248249053955,0.046548506245017,0,1,0,0.1333333333333333,2.8786000000000014,0.641670335377893
4382e8999d6d943160b01c301b75d905,Cc1ccccc1NC(=O)Nc1ccc(-c2c(C)sc3ncnc(N)c23)c(Cl)c1,0.7189000248908997,0.9954042434692384,0.5735876099629835,2.348774,-10.085801124572754,0.7603513956069946,0,0,0,0.0952380952380952,5.854740000000003,0.3846867560562624
7006fdb9e14cdc6e532131057d647cdf,c1ccc(-c2ncn(CCc3c[nH]cn3)c2-c2cnc3ccccc3c2)cc1,0.5311999917030334,0.967126727104187,0.3457398157228123,2.58572,3.17541241645813,0.9199519157409668,0,0,0,0.0869565217391304,4.731100000000003,0.4896899655989647
d95998b93fd2aed03883fd76d979e6e3,CC(C)N(C)C1C(c2ccccc2)=CC2CCC1C2,0.4963000118732452,0.9189314246177672,0.2156726853414015,4.342002,5.134677886962891,0.7672120928764343,0,0,0,0.5555555555555556,4.208700000000004,0.7818149204005181
b2fd411a49569e335ada3e1c6a6515b3,COc1cc(OCc2cccc(Br)c2)ccc1C(N)=O,0.5108000040054321,0.9367064237594604,0.1990516578609293,1.780753,-8.881537437438965,0.3478516489267349,0,0,0,0.1333333333333333,3.135600000000001,0.9124626204839112
1b9405d0fd3401a986320eb9df9f8ade,COP(=O)(OC)C(c1cc(C(C)(C)C)c(O)c(C(C)(C)C)c1)N1CCN(c2cc3c(cc2F)c(=O)c(C(=O)O)cn3C2CC2)CC1,0.8317000269889832,0.9973523020744324,0.2237574390389702,3.802872,0.8176555633544922,0.3359567761421204,0,1,1,0.5294117647058824,6.781000000000008,0.2525975307788947
6a1b3e861519a4daf2b2efccf6060624,COc1cc(CNCc2coc(-c3ccc(Cl)cc3Cl)n2)cc(OC)c1,0.6937000155448914,0.9816852807998656,0.3665427457202564,2.28288,-10.951605796813965,0.7524526715278625,0,0,0,0.2105263157894736,4.955400000000004,0.6153290813671672
4667edd9d4fb3d557345c88ab56dcaaa,CC(C)(Oc1ccc(N(Cc2ccco2)C(=O)Nc2nc3ccccc3s2)cc1)C(=O)O,0.5552999973297119,0.9721148014068604,0.2224990576505661,2.480884,0.9831796884536744,0.332305571436882,0,0,0,0.1739130434782608,5.370000000000004,0.3913662678964837
c261d249d0c664721dc6dda015e899e9,CCc1nn2ccc(Cl)cc2c1C(=O)NCC=C(C)CCC=C(C)C,0.5806000232696533,0.944462776184082,0.2082252793691375,2.990364,0.6095801591873169,0.765335738658905,0,1,0,0.4,4.972600000000005,0.708993939499883
f9284d87934f2db4f11f883a9a9a4ff7,COc1ccc(C(=Nc2cc(OC)cc(OC)c2)c2ccccc2)cc1,0.4287999868392944,0.9639548063278198,0.3135330080986023,2.06101,-4.3267822265625,0.8585333824157715,0,1,0,0.1363636363636363,4.8815000000000035,0.5966410129357943
0e274bbcae5fb7bf3022b40b25c9bc19,Cc1ccc(S(=O)(=O)NCC(=O)NNC(=O)Cc2ccc(F)cc2)cc1,0.3752000033855438,0.5497623085975647,0.1620144559578462,1.957878,-9.858522415161133,0.2603471875190735,0,1,0,0.1764705882352941,0.8025199999999998,0.646007003536644
8de901587f80827257c17140346e90ea,COC(=O)C1CC(OC(C)=O)C(=O)C2C1(C)CCC1C(=O)OC(C(O)c3ccco3)CC12C,0.5720999836921692,0.7998701930046082,0.1471695911393246,4.779128,11.4247465133667,0.1210222110152244,0,1,0,0.6666666666666666,2.361,0.5292932004453111
3464a098e63f39c5cb8f9bddc1bb1b7b,CC1CCC(C)N1CCCNC(=O)C(c1ccccc1)c1ccccc1,0.4332999885082245,0.7179055213928223,0.2613306086171757,2.841552,-9.858736991882324,0.9495775580406188,0,1,0,0.4347826086956521,4.197600000000003,0.7592579509417681
4698a1048ce599bb9885d8e8f639e483,CNc1ccc(C(=O)NC2CCC(CO)CC2)cn1,0.3472999930381775,0.383097767829895,0.0750234671445055,2.153113,-11.734856605529783,0.1584862366318702,0,0,0,0.5714285714285714,1.4041999999999997,0.7674761726045112
75c1f53bfa6f9330ae022ff69e880052,O=S(=O)(c1ccc(F)cc1)N1CCc2nc(N3CCCC3)nc(Oc3ccc(F)cc3)c2C1,0.5896999835968018,0.8473293781280518,0.2500740987333384,2.431502,-6.411467552185059,0.8665753602981567,0,0,0,0.3043478260869565,3.894300000000003,0.5608955345263142
e9b2113beb80d22527fe4f566bec0e07,O=C(NCCCC(NC(=O)c1ccccc1)C(=O)O)c1ccccc1,0.2975000143051147,0.6814450025558472,0.0945272960446097,2.080812,-0.7635354995727539,0.0619694150984287,0,1,0,0.2105263157894736,2.0797999999999996,0.6412186100373908
0e513774ab3bca74de6d89c32ddab683,COc1ccccc1C=CCN1CCCC(CCC(=O)N2CCN(c3ccccn3)CC2)C1,0.5254999995231628,0.5740141868591309,0.1237619075585495,2.856829,-10.086674690246582,0.9790887594223022,0,0,0,0.4814814814814814,3.9444000000000026,0.6121853692847565
3a42e22d51e3f3ac5d6e30a7d7c8aec2,COC(=O)CSc1nnc(Cc2csc(NC(=O)CCl)n2)n1NC(=O)c1ccc(Cl)cc1,0.5178999900817871,0.9217851758003236,0.0944996012205427,2.703662,-8.817757606506348,0.3432161420583725,0,1,0,0.2222222222222222,2.8051000000000004,0.2530722438938658
29db3f064e8884960f869d28c00a7409,CS(=O)(=O)N1CCC(C(O)c2cncnc2Sc2ccc(F)cc2)CC1,0.5110999941825867,0.641141414642334,0.1978644132614135,3.143338,-8.134734153747559,0.5708853542804718,0,0,0,0.4117647058823529,2.4719000000000007,0.7806764190525499
8c04cfe1a8fd2de192bda285a0f6935b,CCCN(CCC)c1c(C)nc(-c2ccc(OC)cc2OC)n(C)c1=O,0.4593999981880188,0.6298202872276306,0.1287352581593123,2.49234,-6.03207540512085,0.9306142807006836,0,0,0,0.5,3.399320000000002,0.7229532055721853
1e77211b1f732d24291f6943c4fe65db,Cc1ccnc(NS(=O)(=O)c2ccc(NC(=O)Cc3cccs3)cc2)n1,0.4648999869823456,0.8781886696815491,0.1063655445521528,2.162484,-10.285279273986816,0.2134642362594604,0,0,1,0.1176470588235294,2.828520000000001,0.6761354491964074
a4d7e2d39857a3687741d8c67d2a38a9,N#Cc1c(N2CCc3ccccc3C2)cc(-c2ccc(Cl)cc2)oc1=O,0.6247000098228455,0.9630151391029358,0.3465270278128711,2.400837,-4.709880828857422,0.8066516041755676,0,0,0,0.1428571428571428,4.394580000000003,0.6778240858477754
e47af1f4fe024c68f600eed6e2f82f49,c1cc2[nH]c3nc(-c4cnc(N5CCOCC5)s4)ccc3c2cn1,0.597000002861023,0.9308269023895264,0.4279152209108526,2.730648,-0.1174502670764923,0.7201021671295166,0,0,0,0.2352941176470588,3.071200000000002,0.6087755842809
f78ae95efa59f29850b2ceaf855166d8,COc1cccc(CN2C(=O)NC(C)(C3CCN(Cc4cnn(C)c4C)CC3)C2=O)c1OC,0.4799000024795532,0.3769699931144714,0.1208981817418878,3.107991,-10.270182609558104,0.7213552951812744,0,1,0,0.5416666666666666,2.46842,0.6455462963943979
499163209f4eb612ef9ca27059b87fc5,O=S(=O)(c1cccc(CCCCOCCCCCCNCC(O)c2ccc(O)c(CO)c2)c1)N1CCCCC1,0.6804999709129333,0.9553555250167848,0.1674830771305344,3.061866,2.0449397563934326,0.9470019340515136,0,1,0,0.6,4.282000000000004,0.2002793492663402
7f73989e3c746360b6b59f5b15e051ec,CC(C)Cc1noc(CN(C)C2CCN(Cc3ccccc3)CC2)n1,0.4124000072479248,0.573592483997345,0.1174462895671075,2.270624,-10.89747142791748,0.9271301984786988,0,0,0,0.6,3.3645000000000023,0.7718859474864483
5d8ce39dbadf9d08a8cd6572454fe6f6,COc1cc2c(cc1CCC(=O)O)CCC2,0.3583999872207641,0.7627924680709839,0.1224266697059978,1.982533,7.714262962341309,0.0160638938657939,0,0,0,0.4615384615384615,2.2011000000000003,0.8457220066435791
0c54a69f8920ca42d9ba86e600db2775,CCc1c(O)cc(=O)n(-c2ccccc2)c1-c1ccccc1,0.4812999963760376,0.9644771814346312,0.2679078091274608,2.076389,-9.297041893005373,0.3907785803079605,0,0,0,0.1052631578947368,3.772500000000002,0.7977995834696574
bcede981627ac286e017ce79d2ba7dc4,CC(=O)c1ccc(CNC(=O)C2C(C(=O)NCCCCN3CCCC3)C3CCC2C32CC2)o1,0.5109000205993652,0.6096298098564148,0.0838341110131957,4.925011,-6.830972671508789,0.5704100012779236,0,1,0,0.7307692307692307,3.1430000000000016,0.4177638013871778
aee06dd7c444cbb6f26db2ae5b9156a0,O=C(c1ccc(C(F)(F)F)cc1)N1CCC(=O)N(C(CO)Cc2ccccc2)CC1,0.5394999980926514,0.8309178352355957,0.158018139952963,2.702699,-6.1508564949035645,0.8581809043884278,0,0,0,0.3636363636363636,2.983500000000001,0.8092242820053259
9b71601127d422bd82af88f070e70aa7,Cc1ccc(CNCC2CCC(c3nnn4cnc5[nH]ccc5c34)CC2)o1,0.5103999972343445,0.8203626275062561,0.152456138621677,3.08138,-5.997673034667969,0.723877739906311,0,0,0,0.45,3.5706200000000026,0.5654811363460556
704fb4e07fe8925266bf03b9808fd0f6,Cc1ccc(C(=O)C#Cc2ccc(S(C)(=O)=O)cc2)cc1,0.4830000102519989,0.9646374583244324,0.2751585326411507,2.120191,-8.073023796081543,0.1379225552082061,0,1,0,0.1176470588235294,2.6329200000000013,0.6324055613242235
9a4ea1925cf73419f48bd628e709a547,O=C(NCCc1cccs1)Nc1ccc2c(c1)C(F)(F)OC(F)(F)O2,0.6055999994277954,0.9361546635627748,0.1954227489503947,2.783968,-10.176316261291504,0.7198512077331543,0,0,0,0.2666666666666666,4.120900000000002,0.7895172048570758
a05da442373b2eefd0ea5e8244b2edae,CC1CC(CC2CCCCN2)C2CCCNC2C1,0.4282000064849853,0.7305848598480225,0.2914534576914527,4.278032,8.352614402770996,0.7363666832447052,0,0,0,1.0,2.932900000000001,0.7872141798814145
c6b4052980affb0b598c6227121b7d93,CC(Oc1ccc2ncc(-c3cnn(CCO)c3)nc2c1)c1c(Cl)ccc(F)c1Cl,0.7192000150680542,0.9750366806983948,0.4604990671981465,3.139802,1.247835993766785,0.8225160479545593,0,1,0,0.1904761904761904,5.071500000000004,0.4180521056016247
417d662275bea64b30d1ef6d2414e4d1,COCC(C)Oc1ccc2[nH]nc(-c3cc(N4CCN(C)C(=O)C4)ncn3)c2c1,0.5774999856948853,0.7399342060089111,0.1464292136105624,3.2718,-3.0549330711364746,0.7712737679481506,0,0,0,0.4,1.7119999999999995,0.6774764482321338
995c7d404cec9bd0e8d37383db69f394,CC(C)C(NC(=O)OC(C)(C)C)c1cc(C(=O)NC2CC2)c(N)s1,0.5877000093460083,0.8420016765594482,0.1514915664764967,3.021516,-4.181285858154297,0.2180499643087387,0,0,0,0.6470588235294118,3.444300000000001,0.7556561225582161
8f772577d842298181cf54cc4169e886,COc1cc(=O)oc2cc(OCCCCN3CCN(CC(=O)Nc4c5c(nc6ccccc46)CCCC5)CC3)ccc12,0.5619999766349792,0.9020785093307496,0.2642803104086356,2.700679,0.2544631063938141,0.9770487785339356,0,1,0,0.4242424242424242,4.643900000000004,0.2175927231235297
c1ab7e222a4da17a73c663a3a1dd8ae1,COc1ncc(N2CCOCC2)c2nc(NC(=O)N3CCC(C)(O)CC3)[nH]c12,0.5443000197410583,0.6144937872886658,0.0709165106104178,3.03189,-3.657399892807007,0.6070089340209961,0,0,0,0.6111111111111112,1.1818000000000002,0.7206309204491244
91069f8f46e2b58b4ec5a3cc8907e0c4,CC1CN(S(C)(=O)=O)CCN1Cc1cc2c(=O)n(C)cc(-c3cc(Cl)nn3CC3CCOCC3)c2o1,0.5364000201225281,0.6548616886138916,0.0881698899055746,3.792243,-11.657034873962402,0.8972926259040832,0,0,0,0.5833333333333334,2.5407,0.4757962176778649
4db8309c1bfee512bbeab3351dd407d0,CCC(C)C(NC(=O)C(CC(C)C)NC(=O)c1ccco1)C(N)=O,0.4108999967575073,0.6874303221702576,0.2325516925616697,3.11869,-3.737466096878052,0.090500671043992,0,0,0,0.5882352941176471,1.4402999999999992,0.6322361708706667
1b9a405e0e8fe1567c466d05a59cdc7d,Cc1ccc(C(=O)NC2CC2)cc1-c1ccc(C(=O)NCCCN2CCOCC2)cc1,0.5077000260353088,0.6571373343467712,0.1344401419840075,2.071382,2.7228598594665527,0.8242037892341614,0,1,0,0.44,3.0063200000000014,0.6431311034950243
8f8a7d45059eb18c75e1f679c0d5150f,CNc1cc(N)nc(-c2cccc(C)c2C)c1,0.534500002861023,0.976677656173706,0.1327729650180448,2.314123,-10.641934394836426,0.5999419867992402,0,0,0,0.2142857142857142,2.989340000000001,0.8288549400206332
46459bbfc3878209c3fd9a7915f36fa8,COC(=O)C1(Cc2ccc(OS(=O)(=O)O)c(CC=C(C)C)c2)OC(=O)C(O)=C1c1ccc(O)cc1,0.6855000257492065,0.9606777429580688,0.2382930002429268,3.588323,10.569031715393066,0.5141044139862061,0,1,0,0.25,3.0629000000000017,0.2772236581635529
b9878cd3ba28b1b8830859e79dcb99c9,CC(C)CC(NC(=O)C(CCc1ccccc1)CP(=O)(O)CNC(=O)CN1C(=O)c2ccccc2C1=O)C(=O)Nc1ccccc1,0.5623999834060669,0.9191175699234008,0.1655280237848108,3.681548,3.535729169845581,0.8686351299285888,0,1,0,0.3235294117647059,4.045300000000003,0.1431064851593947
fc572de69cdb4c614aaf305f84b4ba82,O=C(CCCN1CCN(C(c2ccccc2)c2ccccc2)CC1)NC1c2ccccc2SCC2CCCCC21,0.6927000284194946,0.956379234790802,0.4389976561069488,3.572317,1.1564234495162964,0.961794626712799,0,0,0,0.4571428571428571,6.943400000000008,0.3276864859748116
1e0737bd2c85049856ca0e9744bfd83e,CC(=O)NCC1CN(c2ccc(-c3ccnc(N)c3)c(F)c2)C(=O)O1,0.8065999746322632,0.8272057771682739,0.1630563417618925,2.888522,-4.544660568237305,0.1714436702430248,0,0,1,0.2352941176470588,1.9312,0.8831533395378065
a0dbc9d8d8b4a96055930c767ed533d3,COc1ccc(-n2c(Cc3nnn[nH]3)n[nH]c2=O)c(C)c1,0.3188000023365021,0.6159593462944031,0.0329894220428017,2.820297,-7.127208232879639,0.006624208879657,0,0,0,0.25,-0.0184800000000007,0.696725937508895
eed0f340359d2ed457d13dd81d92b1f1,N=C(c1ccc2nc(-c3ccccc3)cn2c1)N1CCOCC1,0.4350999891757965,0.8082681894302368,0.2013415037231012,2.400449,-9.851295471191406,0.7809020161628724,0,1,0,0.2222222222222222,2.6588700000000003,0.5848112213743686
99e702467c7a136c3132531c3b4a07e5,CCN(c1ccccc1)S(=O)(=O)c1cccc(C(=O)N(C)Cc2ccccc2OC)c1,0.4984999895095825,0.5624503493309021,0.0917294486002488,2.080172,-8.171112060546875,0.9225740671157836,0,0,0,0.2083333333333333,4.182600000000003,0.5291233269520822
472407459f969a191de1a2f30415b3aa,O=C(Nc1ccccc1C(F)(F)F)NC(CO)(CO)C(F)(F)F,0.5149000287055969,0.7153682708740234,0.2751706838607788,2.820251,-7.572628974914551,0.4114143580198288,0,0,0,0.4166666666666667,2.1126,0.6305890348569122
f0125253d8f7e662b797b63ece885d43,CCCCC1CN(CC2CCOCC2)C(=O)OC12CCN(C1CCN(C(=O)c3c(C)ncnc3C)CC1)CC2,0.6161999702453613,0.5486108064651489,0.093651337379759,4.100088,-6.0036211013793945,0.85779869556427,0,0,0,0.8,4.217840000000003,0.5107945209009903
aa77ead9bf1e15c0870f2f2478618513,Cn1cc(-c2ccc(C3(c4nnc5n4CCSC(C)(CO)C5)CC3)cc2)cn1,0.5033000111579895,0.82033771276474,0.1265719712457873,3.774458,-4.293781280517578,0.1659275099635124,0,0,0,0.4761904761904761,2.798800000000001,0.735689700477708
d49fbd61dc32f7b355752a8384aa1210,CC(NC(=O)C(Cc1ccccc1)NC(=O)c1cccc2ccccc12)C(=O)NC(C(=O)C(=O)NCC(=O)N1CCN(C)CC1)C(C)C,0.5489000082015991,0.7878356575965881,0.2547138014977628,3.578408,-2.5519039630889893,0.5117563128471374,0,1,0,0.3888888888888889,1.285700000000003,0.2020931210842011
dedfa3acf43c098a6a1df94ecd017e26,O=CN1CCN(C(=O)c2ccc(Cl)c(Cl)c2)C1=S,0.6265000104904175,0.9372645020484924,0.0774833078242161,2.700383,-9.152310371398926,0.1607104070484638,0,1,0,0.1818181818181818,2.1925,0.6210100437287194
70a5de032df0a958fc6514c6dc171786,Cc1cc(C)c(-n2c(Cl)cn3c(CN4CCCCC4C)c(C(F)(F)F)nc23)c(C)c1,0.6942999958992004,0.930904746055603,0.5614089830355211,3.457715,-1.9087826013565063,0.9784613370895384,0,0,0,0.5,6.096860000000006,0.4935812308508688
e0e192dcd3ef6450b03d7d86b8ff88fc,N#CCCN=C(S)C1=CC(C(F)(F)F)(C(F)(F)F)Oc2ccc([N+](=O)[O-])cc21,0.6650000214576721,0.9944794178009032,0.2923423939130523,3.814157,-10.697819709777832,0.869474184513092,0,1,0,0.3333333333333333,4.475980000000002,0.1466073934880821
8e97389b2a2ef3b17c4a46336468dbbe,O=C(O)c1cn(C2CC2)c2c(F)c(OCc3ccccc3)c(F)cc2c1=O,0.8676999807357788,0.9964386820793152,0.1621791642497886,2.343134,-9.138297080993652,0.0466617703437805,0,0,0,0.2,3.8918000000000026,0.7387995552877555
591c096906910d06a45d83a1ecbe2cee,O=C(NCCn1ccnc1)c1cncc(Br)c1,0.3125,0.5502679944038391,0.0712154373865236,2.267415,-9.29183292388916,0.2233079642057419,0,0,0,0.1818181818181818,1.470599999999999,0.928922672249793
5b257aa20551b2226a8b3609ef937f20,Cc1ccc(NC(=O)Nc2ccccc2Cc2ccccc2)cc1S(=O)(=O)Nc1ccc(Cl)cc1,0.7031999826431274,0.9934900999069214,0.4547180303118445,2.069476,-11.1935453414917,0.8679146647453309,0,0,0,0.074074074074074,6.684020000000005,0.2614495193123626
385bfe2be67269b86a6fbee404dbdb7e,Cc1nc(C(=O)N2CCCC2c2nc3c(Br)cc(F)cc3[nH]2)c(-c2ccccc2)s1,0.617900013923645,0.9374312162399292,0.194745852865956,3.080171,-8.263181686401367,0.9329766631126404,0,0,0,0.2272727272727272,5.873720000000004,0.3947549713628922
c9bf36e41d12a9eb1c7ea774e4fe9b2f,CN=Cc1cc(-c2ccccc2)sc1O,0.4280999898910522,0.9844866991043092,0.1518403054638342,2.650736,-8.028641700744629,0.2185584396123886,0,1,0,0.0833333333333333,3.1694000000000018,0.7698592189876335
9c691aeb6d34263561d42b65bba53960,CC(C)(C)NCC(P(=O)(O)O)P(=O)(O)O,0.4638000130653381,0.8850799798965454,0.098625145810436,3.146852,-8.106335639953613,0.0331033112677687,0,1,0,1.0,0.0559999999999997,0.4524474151906003
2961bcdf3b4ab421a4c18bf35f221c54,Fc1cc(F)c(-c2c(Cl)nc3ncnn3c2NCc2ccccc2)c(F)c1,0.5770999789237976,0.9093802571296692,0.446319195357236,2.596681,-1.1304281949996948,0.6903266429901123,0,0,0,0.0555555555555555,4.474100000000002,0.522999198883011
736a33e834c8a6fdba886a2a80aafc10,Nc1nc2c(ncn2-c2ccc(S(=O)(=O)N3CCCCC3)cc2F)c(=O)[nH]1,0.5364999771118164,0.7781941294670105,0.1932142248207872,2.566582,-5.580250263214111,0.8256733298301697,0,0,0,0.3125,1.0046999999999997,0.6846857091182482
70b126222d451b84b9b5ba218fac8090,O=C1C(c2cccc(F)c2)CCN1c1ccc(-c2cn[nH]c2)cc1,0.6037999987602234,0.8145409822463989,0.2668037969957698,2.849303,-10.673013687133787,0.7775393724441528,0,0,0,0.1578947368421052,3.7363000000000026,0.7987662679627747
51208a5485a35376e42a9e86fa2e65de,CC(CC1SCCCS1)=C(C)CC1SCCCS1,0.5835999846458435,0.8516392111778259,0.3299030742862008,3.880291,-4.834358215332031,0.4803461253643036,0,1,0,0.8571428571428571,5.4954000000000045,0.6272895936288091
eb66bd018c59ba7d9f820a39e3a21789,CCCC(C)C(=O)Nc1nc(C)c(-c2csc(Nc3cc(OC)ccc3OC)n2)s1,0.5284000039100647,0.9139622449874878,0.3850124654444781,2.935891,-9.243504524230955,0.7776643753051757,0,0,0,0.3809523809523809,5.710520000000004,0.4377951625621402
efad2525cc82b19397dcd244119abf67,NCCC(=O)Nc1ccc(-n2nc(C(F)(F)F)cc2-c2ccc(-c3ccc(C(F)(F)F)cc3)cc2)cc1,0.7699000239372253,0.9985369443893432,0.5304580466313795,2.424061,-2.9056246280670166,0.9345054388046264,0,0,0,0.1538461538461538,6.531200000000005,0.2852068748581064
ce9eaf706fbb0f437a1e99dcb47d57e1,CC1CC(N=S(C)(C)=O)CN(c2ccnc(-c3cnc4ccc(C#N)cn34)n2)C1,0.6370999813079834,0.8498815298080444,0.3619696050882339,4.099771,5.641960620880127,0.9547189831733705,0,0,0,0.4,2.6053800000000003,0.6592009486855117
a51451ad5a3131b452de529bbf6d108b,CNC(=O)C1CC2CN(C(=O)c3ccc(C)nc3)CC2N1C(C)C,0.4147999882698059,0.1652840971946716,0.0348554759032347,3.65776,-7.905141830444336,0.3196664467453957,0,0,0,0.6111111111111112,1.0593199999999996,0.8999280785353514
c04c92969c3c695e8c5ed32b179f2187,O=C(COC(=O)c1cnc(Cl)c(Cl)c1)NCc1ccco1,0.4426999986171722,0.7640236020088196,0.1194087001071734,2.156464,-12.275321006774902,0.028251345269382,0,1,0,0.1538461538461538,2.4546,0.6730468784717434
f8b05b8ddd16e71356bf4209e951555b,CC(C)=C1C2CCC1C(C(=O)Nc1cc(C)cc(C)c1)C2C(=O)O,0.5187000036239624,0.8926757574081421,0.1780225993557409,4.239947,-7.473363399505615,0.0617080003023147,0,1,0,0.5,3.9351400000000023,0.8265608870938844
9428664684466cbf12fa366d24f10265,CN(C)Cc1cc(CC2(NCc3ccc(C#N)cc3)COC2)no1,0.3912000060081482,0.610213041305542,0.1018889761445197,2.829005,8.907163619995117,0.5993673503398895,0,0,0,0.4444444444444444,1.70918,0.8347919724678998
e2b6ea775f5577ee875843c586e0cc74,CCCc1cnc(-c2ccc(-c3ccc(OCC(C)(C)C(=O)O)cc3)nc2)[nH]1,0.6449999809265137,0.968643307685852,0.3449831374666907,2.521261,-6.932432651519775,0.4880171179771423,0,0,0,0.3181818181818182,4.580800000000002,0.5979500228032895
8c3b0e0ff8d5dfc996352449e37134b8,COc1cc(C=O)ccc1OCCCOc1ccccc1C(=O)O,0.511900007724762,0.9211884140968324,0.069341901351105,1.912616,3.1972503662109375,0.121300258487463,0,1,0,0.2222222222222222,3.0538000000000007,0.561962889364252
51c1b9aa206c38d7d749c656e4daa15e,CCCCn1c(=O)c2nc(C=Cc3cc(OC)c(OC)c(OC)c3)[nH]c2n(CCCC)c1=O,0.5583000183105469,0.9140331745147704,0.179409426044334,2.806329,-2.765174150466919,0.9333512187004088,0,0,0,0.4583333333333333,3.6827000000000023,0.4724035286456052
f5367bbda67c3f7c32c0c52c4776535c,CN(CCCCc1ccccc1)CC(O)c1ncc(-c2ccccn2)o1,0.5006999969482422,0.8675153255462646,0.4008551239967346,2.907264,4.5161967277526855,0.9517355561256408,0,1,0,0.3333333333333333,3.724700000000003,0.5953465872907064
4b016651bec7ef68d4f9444eea752412,CN(C)c1nc(C(F)(F)F)nc2c1ncn2Cc1ccc(Cl)cc1NC=O,0.6514999866485596,0.9538483023643494,0.3858526051044464,2.924339,-0.3448669612407684,0.6759389102458954,0,1,0,0.25,3.1811000000000007,0.6679464623157538
d259cff5f9d06beddbdb15f43653fda6,Cc1c(C(=O)Nc2ccc(N3CCOCC3)cc2)cccc1[N+](=O)[O-],0.4762000143527984,0.7833162546157837,0.2608893371441148,1.927634,-10.96318531036377,0.468818324804306,1,1,0,0.2777777777777778,2.9921200000000017,0.6824716710518982
08d027e92be3f132b05b7c7b4d1823d3,Cc1[nH]c2ccc(OC(F)(F)F)cc2c1CCNCc1cccc([N+](=O)[O-])c1,0.7261999845504761,0.9931416511535645,0.5390785526145588,2.401434,-9.590699195861816,0.9695193290710448,1,1,0,0.2631578947368421,4.615420000000003,0.3488550548568635
8032192de01b031f6ad04fc91039e015,CCOC(=O)c1cccc(NC(=O)c2ccc(N(C)C)cc2)c1,0.3801999986171722,0.5033271908760071,0.1177893098105083,1.658383,-7.37197732925415,0.5064758718013763,0,0,0,0.2222222222222222,3.181600000000002,0.8615303815238742
d2bfb9abdd4faaa62bf27556d57dcc56,COc1cccc2c(O)c3c(cc12)CC1CC2C(N(C)C)C(O)=C(C(N)=O)C(=O)C2(O)C(O)=C1C3=O,0.8442999720573425,0.99850732088089,0.1825134595009413,4.268035,13.16114330291748,0.492118775844574,0,1,1,0.3461538461538461,1.2823999999999995,0.3943710746152043
9bd6d7dbd7e6ab3018a5c0b8c961af1d,COCC(C)NS(=O)(=O)c1ccc(F)c(Br)c1,0.4406000077724457,0.7474625110626221,0.1239572150463407,2.569653,-9.251822471618652,0.178297571837902,0,0,0,0.4,1.9014,0.8991552861440963
14bafb0a1b8af9954ebb22e0d4299857,COC(C)c1c(Nc2ccc(C(N(C)C(=O)C3CCN(C(=O)C(O)CO)CC3)C(F)(F)F)cc2)cnc2sc(C)nc12,0.6909999847412109,0.9421730637550354,0.2460399839011105,4.314866,-4.186707496643066,0.9304588556289672,0,0,0,0.5,4.104320000000004,0.3309935347525962
db15d020e991eecb11e336e34f32afc5,CC(C)(C)OC(=O)c1[nH]c2ccccc2c1Sc1ccccc1,0.5163999795913696,0.9824922680854796,0.2470614950765263,2.186902,-10.114733695983888,0.4384805917739868,0,0,0,0.2105263157894736,5.274400000000004,0.6666249721789389
8e28c3d3220d14d38c53f2b1223d5ad8,OC1(Cc2ccc3ccccc3c2)c2ccccc2C2=NCCCN21,0.5831999778747559,0.9701185822486876,0.262098109180277,3.000555,3.816182851791382,0.9515435695648192,0,0,0,0.2272727272727272,3.693500000000003,0.7785854436659309
47abec351376f10fc6d9779108a1d371,COc1ccccc1C1CC(O)=Nc2c1ncn2-c1cc(F)cc(F)c1,0.5800999999046326,0.9573622941970824,0.3603941012512553,3.34268,-9.070908546447754,0.878140103816986,0,0,0,0.1578947368421052,4.282700000000003,0.7626991148690636
c3c5316f72b8eac14270bce840c0f3fd,Cc1nn(C)c(C)c1-c1ccnc(N2CCN(Cc3cccc(F)c3)C(=O)C2)n1,0.5809999704360962,0.7595726847648621,0.1352195966650139,2.550953,-7.389488220214844,0.8457855463027955,0,0,0,0.3333333333333333,2.48184,0.680181206452621
eef303dde6067e426d3204ff2445103f,CCOC(=O)N1CCN(C(=O)COc2cccc3c2CCN(Cc2ccc(F)cc2)C3=O)CC1,0.4970000088214874,0.517610490322113,0.0462990220191634,2.342727,-9.438462257385254,0.8847756028175354,0,0,0,0.4,2.7037000000000013,0.6501651912346529
470b6c8a7ae6eaf45ca4298772dd183d,Cc1nc(NC(=O)N2CCN(C3CCCC3)C2=O)ccc1Oc1ccnc(-c2cnn(C)c2)c1,0.6189000010490417,0.7863932251930237,0.2942272167314183,2.918049,-4.816483497619629,0.5819385349750519,0,0,0,0.375,4.189920000000003,0.610794793746287
9900ce1bfc97866a3f4ff07f1efae37e,CCn1c(C(N)=O)c(-c2ccccc2C(F)(F)F)c2c1-c1ccncc1OC2(C)C,0.6761999726295471,0.9637042880058287,0.397987505251711,3.083012,2.675791025161743,0.8818607449531555,0,0,0,0.2727272727272727,4.982200000000004,0.6557786932015012
4e74738cea2049ba178f6ffc61072814,O=C(O)c1cc(-c2ccc(OC(F)(F)F)cc2)cc(Cl)c1O,0.7965999841690063,0.9986534714698792,0.1491072824732824,2.090831,-10.230536460876465,0.0860681075602769,0,0,0,0.0714285714285714,4.309400000000002,0.8786165561688866
402cf3d1e061f242184dcd12db0ed590,CC(C)OC(=O)C(C(=O)C(F)(F)F)c1cc(NS(=O)(=O)c2ccc(Cl)cc2)ccc1O,0.7003999948501587,0.99257093667984,0.2440074479038065,3.00479,-9.171733856201172,0.3736275345087051,1,1,0,0.2631578947368421,4.013000000000003,0.3525348560575508
dd7508b13df928c0a1ab188d7565eb83,COc1ccc(-n2cnnn2)cc1OCc1csc(C2=CCN(C(=O)OC(C)(C)C)CC2)n1,0.5163999795913696,0.8260964155197144,0.0752053349490531,2.822919,-6.800717830657959,0.4035555690526962,0,0,0,0.4090909090909091,3.7306000000000026,0.5367074988397247
244d2c29db940aa0d765eb810e21ac36,c1ccc(COc2ccc(C3CCCCC3)cc2)nc1,0.4519999921321869,0.9527688026428224,0.2412597320296547,1.787634,-5.097400665283203,0.2867978289723396,0,0,0,0.3888888888888889,4.708300000000004,0.8001089652525673
b5eca2ffca8d2899472d30238d8a6082,COc1ccc(-c2nc(COC(=O)C(Cc3ccc(N(CCCl)CCCl)cc3)NC=O)cc3c2[nH]c2ccccc23)cc1,0.6366999745368958,0.98915833234787,0.494504915042357,3.419878,2.3896961212158203,0.9396754503250122,1,1,0,0.2424242424242424,6.076200000000005,0.0889680660592919
3ae1338dc0e55cd0ddcb9f64f5b6adf1,NC(=O)c1ccc(-c2cncc(N3CCN(CCO)CC3)n2)cc1,0.4083000123500824,0.5700444579124451,0.1226163848557255,2.176714,2.3858914375305176,0.591190105676651,0,0,0,0.3529411764705882,0.3567999999999998,0.8229933844333204
3958c892b7951887862b6d4908b19457,CC(=O)c1ccc(NC(=O)CN2CCN(C)CC2)cc1,0.2542999982833862,0.3722680807113647,0.0502787566828456,1.663085,-7.600716590881348,0.3859725475311279,0,0,0,0.4666666666666667,1.0750999999999995,0.8353793052539193
8bb4d2b013b14f3833e44902791578b9,NCCN(Cc1ccncc1)Cc1ccncc1,0.36039999127388,0.8004570007324219,0.0658203070930043,2.133617,-10.673882484436035,0.6596183776855469,0,0,0,0.2857142857142857,1.4374999999999996,0.8324384251657337
27e33d25ada51c4f9116410e7f34bdb2,CCCCN1CCC(CCC(O)c2cc(OCCC)nc3ccc(OC)cc23)C(CC)C1,0.7462999820709229,0.9117318391799928,0.4376808215271343,3.551491,8.775171279907227,0.9537808537483216,0,0,0,0.6666666666666666,5.994000000000007,0.4371968156168649
a011dd9597c2e69cd834fee97cf816aa,COc1ccc(N2C(=O)CC(n3c(CCCCO)nc4ccccc43)C2=O)cc1,0.4291000068187713,0.7794696092605591,0.1355490698055787,2.736481,-8.022150039672852,0.7444289445877075,0,1,0,0.3181818181818182,2.8645000000000014,0.4928616405748474
5026a1a59d7c0d75051ecbac442a50c4,CC(C)CN(CC(C)C)CC(NC(=O)C1Cc2ccc(O)cc2CN1)C(C)C,0.5101000070571899,0.6542731523513794,0.1814276433803818,3.493664,-0.915012001991272,0.9113187074661256,0,0,0,0.6956521739130435,3.1613000000000007,0.6069919379250059
daa4bfc98c7a06af4ac94c11fe1be09c,COCC1C(C)n2cc(-c3nnc(Cc4ccc(F)cc4)s3)c(=O)c(O)c2C(=O)N1C(C)C,0.6625000238418579,0.7526065707206726,0.1692503487521952,3.909375,-8.909419059753418,0.5411021769046783,0,0,0,0.391304347826087,3.2425000000000024,0.5916160561469685
e13a729b937c822fd5ddd176363670ec,Cc1ccc(NC(=S)N2N=C(c3ccc(O)cc3)CC2c2cccs2)cc1,0.5307999849319458,0.9832561612129213,0.3067695931954817,2.799257,-11.76602554321289,0.6293752431869507,1,1,0,0.1428571428571428,5.310220000000005,0.5921582936313621
6d75caa88ee94ce79316c1bbeaa3c40c,CC(C)CC(Nc1ccc2cc(C(F)(F)F)ccc2n1)c1ccc(C(=O)NCCC(=O)O)cc1,0.6929000020027161,0.9915122389793396,0.2700830223885449,2.866589,-10.474119186401367,0.6659061253070832,0,0,0,0.32,5.657400000000005,0.3732131162167599
fa9fbfd706b5cd0f1ce4af66873c1e99,CC(C)(C)n1nnnc1C(c1cccc(F)c1O)N1CCc2ccccc2C1,0.4717999994754791,0.9645621180534364,0.1681943572078704,3.047156,-11.518445014953612,0.6498756527900695,1,0,0,0.3809523809523809,3.4205000000000023,0.752987755418487
b39b2cb5bdc1579fbeb5f52d447e18bc,O=Cc1cccc(C=NNC(=O)c2ccncc2)c1,0.3115000128746032,0.8018941879272461,0.1210091720250519,2.115993,-3.0225863456726074,0.1810905933380127,0,1,0,0.0,1.658,0.5114077858128317
8955f678869df0bbe7a4bb9090b7518c,CCOc1cc(C(=O)NC2CCCCCC2)ccc1OCc1cccnc1,0.4467000067234039,0.6235762238502502,0.182047195055268,1.965983,-7.732222557067871,0.4445843815803528,0,0,0,0.4545454545454545,4.511900000000004,0.7305177336538643
5ed8dec18cdaa42b55e956a4f8d49ade,COc1ccc(-c2nnnn2-c2cc(OC)c(OC)c(OC)c2)cc1OC,0.3501999974250793,0.8696836829185486,0.1233361583965068,2.198615,-7.12630558013916,0.2623823001980782,0,0,0,0.2777777777777778,2.3723,0.6244064443703392
a7f0e66d38c47494d7c9d37386fa3468,O=S1(=O)CC(O)C(Nc2ccc3c(c2)OCCO3)C1,0.4223000109195709,0.6222229599952698,0.0959773796864531,3.203901,-6.274785995483398,0.2025054045021534,1,0,0,0.5,0.0275999999999994,0.7971297649897391
a39276943b85599834f07fe52916898a,O=C(Cn1cc(-c2ccc(Cl)cc2)nn1)Nc1nccs1,0.455700010061264,0.8943207263946533,0.0786891007287935,2.198913,-6.9280595779418945,0.0830036051571369,0,0,0,0.0769230769230769,2.6937,0.802147715711123
7020dd8ff1f5082c1b4a81d5562d7cc5,CC(C)(N)Cc1ccc(Br)cc1,0.4774999916553497,0.9329009652137756,0.0998249329965223,1.980078,-3.755924940109253,0.4668357014656067,0,0,0,0.4,2.728900000000001,0.8269390019859757
14307e262c191474b3a350eadde4fcc1,CC(C)(C)CC(NC(=O)C(Cc1ccc(F)cc1)NC(=O)c1cnccn1)C(=O)N1CC2(CC1C#N)C(=O)Nc1ccccc12,0.6467000246047974,0.8822187185287476,0.168224731629545,4.635751,-0.3193701803684234,0.9183890461921692,0,0,0,0.3636363636363636,2.89238,0.353538062649588
b8bd75ec1fe27d3bc4afb09d59efccf2,CCc1ccc(-c2cc3c(=O)n(CC(=O)NCCN4CCCCC4C)nc(C)n3n2)cc1,0.4993000030517578,0.6680117845535278,0.129473900930448,3.016081,-10.835501670837402,0.8936764121055603,0,0,0,0.5,2.4194199999999997,0.6149324919379361
959a6193d109520294eb4696ec325c93,COCc1c(C(=O)N2CCCC(C)C2)cnn1-c1nccc(-c2cc(C)sc2C)n1,0.6089000105857849,0.6929717659950256,0.1929022236303849,3.202885,-7.594618797302246,0.8046993136405944,0,0,0,0.4545454545454545,4.026140000000003,0.6171435653040799
a6467c2d337d091e3c5f91d01b1ae757,O=S(=O)(c1ccc2c(c1)CCCN2)N1CCCC2CCCCC21,0.5174000263214111,0.6496585607528687,0.1536177268082445,3.099636,-10.461539268493652,0.8159849524497986,0,0,0,0.6666666666666666,3.3880000000000026,0.9017654593613385
9be2a97a44e5d35e36e6cadc39dac6bf,CC1(C)CCC2(C(=O)OCC(=O)O)CCC3(C)C(=CCC4C5(C)CCC(O)C(C)(C)C5CCC43C)C2C1,0.6844000220298767,0.9858261942863464,0.1848757266998291,4.683298,10.405272483825684,0.338325235247612,0,1,0,0.875,6.776800000000009,0.3204239597108937
429da14246e07906c110d18846f3a398,Cc1cnn(-c2cc(NN=Cc3ccccc3)ncn2)c1,0.3416000008583069,0.8656962513923645,0.1444470411674543,2.458028,-0.0674899518489837,0.2960121244192123,0,1,0,0.0666666666666666,2.4167200000000006,0.5875752969829009
d41dff846aba6f0ad4bc3a80a923b19a,Cn1c(NC(=O)c2ccco2)cc(=O)n(C)c1=O,0.2964000105857849,0.5827130675315857,0.0557821453548967,2.306243,-7.754027366638184,0.0451187562197446,0,0,0,0.1818181818181818,-0.0707000000000002,0.8067112052064371
2fb069037c94565abc5b68fa6d6772f5,COc1ccc(C2=NN(C(C)C)C(=O)C3CC=CCC23)cc1C#CC(=O)NCC1CCCO1,0.586899995803833,0.727558970451355,0.2199881015853448,4.098393,-6.953041076660156,0.7417577505111694,0,1,0,0.5,2.8790000000000013,0.5537956736847259
5168d61978291b39a6d7b7fefc7e796b,N#Cc1cnn2c(Nc3ccc(F)c(Cl)c3)cc(CN(CCCl)CCCl)nc12,0.6383000016212463,0.9777258038520812,0.5818269984288649,2.943333,4.267003059387207,0.94937881231308,0,1,0,0.2777777777777778,4.416680000000003,0.524195880106776
b3b25fe840b7c83f931bd0598f4643f0,CCOc1ccccc1OCC(=O)Nc1ccc2[nH]c(O)nc2c1,0.42739999294281,0.7419090270996094,0.1342738565396178,2.160597,-8.524786949157715,0.7528244853019714,0,0,0,0.1764705882352941,2.6846999999999994,0.6466507109151984
e5079cf8a203df62191f65e748d47081,CS(=O)(=O)Nc1ccc(C2=NN(S(C)(=O)=O)C(c3ccc4c(c3)OCO4)C2)cc1,0.4666999876499176,0.8268555998802185,0.049571682064032,2.971293,-6.301438331604004,0.8185520529747009,0,0,0,0.2777777777777778,1.8975,0.7641167900243512
e3da60a4e5edc8f553ed6ff8d239c137,CC(O)C1CCN(c2cc(N3Cc4ccccc4-c4ccccc4C3)ncn2)C1,0.590499997138977,0.9543889760971068,0.4619554389606822,3.237795,-5.463541507720947,0.9515919923782348,0,0,0,0.3333333333333333,3.8709000000000024,0.740541762335941
203cca13c7cb2918ed651d57c94490ef,CCN1CCN(C(=O)C2CCCN(C(=O)c3nnc(C(=O)Nc4ccc5c(c4)OCO5)s3)C2)CC1,0.4851999878883362,0.3877249956130981,0.0598159879446029,3.049599,-10.800822257995604,0.7281616687774658,0,0,0,0.5217391304347826,1.535399999999999,0.6571178728212824
3b37caccb417df95daf61c3761e22923,COc1cc(C)c(-c2cc(O)cc3cc4c(c(O)c23)C(=O)c2c(O)cc(O)cc2C4(C)C)c(O)c1,0.7882999777793884,0.9977805018424988,0.4037944958968596,3.119357,11.43998908996582,0.8117385149002075,0,0,0,0.1785714285714285,5.2221200000000065,0.2705350600105536
09c1d51e149f70c8fb2d5555b04537b8,COc1c(C)c2c(c3c1C(=O)OC3OC)COC(C)(C)O2,0.5842000246047974,0.9199005961418152,0.2625030583956025,3.720148,9.798792839050291,0.1923369284719228,0,0,0,0.5333333333333333,2.4641200000000003,0.7807702080067682
b2b4952245541c73df3e4a07878f4a11,Cc1nc(CN2CCCC(CCc3cccc(C(F)(F)F)c3)C2)co1,0.6258000135421753,0.901398539543152,0.2919636043635281,2.859075,-3.382215976715088,0.9817363381385804,0,0,0,0.5263157894736842,4.846620000000005,0.7705103291779385
d6a995830bd7a76556870b865173464f,COc1ccccc1CC(=O)c1cn(CCCCC(=O)O)c2ccccc12,0.5388000011444092,0.8501214981079102,0.1488839956847104,2.087989,-9.57402229309082,0.2710404843091964,0,1,0,0.2727272727272727,4.330200000000003,0.4525953591727877
6153fa09f9dcfc18b23f483f9bdf69e8,CC(=O)C=CC=C(C)C=CC1C(C)=CC(O)CC1(C)C,0.4745999872684479,0.9636313915252686,0.1954794395714998,4.091261,8.032785415649414,0.1758202657103538,0,1,0,0.5,3.987400000000003,0.4779822429143191
b5b2bd6593c604800fbbf5f5fc544395,O=C(CCc1cccc2c1OCO2)NCC12CC1COC21CCC1,0.4736000001430511,0.5578015446662903,0.1189184310761365,4.256375,-2.1311380863189697,0.5379781365394593,0,0,0,0.631578947368421,2.4233,0.9012820904557604
f33a07a22a6689b7a254f904a99eea97,COc1c(O)cc(O)c2c1C(=O)c1ccccc1C2=O,0.5460000038146973,0.9964408278465272,0.3031165897846222,2.194434,10.868145942687988,0.3289288535714149,1,0,0,0.0666666666666666,1.8817999999999997,0.7049904750973729
725d433eec32e28733c9a2d09dba5437,CN(CCCC(O)c1ccc(F)cc1)CCN(C)Cc1ccccc1,0.4656000137329101,0.9101817011833192,0.545384404334155,2.517949,-6.440357208251953,0.988122570514679,0,0,0,0.4285714285714285,3.7031000000000023,0.7117973783786046
8ad13877c3a493c942461b3f567be5f9,COc1ccccc1-c1nnc(S)[nH]1,0.3878999948501587,0.8568710088729858,0.0515672445127909,2.681076,-5.114422798156738,0.0214107207953929,0,1,0,0.1111111111111111,1.7689999999999997,0.7377741773311979
c7ff95808fed3bb49f1746b139d058cd,O=C(C=Cc1cccc(F)c1)NCC12CC(CN1Cc1ccccc1)C2,0.5784000158309937,0.91607004404068,0.4756009253588589,3.279569,-8.770590782165527,0.9731258034706116,0,1,0,0.3181818181818182,3.6197000000000026,0.8072807522248339
c58f6d2096842bdae38d937f31a7ca09,O=C(O)c1cc(-c2cccc(-c3nccc(-c4ccoc4)n3)c2)ccc1F,0.6714000105857849,0.9888781309127808,0.1441911635073748,2.348353,-4.453224182128906,0.2786365211009979,0,0,0,0.0,4.907900000000003,0.5596143709102659
ae45bf730330571ed0a3984ebfb3a310,Cc1ccc2c(c1)C1CN(C)CCC1N2C(=O)c1cccc(S(=O)(=O)N(C)C)c1,0.4643000066280365,0.5531880855560303,0.1423313143578442,3.133342,-3.1972105503082275,0.9052255630493165,0,0,0,0.4090909090909091,2.6934200000000006,0.776318414277987
a06bf542c13cb3dfa3029b609fb86604,COc1cccc2oc3c(Cl)c(O)c(C4CCCC(C)O4)c(O)c3c(=O)c12,0.696399986743927,0.9904069900512696,0.3638466704975475,3.667873,7.8810601234436035,0.5041492700576782,0,1,0,0.35,4.649500000000003,0.6189566227215911
879b6b14f647e83c4d2c9c7721b359bf,CNC(C)C(=O)NC(C(=O)N1c2ccccc2CC1C(=O)Nc1ccccc1C(=O)c1ccccc1)C(C)C,0.5831999778747559,0.8772814869880676,0.369414053180001,3.343081,-2.765061140060425,0.7729479789733886,0,0,0,0.2903225806451613,3.562700000000003,0.3697699012343307
803c29ed61938f8a89f563d50977f2bd,CN1CCN(C(=O)c2cc(-c3ccc(O)cc3)n(-c3ccccc3)n2)CC1,0.4431000053882599,0.7682995796203613,0.1209384043785658,2.093295,-6.156598091125488,0.832778537273407,0,0,0,0.238095238095238,2.632500000000001,0.7780839464601297
c14b4f46b50986ce65bfb54f504648e1,Cc1ccc(NC(=O)C(O)C(O)C(=O)N2CCC3(CCNC3=O)CC2)cc1,0.3407000005245209,0.600807249546051,0.066716075620868,3.710948,-5.198667526245117,0.3342562168836593,0,0,0,0.5263157894736842,-0.2159799999999994,0.5803692827427203
7519be3ad1a9a28ce03e802e17ed9c23,CCCC(=C(C#N)C(N)=O)c1ccccc1,0.3650000095367431,0.9449123740196228,0.1418386044150049,2.452721,-3.0692074298858643,0.1101125070825219,0,1,0,0.2307692307692307,2.24918,0.6166244975627444
bb19dcc0e6a54fab419e9c01bddbf1bd,COc1nc(C(=O)c2cc(OC)c(OC)c(OC)c2)c2sccc2n1,0.5206999778747559,0.904176950454712,0.2592855001037771,2.49503,-6.617851257324219,0.4404856383800506,0,0,0,0.2352941176470588,2.9567000000000014,0.6252819286154301
ab4f23f19b1975aec6db1eccb55a1405,CSC(C1c2ccccc2N(C)C2=NC(=O)N(C)C(=O)C21Cl)S(=O)(=O)c1ccc(C)cc1,0.6646000146865845,0.9173450469970704,0.1206899898296052,4.228217,-2.8327817916870117,0.8704751968383789,0,1,0,0.3181818181818182,3.659520000000003,0.6064456170791199
115e666ad4f5b7a9407aa65a9f189da1,CC(=O)OCC12CCC(C)=CC1OC1C(O)C(OC3OC(CO)C(O)C(O)C3O)C2(C)C12CO2,0.6654999852180481,0.9617310166358948,0.2040575078942559,6.314952,8.783429145812988,0.1384671613574028,0,1,0,0.8695652173913043,-1.621699999999996,0.172034886837358
af42bbb0b6a1c4ce2730ed79e8f5a6b2,CN(C)C1C(O)=C(C(N)=O)C(=O)C2(O)C(O)=C3C(=O)c4c(O)cc(C5CCCN5)c(F)c4CC3CC12,0.8431000113487244,0.9974771738052368,0.1810913048684597,4.721051,11.064675331115724,0.2101891104131937,0,1,1,0.48,0.6842000000000004,0.3256797630765832
07ea98524340eedb4b4877dfe974bb93,COc1ccc(OC)c(CCNC(=O)c2cnn(-c3ccccc3)c2C2CCN(C(=O)OC(C)(C)C)CC2)c1,0.4751999974250793,0.7485024333000183,0.1344409226016565,2.50197,-9.444865226745604,0.8802635669708252,0,0,0,0.4333333333333333,4.976500000000005,0.4382541646494989
bc477af6e4c148a6617ff3f0d77f4ec5,C=C1C(=O)OC2C1CCC(COC(=O)c1coc(-c3ccc(Br)cc3)c1)=CCCC1(C)OC21,0.6610000133514404,0.9470433592796326,0.4085148870944977,4.729315,7.235507965087891,0.4595408320426941,0,1,0,0.3846153846153846,5.621600000000005,0.2286259614229414
3f42341791923480b4737930b30a854a,Cc1nn(C)c(C)c1C(C)NC(=O)CCc1ccc2c(c1)CN(C(=O)NC(C)C)CCO2,0.4359999895095825,0.5052595734596252,0.0473791262642903,3.052809,-11.129556655883787,0.5580686330795288,0,0,0,0.5416666666666666,3.159340000000002,0.7207779263312362
c879a5ae947fa0e9b33d59dba049376a,Cc1c(-c2ccncc2)c2cc(C(=O)NC(C)(C)C)ccc2n1CC(F)=CCN,0.5918999910354614,0.96598881483078,0.2041372934525663,2.802701,1.3544063568115234,0.928329610824585,0,0,0,0.3043478260869565,4.352120000000002,0.6755837404684834
05ec7cb75db3976e07e12e5a06ce5901,O=C(Nc1ccccc1N1CCN(C(=O)c2ccc(Cl)cc2)CC1)c1cc(Br)ccc1Cl,0.6779999732971191,0.9695952534675598,0.28347178616307,1.987859,-7.391990184783936,0.9059602737426756,0,0,0,0.1666666666666666,5.970600000000005,0.4499988031193791
38e852cae71783e167496dbaf9a737f7,O=C(Nc1cccc(Br)c1)c1cccc(OC(=S)N2CCOCC2)c1,0.5246000289916992,0.7496963739395142,0.2284730090336366,2.203753,-7.098976135253906,0.7199883341789246,0,1,0,0.2222222222222222,3.697300000000001,0.7666016786973839
f0fee88ee31585cf86b8d6e7c35ac2e4,CCN(CC)CCNC(=O)c1ccc(N2CCN(c3ccc(Oc4ccccc4)cc3)C2=O)cc1OC,0.6140000224113464,0.8692584037780762,0.3344879096204584,2.399127,-9.66069793701172,0.9552925109863282,0,0,0,0.3103448275862069,5.0057000000000045,0.3992380701801208
2d611db8700dffb04f4d20e9a7b2aec5,CCOC(CC)CNC(=O)c1ccc(CN(C)C)o1,0.2313999980688095,0.2128796577453613,0.1227036373351107,2.863965,-10.34607219696045,0.5403434216976166,0,0,0,0.6428571428571429,1.8861,0.781953438589634
d21afdca441d1f87a83d0e3d6d047bb0,CN(C)C1C(O)=C(C(N)=O)C(=O)C2(O)C(O)=C3C(=O)c4c(O)cc(C5CCCN5)cc4CC3CC12,0.8220999836921692,0.9977975487709044,0.1703220238401131,4.595987,12.785237312316896,0.171076637506485,0,1,1,0.48,0.5451000000000017,0.3355124808087705
cda4f457eb1d699ea06f1460d6305b46,Cc1n[nH]c(C(C#N)=Cc2ccc([N+](=O)[O-])o2)n1,0.5924999713897705,0.978036105632782,0.2451758137480779,3.288623,-7.6140642166137695,0.0706305295228958,0,1,0,0.1,1.6784999999999997,0.498249104874276
a0c22ce359ca67aa3a6973689cab67e9,O=C1C(=Cc2cc(O)c(O)c(Br)c2)SC(=S)N1c1cccc(C(F)(F)F)c1,0.7739999890327454,0.9984313249588012,0.3879782083359631,2.566438,-4.673382759094238,0.7313101291656494,1,1,0,0.0588235294117647,5.284900000000004,0.3508786333663815
6d12e19c0c14ffc8967f0f2beb0e511d,COc1ccc(CNC(=NO)c2ccc(Oc3cccc4c3CCCC4)nc2)cc1,0.5934000015258789,0.9329501390457152,0.3802280615676533,2.545591,-4.174891948699951,0.8850467681884766,0,1,0,0.25,4.686900000000003,0.2703285283870559
a45d9c1028b4d2f1225f097904693331,CC(=O)N1CCC(C(=O)Nc2cnc(Nc3ccc(OC(C)C)c(F)c3)n(Cc3ccc(Cl)cc3)c2=O)CC1,0.66839998960495,0.9491048455238342,0.1831060498952865,2.653757,-1.4021135568618774,0.7546104431152344,0,0,0,0.3571428571428571,4.811900000000004,0.4130502321238164
f2b9953d0ecad2b5fee112c6799a1cde,COc1cc(CNCCSc2nnnn2C)ccc1OCc1ccc(C)cc1,0.4334999918937683,0.8641375303268433,0.1337778509253191,2.192137,-11.27524471282959,0.6086313128471375,0,1,0,0.35,2.9880200000000015,0.4148917714649635
79a9fb15457f2e03c733517ad43c3e59,CC(C)n1cc(-n2cc3nc(N4CCOCC4)[nH]cc-3c2=O)cn1,0.5227000117301941,0.5772383213043213,0.2114547172730619,3.150003,-9.5806884765625,0.554675555229187,0,0,0,0.4375,1.2794,0.7831812970961043
5a91d926722e7e6667f78975af431c12,Cc1ccc2c(c1)c1c(n2CC(=O)O)CCC(N(C)c2ncc(Cl)cn2)C1,0.6783999800682068,0.9164440631866456,0.226522761312398,3.208815,-5.337464332580566,0.167954109609127,1,0,0,0.35,3.471420000000002,0.7452861397029338
065cc77b24c1d27b2772564490a355c5,CCCn1ncc(-c2ccnc(NCc3coc(-c4ccccc4)n3)n2)c1C,0.5958999991416931,0.9196959733963012,0.2855043858289718,2.538618,-4.443971157073975,0.8667531609535217,0,0,0,0.238095238095238,4.3256200000000025,0.5185546937033721
db98d5c5fa793e424dbfc5b4f68fd430,Cc1ccc(OCC(=O)Nc2cc(C)nn2-c2nc(C)cc(O)n2)cc1,0.4514000117778778,0.9650419354438782,0.1545042646202174,2.339012,-4.563503742218018,0.4353336960077286,0,0,0,0.2222222222222222,2.3106599999999995,0.729668745547326
78706d1a7783c3550c8c51374068feed,CCNC(=O)C1OC(n2cnc3c(NNC(=O)c4cc(C)on4)nc(Cl)nc32)C(O)C1O,0.6116999983787537,0.8569117188453674,0.0759925568814982,4.031005,2.09687876701355,0.4387321531772613,0,1,0,0.4117647058823529,-0.7116799999999999,0.227587051606457
5be5a5c75dda3a6a1f91f059a1ae8a5c,CC1CCN(C(=O)COC(=O)c2cccc(NS(=O)(=O)c3ccccc3)c2)CC1,0.4034000039100647,0.6086018681526184,0.0618078922006216,1.987768,-6.444526195526123,0.562160211801529,0,0,0,0.3333333333333333,2.902700000000001,0.7311862158868702
a94ad919607dc06d907c71801fdd0956,CN(Cc1ccccc1)Cc1ccc(C(=O)c2ccc(NC(=O)CN3CCOCC3)cc2)cc1,0.5152999758720398,0.8219635486602783,0.228504673323848,2.027931,-6.553071022033691,0.9064435720443724,0,0,0,0.2857142857142857,3.8203000000000022,0.495220363167547
835f44a3046d946f9d5358dd848968c2,CCN(C(C)=O)c1cc([N+](=O)[O-])cc([N+](=O)[O-])c1,0.5220000147819519,0.9236156940460204,0.1137211163612929,2.421735,-5.657537937164307,0.1428556110709905,0,1,0,0.3,1.8757999999999997,0.6009355501493868
88467216571e73845ab0d4a5370a68f0,CC(C(=O)O)N1CCc2nc(OCc3cccc(-c4ccccc4F)c3Cl)ccc2C1,0.7544000148773193,0.9791992902755736,0.2452046735720201,3.032941,-1.1559964418411257,0.4125265598297119,0,0,0,0.25,4.951300000000004,0.5871447990588687
4882c4ab925e46f8ab7009994d7dc081,C=CCCCCCCCCC(=O)NC1CCC(=O)NC1=O,0.5090000033378601,0.8753280639648438,0.0886364663866433,2.786071,-0.5183272361755371,0.1159629251807928,0,1,0,0.6875,2.2145999999999995,0.368365378249656
c8e74cd35bdc68aaf25886b46663e21b,C=Cc1ccc2c(c1O)C(=O)C1=C(O)C3(O)C(O)=C(C(N)=O)C(=O)C(N(C)C)C3C(O)C1C2C,0.8260999917984009,0.9989967942237854,0.1122900658202442,4.716561,9.982577323913574,0.2936353147029876,0,1,1,0.375,0.2954000000000001,0.3383814103465498
48a613fe6cd26b135e4efc17d61af5e7,COc1cccc(CNC(=O)Cn2nc(-c3ccc(Cl)cc3)ccc2=O)c1,0.4932000041007995,0.7936393618583679,0.1557786803353916,1.946199,-11.151320457458496,0.5655160665512085,0,0,0,0.15,2.888700000000002,0.7099509215586097
4dae1ca32c03256a8fd758777b9d8337,NC(=O)c1ccc(N2CCC(c3cccc(C(F)(F)F)c3)C(N)C2)c2cncnc12,0.7544000148773193,0.9804623126983644,0.4911817176775498,3.40717,2.866935968399048,0.9471362352371216,0,0,0,0.2857142857142857,3.0687000000000006,0.6851918361922562
3ba4e4b6b881887a2f6433ae79565b73,CC(C)(C)C(=O)OCN(c1ccc([N+](=O)[O-])cc1Oc1ccccc1)S(C)(=O)=O,0.5275999903678894,0.93734210729599,0.1876632916656407,2.541435,8.727426528930664,0.8178186416625977,0,1,0,0.3157894736842105,3.699900000000002,0.2889857389796729
5dd3246877060a437ff9b99c29daf8f2,COCCOCCn1c2ccccc2c2cc(C=Cc3cc[n+](C)cc3)ccc21,0.6887999773025513,0.9861637353897096,0.5909186222336509,2.602877,-9.540970802307127,0.961487329006195,0,1,0,0.24,4.4524000000000035,0.3298720175716856
6e1f5ef860d19631648ba50fa95a16b3,CC(C)(C)c1cc(NC(=O)Nc2ccc(-c3coc4ncnc(N)c34)cc2)no1,0.5985999703407288,0.9741968512535096,0.5096974088387056,2.754296,2.5950210094451904,0.6632705688476562,0,0,0,0.2,4.401500000000002,0.4704660586927985
78ebfcea82236c7951104c560b185588,CC1CCCN(C(=O)NCCCn2cncn2)C1,0.2617000043392181,0.1336552500724792,0.0307475076988339,2.731426,-5.671043395996094,0.1711052207276225,0,1,0,0.75,1.1096999999999997,0.8153196740368992
826ae248e7d88db514d69161081c9c8d,CCCc1cc(C(=O)NC(C)C(O)c2ccc(O)cc2)n(C)n1,0.4106999933719635,0.698295533657074,0.1126042067665945,3.131404,-5.867979049682617,0.1465317957103252,0,0,0,0.4117647058823529,1.9301,0.759519142629879
dda075eb96274d97eaf4161c6e1283f4,COc1cccnc1C(CNC(=O)c1c(C)c(-c2ccccc2)nc2ccc(Br)cc12)CC(=O)O,0.6610999703407288,0.9811121225357056,0.1846147552132606,3.041626,-8.55359935760498,0.5966282069683075,0,0,0,0.1851851851851851,5.364620000000004,0.3155888735143047
8e95b333a8ce9b6ffd72cb933fba38f1,O=C(CNCC1CCCCC1)Nc1ccccc1N1CCCCC1,0.5584999918937683,0.761581301689148,0.2731310616840016,1.986704,-7.941924095153809,0.898383367061615,0,0,0,0.65,3.785300000000003,0.8345109480274321
48c7a9f1aade79f0dd9ef11ef01ccdea,Cc1cccc(OCC(O)CNc2ncccc2F)c1,0.4045999944210052,0.7120625972747803,0.3468113907358863,2.517516,-10.416264533996582,0.5551211178302765,0,0,0,0.2666666666666666,2.3809199999999997,0.8502714364884435
2dac900f9a7e8399301efde8d02be0e1,O=C(CCCCc1ccc(F)cc1)C(F)(F)C(F)(F)F,0.6157000064849854,0.9631807208061218,0.1702494402839378,2.209118,-9.669913291931152,0.5229715645313263,0,1,0,0.4615384615384615,4.305200000000002,0.5649017356777326
f3bbbe2435b2f2417de88f8ae9ef28be,Cc1ccc2c(c1)nnn2C1CCN(CC(=O)Nc2ccc(F)cc2)CC1,0.4383000135421753,0.6602651476860046,0.1555296426469629,2.146748,-9.923720359802246,0.8845181584358215,0,0,0,0.35,3.154420000000001,0.7694347413449963
