key,input,eos8lcw_consensus_score,eos3f8h_saureus,eos42ez_cytotoxicity_hepg2,eos9ei3_sa_score,eos9yui_np_score,eos7d58_herg,eos2xeq_has_pains,eos2xeq_has_brenk,eos2xeq_is_sim_known_ab,eos4djh_fsp3,eos4djh_clogp,eos4djh_qed
49c7a3d0cf94babd9e3cbd85a091b646,COc1ccc(CCN2C(=O)N(c3cnn(Cc4c(C)noc4C)c3)C(=O)C2(C)C)cc1OC,0.5299000144004822,0.643064022064209,0.0676888637244701,2.806027,-7.32373571395874,0.4840881705284118,0,1,0,0.4166666666666667,3.343340000000002,0.4682021771883642
6e358f879c7c0c54ffdff3afe006f69d,Cc1ccc(CNC(=O)c2cccc(C(C)Oc3ccnc(NN4CCN(C)CC4)c3)c2)cc1,0.5706999897956848,0.8448963761329651,0.2009742801839655,2.959685,-7.412229537963867,0.938389766216278,0,0,0,0.3333333333333333,4.034320000000003,0.5300528999084682
acf891f1f2327a9efb6e6230284d0a7f,CS(=O)(=O)CCCOc1ccc2c(c1)OC(COc1ccc(CCC(=O)O)c(F)c1)CC2,0.6362000107765198,0.9472640156745912,0.1322484788569537,2.998682,-5.770565032958984,0.6617476344108582,0,1,0,0.4347826086956521,3.429000000000002,0.5066925264011148
e24def8c985530660b2d1edfbe7a9a83,CN1CCN(c2ccc3nccnc3c2)CC1,0.3991999924182892,0.7937278151512146,0.120923597026955,2.011197,-10.542283058166504,0.5665019690990448,0,0,0,0.3846153846153846,1.3816,0.7378978753855242
3aac1870d8aab1e120404519b661b493,COc1ccc(-n2nnc(C(=O)NCC3CCCCC3)n2)cc1,0.3587999939918518,0.4929532408714294,0.1025933437049388,2.336833,-9.219955444335938,0.1508553355932235,0,0,0,0.5,1.9809999999999997,0.912091661618902
5ce83a0171fa78e111beab2a130988bb,O=C(C=C(O)C(F)(F)C(F)(F)F)c1cccnn1,0.4749000072479248,0.94848370552063,0.1422238016331737,3.2089,-0.9929585456848145,0.0252915821503847,0,1,0,0.2222222222222222,2.2988,0.3951883656894964
904c50601126f87af24f0c43c2a9782b,O=[N+]([O-])C(CN1CCOCC1)=NNc1ccc(Br)cc1,0.4469000101089477,0.8877285122871399,0.2010394971479069,2.638293,-3.1557438373565674,0.6039341509342193,0,1,0,0.4166666666666667,1.7833999999999994,0.3901831218214225
8f46e972c6c19860e92c951ed1c47e78,COCCn1cc(CC(=O)Nc2cccc(C)c2)c2cccnc21,0.3332000076770782,0.5086661577224731,0.18936665085229,2.132573,-4.901856422424316,0.7201124548912048,0,0,0,0.2631578947368421,3.172320000000002,0.7578653085052388
0d3010fe60b7f121466a3a2ef1214272,CC(=O)OC1C2OC2C(C)(O)C(=O)C(C)CC=CC2C3OC3(C)C(C)C3C(Cc4ccccc4)NC(=O)C213,0.633899986743927,0.95000559091568,0.3266282880848104,6.262075,8.412041664123535,0.2045771539211273,0,1,0,0.6333333333333333,2.3686999999999987,0.3548421387756871
88bb112ea6c431339e3712107dbc1784,CCC(=O)Oc1cc(O)c2c(c1)OC(c1ccc(OC)c(OC)c1)CC2=O,0.5559999942779541,0.9229884147644044,0.2019494446841153,2.899211,10.393784523010254,0.3337812960147858,0,1,0,0.3,3.431300000000001,0.6349172333257541
30f6a88a601adba6a243848749f08c56,CCN1C(=O)C2(SC(NC(C)=O)=NN2C(C)=O)c2cc(C)ccc21,0.5152999758720398,0.7959126830101013,0.0379566792398691,3.627386,-7.522526741027832,0.2003440871834755,0,0,0,0.375,1.5167199999999992,0.8357026296796772
235d18fb8d508b69911da2f1518036b3,CCCn1c(=O)n(C)c(=O)c2[nH]c(-c3ccsc3)nc21,0.4733000099658966,0.5884632468223572,0.07352619567378,2.591786,-12.145380020141602,0.6856201112270355,0,0,0,0.3076923076923077,1.5617999999999996,0.7953453212247403
459ff8095a3e85e27d185da790efae91,Oc1cc(CCl)ccc1Oc1ccc(Cl)cc1Cl,0.7674999833106995,0.9990102648735046,0.432417324998162,1.994412,4.85319709777832,0.4754731595516205,0,1,1,0.0769230769230769,5.230100000000002,0.7866725893978355
2f25f059acb5e751f0aab0e4c598ba93,Cc1cccc(C=NNC(=S)Nc2ccc(Cl)cc2)n1,0.515500009059906,0.9864022135734558,0.2698722617192702,2.155721,-3.299221992492676,0.3311763107776642,0,1,0,0.0714285714285714,3.363920000000001,0.5184713485421224
6fcf5e5bfdb1b2963eb607374e157c69,Cc1cccc(CN(Cc2cccnc2)Cc2ccc([N+](=O)[O-])s2)c1,0.6129000186920166,0.9503519535064696,0.2716963812708854,2.327195,-10.303765296936035,0.8974074959754944,0,1,0,0.2105263157894736,4.562120000000004,0.461307621644388
af8cb252a48e0b8d16c482448e80afb1,CN(C)C(=O)C1=NOC2(C1)C(=O)Nc1ccccc12,0.3594000041484833,0.7521728277206421,0.0364266585727984,3.953366,-1.4186521768569946,0.1479442805051803,0,0,0,0.3076923076923077,0.6984999999999997,0.8065737389343366
40aaaac0d84e1fa392e1afdab3e5faaa,CCCCNC(=O)OCC#CCOc1nc(-c2ccncc2)nc(NS(=O)(=O)c2ccc(C(C)C)cn2)c1Oc1ccccc1OC,0.6869000196456909,0.9360802173614502,0.1085570945658467,3.224441,-6.3495659828186035,0.9469630002975464,0,1,0,0.303030303030303,5.567200000000005,0.1284150979254222
d30af4a1c523aa6342b1a7daed583c2b,C=CCNC(=O)COC1=CC(=O)SC1(C)CCCCCCCC,0.5928000211715698,0.8502731323242188,0.1386268785731359,3.359835,-1.711366057395935,0.4914618909358978,0,1,0,0.6666666666666666,3.971800000000003,0.4316366897300508
b020ff75b142790ed7e260692d98be31,NC(=O)C(c1ccccc1)C1CCCCN1Cc1ccccc1,0.4244999885559082,0.7936156988143921,0.2193957662040537,2.75042,-7.522287368774414,0.8970625162124634,0,0,0,0.35,3.310200000000002,0.9208596501909844
7be0cce941136c99fd265feaabca6cc7,NCC1CCN(c2c(F)cc3c(=O)c(C(=O)O)cn(C4CC4)c3c2C(F)(F)F)C1,0.911899983882904,0.9969511032104492,0.2179825190793384,3.296054,-7.241572856903076,0.341912230849266,0,0,1,0.4736842105263157,2.977500000000002,0.7528033085008643
8c6d86f361a2e3001ab1a537fe0814cf,CC(NS(=O)(=O)OCC(Cl)(Cl)Cl)c1ccc(C(C)(C)C)cc1,0.6952000260353088,0.8971471786499023,0.2025106545185441,3.162562,-10.76750659942627,0.6520873308181763,0,1,0,0.5714285714285714,4.266300000000003,0.7664848485591726
826c4130e80884139eeb959320a795fc,O=C(CCl)Cn1cnc([N+](=O)[O-])c1[N+](=O)[O-],0.6104999780654907,0.9323660731315612,0.0895069812170483,3.217102,-2.445347547531128,0.0146388205699622,0,1,0,0.3333333333333333,0.5073999999999999,0.4249377491933135
da5de199daa39c94d373f72edf5308a5,CC(=O)Nc1cccc(-c2cccc(N3CCN(CCN4CCCC4)CC3)n2)c1,0.5220000147819519,0.8132854700088501,0.2542240836403586,2.133885,-8.855713844299316,0.9398013472557069,0,0,0,0.4782608695652174,2.924800000000001,0.8178533453665683
a9efbe89766f62b558ecc10f07edbf02,CC(C)n1ccnc1CN1CCOC(CCc2ccccc2)C1,0.4165000021457672,0.760979175567627,0.1777523627335375,2.780809,-9.5169677734375,0.916754937171936,0,0,0,0.5263157894736842,3.297600000000002,0.8195487031592353
0b10ba7b0b43f09605825f80b86172a2,CC(C)CC(NC(=O)Nc1ccc(Br)cc1)C(=O)NCc1cc(O)no1,0.611299991607666,0.9514645338058472,0.1598085903308608,2.886009,-10.790751457214355,0.2397733390331268,0,0,0,0.3529411764705882,2.9953000000000007,0.5443965725750874
e955f9188c4a00bf6c68cf65e6c05324,CC(CC(C)(CS(=O)(=O)N1CCC(CCc2ccc(C(F)(F)F)cc2C2CC2)CC1)N(O)C=O)c1ncc(F)cn1,0.7633000016212463,0.9556869268417358,0.2730533548376777,4.179959,2.436981201171875,0.926294481754303,0,1,0,0.6071428571428571,5.286400000000005,0.1538262813715859
3010604e3d59893e860de8150aaf5c9e,COc1ccc2c(c1)C(=Nn1c(-c3ccc(C)cc3)nc3ccccc3c1=O)C(=O)N2,0.5067999958992004,0.9194877743721008,0.3198084221644835,2.554636,-6.846495628356934,0.8950239896774292,1,1,0,0.0833333333333333,3.585020000000002,0.5593812899346313
27de86676ca9bae37fe3ef7348f1a6ab,NC(=O)c1c(NC(=O)c2ccc([N+](=O)[O-])s2)sc2c1CCN(Cc1ccccc1)C2,0.6622999906539917,0.9700413346290588,0.2436217828230424,2.470103,-8.456059455871582,0.7824584245681763,0,1,0,0.2,3.627300000000002,0.4463397316989472
a20661fa9a706e3655c2bac246642a2c,CC1CCCN(c2ccc(C(=O)O)nn2)CC1,0.4350999891757965,0.6328676342964172,0.0325746723577718,2.537223,-1.060757756233215,0.0160254446789622,0,0,0,0.5833333333333334,1.8012,0.8462675379389027
17dc24a87e6a327aa6ba2273eaf0752e,O=C(Nc1ccccc1C(F)(F)F)c1ccc2cnc(N3CC4CCC3CN4)nn12,0.7233999967575073,0.9185043573379515,0.4140873754566366,4.389597,-6.717779159545898,0.916591727733612,0,0,0,0.35,2.9410000000000016,0.6869267627119654
69d5b68f4cf01d015d2ff91c1d6f4ba4,CCC(NC(=O)N1C(=O)C(C)C1SCc1ccccn1)c1ccccc1,0.4857000112533569,0.6322832703590393,0.099814013747329,3.561706,-4.999699592590332,0.117939393222332,0,0,0,0.35,3.980100000000004,0.7825305299130709
6203c114a0baeea0f3e077a0e8dd4113,COc1ccc(-n2nc(C)c3sc(N(C)CC(=O)N4CCCCC4)nc32)cc1,0.444599986076355,0.5557774901390076,0.1756225404414263,2.44927,-8.819771766662598,0.7185659408569336,0,0,0,0.45,3.247720000000002,0.659017364945049
799f4c2828acea74a447eecc0da92391,Cc1nc2ccccc2n(CC(=O)NN=Cc2ccc(OCCn3cc(CN4CCOCC4)nn3)cc2)c1=O,0.428299993276596,0.5141193270683289,0.0575135573744773,2.704355,-9.982291221618652,0.8755958437919616,0,1,0,0.3333333333333333,1.3579199999999996,0.2404390353793233
db9b9fbf9268c6e0a98c24c14b5b129e,Cc1nc(COCc2ccccc2)c(C(=O)O)c(C(=O)O)c1O,0.4862000048160553,0.8643866777420044,0.092841681770303,2.387836,-1.1323097944259644,0.0105614291504025,0,0,0,0.1875,2.20882,0.7473191094618464
dcd98f3e22680dd1c9bea777e2d4d918,Cc1cc(F)cc(NC(=O)N2CCCN(C(=O)C(F)(F)F)CC2)c1,0.5084999799728394,0.7287081480026245,0.094899299215864,2.252471,-11.130892753601074,0.6245163321495056,0,0,0,0.4666666666666667,2.762620000000001,0.7945195972142769
ad8b4225ee9a75659c8ba7c77b6c290f,O=C(Nc1ccncn1)N1CCN(Cc2ccc3c(c2)OC(F)(F)O3)CC1,0.5662999749183655,0.758333683013916,0.100004874847152,2.546506,-6.483535289764404,0.8097705721855164,0,0,0,0.3529411764705882,2.1478,0.8830393714192997
452c437c63dfa82f5fa5936e7a07a385,CCCC(Nc1cncc(-c2ccc(C(=O)NCCCN3CCOCC3)cc2)n1)c1ccccc1,0.4875999987125397,0.7805476784706116,0.2185666046359322,2.841574,-4.469991683959961,0.9721017956733704,0,1,0,0.3928571428571428,4.549000000000004,0.3979559043928894
064578f24019cffb3cb48880ec4a7015,CCC(C)C(N)C(=O)NC1(C(=O)O)CCC2C(C(=O)O)C21,0.5228999853134155,0.8345422744750977,0.1406813141974535,4.129642,3.975663185119629,0.0071579567622393,0,0,0,0.7857142857142857,0.040000000000001,0.5475711446236804
1f44c1ad583dbc931cd56f5d5d563770,O=S(=O)(Nc1ccc(-c2cc3cc(F)ccc3[nH]2)cc1)c1ccc(Br)s1,0.7421000003814697,0.9861279129981996,0.2686628536744551,2.306067,-7.03940486907959,0.8062328815460205,0,0,0,0.0,5.5988000000000016,0.4245242856103298
798b173310853b0430d187edab7e1e06,Cc1noc(NS(=O)(=O)c2ccc(NC=CC(=O)c3ccc(F)cc3)cc2)c1C,0.5267000198364258,0.9185879826545716,0.1472371139309623,2.435567,-5.775254249572754,0.4653416812419891,0,1,0,0.1,4.0398400000000025,0.446113823484042
ffc8d1fd1600c6b07fca1ca950cb8801,CS(=O)(=O)NC(=O)c1cc(C2CC2)c(OCC2CCN(CC3(C(F)(F)F)CCCC3)CC2)cc1F,0.7982000112533569,0.8385730981826782,0.27809492837299,3.097328,-2.360006809234619,0.8844100713729859,0,0,0,0.7083333333333334,4.606000000000004,0.5071761876774883
13cf63321ac0b2484ce512fcc4f9932e,CC(C)(C)c1nnnn1C1CCCCC1O,0.3492000102996826,0.6567663550376892,0.0662246010564332,3.39635,6.006932258605957,0.0082185744249727,0,0,0,0.9090909090909092,1.4466,0.7837806974823152
3ab8f5d3d906e41f66d0784349f092d8,COc1ccc2c(c1)OC(C)(C)CC2=C(c1ccccc1)c1ccc(OCCN(C)C)cc1,0.6669999957084656,0.9924695491790771,0.6371106315742839,2.547607,-1.7313951253890991,0.9484344840049744,0,1,0,0.3103448275862069,6.155800000000007,0.4378263236685188
8df63a12e987a85ce8e5ec2894f88808,O=C1C2CC=CCC2C(=O)N1c1nc2ccccc2s1,0.464599996805191,0.9132640957832336,0.2664327174425125,3.094487,-5.266940593719482,0.1140503987669944,0,1,0,0.2666666666666666,2.751900000000001,0.5974048133287364
afcb389b37d5eece9db4430ecd402c8a,CC(=O)C1=C(O)C=C2Oc3c4c(cc(O)c3C2(C)C1=O)OC(C)(C)NC4=O,0.5845000147819519,0.9509902596473694,0.1024789613756266,4.251427,11.84575366973877,0.1623352468013763,0,1,0,0.3157894736842105,1.7683,0.6431143633309752
fb53ff22a6136081e276028f515e1936,CN1CCN(C(=O)c2ccc(-c3nc4ccc(O)c(C=O)c4s3)s2)CC1,0.6309000253677368,0.8915746212005615,0.127839868041602,2.733232,-3.479992389678955,0.5714889168739319,0,1,0,0.2777777777777778,2.930500000000001,0.699723506675934
0948460514f50ffd47424afbba1a3835,O=C(c1ccc(Oc2ccccc2)o1)N1CC(CO)C(CN2CCOCC2)C1,0.4487999975681305,0.3240503668785095,0.0680025517093864,3.264465,-7.095594882965088,0.8806080341339111,0,0,0,0.4761904761904761,2.0845999999999996,0.819401467513015
37830882034b9a4faa737e6dc495397d,CCOC(c1ccccc1)c1nc2cc(-c3noc(=O)[nH]3)nc(-c3cncc(Cl)c3)c2n1CC1CCC(C)CC1,0.6355000138282776,0.977097988128662,0.3929423744028265,3.867912,-2.1545817852020264,0.870790672302246,0,0,0,0.3666666666666666,6.442200000000006,0.2329793308741146
1790857fb9787dc0084caef8697bda96,CCC(=O)NC1CCN(S(=O)(=O)C(C)C)CC1,0.3221000134944916,0.2271550744771957,0.0219160291810774,2.247214,-11.156063079833984,0.0499230038374662,0,0,0,0.9090909090909092,0.7152000000000001,0.8113694769741473
d6f9888fa307a41b1cc70f996dc76401,C=CCOC(=O)NC(C)C(=O)SC(Cc1ccc2oc3ccccc3c2c1)C(=O)O,0.6585000157356262,0.9772080183029176,0.1331522783095186,3.430203,-6.452275276184082,0.1982731834053993,0,1,0,0.2272727272727272,4.142200000000003,0.520454055780267
757ff05047544be2ea274d48b6765568,CNc1cc(F)c(F)c2c1[nH]c1ncc(-c3cnc(OC)nc3)c(N3CCC4(CC4N)C3)c12,0.7601000070571899,0.967253029346466,0.6477215818383477,4.597135,7.731744766235352,0.9316770553588868,0,0,0,0.3478260869565217,3.429100000000001,0.4366204894227543
1682887d6ba7b2fd0ac409146b116714,CCOCCn1c(N2CCCN(C)CC2)nc2ccccc21,0.3161999881267547,0.5371507406234741,0.1486980874430049,2.169833,4.906698703765869,0.9619004249572752,0,1,0,0.5882352941176471,2.2146999999999997,0.7931098529653791
d90eb51c81809f3aca93645cdb560fbb,CNC(=O)C(c1ccccc1)N1CCCC1C(=O)NCc1cccnc1,0.3553999960422516,0.1955331265926361,0.0412707834250547,2.940228,4.847172260284424,0.2356779366731643,0,0,0,0.35,1.6494999999999993,0.8290059737972532
c533cc2bd0337a41eef8740ea087087f,Cc1ccc(-c2nnn(CC(=O)N3CCN(c4ccccc4)CC3)n2)o1,0.3646999895572662,0.5226837396621704,0.0624814321477474,2.259679,-9.355216979980469,0.3259692341089248,0,0,0,0.3333333333333333,1.59032,0.7093324030245158
2c6c65f315c746a9a1b748daf1f3f70d,Cc1ccc(NC(=O)C2CC(=O)N(c3ccc(OC(C)C)cc3)C2)cc1,0.4467000067234039,0.4519505798816681,0.1706767505542798,2.327028,-9.283154487609863,0.5043164372444153,0,0,0,0.3333333333333333,3.7738200000000024,0.8909357405857598
720fadda3461f960b77bc6bdb978cd75,CC(=O)C1(O)CCC2C3CCC4CC(=O)CCC4(C)C3C(=O)CC21C,0.4616000056266784,0.8545742034912109,0.1191875311461362,4.347317,10.668577194213867,0.2090283159166574,0,0,0,0.8571428571428571,3.0973000000000015,0.7918095403842919
47974942d9116f6c35f307ee65794fe9,CC12CC34C=CC(=O)C(C)(CCC(=O)Nc5c(O)ccc(C(=O)O)c5O)C3C(CC1C4)O2,0.8253999948501587,0.9916210770606996,0.0749159755015915,6.155088,7.964662551879883,0.0553520619869232,0,1,0,0.5416666666666666,3.2337000000000007,0.5156309305691356
569babe1d8869b48855857ca19f6ea7c,COc1cccc2nc(CCCN3CCC(c4ccccn4)CC3)sc12,0.4772000014781952,0.817599356174469,0.4498892291025682,2.371642,-5.981195449829102,0.9287887811660768,0,0,0,0.4285714285714285,4.512100000000005,0.6423180618453587
7d1d4b24f7334ae778cc8af03fe817f6,CC1(C)SC2C(NC(=O)CSc3ccccc3)C(=O)N2C1C(=O)O,0.7717000246047974,0.9970481991767884,0.0540637819265777,3.326065,6.818442344665527,0.0030943913850933,0,0,1,0.4375,1.4103999999999997,0.6052733467142688
8461001c1bd1e78898b52b2e3911afed,COc1ccc(C(=O)NC2COc3ccccc3C2)cc1OCC(=O)O,0.4189000129699707,0.6971955895423889,0.0685538067059083,2.522043,-5.782983303070068,0.0588844358921051,0,0,0,0.2631578947368421,1.8921,0.8199671970098337
737e8e19ea29194876713511cc050684,Nc1noc2ccc(-c3cnc4ccc(NC5CC5)nn34)cc12,0.5814999938011169,0.9494869112968444,0.1722153012048114,2.702047,-0.2605805099010467,0.6523058652877808,0,0,0,0.1875,2.694000000000001,0.604102858949282
f36e7a1b7d9524866746025a0f34d6d2,OCCC1CCCC1NCc1ccc(Br)o1,0.326200008392334,0.5960028171539307,0.1455807787450877,3.276957,-9.605525016784668,0.390433144569397,0,0,0,0.6666666666666666,2.682800000000001,0.8752999174302046
c8e2c1b0720e8b296861c6f8f5c0b2f4,c1ccc2nc(N3CCCC4(CCNCC4)CC3)cnc2c1,0.503600001335144,0.8337649703025818,0.1891267005015503,2.89573,-8.52991771697998,0.9263924717903136,0,0,0,0.5555555555555556,2.9899000000000013,0.8781309033295811
094428d2bfbf0635cce087706371793d,O=[N+]([O-])c1cc2c(cc1CN1CC=C(n3c(O)nc4ccccc43)CC1)OCO2,0.5837000012397766,0.8558925986289978,0.2979022535410794,2.915311,3.0012073516845703,0.9281374931335448,0,1,0,0.25,3.1256000000000013,0.5355750008829002
f35deea5d92f7db978348212f57cedd2,Cc1cc(CN2CC3COCC3(c3nnc(C)o3)C2)no1,0.4280999898910522,0.5819248557090759,0.0228340908321446,4.0081,-6.813235759735107,0.1158465255051851,0,0,0,0.6428571428571429,1.0744399999999998,0.8364526430175414
78dc9a64ec1426af0ecb910ab9d96449,C=CC1(C)CC23CC(C(OC(=O)c4ccccc4)c4ccnc5ccccc45)N2CCC13,0.7175999879837036,0.9082981944084167,0.4309542233293706,4.616938,8.074875831604004,0.9064568519592284,0,1,0,0.3571428571428571,5.561900000000006,0.3971159912135182
12cabf3d47349fa12993df96fb024847,CCCOc1ccc2ccc(=O)oc2c1CN1CCN(CC=Cc2ccccc2)CC1,0.531000018119812,0.9349987506866456,0.3164817027070306,2.45371,-1.0119431018829346,0.9813504099845888,0,1,0,0.3461538461538461,4.412800000000004,0.5071740049086814
9d728d2066a4a718bf630f8126fc43f2,NCCCCC(NC(=O)c1ccc(F)cc1)C(=O)COc1c(F)cccc1F,0.5121999979019165,0.764488160610199,0.3030457144433802,2.673893,-5.742330551147461,0.8326305627822876,0,1,0,0.3,2.979400000000002,0.607338793642811
b6be84dd5072dd43e6c113a552633d58,CSc1nc(NC(C)(C)C)nc(NC(C)(C)C)n1,0.4287999868392944,0.8841425776481628,0.0542537979030881,2.821741,2.4858558177948,0.1696755781769752,0,0,0,0.75,3.0143000000000013,0.8224792953148802
1a0835d37548dd902881a1bcac764151,CCOC(=O)c1c(NC(=O)C(C)Oc2ccccc2F)sc(C(C)=O)c1C,0.5612999796867371,0.925032675266266,0.1094928995113481,2.637391,-10.460711479187012,0.4122661292552948,0,0,0,0.3157894736842105,3.980920000000003,0.5683541406243374
66c9c5a0419f53e08071c31557758f03,CC1CCC(C(C)C)C(OC(=O)NS(=O)(=O)Oc2c(C(C)C)cccc2C(C)C)C1,0.6330000162124634,0.92136412858963,0.2692296301776712,3.717283,5.12639856338501,0.3297978520393371,0,0,0,0.6956521739130435,5.744000000000006,0.585344140329681
631c1811be7364cac7fd5ef64491c1e2,CC(C)(C)c1ccc(C(=O)Nc2cc(Cl)c(Br)cc2C(=O)O)cc1,0.7702000141143799,0.997838020324707,0.1774561621926047,2.013665,-8.356191635131836,0.1203649803996086,0,0,0,0.2222222222222222,5.350500000000004,0.7164774337927861
b251445c6d831b52144eb1bcdfd084d6,c1ccc(OCCCN2CCC(N3CCCCC3)CC2)cc1,0.3741999864578247,0.7428385615348816,0.5586204217238859,1.845963,-8.646211624145508,0.9805841088294984,0,1,0,0.6842105263157895,3.405800000000002,0.7490724535285542
e2101796432b6924a9c419240fd685c0,NCCCCN(Cc1ccc(OCCc2ccccc2)cc1)Cc1ccc(OCCc2ccccc2)cc1,0.6525999903678894,0.992775559425354,0.5457972586154938,2.128669,-6.568926811218262,0.98448486328125,0,1,0,0.2941176470588235,6.670700000000008,0.1717462649964294
3390492c54f823ebbcbf032f7bec135d,c1ccc(Nc2nnnn2CCC23CC4CC(CC(C4)C2)C3)cc1,0.4090999960899353,0.8883365988731384,0.1279895530673126,3.741236,2.6335432529449463,0.4810210585594177,0,0,0,0.631578947368421,4.023200000000004,0.9025798706535628
da1e73f3914dfd4b7b90548625984a73,CC(NC(=O)c1cc(-c2ccc(F)cc2)ns1)c1ccccn1,0.4111999869346618,0.7799644470214844,0.1812450685961679,2.770839,-11.996588706970217,0.4568937361240387,0,0,0,0.1176470588235294,3.835200000000003,0.7920369609273441
cb22d0d71c57719672603aaf18ad3eea,COc1cc(-c2nnc(CSc3nnc(Nc4ccc(Oc5ccccc5)cc4)s3)o2)cc(OC)c1OC,0.4941999912261963,0.9349486827850342,0.37691860713742,2.518111,-10.82810115814209,0.6771058201789856,0,0,0,0.1538461538461538,6.442100000000005,0.1835326292901283
87620a951e7bd4f8159c3b38e3cc693d,Cc1[nH]cnc1Cn1ccc2c(O)nc3ccccc3c2c1=O,0.5641000270843506,0.9020193219184875,0.2014568481932986,2.692776,-3.837723970413208,0.5473664581775666,0,1,0,0.1176470588235294,2.33512,0.5567370877605441
5758a741895890423a2ffddde9b0fc86,Cc1sc2nc(-c3ccc(C(=O)O)cc3)[nH]c(=O)c2c1C,0.4718999862670898,0.9079737067222596,0.0617545594207265,2.130354,-8.413025856018066,0.0492487456649541,0,0,0,0.1333333333333333,2.966640000000001,0.7618700581713644
5de2f56f3320da057b345d2ee766cd50,COc1cccc(C2NC(=O)NC(C)=C2C(=O)OCC2CCCCC2)c1,0.4156999886035919,0.7746834754943848,0.3465082929892973,2.720563,-7.944584846496582,0.2017967477440834,0,0,0,0.5,3.446600000000002,0.7906341251204794
5506191a382a9023f6db0a0d75b6d1da,c1cncc(COCC2CCC3C(CCN3CC3CCOCC3)O2)c1,0.4603999853134155,0.5133475661277771,0.0932044476609338,3.589302,-4.265141010284424,0.8305718779563904,0,0,0,0.75,2.646700000000001,0.792225752694688
467ea5a410b234e1d468db2d1282496b,OCCN(CCO)c1ccc(C(c2ccc(Cl)cc2)c2ccc(N(CCO)CCO)cc2Cl)c(Cl)c1,0.7667999863624573,0.9971566796302797,0.6236234117637981,2.806287,-10.717554092407228,0.915479040145874,1,1,0,0.3333333333333333,4.409000000000004,0.2346861554201545
2c11f8cce2eef654ef5d492388e450d8,CC(=O)c1nn(CC(=O)N2C3CC4(COCC=CCOCc5ccc(Br)nc5NC3=O)CC24)c2ccccc12,0.6019999980926514,0.7914822697639465,0.2158505767583847,6.18319,7.023711204528809,0.6731805086135865,0,1,0,0.3928571428571428,3.497700000000002,0.2805485501334802
5324e9ba6dad03f05aad620815c96abe,C=CC1(C)CC(OC(=O)Cn2cc(CCCn3ccc(N)nc3=O)nn2)C2(C)C(C)CCC3(CCC(=O)C32)C(C)C1O,0.8080999851226807,0.8922831416130066,0.133719198575074,5.724683,9.350600242614746,0.4269922196865082,0,1,1,0.6774193548387096,2.956300000000002,0.3540485963454752
ccfa63efb4354fd78ad92481cd92d430,Cc1ncn(C)c1C(=O)NCc1ccc(N2CCCC2=O)cc1,0.3508999943733215,0.2906683981418609,0.0506669820963659,2.332734,-10.82519817352295,0.372145539522171,0,0,0,0.3529411764705882,1.78532,0.9356299907357172
1c958a6ea9fe24af6582e2d042b4d612,COc1cc(C(O)(CCN(C)C)C(c2cc(OC)nc(OC(C)C)c2)c2cc3cc(C#N)ccc3nc2OC)cc(OC)n1,0.6517999768257141,0.9866801500320436,0.3779140507633036,4.174484,-7.746822357177734,0.9500334978103636,0,0,0,0.3939393939393939,4.689480000000004,0.2288872156212551
8c6a08c815f7e6b8b4d30d0fe5fab7b1,O=C(C=Cc1ccc(O)c(O)c1)Oc1cc(OC(=O)C=Cc2ccc(O)c(O)c2)cc(C(=O)O)c1,0.5817000269889832,0.991123616695404,0.1868713958696885,2.696,10.522553443908691,0.3191745147109032,1,1,0,0.0,3.4448000000000025,0.1465891055194119
f01340d5b572256c9490e55b11945813,CCOC(=O)C1=C(C)NC(=O)NC1C=Cc1ccccc1,0.3274999856948852,0.703662633895874,0.1293071203611114,2.920642,-5.423757076263428,0.0603821042925119,0,0,0,0.25,2.2183,0.8339556800296162
7c0a831357fb533bf4bfce4c506d12e1,CN(C)c1cc(CNCC(C)(C)C)c(O)c2c1CC1CC3C(N(C)C)C(O)=C(C(N)=O)C(=O)C3(O)C(O)=C1C2=O,0.83160001039505,0.9969911575317384,0.1966950107704509,4.566611,13.106623649597168,0.5674709796905517,1,1,1,0.5517241379310345,1.3223000000000011,0.2802198620935801
79067705a84f35214bee97f4bf47108f,CS(=O)(=O)N1CCOc2ccc(F)cc2C1,0.3084999918937683,0.4159199893474579,0.0371712723916227,2.139779,-11.043990135192873,0.3524705708026886,0,0,0,0.4,0.9796999999999998,0.7406389838890854
4d7bb06e099f12b326e854778fbdd22d,CCCCC1CN(CC2CCC(OCC)CC2)C(=O)OC12CCN(C1CC3CN(C(=O)c4c(C)ncnc4C)CC3C1)CC2,0.6169999837875366,0.6075126528739929,0.1686555140397765,4.83286,-6.270611763000488,0.8993096590042114,0,0,0,0.8285714285714286,5.632540000000006,0.3585208543783119
cca5c2d02a634773f592516b6cc9a6a6,CCOC(CCn1c(SCC(=O)NC2CCCC2)nc2ccccc2c1=O)OCC,0.398499995470047,0.4049679040908813,0.1598616100170395,2.447494,-10.273016929626465,0.6652989983558655,0,1,0,0.5909090909090909,3.3366000000000016,0.3324993357373849
449fa2936d938ee9a2e16c2c9f8e0aa4,OC1CCCC1N1CCN(CCc2ccccc2Br)CC1,0.4785999953746795,0.7408801317214966,0.2966626049442725,2.885052,-8.317278861999512,0.9516366958618164,0,0,0,0.6470588235294118,2.5226000000000006,0.9012664586999946
5fbf2a1a8ca319dede8e8b050ce4827f,CN(C)CCCNc1ccn2ncc(-c3ccc4c(c3)OCO4)c2n1,0.5041000247001648,0.8774802684783936,0.3679557733915068,2.537657,-5.810219764709473,0.9503211498260498,0,1,0,0.3333333333333333,2.4886,0.6963010657877104
fa7c4a1bbb37732245a2135f82cab1b8,NS(=O)(=O)c1ccc(C(=O)Nc2ccc(Cl)nc2)cc1,0.3876999914646148,0.7587773203849792,0.1963207173076543,1.828223,-7.8698530197143555,0.0540296198800206,0,1,0,0.0,1.6346999999999998,0.8409304569082678
d9203fa61737eec74188632c6a58815f,N#Cc1ccc2[nH]c(-c3ccc(F)cc3)c(CCNC(=O)NS(=O)(=O)c3ccccc3Cl)c2c1,0.6762999892234802,0.9866123199462892,0.2372698838060552,2.505538,-2.285405158996582,0.8862492680549622,0,0,0,0.0833333333333333,4.729680000000003,0.3576675481086899
6f54feb9055799b6c223446b0460e781,O=C1NC2(CCCC2)C(=O)NC(Cc2cccc(Cl)c2)C(=O)NCC=Cc2ccccc2OCCNC1Cc1ccc(O)cc1,0.6406000256538391,0.9483270049095154,0.4225863435051658,4.77471,-2.7390341758728027,0.7057155907154083,0,0,0,0.3428571428571428,3.924800000000002,0.2972911006133409
743c193b09cf8cde388d2b450016abe6,CCOP(=O)(Cc1ccc(NC(=O)C2Cc3ccc(C)cc3C(=O)C(C)S2)cc1)OCC,0.6333000063896179,0.9119521379470824,0.1636743247509002,3.625679,-1.22887122631073,0.5510613918304443,0,1,0,0.4166666666666667,5.628920000000005,0.4986096177182875
51c60ef229e3be501abb6c11b2d98249,O=C(CN(Cc1ccc(C(=O)NO)cc1)C(=O)c1ccccc1)NC1CCCCC1,0.4914000034332275,0.7984658479690552,0.154888476837765,2.085802,-4.933011054992676,0.5231930315494537,0,1,0,0.3478260869565217,2.896900000000002,0.4836786716200089
d8e7c020cfafcde12c3ec616992e4ca2,COc1cccc(F)c1-c1ccc(C(CC(=O)O)NC(=O)C2(C)CCCN2S(=O)(=O)c2cc(Cl)cc(Cl)c2)cc1,0.7113999724388123,0.9808892607688904,0.1733089211312207,3.524838,-0.7714663743972778,0.4625735342502594,0,0,0,0.2857142857142857,5.683500000000005,0.3228325730537241
1699b884635790267fc59a62ef44838a,COc1ccc(C(=O)NC(=S)NC(C)C)cc1Br,0.4467000067234039,0.8737899661064148,0.1099216502837159,2.005018,-8.85007381439209,0.2719347208738327,0,1,0,0.3333333333333333,2.4704000000000006,0.8357746821482694
f14f39d60a330b9b4d05387e9f11a37a,O=S(=O)(NCc1ccco1)c1cnc(Cl)c(Br)c1,0.4977000057697296,0.787851095199585,0.1386815187605944,2.401663,-7.702585220336914,0.0319632101804018,0,1,0,0.1,2.569000000000001,0.859386407202055
fca4012999baf36c2e97a84105fcd4ef,CCCCN(C)C(=O)C(CC1CCCCC1)NC(=O)C(CC(C)C)NC(=O)Cc1cccc(OC)c1,0.635699987411499,0.9072099924087524,0.2652779627930034,3.140904,-3.7544376850128174,0.4642261624336242,0,0,0,0.6896551724137931,4.482300000000003,0.3934013319600196
82d9b4e8cd987bc5af5c031cbf5b33a0,CCc1ccc(-c2nccn2-c2ccc3[nH]c(CO)nc3c2)nc1,0.4129999876022339,0.8304381966590881,0.2409449639645489,2.616537,-10.481480598449709,0.7050054550170899,0,0,0,0.1666666666666666,2.8653000000000004,0.6059979369759045
abd4836fe7eeebfcd5246817406cd4e9,Cc1c(C(=O)N2CCC(c3nc(-c4ccccn4)cs3)CC2)cnn1-c1nc2c(c(=O)[nH]1)CCC2,0.6402000188827515,0.7709787487983704,0.1823788339441472,2.988281,-10.743521690368652,0.7070224404335022,0,0,0,0.36,3.2910200000000014,0.4730808851041639
40657da2dd394f112308daf6c86842c7,O=C(COC(=O)C=Cc1cccs1)NC1CC1,0.4485999941825866,0.728674590587616,0.0827679166316308,2.168865,-10.90947723388672,0.0272675298154354,0,1,0,0.3333333333333333,1.5831000000000002,0.6383018333043694
fa29f92a4dd0845147c4135f63f1195d,Cc1c(Sc2cccc(C(=O)O)c2)c2ccc(Cl)c(F)c2n1CC(=O)N1CCC(c2cnn(C)c2)CC1,0.6579999923706055,0.969905436038971,0.1408980702134696,2.978622,-2.8237318992614746,0.2148643523454666,0,0,0,0.2962962962962963,5.731320000000005,0.337605254341862
a310b7d3b4b8d3b6aa1ac75d4ad963bc,O=C1c2cccc(O)c2C(=O)c2c(O)cc(CN3CCCCC3)cc21,0.6541000008583069,0.98263680934906,0.4668117585507306,2.286757,2.4074289798736572,0.6812139034271241,1,0,0,0.3,2.8591000000000006,0.7517422416101157
e262c28cdfa981bfbc9f45631494d2fc,Oc1ccc(CC2CN3C(=CC4=NCC(Cc5ccc(O)cc5)N4CC3Cc3ccccc3)N2)cc1,0.7520999908447266,0.9776257872581482,0.290243231437423,4.042311,2.42305064201355,0.9084169030189514,0,0,0,0.3,3.705800000000002,0.5019072915061277
7f0d920d496ba506dcbf5c8e3d5dceda,COc1cc(C(C)(C)C)ccc1CN=C(S)NCc1ccc(NS(C)(=O)=O)cc1,0.5608999729156494,0.9428492188453674,0.1647604195909066,2.662362,-10.455422401428224,0.8754645824432373,0,1,0,0.3809523809523809,3.939800000000002,0.3496230812421161
cd70699c1f440b92b62ab3698d31cda8,CCCn1ncc(-c2ccnc(NC3CCSC3)n2)c1C,0.5088000297546387,0.7949051260948181,0.1503750045191157,3.174773,-6.888477802276611,0.3544939577579498,0,0,0,0.5333333333333333,2.9759200000000012,0.920019222195992
97503bf60c2fcff0f6552519d697c853,C=CC(=O)N1CCC(n2cc(-c3cnc4ccccc4c3)c3c(N)ncnc32)C1,0.6456999778747559,0.888450026512146,0.401421843604608,3.147164,-1.4467273950576782,0.6562458038330078,0,1,0,0.1818181818181818,3.1881000000000004,0.5480229427026876
a4999c10eaf71748cc2dfc1a8571183e,COc1nc(N(C)C)nc2c1[n+](C)cn2C,0.4551999866962433,0.8059386610984802,0.0318716656077991,3.454072,-1.18334698677063,0.2041027843952179,0,1,0,0.5,-0.1326000000000005,0.6639517945962882
d90ec0d5996ecf319448375d4550506f,Nc1nc2cc3c(cc2[nH]1)N(Cc1ccc(S(=O)(=O)N2CCOCC2)cc1)CCC3,0.6082000136375427,0.8427711725234985,0.1284289813854477,2.53699,-4.070472717285156,0.919257152080536,0,0,0,0.3809523809523809,2.1187999999999994,0.660913822766208
fb8225c78cd5b5f19050c5d7ad577cdb,Nc1ccc(C(=O)NNC(=O)C2CCC3=Nc4ccc(Cl)cc4CN32)cc1,0.6281999945640564,0.8304067254066467,0.3231198977340351,3.103621,-5.664576053619385,0.5792411744594574,0,1,0,0.2105263157894736,2.391400000000001,0.5472487293503442
6d404d6f382daf000dc8c20d4c93a1c2,Cc1ccc2[nH]c(-c3cc(-c4ccc(CO)cc4)cnc3N)nc2c1,0.6455000042915344,0.9834377765655518,0.4622477374293587,2.263928,-11.03427791595459,0.9040212154388428,0,0,0,0.1,3.6748200000000018,0.5345891490006567
89fb959bf6e145989aeb8ead56d584e8,Cc1nn(-c2cc(Nc3c(C)c(-c4ccc(C#N)cc4)nn3CC3CC3)ncn2)c(C)c1Cl,0.6068000197410583,0.9729294180870056,0.3368579934943806,2.991238,-7.464677810668945,0.799386715888977,0,0,0,0.2916666666666667,5.1297400000000035,0.4298170414124994
0a8df080dfe2688bd0d9896a2221c034,O=C1C(O)=CC(=C(c2ccccc2)c2ccccc2)c2ccccc21,0.5447999835014343,0.9969201683998108,0.4149495227770371,2.224493,0.9278122186660768,0.5270122408866882,0,1,0,0.0,5.283900000000004,0.6957486595688191
e7d32bb9c9c4b855ba6510186d0e3340,CCNCC1CCN(c2c(F)cc3c(=O)c(C(=O)O)cn(C4CC4)c3c2OC)C1,0.9341999888420104,0.9990876317024232,0.182995316657153,3.107184,-9.012185096740724,0.1906820446252823,0,0,1,0.5238095238095238,2.618100000000001,0.7395149101285505
84c057ab598f76271f8c544ca8c096f7,COc1cccc(-n2c(-c3ccco3)nc3c(cnn3-c3ccccc3C)c2=O)c1,0.4661999940872192,0.752128541469574,0.3166647079316052,2.37705,-9.2940034866333,0.8691339135169983,0,0,0,0.0869565217391304,4.148420000000003,0.4546458858785152
a9acc32e3e67f17eb314929cf4690a96,CC1CN=C(Nc2ncc(Cl)cc2Cl)N1,0.5411999821662903,0.9007768630981444,0.201364515857263,3.462138,-9.345562934875488,0.1310418032109737,0,0,0,0.3333333333333333,2.148,0.7964678357996515
abe23d03f06b3eb3317a5583bfbc7d21,Nc1ncc(-c2cc3ccccc3o2)c(N)n1,0.5317000150680542,0.9548526406288148,0.1940568712624636,2.312858,-1.7106186151504517,0.2987648636102676,0,0,0,0.0,2.0542,0.662219710184799
ad9d58a19357ab585eadae7c12d177c0,Nc1nc(Cl)cc(OCC2(CO)CC=CC2)n1,0.4810999929904938,0.7592188715934753,0.1311369223350828,3.284291,-5.9254350662231445,0.0633046757429838,0,1,0,0.4545454545454545,1.4197,0.6281917826055893
5d27b98ca366fe2e404870c39ff23c1c,C=C1C2CCC3C4(C=O)CCCC(C)(C(=O)O)C4C(C(=O)O)C3(C2)C1O,0.5924999713897705,0.9371386170387268,0.0899183733642778,6.163199,11.388846397399902,0.0197721477597951,0,1,0,0.75,2.1105000000000005,0.5235930604583207
e5e0b642dfbdeb36e68f42010765ca43,O=C1CCCN1CCC1CCCCN1Cc1nc(COc2ccccc2)no1,0.3772999942302704,0.3961949348449707,0.0897901403633031,2.868909,-7.228385448455811,0.7578457474708558,0,0,0,0.5714285714285714,3.015600000000002,0.6966784131996837
b5ec596808eccb08c265135988c7f8f9,COc1cccc(N(C)c2nccc(N3CCC(Oc4ccc(C(C)NC(C)=O)cc4)C3)n2)c1,0.6581000089645386,0.885602593421936,0.2479780627922578,3.29245,-4.056203842163086,0.8984746336936951,0,0,0,0.3461538461538461,4.107900000000003,0.5407873533280507
004b9f416385beaf49a45239e35eb76c,Cc1onc(-c2ccccc2)c1C(=O)NN=Cc1cc(Cl)cc(Cl)c1O,0.6718000173568726,0.9950512051582336,0.234192514961416,2.375256,-7.245538711547852,0.5290032207965851,1,1,0,0.0555555555555555,4.426320000000002,0.5098263413142722
ba784d9fe55097eb564f443d079758f1,N#Cc1cccc(Nc2c(C(N)=O)cnc3ccc(S(=O)(=O)c4ccccc4)cc23)c1,0.5633000135421753,0.9445359110832214,0.4119328666817058,2.335228,-10.03528118133545,0.8605812430381775,0,0,0,0.0,3.7817800000000017,0.4981019595145035
7e8895b81f2c19f347a0964ae48b4117,Cc1ccc(C(=O)NC(C)C(C)(C)C)cc1S(=O)(=O)N1CCOCC1,0.3695999979972839,0.3183009028434753,0.0423162003386427,2.657825,-9.66298484802246,0.3066599905490875,0,0,0,0.6111111111111112,2.18032,0.8837805858496505
361921b2dbc607772611af2317501d6d,CCCCc1c(OC(C)=O)c2cccnc2n(-c2ccc(SC)cc2)c1=O,0.4821000099182129,0.8721482753753662,0.2310617444190112,2.513564,-5.408892631530762,0.3841268956661224,0,0,0,0.2857142857142857,4.375500000000004,0.467752068667942
0e02ca05453827b8e6acf8ea8a679eb7,CC(Nc1nccc(N2C(=O)OCC2C(C)C)n1)c1ncc(Oc2ccc(F)c(Cl)c2)cn1,0.7577000260353088,0.9420197010040284,0.4606892398812554,3.707129,-3.6118500232696538,0.5873477995395661,0,0,0,0.3181818181818182,5.0057000000000045,0.5117966661291532
9d594bc46b777130189600de3f641fc6,CC(C)Cc1ccc(C(C)C(=O)N2CCN(C(=O)Nc3ccc(C(C)(C)C)cc3)CC2)cc1,0.5317999720573425,0.9178586006164552,0.1323380893604322,2.658856,0.4414865672588348,0.8842381000518799,0,0,0,0.5,5.662400000000006,0.6400517825790681
f41bed7c056315227374abacc997a41a,CC(C)COc1cccc(F)c1-n1nc2c(c1-c1cc(F)c(NC(N)=O)cc1F)CN(c1ncc(Cl)cc1Cl)CC2,0.7527999877929688,0.9297223091125488,0.6194135546684265,3.228654,-6.636211395263672,0.6333539843559265,0,0,0,0.25,6.746500000000004,0.243116616368909
7e67d5304a5249350e930785c804ca04,Cc1ccc(C)c(NC(=O)CCN2C(=O)C3Cc4ccccc4CN3C2=O)c1,0.5049999952316284,0.5200415253639221,0.0665976960550655,2.711219,-10.067161560058594,0.6690550446510315,0,1,0,0.3181818181818182,3.0211400000000017,0.8329639666800881
a336eea66719efc95df9246ff99c455d,Cc1c(-c2nc3cc(CNC(C)C(=O)O)cc(C#N)c3o2)cccc1-c1cccc(NC(=O)c2nc3c(n2C)CCN(C)C3)c1Cl,0.7113000154495239,0.9760863184928894,0.2516221065412868,3.880567,3.4137237071990967,0.8329653859138488,0,0,0,0.2647058823529412,5.531700000000004,0.1995088259029926
30ba4656664cc97ca8f2a436ed8570e8,O=C(NCC1(N2CCCCC2)CCCCC1)c1ccc(O)nc1,0.4758999943733215,0.4454003274440765,0.2712226814844392,2.622041,-7.361101150512695,0.5669669270515442,0,0,0,0.6666666666666666,2.7058,0.8959386143811798
9d103012ddc33b2100dd69ec6d1ebc42,COc1cc2c(Oc3ccc(NC(=O)NN4C(=O)CSC4C4CCCCC4)cc3)ccnc2cc1OCCCN1CCOCC1,0.670799970626831,0.882266640663147,0.4943934299729087,3.451267,5.757020950317383,0.8429191470146179,0,1,0,0.4848484848484848,5.655100000000005,0.2579396753145659
744ae071b7cb0c4deeafbcafea593aa3,COc1ccc(-c2csc(=Nc3ccccc3)n2CCO)cc1F,0.5543000102043152,0.968595802783966,0.3566431850194931,2.313691,-4.003398895263672,0.6488115787506104,1,0,0,0.1666666666666666,3.589000000000003,0.7687944632483884
0304016f7c3b274fe246220404c0c800,COCCOc1cc2ncc(C(N)=O)c(Nc3cc(C)ccc3F)c2cc1N1CCN(C)CC1,0.6636000275611877,0.8933122754096985,0.6082947958599437,2.580104,-4.293807029724121,0.947486937046051,0,1,0,0.36,3.301820000000002,0.4912114006370247
f3c1ca887c03b4b2098712e24bcaf92d,O=c1[nH]c(=O)n(CCc2ccccc2Cl)nc1O,0.5216000080108643,0.9272663593292236,0.1627754482694647,2.48728,-10.660199165344238,0.0196961739100515,0,0,0,0.1818181818181818,0.5332999999999994,0.8492336098668719
0fdb60c6051b1bff3cb25244036b2270,Cc1ccnc(NC(c2ccccn2)c2ccc3ccc(C)nc3c2O)c1,0.5527999997138977,0.99055153131485,0.3298366801305251,2.925007,-11.062783241271973,0.7219933271408081,1,0,0,0.1363636363636363,4.548740000000004,0.5612686688799546
92f6b14f81bb3f67059c5ee60016b4ab,N=C(N)c1ccc(C2=NOC(CC(=O)N3CCCCCC3CC(=O)O)C2)cc1,0.6226999759674072,0.9055913090705872,0.119962307031859,3.289515,0.4347250461578369,0.1368758216500282,0,1,0,0.5,2.0996699999999997,0.5092018493374378
8af5f2bd96f4ba766f50ff80f6fd2113,N#Cc1cccc(-c2nc3c(C(=O)Nc4ccncc4)cc(Cl)cc3[nH]2)c1,0.583899974822998,0.9885966777801514,0.4130922948772257,2.368709,-1.7171789407730105,0.9287877678871156,0,0,0,0.0,4.402280000000001,0.5559825016892649
2d545453522f80919cb9d25b4269af3b,NC(=O)C12CC3CC(C1)C(NC(=O)c1cccc(NS(=O)(=O)c4ccc(C(F)(F)F)c(Cl)c4)c1)C(C3)C2,0.7146999835968018,0.9918420910835266,0.3435541215268048,4.512589,-1.7925645112991333,0.6964629888534546,0,0,0,0.44,4.569600000000003,0.4836488397631655
458beaad85802545532045caef328679,CCOc1ccccc1NC(=O)COn1nnc2ccccc21,0.3098999857902527,0.6586547493934631,0.0553904884410175,2.109805,-8.539326667785645,0.2730999797582626,0,0,0,0.1875,1.8973,0.7518695709600896
98a6e1fb25718457ec6363d0ee043773,CN(C)c1ccc(C(CNS(=O)(=O)c2ccc(Cl)cc2)N2CCCC2)cc1,0.5884000062942505,0.7387943267822266,0.3294481824744831,2.525861,-10.911133766174316,0.9443636775016784,1,0,0,0.4,3.5214000000000025,0.7624715808887172
d8fe11bea11bb59c4eb08f7f15552fc0,Cn1ccnc1C(NC1CCOCC1)C1CC1,0.3483999967575073,0.3426544964313507,0.042698436840014,3.126311,-5.414527893066406,0.1264031086117029,0,0,0,0.7692307692307693,1.6397999999999997,0.8620211270261596
3a64a71822ffb2752e81adc67dd5dabb,Cc1oc(C(=O)O)cc1COc1ccc2c3c(c(=O)oc2c1C)CCC3,0.5857999920845032,0.9205921292304992,0.0763974094932729,2.598618,9.54611873626709,0.1060643710196018,1,1,0,0.3,3.768740000000002,0.7174559916938915
6816115e2c368e47011fb88751a0ac2a,CC(=O)NC1C=CC2C3Cc4ccc(NC(=O)CCS)c5c4C2(CCN3C)C1O5,0.5737000107765198,0.8407409191131592,0.0952698898247697,5.515731,8.174139976501465,0.5082019448280335,0,1,0,0.5454545454545454,1.8946999999999992,0.5208944532891954
fb172fd33e71cae2dcad835174582c2a,CCC(C)CN(CC(=O)N1CCc2sccc2C1COc1ccc(Cl)cc1)C(=O)Cc1ccccc1,0.6579999923706055,0.9162187576293944,0.2429020032286644,3.260247,-7.910998344421387,0.8526940941810608,0,0,0,0.3793103448275862,6.023700000000006,0.3254668968694102
f2eb0d3f2f9bc31adf014f73dfc2b8f9,CCCCOP(=O)(c1ccc(N(C)C)cc1)C(O)c1c(Cl)cccc1Cl,0.59579998254776,0.9792490601539612,0.4191385426304557,3.390757,-3.651689291000366,0.911272919178009,0,1,0,0.3684210526315789,5.4706000000000055,0.4580892122127865
c448cc0d7875d475e077bf156a5d4e5d,Cc1c(-c2ccc(Cc3ccc(C(F)(F)F)nc3)cc2F)[nH]c2ccccc2c1=O,0.7089999914169312,0.9923917651176452,0.3929087993773547,2.515935,-1.521606206893921,0.9631613612174988,0,0,0,0.1304347826086956,5.6472200000000035,0.442365433574998
f97c2d0beaf9d2e0d98931fc7546e190,O=C(O)c1cccc(-c2cc3cc(Cl)ccc3n2S(=O)(=O)c2cc(Br)cc(Cl)c2O)c1,0.8112000226974487,0.9983184933662416,0.119882411238822,2.606729,-3.5977675914764404,0.368090383708477,1,0,0,0.0,6.018400000000003,0.3297429380773348
8a6490ea5cc37d35b471eabfbe164dd7,CCC(c1nnc(SCC(=O)NC23CC4CC(CC(C4)C2)C3)o1)N(C)C,0.4189000129699707,0.6384144425392151,0.1354552139951424,4.350364,3.5590641498565674,0.1706283815205097,0,0,0,0.8421052631578947,3.259400000000002,0.7344944801599524
e474754e1771bb1a09461e9ab72b96bb,O=C(CSc1nnc(O)n1C1CC1)c1c[nH]c2ccccc12,0.4657000005245209,0.7523309588432312,0.1294622212987054,2.527038,-7.665950775146484,0.0325367046520113,0,0,0,0.2666666666666666,2.7749000000000006,0.5586513120584095
323bb53be89f7dede18ddba6ef62d393,CCC(CC)OC1C=C(C(=O)NCc2cn(Cc3ccccc3Br)nn2)CC(N)C1NC(C)=O,0.625,0.8039805293083191,0.0977064149284904,3.90884,-2.7406346797943115,0.4387423992156982,0,0,0,0.5,2.4410000000000007,0.4312153924874544
488fe86ac8dade5f98012e3cd09376cf,CCCOCc1cccc(CC2CS(=O)(=O)CC(NCc3cccc(C(C)C)c3)C2O)c1,0.675000011920929,0.9249941110610962,0.2063389586454088,3.587271,6.325972080230713,0.9074455618858336,0,1,0,0.5384615384615384,3.843000000000002,0.5281414991997768
b954432e8752fa8967f7d080a8f06760,CCN(CC)C(=O)C1CCCN(C(S)=Nc2cccc3ccccc23)C1,0.5120999813079834,0.7215856909751892,0.1108061576431447,3.053428,-4.619933605194092,0.9480929851531984,0,1,0,0.4285714285714285,4.337500000000004,0.4943902012564471
6c40b43e7f713754a32603f5029c6a39,CS(=O)(=O)N(CC(=O)Nc1cccnc1)c1ccc2c(c1)OCCO2,0.3912999927997589,0.3460928797721863,0.0373807325959205,2.248928,-9.55287742614746,0.4222365170717239,0,0,0,0.25,1.2574999999999992,0.8587522377416168
c49cc66e19c92d6ae254aa6084e80464,OC(CN1CCC2(CCc3ccccc32)CC1)c1cccc(Br)c1,0.5932000279426575,0.970861315727234,0.5301837406375192,3.214756,-8.587117195129395,0.9815853118896484,0,0,0,0.4285714285714285,4.462500000000004,0.8419985924926936
f1f1b4f0e1d6081b3fb223592968b717,O=C(Cn1c(=O)n(Cc2ccc3c(c2)OCO3)c(=O)c2oc3ccccc3c21)Nc1ccc(F)cc1,0.5795999765396118,0.7827005386352539,0.1727968230843544,2.474153,-7.956635475158691,0.940418291091919,0,0,0,0.1153846153846153,3.464200000000001,0.407229046593305
333bbb93224baba2b2dce96c9d1460c4,COC(=O)c1cc2c(C)cc(C)nc2nc1N,0.4573999941349029,0.8932289481163025,0.2140308930115266,2.371327,-3.1414477825164795,0.1363969378173351,0,0,0,0.25,1.6154399999999998,0.7542760737782616
9793dea17d63c5a95b8b63592926a01d,O=C(CN1CCN(c2cc3c(cc2F)c(=O)c(C(=O)O)cn3C2CC2)CC1)Nc1ccc(Cl)cc1,0.8791000247001648,0.9973782896995544,0.1561484458771619,2.401746,-5.97686243057251,0.2251552999019622,0,0,1,0.32,3.5878000000000023,0.5391502080422861
ec19fdb9afaedbae64bbc4e92ec7e7db,Cn1cc(-c2cc(-c3ccc(N4CCN(CCN5CCOCC5)CC4)nc3)c3c(C#N)cnn3c2)cn1,0.5378000140190125,0.7283647060394287,0.3487320257858796,2.964181,-7.590243339538574,0.975147306919098,0,0,0,0.4074074074074074,2.122679999999999,0.4002381137430675
6b3fe1709664a2558aa3fd924c97783d,Cc1cccc(-c2ccc(OCCCOc3ccc4c(c3)CCC4CC(=O)O)cc2)n1,0.6509000062942505,0.981524646282196,0.2334315864877267,2.717098,-2.7102699279785156,0.509242057800293,0,1,0,0.3076923076923077,5.409420000000005,0.4716174592770378
3600541c72e53f7592d5c7f489bf7db4,COc1cc(C2C(C(=O)OC3CCN(C)CC3)C(c3ccc(O)c(OC)c3)C2C(=O)OC2CCN(C)CC2)ccc1O,0.6658999919891357,0.9675610065460204,0.3632202043452046,3.081236,-4.531064987182617,0.7139229834079742,0,0,0,0.5625,3.5032000000000028,0.4479947306200449
b1188d31197bd326d648d3c786eb1534,CC1(C(=O)N2CCC(N3CCC(C(=O)N4CCCC4)CC3)CC2)CCCCC1,0.5009999871253967,0.4168096780776977,0.0882729774510318,2.452537,-10.751701354980469,0.7672248005867004,0,0,0,0.9130434782608696,3.2822000000000013,0.7439681638758927
15ddcbbabaed730db9bcf3fac4d36e97,C=C(C)CN(CC)S(=O)(=O)N1CC(C)OC(C)C1,0.3720000088214874,0.3822628259658813,0.0928502473980188,3.418619,-6.741929054260254,0.2282883457839489,0,1,0,0.8333333333333334,1.2384,0.7098906685917373
2a3acd53262f8e560bd03b9e7fdceed7,NC1(COP(=O)(O)O)CCC(c2ccc3c(c2)CCC(OCCOCc2cccs2)C3)C1,0.6197999715805054,0.94395112991333,0.2330991693518378,4.042359,4.62200927734375,0.7177878141403198,0,1,0,0.5652173913043478,3.9131000000000022,0.3484572530206501
147243d9591bc735ac2a7144dbb96f69,Oc1c[nH]c(=Nc2nc3ccccc3[nH]2)[nH]1,0.4050999879837036,0.9052639603614808,0.2281045575033534,3.415355,-9.373028755187988,0.4373604714870452,0,0,0,0.0,1.1570999999999998,0.4900035232431675
6847954d03a448ec35771a2297da8e1a,Cc1nc2ccccc2nc1CN1CCOc2ccc(C3(O)CCN(c4ccccc4F)CC3)cc2C1,0.6883000135421753,0.9643412232398988,0.4094989570704373,2.70586,-4.882911682128906,0.9744754672050476,0,0,0,0.3333333333333333,4.959920000000005,0.4292609571690998
af7f3966386d181c1bd4208dedc19a6c,O=C(NC1CCCCCCC1)c1cc2ccccc2s1,0.4550999999046325,0.8595629334449768,0.1292222958396781,1.899894,-7.986895561218262,0.4066929072141647,0,0,0,0.4705882352941176,4.744000000000004,0.848619390589324
383645f62f8a3170a519b8a6d525d284,Cc1cnccc1-c1cnc(N)c(-c2ccc(C(=O)NCc3cccc(S(C)(=O)=O)c3)cc2)n1,0.542900025844574,0.8802333474159241,0.1980130631815303,2.456311,-1.3376541137695312,0.8751694202423096,0,0,0,0.12,3.4297200000000023,0.4389744456580767
4bd4b3f012541e1a119fa842477fe707,O=C(C=C1c2ccccc2N(C(=O)c2ccc(-n3cccn3)cc2Cl)CCC1(F)F)NCc1ccccn1,0.6582000255584717,0.895863950252533,0.278340725058859,2.974022,-4.1044511795043945,0.725972855091095,0,1,0,0.1428571428571428,5.306300000000004,0.3527480225041433
8811b460b4cb970f065b5cddf1196e94,C=CCNC(=O)CSc1nnc(C(CC)N(C)C)n1C1CCCCC1,0.3819999992847442,0.3686482906341553,0.0931883911517533,3.041789,-9.500737190246582,0.1022033937275409,0,1,0,0.7222222222222222,3.1903000000000015,0.5377713018350762
e19144e746d16ebae557290ee81f094f,COc1ccc(C(C(=O)NC2CCCCC2)N2C(=O)C(I)=C(c3ccccc3)C23C=CC(=O)C=C3)cc1C,0.6916000247001648,0.9541208744049072,0.2889178110794587,3.988413,-6.6950883865356445,0.4417601138353347,0,1,0,0.3225806451612903,5.616020000000005,0.42517847843069
68ea45f616a67a8e441904d0a5ef7bbb,O=C(OCCS(=O)(=O)c1ccccc1)N1c2ccc(OCCO)cc2C23OC24CCCC3C#CC=CC#CC14,0.7002000212669373,0.7909115552902222,0.3049303889274597,6.342537,3.1209864616394043,0.7073963761329651,0,1,0,0.3666666666666666,3.1978000000000018,0.4208537152501653
aca13af1ace459676e3dd81405048806,O=c1cc(NCc2ccco2)c2ccccc2o1,0.3158000111579895,0.7873948812484741,0.1709588705138726,2.075769,-5.833285808563232,0.3705709964036942,0,1,0,0.0714285714285714,2.9981000000000018,0.7160124591586513
98452fb8d8aafd0cc040fcdb2f3606d9,CN(C)C1C(=O)C(C(N)=O)=C(O)C2(O)C(=O)C3=C(O)c4c(O)cccc4C(CS(=O)(=O)Cc4ccccc4)C3C(O)C12,0.8101999759674072,0.9963428378105164,0.1443208406933329,4.541772,10.649541854858398,0.3529060572385788,0,1,1,0.3448275862068966,0.0909000000000027,0.2450013275522382
ed1388ef1e8383a47f1fd5bc4c3eb6ca,Cc1ccccc1-c1ccc(S(=O)(=O)NCCc2c[nH]c3ccccc23)cc1,0.5864999890327454,0.9852973222732544,0.2738412002270872,1.965112,-5.947612762451172,0.9071533679962158,0,0,0,0.1304347826086956,4.664320000000004,0.5027409506366858
d7751a4abd87b3cedd49342ffefa7c6c,CSCCC(NC(N)=O)C(=O)N(C)CC(=O)Nc1ccc(C)cc1,0.3907999992370605,0.3914593458175659,0.1114883133294907,2.590453,-10.046164512634276,0.1268910437822342,0,0,0,0.4375,1.18192,0.6532692315071243
a832f57fe8d5ec083bbc3e7d880dad89,CN(c1ccccc1)S(=O)(=O)c1ccc(NC(=O)c2ccccc2C(=O)O)cc1,0.4481000006198883,0.8464834094047546,0.0733893537385897,1.883463,-10.463711738586426,0.1953742191195488,0,0,0,0.0476190476190476,3.462200000000001,0.647656571610574
80e48355ffbb411fcf4c4fbcb7c83248,CC1C2=C(OC1(C)C)c1c(O)cccc1C(=O)C2=O,0.6211000084877014,0.9930351376533508,0.3956692367792129,3.403904,10.267867088317873,0.281850579380989,1,1,0,0.3333333333333333,2.3136,0.7252104619051569
f0819a430fdbaedb2bb843d2d3f4b47a,Fc1ccccc1C1c2[nH]c3ccccc3c2CCN1Cc1ccoc1,0.5406000018119812,0.9528731107711792,0.3520947843790054,2.841333,0.3270554840564728,0.9853251218795775,1,0,0,0.1818181818181818,5.047700000000004,0.5630092152810952
ed0d8ea79870ad7a1085faa48551d487,CN(C)CCNC(=O)Nc1ccc(-c2ccc3ncn(-c4ccc(-c5ccccc5)cc4)c3n2)cc1,0.5778999924659729,0.9833881855010986,0.4340534697879444,2.328093,-6.786919116973877,0.9405124545097352,0,0,0,0.1379310344827586,5.437600000000004,0.3281314448067561
e95226467267c0210892a4210fbed121,COc1ccc(CC2CCCN2CC(O)COc2cccc(Cl)c2C#N)cc1,0.6513000130653381,0.9196998476982116,0.5678353824398734,3.031826,-2.938000440597534,0.9797487616539,0,0,0,0.4090909090909091,3.667080000000003,0.7319458905806939
fb90599e6eb79469d76d3baf9c33db17,CN1CCN(c2nc3ccccc3cc2C=CC(=O)c2ccc([N+](=O)[O-])cc2)CC1,0.5404000282287598,0.9716561436653136,0.5776485069231554,2.333097,-8.307454109191895,0.8761635541915893,0,1,0,0.217391304347826,3.7909000000000033,0.279588177796072
730b2ede090e3138741bdae75f29e1df,CC(C)(C)OC(=O)N1CCCC(COc2ccc(F)cc2)C1,0.3503000140190124,0.5176759362220764,0.14885784719478,2.37742,-8.543004035949707,0.7047823548316956,0,0,0,0.5882352941176471,3.851600000000003,0.8509917168082131
cb81430a92daed16b29402e912812eaa,CCSC1C(Cn2cc(-c3ccc(OC)cc3)nn2)OC(n2cc(C)c(=O)[nH]c2=O)C1SCC,0.6177999973297119,0.6742838621139526,0.1652976938269355,4.202879,-5.141944408416748,0.5188740491867065,0,0,0,0.4782608695652174,2.953120000000001,0.4753787429042439
2caee01a1b799a10106f097a7c6bd6b4,COC1C2CC3CN(C(=O)NCc4cnccc4C)C1C3C2,0.488999992609024,0.4012362062931061,0.0671080068515783,4.766545,-1.6559566259384155,0.3008818089962005,0,0,0,0.6470588235294118,1.9548199999999996,0.9282496215042996
f742b395502921402f696695204145e4,COC(=O)C(C)(C)NP(=O)(OCC1C=CC(n2cnc3c(NC4CC4)nc(N)nc32)C1)Oc1ccccc1,0.682200014591217,0.9017095565795898,0.4585206237706271,4.221018,-0.7518025636672974,0.9103519439697264,0,1,0,0.44,3.8449000000000018,0.1840997606097686
1340c33bba5c73068048afdd78c75f4b,Cc1c(C(=O)c2ccc(Cl)cc2)c2ccc(OC(F)(F)F)cc2n1Cc1cccc(OC(C)C(=O)O)c1,0.7585999965667725,0.9959869980812072,0.3069264793937856,2.931138,-5.653968811035156,0.3976414978504181,0,0,0,0.1851851851851851,6.632920000000006,0.2580923929308372
2b7696f792780214041b62dbabeef642,O=C(NC(CO)C(F)c1cccc([N+](=O)[O-])c1)C(Cl)Cl,0.6816999912261963,0.9687582850456238,0.2772172120484439,3.445588,-4.049574375152588,0.2825415462255478,0,1,1,0.3636363636363636,1.8861999999999997,0.4744661768058582
1dd2d9e005bfc6eca4789b03b262b0a2,CCOC(=O)c1nc2c(O)nc3ccccc3n2n1,0.4411999881267547,0.8896259665489197,0.0938480680977756,2.526552,-10.56853199005127,0.1609018065035343,0,0,0,0.1666666666666666,1.1597999999999995,0.6935811781289867
7f534cac24028ee067aaf8dcb130be71,Cc1cnn(Cc2ccc(Cn3cc(C(=O)NCc4cc(Cl)ccc4C(F)(F)F)c(C(F)(F)F)n3)cc2)c1,0.6802999973297119,0.9427655339241028,0.3295494697310708,2.766223,-6.885269641876221,0.9070631742477416,0,0,0,0.24,6.1056200000000045,0.2800896240828763
209195048d3c1e85fdae04bc0502821b,CN(C)c1ccc(-c2csc(N=C(N)N)n2)cc1,0.4796000123023987,0.9575168490409852,0.1374646479433233,2.336343,-3.495713472366333,0.3542073488235474,0,1,0,0.1666666666666666,1.7809999999999997,0.6516450615726401
8fc7022252bfdc4ac03fa3d410567636,COc1c(OC)c2c(c(OC)c1-c1c[nH]c3ccccc13)OC1Nc3ccccc3C21O,0.6244999766349792,0.966938853263855,0.5461196533658288,3.757105,10.546558380126951,0.9313915967941284,0,0,0,0.2,4.240600000000003,0.4491491751166201
bc08e57a07717da63a6b23864abc3181,Cc1ccc2cccc(OS(=O)(=O)CCCN)c2n1,0.4099000096321106,0.8579079508781433,0.1304301341826265,2.378907,-10.79598331451416,0.2630643248558044,0,1,0,0.3076923076923077,1.60062,0.8411516839140316
7e4552df8f46f4979c3f6a4918e7c866,CC(=O)c1ccc(-n2c(CCC(=O)O)ccc2-c2ccc(Br)cc2)cc1,0.6568999886512756,0.9697102308273317,0.1975430223074826,2.175033,-7.03464412689209,0.075256323069334,1,0,0,0.1428571428571428,5.126600000000004,0.5716248802419446
1fb97fe2ddf5a49199c21d601c867214,Nc1c(CCO)cccc1C(O)c1ccc(Cl)cc1,0.5497000217437744,0.9517342448234558,0.2645919146862897,2.676497,-8.613591194152832,0.4869036555290222,0,1,0,0.2,2.5387000000000004,0.7525815776523965
336fd1db6ecd9f7e3ca9e9b5517c5337,CNC(=O)c1cccc(NC(=O)N2CCN(c3cccc4[nH]ccc34)CC2)c1,0.490200012922287,0.5901873111724854,0.0695533537390557,2.14963,-5.199398994445801,0.8275968313217164,0,0,0,0.238095238095238,2.8816000000000015,0.6565552763727902
8ca5a44aaffb844b347c0df1c7a5720c,CC12CCCC1C1CC(O)C3(O)C(CCCC3(C)C)C1(C)CC2,0.5375999808311462,0.8670259714126587,0.3015722903338345,4.671203,7.541330814361572,0.6671646654605865,0,0,0,1.0,4.531100000000005,0.6881517124563526
b8d9cd077e0da9476a9e2b9a82b348e7,O=C(NC1(c2cccc(Cl)c2)CCCC1)c1cn[nH]c1,0.5184999704360962,0.8569441437721252,0.1855663169514049,2.542708,-9.612107276916504,0.1031985491514206,0,0,0,0.3333333333333333,3.2624000000000013,0.910992906119208
edfe4de06ff93fd1b3faf61f11620bd8,O=C(NN=Cc1ccccc1OC(=O)c1ccc2c(c1)OCO2)c1cccc(F)c1,0.4751999974250793,0.898888885974884,0.253741098398512,2.187742,-4.915468215942383,0.8186690807342529,0,1,0,0.0454545454545454,3.5375000000000023,0.3031964328782281
a233972e29e325bfb689b40ebac29bc9,COc1ccc(C(C)=O)cc1CSc1ccc2c(c1)OCCO2,0.517300009727478,0.8189176321029663,0.1742442351850596,2.123919,-9.37192440032959,0.3099946051836014,0,0,0,0.2777777777777778,3.9613000000000023,0.6131600110615146
cbd2855bb0c5fe255a4b067334efcaaa,CC[n+]1c(C)cc(N)c2cc(Nc3nc(N)nc(Nc4ccc5c(c4)c(N)cc(C)[n+]5CC)n3)ccc21,0.7335000038146973,0.9960582852363586,0.771362380547957,3.383966,-3.57412052154541,0.94986412525177,1,1,0,0.2222222222222222,3.643440000000002,0.2237548044745796
5b0423d4ac84099417cbf6abe200cad4,COc1ccc2cc3n(c2c1)CCNC3,0.3643999993801117,0.856295645236969,0.1623056436126882,2.489085,-7.290609359741211,0.3635671496391296,0,0,0,0.3333333333333333,1.7531,0.7621632552911237
0a6b2948e25161950c61575a834c362e,CCCCCc1cc(OC(=O)c2c(O)c(Cl)c(O)c(Cl)c2CCCCC)cc(OC)c1C(=O)O,0.8061000108718872,0.9981905817985536,0.1353120751340281,2.828048,10.073928833007812,0.3742990165948868,0,1,0,0.44,6.7960000000000065,0.1625824657277592
ab67c3179f8934a31a5bd3cd7bb4896c,CN(C)CCN(C)C(=O)C(Cc1ccc(Cl)cc1Cl)NC(=O)C1(c2ccc(Cl)cc2Cl)CC1,0.7113999724388123,0.9724855422973632,0.3276911025697535,3.06018,-11.688901901245115,0.822087562084198,0,0,0,0.4166666666666667,5.079300000000005,0.4915445402660853
0a661b38ed1c3651c3b89bb53c70a3c5,Cc1nn(-c2ccc(F)cc2)c2nc(N3CCCN(C(=O)C(C)c4ccccc4)CC3)sc12,0.5573999881744385,0.7547630071640015,0.211898156187751,2.910208,5.559209823608398,0.8720560550689698,0,0,0,0.32,4.771920000000005,0.4374629673021942
0f05dbffaf294bcb84a6fc46bd7e6cc4,NCC(O)c1cc(Cl)c2c(c1)OCCO2,0.5044000148773193,0.8845306634902954,0.3112200918522748,2.894321,-7.652152061462402,0.1025945167988538,0,0,0,0.4,1.1033,0.7973797308159536
931497dcb1681e1bb2a24ca2fc712505,CC(NCc1ccc(OCC(N)=O)cc1)C12CC3CC(CC(C3)C1)C2,0.5357999801635742,0.7972318530082703,0.2541662187061526,3.916297,-2.6892659664154053,0.4893063455820083,0,0,0,0.6666666666666666,3.2452000000000014,0.7993562765130415
7e2b217b258b8a40921b87b18ab4cbc4,Cn1cc(C(=O)C(=O)N2CCCCC2)c2cc(-c3ccc4ccccc4c3)ccc21,0.603600025177002,0.9449474215507508,0.2545730051669208,2.255783,-6.316261291503906,0.8115400791168212,0,1,0,0.2307692307692307,5.193700000000004,0.3530748896750993
196a53e5e613cf85cd993a00ed478e17,COC1CCN(C(=O)c2cnn(-c3nc4c(c(=O)[nH]3)CCC4)c2C)C1,0.504800021648407,0.3293551802635193,0.0727875178510492,3.288874,-8.089170455932617,0.3241868674755096,0,0,0,0.5294117647058824,0.61362,0.8814741177296238
09c51b1ee0d79e3027dc0e167aa9ce40,CCC1CCCCC1N(C)c1ccc(C#N)cn1,0.4575999975204468,0.7163770794868469,0.1049055791544643,3.284742,4.256494045257568,0.5540858745574951,0,0,0,0.6,3.3582800000000024,0.8169039516679667
be04c1d4cdd83eb461cd27f273f4d3e7,COc1cc(OC)c(NC(=O)C2CCCO2)cc1Cl,0.3431000113487243,0.449409544467926,0.1527533842758699,2.460555,-11.327689170837402,0.2709967210888863,0,0,0,0.4615384615384615,2.4747000000000003,0.9232276030606724
bb5513340a13c4c271584273b0c99d42,Cc1c(Sc2cccc(C(=O)O)n2)c2ccc(Cl)c(F)c2n1CC(=O)N1CCC(O)(C(F)(F)F)C1,0.6776999831199646,0.9393019080162048,0.1238301159306006,3.707034,7.202815532684326,0.2185540348291397,0,0,0,0.3181818181818182,4.5123200000000026,0.4703462483942324
49946c4101eb962bd51d2a31334a2c05,CCC(CNC(=O)CCn1cncn1)N1CCc2ccccc2C1,0.3271999955177307,0.3040599524974823,0.1204163670878518,2.882642,-11.399948120117188,0.7107098579406739,0,0,0,0.5,1.6212999999999989,0.8393077395255298
0d57ca4fff9d226bb7168edc35daca10,Nc1nc(-c2ccccn2)nn1C(=O)C1CCOCC1,0.3427000045776367,0.5786644220352173,0.0522992346774448,2.610136,-1.6075876951217651,0.1472674787044525,0,0,0,0.3846153846153846,0.9891,0.8761176583371959
403fec22de0a0ccdd881af32ad65aed4,CCC(=O)OCC(CCn1cnc2cnc(N)nc21)COC(=O)CC,0.4524999856948852,0.7130534052848816,0.2271256253800609,2.882268,-8.395779609680176,0.6740663766860961,0,0,0,0.5625,1.3212000000000002,0.6725577148847508
877d580929353702db4f81f0561e0189,COc1ccccc1-c1nnc(C2CCN(C3CCCCC3)C2)o1,0.4223999977111816,0.5413125157356262,0.144759827716784,2.705598,8.760700225830078,0.7472119808197022,0,0,0,0.5789473684210527,3.867200000000003,0.8530864302220336
440ac8a324fa3094a042c7a8e52fbe1b,CC(O)=C(C#N)C(=O)Nc1cc(OC(C)C)c(C(=O)Nc2cccc(F)c2)cc1F,0.580299973487854,0.973521649837494,0.2545429786497896,2.504946,-8.614526748657227,0.8436426281929016,0,1,0,0.1904761904761904,4.2983800000000025,0.3700619173266822
5deb2aa3d91f83058b89a2f1751b93bb,CNc1ccc(C=Cc2ccc(-c3nc4ccc(OCCCF)cc4s3)cc2)cc1,0.6395999789237976,0.9941829442977904,0.6071775203401392,2.371005,4.10354471206665,0.8642617106437683,0,1,0,0.16,6.913800000000005,0.2492069953144413
7915f7e0495dd3f2edd6697c6c2e61ec,CCCc1cccc(-c2cc(NC(=O)C3CNC(=O)C3)nn2-c2cccc(C)c2C)c1,0.5648000240325928,0.92758047580719,0.2501355179331519,3.041719,-7.8486528396606445,0.64796302318573,0,0,0,0.32,4.183240000000003,0.632823600767234
9275114e04c8be5b7c350b056442733b,Cc1ccc(Oc2ccc(-c3cccc(C(O)CO)n3)cc2)cn1,0.4751000106334686,0.8563718795776367,0.2749286429448561,2.679145,-7.545215129852295,0.4566237509250641,0,0,0,0.1578947368421052,3.2700200000000024,0.7538276893357837
40e7f501a5b45ca97de6b5b487dca082,COc1ccccc1CN1CCC(N(C)c2cc(F)c(S(=O)(=O)Nc3cscn3)cc2Cl)C1,0.7667999863624573,0.8804271221160889,0.1268407099626281,3.290249,2.924607992172241,0.8952708601951599,0,0,0,0.3181818181818182,4.455700000000004,0.4821676954028085
34464c911bb3c856f37cb401438f87d5,C[N+]1(CCCC(O)(c2ccccc2)c2ccccc2)CCCCC1,0.4517000019550323,0.9215058088302612,0.5553586753931913,2.570829,7.559267044067383,0.9173787355422972,0,1,0,0.4545454545454545,4.333200000000004,0.7840869394665028
8a28673ed28bc0a80979af30c21bfaf2,CC(C)(C)C(=O)ON=C(N)c1ccc([N+](=O)[O-])s1,0.515500009059906,0.95718514919281,0.1827022568746046,2.899171,-2.2919843196868896,0.151194380223751,0,1,0,0.4,1.8659,0.2966170917555012
7ec3d8ab180e34cb397bce91cdfee702,COc1cccc(CNC(=O)C2CCCN(S(=O)(=O)c3ccc4c(ccn4C)c3)C2)c1,0.4864000082015991,0.372465044260025,0.0646651614118706,2.686166,-5.942566394805908,0.8587603211402893,0,0,0,0.3478260869565217,2.9040000000000017,0.6378843293807448
b847e0fb587190c2b28a3b9f8831bb32,CCCCCCc1ccc(CC(Oc2ccc(Cl)cc2)C(=O)O)cc1,0.746999979019165,0.9935626983642578,0.2057737775824286,2.29861,-6.392361640930176,0.2808144748210907,0,1,0,0.3809523809523809,5.537500000000005,0.5658162285663418
97a6de6e3339005d6116977bae419b83,Cc1ccccc1OCC(=O)N(C)Cc1nc2ccsc2c(=O)[nH]1,0.4199999868869781,0.6362345814704895,0.0860997949811545,2.386512,-7.173713684082031,0.4881651997566223,0,0,0,0.2352941176470588,2.33042,0.7713963481147105
164aa1874abab11513a3680e2004793b,Oc1c(Br)ccc2c1[nH]c1cc(Cl)c(Cl)cc12,0.7756999731063843,0.999667465686798,0.5345180413939736,2.44578,10.318567276000977,0.3954407334327697,0,0,0,0.0,5.096000000000001,0.5909657766706278
d03f7e438d0620f851d4aa2ff7df3038,CCCN(CCCCCCN1C(=O)CC2(CCCC2)CC1=O)C1COc2cccc(OC)c2C1,0.6097999811172485,0.8944392204284668,0.2926789413798939,3.753935,-2.0029780864715576,0.9314412593841552,0,1,0,0.7142857142857143,4.9805000000000055,0.3371816788265609
e0ae1e17b9d00ca79a14543d432d3e8e,c1ccc(Cc2cccc(N3CCC4(CC3)CNCCO4)c2)cc1,0.5781000256538391,0.9669400453567504,0.3094471151178533,2.79628,-9.634893417358398,0.8979804277420044,0,0,0,0.4285714285714285,3.236200000000001,0.938777700738298
ab2233ed308a6ab8ed74de68637cb4b6,CCCCCCCCCC(=O)NC1CC(OC2CC(O)(C(=O)CO)Cc3c(O)c4c(c(O)c32)C(=O)c2c(OC)cccc2C4=O)OC(C)C1O,0.7746999859809875,0.9975998401641846,0.6868926164778796,4.630227,9.573515892028809,0.7384317755699158,1,1,0,0.5675675675675675,3.299500000000003,0.1059454364903448
a1227b7263b5018776afcb8dd66fbc53,COc1ccc(C2=NN(C3CCCCCC3)C(=O)C3CC=CCC23)cc1-c1ccc(C(=O)N2CCCC2C(N)=O)cc1,0.730400025844574,0.8640049695968628,0.2358217469670555,3.773589,5.510442733764648,0.7087840557098388,0,1,0,0.4705882352941176,5.303600000000005,0.3769337711272712
20f06f2eb995ac112b47645b7860c915,COc1ccc(NC(=O)C2=C(C)NC(=O)NC2c2cccs2)c(OC)c1,0.4018000066280365,0.5491561889648438,0.1305068446831269,2.731288,-11.495318412780762,0.4171563267707824,0,0,0,0.2222222222222222,3.031900000000001,0.7516073593992798
2c106f50df50352f809635dbba9aae08,CCN1C(N(C)CCc2cccs2)=NC(c2ccccc2)C(C(=O)OC)=C1C,0.5030999779701233,0.8210490345954895,0.1519828140735626,3.243023,-7.549724578857422,0.7202844619750977,0,0,0,0.3636363636363636,4.102200000000003,0.688599099671504
02e3d70d4ba05a97ee15c28b6fe16320,CN1CCN(C(=O)c2cc(Br)cc([N+](=O)[O-])c2NC2CCCC2NC(=O)c2cc(=O)[nH]c3c(F)cccc23)CC1,0.7067000269889832,0.9143269658088684,0.2568260377103632,3.630465,-9.78282356262207,0.8554239273071289,0,1,0,0.3703703703703703,3.488500000000001,0.2850026098165625
a459b8307247d416d4ab1fceb66e4236,CCCCCCCN1C(=N)NCC1CCCCN1CC(C(C)CC)NC1=N,0.6793000102043152,0.9289879202842712,0.1994263719428669,4.415948,10.9315824508667,0.8888743996620179,0,1,0,0.9047619047619048,3.590340000000002,0.3693896271814927
928a3b9f11a5c459b77918e4b10935c1,COCC1(C(=O)NCCC2CCOC2)CCC1,0.3488000035285949,0.1896831542253494,0.0268484335445629,3.125586,3.86855149269104,0.1205745551735162,0,0,0,0.9230769230769232,1.3458999999999994,0.7632442779080563
e8a753693c3086b862fc4c5479ffccbe,CS(=O)(=O)NCc1cccc(-c2nc(C3CCCCN3C(=O)COc3ccccc3)no2)c1,0.5012000203132629,0.5262730717658997,0.0559554560617967,2.878541,-4.681450843811035,0.8040455102920532,0,0,0,0.3478260869565217,2.918400000000001,0.5382341976755284
4ae87a4f3b31bb0f0a3176cb4bd1ed55,COc1ccc2nc(C=Nc3cccnc3Nc3ccc(F)cc3)sc2c1,0.5920000076293945,0.986486315727234,0.4758045754649422,2.559378,-8.476502418518066,0.7254280567169189,0,1,0,0.05,5.333200000000002,0.4767488126104496
1fa8fd6c61e49f4dfe7174d7fa9aa725,CN(C)C(=O)COC1CN(Cc2nccs2)C2COCC12,0.4763999879360199,0.4955382645130157,0.0332779371105557,4.094037,-6.918466567993164,0.1463762149214744,0,0,0,0.7142857142857143,0.4470999999999998,0.7900433973471203
356c864751ba671a3f8ee5c7f26e2fbd,Nc1ncc(-c2ccc(C(=O)N3CCOCC3)cc2)nc1-c1ccsc1,0.5178999900817871,0.569981038570404,0.2221222289583899,2.356493,-8.147313117980957,0.7663719415664673,0,0,0,0.2105263157894736,2.926700000000001,0.7707065543975957
f351b26ee499a624ac1e4724d3922869,CC(C)N1CCN(c2ccc(-c3ccc4c(c3)OCC3C(CO)OC(=O)N43)cn2)C1=O,0.7243000268936157,0.7950894236564636,0.0790416537360711,3.697823,-0.2814102470874786,0.4072051376104355,0,0,0,0.4090909090909091,2.477500000000001,0.8102997965628689
b4eb786cd65fcb1a1f8f850d5bd0fab9,Cn1c(=O)c2c(nc(CN3CCc4ccccc4C3)n2Cc2ccc(F)cc2)n(C)c1=O,0.5041999816894531,0.8388200402259827,0.1400180123746395,2.38626,-9.995766639709473,0.9770671486854552,0,0,0,0.2916666666666667,2.1793999999999993,0.4949770627314144
b7fec941329b6d6166f3e7cc3fd7a454,Brc1cnc2[nH]c(-c3ccc(CN4CCOCC4)cc3)nc2c1N1CCN(Cc2ccncc2)CC1,0.6297000050544739,0.8518186211585999,0.4086635952646082,2.71995,-6.042726516723633,0.9851266384124756,0,0,0,0.3703703703703703,3.9368000000000025,0.391573391582537
b07e427305939e1578c584e8381e8973,COc1ccccc1N=C1SC(C(=O)Nc2cccc(Cl)c2Cl)C(N)=C1C(N)=O,0.6923999786376953,0.9870966076850892,0.2911637499928474,3.273729,-2.3743135929107666,0.7615976691246032,0,1,0,0.1052631578947368,3.4842000000000004,0.6431059564376012
7ff9633bc308f2ad0728aac8369750fc,COc1cc2c(cc1OC)Sc1nc(C)nc(Nc3ccc4c[nH]nc4c3)c1NC2,0.6126999855041504,0.972197413444519,0.6170609850775112,3.23187,-4.834207534790039,0.9153541445732116,0,0,0,0.1904761904761904,4.498820000000002,0.4154004402349616
befbc5e3f0bf5a6ef1797e0c8f7a4fe1,Cc1cc(CC(=O)N2CC3CCC(C2)N(Cc2c(C)noc2C)C3=O)on1,0.4853000044822693,0.3177416920661926,0.0197664963187972,4.204431,-11.05863094329834,0.2698318362236023,0,0,0,0.5789473684210527,1.77996,0.8122041032152437
dd206873cf923ec8ff77a57febd5178a,COc1cccc(CN(C(=O)C2CNCC(=O)N2c2ccc(CCCOc3c(F)ccc(F)c3F)cc2)C2CC2)c1C,0.72079998254776,0.9743119478225708,0.4419881823388012,3.38073,2.3199260234832764,0.9527870178222656,0,1,0,0.375,4.928520000000003,0.2570568562808686
8b31cb3c1d16847b95f82b4aeb9aa953,CN(C)C(=O)n1cc(C(=O)C2CSC(c3cccnc3)N2)c2ccc(-c3cccnc3)cc21,0.5968999862670898,0.8290438055992126,0.1841765703125433,3.665158,1.4990941286087036,0.6459235787391663,0,0,0,0.2,4.214500000000003,0.4625300539911117
68d63f83cd87d4a7cbf5171eebca500e,CCNc1ncc2nc(NC3CCN(S(C)(=O)=O)CC3)c(=O)n(C3CCCC3)c2n1,0.524399995803833,0.6320507526397705,0.1236872334371913,2.805561,-8.837060928344727,0.8844935536384583,0,0,0,0.6842105263157895,1.5692999999999988,0.7010761209946839
bad20545a0e5b519c2a72ad8d3d53897,NCC(=O)Nc1ccc(-n2nc(C(F)(F)F)cc2-c2ccc3c(c2)oc2ccccc23)cc1,0.7767000198364258,0.9982367157936096,0.538468444889242,2.44928,-6.230103492736816,0.9384001135826112,0,0,0,0.0833333333333333,5.354700000000003,0.3863045325278987
6f21176c3cb0d48055cd2422aab5952b,CCN1CCN(Cc2ccc(Nc3nc(OCCOC)c4c(-c5ccc(F)c(Cl)c5)c[nH]c4n3)cc2)CC1,0.7092999815940857,0.9891574382781982,0.7692876105958765,2.73824,9.393259048461914,0.98933824300766,0,1,0,0.3571428571428571,5.323700000000004,0.2643896775950592
4a64ba29ccd2ce5de72cc2976fb6386a,CC(C)(C)c1cc(Br)cc(C(C)(C)C)c1O,0.5895000100135803,0.9879194498062134,0.248578840020028,2.2126,9.710413932800291,0.3903777956962585,0,0,0,0.5714285714285714,4.749700000000004,0.7289703961417632
b27a3a7db70b4fb48a54ee7a2163e42b,NC(Cc1ccc(P(=O)(O)O)cc1)C(=O)O,0.3591000139713287,0.9383498430252076,0.1622193137353116,2.792057,10.565361976623535,0.0035859078052453,0,1,0,0.2222222222222222,-0.5560000000000003,0.5276737415506714
404fe920243d610ed2932dbf734b7e71,Cc1ccc(-c2cc(C(F)(F)F)c3c(N)c(C(=O)c4ccc5c(c4)OCO5)sc3c2)s1,0.7300999760627747,0.9822617173194884,0.5248386670242656,2.775032,-10.738566398620604,0.8529946684837342,0,0,0,0.1363636363636363,6.498920000000003,0.3539680153718394
44767d5b7a455d83cb4fe590f6d80bbd,CNC(=O)C1CCCN1c1cc2c(cn1)-c1nc(-c3ncnn3C(C)C)cn1CCO2,0.5521000027656555,0.5372071266174316,0.1716460991989482,3.597433,3.231060266494751,0.7115837574005127,0,0,0,0.4761904761904761,1.8916999999999995,0.6847994913546693
178622c27971e773ccb401ee7414e8de,CC1OC(=O)C2CC3CCCCC3C(CCCN3CCSCC3)C12,0.5877000093460083,0.7245611548423767,0.2380059686574069,4.258781,8.087898254394531,0.7943480134010314,0,0,0,0.95,3.819400000000003,0.7203044665864647
bc3668005d9f6f90d8aea44398049b49,Cc1cnc2c(F)c(Nc3cc(C)[nH]n3)nc(NC3CC4CCCC(C3)N4CCC#N)c2c1,0.6710000038146973,0.9359501004219056,0.619429116899317,4.60081,2.569291830062866,0.9787751078605652,0,0,0,0.5,4.563520000000003,0.5074037715285956
3c5b5751c077cf022b9ee9483487635f,CN1CCN(CCCc2c[nH]c(-c3ccc(F)cc3)c2-c2ccncc2)CC1,0.5770999789237976,0.9539894461631776,0.5999179252169349,2.387823,-6.072959899902344,0.9849667191505432,0,0,0,0.3478260869565217,4.062800000000003,0.7024603527922447
7db6f65e704e8467fdb08ba9021e684b,CC(OC(=O)c1cc(O)nc2ccccc12)C(=O)c1ccccc1,0.54339998960495,0.9650592803955078,0.2119344073263081,2.481987,-8.276822090148926,0.1362980842590332,0,0,0,0.1052631578947368,3.3686000000000016,0.5887397166330406
f313fa740caa668b193fda3025cbb15b,O=C(NCC1CN(c2ccc3c(c2)OCc2nccn2-3)C(=O)O1)c1ccc(Cl)s1,0.7921000123023987,0.82366943359375,0.1614673306996172,3.292372,-3.801539659500122,0.6077706158161164,0,0,0,0.2105263157894736,3.2348000000000017,0.686382985803433
0086e313fe99732aa82614c96fe0b133,CCc1cc2c(=O)c(-c3ccc4c(c3)OCCCO4)coc2cc1OC(=O)N1CCOCC1,0.6018999814987183,0.7097758650779724,0.1677615121006965,2.699345,-1.4690964221954346,0.6546276152133942,0,0,0,0.36,4.014700000000003,0.594480187690119
9fa0da8f89222b7b47d1b418bdb75623,O=C(Nc1cccc(-c2nc3ccccc3c(=O)o2)c1)c1ccccc1Br,0.5954999923706055,0.9818554520606996,0.2416030087254264,1.975469,-9.465996742248535,0.627120316028595,0,0,0,0.0,4.8698000000000015,0.5125054521442193
6cc22e025c65d136b80e92f79d505b9d,Cc1c(C)c2c(c(C)c1N)CC(C)(CN1CCN(C)CC1)O2,0.4555000066757202,0.7115126848220825,0.1785667961971326,3.198042,-9.8889741897583,0.9655829787254332,0,1,0,0.6666666666666666,2.13506,0.8500514350586734
ad9a25f6facdaf5e47bed21cd31a12a2,CCOC(=O)NN=C(C)c1ccc(OC(F)F)cc1OC(F)F,0.4887000024318695,0.8422052264213562,0.2405236410823735,2.530163,-9.345075607299805,0.5655423820018768,0,1,0,0.3846153846153846,3.3595000000000015,0.4701651847163254
f0c78774e3204d22cdee51936290021d,Cn1cc(CN2CC(N3CCCC3=O)C3OCCCC32)cn1,0.4948000013828277,0.2610891461372375,0.0596842829307371,3.811172,-11.754630088806152,0.2552903994917869,0,0,0,0.75,0.7742999999999995,0.8277313023614756
106b7dbefd2e038ae0c354295417ae95,CN(CC1OCCc2ccccc21)C(=O)CCc1ncccn1,0.2599000036716461,0.2416598945856094,0.1138578010299666,3.001799,-10.476312637329102,0.2452580347657203,0,0,0,0.3888888888888889,2.1816000000000004,0.849109355202083
95df6fd66d3e193c082bc4c65a9e3a29,CS(=O)(=O)N1CC2CCCCC(NC(=O)c3nccc4ccccc34)C(=O)N2C(C(=O)NC2CC(=O)OC2O)C1,0.6398000121116638,0.7888385653495789,0.059865925122391,4.243891,4.752796173095703,0.4723728656768798,0,0,0,0.5,-0.5016999999999976,0.3982486093670653
8e254cce9d157e4200b350239ce52a96,CN(C)c1nc(-n2cccn2)nc(N)c1Br,0.4720999896526336,0.8722098469734192,0.060415118636394,2.886304,-5.472953796386719,0.3220916271209716,0,0,0,0.2222222222222222,1.073,0.8922183331827008
c84b2167a97e6e90801e2db5b935114c,Cc1ccc(Cl)c(-c2c3c(nn2C)CCc2cnc(Nc4ccccc4)nc2-3)c1,0.6266000270843506,0.98854798078537,0.5464346056634729,2.613223,-2.791656732559204,0.8065465807914733,0,0,0,0.1739130434782608,5.348120000000004,0.5025068823512849
ce632caff484d6a2bbb0d1986efd0fc7,COc1ccccc1CN=C(S)NCc1ccc(F)cc1,0.4217000007629394,0.8726352453231812,0.1992748515172438,2.299027,-11.756268501281738,0.9234387040138244,0,1,0,0.1875,3.4099000000000013,0.5040892322645452
dfa829e91bd0d12322e0b3f37d6c7d70,CN(C)S(=O)(=O)c1cnc(N2CCC(Oc3ccc(Cl)cc3)CC2)c(Oc2ccc3c(c2)CCO3)c1,0.6916000247001648,0.9127615094184875,0.3306900615041906,2.681665,-9.853829383850098,0.8238235116004944,0,0,0,0.3461538461538461,4.760300000000004,0.4361978890515252
3ff34a37f32641efba136798102a589e,Cc1ncccc1CNCCn1cccn1,0.2630999982357025,0.5950489640235901,0.0741028929213908,2.269845,-12.28787326812744,0.0796517454087734,0,1,0,0.3333333333333333,1.37632,0.7676921588930755
7a3998def4e11eb2fa01239285a0114f,CCCNc1ccc(S(=O)(=O)NC)cc1Nc1ncnc2[nH]ccc12,0.5760999917984009,0.8229103088378906,0.2682327235286886,2.545883,-7.125926971435547,0.5165223360061646,0,0,0,0.25,2.4315,0.5148018348144123
0f022f0a5e035743ae4100e466e854e4,CCOC(Cc1nnc(S)n1C)OCC,0.3084999918937683,0.6979305148124695,0.0447951282946054,3.094359,-11.724520683288574,0.0185276438947767,0,1,0,0.7777777777777778,1.0454,0.5869736675548826
8f0c82e8cb6af70865e77c7153f83fc8,COc1ccccc1NC(=O)CC(C)S(=O)(=O)c1cc2c(cc1C)NC(=O)CO2,0.4140999913215637,0.3900396823883056,0.0743567476218396,2.95133,-9.562511444091797,0.7379467129707337,0,0,0,0.3,2.52552,0.7458219471736447
c01828a56234f1835e54886332345a22,COc1ccc(-n2cc(-c3ccccc3)c3c(NC4CCCC4)ncnc32)cc1,0.5087000131607056,0.9814539551734924,0.5249381417577917,2.23497,0.3021445572376251,0.8907865285873413,0,0,0,0.25,5.450600000000004,0.4969882259116712
ad78dee9ab6418be0eda081fd4fb55f6,COc1ccc(CNc2ccc3c(C)nn(C)c3c2)cc1O,0.4361000061035156,0.923777401447296,0.220178563486446,2.157557,-8.842364311218262,0.6959981679916382,0,0,0,0.2352941176470588,3.2080200000000016,0.7761010775335264
a25d983510842faf6e1a62224760485a,COC(=O)c1cccc2c1-c1ccc(F)cc1C2(O)C(F)(F)F,0.6814000010490417,0.9897408485412598,0.2835329222408208,2.930071,3.552653551101685,0.690674889087677,0,0,0,0.1875,3.3909000000000007,0.6453643707980967
6c8c4bef6c63ac79c22e5a833748e078,O=C(O)CCCN1C(=O)C(=Cc2cn(-c3ccccc3)nc2-c2cccs2)SC1=S,0.7175999879837036,0.8889798521995544,0.176176867024465,2.476775,-9.512118339538574,0.1809778317809104,1,1,0,0.1428571428571428,4.666800000000003,0.412302825415363
abc5612c0d0bdb2cf952fd87f5d03ec7,CCCCCS(=O)(=O)Cc1cc(=O)c(O)co1,0.4410000145435333,0.9033356308937072,0.1059559051963416,2.653755,5.816843032836914,0.1149176336824893,0,1,0,0.5454545454545454,1.4504,0.7824168358333204
91a0d0933a130350b3d196aa9c2db531,CCS(=O)(=O)Nc1cc(C(=O)NCCc2ccncc2)c2c(c1)nc(-c1ccccc1)n2C,0.4697999954223633,0.7208462953567505,0.0937193787910721,2.498779,-10.3866548538208,0.954820704460144,0,0,0,0.2083333333333333,3.3694000000000015,0.4167617314460981
de74ef7445c1b02d932a996c8a2d1a55,CC(C)(C)c1nnc(C(=O)NCC2CCCS(=O)(=O)C2)s1,0.4056000113487243,0.462368369102478,0.0584225239740176,3.271309,-6.92069149017334,0.0466721720993518,0,0,0,0.7692307692307693,1.3902,0.9038919114175472
0f829410680fa4881b143e7399f4a378,CNc1ncc(C(=O)N2CCOC(C(=O)NC3CCCC3)C2)cn1,0.4113999903202057,0.1663523465394973,0.0920300583609125,2.936448,-7.848934173583984,0.1225453123450279,0,0,0,0.625,0.4181000000000003,0.8287949152229956
eb1285aad7f315ab6dd412bba00719d1,Cc1ccc(S(=O)OCC23CC4CC(CC(C4)C2)C3)cc1,0.5044999718666077,0.8667770624160767,0.2453335950320417,4.373976,6.842672348022461,0.4711092203855515,0,0,0,0.6666666666666666,4.250620000000004,0.8309385562091239
e38ac02e9979d99550678021b55850c5,O=C1OC(CNS(=O)(=O)c2cccc(Cl)c2)CN1c1ccc(N2CCSCC2)c(F)c1,0.775600016117096,0.8233999609947205,0.1374549879269166,3.028068,-7.703495979309082,0.6026719808578491,1,0,1,0.35,3.336000000000002,0.6757821571774688
3a81009cd622705bbf6aa0ff4c01772e,COC1=CC(=O)c2c(cc(COP(N)(=O)N(CCBr)CCBr)n2C)C1=O,0.5713000297546387,0.9031124114990234,0.6550124138593674,4.215256,9.941726684570312,0.6735017955303192,1,1,0,0.4666666666666667,2.6096000000000013,0.4002970376705209
a2cb988bd2a62f6109ca60f958514ab9,CC1C(=O)N(c2c(F)c(F)c(F)c(F)c2F)C(=O)N1Cc1ccccc1,0.5755000114440918,0.9175065159797668,0.2029689699411392,2.97526,-5.029294490814209,0.4060962408781051,0,1,0,0.1764705882352941,3.7394000000000025,0.3574994199425568
cdff53d9e3ece12d1558bb562f67306a,O=C(C=Cc1cc([N+](=O)[O-])ccc1O)c1ccc(Cl)cc1,0.5167999863624573,0.9974164962768556,0.4718618799339641,2.04604,6.663544178009033,0.1659964680671692,0,1,0,0.0,3.8499000000000017,0.4024379984171083
ad6c1f8be3a11fa0a375a3de7d1acb26,CC(=O)OCCOCn1cc(C=O)c2ccccc21,0.3567999899387359,0.7283046841621399,0.1303347897800532,2.324662,4.546902179718018,0.2392269521951675,0,1,0,0.2857142857142857,1.991,0.4530909808722453
9e51049f8beefef0a49f11bcc8e2fbdb,CC1OCCC1Sc1ccc2c3c(cccc13)C1=NC(=O)C(C#N)=C12,0.6941999793052673,0.97903972864151,0.5995347012173046,4.092471,1.5370677709579468,0.5999432921409606,0,0,0,0.25,3.7293800000000026,0.8311181288807876
71602408c16dac7420ae54e6ea9fe994,Cc1ccc(OCC2c3ccsc3CCN2C(=O)CN(CC2CC2)C(=O)c2ccccc2)cc1,0.5896000266075134,0.7427698373794556,0.1688309582796963,2.87719,-6.610815048217773,0.8035138726234436,0,0,0,0.3571428571428571,5.113720000000005,0.4556904789841355
462a90f970d6ea74eab9ddca762d71e5,O=c1c(O)c(-c2ccc3c(c2)OCO3)oc2cc(Cl)ccc12,0.6136000156402588,0.9917778372764589,0.372495796192776,2.278739,4.050690174102783,0.4382387578487396,0,0,0,0.0625,3.5477000000000016,0.743250618492799
1e94c834dca2986277e6a354a0b340b8,Nc1nc(-c2ccco2)c2cnn(Cc3ccco3)c2n1,0.4936999976634979,0.8720434308052063,0.1920447891408747,2.548432,-7.131006240844727,0.3105967283248901,0,0,0,0.0714285714285714,2.3098,0.6186824933002045
292c6e8680368cea669e6b1d2bfd8ec7,O=C(NCCC1=CCCCC1)c1cccc2sc(N3CCCc4ccccc43)nc12,0.5277000069618225,0.935438334941864,0.1969790377400138,2.546647,-8.97166919708252,0.8990355730056763,0,1,0,0.36,6.000900000000005,0.5178601412875775
9c6abbee197e709d602d27b3674fe773,Cc1ccncc1Nc1ccc2c(=O)[nH]c(CSC3CCOCC3)nc2c1,0.5626999735832214,0.88735032081604,0.2017648565498265,2.801554,-8.879199028015137,0.8735062599182128,0,0,0,0.35,3.782320000000002,0.6989802202708582
7211622d25213076819b1bf8fbbd3d49,COc1cc(-c2ccc(O)cc2)c(OC)c(OCCN2CCCC2)c1-c1ccc(O)cc1,0.6948000192642212,0.9774032831192015,0.4574917961250652,2.349871,10.101489067077637,0.9163507223129272,0,0,0,0.3076923076923077,4.923600000000005,0.5231687553011773
1c03a88a682050db2ef5fcf148be209c,CC(=NOC(=O)Nc1ccc2sccc2c1)c1cccc(-c2ccccc2)c1,0.6351000070571899,0.9915941953659058,0.3801617351445285,2.267095,-9.085616111755373,0.6534247517585754,0,1,0,0.0434782608695652,6.541000000000005,0.2458346298253435
027e0b52060902f06a4a9414cb4d8908,Cn1c(Cl)cnc1CN(CC1CCCCC1)c1ccc2sncc2c1,0.642799973487854,0.93966543674469,0.3031946867704391,3.018929,-8.528414726257324,0.8502204179763794,0,0,0,0.4736842105263157,5.270100000000005,0.609580679504858
a0ec476f08c8a53e468c9e4c3937e033,COc1cc(C=CC(=O)c2cc3cccc(OC)c3oc2=O)cc(OC)c1OC,0.5138000249862671,0.9225186705589294,0.3623108010400425,2.313538,10.25337028503418,0.6344681978225708,0,1,0,0.1818181818181818,3.723500000000003,0.34178868427929
9354d4c68775ec48f60fa5bdcee818c1,CCCCCC(=O)OCC[N+](C)(C)C,0.3745000064373016,0.7904185056686401,0.0893665465780279,2.262387,11.596268653869627,0.6574758589267731,0,1,0,0.9090909090909092,1.8161,0.3574382169812698
a07ae56b6e7cbd0841c1068ece41e254,CN(C)c1cccc(C(=O)N2CC(N(C)C)CC2CO)c1,0.3626999855041504,0.2589373588562011,0.0635315230200913,3.110233,-7.221417427062988,0.6482163906097412,0,0,0,0.5625,0.8895999999999995,0.8948333361224536
a0e715e09fe4e1bdf89450312e862ee1,O=C1OC(CNc2ccon2)C2COc3cc(N4C5CCC4CSC5)c(F)cc3N12,0.7883999943733215,0.8632189035415649,0.2247258140282197,5.188695,-1.2476876974105835,0.3849873036146164,0,0,0,0.5,3.0962000000000014,0.789701109357962
0748536a1661a248e894fbb6ad98fea5,CC1=CC2OC3CC(OC(=O)C=CC=CC4(C(C)O)OCCC(=CC(=O)O)C4O)C(C)(C2(CO)CC1)C31CO1,0.6559000015258789,0.9762288331985474,0.2827706546946005,6.893337,7.5843634605407715,0.1176246114075183,0,1,0,0.6551724137931034,1.5875999999999997,0.1216130593519929
a8377a302cfb341b00e34fbc6bc0ce83,CCOC1(C)CC2=C(COC2=O)C(O)C2CC(C)(C)CC21,0.5623000264167786,0.8506613373756409,0.2315512136979536,4.697149,10.776023864746094,0.3295322522521019,0,0,0,0.8235294117647058,2.452000000000001,0.7948689789412966
dab555606917445a88afe5c5d74c3f32,COc1ccc(OCC=CCN(C)C)cc1,0.2764999866485595,0.7130770087242126,0.2719916897741231,2.044795,0.0487535297870636,0.6334931015968323,0,1,0,0.3846153846153846,2.1917999999999997,0.6872870924001314
8451b6e2fb10a7222e451e9e761e1cff,CC(C(=O)N1CCN(CCOc2ccccc2)CC1)n1cncn1,0.2955999970436096,0.3158997297286987,0.0682939420538869,2.571223,-7.775297164916992,0.6005971848964691,0,0,0,0.4705882352941176,1.062299999999999,0.7929479043044467
6261a29add30d88bf911d0e0fcd0aee5,COc1ccc(NC(=S)NS(=O)(=O)c2ccc(CCNS(=O)(=O)c3ccc(Cl)cc3)cc2)cc1,0.6057000160217285,0.9477902054786682,0.240963611413132,2.195695,-7.971867561340332,0.7186928629875183,0,1,0,0.1363636363636363,3.544900000000002,0.3562955737295034
5ee1d526e44a3ba7bdece454ce40327e,N#Cc1ccc(C(=O)NC(=S)N2CCN(C=O)CC2)cc1,0.3758000135421753,0.6883547902107239,0.0373137371021915,2.403489,-9.081135749816896,0.3795606315135956,0,1,0,0.2857142857142857,0.3469799999999996,0.629875515526377
c0967fb47b74be61a42894cd6af658df,COc1cc(-c2nc(CO)cs2)c(O)c2ccccc12,0.4760999977588653,0.9688806533813475,0.2628970796411687,2.305023,2.8643202781677246,0.426062148809433,0,0,0,0.1333333333333333,3.1698000000000013,0.7764044474384865
9408678cb1d6d04691c4779fb66c65e2,Cc1cc(C(F)(F)F)nc(CNC(=O)C2CCCCCN2C)n1,0.4979999959468841,0.4345372319221496,0.1302856250920079,2.949465,-5.010270118713379,0.2990527614951134,0,0,0,0.6666666666666666,2.2944199999999997,0.923800016219574
d163d8416077dba22d8f31617ddf07ca,Cn1nc(-c2ccccc2)cc1-c1cnc(NC(=O)c2ccccc2Cl)s1,0.6011000275611877,0.9791739583015442,0.2935841205445202,2.217502,-11.168584823608398,0.5873352766036988,0,0,0,0.05,5.1163000000000025,0.5224351806070383
9ebd4b72a474ff4495f71250ac4706c5,CN(C)C1C(O)=C(C(N)=O)C(=O)C2(O)C(O)=C3C(=O)c4c(O)ccc(C#Cc5ccccn5)c4CC3CC12,0.8137000203132629,0.9985042810440063,0.2425075701691887,4.470428,11.912293434143066,0.3877129405736923,0,1,1,0.2857142857142857,0.9154000000000008,0.2876579091952356
e28b94879596a05eea46b14edbab1f85,O=C(NCC(=O)N1CCC(c2noc3cc(F)ccc23)CC1)Nc1cccc(F)c1,0.6348000168800354,0.8576306700706482,0.1398108664222739,2.401414,-10.088400840759276,0.7428950786590576,0,0,0,0.2857142857142857,3.633700000000002,0.6825353463442514
e185b97f72f59ca94bb21ed7e25c9536,Cc1oc(-c2ccccc2)nc1CCOc1ccc(CC(Nc2ccccc2C(=O)c2cccc(CN(C)C)c2)C(=O)O)cc1,0.7089999914169312,0.9866803884506226,0.2672758061777461,3.056069,6.259812355041504,0.7494427263736725,1,0,0,0.2162162162162162,6.671920000000006,0.1356652885104842
efccd14b4efc95fa8ece43733ca2b5b0,O=C(O)Cn1ccc(-c2nnc(C(F)F)o2)cc1=O,0.4453000128269195,0.7123479247093201,0.0459369839465414,2.740006,-4.04685115814209,0.0039840131765231,0,0,0,0.2,0.9205,0.8873606996679604
debd028f7b7ebb532e158e2c7a07083c,CCN(CCC(=O)OC)S(=O)(=O)c1cccc2ccncc12,0.3625000119209289,0.4480377435684204,0.0497503346678885,2.293879,-8.15583610534668,0.2793342962861061,0,0,0,0.3333333333333333,1.8085,0.7581211284168937
6f5ec4e5ee3242f66c90ed43d70fce26,O=C(CCCCN1CCOCC1)Nc1ccc(-c2cccnc2)cc1,0.3833000063896179,0.6868045926094055,0.1092361411587758,1.906245,-6.59382438659668,0.8502600431442261,0,1,0,0.4,3.1896000000000013,0.7873013639167269
eed4247839eae07048e654909347193b,COc1ccc2nc(O)c(CN(Cc3cccnc3)C(=O)Nc3ccccc3)cc2c1,0.5753999948501587,0.8516026735305786,0.1442543176764791,2.364176,-3.631009340286255,0.8978772640228272,0,0,0,0.125,4.578300000000003,0.4822570672996557
145581e7585ef25fb68d249888ea0127,CC(C)(C)OC(=O)CCC(NCC=Cc1cccc(Oc2ccccc2)c1)C(=O)O,0.5250999927520752,0.970796287059784,0.2342632033608176,2.780354,0.5550727844238281,0.3523043870925903,0,0,0,0.3333333333333333,4.656800000000003,0.5534469006679485
78d915a64f6ffabf690a81762d4755b9,Cc1ccccc1NS(=O)(=O)c1ccc2[nH]cc(C(=O)N3CCCCCC3)c(=O)c2c1,0.5759999752044678,0.8508533835411072,0.0878763828765262,2.215662,-9.919424057006836,0.832871162891388,0,0,0,0.3043478260869565,3.653520000000003,0.6480705713012742
405c56cb3338beb48da33e86b9983cb8,COC(=O)c1[nH]c(C)cc1NS(=O)(=O)c1ccc(C2CCCCC2)cc1,0.6444000005722046,0.8646141290664673,0.1857634234157475,2.366262,-6.956831932067871,0.3950771987438202,0,0,0,0.4210526315789473,3.9582200000000034,0.7732996093731349
db619db5d36c561b4c75d92c1bb90bba,O=C1CN(C(=O)COC(=O)c2ccc(N3CCCCCC3)c([N+](=O)[O-])c2)c2ccccc2N1,0.6425999999046326,0.856480062007904,0.1933857622471722,2.40592,-10.005284309387209,0.7514794945716858,0,1,0,0.3478260869565217,3.117300000000001,0.4200954959894567
7e8df70b5fb8649c3e63e315379872f1,COc1ccc(C)cc1NC(=O)C1CCCCC1C(=O)O,0.3946000039577484,0.6929004788398743,0.0665981476618485,2.599441,-7.944319725036621,0.0167487760074436,0,0,0,0.5,2.833120000000001,0.8940791872276032
26bca343b394132add67bcf177838fef,CC1CCCC=CC(O)C2OC2C(O)C=CC(=O)O1,0.513700008392334,0.8504415154457092,0.1919782093980095,4.897175,10.885696411132812,0.025452466122806,0,1,0,0.6428571428571429,0.7035999999999998,0.3839963280724783
50e547a5d1f06b9be1aac783b61c94fd,CC(=C(CCOC(=O)c1ccccc1)SC(=O)c1ccccc1)N(C=O)Cc1cnc(C)nc1N,0.640500009059906,0.8972641825675964,0.1986474960365078,3.017011,-7.532323837280273,0.7160422086715699,0,1,0,0.1923076923076923,4.3778200000000025,0.3288601991065369
97d13684a5fca8ede41d3231c553f3a2,Cc1cn(C2CCCN(S(=O)(=O)c3cccc(Oc4ccccc4)c3)C2)c(=O)[nH]c1=O,0.4833000004291534,0.5223633646965027,0.1700725765390829,2.753014,-5.386266708374023,0.6752955913543701,0,0,0,0.2727272727272727,2.66312,0.6559750795859088
2e2edb7ccd1c4ba2bcdc4cbd720b7f01,OC(COc1cccc2[nH]ccc12)CN1C2C=C(c3ccc4ccccc4c3)CC1CC2,0.6922000050544739,0.991241455078125,0.6245619302446191,4.277224,-1.6731706857681274,0.9770640850067138,0,0,0,0.2857142857142857,5.381100000000005,0.4368097869106083
70d7dff278fed62639fa445608ac564e,Cc1c2cc[n+](C)cc2c(C)c2c1[nH]c1ccc(O)c(OCC(F)(F)F)c12,0.745199978351593,0.9917277693748474,0.5558660761876539,3.223933,0.20600226521492,0.8895488262176514,0,1,0,0.25,4.562340000000003,0.5047221014875932
a2a7b6f9fb2310c596151c674bd2b6db,CCCN1C(=O)COc2ccc(-c3noc(-c4cc(OC)c(OC)c(OC)c4)n3)cc21,0.4948999881744385,0.823503851890564,0.1629013839093121,2.458416,-9.560628890991213,0.8548214673995972,0,0,0,0.3181818181818182,3.5648000000000017,0.5669246371832025
24e03152b510db444e007fdd4f221d6c,CC(=O)Nc1ccc(-c2cn3c(n2)SCC3)cc1,0.3271999955177307,0.5887190103530884,0.0813495841893282,2.339666,-7.516970157623291,0.2271467715501785,0,0,0,0.2307692307692307,2.6142000000000003,0.901456346868564
005df85b1f80927ede7e9567425ad9c0,CCOCCOc1ccc(-c2ncc[nH]2)cc1NC(=O)C=Cc1ccc(C(F)(F)F)cc1,0.6643999814987183,0.9834774732589722,0.6120802651752125,2.53524,-5.761447429656982,0.9534265875816346,0,1,0,0.217391304347826,5.1627000000000045,0.3523089919185908
a102860a5e8882760859edec54be09ac,O=Cc1ccc(N2CCC(C(=O)N(Cc3ccncc3)CC3CCCO3)CC2)cc1,0.4961999952793121,0.6658841967582703,0.0877130967988209,2.828684,-8.109219551086426,0.8071757793426514,0,1,0,0.4583333333333333,3.3183000000000016,0.6591457543388259
55bea4221ce9c418a44f4be85745d7f9,O=C(NCCS(=O)(=O)NC1CCCCC1)c1ccc2c(c1)OCO2,0.3996999859809875,0.4359329044818878,0.0865185118534348,2.207102,-5.107751846313477,0.4451119303703308,0,0,0,0.5625,1.397199999999999,0.805270902207477
9340f4003b9fd0a66056b1a4c0d2c114,Cc1ccccc1NCC(=O)NN=CC=Cc1cccc([N+](=O)[O-])c1,0.4999000132083893,0.955646276473999,0.256647452712059,2.308454,-10.671359062194824,0.7050535917282105,0,1,0,0.1111111111111111,3.1305200000000015,0.4603342095861686
a833108e68a889b5ea559be67c5ce337,COC(=O)c1cncc(-n2ncc3cc(F)ccc32)c1,0.3991000056266784,0.7567640542984009,0.2016886120492761,2.279265,-9.812851905822754,0.1940963305532932,0,0,0,0.0714285714285714,2.3462000000000005,0.6712289349987823
cf008e7306d7750ce861839ee9e4dd6b,O=C(O)c1ccc(CN2CCC(CNC3CC3c3cc(C(=O)NC4CCC(F)(F)CC4)cs3)CC2)cc1,0.7113999724388123,0.857937753200531,0.1435119904239069,3.63608,3.922116041183472,0.5759662508964538,0,0,0,0.5714285714285714,5.111700000000004,0.4189884839869685
56be035597f898d191102defd5d79a62,CC(=O)OC1CC2(C)C(CCC(C)C23Cc2c(O)cc(CO)c(C=O)c2O3)C(C)(C)C1OC(C)=O,0.7110000252723694,0.99080491065979,0.2133224294944243,5.180663,12.607705116271973,0.405696314573288,0,1,0,0.6666666666666666,3.716400000000003,0.4862114993720268
f476866a76dde2c766c820e820a69a85,O=C(O)C(CCN(CCCCc1ccc2c(n1)NCCC2)CC(F)F)Nc1ncc(C2CC2)cn1,0.6425999999046326,0.7904056310653687,0.2504653862931512,3.616699,-5.2159318923950195,0.7264860987663269,0,1,0,0.6,3.952300000000003,0.3436382152969271
b866637364cc2d813fde2fb45a55865c,N#Cc1cccc(-c2nnc(SCc3ccccc3C#N)o2)c1,0.436599999666214,0.8896192908287048,0.1158951019698923,2.30275,-11.13312816619873,0.2785729497671127,0,0,0,0.0588235294117647,3.772260000000002,0.6804647428707771
cb9b087a3a003f131d3844286ccd664d,CN(C)CCC1CNC(=O)c2cccnc2O1,0.3441999852657318,0.5212218165397644,0.0875743244647641,3.18016,-6.127546310424805,0.1433493465185165,0,0,0,0.5,0.5241,0.8297652500087137
d38159436cd1b90ec7aeec66df2aa9a4,OCC1(Cc2ccccc2)CCN(Cc2ccccn2)CC1,0.3494000136852264,0.7799563407897949,0.1187443509697914,2.138062,-10.915017127990724,0.9079720258712768,0,0,0,0.4210526315789473,2.898800000000002,0.9214328595586128
c1fdc372c1d4a84eb7f463d24c6965e8,CCOc1cc(C(=O)NC2CCCN(CCOC)C2)n[nH]1,0.3014000058174133,0.1989428400993347,0.0420772995461117,3.051653,-12.135062217712402,0.4516115039587021,0,0,0,0.7142857142857143,0.6490000000000002,0.772081580423745
b53dae83d4a0fd5cae66891a7e8c73fd,COC(=O)C1=C(CN2CCS(=O)(=O)CC2)NC(c2nccs2)=NC1(C)c1ccc(F)cc1,0.4794999957084656,0.7036593556404114,0.1745308197357437,3.766822,-9.626476287841797,0.608994334936142,0,0,0,0.3809523809523809,1.7049000000000007,0.6531003956364831
d154af49f7682cfc676482d8192f1575,CCOCCn1nc(C)cc1C(=O)N1CCC(O)(COC)C(C)(C)C1,0.3497999906539917,0.2533112466335296,0.0448441269638186,3.430138,-5.192845344543457,0.6439599573612214,0,1,0,0.7777777777777778,1.4776199999999995,0.7515157761717168
3e9f4f1f8821898bf7e0c209d3d0082a,COc1ccccc1S(=O)(=O)NC(CC(=O)O)c1ccc(C(C)(C)C)cc1,0.4573999941349029,0.8852955102920532,0.1612287891859358,2.523236,-10.015495300292969,0.1358812257647514,0,0,0,0.35,3.4870000000000028,0.7536585947606868
ca4242c0b287a2099cbad3ed2bf3eda0,Cn1cnc(-c2ccccc2Br)c1-c1ccc2ncc(C#CC(C)(C)O)cc2c1,0.603600025177002,0.9860944747924804,0.3178726854649457,2.826782,9.050034523010254,0.902577817440033,0,1,0,0.1666666666666666,5.187200000000005,0.4316339904602884
ffa6e207e5c38feb4454f8c829cb04f2,COc1ccccc1CNC(=O)CCc1c(C)nn(-c2ccc(N3CCCCC3)nn2)c1C,0.3880999982357025,0.5746769905090332,0.1293374997648325,2.40301,-3.979914903640747,0.8576950192451477,0,0,0,0.44,3.527040000000002,0.5675176557387156
551d5c14f47624f6236801348fcda833,CN(Cc1n[nH]c(=O)n1CC1CCCCC1)S(C)(=O)=O,0.4151999950408935,0.4931500256061554,0.0427770788612013,2.677184,-6.564861297607422,0.0652044892311096,0,0,0,0.8333333333333334,0.5430999999999993,0.8597339245778908
846ee6c18535c9f4f2cacd298b4ab2d9,CN(C)CCn1cc(Cc2ccccn2)c2c(Br)cccc21,0.4918000102043152,0.9549853205680848,0.4624283652413975,2.423613,-9.16243839263916,0.85239177942276,0,0,0,0.2777777777777778,3.9512000000000023,0.6886847947662139
293b154aa79a704f0ce8695fdf1249f3,O=C(c1cc(O)c(O)c(O)c1)c1ccc(O)c(O)c1O,0.5026999711990356,0.994719922542572,0.3138527016748081,2.469316,12.43409252166748,0.1411400437355041,1,1,0,0.0,1.1511999999999996,0.357575955658407
8b9dae79db3d5ba5ee45c1a6f54971c4,CCN1CCc2c(sc(NC(=O)c3ccc(S(=O)(=O)N(CCOC)CCOC)cc3)c2C(N)=O)C1,0.4343000054359436,0.6068294644355774,0.1252429524267261,2.597564,-1.2809656858444214,0.8257680177688599,0,0,0,0.4782608695652174,1.7608,0.4325035565608644
4e99d58c05bea94d42f222f2e12eb8e5,CN(Cc1ccc(C2=NCCN2)cc1)C(=O)CNC(=O)c1nc2ccccc2n1Cc1ccccc1,0.5188000202178955,0.8819454312324524,0.1022704355418682,2.561011,3.022003173828125,0.9355298161506652,0,0,0,0.2142857142857142,2.8228,0.4057829990201624
d97c9aec916484c36a4cd51d7ee98666,O=C(C1CC(N2CCN(c3nc4ccccc4o3)CC2)CN1)N1CCSC1,0.590399980545044,0.5684971213340759,0.0836888040331277,3.544965,-8.5848970413208,0.8589261412620545,0,0,0,0.5789473684210527,1.2132,0.8493113560492282
f824876a6b4ab641790c61266ccf8364,CCSc1c(C#N)nn(-c2c(Cl)cc(C(F)(F)F)cc2Cl)c1NC(OC)C(Cl)(Cl)Cl,0.6690999865531921,0.9308845400810242,0.4841028706392866,3.949758,1.9820743799209597,0.891661524772644,0,1,0,0.375,6.936180000000002,0.2435325114985288
0c0ef29cb800429a5b4e09a37eff16d3,COC(=O)c1ccccc1N=c1ssnc1Cl,0.5662999749183655,0.99033522605896,0.137824468843077,2.905979,-1.719196915626526,0.0756298903375864,0,0,0,0.1,2.8770000000000016,0.6299621031141924
eaabae06baf69f8769d93103f38dadf8,O=C1NC(=O)C(=Cc2cnn3c(NC4CC4)nc(NCc4cccc5c4OCCO5)nc23)N1,0.5945000052452087,0.7552867531776428,0.3908329538323662,3.092181,9.017807960510254,0.6374508500099182,0,1,0,0.2857142857142857,1.2621999999999995,0.3235542034788682
62b23e6b22fb6744982692fc0600074b,Cc1cc(CN2CCC3(CC2)CC3c2nnc3n2CCCCC3)on1,0.4320999979972839,0.4598430097103119,0.0422540129670365,3.799944,-7.108384609222412,0.401244655251503,0,0,0,0.7368421052631579,3.0706200000000017,0.8585138301648481
ef1113c3bf7976206f4bb2476c76a0b6,COc1ccc(C2C3CSc4ccccc4C3=NN2c2ccccc2)cc1,0.5476999878883362,0.9770151376724244,0.3202098716389049,3.116155,-7.740910530090332,0.8975859999656677,0,0,0,0.1739130434782608,5.382700000000004,0.6167281442309202
16bbd3637bf45b34f3fcd0c7184debfb,CCCCSc1ccc2c(c1)C(c1ccccc1)=NCC(=O)N2,0.5666999816894531,0.9321420788764954,0.3333825360644947,2.401118,-4.880800247192383,0.7513723492622375,0,1,0,0.2631578947368421,4.368300000000004,0.6553095843821465
6c769af817394304e8204e71e366a4b4,Cc1ccc(C(=O)N2CC(C)OC(C)C2)cc1S(=O)(=O)N1CCCCC1,0.4641999900341034,0.1193523630499839,0.0568258223462511,2.871203,-10.528104782104492,0.5741950809955597,0,0,0,0.631578947368421,2.4190200000000006,0.8076773713421892
768793e79c2a3c49244d1e2907ae69f4,COc1c(O)cc2cccc(OC)c(=O)c2c1OC,0.4772000014781952,0.9520379304885864,0.2270130474459041,2.291904,10.219693183898926,0.4650099635124206,0,0,0,0.2142857142857142,1.9314,0.9151961643017325
63abc024cbe80594438e2071d1d4ba9d,O=C(Nc1cccc(C(F)(F)F)c1)c1cccc(NC(=O)c2ccc3[nH]nnc3c2)c1,0.6191999912261963,0.9821344614028932,0.3274956359104676,2.319799,-10.153529167175291,0.88216233253479,0,0,0,0.0476190476190476,4.481300000000003,0.4488603230342796
14040d036bdf20918e55ce2a3356db12,O=C(OCC1CCCC(C2CC2)N1S(=O)(=O)c1ccc(Cl)cc1)N1CCN(CCO)CC1,0.6492999792098999,0.608221709728241,0.1479389670897614,3.249487,-0.3396219313144684,0.913837707042694,0,0,0,0.6818181818181818,2.408300000000001,0.6374621061610607
881f0dc93b493199b7dce8de9463344c,Nc1cc(N2CCNCC2)nc(NCc2ccc(CNCCCNC3CCCCC3)cc2)n1,0.6848000288009644,0.9742088913917542,0.650981838052923,2.604887,-2.7710750102996826,0.9679833173751832,0,1,0,0.6,2.4825,0.3314858665619801
70262036d73d05c889f78d53a360daf8,C=CC(=O)Nc1cccc(Nc2nc(Nc3ccc(N4CCC(N(C)C)CC4)cc3)nc3ccc(F)cc23)c1,0.7174000144004822,0.9915904402732848,0.7953624833713878,2.630085,-6.841435432434082,0.9483675003051758,1,1,0,0.2333333333333333,5.911000000000004,0.2466445772917547
60b4719c61dff670e138a68dd01ccea6,O=C(O)c1cc(Br)cnc1N1CCC(NC2CCCCC2)CC1,0.6844000220298767,0.8109463453292847,0.2066119082949378,2.338296,-8.556893348693848,0.3549013197422027,0,0,0,0.6470588235294118,3.4334000000000024,0.8354436600889258
c843488ea4ac3f7c1f471af2550a52ce,CC(C)C(NC(=O)C(NC(=O)CC(c1ccccc1)c1cccc(Cl)c1)c1ccccc1)C(=O)C(F)(F)C(=O)NCC(F)(F)F,0.7336999773979187,0.9711560010910034,0.3338348018852147,3.777704,1.312958002090454,0.7702137112617493,0,1,0,0.3125,5.743200000000004,0.1619394576390183
48cdaa0e77bfe53e51d3af5b269ead33,CCCCc1nc2[nH]ncc2c2nc(-c3ccc(C)cc3)nn12,0.4481000006198883,0.9060465097427368,0.1774198528040539,2.579719,-9.824756622314451,0.5177658796310425,0,0,0,0.2941176470588235,3.318620000000001,0.6275639818205524
de2c7b725361cf53d35c11ad2e3c902a,COc1cccc(C(C(=O)NC2CCCC2)N(CCC(C)C)C(=O)CCC(=O)Nc2cc(C)on2)c1,0.4975000023841858,0.6243439316749573,0.1690133898095651,2.989318,-11.045121192932127,0.5878419697284698,0,0,0,0.5555555555555556,4.385120000000003,0.448797906713279
ae85c7008dd11b1e521904376cdb216d,CC(=NOC(=O)CCc1ccccc1)c1nc2ccccc2o1,0.3916999995708465,0.8963465690612793,0.166763500733809,2.334291,-2.5848939418792725,0.3508271783590316,0,1,0,0.1666666666666666,3.727800000000003,0.4091076069441322
9a22821882880cc33d1be3333d931fe7,CC(C)CC(NC(=O)C(Cc1ccccc1)n1c(=O)[nH]c2ccccc2c1=O)C(=O)N1CCCC1C(=O)O,0.5785999894142151,0.8943514227867126,0.1328493349931457,3.404891,0.1887241154909134,0.1255137503147125,0,0,0,0.3928571428571428,2.0801,0.3944806150998901
a169e32ee08e723a4e862c18d1a807a7,CC1(C)CC=C(c2nc(C3CC4(C)OC(C)(C3)C3OC(C)(C)OC34)ccc2NC(=O)c2ncc(C#N)[nH]2)CC1,0.6920999884605408,0.9681478142738342,0.3552337519147179,5.579653,12.298365592956545,0.913484227657318,0,0,0,0.6,5.467280000000005,0.5365357960525822
358ce6783a54ab2733e97c1b92dfbcb1,CCCCC(=O)Nc1ccc(C(=O)NNC(=O)CCc2ccccc2)cc1,0.3847000002861023,0.6807544827461243,0.1307254968719049,1.766852,-10.298554420471191,0.505516254901886,0,1,0,0.2857142857142857,3.209100000000002,0.626225906709724
f6a3142e2519a5bce8fe753ed333ade0,Cc1ccc(SC(CC(=O)c2ccc(C(C)(C)C)cc2)C(=O)O)cc1,0.6164000034332275,0.985167384147644,0.1245372088795358,2.558215,-8.560410499572754,0.0539703670889139,0,0,0,0.3333333333333333,5.110820000000005,0.577025169968416
1871249ac3497ffb0f623660302f262d,CC(C)COc1ccc(NC(=S)Nc2ccc(-c3ccccn3)cc2)cc1,0.5539000034332275,0.990680694580078,0.5443287545984442,1.915519,-9.957406044006348,0.6166499435901642,0,1,0,0.1818181818181818,5.592300000000005,0.5482021540669214
7eead6a1274946f6120f34ef3290843b,NC(=O)COc1cccc2cccnc12,0.2863000035285949,0.7964646816253662,0.1216654684394598,1.813018,-8.79926586151123,0.0274380661547184,0,0,0,0.0909090909090909,1.0988999999999998,0.8099926461830655
8715373b3c7195f05ae9955fee67a8db,CCOn1c(Sc2cc(Cl)cc(Cl)c2)c(CC)c(=O)[nH]c1=S,0.6690000295639038,0.9838814735412598,0.2880127443508668,3.121309,0.2617255449295044,0.2420627981424331,0,1,0,0.2857142857142857,4.374790000000003,0.6208192195612707
6edf12a46f0dd1528ffdaa75d5256c84,CNS(=O)(=O)c1cc(-c2nnc(N3CCOCC3)c3ccccc23)ccc1C,0.4557999968528747,0.7058804035186768,0.0642536321485584,2.354839,-7.8406219482421875,0.6351610898971558,0,0,0,0.3,2.34992,0.7262682168673416
181844aec54a2bf2d6ea0bc86e3687df,Cc1ccc(C(=O)NC(C)(C)c2nccs2)nc1-c1cccc(Cl)c1,0.614300012588501,0.94856858253479,0.1882155950773846,2.559502,-5.730709552764893,0.448499184846878,0,0,0,0.2105263157894736,4.8320200000000035,0.7140024554970118
df4c2e92a1ab8bddec33bf352bc7266f,CCNC(=O)CC1C(=O)N(C)C(=S)N1NC(=O)c1ccc(Cl)cc1,0.4557999968528747,0.5613877177238464,0.0587654091756452,2.89487,-5.296257019042969,0.1071528755128383,0,1,0,0.3333333333333333,0.9385000000000004,0.7558078084484322
64d673856fd12bc81957e7a95d84f8dc,O=C1OCC(c2ccccc2Cl)N1c1ccn2ncc(-c3ccc(-c4nc[nH]n4)c(F)c3)c2n1,0.7602999806404114,0.9782620668411256,0.4092768837105144,3.684659,5.074291706085205,0.7479503393173218,0,0,0,0.0869565217391304,4.671800000000003,0.4050237901390809
e97fc4e809fef8e18ed5509b700d4ab1,COc1cc2cc(NC(C)=O)c(=O)oc2cc1OCC(=O)Nc1ccc(F)cc1,0.474700003862381,0.637780487537384,0.1306510345840996,2.182889,-9.053378105163574,0.6944305419921875,0,1,0,0.15,2.9166000000000007,0.6164228186642223
465ef53d3d824055f4698b54f7f420be,COCCN1CCC(n2cc(-c3cnc(N)c(-c4ccc(=O)n(-c5ccc6cc(C)cnc6c5)n4)n3)cn2)CC1,0.6244999766349792,0.7596480846405029,0.5346628630703146,3.083686,3.0761473178863525,0.978871250152588,0,0,0,0.3103448275862069,3.275120000000002,0.332353893908752
3e2bc0d0f3713c16d21f4a4bc219539b,CC(=O)n1[nH]c(=O)n(-c2ccccc2)c1=O,0.3535000085830688,0.7247540950775146,0.0872384076091376,2.437802,-3.475941896438598,0.0056616116780787,0,0,0,0.1,-0.0126000000000001,0.7322081634341212
472b3e3143da03723c750c51056230c4,Cn1cc(C(O)CNC(=O)c2cc(Br)ccc2Cl)cn1,0.4251999855041504,0.7243891954421997,0.1980361004190688,2.664749,-10.732454299926758,0.0984526216983795,0,0,0,0.2307692307692307,2.2994000000000003,0.8811025288920848
129802b862d87ae058445159758a051b,Cc1cnc(C(=O)N2CC(N3CCOCC3)C3OCCCC32)cn1,0.4336000084877014,0.184903472661972,0.0442094344285909,3.767855,-6.844050407409668,0.3902263164520264,0,0,0,0.7058823529411765,0.4892200000000002,0.7851217800992417
f2cc88b93a2f2d984dfa71f2b0cc05d2,Cc1cc(NC(=O)NCCc2c[nH]cn2)n(CC(C)C)n1,0.3391000032424927,0.4393993020057678,0.0524104603312232,2.792413,-5.371429443359375,0.3481364548206329,0,0,0,0.5,1.9348199999999995,0.7593616425807063
53d2134fea531af11ddfd77b844b7de5,COC(=O)c1ccc2c(c1)C(=O)c1c-2n(CCCCl)c(=O)c2cc([N+](=O)[O-])ccc12,0.6603000164031982,0.9836345314979552,0.2492876825007525,2.579707,8.174413681030273,0.582499623298645,1,1,0,0.1904761904761904,3.536600000000002,0.2088590902068596
157e67db5490175ef358cc040fc03caa,CC(C)C(NC(=O)c1cc(Cl)ccc1O)C(=O)Nc1cc(C(F)(F)F)cc(C(F)(F)F)c1,0.8166999816894531,0.9965034127235411,0.5383178808472373,2.765999,-5.185186386108398,0.7889956712722779,0,0,0,0.3,5.476300000000003,0.4940532584341107
4f5a3b0aa8c8b32667f9195e17a1654b,O=C(Cn1cccc(NC(=O)c2ccccc2)c1=O)Nc1ccc(Cl)c(Cl)c1,0.61080002784729,0.9122461676597596,0.2829296358607032,1.938981,-10.608753204345703,0.5732267916202545,0,0,0,0.05,4.046100000000003,0.6588852886849665
698e105d336362e3baa41d8291085278,CN(c1cc(-c2ccc3nc(Nc4cc(CN5CCN(C(=O)CC(F)(F)F)CC5)ccn4)[nH]c3c2)ncn1)C1CCC1,0.6722000241279602,0.9811345338821412,0.3807702931490811,3.096732,-0.6818301677703857,0.9714388370513916,0,0,0,0.4137931034482758,4.743800000000004,0.3084127234016591
a4a3589d7d9dd690c81fc19854011866,COc1ccc(OC)c(CN2CCOc3ccc(CN4CCC(O)(c5cccnc5)CC4)cc3C2)c1,0.5672000050544739,0.7813875079154968,0.3589018082076853,2.593508,-7.932293891906738,0.9657938718795775,0,0,0,0.4137931034482758,3.977000000000003,0.5385640773477647
22acde7267c72704061e0917059081f1,CCOC(=O)Cc1cc(O)cc(O)c1C(C)=O,0.4074000120162964,0.9351000785827636,0.0683471347120675,2.320467,10.24594783782959,0.0274743121117353,0,0,0,0.3333333333333333,1.406,0.611607295263146
109c24a411d5512196930c80c9116a40,O=C1NCC(Nc2ccc(Br)cc2)C(=O)N1,0.4559000134468078,0.8637995719909668,0.1100294678895311,2.889544,-6.906921863555908,0.0487974669784307,0,0,0,0.2,1.069,0.760477865690271
2078bf34af6fc85b76301d7364b6b7ba,CCC1C(O)C2C3CCC(C(C)CCNC(=O)NS(=O)(=O)c4ccc(-c5ccccc5)cc4)C3(C)CCC2C2(C)CCC(O)CC12,0.7330999970436096,0.9717535376548768,0.3138927045193585,4.72312,8.870960235595703,0.7530069470405578,0,0,0,0.6578947368421053,6.994400000000009,0.2457944138964801
3e8e986e8734c0b502d758d947151d51,COCCC1(C(N)=O)CCCN(C2CCN(C(=O)NCc3ccccc3)CC2)C1,0.4237000048160553,0.243737444281578,0.0546527763997966,2.967243,-5.357776641845703,0.7715078830718994,0,0,0,0.6363636363636364,1.9646000000000008,0.7298535699973944
6d93606d18d0d852d90413992fe6313a,CCOC(=O)c1sc(NC(=O)C(C)N2CCOCC2)nc1C,0.3644999861717224,0.405184805393219,0.0453322451900352,2.588757,-7.819024085998535,0.1648128822445869,0,0,0,0.6428571428571429,1.28742,0.8208850160681627
ccc76306b6a9381e8a0b147ebc8aa088,COCCNc1nc(Oc2cccc3ccccc23)c2sccc2n1,0.5942999720573425,0.9760562777519226,0.3209970051592046,2.340939,-11.777180671691896,0.8987046718597412,0,1,0,0.1578947368421052,4.695100000000004,0.5105582900277402
223abc520297402417b9b9f8116c473a,CC#CC(=O)Nc1ccccc1-c1n[nH]c2c1CCC(c1c(Cl)c(OC)cc(OC)c1Cl)C2,0.6283000111579895,0.9815585613250732,0.4895505823872306,3.613246,-3.536213636398315,0.9009774088859558,0,1,0,0.28,5.635000000000003,0.460254674524473
29b6a6244a9e18ff11eef7c551e9e087,CCOc1cccc(C(=O)NCCC(=O)Nc2ccncc2)c1,0.3244000077247619,0.4844159483909607,0.0641995238309556,1.789927,-10.43784523010254,0.4038516819477081,0,0,0,0.2352941176470588,2.2389,0.8212727202887955
f3b8876729f5cc758a3203043542bef5,CN(c1ccc(C(=O)Nc2ccon2)cc1)c1nc2ccccc2n(C)c1=O,0.4300999939441681,0.660907506942749,0.1897721459919756,2.483859,2.4628002643585205,0.7976993083953857,0,0,0,0.1,2.941700000000001,0.5894483341231338
3c7fc17af128741748bda0cbc3a741b4,C[N+](C)(CCO)CCCCC#CI,0.397599995136261,0.8637612462043762,0.2365016896616328,3.514514,10.77151584625244,0.5163327515125274,0,1,0,0.8,1.6213,0.3417196370099683
adb22f3d0eb762c8d647234fed3d4b70,O=C(Nc1cccnc1)C1CCCCN1C(=O)OCc1ccccc1,0.4384999871253967,0.3544140458106994,0.0838656999509443,2.348232,-7.696816444396973,0.4516685664653778,0,0,0,0.3157894736842105,3.211400000000002,0.9283032687000912
ff6144613d03d98967c6b597a6078f78,CC1CC2C3Cc4ccc(O)cc4C2(CCN3C)CC1=O,0.4460999965667724,0.731743335723877,0.2013920415192842,4.636716,9.67495822906494,0.4464914917945862,0,0,0,0.6111111111111112,2.5054000000000007,0.7960015642090807
c42ad4ab2d5b151816d82d7e1d37e3be,COc1ccccc1-c1ccn2nc(NC(=O)c3cccc(Cl)c3)nc2c1,0.5690000057220459,0.9232847690582277,0.4279271757060831,2.24074,-2.582975149154663,0.5812377095222473,0,0,0,0.05,4.310600000000003,0.5741680163520171
2f17eb144976348b54b6c96f6a44e68e,O=c1nc(-c2ccc(-c3ccc(-n4ccnc4)cc3)cc2)[nH]o1,0.6377000212669373,0.9834864735603333,0.2310625876892696,2.339035,-9.717082977294922,0.6174153804779052,0,0,0,0.0,2.8826,0.6311210283598756
b2fa97270988cea797b6679a8f890d74,Cc1ccnc(SCC(=O)Nc2sccc2C#N)n1,0.3488000035285949,0.780022144317627,0.0334195200861855,2.397236,-10.29682445526123,0.1626686051487922,0,0,0,0.1666666666666666,2.449,0.6908913238061063
06e568d2457fe4b8e7b8bd06cea81371,CCCCC(C#N)n1cc(C(C)(NC(=O)c2ccsc2)C2CCC(C)CC2)nn1,0.4932000041007995,0.7356399893760681,0.0857374768873507,4.051296,1.2121827602386477,0.4989111959934235,0,0,0,0.6363636363636364,5.065980000000004,0.6549897036690343
0f08cf65a2f21c8a6b0ab680b17d0369,N#CC(C#N)=Cc1cc(CN2CCN(c3ccc(Cl)cc3)CC2)c[nH]1,0.5805000066757202,0.94289231300354,0.6204397678375244,2.74562,-8.498039245605469,0.9042251229286192,0,1,0,0.2631578947368421,3.420860000000001,0.8567008847495194
3800ded17e7f1adb4a15d34bdab240c6,COc1ccc(-c2nnc(NC(=O)CSc3ccc(Cl)cc3)s2)cc1OC,0.4284999966621399,0.9119199514389038,0.1778746220198544,2.084718,-11.676259994506836,0.3756006240844726,0,0,0,0.1666666666666666,4.606500000000003,0.5615240045631577
609cdc48d2a07e36c0880adbfa242192,O=C(Cn1ccc2cccnc21)N1CCC(c2c[nH]c3ccccc23)C1,0.4216000139713287,0.6858888864517212,0.1493296447125348,2.84291,-8.73757266998291,0.739925992488861,0,0,0,0.238095238095238,3.5337000000000023,0.6180070066371918
841c4baa11c4680cfefc3b4c65cb503e,CC(=O)N1CC2(C)CN(C(C)=O)CC(C)(C1)C2,0.3709999918937683,0.5766124129295349,0.0424479425233915,3.817936,4.473657608032227,0.2141136100515723,0,0,0,0.8461538461538461,1.1132999999999995,0.6341480978774968
a910df328f8a97157ba9c5148a7ab1cc,COC(=O)Nc1nc2ccc(S(=O)(=O)NCc3ccc(OC)cc3)cc2[nH]1,0.4873999953269958,0.7694560885429382,0.1350018592043356,2.203241,-7.890143394470215,0.7726872086524963,0,0,0,0.1764705882352941,2.2282999999999995,0.5931651076083917
08373be334f28eca8ad138e24b41182a,CN(Cc1ccccc1)Cc1cc(Br)ccc1OCc1ccc(Cl)cc1,0.7085000276565552,0.9947759509086608,0.4884337349371476,1.836209,-10.060416221618652,0.970749843120575,0,0,0,0.1818181818181818,6.313500000000006,0.4350795160780866
e7154c16d61ef4c98306fa660527e9e7,Cc1nc2c(n1CC1CC1)Cc1cnc(Nc3ccc(N4CCNCC4)cn3)nc1-2,0.6446999907493591,0.9695695638656616,0.5159607610919259,3.059521,-2.2649948596954346,0.8805561423301697,0,0,0,0.4545454545454545,2.5109200000000005,0.5306004325609341
8a2f7df4aadf68dbe00183e12306c5fc,Cc1nc(C)n(C(Oc2ccc(Cl)cc2Cl)C(=O)C(C)(C)C)n1,0.5806000232696533,0.9689897298812866,0.1631125143983147,3.174311,-9.549474716186523,0.126189224421978,0,0,0,0.4375,4.394540000000004,0.8150738444279861
1f41d43dcf63e7c72ffddabb4474aa94,O=C(NCc1nc(-c2ccc(Br)cc2)c[nH]1)Nc1nc2cccc(C(F)(F)F)c2s1,0.6944000124931335,0.9924371242523192,0.505594090981917,2.857455,0.5303816795349121,0.9416313886642456,0,0,0,0.1052631578947368,5.789400000000001,0.3346841790913403
1a3f9f43f2a2e1ee5e387b7c8d366fb3,Cc1ccc(C(=O)Nc2ccc(C(=O)OCc3cc(=O)n4c5c(sc4n3)CCCC5)cc2)cc1,0.5782999992370605,0.8863615393638611,0.2424088553948835,2.415566,-6.024977207183838,0.5579839646816254,0,0,0,0.2307692307692307,4.552520000000004,0.4296043600221925
c119b6de7e27c83a6fd9b3f42efdf92d,CC(Oc1cc(F)c(S(=O)(=O)Nc2cscn2)c(F)c1)c1ccccc1F,0.723800003528595,0.9558342099189758,0.1546670916405591,3.167867,-9.096489906311035,0.5872974157333374,0,0,0,0.1176470588235294,4.5012000000000025,0.6448908432450093
be0668837a6faf1d24420094d7c75e06,NC(=NO)c1cccc(-c2ccc3c(c2)c2cc(-c4cccc(C(N)=NO)c4)ccc2n3S(=O)(=O)c2ccccc2OC(F)(F)F)c1,0.7836999893188477,0.9968475103378296,0.4046141396869313,3.041366,5.480401992797852,0.9633262872695922,0,1,0,0.0303030303030303,6.453100000000003,0.0661399947813212
b78cbe7d5d9ae23c08ca45afdf7d2d42,CCC(c1nc2c(cnn2C2CCOCC2)c(=O)[nH]1)N1CC(Oc2ccc(C)cc2)C1,0.6164000034332275,0.7766776084899902,0.1467163305390965,3.392186,-4.925640106201172,0.904221773147583,0,0,0,0.5217391304347826,2.9938200000000013,0.6561042908683468
b0826a1d58b18b5719db91c9382701b1,CCOc1nc2cc(C(=O)N3CCC(COCCOC)C3)ccc2[nH]1,0.37950000166893,0.1407007575035095,0.0558277623812583,2.933297,-6.350529670715332,0.8849509000778198,0,1,0,0.5555555555555556,2.0866999999999996,0.7400824226596997
b5a17617917d84c8bc5f3c518b1c3b55,c1csc(N2CCCC2c2nc(-c3cncs3)no2)n1,0.4050000011920929,0.6257551312446594,0.1048786836591633,3.456569,1.409203052520752,0.3881709963083267,0,0,0,0.3333333333333333,2.991100000000001,0.7407449706576978
89048f476dfa701b376387428238da3e,Cc1ccc2[nH]c(=O)c3c(c2c1)Nc1c(cccc1C(F)(F)F)S3,0.6762999892234802,0.9936376810073853,0.5488026982003992,2.869244,-11.206842422485352,0.8626833915710449,0,0,0,0.1176470588235294,5.063520000000001,0.4666161994370504
aaa7fecd647b2444065ff445f8e53ef9,CC(C)C(C)C=CC(C)C1CCC2(O)C3C(=O)CCC4(C)C3C(=O)CC23C4CCC13C,0.5716999769210815,0.8698573112487793,0.1674573292786424,6.614187,9.376561164855955,0.4738194406032562,0,1,0,0.8571428571428571,5.602600000000006,0.5951689601135657
33cd479e3594c3f79961ac4d9062cb3e,Fc1ccc(N2CCN(c3[nH]cnc4ncnc3-4)CC2)cc1,0.5116999745368958,0.905886173248291,0.3249155743555589,2.591907,-9.63910675048828,0.8289999008178711,0,0,0,0.2666666666666666,1.7702,0.7810837632114954
a83951d2de69c378c939dc106955cad9,CC(C)(C)OC(=O)N1CCCC2(CCN2C(=O)c2ncccc2O)C1,0.5189999938011169,0.682156503200531,0.0315005957064303,3.614619,-6.0135602951049805,0.2818005293607711,0,0,0,0.6111111111111112,2.4028,0.843340214769834
e46b22586781b31cfcd152f71c4b930d,CCN(CC)c1cc(C)nc(-c2ccncc2)n1,0.4034999907016754,0.8248668909072876,0.0605204256399619,2.284917,-9.612896919250488,0.6869150519371032,0,0,0,0.3571428571428571,2.693220000000001,0.8263185813093757
b5cdbca0e34834d2639848e9a47a4caa,Cc1ccccc1-c1nnc(SSc2nnc(-c3ccccc3C)[nH]2)[nH]1,0.4952999949455261,0.9625016450881958,0.3025785284963521,3.080798,-4.735079765319824,0.4098676860332489,0,1,0,0.1111111111111111,4.673040000000003,0.489496577233424
65b827277849c551e214c7555f227fa3,CC(CO)(CO)NC(=O)c1ccccc1F,0.3215000033378601,0.6334987282752991,0.0638919875703074,2.13085,-10.933445930480955,0.0560217339545488,0,0,0,0.3636363636363636,0.2987999999999995,0.6925105953844358
0fa1b02ae168299f6d4ee729261910b4,O=C1C2CCCCCN2C(=O)N1c1ccc2c(c1)OCO2,0.4891000092029571,0.5128776431083679,0.0949761322276158,2.6911,-2.1949636936187744,0.2323180332779884,0,1,0,0.4666666666666667,2.1265,0.742744861630076
b6a21e625e05c5c9d9ad5d22fbda4317,COc1ccccc1CNC(=O)c1cc(-c2cc(Cl)ccc2C)[nH]n1,0.5482000112533569,0.8490709066390991,0.1636930758302862,2.122926,-11.472097396850586,0.7163534283638,0,0,0,0.1578947368421052,3.977120000000002,0.7271254697003552
92ee26f5bb69b8dd180275bfe3426baa,O=C(Nc1cc(O)nc2ncnn12)c1ccc(Cl)cc1Cl,0.4537000060081482,0.8004329204559326,0.2852299863641912,2.5168,-6.847609996795654,0.0995760679244995,0,0,0,0.0,2.389,0.7549487629573775
508acb27bb08a7684f84bf0754d49c53,O=C1C(=Cc2cc(Br)c(O)c(Br)c2O)SC(=S)N1c1cccc(C(F)(F)F)c1,0.7968999743461609,0.9984699487686156,0.4089767418124459,2.748413,-5.512856483459473,0.7685279130935669,1,1,0,0.0588235294117647,6.047400000000004,0.3495471262353146
bb0e52ef5124502c4f41858f8e45a704,N#Cc1c(-c2ccc(N3CCCC3)c(NC(=O)CCN3CCCCC3)c2)cc(-c2ccccc2O)nc1N,0.7050999999046326,0.9784578680992126,0.4101573553952304,2.607847,3.9073450565338135,0.9584930181503296,0,0,0,0.3666666666666666,4.989780000000004,0.4096954574643984
ccf3a64bef9054e98fbd69b8b6647e74,COc1ccc2nc(C)cc(Sc3nc4ccccc4s3)c2c1,0.593500018119812,0.992190957069397,0.2584474625235254,2.204862,-9.077235221862791,0.4352380067110061,0,0,0,0.1111111111111111,5.312720000000003,0.506733614914032
78e59fa7ef528a4fddbb3c4341130052,CC(=NNCCc1ccc(Cl)cc1)C(=O)O,0.418500006198883,0.8850935101509094,0.1433571180836721,2.355864,-9.30055809020996,0.0225932732224464,0,1,0,0.2727272727272727,1.9326,0.4697340056457253
91953314a21335a8fa0ab0f44e2c0312,O=c1c2c([nH]c3ccccc13)C(c1ccco1)N(c1ncc(-c3ccccc3)cn1)C2,0.6575000286102295,0.9577946066856384,0.3830356421795758,3.054325,-4.8616719245910645,0.8954046607017517,0,0,0,0.08,4.687700000000003,0.4705556581310011
3c7947be01cc1cd0285e7cf45cf2450f,N#Cc1cnc2ccc(-c3c(-c4ccc(F)cc4)ncn3C3CCCC3)cn12,0.5227000117301941,0.9734587073326112,0.3648416833444075,2.760947,0.3018694818019867,0.8972735166549682,0,0,0,0.2272727272727272,4.990680000000004,0.5096308360233297
76e3e12bd4a2f697c32a10b5b46f96aa,CC(C)Sc1c2c(nn1Cc1ccc(-c3cccc(F)n3)cc1)N1CC(C)(C)N=C1N(C)C2=O,0.6674000024795532,0.9253910779953004,0.2752352980050174,3.33958,-3.623951196670532,0.8012081503868103,0,1,0,0.36,4.673200000000005,0.3937632349830193
34ff6c81fdfeebb501328aa27ae16e79,O=C(CSc1nc[nH]n1)Nc1ccc2c(c1)CCC2,0.3411000072956085,0.6641103029251099,0.1030156923965974,2.664786,-9.64059829711914,0.165993532538414,0,0,0,0.3076923076923077,2.0241999999999996,0.836834132741987
6843cfb02dd60d0aaf7cbd9ccea80d49,CCC1CCc2cc3c(C(F)(F)F)cc(=O)oc3cc2N1,0.6029000282287598,0.958868145942688,0.2988172986290671,3.211467,-8.029751777648926,0.753419554233551,0,1,0,0.4,3.948500000000003,0.8104277808575331
216ebc68d2d027c407010010f646fe06,CC(=O)c1c(Nc2ccc(Cl)cc2Cl)[nH]c2c(C(F)(F)F)cc(Cl)cc2c1=O,0.78329998254776,0.9971747994422911,0.5236649838360873,2.700459,-6.562216758728027,0.676665198802948,0,0,0,0.1111111111111111,6.453300000000001,0.4515284600177591
8a1995e42c03ecb7543cb44e943d5fb4,COc1ccc2ccccc2c1CNc1nnnn1C,0.3219000101089477,0.7431734204292297,0.0650675388955939,2.199073,-9.074576377868652,0.2746949657797813,0,0,0,0.2142857142857142,1.983999999999999,0.7842756209149034
b43988b8ff0dfa038137846aacf08216,Cc1cccc(NC(=O)c2ccc(F)c(S(=O)(=O)NCc3ccc4c(c3)OCO4)c2)c1,0.6017000079154968,0.9118029475212096,0.1115085872059518,2.137145,-9.259740829467772,0.9264949679374694,0,0,0,0.1363636363636363,3.5936200000000023,0.6085720323631626
eae8d65aee7884349ecba47d8ae8656b,Oc1cc(Br)c(O)c2[nH]ccc12,0.5250999927520752,0.9978501200675964,0.4900659810413014,2.813093,-2.306580066680908,0.2502224996685981,0,1,0,0.0,2.3415999999999997,0.6058298368495048
85c630f5daf63f15a38614dbe103670c,c1ccc2cc(Cn3cc[n+](CCCCCCCn4cc[n+](Cc5ccc6ccccc6c5)c4)c3)ccc2c1,0.746999979019165,0.9944564700126648,0.6002671799876473,2.979248,-10.091869354248049,0.9927064418792724,0,1,0,0.2571428571428571,6.918300000000007,0.1246398469366001
f5c9051a61130c619f1b48a60e3233f2,Cc1cccn2c(=O)c3cccc(Cl)c3nc12,0.4629000127315521,0.9557530879974364,0.1672062088142741,2.084712,-9.736916542053224,0.149146257340908,0,1,0,0.0769230769230769,2.809520000000001,0.5701379672262015
5b365c98e5e27a5da1cc9d5e11bbfc1e,CCCCN(Cc1cc(Cl)c(O)c(OC)c1)c1ccc(C(O)(C(F)(F)F)C(F)(F)F)cc1,0.7949000000953674,0.9966003894805908,0.393692597746849,2.691732,-7.681948661804199,0.9387403964996338,1,0,0,0.4285714285714285,6.173100000000005,0.4388269478971651
6711a576b9ebebb8eaadff3a2731fd94,COc1cc2c(C)nc(O)c(NC(=O)Nc3ccc(C(=O)O)cc3)c2cc1OC,0.638700008392334,0.9743709564208984,0.074480523947965,2.359455,-3.6388795375823975,0.2214924424886703,0,0,0,0.15,3.608220000000001,0.517292971850359
31371e9cfd3964514e4c245d9bae1588,CN1CCCC1CCOc1nc2ccc(C(=O)NCCCc3ncc[nH]3)cc2nc1-c1ccc(F)cc1,0.5526000261306763,0.8615891933441162,0.3336660807782953,3.203209,1.808721899986267,0.9852217674255372,0,1,0,0.3571428571428571,4.384700000000002,0.3125312228725226
0f42099c22fbb98cca616e7d5f72a6db,Cc1cccc(N(C(=O)c2cccs2)C(C(=O)NC2CCCCC2)c2ccccc2)c1C,0.5340999960899353,0.8756387829780579,0.2205388993024826,2.744415,-8.336163520812988,0.661223316192627,0,0,0,0.3333333333333333,6.201940000000006,0.4898677865460236
da85005126a3bbd92aaf9eb2414828d3,Nc1sc2ccccc2c1Nc1cccc(Cl)c1,0.5306000113487244,0.9967928528785706,0.1880095221779563,2.153324,-8.696518898010254,0.6187553405761719,0,0,0,0.0,4.880500000000001,0.6988027258091659
2b2ec9ef28f6ba7513f734a15aa13c8b,CCCCCc1c(C(N)C(=O)O)cnn1O,0.4065999984741211,0.803176999092102,0.1810817860744216,3.425749,6.41433572769165,0.0087065357714891,0,1,0,0.6,0.9374999999999998,0.4955484671260436
523622a85b26191646c34b80b031a111,CS(=O)(=O)c1ccc(CCNCc2ccc(-c3ccc(CN(C(=O)c4ccco4)C4CCN(Cc5ccccc5)CC4)cc3)nc2)cc1,0.6401000022888184,0.95060396194458,0.3125830712643536,2.722704,0.521695613861084,0.976564919948578,0,1,0,0.282051282051282,6.384400000000007,0.1462114494480123
c920a145c9323db38189722fdeadc4a9,Oc1ccccc1C(c1ccc(C(F)(F)F)cc1)N1CCN(c2ccnc3cc(Cl)ccc23)CC1,0.7996000051498413,0.998280942440033,0.6188096837563948,2.879056,0.1574163734912872,0.968580961227417,1,0,0,0.2222222222222222,6.524200000000005,0.3480431223037188
470beb2c7e86ecd753e0a8803b0f07a6,COc1cccc(NC(=O)c2cccc(-n3cc(-c4cncn4C)nn3)c2)c1,0.402099996805191,0.5859167575836182,0.1213077533651482,2.368182,-7.048710823059082,0.8248041868209839,0,0,0,0.1,2.928700000000001,0.5803538626556988
0710a8d794ff68d60594444eb0a45bb8,COc1ccc(OC)c(CNc2nncn2C2CC2)c1,0.3375000059604645,0.6191840171813965,0.0710511327805844,2.388603,-6.792078495025635,0.1119640599936246,0,0,0,0.4285714285714285,2.2423,0.8750085638039222
6a6ca7814300a064c41afa7535869dc7,N=C(Cc1c(Cl)cccc1Cl)NC(=S)Nc1ccc(Cl)cc1,0.5831000208854675,0.9900038838386536,0.4084379930387843,2.371987,-8.169278144836426,0.7700882315635681,0,1,0,0.0666666666666666,5.153170000000002,0.3963797323985422
dc9f9cc141499d8da495ad0bd22f3ebf,O=C(NCCc1ccc(C(F)(F)F)cc1C1CC1)c1ccc(Oc2cc3c(cc2Cl)C(C(=O)O)CCO3)cc1,0.8356000185012817,0.9965548515319824,0.2791552977128462,3.167464,3.802450895309448,0.4330426543951035,0,0,0,0.3103448275862069,6.951700000000006,0.3118161719636768
6e089f7981c3e83d47e30b8189d9fea9,CCCCCCCCCCCC(NCCCOC(C)C)=C1C(=O)C2CCCC(=O)N2C1=O,0.6366000175476074,0.8898319602012634,0.1878462372855706,3.314717,7.90113353729248,0.5296166598796844,0,1,0,0.8076923076923077,5.056500000000004,0.1546209697450645
5a267e7a091b7518ee9bd4949050fad5,O=C(NC1CCC1)C1C(CO)C2Cn3c(cccc3=O)C1N2Cc1cc(F)ccc1F,0.6534000039100647,0.7122623920440674,0.1228878328746015,4.511409,-7.892457962036133,0.7634759306907654,0,0,0,0.4782608695652174,1.9589999999999987,0.7622512436251188
e00c89b2b4f8f2ef1d24803a72ecc819,CCOc1cc(C=NNC(=O)NN(C)c2ncc(C(F)(F)F)cc2Cl)ccc1O,0.6765999794006348,0.9554255604743958,0.4294831549579447,2.826169,-5.710416793823242,0.5387585818767547,1,1,0,0.2352941176470588,3.5426000000000015,0.479682543465005
1dff6e2e9aeb7bc4371193f956ad9746,Cn1cc(C(=O)Nc2cc(-c3[nH]c4c(c3Nc3ccccc3)C(=O)CC(C)(C)C4)ccn2)cn1,0.5254999995231628,0.9191119074821472,0.5371587493202903,2.890732,-6.944403171539307,0.8532189965248108,0,0,0,0.2307692307692307,4.961200000000003,0.3952743041256121
6908da60217728e3d36f950a37cf2178,NC(=O)c1cn2cc(Br)nc(Br)c2n1,0.4648000001907348,0.9034464359283448,0.0867183999666436,3.253289,-7.984311103820801,0.1082491375505924,0,0,0,0.0,1.3531999999999995,0.8620305115700259
6df2169cf4b3e391dbd9e8f7935795be,O=C(Cc1ccccn1)NC1CCC(CCNC(=O)c2cc(Cl)cc(Cl)c2)OC1CO,0.6187999844551086,0.8476447463035583,0.1220685646615245,3.405414,-7.330946922302246,0.3626170843839645,0,0,0,0.4090909090909091,2.775700000000001,0.5557850649506134
ca26998419bde1a340d9de771e5239f1,O=C(NCc1ccccc1OC(F)(F)F)c1ccc(CN2CCN(C(=O)CCO)CC2)s1,0.6133999824523926,0.719601571559906,0.1071083076636899,2.460868,-8.259992599487305,0.8863613963127136,0,0,0,0.4285714285714285,2.603300000000001,0.6187571980622787
7a2e4a3bb438b3b19519173f2afc417f,CCC1(CC)C(=O)NC(=O)N=C1Nc1ccccc1,0.3073000013828277,0.774286150932312,0.1480366924608295,2.793636,8.542771339416504,0.1506411269307136,0,0,0,0.3571428571428571,2.5532000000000004,0.8759417702012543
f2943e6fd5a7ec9d2c26f9c11b828a64,COc1ccc(C(=O)C=Cc2ccccc2O)cc1,0.3725000023841858,0.9682868123054504,0.4305333603512157,1.776234,9.533422470092772,0.3865149796009063,0,1,0,0.0625,3.2969000000000017,0.6723156704362758
d5f0eb219a99293bfe94a7bc72e8106d,COC(=O)c1cc2c(s1)C(=O)C(Cl)=C(Nc1ccccc1)C2=O,0.5860999822616577,0.9929043054580688,0.3941629081964493,2.532492,-1.3672819137573242,0.3351203829050064,1,0,0,0.0625,3.476200000000002,0.8605001940325743
06a017355bb30f9548ffffc7aaceda63,CC(C)(C)NC(=O)Cn1c(CC2CCNCC2)nc2cc(Cl)c(Cl)cc21,0.4993999898433685,0.8015955090522766,0.2245690700682726,2.580026,-6.7631940841674805,0.8335507988929749,0,0,0,0.5789473684210527,3.799900000000002,0.8252965169842658
7f37508c0a0c18813a4be262c11da4cc,CC1c2cccc(O)c2C(=O)C2=C(O)C3(O)C(=O)C(C(N)=O)=C(O)C(N(C)C)C3C(O)C21,0.8115000128746033,0.998896300792694,0.0969847408546642,4.533952,11.796916961669922,0.1950842082500457,0,1,1,0.4090909090909091,-0.3475999999999985,0.3322174879037973
16d3d0c4bb4927bdc73f71e355b85b14,O=S(=O)(N1CCCCCC1)N1CCN(Cc2ccc(F)cc2Br)CC1,0.4842999875545501,0.5825484991073608,0.1388454874130812,2.211596,-9.327178001403809,0.9784965991973876,0,0,0,0.6470588235294118,2.826600000000001,0.7323913888788617
1f4044748268477d5f967c2270fe5dcf,CN=C(S)C1(c2cccnc2)CCCCC1CCNS(=O)(=O)c1ccc([N+](=O)[O-])cc1,0.6128000020980835,0.91646546125412,0.1758155612782998,3.778231,-5.370529651641846,0.7576553583145141,0,1,0,0.4285714285714285,3.744500000000002,0.2038632988426078
76747f816dedf428a0e177ced4c6c84a,COc1ccc(C(CNc2ccc(C(F)(F)F)cn2)N(C)C)cc1OC,0.5418000221252441,0.8674291372299194,0.5314927372065458,2.68754,-4.044546127319336,0.9046514391899108,0,0,0,0.3888888888888889,3.8324000000000025,0.8037274950029635
4326368323e32364ecbd6c8a591f3ccc,CCc1noc(C)c1C(=O)Nc1nc(-c2ccc(F)cc2)c(C)s1,0.5429999828338623,0.954306185245514,0.1356946199455044,2.288181,-11.441113471984863,0.4451194226741791,0,0,0,0.2352941176470588,4.3687400000000025,0.7622949080633507
4acc01bec6a770e52e503560ca3d7d5a,COc1ccccc1NC(=O)c1c(NC(=O)COc2ccccc2)sc2c1CCCCC2,0.5527999997138977,0.9208425283432008,0.1720141849734566,2.08557,-7.450883865356445,0.8263917922973633,0,0,0,0.28,5.295400000000004,0.4793556593631912
adf31e34a1feb610c001ba1ab5fb2cd1,COc1cc(C=NNC(N)=S)c2c(c1OCc1ccccc1Cl)CN1CCc3cc4c(cc3C1C2)OCO4,0.6132000088691711,0.94978129863739,0.4969097999009219,3.49238,-3.3281450271606445,0.9027379274368286,0,1,0,0.2857142857142857,4.478900000000004,0.2637220722303726
d308ca7a0259e6f9982cfaeeaab4a7e8,O=C(CC1COc2ccccc2O1)N1CCC(COc2cc3c(nn2)CCCC3)CC1,0.447299987077713,0.5936616063117981,0.089394148947163,3.186151,-10.179642677307127,0.6502679109573364,0,0,0,0.5416666666666666,3.2029000000000014,0.7353646072857836
cd8961e24a33b1b5c69a11bfd6dd6009,COC(C)(CC1OC2C1OC1OC(C(Cl)(Cl)Cl)OC12)OC,0.5837000012397766,0.8108161687850952,0.3609074762744946,5.185715,13.85547924041748,0.263854118809104,0,1,0,1.0,1.9894999999999996,0.5623219064358546
3eea50756deeca3fa56b1cd897621ec4,COC(=O)n1c(=S)oc2cc(Cl)ccc21,0.520799994468689,0.9624080061912536,0.1113584735854105,2.661775,-9.81454372406006,0.03557641338557,0,1,0,0.1111111111111111,3.2316900000000013,0.6666242588465776
be68d0d250466fb985c528c9c1e93e80,CC(C)OC(=O)c1ccc2[nH]c(-c3ccccc3)cc(=O)c2c1,0.5175999999046326,0.9343953132629396,0.1789565736597234,2.039909,-11.526812553405762,0.393232986330986,0,0,0,0.1578947368421052,3.7603000000000018,0.749483461103976
489c7c522f7ff37a6ce589ab33c5822f,CC(=O)c1cccn1C1CC(Cc2cn(Cc3ccccc3)nn2)OC1=O,0.4422000050544739,0.5090093016624451,0.0732385065321895,3.550413,1.23940110206604,0.0509112505242228,0,0,0,0.3,2.4298,0.4957601820534577
fa04de11a38a7345bd4f43e042da7a04,CN1C(=O)N(c2cc(Cl)cc(Cl)c2)C(=O)C12CN(C(=O)c1ccc3ncccc3c1)CC2c1ccc(C#N)cc1,0.6988000273704529,0.9505892992019652,0.193525919182734,4.03184,-3.727796792984009,0.8520506143569946,0,1,0,0.1666666666666666,5.490280000000005,0.3036966055007818
8eb0e4ff579c79f3f86ee7a266e03844,CC12CCC3C(CCC4C(C)(C(=O)OCc5cn(CCCc6ccccc6)nn5)CCCC34C)(CC1=O)C2,0.5979999899864197,0.8031532168388367,0.174178506840359,5.549479,8.372479438781738,0.5495522022247314,0,0,0,0.6875,6.326200000000007,0.4015459251166147
3d530760bae43ecab41c8b794195fad3,COc1c(N2CCN(CC(=O)Nc3nc4ccc(C)cc4s3)C(C)C2)c(F)cc2c(=O)c(C(=O)O)cn(C3CC3)c12,0.8726000189781189,0.996316373348236,0.1570738222111355,3.337191,-4.116611957550049,0.419298455119133,0,0,1,0.3793103448275862,4.249620000000003,0.333920791504846
6ef6002eadcc36101a41df7670407900,CCOC1CCCN(C(=O)c2nn(-c3ccccc3F)cc2O)C1,0.4921000003814697,0.4314360618591308,0.1355359740555286,2.877659,-4.17451286315918,0.6366298139095307,0,0,0,0.4117647058823529,2.3581000000000003,0.932581022164443
12cee67363838b0b4a95de52a59426e3,CCN1C(=O)N(CC)C2Nn3c(sc(=Cc4cccc(F)c4)c3=O)=NC21,0.6722000241279602,0.9085498452186584,0.1327969889071854,4.089377,-3.1420419216156006,0.5149638772010803,0,0,0,0.3529411764705882,0.4839999999999994,0.848687975976419
4236184b21b532a4931bf8ba7733d368,Cc1cc(-c2[nH]c3ccc(C4CCN(Cc5nncn5C)CC4)cc3c2C(C)C)c(C)cn1,0.608299970626831,0.9673422574996948,0.3123107281598178,2.972556,-4.207520961761475,0.864336884021759,0,0,0,0.4444444444444444,5.478240000000005,0.4446088054719896
a2afc065623d56e5ec7b2738972d3dd2,O=C1NC(=O)N(c2ccc3[nH]cnc3c2)C1c1ccc(Cl)c(C(F)(F)F)c1,0.7084000110626221,0.9853559136390686,0.3708666373382915,3.196649,-11.363378524780272,0.5761987745761872,0,1,0,0.1176470588235294,4.032600000000001,0.6440074096842309
0288780c9bf4887a41cdfe2d91108974,Oc1ccc(-c2ccc3c(O)c(O)ccc3c2)cc1,0.5346999764442444,0.9969670176506042,0.3506323207508434,1.900175,6.836414337158203,0.4816272497177124,1,1,0,0.0,3.6236000000000024,0.5795085725880111
a3f290079d33f63086a853ce2b7f879e,O=C(c1ccc(O)c(O)c1)c1cc2ccccc2oc1=O,0.5188000202178955,0.9871913194656372,0.2534188844940879,2.062777,8.82052230834961,0.2005961403250694,1,1,0,0.0,2.435200000000001,0.4279623272348614
e80dab132b5d14a0944aef7ef0e5683f,COc1cc(OC)c(C2COc3c(ccc4c3C=CC(C)(C)O4)C2=O)cc1OC,0.5462999939918518,0.9503531455993652,0.6169767623597925,3.319317,10.421116828918455,0.6207226693630219,0,0,0,0.3478260869565217,4.255500000000003,0.7697202790116502
e5c823bbdb3c6754ba97493c808aa2fe,Cc1cc(C)cc(NC(=O)NC2CCN(c3cnccn3)CC2)c1,0.4154999852180481,0.5768590569496155,0.167795869437131,2.203983,-10.536953926086426,0.5121730625629425,0,0,0,0.3888888888888889,2.883940000000001,0.9101925739647314
377d69c78539c94be95a6675cdacf608,C[N+]1(CCC(C2=CCCCC2)c2ccccc2)CCCCC1,0.5555999875068665,0.9384878277778624,0.4089402854442596,3.323984,8.893566131591797,0.9538498878479004,0,1,0,0.6190476190476191,5.291200000000005,0.5115214469393982
8bd0da4787c1cc93aeda1db2745d747b,CC(C)Nc1sc(C(=O)c2ccc(-c3cccc(O)c3)s2)c(N)c1C#N,0.7148000001907349,0.9864636063575744,0.4008610925891183,2.786345,-5.4946441650390625,0.6833067774772644,0,0,0,0.1578947368421052,4.687380000000003,0.5552700076294307
6f49befff431cb4e4d9c2974e52884a8,CC(NC(=O)c1cccc(C(F)(F)F)c1)C1CCCO1,0.4269999861717224,0.6786471009254456,0.1659617173400792,2.807229,-5.812857627868652,0.40794737637043,0,0,0,0.5,3.0027000000000017,0.9277625800626658
3f62df63b81fb491d4b07fb8a38a31ef,CCc1nc2ccc(C(=O)NC3CCN(Cc4ccccc4)CC3)cn2c1N(C)CCN1CCOCC1,0.5273000001907349,0.7663387656211853,0.111493284729394,2.703265,-7.614584922790527,0.9727027654647828,0,0,0,0.5172413793103449,3.0595000000000017,0.4833437758190372
f0d44da193a8b34ab4fd1a535090d54b,O=C(NCCCOc1ccc(S(=O)(=O)C2(C(=O)NO)CCOCC2)cc1)c1ccc(OC(F)(F)F)cc1,0.5548999905586243,0.9050591588020324,0.1462746357375925,2.658909,-6.300501823425293,0.753415334224701,0,1,0,0.391304347826087,2.612400000000001,0.2347916596856098
36c2c450d15d29425da1782de5d2cdec,NC1CCN(c2ncc(Cl)c(-n3cnc4ccccc43)n2)C1,0.6154000163078308,0.9446831345558168,0.3041629547422582,3.005105,-10.432225227355955,0.823466169834137,0,0,0,0.2666666666666666,2.0063,0.7830195534971239
330ccb7f79be24940ec6503b0686927e,Cc1ccc(C)c(N(C(=O)Cn2nnc(-c3cccs3)n2)C(C(=O)NC2CC2)c2ccc(C)o2)c1,0.5483999848365784,0.9292423725128174,0.1341247521340847,3.236094,-1.9647992849349976,0.3752168148756027,0,0,0,0.32,3.9729600000000023,0.4005720023161512
81ecc68fd7706c87e9acea29293d4aa4,CCON=C1CC(NC)CN(c2c(F)cc3c(=O)c(C(=O)O)cn(C4CC4)c3c2F)C1,0.9097999930381776,0.9972140789031982,0.2244622179053046,3.637957,-9.267756462097168,0.0790075905621051,0,1,1,0.4761904761904761,2.503400000000001,0.6786311837972672
862d19a7ee69bfe8f1b3791d2f0edca8,Cc1ccnc(C2CCN(C(=O)c3cc(C)ccc3F)C2)c1,0.4912999868392944,0.3425416350364685,0.0937580711800943,2.617298,-6.596785545349121,0.6215699195861817,0,0,0,0.3333333333333333,3.467240000000002,0.8503270812674759
fc2802eefd3822c10d7b01ae1d32cc06,CN=C1SC(CC(=O)Nc2ccc(F)cc2F)C(=O)N1N=C(C)c1cccc(OCC(=O)O)c1,0.6365000009536743,0.9357020258903505,0.079868649047884,3.251246,-9.789067268371582,0.2946599364280701,0,1,0,0.2272727272727272,3.110800000000001,0.54887365291409
0338a8d8b542e8555fbb1787b14eb703,CC=CC=CC(=O)C1=CC2(C)C3C(C(=O)C=CC=CC)=C(O)C(C)=C(O)C3(C)OC2(O)C(C)(O)C1=O,0.6474999785423279,0.992258846759796,0.2789706276221709,5.465809,10.65407371520996,0.2189079001545906,0,1,0,0.3928571428571428,3.4070000000000022,0.2490581057907376
1891fa6165599de7eea7744c71dbdea2,CC(C)=CCCC(C)=CCCC(C)=CCc1c(C)[nH]c2cc(F)ccc2c1=O,0.6050999760627747,0.9885456562042236,0.3454944288188761,2.865494,1.8706833124160769,0.9714318633079528,0,1,0,0.4,6.937320000000007,0.4936986343234009
7f90f5f66537718c8834799058aaf7a8,CC(C)OC(=O)C1=C(C(F)(F)F)Nc2nc3ccccc3n2C1c1ccco1,0.5501999855041504,0.9551718235015868,0.3183812133290551,3.309021,-9.664053916931152,0.7846798300743103,0,0,0,0.2631578947368421,4.412200000000003,0.6699891314453463
248f2489179ababb022ab3c5e0c4fa9c,CN(C)CCc1c(-c2ccccc2)[nH]c2ccccc12,0.4090000092983246,0.9854411482810974,0.4502051120454615,1.903541,-7.079934120178223,0.9185939431190492,0,0,0,0.2222222222222222,3.9390000000000023,0.7559570335770658
e53e5e67bae13cb854c8e0f070e26f9b,Cc1ccn2c(=O)c(NC(=O)NCCc3cccs3)cnc2c1,0.4246000051498413,0.5837134122848511,0.0915392987768758,2.415127,-9.87429904937744,0.3092406243085861,0,0,0,0.1875,2.4286200000000004,0.7721770139987539
ddf9a2107da2a78c640728443be54471,COc1cccc(C(=O)c2ccn(-c3ccc(O)c(F)c3)c2)c1,0.5121999979019165,0.9073385000228882,0.3076132061806592,2.244476,-9.88476848602295,0.4852768540382385,0,0,0,0.0555555555555555,3.561600000000002,0.7495564202311366
ad83f47996631603d2191d48b0a5fff5,COCCN(CCc1nc(-c2ccc3c(c2)OCO3)no1)C(=O)Cc1ccc(F)cc1,0.4348999857902527,0.6272865533828735,0.118820057335225,2.424516,-8.274898529052734,0.9303102850914,0,0,0,0.3181818181818182,2.864600000000001,0.5189587199561574
24d9a0b98ca67fd62784b80df6e84a92,Cc1nc2sc(C(c3cccc(F)c3)N3CCN(C(=O)c4ccco4)CC3)c(O)n2n1,0.5627999901771545,0.6496979594230652,0.1176912513646212,3.083115,-7.683022499084473,0.8394415497779846,0,0,0,0.2857142857142857,3.084320000000002,0.5238121168055099
c27da39c212d3242e8aa4a9781304d82,CCOC(=O)C(Cc1ccc(O)cc1)NC(=O)C(Cc1ccc(N(CCCl)CCCl)cc1)NC(C)=O,0.6722000241279602,0.9730364680290222,0.2006884962320327,3.225656,-3.807519674301147,0.7235178232192994,1,1,0,0.4230769230769231,3.014000000000001,0.2522796609684411
9e2395afe350bf9c1f4c65dbb196bb9b,CN(C)C(=O)C(CCNC1CC1c1ccc(Cl)cc1)(c1ccccc1)c1ccccc1,0.6635000109672546,0.9879620671272278,0.3803646225820888,3.161728,-9.543499946594238,0.9300209760665894,0,0,0,0.2962962962962963,5.250100000000005,0.5268317632013595
9e759088250d6ffb5941c4f532b69f78,COC(=O)C(CCC(N)=O)NC(=O)C(Cc1c[nH]c2ccccc12)NC(=O)C(CC(C)C)NC(=O)CCl,0.6171000003814697,0.9176575541496276,0.2777303511446172,3.434547,2.0727829933166504,0.5459806263446808,0,1,0,0.48,0.8882000000000023,0.1773289109052523
5b13fe2ebd892ca2b355668d9e48f6ba,COc1ccc(NC(=O)C2CC(=O)Nc3nc(N4CCCCC4)nc(N)c32)cc1,0.5489000082015991,0.5114014744758606,0.325646042146466,2.934034,-7.250706672668457,0.6626858234405517,0,0,0,0.4,2.1221999999999994,0.7233135436941445
a3eee829fccd002be41509c2b8c7329b,O=C(O)c1ccc(-c2cc(C(F)(F)F)ccc2C2CCOc3cc(S(=O)(=O)Nc4ncccn4)ccc32)cc1,0.7921000123023987,0.99690181016922,0.1596235531297597,3.152484,-1.00359046459198,0.6638237953186035,0,0,0,0.1481481481481481,5.5758000000000045,0.3190839318215577
dd98dc32f6b030a71686b4e5496b12be,CN1Cc2sc(Cl)cc2C(c2ccc(Cl)cc2)C1,0.6256999969482422,0.9828362464904784,0.1759677624160593,2.958422,-9.764906883239746,0.7294979572296143,0,0,0,0.2857142857142857,4.632200000000003,0.741536119040832
66559737de6298128734e1585c1d33e8,CCC(C)(C)Cc1c[nH]c(CCc2ccc(-c3ccncc3)cc2)n1,0.5304999947547913,0.9498748183250428,0.2610525353388352,2.742795,-4.432133197784424,0.9529902338981628,0,0,0,0.3636363636363636,5.235600000000004,0.6425394606564284
cf30cd9777f69d6691632d23a050155e,COc1ccc(O)c(-c2csc(NN=Cc3ccco3)n2)c1,0.4762000143527984,0.959542751312256,0.3335152674805034,2.44591,-6.651690483093262,0.5984072327613831,1,1,0,0.0666666666666666,3.5633000000000017,0.5556383706194463
68c4e58e24578bede41ba94477eac08f,O=S(=O)(c1ccc(Cl)cc1Cl)N1CCC=C(c2ccccc2)CC1,0.6230000257492065,0.9190224409103394,0.1952858587557619,2.168776,-7.959898948669434,0.6971610307693481,0,0,0,0.2222222222222222,4.861500000000004,0.7602784693812025
457dc6f24b24014a6bd0ac076ecc22ad,COC(=O)C(Cc1ccc(OC)c(OC)c1)OC(=O)C=Cc1ccc(OC)c2oc(-c3ccc(OC)c(OC)c3)cc12,0.5706999897956848,0.9213011264801024,0.4372433938763358,3.185219,4.033361434936523,0.8647440671920776,0,1,0,0.25,5.483500000000006,0.1586639292153968
6978af6f857c7e566fad780606483883,O=C(O)c1ccc(CN2CCC(Cc3nc(C4(CNC5CC5c5ccccc5)CC4)no3)CC2)cc1,0.5873000025749207,0.9054713845252992,0.094645544886589,3.480723,-7.925785064697266,0.6386904239654541,0,0,0,0.4827586206896552,4.399800000000004,0.4388577531814797
74405f1c9091137b52519b659d04ff0a,O=C(Nc1ccc(O)c(O)c1)c1ccc2ccc(C(=O)O)c(O)c2n1,0.6190000176429749,0.9913331866264344,0.082979182628068,2.249095,4.611625671386719,0.1674284823238849,1,1,0,0.0,2.3021,0.363830603216585
b7d2e5aab5cae4674fb6ee0dc7a82d8f,COc1cc(O)c(C(=O)C=Cc2ccccc2)cc1CN1CCSCC1,0.5623000264167786,0.9540393948554992,0.3177452168681405,2.38206,-6.582717418670654,0.8658758401870728,0,1,0,0.2857142857142857,3.8457000000000026,0.6191608881487878
e1acf0e89117a0e71edf8c058159ce12,O=[N+]([O-])c1ccc2c(c1)CC(NCC1CCN(CCNS(=O)(=O)c3cccc4ccccc34)CC1)CCC2,0.6776000261306763,0.9797303676605223,0.3296226628802039,3.035597,1.8738887310028076,0.9873904824256896,0,1,0,0.4482758620689655,4.275500000000004,0.2404065803499702
bcbb3bf852f932112180ce87936081e0,N#Cc1cc(Cl)cc(Oc2c(C(F)(F)F)ncn(Cc3cc(-c4cc(F)c(F)c(F)c4)c(=O)[nH]n3)c2=O)c1,0.6830000281333923,0.9630782604217528,0.3741911189122633,3.254376,-3.8234283924102783,0.8558954000473022,0,1,0,0.0869565217391304,4.795380000000003,0.280640642346882
362fd3231c6004a06afc4336c3613167,CCOC(=O)Cc1cn(CC=C(C)CCC=C(C)C)c2ccccc12,0.5350000262260437,0.975333034992218,0.2321625751527873,2.534326,9.740577697753906,0.7699741125106812,0,1,0,0.4090909090909091,5.439600000000006,0.4735309452284822
55d90627ae1f26480b6083765f8d228f,OCC1(CCOc2ccccc2)CCCN(c2ccc(Cl)cn2)C1,0.4984999895095825,0.924427330493927,0.3784359693527221,2.769193,-4.2837982177734375,0.938797688484192,0,0,0,0.4210526315789473,3.783000000000003,0.8641384195405346
f4141305fcdecbc51228ccff6d081fc4,O=C(Nc1ccc2c(c1)CNC2)c1cc(Cl)cc2ccccc12,0.5684999823570251,0.9730445742607116,0.3703861778432673,2.106327,-9.06269359588623,0.8249730944633484,0,0,0,0.1052631578947368,4.348700000000002,0.7362055258696536
7c3403486179b0195b3fd3888383eb11,Cc1nc2sccc2c(=O)n1NC(=O)Nc1cccc([N+](=O)[O-])c1,0.5245000123977661,0.9492549300193788,0.101806435056708,2.506661,-6.921551704406738,0.2627635031938553,0,1,0,0.0714285714285714,2.45022,0.5580037096143076
d0d00f42563d51172b7bb035e5a02913,CCCCOc1ccc(C(=O)NCC2(c3ccc(OC)cc3)CCOCC2)cc1,0.5260000228881836,0.7536616325378418,0.161850090731274,2.15172,-4.52438497543335,0.8892228960990906,0,1,0,0.4583333333333333,4.352300000000004,0.6392512368204659
303d80b23fae5466c3d693ad00c6c859,NS(=O)(=O)OCC1CC(Oc2ncnc3[nH]c(-c4cccc5ccccc45)nc23)CC1O,0.675000011920929,0.9433437585830688,0.3748781748793341,3.933413,3.311293840408325,0.8601469159126282,0,0,0,0.2857142857142857,1.9115000000000009,0.3984148232029283
c4e13a3e4e281c11d2ceb418b3cf3de8,COc1cc2c(=O)[nH]c(-c3ccc(CNC(=O)OCc4ccccc4)cc3)nc2c(OC)c1OC,0.4814999997615814,0.9050936698913574,0.2746252837506207,2.391719,-7.75425910949707,0.9463512897491456,0,0,0,0.1923076923076923,4.042300000000003,0.3955215103188593
0cfc3199bf2f44d004f5c1ea1cade025,CNC(=O)Nc1cn(C)c2c1C(=O)N(c1cc(C)c3nnc(C(F)F)n3n1)C2c1ccc(Cl)cc1,0.7106000185012817,0.9443597197532654,0.2262191440571438,3.759553,-11.423664093017578,0.6403487741947174,0,0,0,0.2272727272727272,3.8633200000000025,0.4419690502663891
93b8325cbc1b5c149235ff19f3363895,COc1ccc(N=c2oc3cc(O)ccc3cc2C(=O)NC2CCCCC2)cc1,0.569100022315979,0.9512929320335388,0.2079231671311638,2.375082,-5.554862022399902,0.7498055815696716,0,0,0,0.3043478260869565,4.441900000000003,0.6873747969493449
3b8f88337d160baec8b92a61589be80f,Cc1ccc2[nH]ncc2c1-c1ccc2c(c1)CCN2C(=O)C1(F)CCN(C#N)C1,0.708899974822998,0.9119312763214112,0.1564200256358493,3.698417,6.924137115478516,0.9556495428085328,0,1,0,0.3181818181818182,3.3225000000000016,0.6824345360195702
e54fe323f11cd65d0d54dc9e59453cda,CCC1OC(=O)C(C)C(OC2OC(C)CC(N(C)C)C2O)C(C)CC(C)C(=O)C=CC1C,0.7329000234603882,0.9714914560317992,0.2231831916353919,5.203746,12.50057888031006,0.1523520790040493,0,0,1,0.84,3.192800000000002,0.6544386039545005
ca24f4bb485c63d9976e2791685b0d66,N#Cc1c(NC(=O)CCN2CCOCC2)c(C(=O)Nc2ccccc2Cl)n2c1CCC2,0.475600004196167,0.678156316280365,0.1049977286972782,2.664173,-8.900543212890625,0.8900286912918091,0,0,0,0.4090909090909091,2.8724800000000013,0.7176246109891113
111f3e6b682d340ade7f38239c62f6b1,Cc1noc(C)c1CN1CCN(Cc2nccn2C)CC1,0.3246999979019165,0.3513138592243194,0.0375788368706211,2.324598,-10.345574378967283,0.7139208853244782,0,0,0,0.6,1.3427399999999998,0.8500047351711847
562f46c08f9aadc157eeab97769e65ba,Cc1ccc(S(=O)(=O)Nc2ccc(NC3CCN(C(=O)c4cccc(Cl)c4)CC3)cc2)cc1,0.5835999846458435,0.9286501407623292,0.2574921141971241,2.070323,-9.502599716186523,0.8580806255340576,0,0,0,0.24,5.165920000000004,0.506886661477618
e9c3758790c8cb6f64c68396b280c857,Cc1cc(C)nc(NC(=O)CN2C(=O)c3ccccc3S2(=O)=O)n1,0.4090999960899353,0.5641174912452698,0.1031195037066936,2.406402,-8.250470161437988,0.1515271708369255,0,0,0,0.2,0.8766399999999999,0.883284243128148
e4c4ec64900ee235da00402be46a8afa,O=C(CC1CCC2(CC1)CCN(Cc1ccncc1)CC2)N1CCCC1,0.4568000137805938,0.5052277445793152,0.0727759018455716,2.862857,-7.225759506225586,0.8460071563720704,0,0,0,0.7272727272727273,3.866500000000003,0.8226059488631257
50300712ca364cd18475d9893691e216,CN1CC(O)(Cn2nc(-c3ccc4cc(OC5CC5)ccc4c3)c3c(N)ncnc32)C1,0.7135000228881836,0.9701545238494872,0.5713961165059697,2.941465,4.222878932952881,0.9341503381729126,0,0,0,0.3478260869565217,2.446400000000001,0.5151143122692299
bcf0f46b9bb172401823d80b7c5fa12e,NC(CC(=O)OCc1ccccc1)C(=O)O,0.2962000072002411,0.8496134281158447,0.1483116608790376,2.182889,7.456439018249512,0.0051805680152028,0,0,0,0.2727272727272727,0.5317999999999992,0.7105799135504449
63235ce1cf134c3e1da4ec911686fafb,Cn1cc(-c2cc(-c3cn(C)c4ccccc34)on2)c2ccccc21,0.4945999979972839,0.9768320322036744,0.259880931539969,2.402088,-6.389124870300293,0.8924960374832154,0,0,0,0.0952380952380952,4.9920000000000035,0.4576609495349919
3237cf5aafc77b7763ccbf1fa982a53f,CNC(=O)Cc1ccc(-c2cc(C)cc(-c3ccc(CC(=O)NC)cc3)c2OCCO)cc1,0.5899999737739563,0.9328869581222534,0.170012735507705,2.35818,-5.321398735046387,0.6974705457687378,0,0,0,0.2592592592592592,3.277120000000001,0.4708059582190959
bb916d350c1bdc5f3340c3871846587d,CCN1C(=O)c2ccccc2N(C)c2nc(Nc3ccc(N4CCN(C)CC4)cc3OC)ncc21,0.6825000047683716,0.903801441192627,0.4501075453378937,2.621823,-7.035073280334473,0.957551109790802,0,0,0,0.3461538461538461,3.728600000000003,0.6008469474255712
9e560f40adc6949f702c3bfaebcb4dac,CN(C(=O)c1ccccc1Cl)C1CCCC1Nc1nc2ccc(F)cc2s1,0.6193000078201294,0.9542742371559144,0.2161064608530565,3.112742,-10.554495811462402,0.701030695438385,0,0,0,0.3,5.194000000000003,0.6512310345217378
dfbcc4a152c417781a44dc783ef92f99,NC(=O)CN1CCC(c2ccc(Nc3ncc4ccc(-c5cnccn5)n4n3)cc2)CC1,0.6029000282287598,0.9226784706115724,0.4955445514483885,2.782678,-6.175437927246094,0.7898260354995728,0,0,0,0.2608695652173913,2.5946000000000007,0.4850481824466947
5840e3912dd8fc3502435d6a6d6a9a96,N=c1sccn1CC(=O)NCCc1ccc(Cl)cc1,0.3689999878406524,0.6820118427276611,0.0745018984783779,2.252041,-12.304707527160645,0.1143150523304939,0,0,0,0.2307692307692307,2.0413699999999997,0.8712259003110643
2a94b320bdff0d50de7d5e07ec219b35,CC(C)(C)NC(=O)c1ccc2c(c1)N(CC(=O)N1CCN(c3ccc(F)cc3)CC1)C(=O)C(C)(C)O2,0.6299999952316284,0.8150688409805298,0.0973548337139866,2.532711,-7.291676521301269,0.8241745471954346,0,0,0,0.4444444444444444,3.206800000000002,0.7031746680579657
e53fd248f5eca21917c10a357c87e3c7,CCCN(CCN1CCN(CC)CC1)C(=O)c1cccnc1C,0.2657999992370605,0.209658533334732,0.0597563251344995,2.192975,-11.597262382507324,0.8332747220993042,0,0,0,0.6666666666666666,1.8797200000000005,0.7694730379971491
4a73c5f1b1514b5c03a4e6abc6565e5e,Cc1cc(C)cc(Nc2ncc(C(=O)NO)cn2)c1,0.3531999886035919,0.8816028833389282,0.2840164053169163,2.223556,-6.587043285369873,0.2453998416662216,0,1,0,0.1538461538461538,1.9560399999999996,0.5783282581965656
5d96cbe4f5816ccfe527efdbe1a67baa,Cn1cnc(C(=O)N2CCC(Cc3nnc(C4CCOCC4)o3)C2)c1,0.3680000007152557,0.2654856443405151,0.0191874606323174,3.315321,-10.27064609527588,0.2133983369916677,0,0,0,0.6470588235294118,1.4018999999999997,0.8324891996876941
612bfa0f0004810b738680cb2a1493e9,CNC(=O)C(CC(=O)C(CC(C)C)C(CSc1ccccc1)C(=O)NO)Cc1ccccc1,0.6549000144004822,0.9644455909729004,0.2871859994801608,3.577769,9.764512062072754,0.6989572405815124,0,1,0,0.4230769230769231,4.126700000000002,0.2324539647585654
126424bec11e7b1e618827f63e7832bf,Cc1nc(C)c(C=CC(=O)C=Cc2cccc([N+](=O)[O-])c2)nc1C,0.4363000094890594,0.9888880252838136,0.300307193940336,2.716432,-3.6547253131866455,0.3850476160645485,0,1,0,0.1666666666666666,3.605760000000002,0.4764628218192062
bb3e6a133fa3fe3cc6936407a4f73bb3,O=C(CSc1ccc(Cl)cc1)N1N=CCC1c1ccccc1,0.4424999952316284,0.917331337928772,0.1253762682053175,2.748285,-12.503607749938965,0.6281271815299988,0,0,0,0.1764705882352941,4.391500000000003,0.7786733674862316
07a8470f599aab6d5cb8d0fe6a6b897d,CCOC(=O)C1C(=O)NC(NC(C)=O)=NC1c1ccc(Cl)cc1Cl,0.5562000274658203,0.8841932415962219,0.1809223588894714,3.362214,-6.932722568511963,0.0825485967099666,0,1,0,0.3333333333333333,1.8357000000000008,0.6250746038098448
c847febb67d9c6279f13c2d5985e7ae5,O=S(=O)(OCCCl)c1ccc(F)cc1,0.4480000138282776,0.8922301530838013,0.1725513884289698,2.09332,-9.168766021728516,0.2130598768591881,0,1,0,0.25,1.7698,0.5932018160114089
ab379a217a6ab0a90e924ef9cd9dc0ed,COc1ccc(C=CC(=O)NCCCNc2ccnc3cc(Cl)ccc23)cc1,0.579200029373169,0.964064121246338,0.6043869907205756,2.176442,-4.411495208740234,0.8099953174591065,0,1,0,0.1818181818181818,4.528400000000003,0.4342432771147849
d6b9cfb30ac452ce9fda2300437904c9,CN1c2ccccc2Sc2ccc(S(C)(=O)=O)cc21,0.4898000061511993,0.9454140663146972,0.2136800356886603,2.168236,5.404582500457764,0.4779308080673218,0,0,0,0.1428571428571428,3.322600000000002,0.8074828180280648
b30114a3fdf350e34e6f2c48b4399c28,Cn1ccc(C(=O)NCCCCCCNC(=O)c2ccn(C)c(=O)c2O)c(O)c1=O,0.5273000001907349,0.8702792525291443,0.081713736734607,2.669439,-0.9796937704086304,0.4502069771289825,0,1,0,0.4,0.2153999999999992,0.4290627435998027
a88741f24fcf1747cf7654c8bfd52f5b,CCCCCC(O)c1cccc(C2CCC(=O)C2CCCCCCC(=O)O)c1,0.6836000084877014,0.9568985104560852,0.165673822841861,3.360096,9.8087739944458,0.1123479261994361,0,1,0,0.6666666666666666,5.788200000000005,0.41952613988159
37b9164c5ea68bebd2ac1c3e0fcbeba1,CC(=O)NC(Cc1cc(F)cc(F)c1)C(O)CNC1(c2cnn(CC(C)(C)C)c2)CC1,0.6478000283241272,0.8384033441543579,0.2763179080052809,3.748683,-8.348160743713379,0.6509097218513489,0,0,0,0.5652173913043478,2.8944,0.5671405212557298
e2818bcea9fb74b6d80311845f1fb366,Cc1nn(C)cc1CN1CCCC(n2c(=O)oc3ccccc32)C1,0.3869999945163727,0.3425940871238708,0.1420979506590149,2.942984,-9.61380100250244,0.8338402390480042,0,0,0,0.4444444444444444,2.4735200000000006,0.741833618167603
33cc12daa2a56232311c3b8f18fe0dfc,CCNCC1(O)Cc2ccccc2C1Oc1ccccc1C,0.5048999786376953,0.9465140104293824,0.3659072586081244,3.276348,-2.6950533390045166,0.7840143084526062,0,0,0,0.3684210526315789,3.011820000000002,0.8911758293103966
f68e4b05309920be4a5ad60606222ad8,O=C(O)c1cn(C2CC2)c2cc(Cl)c(F)cc2c1=O,0.8004999756813049,0.9976181983947754,0.1431010852313854,2.247372,-6.696354389190674,0.0108915997203439,0,0,1,0.2307692307692307,2.8271000000000015,0.9206548620962608
b9631f97844507eb05cabb2390df7898,COc1ccnc(CN2CCCC2CSC)c1OC,0.3743000030517578,0.5071232318878174,0.1398656822063706,3.061708,-0.4842551648616791,0.4979093134403228,0,0,0,0.6428571428571429,2.4262000000000006,0.8003642187045616
c741ab51efa462c3e07694bdd74e8b27,NS(=O)(=O)c1cn(CC(=O)NS(=O)(=O)c2ccccc2Cl)ccc1=O,0.4957999885082245,0.6719323992729187,0.0633150831880894,2.611673,-5.571234703063965,0.015139100793749,0,0,0,0.0769230769230769,-0.3457999999999999,0.6950454536155802
7b5c2a344fb4e5981de907bfca9bd174,CCCc1nc(C)c(CN2CCCC(O)(c3ccccc3)CC2)o1,0.3862999975681305,0.6138983368873596,0.1508961313150146,2.995439,-6.8404412269592285,0.8485695004463196,0,0,0,0.55,3.8092200000000034,0.9065786117390292
203b3c7804ae2aa4025ffd778116480a,Brc1ccc(-c2cn3c(n2)sc2ccccc23)cc1,0.5252000093460083,0.9488818645477296,0.1696127158674326,2.096589,2.096266031265259,0.4983454406261444,0,0,0,0.0,4.978500000000003,0.4814119469639473
5d5c340674ff45b0a9f6a9382a12e5ce,Cn1c(=O)c(=O)n(C)c2cc(NC(=O)c3ccco3)c(Cl)cc21,0.4681999981403351,0.7455314993858337,0.1647740595720031,2.338601,-10.18942642211914,0.2172680437564849,0,1,0,0.1333333333333333,1.735899999999999,0.7236306420171292
e3a6042260df587bd96677c8c4520e75,Oc1cccc(C2=Nc3ccccc3SC(c3cccnc3)C2)c1,0.5877000093460083,0.9803377985954284,0.2940944318066943,2.948897,-7.1185302734375,0.6666816473007202,0,0,0,0.1,5.145100000000003,0.7060794191096189
365b0ece1f642189dfa8adcc4fd853df,Cc1cc(C(=O)Nc2cc(NC(=O)c3cc(C(F)(F)F)n(-c4ccccc4)n3)ccc2C)no1,0.5946000218391418,0.9487062096595764,0.2968517690896988,2.441042,-6.930994033813477,0.8986238837242126,0,0,0,0.1304347826086956,5.0005400000000035,0.4283390720486866
56a790a3e508f44404bda4b821d7e9b8,CC(NC(=O)NCCc1cccs1)c1ccc(-n2ccnc2)cc1,0.4059000015258789,0.5787032246589661,0.0985239893198013,2.66906,-7.0687055587768555,0.7321779012680054,0,0,0,0.2222222222222222,3.5367000000000024,0.7209715150714668
ef9c2d897b72e30860b499d36dfd6171,Oc1cnnc(NN=CC2CC=CCC2)n1,0.3831000030040741,0.8995966911315918,0.0725140016187321,3.804408,-7.121644973754883,0.0756824232637882,0,1,0,0.4,1.3312,0.454950807579263
1f8ab6be7499e914edea50326f817c07,CCCCc1nc(=O)c(S(=O)(=O)c2ccc(C(F)(F)F)cn2)c(O)n1-c1c(OC)cccc1OC,0.6315000057220459,0.9683119058609008,0.2223648212172768,3.045157,-6.158982753753662,0.7042565703392029,0,0,0,0.3181818181818182,3.544500000000003,0.4856816386643736
bfca5ab55c8cffd0608736fe74468a6d,Cc1cc(Oc2cnc(NC(=O)C(OC3CCOCC3)c3ccc(S(=O)(=O)C4CC4)cc3)s2)ccc1C(=O)O,0.7598999738693237,0.9722731709480286,0.0655150201848962,3.426697,8.239696502685547,0.1896260783076286,0,0,0,0.3703703703703703,4.753520000000004,0.3518697069583825
277a4f30aa09827b18b8982e3044ad6c,c1ccc(-n2ncc3c2ncn2nc(-c4ccco4)nc32)cc1,0.3718000054359436,0.7713453769683838,0.1833449426022443,2.410711,2.2256951332092285,0.2659446284174919,0,0,0,0.0,2.7232000000000003,0.5010254268704429
d3068e1b2f9bf0992881771f568b7c66,COc1ccc(S(=O)(=O)N(CC(O)C(Cc2ccccc2)NC(=O)C=Cc2ccc(O)c(OC)c2)C(C)C)cc1,0.6118000149726868,0.9439396262168884,0.2689510448412461,3.304944,-5.895334243774414,0.9058037161827088,0,1,0,0.3,3.6103000000000023,0.2691163214939097
565f73db48b610d8f898e242e69fd6a9,CCCc1c(C(C)C)nc(C(C)C)c(C(C)O)c1-c1ccccc1O,0.5824000239372253,0.987187385559082,0.3033533245325088,3.080467,7.75765323638916,0.7816387057304383,0,0,0,0.5,5.706800000000007,0.7076258450165203
663276cfabe71f73f0bcaefdc9bb2ac4,CC(C)C1NC(=O)C2(C)CSC(=N2)c2csc(n2)CNC(=O)C(F)(F)C(C=CCCS)NC1=O,0.6118000149726868,0.9103800058364868,0.2509098716757514,6.500876,7.119202613830566,0.3023846626281738,0,1,0,0.5714285714285714,2.1619999999999995,0.3515031246980081
c70be35ae05a7d899ed692adb885743e,Oc1cc(CSc2ccc(Cl)cc2)nc2ncnn12,0.4384999871253967,0.9313568472862244,0.2123163979161869,2.570608,-8.949912071228027,0.0829930040985345,0,0,0,0.0833333333333333,2.7756000000000007,0.7521415529844232
941f35d9ebe6ddfd3866b28fb1a9550b,CN1CCN(c2ccc(-c3ccc4c(c3)OCC3C(CO)OC(=O)N43)cn2)CC1,0.734000027179718,0.8691328167915344,0.1562927880070426,3.387892,5.282313346862793,0.5757802188396454,0,0,0,0.4285714285714285,1.5788999999999995,0.8439226806357923
84185904b9fda37fafe4504aa009f836,COc1ccc(-c2[nH]c(=S)[nH]c2-c2ccc(F)cc2)cc1,0.5259000062942505,0.9876709580421448,0.3180563788522373,2.161119,-11.846609115600586,0.691301679611206,0,1,0,0.0625,4.553990000000002,0.6964521975847368
062fa0a49ffa752bfe015ca29567da1e,COc1cc(C2CC(=O)c3c(cc(O)c(CC=C(C)CCC=C(C)C)c3O)O2)cc(OC)c1O,0.7343999743461609,0.9939392805099488,0.3172090087424625,3.493752,9.866352081298828,0.676995313167572,0,1,0,0.3703703703703703,5.762300000000006,0.4228933142898779
6919e83a8f1e73b8422aad2dc8746c5f,O=C(O)C1C2C=CC(O2)C1C(=O)NCc1ccc(Cl)cc1,0.5494999885559082,0.8940675854682922,0.1053700526668266,4.040127,-10.727618217468262,0.0091711754910647,0,1,0,0.3333333333333333,1.6103999999999998,0.8287388070052142
b161cf1c8ed7eda6c8c570a70f803973,CCCS(=O)(=O)N1CC2CC(C1)c1c(-c3ccc4ccccc4c3)ccc(=O)n1C2,0.6201000213623047,0.8791599869728088,0.1919762749563563,3.982922,9.289087295532228,0.9016813039779664,0,0,0,0.375,3.8274000000000026,0.642103071266354
da1ecad864cdd3c3e8e4c72b5f7cc43e,Cc1c(C(N)C(=O)OCCCO[N+](=O)[O-])cc(-c2ccc(S(C)(=O)=O)cc2)n1-c1ccc(F)cc1,0.6445000171661377,0.9669687151908876,0.3268028890544718,3.22835,6.585008144378662,0.8296936750411987,1,1,0,0.2608695652173913,3.136720000000002,0.1915286687534716
8c37fcc7dfafba2b6a6cdb24dc043e88,O=C1C(=O)C(Nc2ccncc2)C1NCCCCCCS(=O)(=O)N(CCCN1CCOCC1)Cc1cccnc1,0.5608999729156494,0.6549564599990845,0.1371231075714934,3.768667,5.107136249542236,0.8915516972541809,1,1,0,0.5714285714285714,1.4818000000000031,0.2120855253067251
69fdf249a65e21d1552b230a46362e86,O=C(Nc1nc2cc3c(cc2s1)OCCO3)C1CCCCC1,0.5702000260353088,0.7542848587036133,0.1616318767721002,2.199298,-8.629785537719727,0.3945227026939392,0,0,0,0.5,3.5863000000000023,0.9190663988953122
92676e93f7b66d0d02925e84119c9f67,O=Cc1cc(O)c2c(c1)C(=O)c1cccc(O)c1C2=O,0.5401999950408936,0.998119056224823,0.2610497881065715,2.392479,11.023834228515623,0.2176884405314922,1,1,0,0.0,1.6857000000000002,0.6550583668206563
1494218852a21e80727cdfe18cb3a8b7,CC(C)CCn1cc(C(=O)NC(C)c2ccc(Cl)cn2)nn1,0.4611999988555908,0.6704557538032532,0.0866278315132314,2.878362,-10.677449226379396,0.0846740633249282,0,0,0,0.4666666666666667,2.863600000000001,0.8875587207223359
2abb0476cd64664bd710adcf00d060ea,CCC=CC=CC1(C)OC(CC2CC3OC(C)C(C)c4c(C)c(O)c(C(=O)O)c(c43)O2)=C(C(=O)O)C1=O,0.7921000123023987,0.9970292448997498,0.1667900549417192,5.254839,10.44606876373291,0.0378394048660993,0,1,0,0.4642857142857143,4.722420000000005,0.3495349315176834
7c6883b2d6cfcf750c405b07c3d8d567,O=C(CC1CCC(NC(=O)Nc2ccc3c(c2)OCO3)C(CO)O1)NCCCN1CCOCC1,0.4408000111579895,0.5273857712745667,0.0387843561528081,3.487259,3.2502572536468506,0.755527663230896,0,1,0,0.6521739130434783,0.6739000000000006,0.3812807555454378
bede8e490ba9825e1b7a0b129699c253,CC1(C(=O)O)CC(c2cn(-c3cccc(C(F)(F)F)c3)c3ccccc23)=NO1,0.6577000021934509,0.987347424030304,0.2773163298314268,3.175621,-5.804775714874268,0.3828550040721893,0,0,0,0.2,4.6170000000000035,0.7123374148495213
12adf5ce1bedf6df77e675a35c43bc03,COC1C(OC(=O)c2ccc(C)[nH]2)C(O)C(Oc2ccc3c(O)c(NC(=O)C=Cc4ccc(O)c(Cl)c4)c(=O)oc3c2)OC1(C)C,0.7872999906539917,0.997379183769226,0.405239690433849,4.466762,7.830497741699219,0.805879557132721,0,1,1,0.28125,4.2612200000000025,0.1036512899318519
b28436baa46d9d2d79ae98af83784958,CCc1ccc2c(CC(=O)NNC(=O)c3ccncc3)coc2c1,0.3729999959468841,0.5992541909217834,0.1500440429557453,2.242221,-8.667744636535645,0.2215611457824707,0,1,0,0.1666666666666666,2.3939000000000004,0.7221353601306657
8d5cd7068ebf5fd9bb3e2304c9e0df0d,CCS(=O)(=O)N1CC2(CC(Cc3c[nH]nc3-c3ccc4c(c3Cl)CCC(=O)N4C)C2)C1,0.6434000134468079,0.9009110927581788,0.1841251795942133,3.962219,-0.0607586801052093,0.8481778025627136,0,0,0,0.5454545454545454,3.2433000000000023,0.7385155864183709
98f87d1b8c370f483d199d639382f7b0,COc1ccc(-c2n[nH]c(SC(C(=O)Nc3cc(Cl)cc(Cl)c3)c3ccccc3)nc2=O)cc1,0.6836000084877014,0.9920665621757508,0.282472550868988,2.87179,-11.117012977600098,0.8332900166511535,0,0,0,0.0833333333333333,5.619400000000004,0.3116319528542667
e897c6c4e7efc9b74ceebef0c8d26d0c,CN(C)CCC#Cc1cncc(C2NC(=O)OC2c2cccc(F)c2)c1,0.5131000280380249,0.7772975564002991,0.2723410644314505,3.638643,-8.499007225036621,0.5205825924873352,0,1,0,0.3,3.046100000000001,0.8586985596071123
8dad419abf6252b482a16c39a318fb4b,CC(C)c1noc(CCC(=O)NCc2cccnc2)n1,0.2248000055551529,0.2310953587293625,0.0558829093986952,2.165889,-9.758471488952637,0.0312293712049722,0,0,0,0.4285714285714285,1.837,0.868842109826221
5cffce8671749bd13e15366e80a03db4,O=C1c2ccccc2C(=O)N1CCSC(=S)N1CCCC1,0.4587000012397766,0.602998673915863,0.0685803032564845,2.284617,7.477475643157959,0.4382790952920913,0,1,0,0.4,2.3965000000000005,0.6316950550143859
ccaa17180ce37275f962906e7d399df3,CCCCn1c(=O)c2c(nc3n2CCCN3CCc2ccc(OCC(=O)NCc3ccccc3)cc2)n(CCCC)c1=O,0.6068999767303467,0.8421374559402466,0.1084712635387073,2.722866,-9.228654861450195,0.9647435903549194,0,0,0,0.4545454545454545,4.107900000000003,0.2386558451952982
e8bbe6b9ac611294500be24ccfb3741e,CC(=C(F)C(=O)N1CCN(c2cnccn2)C(C)C1)C1CC1,0.5992000102996826,0.5560290217399597,0.0641252870396287,3.476845,-10.886662483215332,0.2895647399127483,0,1,0,0.5625,2.1672,0.8031068732040426
a4e969e71e884eafa2856c4e7105f57b,O=C(Cc1c[nH]c2ccccc12)NCCCCNC(=O)c1cc(-c2cccs2)on1,0.4781999886035919,0.8200372457504272,0.125012876635248,2.381371,-9.011786460876465,0.8946779131889343,0,1,0,0.2272727272727272,3.753300000000002,0.3577014481324347
090cf3e6a961abc3d78462b51dc06c6e,CC(C(=O)NCC(=O)Nc1ccc(F)c(F)c1F)N1CCN(c2ccc(O)cc2)CC1,0.5473999977111816,0.7588745355606079,0.1949134618043899,2.670422,-8.60965633392334,0.7136136889457703,0,1,0,0.3333333333333333,2.0748999999999995,0.604196093148793
afe0955b497cf360d2dc4c1dd29d1779,CC1CCC23CCC4(C)C5(C)CCC6C(C)(C)C(O)CCC6(C)C5C=CC4(OC2=O)C3C1C,0.579200029373169,0.8557026982307434,0.2741082161664963,6.407325,10.80653476715088,0.713270628452301,0,1,0,0.9,6.540200000000008,0.3338024053198987
71d381cf00c383bd57463d6fbc6f329d,CC1(c2ccc(S(N)(=O)=O)cc2)NC(=O)N(CC(=O)C2CC2)C1=O,0.3971999883651733,0.6181187629699707,0.053074084941975,2.809957,-7.350025177001953,0.0113519664155319,0,1,0,0.4,0.0800999999999998,0.7264687944641324
c340fd5d00b0750e8742cd1ec851a200,O=C(Cn1c(CCc2cccc(F)c2F)nc(=O)c2cccnc21)N(Cc1ccc(-c2ccc(C(F)(F)F)cc2)cc1)C1CCNCC1,0.7785000205039978,0.9973055124282836,0.3759870474988764,3.015555,9.46073055267334,0.9706586241722108,0,0,0,0.2777777777777778,6.321500000000007,0.1872170775480106
b7b2346ead1dd22dbe510a7180168327,CC(=O)NCCCc1cccc(C=Cc2c(C)cccc2C)c1,0.517799973487854,0.925755739212036,0.2138698636130853,2.128465,-7.822809219360352,0.8990736246109009,0,1,0,0.2857142857142857,4.542540000000004,0.6157568405383931
13fb9260310213dd9214e6372eefee4f,CC1CCc2noc(C(=O)NC3COc4ccccc4NC3=O)c2C1,0.48539999127388,0.5314483642578125,0.1018931513482874,3.536033,-10.189927101135254,0.4982344567775726,0,0,0,0.3888888888888889,1.9289,0.8704443773027685
6220473cac97ee69d5498910fab66b9d,N=C(N)Nc1ccc(C(=O)Oc2ccc(CCC(=O)NCc3ccccc3C(=O)O)c(Cl)c2)cc1,0.7074999809265137,0.9882826805114746,0.1010760014707392,2.377012,1.8552131652832031,0.4260297328233718,0,1,0,0.12,3.811770000000002,0.1309860306492493
4ff4fe93642b206aead3eb6a9fae1857,Cc1nn(C)c(C)c1S(=O)(=O)NC1CCCC1,0.3465999960899353,0.3315253853797912,0.043493796817281,2.242657,-10.721463203430176,0.0227107686921954,0,0,0,0.7272727272727273,1.2578399999999994,0.8862610292206115
e9714a5dc606ed7c350332b5a70be1dd,CC(C)=CC(=O)Nc1nnc(-c2cccnc2)s1,0.351500004529953,0.8350422978401184,0.0939433302052996,2.367524,-9.531092643737791,0.0503071092069149,0,1,0,0.1666666666666666,2.5048000000000004,0.8608932892096273
fe4939fcf4bdcf52b11e4bb89c86d8b2,CCC(=O)N1c2ccc(S(=O)(=O)CCC(=O)NCc3ccccc3OC)cc2CC1C,0.4474999904632568,0.2655072808265686,0.0674389116466045,2.801326,-8.115732192993164,0.6466771543025971,0,0,0,0.391304347826087,2.8630000000000013,0.6758900280178763
96888894c445956d6701c86dc8f9788e,O=C1CCc2c(c3oc(=O)ccc3c3ccccc23)O1,0.4573000073432922,0.968384087085724,0.287653466517275,2.605634,8.789793968200684,0.1918621823191642,0,1,0,0.125,2.7978000000000014,0.2715709445859088
f7e7965a01c88080d7e1d424669f310b,CC(C)(O)c1cccc(-n2c3nc(Nc4ccc5c(c4)CNCC5)ncc3c(=O)n2CC2CC2)n1,0.5232999920845032,0.8993340134620667,0.5752589878710833,3.179463,4.524820327758789,0.854665732383728,0,0,0,0.3846153846153846,3.0039000000000007,0.3965299697601264
7d0db130a5d4dcbd46d64c527bb13ea9,CNN1CCN(Cc2ccnc(Nc3nc4ccc(C(=O)Nc5c(C)cccc5Cl)cc4s3)c2)CC1,0.5813000202178955,0.9646461009979248,0.3759030333974145,2.695475,-6.115200996398926,0.9652430772781372,0,0,0,0.2692307692307692,4.9010200000000035,0.3186889141272002
8f537e5f3b3677aaf5a446cce203077a,NC1CCC(Nc2nc(Nc3ccc(N4CCCC4)cc3)c3ncn(C4CCCC4)c3n2)CC1,0.6026999950408936,0.9528276324272156,0.6139104108918797,2.652859,-6.463602066040039,0.9117501854896546,1,0,0,0.5769230769230769,4.967000000000005,0.4778844207663558
beb1b3ffcad5b06a12e3652feeed5fcc,Nc1nc2c3ccccc3nc(-c3ccccc3)n2n1,0.4259999990463257,0.9156893491744996,0.1316931958902966,2.028257,-11.012776374816896,0.4647002637386322,0,0,0,0.0,2.5267,0.5713377358536091
6fade539be575be4aac47935dca4c2c3,O=C(c1ccoc1)N1CCCC(c2ccnc(-c3ccc(F)cc3)n2)C1,0.444599986076355,0.365466445684433,0.1306463513862003,2.835062,-11.41234302520752,0.791980254650116,0,0,0,0.25,3.895500000000003,0.7180976532925795
5b51701dac342bc92541a6bab8424324,O=C(NC(Cc1ccccc1)C(O)CN(Cc1cccs1)S(=O)(=O)c1cc(F)c(F)cc1F)C1CN(c2cccc(F)c2)C(=O)O1,0.8016999959945679,0.8765957355499268,0.2357317087325182,3.88441,-8.49971866607666,0.9192131638526916,0,1,0,0.2258064516129032,4.609200000000004,0.1673099589647765
0e0543018d42464186f32d556a26e4b0,Cn1c(SCC(=O)N2CCOCC2)nnc1-c1cccc(NC(=O)c2ccccc2)c1,0.350600004196167,0.360899955034256,0.0776793184605511,2.134728,-11.077889442443848,0.3447248458862305,0,0,0,0.2727272727272727,2.6853000000000007,0.5966898758986231
1a277bab9e7e43384e956c0c5577da95,NS(=O)(=O)c1cccc(NC(=O)CSc2nc3ccccc3[nH]2)c1,0.3998999893665313,0.8821367621421814,0.1198624541813677,2.033032,-9.890091896057127,0.3485387250781059,0,0,0,0.0666666666666666,1.9410999999999996,0.599559233206127
b05d59e2f726f64c5d2393d5a5357941,O=C(Cc1ccncc1)N1CCNCC1,0.240799993276596,0.4138653576374054,0.0227150976702846,2.029324,-10.117056846618652,0.0553791284561157,0,0,0,0.4545454545454545,0.0558999999999998,0.7420739126502697
9bed0ab8694fdd45aff271dda1fe5bbb,CC1CCC2(CC1)NC(=O)N(CC(=O)Nc1cccc(S(=O)(=O)N3CCCC3)c1)C2=O,0.4790999889373779,0.4540092349052429,0.0561116737398234,2.811662,-8.844046592712402,0.4290836155414581,0,1,0,0.5714285714285714,1.9103,0.6678078964493601
5e5fb7f6d88fc9c9d2e3427babdf6c5b,CCC(CO)Nc1ncnc2c1c(Br)nn2C,0.3610999882221222,0.6977876424789429,0.1344769261777401,3.200006,-9.353013038635254,0.0636223845183849,0,0,0,0.5,1.3086,0.8901087144747073
d0af9da34b4077a6257d8c12965e2f2c,O=C(Nc1ccccc1)N1CCC(Oc2ccccc2Cl)CC1,0.4205999970436096,0.7610793113708496,0.1736359203403646,1.810332,-2.7466342449188232,0.7036909222602844,0,0,0,0.2777777777777778,4.415300000000004,0.9049746626703234
206ae0e6453d398fbde300d47d952433,O=C(O)c1cn(-c2ccc(Cl)cc2Cl)c2cc(N3CCNCC3)c(F)cc2c1=O,0.8684999942779541,0.9986139535903932,0.2400331713936545,2.526711,0.3313095867633819,0.2446277618408203,0,0,1,0.2,3.544400000000002,0.6573276527902717
436ee0bf9e87a6dbfa3945cecf5984da,O=C(NS(=O)(=O)OCC(Cl)(Cl)Cl)SCCC(F)(F)C(F)(F)C(F)(F)C(F)(F)C(F)(F)C(F)(F)F,0.7271000146865845,0.9717511534690856,0.1043186817114474,3.683649,-5.378293037414551,0.8037111520767212,0,1,0,0.9090909090909092,6.189700000000003,0.2294016538792679
13fb530959e0ea5414e0d13fe2140c54,NS(=O)(=O)c1cccc(Nc2ncc3c(n2)CCCC3)c1,0.3867999911308288,0.8635619282722473,0.1850690746849233,2.240146,-5.086681365966797,0.1335408799350261,0,0,0,0.2857142857142857,1.7464,0.8998301491414084
0aedd7f33f1e48c2be4b0985b6f08f16,Cn1cc(-c2cc(S(C)(=O)=O)ccc2Oc2ccccc2F)c2cc[nH]c2c1=O,0.5799000263214111,0.9229307174682616,0.2645024819807572,2.596094,-10.205595016479492,0.906481432914734,0,0,0,0.0952380952380952,3.8685000000000023,0.5517862449784632
10bb609998c65778a8d6ae8aef90a3c4,O=C(CN1C(=O)NC2(CCCC2)C1=O)N1CCN(c2ccc(C(F)(F)F)cc2[N+](=O)[O-])CC1,0.6376000046730042,0.8962885737419128,0.1709133271466602,2.992226,-10.975434303283691,0.6600199520587922,0,1,0,0.55,2.1267999999999994,0.4103872741083443
d58a4689bf6b9231f34b3769333f801b,CC(Cl)=CCSc1nc2c(c(=O)n(Cc3ccccc3)c(=O)n2C)n1Cc1ccccc1,0.618399977684021,0.9073651432991028,0.1524796628139235,2.506941,-4.280107498168945,0.9294452905654907,0,0,0,0.2083333333333333,4.228000000000002,0.3823151977535454
e24d4252e0d8c78adadd803a1b12d697,Cc1ccn2c(NS(=O)(=O)c3c(Cl)cc(Cl)cc3Cl)nnc2c1,0.5874999761581421,0.944521427154541,0.0951851240613243,2.636056,-11.1331148147583,0.135888847708702,0,0,0,0.0769230769230769,3.798720000000001,0.7365508640303925
54241ae7530955ca6b3032eb34f673f8,CCn1c(=Cc2scc[n+]2Cc2ccccc2OC)sc(=C2Sc3cc(C)ccc3N2C)c1=O,0.6518999934196472,0.9332379698753356,0.3904472210190512,3.3726,-12.624690055847168,0.929914677143097,0,1,0,0.2307692307692307,3.7806200000000025,0.3848180251351716
2fba986b807519f1cf5cd6327841082b,COc1cc2[nH]cc(C(=O)OCC34CCN(CC3)CC4)c2cc1F,0.6503999829292297,0.9060931205749512,0.3058421963995153,3.580005,-11.594721794128418,0.9357095956802368,0,0,0,0.5,2.9583000000000013,0.87481790923036
80b513ff5983ca712d64c8fd6b31b7ca,Cn1c(=O)[nH]c(=O)c2c1nc(N1CCCCC1)n2CCSc1ncccn1,0.4738999903202057,0.4271446168422699,0.1537676934491504,2.665311,-9.005454063415527,0.7038095235824585,0,0,0,0.4705882352941176,0.9958999999999988,0.5145549517136807
1a79dadcd10da2d257485b49751d02d3,CS(=O)(=O)Oc1ccc(CC(=O)OCCCc2ccc(CC(SCCc3ccc(F)cc3)C(=O)O)cc2)cc1,0.5839999914169312,0.9828785061836244,0.1316620863296768,3.026665,-7.25904369354248,0.5781706035137176,0,1,0,0.3103448275862069,4.854200000000005,0.1559501317844542
bd1bdd7bf4335aa5a69aeb4e3a9f8585,Cc1c(C(=O)N2CCC(c3ccccc3)CC2)cnn1-c1nc2[nH]ccc2c(=O)[nH]1,0.5986999869346619,0.7652571201324463,0.209484724835916,2.676271,-4.047033786773682,0.7953524470329285,0,0,0,0.2727272727272727,2.7651200000000005,0.5503167881667391
6c1d2316c82184687ee214de6d27894f,O=C(COCC(F)(F)F)NCc1cn2ccccc2n1,0.3217000067234039,0.4797219038009643,0.0893606919456612,2.441491,-3.2318313121795654,0.2063622593879699,0,0,0,0.3333333333333333,1.5294,0.9070294905240674
b7ed365e79596929ce0ba3b2d2925b66,CCOC(=O)c1ccn2c(c1)c(C#N)c1nc3ccccc3nc12,0.5034000277519226,0.9425206184387208,0.1970322687517512,2.470448,-11.049193382263184,0.507508659362793,0,0,0,0.1111111111111111,3.084080000000001,0.5308620671031566
e51fb97d6a497dc308485e5051389ceb,CCCCCCC(C)CCC(O)c1cc(O)cc(O)c1,0.6363000273704529,0.9867794513702391,0.3294321555982936,3.058428,10.461468696594238,0.8191363692283631,0,1,0,0.6470588235294118,4.517900000000007,0.5828373988771851
bbc4e4f03ac259dea183782f83b0fff7,COc1ccc(S(=O)(=O)N2CCOC2CNC(=O)C(=O)NCCN2CCOCC2)cc1,0.4399999976158142,0.2215906381607055,0.0397117568433962,2.921646,-7.534856796264648,0.3065214902162552,0,1,0,0.5789473684210527,-1.3931999999999942,0.4579722935035395
7a77aef55bdf87aae50fac6c245dd94a,O=[N+]([O-])c1ccc(N2CCN(Cc3cccs3)CC2)cc1NC(c1ccccc1)c1ccccc1,0.6895999908447266,0.9409185647964478,0.5328751531514254,2.356061,-8.768147468566895,0.9538789033889772,0,1,0,0.2142857142857142,6.180000000000006,0.2390118104535523
9a5f78071974addf4e8ef59fce7cecf8,CC(OC(=O)c1ccccc1N)c1cccc2nc3c(C(=O)O)cccc3nc12,0.710099995136261,0.9821020364761353,0.1636196771128611,2.827194,7.765349388122559,0.4417658329010009,0,1,0,0.0909090909090909,3.9814000000000016,0.3090136643963482
762f30da2bfa6bda3e98e0bb89e0d48f,O=C(NCc1csc2ccc(Cl)cc12)Nc1cccc2ccccc12,0.6086000204086304,0.9724860191345216,0.1792279041626236,2.05903,-9.590497970581056,0.7285380244255066,0,0,0,0.05,6.029600000000004,0.4563265067471757
e4fc266b1c21104ca8b82a4cffc7aa4d,O=[N+]([O-])c1ccc(NN=C(c2ccccc2O)c2ccccc2O)c([N+](=O)[O-])c1,0.5386000275611877,0.9973064064979552,0.3797634853558106,2.52786,0.8348253965377808,0.7305333018302917,1,1,0,0.0,3.7787000000000015,0.3267601126123261
b513a80e6780fc7d51778ec6d440bbc8,COc1cccc2c1C(=O)c1c(O)c3c(c(O)c1C2=O)CC(O)(C(C)=O)CC3OC1CC(N2CCC(OC)CC2)C(O)C(C)O1,0.7702000141143799,0.99766206741333,0.7897829156030308,4.639131,10.138738632202148,0.6637335240840911,1,1,0,0.5454545454545454,2.181,0.2948104656681732
f158134bd97209f55c0b069deedecb7b,COC(=O)c1ccc(COc2ccc(-c3nn[nH]n3)cc2)cc1,0.4553999900817871,0.8687166571617126,0.0862416100095618,1.903262,-9.653740882873535,0.1186042048037052,0,0,0,0.125,2.2323000000000004,0.7267972734142958
b531eb3460c75096b700dec5bc943597,CN(C)CC1CC(CO)CN(C(=O)CCc2ccccc2Cl)C1,0.439300000667572,0.3362542390823364,0.2019082399254495,3.058297,-7.920493125915527,0.8113130927085876,0,0,0,0.6111111111111112,2.2912,0.865166701791016
79c81c8e214d5c31a702bfa6321789eb,Cc1cc(NS(=O)(=O)c2ccc(NC(=O)COc3ccccc3Br)cc2)no1,0.4884999990463257,0.8639540076255798,0.0982185353270985,2.108843,-10.097929954528809,0.5277209639549255,0,0,0,0.1111111111111111,3.5638200000000015,0.5511416784841788
e9c09b60e9ce2ab37e4db9ee7a3e4ac7,CNCCCCCCCCSc1nc(C(C)C)ccc1C(=O)c1cccs1,0.7240999937057495,0.9792263507843018,0.3210604746233333,2.600878,-0.3066302835941314,0.7990671634674072,0,1,0,0.5454545454545454,6.149600000000007,0.246909743388613
ee837fba7e2ad0f701fb53ff3b9f0e0c,COc1ccc(NC(=O)c2cn3c(nc4ccccc43)c(C#N)c2C)cc1,0.4663000106811523,0.9090783596038818,0.3048775656656785,2.291671,-8.85484790802002,0.9172359704971312,0,0,0,0.0952380952380952,3.9285000000000023,0.6031191799875534
d21d04a5c3377c0a3b4e63f3fc4e3c90,COCC1(C(=O)O)CCN(C(=O)NC2CCc3[nH]c4ccc(C)cc4c3C2)C1,0.590399980545044,0.7877840399742126,0.0923032205213199,3.517819,-0.296914130449295,0.3264827221632004,1,0,0,0.5238095238095238,2.4663200000000005,0.7535106750761389
728ade2510232f63695aaa8ffb673986,CCOC(=O)C=Cc1ccc(OC)cc1OC(=O)c1nc(C)c(C)nc1C,0.4546000063419342,0.9003228545188904,0.1585193608294833,2.502892,-1.3882956504821775,0.3602038845419884,0,1,0,0.3,3.205960000000002,0.4381948548439097
0b5a08cfde486e9f1b8578669785ebac,CC1CN(C(c2ccccc2)c2cccc(-c3cccs3)c2)CCN1CC(=O)O,0.7026000022888184,0.9247169494628906,0.1796831983056935,3.028414,2.568267345428467,0.793828821182251,0,0,0,0.2916666666666667,4.595200000000004,0.6499908077594606
bf9b6a860b5c3873a4d3391f093474f8,C=CCCCCCCCCC(=O)OCCCC,0.4368000030517578,0.9501089453697203,0.1676548753272403,1.993947,10.182229042053224,0.399080254137516,0,1,0,0.8,4.636500000000004,0.2821346579402959
d8399b897cafa783471a9e7d62fdf857,C=CS(=O)(=O)N(C)c1cccc(-c2c(F)cc(C(N)=O)c3[nH]c4cc(C(C)(C)O)ccc4c23)c1,0.7555999755859375,0.9893691539764404,0.4049039157954129,3.099888,10.649127006530762,0.8820222973823547,0,0,0,0.16,4.363000000000003,0.3792662468943444
bb1f0252fa8d57a89f7076d6381ee002,C=CCc1cc(C=Cc2nc(O)c([N+](=O)[O-])c(O)n2)cc(OC)c1O,0.6281999945640564,0.9954444169998168,0.2170009016990661,3.079725,-1.433253526687622,0.3889448761940002,0,1,0,0.125,2.409100000000002,0.4118927477437613
6a4170808e84c578a194f4351777707e,CON=C(C)c1ccc(Nc2cc(C=Cc3ccccc3)nc3c(OC)cccc23)cc1,0.5857999920845032,0.9954543113708496,0.5161149799823761,2.469783,-2.6403024196624756,0.9130436420440674,0,1,0,0.1111111111111111,6.527800000000005,0.2712469186018896
71841251acec6bf207e9324312dd3bc1,COc1ccc2c(c1)C1CNC2Cc2ccccc21,0.4625999927520752,0.930131494998932,0.3428762108087539,3.72725,0.0623295009136199,0.8422087073326111,0,0,0,0.2941176470588235,3.0275000000000016,0.8408657875103434
d8930bbfcc8a49e60cf7f790668f98d2,O=C1CC(C(=O)Nc2ccc(F)c(Cl)c2)NC(N2CCCCC2)=N1,0.6015999913215637,0.6507127285003662,0.2696086344393817,3.009682,-9.128901481628418,0.4442244797945022,0,0,0,0.4375,2.1479999999999997,0.8549718461730464
5ac3422137d0b51f98224dba9ef7b0e7,Cn1ncc(S(=O)(=O)N2CCC(C(=O)Nc3ccc4scnc4c3)C(F)C2)c1Cl,0.6383000016212463,0.6614372730255127,0.0970558026297526,3.77839,-6.488970756530762,0.6745449423789978,0,0,0,0.3529411764705882,2.670600000000001,0.6492074908520185
6faea3f62e197c9f5823ec54cdd7fd08,O=C(O)C1CN(Cc2cc3c(cc2Cl)OCO3)CC1C1CC1,0.6801999807357788,0.7402899265289307,0.1950744194063273,3.223707,-10.502120018005373,0.1339287370443344,0,0,0,0.5625,2.611300000000001,0.9226748125406916
4e9bb7e50e4d37db161b21e1b9314741,CC(NC(=O)c1c[nH]c2ncc(C3CC3)nc12)C1CCCCC1,0.5595999956130981,0.6879116892814636,0.1895829418843442,3.078311,-6.992419719696045,0.5031088471412659,0,0,0,0.6111111111111112,3.5339000000000027,0.906917947825396
4061308a75db50a95eba1398273aeeb5,CC(C)N(CCOc1ccc(-c2nc3ccccc3[nH]2)cc1)C(C)C,0.4715999960899353,0.9475555419921876,0.4840331294319846,2.126137,-11.15377140045166,0.9708809733390809,0,0,0,0.3809523809523809,4.727500000000004,0.6775928371973577
8efec96286589a243415157c56ee0387,N#CN1Cc2[nH]nc(-c3cccc(N4CCOC4=O)c3)c2C1,0.4900999963283539,0.6179968118667603,0.083536989309571,3.054321,-8.67546558380127,0.4996112287044525,0,1,0,0.2666666666666666,1.8299799999999995,0.854267945211252
0a48982499fa400d9fa8cce40766fc03,O=C(Nc1ccccc1)OCC1OC(=O)NC1CN1CCN(c2ccccc2)CC1,0.5080999732017517,0.7464163899421692,0.2413059202107516,3.080576,-6.421450614929199,0.7250807166099549,0,0,0,0.3636363636363636,2.534300000000001,0.7616276061420328
af156b346584d71725e3377c042e5388,CC1CNCCN1c1cc(=O)n(C)c(CCc2ccccc2C(F)(F)F)n1,0.5336999893188477,0.8404402732849121,0.3025282526558095,3.14979,-10.682592391967772,0.93530375957489,0,0,0,0.4736842105263157,2.3824000000000005,0.8850388006547157
49ecd71841de26fc68957a970b34966b,C#CCNC1=C(Cl)C(=O)c2ccc(C)nc2C1=O,0.5393000245094299,0.9836084842681884,0.2270712303844365,2.993046,-5.369709014892578,0.0830773249268531,1,1,0,0.1538461538461538,1.44222,0.8178280295976017
183030e9083338ea2336600fd08b22fd,O=C(CSc1ccc(Cl)cc1)N1c2ccccc2Sc2ccccc21,0.6460999846458435,0.9823634028434752,0.2351663180372931,2.137334,-7.584389686584473,0.7826498866081237,0,0,0,0.05,6.261600000000003,0.4974950818708966
4d4b0a070f6cfb6321d2d196a66573c7,COc1ccc(C=NNC(=O)COc2ccc(Cl)cc2Cl)cc1Cn1nc(C)cc1C,0.579800009727478,0.8842389583587646,0.239117453044111,2.338762,-10.648221969604492,0.7236786365509034,0,1,0,0.2272727272727272,4.3927400000000025,0.3988081557421883
78c0a32fadfed811d94ee7b8e88b08c9,CC(=O)OC1CC(COC(=O)Cc2ccccc2)C2(C)CCC3C(=O)OC(c4ccoc4)CC3(C)C2C1=O,0.6029999852180481,0.905957043170929,0.225305344232104,4.611992,11.983362197875977,0.3638999760150909,0,1,0,0.5333333333333333,4.613000000000004,0.3996295083197906
0a9b6f867cfee07a3b7fa39a666d08a9,COc1cc(OC)c(F)c(-c2ccc(C(=O)Nc3ccc(CN(C)CC(N)=O)cn3)c3nccnc23)c1F,0.6658999919891357,0.9231303334236144,0.3862196518616242,2.902083,0.2208940684795379,0.8312357306480408,0,0,0,0.1923076923076923,3.1566,0.3426542446590011
fb1c32c8d072436621e039c7e8f74f63,O=S(=O)(NCCc1n[nH]c(Cc2ccc(F)cc2)n1)c1ccccc1,0.3705999851226806,0.6976097226142883,0.136126968670975,2.225624,-10.962172508239746,0.3857126533985138,0,0,0,0.1764705882352941,2.0556,0.6750314764439327
52c196cc35420a7ceaab6847a55cfb2c,COc1ccc(C=Nn2cnc3c4cc(C)ccc4nc-3c2O)cc1CN1CCCC1,0.6445000171661377,0.9192792773246764,0.4921057549389926,2.781245,-6.80517578125,0.9453842520713808,0,1,0,0.2916666666666667,4.0367200000000025,0.4981132694757343
c0bd2f8527c0101b277581c2165d3037,CC(C)Cc1cc(NCc2ccccc2)c(-c2ccccc2)c(=O)[nH]1,0.6025000214576721,0.9566550254821776,0.347342466766184,2.189305,-2.951836109161377,0.9172200083732605,0,0,0,0.2272727272727272,4.8525000000000045,0.6773859640223069
08dad6eccd28a82608c95741fde61314,O=C(Nc1ncccc1F)N1CCCC1c1ccncc1,0.3700999915599823,0.4186888039112091,0.0628925628155808,2.72544,-10.678194999694824,0.237100376188755,0,0,0,0.2666666666666666,2.984700000000001,0.9229464546722114
7e9f295d0b2140c0504a6c0d1ee1356f,CCc1cnc(C)nc1N1CCC(C(=O)NC)C1,0.3555000126361847,0.2383287996053695,0.0234161545945839,2.837438,-6.715954780578613,0.1328909780830144,0,0,0,0.6153846153846154,0.91972,0.8638902634354295
2ee8092c6e8af83b09baf638a37e3790,O=C(O)c1cc(Cl)ccc1NC(=O)C(Sc1ccc(Br)cc1)c1ccccc1,0.7900999784469604,0.9976275563240052,0.1283365195109085,2.445893,-8.191540718078613,0.234885823726654,0,0,0,0.0476190476190476,6.272800000000004,0.4113251575588758
24396980c45643466fcff2dc6f35e0ea,Cn1cc(NC(=O)c2cn(Cc3cccc(F)c3)c(=O)c3ccccc23)cn1,0.4393999874591827,0.6905444860458374,0.1965018876574256,2.192195,-10.574467658996582,0.8690858721733093,0,0,0,0.0952380952380952,3.1747000000000014,0.594808497368225
8a0e934ff61389647b8fde7241f17080,COc1cc(OC)c(S(=O)(=O)N(c2ccccc2)C(C)C)cc1NC(C)=O,0.421099990606308,0.5368689894676208,0.0827958160503344,2.265918,-6.94498348236084,0.6226939618587494,0,0,0,0.3157894736842105,3.265900000000001,0.7816890438320887
560e1eb91525e903ab3cdd3e9c92bed2,CC1C(=O)N2CCCc3cc(S(=O)(=O)NCc4ccc(Cl)cc4)cc1c32,0.539900004863739,0.7137743234634399,0.1433754353360696,2.854051,-8.680710792541504,0.6036031782627106,0,0,0,0.3157894736842105,3.214800000000001,0.8711538086308112
813928ef1e1cd9d830e19244b4be98c5,CCOC(=O)c1nn(-c2ccc(Cl)cc2)c(=Nc2nc(-c3ccccc3)cc(-c3ccccc3)c2C#N)s1,0.5554999709129333,0.9800431132316588,0.3176099129698493,2.855226,-4.564609527587891,0.6578170597553253,0,0,0,0.0689655172413793,6.596980000000006,0.2274982816379107
31f42b222303694e42871872b7eab0b1,COc1ccc2nc(NC(=O)NCc3nc4ccccc4[nH]3)sc2c1,0.4860000014305115,0.9076082706451416,0.2606888589533893,2.154176,-10.409279823303224,0.807053518295288,0,0,0,0.1176470588235294,3.5029000000000012,0.5234732562397219
7fd11126986ba8b08419e0c2e638dabf,CC(CCCC(C)C1CCC2C3C(O)CC4CC(O)CCC4(C)C3CC(=O)C12C)C(=O)O,0.6277999877929688,0.9534797072410583,0.1582757424224506,4.71445,10.51693630218506,0.1303590029478073,0,0,0,0.925925925925926,4.683100000000004,0.5481990138478992
d6871574a64ef47554810e53e6334e67,O=C(Nc1ccc(Cl)cc1)c1nc2ccccc2s1,0.4612999856472015,0.9798510670661926,0.1644225018945607,1.729371,-1.530614733695984,0.3324355661869049,0,0,0,0.0,4.202000000000001,0.767622722641049
70562576ed5307a483c759eacbc9796f,Cc1nnc(N2CCN(CCC(=O)N(C)CCC#N)CC2)s1,0.3420999944210052,0.1691735386848449,0.0193454991690073,2.508298,-13.152389526367188,0.499371999502182,0,0,0,0.7142857142857143,0.7306999999999997,0.7683841036761683
f0f69689ca97da9381d8aad38527eb9a,CNC(=O)c1cc2c(-c3ccccc3)nn(C)c2s1,0.5002999901771545,0.810404360294342,0.0976474430750716,2.203357,-8.755839347839355,0.3928506284952163,0,0,0,0.1428571428571428,2.6614000000000004,0.7786128135767515
a209b710ee7fe3d46056aed8e4ffaa1f,O=C(NCc1cccnc1)c1nc(-c2cccs2)no1,0.3140999972820282,0.4484731554985046,0.0745439391413873,2.221774,-11.29411506652832,0.1668797768652439,0,0,0,0.0769230769230769,2.1231,0.7942027007764695
17ee3e9433d8566bf7af29033881827b,CC(C)(C)CNC(=NO)c1ccc(Oc2cc(Cl)ccc2Cl)nc1,0.609499990940094,0.9727640748023988,0.4138555431907827,2.709933,-6.576984405517578,0.7300860047340393,0,1,0,0.2941176470588235,4.952200000000004,0.3467645693856285
a3f633fa37af9fd6802370ec0462d05c,NC(=O)c1cccc(C2CC2C(=O)N2CCN(C3CCC3)CC2)c1,0.4641999900341034,0.4105155766010284,0.0863568579608743,2.927566,-10.308049201965332,0.464470288157463,0,0,0,0.5789473684210527,1.5856999999999997,0.9130078402404934
31ec00dd55e00271bf6a029bbc6f4006,COc1ccccc1N1CCN(c2cc(-n3cccn3)nc(NCCC(=O)O)n2)CC1,0.5042999982833862,0.6310515403747559,0.2419090636751868,2.469822,-5.243224143981934,0.4703051745891571,0,0,0,0.3333333333333333,1.8840999999999997,0.5612323196637334
0607a2a46e5f505c93264bffbabb0f82,CN(C)CC=CC(O)(c1ccccc1)c1ccccc1,0.3912999927997589,0.9343974590301514,0.3432885110378265,2.427513,-4.9784932136535645,0.5955004155635834,0,1,0,0.2222222222222222,3.040300000000002,0.8417183791854228
b83e8436684f36a5325a127c729a23e0,COc1cc2[nH]c3nc(-c4cnc(Cl)nc4)ccc3c2cn1,0.5212000012397766,0.9596400260925292,0.3508824570612474,2.767769,-8.85971736907959,0.3104438066482544,0,0,0,0.0666666666666666,3.230100000000001,0.575084039170639
c4e20bfdd0e70f7771978da177cfb148,CC(=O)N1CN2CN(C(C)=O)CC(C(=O)c3ccc(Br)cc3)(C2)C1,0.5577999949455261,0.725551962852478,0.0939186223232272,3.834069,-10.080623626708984,0.282917845249176,0,0,0,0.4705882352941176,1.5594,0.7148573643409717
2d10e19ee2e0455a0385f3f9407caa30,O=C(Nc1ccc(Cl)c(Cl)c1)C1C(c2ccccc2)OC2(C(=O)c3ccccc3C2=O)C1C(=O)O,0.6617000102996826,0.992883324623108,0.3634998080405322,3.896706,-3.5595571994781494,0.1805330649018287,1,1,0,0.1538461538461538,4.8384000000000045,0.4866241086551588
99d17e12c8d2f420d46873e01d2207c0,CCC(CC)(CNC(=O)OC(C)(C)C)NC(=O)Cn1cc(C)cn1,0.3197000026702881,0.5447937250137329,0.0709182587028904,2.740458,-10.561718940734863,0.1188699394464492,0,0,0,0.7058823529411765,2.3912199999999997,0.7992254395664262
306c044a7ab7b9e40b5939f518cc7eb5,C=CC1(C)CC(=O)C2(O)C(C)(O1)C(OC(=O)C(C)(C)Br)C(O)C1C(C)(C)CCC(OCc3ccccc3)C12C,0.6507999897003174,0.9398890733718872,0.4097395918586037,4.962928,10.544431686401367,0.4467563986778259,0,1,0,0.6774193548387096,4.898000000000005,0.2696634717422484
78eb883e1f47c89fccdc207eb5db73f6,CSc1ccc(OCc2nnc3sc(-c4ccccc4Cl)nn23)cc1,0.4144999980926513,0.929803431034088,0.2133176990530707,2.346119,-7.578722953796387,0.2126236289739608,0,0,0,0.1176470588235294,4.807100000000004,0.4591541603092727
c33b99428e281c813ce6ba5bcb85cee8,COc1cc2c(c(-c3cnc(OC)c(NS(C)(=O)=O)c3)c1)CNC2=O,0.5618000030517578,0.8777724504470825,0.0332724071023139,2.665866,-6.323415279388428,0.4204246044158936,0,0,0,0.25,1.3806999999999996,0.8311581931722984
5bc5effd66775af9eb2762e4e7e1671e,O=S(=O)(O)Oc1ccc2ccccc2c1,0.3490000069141388,0.884514570236206,0.2056665989485654,1.800773,8.309861183166504,0.0688468478620052,0,1,0,0.0,2.0214,0.7924826566857142
1024bd3c21eebfff459cf9dc8e28979f,COCP1(=S)OC(C)CCN1C(C)C,0.3546000123023987,0.6311923861503601,0.2033315659923986,4.819745,9.76156520843506,0.1424916438758373,0,1,0,1.0,2.4190000000000005,0.7026448560765041
ab3d22eebf204441fd7c54386799b230,CC1C(=NCCCN(C)C)c2c(nc3ccc(Cl)cc3c2O)CC1c1ccc(C(F)(F)F)cc1,0.7670000195503235,0.996334195137024,0.6169257218187506,3.744488,-5.850080490112305,0.9485037326812744,0,1,0,0.3846153846153846,6.329400000000006,0.4259444200970864
5d0f7e177753c2f08e3b3371123d269d,FC(F)(F)COc1ccnc(Nc2ccc(C3CNCCO3)cc2)n1,0.6446999907493591,0.9480751156806946,0.5292358940297907,3.031931,-5.194437503814697,0.6495720863342285,0,0,0,0.375,2.8222000000000005,0.8606715456060764
1cd1420ba149feebbe0a215f4e80b412,FC(F)(F)c1cc(C23CNCC2C3)ccc1Cl,0.7106999754905701,0.9737871885299684,0.2263920926912264,3.462556,-8.139719009399414,0.6840938448905944,0,0,0,0.5,3.2197000000000013,0.8185058807518274
43c417fe1b8d17bd2e5c0a3c27d58338,CN(C)C(=O)C=CCCC(OC(=O)N(C)C)C(=O)Nc1nccn(Cc2cc3cc(F)ccc3n2Cc2ccc(F)cc2)c1=O,0.6215999722480774,0.9440224766731262,0.2265453873710199,3.678502,-4.417877197265625,0.8819866418838501,0,1,0,0.28125,4.002700000000003,0.2534371956602173
4bdac1ee909f99b2e3c72583d7ae33f0,Nc1c2ncn(C3OC4COP(=O)(O)OC4C3O)c2nc[n+]1[O-],0.6258999705314636,0.9377551078796388,0.1804020899263295,4.925419,12.465524673461914,0.0889023896306753,0,1,0,0.5,-1.5790000000000002,0.3113252729618851
85e27eda77e0a0815512b125d9a07d3b,C=CCN(C(=O)c1csnn1)C(C(=O)NC1CCCC1)c1ccccc1F,0.4395999908447265,0.4782103598117828,0.0997862127524885,3.070171,-5.593998908996582,0.287066113948822,0,1,0,0.3684210526315789,3.105500000000002,0.7398087466154826
3590ca78329259e44d820c6f0b44b0a2,C=CCSCC1=CC(C)(C)Nc2ccc(-c3cc(OC)ccc3OC)cc21,0.5817000269889832,0.9585935473442078,0.4734032099897211,2.816492,0.1901609897613525,0.9560077905654908,0,1,0,0.3043478260869565,5.877500000000007,0.4792968606387639
e9171432d7a43365a76326018592e2b0,Clc1ccc2c(NCCCNCc3cccs3)ccnc2c1,0.7146000266075134,0.9867091774940492,0.5121189762245525,2.190813,-8.882381439208984,0.859479296207428,0,1,0,0.2352941176470588,4.541500000000003,0.6239302165711461
2c0466e6e9514589d85250c9462b2dbe,CC(=O)SCC(C)C(=O)N(CC(=O)O)c1ccc(C(C)C)cc1,0.5049999952316284,0.9145504236221312,0.0910972090522674,2.907825,-10.352530479431152,0.0595405898988246,0,1,0,0.4705882352941176,3.1434000000000015,0.8271119876296393
f312ce9f43c479ce200c0b90ac085297,CC(=O)Nc1c(Cl)cnn(-c2ccccc2)c1=O,0.375,0.6757760047912598,0.1199168264865875,2.053366,-8.219783782958984,0.0274126574397087,0,0,0,0.0833333333333333,1.8443,0.8992330601340078
16e62cb6550f9171bd218e9d59c36e83,O=C(Nc1cccc(C(F)(F)F)c1)Nc1cc(F)ccc1C(=O)O,0.6470999717712402,0.988401174545288,0.225309551439502,1.909956,-7.753571510314941,0.2817698687314987,0,0,0,0.0666666666666666,4.186700000000002,0.7321332092379119
a30d9a75b8bdc633e0290de9577ffe70,CCCNc1ccc(C=Cc2ccc3ccccc3[n+]2C)cc1,0.652899980545044,0.9940999150276184,0.519657931544564,2.375391,-9.147137641906738,0.8598941445350647,1,1,0,0.1904761904761904,4.656600000000004,0.6780483738474333
2a1b7b67d1d5b2404ade74835e99faad,CC1CC2C3Cc4ccc(O)cc4C2(CCN3CC2CC2)CC1=O,0.534600019454956,0.7439112663269043,0.1942720025439154,4.644749,7.842506408691406,0.7772580742835998,0,0,0,0.6666666666666666,3.2856000000000023,0.9069634078598294
11de9ffef28b800922f904e0ce068f54,COCC(N=CN1CCc2cc(OC)c(OC)cc2C1C)C(C)(C)C,0.3486999869346618,0.6299698948860168,0.2699050402099436,3.744382,8.085026741027832,0.8798784494400025,0,1,0,0.65,3.7123000000000026,0.5805145888370075
9713e151edfad7c295b3b7158533d4f8,Cn1ccc2cc(C(=O)N3CCOCC3)ccc21,0.3167999982833862,0.3810071349143982,0.0848871328952637,2.024397,-7.619841575622559,0.1829550787806511,0,0,0,0.3571428571428571,1.6506999999999998,0.7641577716487725
a2e705d104c95d4a3896be17da4ca796,CC(=O)OC1CCC2C3CC(=O)C4(F)CC(F)CCC4(C)C3CCC12C,0.6773999929428101,0.8618861436843872,0.1479607381942597,4.720027,8.157442092895508,0.2849093705415725,0,0,0,0.9047619047619048,4.570000000000005,0.636927250654929
16ae1b173a4f8c904c474dc890fc453f,CCN1c2ccccc2OCC1Cc1ccc(O)cc1,0.479200005531311,0.9437965154647828,0.34108758920973,2.613071,-3.679597139358521,0.8696083426475525,0,0,0,0.2941176470588235,3.2222000000000017,0.9282945624550252
b3feb48377e3b5e36946dc99e28e2fee,Cc1ccc(C)c(NC(=O)c2nc(C)c(C)nc2C(=O)OCCC(C)C)c1,0.4977999925613403,0.8570471405982971,0.1533938341520049,2.363933,-4.558682918548584,0.6682965397834778,0,0,0,0.4285714285714285,4.165480000000003,0.7731644845899486
3c42923354b7536c7b91c2f5856cc2f7,COc1ncccc1C1c2c(n[nH]c2C(C)(C)C)C(=O)N1c1ccc(-c2ccsc2)cc1,0.6759999990463257,0.956625998020172,0.3886969238519668,3.266366,-7.715641975402832,0.877382755279541,0,0,0,0.24,5.589100000000005,0.4454335892379887
b7c5223e3a21cd6e71d7d34998d5d70e,CCN(CCCC(=O)O)c1c(F)cc(-c2cccnc2OCC2CCC2)cc1F,0.7350999712944031,0.9508097767829896,0.3081144148653204,2.612144,-9.263885498046877,0.4120341181755066,0,0,0,0.4545454545454545,4.896800000000004,0.6104588528643702
90da72be833c97bf281edb63cb8c0bf2,Cc1ccc(-c2nn(Cc3ccc(C(F)(F)F)cc3)c3ccccc23)o1,0.6615999937057495,0.9890595078468324,0.2684497122060169,2.219633,-6.565733909606934,0.9377203464508056,0,0,0,0.15,5.671820000000004,0.4733447907571061
a71852467ceff0942fd6fc2bd1247457,CN(C)CCCNC(=O)c1cc(C(=O)C2CCCCC2)c[nH]1,0.4036999940872192,0.4376423060894012,0.0898473559116775,2.332385,-3.4406230449676514,0.5900024950504303,0,1,0,0.6470588235294118,2.459199999999999,0.6005701678737495
515e96c2d55a6ed2f52d6ad3c02edf9e,COc1ccc(NC(=O)C2CCN(C(=O)c3ccccc3C)CC2)c(OC)c1,0.3398000001907348,0.2300879806280136,0.0541403217410499,1.855101,-9.622129440307615,0.7945988297462463,0,0,0,0.3636363636363636,3.5031200000000027,0.859387670527714
83a3fe01148572344ef578779433d231,NCCc1cnc(S)n1C1CSc2ccc(O)cc2C1,0.5576000213623047,0.926838994026184,0.1909799226983027,3.808218,-2.936779260635376,0.4049869000911713,0,1,0,0.3571428571428571,2.2681000000000004,0.7612561982899138
26bdfe1613325b59088b3beedbdf9462,Cc1ccc(CSc2nnc3nc(C)cc(C)n23)cc1,0.367000013589859,0.8276189565658569,0.0667886720462278,2.184341,-6.217459201812744,0.1042022809386253,0,0,0,0.2666666666666666,3.3418600000000014,0.6918326657376168
875167cf227d3785cd5e6a6e7db9e298,COc1ccc(-c2[nH]c(=S)nc(Nc3ccc(-c4nc5cc(C(=O)O)ccc5[nH]4)cc3)c2C#N)cc1,0.608299970626831,0.9934885501861572,0.2720463059165261,2.688645,-10.261866569519045,0.8121620178222656,0,1,0,0.0384615384615384,5.671570000000004,0.2213652534270457
8be687c929a84edbb1cd0fb9b6e3ce39,CC(C)N1CCOc2c(F)cc(-c3nc(Nc4ccc(C5CCN(C)CC5)cn4)ncc3F)cc21,0.7239000201225281,0.9246648550033568,0.7567262879826806,3.066245,4.6074299812316895,0.923366630077362,0,0,0,0.4230769230769231,4.976800000000004,0.5526860189227732
f6ddfd4a98583aa0e2f1565f7f94bf88,NCCCN1C(=O)N(CCCN)C(=O)C(Cc2ccc(C(F)(F)F)cc2)(Cc2cc(Br)cc(Br)c2)C1=O,0.6937000155448914,0.993566870689392,0.3080170317129655,3.026072,-9.237160682678224,0.943428075313568,0,1,0,0.4,4.490400000000004,0.3695591682123317
cf7c5c762c65f0a857eca0f12cec3383,O=C(NCc1ccc(-c2ccccc2)cc1)c1nc[nH]n1,0.4672999978065491,0.852678120136261,0.126944709230553,2.281902,-6.57086706161499,0.2892614603042602,0,0,0,0.0625,2.401699999999999,0.7695184755646064
c366d614da589d4321af0004349677c1,CC=C(C)C(OC(C)=O)C(C)C1=CC(=O)C2=C(OC3(C)CCC4OC(C(C)(C)O)CCC4(C)C3C2)C1=O,0.6948999762535095,0.988203465938568,0.647193281487985,5.265689,12.571391105651855,0.2535420656204223,1,1,0,0.7,4.766500000000004,0.3205933687096994
754608c07c2f6930089c3a36738ad71d,COc1nn2cc(-c3ccc(O)cc3)nc2s1,0.3819999992847442,0.9142919778823853,0.1936794018203562,2.578405,-7.638882637023926,0.1423203229904174,0,0,0,0.0909090909090909,2.1719999999999997,0.7535974817110036
060621a394762b256e76a8bdfd1ca0e6,CC(=O)NC(CCCCNC(=O)OCc1ccccc1)C(=O)N(c1ccc2ccccc2c1)C(C)C=O,0.5990999937057495,0.948466956615448,0.2123428407040509,3.315699,-3.5058186054229736,0.8953313589096069,0,1,0,0.3103448275862069,4.361600000000004,0.2822648397627482
a88a8c49d551da175ef512a46fe29a1a,CCCCCOc1ccccc1-c1cc(C(=O)NCc2ccccc2)no1,0.5145999789237976,0.7804410457611084,0.1478235484524206,1.97309,-3.410863161087036,0.8377787351608277,0,1,0,0.2727272727272727,4.840600000000004,0.5518493384902452
87145a5937c1857b721981d1427fe443,CCC1(C)OC(C(C)=CCOc2ccc3ccc(=O)oc3c2)=CC1=O,0.550599992275238,0.94657301902771,0.3071283034302972,3.547012,10.921612739562988,0.3365173041820526,0,1,0,0.3,3.7700000000000022,0.7752784658052849
a75153205232fa0c1f53777130e84a3d,CN1CCC(Nc2ccc(C(=O)Nc3cc(-c4cccc5ncn(C)c45)[nH]n3)cc2)CC1,0.583299994468689,0.9199382066726683,0.4971080652692101,2.635166,1.741047501564026,0.9445732593536376,0,0,0,0.2916666666666667,3.7218000000000018,0.4498034735127011
f8a47468e978968f3e0d13ad184a1b2b,O=C(C1CNCC12CCCc1cc(Cl)ccc12)N1CCC(c2ccccc2)CC1,0.6003000140190125,0.9027619957923888,0.2730440741235559,3.693121,-6.20019006729126,0.928492784500122,0,0,0,0.48,4.539700000000004,0.7906815147049862
22736a873d47a6472f3ab8078a9748ff,Cc1c(Sc2c(Cl)cccc2Cl)oc2nc(N)nc(N)c12,0.7075999975204468,0.9909003973007202,0.4086543443528088,3.097477,-9.442408561706545,0.3212509870529175,0,0,0,0.0769230769230769,4.15362,0.7274141021645485
9fa55ece8169bdf87a9d308020eded5b,O=C(O)CN(CC(=O)O)C1CCCCC1N1CC(=O)OC(=O)C1,0.5440000295639038,0.8819635510444641,0.0591085169633681,3.681798,8.9928560256958,0.0139184494502842,0,1,0,0.7142857142857143,-0.8457999999999992,0.473747629044387
4b68e03a348d411b3ea5a00398d62a51,Fc1ccc(-c2n[nH]c3c2CCNCC3)cc1,0.387499988079071,0.8737788796424866,0.1262221319431608,2.33774,-10.833928108215332,0.5772939145565033,0,0,0,0.3076923076923077,1.9039999999999997,0.7866937121984371
d9cf885d8bd7973704c48d3f321d5ca5,O=C(NCc1cccnc1-c1ccncc1)c1cnccn1,0.3513999879360199,0.5240565538406372,0.0847958490591157,2.216603,-8.513174057006836,0.2367703258991241,0,0,0,0.0625,1.8636,0.7932680921512267
ac90125078a302ebd192083775097f56,CCc1n[nH]c(C2CN(C(=O)c3cc4c(s3)CCC4)CCO2)n1,0.4724999964237213,0.2681210935115814,0.0467506568370894,3.361198,-11.800688743591309,0.1628723040223121,0,0,0,0.5625,2.131,0.9345629796897728
89862c8c35a5a252163e784d6485a520,Cc1cnccc1N1CCCOC(CF)C1,0.3957999944686889,0.5437498092651367,0.1266505129804665,3.00346,-7.632115364074707,0.3844975233078003,0,0,0,0.5833333333333334,1.95482,0.7674746102309671
3e117fa7c1be6eccca33fa1945dde1c2,CC(C)N1CN(C2c3ccccc3CSc3ccc(F)cc32)n2ccc(=O)c(O)c2C1=O,0.7251999974250793,0.9713643789291382,0.1992282515222376,3.621931,-6.317331790924072,0.6348494410514831,0,0,0,0.25,3.848000000000003,0.6413162828212567
751fb390993c8b4714b06d9d091b629f,COC(=O)C(Cc1ccccc1)n1cc(C2=CC34CCC5C(C)(C(=O)OC)CCCC5(C)C3CCC2(C)C4)nn1,0.5953999757766724,0.7774055004119873,0.2045353515581651,5.929194,9.030292510986328,0.7202448606491089,0,0,0,0.6363636363636364,6.204200000000007,0.4018298927975948
502394f52e16984a835db05c5ede0f3e,CC1(C)CC2=C(CC3(CC3)C(C)(O)C2=O)C1=O,0.390500009059906,0.8807582259178162,0.309447207911448,4.52993,8.97057056427002,0.036814007628709,0,0,0,0.7142857142857143,1.786,0.6948452393383916
a5ad9074b92431f78292eee897224b46,C=CCNc1nc(C)c(C2=NN(C(N)=S)C(c3ccc(Cl)cc3)C2)s1,0.5365999937057495,0.981480598449707,0.236794883554632,3.371769,-8.843607902526855,0.6588450074195862,0,1,0,0.2352941176470588,4.097520000000002,0.5929632062102774
db30e7c7b354ff431508a0bed3e7996c,Cc1cc(C(=O)NC2CCN(Cc3ccc(N(C)C)nc3)CC2O)no1,0.4857999980449676,0.2807271778583526,0.0645192316309972,3.258815,-3.718050718307495,0.6335057079792022,0,0,0,0.5,0.8092199999999998,0.8156041665183787
f81eb8e2281781774a4f6d4dccdaa76b,Oc1cc(Br)cc(Br)c1O,0.597100019454956,0.9959419369697572,0.3716493181206963,2.357165,10.34706687927246,0.1789317518472671,1,1,0,0.0,2.6228,0.7098009115151623
3df05c2029298721727580465b053b55,Cc1cc(C(C)N(Cc2ccccc2Cl)c2ccc(C#N)c(Cl)c2)on1,0.6699000000953674,0.989762842655182,0.2073922888799147,3.168021,-8.17408275604248,0.7437472105026245,0,0,0,0.2,5.929300000000005,0.5454573999805791
07c718e812604ae073434c8ccd18aff1,CCn1c2cc(N3CCN(C)CC3)c(F)cc2n2c(=O)nc(N)cc12,0.6615999937057495,0.919106125831604,0.3879218243739821,2.927721,5.471452236175537,0.8692438960075378,0,0,0,0.4117647058823529,1.1422,0.754855692769716
4ec05a940f2ab08b79af7c846537116b,COc1cccc(C(=O)Nc2c3c(nc4ccccc24)CCCC3)c1,0.3682999908924103,0.7479314804077148,0.2107900828123092,1.988828,-3.090136766433716,0.8374421119689941,0,0,0,0.238095238095238,4.374500000000003,0.774444105219233
c1fc9a34577cba5feac2827d6d48b736,COc1ccc(C2C(COC(=O)c3ccccc3)OC(=O)N2c2ccc(N3CCOCC3)c(F)c2)cc1,0.7056000232696533,0.8691515326499939,0.255934828384356,3.201236,-10.66976833343506,0.4838858425617218,1,0,0,0.2857142857142857,4.594400000000004,0.4338462169015226
474117d381329cb7dfe5ae548b55c41b,CN1C2CCC1CC(OC(=O)c1cccc3c1OC(C)(C)C3)C2,0.5156000256538391,0.7856830954551697,0.2167771177535707,4.043698,9.166348457336426,0.9048654556274414,0,0,0,0.631578947368421,3.182100000000002,0.7858344621575533
30231e1bbc6f039d242718a2e593277f,CNc1cc(C)nc(Nc2ccc(OC)c(C3=CCN(CCO)CCC3)c2)n1,0.5066999793052673,0.927348792552948,0.4640356891534545,2.63682,-9.756369590759276,0.9548749208450318,0,0,0,0.4285714285714285,3.0504200000000017,0.6777364639079113
fcb204097c1b6853b6a651a1d72e785b,Cn1nccc1C(=O)N1CCN(c2ccnc(-c3cnc4ccc(C(F)(F)F)cn34)n2)CC1c1cn[nH]c1,0.6399999856948853,0.8274176120758057,0.32938160544092,3.744754,-7.901917457580566,0.964073133468628,0,0,0,0.25,2.9704000000000006,0.3861874336582828
ddb24f8c7d4e7ba3bf41f436664cfbf9,O=C(CC1CCC(NC(=O)Nc2ccccc2F)C(CO)O1)NCc1ccccc1,0.5268999934196472,0.6784794330596924,0.0784177583726969,3.100727,-5.806464195251465,0.5846396267414093,0,0,0,0.3636363636363636,2.5622000000000007,0.5584993263085052
a23b651a315df1c8c9153e2c9c3df940,COc1cc2c3c(c1OCC1CC1)-c1cc(NC(C)=O)ccc1CC3N(C)CC2,0.5508000254631042,0.9040755033493042,0.3079600232568654,3.090391,5.807923316955566,0.8618276357650757,0,0,0,0.4583333333333333,4.194500000000003,0.8288077469284075
e6c1403b341dcc8e30a90f3197f4ad87,CN(c1ccccc1C(N)=O)S(=O)(=O)c1ccc(F)cc1F,0.4677999913692474,0.7462869882583618,0.131239525635134,2.121663,-7.996373176574707,0.4684166133403778,0,0,0,0.0714285714285714,1.8888,0.9314501355975886
133ffd92fab7dc35d9e1d0e6fdfb6cdf,N#CC=C1c2ccccc2N=C(NCCN)c2ccccc21,0.550000011920929,0.9929665327072144,0.2349439879710024,2.641944,6.811243057250977,0.9525545120239258,0,1,0,0.1111111111111111,2.581880000000001,0.8340579808838187
89bd1e916c58095c24a9289006436b47,CCc1cccc2c(-c3csc(N)n3)c[nH]c12,0.4948000013828277,0.983607828617096,0.1601921265775507,2.398518,-5.468057155609131,0.4436706185340881,0,0,0,0.1538461538461538,3.436000000000001,0.7240860424504758
924a9e5ce6187df0643ff072f47ec58f,Clc1ccccc1-c1nnc(CSCCN2CCOCC2)o1,0.3591000139713287,0.67630934715271,0.0895213621922514,2.316596,-9.884709358215332,0.4577527225017547,0,1,0,0.4666666666666667,2.955400000000001,0.7541289148662346
b545af4d80d8712f92a3a940f6673f3b,Cc1nsc(N(C)C(=O)Cc2ccc(Oc3ccc(C(F)(F)F)cc3)cc2)c1Cl,0.6779999732971191,0.9879583120346068,0.2397455071861093,2.566967,8.457695960998535,0.5936710178852082,0,0,0,0.2,6.121520000000004,0.4795509022134949
e7a0512eaefd58d07cce296c3b00b78f,Cc1nc(N)nc(-c2cc(C(C)(C)O)cnc2Nc2cncc(S(C)(=O)=O)c2)n1,0.574999988079071,0.956331193447113,0.4161810014735568,2.923924,-3.9326117038726807,0.4681425034999847,0,0,0,0.2777777777777778,1.5937199999999998,0.558697102710819
28c22945695da9748636ffb781070146,CCC1OCC(=O)C1NC(=O)C(CC1(C)CCCC1)NC(=O)c1ccc(NS(=O)(=O)c2nccn2C)cc1,0.6642000079154968,0.8299862146377563,0.14545571973378,4.007549,3.3086578845977783,0.4182778358459472,0,0,0,0.5384615384615384,2.1524,0.4142222627703406
ae0c25f5b8f7101abc984858c4672940,CCC(C(=O)N1CCCCC1C(=O)OC(CCc1ccccc1)c1cccc(OCC(=O)O)c1)c1cc(OC)c(OC)c(OC)c1,0.6292999982833862,0.9271135330200196,0.1528112366795539,3.662397,3.0657269954681396,0.3213746428489685,0,0,0,0.4166666666666667,5.967800000000007,0.201945578266417
ec84d5f4ffeb7ccec75ebe0382850d5c,COc1ccc(-c2cc(C(F)F)nc(N3CCN(Cc4ccccn4)CC3)n2)cc1OC,0.6284000277519226,0.8387027382850647,0.3549718775532462,2.426964,-12.944185256958008,0.9669966697692872,0,0,0,0.3478260869565217,3.8156000000000017,0.5524177911752747
6e151466efe42f2fffbdd1c9b508556f,Cc1nc(CN(C)C(C)c2ccccn2)oc1C,0.2985000014305115,0.5916091799736023,0.0514467642642557,2.940916,-2.584561586380005,0.1475802835077047,0,0,0,0.4285714285714285,2.8794400000000016,0.8302838497166488
e71635af5a00a5bb4835255c03bfe1e0,c1ccc(Cn2ncc3c(N4CCN(c5ccccc5)CC4)ncnc32)cc1,0.5473999977111816,0.8641964197158813,0.4273457418788563,2.069522,-11.93892765045166,0.9004108548164368,0,0,0,0.2272727272727272,3.201200000000002,0.5521357894953915
ffdc406f5ce54a40bc1126388bc92973,CCc1cccc(NC(=O)N2CCc3nc(-c4cccnc4)nc(OC4CCN(C)CC4)c3C2)c1,0.5673999786376953,0.8127999901771545,0.1955616941506212,2.678643,-2.8883955478668213,0.9052740693092346,0,0,0,0.4074074074074074,4.164200000000003,0.6003060812365484
1304fe9fd0a772ab4969433308d7908c,C=CCn1nnc2cc3c(=O)n(C(C)Cn4ncnn4)nnc3cc2c1=O,0.4562999904155731,0.650280237197876,0.0487285843965682,3.760811,-7.399450302124023,0.1448918104171753,0,1,0,0.2666666666666666,-0.6698999999999999,0.3320997853410042
99336b51597b314c3ccfb2ff41c188e9,CCOC(=O)CCCCc1ccc2ccccc2c1O,0.5095999836921692,0.9760271310806274,0.1352489465339617,1.903135,9.893887519836426,0.678223866224289,0,1,0,0.3529411764705882,3.821300000000003,0.6420012134239844
6959cc31b5638cfc4bfd9b4c7a20d8a9,CCSc1nc2ccc(OCCC3CCN(c4ccc(C)nn4)CC3)cc2n1C,0.5878999829292297,0.9203780889511108,0.1905999982898885,2.568887,-5.03078556060791,0.8699549913406373,0,0,0,0.5,4.4692200000000035,0.5348364413570343
8b35e721f64c2a0cdc55fbc7363cca2d,O=C(NCCNc1ncccn1)N1CCN(c2nccs2)CC1,0.431300014257431,0.4239793419837951,0.0467661827463995,2.389392,-9.616925239562988,0.3775229454040527,0,1,0,0.4285714285714285,0.8767999999999996,0.7900665049726736
9a841df71f87e96d48f421b496b0d57a,NC(=O)c1cn(CC(=O)N2CC(F)C(N)C2C(=O)NCc2cccc(Cl)c2F)c2ccccc12,0.73580002784729,0.8543964624404907,0.1877479512583125,3.724282,-10.95327091217041,0.7850260376930237,0,0,0,0.2608695652173913,1.7253000000000016,0.4875097480922278
96db40dd2d8bdfd9cead397c6121cc6d,NCCCCC(N)C(=O)Nc1ccc(-n2nc(C(F)(F)F)cc2-c2ccc(-c3ccc(C(F)(F)F)cc3)cc2)cc1,0.7903000116348267,0.9989051818847656,0.6525949131358754,3.018642,0.2382466197013855,0.9738206744194032,0,1,0,0.2413793103448276,6.638700000000005,0.1539813922064961
4483be7ce3b062509e5421b70fa4da57,CN(C)c1ccc(-c2cccc(-c3ccc(N(C)C)cc3)[o+]2)cc1,0.5501000285148621,0.9689279794692992,0.3737514317035675,2.530869,-2.294674873352051,0.880470585823059,0,1,0,0.1904761904761904,5.026700000000004,0.6283646993579279
0c1cf7c519bd9ba9570608cc02c14a1d,COc1ccc(C=CC(=O)c2c(C)[n+]([O-])c3ccccc3[n+]2[O-])cc1,0.5486999750137329,0.9787946939468384,0.3586013113910501,2.926111,-6.7670440673828125,0.465973436832428,1,1,0,0.1052631578947368,2.31972,0.3168713208323125
21ed9bd1231f14e814ac1c5e7924f22b,C=CCCOC(=O)NCCCCC(N)C(=O)O,0.3027999997138977,0.8034910559654236,0.0940345640886913,2.747219,5.970109939575195,0.0264758756384253,0,1,0,0.6363636363636364,0.8708999999999998,0.4124004427061706
1fdd6df15b150ad82ed70543c929d894,Cc1cc(C)cc(N(C(=O)C2CCS(=O)(=O)C2)c2nc(-c3ccc(F)cc3)cs2)c1,0.5461999773979187,0.8934206962585449,0.2708807709542187,3.050247,-7.87989616394043,0.522874391078949,0,0,0,0.2727272727272727,4.665440000000005,0.5867389567680985
bf5ba88ab99f18f7f3fa38a4f6200185,Cn1nc(-c2ccccc2)cc1C(=O)NC(CC(=O)N1CCCC1)C(=O)O,0.4027000069618225,0.4763306975364685,0.0689381455833261,2.61816,-8.09880542755127,0.0229856932535767,0,0,0,0.3684210526315789,1.2826,0.7970900970483834
74880e9273cae53282ad7b15b851ac40,O=C(O)c1cn2c3c(cccc3c1=O)SCC2,0.6680999994277954,0.977247714996338,0.0745276542888446,2.614682,-4.912503242492676,0.0033537390991114,0,0,0,0.1666666666666666,1.8054,0.8344737262641306
41636f050064698d9e6b5c64ffa68fcf,C=C1C(=CC=C(CC)c2cccc(CCC#CCC(C)(C)O)c2)CC(O)CC1O,0.6502000093460083,0.9781061410903932,0.3069772503592751,4.162503,11.246567726135254,0.6079899072647095,0,1,0,0.4615384615384615,4.575200000000006,0.6193066655331368
623e94eb7812a76f169340f6d364b503,COc1cc2c(cc1OC)CN(C(=O)CCc1ccccc1)CC2,0.3194000124931335,0.3901760280132293,0.1585549089041623,1.869362,-0.202680617570877,0.7354101300239563,0,0,0,0.35,3.221300000000002,0.8471039683184337
a2828b193fc641643fe99839afefdfd4,CCCCCCCC(=O)NN=Cc1ccc(Sc2nccn2C)c([N+](=O)[O-])c1,0.5579000115394592,0.9479075074195862,0.2667423798279328,2.521415,-9.01387882232666,0.8863442897796631,0,1,0,0.4210526315789473,4.290100000000003,0.2608788106994708
f73489ff3d23f5204df0632dd99c5190,O=C(c1nnc(-c2ccc(OC(F)F)cc2)o1)N1CCC(Oc2ccc(CN3CCCC3)cc2)CC1,0.611299991607666,0.7408731579780579,0.1936332488601858,2.52414,-12.39532470703125,0.8796419858932495,0,0,0,0.4230769230769231,4.6174000000000035,0.448437654171027
49eecead37a8629d9684b6055afac4ea,CC(=O)Nc1ccc(-c2[nH]cnc2-c2cccc(Br)c2)cc1,0.6104000210762024,0.9915215373039246,0.2628642523830587,2.149978,-1.5967217683792114,0.7276660084724427,0,0,0,0.0588235294117647,4.464600000000003,0.727782388102799
078ae8da9a7d5df29e6aa1de48071a1e,N#CC(C#N)=NNc1ccccc1Cl,0.5065000057220459,0.9847846031188964,0.1075493311191993,2.59282,-3.2770395278930664,0.1834568619728088,1,1,0,0.0,2.15506,0.5927430812622791
ea00b48ad968e6eb455de5159785b133,CC(C)c1nc(Nc2cccc3c2CC(O)CC3)oc1-c1ccc(C(F)(F)F)cc1,0.710099995136261,0.99298095703125,0.531843903389844,3.263642,-8.000143051147461,0.9548992395401,0,0,0,0.3478260869565217,6.077000000000005,0.541414826801819
c6e8c85e7d1a77c6887516f16a26376f,CC(C)c1cccc(C(C)C)c1Oc1ccc(CC(N)C(N)=O)cc1,0.5985000133514404,0.9258041381835938,0.4683408100496639,2.664983,6.062456130981445,0.7441576242446899,0,0,0,0.3809523809523809,4.080800000000002,0.7968827654738575
846af23a7bf35c53bf1929d6dc30e5f1,CC1CCC(c2cc(O)c3c(c2C(F)(F)F)CC2CC4C(N(C)C)C(O)=C(C(N)=O)C(=O)C4(O)C(O)=C2C3=O)N1C,0.8752999901771545,0.9972836375236512,0.2626379030671986,5.006267,11.26729679107666,0.4337965250015259,0,1,1,0.5357142857142857,2.2946,0.338071165888142
2f27f02f0bcd1671f9f590b4254bde2d,COc1cc(CCC(=O)OC2CCC(N(C)C3CCC(OC(=O)c4cc(OC)c(OC)c(OC)c4)CC3)CC2)cc(OC)c1OC,0.5307000279426575,0.8346155881881714,0.2788090881976214,2.942254,8.8790922164917,0.7700359344482421,0,0,0,0.6,5.625200000000007,0.2391106909227713
e3ec8021baa6ba97f99cf1a1be39ce98,CN1CCC2=C(C3CCC2CC3)C1Cc1ccc(O)cc1,0.6334999799728394,0.9364488124847412,0.2891985408284447,3.804566,10.90169620513916,0.7596806406974792,0,1,0,0.5789473684210527,3.7554000000000025,0.8355064864449696
d3ece3e4204922a20a11fb56e2d8e6dd,COC(=O)C(NC(=O)OC1C(=O)c2ccc(OC)cc2OC1c1ccc2c(c1)OCO2)C(C)C,0.6141999959945679,0.9070994853973388,0.2983288595622236,3.609712,10.543326377868652,0.6595019817352294,0,0,0,0.375,3.032700000000001,0.6342248048030278
b864caafc3d6feb2321b418bb205265c,CSc1nnc(-c2cccc(O)c2N)o1,0.4088999927043915,0.9625032544136048,0.0572568849469958,2.556951,-6.975530624389648,0.0564140368252992,0,1,0,0.1111111111111111,1.7462999999999995,0.4580233439536359
b9035b51778a09a59d22622d33937d1b,COC(=O)C1CCN(C(=O)Cc2ccc(Br)cc2)CC1,0.393200010061264,0.5471135377883911,0.0615418542345816,1.839997,-9.51473617553711,0.2594468832015991,0,0,0,0.4666666666666667,2.4032,0.7941702721195395
18221334019b70538847ddc9c9bc19af,Cc1cccc(C=C2SC(NN=C3CC4CCC3(C)C4(C)C)=NC2=O)c1,0.6276999711990356,0.9858909845352172,0.2724021090702577,4.267999,0.3997909128665924,0.6688656866550445,1,1,0,0.4761904761904761,4.757120000000004,0.6057005413544776
977c6f3b61b33c807b0846ebf9ef071e,CCOC(=O)C(=O)Nc1sccc1C(N)=O,0.3989000022411346,0.8204054236412048,0.051912630400197,2.233891,-9.641592979431152,0.0580875348299741,0,1,0,0.2222222222222222,0.3486000000000002,0.589744049767948
798d37754eefb2b729957287c1977e0d,CN1CCC(Nc2ccc(C(=O)Nc3n[nH]c4cc(OCCOCc5ccccc5)ccc34)cc2)CC1,0.6233999729156494,0.950502872467041,0.488919125361876,2.446628,-0.8605560064315796,0.9717748284339904,0,1,0,0.3103448275862069,4.9169000000000045,0.2685040120914857
d7784b3fe2ea1d6c2e18bb957031bf30,CC1CCCC(OCc2nnc(-c3ccccc3)o2)C1,0.399399995803833,0.6932126879692078,0.0911591217260469,2.855822,-5.979560852050781,0.0705473078414797,0,0,0,0.5,3.8319000000000023,0.8482689623679952
8320758b98d22d0687a9efac052b322c,CCn1c(C(=O)c2cc(C)cc(C#N)c2)c(C(C)C)c(=O)[nH]c1=O,0.5138000249862671,0.9064547419548036,0.2005321816964582,2.642855,-9.05494785308838,0.2949848502874374,0,0,0,0.3333333333333333,2.0909999999999997,0.8706178746362091
a0555f375e1255bb0dc7bbd772715c22,CC(C)C(=O)Nc1cccc(C=c2[nH]c(=O)c(=Cc3nc[nH]c3C(C)(C)C)[nH]c2=O)c1,0.5325000286102295,0.8943923115730286,0.3693529557098042,3.086573,-0.4119913280010223,0.8269370913505554,0,0,0,0.3043478260869565,1.3359000000000003,0.5074297671574214
f976658ca25aaa1772a297bcb5749da9,COc1c(O)c(CO)c(Br)c(OC)c1OC,0.5029000043869019,0.853987455368042,0.2084908959540453,2.600866,11.025453567504885,0.1476623475551605,0,0,0,0.4,1.6728,0.8835917181389893
7acab54a88e44d8235355c622ade6c7a,CN(C)CCNC(=O)C1CCC(N(C(=O)c2cc(Cl)c(N)c(Cl)c2)C2CC2)CC1,0.6173999905586243,0.6912948489189148,0.1908314742825248,2.554633,-10.502854347229004,0.6836158215999604,0,1,0,0.6190476190476191,3.416800000000003,0.6360539924517878
98f1a029f8731adbfc0250d536389f9b,O=C(O)C1=CC(=Cc2cc(C(c3ccc(O)c(C(=O)O)c3)c3ccc(O)c(C(=O)O)c3)cc(C(=O)O)c2O)C=CC1=O,0.7667999863624573,0.9964703321456908,0.1069466932253404,3.234297,12.021679878234863,0.1097634930163621,1,1,0,0.0333333333333333,3.6115000000000017,0.1516888347749587
c7a09deae547cbaace4701fb87518c71,Nc1nc(Nc2cc(Cl)c(-c3ccc(OC4CCNCC4)cc3)c(C(F)(F)F)c2)n[nH]1,0.7792999744415283,0.9973055124282836,0.751398582350124,2.798368,1.879118800163269,0.8443363308906555,0,0,0,0.3,4.600500000000002,0.4511133285708133
99b6ca07b1a4499db51aea7b7c3b49db,O=C1c2cccc(O)c2C(=O)c2c(O)cc(CO)cc21,0.5227000117301941,0.9975715279579164,0.2744089818813584,2.310382,11.296998023986816,0.2107685945928096,1,0,0,0.0666666666666666,1.3654999999999993,0.6203819640195609
5eb66107fa7b79d3567ef5144b83b0db,CC(=O)C1CCC2C3CCC(=O)C(C)(CCC(=O)O)C3C(=O)CC12C,0.5184999704360962,0.8572422862052917,0.0887906827371228,4.265352,12.203446388244627,0.0144207298522815,0,0,0,0.8,3.0471000000000013,0.8433422656360072
89413c8e0ff7411497053e567d81530d,Nc1ncnc2c1ncn2C1OC(CO)C(O)C1NC(=O)c1ccc2[nH]cnc2c1,0.5587000250816345,0.7074276208877563,0.3419063186103647,3.88843,7.832269668579102,0.5551595211029052,0,0,0,0.2777777777777778,-0.6660000000000004,0.2918926376135803
58e979ced6acfefbf65e48cc1d8933e8,Cc1cc(N(O)C2C=CC(OC(C)(C)C)C2)no1,0.4717000126838684,0.8666684627532959,0.0562163151969963,4.204026,1.933341145515442,0.1909226536750793,0,1,0,0.6153846153846154,2.6908200000000004,0.66173910740169
f8bb87abbd7ef0dc8fd0d50f1c582e72,CC1=CC(c2c(O)cccc2O)C(C(=O)c2ccc3c(c2O)C=CC(C)(C)O3)C(c2ccc(O)cc2O)C1,0.807200014591217,0.9983604550361632,0.3750659254464236,4.234163,10.152621269226074,0.636817580461502,0,1,0,0.2580645161290322,6.115300000000008,0.2097568276372265
4669925f3bc38d9c3dd19c02cedff52e,O=C(c1nc2n(n1)C(c1ccccc1)CC2F)N1CC2C(C1)C2(F)F,0.5769000053405762,0.7372931241989136,0.1146379494192925,4.343838,-6.862709999084473,0.4758363544940948,0,0,0,0.4705882352941176,2.618900000000001,0.8383409306170304
312a2639104bd69634b39bd0fcaf6e59,Cc1nc(N2CC3C(C2)C3(F)F)ncc1Cn1cc(C(=O)NC2CCc3c2n[nH]c3C)cn1,0.5910999774932861,0.6870856881141663,0.2501804070039229,4.408401,-0.6201051473617554,0.7258208751678467,0,0,0,0.5,2.17994,0.612486503248709
15da630acae5503d0d9d69aa8e2a9c61,Cc1nn(-c2ccccc2)c2nc(C(C)C)c(C=CC(O)CC(O)CC(=O)O)c(-c3ccc(F)cc3)c12,0.6717000007629395,0.9906293749809264,0.4028887369415976,3.495131,0.1464414596557617,0.6195700824260711,0,0,0,0.2758620689655172,5.258220000000007,0.2876174685427777
d294a6dec23aa91940ce688a51520d73,CCC(C)(C)C(=O)C(=O)N1C(C(=O)OCC=Cc2ccccc2)CSC1(C)C,0.5767999887466431,0.917701244354248,0.1545478051359003,3.398745,3.718963384628296,0.2801629513502121,0,1,0,0.5,3.928400000000003,0.5098450856623722
7df7fc83fe46feeb945a6959c302a247,COc1cn(CC(=O)NCc2ccc3c(c2)OCO3)c(CN2CCCCC2)cc1=O,0.4462000131607055,0.3061363399028778,0.1026910594241185,2.45119,-6.96653413772583,0.7530921459197998,0,0,0,0.4545454545454545,1.8878999999999997,0.746614439914814
c75becb0da74e4aa0472a6ecf3aca2c7,Cc1ccc(CNc2nc(C)nc(C(F)F)n2)cc1,0.4146000146865845,0.8324286937713623,0.0802956577390432,2.349872,-11.77800750732422,0.2255788370966911,0,0,0,0.3076923076923077,3.038140000000001,0.9217483359559272
3d6c7454a8351d009eea6115a6e883f3,CNC(=O)c1c(C)ccc2nc(Cn3nc(C(F)(F)F)cc3C3CC3)cc(=O)n12,0.6991000175476074,0.9151880741119384,0.1723589104684916,3.000182,-3.4085357189178467,0.5673735201358795,0,0,0,0.3684210526315789,2.503520000000001,0.7233241076396996
f53ed01d9c93b56ba3b579314b868e87,Cc1cc(NC(=O)COC(=O)CNS(=O)(=O)c2c(F)cc(F)cc2Br)no1,0.517799973487854,0.852165162563324,0.0438290761191059,2.536538,-10.09915542602539,0.3296632289886474,0,0,0,0.2142857142857142,1.4839199999999997,0.5897303835473123
fd65ac2ba5f11d164aba0f73711713a3,COc1ccc(C(C(=O)NC(C)(C)C)N(C(=O)c2cccc(Cl)c2)c2ccc(C3(C)NC(=O)c4ccccc4N3)cc2)cc1,0.5879999995231628,0.9641266465187072,0.3188535381447185,3.53386,-4.413960933685303,0.8046892046928406,0,0,0,0.2285714285714285,6.679600000000006,0.2167619680490985
2b930c1a32108808235466da5d258885,CCOc1ncccc1CN(C)S(=O)(=O)C1CC1,0.375,0.3343141078948974,0.0376733108000321,2.495463,-12.077692985534668,0.0444415941834449,0,0,0,0.5833333333333334,1.4043,0.7838032935013122
d7675fc258fda3afa9b4591cead92f1f,O=C(CCc1ccc(F)cc1)NN=Cc1cc(F)cc(Cl)c1O,0.5903000235557556,0.9468221068382264,0.3594909486445514,2.176514,-11.817729949951172,0.5205124855041504,1,1,0,0.125,3.406700000000002,0.6480261126083923
24dd1ddb58898ed5613f8cb687931f29,CCCOc1ccc(N2C(=O)CC(NNC(=O)c3ccc(COc4ccccc4)o3)C2=O)cc1,0.5446000099182129,0.6821997165679932,0.2083624269474636,2.851285,-6.86851692199707,0.6042660236358642,0,1,0,0.24,3.2139000000000015,0.3509036927095068
994441a9bdfb45852a49afdf2ed5b08b,O=C(O)c1cc(-n2[nH]c(=O)c3ccccc3c2=O)ccc1Cl,0.5022000074386597,0.8934927582740784,0.0918036868626421,2.124552,-11.542834281921388,0.0162408845499157,0,0,0,0.0,2.0305999999999997,0.7563366030162589
12f283a10854bdcbbfc604f0dbdb7021,CC(=O)OCC1OC(S(=O)(=O)CC(=O)NCc2ccccc2)C(OC(C)=O)C(OC(C)=O)C1OC(C)=O,0.5067999958992004,0.8043333888053894,0.0885746120051904,4.022473,8.193032264709473,0.4080977618694305,0,1,0,0.5217391304347826,-0.1992999999999971,0.3039917593964478
07a89ffebb6f53541ca8ac4269085d57,COc1ccc([N+](=O)[O-])cc1NC(=O)C1C2C=CC(C2)C1C(=O)O,0.536899983882904,0.8672065734863281,0.105210469527678,4.05652,-8.484262466430664,0.0320998473092913,0,1,0,0.375,2.0647999999999995,0.4838153350550454
1830b268bc65eb1d5a574887a88fe443,CC(=O)Nc1cccc(OCc2cc(=O)oc3ccc(Br)cc23)c1,0.5658000111579895,0.8986179828643799,0.2092815847559408,2.035382,-0.6624956130981445,0.5390864133834838,0,1,0,0.1111111111111111,4.092900000000002,0.6839339840868777
f64944b407ec47af295c2f0949c5e431,CC1(C)CC(=O)c2c(nc3[nH]c(=O)[nH]c(=O)c3c2-c2ccc([N+](=O)[O-])cc2)C1,0.5217000246047974,0.92972594499588,0.3580625436522744,2.797108,-2.4692986011505127,0.4466523110866546,0,1,0,0.2631578947368421,2.3417000000000003,0.516636836348195
44bfa489693d7f620804815aa87e87f2,CC(O)(C(=O)N1CCC(C2(c3nnc(-c4ccc(F)cc4)[nH]3)CC2)CC1)C(F)(F)F,0.5640000104904175,0.7558132410049438,0.186982584270564,3.624205,-6.34499979019165,0.7456837177276612,0,0,0,0.55,3.194300000000001,0.736115934621865
2109e67fb4fdf7afcbc20990c6d6c2a9,CC1CC(F)(F)CN1C(=O)c1nc(C(=O)NC(C)C(C)(C)O)sc1-c1cnc(NC(C2CC2)C(F)(F)F)cc1C(F)F,0.7172999978065491,0.7717773914337158,0.2887733361937783,4.772305,1.0578293800354004,0.7289397597312928,0,0,0,0.6153846153846154,5.654400000000006,0.3110492906697498
069c8a4b6a8c88b75602e0c985be7446,Fc1ccc(NC2=Nn3c(nnc3-c3cc(F)c(Cl)cc3Cl)SC2)cc1Cl,0.6557000279426575,0.9747156500816344,0.3819282854145223,2.960906,-7.061397552490234,0.7400018453598023,0,1,0,0.0625,5.562900000000002,0.5234654665498585
e59a028a54ae9c6747214645d8737f98,O=C(c1ccc2[nH]nnc2c1)N1CC2(CCN(c3nnc(-c4ccc(Cl)cc4)o3)CC2)C1,0.7053999900817871,0.8713827133178711,0.1484936909242109,3.366402,-2.2824864387512207,0.7180552244186401,0,0,0,0.3181818181818182,3.403900000000002,0.510693217049133
86bf79d0c707652ef941f562e1999b8f,COc1cc(CNC(C)(C)CO)cc(Br)c1OCc1ccc(Cl)cc1Cl,0.7653999924659729,0.9941840171813964,0.4531700773672624,2.339196,-11.532602310180664,0.9034845113754272,0,0,0,0.3684210526315789,5.204000000000005,0.5652486964152763
032bc40abb0ac4985eca5a738c12a077,COc1cnccc1-c1cccnc1Oc1ccc(Nc2nc3ccccc3s2)cc1,0.4945999979972839,0.95247620344162,0.4981688559055328,2.34409,-1.1739237308502195,0.9028499603271484,0,0,0,0.0416666666666666,6.297800000000004,0.3436758860671653
f788fd2908a9719c8745215ba7fd597b,CC(C)=C(c1ccncc1)c1ccc(-c2cccc(N)c2)cc1,0.6797000169754028,0.9960696697235109,0.2630987194451419,2.159502,-10.13573932647705,0.8657308578491211,0,1,0,0.0952380952380952,5.172500000000005,0.6774368465043263
2d20cf529025011496f26c03ffa2465d,O=C(O)C1CC=CCC1C(=O)NC1CCCC1,0.4041000008583069,0.7760977745056152,0.0692718200893564,2.990666,1.375994324684143,0.0015050857444293,0,1,0,0.6923076923076923,1.7121999999999995,0.734280194116758
0f05c5e6dcb191982fa41bb2e3875468,C=C(C)c1cc(Nc2nc(N3CCCC(N)C3)ncc2C(N)=O)cc(C(F)(F)F)n1,0.7224000096321106,0.941338062286377,0.5698411735621366,3.438023,5.187867164611816,0.8561905145645141,0,0,0,0.3684210526315789,2.6934999999999993,0.6781925345070947
dc396b1f7c7ddb73403465c93c9aeb61,CC(NC(=O)Nc1ccccc1)c1nc2ccsc2c(=O)o1,0.4916999936103821,0.8414557576179504,0.1937927678227424,2.793653,-10.174437522888184,0.1769589871168136,0,0,0,0.1333333333333333,3.132200000000001,0.7774351494678129
feb2a5ea8dbe2da81c2e2bc395727da6,CC(C)OC(=O)C(C)NP(=O)(OCC1OC(n2ccc(=O)[nH]c2=O)C(C)(F)C1O)Oc1ccccc1,0.6431000232696533,0.8707953691482544,0.156467428938909,4.375073,-1.1178845167160034,0.4129018902778625,0,1,0,0.5,1.6565000000000003,0.3052832297679623
32c2c14dc8161297f186539f3e0b00ea,COc1ccc(-c2c(-c3ccccc3)oc3ncnc(OC(C)CCCCC(=O)O)c23)cc1,0.6632000207901001,0.985636293888092,0.2266955158927223,2.953643,-0.3929548561573028,0.5981028795242309,0,1,0,0.2692307692307692,5.977700000000005,0.2995315020604693
19b2c735fd712ed8fb83dee506552932,CCNC(=O)C1OC(n2cnc3c(NCc4ccccc4OC)ncnc32)C(O)C1O,0.5235000252723694,0.7421010136604309,0.1298792138695716,3.617183,8.525708198547363,0.6061280012130738,0,0,0,0.4,0.2022999999999987,0.414816438855339
0f7dccb8f8a6a025aa71bfdb42422570,N#Cc1cccc(OCCN2CCOC(Cn3cccn3)C2)c1,0.2946000099182129,0.6096259355545044,0.1767897123301571,2.859737,-10.168931007385254,0.7272136211395264,0,0,0,0.4117647058823529,1.53458,0.8093324383212029
6c46d26f7346bc712916c4e69eedfa75,CCN(c1ccccc1C)S(=O)(=O)c1cc2c3c(c1)CCC(=O)N3CCC2,0.4801999926567077,0.4841066300868988,0.0739185559478673,2.479143,-7.860293388366699,0.7442670464515686,0,0,0,0.3809523809523809,3.435620000000002,0.8113961232462397
b4ac523e7a4ee0acaca78ac95861e6e4,COc1ccccc1C1CC(=O)C(=CNCCN(C)C)C(=O)C1,0.3952000141143799,0.6872290372848511,0.3624618730761788,2.501181,-2.4969029426574707,0.2186625689268112,0,1,0,0.4444444444444444,1.7458999999999996,0.4921069498832642
1a2618b4bb7ec5ccf3596e7816dba572,COc1cccc(-c2ccc3ncc(-c4cccc(NC(C)=O)c4)n3n2)c1,0.4717999994754791,0.9116688370704652,0.2254377942193638,2.166214,-5.345699310302734,0.8704203128814697,0,0,0,0.0952380952380952,4.030300000000002,0.5979511800994051
65119b3606303379de3ddcca98d43297,CC(C(=O)N1CCN([N+]([O-])=NOc2ccc([N+](=O)[O-])cc2[N+](=O)[O-])CC1)c1cccc(C(=O)c2ccccc2)c1,0.6503999829292297,0.946372926235199,0.143403932113539,3.430085,-1.4764829874038696,0.6414261102676392,1,1,0,0.2307692307692307,3.853200000000003,0.1263721307210052
a31de54a76791c992d4d07a7bff06555,Cc1ccccc1C=C1CN(C(=S)NCCc2ccccc2)CC(=Cc2ccccc2C)C1=O,0.5275999903678894,0.9721009731292723,0.4765205979347229,2.605275,-8.227545738220215,0.8949758410453796,1,1,0,0.2,5.772340000000006,0.3820524702998732
92dba02341bf726396e4ac34b4940ff5,CN(Cc1cnccn1)C(=O)c1ccnc(OC2CCC2)c1,0.4081999957561493,0.2642725110054016,0.059049517720599,2.458978,-10.017431259155272,0.0739747246727347,0,0,0,0.375,2.0751,0.8450270437103156
06772cf9c45d6377a3be7836958219ac,CC1=CN=C(C)C2NC(CCc3nc(-c4ccoc4)cn3C)=NN12,0.5029000043869019,0.7660953998565674,0.1427184770053083,4.31155,7.606551170349121,0.5400803327560425,0,0,0,0.3529411764705882,2.4933000000000005,0.9378016744562232
2d39e2425d7d9027113e8ceb985bca6c,Cc1c(Nc2nc(C3CC3)c3nc[nH]c3n2)cnn1CCOC(F)F,0.5163000226020813,0.8136909604072571,0.4590970575809479,3.276587,-7.955180168151856,0.7667214870452881,0,0,0,0.4666666666666667,2.718020000000001,0.6811376483101725
8123bb23bd80b8a56f6b72c312a22d20,CN(Cc1ccccc1)C(=O)C1=CC(C)(C)NC1(C)C,0.3249000012874603,0.6079443097114563,0.0836753357540477,2.603031,-6.813934803009033,0.4545114636421203,0,0,0,0.4705882352941176,2.7318000000000007,0.9173400961884064
81f39187d4eac9639e6275d90f4f454e,O=C1COCCN1c1ccc(Nc2nc(Cl)nc(N3CCOCC3)n2)cc1,0.5174000263214111,0.7331996560096741,0.3049248917536302,2.475863,-7.813532829284668,0.3131381556391716,0,0,0,0.4117647058823529,1.4684,0.8385001518829216
ddcfa50bf5b70c73ac6c58c275923a15,COc1ccc(-n2ncc3c2CC(C)(C)CC3NC(=O)c2oc(C)cc2C)cc1,0.451200008392334,0.7726825475692749,0.1959462816065008,3.10885,-8.801365852355957,0.8141676545143127,0,0,0,0.391304347826087,4.534240000000004,0.7067870241935098
2c9e9c1e39a73bb3619f651455f6c6db,C=C1c2cccc3cccc(c23)C1(Cc1ccccn1)Cc1ccccn1,0.6100999712944031,0.9934946298599244,0.3888885460116646,2.734122,-6.860814094543457,0.7880738615989685,0,0,0,0.12,5.379800000000005,0.494708900292342
9ccc882919df2f8e0c6c3dd04c0c783e,CC(C)(F)c1cc(NS(=O)(=O)c2cncc(F)c2)no1,0.4936000108718872,0.7943829298019409,0.095212288539518,2.82647,-2.911135196685791,0.0412940485402941,0,0,0,0.2727272727272727,2.2141,0.9356788072698524
03eaff03808a25180717593c238a00c3,O=C(O)c1ccc(C2Nc3c(Cl)cc(Cl)cc3C3C=CCC32)cc1,0.7825999855995178,0.9968190789222716,0.1935135071927851,3.382254,-9.578085899353027,0.2041642278432846,1,1,0,0.2105263157894736,5.518100000000003,0.6937463800405793
6d314d96c5c6af807e69c88d8596331c,Cn1c(=O)c2cc(NC(=O)c3ccccc3Cl)c(=O)oc2n(C)c1=O,0.5631999969482422,0.8431596159934998,0.1143984401767904,2.473129,-7.552646160125732,0.2715333849191665,0,0,0,0.125,1.0961,0.7356922387509547
ecd5093a918c277a336f38a48fdabb0b,COc1ccc(C=CCCC=CC=C(C)CCC(O)c2ccco2)c(OC)c1,0.4532000124454498,0.9287185668945312,0.3483767455274408,3.282812,9.20446491241455,0.9380157470703124,0,1,0,0.3333333333333333,6.106500000000008,0.376383810194185
a52954fbf7751f0b8744c764bdec1f79,COc1cc([N+](=O)[O-])ccc1NC(=O)Oc1ccc(NC(C)=O)cc1,0.5063999891281128,0.8024051189422607,0.2209972481835972,1.944399,-10.139892578125,0.4185400485992431,0,1,0,0.125,3.1727000000000007,0.6341927822076887
fce2910063ed2a039e8fc4e428276e8a,O=C(Nc1ccc(F)cc1)N1CCCC1c1ncc(-c2ccccc2)s1,0.503000020980835,0.7037506699562073,0.2563561079176989,2.589695,-9.40561580657959,0.6110028147697448,0,0,0,0.2,5.318200000000004,0.6809960723569504
80ffd8855828d61bfd3a31e705612c3a,COc1ccc2c(C(=O)C(C#N)=Cc3c[nH]c4cc(F)ccc34)c[nH]c2c1,0.5672000050544739,0.9853893518447876,0.6701370315118269,2.567517,-9.869532585144045,0.8470264196395874,0,1,0,0.0476190476190476,4.586780000000003,0.317660215931355
cbe2c8837c43332f0909207da35c0420,CC(C)(C)OC(=O)Nc1ccccc1C1(C)OC2COC3N2C1OC3(C)c1ccccc1NC(=O)OC(C)(C)C,0.5932999849319458,0.8149386048316956,0.3375248251990838,4.636656,-2.213813066482544,0.7110783219337463,0,0,0,0.5333333333333333,5.882100000000006,0.4832848662347945
3dbd9760fc9babc76fa8ba467eb0bacb,COc1ccc(CNC(=O)C2Cc3c(-c4cccc(C(C)=O)c4)ccnc3O2)cc1OC,0.4914000034332275,0.7092291116714478,0.1624382984909144,2.885534,-5.401480197906494,0.562973165512085,0,0,0,0.24,3.588300000000002,0.5744672123604706
e18533d1dc9fb9c4fe6d4f7685d21768,N=C(N)Cc1c(C(=O)NCc2ccc(F)cc2)nn(-c2ccccc2Cl)c1-c1ccc(Cl)cc1,0.6635000109672546,0.992577314376831,0.3168331235647201,2.47185,-8.71912670135498,0.9374364733695985,0,1,0,0.08,5.393670000000003,0.2363844476574055
077dae2d9c9e37a3833b096d521c1e01,CCN(C(=O)C1CC2C=CC1C2)C1CC(=O)NC1=O,0.4108000099658966,0.3881236612796783,0.0856446539559824,4.803244,-11.11894416809082,0.0112626258051022,0,1,0,0.6428571428571429,0.4622,0.5933939608654806
a7c62c0116ed3f576dd30115e836f1c6,CNc1ncnc2c(CNc3cc(NC(=O)c4ccc(N)c(C(F)(F)F)c4)ccc3C)cccc12,0.6746000051498413,0.9753845930099488,0.6001041477376764,2.571842,-2.628133535385132,0.9804619073867796,0,1,0,0.16,5.445320000000003,0.2738591943391688
33ee8039ea9bdaa43f28186e2bab62e7,CN1C(=O)C(NC(=O)c2n[nH]c(Cc3ccccc3)n2)COc2ccc(C#CC(O)C(F)(F)F)nc21,0.6740000247955322,0.8405499458312988,0.2204419482838023,4.070381,3.532576560974121,0.7849339365959167,0,1,0,0.2608695652173913,1.2189999999999992,0.4589892076339995
5facd78ecb30b80f890560d2e901aabc,CN(C)c1ccc(-c2ccc3c(=O)c4c([nH]c3c2)CCCC4)cc1,0.5756999850273132,0.9788002967834472,0.3756613054058768,2.243688,-3.7936136722564697,0.8461772918701171,0,0,0,0.2857142857142857,4.139900000000003,0.7706704063637853
5e1eadd6dd7d3f35c251447a3f646253,NCCCC(NC(=O)C(N)Cc1c[nH]c2ccc(O)cc12)C(=O)N1CCCC1C(=O)O,0.5529000163078308,0.7711614966392517,0.1572490317577665,3.409481,12.556670188903809,0.1172752141952514,0,0,0,0.4761904761904761,0.0426000000000021,0.3247981762342514
420fe96647350029c39dacf2d9104d91,c1ccc(-c2ccnc(Nc3cccc(-n4ccnc4)c3)n2)nc1,0.4810999929904938,0.9802467823028564,0.2831102541901849,2.277446,-7.375582695007324,0.8914742588996887,0,0,0,0.0,3.4679,0.6244606257257385
b90989640006bf68cf8f3bbed57fa99d,COC1=CC2C3Cc4ccc(OC)c(OCc5cn(Cc6ccccc6F)nn5)c4C2(CCN3C)CC1=O,0.5332000255584717,0.8367992043495178,0.3212124678221615,4.685152,-2.60870099067688,0.8068997502326966,0,0,0,0.4137931034482758,3.6704000000000025,0.4723418933216483
1cf05441006f6174021c698ed223308b,N=C(NC1CCC(CC2CCC(NC(=N)c3cccs3)CC2)CC1)c1cccs1,0.567300021648407,0.9314292669296264,0.2257549688220024,3.145472,-10.329009056091309,0.5520655512809753,0,1,0,0.5652173913043478,5.847440000000006,0.3442818517857912
71d39a04d93cf13810b27a462753e821,CC(C)CCSC(=O)OCC[N+](C)(C)C,0.4467000067234039,0.7754228711128235,0.1294748100706122,3.066939,7.560646057128906,0.6661317110061645,0,1,0,0.9090909090909092,2.608500000000001,0.5218290952805735
246f1119a4b667e9d5bcb1802878ae58,COc1ccc(CN(c2cc(C)cc(C)c2)S(=O)(=O)c2cccn3c(C)nnc23)cc1,0.5022000074386597,0.7048612236976624,0.1219059188257564,2.480978,-10.212546348571776,0.7885360717773438,0,0,0,0.217391304347826,4.058660000000003,0.4555796991199716
25594372a189b45f4c6e91ebe74efddb,CC(=O)Nc1ccc(Oc2ncccn2)c(Cl)c1,0.3919999897480011,0.7608078718185425,0.1624799509617415,2.004217,-9.479637145996094,0.0364593751728534,0,0,0,0.0833333333333333,2.880700000000001,0.9247599534152016
d02b292b7cecb096d45829748f908af1,Cc1ccc2c(c1)c1ccc3c4c1n2C(C)(C)C1CCC(C)(CC41)O3,0.6829000115394592,0.982138693332672,0.4525728686289353,4.797214,7.322081565856934,0.7212472915649414,0,0,0,0.4782608695652174,5.886420000000005,0.5010574389611554
9f306684c86e2705ac26ed8a1837168e,CCOC(=O)c1c(-c2ccccc2)nc(=O)n(Cc2ccc(Cc3cccc(C(=O)C=C(O)C(=O)O)c3)cc2)c1CC,0.6802999973297119,0.99410218000412,0.1754779138348319,2.835171,-4.067652702331543,0.3531230241060257,0,1,0,0.1818181818181818,4.9977000000000045,0.1120941318296276
5ba48f7563e38e6e8737425b8b7f7508,O=S(=O)(Nc1cccc(OCc2nc3ccccc3s2)c1)C(F)(F)F,0.4891000092029571,0.9680147767066956,0.3017980808561498,2.257203,-7.645110130310059,0.6783616185188294,0,0,0,0.1333333333333333,4.136800000000002,0.7134363146056781
0cc05a7ad10ef1cc1810faece9a85d4b,CN(C)c1cnc2ccc(-c3n[nH]c4nc(N5C6CCC5C(F)C(N)C6)c(CO)nc34)c(Cl)c2n1,0.7161999940872192,0.9608907103538512,0.5308471755547957,5.501403,-1.804855465888977,0.9258831858634948,0,0,0,0.4347826086956521,2.581300000000001,0.3886650535124149
50f67fdcfe9cf1fff70560ce9e5efc69,CC1(C)C=CC2=C(O1)C(=O)c1cccc(O)c1C2=O,0.5920000076293945,0.9961134791374208,0.4818596677346663,2.855653,10.561615943908691,0.237312513589859,1,0,0,0.2,2.390300000000001,0.7737165388616901
6af176f14a12a4e9be0b5342d8616d69,CC1=C(CCCOC(=O)N2CCCCC2)C2=C(C)C3(CC3)C(C)(O)C(=O)C2=C1,0.5745999813079834,0.8778247833251953,0.1553620814599774,4.018073,6.070454120635986,0.6897200465202331,0,1,0,0.6521739130434783,4.076000000000003,0.7408075240870896
e6e3d591168967dcc724cfa7d83f968c,CSC(=N)NN=Cc1ccc([N+](=O)[O-])cc1,0.387800008058548,0.9746050834655762,0.1290348195894197,2.660939,-8.191166877746582,0.169323655962944,0,1,0,0.1111111111111111,1.81607,0.3634025519792546
357d4b91661546f3c93ea45874986e7e,CNc1ccc(C=C2COc3ccccc3C2=O)cc1[N+](=O)[O-],0.5264999866485596,0.9865471720695496,0.467309297485785,2.377568,-8.140661239624023,0.5996478199958801,0,1,0,0.1176470588235294,3.295200000000002,0.5342055466370681
8dee231840d9646c2c69f41454c8e827,O=C(Nc1ccccc1Cl)c1cc2c(-c3ccccc3)nn(-c3ccccc3)c2s1,0.6205000281333923,0.941927134990692,0.3361365768042477,2.084536,-6.728201866149902,0.7459864139556884,0,0,0,0.0,6.659700000000004,0.3469120887049877
6fd5a9fe455af2224dd5bd00ba150181,Cc1ccc(NS(=O)(=O)c2cccc(-c3ccc(Cl)c(Cl)c3)c2)c(S(N)(=O)=O)c1,0.6998999714851379,0.9846518635749816,0.2269401374188336,2.164612,-5.387942314147949,0.5987905442714692,0,0,0,0.0526315789473684,4.417020000000003,0.5747265733905874
715cb5cbf812a28faadd5cf695bd6751,CC(Nc1nccc(N2C(=O)NC3(COC3)C2C(C)C)n1)c1cn(-c2ccc(C(F)(F)F)cc2)cn1,0.7059999704360962,0.9536075592041016,0.5089220242066816,4.541235,5.850625038146973,0.8637794971466064,0,0,0,0.4166666666666667,4.177400000000003,0.5262285871080499
94d092c6a321433527360be024a94c8a,Cc1c[n+](CCC(=O)O)ccc1C=Cc1cccc2ccccc12,0.6747000217437744,0.9657030701637268,0.287479666146365,2.538547,-7.361292839050293,0.2856598615646362,0,1,0,0.1428571428571428,4.080820000000003,0.7201852076759189
3dadd1d56d08c342d84adfae11397533,Cc1nc2nonc2c(N)c1Cc1ccc(Br)c(OCC(F)(F)F)n1,0.6288999915122986,0.9778968691825868,0.2728073078747415,3.243064,-6.18192195892334,0.6761445522308349,0,0,0,0.2857142857142857,3.197820000000001,0.6947799974520642
838025b2266ba1159d083db031f65800,Cc1c(N2CCN(Cc3cnccn3)CC2)c(=O)n(CC(N)c2ccccc2)c(=O)n1Cc1c(F)cccc1C(F)(F)F,0.6966000199317932,0.9420734643936156,0.3081476905129172,3.409984,-5.342642784118652,0.9838770508766176,0,0,0,0.3333333333333333,3.336820000000003,0.3111276169194065
c0d36505a95362782573206321341695,CCCCNC(=S)NS(=O)(=O)c1ccc(N2N=C(c3ccc(N(C)C)cc3)CC2c2ccc(OC)cc2)cc1,0.6028000116348267,0.9571154713630676,0.259130059318109,3.055789,-3.834355592727661,0.8784252405166626,0,1,0,0.3103448275862069,5.069800000000005,0.2622526976296776
878375a420cb772dc469f6ace5542429,Cc1[nH]c(-c2ccc3c(c2)OCO3)nc1C(=O)O,0.3641999959945678,0.9239498376846312,0.0287792705507441,2.341615,-8.420135498046875,0.0644201286137104,0,0,0,0.1666666666666666,1.8120199999999995,0.8436992433977405
49d2ce6087a0d8670abca6596f918b98,Cc1nc2cc(Cl)c(Cl)cc2n1Cc1nnc(S)n1-c1ccc([N+](=O)[O-])cc1,0.5684000253677368,0.9515767693519592,0.2908788323402405,2.652432,-9.923044204711914,0.6174820721149444,0,1,0,0.1176470588235294,4.477420000000002,0.2900573158782372
c7d0824f28687401a2d4e3df3e48ac2e,COc1ccc2c(c1F)C(=O)N(CC1(C#Cc3ccc(CN4CCc5ccc(F)cc5C4)nc3)NC(=O)NC1=O)C2,0.6283000111579895,0.8353905081748962,0.1842676553536545,3.686824,-1.9740291833877563,0.7491964221000671,0,1,0,0.2666666666666666,2.5124000000000004,0.3693322451522791
54d3934ba6586087b0e1220054a26503,O=C(COC(=O)c1ccc(O)cc1O)Nc1nnc(-c2ccccc2)o1,0.5443999767303467,0.9632441997528076,0.0866885117509148,2.150208,-6.2580461502075195,0.2343491852283477,0,0,0,0.0588235294117647,1.9433,0.5910521468560278
77da3734e04e865a0e884467c7a7b980,CC1(C)CC1(NC(=O)Nc1ccnnc1)c1ccccc1,0.4483999907970428,0.8221360445022583,0.1660245975310152,3.268638,-5.9065141677856445,0.1535164251923561,0,0,0,0.3125,2.9235000000000015,0.9092289025858384
55d88dea077095dec5a0edbb14556419,CC1(C)C(=O)NN=C1c1ccc(N)cc1,0.3763999938964844,0.7554333806037903,0.1376849871806123,2.637794,-7.734517097473144,0.2332748711109161,1,1,0,0.2727272727272727,1.1289000000000002,0.6716758295342997
2ea44bd55d23ec8045444760ffc1e53e,COc1ccc(-c2oc3c(OC)c(OC)c(OC)c(O)c3c(=O)c2O)cc1O,0.5519000291824341,0.973118007183075,0.3272601135752417,2.682587,11.59711742401123,0.6844426929950714,0,0,0,0.2105263157894736,2.6112000000000024,0.602037431972008
98cb6a81d709db50639843c3ba73a6b4,CC1CNCCC1NC(=O)C(F)(F)Oc1ccc(Cl)cc1,0.4810999929904938,0.7229673266410828,0.2512310675599358,3.260764,-3.6812736988067623,0.3686705738306045,0,0,0,0.5,2.4258000000000006,0.8962061131309746
c59708de8406f3cda429c26ff1ec32b4,COc1ccccc1CNC(=O)C(c1ccccc1)c1ccccc1,0.3966000080108642,0.7405133247375488,0.1498091339387676,1.728194,-10.53041172027588,0.7653504371643066,0,0,0,0.1363636363636363,4.143500000000003,0.7369510731291119
d0c967a7399e2a86895a76c43678fc5b,COc1ccc2c(c1)C(c1ccccc1)C1Cn3cccc3C1N2,0.6661999821662903,0.9502742886543274,0.3513357856056907,3.503106,-8.510763168334961,0.8931306600570679,1,0,0,0.238095238095238,4.425200000000003,0.7569702089681442
9ff9d97919575b274a7e71129509501f,CC(C)c1nccn1C1CCCN(C(=O)c2cccc3c2OCO3)C1,0.4201000034809112,0.2551028430461883,0.1051182082261551,2.99756,-11.3850679397583,0.8248265862464905,0,0,0,0.4736842105263157,3.2125000000000012,0.8600867016606183
8eb4c1ea4a7e3b14bcc15ee896074083,CCN(C)CC1CCN(C(=O)Nc2ccc3nn(C(C)C)cc3c2)C1,0.4458999931812286,0.3204804062843323,0.1255953337319872,3.044438,-4.276245594024658,0.9257969379425048,0,0,0,0.5789473684210527,3.4227000000000025,0.9048708570810058
56c9e61065d799b5bdd04650ccf41f5f,OC(C#CCN1CCCCCC1)(c1ccccc1)c1cccnc1,0.4925999939441681,0.9068498611450196,0.285472191192887,2.896997,-7.4901885986328125,0.8259727597236634,0,1,0,0.3809523809523809,3.196900000000002,0.8824610154243726
86e5a8eaa80ade278d63710224afbe4f,O=C(NCc1ccccc1)c1cnc2ccc(F)cc2c1O,0.5490000247955322,0.9020056128501892,0.2163206582719629,1.969906,-11.472357749938965,0.3765915513038635,0,0,0,0.0588235294117647,3.0095000000000023,0.7807069632893175
eed4e6e7478757807f5ffe7a1a7a3d66,CC1(C)C2CN(C(=O)C3(C4CCC4)CCC3)CC21,0.4214999973773956,0.4914273917675018,0.084005684253167,3.757863,7.249854564666748,0.5214726626873016,0,0,0,0.9375,3.071200000000002,0.734112738812122
04602e09bdee979a880fad0b868a1410,CC1(COc2cc(OCC3(C)CO3)c3c(=O)c4ccccc4oc3c2)CO1,0.6126999855041504,0.959318459033966,0.2806593796068972,3.518223,7.2085113525390625,0.766416358947754,0,1,0,0.3809523809523809,3.281600000000002,0.4910336248740415
244782f4ee18b5972a265eb9d23dcf97,O=C(CSc1nnc(-c2ccncc2)o1)Nc1cc(F)ccc1F,0.4589000046253204,0.739748477935791,0.1371797661889683,2.156718,-8.714790344238281,0.3679118305444717,0,0,0,0.0666666666666666,3.140600000000001,0.7136137749480405
a444f9f155496e2049d50be7d0b64f38,CCc1ccc2oc(-c3ccc(N)cc3Cl)cc(=O)c2c1,0.6610999703407288,0.9771931767463684,0.2439078851179643,2.185292,5.022468566894531,0.6166637778282166,0,1,0,0.1176470588235294,4.258000000000002,0.7193804175723654
8031cce8055cd755c3d23e599695bfb9,CN(CC(F)(F)F)C(=O)CNc1cc(-c2cnc(NC(=O)C3CC3)cn2)cnc1C#N,0.5163999795913696,0.8034499883651733,0.1071524640375917,2.989504,1.7341026067733765,0.5928830325603485,0,0,0,0.3684210526315789,2.1913799999999997,0.6859298024936126
83b5f41644d6d0f980130652147515e0,O=C(O)CN1CN(Cc2cccc([N+](=O)[O-])c2)S(=O)(=O)c2ccccc21,0.5842000246047974,0.8682568073272705,0.081511146642945,2.649591,-8.88788890838623,0.2012289255857467,0,1,0,0.1875,1.6477999999999997,0.6209250481577978
09acb854b4826ccfd8556653b859536b,O=Cc1cc(O)c2[nH]c3ccccc3c2c1,0.4948000013828277,0.9963806867599488,0.3684130649675022,2.219449,10.48513889312744,0.3201524287462234,0,1,0,0.0,2.839200000000001,0.6079102542912596
a6fdd9224f42271d661017192390ba1d,O=C(c1cncs1)N(c1ccc(Cl)cc1)S(=O)(=O)c1cc(Br)cc(Cl)c1O,0.7443000078201294,0.9945048093795776,0.2411085543307391,2.771081,4.482741355895996,0.5512664794921875,1,0,0,0.0,4.953700000000003,0.5391197778967914
a3b2612879252ac015ca8433d1fa33f5,Nc1ncnc2c1C(=O)N(c1ccc3c(ccn3-c3ccccc3C(=O)C(F)(F)F)c1)CCO2,0.756600022315979,0.9663497805595398,0.4732685874808918,3.011416,-4.813035011291504,0.8117513060569763,0,0,0,0.1304347826086956,3.786900000000003,0.4601663891759737
dc4291dc3902b2a2a2b854d7bdb76d30,COc1cc(SC)ccc1C(=O)N(C)Cc1ccccc1,0.3617999851703644,0.4894620776176452,0.0863959577611901,1.863221,-12.174620628356934,0.6013769149780274,0,0,0,0.2352941176470588,3.689300000000003,0.7888780121660582
db4d5d0ce0c083851bdda671ef456a2b,O=C1CSC(Nc2ccc(F)cc2)=N1,0.3499999940395355,0.8633888959884644,0.1235422022979367,2.24613,-1.8785706758499143,0.2658106490969658,0,0,0,0.1111111111111111,1.867,0.7688929898217037
d3919a00e2dfed730460815e6be5d603,CC(N)CNc1cnc(C(N)=O)c(-c2cc3cc(-c4cnn(C)c4)ccc3[nH]2)n1,0.5602999925613403,0.9160841703414916,0.3631264994090253,3.393506,0.5697928667068481,0.8623299121856689,0,0,0,0.2,1.8833999999999993,0.3961262422621082
2d5b1e8104c4237e7a6eacf28e36c2ca,CC(C)(C)S(=O)(=O)c1cn2c(-c3cc(N)nc(Cl)c3)cnc2cc1OC1CC1,0.6589999794960022,0.8836822509765625,0.3131828971884467,3.185394,7.595703601837158,0.6384273052215577,0,1,0,0.3684210526315789,3.745300000000002,0.6450389361235054
6743a6f3623e854ae9737faf89ad2165,O=C(O)Cc1ccc(C(=O)c2ccc(Oc3ccccc3)cc2)cc1,0.5788999795913696,0.9569482803344728,0.1904796863144094,1.660047,-8.37647533416748,0.0758136309683323,0,0,0,0.0476190476190476,4.337000000000002,0.6822022706932702
b8d962855bf671c4acf5d980239007ef,CC(O)Cn1nc(C2CCN(S(=O)(=O)C(F)(F)F)CC2)c2cc(C(c3ccc(Cl)cc3)c3ccc(Cl)cc3)ccc21,0.7763000130653381,0.9965776801109314,0.3979735807939009,3.440892,-7.8763322830200195,0.9417455554008484,0,1,0,0.3448275862068966,6.933100000000007,0.2259220012184575
9480b761a78c4fbbc373cc357038a421,O=C(Nc1cc(O)cc(Cc2ccccc2)c1)N1CCOCC1,0.3601000010967254,0.6511378288269043,0.102400688115846,2.006536,-8.37448501586914,0.4198355287313461,0,0,0,0.2777777777777778,2.8471,0.915897143508888
c41725139e6a0051f67bbfe1fd26eb7f,O=C(O)c1cnc2cc(OCCOc3ccc(Br)cc3)ccc2c1O,0.67330002784729,0.99176824092865,0.1545456085692752,2.166927,-2.415674924850464,0.1925057008862495,0,1,0,0.1111111111111111,3.8589000000000016,0.6069912683273992
a86e8b18fad7c4d5e94825ab6be74147,COc1ccc2c(c1)CCN(CCCc1c[nH]c3ccc(Br)cc13)C2,0.6607999801635742,0.9867340326309204,0.5652769858186896,2.220229,-0.0506855249404907,0.9768909096717836,0,0,0,0.3333333333333333,4.929900000000004,0.6591317169943204
66b91ad3394d2648a851d6036ce85d48,CC(C)c1ccc(COC(=O)c2cc(NCc3cc(O)ccc3O)ccc2O)cc1,0.6902999877929688,0.9959335327148438,0.3244252055883407,2.218317,-9.210713386535645,0.7856990814208984,1,1,0,0.2083333333333333,4.895900000000006,0.328554380105499
a8ef1f40e25974185d04f204a863932b,CCC(=O)NC(Cc1ccc2ccccc2c1)C(=O)NC(C(=O)NC(CCCCN)C(=O)NC(CC(C)C)C(N)=O)C(C)CC,0.6416000127792358,0.9757063388824464,0.377047369425947,3.858259,6.098359107971191,0.7451975345611572,0,1,0,0.5588235294117647,2.4380000000000033,0.1303645511380343
01cb2349b9d89516793675d2408108a5,N=C(N)NC(=O)c1ccc(-c2cccc(F)c2)o1,0.4736999869346618,0.9165011048316956,0.1612134667282754,2.301079,-8.718379974365234,0.2040846079587936,0,1,0,0.0,1.7089700000000003,0.5567960522744388
fc62de0da461defde86d20559353c984,NC(=O)c1ccccc1NC(=O)Nc1ccc(Cl)c(Cl)c1,0.6765999794006348,0.9945541620254515,0.3057657161896879,1.697008,-9.987762451171877,0.3533240139484405,0,0,0,0.0,3.736300000000001,0.8034191838666707
f6c295db7e4ded55f465915f6759b8c9,O=C(NCc1ccccc1Cl)c1sc(=S)n2c1[nH]c(=O)c1cc(Br)ccc12,0.7427999973297119,0.9834611415863036,0.1850593049417842,2.584083,-5.227832317352295,0.6757027387619019,0,1,0,0.0555555555555555,4.917690000000002,0.4091805923690809
14f78dee0645189d9b49a0f9ec25d6cd,Cn1c2ccccc2n2c(=O)c(-c3ccsc3)nnc12,0.4934999942779541,0.7997777462005615,0.0591361644593152,2.579202,-12.585826873779297,0.4849282443523407,0,0,0,0.0714285714285714,2.3096999999999994,0.5381082928823704
83c1c31d76165a09b8c69e3fca801d95,COC(=O)C1CCc2[nH]c(-c3c(NC4CCC(N)CC4)cc[nH]c3=O)nc2C1,0.6184999942779541,0.8491805791854858,0.1432187408208847,3.620868,-5.674229145050049,0.7561389207839966,0,0,0,0.55,1.7246999999999997,0.5939244822266433
ef7ed1dbaab54a3287412f61a89623a9,CCCNC(=O)NC(=O)CN1C=Nc2ccccc2S1(=O)=O,0.3725000023841858,0.274535983800888,0.0380482636392116,2.816728,-7.737207412719727,0.0419193293899297,0,0,0,0.3076923076923077,0.5865000000000001,0.844506584464443
2db2dd104e4b1ddf5ad400a9c05fe964,CC(=O)NCC1CN(c2ccc(N3CCN(c4ccccn4)CC3)c(F)c2)C(=O)O1,0.8424999713897705,0.7413116097450256,0.0836205313151532,2.819005,-7.967453956604004,0.4453641057014465,1,0,1,0.3809523809523809,2.008599999999999,0.8081379705416846
a5a1b501dab4af01e46be9b3dc543277,Cc1cc(Cl)ccc1NC(=O)c1cn(-c2cc(-c3noc(C4CC4)n3)ccc2C)nc1C,0.5861999988555908,0.9568896293640136,0.2627146582711827,2.493469,-11.922149658203123,0.5952081739902496,0,0,0,0.25,5.630660000000004,0.4280794462022102
6917857db644c850d5bde848964dc820,CCN(Cc1ccccc1)c1nccc(-c2sc(NC(=O)N3CCCC3(C)C(N)=O)nc2C)n1,0.6136999726295471,0.797688364982605,0.2155520353804935,3.342466,-2.5947864055633545,0.7438694596290588,0,0,0,0.375,3.806720000000002,0.5321587282055148
2f98af2440a4061ffde3ae48d11158bb,CS(=O)(=O)NC1CCC(CCN2CCN(Cc3cccc(C(F)(F)F)c3)CC2)CC1,0.6110000014305115,0.8573082685470581,0.2582998716018416,2.346272,-7.137400150299072,0.9855647444725036,0,0,0,0.7142857142857143,3.321100000000002,0.6968684793893721
ba900d9b40835b9f4da73520a3bee67c,Cc1c(-c2cnn(-c3ccc(C(=O)N4CCN(C)C(C)C4)cn3)c2O)ccc(C#N)c1F,0.6413999795913696,0.7939015626907349,0.2025929987430572,3.417442,-9.91334342956543,0.8217184185981751,0,0,0,0.3043478260869565,2.7352000000000016,0.6807408441849836
344cd54b0a7d802a7ca4eb4ee8668335,C=C(C)C1CCC2(C(=O)NCC(=O)NC(Cc3ccccc3)C(=O)O)CCC3(C)C(CCC4C5(C)CCC(O)C(C)(CO)C5CCC43C)C12,0.6725000143051147,0.9206395149230956,0.2256080061197281,5.003849,10.609475135803224,0.2567710429430008,0,1,0,0.7317073170731707,5.905600000000007,0.2066894876566093
b22f1829bfad76df766829fac6451c03,COc1ccc(Cn2c(Cc3c[nH]c4ccccc34)nnc2C(Cc2c[nH]c3ccccc23)NC(=O)C(C)(C)N)cc1,0.5083000063896179,0.9154948592185974,0.3803255002606999,3.21701,-3.63811707496643,0.9019816517829896,0,0,0,0.2424242424242424,5.025700000000002,0.1867221236309265
7decd8b1564befc6b7035535e01bb2d0,COc1cccc(OC)c1-c1c2nccc(-c3ccc(F)cc3F)c2cc[n+]1[O-],0.6978999972343445,0.9829751253128052,0.4473059394142844,2.697991,-0.2666796147823334,0.9025668144226074,0,1,0,0.0909090909090909,4.497600000000004,0.3778414697953484
78e38bc7ba4c96ccfa90454dd9eafbd4,CC1(C)CC(COS(C)(=O)=O)C(=O)O1,0.3987999856472015,0.7149071097373962,0.0470254335721785,3.470476,4.602565765380859,0.0424122815486043,0,1,0,0.875,0.3043,0.5072699816094327
67258759e6409488ae4a5e15843cad1a,Cc1ccc2c(c1)c1c3c(c(C)cc1n2CCCN)C(=O)NC3=O,0.5961999893188477,0.9755239486694336,0.3463509340177882,2.594761,4.946788787841797,0.720294189453125,0,1,0,0.2631578947368421,2.64374,0.7280971180189718
bb45f404e9b30f9c47ff4ab8c3835d34,CCCOc1ccc(C(=O)C=Cc2cc(Cl)c(OC)cc2OC)cc1,0.5457000136375427,0.9708972573280334,0.5770505666732788,2.059652,-3.853725671768189,0.4520884335041046,0,1,0,0.25,5.042100000000005,0.4882419475850312
0621d5515bfc1cefe58c18b38097b6b4,CN(C)c1c2c(c(O)c3cc(CNC(C)(C)C)ccc13)C(=O)C1=C(O)C3(O)C(=O)C(C(N)=O)=C(O)C(N(C)C)C3CC1C2,0.8450000286102295,0.9974902868270874,0.222334933551875,4.588832,11.137999534606934,0.6204573571681976,0,1,1,0.46875,2.227900000000001,0.2823477701223967
c1abc52f013ef7bae8522c9afe46f18a,COc1cc2[nH]c(C)c(-c3ccc(-c4ccc(OC(F)(F)F)cc4)nc3)c(=O)c2cc1Cl,0.7379999756813049,0.9941776394844056,0.5627948804335161,2.503074,-12.143710136413574,0.8263632178306579,0,0,0,0.1304347826086956,6.126120000000003,0.3978872014048084
77e5780db30a76f75d03fee342f844b7,O=C(NC(=S)N1CCNC1=S)c1ccc(F)cc1F,0.5083000063896179,0.8376637101173401,0.0912988523698665,2.604582,-3.623472452163696,0.3290354311466217,0,1,0,0.1818181818181818,1.1696,0.7625127352667097
333b6b5a21dd17fb3a1635a0fcdfac5a,NC(Cn1cc(Br)c(=O)n(Cc2ccccc2C(=O)O)c1=O)C(=O)O,0.5813000202178955,0.926335334777832,0.0767856974324042,2.949532,0.4408369660377502,0.0436545085161924,0,0,0,0.2,-0.0691000000000007,0.6024513360206784
47fa56e9c2680c61bf795d57b53ef48b,NCC1CCC(C(=O)N2CC(N3CCN(S(=O)(=O)C4CC4)CC3)CC2C(=O)Nc2ccc(C(=O)O)cc2)CC1,0.6283000111579895,0.6218148469924927,0.0268649139272218,3.489937,2.1538009643554688,0.3497807905077934,0,0,0,0.6666666666666666,1.167700000000004,0.4275494144215465
5bab0c8d1925d26fb8900032e5a4f751,CCCc1noc(CCC(=O)Nc2ccc(-n3cccn3)nc2)n1,0.3447000086307525,0.4757523536682129,0.0982994164594195,2.405476,-11.205281257629396,0.1578458800911903,0,0,0,0.3125,2.1741,0.7142104915359447
493c6653e297efb0be94c17ef5d0d232,CC1(C(=O)O)CCC2(C)CCC3(C)C(=CC(=O)C4C5(C)CCC(=NO)C(C)(C)C5CCC43C)C2C1,0.6668999791145325,0.9764786958694458,0.1861829559572718,4.949767,10.665614128112791,0.122948033362627,0,1,0,0.8333333333333334,6.881900000000008,0.3142057243441357
bcf30bd52f603d17f05f24899dc1b4a1,Nc1ncc(C2CCOC2)nc1-c1ccc(C(=O)NC(CO)c2ccccc2)cc1,0.5782999992370605,0.8784533739089966,0.1916722567244009,3.195653,-0.9271550178527832,0.6621745586395263,0,0,0,0.2608695652173913,2.693100000000001,0.5826237204659082
34f6981b61e4965da2f9f8cffe4fa2d0,O=C(NO)C(=Cc1ccccc1)C(=O)NCc1ccncc1,0.3871000111103058,0.7841788530349731,0.1885152547196908,2.314231,-7.901520729064941,0.2325074970722198,0,1,0,0.0625,1.2867999999999995,0.2548547670084765
aea4b8e203b9552731de02b889560664,Cc1ccc(C(C(=O)O)N2CCCN(Cc3ccccn3)CC2)c(F)c1,0.5511999726295471,0.6452513933181763,0.1179923591288653,2.65189,-9.644434928894045,0.5605529487133026,0,0,0,0.4,2.8627200000000013,0.8917337405057868
c5cdc307f7ddbf37880dd0c92094a6cb,CCCN1C(=O)c2ccccc2C(C(=O)O)C1c1ccc(Oc2ccc(C)c(C)c2)cc1,0.7001000046730042,0.973582684993744,0.1604520339857448,2.983922,-6.206768989562988,0.3595330953598022,0,0,0,0.2592592592592592,5.871040000000006,0.5320274767926849
101cba68bea6948071ca5a4f21be9842,O=C1CCc2cc(Br)ccc2N1,0.4036000072956085,0.8401530385017395,0.1365369057113474,2.074318,-10.286791801452637,0.1159808978438377,0,0,0,0.2222222222222222,2.3338,0.7221598818252494
5c82e20c04512df3e54744e4179afb68,CNCCN(C)Cc1nn2c(c1C1CCC3(CCCCO3)CC1)CCC2,0.5077999830245972,0.6227501034736633,0.1139198673719709,3.722507,2.1440913677215576,0.7112629294395447,0,0,0,0.8571428571428571,3.077400000000001,0.8465297551996278
7735effd4e0c84e10076cd649520ffde,C=CCOc1ccccc1CN1CCN(c2ccccn2)CC1,0.389299988746643,0.7181884050369263,0.1568284214220263,2.005123,-10.668158531188965,0.975968873500824,0,1,0,0.3157894736842105,2.9686000000000012,0.7671487866405469
82177320b059068c3615ddc0959ad4a0,CN(Cc1ccc(Cl)cc1)c1cc(C(F)(F)F)nc(NCCN2CCCCC2)n1,0.741599977016449,0.9620529413223268,0.6553425219925967,2.450343,-4.676046371459961,0.9865274667739868,0,0,0,0.5,4.683000000000003,0.6944771014612531
a89420c5ca5d65c001093cd3e9bca43f,Nc1c(Br)c(=O)[nH]c(=O)n1-c1ccccc1,0.3948000073432922,0.8655734062194824,0.110340922393582,2.19861,-7.706874847412109,0.0522867795079946,0,0,0,0.0,0.8705,0.8139774290362692
eed06ee0f30b28ebe31305723e9fe417,COc1ccc(C(CCCN(C)S(=O)(=O)c2cccs2)N2Cc3c(cccc3N3CCN(C4CC4)CC3)C2=O)cc1OC,0.7279000282287598,0.8413515686988831,0.1818162697282704,3.369959,-7.466660499572754,0.9651330709457396,0,0,0,0.46875,4.847700000000005,0.2851319055035619
679a8e7625c5e79f7df33f8d630d37da,COc1cccc(C(=O)NCc2c(C)cc(C)[nH]c2=O)c1OC,0.2863999903202057,0.4621091783046722,0.0761622954159975,2.148834,-10.36822509765625,0.2637544244527817,0,0,0,0.2941176470588235,1.9389399999999997,0.8831778719614684
a310015a8257d5f45f3c090154b58c0c,COc1ccc(C=Cc2onc(C)c2-n2c(C)nc3nc4ccc(Cl)cc4cc3c2=O)cc1,0.5493000149726868,0.956701636314392,0.303704097867012,2.803724,-4.415561676025391,0.70231853723526,0,1,0,0.12,5.371140000000005,0.336498491538973
51cbc117ce78f81b60dbbd361aa371df,N=C(N)c1ccc2oc(CCc3ccc(OC4CCNC4)cc3)cc2c1,0.6941999793052673,0.9911836981773376,0.351426436142488,2.936434,-4.3556623458862305,0.9081554651260376,0,1,0,0.2857142857142857,3.242770000000002,0.4710737173064953
182cf5a6f516146aa7b8f0ed248b28f2,Cc1ccc(CNC(=O)CCS(=O)(=O)c2ccc3c(c2)oc(=O)n3C)cc1,0.335999995470047,0.5128732323646545,0.1089387532662261,2.254845,-10.621461868286133,0.3252813667058944,0,0,0,0.2631578947368421,1.92012,0.6956119876967957
2380d0926f3dc1a01a216016bd9f3e80,COc1cc2cc(Cn3cc(CN4CCCc5ccccc54)nn3)c3cc(OC)c(OC)cc3c2cc1OC,0.588100016117096,0.9034960865974426,0.2760045128789815,2.689972,-3.748206377029419,0.9261991262435914,0,1,0,0.2903225806451613,5.620000000000006,0.2440834984809323
43281a9ab53e4e6470212402e85c54d3,COc1ccc(OC)c(NC(=O)c2ccc(C#N)cc2)c1,0.3079999983310699,0.6473703980445862,0.1585520126602866,1.65436,-7.131633281707764,0.596483689546585,0,0,0,0.125,2.8277800000000006,0.9355901163482626
19d48cb6435c86ad07402763356d2b2b,Cc1cccc(C2CCCN2CCCn2nnc(-c3ccc(Cl)cc3)n2)c1,0.5835000276565552,0.9241498112678528,0.1955117996443401,2.732251,-2.8914339542388916,0.8135299801826477,0,0,0,0.3809523809523809,4.529120000000003,0.6289709241796301
ac4c91bd69940942e078f6d8975b5df9,CC1(C)CC(O)C23C(O)CC4(C)C5(C)CCC6C(C)(C)C(O)CCC6(C)C5CCC4(OC2O)C3C1,0.642300009727478,0.913022756576538,0.4431598105213858,6.411326,10.514969825744627,0.7288047313690186,0,0,0,1.0,4.6417000000000055,0.3971325281764085
e89afd3aee13c2ddc92a0f0109fac306,C=CCn1c(C)c(C(C)=O)c(N2CCN(C(c3ccccc3)c3ccccc3)CC2)nc1=S,0.6473000049591064,0.905363380908966,0.2151902568611231,2.593288,-8.793103218078613,0.9224555134773256,0,1,0,0.2962962962962963,5.2212100000000055,0.2757898715391483
a65c729b1b632321beef3e494d4a85ac,O=C1NCc2nc(-c3c(F)cccc3F)cc(Nc3ccc(N4CC(O)C4)cn3)c21,0.6834999918937683,0.94765704870224,0.4225153503092853,2.955961,-3.2440860271453857,0.7701655507087708,0,0,0,0.1904761904761904,2.589700000000001,0.6138314959709966
211fcb0cfc094304795e09ffb6082305,CN1CCN(CCCN=C2CC(c3ccc(Cl)c(Cl)c3)Cc3c2c(=O)c2cc(Cl)ccc2n3O)CC1,0.7412999868392944,0.989058256149292,0.6472916007041931,3.437535,-10.10275650024414,0.9758906483650208,0,1,0,0.4074074074074074,5.355600000000005,0.3452855228759114
1d0966389370cc2e06b7d6f0352fbd01,O=C(C(O)CS(=O)(=O)CCO)N1CC=C(c2c(F)cc(N3CC(COc4ccon4)OC3=O)cc2F)CC1,0.7753000259399414,0.8327407836914062,0.1833514591509645,4.149098,10.184722900390623,0.4609493911266327,0,0,1,0.4347826086956521,0.7407000000000001,0.4265744777505934
b25164bdcf16596556e17470397aaffb,Nc1ncc2c(n1)c(-c1cc(-c3cc4ccccc4s3)c3[nH]ncc3c1)cn2CCCO,0.694599986076355,0.992869794368744,0.5942163968628104,3.027466,-9.927124977111816,0.937631356716156,0,0,0,0.125,4.8209000000000035,0.3563343678728621
d5ff20d3852cc67d56d3bd926f4f39f6,CCCCc1c(O)n(-c2ccccc2)c2nc3c(c(=O)n(C)c(=O)n3C)n2c1=O,0.5950000286102295,0.8310021758079529,0.1772109642624855,2.6823,-10.993298530578612,0.7187549531459808,0,0,0,0.3,1.0839999999999996,0.5570075160629365
fa95d27bd659cea4f04e376b79a597a4,CC(=O)NC(C)COC1CC(COc2ncnc(OCc3cncs3)c2Cl)C1,0.5644999742507935,0.8170487284660339,0.241238694299351,3.606926,-3.875642061233521,0.2078653275966644,0,0,0,0.5555555555555556,2.8641000000000005,0.6235420400049425
06ede177d2b515f916dec1e8bd7836a2,N#Cc1ccc(-n2sc(-c3ccccc3Cl)cc2=O)cc1,0.63919997215271,0.990963578224182,0.1703051379458471,2.503701,-7.327127456665039,0.3543029308319091,0,0,0,0.0,4.0910800000000025,0.7151277640604543
045f178af895642dc60e6f52fafe19c2,Cc1c(C(=O)CC(=O)c2cnn(C)c2C)cnn1C,0.3388999998569488,0.6482109427452087,0.081770614974878,2.59686,-7.991106033325195,0.0275069544557482,0,1,0,0.3846153846153846,1.2261399999999998,0.6120358852859713
26b59f78af1084249ef00e22fba7a58c,CC1CN(c2cccc3c2cnn3-c2ccccc2F)C(=O)N1Cc1ncco1,0.5853000283241272,0.6864745616912842,0.2205852188847281,3.341527,-3.9016764163970943,0.7921347498893738,0,0,0,0.1904761904761904,3.9833000000000034,0.5276978947416203
1f1bf4c5a87b7138ba052cf11096ecfb,COc1ccc(Cn2nnc(C(=O)Nc3ccc4c(c3)OCCO4)c2N)cc1Br,0.6284000277519226,0.8733128309249878,0.1837666827169331,2.372581,-8.753350257873535,0.7949277877807617,0,0,0,0.2105263157894736,2.7032,0.6020780941586109
789fca99c801e0d6501f2439e498826d,CN(C)C(=S)N=c1ssc(=S)n1C1CCCCC1,0.5936999917030334,0.8534241914749146,0.0998947138878892,3.435138,-4.4207963943481445,0.1605598285794258,0,1,0,0.7272727272727273,3.592990000000002,0.5827074162968817
f6cf16ecf6c1d61c8ebe30b40f51fa69,O=C(NC1(C(=O)O)Cc2ccccc2C1)c1cccc(OCc2cccnc2)c1,0.5295000076293945,0.8567507863044739,0.1571664071895859,2.299147,-9.030463218688965,0.2809872090816497,0,0,0,0.1739130434782608,3.0126000000000017,0.6776995532317018
952a80e7554a17d2bc46576a0578fda7,CCc1ccc(-c2cc(C)no2)cc1S(=O)(=O)Nc1ccc(Cl)cc1,0.6025000214576721,0.9658308029174804,0.1807668649337508,2.195732,-6.868319988250732,0.5251270711421967,0,0,0,0.1666666666666666,4.6666200000000035,0.7020341548944147
d7fc10c90f928639d7e64573cb2c5c3f,CCCSc1nc(N2CCCC(CC(=O)O)C2)ccc1C(=O)N(C1CCCCC1)C1CC1,0.6297000050544739,0.7755863666534424,0.2215003229000351,3.204057,-8.801763534545898,0.2530343532562256,0,0,0,0.72,5.212100000000005,0.5109982461394873
93d23986d4541b6e0501de76676d0145,COc1ccc(CCNCC(=O)Nc2ccc(C)c(S(=O)(=O)N(C)C)c2)cc1OC,0.4029000103473663,0.5640105605125427,0.0887275504117662,2.129853,-10.56808853149414,0.857781994342804,0,1,0,0.3809523809523809,2.03332,0.5545616050044841
8c1d1a7e5c9c3099037b7da47c94424b,C=CCOc1cccc(C2C(C(=O)c3ccco3)=C(O)C(=O)N2Cc2ccncc2)c1,0.5097000002861023,0.8324467539787292,0.1319682408462871,2.954121,-7.706830024719238,0.4827432155609131,0,1,0,0.125,4.017900000000002,0.4404510841615315
3105a00b68f021d344f9facfc11577cc,O=C(Nc1ncnc2c1cnn2CCN1CCCCCC1)C1CCOCC1,0.4047000110149383,0.4607371091842651,0.0946191925216804,2.494769,-11.378084182739258,0.745709753036499,0,0,0,0.6842105263157895,2.0673999999999992,0.8647831394066218
cb6964ae342be5875ea9f0173e98b662,CCN(CC)S(=O)(=O)c1cccc(C(=O)NCC2CCCO2)c1,0.3127999901771545,0.2144228368997573,0.051854525946758,2.482716,-8.161581993103027,0.326997771859169,0,0,0,0.5625,1.6258999999999997,0.8183797640304312
0f83cc07b0169091c95fc48d4f4ad331,CC(C)CNC(=O)C1Nc2ccc(C(F)(F)F)cc2C2C=CCC12,0.6243000030517578,0.8785431981086731,0.2758460126139901,3.612435,-9.01962184906006,0.788077425956726,1,1,0,0.5,3.9314000000000022,0.8200750773024733
280526028327077e5d70f05eb1ab8919,CCOC(=O)c1ccc2c(c1)nc(-c1ccccn1)n2CC,0.4176999926567077,0.8634187579154968,0.1059932387010617,2.051402,-6.800571441650391,0.5355862140655517,0,0,0,0.2352941176470588,3.294900000000002,0.6929730240144317
9200af5dca277883a978ffda4d72b929,CCc1nc(C(=O)N2CC(C)CN(C)c3ccccc32)c[nH]1,0.4485999941825866,0.4338151514530182,0.0934701887044039,3.407717,-5.577652454376221,0.920682680606842,0,0,0,0.4117647058823529,2.7048000000000005,0.927192799422221
c60d071c0a869c2236f7e21b8b1af5a9,C=C1c2c(ncn(CCCN3CCOCC3)c2=O)OC1(C)C,0.4092000126838684,0.506583034992218,0.1147052682936191,3.023192,4.120429039001465,0.5242669999599456,0,0,0,0.625,1.1498000000000002,0.8350522205833364
2996db5e889b197710010a29d2f7d94c,NC(=NO)c1ccc(Cn2ncc(=O)[nH]c2=O)cc1,0.4815999865531921,0.7241314649581909,0.0750434869392351,2.450191,-2.6265056133270264,0.0822658143937587,0,1,0,0.0909090909090909,-0.9256,0.28470998316411
