key,input,eos8lcw_consensus_score,eos3f8h_saureus,eos42ez_cytotoxicity_hepg2,eos9ei3_sa_score,eos9yui_np_score,eos7d58_herg,eos2xeq_has_pains,eos2xeq_has_brenk,eos2xeq_is_sim_known_ab,eos4djh_fsp3,eos4djh_clogp,eos4djh_qed
56bd0d38d9ebbac653177ffecbb84af3,O=C(OC(C(F)(F)F)C(F)(F)F)N1CCC2(CCc3cc(-c4ccc(CS(=O)(=O)Cc5ccccn5)cc4)ccc3O2)CC1,0.7164000272750854,0.9843857288360596,0.2135374058376659,3.608003,-1.873005509376526,0.92810355424881,0,0,0,0.4,6.653000000000008,0.2800935593766137
3b5c06e06f7b19d5ab6153547925c289,O=S(=O)(Nc1ccccc1OCc1ccccc1)c1cc(Cl)cc(Cl)c1O,0.7685999870300293,0.9975786209106444,0.1713582053780555,2.008414,-7.748767852783203,0.701231038570404,1,0,0,0.0526315789473684,5.078800000000003,0.5789216307499851
1099d369b0b88f1d9be191b0c2af2c52,N#Cc1cccc(NC2=Nc3ccc(Cl)cc3C(C#CC3CC3)(C(F)(F)F)N2)c1,0.7713000178337097,0.9973112940788268,0.4658284106037833,3.722467,5.9891581535339355,0.7342159867286682,0,1,0,0.238095238095238,5.085480000000002,0.6391904471307653
d5e4076e020f3f7b445c2fc9afa1bb37,CCCC1OC(C)=Cc2cc3c(c(O)c21)C(=O)C(C1OC(CO)C(O)C1O)=CC3=O,0.718500018119812,0.9951903223991394,0.6117737184871327,4.683752,11.59678077697754,0.3315070152282715,1,0,0,0.4545454545454545,1.4112999999999996,0.5790218710699834
8eacadc29f6abcf9457fc3d7b0bc6ad4,CC1(C)NC(=O)c2ccc(N3CCc4cncnc43)c(=O)n21,0.5978999733924866,0.6910916566848755,0.0870984711430289,3.359673,1.651583194732666,0.1223325461149215,0,0,0,0.3333333333333333,0.7685,0.8406587872646426
56d4e37579c6edd4f1ba59bc22f3f580,CC(=O)N1CC(Oc2ccc3oc(-c4cc5sccc5cn4)cc(=NO)c3c2)C1,0.7107999920845032,0.9503798484802246,0.1532618498260324,3.048314,-8.03846263885498,0.6588337302207947,0,1,0,0.1904761904761904,3.608900000000002,0.4140327682651324
3816ffc0df255619a4eb096afd6373b0,Cn1cc(NC(=O)c2cnn3ccc(NC4CS(=O)(=O)CCC4N)nc23)c(C(N)=O)n1,0.5378000140190125,0.6272060871124268,0.1749408526176756,3.850344,-11.862730979919434,0.5413633048534393,0,0,0,0.3529411764705882,-1.259699999999997,0.3692600011944795
f7eb9e57fafeed6a5d961c52839f8b55,Cc1cnc(NCCc2ccccc2)c(=O)n1CC(=O)NCc1ccc2c(N)noc2c1,0.515500009059906,0.7885715365409851,0.1109598682008006,2.548169,-7.393685817718506,0.931557047367096,0,0,0,0.217391304347826,2.2461199999999986,0.3894794069350796
9f31bc1dc8faca7d780a1b8e0155d6ee,CCCNC1CCc2cccc(OC)c2C1CC1CC1,0.5674999952316284,0.8569542765617371,0.2640815231610428,3.205935,-0.0727392137050628,0.8394898772239685,0,0,0,0.6666666666666666,3.893300000000003,0.8486556721292674
98e9a0a82188d7a2370f51aff9fabdc1,Fc1ccc(C(F)(F)F)cc1-c1csc(NC2CCCCC2)n1,0.7164000272750854,0.9847979545593262,0.2696515491062944,2.265216,-9.53611946105957,0.5211779832839966,0,0,0,0.4375,5.712600000000003,0.7212009754918657
80bd7e1f59d8e1c1b44b5ed7a04ccce5,Cc1cc(-n2cnnn2)ncc1CC(=O)N1CCN2CC(c3ccc4c(c3)CCOC4=O)OCC2C1,0.5734999775886536,0.4223697483539581,0.0440509595950557,3.883054,-3.636541604995727,0.4696692258119583,0,0,0,0.44,0.9054200000000004,0.4931352043255206
c43cb5b670c962b487b665f6c387978e,CC(=O)c1ccc(NC(=O)CSc2cn(CC(=O)N3CCCCC3)c3ccccc23)cc1,0.4528000056743622,0.6882731318473816,0.1020155251026153,2.206343,-12.465563774108888,0.7031219720840454,0,0,0,0.32,4.587200000000005,0.4231297722482539
2497f718270fe0d4b95929925ff1bf92,COc1c(N2CCN(CC(C)=NNc3ccc(C(F)(F)F)cc3)CC2)c(F)cc2c(=O)c(C(=O)O)cn(C3CC3)c12,0.9038000106811525,0.9982392191886902,0.3526588312604211,2.95755,-3.1972334384918213,0.6155455052852631,0,1,1,0.3928571428571428,4.811100000000004,0.2260113504306624
67e64d2b35262267085fd0e3b9a24ca5,COc1c(C=C2NC(=O)NC2=O)ccc(OC(C)(C)C)c1Cl,0.4909999966621399,0.8948237895965576,0.3648883510719646,2.787121,-8.633469581604004,0.1293920617550611,0,1,0,0.3333333333333333,2.706200000000001,0.6617869692694984
52b774d72e761923c29d805c4c6f205e,CCCCCCCCCCCCCCCCOOC(C)(C)OC,0.4772000014781952,0.9157329201698304,0.3758919835090637,2.432019,10.74852466583252,0.7871654272079468,0,1,0,1.0,6.798400000000008,0.1196587576827325
c1f47984abc7da5a34ee05d782d26202,COC(=O)CC1CN(S(=O)(=O)c2ccc(F)c(C(F)(F)F)c2)c2cc(NC(=O)OC(C)(C)C)ccc2O1,0.7419000267982483,0.9811822175979614,0.1836654029109261,3.204666,-5.432983875274658,0.9070841193199156,0,0,0,0.391304347826087,4.710900000000004,0.4255917624907919
af8726d92693fb00bca01a22e36112e7,COc1ccc(N(C(=O)c2cnc(-c3cccc(C)c3C)cn2)C(C)C)cn1,0.5828999876976013,0.8304343223571777,0.1902044049718163,2.571003,-1.6441797018051147,0.7408673167228699,0,0,0,0.2727272727272727,4.219240000000003,0.6668384641723197
262696961bb8e9bd5c1cd02dc04edbb4,CC(C)OC(=O)c1c(F)c(F)c(N2CCOCC2)c(F)c1F,0.5989999771118164,0.8471393585205078,0.1775930584831671,2.51598,-8.525064468383789,0.3838884189724922,0,1,0,0.5,2.644800000000001,0.4873418753789704
160e5f4a0ddca91cf714ced758623642,CCCCCn1cc(COc2ccc(F)cc2C=O)nn1,0.3955000042915344,0.6634328365325928,0.0673741752451116,2.311876,-0.1154786050319671,0.2479462079703807,0,1,0,0.4,2.9989000000000017,0.5539423556422464
3bd2bb4761a2c1aea4ec225bdddd4751,CC(C)C1CN(C(=O)c2cnc3c(c2)CCC3)CC1N,0.3720000088214874,0.3079723715782165,0.0965763900683007,3.395036,-7.000465393066406,0.3657618820667266,0,0,0,0.625,1.6256,0.890598658471341
b183a5472840c85c37d273ac08a2c841,CC(C)N(C(S)=NC1CC2CCC1C2)c1ccccc1,0.3795999884605407,0.8276578783988953,0.2105358805168758,4.502732,-0.1212690770626068,0.7580446720123291,0,1,0,0.5882352941176471,4.3758000000000035,0.4956846495744883
5c0bd5d8dd1ef91e8be12be0dd36af72,CCN(CC)CCCNCc1cnc2nc(N3CCC(N)C3)c(F)cc2c1O,0.70660001039505,0.9233972430229188,0.546399402347478,3.339194,-2.13307785987854,0.9515432476997376,0,1,0,0.6,1.8333999999999997,0.5628953695707257
a64bbd0d75defdd7137c6fcf21679771,O=C(O)c1cc2cc(-c3ccc(OC(F)(F)F)cc3)ccc2c(-c2ccsc2)c1F,0.8059999942779541,0.9970733523368835,0.1762760511853478,2.507556,-10.834294319152832,0.4131695628166199,0,0,0,0.0454545454545454,6.971200000000004,0.3543289043404605
5380be8409e0696fce1303fef92b7384,COc1ccc2cc3[n+](cc2c1OCC(O)CN1CCCCC1)CCc1cc2c(cc1-3)OCO2,0.57669997215271,0.9468502402305604,0.6186347427693281,3.383201,6.593936443328857,0.9536001563072204,0,1,0,0.4444444444444444,3.3133000000000017,0.5662157463595965
04c56fd05f20fc173aeb0627b6412ab4,COCCCNC(=O)c1ccc(CN2C(=O)CCn3nc(-c4ccc(OC)cc4)cc32)cc1,0.4487999975681305,0.4754759967327118,0.0966188040646639,2.387396,-8.933199882507324,0.8963319540023804,0,1,0,0.32,3.2619000000000016,0.5080758204880217
4ab1d4ad418d7b3cf4f8ca6dea5de0db,Cc1cc(C)cc(-n2ccn(CC(=O)Nc3cc(C)ccc3C)c(=O)c2=O)c1,0.4465999901294708,0.6242743134498596,0.1734537333250045,2.290589,-10.969630241394045,0.4774658501148224,0,1,0,0.2272727272727272,2.8715800000000007,0.7107806297641223
e46a885691ddcefdf1d407b048e8aa0f,COc1ccc(C(=O)NCC(=O)NCC=CS(C)(=O)=O)cc1C(=O)C(C)(C)c1cc(Cl)cc(Cl)c1,0.6302000284194946,0.9307077527046204,0.1512720530683344,2.927449,-8.08652114868164,0.4678252875804901,0,0,0,0.2916666666666667,3.5668000000000024,0.4443814327217567
2f99f89db4f0ee3a84bcba40b693633a,CC1(C)C=Cc2c(ccc(C(=O)C=Cc3cnc4ccccc4c3)c2O)O1,0.6211000084877014,0.992203652858734,0.5775467482480136,2.708998,9.04839038848877,0.5239935159683228,0,1,0,0.1304347826086956,5.020700000000005,0.5280299174897438
6587981b928a6f03d9b4c3f238e6c901,Cc1cc(Oc2cccc(CN3CCCC3)c2)nc(NCCc2ccccc2)n1,0.5741000175476074,0.9657328128814696,0.4209308895197781,2.136315,-8.196122169494629,0.9808490633964538,0,0,0,0.3333333333333333,4.827720000000004,0.599043723105698
c24ca93586fbb56620161355460f3482,Cc1cc(Nc2cc(-c3ccc4cc[nH]c4c3)cn3ccnc23)no1,0.5142999887466431,0.9608572125434875,0.3613711507482962,2.750841,-5.772440433502197,0.9155104994773864,0,0,0,0.0526315789473684,4.522620000000003,0.5102632391977728
fea56712e907f0772b86006c260678d3,CC(C)(O)c1ccc2c(c1)c1cc(Cl)ccc1c1nc(-c3c(C#N)cccc3C#N)[nH]c21,0.6495000123977661,0.9931520819664,0.6459189003164117,2.856734,-9.923489570617676,0.9004514336585998,0,1,0,0.1153846153846153,6.160460000000004,0.3236338296147587
7db0c1d92e7426e2678a4b01f523ec1a,O=C(Nc1ccccc1)Nc1sc2c(c1C(=O)O)CCCCCC2,0.646399974822998,0.9613332152366638,0.1108458401127295,2.014229,-5.542618751525879,0.1541279502213001,0,0,0,0.3333333333333333,4.749300000000003,0.7516571697995766
20c62cc1294e695fa99055188ba58cbe,CCOC(=O)c1sc(-c2cn(-c3ccccc3)nc2-c2ccccc2)nc1-c1ccc(OC)cc1,0.552299976348877,0.9780291318893432,0.3140087967569178,2.322797,-6.8850908279418945,0.6143312573432922,0,0,0,0.1071428571428571,6.515100000000006,0.2478087276539292
79b0d23b8031f57eee6b6a12e9d0c3d5,CCOc1cc(COc2ccc3c(c2)NCCN(C(CCCC(=O)OC)C(=O)NO)S3(=O)=O)cc(OCC)c1,0.6197999715805054,0.8636258244514465,0.087110736830668,3.516961,-0.9346284866333008,0.8727742552757263,0,1,0,0.4615384615384615,2.6965000000000003,0.187709760713317
31b2857da00a289bae0b57088fb79c62,COC(=O)C1=C(C)NC(C)=C(C(=O)OC)C1c1c(-c2cccs2)nc2sccn12,0.5475000143051147,0.9543585777282716,0.2487101791934533,2.918205,-7.069027900695801,0.473004400730133,0,0,0,0.25,3.7051000000000016,0.6370403303662477
5cd920366248b630767a96e51415484e,Cc1ccnc(Oc2ccc(-c3cc4c(cc3F)ncc3ncn(C5(C)CCN(C(=O)C(C)O)CC5)c34)c(Cl)c2)n1,0.7348999977111816,0.9868605136871338,0.4007498486475511,3.740989,-7.833065032958984,0.8900426030158997,0,0,0,0.3,5.653120000000007,0.2888441124065153
f686f650286bfee75a2de1a16ff48895,FC(F)(F)c1ccccc1N1CC1c1ccncc1,0.5888000130653381,0.8496437072753906,0.1763824188806624,2.700485,-9.13937282562256,0.6486608982086182,0,1,0,0.2142857142857142,3.6617000000000024,0.7692789776507019
390e18bc2a40cce9fc4d4173716e941b,O=S(=O)(c1ccc(Cl)cc1)N1C(C2CC2)CCCC1C1(Cc2nc(CN3CCCC3)no2)CC1,0.6432999968528748,0.814325213432312,0.1816754442724314,3.592399,-11.795113563537598,0.8875089049339294,0,0,0,0.68,4.663500000000004,0.5196953210511501
a61488f17f39e0691c6f1efdad2dd33d,O=C(O)C1CSc2c(-c3cccc(C(F)(F)F)c3)c(Cc3cccc(OCc4ccc(F)cc4)c3)cc(=O)n21,0.8051999807357788,0.9983639121055604,0.2783589498563246,3.216276,4.137925148010254,0.5499041557312012,0,0,0,0.1724137931034483,6.574400000000005,0.2612913624662538
c888e8aa5b07dfc486a9e241d5e87df4,COc1c(N2CC3=C(CN(C)CC3)C2)c(F)cc2c(=O)c(C(=O)O)cn(C3CC3)c12,0.9125999808311462,0.997815728187561,0.159523855894804,3.106271,-6.571883201599121,0.1542720273137092,1,1,1,0.4545454545454545,2.634400000000001,0.7771450890438991
ba2e46e5fe21ca6451f5a756b2de9a76,O=C(CCc1c[nH]c2ccccc12)N1CCC2(CC1)CC(CCO)CCO2,0.3434000015258789,0.5518035292625427,0.1319932121444832,3.468624,-0.5384728908538818,0.8649476885795593,0,0,0,0.5909090909090909,3.2707000000000024,0.8489052286658239
b8a553e5f6ff891863d71c7266054614,Cn1c(=O)[nH]c(=O)c2c1nc(Sc1nc3ccccc3[nH]1)n2Cc1cnco1,0.450899988412857,0.6005240082740784,0.2198744043707847,2.930949,-10.263382911682127,0.5822337448596955,0,0,0,0.1176470588235294,1.4870999999999996,0.4717539568707468
076ad6614aa6c4d2e25d029e6a96aad5,COc1cc(-c2cc(=O)c3c(CN4CCCCC4)c(O)ccc3o2)cc(OC)c1OC,0.5626000165939331,0.7843748331069946,0.3266506411812522,2.478204,9.077582359313965,0.8958890795707702,1,0,0,0.375,4.177300000000003,0.6345108338334459
97aaf53cb06499d5af5d8395209386e5,O=C(O)c1c(O)c(=O)n(Cc2cnn(Cc3cnc4ccccn34)c2)c2ccsc12,0.6341000199317932,0.8827753663063049,0.0799842337993058,3.06605,-6.416182041168213,0.1877902969717979,0,0,0,0.1,2.4075999999999995,0.4504011972801623
fed09e48f77d0c7a88517ccd0043e408,O=C1c2cccnc2C(=O)N1Cc1ccc(F)cc1S(=O)(=O)NCc1ccco1,0.5217000246047974,0.7357740998268127,0.0541151775555177,2.503505,-6.7085723876953125,0.4285603016614914,0,1,0,0.1052631578947368,2.0884,0.617642708437293
fc1004ee4d9344633636cb351ad36846,CCN1CCN(Cc2cc(=O)oc3ccc(Cl)cc23)CC1,0.464599996805191,0.7577701807022095,0.269567494365302,2.041737,-4.945265769958496,0.8923718571662903,0,1,0,0.4375,2.5839000000000008,0.8168435941722996
938b5e59b14bd217f2042f5a674b9a99,Cc1cc(NC(C)CO)nc(-c2ccc(Br)cc2)n1,0.4936999976634979,0.903718113899231,0.145154538818381,2.622419,-9.10161590576172,0.5153802931308746,0,0,0,0.2857142857142857,3.007220000000001,0.9084349108748392
15002791f821901d8c317e44b48447e0,CNC(=O)OCCCn1c(-c2cc3ccccc3s2)c(C2=C(C#N)C(=O)NC2=O)c2ccccc21,0.6485999822616577,0.9868534207344056,0.2959815615957433,3.010611,-5.623079299926758,0.9203544855117798,0,1,0,0.1538461538461538,4.202680000000003,0.3145431467630035
bd60b3b2479edddad102624cbf9c952b,CC=CCC[S+]([O-])CC(N)C(=O)O,0.4223000109195709,0.8934561014175415,0.0761290001682937,4.815757,13.608872413635254,0.0114177769050002,0,1,0,0.625,0.1132,0.4758485706739511
2456c2d487944b9f9385bcc075f7c4fd,N=C(NCCO)c1ccc(-c2ccc(-c3ccc(C(N)=NCCO)cc3)o2)cc1,0.6326000094413757,0.9848420023918152,0.2884005118500102,2.776567,7.449200630187988,0.8529980182647705,0,1,0,0.1818181818181818,2.21847,0.2966040560528926
35eedae856f3eb2512d2d86d2150ec16,c1csc(CN2CCOC3CN(C4CCOCC4)CC3C2)c1,0.4526000022888183,0.5577968955039978,0.0856983471047979,3.433567,-5.881682395935059,0.8177870988845826,0,0,0,0.7647058823529411,2.0597,0.8503743332773945
d721c1a870a2ff19be21d8e97953c3e8,Cc1ccc(CCn2ccc(=S)c(O)c2C)cc1,0.5291000008583069,0.9690356850624084,0.2607113312591206,2.345839,-9.580445289611816,0.3741061270236969,0,1,0,0.2666666666666666,3.7827300000000026,0.8485202095362809
9031e666633fdcdc850ceb6a5faee653,Cc1c(C(=O)N2CCC3CCCCC3C2)sc2ncnc(NCCc3ccccn3)c12,0.5817000269889832,0.7123334407806396,0.2740072066133672,3.276184,-8.654557228088379,0.8351754307746887,0,0,0,0.5,4.701620000000004,0.6288588112223079
8619e12d8cbff65915e78490e0a32f2f,CCCc1ccccc1N1C(=O)c2ccc(O)cc2C1=O,0.451799988746643,0.9131531715393066,0.2172757874835621,2.031689,-8.37039852142334,0.5776726841926575,0,1,0,0.1764705882352941,3.1453000000000015,0.8791993540345013
7fae0f30e822947ec15a64d48d0538ec,CC(C)(CN1CCOCC1)CN1CCC(Cc2cccc(CO)c2)C1,0.4697999954223633,0.5655719637870789,0.18727375397628,2.910745,-7.662240028381348,0.9383878946304322,0,0,0,0.7142857142857143,2.4017,0.822406045718007
03a9f60c5499f48e50e4d42c74647f2b,O=C1N(Cc2c[nH]c3ccccc23)CCCC12CCN(c1cc3nccnc3cn1)CC2,0.6090999841690063,0.8311784863471985,0.2344988936727697,3.225721,6.546093463897705,0.9201335668563844,0,0,0,0.36,3.915300000000003,0.5373304208649551
2fa58beec1b78f5a87c225c010de1119,CC12C=CC3(CN(c4ccc(Br)cc4)C(=O)C3C1C(=O)NN=C1CC3CCC1(C)C3(C)C)O2,0.6818000078201294,0.9393712282180786,0.2471003220839933,6.072995,4.150527477264404,0.7215363144874573,0,1,0,0.5769230769230769,4.4440000000000035,0.4809933956466886
c0e66537f430b835a00f6419e697774b,COc1cc(C=c2c(=O)[nH]n3c(=O)c4ccccc4nc23)cc(OC)c1OC,0.4857000112533569,0.8599255681037903,0.3260948116129095,2.617008,-8.260298728942871,0.7506978869438171,0,0,0,0.15,1.1095,0.5708152650530115
3041d6f3571f1d32e9fe016bf7218185,CC(O)C1C(=O)N2C(C(=O)O)=C(CNC(=O)c3ccc4ccccc4c3)C(C)C12,0.7307000160217285,0.949604630470276,0.0675666697153991,3.537153,-4.988983154296875,0.0595312006771564,0,0,0,0.3181818181818182,1.7658,0.6702634931285468
55b8d72126e77a8d58ae8b2c960232cb,O=c1c2ccccc2nc(CSc2nc(O)c3ccccc3n2)n1-c1ccccc1,0.5281999707221985,0.9506813287734984,0.2369447296315973,2.263756,-4.861334323883057,0.6688395261764526,0,0,0,0.0434782608695652,4.326800000000003,0.3496121415226025
604db79d7fb2eee3fb46235666b486d7,Cc1ccc(S(=O)(=O)N2CCCC2C(=O)NC(CNCC(=O)O)CC(C)C)cc1,0.4490000009536743,0.6246947646141052,0.0737171787768602,3.086189,-8.317091941833496,0.075256622955203,0,0,0,0.6,1.3532200000000008,0.5211872821552117
47974942d9116f6c35f307ee65794fe9,CC12CC34C=CC(=O)C(C)(CCC(=O)Nc5c(O)ccc(C(=O)O)c5O)C3C(CC1C4)O2,0.8253999948501587,0.9916210770606996,0.0749159755015915,6.155088,7.964662551879883,0.0553520619869232,0,1,0,0.5416666666666666,3.2337000000000007,0.5156309305691356
df24dceb1c3bfeafe6f3ada6552912e3,Cc1ccc2c(C)c3c(c(O)c2c1O)C(=O)C1(O)C(=O)C(C(N)=O)=C(O)C(NC(=O)OCc2ccccc2)C1C3,0.7699999809265137,0.9968727827072144,0.1849541892720894,4.175505,11.575708389282228,0.7344755411148072,0,1,1,0.2413793103448276,2.1290400000000007,0.2096966597230425
5f05d0ce739926462efb4583e503d6b1,O=C(NN=C1CCc2cccc(O)c21)c1ccc(S(=O)(=O)NC2CC2)cc1,0.5889000296592712,0.9196246266365052,0.1371703337539326,2.428774,1.9588500261306765,0.3659293293952942,1,1,0,0.2631578947368421,1.9132,0.683415277835602
c028521e8e73f2544bccdce62767c307,CNC1CCN(c2ccc(C(=O)Nc3cc(F)c4nc(C)cn4c3)nn2)C1,0.657800018787384,0.6606746315956116,0.2577356235547499,3.250926,-6.3222503662109375,0.6757583141326904,0,0,0,0.3333333333333333,1.6222199999999998,0.72676336206697
d3f1da9b1255683e7f416bd7fb6e76a8,Cc1ccc(CC2CCC(=O)N2)c(C)c1,0.33160001039505,0.4667881429195404,0.0682567114179784,2.675683,-9.285954475402832,0.1011630391702056,0,0,0,0.4615384615384615,2.1245399999999997,0.7834489213193172
f29d264be60e5db9e65ec1ae9fa0f5b6,COc1cccc(-c2cc3nc(-c4ccco4)nn3c(N)n2)c1,0.4221000075340271,0.8867719173431396,0.2621359703215686,2.398485,-8.550675392150879,0.699893307685852,0,0,0,0.0625,2.6420999999999992,0.6253407547383012
c31ad21482df5a928f3cc05b6cc9d2a7,COP(=S)(OC)Oc1nc(Cl)c(Cl)cc1Cl,0.616599977016449,0.9771259427070618,0.1016598723152339,3.234644,-3.4512927532196045,0.0776232471689581,0,1,0,0.2857142857142857,3.9379000000000017,0.6201560740988898
d540be1781de688c9ac1e0e75b42413e,NC(=O)c1cccc2[nH]c(-c3ccc(-c4nnn[nH]4)cc3)nc12,0.4341000020503998,0.9336227774620056,0.0756735314293605,2.512621,-10.968628883361816,0.2348110765218734,0,0,0,0.0,1.5088999999999997,0.5285323860464154
5d1ba115e1842eeb6fa0d74253ff048a,COc1c(C)c(O)c(Cc2c(O)cc(O)c3c2OC(c2ccc(O)c(O)c2)C(O)C3)c(O)c1C(=O)C(C)C,0.7730000019073486,0.9963868260383606,0.2630015767433427,4.054278,10.565199851989746,0.7376587510108947,1,1,0,0.3214285714285714,3.703820000000002,0.1850377835537686
08336781847099448aa58ca1d8a68c13,Cc1noc(C=CN(C)C)c1S(=O)(=O)N1CCCC(C(=O)NCc2ccc(F)cc2)C1,0.5271000266075134,0.4904106259346008,0.0543229149823839,3.065653,-9.256315231323242,0.8084391593933106,0,0,0,0.4285714285714285,2.3715200000000003,0.6959162909742379
139d13c188ac25d8d045b6203804d387,Cc1ccc(Cl)c(OCC(=O)Nc2ccccc2C(=O)NC2CC2)c1,0.4900999963283539,0.7439349293708801,0.1572358601472594,1.820289,-10.374115943908691,0.4038484096527099,0,0,0,0.2631578947368421,3.5581200000000015,0.8292652954275288
ec36e777e1525c5014e5ec29c682f620,COc1ccc(CCCC(=O)O)cc1C1OC(C)C(O)C(O)C1O,0.5163000226020813,0.8185555934906006,0.0919420885091478,3.527924,9.554036140441896,0.0220542915165424,0,0,0,0.5882352941176471,0.6449999999999996,0.6004500371291469
7745c279e65bf67a5b04acb95ff968db,Cc1[nH]c(-c2cc(N)ccc2Oc2ccccc2)c2c1C(=O)CC(C)C2,0.5825999975204468,0.9825183749198914,0.4527128785848617,3.000501,-8.552688598632812,0.8587511658668519,0,1,0,0.2272727272727272,5.129620000000003,0.6460523650060455
db6b8a1b35d2441632b92814ad9f83de,CC(C)(N)c1nc2ccccc2n1Cc1cccc(F)c1,0.4108999967575073,0.9459169507026672,0.1328444657000628,2.175231,-9.643052101135254,0.8933847546577454,0,0,0,0.2352941176470588,3.417500000000002,0.8001312065450997
1315066bcd2534cc4c0011a770de0dc1,O=C1c2c(ccc(O)c2O)CN1Cc1c(F)ccc(F)c1F,0.5813999772071838,0.9699885249137878,0.2464824671095067,2.56699,-7.3750691413879395,0.6706511497497558,1,1,0,0.1333333333333333,2.671100000000001,0.662136594701526
9bec0890d536e79554ff61cd143a3c15,CC(C)CCOc1cccc2c1C(=O)c1c(OCCC(C)C)cc(NC(=O)CN=[N+]=[N-])cc1C2=O,0.6510999798774719,0.9713192582130432,0.4725323942574588,2.871452,-2.968167543411255,0.8270886301994324,1,1,0,0.4230769230769231,5.560600000000004,0.2189208666272024
9d255482618729aeb1ae10143365c7a5,Cc1nc(N2CCN(CCO)CC2)c2c(-c3ccccc3)csc2n1,0.4702999889850616,0.8092361688613892,0.2339540184898809,2.245706,-8.941802024841309,0.966893208026886,0,0,0,0.3684210526315789,2.7810200000000016,0.780746474527038
6fc3ecb037a49f632fcce9d1641bb24b,Cc1nc(N2CCCCC2)c2[nH]c(-c3cc(F)cc(F)c3)cc2n1,0.6032999753952026,0.9483282566070556,0.3609483296220953,2.5575,0.4160193502902984,0.9291313886642456,0,0,0,0.3333333333333333,4.201820000000003,0.7665778222044326
2a3197926ddd478fbd26911ec3b704f2,Cn1nc2c(=O)n(CC3(O)CCN(C(=O)CCC4CCC4)CC3)cnc2c1-c1ccc(CN)cc1,0.5701000094413757,0.6619726419448853,0.1213879233056848,3.01519,-0.5490118265151978,0.8121522426605224,0,0,0,0.5384615384615384,2.189499999999999,0.5372795596278948
cf17763ed1b6c68d3e06e87b97497837,CN(C(=O)NC1CCCCC1)C1CC[S+]([O-])CC1,0.4729000031948089,0.470174103975296,0.0953617304224859,3.402223,-2.95117449760437,0.1266695529222488,0,1,0,0.9230769230769232,1.8715999999999997,0.7802594466475679
975d834ab161ec23fdea060e6ee936f8,Cc1cc(C(=O)NCC(O)c2cccc(Br)c2)on1,0.4316999912261963,0.6623879075050354,0.0939639612228016,2.644513,-10.58004379272461,0.113465566188097,0,0,0,0.2307692307692307,2.20892,0.9036727905616364
43d701645c8a7c0b538e6ba40ea61709,CN1C(=O)c2ccccc2Oc2ccc(C(=O)NCc3ccc(F)cc3)cc21,0.5680999755859375,0.792903482913971,0.1461372829296372,2.057002,-8.034211158752441,0.933028781414032,0,0,0,0.0909090909090909,4.138000000000003,0.7475037328132356
6a487d589c027d428a533d908186e5a4,CC(C)CCOc1ccccc1-c1ccccc1OCc1cn(C(CCCNC(=N)N)C(=O)Nc2cccc(F)c2)nn1,0.6636000275611877,0.9482186436653136,0.3110278208147395,3.276043,3.8111226558685303,0.8958317875862122,0,1,0,0.3125,5.531170000000004,0.0814283771935236
4931838d1ae7cc00bc669523fd60ea93,COCCNC=C1C(=O)N(C)c2ccc(C3CC3)cc2N(c2ccccc2)C1=O,0.5256999731063843,0.7472091913223267,0.424436557022008,2.540827,-6.713076114654541,0.8373456835746765,0,1,0,0.3043478260869565,3.325000000000002,0.4661783241795665
cd52754d86a9886390abbae1fd832da6,Cc1ccc(C=C(C#N)c2nc3ccccc3[nH]2)cc1,0.4214999973773956,0.9910695552825928,0.2425268529490991,2.127708,-9.639979362487791,0.7729708909988403,0,1,0,0.0588235294117647,3.935500000000002,0.7086480436563589
b33650b226c6010a1e5682740b5b9353,NS(=O)(=O)c1ccc(-n2cc3c(n2)-c2ccccc2NC3)cc1,0.5192000269889832,0.9274291396141052,0.2350841706449335,2.418582,-5.732081413269043,0.3758509784936905,0,0,0,0.0625,2.1121999999999996,0.7545299131363611
2e15bc9bc9b344dfcf691f80424cd931,CCn1cnnc1CC1CCN(S(=O)(=O)c2ccc3c(c2)CCC3)C1,0.3957000076770782,0.2583923041820526,0.0398430191403762,3.011227,-7.804102897644043,0.3631292223930359,0,0,0,0.5555555555555556,2.0399999999999996,0.8182374262421909
301eb3e2df7a4d744eccc7b78226506a,C=C1CCC2C(c3ccccc3)c3c(O)c(C=O)c(O)c(C=O)c3OC2(C)CCC2C1CC2(C)C,0.6651999950408936,0.9948282241821288,0.2916199429468675,5.052828,12.142765998840332,0.4994745373725891,0,1,0,0.4666666666666667,6.414500000000007,0.3963967920768121
b0727a785a6bc6b3cf84654fd955c25f,CN(Cc1cnccn1)C(=O)Nc1ccc2c(c1)CCCN2C,0.340499997138977,0.2800412476062774,0.0547451492060314,2.381672,-7.462428569793701,0.4345508515834808,1,0,0,0.3529411764705882,2.522900000000001,0.9459666707980529
1b0360ea63a6c8a41a401e4de9a9a04e,CCOC(=O)C(NC(=O)Nc1ccc(Cl)cn1)(Oc1ccccc1)C(F)(F)F,0.5892999768257141,0.9260314106941224,0.3210908594456585,2.945784,-8.428045272827148,0.3545034140348434,0,1,0,0.2352941176470588,3.757200000000002,0.5515488135747059
817e71bff00aa6fbd162b48508cee4c8,CC(C)(CO)Nc1ccc(C(=O)Nc2cccc(S(=O)(=O)C3CCC3)c2)c(N2CCC3(CC2)CC3)n1,0.6462000012397766,0.899886965751648,0.147934076460925,3.34084,4.355592727661133,0.8378591299057007,0,0,0,0.5555555555555556,4.223300000000004,0.4854386079689375
2a81fc3dedcc0bf92abd4e5dafd45b75,Cc1ccc(N2CCN(c3ccc(C)cc3)C2c2ccccn2)cc1,0.4505999982357025,0.9580962657928468,0.4119650098410519,2.274062,-10.432458877563477,0.8429220676422119,1,0,0,0.2272727272727272,4.7238400000000045,0.6926948380732296
a7af7713c6912674779e7beacb299a6d,CSCCC(NC(=O)C(Cc1c[nH]c2ccccc12)NC(=O)C(C)NC(=O)OC(C)(C)C)C(=O)NC(CC(=O)O)C(N)=O,0.5591999888420105,0.7492442727088928,0.1113195146688006,3.767207,-7.4147138595581055,0.1225822016596794,0,0,0,0.5,0.7911000000000032,0.1493094269992415
cb0befe1028eafb20d2b4a2e39661f44,COc1cc(C)c(Cl)cc1C1=NN(c2ccc(S(N)(=O)=O)cc2)C(C=Cc2ccccc2)C1,0.6133000254631042,0.9901343584060668,0.4051729183305393,3.112835,0.1812512576580047,0.8273511052131652,0,0,0,0.16,5.000820000000004,0.5364416239103624
2b52c71f55805c72865ebd87346c1fb2,CCc1cc2c3c(cc(C)[n+]2nc1CC)[nH]c1cc(C)c(C)cc13,0.6380000114440918,0.9838598370552064,0.386097097938711,3.229794,-0.1296987831592559,0.6187711358070374,0,1,0,0.3333333333333333,4.504860000000003,0.5421441847590525
e9efb5fb401ec9afbd037fd6fb770e90,CN(Cc1ccc(NC(=O)c2ccc(I)cc2)cc1)CC(O)(Cn1cncn1)c1ccc(F)cc1F,0.6743999719619751,0.9617390632629396,0.4989351413466714,3.098676,8.160982131958008,0.9589661359786988,0,1,0,0.1923076923076923,4.433000000000003,0.2769446974799941
391fdd83894cbe5b97b892d1a602e712,CCOC(=O)C1=c2cc(C(C(=O)OCC)P(=O)(OCC)OCC)sc2=C(C)OP1(=O)OCC,0.4918999969959259,0.8925622701644897,0.080409190532836,4.65048,-6.4087982177734375,0.5205809056758881,0,1,0,0.6,3.677600000000002,0.2954605217374289
301ebfa985d9dae92d8164abb255b6c6,NC(=O)c1cccc(-c2cc(Cc3n[nH]c(=O)c4c3CCCC4)ccc2F)c1,0.6190000176429749,0.915017545223236,0.2021184448491443,2.456645,-7.154748916625977,0.7167927861213684,0,0,0,0.2272727272727272,3.1445000000000016,0.7319765268727413
f3f4486637d80cfeb48bf5f4555b9896,CC(C)CC(=O)N1CCCn2nc(-c3ccc(C(F)(F)F)cc3)cc2C1,0.5536999702453613,0.8989576697349548,0.1817483150146224,2.46811,-9.39838695526123,0.713053286075592,0,0,0,0.4736842105263157,4.347300000000004,0.8111733318877166
af3e40178863534bcf1c6035d104bdc4,O=C(O)c1c[nH]c2cc(Cl)c(-c3ccc(C4(CO)CC4)cc3)cc12,0.807699978351593,0.9967597126960754,0.191037853333083,2.49857,-4.1753106117248535,0.1185997627675533,0,0,0,0.2105263157894736,4.210400000000002,0.6651569507370961
9d079de8bcb6d4ddd75741398879ece6,CC12CCC(=O)C=C1CCC1C3CCC(O)(C(=O)CSc4nc5ccccc5s4)C3(C)CC(O)C12F,0.6787999868392944,0.9679572582244872,0.187934395941821,4.517674,5.82072114944458,0.392843422293663,0,0,0,0.6071428571428571,5.283400000000007,0.5240502998414089
cb8a9721a56fe83a66a0741423e47845,CC(=O)c1ccc(C(C)=O)c2c(C)c(C(=O)Nc3cc(C(C)O)c4ccccc4n3)sc12,0.6326000094413757,0.9700129628181458,0.2805828574028882,3.205123,-7.863554954528809,0.6884268403053284,0,0,0,0.2,5.468720000000005,0.3964380811882834
36e75c96313fe279788c0732a97c6586,CC(N)C1C(=O)N2C(C(=O)O)=C(SCc3cccnc3)C(C)C12,0.7832000255584717,0.8507890701293945,0.0601616220294751,3.817863,10.15611457824707,0.0088636707514524,0,0,0,0.4375,1.4348999999999996,0.7915133729888788
53452914e4e5530b1b4f9718023d47b0,COc1cccc(C(=O)NN(C(=O)c2ccccc2Cl)C(C)(C)C)c1C,0.4438000023365021,0.7152696251869202,0.2261523855003443,2.233745,-6.943111419677734,0.5390445351600647,0,1,0,0.3,4.242720000000003,0.817145589102798
7ed1986bef45895e55fdad7652911bf5,Cn1cnc(C2=NCC(=O)N3CCc4c(cccc4-c4ccncc4)C3=C2)c1,0.5993000268936157,0.9121007323265076,0.2691535407846624,3.192634,-6.360413074493408,0.7925721883773804,0,0,0,0.1818181818181818,2.7106000000000003,0.6977073796701101
4267bfa7ce191c9f17ebe1d9fafe5d07,CC(C(=O)OCCCN1CCCC1)(c1ccccc1)c1ccccc1,0.4632000029087066,0.879976749420166,0.2922888140786778,2.121349,-6.719344615936279,0.9413325905799864,0,1,0,0.4090909090909091,4.021700000000004,0.5643936629193643
d86039858c047d8f18fc79fcabe23301,NCCC1CCC(Cc2ccccc2)O1,0.3898000121116638,0.8900805115699768,0.0685930895957757,2.861885,3.698870897293091,0.4044820308685303,0,0,0,0.5384615384615384,2.1255000000000006,0.8168833357923901
643ae50173d48552c25b603bb20488d2,S=C(Nc1cccnc1)NC1CCN(c2cc(OCc3ccccc3)ccn2)CC1,0.6333000063896179,0.9311341643333436,0.3435234454545108,2.275393,-8.847270011901855,0.8521964311599731,0,1,0,0.2608695652173913,4.011000000000004,0.5854677244346793
ea34b4b9427567e5bd564aeb59856a1b,COC1(OC)C2C(=O)C=C(c3ccccc3)C1(O)Oc1ccc(O)cc12,0.5852000117301941,0.9722533226013184,0.3482248241251165,4.430399,10.37168788909912,0.3903455525636673,0,1,0,0.25,2.2122,0.8223590159045965
8fbe75f340c3b0e6baa63646c6147106,CC(C)N(CC(=O)N1CCCC1)CC(C)(C)O,0.3366999924182892,0.3137395679950714,0.0447945121929726,2.42258,-8.393434524536133,0.2507833629846573,0,0,0,0.9230769230769232,1.0900999999999998,0.784638500700002
47e526b7f97bfa913e4e20d941b4e48d,CCCC(C)Nc1nc(N)nc2ccccc12,0.4979000091552734,0.9667867422103882,0.1376824644817547,2.496985,-4.846304893493652,0.3758351296186447,0,0,0,0.3846153846153846,2.812500000000001,0.8473419157586037
1c8a5dfbad9be3d1c4ec6604dfab203e,COCc1ncn2c1CN(C(=O)c1cnc3ccccc3c1)CC2,0.4005999863147735,0.2764323353767395,0.0866308564489538,2.599129,-0.966392993927002,0.5250022172927856,0,0,0,0.2777777777777778,2.2337,0.7418073349663001
b0b3cca0c880e7a58bf7229fb6b8820e,c1cnn2ncc(-c3ccnc(N4CC5CC5C4)n3)c2c1,0.5386999845504761,0.8882007598876953,0.122335517948324,3.562961,6.240381717681885,0.5334817826747894,0,0,0,0.3333333333333333,1.6424,0.7129759654542062
80d613243104cbc1fc3bf4f292395129,CC(C)C1CN(C(=O)Nc2ccc(Cl)cc2)CCN1C(=NC#N)Nc1cccc2ncccc12,0.5753999948501587,0.8650063276290894,0.188404152339155,3.200522,0.887809693813324,0.8610745906829834,0,1,0,0.28,5.011480000000004,0.3150194432659629
4392e763307af654cdc164cc2f937309,CN(CC(=O)Nc1sccc1C#N)C1CCCCC1,0.3598999977111816,0.5058206915855408,0.0572672119702805,2.336823,-12.14381504058838,0.5781140863895416,0,0,0,0.5714285714285714,2.8227800000000007,0.920377200542257
6e46f01f9f6b6ef286722804d5961053,O=C(COc1ccc2ccccc2c1)N1CCN(C(c2ccc(Br)cc2)c2ccc(Br)cc2)CC1,0.6607999801635742,0.9876577258110046,0.2284979488361965,2.224667,-8.930436134338379,0.972363817691803,0,0,0,0.2068965517241379,6.677400000000006,0.2500131328480929
145b4c1bacda882fb6fd6447b16dc32e,NC(CCO)=NOCC(=O)Nc1cccc(C(F)(F)F)c1,0.4117000102996826,0.8477621078491211,0.2671623243526979,2.416513,-3.209254026412964,0.5828927159309387,0,1,0,0.3333333333333333,1.3151,0.41926830435737
79877f5c0f6f5ff31c8b499cfbd9c07f,Fc1ccc(-c2cnnn2-c2ccccc2)cc1,0.2790000140666961,0.8937649130821228,0.0721214348820715,1.89241,-7.683977127075195,0.2365386366844177,0,0,0,0.0,3.0734000000000012,0.6876803635482973
c3934294edc0cb0c57fe318d2ee98b6d,NC(=O)c1ccn(-c2ccccc2NC(=O)C2CC=CCC2)n1,0.3722000122070312,0.4243277013301849,0.0966582487929951,2.845081,-4.992816925048828,0.3354153871536255,0,1,0,0.2352941176470588,2.266,0.8487622589709712
c97c9afeb5c87b9e6bc9abd5ebe46739,CC(=O)Oc1ccc2c(=O)cc(C(N)=O)oc2c1,0.4032000005245209,0.8822236657142639,0.1093756812201304,2.227882,6.176052093505859,0.1057452753186225,0,1,0,0.0833333333333333,0.8172,0.6250416058132852
867275b74a7df285f2adb92f8bda5fb1,CSCCC(N)C(=O)c1ccccn1,0.2840999960899353,0.4642285704612732,0.058833504519002,2.808304,0.3683054447174072,0.0171616099774837,0,0,0,0.4,1.3447,0.7451800024656575
7c17eb48176ce0d6cf999fc695234344,CN(C)CCNc1cnn(-c2cc(C(F)(F)F)cc(C(F)(F)F)c2)c(=O)c1Cl,0.633400022983551,0.9308766722679138,0.3934240043163299,2.618839,-0.9855636358261108,0.8424656987190247,0,0,0,0.375,3.897000000000002,0.7339720988210957
59d32985654d561c42bf99b59cca55af,O=C(CN1CCCCC1)Nc1nc(C23CC4CC(CC(C4)C2)C3)cs1,0.5386999845504761,0.7819183468818665,0.2810358486392281,3.613168,-6.207608222961426,0.7568009853363037,0,0,0,0.8,4.035300000000004,0.8824816207520835
183959d37c0ecfc455a166708bab13e6,CCCC=C1OC(=O)C2CC3CCC12C1(OC(=O)C2=C1CCCC2)C3CCC,0.6603999733924866,0.9591674208641052,0.3446048999374563,6.339987,10.725720405578612,0.2250255413353443,0,0,0,0.75,5.226000000000005,0.623199364623085
e23fddc00f1d8ba9fdb4e7f46d29dca1,O=C(NO)C1C(c2ccccc2)C1c1ccc(-c2ncc(C3CC3)cn2)cc1,0.6941999793052673,0.9692572355270386,0.3111715086481788,3.351032,-6.120197772979736,0.4266991436481476,0,1,0,0.2608695652173913,4.023600000000003,0.5245831563707855
02fa655473964fe7844d8ee6307f8f29,NC(N)=NC(=O)c1nc(Cl)c(N2CCc3ccccc3C2)nc1N,0.6148999929428101,0.919551968574524,0.309001550078392,2.705896,-9.357970237731934,0.4293412506580353,0,1,0,0.2,0.6884999999999998,0.5374942936162895
b02648eff6e11ee4ea1cff3944cb2d4c,O=c1[nH]c(=S)nc2oc3cc(O)ccc3cc1-2,0.4833000004291534,0.9691442251205444,0.2058887359770861,2.700704,-3.743170499801636,0.2212828665971756,0,1,0,0.0,2.0559899999999995,0.4685459983935892
8f2adbfd3c5be463add239afe6aa43ad,CCc1ccc(NC(=O)c2cccnc2)cc1,0.2644000053405761,0.5693535804748535,0.1499439545653083,1.499872,-3.6402628421783447,0.1871210634708404,0,0,0,0.1428571428571428,2.896300000000001,0.8739126498576676
391bed04d045b18ef30210fd5e4522e6,Cc1ccccc1C(=O)N1CCC2(CCNCC2)CC1,0.3255000114440918,0.5187546014785767,0.0402058823542161,2.636607,-9.944354057312012,0.662881588935852,0,0,0,0.5882352941176471,2.600820000000001,0.8520340610055391
6c20831459a1958ccf1bfd7a08ab6e53,COc1ccc(C2=NOC(Cn3nc(C(=O)NCc4ccccc4OC)cc3-c3ccccc3)C2)cc1,0.5120999813079834,0.858532726764679,0.1652228832244873,2.933637,-10.78037929534912,0.8788235425949097,0,0,0,0.2068965517241379,4.690500000000004,0.3633197436074856
404e954e02a33bce76805b92ef8965b7,COC(=O)c1ccc(-c2ccc(Cl)cc2Nc2snc(O)c2C#N)o1,0.6664999723434448,0.9903579354286194,0.2495937523516741,2.852142,-2.949411630630493,0.4561235308647156,0,0,0,0.0625,4.163980000000002,0.6585934220919765
5fe2e0ddcd79ffb7d1d75320fd4ba0a2,CCNC(=O)CN(CC)S(=O)(=O)c1ccc2c(c1)OCCCO2,0.3856000006198883,0.2080633640289306,0.0302788182585076,2.254996,-10.183099746704102,0.1934654675424099,0,0,0,0.5333333333333333,0.9946000000000002,0.8333990441196292
aa3edfb1ecfc0af7d6e143fee07719b2,COC(=O)Nc1cccc(NCc2ncc(C(C)(C)C)o2)c1,0.450899988412857,0.7599748969078064,0.2104952206665819,2.350712,-9.303215980529783,0.2722937017679214,0,0,0,0.375,3.762500000000003,0.8989516785605084
36ced73c112eeea29e47efe78b9319ed,CC(C1CCN(Cc2ncc[nH]2)CC1)N1CCOCC1,0.3583000004291534,0.4485519826412201,0.0637620928226335,3.018359,-7.96088981628418,0.6670459926128387,0,0,0,0.8,1.3423999999999998,0.9025959848069448
23f370f5a226d75e47874fda2d8bb463,NCCC(=O)NC1CCC(NC(=O)c2nc3ccc(F)cc3s2)CC1,0.4659999907016754,0.6789767146110535,0.1499630151824517,2.368449,-6.660120487213135,0.5473938763141633,0,0,0,0.4705882352941176,1.9414000000000005,0.7552306584694404
af8202709762e68f6ea8d3fb853d96d0,Cc1cc(-c2cccc(C(=O)O)c2)n2nc(SCc3ccc(Br)cc3)nc2n1,0.6654000282287598,0.9917384386062622,0.1414767293767495,2.396456,-4.979475975036621,0.1498776391148567,0,0,0,0.1,4.852720000000002,0.4335620367182499
8cce377a5c62d874baebf75a4bf1307c,CCCCNC(=O)C(CCCC)NC(=O)c1[nH]c2c(c1C)C(=O)CC(C)(C)C2,0.5336999893188477,0.753365159034729,0.2163692672144282,3.041066,-2.2941856384277344,0.7062678456306457,0,1,0,0.6818181818181818,3.6831200000000033,0.5626876479878287
dfb27738fcbd51abab193bb021e662f4,N#CN1C2CCC1C(NC(=O)c1ccc(Nc3nccc(C4CC4)n3)c(F)c1F)C2,0.7333999872207642,0.9368234872817992,0.3250854801047932,4.756465,7.267191886901856,0.792265784740448,0,1,0,0.4285714285714285,3.191980000000002,0.7356100161352271
bd09a148845953f29e8c43841072f4af,CCC1CCc2nc3sc(C(=O)Nc4cccc(C)c4)c(N)c3cc2C1,0.5827999711036682,0.9087103605270386,0.4178942794149572,2.868096,-9.410561561584473,0.8023547768592835,0,0,0,0.3333333333333333,4.954120000000003,0.6895701747495285
f4c762d2b94d0852ea0cacd773d9f20a,O=C(O)c1cc(-c2ccc(-c3ccc(Cl)cc3Cl)cc2)nn1Cc1cccnc1,0.7509999871253967,0.9890375733375548,0.1970845054496418,2.223301,-8.397218704223633,0.2375215739011764,0,0,0,0.0454545454545454,5.6654000000000035,0.448662195681666
6550fce0f0073bf3f09c30c5727ac839,O=C1C2CCC3C(=NOCc4ccccc4)CC(O)C(O)C3C2C(=O)N1Cc1ccc2c(c1)OCO2,0.5498999953269958,0.8445553779602051,0.1079947023906491,4.166222,3.5381991863250732,0.5954136669635772,0,1,0,0.4444444444444444,2.2409999999999997,0.4855402210062353
5d46c3ce54a68ff8702d20145a3d82ce,CCOC(=O)C1CCN(C(=O)Nc2ccc3nc(-c4ccco4)c(-c4ccco4)nc3c2)CC1,0.4963999986648559,0.8121809959411621,0.114575525576418,2.55738,-7.104265213012695,0.8360358953475953,0,0,0,0.28,4.956800000000005,0.4192538942295297
e25c888c5b8bc5c38fb8a47dc04a5128,CCOC(=O)c1[nH]c2ccc(CN3C(=O)NC(C)(C)C3=O)cc2c1CCN(C)C,0.4577000141143799,0.7055660486221313,0.0763118341565132,2.619319,-6.177493095397949,0.5715448915958404,1,1,0,0.4761904761904761,2.2790999999999997,0.5492490879339499
a4766e8d975cd419d8157a771136e1ec,CCNC(C)CNC(=O)c1ccccc1,0.1731999963521957,0.2469953894615173,0.1090809299864552,2.130356,-6.605555534362793,0.1862638607621193,0,0,0,0.4166666666666667,1.4143999999999997,0.7645803220285358
15a11a988a2a30be97e558d07eec5d2f,O=C(O)C1(c2ccccc2)CCC(=NNc2ccc([N+](=O)[O-])cc2[N+](=O)[O-])C1,0.6308000087738037,0.9777515530586244,0.2074778831817887,3.195066,-6.557844161987305,0.2304202854633331,0,1,0,0.2222222222222222,3.477400000000002,0.5718629208179591
da1863183a2b5d04390e36527e161c20,COc1cc(C(=O)NC(=N)Nc2ccc(C)c(NC(=O)c3ccc(-c4ccc(F)cc4)cc3)c2)cc(OC)c1OC,0.59170001745224,0.958717942237854,0.4646050523627888,2.488699,2.095677137374878,0.8600328207015991,0,1,0,0.1290322580645161,5.855890000000005,0.1594500693847621
a4772038d37dfb402e49678311001914,Cc1ccc(S(=O)(=O)c2n[nH]c3ccc(N4CCN(C)CC4)cc23)cc1,0.525600016117096,0.8943297863006592,0.2064458009871569,2.362178,-7.409817218780518,0.8177473664283752,0,0,0,0.3157894736842105,2.4559200000000008,0.7669438513537913
22f74c3795f9668f7bfaa9d1ecac5b99,CCCCN1C(=O)CC2(C1=O)C(=O)N(Cc1ccc(Br)cc1F)C(=O)c1ccc(F)cc12,0.6492999792098999,0.9075307846069336,0.1165697225792841,3.552306,-3.1571288108825684,0.771463143825531,0,1,0,0.3043478260869565,3.7067000000000023,0.4590852522097708
657c859e1baa12ea1fe0af89643fe65e,Cc1c(CN2CCC2)ccc(F)c1-c1cc2c(-c3cnn(C)c3)n[nH]c2cn1,0.6262000203132629,0.9038025736808776,0.4701732884753834,2.822562,-11.509392738342283,0.9475409150123596,0,0,0,0.2857142857142857,3.6786200000000018,0.5901929303698176
96ef2abbf202659878ec8eae6dea74c2,Cc1c(Cl)ccc2cc(C=C3NC(=O)N(C(C(=O)NC(CO)CO)c4ccc(F)c(F)c4)C3=O)[nH]c12,0.6708999872207642,0.9597510695457458,0.4447319155389612,3.647691,-8.85811996459961,0.6050582528114319,0,1,0,0.2083333333333333,2.5113200000000004,0.2418894076330862
0605582b067e5689783b664d4cbb88ff,COc1ccc(CCN(Cc2ccc(C(=O)O)cc2)c2nc3cccnc3s2)cc1,0.5706999897956848,0.9388102293014526,0.1221218210729685,2.263097,-4.324669361114502,0.4710116565227508,0,0,0,0.1739130434782608,4.647400000000004,0.4481369871336134
5d9641aaba7ff9d060bed5d96a59fec1,O=C(O)C1(CCCCCCOc2ccccc2)CO1,0.3601000010967254,0.8819625377655029,0.1864046677947044,2.558001,3.5166194438934326,0.0590016782283783,0,1,0,0.5333333333333333,2.8695000000000013,0.5500999345699407
847315ab5bc9da2895b82ea1ec146dd5,COCCCN1C(=O)CCC2CN(C(=O)NC3CCCCC3)CCC21,0.4451000094413757,0.1942964494228363,0.050329079343514,3.14011,-11.724238395690918,0.6678765654563904,0,1,0,0.8947368421052632,2.3781,0.7737401843743189
436616cd6b5c5363d80c0b9a4c0a1346,CC(NC(=O)c1cc[nH]c1C1CCC1)c1cn[nH]c1,0.3991999924182892,0.4268133044242859,0.113901101052761,3.385283,-9.51988410949707,0.0627750987187028,0,0,0,0.4285714285714285,2.4963000000000006,0.7879051646024049
360c09be102a0d63f3a6161a5c5c768f,NS(=O)(=O)c1ccc(Cc2c(C3CC3)nn(-c3nc(C(=O)O)cs3)c2-c2cccc(-c3ccccc3)c2)cc1,0.6862999796867371,0.9934061169624328,0.2048044827851382,2.744832,4.839216709136963,0.1974135547876358,0,0,0,0.1379310344827586,5.476600000000004,0.2605969087188007
d19b4de4c299eb0805a89cf250c4c9a3,CCC(=O)Oc1cccc2c1C(=O)C=CC2=O,0.4090999960899353,0.9672772288322448,0.4270828894593499,2.356937,9.980975151062012,0.0897601634263992,1,1,0,0.1538461538461538,1.9372,0.5750261649283346
7164d06bae866bca9ee50a8dff05cc78,c1cc(CN2CCCCC2)ccc1COc1ccc2c(c1)CCCC2,0.6144000291824341,0.9235606789588928,0.4890540905974128,1.864899,-8.639513969421387,0.9679084300994872,0,0,0,0.4782608695652174,5.130300000000005,0.7508205955580745
f9009ee5609796503dcc8de012386649,CCCn1c(C)c(CC(=O)NCC(C)O)c2c1CC(C)(C)CC2=O,0.3995999991893768,0.5711879134178162,0.0953000086275014,3.164133,-1.1856378316879272,0.2598951570689678,0,0,0,0.6842105263157895,2.4011200000000006,0.8390167323986581
f7c624efb8f56d0cb11e4820dd1032ec,Cc1[nH]c(C2Cc3ccccc3CN2C(=O)C(N)Cc2ccc(F)cc2)nc1-c1ccccc1,0.6445000171661377,0.9676573872566224,0.4219119711355729,3.157163,-5.192772388458252,0.9865421891212464,0,0,0,0.2142857142857142,4.720220000000004,0.4582274673758985
2c7cfd034b538b8183efa2f13f911118,CCC1C(=O)N(C(=O)NC)C1Oc1ccc(C(=O)O)cc1,0.481000006198883,0.7056611180305481,0.0146569747012108,3.250613,-1.0567439794540403,0.0024479030631482,0,0,0,0.3571428571428571,1.2975,0.8153426863089626
162cfa602d1fd891a68d7bca5ce69a3c,CC1CCC(C(=O)NCCc2c[nH]c3cc(F)c(Cl)cc23)O1,0.5414999723434448,0.8209772706031799,0.1486445252190936,3.334244,-10.714343070983888,0.4424765199422836,0,0,0,0.4375,3.186600000000001,0.9071946581349156
9ad5c7bf666bc0b28d257f626a4812ff,O=C(COCC(=O)Nc1ccc(Cl)cc1C(=O)O)Nc1cccc(-n2cccc2)c1,0.5769000053405762,0.9497232437133788,0.1089308614080602,2.222715,-11.50434398651123,0.163001462817192,0,0,0,0.0952380952380952,3.4227000000000007,0.5099212742070595
c5d1493517d12888125761cb000f31c3,Cc1cc(-n2ncc3cc(NC(=O)NC(C)c4ccc(OC(F)(F)F)cc4)ncc32)ccn1,0.6782000064849854,0.9699602127075196,0.3959269631992687,3.119051,5.61733341217041,0.7971207857131958,0,0,0,0.1818181818181818,4.9052200000000035,0.445353296719749
9aceed2dc7fc3fd261d9ab61912bbbfd,CC(C)c1ccc(NC(=O)c2ccc(C(=O)O)cc2)cc1C(C)C,0.5407999753952026,0.9494166374206544,0.1337447845461693,1.874422,-9.237935066223145,0.2088278800249099,0,0,0,0.3,4.883900000000003,0.8227195463204818
ce6e0ea2ff11566d13823d058e4ba2cc,CC(=O)N(Cc1c(Cl)cccc1Cl)c1cccn2c(Br)c(C)nc12,0.6371999979019165,0.9506207704544068,0.1658433205024762,2.703465,-3.5377490520477295,0.8061701655387878,0,0,0,0.1764705882352941,5.265120000000003,0.571889272427345
f74f62ec7c4257bf526aae94db0f5907,O=C[n+]1cccn1-c1cc2c(cc1Cl)NC(C(=O)O)n1nc(C(=O)O)cc1-2,0.7346000075340271,0.9125109314918518,0.106173845177347,4.388915,-3.4892501831054688,0.0173314107581973,1,1,0,0.0625,1.0268999999999997,0.4490740619317787
a67178ab666e36b763a2f82ffea8fba8,COc1ccc(CNC(=O)CCn2c(C)csc2=O)cc1,0.3294999897480011,0.5181784629821777,0.0958131683821028,1.999132,-11.328669548034668,0.1521234691143035,0,0,0,0.3333333333333333,1.93332,0.8869292016299818
312143ffacc40b411f179b3946886039,Cc1noc(C(C)N2CCN(c3cccc4c3cnn4-c3ccc(F)cc3F)C2=O)n1,0.6029000282287598,0.8206585049629211,0.1945587078278715,3.302178,6.344486713409424,0.6639028906822204,0,0,0,0.238095238095238,3.998320000000003,0.4947927849037178
13069c0fc4f3fb882847c6e86c628a7c,Cc1oc2c(c1C(=O)Oc1cccnc1)C(=O)c1ncccc1C2=O,0.6237000226974487,0.9607778191566468,0.284003286537799,2.680292,-2.7454826831817627,0.3255325853824615,1,0,0,0.0555555555555555,2.3726200000000004,0.5188067551976658
14616c54a7521452ecf355ef7058b26c,Cc1ccc(C)c(-c2nnc(NC(=O)Cc3ccccc3)o2)c1,0.5182999968528748,0.9048949480056764,0.1156764597716656,1.987132,-7.865269660949707,0.1713416546583175,0,0,0,0.1666666666666666,3.5346400000000022,0.8002783328094725
8e592a9fc6464f601137b1b127c04a79,NC1=NC2(c3cc(F)ccc3F)COC(C3CC3)CC2CS1,0.7059000134468079,0.9465014934539796,0.3248319869691675,3.93269,3.423842191696167,0.7071253776550293,0,0,0,0.5625,3.0367000000000015,0.90947097816695
0be048ae49fc0a5eb6aa871b1688052f,c1coc(CNCC2OCCc3ccccc32)c1,0.2748999893665313,0.6443203091621399,0.1978151862594214,2.717524,-7.704324722290039,0.6276858687400818,0,0,0,0.3333333333333333,2.683200000000001,0.8961574680000662
5d23649fa82f8dc1fcb6bc8e856249a1,CCN(CC)c1nc2ccccc2nc1C(C#N)C(=O)NCCc1ccccc1,0.4338000118732452,0.8958408832550049,0.1113501672886989,2.850087,-8.356913566589355,0.94392249584198,0,0,0,0.3043478260869565,3.4420800000000016,0.6401962566420708
7d59f9d3062e54c89bcedc9bae1e2c7d,Cc1cc(Nc2ccc(C)c(Br)c2)n2nc(C)nc2n1,0.4192000031471252,0.957032322883606,0.1896022619171576,2.4808,-7.883749961853027,0.4630162835121155,0,0,0,0.2142857142857142,3.5556600000000023,0.779634583300497
07d7784b887c0b8782ab08778ff32018,Cc1c(N=C(S)N2CCN(c3ccc(F)cc3)CC2)c(=O)n(-c2ccccc2)n1C,0.5102999806404114,0.7261661887168884,0.2580327479676766,2.616185,-6.476334095001221,0.8867057919502258,0,1,0,0.2727272727272727,3.3630200000000023,0.3976831874284129
47d7beaab572e6932a9c297054681926,CCCCCCCCCCCCCCCC(=O)NC(Cc1ccc(OP(=O)(O)O)cc1)C(=O)O,0.60589998960495,0.9821978211402892,0.1287767406214367,2.776694,9.658612251281738,0.306384290754795,0,1,0,0.68,5.751300000000006,0.1325360405580988
3e2d140e03f87e51afcab04945fe90bf,COc1ccc(Cn2cccn2)nc1-c1cccc(F)c1,0.4296000003814697,0.7308850884437561,0.1949574026194485,2.221655,-8.687050819396973,0.5483848989009857,0,0,0,0.125,3.1411000000000016,0.7381938651180827
c848fee7c9b87889d35a8c455b7147ba,CCC(C)NC(=O)C1CCN(c2ccc(Cl)c(Cl)c2)C1=O,0.6535999774932861,0.8306223154067993,0.1645900065248662,2.927004,-7.775544166564941,0.2449209377169609,0,1,0,0.4666666666666667,3.261000000000002,0.8622018740576193
f007880cdf00a2dd459d723d4ce2ea23,CC(NC(=O)c1cc(F)cc(CN2C(=N)NC(CC3CC3)(c3ccccc3)CC2=O)c1)c1ccccc1,0.7034000158309937,0.9488435387611388,0.2214539620009335,3.627628,-7.752528190612793,0.8440417289733887,0,1,0,0.3,5.268970000000005,0.3956290530631371
6c62c07b3adfb430664b2b90c1404b02,COc1cc(-c2ccnc3c2ccn3C)nc(N)n1,0.4332999885082245,0.913782835006714,0.1445659080689603,2.576016,-7.781436920166016,0.4145891845226288,0,0,0,0.1538461538461538,1.621099999999999,0.7523823812403554
14fbf8432dd0dc8ce6fb22d0f2c2f15f,O=C(Cc1ccc(Cl)cc1)N1CCc2nc(NCc3cccc(Oc4ccccc4)c3)ncc2C1,0.6101999878883362,0.9427862763404846,0.3346864838491786,2.337648,-9.010542869567873,0.8938680648803711,0,0,0,0.1785714285714285,5.661800000000006,0.3662496524492064
2d4f44fe1626be340ce2072a2fc2c45e,Cc1ncccc1Oc1ccc(NC(=O)N2CCc3cc(F)c(Cl)cc32)cn1,0.6485000252723694,0.9199842214584352,0.2853296913883902,2.513741,5.106005668640137,0.5809938192367554,0,0,0,0.15,4.964420000000003,0.6763574736340292
6872bfb6b0638595d786af3e55eccdbf,CCC(C)(C(=O)OC)C(=O)C1=COC(OC)C1C(C)C(C)=O,0.5038999915122986,0.851295530796051,0.0998617272654717,4.531297,7.618147850036621,0.0447372075170278,0,1,0,0.6875,1.8727,0.5273093866809169
796fa39af74ee959c3bd5f4000d2ef90,C#CCn1c(=O)c2[nH]cnc2n(C)c1=O,0.3860000073909759,0.7857503890991211,0.0470933749893447,2.916399,1.7314695119857788,0.0590999193489551,0,1,0,0.2222222222222222,-0.9435,0.6089528713179938
dde3f7be48e6297e127baf5d8c9cb914,COc1cc(C=C2C(=N)N3N=C(S(C)(=O)=O)SC3=NC2=O)ccc1OCCOc1ccc(C)cc1,0.5734999775886536,0.9683120250701904,0.2081341140649535,2.76241,-9.517633438110352,0.8680085659027099,1,1,0,0.217391304347826,3.082690000000002,0.4406235281713864
84977f481d01535a8cebf38bed190de3,COc1ccc(NC(=O)C=CC(=O)NC2Cc3ccccc3NC2=O)cc1,0.3499000072479248,0.7022236585617065,0.4027492762966589,2.694481,-6.443300724029541,0.4425726056098938,0,1,0,0.15,1.8694999999999995,0.7049563148084614
5724efc7936d98aa664d0f972a2d3076,COc1ccccc1NC(=O)CSc1nc(=O)n(CCN2CCOCC2)c2c1CCC2,0.354200005531311,0.3706215322017669,0.0633972928943959,2.456424,-7.375557899475098,0.8221169829368591,0,0,0,0.5,1.8035999999999996,0.4908707253849037
b36e749545d1cd0a25edfee91589d503,Cc1ccc2nc(-c3ccccc3)c(CN3CCOCC3)c(O)c2c1,0.4587999880313873,0.8933880925178528,0.1927383155985312,2.195475,-5.50997257232666,0.9110881686210632,0,0,0,0.2857142857142857,3.748020000000002,0.792293085831266
6789cbac42ae0f4fc47727fb841f076b,CSc1ccc(Oc2cc(C(=NO)NC3CCc4ccccc43)ccn2)cc1,0.5526999831199646,0.9765637516975404,0.3425837037238208,3.096565,-7.908790588378906,0.7899730920791626,0,1,0,0.1818181818181818,5.008700000000004,0.2104091098640587
3ca345931ecd34c1ce467f15a0d72583,C=CCCCCCCCCC(=O)Nc1cnc(O)nc1O,0.4684000015258789,0.9284501075744628,0.0971587583083998,2.743109,0.7250128984451294,0.2650177374482155,0,1,0,0.5333333333333333,3.1331000000000016,0.4547820733018868
fb377db5e05ac33b5bb3f930e162f312,Cc1cc(CN2CCC(C(=O)NC(C)(C)C)CC2)cc(NC(=O)c2ccc(F)cc2)c1,0.5246000289916992,0.7187712788581848,0.2495039620182731,2.118209,-9.11023235321045,0.9468019127845764,0,0,0,0.44,4.513120000000003,0.7408206644078908
e985cf9470ba65dc7fb1b74875992914,CCCc1nc(C)c(C(=O)NC2CCN(CC(N)=O)CC2)s1,0.3754999935626983,0.2873393297195434,0.0825006889010017,2.318421,-12.120193481445312,0.2907155752182007,0,0,0,0.6666666666666666,1.08352,0.8194954419425795
a9bd756d110ab8016766eceecb964249,CC(C)(C)Sc1ccc2nn(CC(=O)N3CCN(c4ccc(F)cc4)CC3)c(=O)n2n1,0.6097999811172485,0.7112197279930115,0.0923098586499691,2.682064,-7.239223957061768,0.6475779831409454,0,0,0,0.4285714285714285,2.2695,0.5749645472199834
7da3be0a87f16838a42a4f911ef45db1,CCSc1c(C)c2c(n(Cc3ccc(OC)cc3)c1=O)Cc1ccccc1C2,0.6310999989509583,0.9659878015518188,0.2339168292554942,2.687561,-8.385798454284668,0.7978276133537292,0,0,0,0.2916666666666667,4.820620000000004,0.4571375002896657
5fad899fd096fcaa6b31c80f4a41b814,Cc1c(-c2ccc(C(N)=O)c3[nH]c(-c4ccc(F)cc4)cc23)cccc1N1Cc2ccc(F)cc2C1=O,0.6581000089645386,0.970207691192627,0.4141437980261716,2.718364,-5.070104598999023,0.8916635394096375,0,0,0,0.0666666666666666,6.347820000000005,0.3060971327191565
67d2c569a09e72504af669fc3da0613d,ClC1=C(Cl)C(Cl)=C(Cl)C1=NNC1CCCCC1,0.5748000144958496,0.9787677526474,0.2502955828200687,3.133335,5.6464080810546875,0.3925258159637451,0,1,0,0.5454545454545454,4.6567000000000025,0.7368297043356974
2034be565fa453f523b70e48ce59716e,CCOc1ccccc1NN=C1C(=O)N(c2cc(O)cc(-c3ccncc3)c2)N=C1C,0.6388000249862671,0.8997498154640198,0.2281159446998076,2.616821,-5.961000919342041,0.8421130776405334,1,1,0,0.1304347826086956,4.0435000000000025,0.5920519242198179
38b0843cdcaf4b99b3579fb49445b639,COc1ccc(NC(=O)Nc2nc3ccc(OC(F)(F)F)cc3s2)cc1Cl,0.6858999729156494,0.9916130304336548,0.537985701452602,2.17994,-10.441229820251465,0.5890630722045899,0,0,0,0.125,5.5009000000000015,0.587506812560655
e87bf74a6eb32aaa24fe127ec8f0e472,COc1ccc2oc(-c3csc4ccccc34)c(O)c(=O)c2c1,0.6234999895095825,0.9836485981941224,0.3097480223937468,2.288754,0.250994473695755,0.5884997069835662,0,0,0,0.0555555555555555,4.388900000000003,0.5939370037366327
60bdee3c4229ed309efaaf20e8b1b19c,O=C1C=C(c2ccccc2)C(=O)c2c(O)cccc21,0.4848000109195709,0.9975208044052124,0.4721096781167117,2.13048,10.063170433044434,0.3137733533978462,1,0,0,0.0,2.854800000000001,0.8462416896565778
fd26173c3d489377f1c91cad6c950597,O=C(Cc1ccc(F)cc1)N(Cc1cccnc1)C1CCN(CCc2cccs2)CC1,0.479200005531311,0.6279783844947815,0.2525623400102962,2.324307,-1.4224900007247925,0.9741370916366576,0,0,0,0.36,4.560600000000004,0.5183664679464142
bc02af4faa31dee6eb5755b6e6437faa,Oc1cccc2ccc(Nc3ccccc3)nc12,0.4905000030994415,0.9986607432365416,0.3663806400515816,1.830489,-5.712973117828369,0.6469519376754761,0,0,0,0.0,3.684000000000002,0.7129573458352072
2a39d051b094996c862f0d111e1a6fa0,COc1ccc(-c2cnc3[nH]c(=O)n(-c4cnc5[nH]ccc5c4)c3n2)cc1OC,0.4900999963283539,0.7731308341026306,0.3593860810453241,2.725795,-5.4126129150390625,0.8296727061271667,0,0,0,0.1,2.6693000000000007,0.4896911227700562
d1192005455356a0021ac4c560a5ad2c,COc1cc(OC)c(OC)cc1CCC(C)NC(=O)Cc1ccccc1,0.3303000032901764,0.4448824226856231,0.147578437897292,2.350897,2.6048505306243896,0.6490077972412109,0,0,0,0.3809523809523809,3.392400000000002,0.7473242851064432
8a8a5f3c7221d5ef5f01ca5e66c28afe,CC(=O)NC(C)Cc1ccc(C#Cc2cnc(NCc3ccncc3)nc2)cc1,0.5303999781608582,0.8804953694343567,0.2755762853405692,2.937802,-10.341666221618652,0.7947617173194885,0,1,0,0.217391304347826,2.9506000000000014,0.6379632890045812
ef52a8bb7e042c217e9a6f8eaae88a75,CCCC(=NOCC(C)Oc1ccc(Cl)cc1)C1=C(O)CC(C2CCCSC2)CC1=O,0.6771000027656555,0.9612390398979188,0.2655342417684468,4.136378,3.4415721893310547,0.4570525765419006,0,1,0,0.5833333333333334,6.214400000000006,0.3462886668126227
b9368a75e7fa5fce8923f8c3ee67d2ce,O=C(O)c1ccn(COc2ccc(Br)cc2)n1,0.383899986743927,0.867381751537323,0.0562927724624221,2.062835,-11.401312828063965,0.0064338675234466,0,0,0,0.0909090909090909,2.3803,0.9407198924617473
260f26809598e3a2aecf423abc99c34f,N#CC(=NNc1cc(C(F)(F)F)cc(C(F)(F)F)c1)C(=O)c1cc(-c2ccccc2)on1,0.76910001039505,0.99663108587265,0.4282917718995701,2.806282,0.9874508380889891,0.8144171118736268,1,1,0,0.1,5.553580000000003,0.237143561294424
6bae424f6bd3a53a1957fe41fd81e22e,CCOC(=O)c1c(C(=O)OCC)c(C)n(CCc2ccccc2)c1C,0.383899986743927,0.8520752191543579,0.0818229390477592,2.071852,-9.90389633178711,0.5431296050548553,0,0,0,0.4,3.7010400000000025,0.7193899693296196
545f0958b16c031d583d25d71c7538c4,O=C(NCc1ccc2c(c1)OCO2)C(=O)Nc1ccc(Br)cc1,0.4936000108718872,0.8293415307998657,0.2428819604895331,1.933785,-10.707054138183594,0.5937920928001403,0,1,0,0.125,2.4327000000000005,0.8061045473838274
904e2f1a538fbfc2d28d411318eaa68d,CC(NCc1ncn(C)n1)c1ccc(OC(C)(C)C)cc1,0.3635999858379364,0.6427611112594604,0.0602344680916179,2.973774,-10.051432609558104,0.1743267327547073,0,0,0,0.5,2.8432000000000013,0.9189056507217072
839331ee6aa901cbd6770710900e0e70,COCC(=O)NCC1OCC(NC2CCC(F)(F)CC2)C1O,0.4925000071525574,0.5807367563247681,0.0798883162100206,3.982886,10.763718605041504,0.2455827288329601,0,0,0,0.9285714285714286,0.0448000000000008,0.6436427359359854
871d579920cdbbfb1269781743303514,COC(=O)C1C(O)C2(O)c3ccccc3OC2(c2ccccc2)C1c1ccccc1,0.6579999923706055,0.9890272617340088,0.2857736132361672,3.732119,6.518791675567627,0.6455929636955261,0,0,0,0.24,3.1096000000000013,0.6587047960465002
3da6237c4d39cc43d618a0f74ded548d,CC(C)(SCc1ccc(O)cc1)C(N)C(=O)NC(C(=O)O)C1OC(n2ccc(=O)[nH]c2=O)C(O)C1O,0.6772000193595886,0.9732272028923036,0.2189917327328161,4.43465,8.190637588500977,0.0469689268618822,0,0,1,0.4545454545454545,-1.5298999999999985,0.1995244128054481
80466e911129906d3655875950dd9588,C=CC1=C(C)C(=O)NC1=Cc1[nH]c(Cc2[nH]c(C=C3NC(=O)C(C)=C3C=C)c(C)c2CCC(=O)O)c(CCC(=O)O)c1C,0.6291000247001648,0.9844266176223756,0.3326909596269781,3.911422,5.587875843048096,0.2978513598442077,0,0,0,0.2727272727272727,4.531240000000003,0.2145597338158414
cd4a16a6f22678ad4a9f333c75252cd0,CC(C)OC1CC(C)(O)Cc2cc3c(c(O)c21)C(=O)c1c(O)cc2c(c1C3=O)OC1OC2(C)C(O)C(N(C)C)C1O,0.7677000164985657,0.9972335696220398,0.6288490187038075,5.833865,12.61386775970459,0.4708821147680282,1,0,0,0.5333333333333333,1.6523999999999996,0.3112937510200475
e0d5a15a6ffa0dc6593a7200336b7046,O=C(O)c1cn(C2CC2)c2cc(Nc3nccc(Cc4ccc(Cl)c(Cl)c4)n3)ccc2c1=O,0.8495000004768372,0.9978459477424622,0.283520136367191,2.58533,4.928387641906738,0.2796884641051292,0,0,0,0.1666666666666666,5.465800000000003,0.3794511722050849
1c646db1327826f4e75478f0552e5d07,C=CCn1cccc(C(=O)Nc2cc(OC)cc(OC)c2)c1=O,0.3722000122070312,0.4951131641864776,0.1313455819406292,2.185395,-9.042499542236328,0.4099884271621704,0,1,0,0.1764705882352941,2.3038,0.8307334296740413
666288e6f5a7f82cf83efadfaa20c50d,C=CC(=O)N1CCCC(Nc2nc(Nc3ccc(N4CCN(C)CC4)nc3)c3c(c2F)CNC3=O)C1,0.6801000237464905,0.8055364489555359,0.3097985684871673,3.531108,5.872960567474365,0.723623251914978,0,1,0,0.44,1.943399999999999,0.5236462196513526
4b0aca5b94ec1c4a1f981e8c307d7483,CC(C)Oc1nnnn1-c1ccccc1,0.2730999886989593,0.7190542221069336,0.0372103552353336,2.183093,-5.946396350860596,0.0082827609730884,0,0,0,0.3,1.4495,0.7588900731233075
868004f8aa6c8aa35b377cd42047825c,COc1cccc(C(=O)N(CCc2ccc(Cl)cc2)C2CCC3(CC2)OCCO3)c1,0.5526999831199646,0.8712007999420166,0.2735533023422414,2.857903,-7.325109481811523,0.6784615635871887,0,0,0,0.4583333333333333,4.719200000000004,0.6662390170248695
e282397556a4855267d84f1c0d5b3fb7,COc1cc(C)n(-c2ccc(Cn3c(=O)n(C)c4cnc(-c5cccnc5C(C)C)nc43)cc2)n1,0.5823000073432922,0.920284867286682,0.3376902138644999,2.891127,-6.39211368560791,0.904293155670166,0,0,0,0.2692307692307692,3.8664200000000033,0.3748970256516412
9e9f9c6f8c8c3fe3a7edc7398208c3c8,COc1cccc2c1C(=O)c1c(O)c3c(c(O)c1C2=O)CC(O)(C(C)=O)CC3OC1OC(C)C(O)C(O)C1I,0.770799994468689,0.998957633972168,0.7666301537643779,4.661744,10.206196784973145,0.5247888445854187,1,1,0,0.4444444444444444,1.475999999999999,0.156325680210305
17a9901dd789003cff9457aaff73ca7a,Cc1ncc2c(c1CNC(=O)c1ccc3c(c1)OCO3)CCN(C(=O)c1noc3c1CCCC3)C2,0.4970000088214874,0.5355033278465271,0.0482738555663011,2.861626,-5.057856559753418,0.7126889109611512,0,0,0,0.3846153846153846,3.114020000000002,0.6191775973387129
62354ea94cd0c7e832eac94eb1c520b0,O=C1NC2CCCCC2N1C1CCN(CCC(c2ccccc2)c2ccccc2)CC1,0.667900025844574,0.9604936838150024,0.4721280553124167,3.14432,-9.682912826538086,0.9611617803573608,0,0,0,0.5185185185185185,5.009400000000006,0.7171277433112625
516d19ae17ccb564d3290e51797fffea,COCC(C)N1CCN(C(C)=O)CC1,0.2714999914169311,0.2861323952674866,0.0304432114353403,2.498321,-6.565230369567871,0.2765196114778518,0,0,0,0.9,0.1854,0.6515463970798667
dcc1e231baa548b71d7a095b41561da8,CN(C)c1cccc(CNCC(O)C(Cc2cc(F)cc(F)c2)NC(=O)C2CN(Cc3ccccc3)C(=O)N2)c1,0.6862000226974487,0.929441511631012,0.3060325025157495,3.676977,-7.259793281555176,0.938811445236206,0,0,0,0.3333333333333333,2.8027999999999995,0.2777641380652277
161c528009bb25244a08fc508aa0bc7d,CC1=CC2=CC(C)(CO)CC2C(C)(O)C12CC2,0.4850000143051147,0.8132085204124451,0.1564575069668618,5.275428,11.039114952087402,0.139670817553997,0,0,0,0.7333333333333333,2.422400000000001,0.7312447701830216
752116bde1c955aec4c4583ee69cd461,O=C(Nc1cccc(Cl)c1)c1cnn2ccccc12,0.4767000079154968,0.9309359788894652,0.2729998420585285,1.968715,-7.377709865570068,0.2624947965145111,0,0,0,0.0,3.240000000000001,0.7776843418698294
8df81306fe870f8830a7d22029145d63,O=C1NC(=O)C(=Cc2ccc3[nH]ccc3c2)S1,0.5450999736785889,0.9966537356376648,0.2365720759738575,2.502698,-3.772432565689087,0.1081216968595981,0,1,0,0.0,2.4918000000000005,0.7574781010556879
e2a77b3472be58296a7c35d10011aaf0,COc1ccc(Cl)cc1NC(=O)CNCc1cccs1,0.445499986410141,0.7334933876991272,0.1408984478224407,1.906429,-9.461199760437012,0.5145115613937378,0,0,0,0.2142857142857142,3.1384000000000007,0.861559427156787
78eec28c5b4adebb5984688681a395d2,CCCC(=NOCC)C1=C(O)CC(c2ccc(C3CC(=O)C(C(CCC)=NOCC)=C(O)C3)cc2)CC1=O,0.6789000034332275,0.9799811840057372,0.2229924235831607,4.17228,6.761928558349609,0.406437399983406,0,1,0,0.5333333333333333,6.589000000000007,0.2352357281428607
4585421d4880f4ab93487233e8747e3f,CN(C)CCCC1(c2ccc(F)cc2)OCc2cc(-c3ccccc3)ccc21,0.656499981880188,0.989740550518036,0.5753221566026862,2.852176,-2.7622129917144775,0.9850659251213074,0,0,0,0.28,5.608300000000005,0.5552967797765421
c2a209c2cfce9314600d2c9cd1d6ded7,O=C(Cc1cccs1)NCc1ccc2c(c1)OCO2,0.3330999910831451,0.529587984085083,0.0590685717761516,1.978029,-8.815712928771973,0.3368782103061676,0,0,0,0.2142857142857142,2.3357,0.931320592890155
55e137592ca224143fa2e9fdf0b1b5fc,COc1cc(C(=O)N2CCCN(c3nc4cc(C)ccc4cc3C#N)CC2)cc(OC)c1OC,0.4749999940395355,0.8079406023025513,0.1729560176079923,2.409342,-5.449000835418701,0.9399264693260192,0,0,0,0.3461538461538461,3.7932000000000023,0.5723383278671716
79569434431e76c206a5e7208913f77c,C=C1c2cccc(C(F)(F)F)c2OC(C(=O)OCC)C1CCCCCC,0.7211999893188477,0.968185305595398,0.238446412438696,3.484624,-2.4632623195648193,0.8645435929298401,0,1,0,0.55,5.629300000000005,0.460911651672411
a9cc4606ae0be0fcce9ec3b3390b1db8,N=C1C(=O)c2ccccc2-c2ccccc21,0.5379999876022339,0.9980899095535278,0.214871461418542,2.092302,8.4813814163208,0.3862619668245315,1,1,0,0.0,2.917770000000001,0.7085237229838015
11d4252fe5cc4d5c6d5ea3023d76bd89,CC1(C)CC(=O)c2cc(NC(=O)c3ccc(F)cc3)c(=O)oc2C1,0.4841000139713287,0.7870292663574219,0.1712952042845162,2.394509,-6.071406364440918,0.2885353922843933,0,0,0,0.2777777777777778,3.186300000000001,0.9178343025833968
7be2c18bba60d4bc3b6e2ed8b9af3471,CC(C)C(=O)N1CCC(CNc2nc3c(s2)CCOc2cc(F)c(F)cc2-3)CC1,0.6735000014305115,0.8162931799888611,0.23634427244013,2.746833,-3.3543291091918945,0.7871075749397278,0,0,0,0.5238095238095238,4.329700000000003,0.7985031305367524
c4bba51addddc3508eb587d9dfedb281,CCS(=O)(=O)c1ccc(N(c2ccnc(N)n2)C(C)C)c(OC(F)(F)F)c1,0.6269000172615051,0.9086945056915284,0.3307974324984984,2.972414,3.680112600326538,0.5910708189010621,0,0,0,0.375,3.297500000000002,0.788671361263442
4909b8dcd8aa4f30a6cf6079bb4310da,CC(=O)ON=C1C(c2c(O)n(C)c3c(Cl)cccc23)=Nc2ccccc21,0.6363999843597412,0.9947805404663086,0.3859973007982427,3.012635,-6.340010643005371,0.4508191764354706,1,1,0,0.1052631578947368,3.938900000000003,0.5502406308054546
76f36e80a57fe2a850cdb3a026da3db9,CC(c1cn(-c2ccc(OCc3ccc(C#N)cc3)cc2)nn1)C(O)(Cn1cncn1)c1ccc(F)cc1F,0.6384000182151794,0.9668273329734802,0.330122633413835,3.614864,-0.314097911119461,0.9188539862632752,0,0,0,0.1785714285714285,4.279180000000003,0.3043125357437917
37b60e736c6326aaa57027536cd34e17,O=C1C(=O)c2ccccc2C(O)=C1CCCOC(=O)c1ccc2ccccc2c1O,0.6586999893188477,0.995359182357788,0.2605971870097247,2.413743,9.068387031555176,0.682944267988205,1,1,0,0.125,4.217100000000003,0.376518086199673
c77f116b119d0c8dd2f78cf900965345,CS(=O)(=O)Nc1ccc(CCN(CCOc2ccc(NS(C)(=O)=O)cc2)S(C)(=O)=O)cc1,0.4104999899864197,0.6841033101081848,0.0449262047609822,2.356409,2.7632668018341064,0.8480460047721863,0,0,0,0.3684210526315789,1.3126999999999995,0.4433497032662749
89adaad0763def69b6b87c3fdc9c8448,CCCC(=S)NCCCCC(NC(=O)OCc1ccccc1)C(=O)NC(Cc1c[nH]c2ccccc12)C(=O)NC(C)C,0.6603999733924866,0.9689421057701112,0.2017755792899565,3.371432,-7.560976982116699,0.8950642228126526,0,1,0,0.4375,4.902200000000003,0.1188909112414533
0da195ea5e79183cbe58f4bfdcbcabe8,Cc1ccnc(NC(=O)Cc2ccc([N+](=O)[O-])cc2)c1,0.3583000004291534,0.9464675784111024,0.170360810377381,1.889203,-11.114596366882324,0.1277128338813781,0,1,0,0.1428571428571428,2.47942,0.6834005857799447
2f0e057e2c96daf5ac16ae982e4723e3,Nc1nc(O)c2ncn(CC3CC3(CO)CO)c2n1,0.4821000099182129,0.8015294075012207,0.1767956865104762,3.81654,4.612199306488037,0.1547279104590416,0,0,0,0.5454545454545454,-0.895,0.5634281113339892
84da039f181ebafe1e29dd147e09b336,CON=C(C#N)C(=O)NC1=NOC(CCl)C1,0.4144000113010406,0.7699292898178101,0.236225652677769,4.242428,-2.129404783248902,0.1173322366550564,0,1,0,0.5,-0.0302199999999999,0.4283174622336358
ed637231695f64022e87dcb92bd1a07d,COc1cccc2c1OC1(C)CC2NC(=O)N1c1cccc(C(=O)N2CCN(c3ccccc3)CC2)c1,0.6294000148773193,0.7382272481918335,0.1353590901602398,3.998466,-5.727720737457275,0.8463585019111634,0,0,0,0.3103448275862069,4.427200000000004,0.5763181599951596
6540151a043cbc299d65325bff0f6e83,O=C1C2CN(Cc3ccccc3)CC2CN1CCN1CCCC1,0.4580999910831451,0.4693412184715271,0.091867637227882,3.024824,-7.952480316162109,0.8785413384437561,0,0,0,0.631578947368421,1.6726,0.8272907136257799
35efa74b0eb56882bab0f371baa1a3ea,CCOC(=O)c1cc2c(=O)n3ccccc3nc2n(CC2CCCO2)c1=NC(=O)c1ccc(C(C)(C)C)cc1,0.6229000091552734,0.9334086179733276,0.2454121884974566,3.275588,-9.978020668029783,0.7752940654754639,0,1,0,0.3666666666666666,4.043500000000003,0.2860504443505289
e2dba65696ecb7c4f6fc09375d3ad40b,Cc1cc(C2CN(C(=O)c3ccc(F)cc3)CC(F)(F)C2)n2ncnc2n1,0.512499988079071,0.470035582780838,0.1753017617897554,3.294527,-0.630583643913269,0.6244672477245331,0,0,0,0.3333333333333333,2.8368200000000003,0.6910548076908802
2ff8f7a83c0ab055979021863bf75f7c,CCc1ncnc(-c2ccc(C(=O)N3CCN(CC4CCCO4)CC3)c(F)c2)c1C#Cc1ccc(N)nc1C,0.6725999712944031,0.900513231754303,0.3113799840211868,3.430347,2.9999630451202393,0.9341971158981324,0,1,0,0.4,3.4673200000000017,0.5067199251678878
fcb43f62db2b2a4f5841464b56f09157,COc1c(Cl)cc(Cl)cc1CNCCSc1nnnn1C,0.4930000007152557,0.8673765659332275,0.149089543698783,2.46651,-11.7217435836792,0.2126481875777244,0,1,0,0.4166666666666667,2.4074,0.6123905896378792
b3760920f8bf547968180aecb65382da,CN(CCO)CC1CN(C(=O)CC2CCC2)CC1CO,0.4305000007152557,0.4331101477146148,0.0802581202005967,3.314879,-8.551620483398438,0.1907411113381386,0,0,0,0.9333333333333332,0.1675999999999998,0.6992887000821391
942d1cc0e8a099dc760f19005b8b75ca,O=C(Nc1ccc(Cl)cc1Cl)N1CCC(Nc2ncnc3[nH]ncc23)CC1,0.5467000007629395,0.873596727848053,0.2412186414003372,2.491684,-6.230376243591309,0.588099068403244,0,0,0,0.2941176470588235,3.7681,0.6152106104239475
d3c80afa81745da4b265171417cb8cc1,CC1(N)CCN(c2cnc(-c3ccc(C#N)cc3)c(N)n2)CC1,0.559499979019165,0.9233737587928772,0.2156043641946532,2.738552,-4.378029823303223,0.8627384066581726,0,0,0,0.3529411764705882,1.91508,0.8777811479240171
9c66dcc5d5bc19b45b74b41e6f62a335,O=c1cc(-c2ccccn2)oc2ccc3ccccc3c12,0.5608999729156494,0.9734951257705688,0.2168734452941201,2.134903,-1.6297847032546997,0.5407780528068542,0,1,0,0.0,4.008200000000002,0.4920699045318571
a60adeabb2b4fa74ba24f322e17384b5,CCN(CC)CCOC(=O)CCN1CC2CCC(CC2)C1,0.37950000166893,0.4855772256851196,0.1695951877839186,3.170388,-9.117165565490724,0.9237845540046692,0,0,0,0.9411764705882352,2.3835000000000006,0.6439292217955849
582f1bb8e29996eb40bbd00b603e0c18,O=C(COc1ccccc1F)OCC(=O)c1ccc([N+](=O)[O-])cc1,0.4975000023841858,0.9572973251342772,0.1331968018785119,1.891521,-11.04572296142578,0.2709690824151039,0,1,0,0.125,2.5388,0.3342908896563224
6cadc0573101ed5a0d9b23b76a5db512,Cc1cnc(Nc2ccc(N3CCCCC3)cc2)nc1Nc1nc2ccccc2s1,0.5873000025749207,0.9924786686897278,0.7074155319820751,2.289885,-4.963030815124512,0.8734143614768982,1,0,0,0.2608695652173913,5.872220000000004,0.4239413678432732
b606cab9b3477ad57014ded1661ddaf5,CN1CCN(c2ccc(Nc3nccc(-c4cccc(Cl)c4)n3)cc2C(F)(F)F)CC1,0.7714999914169312,0.9962670803070068,0.7120856669816104,2.34977,1.304210901260376,0.9511614680290222,1,0,0,0.2727272727272727,5.311200000000004,0.5867604169923626
b984102be499499fadb92886f45d4f6c,O=Cc1ccc(N2CCC(C(=O)N(Cc3ccc([N+](=O)[O-])cc3)C3CC3)CC2)cc1,0.5758000016212463,0.8909553289413452,0.2239226096055724,2.289518,-5.48121452331543,0.6918597936630249,0,1,0,0.391304347826087,3.8149000000000033,0.395830243526093
bcb1fa52d6669bc7bcd9c043d518ed5f,COc1ccccc1C(=O)Nc1cc[n+](Cc2ccccc2)cc1,0.4736000001430511,0.7969738841056824,0.315359508449381,2.016243,-9.37743854522705,0.8131602287292481,0,1,0,0.1,3.2833000000000023,0.7333942689722385
6dc5c0a7aba41f088bddcd981eed92a3,Cc1ccccc1CNC(=O)C1CCCN(c2nc3ccccc3[nH]c2=O)C1,0.476500004529953,0.4926886856555938,0.0979352112520824,2.619478,-7.553313732147217,0.9514013051986694,0,0,0,0.3181818181818182,2.764320000000001,0.7339561424141896
b87c9e776dd5e65ebff682952930c980,COC(=O)c1ccc(OCc2nc3ccccc3n(C)c2=O)c(OC)c1,0.4153999984264374,0.7353183031082153,0.1247559677470814,2.085648,0.1182722747325897,0.6296668469905853,0,0,0,0.2105263157894736,2.3077000000000005,0.6543359765210124
f8b7c5e6c1d8ac5ea817a67a1dfcf68f,CC(C)CC1Nc2ncnc(N3CCN(c4ccccn4)CC3)c2N(Cc2ccc(Br)cc2)C1=O,0.6868000030517578,0.8730292320251465,0.4136254746805538,3.19017,-10.884979248046877,0.9200745105743408,0,0,0,0.3846153846153846,4.334100000000004,0.5026418846164356
fbbd40ef0f10f46c747d2b75289ea8dc,COC(=O)c1ccc(NC(=O)Nc2cccc(C#N)c2)c(CN2CCC(Cc3ccc(F)cc3)CC2)c1,0.692799985408783,0.97381991147995,0.4173708639361642,2.371983,-1.3089158535003662,0.9564756393432616,0,0,0,0.2758620689655172,5.582680000000005,0.4130393252345101
44b9f7df7b505bb366cb2dc42dc43257,O=C1CCC(O)=C1NC(=O)C1=CC2=C(Cl)C(=O)c3c(O)cccc3C2(O)CO1,0.6265000104904175,0.984128475189209,0.341848838058385,4.087315,10.240049362182615,0.1612672764807939,1,0,0,0.2105263157894736,1.4317999999999995,0.5866260878705749
b2f0a21d902c1cf495bd53638c4cf304,CCNC(=O)Nc1ccc(-c2cc(N3CCOCC3C)c3nc(C)n(CC)c3n2)cc1,0.5791000127792358,0.8246216177940369,0.12059396403757,3.119233,8.10650634765625,0.8712558269500732,0,0,0,0.4347826086956521,3.7931200000000023,0.653494358398806
4ebe3904c42927ec8715f9adf27c49cd,O=C(O)c1ccc(-c2cc3ccccc3s2)cc1NS(=O)(=O)c1cc(Cl)cc(Cl)c1,0.7857999801635742,0.9992498755455016,0.1305910951711914,2.344271,-6.943323135375977,0.2861635744571685,0,0,0,0.0,6.374100000000002,0.3490370712293096
5bfcabf342585c6e0b423767e475d482,CS(=O)(=O)CCOc1cncc(-c2cnc(NCc3cccc4c3CCO4)n3cnnc23)c1,0.5949000120162964,0.8466353416442871,0.1788992163809863,3.105729,6.2230916023254395,0.8564743041992188,0,0,0,0.2727272727272727,2.1567,0.4162865723514202
e37c8345ce68edf178c329ff76635148,O=P(O)(O)Oc1ccc2cc(OP(=O)(O)O)ccc2c1,0.5231000185012817,0.9792251586914062,0.1614830182357267,2.510706,8.74905776977539,0.1578242439776659,0,1,0,0.0,1.7827999999999995,0.626416440295164
27ece93a93c6d1c4d69e5744c5881a4f,CC1(c2ccc(Br)cc2)CC(=O)N(CCC(N)=O)C1=O,0.517300009727478,0.8071752190589905,0.071893764892593,2.904711,-9.081442832946776,0.0428334495052695,0,1,0,0.3571428571428571,1.3410999999999995,0.8409314938552183
b7723d23105129ae99c9203cbec736c4,C#CCOCC(Cc1c[nH]cn1)Nc1nccc(-c2cc3ccccc3s2)n1,0.6254000067710876,0.9823752045631408,0.3516584770245985,3.527827,-7.169853210449219,0.9395087718963624,0,1,0,0.1904761904761904,3.754400000000002,0.3545148267061973
29933c7d4c6042b7725141e8d0ed5820,Cc1ccc(NC(=O)CCC(=O)c2ccc(Br)cc2)cc1,0.4586000144481659,0.8474258780479431,0.29475560919805,1.597072,-9.855326652526855,0.3640850305557251,0,0,0,0.1764705882352941,4.359120000000003,0.8179907967719281
cb42ec660968fc171450450fec0c78f5,N#Cc1cccc(N2CC3CC3(C#Cc3ccccn3)C2)n1,0.5493000149726868,0.829457700252533,0.1626364700496196,3.995608,-0.7402232885360718,0.7464836120605469,0,1,0,0.2777777777777778,2.22628,0.754352389716007
d7b7e4d3af9f4aefae8f857b9617e0ee,O=C(Nc1cccc2ccccc12)N1CCC(n2c(=O)[nH]c3ccccc32)CC1,0.490200012922287,0.8348946571350098,0.1811855895952745,2.141043,-6.532571315765381,0.8964345216751098,0,0,0,0.217391304347826,4.3518000000000026,0.5376088608728844
7706df28225832f160e8f9b157d6b613,Cc1n[nH]c(NC(=O)c2cc(F)ccc2F)c1-c1cccc(Cl)c1,0.5627999901771545,0.967214286327362,0.2759410799904303,2.376486,-10.595535278320312,0.6040889978408813,0,0,0,0.0588235294117647,4.569020000000002,0.7288366255104831
2884ddf1069049645317dfad4b9d705a,Cc1ccc(C(F)(F)F)c(COc2cc(NC(=O)c3cccc(C(=N)N)c3)ccc2N(C)S(=O)(=O)C(F)(F)F)c1,0.7609999775886536,0.9915404319763184,0.3531911169940775,2.846147,8.24340534210205,0.968366289138794,0,1,0,0.2,5.414990000000005,0.1842912030948801
153b7521c572243f1dc8e77c5c6e90ef,S=C(NCc1ccccc1)Nc1ncccc1OCc1ccccc1,0.5335000157356262,0.9681791067123412,0.2218230447985909,1.867356,-5.911533355712891,0.7277905464172363,0,1,0,0.1,4.147200000000002,0.6548428236124858
1cc770ba4cf6b0c265c62832ac1930b5,COC(=O)c1sccc1-n1cccc1C(=O)C(=O)Nc1ccc(F)cc1,0.5666999816894531,0.7566655874252319,0.2612915621562438,2.477223,-8.03371524810791,0.3380284667015075,0,1,0,0.0555555555555555,3.2859000000000016,0.4235511976702756
aafc3a2e373e95f3744c9156824d3923,O=C(O)CCC(=O)Nc1ccc(Cc2ccc(NC(=O)CCC(=O)O)c(O)c2)cc1O,0.4866999983787536,0.9322031140327454,0.1672566966577009,2.293868,-4.824256896972656,0.1753097474575042,0,1,0,0.238095238095238,2.2952,0.3113903449600498
c9228c468b41bfebd864f2d33d8c2628,O=C(O)CNC(CC1CCCCC1)C(=O)N(CC(=O)ONCCC1CCNCC1)C1CCCC1,0.6053000092506409,0.8750942349433899,0.1321240297772667,3.537343,10.782405853271484,0.2484489515423774,0,1,0,0.88,2.2083000000000004,0.2339638233707376
e1dcf45a873c83c283cb749a7b19381a,CCCN(CCC)c1nc(-c2ccc(OCC)cc2)c(-c2cc(OC)c(OC)c(OC)c2)s1,0.5892999768257141,0.9564117193222046,0.3486074642701582,2.480945,-4.997669219970703,0.803453779220581,0,0,0,0.4230769230769231,6.528000000000008,0.300002379288816
7c9c7b1c2608beb037855f090e0127de,O=C(O)CNS(=O)(=O)c1c(Cl)cccc1Cl,0.4426000118255615,0.8565376400947571,0.0554552928078919,2.06289,-4.472372055053711,0.0027776583709055,0,0,0,0.125,1.3563,0.8739366329948774
98eb02269eee5d0d4064a3b257fdb45f,CN1C(=Cc2cc(C(C)(C)C)c(O)c(C(C)(C)C)c2)C(=O)N=C1NC#N,0.5715000033378601,0.9745301604270936,0.3420484932986172,3.270624,-9.642914772033691,0.4033351898193359,0,1,0,0.45,3.2267800000000015,0.4591087052231593
de736fbd6c7c17d7d04df5e383093cb3,Cc1cccc(OCC(C)C)c1-n1nc2c(c1-c1ccc(NC(N)=O)cc1)CN(CCC(C)(C)C)CC2,0.6341000199317932,0.9454041719436646,0.5008166080171411,2.903974,-5.499205112457275,0.9217994213104248,0,0,0,0.4666666666666667,6.167420000000005,0.3850464040543807
6772ed3a64b1e6d70747915a2733602e,Cc1cnc(C(=O)Nc2cccc(Oc3ccc4c(C=Cc5ccccc5)n[nH]c4c3)c2)s1,0.5964000225067139,0.9783536791801452,0.3440465764565901,2.586124,-7.8774614334106445,0.8929599165916443,0,0,0,0.0384615384615384,6.542820000000005,0.3063943685622349
008b176e56a5da79cdfd387d9b0f5c11,CN(c1ccc(NC(=O)NCc2ccncc2)cc1)S(=O)(=O)Cc1ccccc1,0.4119000136852264,0.6980051398277283,0.0881755180995572,2.130921,-10.214550971984863,0.8018813967704773,0,0,0,0.1428571428571428,3.369500000000002,0.6247280750212649
f763d65f8f42b186eca1d6d6fee28c23,CCc1cc(NC(=O)NCC2CN(CCc3ccc(F)cc3)CCC2C(F)(F)F)cc(-c2nnnn2C)c1,0.7261999845504761,0.966666042804718,0.2262648371979594,3.582838,-3.4621732234954834,0.934980034828186,0,0,0,0.4615384615384615,4.443200000000004,0.4182464573155092
6b2ab6bc708fd633386e21ee5554282e,O=C(CN1C(C(=O)c2ccc(F)cc2)=C(O)c2ccccc2S1(=O)=O)Nc1ccccc1,0.5896999835968018,0.9350731372833252,0.2541780817237767,2.384579,-10.38588809967041,0.5685236871242523,0,0,0,0.0434782608695652,3.5782000000000016,0.5762126660407741
55903fab7b486e19c850da7ee1f90da1,CN(C)CCCn1cc(CNc2c3ccccc3nc3c2oc2ccccc23)nn1,0.5958999991416931,0.9337807893753052,0.2784628136591477,2.608473,-5.826711654663086,0.9508556604385376,0,0,0,0.2608695652173913,4.289500000000003,0.4394008802012901
ae285c9892da431681043b844ee2cc88,Cc1nn(C)c(N(C)C)c1CNCc1cccc(Cn2cccn2)c1,0.3982999920845032,0.5866739153862,0.130502713336186,2.479392,-11.340025901794434,0.8130634903907776,0,0,0,0.3684210526315789,2.3291199999999996,0.7182974012691588
b2d590a406306fd726033f1a31714ba6,Cc1ccc(NC(=O)NNC(=O)c2sccc2-n2cccc2)cc1,0.4375,0.7687422037124634,0.2744083838029341,2.283675,-7.695277214050293,0.3578508615493774,0,1,0,0.0588235294117647,3.3137200000000018,0.6399344128162472
6d3807b33804104ecabe9b1d1973dd4f,O=C1NCCC2=C(c3ccc(CN4CCCC4)cc3)Cc3cccc1c32,0.6424999833106995,0.9692801833152772,0.2157628007910468,2.535987,-4.862493515014648,0.8878359436988831,0,1,0,0.3478260869565217,3.882800000000003,0.9162717032930509
6f3eb03401d150d94943435d7f9196ed,COc1ccc(CCNC(=O)C(CC(C)C)N2Cc3ccccc3C2=O)c(OC)c1OC,0.4930000007152557,0.5990566611289978,0.1176055232909592,2.883052,1.0439623594284058,0.8588062524795532,0,0,0,0.44,3.4418000000000024,0.6124737984880735
d8b6706fe3e09cf1e1f55272557b4665,CCN(CC)CCNC(=O)c1cc(Cl)cc(Cl)c1OC,0.4995999932289123,0.8097944259643555,0.2471493814479221,2.072285,-7.833624839782715,0.7856041669845581,0,0,0,0.5,3.0736000000000008,0.8396593956031924
0fde7691acbaa52589d173e8a90370bd,COc1cc(CCc2ccc(C(C)(F)F)cc2NC(=O)CN)cc(OC)c1OC,0.5666999816894531,0.8330724835395813,0.4317729784683747,2.431517,-6.99802303314209,0.8773902535438538,0,0,0,0.3809523809523809,3.5065000000000017,0.6635952521479549
5d49e13a77bc7eab572ba2bbf2490174,COc1ccccc1S(=O)(=O)Nc1ccc(C)cc1Oc1ccc2sc(N)nc2c1,0.6528000235557556,0.9799419045448304,0.209209993481636,2.310188,-3.821440935134888,0.8782472610473633,0,0,0,0.0952380952380952,4.7886200000000025,0.4459026008621032
044e67db4285ce1dbe6fad4344478898,CC(C)(C)c1ccc(C(CC(=O)O)NC(=O)c2c(Cl)cccc2Cl)cc1,0.6680999994277954,0.9780996441841124,0.2102668139744888,2.505891,-5.9364471435546875,0.1319697976112365,0,0,0,0.3,5.236700000000004,0.7292736171561952
6e5c4a2f98e912437d48d33604f1f4b0,N#Cc1ccc(NC(=O)NC2C3CC4CC(C3)CC2C4)cc1,0.3905999958515167,0.9033825993537904,0.3016998293724927,3.426101,-5.477911949157715,0.4194060713052749,0,0,0,0.5555555555555556,3.5044800000000027,0.87662318809418
5d2f30161bad2d957d9666800c58eba7,Cc1ccc(S(=O)(=O)NCC2CC3c4ccccc4C2c2ccccc23)cc1,0.5630999803543091,0.963335394859314,0.3101241724057631,3.386285,-7.862306594848633,0.9085949301719666,0,0,0,0.25,4.5706200000000035,0.7103949425736382
70368d8e2b33c499969312204d25621e,CCOC(=O)c1c2c(n3cccc(Br)c13)C(=O)c1nccnc1C2=O,0.6862000226974487,0.9768244624137878,0.4051964012059298,2.952355,-9.223433494567873,0.3304503202438354,1,0,0,0.1176470588235294,2.4439,0.4804307130739549
3c1e0eb8434c771ded8c7e8412595fc2,Fc1ccc(N2CCN(c3ncnc4c3cnn4Cc3ccc(Cl)cc3Cl)CC2)cc1,0.6463000178337097,0.97582346200943,0.6331781040538441,2.326181,-9.980768203735352,0.9066782236099244,0,0,0,0.2272727272727272,4.6471000000000044,0.4468642884550967
988198419839b236a6b62f1c3455be78,NC(N)=NC(=O)c1ccc2c(F)cnc(-c3ccccc3Cl)c2c1,0.6924999952316284,0.9758968949317932,0.3521546138958497,2.408547,-8.62831974029541,0.3817026853561401,0,1,0,0.0,3.1079000000000017,0.5523237854400657
07663c3b0da2fa639a704161bd5f5ac3,Cc1c(F)cccc1C1(C(=O)NO)CCC(c2cncc(F)c2)CC1,0.483599990606308,0.8392178416252136,0.2519921633330258,2.863417,-3.062222719192505,0.5477739334106445,0,1,0,0.3684210526315789,3.7692200000000025,0.6568539901802909
a51185d5759b9b21f77857a109723184,CC(NC(=O)CCc1ccc(S(=O)(=O)NC2CCCCC2)cc1)c1ccccc1,0.4413999915122986,0.7906607389450073,0.1976474848660555,2.394325,-10.68125057220459,0.6099943935871124,0,0,0,0.4347826086956521,4.107600000000003,0.6825902167522643
5e313ab7b3d91fa30eea0eb8545c17ed,CCN(c1ccccc1)S(=O)(=O)c1ccc(OCC(F)(F)F)c(NC(=O)c2ccc(O)nc2)c1,0.6777999997138977,0.9708049297332764,0.1849395097656683,2.567936,-8.917441368103027,0.8282141923904419,0,0,0,0.1818181818181818,4.195800000000003,0.485082333717222
73c686fb541f41ee6d5985893ef156c5,Cn1c(=O)n(C(=O)c2ccccc2)c2cc(S(=O)(=O)NC3(C)CC3)ccc21,0.4968000054359436,0.8036300539970398,0.1068117388270118,2.539136,-6.257428169250488,0.2781304359436035,0,0,0,0.2631578947368421,1.8592999999999993,0.7422330030984111
c04c29671f1c537f7a83e46c04244021,COc1cc(OC)c(C2=C(c3ccc(OC)c(OC)c3OC)COC2=O)c(OC)c1,0.5252000093460083,0.8586048483848572,0.3594066581942818,2.649553,8.368581771850586,0.6560848832130433,0,1,0,0.3181818181818182,3.2058000000000018,0.6071061648803147
3a5ff1dd0e1f7bbe022d62aa7d68fe0d,Cc1ccc(C2=NN(C3=NC(=O)CS3)C(c3ccccc3Cl)C2)cc1C,0.5605000257492065,0.9762223958969116,0.2621777166019786,3.044644,-1.3048142194747925,0.7354586720466614,0,0,0,0.25,4.737340000000003,0.7520706029973172
0191f79759c04e39f05a1f9db1d9c0a8,CC12CCC3C4(C)CCCC(C)(C(=O)NCC(=O)OCCOc5no[n+]([O-])c5S(=O)(=O)c5ccccc5)C4CCC3(C1)C(C=O)O2,0.6786999702453613,0.9138254523277284,0.1131789474324746,6.286721,10.105989456176758,0.6252376735210419,0,1,0,0.65625,2.9284000000000017,0.1716262109983342
c48a36630cd3ee529a91f6bd6409eca1,COc1ccc(-c2nnc(S)n2N=Cc2cccn2C)cc1,0.4250000119209289,0.9254578948020936,0.1768605404279448,2.61675,-9.171875953674316,0.284570574760437,1,1,0,0.1333333333333333,2.4631,0.5944667357256057
ceb2e073f1aae0f820e5bd4e1f91cb0d,CCN(CC)C(=O)C(C)C1CCC(CC(C)n2cc(C#CCNC(=O)Nc3cccc(C)c3)nn2)O1,0.4264000058174133,0.4629278779029846,0.0583111605691638,4.228573,-3.5224456787109375,0.6624729752540588,0,1,0,0.5555555555555556,3.762920000000001,0.5170749548437085
95cdd12f24602b0ac20def6564f6fd3b,Cn1cc(Nc2nccc(N3CC4CCC(C3)N4C(=O)C3(F)CC3)n2)cn1,0.6205999851226807,0.5313384532928467,0.2551452768119899,4.42872,-5.183289051055908,0.6966679096221924,0,0,0,0.5555555555555556,1.6353999999999995,0.8802056452403638
8cf036a1fd675533c2b65ede5d27aa09,CN1CCN(S(=O)(=O)c2ccc(-n3ccnc3)cc2)CC1,0.3206000030040741,0.2952077090740204,0.1051972593096169,2.082062,-8.404019355773926,0.5274390578269958,0,0,0,0.3571428571428571,0.8083999999999993,0.8418243038021217
849d61202ad0f6553939aa0fdd907c76,CCOc1ccc(CN(C)Cc2ccccc2)cc1CNC(=O)C(N)Cc1c(C)cc(O)cc1C,0.6711999773979187,0.9644492864608764,0.3142773170362819,2.850741,-2.174006462097168,0.9476794362068176,0,0,0,0.3448275862068966,4.225940000000003,0.3863965883335978
faaa37dfff943ce7deceb19203ee11f9,Cc1ccccc1CNC(=O)CCS(=O)(=O)c1ccc2c(c1)CC(=O)N2C,0.3894000053405761,0.4616511166095733,0.0803306356749751,2.284938,-6.331015110015869,0.4274152457714081,0,0,0,0.3,1.99412,0.8230105816152095
96a7f2a0a58592661d85194940fcef5b,Cc1[nH]c2c(=O)n(C)cc(C#CC(C)(C)O)c2c1C(=O)OCc1ccccc1F,0.5590999722480774,0.8604956865310669,0.157819502055645,2.917769,-11.039454460144045,0.8545284271240234,0,1,0,0.2727272727272727,2.793520000000001,0.5267529272632857
86d08f80dd00d0e74502dd23375a6247,O=C1C(=O)c2ccc(-c3ccccc3)cc2-c2ccccc21,0.5351999998092651,0.999228060245514,0.2521003715016625,1.756402,-6.993699550628662,0.3353195577859879,1,1,0,0.0,4.399600000000003,0.6206017640346055
6fe7797534ca50882af9c8994488277c,Cc1ccc(NC(=O)N2CCC(CC(F)(F)F)C2)cc1-c1cc(NC(C)CO)nc(-c2cn[nH]c2)c1,0.7143999934196472,0.9673842787742616,0.2961049405011264,3.74381,6.970333099365234,0.94107483625412,0,0,0,0.4,5.046020000000005,0.3620402133862722
cd9d4c431307e56426eec8d53aaec933,COc1cccc(Cn2nc(C(=O)O)cc2NC(=O)c2ccc(C)cc2)c1,0.4422999918460846,0.8151702284812927,0.0554582149806347,2.03955,-7.908886909484863,0.1722529023885727,0,0,0,0.15,3.198920000000002,0.6996197026513894
808f9d7001f413ee3cf8d688b649adc8,CNS(=O)(=O)CCNc1ncnc2c1CCNCC2,0.3465000092983246,0.5094977617263794,0.0437514146112582,2.826113,-10.082133293151855,0.0436783175915479,0,0,0,0.6363636363636364,-0.8740999999999985,0.6504454735665988
5b1fb67f8b8f5e3e2e14349129025e6c,CCC1C(=O)N2C=CSC2=[N+](Cc2cccc(Cl)c2)C1=O,0.6381999850273132,0.9307343363761902,0.119908873330463,3.896099,-10.571280479431152,0.240821798145771,0,1,0,0.2666666666666666,2.8215000000000012,0.6346851360382197
68ca7dcf52995aae0720782ee26f5318,O=C(O)C=Cc1ccc(-c2cccc(C(F)(F)F)c2)o1,0.5968999862670898,0.9842405319213868,0.2298961661078713,2.14562,-8.14692211151123,0.0941781543195247,0,1,0,0.0714285714285714,4.063200000000002,0.8634227730530335
9a2ede0e6f1965ecb8b3929ff7aa4fab,O=C(C(=O)n1ncc(Cl)c(Cl)c1=O)n1ncc(Cl)c(Cl)c1=O,0.6581000089645386,0.9637635946273804,0.1755597154525193,3.213745,-7.381155967712402,0.107987505570054,0,1,0,0.0,1.3941999999999997,0.6364888257619221
5717b1320cf7c0a33ee45f9ae4cb227d,CC(C)(Nc1cccc(NS(C)(=O)=O)c1)C(=O)Nc1nc2c(C(F)(F)F)cc3[nH]ncc3c2s1,0.6690999865531921,0.9838497638702391,0.3514848893338984,3.078089,-1.4783705472946167,0.9290276646614076,0,0,0,0.25,4.392100000000002,0.3033054806497818
8e37a4beded2213fbf822edfe0e0e48b,CC1(c2nc(NC(=O)c3ncc(C(F)F)nc3N)ccc2F)N=C(N)OCC1(F)F,0.6098999977111816,0.8952121734619141,0.4154053560712121,3.916688,-5.633432388305664,0.75269033908844,0,0,0,0.3125,1.9781999999999995,0.6286886425670629
a38eb9f899fe70538217f31e78a2e9c6,N#Cc1ccc(CN2CCC(Oc3ccc(NC(=O)c4cccs4)cc3)C2)cc1,0.6031000018119812,0.897641658782959,0.3467655872756784,2.585821,-2.948406934738159,0.928952443599701,0,0,0,0.217391304347826,4.525380000000004,0.6569219237781379
0ae0e7cf8ba65f3af5643f038a20775c,COCCCc1cc(C(C)N(C(=O)C2CNCCO2)C2CC2)cc(CCCNC(=O)OC)n1,0.5227000117301941,0.4964122176170349,0.0575707277113741,3.77133,5.309849262237549,0.5349905818700791,0,1,0,0.7083333333333334,1.9896,0.4581488237056955
a2581bd6e568a8d7e5af90189aad025a,CCn1c(COC(=O)c2sc(C)nc2C)nc2cc(S(=O)(=O)N(C)C)ccc21,0.4686000049114227,0.6584465503692627,0.0850381133231249,2.473906,-9.65951442718506,0.4777476817369461,0,0,0,0.3888888888888889,2.736840000000001,0.5671001358281843
9b1ef7097b4cba0ddbeed3c44643ca0c,COc1cc2ncnc(Oc3cccc(NC(=O)Nc4cc(C5(C(F)(F)F)CC5)on4)c3)c2cc1OC,0.6176999807357788,0.9597377777099608,0.5562172288244421,2.952594,-7.697440147399902,0.8789455175399781,0,0,0,0.25,5.665200000000003,0.3232825733249574
dbd5b5e05ae9cbbb5035eb0368f24315,Cc1ccccc1-n1cc(C(=O)O)c(=O)c2cc(F)c(N3CCNCC3)cc21,0.8694000244140625,0.997452437877655,0.164386436343193,2.421183,-1.3615094423294067,0.275248035788536,0,0,1,0.238095238095238,2.5460200000000004,0.7294248548102942
4b459e63a818d190dab424230ddb2edc,COc1ccc(CCNC(=O)CSc2nnc(-c3ccc([N+](=O)[O-])o3)s2)cc1OC,0.628600001335144,0.8625333905220032,0.1623246253214099,2.506479,-11.153976440429688,0.5095001876354217,0,1,0,0.2777777777777778,3.174500000000002,0.2810662112757301
171cfcd6769c203cc5d5386183b03857,Clc1cnc(NC2=NCC3(CN4CCC3CC4)N2)nc1,0.5871000289916992,0.8404366970062256,0.4202708927067843,5.021725,3.759804964065552,0.3903887987136841,0,0,0,0.6153846153846154,0.9654999999999996,0.8072412217972658
729a51a0a9ca556dff10c91e7477a7f6,CN1CCN(S(=O)(=O)c2cccc(-c3cnc(N)c(C(=O)Nc4cccnc4)n3)c2)CC1,0.511900007724762,0.6580373644828796,0.139444591816176,2.429188,-1.7021623849868774,0.7902259111404419,0,0,0,0.238095238095238,1.3091999999999993,0.5904704400689399
b069642019cd912f3c9432da1cfd3f86,CCOc1ccc(C2NC(=O)NC(C)=C2[N+](=O)[O-])cc1OC,0.4611999988555908,0.7405626773834229,0.2094592722979459,2.882047,-10.092257499694824,0.066377891972661,0,1,0,0.3571428571428571,1.9559999999999995,0.639097558269299
d7459cb7a10153a589df023a7d48a2e4,Clc1ccc(OCCN2CCCC2)nn1,0.3339999914169311,0.5892095565795898,0.0387199495648515,2.147003,-4.388977527618408,0.1279267445206642,0,0,0,0.6,1.6046,0.7834679612000723
9e50d8d0047d5cf17734d0a54dabdb99,O=C(Nc1ccc([N+](=O)[O-])cc1)n1ccnc1,0.357699990272522,0.9208949208259584,0.1363071115179495,2.164342,-5.408665657043457,0.1280378341674804,0,1,0,0.0,1.8715,0.6316800406363161
5f86c7b7f8c4ef606ecb3597d2d0d2ae,CCC(C)C(N)c1cn(C(CCCCN)C(=O)N2CCNCC2)nn1,0.4447000026702881,0.6503459811210632,0.0567152950785715,3.816474,-6.032835006713867,0.4073111534118652,0,1,0,0.8235294117647058,0.4259000000000024,0.5556911005204862
21e78ec8bd3a48dace09c2ffaa4881d3,CCc1cc(-c2ccc(C)nc2C)cc2ccc(O)nc12,0.6269000172615051,0.9856720566749572,0.2171458642591129,2.581001,0.2950835824012756,0.4918820202350616,0,0,0,0.2222222222222222,4.181640000000003,0.7644800102282432
7c635648429aa9825c9831d2250b6267,CC(C)CCn1cc(C(C(=O)O)N2CCC(c3ccncc3)CC2)cn1,0.483599990606308,0.5470970273017883,0.1647203197618099,3.041685,-9.549798011779783,0.2214483082294464,0,0,0,0.55,3.329500000000002,0.8238100588176567
7c465878cf64f7253e868174bfb54609,NCC1(c2ccc(Cl)c(Cl)c2)CC=CCC1,0.6301000118255615,0.985766053199768,0.1998711506074125,3.242839,-0.8218395709991455,0.4111545205116272,0,1,0,0.3846153846153846,3.9300000000000024,0.7969281741592282
b8df95cbf825c5f936f15c8abbb70c0a,Cc1c(C(=O)Nc2ccc(Oc3ccnc4cc(OCC(C)(C)O)ccc34)cc2)c(=O)n(-c2ccccc2)n1C,0.625,0.9777348041534424,0.4939715388146313,2.650176,2.3604369163513184,0.8819004416465759,0,0,0,0.1935483870967742,5.226920000000004,0.2802963082063834
db200670af7e6851b6ef85d8f59dc2b0,CC1CCC2C(CCCc3cc(C(F)(F)F)cc(C(F)(F)F)c3)COC3OC4(C)CCC1C32OO4,0.7670000195503235,0.8945863842964172,0.6050128503279253,5.713838,10.34597873687744,0.8296276450157165,0,1,0,0.76,6.908900000000007,0.3272804191180745
071a544c59081b0b33dbceba5439aa37,OC1(c2ccccc2)CCN(CCc2ccc(COc3ccc4c(c3)CCCC4)cc2)CC1,0.6495000123977661,0.9855774641036988,0.656266144730828,2.268003,-7.675030708312988,0.9699811100959778,0,0,0,0.4,5.670500000000006,0.512695430566921
005cc0f90e367364821bc09bc4895d29,CC(C)(C)OC(=O)NCCOCCOCCOCCOCCCc1ccc(C2CN(C3CCC(=O)NC3=O)C(=O)O2)cc1,0.567799985408783,0.7194479703903198,0.1087079849094152,3.777441,-8.849432945251465,0.485185307264328,0,1,0,0.6666666666666666,2.5088000000000017,0.1881885674760027
3ec61306d182cc61afdf2dc6dce236ba,CN1CC2CCC1CN(C(=O)COCc1nc3ccc(F)cc3[nH]1)C2,0.4932000041007995,0.4834352731704712,0.1087908153845505,4.048179,-10.16118335723877,0.8607141256332398,0,0,0,0.5555555555555556,1.7711999999999992,0.9165849320645711
21d66a0c8f8de193d2e5aa665fdc377f,O=C(CC(=O)c1ccc(OC2OC(CO)C(O)C(O)C2O)cc1O)c1ccccn1,0.5149999856948853,0.940937638282776,0.1101534737443382,3.762203,9.168258666992188,0.0859950870275497,0,1,0,0.35,-0.5784000000000007,0.2893515680785258
ecd54dbf74214c2c4408a96556fb9a14,CC(C)N(CCN(C)C)c1ccc(C(F)(F)F)nn1,0.4726000130176544,0.7175372242927551,0.098343652842397,2.766303,-7.875092506408691,0.5827773153781891,0,0,0,0.6666666666666666,2.2718,0.8255712130783567
b960ddf7a5e003b26d075118c1abe380,O=C(Cn1c2c(c(-c3cc(Cl)ccc3Cl)cc1=O)C(=O)CC2)Nc1ccc(-c2nc(C(F)(F)F)n[nH]2)cc1,0.7228999733924866,0.9833359718322754,0.3118910735303705,2.972467,-7.330311298370361,0.7215126156806946,0,0,0,0.16,5.393600000000003,0.3390441876877585
9f638e44f44079c7758f4476086697bc,CS(=O)(=O)c1ccc(-n2nc(C(F)(F)F)cc2OC2CCCC2)nc1,0.5429999828338623,0.8393287062644958,0.238655803555792,2.711717,3.323417901992798,0.2516288578510284,0,0,0,0.4666666666666667,3.011000000000002,0.8213082719404332
c3e2c27e4e701a83d2409fd27ce7e7e9,O=C(O)c1cn(Cc2ccc(N3CCOC3=O)cc2)c2cccc(F)c2c1=O,0.7376000285148621,0.9537323713302612,0.0798910752954808,2.400696,-8.170681953430176,0.0939209885895252,0,0,0,0.15,2.843700000000001,0.7495962808402045
3b288c328e0ce5aac86b5241ba6ef952,COc1ccc(N(C)c2nc(Cl)nc3ccccc23)cc1,0.4474000036716461,0.8539257049560547,0.2132104113698005,2.052579,-7.413360595703125,0.4944020271301269,0,0,0,0.125,4.059700000000003,0.683641318131991
4401064444e938ce77f296d78e3c7100,COC(=O)c1ccc(Nc2nc(Nc3cc(C)[nH]n3)cc(N3CCN(S(=O)(=O)c4ccc(C)cc4)CC3)n2)cc1,0.6183000206947327,0.9398645758628844,0.3248846449635245,2.638388,-5.791132926940918,0.9166706323623656,0,0,0,0.2592592592592592,3.6012400000000024,0.2723638669131464
591ac97b4e10414f9c84e81f67efcf13,CC(C)n1c(=O)nc(Nc2ccc(Oc3ccccc3)cc2)n(Cc2ccc(F)cc2)c1=O,0.5766000151634216,0.9642612934112548,0.4388514391400597,2.292221,-11.0600004196167,0.7691397547721863,0,0,0,0.16,4.709200000000004,0.4449184045036668
e5cfe4f13577861688423bf6b8432cb0,Cc1ccc(SCCC(=O)N2CCN(S(=O)(=O)c3ccccc3)CC2)cc1,0.4137000143527984,0.4381433427333832,0.0642313321375034,1.975154,-8.84819507598877,0.8303939580917359,0,0,0,0.35,3.010320000000002,0.6947349444078328
61e43141de069c1bb2cf0b6629d66508,CC(C)c1cccc(NC(=O)CC2CCC3C(COc4ccc(NS(=O)(=O)c5ccccc5Cl)cc4C(=O)N3C)O2)c1,0.6876000165939331,0.9417574405670166,0.1609324413267049,3.653745,-8.279586791992188,0.7235175371170044,0,0,0,0.3548387096774194,5.673600000000005,0.3556451971047903
17e49ad95f1541ed736c3e1097077dbf,COc1ccc(C2SCC(C(=O)NCc3ccc(F)cc3)N2C(C)=O)cc1,0.4505000114440918,0.4291625320911407,0.1335164118896831,2.876477,-8.182917594909668,0.4704566419124603,0,0,0,0.3,3.1132000000000017,0.8551427354109502
b37edcddef2dd6341fc3071e8355f888,NC(=O)c1cnc2ccc(-c3c(-c4ccc(F)c(Cl)c4)ncn3CCC3CCC3)nn12,0.6812000274658203,0.9609198570251464,0.4301441623405976,2.897862,5.767928123474121,0.8084428548812866,0,0,0,0.2727272727272727,4.341400000000003,0.4843665218635598
dc0834a931b6686f63db3edd8a9a9795,OC1CNC(CNC(COCOc2ccccc2F)c2ccccc2)C1O,0.5228000283241272,0.934592068195343,0.3574011041359468,3.690316,-6.680672645568848,0.9401299715042114,0,1,0,0.4,1.2030999999999994,0.388979432747961
f473ff2024279895cac4c61925d497d0,CCC(Br)C(Br)C1=Cc2ccccc2C(=O)C1,0.5550000071525574,0.9745316505432128,0.2430573444474827,3.861699,8.535548210144043,0.4132335364818573,0,1,0,0.3571428571428571,4.5934000000000035,0.7226073972022651
6216695be44ac98122db73dc287864ae,C=C1C(=O)OC2C1CC(OC(C(=O)OCC)c1ccccc1)C(C)=CCCC1(C)OC21,0.6161999702453613,0.915569007396698,0.2610375407067212,4.921266,8.39991283416748,0.4430423498153686,0,1,0,0.52,4.061500000000003,0.3059358164434289
cdee623f905b8e06cfa1480725ca64a6,CN1C(CO)Cc2ccc(Cl)cc2C1c1ccccc1,0.5116999745368958,0.9661086797714232,0.3569649640809406,2.949229,-4.280281066894531,0.7752597332000732,0,0,0,0.2941176470588235,3.278200000000002,0.9162172560627324
ca3c43ea6abb641ca4690e24fab0763e,c1ccc(OCc2nc3c(OCCCNCc4cccnc4)cccc3o2)cc1,0.375,0.8436944484710693,0.3733201189474626,2.268245,-7.241147518157959,0.9579251289367676,0,1,0,0.217391304347826,4.360500000000004,0.4065219548512627
ddd4154455528194ffe7bf71e62cb7bb,O=C(NC1(C(=O)NCc2ccc(Cl)cc2)CSC2=C1C(=O)c1ccccc1C2=O)c1ccc(Cl)cc1,0.6388000249862671,0.991102397441864,0.4758994376117533,3.17778,-5.251480579376221,0.6966383814811706,1,0,0,0.1111111111111111,4.858500000000004,0.485376810205786
1f8219ee74231eb323a155e8ea430532,O=C1Nc2cc(Cl)ccc2C1=Cc1ccccc1[N+](=O)[O-],0.631600022315979,0.9944000840187072,0.4608346752145074,2.189753,-4.505989074707031,0.4112844496965408,0,1,0,0.0,3.7409000000000017,0.5214429399325596
47536af4ce81d20f479602d9089ef565,CN(C)CCNc1cc2c(NC3Cc4ccccc4C3)ncnc2cn1,0.5691999793052673,0.958761751651764,0.4796587242321534,2.56749,-6.592246055603027,0.8860581040382385,0,0,0,0.35,2.5776000000000003,0.7137264142762708
3fe8e53772547da793ad1164f7367b60,COc1cc2cc(C)nc(Cc3cccc4ccccc34)c2cc1OC,0.5076000094413757,0.9821681380271912,0.3559418280016292,2.141528,0.3797940015792846,0.8490597605705261,0,0,0,0.1739130434782608,5.304420000000005,0.5034354890752486
498910d4002b00308ee42590445abba2,O=C(c1ccccc1S(=O)(=O)NCc1ccccc1)N1CCCC1,0.3294999897480011,0.3087454736232757,0.0479885514148257,1.804923,-7.181524276733398,0.4005515336990356,0,0,0,0.2777777777777778,2.4011000000000005,0.9056289131116144
cffc97216630bf8c9d66bea80f772c28,Cc1ccc(C)c(Cn2c(CCCNC(=O)C3CCCCC3)nc3ccccc32)c1,0.5303000211715698,0.9312863945961,0.1646777614951133,2.150843,-10.527422904968262,0.9602869868278504,0,1,0,0.4615384615384615,5.330540000000005,0.5420441772237525
09e3405320b4638b0729c038719522c5,COC(=O)c1c(C)nc(OCc2cn(CCNc3ccnc4cc(Cl)ccc34)nn2)nc1-c1ccccc1,0.6240000128746033,0.9740476608276368,0.2177574322982267,2.795376,0.7423781156539917,0.84144287109375,0,0,0,0.1851851851851851,4.722820000000003,0.2704325278207452
c376ab00bc14a579064f658dfa4ca231,Fc1cncc(N2CC3CC3(C#Cc3ccccn3)C2)c1,0.5719000101089478,0.8202903270721436,0.2298527563160116,3.961595,-6.237682342529297,0.6385852873325348,0,1,0,0.2941176470588235,2.4937000000000005,0.7510318911482191
4205a90dc5de6446749b288d7d997075,COC(=O)N(CC(=O)O)Cc1cc(OCc2nc(-c3ccc(C(C)(C)C)cc3)oc2C)ccc1F,0.6621999740600586,0.9687508344650269,0.1483656079931692,2.593795,-3.19420862197876,0.5135916471481323,0,0,0,0.3461538461538461,5.3186200000000055,0.4616851777702034
f1ec4874aeaa90c5bf00d0624f8ed5b0,O=C(Cc1ccc2c(c1)CCC2)NCc1cc(C(F)(F)F)nn1-c1ccc(Cl)cc1,0.6478999853134155,0.983123242855072,0.2220769145271995,2.401882,-12.048388481140137,0.8186888337135315,0,0,0,0.2727272727272727,4.892100000000005,0.6222677520811346
03bd3fd45dfdfabf4c635af3ab477566,CC(O)C(C(=O)NO)N1Cc2cc(C#Cc3ccc(-c4ccccc4)cc3)ccc2C1=O,0.7472000122070312,0.9878485202789308,0.4747491912408308,3.303232,7.3771281242370605,0.7892807245254516,0,1,0,0.1538461538461538,2.964000000000002,0.3399684812293337
8435c311ccaf97868636c6ba58c207ca,CC1CCN(C(=O)CSc2nnc(Cc3ccccc3)o2)CC1,0.3314999938011169,0.4335997998714447,0.0753791777586395,2.138496,-10.03228759765625,0.1381480857729911,0,0,0,0.4705882352941176,3.011000000000002,0.788336288152948
9450ce5eecb192ab8b7274811fa87fbe,Oc1ccc(-c2ccc3ccccc3c2)cc1O,0.5059000253677368,0.9979740381240844,0.3750865730372342,1.680382,1.3363434076309204,0.523085641860962,1,1,1,0.0,3.9180000000000024,0.628574586084135
65c575f66af9412afb51a69ff27ced15,Cc1cc(-c2ccc(N3C(=O)C(=O)C(C(=O)C(C)C)C3c3ccccc3CC(=O)N3CCCC3)cc2)cs1,0.6152999997138977,0.9518880248069764,0.1811140450564297,3.557651,-5.389069080352783,0.6123956620693207,0,1,0,0.3548387096774194,5.386720000000006,0.3045835810150197
ece60b1f3626e92562ad5ffeb0e7e462,CCCCOC(=O)NS(=O)(=O)c1ccc(CC(C)C)cc1-c1ccc(NCCC)cc1,0.6539999842643738,0.9281227588653564,0.2305994568900628,2.374102,-3.507981061935425,0.7677734375,0,1,0,0.4583333333333333,5.589000000000006,0.4396686445587971
a90161d994b65ac2e893b67eba834c5c,CCCCCCCCC1C=Cc2c(cc(C)oc2=O)O1,0.5954999923706055,0.9714208841323853,0.2427924316037785,3.280495,10.58375072479248,0.5713285148143769,0,1,0,0.5882352941176471,4.473020000000004,0.689528646887407
df08bb3eca9a9974a54db4e77d9ac526,O=[N+]([O-])c1ccc(C2NC(c3ccc([N+](=O)[O-])cc3)C3CCCC2C32NNC(=S)N2)cc1,0.6096000075340271,0.9830519556999208,0.5297404039989818,5.376112,-8.29819393157959,0.6349874019622803,0,1,0,0.3809523809523809,2.9834999999999994,0.3123342805955184
53a2396fbb98d64c3a856f3f2125775f,COc1cc(NC(=O)CCc2c(C)n(C)c3cc(-c4ccccc4C)nn3c2=O)cc(OC)c1OC,0.3930999934673309,0.7649112343788147,0.2471363314173438,2.641484,-3.378622055053711,0.8948453664779663,0,0,0,0.2962962962962963,3.913940000000003,0.4023391468755763
eaa325874e3c80b6cd62a2a169411fed,CC(c1ccon1)N(C)C(=O)CCc1cccc(F)c1,0.2994000017642975,0.3624093234539032,0.0889228004962205,2.820507,-9.051712989807127,0.3402490481734276,0,0,0,0.3333333333333333,2.9659000000000013,0.8430942415994659
0b72850e32b488f7a425351ab0ad628a,COc1ccc(C2=CC(c3ccccc3Cl)NC(=S)N2)cc1,0.5421000123023987,0.9792003035545348,0.379168300466104,2.856297,-11.015992164611816,0.4805479705333709,0,1,0,0.1176470588235294,3.908500000000002,0.8360150880452701
f0a40f17b3f0e03d899edc0750e8b295,Cc1sc2ncn(CC(=O)N3CCN(c4cccc(Cl)c4)CC3)c(=O)c2c1S(=O)(=O)N1CCN(c2ncccn2)CC1,0.603600025177002,0.6623266935348511,0.0751950268379666,2.830203,-10.558878898620604,0.9004395961761474,0,0,0,0.3703703703703703,2.06952,0.3155184916081815
80617c754e12cc2c6ee29b76d1fcff64,N=C(N)c1ccc2ccc(CN(CCc3ccccn3)C(=O)c3cccc4ccccc34)cc2c1,0.656499981880188,0.9755017757415771,0.2285471152175556,2.365847,-7.793951988220215,0.9573423027992248,0,1,0,0.1,5.557170000000005,0.2474850491948136
47a35460f0e0d514b87b7bcf41424759,O=S(=O)(NCC1CCC(CNC(CO)Cc2ccc(Cl)cc2)CC1)c1cccc2ccccc12,0.6553999781608582,0.9908247590065002,0.3235309692946347,2.837468,-0.8857477903366089,0.957749116420746,0,0,0,0.4074074074074074,4.771100000000005,0.3744067128408502
e00caee545073a3d11f76dddf2aef49b,Cc1c(Cl)c(C(=O)NCC(c2cccnc2)C(C)C)nn1C,0.4296000003814697,0.5590734481811523,0.1101596090434627,2.948084,-11.622776985168455,0.4133157253265381,0,0,0,0.4375,2.946520000000002,0.9210658590247466
242181bba93bd55d944ae70d992a2204,O=C1CCCN1C1CCN(Cc2coc3cc(Oc4nc5ccccc5s4)ccc23)CC1,0.5325000286102295,0.7965657114982605,0.3185288608074188,2.624853,-6.996949195861816,0.924653422832489,0,0,0,0.36,5.421600000000005,0.408751149429523
32066dc1de8d32c04814b12e8a087e0d,Cc1ccc(Cc2ccccc2C(=O)N(CCO)Cc2cccs2)cc1,0.5130000114440918,0.8480468392372131,0.1412888677282766,2.09249,-8.412558555603027,0.9009379148483276,0,0,0,0.2272727272727272,4.282020000000004,0.6787422246353146
bfaeaea68d3d44c539f60bf94e3575d4,O=C(Nc1ccc(Cl)cc1)Nc1cccc(-c2ccsc2)c1,0.6335999965667725,0.9917280077934264,0.3748138479211114,1.808371,-11.608925819396973,0.4939786851406097,0,0,0,0.0,5.712500000000003,0.6346269328220062
0dd6bb887e65072ea4ad024a95a85245,Cc1cc2ccccn2c1C(=S)NC(=O)c1ccccc1,0.4453000128269195,0.9107299447059632,0.1686119410124692,2.429494,-9.937040328979492,0.4653840243816375,1,1,0,0.0588235294117647,3.353220000000001,0.7353448309283224
5e785fe12008dca77133dafa13e6769c,COc1ccccc1C1(CNc2ncc(S(N)(=O)=O)s2)CC1,0.5115000009536743,0.8520891070365906,0.1519943333484909,2.631471,-4.7276716232299805,0.1897256821393966,0,0,0,0.3571428571428571,1.9428,0.8386100921729597
09b3c81e277d8bf7721281a208c48188,CC(C(=O)NCc1ccc(C(F)(F)F)nc1N(Cc1ccc(F)cc1)S(=O)(=O)c1ccccc1)c1ccc(NS(C)(=O)=O)c(F)c1,0.6643999814987183,0.9424965977668762,0.1550996107133952,3.326319,-0.5953050851821899,0.9393289446830748,0,0,0,0.2,5.5655000000000046,0.1996253124250884
6c97518ac569f4930bb7411613ca16bc,CN(CCNC(=O)C1C(C(=O)Nc2ccc(Br)cc2)C2C=CC1C21CC1)C(=O)OC(C)(C)C,0.6122000217437744,0.835871160030365,0.1424170940775763,4.956083,-9.539637565612791,0.5668876469135284,0,1,0,0.56,4.199100000000004,0.5531201184343626
ccde463a79acedd962b7d2a3c2def675,O=S1(=O)NCCN1Cc1cccc(O)c1,0.3761000037193298,0.6584551930427551,0.0378247968513857,2.83425,-7.729563713073731,0.1589289709925651,0,0,0,0.3333333333333333,0.0421999999999996,0.7506960244096957
2a8d1f90f2dc171531dd675c740fc630,C=C1C(=O)OC2CC(C)=C(C(C)CCCOC(C)=O)C(OC(=O)c3ccc(F)cc3)C12,0.6730999946594238,0.959168016910553,0.4087357548150149,4.082069,5.7614240646362305,0.7564160823822021,0,1,0,0.4583333333333333,4.148500000000004,0.212623559890143
fc0759e84df05dbb835472ac9df4da0f,COCCNC(=O)Nc1cc2[nH]nc(OC)c2c(COC)n1,0.3973000049591064,0.5502760410308838,0.1093995970758524,2.806147,-8.201436996459961,0.2920805782079697,0,1,0,0.4615384615384615,0.8807999999999995,0.6548764860973362
cf232f88fc63b477538247ae8dbe2698,Cc1ccccc1Nc1c(-c2cccc(N(C)C)c2)nc2ccc(Br)cn12,0.5591999888420105,0.9698405861854552,0.5309568020430478,2.339833,-9.895310401916504,0.9623565316200255,0,0,0,0.1363636363636363,5.881820000000005,0.4466452033712068
21df8aff14d5d787581975dd8acc6e5b,CC(CO)NC(=O)NCc1cnn(-c2ccccc2)c1,0.2567999958992004,0.3465115427970886,0.0790553326633843,2.517873,-10.271483421325684,0.0557345435023307,0,0,0,0.2857142857142857,1.0522999999999998,0.7622771785732989
705bc14c244005867b89787f60b8f090,CCc1nc2ccc(C(=O)NCCCn3ccnc3)cn2c1N(C)Cc1ccc(N(C)C)cc1,0.5281000137329102,0.8454360961914062,0.144344571639191,2.779508,-7.424497604370117,0.987445604801178,1,1,0,0.3461538461538461,3.615700000000003,0.3669786845306809
f857d7c2beceadbd542d802b3053526b,O=C1c2ccccc2NC(c2cccnc2)N1Cc1ccc2c(c1)OCO2,0.4596999883651733,0.6825366616249084,0.1229911209507422,2.790125,-4.525799751281738,0.8415472507476807,0,0,0,0.1428571428571428,3.5770000000000017,0.7744261520575706
380ff8edfcb0a5e5346dfdca192e882d,COC(=O)C1CCCC(C(=O)OC)N1,0.3810999989509582,0.5081357359886169,0.0677861675979908,3.155138,9.728154182434082,0.0498321291059255,0,0,0,0.7777777777777778,-0.1569000000000002,0.628965516368093
79d70092c35234ab1ad9af397b933e5c,Cc1nc(COCc2cnc3n2CCN(C(=O)C2CC2)C3C)cs1,0.5087000131607056,0.4224611520767212,0.0426795790818604,3.425525,-5.787443161010742,0.2013820767402649,0,0,0,0.5882352941176471,2.678020000000001,0.8350440929481767
2ee9ee2cc26fb6ae0f12ae239e49cf20,CCOc1ccc(C(c2c(O)n(C)c(SC)nc2=O)c2c(O)n(C)c(SC)nc2=O)cc1,0.5482000112533569,0.9333137273788452,0.1316329569301822,3.124866,-6.304384708404541,0.320012703537941,0,0,0,0.3333333333333333,2.3079,0.3909168338938313
2288311af192907a284ddcdcc4c621f0,COc1ccccc1C(C)NC(=O)Cn1cnc2ccccc2c1=O,0.3269999921321869,0.4854416251182556,0.0775532404130155,2.358283,-5.03048038482666,0.2859917223453522,0,0,0,0.2105263157894736,2.2825,0.7751123789221158
d2f9219c25cb59f13726717135322feb,O=C(c1nc(-c2ccc3cc[nH]c3c2)no1)N1CCCC1,0.4119000136852264,0.4375733435153961,0.0759905867955901,2.365515,-7.916855812072754,0.5579024314880371,0,0,0,0.2666666666666666,2.4539,0.7830508732891355
c18602f689bac53d4bca297a38b1e91d,NC(=O)c1ccc(CNC(=O)c2cnc(Nc3cccc(Cl)c3)cc2C(F)(F)F)cc1,0.7067000269889832,0.981164813041687,0.3963767317208377,2.26422,-7.10484504699707,0.7516754865646362,0,0,0,0.0952380952380952,4.526300000000003,0.5159362678840036
85759ab950a7233b95137c3c62eb7b91,CN1CCC1COc1cncc(N2CCCCC2)c1,0.4842999875545501,0.5612602233886719,0.1306335617872801,2.809347,1.9826146364212036,0.7468642354011535,0,0,0,0.6666666666666666,2.1548,0.8301643930062969
b67acca53b8c7275b6b831e414a90f92,CC(C)c1cccc(C(C)C)c1OC(=O)CCCOC(=O)CN,0.4754000008106231,0.8513670563697815,0.2350780124014074,2.39272,9.7356595993042,0.4955755472183227,0,1,0,0.5555555555555556,3.1209,0.4519702546799981
340ebd507d5c7bcbab1ecae0d111844f,COc1ccc(CCN2CCCn3c2nc2ccccc2c3=O)cc1O,0.476500004529953,0.6904577016830444,0.159391156651757,2.2826,6.945619583129883,0.8700801014900208,0,0,0,0.3,2.563500000000001,0.7824199400320967
f9f46db037a01c2a7ca178a4170d1f1c,O=C(c1ccnnc1)N1CC2CCCC2(COCC2CCOCC2)C1,0.4300000071525574,0.2298616170883178,0.0432780844328755,3.806662,-1.9851540327072144,0.5037472605705261,0,0,0,0.7368421052631579,2.1620999999999997,0.8181772006843077
dd2a8dd84e97f8aa65d13f30c635d934,Clc1ccc(Nc2cnc(C3CNCCO3)nc2)cc1,0.499099999666214,0.9487940669059752,0.3170410787517374,2.942534,-8.546300888061523,0.1458040550351143,0,0,0,0.2857142857142857,2.5345000000000004,0.9095789207023164
a45fb416b85168a078dc7cf96a812247,CC[n+]1c(C=Cc2cc([N+](=O)[O-])ccc2O)ccc2ccccc21,0.6527000069618225,0.9897611737251282,0.4812582392584194,2.638337,-6.828055381774902,0.6422585368156433,1,1,0,0.1052631578947368,3.9314000000000022,0.4495819962604897
9d9f31b4e7b99eba02ae17943444b403,O=C(O)CC1SC(Nc2cccc(Cl)c2)=NC1=O,0.5223000049591064,0.925317645072937,0.1348213924581862,2.708957,-0.6493674516677856,0.0161375345662236,0,0,0,0.1818181818181818,2.2245999999999997,0.8896665621033855
8506e3bcd01d4b8f414eb47b25b2587e,O=C(c1cc(Cl)c[nH]1)N1CCCC1c1cccs1,0.5354999899864197,0.5989627838134766,0.0979882990094748,2.878337,-10.132843017578123,0.256977167725563,0,0,0,0.3076923076923077,3.706900000000002,0.8943812636297273
96c7560368a03f1096ab9cb0455b8637,O=C(NO)c1ccc(CNCc2csc3ccccc23)cc1,0.5544000267982483,0.955227792263031,0.2196047089316628,2.052444,-6.26782751083374,0.7132819294929504,0,1,0,0.1176470588235294,3.310100000000002,0.5001914038798119
a45bfcaa249484551c79a3fa88dad87f,CC(C(=O)OC1CC2CCC(C1)N2)c1ccc(Br)cc1,0.6068000197410583,0.8650011420249939,0.2417063455690037,4.154006,-7.760016441345215,0.712020480632782,0,0,0,0.5625,3.378800000000002,0.8590105022555724
3e3768ee3d58955e78ecd6fe980e6a4a,CCN(CC1NC(Cc2ccccc2)(C(=O)OC)C2C(=O)N(Cc3ccccc3)C(=O)C12)S(=O)(=O)c1ccc(OC)cc1,0.6625999808311462,0.8358184695243835,0.1395127681845968,3.787482,-5.249343395233154,0.782686734199524,0,1,0,0.34375,2.6335000000000006,0.2616241638072719
416dd7c05c12180ed61f7d20daf8678c,CC(C(N)=O)c1ccccc1Nc1c(Cl)cccc1Cl,0.5220000147819519,0.9592600464820862,0.2539381479675119,2.587709,-8.28624153137207,0.41845343708992,0,0,0,0.1333333333333333,4.325800000000002,0.8831245925276181
212a0be9ed179d0eb022b1657c9f49ac,Cc1nc(C(=O)NNC(=O)c2cccc(OC(F)(F)F)c2)cs1,0.5570999979972839,0.9354572296142578,0.2436048537492752,2.212058,-1.6283217668533323,0.1598771318793296,0,1,0,0.1538461538461538,2.42492,0.837531345673197
4328d910e8172ec2f03743fdec31e752,CC(C)(O)Cn1c(=NC(=O)c2ccnc(-n3cnc4ccccc43)c2)[nH]c2ccccc21,0.517799973487854,0.9005634188652039,0.2986641174012964,2.970287,-9.501855850219728,0.9214426636695862,0,0,0,0.1666666666666666,3.215300000000001,0.4607243610784114
42380c51857a0bc33c94fa0f297e972a,COc1ccc2c(c1)c(-c1nc(-c3cn(C)c4ncccc34)cs1)cn2CCN1CCCCC1,0.5892000198364258,0.9390846490859984,0.6710349863225763,2.692483,-1.887412667274475,0.9225292563438416,0,0,0,0.3333333333333333,5.813000000000005,0.3134106907573316
272212e99ad993b0e2766b1b86d6b6b8,NC(=O)Nc1cccc(-c2cc3nccc(-c4ccc(OC(F)F)c(OCC5CC5)c4)n3n2)c1,0.6759999990463257,0.9688965678215028,0.5296826687726107,2.643965,-9.35116481781006,0.80772864818573,0,0,0,0.2083333333333333,4.944100000000003,0.3834805539379748
ac61ddc67a4ebb3b84c2eeebb2e23e58,CC1CCN(C2CCN(S(=O)(=O)c3ccc([N+](=O)[O-])cc3)CC2)CC1,0.5591999888420105,0.7511856555938721,0.1668504131111231,2.157829,-7.557920455932617,0.8852624773979187,0,1,0,0.6470588235294118,2.479800000000001,0.602908704058707
0828ad707a285b6480d8577b37b9ac79,CC(CN1CC(C)OC(C)C1)Oc1ccc2c(c1)Cc1cccc(-c3cc(=O)cc(N4CCOCC4)o3)c1S2,0.7666000127792358,0.8807629346847534,0.5121605193073099,4.180989,-6.3815765380859375,0.909623384475708,0,0,0,0.4516129032258064,5.075300000000006,0.3308553537936026
59eb62ab0e83625f72053bda9497d5e9,CCCN(Cc1cc(NC(=O)N(C)C)ccc1N(C)C)C(=O)C(CC)CC,0.4045000076293945,0.4608175456523895,0.0649954952638257,2.547234,-4.493355751037598,0.9234674215316772,1,0,0,0.6190476190476191,4.020900000000004,0.7080698054802901
737e8a1d1991a8293153286617fe5e03,Cc1cc(C)c(C#N)c(NC2COCC2N2CCCC2)n1,0.3792000114917755,0.4874858260154724,0.1667704609307375,3.47957,-8.38701057434082,0.8043607950210572,0,0,0,0.625,1.84522,0.9185024196089516
fdc175fcdd96bfeaa5e517bdb909939a,COc1cccc(CNC(=O)c2cc3ccc(-c4cn[nH]c4)cc3n2CCN(C)C)c1,0.5522000193595886,0.8556545972824097,0.2223763987421989,2.507727,-8.30655574798584,0.958502721786499,1,0,0,0.25,3.531600000000002,0.4599261400435288
caca0861b9d77aee40e4989dd3368eed,CC(C)CCCN1C(=O)NC(=O)C(=Cc2ccc[nH]2)C1=O,0.5019999742507935,0.8838902711868286,0.2034792185507037,2.663109,-3.8211472034454346,0.218203417956829,1,1,0,0.4,1.9127,0.6414089364960819
60ea6832f14b13c458395b3b7a3ed4d5,N#CC1=C(N)OC2=C(C(=O)CCC2)C12C(=O)Nc1ccc(Br)cc12,0.5759000182151794,0.887633204460144,0.3202849714593453,3.897484,-9.861550331115724,0.3560907244682312,0,0,0,0.2352941176470588,2.3701800000000004,0.712399967814584
c81791e0465e084bf28b1907ae8df51d,COc1ccc(NC(=O)c2cc3c(=O)[nH]c4ccccc4c3n2C)cc1Cl,0.5511000156402588,0.8495255708694458,0.430105911059813,2.226524,-6.397512435913086,0.8065224170684815,0,0,0,0.1,3.9341000000000026,0.5641147328783822
001aab7835142524bd86a99eb593a6db,Cc1cc(C)cc(CSCC(=O)NN=Cc2ccc(OCC(=O)NCc3ccco3)cc2)c1,0.4546999931335449,0.8265684843063354,0.1002679954875599,2.411042,-9.591063499450684,0.7920711994171142,0,1,0,0.24,3.9751400000000023,0.3301394249386993
4f5749516239a1b259ef83acc5aabd0a,Oc1cccc2ccc(-c3ccccc3)nc12,0.5066999793052673,0.9981479644775392,0.3048801002177325,1.691052,-6.337653160095215,0.4307719886302948,0,0,0,0.0,3.607400000000003,0.6805633768996693
c4562bdda4e4a6ab7919e7d192f0c59a,COc1cccc(F)c1CNC1CC1c1ccccc1,0.5110999941825867,0.8830010890960693,0.2559951245784759,2.739271,-3.952326536178589,0.9152080655097962,0,0,0,0.2941176470588235,3.480000000000002,0.898621538945377
754bc0f0478b11655fe2b7ed2e03ea20,COc1c(N2CCN(c3nnc(-c4cccc([N+](=O)[O-])c4)s3)C(C)C2)c(F)cc2c(=O)c(C(=O)O)cn(C3CC3)c12,0.8880000114440918,0.9975852370262146,0.1692234687507152,3.495256,-5.216812610626221,0.332793390750885,0,1,1,0.3333333333333333,4.324100000000003,0.2478088365997114
1caebc9abd72077766b759effa958a6f,Fc1ccc(C2Nc3ccccc3-c3ccnc4[nH]cc2c34)c(F)c1,0.6578999757766724,0.9885045289993286,0.5188248455524445,2.9884,-5.518319129943848,0.9178948640823364,0,0,0,0.05,5.023000000000002,0.5132047483029496
1252540f740f92535cecdd205f3e4bd5,CCOC(=O)C1CCCN(S(=O)(=O)c2ccc(NC(C)=O)cc2)C1,0.3777999877929687,0.2025633156299591,0.0305067484944381,2.361987,-9.922511100769045,0.2971347033977508,0,0,0,0.5,1.6088,0.8110754458545469
29446eefcc27e326a006fedb366c806b,CC(C)(C)c1ccc2ncnc(N3CCN(C(=O)C(N)Cc4ccc(Cl)cc4)CC3)c2c1,0.6464999914169312,0.914851188659668,0.4885633371093056,2.775182,-3.68893837928772,0.9541688799858092,0,0,0,0.4,3.7993000000000015,0.6525387651135941
386fce3ea3ff6185a76d7d12b165e98e,CN(C)C(=O)Cc1ncc(NC(=O)c2cc(-c3ccn(C)n3)c(C(F)(F)F)cc2F)c(-c2ccccc2)n1,0.6392999887466431,0.9500438570976256,0.2833980538628318,2.958374,-7.327914714813232,0.8703920602798462,0,0,0,0.1923076923076923,4.5850000000000035,0.3714066882944279
d942e271f22e132a7cf2094ccee4793f,CCCCCCCCCOC(=O)C[n+]1csc(CCO)c1C,0.5935999751091003,0.9428791999816896,0.0921281958845528,2.785402,-6.137784004211426,0.6067880094051361,0,1,0,0.7647058823529411,3.172620000000002,0.3641477031797576
0c6c16d8e53ca1ef0a98b3f615878ead,Cn1c(=O)c2c(ncn2CCCC(=O)N2CCCCCC2=O)n(C)c1=O,0.5271999835968018,0.2593265771865845,0.0266926857558163,2.527299,-4.61405086517334,0.2054894171655178,0,0,0,0.5882352941176471,0.1431,0.7714293237823444
91f48d2f2e6e2940bd1955951172f798,CCOc1ccccc1NC(=O)c1cnc2n(c1=O)CCS2,0.4041999876499176,0.5914052724838257,0.1142110980369828,2.291126,-9.305529594421388,0.1589442312717437,0,0,0,0.2666666666666666,2.0,0.8732322803162251
62f8c30b70e7aca8ec21aab89b25d1e3,Brc1cccc(Nc2nsc3ccccc23)c1,0.534600019454956,0.998323917388916,0.1893472898412834,2.123811,-10.4323091506958,0.6757674217224121,0,0,0,0.0,4.802400000000002,0.7351867780267373
8ac8eedf53ee923457733eb0c799cbae,CCOC(=O)c1ccc(-c2c(-c3ccc4c(c3)OCO4)noc2-c2ccsc2)cc1F,0.6844000220298767,0.9659860730171204,0.1739224209026857,2.618387,2.2907278537750244,0.7811434388160705,0,0,0,0.1304347826086956,5.781600000000004,0.3686424961519667
12b97d5c31974692386637652a096888,Cc1ccc(Cn2cnc3c2c(=O)n(C2CC2)c(=O)n3-c2ccc(C)cc2)cc1,0.4720999896526336,0.7771284580230713,0.2131552472710609,2.295252,-8.606095314025879,0.7163394689559937,0,0,0,0.2608695652173913,3.3489400000000016,0.5403728615418388
05b1ee603ee586a5f6dc69fc754e8131,COCCOCC1(CNC(=O)c2ccc(OC)cc2)CC(O)C(O)C1,0.386599987745285,0.5155512690544128,0.1054686331613497,3.240628,11.665847778320312,0.3884969294071198,0,1,0,0.6111111111111112,0.589999999999999,0.562392493567213
d313febab60b86f53f4413f52305d5d6,Cc1cc2c(cc1C(F)(F)F)NC(=O)CC(c1cccc(Oc3ncccn3)c1)N2,0.6470000147819519,0.935194492340088,0.4310860308733853,3.231517,-12.457978248596191,0.7909786701202393,0,0,0,0.1904761904761904,5.091520000000004,0.6243205115706351
d7dbd7c3c64c3a6c8c645352e09ab0f5,CCOC(=O)N1CCN(S(=O)(=O)c2ccc(OCC)c3ccccc23)CC1,0.4291999936103821,0.6048117876052856,0.044086047405885,2.05072,-9.23106861114502,0.7569603800773621,0,0,0,0.4210526315789473,2.7013000000000007,0.781986696921003
7fac30b27e6d3982db63f350036ddd00,CCn1c(SCc2ccccc2)nc2c(c1=O)SCC2,0.4898000061511993,0.7918822169303894,0.0969757640903646,2.378497,-5.653305530548096,0.3373299479484558,0,0,0,0.3333333333333333,3.2037000000000013,0.641624155086261
3671a63696a93aceb2ee02cace04fe1b,O=C(CC1CCN(CC2CC2)CC1)c1ccc(-c2ccccc2)cc1,0.6305000185966492,0.934631884098053,0.2727137932723218,1.913744,-5.721571922302246,0.9557541251182556,0,0,0,0.4347826086956521,5.048400000000004,0.689632682230162
8bed3b46d77617535e36cf6361c25faa,C=C(C)c1nc(N2CCC(O)C2)c2nnn(Cc3ccccc3Cl)c2n1,0.5436999797821045,0.8421606421470642,0.1744836765256795,3.20573,-0.4296247661113739,0.5759177923202514,0,0,0,0.3333333333333333,2.527100000000001,0.7597565670314528
3515c2e0178631c12e6205cbb1ea450b,COC(=O)c1ccc(CN(C)CCN2CCCC2=O)o1,0.2818999886512756,0.2362979501485824,0.041477010754699,2.360345,-11.155827522277832,0.1971404492855072,0,0,0,0.5714285714285714,1.1203999999999996,0.7307017632667027
7c530b60765bfcf6543e45749dbb9457,CC1=C(C)C(=O)OC(C(C)C2CC(O)C3C4C5OC5C5(O)CC=CC(=O)C5(C)C4CC(O)C23C)C1,0.7002000212669373,0.9864240288734436,0.3758838312192397,5.762146,9.652852058410645,0.2082792177796363,0,1,0,0.7857142857142857,2.3221,0.405129205524447
01d7c8911e1e06e76f8a861fffd3656a,CCCCOc1ccc(C2=NNC(=O)CC2)cc1,0.4630999863147735,0.7708055377006531,0.1600546626882119,2.129479,-3.92826771736145,0.3140895724296569,0,1,0,0.4285714285714285,2.4796000000000005,0.8113514042925518
5ff021cf384a39f0add5e7574033aff8,CCc1c(C)sc(NC(=O)c2c(F)c(F)c(F)c(F)c2F)c1C(=O)OC(C)C,0.6197999715805054,0.9819449186325072,0.2031407904895869,2.656837,-9.541013717651367,0.5611205697059631,0,1,0,0.3333333333333333,5.131920000000003,0.3151558506194122
7757a774d7085a163b676780188fb31c,FC(F)(F)c1cc(Br)cc(Nc2ncc(Br)c(Nc3cc(C4CC4)n[nH]3)n2)c1,0.782800018787384,0.9971691370010376,0.6544541174715216,3.015573,1.2963485717773438,0.7872154474258423,0,0,0,0.2352941176470588,6.108100000000002,0.3803836465513587
f80e641534ed384c5dfa1435088b24c6,Cn1c(-c2cnc(NC(=O)c3ccccc3Cl)s2)cc2ccccc21,0.5648000240325928,0.9834822416305542,0.3317732621322978,2.240953,-11.377808570861816,0.6132744550704956,0,0,0,0.0526315789473684,5.207500000000003,0.5400916862124965
b7293b764b1fba997794f72cc5a8320d,CCOC(=O)Nc1cc(COC(=O)CCC(=O)Nc2cc(C(=O)NCCN(C)C)n(C)c2)cc(Nc2c3ccccc3nc3ccccc23)c1,0.6474000215530396,0.9625664949417114,0.2511224028739062,2.978584,-0.1653472483158111,0.9211514949798584,1,1,0,0.2702702702702703,5.792000000000005,0.0842820157218457
e1e60cad36bac11a9e45f48b793ba31b,O=C(NCCc1ccc(Cl)cc1)C1CCN(S(=O)(=O)N2CCC3(CC2)OCCO3)CC1,0.4458999931812286,0.3113583922386169,0.0870656404982913,2.967349,-12.719367027282717,0.7258506894111634,0,0,0,0.6666666666666666,1.794399999999999,0.683030698935552
8276c1fcb29f5900376709ed795633b0,CC(C(=O)Nc1ncccc1Cl)c1ccc(Nc2ccnc(C(F)(F)F)c2)cc1,0.6685000061988831,0.9928597211837769,0.443001316352324,2.890147,-5.6479034423828125,0.779991090297699,0,0,0,0.15,5.6346000000000025,0.5606373003517493
0a4c0c8d1e59b509d66151b8f242e4fa,CCCC(NC(=O)C1C2CCCC2CN1C(=O)C(NC(=O)C(CC1CCCCC1)NC(=O)c1cnccn1)C(C)(C)C)C(=O)C(=O)NC1CC1,0.7713000178337097,0.8385193943977356,0.4613402729684656,4.501092,10.531834602355955,0.288138222694397,0,1,0,0.7297297297297297,2.836000000000003,0.2149159872854566
72d55a59c99002539dedc2059f7c1d74,COc1ccc(NC2C=CS(=O)(=O)C2)cc1,0.2939999997615814,0.5894227623939514,0.0779351341453465,2.789215,-10.825556755065918,0.0951419867575168,1,0,0,0.2727272727272727,1.4178,0.8663237000584206
e79b8674bf505aeb46e5fe97022b3b0d,COc1cc(NC(=O)c2cc(Br)cc(C)c2OC)ccc1NC(=O)C(C)C,0.5098999738693237,0.9399991631507874,0.1710737720131874,2.074518,-11.849669456481934,0.8385590076446533,0,0,0,0.3,4.621520000000003,0.6944143046581344
b7f6f86857920a2eceb0f1c4405722eb,Fc1ccc(-n2cc(COc3ccc(C(F)(F)F)cn3)nn2)cc1C(F)F,0.5927000045776367,0.895636260509491,0.2306543236429041,2.725016,-4.583158016204834,0.6141687512397767,0,0,0,0.1875,4.336800000000002,0.6106418987768895
acfd3f75889cad1a6ac19d0b56abe536,Cc1ccc(C(OCC(O)CN2CCCCC2CO)c2ccccc2)cc1,0.5101000070571899,0.8757463693618774,0.4598226587880741,3.127641,-4.735113143920898,0.9764664530754088,0,0,0,0.4782608695652174,3.308720000000002,0.7495815330872708
868fdfc1d7eb4ba2a2b1a6761b24332f,Cn1c(-c2cc(-c3ccc[nH]3)no2)cc(Br)c1Br,0.5543000102043152,0.9678961634635924,0.1565559049221602,3.286911,-8.361213684082031,0.4709648311138153,0,0,0,0.0833333333333333,4.2002000000000015,0.7342674192430271
e1b440d162e9aded39b8bea7f78a0520,Cc1cc(Br)c(NC(=O)C(C)Sc2nnnn2C)c(Br)c1,0.4580999910831451,0.8067237138748169,0.0472118389991671,2.892777,-6.170853614807129,0.1206430591642856,0,0,0,0.3333333333333333,3.162820000000001,0.7478198893634912
008ea3a1e46e5d548fa8a51af9d94a67,OCC1OC(Oc2ccc3cc2Oc2ccc(cc2)CCC(O)CCCC3)C(O)C(O)C1O,0.6064000129699707,0.9475550055503844,0.3968655155463652,5.711594,11.056244850158691,0.6328050792217255,0,0,0,0.52,1.677499999999999,0.4680269826875008
957a11b4e3615fa01109a5844b918164,CC1(C)OC(=O)C(OCC2CC2)=C1c1ccc(S(C)(=O)=O)cc1,0.5748999714851379,0.839658260345459,0.1635620516132224,2.649064,8.413346290588379,0.1331344958394766,0,0,0,0.4705882352941176,2.563200000000001,0.7730356324611797
be88b66e41af86877999696928c7bd64,COC(=O)CCS(=O)(=O)c1ccc(Cl)cc1,0.3948999941349029,0.7708311676979065,0.1273929175328124,1.780172,-7.0738019943237305,0.0399447334464639,0,0,0,0.3,1.6768,0.774821448386252
ddd8e7651cc8d07986c6481e630fb1b0,COc1cc(OC)c2c(=O)cc(CCCCCCC(=O)O)oc2c1,0.529699981212616,0.873059093952179,0.0893018619919365,2.287199,10.31604290008545,0.3508551687002182,0,1,0,0.4444444444444444,3.3878000000000013,0.7074985995160767
3c1650fe490ecde214230607f84a43cd,CCc1cc(O)c(F)cc1-c1ccc2c(-c3nc4c([nH]3)CCN(C3CCN(C)CC3)C4)n[nH]c2c1,0.6748999953269958,0.9614894986152648,0.5066858353939924,3.202205,-9.059120178222656,0.970414924621582,0,0,0,0.4074074074074074,4.479400000000004,0.406242640972722
3be7fc304b80b7ebac9cd14b92c07866,COc1ncc2ncc(=O)n(CCC#N)c2n1,0.3578999936580658,0.7751829624176025,0.0408163340815173,2.774614,-12.31152629852295,0.1614931270480156,0,0,0,0.3,0.1087799999999996,0.7436441899136599
a66c9c6bf36fccc108132bbc81ea5f25,O=c1[nH]c2c(Cl)cc(C(F)(F)F)cc2n(O)c1=O,0.6359999775886536,0.9794501662254332,0.2765947133302688,2.804398,-10.174999237060549,0.1549783639609813,0,1,0,0.1111111111111111,1.5992999999999995,0.5684045780179825
bf472fc6ca8806bb2088a24e21d94ad1,CC1=C2CC(C)(CO)CC2Cc2coc(C(=O)O)c21,0.5831999778747559,0.9546205401420592,0.1491116821257905,4.394169,10.782930374145508,0.0154949832707643,0,0,0,0.5333333333333333,2.716,0.8593036652142175
bf2d944f562e4ed61c2c7116be62f819,O=C(O)c1cn(C2CC2)c2cc(C3CCNCC3)c(F)cc2c1=O,0.8496000170707703,0.9977630972862244,0.132037214088169,2.581041,-6.942928314208984,0.0716046936810016,0,0,1,0.4444444444444444,2.6407000000000007,0.9074706398258332
e9a53d475209730ceb6627440175b654,CC(C)OC(=O)C(C)NP(=O)(OCC1OC(n2ccc(N)nc2=O)C(F)(F)C1O)Oc1ccccc1,0.6258000135421753,0.855268657207489,0.2219143347306685,4.323118,6.554060459136963,0.6732810258865356,0,1,0,0.4761904761904761,1.8524999999999985,0.3021318049785116
86903393e6dbbcaecb935988060db0ba,CCOC(=O)N1CCCC1C#CCN1CCCC1,0.3842000067234039,0.417233258485794,0.0521520350805737,3.079899,-9.41073513031006,0.4079046964645386,0,1,0,0.7857142857142857,1.7065,0.6994102710423774
2ecd78a3f1e5e0c9cf609dcea42f15e6,Cc1c(-c2ccncc2)c[nH]c1C(N)=O,0.3357999920845032,0.7330111265182495,0.112669425593181,2.493281,-1.366726636886597,0.0537901014089584,0,0,0,0.0909090909090909,1.48402,0.7720805809292093
bcf480ca1ee247becd347d1a18e15565,O=P(O)(O)C(c1ccccc1)P(=O)(O)O,0.4058000147342682,0.9579012989997864,0.1309010811169202,2.628353,0.9485007524490356,0.0389538147428538,0,1,0,0.1428571428571428,1.0405999999999995,0.5972120079843694
09396b7cb4ab2b588f77a12d8b67ddf5,COc1ccc(C(C)=NNC(=O)C2=C(O)c3ccccc3S(=O)(=O)N2)cc1,0.5048999786376953,0.9316627383232116,0.1234217353842475,2.589084,-10.206191062927246,0.3664597988128662,0,1,0,0.1111111111111111,1.7541,0.5458156635011288
19ea3c7c3b1b74c20b87f1fdbbd7d433,O=C(Nc1ccc(N2CCN(C(=O)c3ccco3)CC2)cc1)c1cccnc1Cl,0.5396999716758728,0.5735633373260498,0.1260407451878894,2.097124,-9.811600685119627,0.5412444412708283,1,1,0,0.1904761904761904,3.542700000000002,0.6653557484507362
cae88a89d7ef990cf95aa15f9e0909ba,O=C(c1ccc(Cl)cc1)C1C2C(=O)N(c3ccccc3)C(=O)C2C2CCCN21,0.6424999833106995,0.8843367099761963,0.3171067888086492,3.299092,-8.283197402954102,0.5536368906497955,0,1,0,0.3181818181818182,3.175100000000002,0.5923356553065813
4a7a0c67ac65a3b29cd19177bce241b6,CSc1ccc(-c2ccccc2C2CCC(Cl)(Cl)CC2C(=O)NCC#N)cc1,0.5891000032424927,0.9047583341598512,0.1378243910995396,3.582578,-6.617180824279785,0.8274087309837341,0,1,0,0.3636363636363636,5.772880000000004,0.369912089649806
e0ea1374a79db538dcb8e9be36f128c8,Cc1ccc(C2CC(c3cc4ccccc4oc3=O)=NN2c2ccccc2)cc1,0.5223000049591064,0.9785699248313904,0.2404695749282837,2.662052,-8.466374397277832,0.8670061707496644,0,1,0,0.12,5.457120000000005,0.4436223564699815
c0aacfc6ea5a09ba3b913b5d1a7f2f79,O=C(N1CCN(Cc2nc3cc(Cl)ccc3n3cccc23)CC1)n1nnc2ccccc21,0.6104000210762024,0.839168131351471,0.1674054691737348,2.633116,-9.472424507141112,0.8921333312988281,0,0,0,0.217391304347826,3.671500000000002,0.4143135678044911
8e43afa4e41c03a38d779685821aaeaf,O=C(O)COCCNc1cc(C(F)(F)F)ccc1CN1CCN(C(=O)OC(C(F)(F)F)C(F)(F)F)CC1,0.7113000154495239,0.9120601415634156,0.1271472803571007,2.922359,-5.148191452026367,0.802714741230011,0,1,0,0.6,3.965900000000003,0.35227896340298
cfb1be03db9dd76fe9ee3b37d606b0fc,COC(=O)c1ccc2c(c1)NC(=O)C2=C(Nc1ccc(C(=O)NOCCN2CCC(N(C)C)CC2)cc1)c1ccccc1,0.659600019454956,0.9621879458427428,0.3531078086657958,2.806768,-8.176019668579102,0.9582587718963624,0,1,0,0.303030303030303,4.093100000000003,0.1416764562931757
004f9a7e54deb299a90742b9263ce974,CC(=O)OCC1=COC(OC(=O)C=C(C)C)C2C1=CC(OC(=O)CC(C)C)C21CO1,0.6265000104904175,0.9582440257072448,0.3614508123560385,5.193522,11.901463508605955,0.4968924641609192,0,1,0,0.5909090909090909,2.5822000000000003,0.2681154862329167
96964ed07e6173666fe29682de950679,CCOC(=O)CN1C(=O)NC(CCc2ccccc2)C(C(=O)OC)C1C,0.4546999931335449,0.6391711235046387,0.0513477188281037,3.492872,3.348236322402954,0.3045555204153061,0,0,0,0.5263157894736842,1.7537999999999994,0.7472302034414261
b8988e0dca947d46741e1cb955329a29,CC(C)CN(CCCc1ccccc1)Cc1ccc2ccccc2c1,0.6025999784469604,0.991876482963562,0.4618901989676736,1.86326,-10.450138092041016,0.9914340138435364,0,0,0,0.3333333333333333,5.930600000000006,0.4942314221909172
853920b4699b9f151f8b8554a2c82099,COc1cccc(C(=O)CN2CCCCC2C(=O)NC(C(=O)OC(C)(C)C)c2cccs2)c1,0.5533000230789185,0.7964135408401489,0.1302922063253142,3.203391,3.7444307804107666,0.4921051502227783,0,0,0,0.48,3.993100000000003,0.4619115627789372
cb8efbfbb5bf3cf04fb08b84d76bf7bd,CCCc1ccc(Oc2ccc(CN3CCC(O)=C(C(=O)NCC(=O)O)C3=O)cn2)cc1,0.629800021648407,0.8809012174606323,0.1981562823057174,2.623939,-5.449097633361816,0.0996418330818414,0,1,0,0.3043478260869565,2.5716,0.5122224412083861
1a1b0d6ce963928cd61631827df49f07,CCCCCCCCN1C(CC(=O)O)c2cc(F)ccc2S1(=O)=O,0.6245999932289124,0.9196906685829164,0.1021114271134138,3.101244,-2.943829298019409,0.3471599727869033,0,1,0,0.5882352941176471,3.7063000000000024,0.6838297180535848
dc4260527e8b6ddda90646636282d527,CC(C(=O)O)c1ccc(Cc2ccco2)cc1F,0.4422999918460846,0.7857779860496521,0.1327985862100666,2.701826,-11.301772117614746,0.0116620772518217,0,0,0,0.2142857142857142,3.1976000000000013,0.9034542363487786
e257ddba819a75a26005d937cc4396b2,Cc1ccccc1OCCn1c(S)nc2c(N)ncnc21,0.4074000120162964,0.8535409569740295,0.2750894528898326,2.555137,-11.16948413848877,0.5545175731182098,0,1,0,0.2142857142857142,2.0846199999999997,0.7213687946357954
07acf0ad8b1b3534d32f2fbc3834681a,CCOc1c(Cl)cc(C(=O)Nc2nc(CN3CC(C)OC(C)C3)cs2)cc1OC,0.5773000121116638,0.9073025584220886,0.3307333188978108,3.096428,-9.967484474182127,0.7548421084880829,0,0,0,0.5,4.065300000000003,0.7007404312154871
be13aba09389cfd901f8c2c87b11d29f,CCOc1ccccc1-c1noc(C2CCCN2C(=O)c2cc(Cl)ccc2-n2nccn2)n1,0.566100001335144,0.7488915324211121,0.20270778441971,3.073696,3.2012102603912354,0.5934932351112365,0,0,0,0.2608695652173913,4.346700000000003,0.4179606809737818
cc29b1b4bcaf545d25c0936424afbd1a,N#CCC1=CCN(c2ccc(N3CC(Cn4ccnn4)OC3=O)cc2F)CC1,0.7806000113487244,0.6987065076828003,0.0732689520598135,3.59381,-9.373144149780272,0.5221770167350769,1,1,0,0.3684210526315789,2.4927800000000007,0.7386457688832587
541633d34b8f3b62df76f4d3da6012ae,Cc1ccc(-n2c(=O)c3c(n2C)C2(C)CCC3C2(C)C)cc1,0.5358999967575073,0.8892189860343933,0.1887008988044478,4.037339,-1.6695667505264282,0.512904167175293,0,0,0,0.5263157894736842,3.659320000000003,0.7887044810050705
994fd33e0176c4a17448cdc03c35738d,O=C(O)CCN1CCc2c(c3ccccc3n2Cc2cccc(C=Cc3nc4cc(Cl)ccc4s3)c2)C1,0.7078999876976013,0.9919337034225464,0.3034460842609405,2.741223,-3.4157028198242188,0.6414256155490875,1,0,0,0.2,6.955900000000005,0.2484939898929803
7c86fa6cfb8c5672f4d725dfbdc73797,NC1=NC23CCC(NC(=O)c4cccc(Cl)c4)CC2C(COC3)S1,0.5845000147819519,0.7965940237045288,0.1351705660874193,4.937674,-1.8492404222488403,0.3572501122951507,0,0,0,0.5294117647058824,2.4376,0.8434818316370316
24690b9376494914fd077252ed304ec5,O=C(O)CCNc1sc2c(c1Cc1nnc(SCC(=O)NNC(=O)c3ccccc3)n1NC(=O)c1ccc(Cl)cc1)CCCC2,0.6482999920845032,0.9631549715995787,0.1234875043684786,2.99664,-11.544407844543455,0.337444519996643,0,1,0,0.2666666666666666,4.286400000000003,0.1093911594582635
1241d867811334ea1f0e29e5a36dcc66,Cc1cc(OC2CCCCC2)cc(C(=O)Nc2nc(C)cs2)n1,0.48989999294281,0.8357539176940918,0.1890462989156896,2.348523,-4.227211952209473,0.2810810565948486,0,0,0,0.4705882352941176,4.1187400000000025,0.9151275082084016
0b9c545eb88717aeb739448a27ca3ccb,CC1=CC(C)(C)n2c(O)c(N=NC(=N)S)c3cccc1c32,0.604200005531311,0.9937439560890198,0.3039139156991785,3.86956,2.976245880126953,0.527584183216095,1,1,0,0.2666666666666666,4.447170000000004,0.3094373397878376
095c5a20cccf57bc8fc7637cc4face99,COc1ccc(CCNc2nc(Cl)nc3ccccc23)cc1OC,0.4819999933242798,0.922105610370636,0.3141422908414494,1.970599,-6.189640045166016,0.7316274642944336,0,0,0,0.2222222222222222,3.9550000000000023,0.6865583130940384
fc783eca1e0cf3c20c8c2ab29c8ae412,Cc1ccc2c(Nc3ccc(F)c(Cl)c3)nccc2c1NC(=O)c1csc2c(N)ncnc12,0.6757000088691711,0.9840545058250428,0.5387372943488035,2.752187,5.346430778503418,0.8753160834312439,0,0,0,0.0434782608695652,5.918520000000002,0.2958944500506461
df7b5be9d8feb91f66cb549228c1389f,CN(C)C1C(=O)C(C(N)=O)=C(O)C2(O)C(O)C3C(=O)c4c(O)cccc4C(CS)C3C(O)C12,0.7911999821662903,0.9977554678916932,0.0924899715252898,5.031959,11.465397834777832,0.1457275465130806,0,1,0,0.5,-1.272699999999998,0.2056865938055229
fa1e665b0bc7377c074f0133bef613ee,Cc1ccc(C(C)N(C)C(=O)c2cccnc2O)s1,0.5167999863624573,0.7249507904052734,0.0506107121367346,3.051016,-1.9931668043136597,0.0803651295602321,0,0,0,0.2857142857142857,2.990320000000002,0.9372770171193684
8cabaa498279f5f9be63b83fa6e5f4d9,CC(=O)c1ccccc1-c1cc(C(=O)Nc2nc3c(s2)CCCC3)cs1,0.5669000148773193,0.9302853345870972,0.1688846722245216,2.459197,-7.4394731521606445,0.4863805383443832,0,0,0,0.25,5.205300000000003,0.6305984795264897
938fc2552cde74a2046e7dc5aa18abba,CNC(=O)c1ccccc1Nc1c(Br)cnc2[nH]c(-c3ccc(F)cc3)nc12,0.5777999758720398,0.97496235370636,0.3548526045950976,2.527028,-10.597814559936523,0.9259066581726074,0,0,0,0.05,4.629700000000002,0.4323534198619188
c1da93a335f42aca7dd18750ddbd89f4,O=C(CCCNC(=O)C1CCCO1)Nc1ccc(Cl)cc1,0.3476000130176544,0.5371370315551758,0.1229974353177981,2.321178,-11.56857967376709,0.3153702631592751,0,1,0,0.4666666666666667,2.353899999999999,0.792614416456512
bb1ef920ab2809d65d91320bf0875705,CCCC(=O)OCSc1ccccc1C(=O)OCC(N)=O,0.4278999865055084,0.8393755555152893,0.051834875209765,2.309879,-8.527552604675293,0.0724493466317653,0,1,0,0.3571428571428571,1.7215999999999998,0.4459926489586172
f3e6049024dd6a74194371b21a840bf5,COCCNC(=O)CN(Cc1ccc(OC)cc1)C(=O)CCC(=O)Nc1nccs1,0.3772999942302704,0.3188648521900177,0.0943681103262034,2.281614,-11.513705253601074,0.5143920540809631,0,1,0,0.4,1.6618,0.4918840018633431
ad5ca167970c98722f56648f9eadaaa5,COc1cccc(Cn2c(=O)c3c(n4nnnc24)-c2ccccc2CC32CCCC2)c1,0.5594000220298767,0.9391423463821412,0.135960608256441,3.215875,-7.891718864440918,0.6441779971122742,0,0,0,0.3333333333333333,3.3778000000000024,0.5147973042312928
dc2e38a9a3a2c9f9395b060fa7a41bb0,Cc1ccc(C2=NN=C(c3ccncc3)c3ccc4ccccc4c3N2)cc1,0.5733000040054321,0.9922605752944946,0.3602270118214867,2.638836,-10.36733341217041,0.93593248128891,0,0,0,0.0416666666666666,5.167920000000004,0.5348366476896959
de7d5891f797e7c96bb86b0d6a36c22b,Cn1cc(-c2cc3cc(NC(=O)C4CC4F)ncc3c(N)n2)cn1,0.5982000231742859,0.8764296770095825,0.2582181908867575,3.540491,-5.317310810089111,0.4038356602191925,0,0,0,0.25,1.909,0.7658207234856645
3edbc12d8a8e723b8ce96148028596fe,COc1cccc(C2CS(=O)(=O)Oc3c2c(C)nn3-c2cccc(Cl)c2)c1,0.5346999764442444,0.8601933121681213,0.2545087933540344,3.292517,-8.08909797668457,0.3098846554756164,0,1,0,0.2105263157894736,3.6968200000000024,0.6223539355319728
d547ab1868f8d81783c17882301d9819,Cc1cc(C)c2cccc(OCc3c(Cl)ccc(S(=O)(=O)NC4(C(=O)N5CCN(C(=O)C[N+](C)(C)C)CC5)CCCC4)c3Cl)c2n1,0.6632999777793884,0.91691255569458,0.1904320479793982,3.283499,-6.6605000495910645,0.8939144968986511,0,1,0,0.4848484848484848,4.7055400000000045,0.3261996074209855
55afbb18f86aa4a24d300343d77c8877,CCOc1ccc(Nc2ncc3c(n2)-c2ccc(OC)cc2NC(=O)C3)cc1,0.5656999945640564,0.9332253336906432,0.3550537038933147,2.312585,-4.505767822265625,0.8136698961257934,0,0,0,0.1904761904761904,3.7891000000000017,0.7046919072972612
75c307b4d4c1c67a88b0526674f4140d,CCNC(=O)c1ccc(C(=C2CC3CCC(C2)N3Cc2cccc(C(=O)O)c2)c2ccccc2)cc1,0.7304999828338623,0.9855705499649048,0.159552474590865,3.848348,-7.054718017578125,0.6836896300315857,0,0,0,0.2903225806451613,5.763400000000005,0.4508930799000616
a972f8bee5d2290807cb00aa75bc0fac,CC(=O)Oc1ccc(C2OC(c3ccc4c(c3)OCCO4)=NN2C(C)=O)cc1,0.5117999911308289,0.8260671496391296,0.1308717585422776,3.002097,-5.244609832763672,0.3115572452545166,0,1,0,0.25,2.6222000000000003,0.5991466347652799
a74e8d990c96e0a96f3f45cb183f3a25,CCCc1c(OCCCCOc2ccc(-c3nn[nH]n3)cc2)ccc2c1cc(C)n2CC(C)(C)C,0.5853000283241272,0.9693092703819276,0.3421654728325931,2.70124,-2.970874071121216,0.8722574591636658,0,1,0,0.4642857142857143,6.366420000000007,0.2551827440415522
7f10a112b35bfa169884ca41fa0c660c,CCOc1cc(Cl)cc(C(O)c2ccccc2OC)c1N(CC(C)(C)C)C(=O)CCC(=O)N1CCC(C(=O)O)CC1,0.6852999925613403,0.8816211223602295,0.1996956332163377,3.352836,5.056689262390137,0.317828556895256,0,0,0,0.5161290322580645,5.311500000000004,0.3651675476253038
ed55ccfe633b5ff5614c979cbfb5b524,Cc1nc(CO)nn1Cc1cn(-c2ccccc2)nn1,0.3163000047206878,0.4197917580604553,0.0292192767268385,2.602738,-11.701661109924316,0.0231052185408771,0,0,0,0.2307692307692307,0.7078199999999997,0.7546502824943571
2320c67d439abfc7376d8469a73f55da,CC(c1cccnc1)N(C)C(=O)c1cncc(F)c1,0.3357000052928924,0.5151404142379761,0.1001141746951775,2.695289,-2.6140263080596924,0.078730222582817,0,0,0,0.2142857142857142,2.448900000000001,0.8501627831482613
ee6eccd29e4969621518f6684f77a66e,COc1ccc(-c2c(C#N)c(N)nc3c2CCCC3)cc1OC,0.4262000024318695,0.9028537273406982,0.3659651943228461,2.282061,-8.578299522399902,0.8458670854568482,0,0,0,0.3333333333333333,3.0984800000000012,0.9418537620247556
8fe9115808a24952d872f068c1f9bb53,CCN1CCN(C(C)(C)CNc2nc(C)cc(C3CCC3)n2)CC1,0.5299000144004822,0.7003660202026367,0.2012034383687106,2.661471,-10.036953926086426,0.9182773351669312,0,0,0,0.7894736842105263,2.8805200000000006,0.8682064686620559
87d48750b3626a9cd7d169cedb5cee03,CCOC(=O)c1ccccc1NC(=O)C1CSC2(C)CCC(=O)N12,0.5192999839782715,0.7371091246604919,0.0388209457847882,3.051673,-7.173871040344238,0.1343084245920181,0,0,0,0.4705882352941176,2.2558000000000007,0.8448780108099766
0af94ae4e91c7534653bc0d3525a75db,COc1oc(C2CC(C=C(C)C=C(C)CC(C)=Cc3ccc([N+](=O)[O-])cc3)=CO2)c(C)c(=O)c1C,0.6377999782562256,0.9895082116127014,0.2675911337137222,4.213883,-1.4560571908950806,0.8346497416496277,0,1,0,0.3214285714285714,6.904940000000007,0.2331140506066363
167f859e5176c487448d4dc70a2823fa,NS(=O)(=O)c1cc(S(N)(=O)=O)c(NC(=O)CN(CCOCCOCCN(CC(=O)O)CC(=O)O)CC(=O)O)c(Cl)c1Cl,0.6047999858856201,0.8816145062446594,0.0630291085266931,3.23219,-10.878562927246094,0.145086320489645,0,1,0,0.5,-1.8822999999999952,0.0820633792399296
3090cc1f6c8563d30f0278d75037989c,CS(=O)(=O)c1ccc(-c2cnc3ccc(-c4cccc(C(=O)N5CCCCC5)c4)nn23)cc1,0.5275999903678894,0.7530118823051453,0.1314737945795059,2.352012,-1.7724984884262085,0.8460012912750244,0,0,0,0.24,4.092900000000003,0.4579298210294041
28c282bf7bb5d268943dc507e374e751,O=C(Nc1ccc(Cl)cc1)C1Cc2ccccc2CN1C(=O)c1cccc(Cc2ccccc2)c1,0.6406999826431274,0.9669484496116638,0.3125186372887004,2.546765,-9.215057373046877,0.8796183824539184,0,0,0,0.1333333333333333,6.136600000000005,0.372901393791729
2e86243f0d46e3983c5ed786b52085e4,Cc1c(C=CC(=O)O)ccc2ccc(OC(C)c3c(Cl)ccc(F)c3Cl)cc12,0.7857000231742859,0.9978958368301392,0.429720019752329,2.995687,-8.451558113098145,0.2260702580213546,0,1,0,0.1363636363636363,6.831920000000004,0.3641974739362399
df9c7e236461771e31a61badbace527b,CCc1nn(C2CCCC2)c2c1CCn1c(-c3cccs3)nnc1-2,0.5453000068664551,0.6544814109802246,0.090784584426067,2.861246,7.203067779541016,0.2786800593137741,0,0,0,0.5,4.1037000000000035,0.7215210452494291
c5e7c2998709ef74054a04d5698c1a4a,CCC1=NC2(CCN(C(=O)C(C)Oc3ccc4c(c3)OCO4)CC2)C(=O)N1,0.4372999966144562,0.46120485663414,0.0467636946758086,3.641958,-1.787697672843933,0.4525125801563263,0,0,0,0.5263157894736842,1.4821,0.8635593352780782
ebb3a7691e275eb597afc85e0f3a553f,CCC(C)C(NC(=O)C1CCCN1C(=O)C(NC(=O)OC(C)(C)C)C(C)(C)C)C(=O)c1nc2ccccc2s1,0.597599983215332,0.8831788301467896,0.289022412489761,3.795457,3.385723352432251,0.3862161785364151,0,0,0,0.6206896551724138,4.940300000000003,0.4433404102969465
6d915bd96711df68d1ffc8ee3e5cc060,CCn1c(SCC(=O)N2CCCC2)nc2ccccc21,0.2937000095844269,0.2540344297885895,0.0677464678883552,1.909915,-10.661158561706545,0.4488015174865722,0,0,0,0.4666666666666667,2.7707000000000006,0.8123646666439897
6da7c27e8a5967224dd7c9e383ad5e07,CC(=O)NC(CSC(=O)c1cccnc1)C(=O)NCCO[N+](=O)[O-],0.5284000039100647,0.8545544147491455,0.1136564697054299,3.140932,9.00220012664795,0.0602366089820861,0,1,0,0.3846153846153846,-0.2157999999999997,0.3515193391574515
851a08d5d1072b3b08b0cd7c916afe3f,CCCN=C1N(C)CC2C3C(=O)N(C)C(=O)C3C(CC)(C(=O)OC)N12,0.5830000042915344,0.6019498705863953,0.0317674271169711,4.531062,0.1485372185707092,0.0589463155716657,0,1,0,0.7647058823529411,-0.0651999999999981,0.5216094832112267
96131eae77f16e3362cf4230d1410864,Cc1ccc(C)c(Cn2cnc3c(nnn3-c3ccc(F)cc3)c2=O)c1,0.380400002002716,0.7844799757003784,0.1461873697963628,2.281967,-10.298104286193848,0.6360985994338989,0,0,0,0.1578947368421052,2.781440000000001,0.5704218359219283
7e6db6d75006a88dbf76aeee30a18ee7,CC(=O)Nc1ccccc1OCc1cn(CCNC(=O)C(CC(C)C)C(=O)NO)nn1,0.3977999985218048,0.4837407767772674,0.0395168866962194,3.066973,-3.2996890544891357,0.3401326775550842,0,1,0,0.45,1.0994000000000002,0.2360546780555566
e3b9b751ae86fda65ed056287261488e,Cc1c(N(CCC2CC2)S(=O)(=O)c2cccc(C#N)c2)sc2ccccc12,0.5852000117301941,0.9562140107154846,0.1563424335961992,2.565354,-8.674180030822754,0.8509223937988282,0,0,0,0.2857142857142857,5.076800000000005,0.5838317559851028
17afd4b08f2d75a70730eb60d2640701,CC1C(NCc2cnc(-c3ccccc3)[nH]2)CC2CC1C2(C)C,0.5716000199317932,0.9312543869018556,0.2481092465194788,4.306905,-0.4507570564746856,0.8404615640640258,0,0,0,0.55,4.237000000000004,0.8867496768165439
db579956fb6276ee31a477e786d0e3d0,Cc1c(F)cccc1C1(C(=O)NO)Cc2nc(-c3ccccc3F)sc2C1,0.6636000275611877,0.945545494556427,0.3243426897309043,3.413877,-5.671586036682129,0.759549868106842,0,1,0,0.2,3.938720000000002,0.5294842050599687
3075468d7ce9a4a36d1c9ce72c0c849b,NC(c1ccc(O)cc1)C(F)(F)C(=O)O,0.4113000035285949,0.8531166911125183,0.2594860722734169,2.854691,-10.422895431518556,0.0271684220060706,0,0,0,0.2222222222222222,1.1119,0.7077184448480344
94c9d0a77d663d98fb8408efd23f5684,CC(C)C1CN(CCC(=O)NC2CC2)CC1Nc1ccc(C#N)cn1,0.4494000077247619,0.5284812450408936,0.1107604053210128,3.407644,-4.913501262664795,0.749880850315094,0,0,0,0.631578947368421,1.9902799999999996,0.7925933333078891
bb919e365475ad5b493d03ac01f67902,COc1cccc(F)c1NC(=O)NCCCc1nc[nH]n1,0.3556999862194061,0.3993947207927704,0.074460376731374,2.775736,-11.34060001373291,0.1111589357256889,0,1,0,0.3076923076923077,1.7066999999999997,0.7069083424511904
9695f908a66bcc208bce8d1bb1d09419,CNC(=O)c1cccc(Cc2n[nH]c(=O)c3c2CCCC3)n1,0.3614999949932098,0.4128677248954773,0.044118088924072,2.601154,-8.826213836669922,0.1748587131500244,0,0,0,0.375,0.9940999999999997,0.8844214887845139
a99e2c9fde907956481746710732e16a,C[N+]1(CC2CC2)C2CCC1CC(CC(C#N)(c1ccccc1)c1ccccc1)C2,0.6543999910354614,0.97905695438385,0.2887096452442082,4.406744,5.62477970123291,0.9787467956542968,0,1,0,0.5185185185185185,5.683980000000005,0.5865847570184033
425321a1f63118360479cb0a6a854198,COc1ccc(-c2nc(-c3ccc(NC(=O)c4ccc(Br)o4)cc3)no2)cc1OC,0.5123999714851379,0.8759044408798218,0.255299600687894,2.169487,-7.247234344482422,0.8063972949981689,0,0,0,0.0952380952380952,5.0286000000000035,0.4221100782977748
e94eae4963fcd8b8b2b8e58ed8254e2b,O=C(O)c1ccc(-c2ccccc2)cc1NS(=O)(=O)c1cc(Cl)sc1Cl,0.7451000213623047,0.9929632544517516,0.0679479788311503,2.198253,-3.822624444961548,0.1243891060352325,0,0,0,0.0,5.220900000000002,0.5837330719458309
6570ffe39ac1f6b792b7a979f7773800,CC(=O)NCCCNc1ccc([N+](=O)[O-])cc1,0.319599986076355,0.8213129639625549,0.0998542874374173,1.857097,-9.302294731140137,0.1754145592451095,0,1,0,0.3636363636363636,1.5328999999999997,0.4461831997531308
76e042b94aeee2ba806cbd873a568c76,CN(C)c1ccc(-c2nnn(CC(=O)Nc3ccccc3N3CCOCC3)n2)cc1,0.3840999901294708,0.648853063583374,0.0814525822854854,2.278096,-9.786053657531738,0.4855349719524383,0,0,0,0.3333333333333333,1.8813999999999995,0.6674059737966617
d40a03d5a2a532307612690e42adcfb6,O=C(Nc1ccsc1C(=O)N1CCCCC1)c1cnccn1,0.4697999954223633,0.2412420660257339,0.0451973341405391,2.247419,-4.556567192077637,0.4742756068706512,0,0,0,0.3333333333333333,2.4165,0.9433326230484468
b2a81b493802a850657db1b799613027,COC(=O)C1(Cc2ccc(O)cc2)C(C)C(=O)N1Cc1ccc(OC)cc1,0.5627999901771545,0.8654242157936096,0.0976134294813329,3.202162,-7.662835121154785,0.3221765369176864,0,0,0,0.3333333333333333,2.5336000000000007,0.6255132350834252
8f4fc31366ad6e1aec6085dd9b370434,Cc1c[nH]nc1C(=O)Nc1ccc(F)cc1Cl,0.4343999922275543,0.8405482769012451,0.1314244466749104,2.492809,-8.25629711151123,0.1641834944486618,0,0,0,0.0909090909090909,2.7629200000000003,0.8646297361418137
7a566e38c594a00fb323ef28758857ac,CCN(CC)CCON=C(c1ccc(OC)cc1)c1cccc2ccccc12,0.546500027179718,0.9834626317024232,0.6287812644785101,2.256609,1.6946390867233276,0.9791514992713928,0,1,0,0.2916666666666667,4.9592000000000045,0.3006857825602519
ec7b9682b4678a100c5186c9e6dc3ea7,CCC(C)C(NC(=O)OC(C)(C)C)C(=O)NC1COC2CC(n3cc(F)c(=O)[nH]c3=O)OC12,0.6876999735832214,0.9172156453132628,0.2005509395490993,4.273282,5.503696441650391,0.2887714564800262,0,0,0,0.7142857142857143,0.7862000000000013,0.558128308679837
b91f027968df625fc96ef3b396191e7a,COCCCN=C(S)Nc1ccc(N2CCCCC2)cc1,0.4219000041484833,0.7693495154380798,0.2554163797335191,2.411484,-9.318034172058104,0.8760932326316834,1,1,0,0.5625,3.411100000000002,0.3658984410333467
bcdb74680e5082d94db892a6fd34cb0e,COCCNC(=O)CNS(=O)(=O)c1ccc(Br)c(C)c1,0.3089999854564667,0.4909462630748749,0.0756326634436845,2.070867,-11.44495677947998,0.136337174475193,0,1,0,0.4166666666666667,0.7984200000000002,0.7004068134349635
c0241da0715f3b6aaffb642485e6f1c2,COc1cc2ncnc(Nc3cc(Cl)ccc3F)c2cc1OCC1CCN(C)CC1,0.670199990272522,0.97003173828125,0.7470271370627664,2.390527,-6.186422824859619,0.9401551127433776,0,0,0,0.3636363636363636,4.895100000000004,0.6001355137642739
4227be4d289fc69b6f62d00db1ec876f,CN1Cn2c3c(c4ccc(Br)cc42)CCN(C)C3C1Cc1ccccc1,0.6215000152587891,0.96711403131485,0.5303790379654277,3.599976,-1.9932864904403689,0.9608890652656557,1,0,0,0.3636363636363636,4.447000000000004,0.618774156327593
42e567a67dc2e2c607e0c1a760c5d823,CCCCCCCCCc1ccccc1C(=O)NS(=O)(=O)c1cccc(Br)c1,0.6434999704360962,0.9745499491691588,0.1839400936256755,2.093756,-4.0982513427734375,0.7643561959266663,0,1,0,0.4090909090909091,5.860900000000005,0.4220988279999457
27ff8dd97f2f34d476c4cc9a3631b35c,CCOC(=O)C1CCN(C(=O)Cn2ncc3c4ccccc4nc-3c2O)CC1,0.4693999886512756,0.5861298441886902,0.0673917052759365,2.553604,-10.635068893432615,0.5321213603019714,0,0,0,0.4,2.043399999999999,0.6937525369046496
1f61adf217ae517ed7054569c8ee8913,Cc1nc2cc(CN(C)CCF)c(OC(F)F)c(C#N)c2c(=O)n1CCOc1ccc(Cl)cc1-c1ccnc2c(C(=O)O)csc12,0.7483999729156494,0.9651854634284972,0.264558506282893,3.549961,5.71839714050293,0.8190728545188903,0,0,0,0.2580645161290322,6.286600000000006,0.1626831149612141
5451cf76c6415390da7e4799ba09040f,COc1cc2c(cc1OC)C1(CCCC1)C(=O)OC2,0.4047999978065491,0.6486555933952332,0.299822904846885,2.967562,9.38563632965088,0.0867722366005182,0,0,0,0.5333333333333333,2.572400000000001,0.7683695537067399
d497273d26ebcb657ec505f60f957534,O=c1c2ccccc2nc(CSc2nnc(-c3ccncc3)o2)n1N=Cc1ccccc1,0.4190999865531921,0.906978726387024,0.1964663273908875,2.554663,-7.314923286437988,0.7940309286117554,0,1,0,0.0434782608695652,4.016000000000003,0.2904386755314063
0eb47aa865b7cbe8063a91d7e777d408,CCC(C)C1NC(=O)N(C2CCS(=O)(=O)C2)C1=O,0.3727999925613403,0.253175139427185,0.1117919378659941,3.677694,-3.520458698272705,0.013306828145869,0,1,0,0.8181818181818182,0.1399999999999996,0.7419899063357063
89cc72eed0f064ce6a597901efa4f0a2,CCC1(O)CC(OC2CC(N(C)C)C(O)C(C)O2)c2c(O)c3c(c(O)c2C1C(=O)OC)C(=O)c1cccc(OC)c1C3=O,0.7702999711036682,0.9972591400146484,0.7195683487436988,4.795441,9.068732261657717,0.6322668731212616,1,1,0,0.5161290322580645,2.1669,0.2407077960031006
2ce8e492b5c3a7c59cc9ab58662fdb24,N#CN1CC2CCN(S(=O)(=O)c3ccc(-c4cccnc4)cc3)C2C1,0.5888000130653381,0.6152879595756531,0.0591118156232617,3.42981,-5.775613784790039,0.7564762473106384,0,1,0,0.3333333333333333,1.92448,0.787240335755833
805e1722bd6dc678b3e00ab7999874a8,O=C1NC(c2cn(Cc3ccc(Br)cc3)cn2)Nc2ccccc21,0.6050000190734863,0.9557730555534364,0.2429562698711048,3.08874,-2.0947115421295166,0.818080484867096,0,0,0,0.1111111111111111,3.548000000000002,0.7274950874129209
2883963ced71820be7fa59ec674882f8,Fc1ccccc1-n1nnc2cc(Cl)cnc21,0.4467000067234039,0.8618607521057129,0.072034675035287,2.222565,-10.538910865783691,0.0617694910615682,0,0,0,0.0,2.6080000000000005,0.6648871297423448
b5077f60167d98279b06c742abc1481c,Cc1ccc(C=CS(=O)(=O)NCc2ccc(F)cc2)cc1,0.4102999866008758,0.8947815299034119,0.2069502601569349,1.98556,-10.767318725585938,0.7257070660591125,0,0,0,0.125,3.224420000000001,0.9216256198023304
8d99dcafcb213d32388f3d2beff8d634,CCn1c(CNc2ccccc2C(=O)NCc2ccco2)nc2cc(S(=O)(=O)N(C)C)ccc21,0.4514000117778778,0.7594258189201355,0.0656936756250533,2.429712,-9.460030555725098,0.9298748016357422,0,0,0,0.25,3.441600000000002,0.37903949702201
4f958964de00f394292a57b02f14d5e9,COc1cccc(-c2nc3ccc(OC)cc3nc2-c2cccc(OC)c2)c1,0.4546999931335449,0.9660851359367372,0.3537939299236644,1.98883,-8.543885231018066,0.8650125622749328,0,0,0,0.1304347826086956,4.989600000000005,0.4939464598900895
c99b48c7d22755e29ef363cf03a72bdb,CCC(=O)N(CCNC(=N)N)C1CCN(CCc2ccccc2)CC1,0.3549999892711639,0.512876033782959,0.156129054217176,2.309611,-7.685212135314941,0.6091702699661254,0,1,0,0.5789473684210527,1.4151700000000014,0.4912203351565259
5166de7f51501bb706127b6e4ec7e129,CN(C)C(=O)OC(c1cnccc1C(F)(F)F)c1c(Cl)ccc2c1OCO2,0.7039999961853027,0.9380034804344176,0.31902754035863,3.405636,-7.116934776306152,0.7114592671394349,0,0,0,0.2941176470588235,4.270100000000003,0.766940595785122
85974e12e4b1459f141fb1ddc5de3daa,CC(C)C1(C(=O)NCc2cc(C(F)(F)F)cc(C(F)(F)F)c2)CCC(N2CCC(c3ccc(Cl)nn3)CC2)C1,0.7961999773979187,0.8837687969207764,0.2413528236475857,3.831393,1.5995628833770752,0.8631449103355407,0,0,0,0.5925925925925926,6.858300000000006,0.3818619484397168
26fc78b6026b585f8a953bd7ddb58ac2,Fc1cccc(-c2nc(CNC3CCN(Cc4ccccc4)C3)co2)c1,0.5586000084877014,0.9426183104515076,0.2345895265991037,2.597876,-7.335298538208008,0.9858091711997986,0,0,0,0.2857142857142857,3.844800000000003,0.7324817434518529
0799a063de067de72d5942c338304a02,CC1CC(C(=O)N2CCc3nc(C#Cc4cccc(F)c4)sc3C2)C1,0.5455999970436096,0.6290597319602966,0.1924861791458997,2.88563,-10.68671703338623,0.4322987377643585,0,1,0,0.4,3.6128000000000022,0.7331551002492801
9802e8fe9feec2af62500eb38e721833,O=C(CCNS(=O)(=O)c1ccc(Br)cc1)NC1CCCCC1,0.390500009059906,0.5189694166183472,0.1566229997710748,1.920978,-12.31007480621338,0.214787919819355,0,0,0,0.5333333333333333,2.5664000000000007,0.7854420306069918
2d5249508dcb78878745314e9141d863,C[N+](C)(C)CC#CC(O)(c1cccs1)C1CCCC1,0.5289999842643738,0.7765600085258484,0.2091060883619568,3.875075,1.273945927619934,0.4290841937065124,0,1,0,0.625,2.8355000000000015,0.6657047271156807
b66353de036c5724ebd4e8b503733cc4,Cc1cc(=O)oc2cc(N(CC3CCC3)C(=O)CCN3CCN(C(=O)c4ccco4)CC3)ccc12,0.5273000001907349,0.5327041149139404,0.0987019349228252,2.645926,-3.779817819595337,0.9518912315368652,0,1,0,0.4444444444444444,3.675620000000003,0.4827438795256643
b78e32b105739bb72e4a429a0a646e54,CCc1ccc(C(=O)Nc2ccc(C3CNCCO3)cc2)cc1,0.488999992609024,0.718565821647644,0.2471970610997893,2.406247,-8.911972999572754,0.6647731959819794,0,0,0,0.3157894736842105,3.1622000000000012,0.9118057879587644
a55fd12dd184fdccfbd37fb3cd9c1f10,O=C(NCc1ccc(O)cc1O)c1ccc(O)cc1O,0.4742999970912933,0.9586961269378662,0.1014794758097692,2.065098,0.9264681339263916,0.2706547826528549,1,0,0,0.0714285714285714,1.439,0.5819099355094984
05cecbadb56c1bace42757a99a3a29e2,COc1ccc(C(=O)c2cccn2CC=Cc2ccc(CC(=O)O)cc2)cc1,0.5026000142097473,0.9472580552101136,0.1618841541084376,2.255756,-7.45759391784668,0.1162564575672149,0,0,0,0.1304347826086956,4.068200000000003,0.6028304920072483
30bfc4782318584dbbdddf3125d3c147,Cc1[nH]c2ccc(C(=O)N3CC(O)C(N4CCOCC4)C3)cc2c1C,0.4323000013828277,0.2749635577201843,0.086919281377711,3.196874,-7.858590126037598,0.7565356612205505,1,0,0,0.5263157894736842,1.3022399999999996,0.8624957188084236
d53aca15748f294eca805f7383d99085,O=C(Nc1ncc(C(=O)N2CCC3(CCOCC3)C2)cn1)c1cncnc1,0.4406999945640564,0.3664828538894653,0.1607181846418164,3.184742,-8.40502643585205,0.3564415723085403,0,0,0,0.4444444444444444,1.1615999999999995,0.8653980378586961
30fcc008bd975aaaa6f0c6ca87f0dd97,O=C(Nc1ncc([N+](=O)[O-])s1)c1cccc(Cl)c1,0.6689000129699707,0.9940000772476196,0.2031857141039588,2.110617,-9.55032444000244,0.1353573068976402,0,1,0,0.0,2.9570000000000007,0.69298149032166
affb3692fa0a9d6fd2a7752d27c13317,OCCNCc1cnc2c(N3CCc4c(-c5ccccc5)cccc43)ncnc2c1,0.6284000277519226,0.9590213894844056,0.5126931315118616,2.590723,-5.242965221405029,0.958726978302002,0,1,0,0.2083333333333333,3.467900000000002,0.4855179681362773
95f0b675b32dd88ff61f5f5da7a5d973,Oc1ccccc1C(c1ccc(Cl)c(Cl)c1)N1CCN(c2cnccn2)CC1,0.7215999960899353,0.9875180125236512,0.4163744043220173,2.781899,-7.259222030639648,0.954500949382782,1,0,0,0.238095238095238,4.400600000000004,0.6847625227220072
7efd0059259b257c5a579b6eaad7a9f8,Oc1c(Cl)cccc1Cc1cc(Cl)cc(Cl)c1O,0.7900000214576721,0.9993605613708496,0.5109992216933857,2.21106,-10.710999488830566,0.4506757736206054,0,0,0,0.0769230769230769,4.648800000000002,0.8475896671357068
64463392df4098b416e245db5fe6ac20,Cc1nnc2n1-c1sc(C#CCn3cnc4ccccc43)cc1C(c1ccccc1Cl)=NC2,0.5665000081062317,0.8922623991966248,0.223038954490965,3.10052,-0.6601783037185669,0.7170549511909485,0,1,0,0.12,5.043020000000003,0.340756259299953
8bb5a0229b97bb48b2a644b6a94c9722,CC1CN(S(=O)(=O)c2ccc(C(=O)Nc3ccc(S(=O)(=O)Nc4ncccn4)cc3)cc2)CC(C)O1,0.5471000075340271,0.693718671798706,0.0889888976446606,3.063998,-9.925601959228516,0.3283532381057739,0,0,0,0.2608695652173913,2.3276000000000003,0.4720562838410754
d73e078087cf7c8dbff491dcbb088dc3,CC(C)CN(C(=O)COC(=O)CNC(=O)c1ccccc1F)C1CCS(=O)(=O)C1,0.4397000074386596,0.5766791105270386,0.0522447901523926,2.845274,-12.428617477416992,0.3256179958581924,0,0,0,0.5263157894736842,0.7704000000000002,0.6127599633454055
1e7693a3c1d9cf6d5db7943d3b6a92a4,O=C(O)C(=O)Nc1nc(-c2conc2-c2c(F)cccc2Cl)cs1,0.6923999786376953,0.9891236424446106,0.2136385840448466,2.703559,-3.258822441101074,0.0376581523567438,0,1,0,0.0,3.2807000000000004,0.6880652197357022
9e47b1c6e189b419cc47aafad0855dcd,COC(c1ccc(Cl)cc1)C(C)C1CCNCC1,0.4986999928951263,0.9067975282669068,0.3140015906908295,3.171119,-5.350264549255371,0.7182739853858948,0,0,0,0.6,3.6632000000000016,0.8989224387826182
6e3a39d36461d921673b2c91af72c1ab,CC(=O)N1CCC2(CCCN(C(c3ccccc3)c3ccccc3)C2)CC1,0.5055000185966492,0.8083090782165527,0.1337487961758267,2.68828,-7.898383140563965,0.9465958714485168,0,0,0,0.4583333333333333,4.500500000000004,0.8024885055480496
3a6a9233f7239241b40c0195ad24de0e,Cc1ncsc1C(=O)N1CC2CC1CS2(=O)=O,0.4128000140190124,0.3416838943958282,0.0396476977250792,4.89707,-5.2772111892700195,0.0261241831351071,0,0,0,0.6,0.4630200000000002,0.7447703345939162
6f4948d26c2c2c6c32fff490b6442a19,Cc1ccc(-n2nccn2)c(C(=O)N2CCCC2c2nc(-c3ccccc3OC(F)(F)F)co2)c1,0.5924999713897705,0.8408634662628174,0.2436166500503366,3.333184,-3.4715821743011475,0.8052622556686402,0,0,0,0.25,5.106620000000005,0.3923636026507578
7dfdb6800b1301df521640db5b237bcb,CN1C(=O)N(C)C2(c3ccccc3)N(C(C)(C)C)C(=O)NC12c1ccccc1,0.4643000066280365,0.9025061130523682,0.0700936477461999,3.655137,-6.144742488861084,0.3191549241542816,0,0,0,0.3636363636363636,3.513300000000002,0.8693925091471646
9351f174b501592388b373f16abaec5b,O=C(C=Cc1cccc2c1N(Cc1ccc3ccccc3c1)C(=O)C2(F)F)NS(=O)(=O)c1ccc(F)cc1,0.7041000127792358,0.956153392791748,0.3387673890048807,2.770253,-8.890669822692871,0.9117231130599976,0,1,0,0.0714285714285714,5.135800000000004,0.3463402153271341
4d62a98571e1211acdb74bd67dd02b4d,CCC1CCCN(c2ccc(C3=CC4(CCc5cc(O)ccc54)c4ccc(O)cc43)cc2)CC1,0.7365000247955322,0.9927136301994324,0.5210856605659832,3.956364,-1.567957878112793,0.8398072242736816,1,0,0,0.3548387096774194,6.791900000000008,0.4606033185755664
ba7ddbca52609104f62de43fe214f6fd,CN1CCN(Cc2ccc(C(=O)Nc3cnn4ccc(N5CCCC5c5cc(F)ccc5F)nc34)cc2)CC1,0.7023000121116638,0.9331555366516112,0.3851838464086706,3.16919,-7.3936767578125,0.977324950695038,0,0,0,0.3448275862068966,4.348700000000004,0.3991948014907833
6f0d55a149e84aa91ae18c151d3b1c8f,COc1c(C)cc(CN2CCN(c3ncccc3NC(C)C)CC2)cc1C,0.5192000269889832,0.7287144660949707,0.2750704247843135,2.291572,-11.713974952697754,0.977057409286499,0,0,0,0.5,3.849540000000003,0.8386415646786007
81352b71c82385b2cbb623552eafa4c1,O=CN1CCN(C(=O)c2ccc(Cl)cc2Cl)C1=S,0.5910000205039978,0.9323385953903198,0.0697288295592774,2.737062,-7.405488014221191,0.1475158751010895,0,1,0,0.1818181818181818,2.1925,0.6210100437287194
cd2cdf96bd54e8033c25957e5ac4488d,CC(CNC(=O)C(C)C)Oc1ccc(F)cc1,0.274399995803833,0.3717899918556213,0.09898253665729,2.318557,-11.81813144683838,0.3083460211753845,0,0,0,0.4615384615384615,2.3652000000000006,0.8562591668696046
b44f79ca3fa02c08e6be6dbd49dc659a,O=C(O)c1cc(-c2ncc[nH]2)ccc1O,0.4427999854087829,0.9764816164970398,0.0410596399822018,2.252965,-6.180461406707764,0.0135154080577194,0,0,0,0.0,1.4804999999999997,0.6910621004937204
b3c92b925e4483c5ebea55e8821f3b93,Cc1cccc(C)c1-n1nc2c(c1-c1ccc(CO)cc1)CN(c1ccccc1C(C)C)CC2,0.6212999820709229,0.980082869529724,0.4583178514784032,2.649501,-4.762508869171143,0.9710439443588256,0,0,0,0.3,6.334540000000006,0.3851864880557506
0ced15bc04cb8362d990c38e7d18f583,Nc1ccc(Cc2cc(Oc3c(I)cc(CC(N)C(=O)O)cc3I)ccc2O)cc1,0.774399995803833,0.9975696802139282,0.457879746502096,3.032081,6.675482749938965,0.6251230835914612,1,1,0,0.1363636363636363,4.521100000000003,0.225469390684945
8b547d3a6a5899479c603627b0eca2e6,CC1CCCCC1N(C)C1CCN(C(=O)CNC(=O)C=Cc2cccc(Cl)c2)CC1,0.6324999928474426,0.7568826079368591,0.3698605705391277,3.244374,-8.966586112976074,0.8016234636306763,0,1,0,0.5833333333333334,3.970900000000002,0.6931058867607004
491bd08596ba0323209e7062834a3847,Brc1cccc(-c2ncc(OCC3CCNCC3)nc2-c2cccc(Br)c2)c1,0.7063999772071838,0.9949904084205629,0.4538382535631006,2.544624,-7.022930145263672,0.8554393768310546,0,0,0,0.2727272727272727,5.714000000000003,0.4846929966175219
4c5c559436941c842e5d13376e1e59f9,COc1ccc2cc(CCCCC(=O)C(F)(F)C(F)(F)F)ccc2c1,0.6865000128746033,0.9700366258621216,0.2484985237771814,2.300101,-3.0400407314300537,0.7487171649932861,0,1,0,0.3888888888888889,5.327900000000003,0.4928885689354408
3863f824c22d00fce19c5b22e8eb551c,OC(CCN1CC=C(Cc2ccccc2)CC1)c1ccc2c(c1)CCO2,0.597599983215332,0.8982983827590942,0.3812629702416333,2.939498,4.983218193054199,0.9768800616264344,0,1,0,0.391304347826087,3.919800000000003,0.8025345541414399
c9bd887df137263f774a00e0a97bbdc7,C=CCNC(=S)NNC(=O)c1ccc(Br)cc1,0.3867000043392181,0.9029160737991332,0.1088732232085683,2.10996,-10.076906204223633,0.202295158803463,0,1,0,0.0909090909090909,1.7439999999999996,0.4519132225650257
060ac822a8fb82d889ef2c079e0e72da,O=C(c1cccs1)N1CCc2c([nH]c3ccccc23)C1,0.5449000000953674,0.7094966173171997,0.1151739799163558,2.17704,-7.275999069213867,0.5959192991256714,1,0,0,0.1875,3.427900000000001,0.7290620132922865
6a5ee5bac76d4a2485b6e06de008920e,O=C(C=Cc1ccc(Br)cc1)Nc1ccccc1,0.3908999860286712,0.9441789388656616,0.391972307454456,1.602577,-2.1068758964538574,0.404445594549179,0,1,0,0.0,4.101000000000002,0.849717534853221
015917d21c0f210edc886d19d4ba3806,COc1ccccc1C(=O)NCCOc1ccc(C(C)(C)C)cc1,0.4388000071048736,0.8070530891418457,0.1860102577642961,1.725115,-10.023404121398926,0.8388468503952027,0,1,0,0.35,3.801500000000003,0.8210066571456167
2675f413a0d28e3388c961037051acdc,Oc1nccc2nc(C3CC3)n(Cc3ccc(-c4ccccc4-c4nn[nH]n4)cc3)c12,0.621399998664856,0.9657277464866638,0.2058489525860006,2.687862,-6.174794673919678,0.7363445520401001,0,0,0,0.1739130434782608,3.9097000000000017,0.4559226222517456
ba702d2d0faef658771dbb7326a7fb90,COc1cc(C2C(C#N)=C(C)N=C3CC(C)(C)CC(=O)C32)cc(OC)c1O,0.5746999979019165,0.9608617424964904,0.3866312869570472,3.603376,-0.3137013018131256,0.2727599665522575,0,0,0,0.4761904761904761,3.750480000000003,0.8770673817940635
8b1cf2150bf24450ae8cf341a8c353bf,O=C(O)c1ccc(N2C(=O)C(=Cc3c(Cl)cccc3C3CC3)c3ccccc32)cc1O,0.8102999925613403,0.9969826340675354,0.2220544374801895,2.544654,-8.840495109558105,0.2686806499958038,0,1,0,0.12,5.840100000000004,0.5084853410938055
ed9109f64ed861e1b73dc478054c8ff6,Cc1nn(-c2ccccc2)c(Cl)c1C(=O)Nc1ccc(N2CCOCC2)cc1,0.5077999830245972,0.6859461665153503,0.276159249923446,2.059662,-8.810355186462402,0.6134617328643799,1,0,0,0.238095238095238,3.923020000000002,0.7256437404365601
eea5ca4cc81177a7aacf5381dea4ee31,O=C(O)c1cn(C2CC2)c2cc(N3CCN(c4nnc(SCc5ccc([N+](=O)[O-])cc5)s4)CC3)c(F)cc2c1=O,0.8798999786376953,0.9974530935287476,0.1661761260845444,2.83154,-6.709965705871582,0.2228658020496368,0,1,1,0.3076923076923077,4.552300000000004,0.1790553447945994
102668755345dcdbe4eb21eb44720765,ON=C(NC1CCc2ccccc21)c1cccnc1Oc1ccc2ccccc2c1,0.573199987411499,0.9883435368537904,0.4021122726527127,2.921926,-4.984743118286133,0.9089629173278808,0,1,0,0.12,5.440000000000004,0.2089605291988529
da88c6fca2e88ce6f8d8eb964df6a0b6,CC(C)Cc1nc2ccccc2n1Cc1cc(=O)[nH]c2c(F)c(F)ccc12,0.526199996471405,0.9406774640083312,0.3570479899644851,2.495035,-8.32436466217041,0.9326067447662354,0,0,0,0.238095238095238,4.402800000000004,0.5810969637730692
cc434cde72e0513fa10bcfd9b47b5d5d,O=C(CSc1nc2ccccc2c(=O)n1-c1ccccc1)N1CCc2ccccc2C1,0.4972000122070312,0.8093731999397278,0.1723604425787925,2.090358,-10.327274322509766,0.8027670025825501,0,0,0,0.16,4.062700000000003,0.364055663535213
579befa933d8d3423d5d7e40f141327f,CCC(C)C1NC(=O)C2CCCN2C(=O)CNC(=O)C(C)NC(=O)C(Cc2ccc(O)cc2)NC1=O,0.5935999751091003,0.8253489136695862,0.3875868266279047,4.516359,9.700812339782717,0.0815734855830669,0,0,0,0.56,-0.424099999999995,0.377054376514451
b3dbb24e3745b8ad9738a0a3cc8b19e2,Cc1cnc(N2CCn3nc(CNc4cnccn4)cc3C2)nc1N(C)C,0.4587000012397766,0.5658480525016785,0.1766829490661621,3.019569,1.720481038093567,0.6077452838420868,0,0,0,0.3888888888888889,1.46982,0.7272198691352306
d30f40c33b7063a979f59aaaf7ee78a8,O=[N+]([O-])OCCOc1ccc(C=[N+]([O-])Cc2ccccc2)cc1,0.520799994468689,0.924778938293457,0.3448348302732814,2.51762,-5.12086296081543,0.655188238620758,0,1,0,0.1875,2.4031,0.1862850063318197
a7c237cab79206b72a96eafd20cc356f,CCOc1ccccc1-c1nc(C(=O)NCC=CS(C)(=O)=O)c(C)[nH]1,0.3961000144481659,0.6350496411323547,0.0626986438239162,2.755003,-6.047411918640137,0.6630182147026062,0,0,0,0.2941176470588235,2.07192,0.7841260830063518
728008e10e0a3576798b066439b5bf1a,CC1(C)C(C=Cc2ccc([N+](=O)[O-])cc2)=Nc2ccccc21,0.5134999752044678,0.9936070442199708,0.3877314572984522,2.49859,1.454945683479309,0.6743765532970428,0,1,0,0.1666666666666666,4.6719000000000035,0.6093036091020475
1a6ad3c5fc08e2951af0c98406113fd5,Cc1cccc(-c2ccc(C3C4CN(C(=O)c5ccncc5)CC3N4)cc2)c1,0.6571000218391418,0.9476108551025392,0.2421259135007858,3.766534,-9.420086860656738,0.935629665851593,0,0,0,0.25,3.6370200000000015,0.7666959860567895
4c91b3932b357a1bf36de98726c3eebd,CCn1c2ccccc2c2cc(-c3nc4cc(C(=O)O)c(OC)cc4n3CC3CC3)ccc21,0.6898000240325928,0.9850267767906188,0.1800298243761062,2.47006,-5.782593727111816,0.7256915330886841,0,0,0,0.2592592592592592,5.947900000000005,0.3550382281841002
eb1555076ea81b62e6aa98bce88fd33a,c1ccc2c(c1)[nH]c1ccnc(NCC3CC3)c12,0.5945000052452087,0.975292444229126,0.2957806174050678,2.241163,-5.182702541351318,0.7907827019691467,0,0,0,0.2666666666666666,3.538000000000001,0.7311555989978877
ff9af7ce0101741bb6eb778ac5e12d9f,CC(=O)C(Br)=Cc1cn(-c2ccc([N+](=O)[O-])cc2)nc1-c1ccc(F)cc1,0.492900013923645,0.9786144495010376,0.4015911072492599,2.527557,-7.721834182739258,0.3867619752883911,1,1,0,0.0526315789473684,4.911400000000003,0.3274417968091932
418b39d783f8248321ef45f74222f09e,CC1CCCN(S(=O)(=O)c2ccc(NC(=O)c3cccc(-n4cnnn4)c3)cc2)C1,0.5238999724388123,0.5487808585166931,0.0676191712263971,2.65772,-9.952811241149902,0.641784942150116,0,0,0,0.3,2.3352000000000004,0.6705009976805525
e0b6388c16e9418029d6887528b13519,COC1(c2ccc(C(N)=O)s2)C2CCCC1CC(N1CCNC1=O)C2,0.6474000215530396,0.5235024094581604,0.1465844149616631,4.782337,-5.397952079772949,0.4219126611948013,0,0,0,0.6666666666666666,2.2926,0.8606729770993887
547689fe50f847106b5fe3b998989ede,CCOC(=O)Cc1csc(NS(=O)(=O)c2ccc(F)cc2)n1,0.4487999975681305,0.8199842572212219,0.0759952768514102,2.053119,-9.1056489944458,0.0646044064313173,0,0,0,0.2307692307692307,2.1886,0.8120470416687986
416ebd9e66bd35708ac556e0666162aa,NC(=O)c1cccc(OCCCCCCl)c1,0.3129000067710876,0.8722668886184692,0.2190728397531942,1.817425,-1.0714629888534546,0.2104012846946716,0,1,0,0.4166666666666667,2.5734000000000004,0.5893079144626493
416981ff1bbccfc04fcbc748e7deea91,O=C(Cc1ccccc1)Nc1c(C(=O)N2CCCCCC2)cnn1-c1ccccc1,0.3851000070571899,0.5077433586120605,0.1785835000601681,2.068271,-9.567919731140137,0.8437843561172486,0,0,0,0.2916666666666667,4.069700000000004,0.6995387371024502
e07973e7c8aebfdb31e8bb0435c1d95c,CCc1cc(-c2ccc(C(=O)CC(C)(C)C(=O)NCc3cccnc3)cc2)ccc1OC,0.5357999801635742,0.8478049039840698,0.2320820851759477,2.340253,-5.632439136505127,0.7576935648918152,0,0,0,0.2962962962962963,5.235000000000004,0.4718106864768828
0266d0d69b023404840ef433b4807cd5,CCC(=O)OCCn1c(Br)nc2c1c(=O)[nH]c(=O)n2C,0.4090999960899353,0.5538215637207031,0.0646413562988693,2.661503,-8.711414337158203,0.1533830478787422,0,0,0,0.4545454545454545,0.1389999999999998,0.6277517092318096
5507994488e6a7a2fa3c240e5961ec74,CN(C(=O)N1CCN(Cc2ccc(Br)c(Br)c2)CC1)c1ccccc1,0.4614000022411346,0.8120182156562805,0.1439812129194086,2.167534,-7.701235771179199,0.9793023228645324,0,0,0,0.3157894736842105,4.585600000000004,0.6610572978925809
2829749af655366348d763bbcf808ba8,Cc1n[nH]c(C2CN(CC(=O)NCc3sccc3C)CCO2)n1,0.3578999936580658,0.2266222685575485,0.0348933054853908,3.407894,-11.272984504699709,0.1484610050916671,0,0,0,0.5333333333333333,1.1727399999999994,0.8570092402820997
80b58c7107a1790f231a1429d5cd65ed,COc1ccc(C(=O)O)c(NC(=O)c2ccccc2NC(=O)c2ccccc2F)c1,0.5587000250816345,0.9655107855796814,0.1159265806729143,1.861689,-7.393833160400391,0.4258373111486435,0,0,0,0.0454545454545454,4.037100000000002,0.5710749956153931
3187605e79865f9dc1b62a285a7a4e58,CC(C)N(C)S(=O)(=O)N1CCCC1CC(=O)c1ccc(F)cc1,0.45660001039505,0.316528707742691,0.1213935998861085,2.793101,-8.23023509979248,0.5955363154411316,0,0,0,0.5625,2.4479000000000006,0.746302789395154
d58e1575f200f35499e2901b08da0647,CN(C)C(=O)c1cnc2n1CCN(Cc1ccc3c(c1)OCO3)C2,0.3953000009059906,0.2578825652599334,0.047238834879615,2.608335,-6.597901344299316,0.7827833890914917,0,0,0,0.4117647058823529,1.3293999999999992,0.8506298722505149
ba244c84bcadfe6c5578f28a8915b3f4,NCC(=CF)COc1ccc(S(=O)(=O)CN2CCOCC2=O)c(F)c1,0.5893999934196472,0.7361793518066406,0.0817798431962728,3.200693,-8.978318214416504,0.2886543527245521,0,0,0,0.4,0.6065999999999996,0.7485362646454231
994729cc59b1171b5c3e242309609fc6,CC1(Oc2ccc(Cl)cc2)CCN(CCOc2ccc(C(F)(F)F)cc2)CC1,0.6660000085830688,0.9872602224349976,0.704906864599748,2.363868,-0.3147625029087066,0.9754894018173218,0,0,0,0.4285714285714285,5.6711000000000045,0.608541079017999
89e5d74e9e99932391160b49d5efb7f5,O=C(Nc1ccc(C2=NCCN2)cn1)c1cc2ccccc2o1,0.54339998960495,0.847928524017334,0.1579644883220846,2.421544,1.7010350227355957,0.6528711438179016,0,0,0,0.1176470588235294,2.4299,0.7786340624086078
d6173f1d8b52b3c97dd745b143ecf902,CCC1CCN1S(=O)(=O)C1CCC(C(F)(F)F)CC1,0.586899995803833,0.6675918102264404,0.1009961046617139,3.241635,-4.859955787658691,0.6226270079612732,0,0,0,1.0,2.9216000000000015,0.8032920485801781
a2643aeb31a705cd0d39ac1f720687d1,COc1ccc2[nH]cc(CCNCc3cccnc3)c2c1,0.3849999904632568,0.8387081027030945,0.3957447734746066,2.013028,-3.044581174850464,0.870211923122406,0,1,0,0.2352941176470588,2.9038000000000013,0.6830404503202003
7de934620f486368d633a57b2f6357d8,COc1cc2[nH]cc(CCN(C)C(C)C)c2cc1OC,0.3634000122547149,0.8226112723350525,0.4186013286763971,2.21151,0.5462876558303833,0.7481051325798035,0,0,0,0.5,3.067800000000002,0.8807878088111376
306753bb4377945df55459f0d77027dd,Cc1c(N2C(=O)C(O)=C(C(=O)c3ccc(Cl)cc3)C2c2ccccc2)c(=O)n(-c2ccccc2)n1C,0.6215999722480774,0.9414841532707214,0.3441534015265378,2.914398,-11.07175350189209,0.4385924726724625,0,0,0,0.1071428571428571,4.920720000000005,0.3948911837985336
ba20745187024ff1e910b47bafdffaf7,Cc1cc(C(C)(C)C)cc(C)c1COC(=O)c1cccnc1,0.5278000235557556,0.929937779903412,0.1779911443591117,2.14197,-6.116056442260742,0.3778547734022141,0,0,0,0.3684210526315789,4.352940000000004,0.7904683273854234
296c20365d767803a6be5a01259cbaf0,CN(CCNC(=O)OC(C)(C)C)c1ccc(C(=O)Nc2ccc(O)cc2)cc1,0.5037999749183655,0.9190529584884644,0.1332389366051012,2.059333,-7.568485260009766,0.6983021259307861,0,1,0,0.3333333333333333,3.6054000000000017,0.6610644224390939
559c597a34b400c2593d737342a7301e,CN(c1ccc(O)cc1CNc1nc(-c2cc(F)c(O)cc2CC(F)(F)F)nc2[nH]nc(-c3nc4c([nH]3)CCNC4)c12)S(C)(=O)=O,0.7391999959945679,0.9660671949386596,0.3365429870106957,3.83913,-2.382676839828491,0.9759242534637452,0,0,0,0.2857142857142857,3.718700000000001,0.1340132493122785
cf9528ff6e4fb6e11064f7e710c9e5e7,Cc1ncsc1-c1ccc(CNC(=O)C2CC(O)CN2C(=O)C(NC(=O)C2(C#N)CC2)C(C)(C)C)c(C)c1C,0.6947000026702881,0.93700110912323,0.1477588747035373,4.144628,6.393703460693359,0.6861056089401245,0,0,0,0.5517241379310345,3.148040000000001,0.4838496001924104
f0bf169addc98f87dac36e798aefeab3,CC(C(=O)N(C)C1CCCCC1)C1(O)CCN(Cc2ccccc2)CC1,0.3973000049591064,0.3972486555576324,0.2000055462121963,2.869091,-9.899174690246582,0.878936231136322,0,0,0,0.6818181818181818,3.4407000000000023,0.8767778056942053
ec062c47ce542347b5e4f881f11d66cc,COc1ccccc1N1CCN(C2CCCN(Cc3ccccc3OCCO)C2)CC1,0.5562999844551086,0.6162900328636169,0.4722027697346427,2.624599,-4.404175758361816,0.9888829350471496,0,0,0,0.52,2.8529000000000018,0.7019639205505165
542a03026490c9e15d1b074e77d0ee8c,COc1cc2nc(N3CCN(c4cnccn4)CC3)nc(N)c2cc1OC,0.5794000029563904,0.8147234916687012,0.3417295000769875,2.374806,-10.70748233795166,0.8806211829185486,0,0,0,0.3333333333333333,1.3457999999999994,0.7315716358074466
df0e61f0893743ad1091e62bb95e89b7,COc1ccc(NC(=O)c2cc(-c3cc(Cl)ccc3OC)[nH]n2)c(OC)c1,0.5333999991416931,0.9067046642303468,0.2579712772911245,2.145517,-10.66887092590332,0.8382967829704284,0,0,0,0.1578947368421052,4.008200000000001,0.6671033419189712
6c9df1fde64b9cc8720aca0e4241c603,COc1ncc(NC(=O)Cc2ccc(F)cc2)c(N2CCCC2)n1,0.397599995136261,0.5035917162895203,0.1327090378512035,2.223938,-10.246153831481934,0.5131685256958007,0,0,0,0.3529411764705882,2.4057000000000004,0.9117226887188368
949c978fa06b6cf0d2c7055541c6ac62,CC(C)N(Cc1cnc[nH]1)c1ccc(F)c(Cl)c1,0.5784000158309937,0.913835108280182,0.1709679402410984,2.491362,-9.87250804901123,0.6148907899856567,0,0,0,0.3076923076923077,3.617200000000002,0.9175521090035232
c76981e17e873abfe0f0abef2a5a2ca3,Clc1cc(Cl)cc(N2CCN(c3noc(-c4n[nH]cc4Cl)n3)CC2)c1,0.6647999882698059,0.9183605313301086,0.3454338095404885,2.902947,-10.76931858062744,0.7772085905075073,0,0,0,0.2666666666666666,3.746500000000002,0.7229001828115493
731251a2b8b1011ed387204894683932,Cc1ccc(O)c(C2=NNC(c3ccc(Cl)cc3)C2)c1,0.5590999722480774,0.98809015750885,0.3358436836437745,2.870666,2.744136095046997,0.5562708795070648,1,0,0,0.1875,3.792720000000002,0.8819958232167551
c5202edfa2449b56247f39846f4fdbdd,Cc1c(C)c2ccc(OS(N)(=O)=O)c(C)c2oc1=O,0.3964000046253204,0.8928925395011902,0.1726502315564589,2.528199,5.033914566040039,0.1260959915816784,0,1,0,0.25,1.30056,0.8372729790587743
a6d55240c6c11a357dd31b897fb00558,COc1ccc2c(N3CCC(CCNS(N)(=O)=O)CC3)ncnc2c1,0.5343000292778015,0.6035016179084778,0.1563950777053833,2.434663,-7.937712669372559,0.7907626867294312,0,0,0,0.5,1.0380000000000005,0.7912240023349458
6cd9e800ab93f3f894a5c2f4cd16920b,CCOC(=O)c1cnc2c(C)cc(C)cc2c1Nc1ccc(S(=O)(=O)Nc2ncccn2)cc1,0.59579998254776,0.9643171429634094,0.2798134833574295,2.480455,-9.390347480773926,0.6940003037452698,0,0,0,0.1666666666666666,4.362740000000002,0.3764084412982206
52bf0933fc662bbea182ff9b4e65c9ff,CC(C(=O)NC(C)(C)C)N1CCCC(C(=O)N2CCCCCC2)C1,0.4041999876499176,0.3073424398899078,0.0647645724767988,2.874079,-9.64743423461914,0.6186548590660095,0,0,0,0.8947368421052632,2.404199999999999,0.8602836551388475
8dee32d6a32b26a1726c3717ec10eea4,COc1ccccc1CNC(=O)c1ccc(N2CCN(c3ccncc3)CC2)cn1,0.5651999711990356,0.6683233380317688,0.1159970541907982,2.167007,-6.250033378601074,0.8821935534477234,0,0,0,0.2608695652173913,2.7418000000000013,0.6825291047123953
96d0a5470841cba742d55be5bac27a24,Cn1cc2cc(-c3cc4[nH]nc(C5CC5)c4n(-c4ccc(CCO)cc4)c3=O)ccc2n1,0.6901999711990356,0.9627073407173156,0.2897174317728389,2.97161,-5.192486763000488,0.7750182628631592,0,0,0,0.24,3.679700000000002,0.4496046373747162
375e68699a8b52f5df3692939f0113dd,CC1(C)Cc2c(C#N)c(NCCc3ccccc3)nc(-c3ccco3)c2CO1,0.5447999835014343,0.9498939514160156,0.3774412003430453,2.681524,-8.182600975036621,0.9431721091270446,0,0,0,0.3043478260869565,4.719180000000003,0.7006181197677958
36e4673011db79c3fb5402e20112153b,O=c1sn(-c2ccccc2)c(=O)n1Cc1ccc(F)cc1,0.5351999998092651,0.963610589504242,0.1405919150195338,2.227202,-4.220345497131348,0.1978816658258438,0,0,0,0.0666666666666666,2.2481,0.7446092106579212
6d32b47420a02f5a87676fd4d6544b91,CCN1CCN(CCC(=O)Nc2cc(C(C)(C)C)on2)CC1,0.3591000139713287,0.4255259037017822,0.0558682500638745,2.299808,-9.083130836486816,0.7642069339752198,0,0,0,0.75,1.9381999999999993,0.9004925595596214
c2d0894494563d003138ef7e2a503ea1,Cc1ccc(NC(=O)Cn2nc(-c3ccccc3)nc2-c2ccccc2)c(C)c1,0.4291000068187713,0.8943689465522766,0.1966226219453594,1.981754,-8.24691390991211,0.8011580586433411,0,0,0,0.125,4.867640000000004,0.5357509520726376
a4cc64aa25596bfba396dfb638235ab6,O=c1cc(C2=CCN(S(=O)(=O)C(F)(F)F)CC2)c2cc(C(c3ccc(Cl)cc3)c3ccc(Cl)cc3)ccc2[nH]1,0.7731999754905701,0.9969110488891602,0.4215851859612898,2.971789,-6.062026023864746,0.9289499163627624,0,1,0,0.1785714285714285,6.9538000000000055,0.2547590605203365
65392a8e029981f11656ed057e9ca53e,CCOC(=O)C(C)c1c(C)nc(S)nc1O,0.3937999904155731,0.8644344806671143,0.0316320267421278,3.515548,-6.251967430114746,0.0049781913403421,0,1,0,0.5,1.44592,0.476564584057017
5a773c76620703314b3afb9ecebc5bde,CC(C)=CC(=O)OC1c2c(ccc3ccc(=O)oc23)OC1C(C)(C)OC1OC(C(=O)O)C(O)C(O)C1O,0.6990000009536743,0.9619435667991638,0.1989773694764484,4.764139,13.167410850524902,0.112621583789587,0,1,0,0.48,0.7918999999999992,0.2390647924504398
c6e1376a72c3b2b393e4a52fb059ee28,CC(=O)c1cccc(S(=O)(=O)NC(=O)Nc2c3c(cc4c2CCC4)CCC3)c1,0.5001999735832214,0.7655842900276184,0.1302805881608616,2.518512,-5.2415571212768555,0.2608289837837219,0,0,0,0.3333333333333333,3.3770000000000024,0.7725078157401193
b0b15ee1e336c1339b2e0073c10655fa,CCn1ccc(C(=O)N2CCC(n3c(C)cnc3C3CCOCC3)CC2)n1,0.385699987411499,0.2550727427005768,0.0382450423626737,2.834847,-12.208329200744627,0.6213724732398986,0,0,0,0.65,2.779220000000002,0.8289243114709022
56cfc1d7431a289b6a49bb437f1aca35,COCCn1c(NC(CO)c2ccc(OC)c(OC)c2)nc2c1c(=O)n(C)c(=O)n2C,0.4456000030040741,0.6073324084281921,0.0852395514534278,3.051555,-4.163893699645996,0.8709814786911011,0,0,0,0.45,0.2428000000000005,0.4923318574600957
f5e282d73a7bcf63cb76cec08655f967,COc1cc(=O)n2c(c1C(=O)N(C)Cc1nonc1C)CCN(C(=O)CCC1CCCCC1)CC2,0.5166000127792358,0.3593409061431885,0.0342391840319826,2.913155,-11.141587257385254,0.5621799886226654,0,0,0,0.64,2.56572,0.5925891023893002
f8341152da40d7bcbad7b4342f1770e6,N#Cc1ccc(C(=O)C=Cc2c[nH]c3ccc(Cl)cc23)cc1,0.5557000041007996,0.9951257109642028,0.4260651604695754,2.220312,-11.640174865722656,0.4502454936504364,0,1,0,0.0,4.589080000000002,0.5681289759799593
dc47934a44a8f6b9024765e6c9d2737c,N#Cc1cccc(C(=O)c2ccc3c(-c4ccc(OCC(=O)O)cc4)nocc2-3)c1,0.6486999988555908,0.9797248244285583,0.1508609313856471,2.509378,-0.1793696582317352,0.3347845822572708,0,0,0,0.0434782608695652,4.012480000000003,0.4881369029641078
8a72ecc9d189919a37090e5f8014f274,Cc1ccc(C(=O)NC2(C)CCN(C(=O)C(=O)c3c[nH]c4ccc(Br)cc34)CC2)c(Cl)c1,0.6783000230789185,0.9723982214927672,0.1766829124905846,2.688111,-5.570311546325684,0.76639404296875,0,1,0,0.2916666666666667,4.886020000000004,0.3827327459024314
cd0df98d01f02a0a77571b27438cb175,O=C(O)c1noc(Cc2ccc(NC(=O)c3cc(Br)c(Br)[nH]3)cc2)n1,0.4884000122547149,0.924850583076477,0.0938346739858388,2.664897,-8.324736595153809,0.221783922612667,0,0,0,0.0666666666666666,3.4640000000000013,0.5256181120158447
65961126fb61b4a499bd7923aec192bc,Fc1ccc2c(c1)CCC2Nc1ncc(-c2nnc(C(F)F)o2)cn1,0.6327000260353088,0.9459952116012572,0.2497545643286271,3.250095,-1.7260674238204956,0.4813861846923828,0,0,0,0.25,3.702700000000002,0.7753679751010492
9304316a99f6704e055cf31510e37def,O=C1N=C(NS(=O)(=O)Cc2ccccc2)SC1=Cc1cc([N+](=O)[O-])ccc1O,0.677299976348877,0.9927513003349304,0.1653727502985434,2.589353,-5.346345901489258,0.4338825345039367,1,1,0,0.0588235294117647,2.3903000000000003,0.4307971822848678
a4ad3b9a7d84871b7b93f663010fc1a4,COC1COC(=O)CC=CC(C)C(NS(=O)(=O)c2ccc(C)cc2)COC(=O)CCCC1C,0.5241000056266785,0.7232323884963989,0.1426770593971014,4.50746,0.4737154543399811,0.3708144456148147,0,1,0,0.5833333333333334,3.1457200000000007,0.5198251762259576
86db6dd75c1cd55eb9fe2c21879deb70,CC(C)(C)c1[nH]cnc1C=c1[nH]c(=O)c(=Cc2cccc(C(=O)Nc3ccc(F)cc3)c2)[nH]c1=O,0.598800003528595,0.9442889094352722,0.5254075473005121,2.946307,-9.404253959655762,0.8863347053527832,0,0,0,0.1538461538461538,2.132799999999999,0.3625688455975493
d920c7a5a3fcf26c2340f67c7ae57d52,COC(=O)N1CC(NC(=O)C(OC2CCCC2)c2ccccc2)C1,0.5095999836921692,0.414922684431076,0.0538269971412691,2.763281,-8.401638984680176,0.2841784179210663,0,0,0,0.5555555555555556,2.2536999999999994,0.8979102945079023
cb57cafdc4e027c838f7d8f68e0a1544,COc1ccc(C2=Cc3ccccc3C(CC(=O)C3CC3)N2c2ccc(C#CCCO)cc2)cc1,0.6462000012397766,0.984463632106781,0.309469614516605,3.235859,0.1484707295894622,0.8125573635101319,0,1,0,0.2580645161290322,5.857700000000007,0.446218636261576
83d5398b84251f7634d9b2bc6219ecd7,CC(Sc1nnc2ccccn12)C(N)=O,0.261599987745285,0.4965761601924896,0.0404893580019812,2.721903,-8.704562187194824,0.0036071258597075,0,0,0,0.2222222222222222,0.6951999999999999,0.775538060816025
8076e733b7deb3f3a9ec1468379e9ac2,Cc1cccc(NC(=O)CN(C)Cc2cc(Cl)cc3c2OCOC3)c1C,0.5228000283241272,0.8289260268211365,0.1888723522424698,2.402143,-11.171611785888672,0.8859196305274963,0,0,0,0.35,3.893840000000002,0.8620596986018517
522013ba38afe4c40474b91f6b3fc8e2,O=C(O)c1ccc(C(=O)c2ccc(-c3ccc(Cl)cc3Cl)cc2)cc1,0.792900025844574,0.997473955154419,0.1506888002834537,1.732691,-5.609846591949463,0.0652397062629461,0,0,0,0.0,5.589600000000003,0.6085428004318216
74f8fd6c0b59a68cbc5e34f1fe9e2d1d,Cc1nc(-c2cc(S(=O)(=O)NC(C)Cc3ccco3)c(C)s2)sc1C,0.5185999870300293,0.6548619866371155,0.1130131327293135,3.15034,-6.946880340576172,0.3930958956480026,0,0,0,0.3529411764705882,4.299360000000004,0.6741860328982032
f82d15df1c22740ae1649856e871e38d,CC1(C)CC(=O)C2=C(C1)OC1=C(C(=O)CC(C)(C)C1)C2c1ccccc1,0.44200000166893,0.8576655983924866,0.3108450059186328,2.726831,7.913822174072266,0.3672987043857574,0,0,0,0.4782608695652174,5.086800000000005,0.7086452955967377
a0918d74a21f0084c79bde3599030d08,CC(C)C1c2ncc(C(=O)NCCN3CCOCC3)cc2CN1Cc1ccc(C(F)(F)F)cc1,0.5694000124931335,0.818287193775177,0.2698213004253127,3.179686,-7.377213001251221,0.9615759491920473,0,0,0,0.52,3.875300000000003,0.6575975185802175
411d4dbaa5f23b082bebd0147aa00ab4,N#CC(=Cc1ccc(-c2ccccc2)cc1)c1ccc(Cl)c(Cl)c1,0.7010999917984009,0.9754125475883484,0.3581989908760244,1.928037,-9.77546215057373,0.5717666208744049,0,1,0,0.0,6.724580000000004,0.3796621427862457
f9225eaf4573212d0522bef9c93483f7,CCCCNCc1cc(C(C)(C)C)cc(I)c1O,0.6694999933242798,0.9877398610115052,0.4131884520704096,2.38935,-7.712601661682129,0.8629050135612488,1,1,0,0.6,4.184000000000005,0.6091264429951586
ee62f5669c6527df198b37f6e6387aa3,Cc1cc[n+](Cc2ccc(C=Cc3ccc(C[n+]4ccc(N)c5ccccc54)cc3)cc2)c2ccccc12,0.7706999778747559,0.9977720975875854,0.6945540010929108,2.905209,-10.522353172302246,0.9758472323417664,0,1,0,0.0857142857142857,6.725620000000006,0.2026615250615548
8d50091699fe2d65ddd39d8ce212c77e,Clc1cnc(NC2CCC(NCC3CCCO3)CC2)cc1-c1nc(NCC2CCOCC2)ccc1Cl,0.6891000270843506,0.973505973815918,0.5805928815494884,3.391538,-3.570530652999878,0.8237844586372376,0,0,0,0.6296296296296297,5.780600000000005,0.376409481671116
d155b55d45ce28e85483941d57f14476,CC(NCc1coc(-c2ccc(O)cc2)n1)C(C)(C)C,0.3553999960422516,0.8326926827430725,0.1546505547382614,2.882634,-3.393632173538208,0.5699657678604126,0,0,0,0.4375,3.5714000000000024,0.8944889758314162
f16bfb95a1b30f329948f1f824b6e842,Cn1c(=O)oc2cc(C(O)CN3CCN(Cc4ccc5c(c4)OCO5)CC3)ccc21,0.4422999918460846,0.5741187930107117,0.1593058302321217,2.90645,-10.531054496765137,0.9598812937736512,0,0,0,0.4090909090909091,1.7113999999999994,0.6846561656942132
bed2506c69847be3304bcb1d3cc38619,NS(=O)(=O)c1ccc(C2CC2c2nccc(-c3cccc(F)c3)n2)cc1,0.640500009059906,0.9572842121124268,0.2722511440515518,3.075986,-6.548096656799316,0.3994787096977233,0,0,0,0.1578947368421052,3.201200000000002,0.7651062016321593
4fa6da7c3fba600286b559cb8e332eb0,Cc1noc(C)c1CN1CC2CCC(C1)N(Cc1ccc3c(c1)OCCO3)C2,0.5866000056266785,0.6843335032463074,0.0878921504428779,3.988749,-11.851685523986816,0.9682664990425108,0,0,0,0.5909090909090909,3.159040000000002,0.8084228781433663
60dba88f587fdc4cef5e933c1bbb0a99,NC(=O)c1cn(-c2ccccc2)nc1OC1CC2(CC(NC(=O)c3cnn4cc(OCCC(F)(F)F)ccc34)C2)C1,0.6949999928474426,0.8928994536399841,0.3524583022702824,3.718385,-7.934826850891113,0.690825217962265,0,0,0,0.3571428571428571,4.070100000000003,0.3136598417459915
705b745751b63dd13abcefd837808644,COc1ccc(-c2c3cc(O)c(OC)cc3cc3c2ncn3C)cc1,0.5519999861717224,0.9700433015823364,0.3598870242183858,2.365612,8.590743064880371,0.8239033222198486,0,0,0,0.15,4.116300000000003,0.6122865135347253
cdb240280b3a138e4899e17fcad8e55e,COc1ccc(C(=O)N(CCCC(C)Nc2cc(OC)cc3cccnc23)Cc2ccccc2OC)cc1,0.6208000183105469,0.9100911617279052,0.2424603097818114,2.85261,-11.49747371673584,0.9633530735969544,0,0,0,0.2903225806451613,6.183800000000007,0.243758963494674
424d68ac93ed61817810a8eff074cbba,Cc1noc(C(=O)Nc2cc(Cl)ccc2O)c1Cl,0.5365999937057495,0.9670386910438538,0.1529553275216709,2.28672,-8.814000129699707,0.1372156336903572,0,1,0,0.0909090909090909,3.2477200000000015,0.8312341737089317
c7d1acc1c78219c7a07ba8a10fcdb60c,COc1cc2cc(Cn3ccnc3[N+](=O)[O-])c(=O)oc2cc1OC,0.5849000215530396,0.8652433753013611,0.2204127257520502,2.636519,1.6153992414474487,0.3608644336462021,0,1,0,0.2,1.9632,0.3990929338494954
da1e6cfea7af681efee27abf7a746b90,Oc1cc(Nc2ccccc2)cc2cccnc12,0.5253000259399414,0.998174488544464,0.3778372447599064,1.911368,-11.12567138671875,0.6120833039283753,0,0,0,0.0,3.684000000000002,0.7129573458352072
49ba8147a472725166bbc4a1807a1440,CCOC(=O)C1CSCCS(=O)(=O)N1,0.3632000088691711,0.5556135773658752,0.0305181310977786,3.775002,-5.862006664276123,0.0073457746533676,0,0,0,0.8571428571428571,-0.4157000000000001,0.66287506745358
332bd5bb126fd226a760e26bf0a8d1a0,CCCCCC(O)CCOC1OC(CO)C(C)C(O)C1OC1OCC(C)(CO)C1O,0.6699000000953674,0.9759531617164612,0.2093171931125901,4.762479,10.932936668395996,0.5716613948345184,0,1,0,1.0,0.1495000000000009,0.2706261204207609
5d2ea20f9c901f6d6bc2830019fa0b33,CCn1cc(C(C(=O)NS(=O)(=O)c2ccc(C(C)C)cc2)c2ccc3c(c2)OCO3)c2ccc(C(=O)OC)cc21,0.6712999939918518,0.9616496562957764,0.154857304285873,3.199452,-7.131796836853027,0.7731448531150817,0,0,0,0.2666666666666666,4.936900000000004,0.302886387409135
86ac8b824da8ae0cd29c3b20fc96d3a2,CCOC(=O)C1=C(c2ccccc2)Oc2nc3c(c(N)c2C1c1cccc(Cl)c1)CCCC3,0.6773999929428101,0.9910742044448853,0.359329497272318,3.197073,-7.529694080352783,0.7238189816474915,0,0,0,0.2592592592592592,5.6947000000000045,0.5056709648699443
ae98b3836a0bebd1d5a1fe4de1f35ba2,CON=C1CN(c2nc3c(cc2F)c(=O)c(C(=O)O)cn3C2CC2)CC12CNC2,0.8513000011444092,0.9965285062789916,0.0878551368686285,3.769184,6.776182174682617,0.0734410464763641,0,1,1,0.4736842105263157,0.9807,0.7353345674681037
426078fc00ef5ebd0c5f9e39f1d6ad58,CS(=O)(=O)N1CCC(Nc2ncc(C(F)(F)F)c(-c3cn(-c4ccnc(N5CCOCC5)c4C#N)cn3)n2)CC1,0.6776999831199646,0.786017894744873,0.2982574538751082,3.295027,1.38595712184906,0.9413966298103332,0,0,0,0.4583333333333333,2.28728,0.4637177068876647
5a8a084fc2a2d07c4296f97b37aa4eb2,COc1ccc(-c2cccc(Sc3cc(=O)n(O)c(=O)[nH]3)c2)cc1F,0.6485999822616577,0.9827205538749696,0.3327583453871987,2.718851,-2.072035551071167,0.5079268753528595,0,1,0,0.0588235294117647,2.7398,0.5520534124854961
f926cbfc416572b37c0bc5c7f70c1e4f,NCc1csc2cc(C(=O)Nc3ccc4c(c3)CNC4)ccc12,0.5698999762535095,0.8880283236503601,0.1910515258258039,2.478549,-3.8306186199188232,0.8163846492767334,0,0,0,0.1666666666666666,3.215500000000002,0.6931478740856403
98e55451872d989ebb7abdc384be51da,N#Cc1ccc(Cl)c2c(COc3c(F)cc(C(N)=O)cc3F)c(C(=O)O)sc12,0.6980000138282776,0.9820675253868104,0.288927746090022,2.845159,-6.920729160308838,0.2535095855593681,0,0,0,0.0555555555555555,4.080680000000002,0.6426971263271727
185fa7ccc8ec898e60023d69a64a1177,CCN1C(=O)c2cccc3c(NN=C(C)Cn4c([N+](=O)[O-])cnc4C)ccc(c23)C1=O,0.666100025177002,0.9342095851898192,0.1422695056958632,2.930833,-4.912662506103516,0.8145475387573242,0,1,0,0.238095238095238,3.3568200000000017,0.282307559210633
cc4a60ca544835937f441d471433cd3b,COC1CCN(c2ccccc2CNC(N)=NC(=O)c2ccc(CC(N)C(=O)O)cc2)CC1,0.6646999716758728,0.8889000415802002,0.2625286416573958,3.008001,1.6562055349349976,0.5155710995197296,0,1,0,0.375,1.500900000000001,0.347785477936696
8e5c34eebc1d473e0a6008c91ae31d63,CCC[n+]1ccn(COCCS(C)(=O)=O)c1C=NO,0.4652000069618225,0.7107632160186768,0.0689579844474792,3.585873,-1.113871455192566,0.1692565038800239,0,1,0,0.6363636363636364,0.0124000000000015,0.2402604216782094
f8d80f6d3063eb84b9aa61094e0b1656,C#CCC(C)(C)COC(=O)c1ccnc(C)c1,0.3431000113487243,0.7342286705970764,0.1750588715076446,2.75957,-4.613303184509277,0.0946867581456899,0,1,0,0.4285714285714285,2.5963200000000004,0.590318693788954
a689f15315c5b79eb2a84c693b2dfd1e,CCCN(CCCNc1c2ccc(OC)cc2nc2c(C)cccc12)CC(C)C,0.6696000099182129,0.981540322303772,0.6050010851838372,2.393665,-7.173773765563965,0.9925492286682128,1,1,0,0.48,5.875020000000006,0.3449249619576575
06e63b717eca58a4a7ed62ccc8e35ed1,O=C1NC(CCCN2CC=C(c3ccccc3)CC2)=NC2CCNCC12,0.5163000226020813,0.8494899868965149,0.281091766601259,3.666863,-2.3003158569335938,0.854898202419281,0,0,0,0.5238095238095238,2.0622999999999996,0.8528624738865579
58ea0a9b201ba2d6a07d35765d937eed,CC(Cn1cncn1)NC(=O)c1ccc(Oc2ccccc2)o1,0.2879000008106231,0.4506336450576782,0.103887446902015,2.844972,-5.783682823181152,0.3215189486742019,0,0,0,0.1875,2.4819000000000004,0.755873182206309
463e331d697f024ddd8274f5880b5d4c,O=C1C(c2cccnc2)N(CCCc2ccccc2)C(=O)CN1c1ccccc1,0.4431999921798706,0.633597195148468,0.2041028033603321,2.690685,-8.791489601135254,0.818247389793396,0,0,0,0.2083333333333333,3.630900000000003,0.6510910516681593
4eefbac3651245bdf84dd05887f9e319,CCCCC1(CCCC)CC(CNCCCn2ccnc2)C(C)(OC)OO1,0.5065000057220459,0.7527644038200378,0.2971533475951715,4.103064,6.407900810241699,0.9525236129760742,0,1,0,0.8571428571428571,4.312700000000003,0.4074285914060641
ac88668ad215f8e2a62bb7280d9e3274,CC(C)(C)NC(=S)NN=CC=Cc1ccco1,0.3761999905109405,0.8871957063674927,0.1458363797176968,2.84583,-7.594438552856445,0.200766322016716,0,1,0,0.3333333333333333,2.541200000000001,0.4922421605079269
68a4c890ad96b9148d7d3df329870f1d,Cn1c(COC(c2ccc(C#N)cc2)c2c[nH]cn2)c(-c2cccc(Cl)c2)cc(C#N)c1=O,0.649399995803833,0.9653996229171752,0.4046653725884177,3.586473,-6.421972274780273,0.9254549980163574,0,0,0,0.12,4.478360000000003,0.4608849537268486
cd5f6d8aa2dd1923b2de851fec638beb,Cn1cccc1C(=O)C(=O)N1CC2CCC1CN(Cc1ccccn1)C2,0.4973999857902527,0.313043475151062,0.0957863632250915,4.114963,-9.949204444885254,0.6009621620178223,0,1,0,0.45,1.7257999999999998,0.6210716930342352
8b472c8a083c80aed1f82f61a9df140d,CC(C(O)c1ccc(O)cc1)N1CCCCC1,0.3477999866008758,0.8007518649101257,0.2692173380743373,2.777727,4.015659809112549,0.6326926469802856,0,0,0,0.5714285714285714,2.3,0.8445666664666002
554c3904955dc573ac97886c01484c29,CN(C)CCN1CCCCC1C12CC3CC(CC(C3)C1)C2,0.4122999906539917,0.6524794697761536,0.2920105985619805,4.36001,6.7982988357543945,0.8929991364479065,0,0,0,1.0,3.6189000000000022,0.7800796471218326
f01e80e8bc91469a232392b4e8fed384,CNC1CC2c3[nH]c4ccc(-c5cccc(C)c5)cc4c3CCN2CC1C(C)O,0.6905999779701233,0.982840359210968,0.5126228711821816,3.822159,7.405836582183838,0.95552099943161,1,0,0,0.44,4.031220000000004,0.6338734458235622
4f9af956a5cd4be931965b121844b025,Fc1cc(-c2cncc(C3OCCO3)c2)ccc1C(F)(F)F,0.6190000176429749,0.9181854724884032,0.3820401755246249,2.570764,-11.31497859954834,0.4483266428112983,0,0,0,0.2666666666666666,3.951900000000002,0.7867259429071428
1584e59de102d32687de960bba38590b,Fc1ccc(CCCNc2ccnc(C(F)(F)F)c2)cc1,0.6151999831199646,0.9573227763175964,0.3074835538864136,2.099005,-6.705719947814941,0.885878586769104,0,1,0,0.2666666666666666,4.284200000000003,0.6579097861060975
04ef9ecc496a81c823ac4e696b2984df,CC(NC(=O)c1cccs1)=C1C(=O)CC2C1C2(C)C,0.4708000123500824,0.8335707187652588,0.1239020421847023,3.521962,-5.837582588195801,0.0882549673318862,0,1,0,0.4666666666666667,2.996900000000002,0.8433613669126657
d7f8b98bfc9dbf5ca63cd049f5e8e0e2,COC(C(O)CO)C1OC(C(=O)OC(C)OC(=O)OC2CCCCC2)=CC(NC(=N)N)C1NC(C)=O,0.6464999914169312,0.8629160523414612,0.0837403250519524,4.725706,12.694393157958984,0.1963744595646858,0,1,0,0.7272727272727273,-0.6312299999999942,0.0926817987936318
554048444c2d40bbf6ed345912b16f1b,COc1c(C)cc(C2OC(C)CC(CC(=O)O)O2)c2c1C(=O)OC2,0.6416000127792358,0.9479202032089232,0.2460246267305179,3.906894,10.640999794006348,0.0273671695496886,0,0,0,0.5294117647058824,2.3413199999999996,0.8438034916603273
b72b37e8b5e4b5478c821317a96b2e2b,CC(=O)Nc1cccc(-c2noc(-c3ccc(S(N)(=O)=O)cc3)n2)c1,0.4417999982833862,0.8935928344726562,0.092150523581288,2.013908,-2.8755297660827637,0.3779083430767059,0,0,0,0.0625,2.0093999999999994,0.7339446702986511
8b6d1d80e026593b6b6875f0c8694c0a,O=S(=O)(Nc1nnc(C(F)(F)F)s1)c1ccc(-c2cc(C(F)(F)F)on2)s1,0.7462999820709229,0.9532729983329772,0.1347974438050931,3.008586,-8.118531227111816,0.4326460897922516,0,0,0,0.1818181818181818,4.093,0.6015713516538399
de89493100b1ba04d85c936c96da77ea,CC1CN(C(=O)c2ccc(-c3cnccn3)cc2)CC(C)O1,0.4043000042438507,0.2514906525611877,0.1114983325824141,2.828232,-10.403534889221191,0.2088211096823215,0,0,0,0.3529411764705882,2.3930000000000007,0.853831666543868
4180c722b6a7f5ee4cac4b6215ae8dd7,C=CCNCC1=C(C)C(=O)C2(O1)C(=O)NC(OC)(C(=O)c1ccccc1)C2O,0.6212000250816345,0.913865566253662,0.2559014179489829,4.763176,10.841647148132324,0.1251491706818342,0,1,0,0.35,0.0904000000000003,0.2633693289038168
80224ea90333a5842844b87b60f0a968,CS(=O)(=O)c1ccc(-c2ccc(C(=O)Nc3cccc(F)c3)s2)cc1,0.5299000144004822,0.8566942811012268,0.1830228540030392,1.960153,-4.999504089355469,0.694665539264679,0,0,0,0.0555555555555555,4.210000000000003,0.7429300107760215
4c05b4fcbfd16012101da9d599d15527,O=C(CCCCCCNC(=O)c1ccc(NC(=O)CCCCCNC(=O)CC23CC4CC(CC(C4)C2)C3)cc1)NO,0.5522000193595886,0.9203808903694152,0.1395190469920635,3.716708,2.445000410079956,0.7590099215507508,0,1,0,0.6875,5.093900000000003,0.1012539915808347
c6dfec89550cd73ff8858eb18a5d2a5e,CCOC(=O)C1CCN(c2cc3c(cc2NC(=O)c2ccccc2Br)n(C)c(=O)n3C)CC1,0.5440000295639038,0.8864246606826782,0.1311652348800139,2.449628,-9.180514335632324,0.9055275201797486,0,0,0,0.375,3.6713000000000022,0.5246158140818844
5e729be58edeb8ecc7910d57fe22ac1f,NC(=O)c1ccc(-c2cnc(N)c(-c3ccc(O)cc3)c2)cc1,0.616100013256073,0.9576461911201476,0.328390285372734,1.984923,3.4256057739257812,0.4191848009824753,0,0,0,0.0,2.8023000000000007,0.6919910022454916
1e1f8af33aa88f2a2bb06552fa1da878,CCC(=O)NC(CC)c1nc2c(C(F)(F)F)cccc2c(O)c1C(=O)Nc1nccs1,0.722000002861023,0.9832939505577089,0.280444319952618,3.306931,-1.4433598518371582,0.6727549314498902,0,0,0,0.3,4.645300000000003,0.5053015243424517
e726f47d46e2610963b172e887d36fc7,Cc1cccc(Oc2ccc(OCc3ccc(-c4ccc(S(=O)(=O)NC(C(=O)O)C(C)C)cc4)cc3)cc2)n1,0.7214000225067139,0.9909302592277528,0.3105606951496817,2.782787,-5.914070129394531,0.4685055136680603,0,0,0,0.2,5.815820000000005,0.2437243390741901
d1709d7d12d42629e686830a7f85b606,CC(Cc1cccc(C(F)(F)F)c1)NCCc1c2ccccc2nc2ccccc12,0.7813000082969666,0.9976462125778198,0.5618809136477384,2.663767,-9.02080249786377,0.991060733795166,0,1,0,0.24,6.170100000000005,0.3860276832166533
f6d408fb65e226f838941bb7ab19af29,CCn1cnnc1CC(C)c1cccc(NC(=O)c2cc(C(=O)N3CC(O)CC3C)ccn2)c1,0.4999000132083893,0.6280413866043091,0.0576265822588042,3.721073,-2.7398622035980225,0.4762843549251556,0,0,0,0.4,2.886800000000001,0.5582358792417302
abd7dd5e36cb9fa19d4e31b96ab17c79,CN1C(=O)C(=C(O)Nc2ccc(Br)cc2)C(=O)N(C)C1=O,0.511900007724762,0.964576542377472,0.0976865537760948,2.47871,-6.867067337036133,0.0613430861383676,0,1,0,0.1538461538461538,1.681,0.4792305331773725
65080104c6573e4f7aed93a681dc1db9,O=C(NCc1ccc2cc(C(=O)NO)sc2c1F)c1ccc[nH]1,0.6766999959945679,0.892957866191864,0.1159716851331971,2.777161,-2.5414624214172363,0.5872939229011536,0,1,0,0.0666666666666666,2.4175000000000004,0.4361643006325296
70cd827dd25b03d0b687b589fce72a8c,Cc1ccc(C)c(NC(=O)N2CCC(n3cnc4cccnc43)CC2)c1,0.4393999874591827,0.5052637457847595,0.1142548336224122,2.253375,-8.673563957214355,0.805825161933899,0,0,0,0.35,3.9171400000000025,0.7626402898303394
b09fed27b2a8820a44707d65bd60323d,CCOC(=O)C1(c2ccccc2)C(=O)N(C(C)(C)c2cc(Cl)cc(Cl)c2)C=C1C,0.6427000164985657,0.9687201380729676,0.1745194413445212,3.502267,-0.347408264875412,0.5805439949035645,0,1,0,0.3043478260869565,5.475600000000005,0.4647402461339997
a9171f0aefe3cecf5123f719741ad678,O=C1CCC2(CCN1)CCN(CC=Cc1ccccc1)CC2,0.5015000104904175,0.8648547530174255,0.1048004579814997,2.938707,-6.5140228271484375,0.7804485440254212,0,0,0,0.5263157894736842,3.0821000000000014,0.9298409891303058
d5070b65a919dfdee2e28ab7a60b92fa,O=C(NCCCCO)c1cccc2c1-c1ccccc1C2=O,0.4248000085353851,0.8113808631896973,0.1246146454729817,1.960572,-6.6092023849487305,0.7027681231498718,0,1,0,0.2222222222222222,2.4003000000000005,0.7103117378504507
21a6e17e323dd0c3253492a101c7896c,CSc1cccc(NS(=O)(=O)c2ccc3c(c2)NC(=O)C(C)C(=O)N3)c1,0.5202999711036682,0.8893682956695557,0.1454390930858525,2.905108,-4.359911918640137,0.2801379352807999,0,1,0,0.1764705882352941,2.7360000000000007,0.5490889483232912
e98debdffd215bee89ca5c43e88cdc28,COc1ccc(S(=O)(=O)Nc2ccccc2-c2nnn(CC(=O)Nc3ccccc3OC)n2)cc1,0.4528999924659729,0.7582737803459167,0.0965728185732256,2.245731,-5.618556499481201,0.6794805407524109,0,0,0,0.1304347826086956,2.7968,0.3623604547105916
8be817d39d3cd851834741a9d2c28001,Cc1nc(NC(C)c2cccc(C(F)F)c2F)c2cc3c(cc2n1)OCCC1CN(c2ccnn2C)CCN31,0.7796000242233276,0.8886643052101135,0.4999402544715188,4.06046,-7.79759407043457,0.9714054107666016,0,0,0,0.3928571428571428,5.399220000000005,0.3656364245393205
2783c357c82e14b3a58e413364573cd3,CC(C)C(N)CN(CCc1c[nH]c2ccccc12)C(=O)C=Cc1ccccc1,0.5849999785423279,0.9737138748168944,0.4057073593139648,2.867865,7.692554473876953,0.961254060268402,0,1,0,0.2916666666666667,4.235700000000003,0.5787040204275951
bd9b6c6f8eaf86649520d04d3e9b8723,C=C(C)CSc1nc(N)c(C#N)c(-c2ccc(C)cc2)c1C#N,0.5457000136375427,0.976571559906006,0.2990243881940841,2.534113,-12.705005645751951,0.7733684778213501,0,1,0,0.1666666666666666,4.050780000000002,0.678051121190389
6677bfe4163b398a561117497830a61d,COP(=O)(OC)c1ccc(NC(=O)C2SCC(=O)c3cc(C4CCCCC4)ccc32)cc1,0.7179999947547913,0.9331051111221312,0.178009267557751,3.478057,5.413283824920654,0.3060044258832931,0,1,0,0.4166666666666667,5.454800000000005,0.5617349146901425
f3fc64a5ada6662f0b34ce1a23ffdd83,Cc1cnc(-n2cccc(C3CCOCC3)c2=O)cc1-n1c(C)cc(OCc2ncc(F)cc2F)c(Cl)c1=O,0.6079999804496765,0.8675885796546936,0.3206518590450287,3.273871,0.4364392459392547,0.672456043958664,0,0,0,0.2857142857142857,4.799840000000004,0.3401503012423758
b84e7a5f2942d4c873fe28c60338450a,COc1cc(Nc2ncc3ccn(-c4cccc(C(=O)NCCN)n4)c3n2)cc(OC)c1OC,0.4749000072479248,0.8384286761283875,0.32638711550019,2.712458,5.7124152183532715,0.940269696712494,0,0,0,0.217391304347826,2.2733999999999996,0.3410741017531488
2024c770732131131ec5667bef224cff,O=C1NCc2nc(-c3c(F)cccc3F)cc(Nc3ccc(C4(O)CCOCC4)cn3)c21,0.6827999949455261,0.9565433859825134,0.407591158693487,3.110895,-7.551702499389648,0.8040482878684998,0,0,0,0.2608695652173913,3.4068000000000005,0.5778928265580637
1755d9f3f7ae02061368e9aba64571b3,CC(=C1SC(=S)N(C(CC(C)C)C(=O)O)C1=O)c1ccccc1,0.6729000210762024,0.9733822345733644,0.1378237857398661,3.018393,-4.455739974975586,0.0409727182239294,1,1,0,0.3529411764705882,3.7772000000000023,0.6475208537943181
99da2715ac8ef7413d7549fecf52faa8,CC(C)(O)CNCC1C2CC2CN1c1ncc(Cn2cc(NC(=O)c3cncc(-c4c(C(F)F)ccc(Cl)c4F)n3)cn2)cn1,0.7681999802589417,0.8760104775428772,0.4748862114819613,4.515248,7.925541877746582,0.9481024026870728,0,0,0,0.4,4.346000000000002,0.21859590249963
f09c01a6e11215238d69c234dc6f7e2e,O=C1c2nccnc2C(=O)N1c1ccccc1,0.3190999925136566,0.8839731812477112,0.1383268528363921,2.124975,-1.0836621522903442,0.0414769478142261,0,1,0,0.0,1.2772,0.6855826095084735
63d1bedd0bd11f6677d672d6e39607ff,CN(C)C1C(=O)C(C(N)=O)=C(O)C2(O)C(=O)C3=C(O)c4c(O)cccc4C(CSC4CCCC4)C3CC12,0.8230000138282776,0.997342884540558,0.1952239068394357,4.52259,9.972678184509276,0.2604264125227928,0,1,1,0.5185185185185185,2.1809000000000003,0.3607402078766281
a92cde16252e49923a053295a042700d,c1ccc2c(c1)CCCc1ccc(-c3ccc4ccccc4c3)nc1-2,0.6018999814987183,0.985627830028534,0.327897158536044,1.993426,-6.330786228179932,0.7388665795326232,0,0,0,0.125,6.0575000000000045,0.4152160324065659
dfe8f72a794d56374df642e96e9cfa91,Cc1c(C)n2cc([N+](=O)[O-])nc2c(=O)n1Cc1cccc(OC(F)(F)F)c1,0.6225000023841858,0.9515323042869568,0.2691580341620879,2.839103,-3.2645771503448486,0.7307597994804382,0,1,0,0.25,2.967940000000002,0.5110375397544141
88cdf31ea300fc0a1dc4acf27d30aef6,Cc1ccc(NC(=O)c2cccc3c(=O)c4c([nH]c23)CCC4)cc1Cl,0.6297000050544739,0.9720512628555298,0.3465027023445476,2.24365,-8.492260932922363,0.7270286798477172,0,0,0,0.2,4.230920000000003,0.7245582769425774
309ef701aa3c3f0a4b5ad520ceafab8a,COC1CC(CNc2nc3cc(F)ccc3o2)N(c2cc(C)ncn2)C1,0.5436000227928162,0.6895933151245117,0.2853965854102915,3.602803,-5.614302635192871,0.8771933913230896,0,0,0,0.3888888888888889,2.7711200000000016,0.7522647476740129
6f5ed5746e88ec3e2a3609d2c87cf728,Fc1cc(F)cc(OCc2ccc3[nH]nc(C=Cc4ccccn4)c3c2)c1,0.6373999714851379,0.9812485575675964,0.4945268576795404,2.539154,-11.692891120910645,0.8436020016670227,0,0,0,0.0476190476190476,4.985500000000004,0.5436808930952052
f55630275b0e6c76623579e9c404571d,O=c1nc(OCC2CCCO2)cc2n1CCc1cc(OCCOc3ccc(Cl)cc3)ccc1-2,0.6140999794006348,0.9577693939208984,0.4143218059431423,3.077511,-1.1179500818252563,0.7164077997207642,0,1,0,0.36,4.135400000000003,0.462684464258403
c7611876eee1d45e914d659e914b91b0,OC12CCC(CC1)N(Cc1ccc(F)cc1)C2CN1CCOCC1,0.4260999858379364,0.656186580657959,0.247466179118915,3.875188,-9.892355918884276,0.9570485472679138,0,0,0,0.6842105263157895,2.0158,0.9138160609438368
aa92ed74a7038df1d206090890112af3,Cc1noc(NC(=O)N2CCC3(CC2)CC(c2ccccc2OC(F)(F)F)C3)c1C,0.6466000080108643,0.9203642010688782,0.1633432710712606,3.256095,1.452109456062317,0.7373805224895478,0,0,0,0.5238095238095238,5.381740000000004,0.719630689078054
b9191a2fd5f6595384d30a22da72e502,Cc1c(-c2c(F)cc(C(N)=O)c3[nH]c4c(c23)CCC(C(C)(C)O)C4)cccc1-n1c(=O)c2cccc(F)c2n(C)c1=O,0.7497000098228455,0.9465919733047484,0.3866232200102372,3.745859,1.520538568496704,0.8344379305839539,0,0,0,0.28125,4.399020000000004,0.2954746862253576
c1188cd0d544f6cf4f0a1a8b1916515d,N#CN=C(NCc1ccc(S(=O)(=O)c2cc(F)cc(OCC(F)(F)F)c2)cc1)Nc1ccncc1,0.6575000286102295,0.981862246990204,0.2283191057768735,2.905457,3.7520244121551514,0.8429743885993958,0,1,0,0.1363636363636363,4.033380000000003,0.2146562657351701
ed6c5d156795645dd37694c8e98c18b7,Oc1nc(-c2ccncc2)nc2c1ncn2C1CCCC1,0.4587999880313873,0.8780665397644043,0.1850719804113561,2.508944,-8.430899620056152,0.4703580200672149,0,0,0,0.3333333333333333,2.7090000000000005,0.7811470855517403
65e21720a75218158b884d57203e0fe1,O=C1NC(c2ccccc2)C1N(Cc1ccccc1)Cc1ccccc1,0.5026999711990356,0.883259654045105,0.1555306288329037,2.808031,-9.230871200561523,0.8762818813323975,0,0,0,0.1739130434782608,3.928500000000003,0.6885784953608988
c91be830e9965b47c95a8f3c792ab5b3,COC1OC(CO)C(O)C(Nc2cccc(Cl)c2)C1O,0.5404000282287598,0.9111587405204772,0.2918228913437236,3.618685,9.5426664352417,0.0833181731402874,0,0,0,0.5384615384615384,0.2058999999999994,0.6353995198685822
ca08a23d0aec3d07004da99a91d2c8a1,CC1CCC(NC(=O)c2ccc(C#Cc3ccccc3)nc2)CC1,0.4966999888420105,0.8416428565979004,0.3704521209001541,2.221166,-10.340575218200684,0.3281305223703384,0,1,0,0.3333333333333333,3.789900000000003,0.8560786233463104
ee11880243d130f936078b47c89c8547,Cc1c(C(=O)N2CCN(C3CC3)CC2)cnn1-c1nn2cccc2c(=O)[nH]1,0.4596000015735626,0.3993597626686096,0.1007784767584367,2.834432,-8.22431468963623,0.6128518223762512,0,0,0,0.4444444444444444,0.4369199999999991,0.7251828192429336
3daea06d86955359d1a0ccac819d49a5,CCCC(=O)Oc1ccc(-c2ccc(C(=O)O)cc2)cc1CNC(=O)c1ccc(C(F)(F)F)cc1F,0.7871999740600586,0.9962470531463624,0.1270980963652784,2.359021,2.8261091709136963,0.5294026851654052,0,1,0,0.1923076923076923,5.845200000000004,0.2287697098397085
36844dac6fdc37ba0a61ec8bf0ef3b95,CNc1ncc2cc(-c3cc(C(=O)Nc4ccc(OC5CCN(C)CC5)cc4)ccc3C)ccc2n1,0.6592000126838684,0.9844106435775756,0.5827416642145677,2.468006,6.0027289390563965,0.9453349232673643,0,0,0,0.2758620689655172,5.372220000000005,0.3853640117748946
1c85471d4d198626f17c3ace68e08363,CCCCCCOC(=O)CCCCCNC(=N)N,0.5263000130653381,0.9634888172149658,0.1222931180487979,2.079062,10.45991039276123,0.4717633605003357,0,1,0,0.8461538461538461,2.15337,0.2289266646706223
1a5c159807acdf7b975a2916efe86804,CCOC(=O)C(O)CC(Cc1ccc(-c2ccc(Cl)cc2F)cc1)NC(=O)C(=O)O,0.7652999758720398,0.9899367690086364,0.1857102188197049,3.127498,-2.548879384994507,0.2057871162891388,0,1,0,0.2857142857142857,2.5720999999999994,0.4318996530338773
e8ebb115f2a57e1be1a7d0a1e5dcc454,O=c1[nH]n2c(C(F)(F)F)cc(C3CC3)nc2c1N=Nc1ccccc1,0.6621999740600586,0.9749121069908142,0.2897992377931421,3.057121,-0.9831668138504028,0.5919575333595276,1,1,0,0.25,4.334200000000003,0.7159904343250443
0919737d1e793550496d2b46bb5637f1,COc1cc(-c2nnc(S(=O)(=O)Cc3cccc(F)c3)o2)cc(OC)c1OC,0.5582000017166138,0.8642186522483826,0.1476754932241006,2.382722,-4.852067947387695,0.4897024631500244,0,0,0,0.2222222222222222,2.8754000000000017,0.58825764664492
0bd1041e061770979a9e72b8fe78f9e4,Clc1cccc(C=NNc2nccs2)c1,0.4878999888896942,0.9877944588661194,0.1350628984245387,2.216731,-6.344252586364746,0.184110115468502,0,1,0,0.0,3.2425000000000006,0.6574006725592438
c9bd5cc9ec870172807857b17404d865,O=C(NCc1ccc(Cl)cc1)C1CCN(C(=O)Cc2ccccc2)CC1,0.4447000026702881,0.4589713811874389,0.1042263226752931,1.742984,-10.716352462768556,0.6948517680168151,0,0,0,0.3333333333333333,3.4375000000000018,0.8760334674332448
d84774b5b3cd4d386d067532c069f739,COc1ccccc1C1=C(c2cn(CCCN)c3ncccc23)C(=O)NC1=O,0.5558000206947327,0.959538459777832,0.3723722181536935,2.533726,-0.7522647380828857,0.6346231818199157,0,1,0,0.1904761904761904,1.9608999999999996,0.6409205048308623
1cdd67e15182872d4b21da39619543e9,ON=Cc1cc(Br)ccc1OCc1ccc(F)cc1,0.5666000247001648,0.9866265654563904,0.2694156874309886,2.004,-9.970513343811035,0.5762830674648285,0,1,0,0.0714285714285714,3.9753000000000016,0.5251095232105668
34f2fcd45f601b720f715094ac7951cc,COc1cc(C=C2Cc3ccc(OC(C)C)cc3C2=O)ccc1O,0.52920001745224,0.9777791500091552,0.4946464611725373,2.342422,10.467888832092283,0.4952603697776794,0,1,0,0.25,4.010400000000003,0.8634387761556496
ff77649fee9eb3e5dda5527999146fe8,O=S1(=O)CC(N2CCC(Cc3ccccc3)CC2)C(COCc2ccccc2)N1,0.6208000183105469,0.8632787466049194,0.1853170421990481,3.320372,-10.41123867034912,0.9220532655715944,0,0,0,0.4782608695652174,2.828100000000001,0.7569689551711261
1118b64999f0ba5d7dd555e5066857e2,O=C(O)c1cccc(-c2ccc3ncccc3c2)c1,0.5475000143051147,0.9760280847549438,0.0878279353068633,1.688016,-8.744612693786621,0.0330472867935895,0,0,0,0.0,3.6000000000000014,0.7544966330543794
0f612fd2eb29e858deb78b4684411828,C=C1C(=O)OC2C1C(OC(=O)C1(C)OC1C)CC1(C)C(O)CC3OC3(C)C21,0.6783999800682068,0.9717220664024352,0.4441975077444857,5.251085,10.193978309631348,0.1543071597814559,0,1,0,0.8,1.121699999999999,0.4367731696767054
21f0e7cff80e2b04438bfb1c69977f7f,COc1ccc(NC(=O)CSc2nc(C)c3c(c2C#N)CCCC3)cc1,0.423799991607666,0.7457549571990967,0.1733179756186225,2.269622,-8.743343353271484,0.7601659297943115,0,0,0,0.35,3.879900000000003,0.8118685486958795
b248bc3b02d7e2673e386e3943ea9361,COc1cccc2c1C(=O)c1c(O)c3c(c(O)c1C2=O)CC(O)(C(=O)CO)CC3OC1CC(N2CCCCC2)C(O)C(C)O1,0.771399974822998,0.9962406754493712,0.787428081035614,4.57992,9.812713623046877,0.6579453229904175,1,1,0,0.53125,1.5284999999999993,0.2538799130368447
e293ae71c088b6c996d0f3e0019bfabb,CS(=O)(=O)n1c2ccccc2c(=O)n1-c1ccccc1CCl,0.5205000042915344,0.8436891436576843,0.1264325749467719,2.630007,-8.937424659729004,0.331911700963974,0,1,0,0.1333333333333333,2.3387,0.6896478221242885
a93b9e075c436ac9f5eb9ee9a613d57a,C=C1C(=O)OC2CC(C)C3(O)OC(C)(CC(OC(=O)C(C)C)C12)CC3O,0.5644000172615051,0.9729795455932616,0.3267916210673072,6.066485,9.292882919311523,0.173681865632534,0,1,0,0.7894736842105263,1.3103999999999996,0.5595205285629979
1e10b2744a7ec7458e083a004b35bc06,N#Cc1ccc(CN(Cc2ccc(C#N)cc2)c2ccc3[nH]c(=O)c4ccccc4c3c2)cc1,0.6116999983787537,0.9862877726554872,0.4832062152299014,2.395763,-8.188271522521973,0.9453143358230592,0,1,0,0.0689655172413793,5.631460000000004,0.359009563366127
ff47591b94b8ea60652c36673883270f,O=C(CN1CCN(c2ccccc2Cl)CC1)Nc1ccccc1,0.4056999981403351,0.7174980044364929,0.2799137031490152,1.616589,-6.571352958679199,0.8809583187103271,0,0,0,0.2777777777777778,3.1007000000000016,0.9359100752988884
8a88efcd141222dd8efc173c2939c9a2,COC(=O)CCC(C)=CCc1c(OC)c(C)c2c(c1OCC#CCN1CCN(c3ccccc3OC)CC1)C(=O)OC2,0.6916000247001648,0.9361124634742736,0.3604280542243611,3.171763,10.339395523071287,0.9033055782318116,0,1,0,0.4545454545454545,4.329020000000004,0.2204438781766758
3ff6182a21fe3ea687d5e42e77856b0a,O=C(Cn1[nH]c(=O)c2ccccc2c1=O)OCC(=O)c1ccc(F)c(F)c1,0.557200014591217,0.802595853805542,0.1254244091581892,2.28126,-11.862668991088867,0.2183071509003639,0,0,0,0.1111111111111111,1.3940999999999992,0.5376671360104384
c41e5366f04cfee39b0828639595b333,CN1C2CCC1CC(OC(=O)c1cc(-c3ccccc3)nc3ccccc13)C2,0.6502000093460083,0.9649032354354858,0.3231457458301024,3.582228,0.209092915058136,0.9385941863059998,0,0,0,0.3333333333333333,4.683800000000004,0.6260311797558977
3d00dd5a0b07bb3d350271480afb4f39,COc1ccc(-c2nn(-c3ccccc3)cc2C(c2c(O)c3cc(F)ccc3oc2=O)c2c(N)n(C)c(=O)n(C)c2=O)cc1,0.586899995803833,0.8381479382514954,0.30547896027565,3.493541,-10.978524208068848,0.917274820804596,0,1,0,0.125,3.658800000000001,0.2774613267018969
91be49f7bea4bde725789b576e0ea296,CCC1CN(Cc2cc(C(CC(=O)O)c3ccn4c(C(F)(F)F)nnc4c3)ccc2C)S(=O)(=O)c2cccnc2O1,0.7123000025749207,0.9181326627731324,0.12735080211,4.22381,2.7094037532806396,0.502228182554245,0,0,0,0.3333333333333333,4.420020000000004,0.3358045149864452
501ed9ac83179a583e9b37bef9c2c8ef,COc1ccccc1C1=C(c2cn(CCCNC(=O)OC(C)(C)C)c3ncccc23)C(=O)NC1=O,0.5507000088691711,0.9536290764808656,0.2353494038636034,2.654244,-4.385458946228027,0.8453920125961304,0,1,0,0.3076923076923077,3.5269000000000013,0.3986706031856193
12d68d95d61710d483f6dea56e38b5b7,COc1cccc(C(=O)c2cccn2-c2cc(F)c(O)c(F)c2)c1,0.5486000180244446,0.8309206366539001,0.3408233455636285,2.366821,-10.731575965881348,0.5140116930007934,0,0,0,0.0555555555555555,3.700700000000002,0.7426718277671368
3ce3c08075f3e537a629b4e1d7d0f4ce,COC(=O)c1ccc2nc(-c3ccccc3)c(Cc3ccc(OC)cc3C)n2c1,0.5509999990463257,0.9496800303459167,0.2171654335477135,2.274375,-3.0550878047943115,0.8789213180541993,0,0,0,0.1666666666666666,4.695720000000003,0.4668432298054592
68ae467c9a036182e7e769e2496b8330,Cc1nccn1-c1cc(CNC(=O)C2CCCN(S(=O)(=O)c3cccs3)C2)ccn1,0.4873000085353851,0.2660942673683166,0.0499694740230386,2.975729,-12.054413795471191,0.7964861392974854,0,0,0,0.35,2.3543200000000004,0.62821255248727
cc3301979fad1f6ec166aaf5406d622e,CC(C)C(Cn1cncn1)NC(=O)c1ccccc1Br,0.3443999886512756,0.5548610687255859,0.1463629117404872,2.751585,-9.930198669433594,0.3027778327465057,0,0,0,0.3571428571428571,2.4952000000000005,0.9119470606656774
9f1e291b5ec66f5ca17956157c05f06e,Cc1ccc(NC(=O)C2C(=O)N(c3ccc(C)c(C)c3)C(=O)C2N=N)cc1C,0.5577999949455261,0.9007601141929626,0.2977039881727912,3.351626,-7.905712127685547,0.6411408543586731,1,1,0,0.2857142857142857,3.4479500000000014,0.4837209797224914
cc0ad52eabec9f2399c62c98269e1dc1,CC1NCCN(C(=O)OC(C)(C)C)C1C,0.3616000115871429,0.3976928293704986,0.0470719029994639,3.321514,-9.35937786102295,0.1745892971754074,0,0,0,0.9090909090909092,1.6036999999999997,0.665731138377424
167cd581937f6e41cac1d2d2e5816542,CCc1nc(CN2CCC3(CCCCCC3)C2)n[nH]1,0.3946000039577484,0.6746335029602051,0.0515937931115993,3.190583,-10.21566104888916,0.4147310733795166,0,0,0,0.8666666666666667,2.913400000000001,0.9106543339807924
791e858b3b84f2a8583135e0d6320506,Cc1ccc(Oc2nc3ccccc3n3c(=O)n(CC(=O)Nc4c(C)cccc4C)nc23)cc1,0.4675999879837036,0.7873562574386597,0.1779412501914934,2.39833,-8.965462684631348,0.8353093385696411,0,0,0,0.1538461538461538,4.4004600000000025,0.4259802034251543
03e26165433b46da90e3039c57f56287,CCC(c1ccc(Cl)c(Cl)c1)n1c(S)nc(C(=O)NC)c1C(=O)NC,0.642300009727478,0.9636353254318236,0.1555489904501221,3.395033,-10.022000312805176,0.6025220274925231,0,1,0,0.3125,3.1972000000000005,0.6739375092278042
a3d7c457cd2557021d6c15e78db0293c,CC(c1ccc2c(c1)OCO2)N1CCN(c2ccc(CO)cn2)CC1,0.4769999980926513,0.7426204681396484,0.1766923056407408,2.72653,-8.65096664428711,0.9488863587379456,0,0,0,0.4210526315789473,2.1857999999999995,0.9199097104998148
573951a3566ac14b2ea0af215f54ec17,CC1CN(C(C)CO)C(=O)c2cccc(NC(=O)Nc3ccccc3)c2OC1CN(C)C(=O)Nc1ccc2c(c1)OCO2,0.5060999989509583,0.8245381116867065,0.0581749692897905,3.62952,1.301839828491211,0.9173216342926024,0,0,0,0.3225806451612903,4.4433000000000025,0.3192251824910904
47f65d9bec2d2758abcce04dd4e668a9,OCCN1CCOC2(CCCN(c3cccc(F)c3)C2)C1,0.4767000079154968,0.712943434715271,0.1072894791987809,3.428095,3.995823621749878,0.8945041060447693,0,0,0,0.625,1.4891999999999992,0.9160947401393448
0f47c6c9ab8f74ba20a7b90a1e768c61,Cc1cc(O)nc(SCc2nc3ccccc3c(=O)n2-c2ccccc2C)n1,0.5349000096321106,0.905054211616516,0.1882417859001593,2.368045,-8.042827606201172,0.5914417207241058,0,0,0,0.1428571428571428,3.790440000000002,0.4217557095868838
7dea252c07cdd12b34246dafe9843aba,CC(C)(C)n1cc(CNc2ncccc2OC(F)F)cn1,0.4257000088691711,0.7527351975440979,0.1856248575178059,2.685315,-9.416426658630373,0.2991705656051636,0,0,0,0.4285714285714285,3.246600000000001,0.919936806391776
24528594e652fce9b9965ff2befca9bf,Cc1nc(NC2CCCc3ccccc32)cc(-c2ccc(C#N)cc2)n1,0.4733999967575073,0.9595859050750732,0.2702045704830776,2.721654,-5.566694259643555,0.8992849946022033,0,0,0,0.2272727272727272,4.813200000000005,0.7428085215540127
9cd3644dfbbdaeed59fab860c129e58a,C=C(c1ccc(O)c(Oc2cc3c(cc2OC)CCN(C)C3Cc2ccc(OC)cc2)c1)C1c2cc(O)c(OC)cc2CCN1C,0.6274999976158142,0.9807307720184326,0.5407384119250558,3.8465,10.91801929473877,0.9345876336097716,0,0,0,0.3157894736842105,6.930000000000009,0.2080316532755919
dc7fe4ff19638fb70e3ab44d561dd69d,N#CC1=C(C(=O)O)N2C(=O)C(NC(=O)CSc3ccccc3)CN2C1,0.6054999828338623,0.9010379314422609,0.0574870609085668,3.317393,0.9620766639709472,0.0254584999755024,0,0,0,0.25,0.1985799999999995,0.7227818137715745
af227277f8f8cb88cec8b17fe3851160,COc1ccc(CN2CCCCC2COc2ccc(C(=O)C=NO)cn2)cc1OC,0.4875999987125397,0.7041823863983154,0.4385732737454501,3.016482,-4.534743309020996,0.7384864091873169,0,1,0,0.4090909090909091,3.1750000000000016,0.2920263207892931
c0e6467b4d7231dc5eafb8888e4c092e,COc1ccc(-c2ccc(C(=O)NCCC(=O)O)nc2)c(CNc2ccc(-c3ccc(Cl)cc3Cl)cc2)c1,0.7530999779701233,0.9931371212005616,0.2201813107187097,2.401435,-3.3404605388641357,0.4948476314544677,0,0,0,0.1379310344827586,6.547600000000005,0.2072007447919065
d7f631fba44f50aab7914b2a85e936b7,O=c1c(-c2nn[nH]n2)c[nH]c2c(Cl)ccc(Cl)c12,0.5108000040054321,0.954478681087494,0.1000525177541104,2.75381,-5.56281042098999,0.0622786346822977,0,0,0,0.0,2.0149999999999997,0.7143319753779088
339d052c24f800344a06af3a9bfafddc,Cc1nc(O)cc(C2CCN(C(=O)c3ccsc3)CC2)n1,0.3903999924659729,0.4813958406448364,0.0383626960048621,2.632613,-11.873054504394531,0.1391595967113971,0,0,0,0.4,2.5719200000000004,0.9257092281855656
5c36a5dc7d674ecf825c9a985c7a684b,CC(C)=CCC(OC(=O)CC(O)c1ccccc1)C1=CC(=O)c2c(O)ccc(O)c2C1=O,0.680400013923645,0.9954373836517334,0.6456785513596102,3.645387,8.291000366210938,0.5444894134998322,1,1,0,0.24,3.795000000000003,0.3429010839284194
635de8b34b1fa7255072fe78c33e39ce,COC(=O)C1C2CC3CCC1N3CC2=Cc1ccc(-c2cccc(F)c2)cc1,0.7378000020980835,0.9791231751441956,0.3364411118355664,4.741275,-1.0404618978500366,0.9623651027679444,0,0,0,0.375,4.531800000000004,0.7361906898003296
72a58bf64cc95fb7196a3ed4e782a8bb,Cn1cc(-c2cnn(-c3ccccc3-c3nnn[nH]3)c2)c(-c2ccc(F)cc2)cc1=O,0.5769000053405762,0.9470308423042296,0.1655447589741512,2.836951,-7.289273262023926,0.801006817817688,0,0,0,0.0454545454545454,3.2242000000000015,0.488228828968827
d039a569824d5b0c82d603563413af54,CN=C(S)Nc1ccc(-c2nc(N)n(C(S)=NC)n2)cc1,0.4381000101566314,0.8236809372901917,0.2356047952039675,3.394088,-8.427640914916992,0.5139264941215516,0,1,0,0.1666666666666666,1.6184999999999998,0.384034310590028
930996c432e57d4ac29f59d59eba5e5d,CCc1cnccc1C(=O)NCc1cccc(C(=O)N2CCCC2)c1,0.3930999934673309,0.259143978357315,0.0472797471606595,2.031651,-7.044095516204834,0.4646101832389832,0,0,0,0.35,2.8100000000000014,0.912433040983012
69bdc3a24e076a596d1e3a24e47df4ce,CCCCn1c(=O)nc2n(-c3ccc(OC)cc3)c3ccccc3cc-2c1=O,0.5379999876022339,0.9086449146270752,0.2824878828092055,2.279,-11.177691459655762,0.7376041173934936,0,1,0,0.2272727272727272,3.4609000000000023,0.5011948274948282
7a9b51440759ffb8e1e2b54e5ccee19a,COc1ccc(C2CC(c3cc(OC)c(OC)c(OC)c3)=NN2)cc1,0.3991000056266784,0.88966965675354,0.2413799532435157,2.749402,-5.367434501647949,0.6495512962341309,0,0,0,0.3157894736842105,3.159700000000001,0.8736699599713756
b3485683bdf04c19eef72f28db60a564,[N-]=[N+]=Nc1ccccc1Oc1ccccc1,0.3959999978542328,0.93375426530838,0.0930442549711601,2.111557,-7.192628860473633,0.545282781124115,1,1,0,0.0,4.420700000000002,0.4207719062522072
ddc48a86880d570f37d8e95b4e2e9a52,CN1CCC2CN(C(=O)C(C)(C)Oc3ccc4c(c3)CCC4)CC2(C(=O)O)C1,0.527400016784668,0.6200070381164551,0.0841999303718859,3.583713,3.67370867729187,0.3366719156503677,0,0,0,0.6363636363636364,2.1975999999999996,0.8591024412102631
b6a85e3a639170d950fac3f064111cd9,Clc1cccc2c(-c3ccccc3)c(-c3ccccc3)oc12,0.6335999965667725,0.9931747913360596,0.2411134060133587,1.854401,-3.9067704677581783,0.6466277360916137,0,0,0,0.0,6.420200000000004,0.4162294289250227
bbd0b62e5b4664795a3bd43190d5d664,CS(=O)(=O)c1ccc(C(CCNC(=O)c2ccc(C#N)cc2)c2ccc(F)cc2)cc1,0.5910999774932861,0.9659061431884766,0.18517935953357,2.558774,-5.879189491271973,0.9190123081207277,0,0,0,0.1666666666666666,4.052880000000003,0.6052728864473693
74577cb68955524773ab67718c25bb3e,Cc1nc2cnc(C3(F)CCN(C)CC3)c(C#N)c2c(=O)n1CCOc1ccc(Cl)cc1-c1ccnc2c(C(=O)O)csc12,0.7479000091552734,0.9817434549331664,0.2978418110446496,3.498507,-4.093173980712891,0.725886869430542,0,0,0,0.2903225806451613,5.5693000000000055,0.2443115410198056
56102b18db0474e1cf937488de0d2a1e,CC1CCC(Cn2c(N(C)c3ccccc3)nc3cc(-c4noc(=O)[nH]4)nc(-c4cncc(Cl)c4)c32)CC1,0.6122000217437744,0.9792101979255676,0.4563304646448655,3.443904,-0.7228108644485474,0.8914543271064759,0,0,0,0.3214285714285714,6.084200000000005,0.2836981990059864
fc0811b236588853fb8fbcdbb18ae42a,Cc1cn(C2CCC(CO)O2)c(=O)n(N)c1=O,0.4582999944686889,0.7327684164047241,0.1440443799576976,3.646768,9.78226089477539,0.0377775304950773,0,0,0,0.6,-1.297879999999999,0.6269843608710152
5ff0a93c0e81a8ad47cde38370505657,CN(C)c1ccc(-c2cc(C(N)=O)c3[nH]c4cc(N5CCOCC5)ccc4c3n2)cn1,0.5916000008583069,0.8615832328796387,0.4386276426640423,2.647328,-7.523000717163086,0.8016733407974244,0,0,0,0.2608695652173913,2.779600000000001,0.5306283292136962
c5d8bc9bdf0bb779b68d7fcdfd543ea3,Cc1cc(C)c(CNC(=O)c2csc(CCNCc3nc4ccccc4[nH]3)n2)cn1,0.4460000097751617,0.8506670594215393,0.1366255876015533,2.587395,-9.590359687805176,0.8978041648864746,0,1,0,0.2727272727272727,3.293540000000001,0.3802766076880927
3cc5fd9264491b59ac0ce57835bafb42,CC(C)(C)OC(=O)N1CC2CC1C2NC(=O)C1CC=CCC1,0.5751000046730042,0.6336215138435364,0.0595641551242972,4.605475,-1.8643544912338257,0.1417604066431522,0,1,0,0.7647058823529411,2.4667000000000003,0.7973497983578067
7b2a28315eaaea60a75a97a9ad86e9d0,COc1ccc(NC(=O)NCC(O)c2ccccc2F)c(OC)c1,0.3504000008106231,0.5360134840011597,0.1321961923756382,2.374978,-9.135560035705566,0.7117048919200897,0,0,0,0.2352941176470588,2.6980000000000004,0.7587384252931321
8210aebb07ca080ec96e2f908561e349,CCN1CC(CN(C)C(=O)c2ccc(-c3ccc4c(c3)OCO4)cc2)CC1=O,0.4832000136375427,0.5219788551330566,0.0678146451034329,2.786618,-10.048624992370604,0.8361279487609863,0,0,0,0.3636363636363636,3.0227000000000013,0.800100438687471
9c32f0462ceffec50147d7830f97a94d,CCOC(=O)C(CC)Oc1ccc(NC(=O)CSc2ccc3ccccc3c2)cc1,0.5231999754905701,0.9501953125,0.1415327780626037,2.540533,-11.064739227294922,0.7086103558540344,0,0,0,0.25,5.291100000000005,0.3741321511735364
d713eb01420e538969fd241e1a67918a,Cc1nn(C(C)C)c2c(NCc3cnn(C)c3)cc(N3CCN(C(C)(C)C)C3=O)nc12,0.5583999752998352,0.6335778832435608,0.1801905096931891,3.268261,1.1322628259658811,0.8217488646507263,0,0,0,0.5454545454545454,3.7067200000000025,0.67501053627184
639eeda118b3ae45da399ee687483c3b,Cn1c(-c2ccc(CN3CCOCC3)cc2)cc2onc(-c3ccccc3)c2c1=O,0.5853999853134155,0.8390108942985535,0.1730304353616454,2.366115,1.1022887229919434,0.9241485714912414,0,0,0,0.25,3.692700000000002,0.5219496909585173
41b58ce684114a2b6b1933faa640d5ef,CCOC(=O)C=Cc1ccc2c(c1)Nc1ccccc1O2,0.499099999666214,0.9399872422218324,0.3565468070181933,2.245859,-7.110320568084717,0.6477319955825805,0,1,0,0.1176470588235294,4.112200000000002,0.5794150850741417
a1ef20a330c2a95b04d7dc8fe100c2ca,CCOC(=O)NC(c1ccccc1F)C1CCCCCCC1=O,0.462799996137619,0.6901174783706665,0.1368674805218523,3.052629,-3.3160598278045654,0.1789089605212211,0,0,0,0.5555555555555556,4.152400000000004,0.9059958344012436
9101d74503ed1f5b821d25eed189f475,Nc1ncnc(N2CCCC(CNC(=O)c3ccccc3)C2)c1Cl,0.6128000020980835,0.5807276964187622,0.2984822284091603,2.699649,-4.853067874908447,0.7163696408271789,0,0,0,0.3529411764705882,2.3586,0.8882350204944405
bb44f5046e42555cbba26d3674a84bbf,CC1c2cccc(C(N)=O)c2C(=O)N1C1CCN(Cc2ccco2)CC1,0.5015000104904175,0.3141238391399383,0.1337195705961097,2.963859,-6.768238067626953,0.7080811500549317,0,0,0,0.4,2.5599000000000007,0.9160201667544592
9a780aa788bbbddbeb3b8fd36612de88,NC(=O)CCNC(=O)c1cccc(S)c1,0.2971999943256378,0.6974891424179077,0.0255083276636221,2.105237,-10.89891529083252,0.0614985831081867,0,1,0,0.2,0.5804999999999996,0.654563608233545
92b7b139872207c2620b9e6474598c8f,CC(C)Oc1ccc(N=c2[nH]c(N3CCCC3=O)nc(=O)n2Cc2ccc(Cl)cc2)cc1Cl,0.6464999914169312,0.971936821937561,0.3895071054046804,2.985384,-5.161377906799316,0.5673033654689789,0,0,0,0.3043478260869565,4.072900000000002,0.5663505374329051
9c7da099a6a0e11ec9f161ad0b9b29a3,CC(C)(C)c1ccc(CN(CC(=O)O)Cc2ccc(C(=O)O)c(C(=O)O)c2)cc1,0.628600001335144,0.9718278646469116,0.1052025263621048,2.188787,-0.9146504402160645,0.1601638808846473,0,0,0,0.3181818181818182,3.4673000000000016,0.6224197718476265
07e6e78ba0dd8987d1d97e94ffe46986,CCC(C)C(NC(=O)C(CC1CCCCC1)NC(=O)c1ccno1)C(=O)Nc1cccc(C(=O)N2CCC(CN)CC2)c1,0.6287000179290771,0.8549797534942627,0.2180565697225657,3.693,-4.369438648223877,0.7178742170333863,0,0,0,0.59375,3.723900000000002,0.2913366015899113
e9ee1358eeff61025f170878c46a055b,CC(C)n1cnnc1-c1cccc(NC(=O)c2cc3c(cc2F)CCN(C(=O)OCC(F)(F)F)C3)n1,0.6922000050544739,0.9307777285575868,0.1935739283534613,2.987185,-0.8056738376617432,0.8338291764259338,0,0,0,0.3478260869565217,4.369400000000003,0.5159804572977429
80dfb772a4bd125cff5cf57a0d2bf3e7,COc1ccc(OC)c(C2OC(CNC(=O)c3ccccc3)C(O)C(OC(=O)c3ccccc3)C2OC(=O)c2ccccc2)c1,0.6139000058174133,0.9586425423622132,0.2218997844240882,3.707599,5.121399879455566,0.8609659314155579,0,0,0,0.2285714285714285,4.385800000000003,0.2510084797966395
ff857dae1c88fef7c3ad2d03becc6c4c,COc1cc(C(=O)O)c(O)c2ccc3c(c12)C=C1C(=C(C)C=O)CCC1(C)O3,0.7430999875068665,0.994556486606598,0.158875323832035,3.940955,11.742182731628418,0.0762272208929061,0,1,0,0.2727272727272727,4.095900000000002,0.6152194464502327
d51c8d0ee15313c3e4782232a29e0d62,C=C(C(=O)OC1CC2(C)C(O)CCC(=O)C2C(O)C1C(=C)C(=O)OC)C(O)CO,0.631600022315979,0.9654107689857484,0.2306421256878159,4.999865,13.410696983337402,0.0984993383288383,0,1,0,0.65,-0.7360999999999993,0.3266758537768759
9195fd360d1edabb0787fa09853f1b78,Cc1c(N(CCCCC(F)(F)F)S(=O)(=O)c2cccc3nccnc23)sc2ccccc12,0.666100025177002,0.9739240407943726,0.2087267515334216,2.806725,-0.2250076830387115,0.9618224501609802,0,1,0,0.2727272727272727,6.080820000000004,0.3014462885977931
3c400feb1d2a196341f354eb281a5612,O=C(COc1cc(C(F)F)nc2ccc(Cl)cc12)NC1CC1,0.619700014591217,0.8082025647163391,0.2127635902301831,2.316319,-12.254591941833496,0.2332995533943176,0,0,0,0.3333333333333333,3.483200000000002,0.914819245579126
d58338bc483ee0f6c7e3339d28df43c2,CC(C)n1nc(C#Cc2cccc3c(Oc4cccc(C(F)(F)F)c4)nccc23)c2c(N)ncnc21,0.6891000270843506,0.9931086897850036,0.681463282216679,3.054221,-2.8137624263763428,0.9315865993499756,0,1,0,0.1538461538461538,5.7485000000000035,0.325378352941057
2890f71b2561aa320c261e6c66c768eb,CC1(C)OC(c2ccc(S(N)(=O)=O)cc2F)=C(c2cc(F)cc(F)c2)C1=O,0.6373000144958496,0.9693108201026917,0.2765451669692993,2.754103,6.650177001953125,0.3202326267957687,0,1,0,0.1666666666666666,2.9975000000000005,0.8627580387537706
a9bb029e0873788b9a1614b7bf574c0e,CN(CC(=O)NCCc1ccc(S(N)(=O)=O)cc1)CC(=O)Nc1ccc(F)c(F)c1F,0.4891999959945678,0.7030591368675232,0.1247226416387341,2.27355,-10.79310703277588,0.5483503699302673,0,1,0,0.2631578947368421,0.9805000000000006,0.4839329622506614
6370539c8a96925351ecb93e8a727399,CC1CCN(CCc2ccc(-c3ccc(CCN4CCC(C)CC4)cc3)cc2)CC1,0.636900007724762,0.9807558059692384,0.6903167881748893,1.970515,-8.001622200012207,0.9810151576995848,0,0,0,0.5714285714285714,5.902400000000006,0.5665149131990567
c681a02ec0afa395e5d183a7e3c92a35,c1ccc(Nc2ncnc3ccc(-c4cncs4)cc23)nc1,0.5442000031471252,0.969279170036316,0.2057738798585805,2.455502,-1.2868813276290894,0.5856527626514435,0,0,0,0.0,3.8919000000000015,0.6218226056232325
f38811496d569d12ad831faba7bf1a48,CC(C)=CCCC1=CCC(C(=O)c2c(O)cccc2O)C(c2ccc(F)c(F)c2)C1,0.7831000089645386,0.997333824634552,0.274503924629905,3.684985,5.697366237640381,0.6918100714683533,0,1,0,0.32,6.425300000000006,0.4248132654154298
de288f708e7fc2fc8b53f8576faa6fdb,O=C1OCC(CO)N1Cc1cccc(Cl)c1F,0.5422999858856201,0.6357867121696472,0.1233561675656925,2.98068,-8.04218578338623,0.1193105407059192,0,0,0,0.3636363636363636,1.7922,0.9004168805557065
8ce29df1d8b8810764c026c84fe80937,COc1ccc(C(=O)OC2C=C(C)CCC3(O)C(C(C)C)CCC23C)cc1,0.5669000148773193,0.8876031637191772,0.3577036654407328,3.843351,9.158482551574709,0.5159160077571869,0,1,0,0.6086956521739131,4.764100000000004,0.6112315338298699
08ed823b6fe74b2a06e0808db2b35081,CNC(=O)c1cnc(S(C)(=O)=O)nc1N1CCCC(n2nc(-c3ccc(Oc4ccccc4)cc3)c3c(N)ncnc32)C1,0.6866000294685364,0.8921239376068115,0.3781136626547033,3.412888,4.447521686553955,0.9384302377700806,0,0,0,0.2413793103448276,3.2624000000000004,0.2631253642504164
88d4b60d4b1ec077562e4c3101eef5ff,COc1cc(C2c3cccc([N+](=O)[O-])c3NC(c3ccc(O)cc3)C2C)ccc1O,0.7049000263214111,0.994153618812561,0.430349588394165,3.516601,8.12035083770752,0.8717798113822937,0,1,0,0.217391304347826,4.949400000000005,0.4182470488707033
ba73770d12ef526f59124af22e65b572,Cc1cc(C)c(CNC(=O)c2cc3c(c(-c4ccc(CN5CCOCC5)cc4)c2)OC(C)CCC3)c(=O)[nH]1,0.6504999995231628,0.8097946047782898,0.1458429714495485,3.151729,7.078862190246582,0.8681763410568237,0,0,0,0.4193548387096774,4.524540000000004,0.5042829740638157
135c96b98a0f9746a4de4bb0e5cc059d,O=C(O)CCc1cc2cccc(Cc3c(Cl)cccc3Cl)c2s1,0.7728999853134155,0.9969180822372437,0.189180427654223,2.379583,-4.512068748474121,0.1280304312705993,0,0,0,0.1666666666666666,5.816100000000003,0.6189391976572184
7cda97bf8211be298c075ae63f61392e,O=C(Nc1ccccc1)Nc1ccc(CCc2nc3ccccc3n2-c2ccccc2)cc1,0.5791000127792358,0.9838548302650452,0.4986589496785944,1.980056,-5.971536636352539,0.9454796195030212,0,0,0,0.0714285714285714,6.454700000000005,0.3236759633279037
21c4619a2603af2aa277bebb2ed3fbcd,CC(C)n1nnnc1C1c2ccccc2C(=O)N1CCc1c[nH]c2ccccc12,0.5299000144004822,0.8420726656913757,0.1366335738650212,3.003619,-2.992469549179077,0.710148811340332,0,0,0,0.2727272727272727,3.523200000000002,0.5690677298910498
63ab4748282fc1b75ead10457e69c547,Cc1ccc(C(=O)N2CCC(Cc3ccccc3)CC2)cc1[N+](=O)[O-],0.5460000038146973,0.8401249647140503,0.1600205329331484,1.906902,-4.383070945739746,0.8946322202682495,0,1,0,0.35,3.998120000000004,0.6251174051427818
ef2677dd54fce9004c369b75dbe3668b,OCC1C(O)C(O)C(O)CN1Cc1c(F)c(F)c(F)c(F)c1F,0.5946000218391418,0.9251407980918884,0.2076935871419581,3.932233,6.449655055999756,0.5455315113067627,0,1,0,0.5384615384615384,-0.3587000000000009,0.3423447785216201
26b1e4c95b8f7ee6d806f0782a413d8e,O=C(COC(=O)c1ccccn1)NC(=O)c1ccccc1,0.3219000101089477,0.7082152366638184,0.0649787030098113,1.743897,-6.123828887939453,0.0240289054811,0,0,0,0.0666666666666666,1.1949999999999998,0.852450674962013
e530400263dd8caaef3dbddae940f583,Cc1[nH]c2ccc(OCc3ccc(C4CCCC4)c(C(F)(F)F)c3)cc2c1CC(=O)O,0.7975999712944031,0.9963091611862184,0.3309091194109483,2.477588,-3.7423617839813232,0.471600067615509,1,0,0,0.375,6.358820000000004,0.4774530463155013
3e4097a66f35798765485c16e0f81f57,O=c1cc(CSCc2ccc(Cl)cc2)nc2scc(-c3ccccc3)n12,0.6111999750137329,0.958587110042572,0.2485333477908914,2.327156,-9.227860450744627,0.6630655169487,0,0,0,0.1,5.509800000000004,0.4441872951402955
448e81450a4a7a529650956108e6c018,CN(C)CC1CN(c2c(F)cc3c(=O)c(C(=O)O)cn(C4CC4)c3c2Cl)CCO1,0.9121000170707704,0.9975965023040771,0.2219623273069208,3.239103,0.2571066319942474,0.0630443915724754,0,0,1,0.5,2.5939000000000005,0.7963666075553769
49de33911d0d7915b210c4401a9354cf,COc1ccc(C=CC(=O)c2ccc(-n3cnnn3)cc2)cc1,0.3373999893665313,0.9302130341529846,0.1224583569366421,2.051715,-6.07288932800293,0.1341752350330352,0,1,0,0.0588235294117647,2.567,0.5350157253616452
8784b55f5a7da973b7fcca60558fc7ef,CCn1nncc1C(=O)N1CCOCC2(CCCC2)C1,0.3303999900817871,0.2138462364673614,0.0374630153687162,3.392103,-9.668011665344238,0.115191826224327,0,0,0,0.7857142857142857,1.3307999999999995,0.8186129728384053
52937213b7214ad2debe9659d7886bbe,Fc1cccc(CSc2nc(NC3CC3)c3nn[nH]c3n2)c1F,0.5253999829292297,0.8784022927284241,0.1731211377138441,2.943024,-9.02329921722412,0.3552267163991928,0,0,0,0.2857142857142857,2.8927000000000005,0.5516277099209331
7b4b465e1bc9dbf76b482244639909fc,Cc1ccc(-c2cc(-c3ccccc3)c(C#N)c(=O)n2C2OC(CO)C(O)C(O)C2O)cc1,0.6065000295639038,0.9650615453720092,0.2722727277062156,3.7145,2.782218217849731,0.8031832695007324,0,0,0,0.28,1.3347999999999998,0.4727931137308506
6734dbe2f6b904aba96a27277d2c1eff,Brc1cncc2ncccc12,0.388399988412857,0.8966745138168335,0.1566662940789353,2.294819,-11.953661918640137,0.0444555222988128,0,0,0,0.0,2.3922999999999996,0.6651446963987677
8b26087b6be71410ba989806a0578b0d,c1cnnc(N2CCCC2CNc2ncnc3c2CCC3)c1,0.3937000036239624,0.3833004832267761,0.1035683468322862,3.171833,-7.345186233520508,0.3282250881195068,0,0,0,0.5,1.8362000000000005,0.9283188895095944
2b51077f405b72c8c08d5575a380bbc0,CN(C)CCCN(C(=O)c1ccc(S(=O)(=O)N2CCc3ccccc32)cc1)c1nc2ccc(Cl)cc2s1,0.6930999755859375,0.9620370864868164,0.2950917306271466,2.515597,1.1613432168960571,0.9469192385673524,0,0,0,0.2592592592592592,5.299600000000005,0.2953940324616587
d7ebff614791394040b4093543d017e3,CC1=C(c2ccccc2)C1C(=O)NC1(C(=O)O)CCCC1,0.4912999868392944,0.8650238513946533,0.1103782206773758,2.980082,-2.2933924198150635,0.0051204744726419,0,0,0,0.4117647058823529,2.6035000000000004,0.8932901330452792
332c83dd1b9a2e6cad69498271fb12fb,CC(C)Cn1cc(C(F)F)c(C(=O)NCc2ccncc2)n1,0.4196999967098236,0.2989976704120636,0.1123143151741136,2.614009,-11.728249549865724,0.5183263003826142,0,0,0,0.4,2.801700000000001,0.8924143152493047
37556b7ce4591f8448c17a19e0a2d158,CC(COc1ccc(C=C2SC(=S)N(CC(=O)O)C2=O)cc1OC(c1ccccc1)C(F)(F)F)c1ccccc1,0.7850000262260437,0.9967527389526368,0.2550172751600092,3.449369,-4.473555564880371,0.4518893420696258,1,1,0,0.2068965517241379,6.837300000000005,0.2057115442620874
f4b9f0e13f145db589b1f6bf266b762a,O=C1NC(=O)c2c1c(-c1ccccc1C(F)(F)F)cc1[nH]c3ccc(O)cc3c21,0.7770000100135803,0.9964134097099304,0.4653624689037149,2.672316,-2.921891689300537,0.8627987027168273,0,1,0,0.0476190476190476,4.5961000000000025,0.41157159469465
6525b8d96e8bdbde306779bac69a9c9b,CCC1(O)C=C(C(=O)NCc2cnc3cc4c(cc3c2)OCO4)COC1=O,0.5702000260353088,0.8560208678245544,0.1471753025596792,3.482106,2.0872557163238525,0.3678725957870483,0,0,0,0.3157894736842105,1.2039999999999995,0.7790254505358836
e4f155924cb40dca5db24578f8c8faed,NC1(C(=O)Nc2cncc(C(F)F)c2)CCc2cc(Br)ccc2C1,0.5856000185012817,0.8855305910110474,0.3597028973427685,3.247002,-6.591521263122559,0.795397675037384,0,0,0,0.2941176470588235,3.606600000000002,0.833275799708732
356ad0ada1997fd194e040796e8ae689,CCCCCN1C(=O)C(=CNC23CC4CC(CC(C4)C2)C3)C(=O)c2cc(OC)cc(C)c21,0.6793000102043152,0.9455347657203674,0.5326458053155378,3.999817,2.455530166625977,0.7374781608581543,0,1,0,0.6296296296296297,5.165420000000005,0.3641206547238471
f4a5006a2da7990b9ee212a9fb9f1f0d,CCCCCN(C)CCC(O)(P(=O)(O)O)P(=O)(O)O,0.5333999991416931,0.880509614944458,0.2259623034409411,2.920263,11.13168239593506,0.3513044854626059,0,1,0,1.0,0.4999999999999996,0.3057568101445881
27b6c6dc4bdd2022bea3f705bd6a678c,NCc1cc(=O)c2cc(-c3cncnc3)ccc2[nH]1,0.4828000068664551,0.9443427324295044,0.1603106212886897,2.488988,-10.254526138305664,0.3345035955309868,0,0,0,0.0714285714285714,1.4438,0.7224376938378367
9dbafef002bbfefd1c9c2332565c0a1d,COc1ccc2c(c1OC)C(=O)OC2c1c(O)n(Cc2ccc(F)cc2)c(=O)[nH]c1=O,0.5895000100135803,0.8280121088027954,0.2280879406766458,3.048348,-5.9110565185546875,0.5973361611366272,0,0,0,0.1904761904761904,1.7065999999999997,0.5938303570103439
73dc4b541ec0c93f39c350b96d884309,Cc1ccc(S(=O)(=O)C(=Cc2cc(C)ccc2C)C(=O)c2ccc(Cl)cc2)cc1,0.4995999932289123,0.9877718091011048,0.3227598653598265,2.30974,-9.029376029968262,0.4465760827064514,0,1,0,0.125,5.962960000000005,0.3745651191074892
4e75f00682fa5d639c2cc7d52a3c4e40,CCOC(=O)C=CC(CC(C)C)NC(=O)C(CC(C)C)NC(=O)C1Cc2ccccc2CN1C(=O)c1cccc(O)c1C,0.666700005531311,0.9544878005981444,0.1678732569244775,3.7778,6.271759033203125,0.7303715348243713,0,1,0,0.4705882352941176,4.448820000000004,0.2475172917951814
3f7f0f2968e1a51dd819fd4404979fdf,CCC(Sc1nc2nnc(C)c-2c(N)n1-c1cccc(Cl)c1)C(=O)NCCOC,0.546500027179718,0.8313958048820496,0.235804257067767,3.203655,-2.3347082138061523,0.6640544652938842,0,1,0,0.3684210526315789,2.944420000000001,0.3184763173533152
d7beba7e4370177655c25cfb6e97266b,Cc1[nH]n(C)c(=O)c1C(=N)c1ccc2ccccc2c1,0.5062000155448914,0.9457459449768066,0.1756194274533878,2.556118,-6.436849594116211,0.434192681312561,0,1,0,0.125,2.59119,0.6872973262133019
511f47f580834dd356ec7dcfaf545728,COc1ccc(-c2cc3ccccc3[nH]2)cc1OC,0.3443999886512756,0.9339088201522828,0.3425632471388036,1.769386,-8.403265953063965,0.653242039680481,0,0,0,0.125,3.8521000000000023,0.7688710983477363
3fce7b54bc319df1f73db9ad26530f45,CCOc1ccc(NC(=O)CCn2c(=O)cc(C(F)(F)F)c3cn(C)nc32)cc1,0.5372999906539917,0.7789956331253052,0.32923316413706,2.5013,-9.551365852355955,0.6588850855827332,0,0,0,0.3157894736842105,3.181300000000002,0.6796756112620295
c118232451a76ea734a06ebb08ffcce7,Nc1ccc(N2CCOCC2)c2nonc12,0.3873000144958496,0.7584810853004456,0.0621070702126448,2.444913,-7.2934250831604,0.3099424511194229,0,1,0,0.4,0.6416,0.7105371899920769
600466be4becef0d95ae324953cf0a9b,COc1ccc2c3c1OC1CCCC4C(C2)N(C)CCC314,0.5536999702453613,0.7675639986991882,0.3484488278627395,4.884034,12.453875541687012,0.7006596446037292,0,0,0,0.6666666666666666,2.7543000000000015,0.7917425285587666
4a314e4b3ee7ff08595aa7376e54e4c5,Cc1cccc(NS(=O)(=O)c2cccc([N+](=O)[O-])c2)n1,0.4255000054836273,0.9253891706466676,0.1088592135770754,2.028564,-6.954437255859375,0.0548610776662826,0,1,0,0.0833333333333333,2.09902,0.6865676789828031
217639d0fe64d551dab51c15287c3bbc,Cc1ccc(C=Nn2nnnc2N)cc1[N+](=O)[O-],0.4375999867916107,0.8925031423568726,0.0662236722414387,2.710491,-8.685187339782715,0.1144515436142683,0,1,0,0.1111111111111111,0.3541199999999996,0.4736256172678864
48c00608ba33acf8575f555879d0193c,C=C1c2cc(C)ccc2NC(=O)N1c1ccc(C)cc1,0.4790000021457672,0.9197532534599304,0.3049188107252121,2.205681,-10.00507640838623,0.4348832726478576,0,0,0,0.1176470588235294,4.326240000000003,0.8166886717627572
24b2157bc4babe9f3f26d706c617a4f7,NNc1nc(-c2ccccc2)cc(-c2ccc(Br)cc2)n1,0.5320000052452087,0.9940322041511536,0.129830121316693,1.961397,-8.426639556884766,0.6130799889564514,0,1,0,0.0,3.8587000000000025,0.5609033580551357
9d440cd06d9ba6ded41f6323150f4153,COc1ccc(-c2ccccc2)c2nc(Cc3ccc(Cl)cc3)c(O)c(C(=O)O)c12,0.6840000152587891,0.995635986328125,0.2124296040697531,2.348939,1.0812368392944336,0.3335587114095688,0,0,0,0.0833333333333333,5.558400000000003,0.4424600599393762
105d99cc639259c81b86bab4830a8ade,O=C1CC(=O)CC(c2cc(C(F)(F)F)cc(C(F)(F)F)c2)C1,0.6456999778747559,0.9817386269569396,0.1416869118005376,2.641145,-8.284564971923828,0.2147210827097296,0,1,0,0.4285714285714285,4.129900000000002,0.5748754610299907
7be2a84d9b8baf87b97310634455e990,CC(C)N(C)C(=O)N1Cc2ccccc2CC1C,0.2915000021457672,0.515116810798645,0.0713576351885091,2.795359,-8.010382652282715,0.3297804564237594,0,0,0,0.5333333333333333,2.8934000000000015,0.7471059687433833
e1394b18edf7269bde16658ecc45dd86,CN(Cc1cccc(-n2cccn2)c1)c1cc(N2CCCC2)nc(N)n1,0.5934000015258789,0.8306131958961487,0.342917184938084,2.523369,-7.011254787445068,0.8585415482521057,0,0,0,0.3157894736842105,2.4810999999999996,0.7625526887351415
e59848daa0298c71d855edf389e066df,OCC1CC(O)C(c2c[nH]c3c(O)ncnc23)N1,0.5181000232696533,0.8939348459243774,0.2189189324324781,4.465796,8.611464500427246,0.0313253048807382,0,0,0,0.4545454545454545,-0.5803000000000005,0.4869756205802516
69c15e9575d723acf9bfa86118a688b7,Cc1cc(NS(=O)(=O)c2ccc(NC(=O)C(C)Oc3cccc(C)c3C)cc2)nc(C)n1,0.4848000109195709,0.8672692775726318,0.1324922259558331,2.703415,-9.956830024719238,0.6235559105873107,0,0,0,0.2608695652173913,3.917080000000003,0.5599205170102353
0b1acbdc564ef5c7837f45dcd7a55e6b,CC(C)c1cc(C(=O)NN=C(S)NCc2ccco2)c(O)c(C(C)C)c1,0.5974000096321106,0.9545579552650452,0.2129972966557199,2.893272,-11.572819709777832,0.6121604740619659,0,1,0,0.3684210526315789,3.9524000000000017,0.2664327986721328
013663645606a12b3cd4a4d294ad7a74,CNC(=O)N(N(CCCl)S(C)(=O)=O)S(C)(=O)=O,0.4625999927520752,0.6827763915061951,0.0629019710150632,3.256306,2.5142102241516113,0.0668543636798858,0,1,0,0.8333333333333334,-0.9971999999999988,0.5182307671080723
eb0befbdd55de5dd3574cc420dc535e4,COc1cc(C(=O)COC(=O)Cc2cnc3sccn23)cc(OC)c1OC,0.3930000066757202,0.8076308369636536,0.1047834056344899,2.590456,-12.779176712036133,0.272062149643898,0,0,0,0.2777777777777778,2.3902,0.4309539110617212
174809ef84521953c7e906d11970a40e,CC(C)C(C=O)C1C(NS(C)(=O)=O)CCN1C(=O)C=CCN1CCCCC1,0.5324000120162964,0.4248083233833313,0.1080345440317284,4.094972,6.645305156707764,0.4040174186229706,0,1,0,0.7894736842105263,1.018300000000002,0.4863793628024731
bc166315be3c88873dacc599ddcdde97,O=C1Oc2ccc(O)cc2C1=Cc1ccc(O)cc1,0.4857999980449676,0.9899853467941284,0.3639905534007333,2.312187,9.836381912231444,0.422397369146347,0,1,0,0.0,2.5574000000000003,0.4660132015104023
3e120e711404bc45e581b99c9e10ede2,Cc1ccc2c(c1)COc1c3ccc(C(=O)O)cc3nn1-2,0.524399995803833,0.9398574233055116,0.0680159054357897,2.577484,-4.251853942871094,0.0362363304942846,0,0,0,0.125,2.92452,0.7440277275302692
7934824c363bbd04ddd5a69568a88fea,CCN1c2ncccc2C(=O)N(C)c2ccc(-c3ccc(O)nc3)nc21,0.6858999729156494,0.8306092023849487,0.1634789982979947,2.774121,-9.496594429016112,0.5772842228412628,0,0,0,0.1578947368421052,2.9922000000000013,0.7672807922940185
edf44ccdc3b7124753ff85e764588228,N#Cc1c(F)cccc1N=NNc1cccc(F)c1C#N,0.5504999756813049,0.9552634954452516,0.2438499864868142,2.924602,-4.014848709106445,0.7743907690048217,1,1,0,0.0,3.8189600000000015,0.6860065725126242
38b8408fc57c7bdd711f2d000703175f,Cc1c(-c2ccc(Cl)cc2)[n+]([O-])c(-c2ccccc2)c[n+]1[O-],0.5788000226020813,0.9256529211997986,0.2654359557411887,2.807,-10.161972999572754,0.2990113735198975,0,1,0,0.0588235294117647,3.249220000000003,0.5385543373425791
7669bc99792722a194abb747877f196a,Cc1ncc(-c2ccc(Nc3cc4cc(-c5cnn(CC(C)(C)O)c5)ccc4cn3)cc2)n1C,0.6121000051498413,0.9720003008842468,0.5557346181436018,2.817775,10.344999313354492,0.9656432509422302,0,0,0,0.2222222222222222,5.321720000000005,0.3643491389852576
9fe25bbf159e374edb5565c4ac76f6d2,COC(=O)c1cc(-n2cc(-c3cc(OC)cc(OC)c3)nn2)ccc1O,0.4674000144004822,0.8994864821434021,0.1313132823190906,2.319079,-11.152050971984863,0.3586255222558975,0,0,0,0.1666666666666666,2.4437,0.702320045536104
3281df9ae66d53f9bbfb0f6b6287b1be,Cc1c(-c2ccc3cc(CCN4CCCC4C)ccc3n2)cnn1-c1ccccn1,0.6050999760627747,0.9616970419883728,0.5227152827111158,2.906285,-8.354992866516113,0.9678272485733032,0,0,0,0.32,4.817720000000004,0.4844557230411195
2f06b648cad28f32da4b8d43cffdd782,c1cn(-c2ccc(NC3CCCN(Cc4ccc5c(c4)OCO5)C3)cc2)cn1,0.4973999857902527,0.8541739583015442,0.4702553681351922,2.748525,-2.2837328910827637,0.9911629676818848,0,0,0,0.3181818181818182,3.677500000000003,0.7362197107520055
960a77c9f55e5fa4f0f638cd79566078,OCCSSCCc1ccccc1Cn1nnc2c(N3CCC(F)(F)C3)nc(C(F)(F)c3ccccc3)nc21,0.6620000004768372,0.9201751947402954,0.2401683587919582,3.392324,-0.2702267467975616,0.9190106272697448,0,1,0,0.3846153846153846,5.171300000000006,0.1484075659244629
7bda3c4159308a00061b463d2e5de59c,Cc1cc(C)c(S(=O)(=O)NCCOc2ccccc2)c(C)c1-n1cnnn1,0.4300000071525574,0.6452195644378662,0.0502403259108012,2.558799,-5.5022687911987305,0.5047459244728089,0,1,0,0.2777777777777778,1.94486,0.6222444380525197
cfc09b3587318f13b5adc4464817108b,O=C(NCC1=CC2CCN1CC2)c1ccc(F)cc1,0.3865000009536743,0.52530837059021,0.1149120467968962,3.166681,-6.84816837310791,0.7155089616775513,0,0,0,0.4,2.165,0.9029817460956364
cca7bf645bf11f64a1d408743ba1ceef,Cc1cc(O)c2c3c1C(=O)C=C1C(C)(C)C(=O)c4c(O)cc(O)c(c4C13O)C2=O,0.695900022983551,0.9954288005828856,0.2750252656299959,4.026909,10.128724098205566,0.3845506504178047,0,0,0,0.2272727272727272,2.2373200000000013,0.5404329004666674
345e21a25c85bad72cb62d36edc9733a,COC1(C)CC(OC2C(C)C(=O)OC(C(C)=O)C(C)C3OC(C)(CC3C)C(OC3OC(C)CC(N(C)C)C3O)C2C)OC(C)C1O,0.8004999756813049,0.996744990348816,0.372013200413097,6.690769,9.94581127166748,0.1673479929566383,0,0,1,0.9411764705882352,2.6901000000000033,0.3889464710193298
d71051c93d49edbd6ed46454c2c5dcff,CNc1oc(C=Cc2cc(OC)c(OC)c(OC)c2)nc1C#N,0.4812000095844269,0.9533832669258118,0.2341424145481803,2.661013,-10.618311882019045,0.7040082097053528,0,0,0,0.25,2.784180000000001,0.8761953928907712
749d16645e6670ccfdfa76c1352a1b14,CC(C)C1(O)CN(Cc2ccc(S(C)(=O)=O)cc2)CC1C,0.3776000142097473,0.6677897572517395,0.1077960661866448,3.252069,6.9568328857421875,0.6035430133342743,0,0,0,0.625,1.9289,0.922919978707425
c2c164755c880a4c32cbae443a221231,CCCN(CC)C(=O)C(NC(=O)C1CCN(C(=O)c2ccccc2-c2ccc(C(F)(F)F)cc2)CC1)c1ccccc1,0.6449000239372253,0.9428562521934508,0.1842796937985853,2.957157,2.0816664695739746,0.9163806796073912,0,0,0,0.3636363636363636,6.340600000000007,0.3217359615556937
20944e0711c140b2cc9fdca56d694055,O=C(CC1CCOCC1)NCc1ccc(F)cc1,0.2842999994754791,0.3879849314689636,0.0526862932707775,1.855168,-9.221396446228027,0.4487982660531998,0,0,0,0.5,2.2586000000000004,0.8910359468019803
4be2cb0b95688786ef11650ed9782c6e,CC12CCC3C(CC(=O)C4(O)CC(O)CCC34C)C1CC(=O)OC2,0.5026000142097473,0.8235337138175964,0.1914258523082191,4.688671,11.432402610778809,0.0928981065750122,0,0,0,0.8947368421052632,1.8369999999999995,0.6595405954583865
d12a3ccc4729d2885b5ae3a03b73c83e,C=C1CC(c2ccc(OC)c(OC)c2)OC1=O,0.4291999936103821,0.8244789838790894,0.315609720620242,2.740762,8.535174369812012,0.0565599923953413,0,1,0,0.3076923076923077,2.248,0.5940407895554848
b70a650acc6d9165778422cd979d1272,COc1cccc(C=C2Oc3cc(OCCCN4CCCCC4)ccc3C2=O)c1,0.5411999821662903,0.9596641659736632,0.6357690475203774,2.25513,-0.3906379044055938,0.94212908744812,0,1,0,0.375,4.566200000000004,0.5095467240947728
ac9e529c1275a99c29ab0de7cfd08109,Cc1cccc(C(=O)NCC2(C(F)(F)F)OC(=O)Nc3ccc(Cl)cc32)c1,0.6735000014305115,0.9835644364356996,0.2101263810287822,3.049765,-5.868843078613281,0.7339937806129455,0,0,0,0.2222222222222222,4.398120000000003,0.8049825605566474
4499270637f948b42be130e50d4a2076,FC(F)(F)c1ccc(OCc2ccc(-c3nnn[nH]3)cc2)c(Cl)c1,0.6281999945640564,0.9666415452957152,0.1317642676956232,2.318713,-10.51176643371582,0.3426730901002884,0,0,0,0.1333333333333333,4.1179000000000014,0.7652130595121758
48df2c338b799cc30f97764fbae90363,Cc1cccc(C(=O)CCC(=O)c2ccc3occc3c2)c1,0.4762000143527984,0.9568405151367188,0.2170346426692876,2.05213,-5.7630109786987305,0.3369422882795334,0,0,0,0.1578947368421052,4.587020000000003,0.6462178239863647
ade166775c92a8fcce6a2ad2c960d59e,Cc1cc(-c2ccnc(Nc3cnn(C4CN(C)C4)c3)n2)ccc1CN1CCN(CC(C)(C)C)CC1=O,0.6514000296592712,0.9077420830726624,0.3983332067728042,3.030346,2.0173401832580566,0.9449899315834044,0,0,0,0.5,3.568920000000001,0.5289193622703847
c397017dcff465a9deb7904857c343e9,COCCn1ccc(NC(=O)C(=O)N(C)Cc2cccc(C)c2)n1,0.3413000106811523,0.3966736793518066,0.0736761248924515,2.378788,-10.473495483398438,0.1739856332540512,0,1,0,0.3529411764705882,1.4350199999999993,0.8131809971599446
268db5ff91a9095b53d4b371ab1c5130,Fc1ccc(Nc2ncnc3c2oc2cc(-c4ccc5c(c4)OCO5)cnc23)cc1Cl,0.6353999972343445,0.9558114409446716,0.6703276254914023,2.713657,1.7276746034622192,0.8604263186454773,0,0,0,0.0454545454545454,5.7028000000000025,0.3895167953176909
986c89a8ce04ad8cdc420033a4405dbe,O=c1c2ccccc2c(Cc2ccccc2Cl)nn1-c1ccccc1,0.5708000063896179,0.9757254719734192,0.2155383649197491,1.92539,-7.419280052185059,0.6178951025009155,0,0,0,0.0476190476190476,4.629900000000004,0.5417949644843042
52d7fec40777b66b710970f0393e49ee,CC1=CC2=C(Cc3c(O)cc(C)oc3=O)C(=O)C(C)(O)C(O)C2=CO1,0.5990999937057495,0.97885000705719,0.1378748965534297,4.534533,11.068718910217283,0.0656308978796005,0,0,0,0.3333333333333333,1.0054199999999995,0.7312366317297817
894512db637895c0011a04e76bd1541b,O=C(Nc1ncnc2nn(Cc3ccccc3)cc12)c1cccc(Cl)c1,0.5444999933242798,0.923809289932251,0.341795949773355,2.212491,-8.926865577697754,0.5159068763256073,0,0,0,0.0526315789473684,3.780300000000002,0.5985219481070324
ecda4c84e95b5f059143fa668e876c58,Cc1cc(N2CCC(C)CC2)nc2ccc(NC(=O)c3c(F)cccc3F)cc12,0.7192999720573425,0.9566463232040404,0.4899515970186753,2.243912,-9.060702323913574,0.9223752021789552,0,0,0,0.3043478260869565,5.310020000000004,0.6536752020190348
8c8c215f7e9599e0e33b6e5142b8930a,Cc1nc(N2CCC(C)(O)CC2)nc2ccc(NC(=O)COc3ccc(Cl)cc3)cc12,0.5935999751091003,0.9271559715270996,0.2365652661431919,2.412074,-5.116677284240723,0.8563719034194947,0,0,0,0.3478260869565217,3.960320000000003,0.6239947270478942
5e6adafecc2fad940fdd8280894304a0,CCN(CCNC)c1cc(F)cc(CCc2cc(C)cc(N)n2)c1,0.5821999907493591,0.9350239634513856,0.3544577292420647,2.652384,-5.697761535644531,0.9160012602806092,0,0,0,0.4210526315789473,2.9422200000000007,0.7812757079055492
9188e8b6cad9265dfc70cf4ea4b98b8a,CN1CCN(c2ccc3c(c2)OCO3)CC1,0.3212999999523163,0.7605615258216858,0.1121722524139014,1.898423,-9.982138633728027,0.7277705609798432,1,0,0,0.5,1.1670999999999998,0.7089541376756788
1a16eac929b13993dbcd6319380dd1b0,COc1ccc2c(c1)OC1c3cc(OC)c(OC)cc3OCC21,0.504800021648407,0.9292905926704408,0.349652653390711,3.078731,9.450379371643066,0.6947502136230469,0,0,0,0.3333333333333333,3.3221000000000016,0.8694612683225503
cf386bc0d85d05f0092454bd18a47c53,N#Cc1ccc(-c2cc3c(o2)-c2nncn2-c2ccc(N4CCNCC4)cc2C3)cc1,0.5263000130653381,0.9559413194656372,0.3414213115518743,2.974736,-7.453185081481934,0.906626534461975,1,0,0,0.2083333333333333,3.379780000000001,0.4821888409600391
2a249fe4d9499a91f8bebebe8a3f0a17,[N-]=[N+]=Nc1cccc(CC(N)C(=O)O)c1,0.4171000123023987,0.9345802664756776,0.1411713581870902,2.957411,8.73233699798584,0.0125515602063387,1,1,0,0.2222222222222222,1.5827999999999995,0.4425753136610235
4dd97dd23dce5d8de00414650b766d7c,N=C(N)c1ccc2cccc(NC(=O)OCc3ccccc3)c2c1,0.6082000136375427,0.9759989976882936,0.3277375251054764,1.929968,0.2489859014749527,0.7641444087028504,0,1,0,0.0526315789473684,3.872570000000003,0.5035723245352345
fb638fd90c3db5b009738978039f1f7a,Cc1ccc(C(CC(=O)O)c2ccc(Cl)cc2C)cc1CN1CC(C)Oc2ccccc2S1(=O)=O,0.7426999807357788,0.9549623727798462,0.1646155342459678,3.551633,-6.144744873046875,0.5483920037746429,0,0,0,0.2962962962962963,5.535240000000005,0.4678639307580363
26f5a3c70297fd05cb0931269245db96,CN(C)Cc1ccc2c(N(C)C)c3c(c(O)c2c1)C(=O)C1=C(O)C2(O)C(=O)C(C(N)=O)=C(O)C(N(C)C)C2CC1C3,0.8356000185012817,0.997413694858551,0.2050376893444494,4.539454,11.74215030670166,0.6214672088623047,0,1,1,0.4333333333333333,1.4014000000000006,0.3349263389226095
83c002ade6877e45a93aa4323a9f3b8e,O=C(CCCN1Cc2ccccc2C1)NC1CC2OCCC12,0.4266999959945678,0.4537175893783569,0.1115675504234704,3.42019,-10.693194389343262,0.5606076538562774,0,0,0,0.6111111111111112,2.076,0.9049985242012362
bea861598ae603e247241a8a0da0043d,O=C1CC2CCC(C1)N2c1cc(F)c(CNC(=O)Nc2cccc3[nH]ncc23)cc1F,0.766700029373169,0.8929005265235901,0.2750732329758731,4.157471,-3.927105188369751,0.7010362863540649,0,0,0,0.3181818181818182,3.863100000000002,0.5921353428912556
f82a1621f46088e903970f845c56eaef,Cc1[nH]c2ccc(-c3noc(C4CN(C)CCO4)n3)cc2c1C,0.453000009059906,0.7043211460113525,0.1644630696285854,3.110766,-7.474001407623291,0.7997958183288574,1,0,0,0.4117647058823529,2.837840000000001,0.7878921082311477
882b7a9d387fc1b441297288d321100c,CC(=O)NCCC(=O)N(Cc1ccccc1)c1nc2c(C(C)C)cccc2s1,0.4794999957084656,0.9114351272583008,0.1626181155443191,2.260161,-11.392685890197754,0.8067317128181457,0,0,0,0.3181818181818182,4.479100000000003,0.6415441663396464
eef5cf3a99be56cc243436d39fb1d3be,Cc1onc(-c2ccccc2Cl)c1C(=O)OCC(=O)c1ccccc1,0.5059000253677368,0.9500432014465332,0.1239852062003179,1.981461,-8.141332626342773,0.16374441832304,0,0,0,0.1052631578947368,4.343120000000003,0.5025788438413031
24b326486a8fcabbcbd001a9d03ba411,COc1ccc(N2C(=O)NC(NC(=O)C(C)(C)C)(C(F)(F)F)C2=O)cc1,0.488099992275238,0.7403461337089539,0.2759888050231067,3.016764,-7.5334930419921875,0.1736317582428455,0,1,0,0.4375,2.1723,0.795287139991256
1da6dfe74ac8c8dc947fdbf1dce024e5,Cc1cccc(CSc2ccc3nnc(-c4cccnc4)n3n2)c1,0.4801999926567077,0.9294497966766356,0.1159095080061392,2.331346,-10.786277770996094,0.4159854650497436,0,0,0,0.1111111111111111,3.7870200000000023,0.5319187150676018
dea36311288b16aebc07110f28de7375,O=C(CSCc1ccccc1Cl)Nc1ccc(C(=O)O)cc1,0.5407999753952026,0.870840847492218,0.0588805700906298,1.742423,-8.275430679321289,0.064440931379795,0,0,0,0.125,3.9101000000000026,0.8395509138785894
7d15a756dccbebaf75315009c07e5882,CN(C)C(=O)c1cc2cnc(Nc3ccc(-c4cncn4C)cc3Cl)cc2n1C(=O)OC(C)(C)C,0.6525999903678894,0.9142540097236632,0.2079260769215497,3.004449,5.905104160308838,0.8754460692405701,0,0,0,0.28,5.318800000000005,0.4123985390352899
0931d518c0a1b017baf7eb22c5ecee21,CCOC(=O)CN=C(S)N(Cc1ccco1)Cc1ccccc1Cl,0.4837999939918518,0.8904715180397034,0.1208253985440189,2.716849,-10.096220970153809,0.7446230292320252,0,1,0,0.2941176470588235,3.784100000000003,0.3504268979830937
30bbb43ed0c9193f65ca63a24205f62e,CC(=O)NC1CC2CN(Cc3cccnc3)C(C)C(=O)N2C1,0.449099987745285,0.3096884489059448,0.0364874983206391,3.517274,-2.647388219833374,0.1369487538933754,0,0,0,0.5625,0.3912999999999997,0.8771434266362093
e08ea5cbb6a9867ef6afa4f0cb9d3263,COc1ccc(-c2cccnc2)c2ccc(O)nc12,0.5497999787330627,0.9649929404258728,0.2629364119334654,2.229312,0.2687528431415558,0.5308056175708771,0,0,0,0.0666666666666666,3.0110000000000015,0.7613211619299357
16e96e9aade6dceee9926d5ffc897902,COCc1cc(CNC23CC4CC(CC(C4)C2)C3)no1,0.3176999986171722,0.5264118909835815,0.0971975065132772,3.852528,-1.2512091398239136,0.3189912706613541,0,0,0,0.8125,2.8794000000000013,0.8980324128295035
e8e9708ce06325f6f3f89b0aead2cc97,Cc1nn(-c2ccccc2)c(Oc2ccc(F)cc2)c1C=C1SC(=S)N(C(Cc2c[nH]c3ccccc23)C(=O)O)C1=O,0.6561999917030334,0.9865072965621948,0.2914465557445179,3.270791,-1.0409899950027466,0.6058229327201843,1,1,0,0.0967741935483871,6.490520000000006,0.1555710055157325
4a94fe7e3da6856b1d23bee57c1445b0,Cc1nc2nonc2c(N)c1Cn1cc(C(F)(F)F)cn1,0.5874999761581421,0.830042839050293,0.1726723120507565,3.115603,-11.67214298248291,0.2504215806722641,0,0,0,0.2727272727272727,1.77202,0.7743079294153997
0c55dfee4507f4426b32f529d7b3fa8c,CCOC(=O)C1CCCN(CC(=O)Nc2nc(-c3ccccc3)cs2)C1,0.4589000046253204,0.570186972618103,0.141576309773055,2.461501,-8.809210777282715,0.6305012464523315,0,0,0,0.4210526315789473,3.0237000000000016,0.7883003875498321
6117cb2e3104ad6e9f50b61c7459dbe0,OCC1=CC2c3cccc4[nH]cc(c34)CC2NC1,0.5195000171661377,0.9734014868736268,0.3442252440886064,3.955456,11.646807670593262,0.6105637729167939,0,1,0,0.3333333333333333,1.6981,0.6644068749747858
2f10d85d742140c42dcfccebdc789245,Cc1cc(N2CCOCC2)ccc1Nc1ncnc(-c2ccc(OC3CCOCC3)c(C#N)c2)n1,0.6304000020027161,0.9617917537689208,0.5064383826472543,2.752727,3.5672051906585693,0.9125643849372864,1,0,0,0.3846153846153846,3.8567000000000022,0.5723838981610672
75b201d179afa4a1f2a4f1fc3f80c4bf,COc1ccc(Br)cc1S(=O)(=O)Nc1ccn(C(=O)OC(C)(C)C)n1,0.5393999814987183,0.8439077734947205,0.06088873015886,2.50964,-9.847254753112791,0.1599393263459205,0,0,0,0.3333333333333333,3.2382000000000017,0.7966117354575728
a5970861b8e589c70714a839bc7e638d,COc1cccc2c1ncn2-c1ccccc1,0.2746999859809875,0.8764539957046509,0.1672840870239517,1.847453,-1.6103540658950806,0.6458265304565429,0,0,0,0.0714285714285714,3.034100000000002,0.6686284207347575
fcbfadca06cdb7d6e440fff9f895e36b,CCOC(=O)c1cn(CC)c2ccc(C=CCN3CCN(C(=O)OC(C)(C)C)CC3)cc2c1=O,0.557699978351593,0.9044598937034608,0.0943405003371563,2.576823,-8.776650428771973,0.9085026025772096,0,0,0,0.5,3.764000000000003,0.5994657769849087
91285d2841a4b87bcd2e878eabccedb4,N#Cc1cccc(OCCn2nnc3ccccc3c2=O)c1,0.3339000046253204,0.7432242631912231,0.0625922572375698,2.0588,-8.672211647033691,0.4114818871021271,0,0,0,0.125,1.7421799999999998,0.7313512018923292
086e0b9114d3431eebe313a53bde87cb,COCCOC(=O)C1=C(C)Nc2nc3ccccc3n2C1c1ccc(OC)cc1OC,0.4577000141143799,0.8909919857978821,0.3282335928895257,2.898278,-6.197993278503418,0.9245089650154114,0,1,0,0.3043478260869565,3.5320000000000027,0.4596852937871983
1f608d0c3b0ef71f8e3d10110bc461b0,CC1=NN(c2cc(F)c(O)c(F)c2)C(=O)C1=Cc1ccc(-c2cc(C)c(C)cc2C(F)(F)F)o1,0.717199981212616,0.9899362921714784,0.5494015541943637,2.966592,-11.66396427154541,0.8844260811805725,1,1,0,0.1666666666666666,6.372140000000004,0.3528495747958267
c6dd340389120188253151f376f0e385,CCN(CC)c1cc(C)c2cc(NC(=O)c3cccc(OC)c3)ccc2n1,0.6037999987602234,0.8970874547958374,0.2990019362081181,2.108221,-7.618836402893066,0.9143635034561156,0,0,0,0.2727272727272727,4.650320000000003,0.6925062552251192
