key,input,eos8lcw_consensus_score,eos3f8h_saureus,eos42ez_cytotoxicity_hepg2,eos9ei3_sa_score,eos9yui_np_score,eos7d58_herg,eos2xeq_has_pains,eos2xeq_has_brenk,eos2xeq_is_sim_known_ab,eos4djh_fsp3,eos4djh_clogp,eos4djh_qed
0bb7815cdb2358222978992a3d539386,C=CCNC(=O)c1sc(=S)n(-c2ccc(C(=O)OCC)cc2)c1N,0.5339000225067139,0.8617569208145142,0.0953581204468553,2.468513,-8.393879890441895,0.3637073427438736,1,1,0,0.1875,2.942990000000001,0.4680912187030316
fb649a00ac1c280461e1285253973f41,COc1ccc2c3c(n(C)c2c1)C(CO)N(Cc1ccncc1)CC31CN(C(=O)Nc2cccc(F)c2)C1,0.6104000210762024,0.913899302482605,0.0958587236871773,3.749199,-10.425311088562012,0.9734891057014464,0,0,0,0.3103448275862069,4.0557000000000025,0.4190993314045161
1649678763a86ab6caa9d5fe3d2d23b7,O=S(=O)(c1ccc(Cl)cc1)N(Cc1ccc(-c2nnn[nH]2)cc1)Cc1cccc(Cl)c1,0.6503000259399414,0.9834869503974916,0.1659318157895044,2.386923,-9.078539848327637,0.7685816287994385,0,0,0,0.0952380952380952,4.564600000000003,0.4239923736555363
a53c5e1f9a6bb3ee9b2e4a4829b2f2cd,CCCCCCSCC1c2cccc(O)c2C(=O)C2=C(O)C3(O)C(O)=C(C(N)=O)C(=O)C(N(C)C)C3C(O)C21,0.8360999822616577,0.9980600476264954,0.1070358158851211,4.669978,9.951201438903809,0.629316633939743,0,1,1,0.5357142857142857,1.946,0.1928595406892903
819fcc2860b36000c7cfd9b41fea2396,O=C(CSCc1cnn(-c2ccccc2)c1-n1cccc1)NCc1ccc(F)cc1,0.5123000144958496,0.8116111755371094,0.1833171641284769,2.376687,-10.674078941345217,0.879788589477539,0,0,0,0.1304347826086956,4.351700000000004,0.4610612733275548
4c1a53471c073ce99d2549e907ff19e9,Cc1ccc(-c2ccccc2C2CC3CN(C)C(=O)C34CCCN24)o1,0.5878999829292297,0.6874693036079407,0.1247642494060776,4.146318,2.2740795612335205,0.7986517786979676,0,0,0,0.4761904761904761,3.622620000000002,0.8403113104965083
89458ac280788943e17d5ac7a8aee008,COc1ccc(C2=NN(c3ccc(S(N)(=O)=O)cc3)C(c3ccccc3Cl)C2)c(OC)c1,0.579800009727478,0.9556260108947754,0.3665537874807011,2.790251,-4.923431396484375,0.7577316880226135,0,0,0,0.1739130434782608,4.360300000000003,0.5760070644405251
0a3d20a232b704f7eedc122b392951ce,OCc1ccccc1-c1cnn(Cc2ccccc2)c1,0.4706999957561493,0.9175620675086976,0.1884124089371074,1.859763,-8.801922798156738,0.4036355793476104,0,0,0,0.1176470588235294,3.090700000000001,0.7860242989028777
f15e6bfcc33c1208ab683bf0ba1f123b,Cc1ccc2c(=O)c(C(=O)Nn3c(C)csc3=S)c[nH]c2n1,0.5400999784469604,0.9294886589050292,0.1074359372935511,2.975434,-2.750478506088257,0.2331128656864166,0,1,0,0.1428571428571428,2.51633,0.7068026727071917
80c3b7da74964b71315c99fd7e317dbf,O=C(CCCCCCc1ccccc1)C(F)(F)F,0.5476999878883362,0.967988908290863,0.1382669091901996,1.862763,-3.968970537185669,0.5248854637145997,0,1,0,0.5,4.3110000000000035,0.6658763712520974
4f820e68df49effe55daf798221aa433,COc1cc(OC)cc(-c2nc3cc(F)ccc3s2)c1,0.5443999767303467,0.9482817649841307,0.225311743942174,2.02247,-9.00475788116455,0.4928930521011352,0,0,0,0.1333333333333333,4.119600000000002,0.7265257783504848
692cf05ba0bad851bb1039c81e853342,CCC(C)Nc1nc2c(c(=O)[nH]c(=O)n2C)n1CCOc1ccccc1,0.4059999883174896,0.5755422115325928,0.180904172360897,2.8513,-6.882129192352295,0.7990363001823425,0,0,0,0.3888888888888889,1.7126999999999992,0.6713412213205109
d418d7a0ebad0eb6c9b25a70ee2ecd8e,Cc1ccc(C=NN=Cc2ccc(C)s2)s1,0.4733999967575073,0.9393952488899232,0.1027286665683442,2.8823,-4.958395004272461,0.2969289511442184,0,1,0,0.1666666666666666,3.8794400000000024,0.5815235845411508
cb04adeff2a86a716666a988a43ea297,CCN(CCN)c1ccc(Nc2cc(NC3CC3)n3ncc(C#N)c3n2)cc1-n1cnnc1,0.5925999879837036,0.9483048319816588,0.3681477972052314,3.271601,6.018622875213623,0.909512221813202,1,0,0,0.3181818181818182,2.284579999999999,0.3554845508551474
366190fbe85a44b4f655a7950a3589a7,Cc1ccc(-c2c[nH]c3ncc(-c4cccc(C#N)c4)cc23)cc1,0.5699999928474426,0.9848008155822754,0.2613599280064756,2.16935,-1.8864046335220337,0.8468062162399292,0,0,0,0.0476190476190476,5.0770000000000035,0.5613030127785881
19e6acbe9262bad802d43ced58f148ed,CCCCCCCCCCCCc1ccc(CN2CCCC2CO)c(C)c1,0.6517999768257141,0.9440579414367676,0.3770062991163947,2.602346,-4.822309494018555,0.98553706407547,0,1,0,0.76,6.415120000000008,0.3805633429559072
9b5a92d96f9e9270478c390cc9fd3dce,CCn1nc(C(=O)NCc2cccnc2)c(C)c1Oc1ccc([N+](=O)[O-])cc1S(=O)(=O)NC(C)C,0.5181999802589417,0.7772375345230103,0.0577664270319721,2.770354,-8.954564094543457,0.732790184020996,0,1,0,0.3181818181818182,2.923620000000001,0.3162186049930108
8e45f4dc1f5e49539383ce7af7ef962f,O=CCNc1ncnc2c1ccn2C1OC(C(O)c2ccc(Cl)cc2)C(O)C1O,0.6643999814987183,0.967399001121521,0.4328772479837591,4.074211,3.793534278869629,0.3443303048610687,0,1,0,0.3157894736842105,1.0482999999999998,0.4369369040423719
835c5920fefd39bdb69a917ef05f6b0e,Cc1cc(C(=O)N(CC2CCCO2)c2nc3c(C)ccc(Cl)c3s2)on1,0.5424000024795532,0.8763829469680786,0.203824215314605,3.100099,2.45059871673584,0.6181453227996826,0,0,0,0.3888888888888889,4.380340000000004,0.6596716523829571
54430570fcbc64ac4349c211edc9c1dd,C=C(NC(=O)c1cnccn1)C(=O)NC(Cc1cn(C(=O)OC(C)(C)C)c2ccccc12)C(=O)OC,0.4533999860286712,0.8102393746376038,0.1944566765292124,3.359608,-0.2364837229251861,0.7335309147834778,0,1,0,0.28,2.3585000000000003,0.3774069100177821
83adab25d5fd625b16fc48058216ee13,O=C(CSc1oc(-c2cccs2)nc1S(=O)(=O)c1ccccc1)Nc1ccc(F)cc1,0.5411999821662903,0.856438159942627,0.1469063718210567,2.411459,-11.987038612365724,0.6344013094902039,0,0,0,0.0476190476190476,5.105800000000003,0.3747403862836151
b9d0ac9f5ccd9a43f3faceb5beab533f,Cc1ccc(C(=O)Nc2nc(C)c(C(=O)Nc3ccc4c(c3)CCC4)s2)cc1,0.4185999929904938,0.9261544942855836,0.3200164857235821,2.046189,-6.022258758544922,0.7326337933540344,0,0,0,0.2272727272727272,4.7532400000000035,0.6739308338721157
d41989410eae6458e3cdb5bc87a4f26a,CN1C(=O)C(=C2SC(N)=NC2=O)c2ccccc21,0.5435000061988831,0.964441180229187,0.1091490519995039,2.559562,-3.941917181015014,0.1754557341337204,1,1,0,0.0833333333333333,0.9621999999999998,0.7040954633998827
956ecc8510f5753d45eddd58763d8467,Cc1cccc(NC(=O)C2CC3OC2C(c2ccc(O)cc2)=C3c2ccc(O)cc2)n1,0.6536999940872192,0.9860360026359558,0.2294056510383432,4.311896,-4.005362510681152,0.7771145224571228,0,1,0,0.2,4.138020000000003,0.596892818646229
6562cac218661b920f4e07de10cacfb4,Cc1cc(NS(=O)(=O)c2ccc(N3C(=O)C4C5C=CC(C5)C4C3=O)cc2)nc(C)n1,0.5072000026702881,0.7463263869285583,0.1224189185622063,4.270198,-5.112335205078125,0.112218515574932,0,1,0,0.3333333333333333,2.2057399999999996,0.5953136773912373
9efb1c7c5e928971e1fe10a4f8eff91a,COc1cccc(ON=C2CCN(c3c(F)cc4c(=O)c(C(=O)O)cn(C5CC5)c4c3OC)CC2N)c1OC,0.914799988269806,0.9975823163986206,0.2504315193403851,3.632524,6.784168720245361,0.4252969920635223,0,1,1,0.3703703703703703,3.171900000000001,0.4127239083131009
cf1d9e75bf2cdd8693b5120c1d2df4fc,CC(Oc1ccc(F)c(F)c1)c1nc(C2CCCC2)no1,0.5544000267982483,0.8339220285415649,0.1438640200278975,2.797576,-10.419708251953123,0.1793672159314155,0,0,0,0.4666666666666667,4.145400000000003,0.849737187697843
ad74c9542b41d8b25129d87fc7d4ffdd,Cc1cc(O)c2c(c1)C(=O)c1cc(O)ccc1C2=O,0.5202999711036682,0.9976930618286132,0.2959513914856044,2.195189,11.419486045837402,0.3343308836221695,1,0,0,0.0666666666666666,2.1816199999999997,0.6444480285471403
95d0ba39d7fa8b78ebaeb07ca7910cad,CCNC(=O)CC1C(=O)N(c2ccc(OC)cc2)C(=O)N1Cc1ccc(OC)cc1,0.4122999906539917,0.4440504610538482,0.070779469541528,2.607218,-4.514542579650879,0.4225109100341797,0,1,0,0.3181818181818182,2.5674,0.674795704534322
bfc9d70108d27d838bd58cb469d89912,CCOc1cc(C)nc(NC(=S)NC(=O)c2ccc(-c3ccccc3Cl)o2)n1,0.6381000280380249,0.9728941321372986,0.4388311396945606,2.435239,-8.564979553222656,0.5936053395271301,0,1,0,0.1578947368421052,4.223920000000002,0.6014788584989785
d74ed1f3634aebdf5044cf2aa4409c7b,COCCOc1cc(C(=O)O)cc2c1nc(Cc1cc(F)c(-c3cccc(OCc4ccc(C#N)cc4F)n3)cc1F)n2CC1CCO1,0.7329999804496765,0.9499674439430236,0.2198713746937838,3.68298,1.1502524614334106,0.8060615062713623,0,1,0,0.2571428571428571,6.069380000000006,0.1499890732729445
dec715be95325aa11acc4c0ae92090b2,COc1cc2[nH]c3ccc(Nc4cccc(OC(F)(F)F)c4)cc3c(=O)c2cc1Cl,0.7700999975204468,0.9970528483390808,0.634168269959363,2.38829,-11.407503128051758,0.8781163215637207,0,1,0,0.0952380952380952,5.985500000000003,0.3874293081235145
422798ea08213f8f655438706489a929,CCOC(=O)c1c(NC(=O)COc2ncnc3ccccc23)sc(C)c1C,0.508400022983551,0.8469168543815613,0.1130097210407257,2.2561,-8.858383178710938,0.4150788754224777,0,0,0,0.2631578947368421,3.502340000000003,0.6532691198116654
7891534161bb0767c46b053ef39940c3,O=C(NOCCO)c1cc(CN2OCCCC2=O)c(F)c(F)c1Nc1ccc(I)cc1F,0.6783000230789185,0.9559378027915956,0.2494116059758446,3.263119,-9.497653007507324,0.569355434179306,0,1,0,0.3,3.1598000000000015,0.2586360461402913
74cf49a352e66ffd06fd91445746d8e9,N=C(N)c1cccc(C(=O)NC(C(=O)NCc2ccccc2)c2ccccc2)c1,0.4828999936580658,0.7685108780860901,0.2168653749606826,2.399399,-2.163116931915283,0.6579024434089661,0,1,0,0.0869565217391304,2.7581700000000016,0.3702828418064728
52b3300bc8ad8bb32e1e81b56cbd3953,Nc1ncnc2c1ncn2CC(=O)NC1CCC2(CCCCC2)CC1,0.4359999895095825,0.6045251488685608,0.1203485913574695,3.100816,-7.415959358215332,0.5373118400573731,0,0,0,0.6666666666666666,2.4177999999999997,0.8922940394271786
bd11bd93d00afcb3fdf9f1e09b10df3a,COc1ccc(N2CCN(C(=O)C3CCN(S(=O)(=O)c4ccc(C)cc4)CC3)CC2)cc1,0.4896999895572662,0.4004205465316772,0.0746114843270995,2.026741,-11.88889980316162,0.839512300491333,1,0,0,0.4583333333333333,2.753120000000001,0.6906218295325797
275c4626207488bfcbf245c940fa2adb,CC1(C(=O)O)CCC(O)C2(C)C1CC(O)C13CC(CCC12)C(CO)C3=O,0.5705999732017517,0.8999267816543579,0.1124877933074127,6.145542,10.770707130432127,0.0082492428831756,0,0,0,0.9,1.213,0.583964053481678
b2c288963e3541a1eccc5465e5c699b0,CC(C)N(CCC(=O)c1ccco1)Cc1ccccc1,0.3249000012874603,0.80655837059021,0.1266894636845046,2.07664,-12.083949089050291,0.8406076788902282,0,0,0,0.3529411764705882,3.7630000000000026,0.7188277560576233
e2d11403aac85c77fd5de73e7e4aa86b,CCC(C)(C)C(=O)N1CCCc2ccccc2C1,0.3431999981403351,0.4770752489566803,0.0785202146931128,2.090892,-8.078804969787598,0.4906206727027893,0,0,0,0.5625,3.3976000000000024,0.7817325994553092
a9a45b465e873edda7b14a0227259485,O=[N+]([O-])c1ccc(-c2noc([NH2+][O-])c2NO)cc1,0.5407000184059143,0.9639557600021362,0.0435661503583601,3.433058,3.8805007934570312,0.0813988752663135,0,1,0,0.0,0.7435999999999997,0.537729643801401
d9472513b29eabdf48a4c7cd46defdc1,CCN(CC)C(=O)C1CCCN1c1nc(O)cc(C(F)(F)F)n1,0.5920000076293945,0.6620243787765503,0.1405282442203977,3.177037,-8.020218849182129,0.1395205728709697,0,0,0,0.6428571428571429,2.0382,0.9136431527972856
ef8714ae697ffc66e5cf96dde087f01c,CC(C)c1ccc(S(=O)(=O)Nc2cc(C(=O)O)ccc2N2CCC(N3CCCCC3)CC2)cc1,0.7128000259399414,0.9279323220252992,0.1477789980444041,2.31476,-2.8868343830108643,0.5815322160720825,0,0,0,0.5,4.763700000000005,0.5875386117121908
24b239e1ff322f1a48e41e48338ad999,CCOc1cnc(C(F)=Cc2ccc(F)c(C3(C)N=C(N)C4(CF)CCC3S4(=O)=O)c2)cn1,0.6927000284194946,0.9378814697265624,0.2479569464921951,5.443997,3.889782190322876,0.8342159152030945,0,0,0,0.4090909090909091,3.353500000000002,0.6795270416357999
814ec5495d2e0d4d22eafdb310d23bb7,CC(C)(C)n1cc(NC(=O)C2COCCN2C2CCCC2)cn1,0.4063999950885772,0.3466875255107879,0.0916007550602609,3.174502,-0.7093383073806763,0.4430853903293609,0,0,0,0.7647058823529411,2.22,0.9275762286209364
0e955aabff08cff63a539a23ac39813c,CCN(Cc1ccncc1)C(=O)NCC1CCCCC1,0.276199996471405,0.2910612821578979,0.0842809037051417,2.112892,-11.418171882629396,0.429449850320816,0,0,0,0.625,3.1934000000000022,0.8966271587338052
7079c6f80d654f9b0fe54b5b92bed65d,Cn1nnnc1SCC(O)CN1C(=O)C(=NNc2ccc([N+](=O)[O-])cc2)c2ccccc21,0.6262000203132629,0.9605367183685304,0.1057693054052916,3.136541,-9.63392734527588,0.7400974154472351,1,1,0,0.2105263157894736,1.4343,0.2924147694129036
b51a7ca16417464e2cced7a8038f9e77,NC(=O)Cc1ccc(OS(=O)(=O)O)cc1,0.3260999917984009,0.6634709239006042,0.0955216928639195,1.992322,3.4335410594940186,0.0074572861893102,0,1,0,0.125,-0.1040000000000001,0.7032540751132358
7ac3f1ed7f8234021403c98b727ad0f8,O=C(O)c1cn(C2CC2)c2cc(N3CCN(CCCNc4ccc([N+](=O)[O-])c(C(F)(F)F)c4)CC3)c(F)cc2c1=O,0.8758999705314636,0.9983371496200562,0.3524380637840791,2.859462,1.8029214143753052,0.7576339244842529,0,1,1,0.4074074074074074,4.724900000000004,0.1622249277565311
9c870df940b01bd7d2d4ea9045765a4e,CCCCCC(=O)CCC1C(O)CC(=O)C1CC=CCCCC(=O)O,0.5539000034332275,0.9277182817459106,0.1153364097699523,3.660827,11.717530250549316,0.0311351224780082,0,1,0,0.75,3.6833000000000022,0.3895493042760864
42af6f41a4575fbe5f798aa7a1d446c4,COc1c(C)cc(S(=O)(=O)Nc2cccc(-c3ccc(N4CCOCC4)nn3)c2)c(C)c1C,0.5580000281333923,0.8088505864143372,0.0858665440570224,2.494852,-3.3676507472991943,0.7215914726257324,0,0,0,0.3333333333333333,3.7148600000000025,0.5893086618895934
a0c00379a4109a9625605a7034573db0,CC(C)CCn1cnc2cnc(Nc3cc(F)c(O)c(F)c3)nc21,0.573199987411499,0.9581749439239502,0.5261092456904325,2.628416,-6.353787899017334,0.6949278116226196,0,1,0,0.3125,3.599800000000002,0.697826217468146
20369296b8b0aa490f7d18023ffd6b25,CCNC(=O)c1cc2c(-c3cc(OCCCN(C)C)c(Cl)cc3Cl)nc(N)nc2s1,0.7247999906539917,0.9763073325157166,0.4510702260515906,2.682677,5.678194046020508,0.9119293212890623,0,1,0,0.35,4.327500000000003,0.4784240134303175
8666b3ae48e4902eb4cb91fffd4ad847,Cc1cccc(-c2cc(-c3cccc(C)c3)n(-c3nc(-c4ccccc4)cs3)n2)c1,0.5583999752998352,0.9898284673690796,0.3062206628647717,2.206159,-7.856170654296875,0.5977537155151367,0,0,0,0.0769230769230769,6.946640000000007,0.3227418142322579
e944408ab9e27081e0c7792bf5993cef,COc1ccccc1-c1ccc2c(=O)n(Cc3ccccc3F)ccc2c1,0.6743000149726868,0.945603609085083,0.3068457394838333,1.986053,-0.7029575109481812,0.9270529389381408,0,0,0,0.0869565217391304,4.864500000000004,0.5207719292618052
b2be3cf01593e597855129263cc8e1e0,Nc1nc2ccc(-c3ocnc3-c3ccccc3F)cc2s1,0.5735999941825867,0.9705787301063538,0.1830826151100072,2.481495,2.6028358936309814,0.5772175550460815,0,0,0,0.0,4.339600000000002,0.5978385096606913
c00148f09285ed4a95c7b7f80a68bbb0,O=C1C(=O)N(c2ccccc2)C(=S)N1CCNc1ccnc2cc(Cl)ccc12,0.6704000234603882,0.8761069774627686,0.2627591334960677,2.386064,4.363321781158447,0.6299236178398132,0,1,0,0.1,3.4604000000000017,0.5151306565685261
48cedae582aafa3b4460e29e3d945b02,NC(=O)c1cc(-c2ccccc2)cc(-c2ccc(S(N)(=O)=O)cc2)c1N,0.5985999703407288,0.9431253671646118,0.3165571391582489,2.088008,-5.093119144439697,0.4106681734323502,0,1,0,0.0,2.3491,0.6111036495493257
5b3c6ceb3833ab22ff30d222bc97dda5,CN1C(=O)NC2(O)c3ccccc3C(=O)C12O,0.430400013923645,0.8728771209716797,0.0682423845441504,3.768268,2.8692595958709717,0.010677737975493,0,0,0,0.2727272727272727,-0.6283999999999998,0.5573033761668253
e40b35f9477b51e5776df179b4f19521,CC=CC(=O)C1=CC(=C2C=CCCN2)SCC(NC(C)=O)C(=O)O1,0.5005999803543091,0.8448759913444519,0.1725839322263544,4.338705,8.122347831726074,0.050541397370398,0,1,0,0.3529411764705882,1.5713,0.5949041258753156
3e373cd38d7146273ac380462cffa8ee,NC(=O)c1c(Nc2ccc(N3CCNCC3)c(C(F)(F)F)c2)nc(Cc2c(Cl)cccc2Cl)c2nc[nH]c12,0.7786999940872192,0.99689382314682,0.744985737583854,3.121032,-1.0800014734268188,0.977636694908142,1,0,0,0.24,5.126400000000003,0.2586667026381179
6c7ea7073d9a19af1ac8f002c5059800,CCOc1ncc2cc(-c3ccc4nn5c(c4c3)CN(C)CC5)c(=O)n(-c3ccc(OC(F)F)cc3)c2n1,0.6554999947547913,0.9188635945320128,0.4088729159398512,3.141125,-3.871352434158325,0.9170533061027528,0,0,0,0.2592592592592592,4.242900000000003,0.3323086989152176
e15092001c821645f45f56426fb09c55,Cc1ncc(-c2nc(Nc3ccc(C(N)=O)cc3)ncc2F)n1C(C)C,0.5864999890327454,0.8461944460868835,0.3894717361439358,2.529556,-5.137882232666016,0.5401737093925476,0,0,0,0.2222222222222222,3.211020000000002,0.732890713959955
f1847f3ac57ca142af2e9764ab69984b,CN1C(=O)C(c2cc(Br)ccc2O)Sc2ccc(C(F)(F)F)cc21,0.7419999837875366,0.9931228160858154,0.2896892143921418,3.072337,-8.967306137084961,0.7302371859550476,0,0,0,0.1875,4.9833000000000025,0.7102536622900637
1373871ebca5ec1ef88d8a46673ac696,NC(CCC(=O)NC1=CC(=O)C(=O)C=C1)C(=O)O,0.4528999924659729,0.9436172246932985,0.3265608284961093,2.985024,10.190948486328123,0.0121173236984759,1,1,0,0.2727272727272727,-1.1134000000000004,0.420213726597089
c10e5833a2f254358a953c1eeb216557,CCCCNC(=O)C(CC)Sc1nc2ccccc2c(=O)n1CCc1ccc(OC)c(OC)c1,0.4760999977588653,0.7344128489494324,0.1572757613929835,2.744011,-7.035439968109131,0.897180151939392,0,1,0,0.4230769230769231,4.443400000000004,0.2329457105608179
5bdd404ec6664d0c996cb0212d73f045,CN(C)c1ccc(C(=C2C=CC(=[N+](C)C)C=C2)c2c(O)c(S(=O)(=O)[O-])cc3cc(S(=O)(=O)O)ccc23)cc1,0.7026000022888184,0.9934557676315308,0.2732998078519648,3.517916,10.555838584899902,0.6990914702415466,1,1,0,0.1481481481481481,3.403200000000002,0.3615775355316394
b9e4bab5ff6e7eac80597439a51b9d86,CCOC(=O)N1CCCC(N2CCC(n3cccn3)CC2)CC1,0.4602000117301941,0.4075231552124023,0.0979260207915848,2.836706,-9.5038423538208,0.7267927289009094,0,0,0,0.7647058823529411,2.5310000000000006,0.8586056662088637
22ea4c329b7663c00a0e4df5660c15b1,CCCN(Cc1ccc(F)cc1C(F)(F)F)C1CCNCC1,0.5712000131607056,0.8097829222679138,0.3326236876574429,2.449469,-10.50489902496338,0.9803032159805298,0,0,0,0.625,3.808500000000002,0.8306839918825925
397ba4389718b31d216f63efc5e5fe4e,O=S(=O)(Cc1cc(-c2ccccc2)no1)CC1CCCO1,0.4189000129699707,0.6144009232521057,0.0973370440134948,2.839764,-9.35083293914795,0.1945317700505256,0,0,0,0.4,2.4354000000000005,0.8482782584386463
28548f801e3b41a13347e2368f791d8c,CCC(=O)N1CCC(NC(=O)NC2CCCCC2)CC1,0.3547999858856201,0.2705106139183044,0.0487131501801989,2.042724,-10.085227012634276,0.1078943960368633,0,0,0,0.8666666666666667,2.019299999999999,0.8311188107218507
70648a8ff05cf3315fe8ac72386900e0,COc1ccc(-c2cc3ccc(C)cc3c(=O)[nH]2)c(CO)c1,0.4864000082015991,0.8992511630058289,0.2308163466778668,2.224034,-1.1914469003677368,0.7213206648826599,0,0,0,0.1666666666666666,3.0044200000000005,0.7805145791610205
598a29d6a6c2d071caf39d8eed12cf96,O=C1CN(C(=O)CN2CCCC2c2ccc3c(c2)OCCCO3)c2ccccc2N1,0.5511000156402588,0.4689295291900635,0.122820262204517,2.944202,-10.288762092590332,0.8275777101516724,0,0,0,0.391304347826087,2.9701000000000004,0.8471392223846728
4cf251788bb8106c3506c360eb4cd179,O=c1ccc(=NNc2ccccc2)c(=O)c1=NNc1ccccc1,0.4735000133514404,0.9618211388587952,0.300156986171549,2.448142,1.1864981651306152,0.733315932750702,1,1,0,0.0,1.1382,0.7067346859058603
15cfbd066fd1420d88b45d1a3f990006,CC(=O)NCC1CN(c2cc(F)c(N3CC4C(C3)C4C(=O)Nc3nccs3)c(F)c2)C(=O)O1,0.8019999861717224,0.8779879808425903,0.1287223943932489,3.870868,1.0441275835037231,0.4446713864803314,1,0,0,0.4285714285714285,2.2035,0.661364586405834
c7d4c14ccb6bcc3aa25f12fc1a9bd5c3,O=C(NCc1cccc(-c2cccc(-c3cc4c[nH]ccc-4n3)c2O)c1)C(CO)c1ccccc1,0.718999981880188,0.9888662695884703,0.257107219912789,3.162957,-0.1443056762218475,0.9001136183738708,0,0,0,0.1034482758620689,4.946400000000005,0.2745981755504033
de76fc6bee1b1b26217efa5e1f17c7c1,CC(=O)c1ccsc1-c1c(C)cc2oc(=O)cc(-c3ccccc3)c2c1C,0.6572999954223633,0.9772064685821532,0.1833195540715347,2.597215,1.4285039901733398,0.3887580335140228,0,1,0,0.1304347826086956,6.007940000000005,0.3258998363255347
a21b0a2319c64f5986e3edbb13680e88,COc1cccc(NC(=O)N2CCC3(CC2)OCCO3)c1,0.2773000001907348,0.3620089888572693,0.0407850915904749,2.625866,-8.782645225524902,0.2330370463430881,0,0,0,0.5333333333333333,2.066,0.9062104842010144
da30399da04223c60a93aa46c817debd,CCCCNP(=O)(N1CC1(C)C)N1CC1(C)C,0.4419000148773193,0.7193533182144165,0.1881281320344318,4.17052,8.61770248413086,0.5784835398197175,0,1,0,1.0,2.672600000000001,0.4517028028295602
108411b510bfc984ac0697305115fdb1,COc1c2ccoc2cc2oc(-c3cccnc3)c(CN(C)C)c(=O)c12,0.5069000124931335,0.8779743313789368,0.239021053368395,2.793534,1.3429031372070312,0.9163843512535096,0,0,0,0.2,3.671400000000003,0.5592778438497292
deacfc79db89213d4f8e906bdacaa597,CCCN(CC(=O)Nc1ccc(Cl)cc1Cl)C(=O)c1ccc(O)nc1,0.640999972820282,0.7737725973129272,0.1965762363238768,2.322885,-11.687851905822754,0.3908276617527008,0,0,0,0.2352941176470588,3.584900000000002,0.8001623683084744
21541e6022a36c661e678ea554d96685,COC(=O)C1=C(C)N(C)C(=O)NC1c1ccc(C)cc1,0.3233000040054321,0.6864537596702576,0.1241962110454386,2.565039,-7.170585632324219,0.048077355697751,0,0,0,0.3333333333333333,2.13812,0.840515785489901
4da5eb0a5a07ce66425f77823fbd1e14,Cn1cnc(-c2cc(Cl)c(F)c(C(=O)NNS(=O)(=O)c3cccc(OCc4ccccc4)c3F)c2)c1,0.6506999731063843,0.9731073975563048,0.2729502658952366,2.770281,4.870509147644043,0.8488591194152832,0,1,0,0.0833333333333333,4.221000000000003,0.3307945731086867
1d78fac81900d54d657795a737f8b799,O=C1OC(=CCn2cc(-c3ccco3)c(=O)[nH]c2=O)C(O)=C1O,0.5867000222206116,0.866442084312439,0.2380554764108224,3.284049,-10.119759559631348,0.0592578511685133,0,0,0,0.0714285714285714,0.5649,0.7037598465847411
2a6c3dedbad368ae2b05a72fb0e098c1,COc1ncc(-c2ccc3ncn(CCCn4ccccc4=O)c(=O)c3c2)cc1NS(=O)(=O)c1ccc(F)cc1F,0.6585999727249146,0.8353498578071594,0.1445376310836185,2.821077,-10.1939058303833,0.913593292236328,0,0,0,0.1428571428571428,3.7981000000000025,0.2816717182493577
d3997a6e19bc64691d941195ca012c81,Clc1ccc2nc(C=Cc3ccncc3)cc(NCCN3CCCC3)c2c1,0.6604999899864197,0.9855005145072936,0.6605567715384744,2.4448,-7.061918258666992,0.95861496925354,0,0,0,0.2727272727272727,4.961300000000005,0.657660525750319
96971b1a34b51959cca414ca2598037b,CCOc1ccc(S(=O)(=O)N2CN(c3cccc(C(C)=O)c3)c3nc4ccccc4nc32)cc1,0.5782999992370605,0.9075018167495728,0.1653658273545178,2.501423,-7.866909980773926,0.7247297406196594,0,0,0,0.16,4.535600000000004,0.3789965164666454
d9124d223a7a31685772e1283dca7bf6,CCc1nnc2sc(-c3cccc(NC(=O)c4ccc(C)c([N+](=O)[O-])c4)c3)nn12,0.4896999895572662,0.9279015064239502,0.1773951683532107,2.388082,-11.262834548950195,0.52787464261055,0,1,0,0.1578947368421052,3.884120000000003,0.39566992716567
e3921b80102b7e510a41929167243c04,CC(C)OCCCNC(=O)c1csc(Nc2ccc(Cl)c(Cl)c2)n1,0.6079999804496765,0.9422996044158936,0.2977117272940549,2.224575,-9.215755462646484,0.6744295477867126,0,1,0,0.375,4.738400000000004,0.6416138488235658
6501f8f294d5e59db6e0efc2364741d4,CCOc1ccc(S(=O)(=O)NCCCn2ccnc2)cc1,0.3472999930381775,0.535971462726593,0.0601935771039941,2.022069,-10.14292049407959,0.3957510530948639,0,1,0,0.3571428571428571,1.6504,0.752569290533435
ef7056c2560e4d04f7df97e001cbf526,c1cncc(-c2ccc3ncnc(NC4CCNCC4)c3c2)c1,0.4512999951839447,0.88672935962677,0.296299853108146,2.31452,-0.2105647623538971,0.7102896094322204,0,0,0,0.2777777777777778,2.855700000000001,0.7788651212584643
884aae011805fa6d652c18c275fec787,Cc1nc(N=Nc2ccc(S(=O)(=O)Nc3ccccn3)cc2)c(CO)c(C)c1O,0.6212000250816345,0.965450882911682,0.0802864594893022,2.880549,-1.4911948442459106,0.286358767747879,1,1,0,0.1578947368421052,3.507540000000002,0.5289126151215289
f9045b3af31982ff972880a85445a164,CC(c1cc2ccccc2s1)N(O)C(=N)S,0.439300000667572,0.9618075489997864,0.115056623281403,3.44135,-6.708626747131348,0.3037825793027878,0,1,0,0.1818181818181818,3.518070000000001,0.3313314310238264
945828d29b73d846c0358f370cd1a326,CCOc1ccccc1C(=O)N1CC(c2nc(C(C)(C)O)c(C)o2)CCC1C,0.4363999962806701,0.5272900462150574,0.0653824878179214,3.410173,5.246192932128906,0.5801637530326843,0,0,0,0.5454545454545454,4.017420000000003,0.8399602923965045
40d869e8a799dbfeb464e9b8f7e40da6,CC(C)C(=O)Nc1cncc(-c2ccc3[nH]nc(-c4nc5c(-c6ccccc6F)ccnc5[nH]4)c3c2)c1,0.6632000207901001,0.970895290374756,0.4579242494973269,2.875876,7.802418708801269,0.9699695348739624,0,0,0,0.1071428571428571,5.9638000000000035,0.2752944648821411
fb307a477381b56f043bf52290e9d2dd,Fc1ccc(Nc2ccnc3ccc(Cl)cc23)cc1,0.5626000165939331,0.9909483790397644,0.2882040982896631,1.78079,-12.402471542358398,0.4317349076271057,0,0,0,0.0,4.770900000000002,0.7266796726835538
3119e65d0ea63ae00bcb82d3540162c9,Cc1ccc(SCCSc2ncccn2)cc1,0.3802999854087829,0.8605743050575256,0.1037310002879663,2.152506,-10.483830451965332,0.2714230388402939,0,1,0,0.2307692307692307,3.6694200000000023,0.466315465902769
cb26507a6f8156f0f2041575fa2c2fe5,COc1ccc2cc(O)c(C(=O)NN=Cc3ccc(-c4cc(C(F)(F)F)nn4C)s3)cc2c1,0.7429999709129333,0.9895232319831848,0.3874305405400016,2.798495,-9.721979141235352,0.8271525740623474,0,1,0,0.1363636363636363,4.798700000000002,0.3213558567352166
7b7cc4622fc18e2e500619d2f935c7a0,O=C(O)c1ccc(NC(S)=Nc2ccccc2)cc1O,0.5,0.9786593317985536,0.0632201237604022,2.384287,-7.969643592834473,0.0783596411347389,0,1,0,0.0,3.1198,0.3971824890509363
bb52ed8f58d146c04fd0550de5856f11,COc1ccc2nc(C=Cc3cccc(F)c3)sc2c1,0.5597000122070312,0.9761474132537842,0.2510356964035468,2.125736,-10.046351432800291,0.4635108709335327,0,0,0,0.0625,4.6144000000000025,0.7005261461320831
5a1c477e0c47070c07964c2939ad9210,COC(=O)c1cccnc1N=C(S)NC(C)C,0.3533999919891357,0.6826298236846924,0.0966460212049159,2.944187,-3.3314130306243896,0.0370072418823838,0,1,0,0.3636363636363636,1.7835,0.37290886181793
57939469068d7ad816dde9401ca1514c,Cc1cccc(-c2[nH]c(CNc3cccc(C(N)=O)c3)nc2-c2ccc3c(c2)OCO3)n1,0.5273000001907349,0.9485034346580504,0.2516558007760481,2.548243,-6.155540466308594,0.9455909013748168,0,0,0,0.125,3.886820000000002,0.4300518591620573
6679c2b45515aecf3b084428accfd450,O=C(O)Cc1cnc(C(=O)c2ccc(C(=O)NCCc3ccc(Cl)c(Cl)c3)cc2)c2ccccc12,0.7437999844551086,0.9923517107963562,0.1515349640764973,2.30682,-5.746262073516846,0.3206321030855178,0,0,0,0.1111111111111111,5.372200000000004,0.3127563397321101
2b6306e05ba1e8ef6278a51d2fabfed3,O=C(O)CCc1nc2cc(Cl)ccc2s1,0.4582000076770782,0.9521409273147584,0.1124462962827899,2.040654,-9.541327476501465,0.0037929410580545,0,0,0,0.2,2.9669000000000016,0.8989191414037027
f81a5e1020331af3c27d8537d0b93bcc,CCOC(=O)c1cccc(NS(=O)(=O)c2cc(-c3noc(C(=O)N4CCCC4)n3)sc2C)c1,0.617900013923645,0.7002629637718201,0.0394541213119571,2.582986,-7.24416446685791,0.5866125822067261,0,0,0,0.3333333333333333,3.320020000000002,0.4990365936839561
a28c01f4c30e5b93a0d2b6a3d573ee7e,Cc1cn(C2CC(N=[N+]=[N-])C(COP(=O)(CCl)N(C)C)O2)c(=O)[nH]c1=O,0.5990999937057495,0.733266294002533,0.2422371100295673,4.603785,8.938802719116211,0.2337592244148254,1,1,0,0.6923076923076923,1.7790199999999996,0.2402052855292891
bf5f2136d2c551361337ad3c6796772f,Cc1cc(OCCCNc2nc(NCCc3ccc(O)cc3)nc(N3CCNCC3)n2)c(Cl)c(C)c1Cl,0.7057999968528748,0.9861111640930176,0.5484384515068748,2.819116,-2.3064215183258057,0.937128973007202,0,1,0,0.4230769230769231,4.4460400000000035,0.2597171548957739
75fafdd9d0ce52aa3a6976c3d401c2a2,N#Cc1cccc(Nc2nc3nonc3nc2Nc2cccc(C#N)c2)c1,0.5842000246047974,0.9829843044281006,0.2392597080166028,2.672408,-6.830920696258545,0.8933367729187012,0,0,0,0.0,3.24336,0.5654198234883502
1f5fbed52b4b30ec419e2f480e7de08e,CCOP(=O)(OCC)C(NC(=O)c1ccccc1F)c1ccccc1F,0.3718000054359436,0.7436087131500244,0.2066561688076366,2.845448,-9.90267848968506,0.7781977891921997,0,1,0,0.2777777777777778,4.659500000000003,0.6736998979426396
4dc1fc98030b27ccaad8b721c363c6ec,COc1cc(C)sc1C(=O)N1CCC(Nc2cccnc2)CC1,0.4090999960899353,0.2321561574935913,0.0792215617204254,2.35231,-9.243413925170898,0.6110443890094757,0,0,0,0.4117647058823529,3.176820000000001,0.934778007785808
e3bf8f8ee7fe56c3a2ba22f14335d3dd,CCc1ccc(NC(=O)CN(C)C(=O)c2ccco2)cc1,0.290800005197525,0.2513331174850464,0.0778124670244076,1.875159,-9.916400909423828,0.2623804301023483,0,0,0,0.25,2.5527000000000006,0.9184370309501316
1cca81e0f25f25ec92703b7efcccf2e8,COc1ccsc1S(=O)(=O)N1CCC(n2ccnc2)CC1,0.4302999973297119,0.4015137851238251,0.058126223061911,2.75604,-9.091378211975098,0.5247432231903076,0,0,0,0.4615384615384615,1.979,0.8611839864485734
010caa8a6daf909b0aca88cc2d45c58b,CCc1cnc(N2CCC(C3Cc4cc(C5CCN(S(C)(=O)=O)CC5)ncc4O3)CC2)nc1,0.6525999903678894,0.7370387315750122,0.0922286949035796,3.446041,-9.007071495056152,0.7891212105751038,0,0,0,0.625,2.7931000000000017,0.6624707577026331
5523934c5684bcf2454146d2394e7c2d,O=C(Nc1ccc(OC(F)(F)F)cc1)NC1CCN(C(=O)C2(C(F)(F)F)CC2)CC1,0.6277999877929688,0.8340911865234375,0.2288173328746449,2.553113,-7.235866069793701,0.6565682888031006,0,0,0,0.5555555555555556,4.040200000000003,0.6961863467972833
66917df4395d14623ef8db5e16b5d73a,CC1=CC2C(O)C(=O)C3CCCN4CCCC2C34C1,0.531499981880188,0.762872040271759,0.1736935570158741,5.730091,10.014540672302246,0.3846739053726196,0,1,0,0.8125,1.757,0.6754865732093152
b8bc8b910b59e85b8c2485493a353847,CCc1cc(N2CC3NC(=O)CN(C)Cc4ccc(OC)c(c4)Oc4cccc(c4)COC3C2)nc(N(C)C)n1,0.6772000193595886,0.8077464699745178,0.2332260432568463,5.647218,-3.4691076278686523,0.9091435313224792,0,0,0,0.4333333333333333,3.241500000000001,0.5295192400177879
1ddeeadbb93d0282e3cb66ffe19b300a,Cc1noc2c1C(=O)c1sc(C(=O)NCCN3CCOCC3)cc1C2=O,0.59579998254776,0.7061808705329895,0.1382966804191131,2.852949,-5.728797435760498,0.6098447918891907,1,0,0,0.4117647058823529,0.88192,0.7221928562071558
7ecc92e0fcb6ac47fcf2433849b4e074,CCNC(C)C1CCN(c2c(F)cc3c(=O)c(C(=O)O)cn(C4CC4)c3c2OC)C1,0.9293000102043152,0.9989752769470216,0.1979323540898886,3.461507,-4.696084976196289,0.2291127234697342,0,0,1,0.5454545454545454,3.0066000000000015,0.7206559356420814
d1c09bb2c3eddd0e8f7a8ac11b2cb3ab,CC(NC(=O)c1cccc(-c2n[nH]c3ccc(-c4ncn[nH]4)cc23)c1)c1ccccc1,0.5598000288009644,0.9488289952278136,0.2340478165583177,2.826123,-9.477174758911133,0.8794885277748108,0,0,0,0.0833333333333333,4.506000000000003,0.3984550211382043
0f175a9b9e0fb8db1a0e027a85bb2765,CC1CN(Cc2cccc(-c3cc(CNC(=O)c4cccc(CC5CCNCC5)c4)ccc3F)c2)CCN1,0.7152000069618225,0.966706931591034,0.3472433334047144,3.028819,5.88425350189209,0.9868720293045044,0,0,0,0.40625,4.758500000000003,0.4058813860971985
9fce0903a789fe16d61fa659e19545bd,N#Cc1ccnc(Oc2ccc3ccccc3c2)c1,0.4580999910831451,0.96832937002182,0.1041272714607079,1.983842,-9.260729789733888,0.4288345277309418,0,0,0,0.0,3.898780000000002,0.6884944283770493
575c071bb19579b5809399e8018ef238,N#Cc1ccc(C(=O)Nc2ccc3c(c2)-c2c(c(C(N)=O)nn2-c2ccc4c(c2)OCO4)CC3)cc1,0.5662999749183655,0.9069239497184752,0.3080849782987074,2.610547,-4.187899589538574,0.9198090434074402,0,0,0,0.1111111111111111,3.589480000000002,0.4616549272069499
a6db37c596f0b7cc2cd17f7a2f1849eb,CNc1c(Cl)ncc(-c2ccnc(Nc3ccnc(C)n3)c2)c1C,0.5781000256538391,0.9404067993164062,0.3600102906877344,2.767852,-1.2454806566238403,0.4501459896564483,0,1,0,0.1764705882352941,3.9891400000000017,0.6993230172132346
9be182c3459ab576af46d0589b525b54,COC(=O)c1ccc(Nc2nccc(Oc3ccc(NC(=O)C4(C(=O)Nc5ccc(F)cc5)CC4)cc3)n2)c(OC)c1,0.6075000166893005,0.925212264060974,0.4703723950819535,2.634893,3.74761700630188,0.8284555673599243,0,1,0,0.1666666666666666,5.3042000000000025,0.1707045438680939
7516501bfe0709c768b44b9fe0c8625d,Cc1ccnc(C(=O)c2[nH]c3cc(Cl)c(F)cc3c2CC(=O)O)c1,0.6577000021934509,0.9676015377044678,0.2171602194959467,2.5591,-2.68406343460083,0.0392618238925933,1,0,0,0.1176470588235294,3.5219200000000015,0.7079076135168819
b0748ded43ee0a953d0ee8cff4b2a819,O=C(Nc1ccc(F)c(F)c1)c1cc([N+](=O)[O-])c(F)cc1Cl,0.6991999745368958,0.9946566224098206,0.3759769065813584,2.026223,-12.062411308288574,0.3794313490390777,0,1,0,0.0,3.9178000000000015,0.6845451291640533
b59012bdee2b08bc62a18e079364b1dc,CNC(=O)c1cccc(-n2cc(-c3ccc(F)cc3)c(C)cc2=O)c1,0.4769999980926513,0.7932536602020264,0.1777473843910477,2.134334,-5.116649627685547,0.5838093042373658,0,0,0,0.1,3.3116200000000022,0.7976633652957172
551a78c1593f303f68171af3083c5ef2,O=[N+]([O-])C1=Cc2cc(C#Cc3ccc(C(F)(F)F)cc3)ccc2OC1C(F)(F)F,0.7289999723434448,0.9962319135665894,0.5743523836135864,3.43823,-10.646634101867676,0.8578132152557373,0,1,0,0.1578947368421052,5.046100000000002,0.2847605155409022
6d75dff3021718050b0dafb9be72fff6,Cc1c(O)c(C(=O)O)c(O)c2c1C(C)C(C)OC2c1c(O)cc2c(c1O)C(=O)c1c(O)cc(CO)cc1C2=O,0.784600019454956,0.9978389143943788,0.2545952563258735,4.397936,11.54174518585205,0.3270440399646759,1,0,0,0.25,3.100520000000003,0.2027016486731425
2468c917f9c6d1923bb44baffb787acc,CN(Cc1ncon1)C(=O)c1cc(Cl)cn1C,0.3174999952316284,0.4892371594905853,0.0599232081916521,2.933061,-11.042033195495604,0.0111778718419373,0,0,0,0.3,1.3337,0.8290414734976606
abe98b84b89068c349fa92ff77d96178,Cc1nn(-c2cccc(Cl)c2)c(Cl)c1C=NNC(=O)c1cccs1,0.5325000286102295,0.9395681023597716,0.1948054961182854,2.349928,-8.192961692810059,0.3966769039630889,0,1,0,0.0625,4.312920000000003,0.542443708703194
78323e9bc7def86edf1d83b0a2d9034b,NCC1(F)CCC(SCc2nc3cc(OCC4CCC4)cc(F)c3c(=O)[nH]2)CC1,0.6459000110626221,0.945699155330658,0.3294285258108919,3.329649,-4.888582229614258,0.8764843821525574,0,0,0,0.6190476190476191,4.083900000000003,0.7012736621859572
5070225b36033965e496f875965a1c74,CNC(=O)c1n[nH]c2c1COc1ccccc1-2,0.3731000125408172,0.7616627216339111,0.077269091524861,2.487588,-10.92990493774414,0.2538155943155288,0,0,0,0.1666666666666666,1.3287000000000002,0.7747692665720362
6620450ea0779f7ee2aaf3ab76c18c9e,C#CCCCOC(=O)C1=C(c2ccccc2)NC(N)=NC1c1ccc(C2(C(F)(F)F)N=N2)cc1,0.7174999713897705,0.9901590943336488,0.3943355693058534,3.6298,-3.2786953449249268,0.8327507257461548,0,1,0,0.25,4.194400000000003,0.3621494702887414
c0f9fe795346832aee721534a488a461,O=[N+]([O-])c1cc2c3c(ccc([N+](=O)[O-])c3c1)-c1ccccc1-2,0.6486999988555908,0.9922267198562622,0.3896157782186161,2.2629,9.50361156463623,0.4179764002561569,0,1,0,0.0,4.303600000000002,0.4067617049069634
0373752916e8b8533afac7690bc9d07e,CN1CCCC12CCCCC2NC(=O)c1ccc(F)cc1,0.377700001001358,0.4032834470272064,0.1788776469501582,3.565391,-8.664373397827148,0.8303338408470153,0,0,0,0.5882352941176471,2.9625000000000012,0.9079605973740966
add0d7a484840dd8d4ffef22760d86bd,CC(C)(C)C(=O)Nc1ccccc1C(=O)Nc1cc(Cl)ccc1Cl,0.5759999752044678,0.9589667916297911,0.2555272430181503,1.837425,-11.11238956451416,0.6774966955184937,0,0,0,0.2222222222222222,5.230300000000003,0.7824893873858695
ac373c2894ce5d1784c334443ad51bc2,CC(NC1=NC(=O)C2(CCN(Cc3ccccc3)CC2)O1)c1ccccc1,0.4232999980449676,0.6693838834762573,0.2868369641629132,3.435532,-5.526427268981934,0.9468947768211364,0,0,0,0.3636363636363636,3.2848000000000015,0.9057099296395013
e92ad45f39873397e9600994c4a5b1c5,COc1ccc(CNC(=O)c2cnn(-c3ccc(C)cc3)c2C2CCN(C(=O)OC(C)(C)C)CC2)cc1,0.5117999911308289,0.8574059009552002,0.1705428219654343,2.37831,-9.024539947509766,0.8516700267791748,0,0,0,0.4137931034482758,5.233820000000005,0.4966196086987753
a79039f6641e0a6a9083a4bfed23c252,O=C(Nc1ccc(F)cc1)c1cncc(N2CC3CC(C2)N3)c1,0.6223000288009644,0.714249849319458,0.358847825364633,3.750446,-1.9698158502578735,0.8165841341018677,0,0,0,0.2941176470588235,2.0235,0.9103167483596458
a00bb4a1edb9a9004b90aba20de89594,CC(C)(C)C(NS(C)(=O)=O)C(=O)NC1C2CCCOC2C1(C)C,0.5594000220298767,0.675577700138092,0.1493414254351095,4.097069,3.006737470626831,0.1728200672194361,0,0,0,0.9375,1.2701000000000002,0.8027653014485627
0a43769ffa47f5fc9053058e6954adff,CC1(C)C2CCC1(C)C(O)C2NC(=O)C(O)c1ccccc1,0.5284000039100647,0.8903306722640991,0.1647659993984482,4.401375,8.29456615447998,0.1584341630339622,0,0,0,0.6111111111111112,2.0218000000000003,0.7999473512269505
7889b132bf5f8cb1acd9a7f5fd06df20,Cc1cc(CO)c2cccc(CC(=O)N3CC4(CCCOC4)C3)c2n1,0.4487999975681305,0.5258443355560303,0.0512106645513664,3.222239,-8.902877807617188,0.5796881735324859,0,0,0,0.5,2.21702,0.9305377811230452
a9cd5046a700def39685a51e99a53f36,CCN(C)c1cncc(C(=O)NC2Cc3ccccc3C2)n1,0.3864000141620636,0.5233116745948792,0.1065754053944891,2.479172,-3.480477094650269,0.6843351006507874,0,0,0,0.3529411764705882,1.8298999999999996,0.9349325250845368
9855a27584b5848ae323414e82fd5949,CCCCCCCCC=C1C=C(C(F)(F)F)c2cc(OC)c(OC)cc21,0.6173999905586243,0.9825243353843688,0.580444950949062,2.787297,0.1174253523349762,0.8913186907768249,0,1,0,0.5238095238095238,6.797100000000007,0.4464302491260802
9d085288bd9414d54ab07ca02cf1767c,CCc1nn(-c2ccccc2)c2c1CN(C(=O)NCCC(C)C)C(c1ccc(C)cc1)c1cccn1-2,0.5839999914169312,0.9045791625976562,0.2562046430327676,3.146249,-9.165968894958496,0.9017218232154848,0,0,0,0.3333333333333333,6.194520000000006,0.356739147569346
763954ee1a482197fdb9715df6444afb,C=C(C)CNC(=O)Nc1ccc(NC(=O)C(C)C)cc1,0.2840999960899353,0.5448481440544128,0.0717353561723774,1.941075,-6.8618879318237305,0.2753921180963516,0,1,0,0.3333333333333333,2.978700000000001,0.7229294676031053
101602f01ee1566faa151985575a1e9b,CCCCCNC1=NCCN1OCc1ccccc1C,0.3754000067710876,0.7918915152549744,0.1392807601527734,2.611062,-9.419730186462402,0.8199782848358155,0,1,0,0.5625,2.878020000000001,0.7774387691178367
5e2a253af1cbd55b6863e072eeaf39b1,O=[N+]([O-])C1=Cc2ccccc2OC1n1cccn1,0.4410000145435333,0.9599237442016602,0.2410581315105611,3.412801,-4.358280658721924,0.1765630856156349,0,1,0,0.0833333333333333,2.0919,0.5977755750094248
9cb1ac9f56829ecba3a418d92cb05f4a,O=C(Nc1ccc(Cl)cc1Cl)c1cc(S(=O)(=O)NCc2ccc3c(c2)OCO3)ccc1F,0.671999990940094,0.9777312874794006,0.2690586583180861,2.217853,-11.313796043395996,0.8924087285995483,0,0,0,0.0952380952380952,4.592000000000001,0.5198369807723084
c40992062e3d4d4c5a8e6336d7137ca4,COc1cc(N2CCC(C(Cn3nc(C(F)(F)F)cc3C)NC(=O)CO)CC2)ccc1Cl,0.7178999781608582,0.9177285432815552,0.3407866277477958,3.243598,2.328237771987915,0.7909732580184936,0,0,0,0.5238095238095238,3.266020000000002,0.6436367878824125
c3a91fc8f046e229a924ca4fc2a81d81,O=C(NCCN1CCOCC1)c1ccc2nn(CCOc3ccc(Cl)cc3)cc2c1,0.4352000057697296,0.5775805711746216,0.1493741781874136,2.299145,-6.979914665222168,0.8701267838478088,0,0,0,0.3636363636363636,2.830700000000002,0.597165296380699
53bc18a294a4d9671abcfd86a83052a3,Oc1ccc2c(c1)CCC(NCc1ccccc1)C2,0.4469000101089477,0.9484741687774658,0.3035247840664603,2.332426,-4.33254861831665,0.843705952167511,0,0,0,0.2941176470588235,3.0393000000000017,0.8809030722526155
c54cc2e5743fc8f45698fef761f49b60,O=C(c1ccc(Cl)cc1)c1c(C(F)(F)F)[nH]n(-c2ccccc2)c1=O,0.6996999979019165,0.9912537932395936,0.364010446450927,2.335924,-10.887606620788574,0.4209691107273102,0,0,0,0.0588235294117647,4.068800000000002,0.7103714119315849
a9f6527b4bb9f9cee4972854635c08d2,COc1cc(Cl)cc(C=O)c1OCC(=O)O,0.4596000015735626,0.8927755355834961,0.0794580285014076,2.138585,-5.262798309326172,0.0019002434273716,0,1,0,0.2,1.6244999999999998,0.7971583171379032
73cbfe961b0563c5bff8673ad0228a79,O=C(C=Cc1cccc(Cl)c1)c1ccccc1O,0.5139999985694885,0.9967889189720154,0.4843055660074407,1.844677,2.224862575531006,0.1721795037388801,0,1,0,0.0,3.941700000000002,0.6687506373603511
2fa09e0606c4b1d34ffff40f42d84d99,COc1ccc(-c2c(Nc3ccccn3)[nH]c3c(N4CCCCC4)c(-c4ccccc4)nn3c2=O)cc1,0.6172000169754028,0.97039532661438,0.5059120898896997,2.879128,-6.048813819885254,0.9477150917053224,0,0,0,0.2068965517241379,5.494100000000005,0.3257602179892346
2f9ee38866e290be929867ee945928b0,O=C(O)CC1(C(=O)NCc2ncc(-c3ccccc3)s2)Cc2ccccc2C1,0.5388000011444092,0.8477145433425903,0.1849408393556421,2.616797,-4.88621187210083,0.137704487144947,0,0,0,0.2272727272727272,3.686200000000002,0.6705954086807548
53f623a9b58a81cd5fd0dac6bf1edad0,CCOC(=O)c1c(NC(=O)C[n+]2ccc(N(C)C)cc2)sc(C)c1C,0.5170000195503235,0.8250383734703064,0.0950591191649437,2.591608,-9.244736671447754,0.530053687095642,0,1,0,0.3888888888888889,2.5338400000000005,0.6335963206904377
24ab83eeed99d3e43417ee673c8ac610,Cc1c(C(=O)N2CCN(C(=O)CCc3nc4ccccc4c(=O)[nH]3)CC2)oc2ccccc12,0.4070000052452087,0.4794189929962158,0.0769211388277736,2.417895,-7.588419914245605,0.8255430459976196,0,0,0,0.28,2.894920000000001,0.521816900443184
9575fc88c6aa6d1b883180d69e62a644,COC1C(OC(=O)c2ccc(C)[nH]2)C(O)C(Oc2ccc3c(O)c(NC(=O)C=Cc4ccc(O)c(Cl)c4)c(=O)oc3c2Cl)OC1(C)C,0.7979999780654907,0.998544454574585,0.4637683765454726,4.592171,7.214753150939941,0.8139718055725098,0,1,1,0.28125,4.914620000000004,0.0959963230089477
6f3c257fdb4b225009f0745f77bec5cb,Cc1cc(C#N)sc1-c1ccc2c(c1)C(C)CC(C)(C)N2,0.5730000138282776,0.9739582538604736,0.1280955130403692,3.522925,1.0533316135406494,0.7663121461868286,0,0,0,0.3888888888888889,5.292900000000004,0.7754713694258434
71fb338335e5041a788c43db086f60f5,COC1CC(=O)Nc2c(O)c3cc4c2C(C=CC=CCC(OC(=O)C(C)NC(=O)CC(C)C)C(C)C(O)C(C)=CCC3)C1O4,0.7542999982833862,0.9572476744651794,0.239354323934425,6.803929,11.823027610778809,0.7686097025871277,0,1,0,0.5588235294117647,4.448600000000004,0.2102646293842523
d62ba5c6acdfc36c1a8a159539975c14,CCC1=Nc2cc(C(=O)N3CCC4(CC3)OCCO4)ccc2Sc2ccc(C)cc21,0.5907999873161316,0.8890835046768188,0.1837461902336641,3.329637,-6.273819923400879,0.8410145998001098,0,0,0,0.4166666666666667,4.969520000000005,0.6856985826691382
6eab370a90677749670029fe0d44531b,COC(=O)c1ccc(C(=O)Nc2ccncc2NC(=O)c2ccc(C(=O)OC)cc2)cc1,0.4912000000476837,0.7339479327201843,0.1650146352635188,1.999042,-9.31054973602295,0.658510422706604,0,0,0,0.0869565217391304,3.1594000000000015,0.5724015299581592
77cd3dbb9a253719ebf5753bc4c9dabb,FC1(c2cn(-c3ccc(Br)cc3)nn2)CN2CCC1CC2,0.5159000158309937,0.8741147518157959,0.1378058481284163,4.144494,-8.340889930725098,0.7900631427764893,0,0,0,0.4666666666666667,2.9202000000000012,0.8344502236902923
28efb89871a748705ce04318ea2ca2c3,O=C(O)CCCCCC1C(CNS(=O)(=O)c2ccc(Cl)c(Cl)c2)C2CC1(c1ccc(-c3ccccc3)cc1)CO2,0.803600013256073,0.9965167045593262,0.2671177102760835,4.555396,2.209338903427124,0.5507877588272094,0,1,0,0.3870967741935484,6.946700000000007,0.2191279273036735
7d93c9595e914e0d9e6a172fa3b2e556,CCCCN1CC(N2CCCCC2)CS1(=O)=O,0.4235000014305115,0.4263927042484283,0.0597370476885275,3.117529,4.029943466186523,0.6033053040504456,0,0,0,1.0,1.2864,0.7645029895190505
0076c9456b3f92ac12a49004e8d28424,Cc1ccccc1Nc1nnc(SCc2ccccc2)[nH]1,0.4787000119686126,0.9567950367927552,0.2084194536913525,2.334777,-8.846571922302246,0.3656160801649094,0,0,0,0.125,4.149020000000003,0.6944881342171224
861d5827985a978eb47ed674d5fbe659,CC(C)(COC(=O)c1ccc2ccccc2c1)CC1=C(O)C(=O)c2ccccc2C1=O,0.6725999712944031,0.9944663643836976,0.4281340187246149,2.53748,2.6142849922180176,0.6678570210933685,1,0,0,0.1923076923076923,5.304200000000005,0.5728482056797881
5d74c296a324ddf5ebb92a5bfd553b4b,CCOc1ccc(Cl)c(C(=O)N2CCN(c3cnccn3)CC2)n1,0.4675000011920929,0.3678249418735504,0.0574266827157275,2.33307,-8.75829029083252,0.3589304715394973,0,0,0,0.375,1.8860999999999997,0.8406714023592434
ed07509e9f3083a52c6ba04920263a8c,CC(=NN=C1NC(=O)C(c2ccccc2)S1)c1cc(Cl)ccc1Cl,0.6301000118255615,0.9936572313308716,0.2371078262274915,3.351558,-10.95145320892334,0.6131778955459595,0,1,0,0.1176470588235294,4.677700000000002,0.6230286189075972
e31602ac24d0b8346cd856bf37e8bf97,CN(C)C(=O)CN1CCC(CO)(Nc2cc(-c3cnc(N)nc3)nc(N3CCOCC3)n2)C1,0.612500011920929,0.6851541996002197,0.2211251092905348,3.541816,-6.063589096069336,0.528320825099945,0,0,0,0.5714285714285714,-0.7106999999999963,0.4844408825207916
cf1a2c764a48df824e46b3fbdb826ed9,C=C(C)CC1C2c3c(Br)cccc3C(CC2(C)C)N1Cc1ccc2c(c1)OCO2,0.7296000123023987,0.9815135598182678,0.41146596995267,4.739503,9.621747016906738,0.9637563705444336,0,1,0,0.44,6.583000000000006,0.4872158423744962
dfb965f2066aec6286201ae273219e9e,COc1ccc(-c2csc(C3(NC(=O)CC(N)Cc4ccccc4F)CCS(=O)(=O)CC3)n2)cc1,0.6299999952316284,0.8824710845947266,0.2181394791061228,3.336171,-7.611283302307129,0.7709684491157531,0,0,0,0.36,3.4380000000000024,0.4735950293410469
95220be6c4f464cb226405925aa00dd0,O=C(CSc1ccccc1)Nc1ccc(S(=O)(=O)NCC2CCCO2)cc1,0.3738000094890594,0.5904493927955627,0.0781140854074196,2.451774,-12.421948432922363,0.4853236198425293,0,0,0,0.3157894736842105,2.8747000000000016,0.6587591465894588
18b82cd52b53d63bdb3917e983329c33,O=c1oc2c(ccc3occc32)c(N2CCCCC2)c1-c1ccccc1,0.5773000121116638,0.9160529971122742,0.3188378661870956,2.47451,1.2247250080108645,0.8080572009086608,0,1,0,0.2272727272727272,5.196500000000005,0.4687158939993907
fafab31366af48d1f0fdc10a622269c3,COc1cccc(C(=O)N2CC(C(=O)N3CCOCC3)Oc3ccccc32)c1,0.4029000103473663,0.2041031420230865,0.0581599504432895,2.635459,-7.365025997161865,0.5954159915447235,0,0,0,0.3333333333333333,1.961799999999999,0.8118818647436863
076fed7acfa271acf63b0e4af4d910e5,CN1CCN(c2nccnc2-c2cccnc2)CC1,0.3091000020503998,0.659943699836731,0.0684609309008175,2.18361,-8.253645896911621,0.704911184310913,0,0,0,0.3571428571428571,1.2903999999999998,0.8088685306026479
dcf0e8e2d9aa4cc24fbfb367789348c9,CC(C#N)(COc1ccccc1Cl)NC(=O)c1ccc(Cl)cc1,0.4790999889373779,0.945231318473816,0.2553370743989944,2.539306,-2.8247013092041016,0.7359784722328186,0,0,0,0.1764705882352941,4.084480000000003,0.8845936376936854
8cda25cecd8f29eb864805f2e43e80e5,Cn1cnc2c1CN(C(=O)c1ccc3nc(-c4ccc(F)cc4)c(-c4ccc(F)cc4)nc3c1)CC2,0.5249999761581421,0.937250554561615,0.2384379668669267,2.604073,-4.11287260055542,0.9276665568351744,0,0,0,0.1428571428571428,5.174000000000005,0.356565109917957
7f14c9c212eb28e14cf974bb13595565,CC(C)NCC(=O)c1ccc(O)c(O)c1,0.3808999955654144,0.9073173999786376,0.2204268425703048,2.116588,6.75778865814209,0.0592770792543888,1,1,0,0.3636363636363636,1.2784999999999995,0.5157900913735021
29300a8d64e85481a53caf46803c7305,Cc1cc(-c2cccc(C(F)(F)F)c2)c(OCc2cccc(F)c2)nn1,0.6420000195503235,0.9764500260353088,0.1923723992976275,2.305146,-4.663991451263428,0.6491074800491333,0,0,0,0.1578947368421052,5.188920000000003,0.5993777950935911
e7868425b7159ebde36cb2627a87a113,Cc1cc(CCCN(Cc2ccccc2)c2ccc(C(=O)O)c(O)c2)cc(C)c1Cl,0.7872999906539917,0.9975913763046264,0.1705972626805305,2.300792,-7.131181716918945,0.6307011604309082,0,0,0,0.24,6.000040000000006,0.4660750706649535
fd069400133e504f68b838655e3f5769,CC(C)=CCc1cccc2c1nc(-c1c(F)cccc1F)n2Cc1c(F)cccc1F,0.6061000227928162,0.9764284491539,0.4114243781024759,2.689592,-2.4659509658813477,0.9647626042366028,0,1,0,0.16,6.816700000000005,0.2539928785176609
0df6100d6db4e41bffc7e4d5e51d2d26,Cc1nc(-c2nc(-c3ccc4cc(CCN5CCCC5C)ccc4n3)cs2)cs1,0.5967000126838684,0.9584400653839112,0.6134777692231265,3.001545,3.5479135513305664,0.8912594318389893,0,0,0,0.3478260869565217,5.817020000000005,0.40806702858258
89fe05cbd3a86ea0c61d1308d9724730,CC(C)CC(C=O)NC(=O)C(NC(=O)c1ccco1)C(C)C,0.3547999858856201,0.6055665612220764,0.226521838795055,3.067342,3.0669054985046387,0.0582035921514034,0,1,0,0.5625,1.7637999999999994,0.7162900738074471
71942214960c18d243bcd5f22fdfb62e,COCCN(C)c1ncc2ncnc(Nc3cc(C(=O)Nc4cc(C(C)(C)C)nn4C)ccc3C)c2n1,0.5393999814987183,0.9123741388320924,0.3205051449212161,2.917003,7.673236846923828,0.941734790802002,0,0,0,0.3846153846153846,3.8377200000000022,0.3690764761926117
482140d8f0672615f0cae2d3b9dbfa93,CCCCC1=C(C(=O)N2CCOCC2)C2(OCCO2)C1=O,0.5123999714851379,0.6305933594703674,0.1460419684987176,3.39072,-3.757960557937622,0.0553823166061192,0,0,0,0.7333333333333333,0.6577999999999999,0.7620270939739838
89305b3949b0c98f9db4808e33b78463,Cc1ccc(N2CCc3ncnc(NC(C)c4ccc(C)c(S(C)(=O)=O)c4)c3C2)c(C#N)c1,0.5964999794960022,0.8712122440338135,0.2194958722049539,3.237026,-7.542162895202637,0.902818548679352,0,0,0,0.32,4.104420000000004,0.610471852496691
16aa23554c55ea736d0031f9357f2921,Cc1ccccc1C(=O)Nc1ccc(S(=O)(=O)Nc2cccc3ccn(CCN(C)C)c23)c2ccccc12,0.5669000148773193,0.9740500450134276,0.2452108372341502,2.502664,-10.581402778625488,0.9698483109474182,0,0,0,0.1666666666666666,5.717620000000005,0.2710171370515459
9da695704e5dd0e58fc3d630f58411c4,CCc1cccc(NC(=O)c2cc(S(=O)(=O)N(C)C)ccc2N2CCCC2)c1,0.4955999851226806,0.696989893913269,0.1187122782522981,2.039325,-10.247286796569824,0.8342345237731934,0,0,0,0.3809523809523809,3.3518000000000017,0.8058892609118582
1b5c8909bdf393c0177ca5f4dc391092,Cn1c(SCc2nc(-c3cccs3)no2)nnc1-c1c[nH]c2ccccc12,0.4253000020980835,0.85963374376297,0.1472049152309244,2.54565,-11.338471412658691,0.6473424077033997,0,0,0,0.1111111111111111,4.367200000000002,0.4456886444647719
1fd3f9139d91fad59e298277bccd0ecc,C=C(c1cn(-c2c(F)cccc2Cl)c(=O)c2ccc(-n3nc(CO)n(CC)c3=O)cc12)C(F)(F)F,0.7031000256538391,0.9624403715133668,0.3123926371335983,3.220181,-4.272315502166748,0.7680219531059265,0,0,0,0.1739130434782608,4.218300000000002,0.409311001506549
4bad7cdab49be45f8dc53cf14e40a8b8,COc1ccc(C)cc1S(=O)(=O)NCCCCCNc1nc(-c2ccccn2)cs1,0.5817000269889832,0.9600120186805724,0.168984440239993,2.352859,-6.112049102783203,0.8784044265747071,0,1,0,0.3333333333333333,4.082820000000003,0.4311897735232866
1c3193a439585f69342063daca6c9842,Cc1[nH]c2ccccc2c1C(=O)CC1(O)C(=O)Nc2ccccc21,0.4329999983310699,0.9018112421035768,0.293173684315248,2.799595,-6.264430522918701,0.5838419795036316,0,0,0,0.1578947368421052,2.8890200000000004,0.6490004277466185
533baafb736aaade34c332aa28bcd4ee,CCN(CC(=O)NCc1cccs1)C(=O)c1cccn1C,0.33160001039505,0.2235050350427627,0.0370854411104863,2.325955,-11.414729118347168,0.115928515791893,0,0,0,0.3333333333333333,1.8650999999999995,0.8855220069525276
17f83f7b0c7276e694666ea7480e02d8,O=C1CCC(CCNCc2ccc(Cl)cc2)N1CC1(N2CCCCC2)CCCC1,0.5940999984741211,0.7748627662658691,0.4895970496264371,3.115935,0.9011636972427368,0.9654733657836914,0,1,0,0.7083333333333334,4.609400000000004,0.6271309906161419
4c4975508047d00491d11b734e1c7269,O=C(O)CCNc1ccccc1C(=O)c1ccccc1,0.3686000108718872,0.911825716495514,0.1549752164970744,1.676496,-9.025870323181152,0.0224499605596065,1,0,0,0.125,2.8042000000000016,0.7912876070827813
de07977ea9288cd4d7af32c7381f6538,O=C1CCC(=O)N1CNc1cccc(NCN2C(=O)CCC2=O)c1,0.4237000048160553,0.7781982421875,0.0634979080747474,2.616422,-7.583984375,0.1023615226149559,0,1,0,0.375,0.7233999999999998,0.7459908373178822
5683572056a574b36b7337462245c028,COc1cc(-c2nc(N)n(CC(=O)c3ccc(F)cc3)n2)cc(OC)c1OC,0.4499000012874603,0.8538687229156494,0.2358825260942632,2.366429,-7.517093658447266,0.553738272190094,0,0,0,0.2105263157894736,2.575100000000001,0.6228162611376497
c9c3f36233d968bddc7f090122e9c03e,COC(=O)C(=Cc1ccccc1Cl)CSC#N,0.4873000085353851,0.942708134651184,0.1411401412703774,2.70771,-9.701445579528809,0.187436357140541,0,1,0,0.1666666666666666,3.110680000000002,0.4777906835208554
31799efac5bc50463ae13ab5fd7ba804,COCCCOc1cccc(Oc2cc3c(cc2NS(=O)(=O)c2cn(C)c(C)n2)n(C)c(=O)n3C)c1,0.460099995136261,0.6758615374565125,0.0762411797927184,2.811206,-10.594922065734863,0.9730433106422424,0,1,0,0.3333333333333333,2.927320000000001,0.3226798733514648
43fe15a0b709ffcc88f91696e2012395,C=CCOC1C(O)C(COS(=O)(=O)c2cccs2)OC(Oc2ccc(I)cc2)C1OC(C)=O,0.6682999730110168,0.940392255783081,0.1906671601940285,4.151699,8.945932388305664,0.5838170111179352,0,1,0,0.3809523809523809,2.7257000000000007,0.1876649547610027
e607a5db90c0acd0d9af357fe58ac974,O=C(NCc1cc(F)cc(C(F)(F)F)c1)C(CCN1CCC2(CC1)OCCc1ccccc12)c1ccc(F)cc1,0.739799976348877,0.9798433184623718,0.523026087067344,3.695779,0.9518696069717408,0.9874174237251282,0,0,0,0.3870967741935484,6.337700000000006,0.3444981747658472
49c8e9004411d1881802b97cd8039bd0,O=C(COc1ccc(F)cc1)Nc1cccc2[nH]ccc12,0.3968999981880188,0.6612417697906494,0.1774767373095859,1.814263,-6.8856048583984375,0.7351090908050537,0,0,0,0.0625,3.3245000000000005,0.771822417038982
8cf71489525859f180c5a8c35a9fcdcb,CCC1(C)CCCN(CC(C#N)CCC#N)CC1,0.3522000014781952,0.5321425795555115,0.05203972954686,3.638431,-3.4121251106262207,0.8879511237144471,0,0,0,0.8666666666666667,3.332160000000002,0.7484098296734333
77ca86bcb1de538e7527fba491d73b0b,CCc1nc(CN2CCN3C(=O)OCC3C2)n[nH]1,0.4433000087738037,0.3067687451839447,0.0182163783730092,3.393983,-10.49692153930664,0.0504041675478219,0,0,0,0.7272727272727273,0.0035000000000001,0.8183915304269869
5346383344dc5c44f06a65cc802cf156,CN(Cc1ccccc1Cl)C(=O)C1CNCC(=O)N1c1ccc(COC(=O)c2ccccc2)cc1,0.6305999755859375,0.8972070813179016,0.1667332669550722,2.847495,-9.452977180480955,0.7467389941215515,0,0,0,0.2222222222222222,3.660400000000003,0.5102057070441262
a19417d212316d61e9ddfe01bf451bc3,O=c1[nH]c(CN2CC(Oc3c(F)cccc3F)C2)nn2c(C3CCOCC3)ncc12,0.5848000049591064,0.7906354665756226,0.1831807101314718,3.174124,-6.981472969055176,0.878036630153656,0,0,0,0.45,1.8529999999999995,0.6822540367547989
0856a1839cb3747660b3a3cc32c5bf74,CC(C)(C)c1oc(C(=O)O)cc1CN1CCCC1,0.4110000133514404,0.6749337315559387,0.0481455653524872,2.52456,-6.5706281661987305,0.133109413087368,0,0,0,0.6428571428571429,2.871100000000002,0.8970998827309209
b1be0a6b992f96f86f00e8268e0e36d1,CN(C)CCNS(=O)(=O)c1ccc2c(c1)CCC2,0.2795999944210052,0.4460369944572449,0.0867516721852801,2.040985,-8.865779876708984,0.1660481214523315,0,0,0,0.5384615384615384,1.0152000000000003,0.8670330813100137
6939e1ec679b789c1d2719604adc1a04,CCOc1ccc(N2CC(c3nc4ccccc4n3Cc3cccc(Cl)c3)CC2=O)cc1,0.6384000182151794,0.981141984462738,0.3435031392357566,2.637024,-10.307157516479492,0.8860491871833801,0,0,0,0.2307692307692307,5.657200000000005,0.3845840888311039
7155037f0a9bc84061e0db4273cd1f1b,COc1cccc(CN(C(=O)c2ccc([N+](=O)[O-])cc2)C2CCS(=O)(=O)C2)c1,0.4648000001907348,0.7079527974128723,0.0895343060520562,2.639556,-11.439290046691896,0.4682832807302475,0,1,0,0.3157894736842105,2.432900000000001,0.5406076546536409
38907404f1b7d8a03559e42c0d7ec3c4,CC(C)(C)NC(=O)N1CCc2c(-c3cccc(C(F)(F)F)c3)ccc(C(=O)NC3CC3c3ccccc3)c2C1,0.6987000107765198,0.9919977188110352,0.3189382620833136,3.422512,-4.145655632019043,0.916245436668396,0,0,0,0.3548387096774194,6.524500000000007,0.3994304773217168
e4c7a9980253c6254546f21581b758d0,CON=C(CN1CCN(c2cc3c(cc2F)c(=O)c(C(=O)O)cn3C2CC2)CC1)c1ccc(Cl)cc1Cl,0.8809999823570251,0.9980963468551636,0.2190061076120897,2.845615,-1.897411227226257,0.3699027448892593,0,1,1,0.3461538461538461,4.653200000000004,0.3424466966298457
d946e632cbf001f6006ab36eccbd3b35,O=C1OC(c2ccccc2)OC(=O)C1=Cc1cc(Cl)c(O)c(Cl)c1,0.6596999764442444,0.994734823703766,0.4838742207397114,2.618589,-4.301229476928711,0.2555584162473678,1,1,0,0.0588235294117647,3.8812000000000015,0.4968111256311234
4d4c4863c43db3a02099b9f11368c721,O=C(NC1CCN(Cc2ccc(F)cc2)CC1)c1ccc(C(=O)N2CCC(Oc3ccc(C(F)(F)F)cc3)CC2)cn1,0.6740999817848206,0.9503912925720216,0.3505510132421147,2.546276,-8.054180145263672,0.9356297254562378,0,0,0,0.3870967741935484,5.317500000000005,0.3810043747892754
799cdc1cee4f1761d1f1adcf0cb6fe5d,N#Cc1cccc(S(=O)(=O)c2sc3ncccc3c2-c2cccc(F)c2)c1,0.5530999898910522,0.9823381304740906,0.2095533738082105,2.507175,-1.9283939599990845,0.6936950325965882,0,0,0,0.0,4.806880000000002,0.5000530110959215
250793030b1c84cc71d3f4dd3bd0c03f,COc1ccc2nc(Oc3ccc(-c4ccc(C#N)cc4)cc3)c(N3CCN(C)CC3)nc2c1,0.5637000203132629,0.9519403576850892,0.495379084890539,2.389013,-12.27430534362793,0.9817547082901,0,0,0,0.2222222222222222,4.721180000000005,0.4345472868885979
da227edaf2ecbbeb01e07e4e4b8b1045,COc1ccc(C2CC(c3ccccc3O)NN2C(C)=O)cc1OC,0.3921999931335449,0.8309327363967896,0.1691969484090805,3.281001,-6.866814136505127,0.5051538586616516,1,0,0,0.3157894736842105,2.9486000000000008,0.8938312370461207
3ea0d1404b28d9953a62ea8338ed936d,O=c1c2cccnc2n(Cc2cccc(F)c2)c(=O)n1Cc1ccc(F)cc1,0.4586000144481659,0.7558076977729797,0.2057475217364051,2.070098,-10.72931671142578,0.8480658173561096,0,0,0,0.0952380952380952,2.9330000000000016,0.547891976710271
901a0045224669b11ad9e26cf6a5034e,CC1CC2=C(C(=O)OC(C)(C)O2)C(c2ccc(Cl)cc2)O1,0.5426999926567078,0.9068485498428344,0.269211472435431,3.643515,2.545712947845459,0.0838677905499935,0,0,0,0.4375,3.7535000000000025,0.7411376221532606
71dd1411359c60d499447b8a5966f785,CN1CCC=C(C2SCC(=O)N2c2ccc(Br)cc2)C1,0.5044000148773193,0.8067338466644287,0.244449722495946,3.186193,-6.359338760375977,0.576612365245819,0,1,0,0.4,3.116900000000002,0.7636651761772975
2cde485d0779f32035623a7741f6fa89,FC(F)(F)c1cc(-c2cccs2)nc(NCc2ccco2)n1,0.592199981212616,0.9513757228851318,0.144217753867534,2.436523,-10.15183925628662,0.6521748661994934,0,0,0,0.1428571428571428,4.429000000000002,0.7708419889498215
175f8f077e11130e7179eedcec91aaa2,Cc1cc(C2=NC(Cc3ccc4ccccc4c3)C(=O)N(C)c3ccc(Cl)cc32)ccc1O,0.7282999753952026,0.9939030408859252,0.380767050114545,2.967637,-8.791869163513184,0.8419430375099182,0,0,0,0.1428571428571428,5.932320000000004,0.416647533558808
91d596c4cdba5b95b8bcd6df7eb31405,CCOC(=O)c1c(COc2ccccc2)oc2ccc(O)cc12,0.4147999882698059,0.9392149448394777,0.1645472191951491,2.118694,-5.992807388305664,0.5746382415294647,0,0,0,0.1666666666666666,3.8941000000000026,0.7237190439343958
16e44823c2cb68b3063c9488068629b0,Nc1nc2ccc(OCc3ccccc3)cc2c2nc(-c3ccco3)nn12,0.5623999834060669,0.9441189169883728,0.3818994828245856,2.313393,-9.706856727600098,0.8008918762207031,0,0,0,0.05,3.6987000000000023,0.527233914074363
a030683b7ecc1d60e4b56d8200159345,C=CC1(C)CCC2=C(C1)C(OC)CC1C(C)(C(=O)O)CCCC21C,0.5993000268936157,0.9312303066253662,0.2157340435819192,4.701788,10.550055503845217,0.1368736341595649,0,1,0,0.7619047619047619,4.9752000000000045,0.741808066490735
05d236f5edfb64bcc9ce3b2b16c78017,CCCCOCC1(O)CC2CN(c3ccc(OCC(F)(F)F)cc3)C(=O)N2C1,0.703000009059906,0.8850449919700623,0.1993106427517804,3.630675,5.671372413635254,0.9212255358695984,0,1,0,0.631578947368421,3.1898000000000017,0.6787646530521355
c9eeabee1e9ccee365d905710ff76f3a,Cc1[nH]c2ccccc2c1CCn1nnnc1N(C)CC1CCOC1,0.4144999980926513,0.5743035078048706,0.0837769089440288,3.285014,-0.0542162954807281,0.7491689801216126,1,0,0,0.5,2.1782199999999996,0.7445413865905514
70f66f5ff1392cf56c0e4ac9c2db6894,COc1ccc(C(=O)c2cc(F)c(F)c(OC)c2F)cc1OC(=O)CCl,0.5976999998092651,0.9730621576309204,0.3913080475547097,2.514679,-5.715244293212891,0.3904438972473144,0,1,0,0.1764705882352941,3.4963000000000024,0.249103008181412
fc0851bab81806850ed842ebb70f4d2d,CCC(C)C(NC(=O)C(C)NC(=O)C(N)C(C)C)C(=O)O,0.4602000117301941,0.8561257123947144,0.3465492278337478,3.168001,9.384736061096191,0.0061692950548604,0,0,0,0.7857142857142857,0.0899000000000022,0.5060023599453417
4382e4644e3b5929664251157f0d0286,CCC(=O)Nc1nn2c(=O)cc(-c3ccc4c(c3)OCO4)[nH]c2c1-c1ccccn1,0.5540000200271606,0.8804067969322205,0.2014103789221156,2.874311,-9.242350578308104,0.7978885054588318,0,0,0,0.1428571428571428,2.8288,0.5421297473591915
4b2a3507ef29e0c3d945724c80488edf,CC(C)NC(C)C(O)c1ccc2c(c1)OCO2,0.3968000113964081,0.7183740139007568,0.2157415842468088,3.062614,3.0554192066192627,0.3963758945465088,0,0,0,0.5384615384615384,1.8351999999999995,0.8385830463142188
d9a31f738536224a7d5e3a7687d161be,COc1cc(O)c(C2COc3cc(O)ccc3C2)cc1OC,0.5113000273704529,0.9580437541007996,0.2599890665574507,2.806981,10.38048267364502,0.6804596543312073,0,0,0,0.2941176470588235,2.833700000000001,0.9122385979722372
e01f6c1fb0f8b37a61fb73210dd35801,CCNCC1Cc2c(C3=C(Nc4ccccc4)C(=O)NC3=O)c3ccccc3n2C1,0.6596999764442444,0.9824243783950806,0.4737930203025991,3.198332,3.847928285598755,0.9242608785629272,0,1,0,0.25,2.902700000000001,0.5564352513819202
34c80f922bf75c5f4bf992220879ee23,Clc1ccc(-c2noc(N3CCOCC3)n2)cc1,0.4517000019550323,0.8180410265922546,0.0986311808228492,2.101372,-7.376662254333496,0.1330817446112632,0,0,0,0.3333333333333333,2.2266000000000004,0.8333979431675075
453bee0ebb99186b7304bd08f451e489,Cc1nn(C(=O)C2CC2)c(N)c1-c1ccc(Cl)cc1,0.5580000281333923,0.928785800933838,0.1006515146317807,2.307838,-7.542790412902832,0.1656099691987037,0,0,0,0.2857142857142857,3.1443200000000004,0.915769403500652
b206ae4cb70c2a37d2a5deb4ba0d45fe,ON=C1c2ccccc2OC(c2ccc(Cl)cc2)C1n1ccnc1,0.6126000285148621,0.9824845194816588,0.3315702256831256,3.371971,1.0514776706695557,0.8758243680000305,0,1,0,0.1111111111111111,4.089800000000003,0.564789172402711
4da83ddfdf0dc851d2d9d916f7c29af7,C=C1CCC2C(C)(C)CCCC2(C)C1CC(O)C1=CCOC1=O,0.4763000011444092,0.8716064691543579,0.4762732413682071,4.475481,8.953892707824707,0.4844583719968796,0,1,0,0.75,4.019400000000003,0.6313213458006061
a7cfb849f008b393008c735f9947c4d5,Cc1nccc(CNC(=O)CCc2c(C)nc3cc(O)nn3c2C)n1,0.3788000047206878,0.7196252346038818,0.0681603832001035,2.815201,-11.018170356750488,0.0858441978693008,0,0,0,0.3529411764705882,1.3991599999999995,0.7271870310176978
e1cbf027a54ae9955f10162f156f9f46,COc1cccc(C2CN(c3cc(C)ccn3)CC2C(=O)O)c1OC,0.5174000263214111,0.7842971682548523,0.1650288287888873,3.040298,-8.231459617614746,0.0821807958185672,0,0,0,0.3684210526315789,2.7118200000000003,0.9007042956203324
b4428cd74db7be99ab2ac60a4a3d56a0,COc1ccc(N2CCN(c3[nH]cnc4ncnc3-4)CC2)cc1,0.4839999973773956,0.877413809299469,0.3363124619830738,2.54566,-9.694457054138184,0.8018582582473754,1,0,0,0.3125,1.6397,0.7928828351095553
7ad345463ff1df23924f2f1ea27e3774,N#Cc1c2n(c3ccccc13)CCNCC2,0.398499995470047,0.9125878810882568,0.1103915528140284,2.511204,-5.926477432250977,0.5732093632221222,0,0,0,0.3076923076923077,1.65868,0.7196056152534365
ab50afb7efe9abf78932f00f9f274ba8,CCOc1ccc(S(=O)(=O)n2cc(-c3ccccc3)c(N)n2)cc1,0.4927999973297119,0.9231727123260498,0.1947135884653438,2.157705,-3.6192238330841064,0.2122602760791778,0,0,0,0.1176470588235294,2.768,0.7695186241849867
d47d16ae4c25b517ecbcb7e898c5858a,Cc1ccc(OCCNC(=O)CNC(=O)Cc2cccc3ccccc23)cc1,0.4135999977588653,0.8116590976715088,0.1785943335430188,1.872905,-7.926451683044434,0.8421185135841369,0,1,0,0.217391304347826,3.002120000000001,0.5940962355276641
ae8f4c11fd891446ffeba151e3660a85,CC(C)(C)NC(=O)c1cc(NC(=O)C2CCc3cccc(O)c32)ccn1,0.5475000143051147,0.9180188179016112,0.088722749189897,2.986202,-6.2408127784729,0.4401968598365783,0,0,0,0.35,2.9840000000000018,0.7909882716033328
0d843e516c32b921cf6d9b82dd3f3b3c,Cc1ccc(C#N)cc1-c1cc2nnc(Nc3ccc(S(=O)(=O)NCCN4CCCC4)cc3)nc2cc1C,0.6258000135421753,0.9812469482421876,0.3535120961340991,2.72466,-3.9362967014312744,0.961671817302704,0,0,0,0.2857142857142857,4.298020000000003,0.3476513610498047
0d9c768947934c473ebcf350ed5a9de2,CC1CC(=O)NN=C1c1ccc(Cl)cc1,0.4668000042438507,0.7443046569824219,0.2026996456763961,2.728061,-11.803654670715332,0.0788599397987127,0,0,0,0.2727272727272727,2.2001,0.7778195702611587
135c6d36279bb11385ddbdf86f97a8ee,CCOc1ccc(N(CC)C(=O)CCc2nc(-c3ccccc3F)no2)cc1,0.511900007724762,0.8393614292144775,0.2041842896829951,2.204522,-9.855705261230469,0.6497235834598541,0,0,0,0.2857142857142857,4.260100000000004,0.5813287093441076
67e05adb5b2d9e896bbcf872befccf72,O=C1Nc2c(Cl)ccc(O)c2C2(CCCCC2)N1,0.5889000296592712,0.9594749212265016,0.3228373513980345,3.223548,-2.501058578491211,0.1045324757695198,1,0,0,0.4615384615384615,3.3401000000000014,0.6743912514778343
d85bb26980279c982c2d2af98dc7e47d,CCOC(=O)c1c(NC(=O)c2cc3ccccc3c(=O)o2)sc2c1CCCC2,0.5985999703407288,0.8643249869346619,0.1202360980890013,2.328829,-3.931587457656861,0.5549234211444855,0,0,0,0.2857142857142857,4.162300000000003,0.6682416084988039
bff17891989fb9d0981e3617a333c611,CC(C)=CCc1ccc2c(c1O)C(=O)CC(c1ccc(OC3OC(C)C(O)C(O)C3OC3OCC(O)C(O)C3O)cc1)O2,0.7373999953269958,0.9874293208122252,0.3302823047746311,4.838611,10.732125282287598,0.3732509225606918,0,1,0,0.5161290322580645,1.2769999999999997,0.2499775179805153
021c03a17849d93f84ee4738be2f656e,CC(=O)c1sc(-c2ccc(F)cc2F)nc1C,0.4587000012397766,0.7961270213127136,0.0795804018324071,2.08873,-1.6507397890090942,0.077775888890028,0,0,0,0.1666666666666666,3.5993200000000014,0.7652993795514608
3694e5b29183a41cd5512285b7a397c0,COc1cccc(C(=O)NCc2noc(-c3c4ccccc4nn3CCn3ccnc3)n2)c1,0.4668999910354614,0.7138086557388306,0.1051403490657156,2.687643,-11.32291316986084,0.94849271774292,0,0,0,0.1739130434782608,2.9216000000000006,0.3922643668565772
9d59c9384d709de995651386660df1dc,COc1ccc(-c2cn(Cc3cc(C(F)(F)F)cc(C(F)(F)F)c3)nn2)cc1,0.7232999801635742,0.9867676496505736,0.2200435149398717,2.31343,-8.955822944641113,0.8065145373344421,0,0,0,0.2222222222222222,5.039600000000003,0.5754078211975294
d8b50eab5256fdd4e32cfc3bc3897ef3,CN(C)C1C(O)=C(C(N)=O)C(=O)C2(O)C(O)=C3C(=O)c4c(O)cc(-c5cccnc5)c(Cl)c4CC3CC12,0.8389999866485596,0.9985243082046508,0.18879580904137,4.406181,12.358516693115234,0.3467240959405899,0,1,1,0.3076923076923077,1.8360000000000012,0.3742729334879004
14eb7de78594d4dc3b18614cc62358be,O=c1c2ccccc2n(CCCCCCCl)c2ccccc12,0.6123999953269958,0.985681414604187,0.4071657346053557,1.977071,-5.171106815338135,0.8613928079605102,0,1,0,0.3157894736842105,4.953900000000004,0.3582111380035136
9a61f49400f74c8e4541680bc2c9c1da,CN(C(=O)Cn1ncn(C)c1=O)c1ccccc1-c1ccccc1,0.4147000014781952,0.5766283869743347,0.1069273054599762,2.39695,-7.613306045532227,0.192111074924469,0,0,0,0.1666666666666666,1.9117999999999993,0.7370791235877554
7616483b21277ccee9da8ad96d81b473,O=C(CSc1nnc(C2CC2)n1-c1ccccc1)N1CCCC1,0.3255999982357025,0.3162786662578583,0.0688386183570731,2.070379,-10.543843269348145,0.0354773504659533,0,0,0,0.4705882352941176,2.8592000000000013,0.7920908897597558
49ba3ad2fdef655d7ac0f979448a7677,COc1ccc(C(=O)Nc2ccc3ccccc3c2)c(OC)c1,0.4436999857425689,0.8861412405967712,0.2926061072132804,1.612191,-11.046884536743164,0.8411956071853638,0,0,0,0.1052631578947368,4.109300000000003,0.7888088141855875
e409b5b0be1c210c3df68abf76c29f88,CN(C(=O)Nc1ccc(Cl)cc1Cl)C1c2cc(Br)ccc2OCC1CO,0.7171000242233276,0.9789886474609376,0.2588125670498067,3.34023,-7.208278179168701,0.8717405915260314,0,0,0,0.2777777777777778,4.961800000000004,0.6811264270401362
d4ff532e63f15fd0f315e24a7f8b7322,CCOc1ccc(C2=Nn3c(nnc3-c3ccccn3)SC2)cc1,0.4731000065803528,0.940204918384552,0.1430698680606755,2.49537,-11.655903816223145,0.2969323843717575,0,0,0,0.1764705882352941,3.0969000000000015,0.7317889447058469
f85c00c39f4a9552ac3a5cddb13c8014,COc1ccc2[nH]c(CNC(C)c3cccc4ccccc34)cc2c1,0.6266999840736389,0.9899135828018188,0.541519972411069,2.532397,-7.079584121704102,0.95649493932724,0,0,0,0.1818181818181818,5.180500000000004,0.5288317181334822
604f7128ebfd9a6d16c862be46978555,O=S(=O)(c1ccc(-c2ccnc3[nH]ccc23)cc1)C1CCCC1,0.5745999813079834,0.9391146898269652,0.2364574156024239,2.337182,-1.3584476709365845,0.4009095966815948,0,0,0,0.2777777777777778,3.946200000000003,0.7925396022853135
a99dadde103158e23ced636487573f37,CCN(CC)CCCNCc1cc2c(cn1)[nH]c1ccccc12,0.5246999859809875,0.9566346406936646,0.6386292414231733,2.345952,-4.33705997467041,0.931945300102234,0,1,0,0.4210526315789473,3.537600000000001,0.6255294341040244
15c577bcae43382e1795142dd624f451,CC(CNC(CC1CCCCC1)c1ncccn1)N1CCOCC1,0.4235999882221222,0.630593478679657,0.1721618451516736,3.325584,-2.424190044403076,0.7305178880691529,0,0,0,0.7894736842105263,2.798400000000001,0.8319286642205664
3c6e21ecf0ebc97f801093d89395c41c,N#Cc1cccc(NC(=O)N2CC(Oc3ccccc3Cl)C2)c1,0.4984000027179718,0.8214818835258484,0.1547318365086208,2.085152,-6.852486610412598,0.6632090985774994,0,0,0,0.1764705882352941,3.506780000000002,0.937811217174047
1285970c8b6df5ea0565a1fd9b1bf4e4,O=C(NCCC1CCCc2ccc(O)cc21)c1ccc(OC(F)(F)F)cc1,0.6482999920845032,0.969633400440216,0.2204557772387158,2.731526,-5.411057472229004,0.8217226028442383,0,0,0,0.35,4.530800000000003,0.8024752537786478
4ea28ff1a1ced95bf94939b4e7bec74c,Nc1nnc(-c2ccccc2O)cc1N1CCCC(Oc2ccccc2)C1,0.6414999961853027,0.9634907245635986,0.3138721964576028,2.882617,-7.488438606262207,0.8143072724342346,0,0,0,0.238095238095238,3.4792000000000023,0.739126416926333
7e0e2406b183df953789aca02e3c89dc,O=C(O)CN1C(=O)CSc2ccccc21,0.366100013256073,0.7365307807922363,0.0358242949640209,2.081207,-9.79397678375244,0.0025500793708488,0,0,0,0.2,1.2099000000000002,0.8183505280563877
a7bd94d0bbd5d07adb6d57123221a71b,CN(C)CCCCCCCCCCCC(=O)NCC(O)c1ccncc1,0.4438000023365021,0.7329109907150269,0.1117653472730043,2.637932,-3.804440259933472,0.872104287147522,0,1,0,0.7142857142857143,3.693800000000002,0.4664708082033117
6a785721b356964b8cf55c462f622180,CC(C)N1C(=O)c2cccnc2[S+]([O-])c2cc(NC(=O)Cc3ccc(F)cc3)ccc21,0.5931000113487244,0.8485684394836426,0.1645559621128169,3.455171,-2.849586248397827,0.6649466395378113,0,1,0,0.1739130434782608,3.9372000000000034,0.6268220502621763
717190dcd0818d071e0d007c89c652b1,Cc1cc(NC(=O)C(C)OC(=O)c2ccccn2)no1,0.3093999922275543,0.4663891792297363,0.0670475857544013,2.559289,-10.139363288879396,0.0322641536593437,0,0,0,0.2307692307692307,1.5620199999999995,0.8508145582878062
85caf9858761a6f7a73afe93f37ede90,N#CCCn1c(SCC(=O)NCc2ccco2)nc2ccccc21,0.3034999966621399,0.5075572729110718,0.0703904444605789,2.257591,-12.312411308288574,0.7135920882225036,0,0,0,0.2352941176470588,2.951480000000001,0.6685752099163582
5661a954b715fdcee2e3125dbbaac972,Clc1ccc2c(c1)CN(c1cnc(-c3ncccn3)nc1)CC2,0.53329998254776,0.9343722462654114,0.334414082494649,2.456802,-8.112467765808105,0.3222180634737014,0,0,0,0.1764705882352941,3.149700000000001,0.7248422420694979
6d3b8c02a631ace3e9099193f10854f0,Cc1ccccc1N1CCN(CCS(=O)(=O)c2ccc(Br)cc2)CC1,0.5543000102043152,0.7716360092163086,0.2365871119228276,1.981654,-5.904661178588867,0.9705846786499024,0,0,0,0.3684210526315789,3.3534200000000025,0.7398701394178022
54d9f9d08a88a39ab1335dbab8e0de5c,CC(C)C1(O)CCC2=C(C1)C(=O)CC1C(C)(C)CCC(O)C21C,0.4354000091552734,0.7596712112426758,0.1451467135074463,4.583474,9.966416358947754,0.2561031758785247,0,0,0,0.85,3.630200000000003,0.77545465231726
37f50f1547e1e337b8acbc585b142660,O=C(NC1CC1)c1ccc(N2CCC(NCc3ccc(F)c(F)c3)C2)nc1,0.6105999946594238,0.6729393601417542,0.2997113628820939,2.655406,-7.4153947830200195,0.822815763950348,0,0,0,0.4,2.6205000000000007,0.8185607815099861
8c0fb81b331e4e13de1c49ec6890e5fb,OC1(CNC2CCN(Cc3ccncc3)CC2)CCc2ccccc21,0.4727999866008758,0.8822179436683655,0.2616441850973801,2.855004,-9.67137622833252,0.9442330002784728,0,0,0,0.4761904761904761,2.4696,0.8799323651159942
f37dcd5cbdc522dc3bd134a5f70f4809,COC(=O)C12C3=C(C)OC4OC(=O)C(C)(CC5C(C)=C6CC(=O)OC6(C(C)(C)O)C(O3)C(O)C51C)C42,0.7075999975204468,0.980677366256714,0.2413131151009689,6.591271,7.253114700317383,0.1755660682916641,0,1,0,0.7307692307692307,1.4854999999999996,0.3230949447169694
6c7b054b1c2b603f083a1eda9ff34aa6,CC(C)CC(NC(=O)c1ccc(-c2ccccc2C(=O)Nc2cccc(C(N)=O)c2)c(C(=O)O)c1)C(=O)N(C)C,0.5735999941825867,0.9131709933280944,0.1020957678556442,2.869063,-7.194419860839844,0.3399333864450454,0,0,0,0.2333333333333333,3.6357000000000017,0.3049944829802535
8dab23eafc47ef5d80f43bb9f7b52a5d,Cc1nn2c(O)c3c(nc2c1-c1ccc(F)cc1)CCCC3,0.4736000001430511,0.9369106888771056,0.2306203557686372,2.463624,-10.090293884277344,0.3238679856061935,0,0,0,0.2941176470588235,3.428220000000002,0.748400570645371
2512ece8e83e19d2b58c38826e42cd69,Cc1ccc(-c2nnc(SCCOc3ccccc3C)nc2-c2ccc(C)cc2)cc1,0.4997999966144562,0.9808443784713744,0.2530715763568878,2.183105,-11.846331596374512,0.8053790807724,0,1,0,0.1923076923076923,6.301960000000006,0.2557271038162899
5fb18e82193a1cd64399f51e47ebe850,Clc1ccc(OCc2cc(-c3ccc(Cl)cc3)no2)cc1,0.5587000250816345,0.948428988456726,0.201872070743279,1.823338,-2.712522506713867,0.3054183781147003,0,0,0,0.0625,5.227400000000003,0.6602818113684789
63f6ca3925bc784f7a51c8e0d3eb8250,O=C(Nc1ccc2cc[nH]c2c1)c1ccc2c(c1)OCCCO2,0.4894999861717224,0.8047075271606445,0.275918651710857,2.116026,-4.519474983215332,0.8130465507507324,0,0,0,0.1666666666666666,3.581500000000001,0.7603154799736213
dba7b2095d6eb0c551519ea361d2a847,CCN1CCCCC1CNS(=O)(=O)CC1CCCC1,0.3779000043869018,0.2798845767974853,0.1336174820634451,2.820219,-9.10594081878662,0.7080547213554382,0,0,0,1.0,1.9703999999999997,0.8127478979321968
6302df3495180fcd5b7ae3f295971953,CC(C)CNc1cc(NC(=O)c2ccccc2)ncn1,0.3174000084400177,0.5821143984794617,0.1929510269652713,1.972606,-6.208255290985107,0.3741950988769531,0,0,0,0.2666666666666666,2.796800000000001,0.8763652758760115
0ced8e70070cc3061c1f1a1d05276be4,CC(C)(O)C#Cc1ccc(C(=O)N2CCCC2C(=O)O)s1,0.5077999830245972,0.6627209186553955,0.0560346998443657,3.084369,5.822598934173584,0.0163735429756343,0,1,0,0.4666666666666667,1.5597,0.8129002532040112
94144b3d9ca8eb81f68ff48498565191,ON=Cc1cc(O)cc(-c2ccccn2)n1,0.4047999978065491,0.9753783345222472,0.1607773114334453,2.767079,8.440571784973145,0.1377749338746071,0,1,0,0.0,1.657299999999999,0.4533222920700219
48d3a2083aaaec32b214d41641cf7871,CCOc1ccc(OCC)c(C(=O)C=Cc2ccc(C)s2)c1,0.4720999896526336,0.934193789958954,0.3149576634168625,2.214371,-7.499443531036377,0.2657510250806808,0,1,0,0.2777777777777778,4.750020000000004,0.5460205722539433
d0a5f876c59ff4049b5c4d9d3e3a0871,COc1c(C=O)c(O)cc2c1COC(C)C2,0.4433000087738037,0.9333542585372924,0.2168376637114719,3.479027,10.927002906799316,0.1710583120584488,0,1,0,0.4166666666666667,1.6745,0.7732686526821954
ba7cac9be671802531553e0763b6e57b,CN(C)Cc1ccc2c(=O)cc(-c3ccccc3Cl)oc2c1,0.641700029373169,0.9667736887931824,0.3032662177627737,2.097322,-1.4730175733566284,0.89189213514328,0,0,0,0.1666666666666666,4.175000000000003,0.7272171815770453
b154855fd7b4d770e81d9216f5df8cb9,O=C1C=C(OCCCl)CC(c2cccc(Cl)c2)O1,0.5924000144004822,0.9642934799194336,0.4031543880701065,3.216126,-2.7678911685943604,0.074708454310894,0,1,0,0.3076923076923077,3.4673000000000025,0.6280622543926665
3d998f6abc8c1022bb991a360b1c8c48,COc1cc(F)c(C(=O)N(C2CC2)C(C)c2cccnc2)cc1OC,0.5232999920845032,0.5372251272201538,0.1953949345783754,2.746635,-1.2372084856033323,0.3480854362249374,0,0,0,0.3684210526315789,3.6037000000000026,0.8033099264515261
609bf402e055020fcd1e74f6a5c76273,Cc1cc(C)n2nc(C(=O)OCC(=O)c3ccc(F)cc3)nc2n1,0.3251000046730041,0.6543652415275574,0.1364030336791818,2.25726,-7.407733917236328,0.1526317469775676,0,0,0,0.1875,1.91994,0.5370715311425707
d644f73fc665a5ba4f2e5ee1bfb55b2b,Cc1ccc(C2=Nc3ccccc3N(CC(=O)NCc3ccccc3Cl)C(=O)C2)cc1C,0.6284999847412109,0.9331486225128174,0.1866981387138366,2.354379,-11.414572715759276,0.8841019630432129,0,0,0,0.1923076923076923,5.130740000000004,0.5912845565043009
5008e9d10d1ca50f3395121e1da2c528,CCCCC(=O)NC(NC(=O)CCCC)c1ccc(OCCC)c(OC)c1,0.3908999860286712,0.6578424572944641,0.1003194112669337,2.278443,-11.256390571594238,0.3509534925222397,0,1,0,0.6190476190476191,4.095400000000003,0.5068402405006712
21ffb14571d5605f4eebd4c22a613d58,Cc1cc(C)n2nc(SCc3nc(-c4ccccc4)cn3CC(N)=O)nc2c1,0.4882000088691711,0.7852598428726196,0.1942588781768625,2.749953,-9.63134479522705,0.4855379402637482,0,0,0,0.2,2.98724,0.5094862484729509
40000579410f394d300b795d33f07bd9,CN(CCC#N)C(=O)CN1CCCN(Cc2noc(C3CC3)n2)CC1,0.4287000000476837,0.4407106041908264,0.0263088925593447,2.56381,-13.315611839294434,0.4322126686573028,0,0,0,0.7647058823529411,0.8267800000000005,0.7220436411724402
fb2d2e29f07f7632ab927aadaee58e06,CC(C)n1nnc(-c2cccc(Nc3ncnn4ccc(CN5CCC(C#N)CC5)c34)c2)n1,0.5512999892234802,0.9150714874267578,0.1456433927470987,3.070712,2.5528762340545654,0.9212942719459534,0,0,0,0.391304347826087,3.4428800000000024,0.4831021226520217
08a2138cac504c6f4dcc84b058ec7b67,CN1CCc2cc3c(c4c2c1cc1ccccc14)OCO3,0.5896000266075134,0.960941731929779,0.4263343689116565,2.577118,9.572871208190918,0.865078330039978,0,1,0,0.2222222222222222,3.714000000000003,0.5846046894575121
50b6154ce5eb8a0ca4012fb87996114a,Cc1cc(CCC(=O)O)ccc1-c1noc(-c2ccc(C(F)(F)C(C)C)cn2)n1,0.6086999773979187,0.9711980819702148,0.20190141485496,2.711033,-4.670196533203125,0.3155523300170898,0,0,0,0.3333333333333333,4.872020000000004,0.6074021281460757
dd3bf20689f8862300e57fda077b468b,Cc1cnc(C(C)CNC(=O)NCCc2cn3c(n2)CCCC3)s1,0.366100013256073,0.3692306876182556,0.0387163479727777,3.376587,-9.87049388885498,0.3817398756742477,0,0,0,0.5882352941176471,2.6297200000000007,0.8436599801582318
3390555bcad99026f867c6f6021b75dd,COCCOc1nc(N)nc2c1CC(c1c(Cl)cccc1Cl)C(=O)N2,0.641700029373169,0.978618860244751,0.4744295261122964,3.339697,-7.812865257263184,0.555509477853775,0,1,0,0.3125,2.6692,0.7706005583549576
e21a6e3ee7c63cf0809ec29bb73c40e0,c1ccc(-c2cnc(NCCN3CCCCC3)nc2)cc1,0.3930999934673309,0.8291932344436646,0.2387735735286366,1.933602,-6.833055019378662,0.921021842956543,0,0,0,0.4117647058823529,3.041400000000001,0.914892401780261
adad72c9eb4a41ad974edd42fe832577,Cc1ccc(CN2C(=O)CCC2C(=O)NC2CCCC2)cc1,0.3476000130176544,0.2424936145544052,0.0979661907662044,2.485024,-7.356782913208008,0.1775585871189832,0,0,0,0.5555555555555556,2.5448200000000005,0.9287420141207434
dafc86d3c82e88fc20680f2050753eaf,COc1ccnc(CNC(C)c2ccc(C#N)cc2)c1OC,0.4291999936103821,0.8096964955329895,0.2584375982934778,2.699195,-8.551986694335938,0.3869655072689056,0,0,0,0.2941176470588235,2.8212800000000007,0.8877179427482947
8db7b21679a2a7ec0d453039d2035150,CCc1cn(C2CC(O)C(CNC(=O)Cc3ccccc3C(F)(F)F)O2)c(=O)[nH]c1=O,0.6067000031471252,0.856593906879425,0.2019122774628075,3.574302,-1.543068528175354,0.4331870824098587,0,0,0,0.45,1.1250999999999998,0.6220585100856079
62ba6b00bf4f1068b7ae3b1c314c3082,Nc1nc2c(c(=O)[nH]1)NCN2C1CC(O)C(CO)O1,0.5116000175476074,0.8216670751571655,0.203862457790158,4.243409,11.581597328186035,0.1108390629291534,0,0,0,0.6,-1.9902999999999995,0.4159613235937016
f39195d1bb86dda4fd266a697cb42f44,COc1cc(CC(=O)N2CCN(c3cc(C)n4cnnc4n3)CC2)cc(OC)c1,0.4614000022411346,0.3580477237701416,0.0666900884614072,2.622469,-12.563247680664062,0.6647976636886597,0,0,0,0.4,1.34122,0.6433547886855201
b38866785980bfb52c41581b2465a90a,CCCCCCC(O)CCCCCCC=CC(O)C(O)C(O)C(N)C(=O)O,0.6047999858856201,0.9840677380561828,0.2818876816467805,3.945212,11.407082557678224,0.392863529920578,0,1,0,0.85,1.7090999999999994,0.1640281613174606
b97e0a66f1d3c50d2c982ddc3dcf8f2f,Cc1ccc(S(=O)(=O)N2CCCCC2)cc1C(=O)N1CCN(c2ccccn2)CC1,0.4505999982357025,0.1981192082166671,0.0547747932035814,2.122794,-4.430832386016846,0.8702560067176819,0,0,0,0.4545454545454545,2.527020000000001,0.7482334938913799
46d7d8c6182e41fbedc6f4588942d779,CCC(CC1COC(N)=N1)c1cc(Cl)ccc1F,0.5393999814987183,0.9029523134231568,0.1978833817622878,3.578511,-8.986588478088379,0.750021755695343,0,0,0,0.4615384615384615,3.0763000000000016,0.91394997873101
8b87dfa19e8fcfe9e593d2867098a75a,Cc1c(C(=O)NCc2ccc(OC(C)C)cc2)cccc1-n1nnc2cccnc21,0.4665000140666961,0.772824764251709,0.1070363060994581,2.286566,-9.53586483001709,0.6771073460578918,0,0,0,0.217391304347826,3.841120000000003,0.5308046694198807
37981773a54824e8b78e17a8347c291a,Cc1nc2cccc(C(Nc3cc(C#N)c4ncc(C#N)c(NCC(C)(C)C)c4c3)C3=CN(C4(C(F)(F)F)CC4)NN3)c2s1,0.7523999810218811,0.9819644689559937,0.6346151612021707,4.549896,1.9639405012130735,0.9132836937904358,0,0,0,0.3548387096774194,6.7685800000000045,0.1778585556557566
60f20456246a0a1f44c486c33e8b8668,C=CCC(CC=C)(NC(=O)c1cccc(C)c1)c1ccccc1,0.387800008058548,0.8964316844940186,0.1731453517621213,2.489602,-5.4989752769470215,0.674288272857666,0,1,0,0.1904761904761904,4.772520000000004,0.7333060856552185
6f2d997edd28dfd76211770dbd6c4b72,O=c1oc2ccc(O)cc2cc1-c1ccc(O)c(O)c1,0.4815999865531921,0.9871844053268432,0.2401971803470091,2.214167,9.881783485412598,0.3672122597694397,1,1,0,0.0,2.5768000000000004,0.4667129070615284
32a63dce33824287c1b0a079d3b2f2f9,COc1c(C)nn(-c2cc(Nc3c(C)c(-c4ccc(F)cn4)nn3C)ncn2)c1C,0.5134000182151794,0.9116711616516112,0.2888103493235328,3.050715,-11.461670875549316,0.8124626517295838,0,0,0,0.25,3.2743600000000015,0.5413594744539009
06d00d6e49c8c8d3837d4d689cb66b70,C=C(Br)C(C)(Cl)CCC(Br)C(C)(C)Br,0.5938000082969666,0.9589584469795228,0.2014881629835475,4.735149,10.2411470413208,0.5807930409908295,0,1,0,0.8,5.609700000000003,0.5161619764840057
c2be86ee56ff6a018f82f08377961858,Cc1ccccc1OCC(=O)NCc1cc(-c2ccccn2)nn1C,0.362199991941452,0.5995231866836548,0.0845832635055888,2.188292,-9.398036003112791,0.5510394871234894,0,0,0,0.2105263157894736,2.4857200000000006,0.7507533001939607
8f296fa72cbee5f3012bad0bb85bf6f5,CCn1c(CNc2ccc(C(=N)N)cc2F)nc2cc(C(=O)N(CCC(=O)O)c3ccc(OC)cc3)ccc21,0.6783000230789185,0.9510836005210876,0.1957567622038451,2.654208,6.86359977722168,0.8895396709442138,0,1,0,0.2142857142857142,4.221570000000003,0.167034022803739
67103302d62e7abc5aeaddf34697277a,COc1cc(C)cc2c1c[n+]1n2CCCC1,0.4632999897003174,0.7452907562255859,0.1819842579689893,3.276931,-1.564022660255432,0.1329328946769237,0,1,0,0.4615384615384615,2.03962,0.6684455265947632
694c0422ab1bb1bdaa9f6f3ec68e2150,O=C(NCc1ccccc1)c1cccn(Cc2ccccc2)c1=O,0.3919000029563904,0.63494873046875,0.1281175041063265,1.697989,-8.890738487243652,0.3982962250709533,0,0,0,0.1,2.826600000000001,0.7862785218567498
652d4bc9d946003f43292f8f60d27eda,CC(C)(CO)Nc1nccc(CCc2c[nH]c3ccccc23)n1,0.4690000116825104,0.9637941122055054,0.2530117779970169,2.517748,-8.59848690032959,0.7905200600624085,0,0,0,0.3333333333333333,2.9259000000000004,0.6542805862359715
f96494dba4fa83fbdb40d6b849ecd0f5,O=C(CCc1cc2n(n1)CCN(C(=O)c1ccc[nH]1)C2)N1CCCC1,0.3939999938011169,0.2490445077419281,0.0320676906161348,2.697599,-7.937474250793457,0.2112936705350875,0,0,0,0.5,1.4221999999999997,0.9139308142976508
9e2124952ef3e44abd43fcd9d3da3f4a,CCn1c(C(=O)Nc2ccsc2C(=O)OC)cc2sc(Cl)cc21,0.5913000106811523,0.9173036813735962,0.145843544466929,2.582771,-2.6274335384368896,0.3885008335113525,0,0,0,0.2,4.476500000000002,0.6906327676785314
54c7705829fecde57a6d0a50f20df298,CCOC(c1ccc2sccc2c1)C(SC(C)(C)C)n1ccnc1,0.6226000189781189,0.951328694820404,0.2346787371418693,3.824013,-6.720486640930176,0.858822512626648,0,0,0,0.4210526315789473,5.905900000000005,0.546923998011852
a6f4f25a922100ada5fe167b1fa1aabc,Cc1ccc(N2CCC3(CCCN3Cc3ccn(C)n3)CC2)nn1,0.383899986743927,0.417301744222641,0.0618524545465003,3.35019,-11.260212898254396,0.7681375503540039,0,0,0,0.6111111111111112,2.153519999999999,0.8649320298529596
7b22f36c9aebdf83dfc5688e11b71113,CC(=O)Sc1ccc(C(=O)N(CC(=O)O)C2CCCC2)cc1,0.4894999861717224,0.7905864715576172,0.0713635618713769,2.294108,-10.066076278686523,0.0134227263741195,0,1,0,0.4375,2.794600000000001,0.8441247827489282
747a630c05c3f7124a1d37c8f470329e,COC(=O)c1c(C(F)(F)F)nc2c(c1-c1ccc(S(=O)(=O)c3ccccc3)cc1)C(=O)CC(C)(C)C2,0.637499988079071,0.9491119980812072,0.2273018292405388,2.738808,-8.5721435546875,0.6197798073291778,0,0,0,0.2692307692307692,5.5419000000000045,0.4222236919510344
14f9bc2dbfba4c1b38f8cc9a94060197,Cc1ccc(C(=O)NCC2CCN(Cc3cccnc3)C2)cc1Cl,0.4907000064849853,0.4292516708374023,0.2478035952557217,2.424733,-9.594131469726562,0.9076480627059936,0,0,0,0.3684210526315789,3.295320000000002,0.9056364185682536
07169ce3440f3618f7507bf479877e8b,CCOCC(=O)N(C)Cc1nc(C(F)(F)F)cs1,0.4733000099658966,0.5909470915794373,0.0731930753046816,2.56106,-4.835402488708496,0.0515679586678743,0,0,0,0.6,2.1568000000000005,0.8308076485702752
65b68b8962371b5c9d4cbc84edd20e62,CC(=O)NC1CCN(c2cc3c(NC(C)c4ccc(-c5ccccc5CN(C)C)s4)nc(C)nc3cn2)C1,0.6886000037193298,0.9523802995681764,0.2741983492266048,3.661245,-1.7307666540145874,0.9180978178977968,0,0,0,0.3793103448275862,5.011220000000005,0.3317804974364585
21921d77ec9a8a247f2e7a4bab7b80df,CC(C)CC1(C(=O)O)CC(C)(C(=O)O)N1,0.4880000054836273,0.874439537525177,0.0675525545692918,3.853964,7.767292976379395,0.0043511639814823,0,0,0,0.8,0.6924999999999999,0.6420274781841167
3bb5cb9310f18efb5f17f7858c4db27d,Cc1ccc(C#Cc2ccc(C(=O)N3CCC(c4cccc(CN)c4)CC3)o2)cc1,0.6378999948501587,0.9142939448356628,0.2753530510447242,2.524723,-4.859582424163818,0.8991554141044616,0,1,0,0.2692307692307692,4.466320000000003,0.6625759023384855
1b7e810c77a22feb20214e0b54370519,CCn1nc(C)c(C(=O)N2CCCC(c3nccn3CC3CC3)C2)c1C,0.374099999666214,0.1296799182891845,0.0616162538697773,3.061648,-11.87216854095459,0.781584870815277,0,0,0,0.65,3.1461400000000017,0.8278016614494396
adcfe79226a958575d63ebae8b175121,Cn1ccc2cc(-c3cc4c(NC5CCCNC5)ncc(C(N)=O)c4s3)ccc21,0.6861000061035156,0.9572471380233764,0.5987428440289064,3.280736,-2.363382339477539,0.7987606525421143,0,0,0,0.2727272727272727,3.7178000000000018,0.4830934014226861
c4188948aee96991fc6fa25387f4bc95,CN(C)CCCn1ccnc1C1CCN(c2cccc(C(=O)O)n2)CC1,0.5024999976158142,0.5122315287590027,0.0957028105516325,2.527886,-5.791343688964844,0.4681553840637207,0,0,0,0.5263157894736842,2.3120000000000003,0.8196117756384612
99d707a16bb10d21d104096daf5f25ae,Cc1c(-c2cc(Nc3ccc(N4CCN(C)CC4)cn3)c(=O)n(C)c2)cccc1N1C(=O)c2ccc(C(C)(C)C)cc2C1=O,0.6847000122070312,0.9656005501747132,0.4286405498331243,2.960481,0.8254603147506714,0.9012027978897096,0,1,0,0.3142857142857143,5.349220000000005,0.3135915602018468
c02646afe38ff4ca77f3ce1f9f82a6b4,CCOc1ccc(N2C(=O)CC(N3CCN(c4ccccc4OC)CC3)C2=O)cc1,0.5040000081062317,0.4998023808002472,0.1744242848997766,2.563753,-10.08012866973877,0.7826656341552735,0,1,0,0.391304347826087,2.548000000000001,0.6836606553086522
059de2668727674a4c2de6f9702f2bca,COc1ccc(OC)c(CCNC(=O)c2cc3c(=O)n(C)c4ccccc4c3n2C)c1,0.491100013256073,0.6815760135650635,0.1570628237995234,2.364907,2.008211374282837,0.897527527809143,0,0,0,0.25,3.0199000000000016,0.5214062121430573
aaf36fa5a30617b86d62df1c91f122ca,O=C(COC(=O)c1cnccn1)N=c1sccn1Cc1ccccc1Cl,0.508899986743927,0.7109957337379456,0.1482774584808132,2.586362,-11.243996620178224,0.2177345812320709,0,0,0,0.1176470588235294,2.325600000000001,0.6259066270410539
ac702c2d4e9213ca959f18e425607c41,c1ccc(C2(c3ccccc3)NCCO2)cc1,0.3684000074863434,0.9079423546791076,0.2587001560763879,2.563044,-2.2560789585113525,0.1871846847236156,0,0,0,0.2,2.5075000000000003,0.8475689738412726
a2eaabd4f717371c44cc2753d7a7fcc6,CCON=Cc1cccc2c1CCC1C2c2cc(O)c(Cl)cc2CCN1C,0.6448000073432922,0.9824324250221252,0.4480206722562963,3.696774,-3.268829822540283,0.8177851557731628,0,1,0,0.4090909090909091,4.3506000000000045,0.6316404115257468
45e5317cd592bd3f92a6b761c2bf577f,CC=C1C2C=C(C)CC1(Nc1cc(F)ccc1OC)c1ccc(=O)[nH]c1C2,0.6061000227928162,0.9648332595825196,0.4523849541490728,4.67809,-1.5898252725601196,0.8567499160766602,0,1,0,0.3181818181818182,4.298600000000003,0.7966407313322057
2122c04b8cf9de117e1a81df2a1ba1cd,COc1ccc(C(=O)NCc2ccccc2-c2ccc(C(C)(C)C)cc2)cc1O,0.633899986743927,0.985879361629486,0.2577949315309524,1.95506,-6.336906433105469,0.8329297304153442,0,0,0,0.24,5.2953000000000054,0.6228392304171582
0bcf7d6ad70b0970825501a1092ebae7,CN(C)Cc1cc(Nc2ccc(-c3cnc4cc(Cl)ccn34)c3c2C(=O)NC3)ncc1C1(O)CCOCC1,0.6604999899864197,0.9525359869003296,0.3957382928241383,3.485231,-1.630468249320984,0.903971004486084,0,0,0,0.3214285714285714,4.096300000000002,0.3433240810340045
a415760e24e80edf2a80eed7fd25c604,COc1ncnc(OC)c1-n1c(NS(=O)(=O)C(C)C(OC)c2ncc(Cl)cn2)nnc1C1CCC(C(F)F)CC1,0.6643000245094299,0.9068811535835266,0.2108195193789222,4.453987,-8.548422813415527,0.5279763579368592,0,0,0,0.5652173913043478,3.5747000000000018,0.3420322049506039
69ef9a8ae3395f0b676a3051a9fb9c02,O=C(Nc1ccc(C(=O)N2CCN(C(=O)OCc3ccccc3)CC2)cc1)c1n[nH]c2ccccc12,0.607699990272522,0.6945638060569763,0.094591569578783,2.181149,-1.3018152713775637,0.9421407461166382,0,0,0,0.1851851851851851,3.9098000000000024,0.4475871400101559
45ff3ac40705a5924f62e0657293335f,Cc1cccnc1NC(=O)C(C)Oc1ccccc1,0.2554999887943268,0.5046746134757996,0.1207818439738317,2.184593,-10.2556734085083,0.1728399649262428,0,0,0,0.2,2.7960200000000013,0.9147288024944482
b345a488b97843c46d03a47a9c9f1904,CCOC(O)=C1C(COCCCN2CCN(C)CC2)=NC(C)=C(C(=O)OC)C1c1ccccc1Cl,0.5515999794006348,0.8181972503662109,0.2481322935359044,3.350067,5.968085289001465,0.9201290488243103,0,1,0,0.5384615384615384,3.785400000000003,0.2940621029455346
edf670cbc2dc6d5c20a7e5a659265fba,CCOC(=O)C(N)Cc1ccc(-c2cc(OC(c3ccc(-c4cccc(F)c4)cc3)C(F)(F)F)nc(N)n2)cc1,0.7700999975204468,0.9969869256019592,0.5647241744128141,3.40704,-6.279285430908203,0.9368198037147522,0,0,0,0.2068965517241379,5.647200000000003,0.2031538978579865
34a2469a8fb01025f9e220e4c480b137,CN(C)CCn1nc2c3c(c(NCCSCCO)ccc31)C(=O)c1ccncc1-2,0.6270999908447266,0.911577582359314,0.4703036506067622,2.942304,7.570159435272217,0.8664842367172241,1,1,0,0.3809523809523809,2.3417000000000003,0.4091239221111179
cb6b1687c00b0281d9a19a0ce6ea6c6e,CC12CCC(c3cccc(CO)c3)CC1(O)CCC2C=NOCCN,0.5637000203132629,0.919316291809082,0.2429984171282161,4.258616,10.388691902160645,0.6926704168319702,0,1,0,0.65,2.5549,0.4195431315007862
cf82c0f3cb2496d8f1962bfefd90a595,CC(=O)C1=C(C)OC(N)=C(C(=O)OC(C)C)C12C(=O)Nc1ccccc12,0.5435000061988831,0.8411065936088562,0.1573469266295433,3.690584,-9.286469459533691,0.1729866027832031,0,0,0,0.3157894736842105,1.8915999999999993,0.8009749580555251
c73f18b785edd2f249f914eac9cc2260,O=C(NN=Cc1c(O)ccc2ccccc12)Nc1ccccc1,0.5063999891281128,0.9866434931755066,0.3410679291595112,1.991255,-6.694474220275879,0.6971819996833801,1,1,0,0.0,3.7010000000000014,0.5096574270143779
d72d37850da7f3ff9a6a5367d80444c0,CC1CCN(C(=O)c2ccc(NC(=O)C3CCCO3)cc2)CC1,0.374099999666214,0.2101035565137863,0.0501132824204184,2.393779,-8.611350059509277,0.5139331966638565,0,0,0,0.5555555555555556,2.6762000000000006,0.9324872561764764
297b8b7f128fe16915fba8117e63e983,CCC(=O)c1ccc2c(c1O)C1c3c(ccc4c(=O)c(C)coc34)OCC1C(C)(C)O2,0.6812999844551086,0.9853591918945312,0.2607729983600703,3.976465,10.620835304260254,0.559188187122345,0,0,0,0.36,4.711220000000005,0.6044331115710057
a4a3ef8b4e57f88237817b995247d551,COc1ccc(OS(=O)(=O)C=Cc2ccc(Cl)cc2)cc1,0.4677000045776367,0.9498580694198608,0.3616275787353515,2.064544,-9.382534980773926,0.2894310891628265,0,1,0,0.0666666666666666,3.728100000000002,0.7863623431276363
5a03bd35772a7055bf7c29a555854a79,CSc1nccc(N2CCN(c3ccc(F)cc3)CC2)n1,0.4474000036716461,0.795585572719574,0.1396254813298583,2.065048,-6.419228553771973,0.6083595514297485,0,0,0,0.3333333333333333,2.664200000000001,0.6428411961839099
371ef83808365d40924c30b027c65653,Cc1nc(S)n(Nc2cccc(Cl)c2)c1-c1cccc(C#N)c1,0.5217999815940857,0.9874832630157472,0.2312572483311999,2.744546,-12.266283988952637,0.7355839729309082,0,1,0,0.0588235294117647,4.547500000000002,0.6877264671299099
44087d62e0feae271a8173422e39660e,N#Cc1cccc(C#N)c1Oc1ccc(S(=O)(=O)Nc2ccccc2)cc1,0.5038999915122986,0.9519864916801452,0.298556157133796,2.172429,-5.018646240234375,0.8174347758293152,0,0,0,0.0,4.023060000000003,0.7252281555683304
4b9ccc977f6c2108d1134d1de254e179,Cc1nc2cc(Cc3ccccc3)ccc2o1,0.354200005531311,0.8683906197547913,0.1295863779431039,1.848469,-8.61108112335205,0.3848677664995193,0,0,0,0.1333333333333333,3.727020000000002,0.6612839661690165
c36c5f742ce3691b3c3b5d27b05badf8,Cc1cccc(C)c1-c1cc(C)c2nc(Nc3cccc(OCCCN4CCN(C)CC4)c3)nnc2c1,0.6039999723434448,0.9879702925682068,0.6157491031018171,2.641108,-0.2979685962200165,0.981404149532318,0,1,0,0.3666666666666666,5.376960000000005,0.328730470193696
0c9d0a15e2a7f101b419c3716d9e49db,COc1ccc(N2CCN(CCCNC(=O)c3ccc4nc(Cc5ccccc5)oc4c3)CC2)cc1,0.5468000173568726,0.9257786870002748,0.2468907765366814,2.256388,-6.575096130371094,0.9855623245239258,1,1,0,0.3103448275862069,4.3693000000000035,0.3559477657479307
d396e4a5c8af052ac9ee725e584569ec,CN(C)S(=O)(=O)CC(=O)NC1(c2cccc(Cl)c2)CCCC1,0.4670000076293945,0.7223204374313354,0.16069772568616,2.642883,-12.199639320373535,0.1033117607235908,0,0,0,0.5333333333333333,2.116900000000001,0.8892718124742941
157ea8ac293fb1bbdba194fa3e444a15,CC1(C)C(Cc2c(Cl)cccc2Cl)C(=[N+]2CCCC2)C=CN1Cc1ccc(Cl)cc1,0.7594000101089478,0.9921717047691344,0.614110832864588,3.755861,-1.7610143423080444,0.9760650992393494,0,1,0,0.4,6.860900000000006,0.449714396157462
68a768a4f820b5fec4f8988fa86befde,Cc1ccc(S(=O)(=O)Nc2nc(C)c(NC(=O)Nc3ccc(Cl)cc3Cl)s2)cc1,0.6758000254631042,0.991792380809784,0.1582561948082664,2.276935,-2.9688589572906494,0.5132827401161194,0,0,0,0.1111111111111111,5.511540000000002,0.4568069567321678
bc1b9027bb2ad7ebfd183c5d674e9266,CC1c2ccsc2CCN1C(=O)c1ccc(Cl)c(N2CCCC2=O)c1,0.59170001745224,0.6366674304008484,0.1243342442268675,2.857484,-8.397632598876953,0.546130359172821,0,0,0,0.3684210526315789,4.287800000000003,0.7863689518465083
d706d486ecdbca4362106c7d63614c5c,COc1ccc(C=CC(=O)C=C(O)C=Cc2ccc(OCCF)c(OC)c2)cc1OC,0.538100004196167,0.972646951675415,0.5726098797538064,2.654937,-0.4102032482624054,0.8311386942863465,0,1,0,0.2083333333333333,4.798300000000004,0.3149122143426831
9c5ab1c41be264f731b26928e1941615,COCC(NC(=O)Nc1cc2[nH]nc(-c3ccc(C(F)(F)F)nc3)c2cn1)c1ccc(F)cc1,0.6449999809265137,0.9755441546440125,0.6150442849506031,3.249177,-6.57247257232666,0.936745238304138,0,0,0,0.1818181818181818,4.687000000000003,0.3519775572952772
1f9fa02d94f3c20fe6e439077ffa69af,Cn1nc(CC#N)c2c(=N)n(N)cnc21,0.310699999332428,0.7719067335128784,0.0232779722915355,3.477837,-10.93142795562744,0.0959772512316703,0,0,0,0.25,-0.9708499999999995,0.5807527642910034
c5207439229a485b99373b6cd82f2963,CC(C)(C)OC(=O)NC(CCNCC(O)C(Cc1ccccc1)NC(=O)OC(C)(C)C)Cc1ccccc1,0.5734000205993652,0.9276793003082277,0.205553456463597,3.369012,-5.779646873474121,0.9497355222702026,0,1,0,0.5333333333333333,4.599000000000003,0.3005797683884917
28325804d3328573728a7c955b4c21f4,CCn1cc(CN2CC3CCCN3CC2C)c(C)n1,0.417600005865097,0.4530761539936065,0.0631509456698867,3.24985,-11.311726570129396,0.7902913212776184,0,0,0,0.8,1.87992,0.8310793550614171
d554c39b941b464939aac12d9fc5642b,CCCn1c(=O)c2nc(-c3cc(OCC(=O)Nc4ccc(C(C)CC)cc4)nn3C)[nH]c2n(CCC)c1=O,0.628600001335144,0.8906320929527283,0.1343192668123678,3.4503,3.72933030128479,0.9060497522354126,0,0,0,0.4444444444444444,3.637800000000002,0.31008590657611
2b552c74496680514296524b929d5d39,Cc1ccc(OC2(C(=O)O)CCN(C(=O)c3ccc(F)cc3)CC2)cn1,0.4271999895572662,0.5133733749389648,0.0700306602838364,2.393099,-7.809500694274902,0.0664220165461301,0,0,0,0.3157894736842105,2.6675200000000014,0.9089232214631676
cbc889981524eaa3e1a6ae63a84870f5,CC1=CC2(CC1)C(C)CCC(C(C)C)C2NC=O,0.4762000143527984,0.8533700108528137,0.1874978095293045,5.099809,13.042452812194824,0.1498732343316078,0,1,0,0.8125,3.529600000000001,0.6014614730639147
abbd58a4b5108b557b96f74991db6350,CC(C)=CCCC(C)=CCc1c(-c2ccc(O)cc2O)oc2c(CC=C(C)C)c(O)c(OC3OC(C(=O)O)C(O)C(O)C3O)cc2c1=O,0.7663999795913696,0.9973969459533693,0.2188889438455755,4.777501,8.403748512268066,0.487522143125534,0,1,0,0.3888888888888889,4.59170000000001,0.1403058262554763
927d3aaeb5d9720af8bedc5ed0a6cb60,CC1(C)C=C2C(CO)C(CO)CCC(C)(O)C2C1,0.4117999970912933,0.7910881638526917,0.181422056291591,4.634901,10.299263954162598,0.1379048205912113,0,1,0,0.8666666666666667,1.7207,0.6575952844733772
bdd0b733ab2b87e7e0bb8c2140750af2,CCCCCCOC(=O)C(C(=O)OC1CC2C3OC3C(C1)[N+]2(C)C)c1ccccc1,0.6146000027656555,0.8537953495979309,0.1526461893861944,4.800224,12.939785957336426,0.8155844449996948,0,1,0,0.6666666666666666,3.193900000000001,0.203368757332482
f2d5a607f197e07c7138e91309f3118e,COc1ccc(CNc2nnc(N3CCSCC3)c3ccc(C#N)cc23)cc1Cl,0.6340000033378601,0.9355159997940063,0.3989422280680049,2.631081,-10.09249782562256,0.8722724318504333,0,0,0,0.2857142857142857,4.328780000000004,0.6516056050053591
e1126e40434ec78e10bef65a788d2eb7,c1cncc(CCNCc2ccc(-c3ccc(CNC4Cc5ccccc5C4)cc3)cc2)c1,0.6377000212669373,0.9924309253692628,0.6323183422738855,2.202907,-10.49532699584961,0.9815377116203308,0,1,0,0.2333333333333333,5.337900000000005,0.3500477906503653
bd220bd87a06ee0c482956a2b00ae9a8,O=C(Nc1ccc(Cl)c(Cl)c1)NS(=O)(=O)C1CCCCC1=O,0.6392999887466431,0.962541937828064,0.2220931324091824,2.92111,-9.931329727172852,0.0233858685009181,0,0,0,0.3846153846153846,2.9564000000000012,0.8614695910874675
a312754e62924791d386736baa97c4d5,CCOc1cccc(-c2[nH]c(C3CCN(c4ncnc5[nH]c(-c6ccc(C#N)cc6)cc45)CC3)nc2C)c1,0.5687999725341797,0.9849482178688048,0.5903533019802787,2.973917,-0.0925219357013702,0.9810343265533448,0,0,0,0.2666666666666666,5.9778000000000056,0.2953036420716856
57e84b5a36b3a690f90910d23dc8c34d,CC(C)C(=O)Nc1nc(N(C)C)c2ncn(C3OC(CO)(CCl)C(O)C3F)c2n1,0.6624000072479248,0.9368821978569032,0.5061558762734587,4.421479,5.6656174659729,0.7882341742515564,0,1,0,0.6470588235294118,0.6844999999999997,0.5712257482670551
b8e065073a26a30d57029e1ada0247e1,Cc1ccc(NC(=O)CSc2nnc(Cn3cnc4ccccc43)o2)c(C)c1,0.3420000076293945,0.6980703473091125,0.1557106626304713,2.277168,-13.161152839660645,0.7318304300308227,0,0,0,0.2,3.815240000000002,0.501403218932566
5a7a153119f896525dce1ed3eb28d368,CC(C(=O)Nc1ccc(F)cc1)C12CC(NC(=O)c3cccc(Cl)c3)(C1)C2,0.6229000091552734,0.9577311277389526,0.2526879717003215,3.601932,-10.781498908996582,0.7520485401153565,0,0,0,0.3333333333333333,4.406400000000003,0.7993755996529218
af93dd88b3fd5943245bb3306ff99c1b,COc1cc(OC)cc(C(=O)NC(=S)NCCc2ccccc2)c1,0.4217999875545501,0.713135302066803,0.1363214383071119,1.883738,-9.167397499084473,0.711110520362854,0,1,0,0.2222222222222222,2.5508000000000006,0.7889036077718555
d37355b987950953bd8aad4c5b6588f9,CCOC(=O)C1=CCCCC1S(=O)(=O)Nc1ccc(Cl)cc1Cl,0.5669999718666077,0.9217263460159302,0.1498456834392114,3.003093,0.0841045081615448,0.2303702279925346,0,0,0,0.4,3.7771000000000026,0.7919362918289407
048b4af8c0ce7a2f48f63f2b53fd7675,Cc1nn(Cc2ccc(-c3cc4ncccc4[nH]3)cc2)c(C)c1CC(=O)O,0.5852000117301941,0.9625189900398254,0.1379202895543792,2.344078,-5.889716625213623,0.2608906000852585,0,0,0,0.1904761904761904,3.7186400000000015,0.5680735350641625
d7a133d099e851b531b206bb6ff02e8f,CC(C)(C)c1cc(NC(=O)Nc2nc(CCOCc3ccc(F)cc3)cs2)n(-c2ccc(CC(=O)O)cc2)n1,0.6338000297546387,0.9847662448883056,0.3309543308886615,2.653801,4.3436784744262695,0.457477068901062,0,1,0,0.2857142857142857,5.795800000000005,0.2146143826134493
95a3cf0ae9e16a84cfdd8528bd9aac63,COc1cc(OC)nc(-n2c(N)c(C#N)c3ccc([N+](=O)[O-])cc3c2=O)n1,0.5304999947547913,0.9451955556869508,0.4041888138109987,2.799868,-9.55716609954834,0.7456040024757385,0,1,0,0.125,1.15998,0.5261683446088158
b373737b23747d5609559b9df7f072b6,O=C(OC(C(F)(F)F)C(F)(F)F)N1CCC2(CCN(Cc3cc(CN4CCCCC4)cc(C(F)(F)F)c3)C2)CC1,0.7412999868392944,0.9006339311599731,0.2502312497659163,3.489184,1.0327259302139282,0.985149908065796,0,0,0,0.7307692307692307,6.609000000000006,0.3625968438142167
4b63ef5cf0970f5d9b8f326db44b9fc0,Cc1ccc2cccc(OC(=O)N3CCCC3)c2n1,0.3190000057220459,0.5800525546073914,0.1033102297647432,2.015024,-8.811662673950195,0.4539885938167572,0,0,0,0.3333333333333333,3.1378200000000014,0.7868185942481382
39ba4d5be3f4632aba781671022465c3,CN(C)CCN1C(=O)c2cccc3cc(N=Cc4ccc(C#N)cc4)cc(c23)C1=O,0.548799991607666,0.963471531867981,0.227187537334182,2.603156,-7.6389312744140625,0.9205629229545592,0,1,0,0.1666666666666666,3.6196800000000025,0.487520913496795
6258791ba49abd499a4cd842b4a73fc7,COc1ccc(-c2ccc(C(=O)CNC(=O)CCn3c4c(c(=O)[nH]c3=O)CSCC4)cc2)cc1,0.5985999703407288,0.8565510511398315,0.166093847291036,2.616713,-4.194069862365723,0.5039092123508453,0,0,0,0.28,2.3907,0.4802975726845709
ecee3198be3b4c8d7de5bfeec178e7da,COc1cc(C=CC(=O)O)cc(S(=O)(=O)Nc2ccc(S(=O)(=O)N3CCCCC3)cc2)c1OC,0.5097000002861023,0.7344084978103638,0.1055857356299053,2.402302,-7.678953170776367,0.2624832108616829,0,1,0,0.3181818181818182,2.777000000000001,0.4910909641361293
c40e9a519f4d23e8c9ea50cc5b12e600,CCCOCOCCc1ccc(OCC(O)CNC(C)C)cc1,0.4278999865055084,0.7383623719215393,0.3679131039164283,2.703232,-8.03113079071045,0.8439216136932373,0,1,0,0.6666666666666666,2.3674999999999997,0.4306109964678844
222dc9fd40787bb5d5ab19a7c47f75ee,O=C(O)CC(NC(=O)CNC(=O)CCCc1ccc2c(n1)NCCC2)c1cccnc1,0.4598000049591064,0.6932768225669861,0.0524625709619034,3.07274,-6.14939546585083,0.0763875655829906,0,0,0,0.4090909090909091,1.6058000000000006,0.4543358876786106
8153f3e14501e8b27102daace8c04486,c1ccc(N2CCN(CCCOc3cccc4[nH]c5ccccc5c34)CC2)nc1,0.6517999768257141,0.9739722609519958,0.6334157721562819,2.174809,-10.36685562133789,0.9924923419952392,0,1,0,0.2916666666666667,4.3072000000000035,0.5017675016212794
a50f353fcdc48f7c997ba06c296634ca,Cc1ccc(C)c(NC(=O)C(NS(=O)(=O)c2ccc3c(c2)CCC(=O)N3)c2ccccc2)c1,0.5534999966621399,0.7947348356246948,0.1439574089917269,2.765736,-7.4092230796813965,0.793846595287323,0,0,0,0.2,3.846440000000002,0.5164988634216464
7590f078f1aaa10e0e0dd2a5de0464e6,CC(C)(C)CCNC1CCC(CO)CC1,0.3957000076770782,0.5718979239463806,0.0672175685070793,2.301484,-8.52450180053711,0.4032931163907051,0,0,0,1.0,2.563300000000001,0.7520252739832076
d2e7ebfd1e69fc48bf0745318f4665d2,COc1ccc(NC(C)=O)cc1S(=O)(=O)NCCc1ccccn1,0.3210000097751617,0.3425611853599548,0.0413608808409083,2.002654,-10.552641868591309,0.1697806730866432,0,0,0,0.25,1.5696,0.7906720245036118
a4196939aa663cca03ed0eb934b48af9,CC(CCc1ccco1)NC(=O)Nc1cc(C(F)(F)F)c[nH]c1=O,0.5784000158309937,0.8743422627449036,0.2537174319679087,2.973997,-7.204631805419922,0.4063608884811401,0,0,0,0.3333333333333333,3.1295,0.7793748361865551
59c62f6ba28f44a1e8a6a7caad626ad8,N#CCCn1c(=O)c(-c2ccc(F)cc2)nc2cnc(Oc3cccc(Cl)c3)nc21,0.5745999813079834,0.8928033113479614,0.2702498673038049,2.582328,-3.435509204864502,0.863171923160553,0,0,0,0.0952380952380952,4.351980000000002,0.4751526895584631
337bcb602211b900ab22ac4925f5d12a,CP(=O)(Nc1ccccn1)Oc1ccccc1,0.2506999969482422,0.6291371583938599,0.1320979833941568,2.748997,-10.949281692504885,0.0824588105082511,0,1,0,0.0833333333333333,3.3954000000000013,0.8423545891567259
6bb1d8b808ba4053a481479b0a3ce232,O=C(NCc1ccncn1)c1ccc(Oc2ccc(C=CC3=CN4CCC3CC4)cc2)cc1,0.6747999787330627,0.9559405446052552,0.2433577979152852,3.457377,-7.608428001403809,0.8169246792793274,0,0,0,0.2222222222222222,4.8216000000000045,0.5727832063846376
56762e8443b025a9c30f3e2c416c40d2,O=C(NCC1OC(=O)N2c3ccc(N4CCOCC4=O)cc3OCC12)c1cc2cc(Cl)ccc2s1,0.7979000210762024,0.852066695690155,0.1323208653114058,3.708809,-2.2434194087982178,0.5582002818584442,0,0,0,0.2916666666666667,3.4341000000000017,0.5738136940635521
4395808dd8949281c98bf8e43c927903,Cc1ccc(SCCNS(=O)(=O)c2ccc3c(c2)OCCO3)cc1,0.4451999962329864,0.7859068512916565,0.1202954561872915,2.137905,-9.099701881408691,0.5982324421405792,0,1,0,0.2941176470588235,2.8368200000000012,0.6298879683062275
db1b52f5a97eedfda641de3a27d642c5,O=c1[nH]c2cc(Nc3ccccc3)ccc2n1Cc1c(F)cccc1F,0.5375999808311462,0.9594023823738098,0.3923678939992731,2.144705,-9.660630226135254,0.9389630794525148,0,0,0,0.05,4.399700000000002,0.572512440113428
9fe0fd93469ae659bc832ec97e471792,COCCNC(=O)c1n[nH]c2cc(-c3ccc(-n4cccc(C)c4=O)cc3Cl)ccc12,0.6830999851226807,0.9495018720626832,0.2328845831480893,2.538609,-5.67613410949707,0.903564989566803,0,1,0,0.1739130434782608,3.7188200000000022,0.450698967912834
2b027017e6c07ad4d926b29bd6c9604a,CC1=C2CCC(C)(O)C(O)C2OC12OC(C)(C)CC2=O,0.555400013923645,0.964986264705658,0.1758552644063126,5.365477,10.400867462158203,0.0183819662546739,0,1,0,0.8,1.0717,0.6500322036112972
9dd47bd5858f95e8f998a9bc4fbb8bbe,COc1cc(CN2CCCC3(CCN(C(=O)c4cc(F)c(F)cc4F)C3)C2)cc(OC)c1OC,0.6230000257492065,0.7091154456138611,0.2796165638349273,3.434567,-7.813055038452148,0.945386564731598,0,1,0,0.48,4.258000000000004,0.5811964671964999
4d84cbf92c654bcc234b6ef8d980e9ea,Cc1c(Cl)c(=O)oc2cc(OCCCCS(=S)N3CCCCC3C)ccc12,0.5909000039100647,0.8747038245201111,0.3602745519442992,3.751696,-5.716315746307373,0.7953996181488037,0,1,0,0.55,4.783420000000004,0.4693615503536723
fa6b19eab9a6576fd915dcedf5565e6f,O=C(NN1Cc2ccc(O)c(O)c2C1=O)c1ccc(F)cc1,0.488099992275238,0.9318687915802002,0.1857898953286084,2.450356,-5.735287189483643,0.2597382158041,1,1,0,0.0666666666666666,1.5376999999999996,0.7340082604005731
5c4a1365279122d8818969eea4db0780,Cc1nnnn1CC(O)COCc1ccco1,0.3181000053882599,0.49366495013237,0.030327549076931,3.074235,-6.037856101989746,0.0061769658859702,0,0,0,0.5,0.1522199999999995,0.7706428007843158
af0c7bc3df7bb3d2d860518dcdf58969,CN(C)c1ccc2cc3ccc(N(C)C)cc3[n+](CCCC(=O)ON3C(=O)CCC3=O)c2c1,0.6740000247955322,0.9257037043571472,0.3274443345991047,3.060321,-2.094376564025879,0.7239805340766907,0,1,0,0.36,2.799900000000001,0.3137855801029551
1a6d34546ced3feed063cb3e6e563d60,CC(=O)Nc1ccc(C(=O)N2CCC(Oc3cccc(CN(C)Cc4cccc5ccccc45)c3)CC2)cc1,0.6820999979972839,0.9307919144630432,0.2370091283863241,2.319348,-4.3951416015625,0.9596285104751588,0,0,0,0.2727272727272727,6.113800000000007,0.3037675281018728
d5e1304c86d4fa18df162d3be16a601f,COC(=O)NCC1CCC2C(C1)CC1C(=O)OC(C)C1C2C=Cc1ccc(-c2cccc(F)c2)cn1,0.6261000037193298,0.8790563344955444,0.3053724643858996,4.394566,2.32319712638855,0.7599500775337219,0,0,0,0.4827586206896552,5.487000000000005,0.5589676373218269
5f43132eb945abf3296dce355195ec0d,NC1CC2COCc3c(c(F)cc4c(=O)c(C(=O)O)cn(C5CC5)c34)N2C1,0.9138000011444092,0.9971296787261964,0.1002829841930757,3.745624,-1.5262359380722046,0.0783831469714641,0,0,1,0.4736842105263157,1.6098999999999994,0.8300627666443794
ee194a0e8da8ca47afab7a622871f150,Cc1ccc(NC(=O)CC2NCCNC2=O)cc1,0.2522999942302704,0.3509126901626587,0.0921932712874629,2.566548,-11.68825340270996,0.1187965696677565,0,0,0,0.3846153846153846,0.4116199999999999,0.7243495305269584
7daaa59139835b97bbd90632aa56d123,Cc1cc(C(=O)Nc2ccc(-c3ccccc3S(N)(=O)=O)cc2F)n(-c2cccc(CN)c2)n1,0.6370999813079834,0.8852900862693787,0.1647023876959627,2.411019,3.6012465953826904,0.8514383792877197,0,0,0,0.0833333333333333,3.345220000000001,0.3900488322940014
b9d3db2872089dc4db83b867ec88d8c7,CCOC(=O)C1CCN(C(=O)NC23CC4CC(CC(C4)C2)C3)CC1,0.3806999921798706,0.5208253860473633,0.1052589419890533,3.520673,-0.2966044247150421,0.3609970599412918,0,0,0,0.8947368421052632,2.9399000000000006,0.8074249103386991
a98ab166bddb345da0ad6f6d3cb228a9,COc1ccc(-c2nc3cccnc3o2)cc1,0.3930999934673309,0.8873305320739746,0.13228680904616,1.9682,-3.867318868637085,0.214000254869461,0,0,0,0.0769230769230769,2.8984000000000005,0.6736906330520923
aa61ee9cd03585b88da93c562507b07e,Cc1nc2ccccn2c1CN(Cc1cccnc1)CC1CCCO1,0.3524999916553497,0.4962194263935089,0.1630454019389369,2.931343,-11.091361045837402,0.9490390300750732,0,0,0,0.4,3.2189200000000024,0.6930950352513681
44eb344969a82439c4f6831b1899417f,O=C(Nc1ccc2ccccc2c1[N+](=O)[O-])c1ccccc1,0.4715999960899353,0.9866526126861572,0.2373313023285432,1.781255,-4.448122024536133,0.4895308494567871,0,1,0,0.0,4.000300000000003,0.58546235477858
ff968a7d651f6aadf08772abaf481ae4,CC1=CC(C#N)(C#N)C(C#N)(C#N)C(c2ccccc2)N1,0.4720000028610229,0.9703892469406128,0.1011179475939239,3.973755,0.6392590403556824,0.1379139088094234,1,0,0,0.25,2.3018199999999993,0.8442031086019248
b7ca6edc1c6f23515a8475656f255a80,C=C1CCCC2C1(C)CCC(C)C2(C)CC1=C(O)C(=O)C=C(OC)C1=O,0.620199978351593,0.9626201391220092,0.5981222174384377,4.356884,11.526988983154297,0.4641425788402557,1,1,0,0.6363636363636364,4.669500000000004,0.5880944209113249
f643fc6dd599f7557c50b23cb8961d48,CC(=O)C1=NN(c2ccc(Cl)cc2)C(c2ccc3c(c2)OCO3)N(C(C)=O)N1C,0.5356000065803528,0.9396263360977172,0.1625731824473901,3.306855,-10.572139739990234,0.4830440461635589,0,0,0,0.25,3.1853000000000016,0.7674840772896687
239135968260e14e3e4bfdd0ef7768d2,O=C1Nc2ccccc2C12NC(Cc1c[nH]cn1)C([N+](=O)[O-])C2c1ccccc1Cl,0.6481999754905701,0.9893008470535278,0.4798719015988437,4.624734,-8.553853034973145,0.839617919921875,0,1,0,0.238095238095238,2.8541000000000016,0.4408515362673496
f7362656d1509a55a9e89857922c7455,COc1ccc(C(=O)C=Cc2cccc(OCc3cn(CC(O)COC4=C(C)C(=O)SC4C)nn3)c2)cc1,0.5522000193595886,0.9462924599647522,0.3150771504098719,3.758553,-4.205798625946045,0.4923067569732666,0,1,0,0.2857142857142857,4.075200000000002,0.2707781405491775
6592433135769a32bf6e28bf2266ad99,NCCCCCNc1nc(Nc2cccc(C(F)(F)F)c2)nc(-c2cccc(F)c2)n1,0.6571000218391418,0.9960989952087402,0.6185374666344036,2.404868,-9.941914558410645,0.9791855573654176,0,1,0,0.2857142857142857,4.981000000000003,0.3251622205468009
6b63b6c8dcc4993101ab61bc63c8df73,COC(CC(Nc1ccccc1)=C1C(=O)NC(=C(C)C)C1=O)CC(C)O,0.5644999742507935,0.9600447416305542,0.3230197375470942,3.802091,4.111446857452393,0.4298625990748405,1,1,0,0.4,2.521400000000001,0.5149052386873166
b803d473d0a0b84c3b50a6d7f03e2dfb,N=C(N)c1cccc(OCC(=O)Nc2ccc(C(=O)N3CCCC3)cc2)c1,0.4681000113487243,0.658606767654419,0.0756317206065763,1.913842,-2.7753522396087646,0.6228125393390656,0,1,0,0.25,2.22417,0.537897897014477
d46da33099d4cf54b89f2ffcf140b434,CC(C)CC(NC(=O)C1(CC2CCC2)Cc2ccccc2N1)C(=O)NC(CC(F)F)C(=O)C(=O)O,0.7099999785423279,0.9127472639083862,0.3125411597165194,4.080785,-3.7623283863067623,0.2019472062587738,0,1,0,0.6,2.908200000000001,0.3320614637765106
d7aba97fa1d77b6e6071a41cf5412e57,CC(C)C(C)C1(C)CC1C(C)C1CCC2C3CC=C4CC(O)CCC4(C)C3(O)C(O)CC12C,0.6209999918937683,0.9415051341056824,0.3186151696877046,5.312785,10.71276569366455,0.7753485083580017,0,1,0,0.9333333333333332,5.966400000000008,0.4551256876568595
e8a72d8d53eaed79450dda7799736fa1,COCCOCCOC1C(CO)C(O)CC1n1cc(C)c(=O)[nH]c1=O,0.4654000103473663,0.7157483696937561,0.1587458581409671,3.961451,3.7926137447357178,0.1225451070815324,0,1,0,0.75,-1.192579999999997,0.4742540726246345
11362403fbd81b5240286ab8eb177fae,O=C(O)C1CCc2cc3c(cc2C1=O)OCCO3,0.4571000039577484,0.8322638869285583,0.064547996121374,2.888034,10.29793643951416,0.0040225035976618,0,1,0,0.3846153846153846,1.2875,0.7579245187253364
2161aaf9253070785f1e7382e87454de,FC(F)(F)c1cc(CCN2CCNCC2Cc2cccc3ccccc23)cc(C(F)(F)F)c1,0.7965999841690063,0.9971592426300048,0.6342540383338928,2.997926,-3.0884313583374023,0.9965119242668152,0,0,0,0.36,5.936400000000004,0.4687356338011805
63546eabb49515fd50b10f141af5dd2e,NC(=O)c1nnc(N2CCCC(NC(=O)C3CCN(C4CC4)CC3)C2)nc1Nc1ccc(C(=O)N2CCOCC2)cc1,0.6452000141143799,0.6189060807228088,0.1316577128388665,3.313786,-11.468947410583496,0.6260013818740845,0,0,0,0.5862068965517241,1.145900000000002,0.4154021302024313
bb18fceb9b71305fa5b5c8a7b24ae047,Cc1ccc(CN(C)C(=O)Nc2ccc3[nH]c(=O)[nH]c3c2)nc1,0.3926999866962433,0.4958842992782593,0.0659679650244387,2.355748,-9.422053337097168,0.3856352150440216,0,0,0,0.1875,2.2235199999999997,0.6920321805737447
28498a6de295712f65fa7af39e629a5c,c1coc(-c2cc(-c3cccc4ccccc34)nc3nncn23)c1,0.4544999897480011,0.9541459679603576,0.1224042221226475,2.535435,-4.925384998321533,0.521062433719635,0,0,0,0.0,4.204500000000003,0.4898964207429016
7a50f0d3b7243ec10216258aa2c42dbc,O=C(c1cccc2ccccc12)N1CC(COc2ccc3c(c2)OCO3)C1,0.5932000279426575,0.8419342637062073,0.1700560890815474,2.11498,-9.14055633544922,0.8961923480033874,0,0,0,0.2272727272727272,3.7195000000000022,0.7106218386719314
3fb81cf64e45792e273593cdb2a9f269,CS(=O)(=O)N1CCN(Cc2ccc3c(c2)Nc2nccnc2S3)CC1,0.5148000121116638,0.7703036069869995,0.1381107968362895,2.659176,1.2705579996109009,0.845177412033081,0,0,0,0.375,1.7619999999999998,0.7450313575882683
cd968e00ededea64014ff85c3e9a1e60,CCON=C(c1ccc(Br)cc1)C1CCN(C2(C)CCN(C(=O)c3c(Cl)c[n+]([O-])cc3Cl)CC2)CC1,0.7184000015258789,0.9273329377174376,0.2972070960835977,3.35219,-0.7561756372451782,0.871291208267212,0,1,0,0.5,5.536800000000006,0.1897441695259207
475e66d417ba48690cc6bd10cbfa839e,CCOC(=O)c1sc(N2CCCC2)c2c1CC(C)(C)CC2=O,0.5867999792098999,0.8031877875328064,0.1126193563369187,2.702309,-2.8071208000183105,0.3554895460605621,0,0,0,0.6470588235294118,3.680100000000003,0.7968265439860179
b35d99cee57b78250f4af50f70c0dbe2,Cc1cc(OCC(=O)Nc2nnc(C3CC3)s2)ccc1C(C)C,0.5376999974250793,0.8161349296569824,0.1414251992986961,2.212248,-12.080910682678224,0.1207818284630775,0,0,0,0.4705882352941176,3.8648200000000026,0.8726373532430548
a985b83eb21841b62c329f058aef590c,O=C(Cn1nc2c(SC3CCCCC3)nccn2c1=O)Nc1ccc(Cl)cc1F,0.6291999816894531,0.8213798403739929,0.2110534080050208,2.66463,-9.630904197692873,0.3111330181360244,0,0,0,0.3684210526315789,3.7470000000000026,0.6597044971881892
2142995be9b21e85b7bab5cfb1e0b7a3,COc1c(CC=C(C)C)c(O)cc(CCc2ccccc2)c1C(=O)O,0.705299973487854,0.9948971271514891,0.1424299405718391,2.434732,10.008818626403809,0.3491823971271515,0,1,0,0.2857142857142857,4.392900000000003,0.7335493613464174
13ae674a8cfd13e2e19e089c4f763475,OC(CCCN1C=CC(O)(c2ccc(Cl)cc2)CC1)c1ccc(F)cc1,0.6877999901771545,0.981490671634674,0.5424387834288857,3.55728,-6.177116394042969,0.9449166893959046,0,0,0,0.3333333333333333,4.399900000000004,0.7860458702689839
4d74db446cdf394013c518ee1c389095,CCCCCCC(C(C)O)n1ccnn1,0.4156999886035919,0.7362069487571716,0.0963535966954871,3.46663,1.8086189031600952,0.0743036415427923,0,1,0,0.8181818181818182,2.1704,0.7031352696022014
53f1643698473be06a21ac1892872761,Cc1ccccc1CNC(Cn1cncn1)c1ccccc1,0.3393999934196472,0.7970086932182312,0.1767842173576355,2.526754,-12.250296592712402,0.6336784422397613,0,0,0,0.2222222222222222,3.1176200000000014,0.7588307474364026
6c8ee88706ac383c4d49ea32a98d78a8,O=C(O)COc1cc2c(c(Cl)c1Cl)S(=O)(=O)C(C1CCCCC1)=C2,0.6940000057220459,0.9666333198547364,0.1645798527381637,3.24649,5.728096961975098,0.0421180300414562,0,0,0,0.4375,4.165300000000003,0.8335656283414085
ff5cee25ea9b42541a9a6f0059358a25,COc1ccc(N2CC(C(=O)N(C)CC3CCCN4CCCCC34)CC2=O)cc1,0.5042999982833862,0.304312527179718,0.1170479096472263,3.290938,6.2658772468566895,0.8497797012329101,0,0,0,0.6521739130434783,2.771000000000001,0.7640622037787426
c3c53269e4517c9e29039f97232f012b,C[n+]1ccc2c(ccc3[nH]c4ccc(O)cc4c32)c1,0.5777000188827515,0.971623420715332,0.4910815412347967,2.701766,11.104004859924316,0.6109617233276368,0,1,0,0.0625,3.0044000000000004,0.4619930904565675
2df6cdf9d137aadf85b189417309f821,COC(=O)C12CCCN1C(=O)C(Cc1ccccc1)(NC(=O)OC(C)(C)C)CC2,0.5557000041007996,0.8129236102104187,0.0750881059264594,3.639921,0.25468909740448,0.6453390955924988,0,0,0,0.5909090909090909,2.8206000000000007,0.783096927177076
99e8deb202e8c6950fa9ce7ccaeaf272,COc1cc(C2CN(C(=O)c3cc(OCC(O)CO)ccn3)C2)ccc1OCc1ccc(C2CC2)cc1,0.6370000243186951,0.9464074969291688,0.1848709620535373,2.971737,-1.8063708543777464,0.7713226199150085,0,0,0,0.3793103448275862,3.518200000000002,0.4120693376663752
d74cf1ea9a2f86a67107fbb03e0b088c,CC(C)(C)C1CCC(N(C(=O)Nc2ccc(OC(F)(F)F)cc2)C2CCc3cc(C(=O)NCCC(=O)O)ccc32)CC1,0.7678999900817871,0.9971518516540528,0.1828863078897649,3.273713,-5.688508987426758,0.370926547050476,0,0,0,0.5161290322580645,6.916000000000006,0.3100054779364488
efd4f4d8ec24f2d4638b9946275fe9ed,Cc1ccc(OC2(C(=O)O)CCN(CC=Cc3ccco3)CC2)cc1,0.4467999935150146,0.7733065485954285,0.1892125355926427,2.626417,-5.1674394607543945,0.4568362951278686,0,0,0,0.35,3.599420000000003,0.86965984741301
d9a43ba2920cd3d4fdc5840144edd9cc,Cc1cc2nc3c(c(O)n2n1)CCCC3,0.303299993276596,0.8676196336746216,0.0809867036613551,2.660071,-5.977632522583008,0.0265720920637249,0,0,0,0.4545454545454545,1.6221199999999998,0.7074834298560372
83f852e570e65b53261368718212a1cb,CCc1c(C(=O)NCc2ccc(OC)c(F)c2)sc2nnc(C)c(C)c12,0.5540000200271606,0.7722283005714417,0.1420945789326321,2.539095,-8.336348533630371,0.6093548119068146,0,0,0,0.3157894736842105,3.948240000000003,0.7355146131417143
3536153b7d015f07da66f3e5937fbe8d,Cc1c(O)nc(SCc2ccc([N+](=O)[O-])cc2)nc1Cc1c(Cl)cccc1Cl,0.6769000291824341,0.9956119656562804,0.3799920867789875,2.564619,-10.396323204040527,0.6565106809139252,0,1,0,0.1578947368421052,5.588720000000004,0.2346030291612391
55853b5b5f9ce603b3c96e82d00fa063,CCN(CC)CCNC(=O)c1c(C)[nH]c2c1CCCC2=C1C(=O)Nc2ccc(S(=O)(=O)N(CC)CC)cc21,0.6021000146865845,0.913191556930542,0.1584670760414817,3.051601,-7.699862480163574,0.9470123648643494,0,1,0,0.5,3.6244200000000024,0.3976641227029585
59994d196897a47f92d9f2aa829979c7,COc1cc(CCNCc2ccc3c(c2)OCO3)c(Cl)cc1NC(=O)Nc1cnc(C#N)cn1,0.6500999927520752,0.9519218802452089,0.3722312653606588,2.691113,-7.200194358825684,0.9360999464988708,0,1,0,0.217391304347826,3.715280000000001,0.4157217161054991
756196961eb3e9bbc1e4328521b18d4a,CC(C)C(=O)N1CCN(c2ccccc2NC(=O)c2ccc([N+](=O)[O-])o2)CC1,0.6931999921798706,0.8214277029037476,0.1347798217426646,2.2586,-11.870038986206056,0.7223008632659912,0,1,0,0.3684210526315789,2.744700000000001,0.6250797030159946
76521dcafcf7cef37651fca72429d13f,CCCCCCc1ccc(N(S(=O)(=O)c2ccc(O)c(O)c2)S(=O)(=O)c2ccc(O)c(O)c2)cc1,0.7297999858856201,0.989862024784088,0.2595411092042923,2.580499,-4.255007266998291,0.8510956525802612,1,1,0,0.25,4.2160000000000055,0.2285707917178859
1311b2448b9ed3d21c2373a06d49deb6,NNC(=O)CC(=O)Nc1ccc(Cl)cc1,0.3652999997138977,0.9051337838172911,0.1100383441556583,1.815663,-6.747601509094238,0.1282130517065525,0,1,0,0.1111111111111111,0.6584999999999998,0.3069807820316232
941a60733b60fa40d8e1b42eb369df3c,COC(=O)C(NC(=O)C(C)NC(=O)c1ncn2c(=O)n(CCCl)nnc12)C(C)C,0.5401999950408936,0.7228475213050842,0.1346696588126096,3.515179,7.023768424987793,0.3158619940280914,0,1,0,0.5625,-1.043099999999998,0.4002184873328994
3b3f5852b080ae785949381da9c89877,COCCOCCOCCOc1cccc2c1C(=O)c1cccc(OCCOCCOCCOC)c1C2=O,0.5572999715805054,0.9521323442459106,0.53328130597418,2.550619,0.4939803779125213,0.8947018265724183,1,1,0,0.5,2.5788,0.2015490764080768
86154881251ee237612e6529639d5c19,Nc1cnc(-c2ccc(F)cc2)n(CC(=O)NC(CC(=O)O)C(=O)COC(=O)c2c(Cl)cccc2Cl)c1=O,0.6977999806404114,0.970750629901886,0.1724463938312097,3.1273,-1.5880333185195925,0.1885158747434616,0,0,0,0.1666666666666666,2.3240000000000007,0.3122835267742173
858e8d5d5a0cf98c17fa2e71adac967f,CCOc1ccc(-c2nc(C(=O)N(C3CCCCC3)C3CCCCC3)co2)cc1OCC,0.531499981880188,0.7945107817649841,0.3134982463988391,2.530213,-8.202006340026855,0.563634842634201,0,0,0,0.6153846153846154,6.246600000000007,0.4855616343275566
86531ff724b39ceb5caf3d897dd90924,CCCn1c(=O)c2nc(C(C)(C)CCC)[nH]c2n(CCC)c1=O,0.4505000114440918,0.67843097448349,0.1197084560990333,2.951044,1.4440196752548218,0.8643540143966675,0,0,0,0.7058823529411765,2.7840000000000007,0.8523146688173603
160514d27fe6e5a85cfeac46468e4561,O=C1CC(C(=O)N2CCOc3ccc(CN4CCC(Oc5cccnc5)CC4)cc3C2)c2ccccc21,0.6129999756813049,0.7757081389427185,0.2298690534450791,3.141537,-10.07716464996338,0.839292311668396,0,0,0,0.3666666666666666,4.216200000000004,0.5258451242611685
180226c72d88c64f8833a2786a763083,CCC(C)Sc1nc(O)c(C)c(Cc2cccc([N+](=O)[O-])c2)n1,0.6168000102043152,0.9742189645767212,0.2081572284752672,3.125291,-9.336200714111328,0.258979344367981,0,1,0,0.375,3.880220000000003,0.3733323466204475
c434290f7c62ad084daeb3daa99d979f,CC(c1cccc(Nc2nccc(-c3c(-c4cccc(NC(=O)c5c(F)cccc5F)c4)nn4ccccc34)n2)c1)S(C)(=O)=O,0.6351000070571899,0.9329600930213928,0.4487406760454178,3.380825,5.010599136352539,0.949481999874115,0,0,0,0.0909090909090909,6.838000000000006,0.190427351718775
e9f1c543560eb1fe7bf451672a259121,COc1ncc(-c2ccc3c(N)ncnn23)cc1C(=O)NC1CN(C(=O)c2ccc(F)cc2)CC1F,0.6973999738693237,0.8126317262649536,0.2457467222755605,3.649794,7.566807746887207,0.8641469597816467,0,0,0,0.2083333333333333,2.1136999999999997,0.4359013512939378
e380037a0df14d36fe14c601209caec6,C=CC(C)C=CCCCCCCCCOC(C)=O,0.4855999946594238,0.9475057721138,0.2329574586315588,3.064468,10.687169075012209,0.4555481165647507,0,1,0,0.6875,4.6585000000000045,0.3035841197881474
04426ce1ed7eaba5729107f58f119fb4,Cc1ccccc1NS(=O)(=O)c1cc(C(=O)NCc2ccco2)ccc1C,0.4203999936580658,0.6721769571304321,0.0727547339417717,1.98179,-11.44953727722168,0.6139912605285645,0,0,0,0.15,3.6272400000000022,0.6792401053635774
58cf0dd17aeed80dd860003fb85bd0ac,O=[N+]([O-])c1ccc(SC(=S)N2CCN(c3ccccc3)CC2)c([N+](=O)[O-])c1,0.6039000153541565,0.9507933855056764,0.3585094335404309,2.413988,-9.5455904006958,0.6082441329956054,0,1,0,0.2352941176470588,3.702200000000002,0.3295662057022807
ddd1d9898b5a0446a523a20e6cd1984a,COc1cccc(CN(C)C(=O)C2CCCN(C(=O)c3ccc(Cl)cc3)C2)c1,0.534600019454956,0.2630729377269745,0.0923242152414538,2.401482,-10.675999641418455,0.8450417041778564,0,0,0,0.3636363636363636,3.859400000000003,0.7652895778334857
521974c8c5a466713bea777a0ac412e5,O=C(O)C1CC23C(Cl)C(Cl)=C(Cl)C(Cl)C2(CC1c1c2ccc(=O)c(O)c-2oc2c(O)c(O)ccc12)C3(Cl)Cl,0.7958999872207642,0.9987748861312866,0.3144791435545564,5.371959,12.88094425201416,0.3723871856927871,1,1,0,0.36,6.6707000000000045,0.1399051214169022
db725009315303a7137cbe3f3f2d08a3,CC(O)C1C=CC=CC(=O)OC2CC3OC4C5CC5(C)C(O)CC4(COC(=O)C(O)C(C)CCO1)C2(C)C31CO1,0.6801999807357788,0.9492316246032716,0.3629246198318221,7.586395,11.268749237060549,0.232509209215641,0,1,0,0.8,1.4441000000000004,0.3172179729529
041ad0c13487ac35cedcc5824b21ffa2,COc1cc(C(=O)c2c[nH]c(-c3ccc4cc[nH]c4c3)n2)cc(OC)c1OC,0.5774999856948853,0.9411270022392272,0.3626436631787907,2.72187,-7.069388389587402,0.9045531272888184,0,0,0,0.1428571428571428,3.8148000000000017,0.4988325936108331
87352a71726fe6828bd19a8fb29d227a,O=C(CSc1nnc(CNC(=O)c2ccccc2)n1-c1cccc(Cl)c1)Nc1ccccc1F,0.4819999933242798,0.8226394057273865,0.1502194817770611,2.129225,-11.334582328796388,0.6133994221687317,0,0,0,0.0833333333333333,4.720600000000003,0.345186036427774
f3c1a0cd3ce28a4d17fd9fc901f5664d,CC(C)(C)OC(=O)N1CCN(CCc2ccc3c(c2)c2cccnc2n3C2CCC(=O)NC2=O)CC1,0.6488999724388123,0.9189086556434632,0.1104724000800739,3.156479,-8.889246940612793,0.6692344307899475,0,1,0,0.4814814814814814,3.2624000000000013,0.5630179236921931
301b7c69e6ea8a5e44a8b9c1b124b288,CCCCCC(=O)N1CCc2cc(OC)c(OC)c3nccc1c23,0.4921000003814697,0.7616408467292786,0.1535627151077443,2.487762,-3.712833166122437,0.7671540975570679,0,1,0,0.4736842105263157,3.7214000000000023,0.7584284033135839
a04dcfac83e5a8d67bad0ddae34c46d4,CCCCNc1sc(S(=O)(=O)CC)nc1S(=O)(=O)c1ccc(C)cc1,0.4372000098228454,0.838096559047699,0.0776035155762325,2.567821,-7.905473709106445,0.4354167014360428,0,1,0,0.4375,3.289920000000002,0.6811660830099034
3625bbf54f390c4954d5fd2908cc999c,Cc1cc(C)c(CNC(=O)N2CCCC2c2cc(C)on2)c(=O)[nH]1,0.3858999907970428,0.1845463812351226,0.0330052958928387,3.109737,-8.681514739990234,0.2856704711914062,0,0,0,0.4705882352941176,2.33486,0.903402648026168
37027f549a06f63538c9b8f8aaa4463e,Cc1noc(-c2ccc3c(c2)OCO3)c1C(=O)NCCC(c1ccccc1)c1ccccc1,0.6338000297546387,0.9398487210273744,0.1720394173806363,2.373871,-9.073169708251951,0.95014226436615,0,0,0,0.1851851851851851,5.330720000000005,0.4204417633456004
f6ee550bd3bfbfc98fc57594b1e1412b,Cn1c(=O)c2c(nc(SCC(=O)NCC3CCCO3)n2C)n(C)c1=O,0.4406000077724457,0.3085773587226867,0.0434391888874498,2.935891,-6.189162254333496,0.2552145794034004,0,0,0,0.6,-0.6419999999999995,0.7057335337976016
5cf34c2230573b7deb4884302e74ffba,CC(=O)NCC1CN(c2ccc(-c3ccc(C=CC(=O)N4CCOCC4)cc3)c(F)c2)C(=O)O1,0.7944999933242798,0.8188468813896179,0.1555776995691386,2.984402,-5.904560089111328,0.4194865763187408,0,1,1,0.32,2.8260000000000005,0.6604793722705035
a07e1306ca6c52a319dec62fe87ad2db,COc1c(C(=O)N2CCN(C(C)(C)C)CC2)c(C)nn1C,0.3303000032901764,0.314508318901062,0.0381584337870167,2.556124,-9.234450340270996,0.5663242518901825,0,0,0,0.7333333333333333,1.2934199999999991,0.8246588652037423
ee1981f245c0834550db3f4f2ab890dd,C=CC(=O)Nc1ccccc1C1CCNc2c(C(N)=O)c(-c3ccc(F)c(C)c3)nn21,0.6209999918937683,0.9330546855926514,0.2693326344544237,3.410593,-7.647734642028809,0.8187916874885559,0,1,0,0.1739130434782608,3.626020000000001,0.549782877856002
d34c9451ebaa1ba7d0b36aaa4ee9018d,COc1ccc(CN(C)C(=O)C(Cc2ccccc2)NC(=O)c2ccccc2)c(OC)c1OC,0.4361999928951263,0.6983250379562378,0.1562477390874516,2.562972,-3.1005194187164307,0.7937427878379821,0,0,0,0.2592592592592592,3.712100000000002,0.4971006012350898
7e1a70b886e173114d58738e88337223,CCOC(=O)c1c(-c2cccc(F)c2)[nH]c2cc(OC)c(F)cc2c1=O,0.5580000281333923,0.9444873929023744,0.2287593903866681,2.301831,-10.035897254943848,0.6790062189102173,0,0,0,0.1578947368421052,3.6586000000000025,0.722112611311725
ccd886b891beadbb0a63270ce326eb72,COc1ccc(NC(=O)N(Cc2ccco2)C2CCN(C(C)=O)CC2)c(OC)c1,0.3632999956607818,0.2478648424148559,0.0506712790917266,2.293505,-6.665989875793457,0.6069114506244659,0,0,0,0.4285714285714285,3.341800000000002,0.8025486287033068
25b3db4802a0039a4ac1b5b050e8f0c5,Cc1cc(C)nc(NC(=S)N2CCN(Cc3c(F)cccc3Cl)CC2)c1,0.5612999796867371,0.9273539185523988,0.2228526432405818,2.325547,-0.8380496501922607,0.96591637134552,0,1,0,0.3684210526315789,4.0055400000000025,0.7976294538725823
af145a4f2360c247ed6320de298a5a45,CC1=CC(=O)N(Nc2nc(-c3cccs3)nc3sc(-c4nnc(-c5ccccc5)o4)c(C)c23)C1=O,0.6087999939918518,0.8983030915260315,0.3241031183437867,3.020476,-12.073247909545898,0.5955546379089356,0,1,0,0.0833333333333333,5.087220000000004,0.3321370031520495
944bc76385946bb0903abbad0f4ad7bc,CCOC(=O)c1c(CN2CCN(c3ccccc3)CC2)oc2cc(Br)c(O)cc12,0.6198999881744385,0.9472485184669496,0.1949344074184244,2.414627,-6.180300235748291,0.9613684773445128,0,0,0,0.3181818181818182,4.399800000000005,0.5710617507567425
e16d5a38876d124f33ccd1fa51f62ffc,COc1ccc(OC)c(NC(=O)c2ccc3c(SCC(=O)O)c4c(nc3c2)CCCC4)c1,0.5404000282287598,0.9421958923339844,0.1145101866938851,2.419558,-5.0417633056640625,0.3809015214443206,0,0,0,0.2916666666666667,4.559800000000003,0.5072538449859824
d857045a1d1eed1ab6dbff39fd77ffa0,CCCCCC(=O)Cc1cc(O)c(O)c2c1C(=O)Oc1cc(O)c(C(=O)O)c(CCCCC)c1O2,0.784600019454956,0.997584342956543,0.104677311737429,3.204649,12.374089241027832,0.2706189185380935,1,1,0,0.4230769230769231,5.251100000000005,0.1443925716451862
55df481f7e1cfffecb1ba73cd4998f94,CNC(=O)N1CCn2c(C3CC3)nc(N3CCCc4cc(-c5cnn(C)c5)c(C(F)(F)F)cc43)c2C1,0.736299991607666,0.9520590901374816,0.2123339948329058,3.309559,-3.2002065181732178,0.8842584967613221,0,0,0,0.48,4.419100000000004,0.5793956167064243
a5f690ffaf6a2e57445cc9954c591b85,COC(=O)C=CC(=O)Nc1ccc(Cl)c(Cl)c1,0.5332000255584717,0.9681550860404968,0.4984430223703384,1.955391,-8.851085662841797,0.1166862875223159,0,1,0,0.0909090909090909,2.6611,0.6805944838700158
f818bead70d956696985712b02f9c3ef,Nc1ncnc2nc(-c3ccc(N4CCCC4CO)nn3)cc(-c3cccc(Br)c3)c12,0.6819999814033508,0.9431089758872986,0.5097654367035086,3.221871,7.1001152992248535,0.8422966718673706,0,0,0,0.2272727272727272,3.454600000000002,0.4586692856450845
382289689f49f54415c0c31b1afe51a0,COC(=O)c1ccccc1S(=O)(=O)NC1Cc2ccc(-c3cc4ccccc4n3C(=O)OC(C)(C)C)cc2C1,0.5942000150680542,0.9820372462272644,0.1935547468337145,3.13523,-8.474032402038574,0.7984839797019958,0,0,0,0.2666666666666666,5.323800000000005,0.3398121819111217
2a7bd26ff0cfaa2cfaf9687947f77f2b,c1coc(-c2nc3c4c5c(sc4ncn3n2)CCCC5)c1,0.4693999886512756,0.7784435153007507,0.1509973626922477,2.586604,-9.964896202087402,0.204103684425354,0,0,0,0.2666666666666666,3.477800000000002,0.5394049236756121
b62f96b03a40fd0a4924b0ae94f59c9f,C=Cc1cc2c(cc1C)CCc1c-2ccc(O)c1C,0.5493000149726868,0.995072305202484,0.380512616851113,2.599573,10.576568603515623,0.6116039991378784,0,0,0,0.2222222222222222,4.417640000000004,0.7940869808166777
e95b3976f1b094a8a316f2a4f4f6e4f4,CN(NC(=O)Nc1csc(Cc2c(Cl)cccc2Cl)n1)c1ccccc1,0.6103000044822693,0.9794576168060304,0.3071203082799911,2.630031,-6.338838577270508,0.65605229139328,0,1,0,0.1111111111111111,5.213600000000003,0.5709375907104998
bc96ccf348662db718a913988afe30e5,COC(=O)C(C)NC(=O)C(CC(C)C)NC(=O)CC(O)C(Cc1ccccc1)NC(=O)OC(C)(C)C,0.5228999853134155,0.9050112962722778,0.1709399704228748,3.484139,4.110159873962402,0.6757501244544983,0,0,0,0.6153846153846154,2.0820000000000007,0.3172573728299802
c279c7e19ad266bf95924cdd01b142a6,Oc1cc(-c2ccc(F)cc2)ccc1Oc1ccc(Cl)cc1Cl,0.7935000061988831,0.9994166493415833,0.4206267215988852,1.835655,-7.815226554870605,0.6985063314437866,0,0,1,0.0,6.297400000000003,0.6014296039819678
716e6ac28e7c76f1e59a21245b315bae,Cc1cc(N(CCCl)CCCl)ccc1N=Nc1ccccc1C(=O)O,0.632099986076355,0.9787129163742064,0.1777210472659631,2.672091,-10.834400177001951,0.4127307265996933,1,1,0,0.2777777777777778,5.392620000000004,0.493101485272072
aa0c6565e5c74064533f19b7c6a52591,COc1cc(-c2nnc(-c3ccc4c(c3)CCC4(CCCN(C)C)c3ccc(F)cc3)[nH]2)ccc1O,0.6363000273704529,0.9939544200897216,0.4805306440049952,3.415156,3.396479845046997,0.9482194423675536,0,0,0,0.3103448275862069,5.566100000000006,0.3408222004182743
26e01706cd9638102851b03a9aefbaaf,CC1CN(S(=O)(=O)c2ccc(C(=O)N3c4ccccc4CC3C)cc2)CC(C)O1,0.546999990940094,0.4194825291633606,0.1125859670679677,3.149321,-1.4639064073562622,0.7369179964065552,0,0,0,0.4090909090909091,3.0759000000000016,0.7742025990133414
b081642b7856a98541a0f1b4ce278424,CC(C)(C)CC(=O)NC1(C)CCS(=O)(=O)C1,0.3199000060558319,0.3217355906963348,0.0450465775687586,3.206603,-8.324653625488281,0.0393821750301867,0,0,0,0.9090909090909092,1.116,0.7949431881395356
66444cf5951eb159e7a769cb94204c73,NC(=O)CCC1NC(=O)c2cc(Oc3cccc4ccccc34)c(NC(=O)C3CC3)cc2NC1=O,0.6071000099182129,0.9376981258392334,0.1868066780946471,3.041989,-9.652426719665527,0.6034730553627015,0,0,0,0.2307692307692307,3.2966000000000006,0.4177751745101354
4e99c8b2f48394528176e8f446cb7e48,COc1ccc(OC)c(-c2c(C#N)c(N)nc3c2C2CCC(C3)N2)c1,0.5504999756813049,0.8933732509613037,0.4217235005714677,4.226785,-2.7095651626586914,0.9159069895744324,0,0,0,0.3684210526315789,2.56888,0.89464246307915
17cb881ef4febf7046ab192a6639898f,O=C(COC(=O)CC1c2ccccc2CCN1S(=O)(=O)c1ccccc1)Nc1ccccc1,0.4424999952316284,0.7481647729873657,0.0726925564760511,2.588899,-4.238916397094727,0.8619885206222534,0,0,0,0.2,3.546700000000002,0.5400909810551351
e062b38a8129f349f8fded03de1e1b73,C#Cc1ccccc1Nc1nc(Nc2cnn(C)c2)ncc1C(N)=O,0.5252000093460083,0.8618277907371521,0.431191243908622,2.683687,-6.1582841873168945,0.3773557305335998,0,1,0,0.0588235294117647,1.7774999999999994,0.6138387075191127
6ca1c279c23b1b222ab4b08787582bcb,C=CC1CN2CCC1CC2C(=O)c1ccnc2ccccc12,0.5683000087738037,0.7544867992401123,0.1988097131252288,4.329334,10.96674919128418,0.8220604658126831,0,1,0,0.3684210526315789,3.313900000000002,0.6425485521503679
cc2ce9bfbdfbcf7fd20aa41841298cca,O=C(NCc1ccc(F)cc1F)c1ccccc1Sc1ccc2c(C=Cc3ccccn3)n[nH]c2c1,0.7105000019073486,0.9837912321090698,0.2970933291045102,2.713038,-4.941401481628418,0.9434463500976562,0,0,0,0.0357142857142857,6.487700000000006,0.2691909668321023
230fefd7673f3a3c21d2abbdd0fe4765,O=C(OC(C(F)(F)F)C(F)(F)F)N1CCC2(CCCN2Cc2cccc(N3CCC4(CCOCC4)C3)c2Cl)CC1,0.7785999774932861,0.8441948294639587,0.2106383002617142,4.147003,2.25053334236145,0.94897962808609,0,0,0,0.7407407407407407,6.407100000000007,0.3756745113877258
7ea3d917437d557612712c81bee17649,COc1cccc(-c2ccc(S(=O)(=O)N(C)Cc3cccc(O)c3)s2)c1F,0.636900007724762,0.8756895065307617,0.1555959771979939,2.373027,-7.634524345397949,0.8888010621070862,0,0,0,0.1578947368421052,4.089100000000003,0.6684030490436249
f6198350800073f1a6531e136bd9b2e6,CN(C)CCN(C)CC1CN(C(=O)c2ccc(F)c(Cl)c2)CC1CO,0.5145999789237976,0.5109548568725586,0.1925716542384841,3.173098,-3.5533993244171143,0.8548662781715393,0,0,0,0.6111111111111112,1.653,0.7914293705969951
fe27fb51a3eb1aa6c25efb0697eac2e2,Cc1nc(C2CCCN2CC(=O)N(Cc2ccsc2)C2CC2)no1,0.3916999995708465,0.118294283747673,0.0491895492781292,3.207221,-5.919686317443848,0.3773513942956924,0,0,0,0.5882352941176471,2.767620000000001,0.8047151211801062
414a821400d88e3ecab4c8d9803f1b99,O=P(O)(O)Cc1cc(-c2ccc(F)cc2)ccn1,0.4433000087738037,0.8795416951179504,0.2739119191061366,2.279371,0.5829029083251953,0.1246108895167708,0,1,0,0.0833333333333333,2.5654000000000003,0.8383238792354264
ada3de366a9dc11c61fe872073564ca8,O=C(Oc1cc(S(=O)(=O)c2ccccc2)ccc1[N+](=O)[O-])c1ccc(Cl)cc1,0.5978999733924866,0.9887530207633972,0.2452694611115889,2.042433,-9.241963386535645,0.2694060683250427,0,1,0,0.0,4.300200000000003,0.2651243430546537
bc7e95d1745be2dd296346425b5d3ba7,COc1cc(-c2ccc(O)cc2)c(OC)c(O)c1-c1ccc(O)c(O)c1,0.6208999752998352,0.992399513721466,0.2964825562455437,2.30481,11.44902515411377,0.7588143467903137,1,1,0,0.1,3.8602000000000034,0.5310928626701448
f8988a5656910976b83f17afd3153eca,CCCCOc1ccc(C(=O)n2c(C)c(CCC(=O)O)c3cc(OC)ccc32)cc1,0.599399983882904,0.9616217613220216,0.2012346183711832,2.201065,-2.5065832138061523,0.4799807369709015,0,1,0,0.3333333333333333,4.842920000000004,0.5116611055680294
7c0ef9ca3a181833061d6c0901414ae7,CNC(=O)C1CCCN1C(=O)c1ccc2c(c1)C(O)(C(F)(F)F)c1ccccc1-2,0.640999972820282,0.9211709499359132,0.1699187904596328,3.180899,3.3340113162994385,0.70940403342247,0,0,0,0.3333333333333333,2.815800000000001,0.8089342512577451
f0720b2d0721a6d7a9d6eec0f5581cb6,N#Cc1c(O)ccc2cc(-c3ccc(O)cc3)ccc12,0.5490999817848206,0.9959686994552612,0.3330395289442756,2.116849,-1.2731192111968994,0.6049960255622864,0,0,0,0.0,3.7896800000000015,0.7000643272733652
1ae2b8fdb8f92fdedd1ef2d1f5f58cf5,COc1ccc(C23Cc4ccccc4C(O2)c2c(c4ccc(OC)cc4oc2=O)O3)cc1,0.5927000045776367,0.970791518688202,0.3197254105047746,4.251561,5.51716423034668,0.7420629978179931,0,1,0,0.1923076923076923,4.717700000000005,0.4401866207030538
4a7a7fce33bb7bd0432d83f64f4773ff,Cn1c(C(=O)NC2(c3ccc(C(C(=O)O)c4cccnc4)cc3)COC2)cc2c(Cl)c(Cl)ccc21,0.7559999823570251,0.978152632713318,0.2146224731748754,3.372566,-5.449638366699219,0.331190612912178,0,0,0,0.1923076923076923,4.752100000000003,0.3906494501078392
31493a3204a5094df1ca208492e3e24a,O=C1CCCC2=C1C(c1ccc(C(F)(F)F)cc1)N(C(=O)CCl)c1ccc([N+](=O)[O-])cc1N2,0.7035999894142151,0.9956767559051514,0.4283200028267773,3.213472,-8.7710599899292,0.5751806855201721,0,1,0,0.2727272727272727,5.359300000000004,0.3632812140240355
747131faf6e6477839ed28c5ced6dfde,CCCCCCS(=O)(=O)c1cc(Cl)c(C(=O)CCN2CCN(C(C)=O)CC2)c(Cl)c1,0.6852999925613403,0.9032814502716064,0.0957799211821772,2.518916,-4.565974235534668,0.7542260885238647,0,1,0,0.6190476190476191,4.084300000000003,0.3750616830197182
e823b2a1b096225ec18a8e5b8c0d8785,CC(CNC(=O)c1ccc(F)cc1Cl)N1CCCC1,0.3840999901294708,0.3074422180652618,0.1524627869102088,2.382582,-9.914177894592283,0.8309621572494507,0,0,0,0.5,2.693200000000001,0.9219198485608272
ca6cf93cda9e917f27a05d6f6b7c70ac,O=C(CN1CCN2C(=O)OCC2C1)NCC1CCCCC1,0.5109999775886536,0.4833030998706817,0.0818353806706992,2.854221,-8.982908248901367,0.3905421674251556,0,0,0,0.8666666666666667,0.8192999999999997,0.8339168762997772
c6df2cf56b5225881d28664dc1c31213,COC(=O)c1cc(CC2Cc3cc4c(cc3C2=O)CCC4)cc2c1CCC2,0.6201000213623047,0.9523183703422546,0.1941155306994915,3.157108,4.547174453735352,0.5733363807201386,0,0,0,0.4166666666666667,4.048300000000003,0.7758412157764263
e5e4a48e8914d59a7b33abe99cb52c7f,CCOc1cc(CNCc2ccc(C(=O)O)cc2)ccc1OC,0.4390999972820282,0.6464662551879883,0.0769363431767983,1.711135,-5.490605354309082,0.0935227900743484,0,0,0,0.2777777777777778,3.081900000000001,0.7833478933633711
97d48a7d8270740df2a937a009352119,CC12CCc3c(cnc4cc(O)ccc34)C1CCC2=O,0.5371999740600586,0.9453798532485962,0.2347799910401756,3.478087,9.975409507751465,0.1271655425429344,0,0,0,0.4117647058823529,3.339400000000002,0.7960838622662432
c811b0824268ea8f3b28e0610a3a38d2,COc1cc(O)c(C(CC(=O)N2CCCC(C)C2)c2cc(OC)c(OC)c(OC)c2)c(OC)c1,0.4966000020503998,0.8028628826141357,0.249461567537351,3.237404,4.014479637145996,0.7939824938774109,0,0,0,0.5,4.2157000000000036,0.5836236576451526
c078ec19c603647128b02b0a0641096b,COc1ccc(NC(=O)CN(c2ccc(C(C)C)cc2)S(=O)(=O)c2c(C)noc2C)cc1OC,0.5045999884605408,0.8237213492393494,0.090834751386534,2.360981,-10.474352836608888,0.8261190056800842,0,0,0,0.3333333333333333,4.266040000000004,0.4798383830938737
9d54d8ad7fb85bf7b50a9a20f6b9030a,CCCCCCCC1(c2cccc(Cl)c2)NC(=O)N(CC2CC2)C1=O,0.6424000263214111,0.9468381404876708,0.2348948087204586,2.873371,-7.674564361572266,0.7027708888053894,0,1,0,0.6,4.857600000000004,0.5035231777182873
771241db321afe55f1bab81f6048903f,COC(=O)NC(c1cc([N+](=O)[O-])cc2nc(O)c(O)nc12)P(=O)(O)O,0.6292999982833862,0.9040849208831788,0.176668335090984,3.759004,-2.9671661853790283,0.1659960009157657,0,1,0,0.1818181818181818,0.4814999999999994,0.2824523962843098
35b1e6db029285a62bf6f66aa3635064,CC(C)(C)C(=O)CC(=O)C(F)(F)C(F)(F)C(F)(F)F,0.5863999724388123,0.9392289519309998,0.091037862278013,2.789923,-7.785795211791992,0.1612379214726388,0,1,0,0.8,3.3937000000000017,0.5883953758513504
2f6bd0844df04e5a19549f4df4254978,Cc1cc(N2CCN(C)CC2)n2ncc(-c3ccc(F)cc3)c2n1,0.4665000140666961,0.8694441914558411,0.2711722010915929,2.301129,-5.378415107727051,0.9577168822288512,0,0,0,0.3333333333333333,2.5956200000000003,0.7256316493431475
97169d4701f8638570b2847d994ea2a1,COc1cccc(C2=CCN(c3ccccc3O)C(=O)N2)c1,0.4821999967098236,0.9350025057792664,0.1946104805577885,2.482042,5.033905982971191,0.620705634355545,0,0,0,0.1176470588235294,2.9715000000000007,0.9150489821070874
570b9ee8503836d41c61cf983041cb25,Cc1ccc(CNC(=O)C2CN(c3ncnn4cc(-c5ccc(Cl)cc5)cc34)C2)cc1,0.6589999794960022,0.9374534487724304,0.2427442913705652,2.410821,3.676308870315552,0.911869215965271,0,0,0,0.2083333333333333,4.110720000000003,0.5161938768475844
b6df98ae35f7dea74d79de99cb235eb6,CCCn1c(=O)n(C)c(=O)c2c1ncn2CC,0.4528000056743622,0.5400009155273438,0.0382850825447927,2.35836,-9.2334623336792,0.1877820625901222,0,0,0,0.5454545454545454,0.3265999999999995,0.7710215087299683
e346848f2dcd341b5f2e8e484663df1f,Cc1nc(C)c(C(=O)NC(CCO)c2cccs2)o1,0.3291999995708465,0.5105276107788086,0.045214179564606,3.097491,-9.783520698547363,0.0714383240789175,0,0,0,0.3846153846153846,2.2064399999999997,0.8801349544373865
df7c28081c3e35121a06c4201493770b,CC1=C(C=O)C2(C)CCCC(C)(C)C2CC1O,0.4681000113487243,0.9518427848815918,0.1842420036819848,4.033937,8.752299308776855,0.1930472649633884,0,1,0,0.8,3.0990000000000024,0.7102904862406739
a2625709031f6a517f9b65b2edda64df,Cc1nc(-c2ccc(C(F)(F)F)cc2)sc1C(=O)Nc1cccc(C(=O)O)c1,0.6771000027656555,0.9876502156257628,0.191180443899198,2.074116,-4.83306884765625,0.30887620896101,0,0,0,0.1052631578947368,5.0878200000000025,0.6327515945046425
8e9192a24c719be626aca1f4b357f398,COc1ccc(-c2sc(NC(=O)C(C)(C)C)nc2C)cc1S(=O)(=O)NCc1cccc(S(C)(=O)=O)c1,0.511900007724762,0.8936165571212769,0.1136316880583763,2.612878,-2.386080265045166,0.7125014185905456,0,0,0,0.3333333333333333,3.9937200000000024,0.4326134553455746
6fb324874e15cc229ac9cdac20d280ab,Nc1ccc(S(=O)(=O)c2ccc(N)cc2)cc1,0.4088999927043915,0.9390443563461304,0.1650570414283058,1.762741,-6.01576042175293,0.1415235713124275,0,1,1,0.0,1.6838000000000002,0.7916266736810947
d65898b557319b61469b784ccc49d9e1,Cc1ccc(CSc2nc3nc(C)cc(C)n3n2)cc1,0.3689999878406524,0.8306146264076233,0.1119676195085048,2.177301,-6.159692764282227,0.1953769564628601,0,0,0,0.2666666666666666,3.3418600000000014,0.6918326657376168
277423a9000ab97e3a46a61bb2aee580,COc1c(C(=O)Nc2nccs2)ccc(NC(=O)CC(C)(C)C)c1F,0.4596999883651733,0.8449674844741821,0.1348527974703095,2.436174,-6.148972034454346,0.5036779165267944,0,0,0,0.3529411764705882,3.9178000000000024,0.8415595445409363
f6d7bdbe8f9692d1290258847700a9b9,OCCn1nc(-c2ccccc2)cc1-c1ccccc1O,0.4117999970912933,0.9059446454048156,0.2419473461129448,2.097512,-9.740747451782228,0.4155506730079651,0,0,0,0.1176470588235294,2.915000000000002,0.7722407205451435
a2d95c5fa7e97e4ccb6d8cb39443072d,Cc1ccc(C(=O)NCc2nnc3c(C(F)(F)F)cc(Cl)cn23)o1,0.5800999999046326,0.8011301755905151,0.1585997820577838,2.595929,-8.375492095947266,0.1051769271492958,0,0,0,0.2142857142857142,3.232920000000002,0.7798603852968402
15b4a77f3e2ff1ee2b65075dfdab93b9,COc1ccc(-c2nc(NS(=O)(=O)c3ccc(C(C)(C)C)cc3)c(Oc3ccccc3OC)c(OCC(O)CO)n2)cc1,0.6782000064849854,0.9843080639839172,0.2770383615385402,3.11513,-8.382647514343262,0.9409487009048462,0,0,0,0.2903225806451613,4.783400000000006,0.2047712638837969
f0a6281e1025f54d6f79b4bda51dbd91,CC(C)CC(C)CC(=O)NS(=O)(=O)c1ccsc1C(N)=O,0.4189000129699707,0.6128123998641968,0.0711183984848586,3.071387,-6.137404441833496,0.049426529649645,0,0,0,0.5384615384615384,1.7242000000000002,0.7925432629979908
c7665546856713c7349e037d26af920a,Cc1cc2ncn(CC3CCN(CC(=O)Nc4ccccc4C(F)(F)F)CC3)c2cc1C,0.5989999771118164,0.9230747222900392,0.4257297868078405,2.402574,-10.13012409210205,0.9907586693763732,0,0,0,0.4166666666666667,5.022640000000004,0.6011083010364972
baad130828ff7506f03ec6bfa997fa9a,Cc1cc(C)nc(N2CCN(c3nc(N)nc4c3CCNC4)CC2)n1,0.5327000021934509,0.7231050729751587,0.1689318892630663,2.66732,-8.94665241241455,0.6868079423904419,0,0,0,0.5294117647058824,0.4379400000000005,0.8128553381288863
8636c046ea5266c097e3dd3f3946cc8b,O=C(O)CC(NC(=O)CNC(=O)c1ccc(NC(=O)NCc2ccccc2)o1)c1cccnc1,0.4363999962806701,0.6206708550453186,0.0737731683660637,2.9122,-9.644146919250488,0.112358134239912,0,0,0,0.1739130434782608,2.0583,0.3059069400632817
f9d106abfa26fe4a2fecfadb98e13e05,CC(=O)Oc1ccc(Nc2c3ccccc3nc3c2[nH]c2ccccc23)cc1,0.5993000268936157,0.9934369325637816,0.4768020754510706,2.218024,-8.29252815246582,0.8527209520339966,0,1,0,0.0434782608695652,5.538200000000003,0.3245595029573527
3db8d61a65ef745b77b547d19187026a,O=C(CCC(F)(F)F)Nc1cnccn1,0.3846000134944916,0.6462343335151672,0.0583930763161995,2.294747,-11.558436393737791,0.0342842902988195,0,0,0,0.375,1.7575999999999998,0.8421321909074326
247e49204e5797a08e8268b8a70a87fc,O=C1CC2(CN(C(=O)C(F)(F)c3ccccc3F)C2)NCCN1,0.5774999856948853,0.6707437038421631,0.0712078202261843,3.651194,-7.179097652435303,0.304716071486473,0,0,0,0.4666666666666667,0.6079999999999998,0.8366045370547156
0dace89125f9bf36d100a5a5ae674d77,COc1ccc(C(=O)NC(CC(C)C)C(=O)NC(CC(=O)NC(CC(C)C)C(=O)C2(C)CO2)c2ccccc2)cc1,0.5967000126838684,0.8998128175735474,0.3162503554062409,3.637645,-0.3633815348148346,0.4147047847509384,0,1,0,0.5,3.976200000000003,0.2806524085143009
ca08899e5078089abf84be831b8ea214,O=C(O)c1ccc(Nc2c3ccccc3nc3ccccc23)c(O)c1,0.6000000238418579,0.979612112045288,0.2552153982899405,1.99338,-3.286412000656128,0.290072600543499,1,1,0,0.0,4.535400000000003,0.3794714690428598
1f9fce844a7deb026d7b157b90317089,CN(C)C1C(=O)C(C(N)=O)=C(O)C2(O)C(O)=C3C(=O)c4c(O)cccc4C(C)(O)C3C(=O)C12,0.7760000228881836,0.9977225661277772,0.1464530722322789,4.637679,12.720717430114746,0.1056788116693496,0,1,1,0.3636363636363636,-1.035399999999998,0.2976738753543123
cb58c6df72e7c615978739507396574d,CC(CO)NC(=O)CCCC=CCC=CCCOc1cccc(C(C)(C)CCCCO)c1,0.5497999787330627,0.9233940243721008,0.1723492382602258,3.229559,9.266260147094728,0.8667973399162292,0,1,0,0.5925925925925926,5.065500000000006,0.2311462662415286
71835a2834ffb77cc90f765f1b9c134e,CN1CCCCC1CCNC(=O)c1ccc(N2CCCOCC2)nc1,0.4401000142097473,0.1533645987510681,0.1110153924673795,2.734102,-1.446548342704773,0.8457466840744019,0,0,0,0.6842105263157895,1.9124999999999996,0.8825862402168108
13943f81a4b09c1da8a352915e0bd003,CN1C(c2ccccc2)=NOC1(C)c1ccccc1,0.3761000037193298,0.8257946968078613,0.1304129465398463,2.858818,-2.1389596462249756,0.4833785474300384,0,0,0,0.1875,3.183100000000002,0.8196761414813485
2f974e9a592c59f17601034a4b4948a2,CNc1ccnc2sc3c(=O)n(-c4ccc5scnc5c4)ccc3c12,0.6208999752998352,0.9419527649879456,0.308833280747587,2.896529,-10.088521003723145,0.6626881659030914,0,0,0,0.0555555555555555,4.251800000000002,0.5085991753094626
d1279e2016f66e35d9931555515cf24d,CC(C)C1C(O)=C(C(N)=O)C(=O)C2(O)C(O)=C3C(=O)c4c(O)ccc(N(C)C)c4CC3CC12,0.7960000038146973,0.9970977902412416,0.1428634815595366,4.401376,12.272363662719728,0.4374711960554123,0,1,1,0.4583333333333333,1.528599999999999,0.4278651453793948
22f1cc5a869367a6a8e86a582092955f,CCCSc1ccc(C#N)c(OC)c1,0.4180999994277954,0.7896044850349426,0.0999893818727948,2.1798,-10.347308158874512,0.1784702658653259,0,0,0,0.3636363636363636,3.0689800000000016,0.7112618325407585
a78d76fecdada6939aec1e0b979c2f88,N#Cc1cccc(C2CCCN(CC3CC3)C2)c1,0.4767999947071075,0.7145532369613647,0.0941739656369794,2.591793,-11.818531036376951,0.8831826448440552,0,0,0,0.5625,3.147680000000001,0.8112130356570725
3a2e4ce29cd2a3abcd08dad94c0bf525,Cc1ccc(N2C(=O)c3ccc(C(=O)N4CCN(Cc5ccccc5)CC4)cc3C2=O)cc1,0.4629999995231628,0.7396911382675171,0.141359674998305,2.022222,-10.37156105041504,0.9614928126335144,0,1,0,0.2222222222222222,3.7536200000000033,0.5811680378443094
0676f91079ec1effdfa3750e5623116a,COc1cc(Cl)c(C)c(C[S+]([O-])c2nc3ccccc3[nH]2)c1N,0.6287999749183655,0.9775541424751282,0.3868935081091794,3.770525,-5.19416618347168,0.8561286330223083,0,1,0,0.1875,3.4233200000000004,0.5577310938139759
3a02e0b660c797d354f7cf4043b2ab83,CCOC(=O)CCC(C)=CCCc1ccc2cc(OCc3ccccc3)ccc2n1,0.6151999831199646,0.971128225326538,0.2461288219148462,2.300641,-2.5555036067962646,0.8145723104476928,0,1,0,0.3076923076923077,6.036000000000006,0.3059802061618932
adbbb3421f9efb95e8391ee2cd97b6dd,CCCC(=O)c1cnc2ccc(-c3cc(Cl)c(O)c(Cl)c3)cc2c1Nc1ccc(N2CCNCC2)nc1,0.7432000041007996,0.9942247867584229,0.7029364054853265,2.787401,-4.7448272705078125,0.8182228803634644,0,0,0,0.25,6.445200000000006,0.2341599084749283
a9e9381b5cc462bf2209e624403e8dc6,COCCN1CCCN(C(=O)NC(C)Cn2ccnc2)CC1,0.4578999876976013,0.4180054366588592,0.0341457659378647,2.773407,-12.76487636566162,0.5557583212852478,0,0,0,0.7333333333333333,0.6353000000000009,0.8373350355312141
3c5c349cc497c7530520428f0948cdb6,O=C(Nc1cccc(C(F)(F)F)c1)Nc1ccc(N2CCCC2)c(S(=O)(=O)Nc2ccccc2Cl)c1,0.7645000219345093,0.9957428574562072,0.4761804423548958,2.306549,-11.204360008239746,0.8899137139320373,1,0,0,0.2083333333333333,6.403800000000004,0.3383887618536179
298587d2477e72e2894548dfe7b92bca,COC(=O)c1cccn1-c1cc2nc(O)c(O)nc2cc1C(F)(F)F,0.6632000207901001,0.9256964921951294,0.3076970672065561,2.986958,-11.191004753112791,0.6879797458648682,0,0,0,0.1333333333333333,2.637100000000001,0.6876236018367444
1136b4ddc33f77600125d0e86b916926,COc1cc(CNC(=O)C=Cc2ccccc2OCc2nc(C)c(C)nc2C)ccc1OCc1nc(C)c(C)nc1C,0.4424000084400177,0.9145903587341307,0.1940987001765858,2.865066,-9.509969711303713,0.7998881340026855,0,1,0,0.303030303030303,5.613320000000006,0.2329994399774007
c03e1fd1e428e18547f557dd36529f21,CC(=O)N1CCc2c(c(Nc3ccc(-c4cccc(Cl)c4)cc3)nn2C)C1,0.6334999799728394,0.959377646446228,0.2795309614051472,2.353637,-11.222975730895996,0.7798624277114868,0,0,0,0.238095238095238,4.388700000000004,0.7327387313099862
c504e77b984832f4f5095be497d1658e,COc1cc(F)ccc1-c1c(CN(C)Cc2ccccc2)[nH]c2c(N)cc(F)cc12,0.6866999864578247,0.98976069688797,0.6263578886335547,2.602573,-7.132482051849365,0.9898331880569458,0,1,0,0.1666666666666666,5.335900000000003,0.4245809370698217
b215e02083829e1791a61a6794ee1e5d,COc1ccc(NC(=O)CCCCCC(=O)Nc2ccccc2)c(OC)c1,0.3339000046253204,0.6334217190742493,0.1050037701021541,1.730321,-6.511516571044922,0.8717239618301391,0,1,0,0.3333333333333333,4.231500000000003,0.6136975485787064
ddfd4cbebd6763e540c8b76094ac4f9a,CCCc1c(C(=O)N2CCC2)[nH]c(C)c1C(=O)OC,0.396699994802475,0.4435668587684631,0.0352695340459997,2.260401,-3.4924166202545166,0.2584581345319748,0,0,0,0.5714285714285714,1.90812,0.8448869869524411
f2c14502269bfae2785f9fac966b20a7,CC(C)C(=O)OC1N=C(c2ccccc2)c2cc(Cl)ccc2NC1=O,0.635699987411499,0.9797164797782898,0.4046025574207306,2.914468,-4.3087921142578125,0.4117029845714569,0,0,0,0.2105263157894736,3.6548000000000016,0.8533029924305136
1411dba95fb0cf6c2abc36bf4469ff37,Cc1c(Cc2c(CO)nc3c(-c4ncc[nH]4)cc(N4CCOCC4)nn23)cccc1C(F)(F)F,0.6704000234603882,0.9356122016906738,0.3606362722136758,3.221123,-4.557760238647461,0.9524186372756958,0,0,0,0.3478260869565217,3.3663200000000018,0.4629694234977066
3f19cfddd5281c4d3ba627108e1cd271,CCS(=O)(=O)c1ccc(CNC(=O)c2ccc3c(c2)CN(CC2CCC(O)(C(F)(F)F)CC2)C3C(C)C)nc1,0.7009999752044678,0.9479473829269408,0.2249826788902282,3.675202,8.954026222229004,0.9087590456008912,0,0,0,0.5714285714285714,4.801500000000005,0.4755428861326995
53c7a58f893f721beaeec33c86e5e74b,Cc1cccc(-c2nc(Nc3ccncc3F)c3nc[nH]c3n2)n1,0.5457000136375427,0.9245465993881226,0.3758898804133588,2.78581,-1.414764642715454,0.8989304780960083,0,0,0,0.0625,3.0010200000000005,0.6024380495821267
bb294b1bd314d1cd763810c9a3718e80,CN1C(=O)C(c2ccc(C#Cc3ccc(F)cc3)nn2)CC1(C)C,0.5019000172615051,0.8323625922203064,0.1823506301099604,3.425444,-6.89586067199707,0.2495133101940155,0,1,0,0.3157894736842105,2.7398000000000016,0.7582218648540509
8b4ff98449ac9cc5f54eaf6a182e533b,CC(=O)N1CCCc2sc(C(=O)Nc3ccc(C)nc3)nc21,0.4893999993801117,0.5268808007240295,0.0647369410673325,2.642105,-6.193078994750977,0.3694962620735168,0,0,0,0.3333333333333333,2.39792,0.9228784929194171
8a5725dd9aa5e30bfd46b13b4c1588f2,CC(C(=O)O)C1Cc2c(cc3c(c2O)C(=O)N(C(C)C(=O)O)C3=O)O1,0.6960999965667725,0.8837411999702454,0.1019270123744552,3.822295,7.822052001953125,0.0349679596722126,0,1,0,0.375,0.4855,0.666684272023527
ab2431822aee2bd8bbbc2f798d5b960f,O=C(CCc1ccccc1)c1c(O)cc(O)c2c1OC(c1ccc(O)cc1)C(CC=Cc1ccc(O)cc1)C2,0.7878999710083008,0.9971908926963806,0.2783175761049444,3.648053,9.685358047485352,0.7273267865180969,0,0,0,0.1818181818181818,6.7204000000000095,0.1914312854291973
8e91605bf176cfada6053a3adcd8add1,CC(C)c1noc(C(C)Nc2ccc3oc(=O)[nH]c3c2)n1,0.3424000144004822,0.5931271910667419,0.0871574238620021,3.127884,-8.685519218444824,0.1501432329416275,0,0,0,0.3571428571428571,2.8006,0.7658173096217415
b0aa0e06ac603a3a7a160d12d7a1cfe1,Cc1ccc(-c2cc(C(=O)NCCN3CCCC3)c3cc(Cl)ccc3n2)cc1,0.625,0.9432663321495056,0.2935246622020548,1.997009,-8.888067245483398,0.93872948884964,0,0,0,0.3043478260869565,4.689220000000004,0.6835370882618617
e81276a3a6406e35f1ffc2819f520480,CC(CNC(=O)c1ccc2c(c1)OCO2)c1ccc([N+](=O)[O-])cc1,0.460999995470047,0.8628227710723877,0.1399779732931744,2.47071,-7.551619052886963,0.7211490273475647,0,1,0,0.2352941176470588,2.857000000000001,0.6730003122988163
94de52807d3ab0c0cac43d4aac9cd7b1,O=C(c1cnc(OCc2ccccc2)nc1)c1cccc(C(F)(F)F)c1,0.6377999782562256,0.96018648147583,0.397373307834972,2.147027,-8.084518432617188,0.6164550304412841,0,0,0,0.1052631578947368,4.305400000000002,0.6381347370810144
a97d7841a341c548be4de4bbc756973e,NC(CC(=O)N1CCN(C(=O)c2cccc(-c3ccccc3)c2)CC1)C(=O)N1Cc2ccccc2C1,0.5231999754905701,0.6052214503288269,0.1018514079465107,2.742455,-2.9274938106536865,0.879452383518219,0,0,0,0.2758620689655172,2.897800000000002,0.6059481355903014
b5ee072fffcce0cbcc1de5e1360ed608,O=C1c2c(O)cc(O)cc2OC(c2cc(O)c(O)c(O)c2)C1O,0.5830000042915344,0.9931577444076538,0.1644964373924515,3.533628,11.9304780960083,0.2032025292515754,1,1,0,0.1333333333333333,0.8919000000000001,0.4244413087668663
347268f70ccb6ca7b439ba9b0c5b3d0d,O=C(CCCOc1ccc2[nH]c3nc(O)nc-3cc2c1)N1CCN(Cc2cccc(C(F)(F)F)c2)CC1,0.6955999732017517,0.9876877665519714,0.2393152883107012,2.751841,-9.625877380371094,0.9840108633041382,0,1,0,0.3461538461538461,4.290500000000003,0.3583030498828128
bd277f2f53fd8a5055101bd25d085c79,O=C(c1ccc([N+](=O)[O-])cc1)N1CCCC(c2ccc(Cl)cc2)=N1,0.5726000070571899,0.939968466758728,0.2010769159956411,2.211065,-10.189011573791504,0.5150532424449921,0,1,0,0.1764705882352941,3.888500000000003,0.626330159916238
61178b6ca5d7459666a4b74767f53c7e,CC(Nc1nc(NC(C)C2CC2)nc(-c2cccc(C(N)=O)n2)n1)C1CC1,0.6215000152587891,0.8307132720947266,0.2459596348079768,3.503395,-8.094619750976562,0.5314881980419159,0,0,0,0.5263157894736842,2.4533000000000005,0.6554639671999534
041ebf07c10e95e18cc63cff04c2f3a3,Cc1nc(C)c(-c2cc(C(=O)NCc3ccc(F)cc3)[nH]n2)s1,0.4178000092506408,0.6377360224723816,0.1586871113289486,2.300662,-10.218073844909668,0.4877556800842285,0,0,0,0.1875,3.2191400000000012,0.7714477826789032
53b52928de999b1c71964ee12416a4b3,Cc1nc2scc(C)n2c(=O)c1S(=O)(=O)Nc1ccc(N2CCOCC2)c(Cl)c1,0.5655999779701233,0.7634913921356201,0.1366869712417776,2.673788,-5.76561164855957,0.4758215427398681,1,0,0,0.3333333333333333,2.663640000000001,0.6510639434090205
a424d70d614c1e10123a271354491de1,CCOc1ccc(NC(=O)C(C)C)cc1C(=O)NC(C)c1ccccc1,0.4138000011444092,0.5313431620597839,0.1121008043939417,2.250896,-10.198304176330566,0.6186315059661865,0,0,0,0.3333333333333333,4.170800000000003,0.7840107710835521
364f1abc8441fe005358b6aa46bcfdac,COc1ccccc1NCc1ccc(CNc2ccccc2OC)o1,0.4124000072479248,0.9177553057670592,0.3206415582786907,1.972366,-6.99183464050293,0.9335789799690246,0,0,0,0.2,4.5210000000000035,0.6322633437968447
e5f43346929028f8cb80d67a5af7cd18,CC1=C(C2CC(=O)N(C)C2=O)C(=O)c2c(O)cccc2C1=O,0.5389999747276306,0.9645712375640868,0.2959503402764147,3.174758,6.695430278778076,0.0539625506848096,1,1,0,0.25,1.0926,0.7837551482213501
eb6f4111d81ee4e67ae7301b7121b713,CC1(C)CN(C(=O)c2cc(C3CC3)on2)CCO1,0.3319999873638153,0.2386439442634582,0.0287476443759673,2.699475,-7.760964393615723,0.0667307237163186,0,0,0,0.6923076923076923,1.803,0.8028150786859986
14bf08e1fb501ab94c14d0099b67352b,O=C(O)c1cncc(-c2ccc(N3CC(CO)OC3=O)cc2F)c1,0.7803000211715698,0.8449767231941223,0.0539000425487756,2.850477,3.0579113960266113,0.0242418263107538,0,0,1,0.1875,1.9034,0.886923205143252
22e31b33a2fe59f3b0f30d7ac90414c5,CN(C)c1cc[n+](Cc2ccc(C(F)(F)F)cc2)cc1,0.5543000102043152,0.9359261393547058,0.2052282751961187,2.369019,-7.962024688720703,0.7985513210296631,0,1,0,0.2666666666666666,3.1072000000000015,0.7841354516303255
a7f9e7bc6923b22fc07dd8bbb391b31a,Cc1nc2[nH]cc(Cl)c2cc1CNC(=O)c1ccnc(Cc2ccc3ncc(Cl)cc3c2)c1,0.609000027179718,0.9756973385810852,0.2601154080846093,2.812142,-9.684576034545898,0.8349140048027038,0,0,0,0.12,5.642120000000003,0.3439028663599612
80ab31e333c56ba761949509c09cff49,CN(c1cccc(Cl)c1)S(=O)(=O)c1cccc(C(=O)Nc2nc3ccccc3[nH]2)c1,0.6496999859809875,0.974152147769928,0.3475641987540505,2.211136,-4.172505855560303,0.9072951555252076,0,0,0,0.0476190476190476,4.293700000000003,0.4834736117827348
d8330035d94c1651e6f8e5ff811ec756,COc1ccc(NC(=O)C2(C)CCN(c3ncccc3C)CC2)cc1Cl,0.5281999707221985,0.7834442853927612,0.2124696888706901,2.310843,-7.811539649963379,0.8386185646057129,0,0,0,0.4,4.297220000000004,0.8677527254697648
35debce952739061974de98effa9f2db,N#CN1CCC(F)(C(=O)N2CCc3cc(-c4ccnn4Cc4ccc(Cl)cc4)ccc32)C1,0.6845999956130981,0.9339075684547424,0.1895467002283443,3.543819,-2.717076063156128,0.9067963600158692,0,1,0,0.2916666666666667,4.035980000000003,0.5638239778776027
02aec83f3699b0691a74d4fb4aa85380,COc1cc(C(=O)NCCc2csc3nc(-c4ccccc4C)nn23)cc(OC)c1OC,0.4101000130176544,0.8690931797027588,0.1863009171052412,2.453628,0.0147783458232879,0.7450156569480896,0,0,0,0.2608695652173913,3.764520000000003,0.4380295624795322
f68fda13f4550b18be1750f19264861b,Cc1cc(F)c(F)cc1-c1ccc(OCc2cccc3c(=O)n(CC(=O)O)[nH]c23)cc1,0.7402999997138977,0.9685923457145692,0.2400101721286773,2.572189,-4.267636299133301,0.5165625810623169,1,0,0,0.1304347826086956,4.246820000000003,0.4848197729557871
42280f83eefa2b7b0d1093f2fc51ea09,Cc1oc2ncn(C)c(=O)c2c1C(=O)NCc1ccccc1,0.3650000095367431,0.3821250200271606,0.0788059563122012,2.19782,-9.106585502624512,0.1841748908162117,0,0,0,0.1875,1.7649199999999998,0.7989109370124177
235256c30d886e1b03aceb84caf685f6,CC(=O)NC(C)C(=O)Nc1cccc(COC2CCCC2NC(=O)c2cc(-c3cnn(C)c3)cnc2N)c1,0.5873000025749207,0.8171796798706055,0.2813096087087284,3.634265,-4.209227561950684,0.6521445751190186,0,0,0,0.3703703703703703,2.3950999999999985,0.338517908631081
40dca59be1fecd9dd4f216afcd186f69,c1ccc(-c2nnc(CSc3nnc(-c4ccncc4)n3Cc3ccco3)o2)cc1,0.4305000007152557,0.7831404209136963,0.1352243176238103,2.407389,-9.113272666931152,0.4820101618766784,0,0,0,0.0952380952380952,4.323700000000002,0.3619584827624716
2982b8042e75b67c79bdf86eedba7273,CN1CCN(c2ccc(NC(=O)c3cccc(I)c3)cc2Cl)CC1,0.6557000279426575,0.9413909316062928,0.4845810031349009,1.982168,-9.176264762878418,0.8633702278137207,1,1,0,0.2777777777777778,3.948700000000003,0.7121142430672734
d1511ba73d04cdc039436c4a1eaf33f1,CN1CCN(c2ccc(-c3cncc(-c4ccc(-c5nnn[nH]5)cc4)n3)cc2)CC1,0.5633999705314636,0.9608367085456848,0.1777963832190091,2.51384,-7.372109413146973,0.7132113695144653,0,0,0,0.2272727272727272,2.7425000000000006,0.565525535908472
70b5d81a802030d4a37db1fd39e66221,CCOC(=O)C(Cc1c[nH]c2ccccc12)NSc1ccc(C)cc1,0.527899980545044,0.9345760941505432,0.2491979043592106,2.832395,-0.2624519765377044,0.7183195412158966,0,1,0,0.25,4.247420000000003,0.4919518548394033
fa0134303ef11225c09d67e01410f636,O=C(O)CC(c1cccc(O)c1)N1Cc2ccccc2C1=O,0.4314999878406524,0.8190941214561462,0.0711078404194929,2.618504,-6.318236351013184,0.031064616702497,0,0,0,0.1764705882352941,2.564000000000001,0.908856204609082
002a31b6f75a5567fc8f294d1af691c0,CC1(C)CCC2(NC(=O)NCCN)CCC3(C)C(=CCC4C5(C)CCC6OC(C)(C)OCC6(C)C5CCC43C)C2C1,0.7020000219345093,0.927968204021454,0.3322703621604226,5.16167,8.02857780456543,0.7484647452831268,0,1,0,0.9142857142857144,6.930000000000008,0.3218290796127165
49d2c05d5a7ba2e1f0dec947f82c7837,O=C(NCC(=O)N1CCN(c2ccc(N3CC(Cn4ccnn4)OC3=O)cc2F)CC1)c1cc([N+](=O)[O-])cc([N+](=O)[O-])c1,0.8456000089645386,0.8726345300674438,0.0881323536688631,3.448494,-11.97319221496582,0.4503227591514587,1,1,0,0.32,1.3376000000000006,0.2756624803575929
c9f07118f068fd71f863d4eafe48f8cd,O=C1C(=Cc2ccc(OCCN3CCCCC3)cc2)COc2cc(OCc3ccccc3)ccc21,0.6198999881744385,0.949549674987793,0.7027153968811035,2.348745,-6.417141437530518,0.927053153514862,0,1,0,0.3,5.789000000000006,0.391018191350762
33a7ca95312d1619b394f0708b9ff5b7,CCC(CC)C(=O)Nc1ccc(C(=O)NCC(C)C)cc1,0.2921000123023987,0.3460734188556671,0.0893772337585687,1.831299,-9.91888427734375,0.6129710078239441,0,0,0,0.5294117647058824,3.4471000000000025,0.8077855468759519
d8369a84936a28f58aa2887d6d8e1c9b,Cc1cccc2c(=O)[nH]c(CSC3CC(N)C3)nc12,0.4560999870300293,0.8334246277809143,0.1134767882441255,2.774298,-9.093148231506348,0.3719539880752563,0,0,0,0.4285714285714285,1.95442,0.8978652767104012
9e39d7becaaeb433cc9c58a05857fb3c,CCCCCC(CC(=O)NO)C(=O)NC1CCCCN(CC(=O)OC)C1=O,0.6276000142097473,0.7747756242752075,0.0984447889707305,3.226578,7.908047676086426,0.3401599109172821,0,1,0,0.7777777777777778,0.7487000000000017,0.2205203213613863
937dacbf496ad271b69a0545d2e9f398,Cc1cccc(CN2CCN(c3ccc(-c4ccccc4)cc3)C(=O)C2C)c1,0.6258000135421753,0.9126603603363036,0.3303634470159357,2.451605,-12.120539665222168,0.9635820984840392,0,0,0,0.24,4.899320000000004,0.6521149879393369
5b46a188e3fea48f844cde905d4b9745,COC(=O)C1C(O)C2(O)c3c(OC)cc(OC4OC(C(O)CO)COC4OC)cc3OC2(c2ccccc2)C1c1ccccc1,0.7251999974250793,0.9839205145835876,0.3633817908438769,4.915744,11.47204303741455,0.8458662629127502,0,0,0,0.4242424242424242,1.5641999999999998,0.2547566117477647
44593aca709c0f98674d306f72c31006,CC1=C2C(=O)CC(C)C2CC2C(C1)OC(=O)C2C,0.5112000107765198,0.920054852962494,0.2020601665347137,4.441142,10.691195487976074,0.0415959798730909,0,0,0,0.7333333333333333,2.499500000000001,0.6185582464079554
e5de115076bce022117b959d1ae2db5e,CS(=O)(=O)c1nnc(-c2ccccc2-c2nc(-c3ccccc3F)no2)[nH]1,0.5202999711036682,0.9584656953811646,0.1101976131851023,2.714898,-1.896055817604065,0.7096334099769592,0,0,0,0.0588235294117647,2.7313,0.5742197672229017
ba2b5ed37afdbde6d1726425976349bf,CC(n1cnc2cc(Cl)ccc2c1=O)C(O)(Cn1cncn1)c1ccc(F)cc1F,0.6409000158309937,0.9725093245506288,0.3920153027231043,3.454772,6.861743927001953,0.7824128866195679,0,0,0,0.2,3.0686000000000018,0.5245841207132209
b5ce2954218d525707f4c745692e9b1d,CS(=O)(=O)c1ncc(N(Cc2ccccc2)Cc2ccco2)c(C(=O)Nc2cccc(C(F)(F)F)c2)n1,0.6317999958992004,0.9733184576034546,0.2109089575030586,2.671825,-5.280638694763184,0.921493089199066,0,0,0,0.16,4.951000000000004,0.3214635730744334
114b6caae55ca865a60db21e7eb7fc12,CC(C)=CCCC(C)=CCc1cc(C2CC(=O)c3c(cc(O)c(CC=C(C)C)c3O)O2)cc(O)c1O,0.775600016117096,0.9977441430091858,0.3023254268548705,3.798976,10.08004093170166,0.6413433372974395,1,1,0,0.3666666666666666,6.959400000000009,0.234368771884212
3786b8959de4a92bc6202e1c8b67733d,Cc1cccc(-n2nc(C)c3c2NC(=O)CC3C(=O)c2ccc(Cl)s2)c1,0.5609999895095825,0.8425110578536987,0.2368807548826391,3.300828,-8.130439758300781,0.2264295786619186,0,0,0,0.2105263157894736,4.5127400000000035,0.6742931385847428
68b887495d3bf9775f5618446f5e8a47,COc1cc(C=CC(C)=O)cc(OC)c1O,0.3641000092029571,0.9617287516593932,0.4649358053099025,2.07799,10.904580116271973,0.0647879645228386,0,1,0,0.25,2.0116,0.7915998566840607
1512048f8aeb44d0ef9f8800f7f49eae,O=C1C2C3CCC(C3)C2C(=O)N1CCCCCCN1CCN(c2cccc(Cl)c2Cl)CC1,0.708299994468689,0.9205697178840636,0.4043849828568371,4.182718,-3.4850151538848877,0.9516841053962708,0,1,0,0.68,4.7069000000000045,0.4012584742389029
e2798422b75aa469a01d9fa887756b5c,O=NN(CC[S+]([O-])CCCl)C(=O)NC1CCCCC1,0.4751999974250793,0.648740828037262,0.0959103071046146,4.088638,11.87810230255127,0.2034418895840644,0,1,0,0.9090909090909092,1.9996000000000005,0.3376672257038035
dd08abbe7a87e8b955e74652a600b570,O=C(C=Cc1ccc(C(F)(F)F)nc1N1CCCCC1)Nc1ccc2c(c1)OCCO2,0.7218999862670898,0.9683502912521362,0.5966641279784116,2.552567,-8.557587623596191,0.8545908689498901,0,1,0,0.3636363636363636,4.5138000000000025,0.7190380930334097
1d2789acc1f17f7a51ee24b4abbfa7ff,CN(C(=O)COC(=O)c1cc([N+](=O)[O-])ccc1Cl)c1ccccc1,0.541700005531311,0.9512649178504944,0.1428243768486109,2.003361,-7.27895975112915,0.2312274537980556,0,1,0,0.125,3.0680000000000014,0.4702983961315289
bfbbd0d237d3b550ed18efdb091cb7ed,NC(=O)c1cccc2c1C(=O)N(C1CCN(Cc3cccc(Cl)c3)CC1)C2,0.6377999782562256,0.8215031027793884,0.2244931466200135,2.27716,-10.545905113220217,0.8877607345581054,0,0,0,0.3333333333333333,3.059300000000002,0.8818543291837053
06b2b3a86e0531e3a686b1f5e424faf9,CCn1c(CNc2ccccc2)nnc1SCc1nc2cc(C(F)(F)F)ccc2o1,0.5550000071525574,0.963333249092102,0.2702777168967507,2.481,-0.8456149101257324,0.7781439304351807,0,0,0,0.25,5.362400000000004,0.3957594148278336
785835ad686ef94f4d8b1c58e751244e,CC(=O)NCCC(=O)NCC1Cc2cc(-c3ccc(C(C)=O)s3)cc(Cl)c2O1,0.6586999893188477,0.8826899528503418,0.0996913432397625,3.055077,-9.332245826721191,0.3978048682212829,0,0,0,0.35,3.2170000000000023,0.6733755259083011
d728ee13e8b52c8046035ab3a67b221b,CN1C(=CC(=O)c2cccnc2)C(C)(C)c2ccccc21,0.464599996805191,0.8527625799179077,0.267484731294892,2.33514,-0.5501941442489624,0.5753266215324402,0,1,0,0.2222222222222222,3.5758000000000028,0.6216480334262907
dd1e16249e63ea1a0cde16f81b86b260,COc1ccc(OC)c(-c2csc(NC(=O)c3ccc(OCC4CCCO4)cc3)n2)c1,0.5482000112533569,0.8871885538101196,0.3779312047091397,2.604904,-6.77132511138916,0.7711276650428772,0,0,0,0.3043478260869565,4.637400000000003,0.5499037190521091
e827b25d2af13940ba02efcdd119421e,Cc1ccc2cccc(C)c2c1-n1c(C)nnc1SCC(=O)Nc1ccccc1Br,0.5842999815940857,0.9706699848175048,0.1824524406005035,2.412702,-12.185999870300291,0.7800817131996155,0,0,0,0.1739130434782608,5.8390600000000035,0.3641446602620693
62671ff8e22237ad25050e0482b1271b,COc1nc(C#CC2CCCC2)c(Cl)cc1-n1c(=O)ccc2cc(S(=O)(=O)Nc3cccnn3)ccc21,0.7074999809265137,0.9699288010597228,0.2339372099800543,3.272397,7.0041913986206055,0.5669401466846467,0,1,0,0.2307692307692307,4.180200000000002,0.3809537441423918
54db61f0bea313cdf97fbd1812d6fac4,O=C1NN(c2ccc(F)c(Cl)c2)C(=O)C1=Cc1ccc(-c2ccc(Cl)cc2)o1,0.7063999772071838,0.9837071299552916,0.5543913407759233,2.405566,-11.01011848449707,0.5402285933494568,1,1,0,0.0,4.853900000000002,0.4895407669870099
6f97197ee7f063dc765d0f43921d4d4c,COC(=O)c1cnc(Br)s1,0.3966000080108642,0.8872790932655334,0.1102530441500923,2.702644,-10.219380378723145,0.0165121416794136,0,0,0,0.2,1.6922,0.6784388520269816
3c9cd7560e67e3f69c6676b8c3041ec8,CCc1c[nH]nc1-c1c(F)cccc1F,0.4467000067234039,0.8673033118247986,0.1166354702277617,2.702751,-9.73361110687256,0.2144598633050918,0,0,0,0.1818181818181818,2.917300000000001,0.8071471142547966
bee0f7b645fa29e4ea2285c22c0c382d,C=CCn1c(Cc2cccs2)nnc1SCC(=O)NCc1ccco1,0.3980000019073486,0.4853971302509308,0.0468301276083696,2.478783,-12.595142364501951,0.1003026083111763,0,1,0,0.2352941176470588,3.117900000000001,0.4601354202553555
fa6f578330698cd7d1748e7af2ad895d,O=C(O)C1(OCc2cccc(-c3ccc(OC(F)(F)F)cc3)c2)CC(O)C(O)C(O)C1,0.7312999963760376,0.990702211856842,0.2140991267832842,3.415514,-1.1553046703338623,0.1906885132193565,0,0,0,0.3809523809523809,2.4687,0.5431657515143713
73281eae6e6d05858ef39dc21b56f1b7,CC1CC(C)CN(S(=O)(=O)c2ccc(C(=O)Nc3nnc(-c4cccs4)o3)cc2)C1,0.7702999711036682,0.8205035328865051,0.1867267055944963,3.105353,-9.26379680633545,0.6091696977615356,0,0,0,0.35,3.7170000000000023,0.640366432601326
c611c76740d4d876ba3937ac1c1f1b1a,COc1ccc(CCNC2COC(C(c3ccccc3)c3ccccc3)C2)cc1,0.6523000001907349,0.9840545058250428,0.5826085562055762,2.961097,-5.533970832824707,0.970308482646942,0,0,0,0.3076923076923077,4.816900000000004,0.6012431831944752
9fabc5ab0df7550de7f96e37cd310be3,O=C(O)c1ccc(C=Cc2ccccc2)cc1C(=O)O,0.486299991607666,0.9887550473213196,0.1054808049547401,1.84199,-1.4937949180603027,0.0251359857618808,0,1,0,0.0,3.253400000000001,0.8345109826583634
a1cff541e007a801c9d6721cc3651060,O=C(NCc1ccc2c(c1)CCN(Cc1cccc(F)c1)C2)c1cc([N+](=O)[O-])cc([N+](=O)[O-])c1,0.6355000138282776,0.96671861410141,0.2227135835723443,2.37826,-6.386301040649414,0.9302819728851318,0,1,0,0.2083333333333333,4.130400000000003,0.4148589931716769
07e1442d154a296d392b01705acfb32a,COc1ccc(-c2nnc(Nc3ccc(C)cc3)s2)c(OC)c1,0.44200000166893,0.9171878695487976,0.2793493379246105,1.970043,-10.118287086486816,0.4283122718334198,0,0,0,0.1764705882352941,4.274320000000003,0.7580163049152773
bb4aaca97328a933f5719d3f260062cd,OC(CNCCC1C=Nc2ccccc21)Cn1c2ccc(Cl)cc2c2cc(Cl)ccc21,0.7723000049591064,0.9983002543449402,0.76535426215692,3.445422,-2.566617727279663,0.974481761455536,0,1,0,0.24,5.941600000000005,0.3410963217003785
1e71966f4e9486a00cc19f815b3dc16d,Cc1cn2cccc2c(N2CCC(NC(=O)c3ncn(-c4ccc(F)cc4)n3)C2)n1,0.5130000114440918,0.559533417224884,0.1755760352719914,3.237821,-7.864911079406738,0.8229373455047607,0,0,0,0.238095238095238,2.37122,0.5639145262592864
db12849cdb5fa52e745d34d10e1e0009,CNC(=O)c1cc2c(Nc3ccncc3)nc(-c3cccc(C)n3)nn2c1,0.4954000115394592,0.8880437016487122,0.228799551048062,2.677698,1.424378514289856,0.7507946014404296,0,0,0,0.1052631578947368,2.59792,0.5812611397249945
4e2a8d71de181339cd7d2f862094f886,CCc1ccc(-n2nc(C)c3c(C)cc(=O)n(CC(=O)Nc4ccc(C)c(F)c4)c32)cc1,0.4616000056266784,0.9196150898933412,0.2378520220518112,2.39634,-7.855222702026367,0.8631553530693055,0,0,0,0.24,4.452660000000003,0.5065281145602366
1c8aa29b9667754203e72eb0539fd5e2,O=C(CCN1C(=O)c2ccccc2S1(=O)=O)NCc1ccco1,0.376800000667572,0.4700635969638824,0.0277015333571894,2.330229,-11.562593460083008,0.0959628574550151,0,0,0,0.2,1.1305999999999998,0.8839726002002951
0a84991eed609deccc271d290bf9c1bd,N#Cc1cc(CC(=O)Nc2ccc(-c3cnccn3)cn2)ccc1-c1ccnc(F)c1,0.5559999942779541,0.9131265878677368,0.3281274437904358,2.612759,-2.810556173324585,0.8573411226272583,0,1,0,0.0434782608695652,3.792580000000002,0.5020750208337793
ef2f7a1b3e637fa59a3c119546d7b37f,CN(C)c1nc2c(c(NCc3cc(O)ncn3)n1)CCCC2,0.4668999910354614,0.8008167743682861,0.1244604255665432,2.887646,-9.27698040008545,0.1706210479140281,0,0,0,0.4666666666666667,1.5290999999999997,0.8849827145080834
c37b55a736fca0f8a2b3e21cb9eea738,CCn1nnn(CCN2CCC(N(C(=O)COC)c3ccccc3F)C(C)C2)c1=O,0.5144000053405762,0.3123159408569336,0.0577001054771244,3.616127,8.166272163391113,0.7856568813323974,0,0,0,0.6,0.988800000000001,0.633212281926358
f7066784511cce74720206ce1ce4e2de,CCOC(=O)c1c(NC(=O)c2ccco2)sc2c1CCCCC2,0.5658000111579895,0.7194002866744995,0.09674130176956,2.163104,-8.611273765563965,0.4628275096416473,0,0,0,0.4117647058823529,4.039000000000002,0.6770998952382659
42c2516b8bfd5a37b78f50ec1234a456,CCC(=O)Nc1nc2ccc(NS(=O)(=O)c3ccccc3F)cc2s1,0.5012999773025513,0.8551578521728516,0.1192005974325266,2.092266,-8.505457878112793,0.4428264319896698,0,0,0,0.125,3.5847000000000016,0.7091163072725287
d1412e6b90a634071c441669742e16bf,Nc1c2c(nc3ccccc13)CCC(C(=O)NCCc1ccccc1)C2,0.5024999976158142,0.8275905847549438,0.1847397393800995,2.622962,-9.576455116271973,0.903777039051056,0,0,0,0.2727272727272727,3.280800000000002,0.7623768874056649
6805305ee0c2b36a646ebd8a87701f86,Clc1ccc(-c2ccnc(Oc3cc(Cl)ccc3Cl)n2)cc1,0.5713000297546387,0.9590446949005128,0.277062678201632,2.046737,-4.8083391189575195,0.2895867705345153,0,0,0,0.0,5.896100000000002,0.589318535518266
6467dac5f2ec22f2ab1d0297b5cc6e6b,CCc1ccc(OCc2cc(=O)[nH][nH]2)cc1,0.3815999925136566,0.7745184898376465,0.1584944040937857,2.280489,-8.971209526062012,0.0624350763857364,0,0,0,0.25,1.8444,0.8222892384846378
0b2aa7f054c214b6acf776cb531069bd,Oc1ccc(NC2OCC(O)C(O)C2O)cc1,0.3939000070095062,0.8599341511726379,0.1708607165650888,3.49479,10.435635566711426,0.0841854933649301,0,1,0,0.4545454545454545,-0.7569000000000004,0.4363216034533215
ddac8833d033a7637aca1e9ee4850995,COc1ccc(S(=O)(=O)N2CCN(C(=O)COc3ccc4c(C)cc(=O)oc4c3)CC2)cc1,0.4253999888896942,0.5048049688339233,0.0600142820992253,2.223482,-0.1596738398075103,0.7986203193664551,0,1,0,0.3043478260869565,2.02192,0.5054440654998161
a28c70eaf94b3cbddf2c4407832dffd7,C(=NNc1nnc(-c2cccs2)c(-c2cccs2)n1)c1cc2ccccc2[nH]1,0.6115999817848206,0.9768106937408448,0.3425394960425116,2.824349,-9.069210052490234,0.8436496019363403,0,1,0,0.0,5.255900000000003,0.310567271255013
bb8449312971d26a9901491abd85ca9b,CN(C)CCc1ccc(Nc2nccc(-c3c[nH]c4ncccc34)n2)cc1,0.6075999736785889,0.992109715938568,0.6488644534891302,2.343208,4.464504718780518,0.932569968700409,0,0,0,0.1904761904761904,3.867600000000002,0.54752287452597
48554dcfcb6696a4578b5a7649d986e9,N=C(N)Nc1cccc(N2C(=O)N(Cc3ccccc3)N=C(C3CCCCC3)c3ccccc32)c1,0.6877999901771545,0.9674863219261168,0.3912842774933034,2.655169,3.543668031692505,0.8762672543525696,0,1,0,0.25,6.050270000000006,0.3152674410042412
7441caeed0edb3b934129a175709664b,CCCCN(CCCC)C(=O)c1nn(-c2ccc(OCC(=O)OCC)cc2C(=O)N2Cc3ccccc3CC2CO)c(C)c1Cl,0.6978999972343445,0.954717755317688,0.0973128266632556,3.426366,-7.835329055786133,0.8192967414855957,0,0,0,0.4705882352941176,5.377820000000007,0.2359602361745769
1ad8097c1f4f4ab0d7a63c21005d8e84,COc1ccccc1CNCCC(O)COc1cccc2c(=O)c3ccccc3oc12,0.579800009727478,0.9060218930244446,0.4007618183439428,2.741178,7.486771583557129,0.9780385375022888,0,1,0,0.24,3.8744000000000023,0.3166294334608562
61ef0ba2619f46cc53f2c4cc917523d4,CC(C)(C)C(=O)OCC1C=C(c2ccc(Cl)c(Cl)c2)C(=O)OC1,0.618399977684021,0.941128671169281,0.3812266127629714,3.291283,-4.24793815612793,0.3165285140275955,0,0,0,0.4117647058823529,4.139100000000004,0.7633158560267185
5f99c59787fa6e29a68980834e647ff9,COc1cc(Cl)cc(-c2nc3c(o2)C(=O)c2ccccc2C3=O)c1,0.652400016784668,0.9888746738433838,0.3596195984970439,2.344096,-5.446805953979492,0.4279177635908127,1,0,0,0.0555555555555555,3.7790000000000026,0.5555958136335998
48415f944e8ed2feabae6b31085b91c8,CCCc1ccc(C(=O)N2C(c3nccs3)C(C(N)=O)CC2(CC(C)C)C(=O)O)cc1,0.6395999789237976,0.9081233143806458,0.1354575600813735,3.785656,3.802482843399048,0.0747081741690635,0,0,0,0.4782608695652174,3.653800000000002,0.6463474959257596
7fdfd70344d45ff2d14f35436040ac8c,COc1ccc(-c2c(C)nn(-c3ccccc3)c2C)c(C(=O)O)c1,0.5221999883651733,0.9363319277763368,0.0919392203742807,2.013043,-10.312651634216309,0.0791741840541362,0,0,0,0.1578947368421052,3.862940000000002,0.7918876575662197
7c9f77b89f47d1283cc6f067ed156c18,CC(C)(C)C(NC(=O)C(F)(F)F)C(=O)N1CC(C(F)(F)F)CC1C(=O)NC(C#N)CC1CCNC1=O,0.7055000066757202,0.8522326946258545,0.146594049917026,4.555913,3.4945948123931885,0.4875694453716278,0,0,0,0.7619047619047619,1.3935800000000005,0.449687601155643
9a464bcfc46b99b6bd9a0e67b380dafa,O=C(NC1(CO)CSC2=C1C(=O)c1ccccc1C2=O)c1ccc(Cl)cc1,0.6126999855041504,0.9910323023796082,0.2732593627138571,3.192852,-4.562183380126953,0.3726663142442703,1,0,0,0.15,2.881000000000001,0.828720266100348
4e64afa5eaf79419c4c6a57b79d262bc,Cc1cc(Br)cc(C)c1Sc1ccnc(Nc2ccc(C#N)cc2)n1,0.5460000038146973,0.996997594833374,0.4465214935216037,2.562982,-7.811323165893555,0.6412825107574462,0,0,0,0.1052631578947368,5.622420000000003,0.5647088517948842
253f3973a82c447406fd073dc79948ac,Cc1nnc(C(C)N2CCCC2Cn2cccn2)o1,0.2982000112533569,0.2933440208435058,0.048391054215079,3.540998,-5.466244697570801,0.0637130746617913,0,0,0,0.6153846153846154,1.80012,0.8395480446745405
003824fc67f690f5eea13d1963910506,O=C(NCCOCC(F)(F)F)N1CCCC2CCCC21,0.4934999942779541,0.511348307132721,0.1437422917647795,3.134929,-10.296170234680176,0.7277802944183349,0,1,0,0.9230769230769232,2.5394000000000005,0.8096059239484209
f6c6bac0898202f733438e66ce7028d8,CCc1cc(O)c(F)cc1-c1ccc2c(-c3nc4c([nH]3)CCN(C3CNC3)C4)n[nH]c2c1,0.6843000054359436,0.9574693441390992,0.3719658675518902,3.267909,-2.250638008117676,0.9538266897201538,0,0,0,0.3333333333333333,3.357000000000001,0.3969245331041309
2b540e5a0f079bd3fa45d61bf4dd6723,CCOC(=O)CCN(Cc1ccccc1)SN(C)C(=O)ON=C(C)SC,0.4512999951839447,0.8430484533309937,0.1159822595390406,3.071601,-0.6270605325698853,0.4505937665700912,0,1,0,0.4705882352941176,3.7698000000000023,0.1562695556857111
0004bbc49ef3eb90e63e24055c9133ed,CC1CC2OC2CC(O)CCC(=O)Cc2c(Cl)c(O)cc(O)c2C(=O)O1,0.6589999794960022,0.9847291707992554,0.2111144492572004,4.569885,9.779587745666504,0.0736741714179515,0,1,0,0.5555555555555556,2.1104,0.4629254780508435
e98b82b0fc8c8aa98615a3c58cd7a429,COc1cc(C=C2SC(=Nc3nsc4ccccc34)NC2=O)cc(OC)c1O,0.5389000177383423,0.9965207576751708,0.2399566999890587,3.09569,-10.066946983337402,0.7120022773742676,0,1,0,0.1052631578947368,3.9107000000000025,0.6301714087738292
1139ec1b148f5e5e44d7a416e62a6f0d,CCC1OC2c3ccccc3COC2C1OC1CCc2ccccc21,0.597000002861023,0.9420823454856871,0.4328609379855069,3.932839,10.34985637664795,0.8138004779815674,0,0,0,0.4545454545454545,4.5080000000000044,0.825350566567154
bb969d14a2669481a7b19a2c4e42e298,CCCN(CC(=O)N(C)C)Cc1ccc(C#N)cc1,0.2572000026702881,0.4823629558086395,0.1016249143603173,2.101786,-12.419754028320312,0.4637002944946289,0,0,0,0.4666666666666667,1.85848,0.7831214096248028
37f1a21436e7d3285ed5fdb43b950367,COc1ccc(S(=O)(=O)N2CCCC2C(=O)N2CCCC2C(=O)NCc2ccccn2)cc1C,0.4697000086307525,0.2581634223461151,0.0376337537203322,3.074795,-2.9899346828460693,0.3393380284309387,0,0,0,0.4583333333333333,1.85912,0.6399772518257878
b49c5fdacbd5b6215cd769bd7c6cc1bd,CC1c2ccc(-c3ccccc3)c(O)c2C(=O)C2=C(O)C3(O)C(O)=C(C(N)=O)C(=O)C(N(C)C)C3C(O)C21,0.8216999769210815,0.9990358352661132,0.1560131951489231,4.435742,10.389992713928224,0.5040049433708191,0,1,1,0.3214285714285714,1.3194000000000004,0.3252109291552138
198efd995256d7cdd0e2ea6f31a40d8f,Cc1ccc(C(=O)NC2CC2)cc1-c1cnn(-c2cncc(C(=O)N(C)C)c2)c1,0.488099992275238,0.6512601971626282,0.1383916803381659,2.461747,10.240403175354004,0.4503661930561066,0,0,0,0.2727272727272727,2.8367200000000015,0.7276694646050655
50272d2c536cbda2e57e6128c20b19f5,CCN(CC)c1cc(C)nc(Nc2ccc(NS(=O)(=O)c3ccc(C)cc3C)cc2)n1,0.5267999768257141,0.9685783386230468,0.4156157211823897,2.364852,-9.135468482971191,0.8912757754325866,0,0,0,0.3043478260869565,4.792460000000004,0.5245866943524516
45e1489d3878e4bd9669b86c4bb0c7f7,O=C1c2ccccc2C(=O)N1CCCCCCCCCCOc1ccccc1[N+](=O)[O-],0.5943999886512756,0.9429442882537842,0.2728428556160493,2.11835,-9.905927658081056,0.9008152604103088,0,1,0,0.4166666666666667,5.390600000000006,0.1860655491992296
afabbf193313eac7ac33e44f825fffd8,COc1ccc(N2CCCn3c2nc2c3c(=O)n(C)c(=O)n2C)cc1,0.4262999892234802,0.3978363871574402,0.1057415248995477,2.334055,-9.83344554901123,0.7759871482849121,0,0,0,0.3529411764705882,0.9840999999999996,0.6947169575420409
3098d44a388539ff777f4c626a897600,Cn1cc(NC(=O)c2cnn3ccc(NC4CCC(F)(F)CC4N)nc23)c(C(F)F)n1,0.6298999786376953,0.7096368670463562,0.3921391503377394,4.093883,-10.55538845062256,0.7827351808547973,0,0,0,0.4444444444444444,2.5797,0.525616847646353
848503f26eef86c3fa3c369922a390c9,NC(=Nc1ccc(Cl)c(Cl)c1)Nc1nc(Nc2ccc(O)c(CN3CCCC3)c2)cc(C(F)(F)F)n1,0.7849000096321106,0.9970737099647522,0.7318959642540325,2.870043,-6.408459663391113,0.8819797277450562,1,1,0,0.2608695652173913,5.9055000000000035,0.1749210822158449
4bef3d6a145c6416a61f50637c5f40dc,CCCCCCCC1Cc2cc(O)c(C(=O)O)c3c2C(O1)C1C(OC)C=C(COC(C)=O)C2CC(C)(C)C2(O)C(O)CC1(C)O3,0.7943999767303467,0.9973732233047484,0.1661490603265437,5.750352,13.651249885559082,0.4605554640293121,0,1,0,0.7142857142857143,5.246900000000006,0.1533083051143778
5b91e4bcb8e64cc5ce18ee8b506539b6,COc1ccc(CCN2C(=O)COc3ccccc3C2C(=O)NCc2ccccc2)cc1OC,0.4526999890804291,0.5988459587097168,0.1527744497765194,2.742908,-5.7502546310424805,0.857302975654602,0,0,0,0.2592592592592592,3.525000000000002,0.5566644107547067
b0e87b6ce0b41a5d38c8ab828bababba,Cc1nc(C2OC(CO)C(O)C(n3cc(-c4ccc(Cl)c(F)c4)nn3)C2O)n(-c2cc(Cl)ccc2C2CC2)n1,0.6901000142097473,0.9544129967689514,0.3524250361052426,4.429803,-3.0550506114959717,0.6448541164398194,0,0,0,0.3846153846153846,3.5528200000000023,0.3183528780420146
9df58325f0944d29a697bed4a70445b9,CCCOc1ccc(NCC(O)Cn2c3ccc(Br)cc3c3cc(Br)ccc32)cc1,0.769599974155426,0.9967225790023804,0.7070870291103016,2.742945,-7.214618682861328,0.9336968183517456,1,0,0,0.25,6.581300000000006,0.269676912098534
47974942d9116f6c35f307ee65794fe9,CC12CC34C=CC(=O)C(C)(CCC(=O)Nc5c(O)ccc(C(=O)O)c5O)C3C(CC1C4)O2,0.8253999948501587,0.9916210770606996,0.0749159755015915,6.155088,7.964662551879883,0.0553520619869232,0,1,0,0.5416666666666666,3.2337000000000007,0.5156309305691356
1dbfff7ecb0c4bdec54e88f391b2849c,CC(=O)Nc1ccnc(-c2cccc(C)n2)c1-c1ccc2ncc(C#N)n2c1,0.5343999862670898,0.9468110799789428,0.2067702656442469,2.904111,-6.5807905197143555,0.8913565874099731,0,0,0,0.0952380952380952,3.5968000000000018,0.5959649517989488
4381e9ec62632d7149f8bfb8a99bc79f,COc1cccc(-c2nc(Nc3ccncc3F)c3cc(NC(=O)N4CCOCC4)cn3n2)n1,0.595300018787384,0.8063384294509888,0.2962472797794775,2.922229,-5.259875774383545,0.8077796339988709,0,0,0,0.2272727272727272,2.941700000000001,0.4628476095769882
e588cdcb24dbebf7ce51efe751ec7cdc,CN(CC1CC1)C(=O)NC1C2CCCOC2C1(C)C,0.4941999912261963,0.5324807167053223,0.0712884294546463,3.762039,2.009644031524658,0.325192891061306,0,0,0,0.9333333333333332,2.2413999999999996,0.8509240572375123
9e126cfe510ff010ef69d5b261fa4006,O=C(O)c1cc(-c2c(F)cc(F)cc2Cl)cc(Br)c1O,0.7760999798774719,0.9991604089736938,0.1691263683817603,2.349597,-4.809281349182129,0.0636554606258869,0,0,0,0.0,4.451500000000001,0.8285334046124256
851c7b8453118a6d954c07abe54ce1b2,CCN1CN=C(S)N(C(C)c2ccccc2)C1,0.311599999666214,0.6382955312728882,0.205256198617545,3.340775,-5.390998840332031,0.5385380893945694,0,1,0,0.4615384615384615,2.5859000000000005,0.8302876201394903
81b33a1b13ca249afdf60f1f8db642ed,Fc1ccc(C(c2nnnn2Cc2cccs2)N2CCN(C3CCCC3)CC2)cc1,0.4043999910354614,0.7706218361854553,0.1444994810876365,2.920544,6.327041149139404,0.952925145626068,0,0,0,0.5,3.571600000000002,0.6031626339208742
71ea7d7c2208f5336261995272cbbbed,COC(=O)c1cc(C2CC2)nc2c1c(=O)n(CC(=O)Nc1cc(C)ccc1C)c(=O)n2C,0.5644000172615051,0.8113895058631897,0.0841442847793752,2.445142,-2.750462293624878,0.5773111462593079,0,0,0,0.3478260869565217,2.01474,0.6125890763675447
79bdbe73ea7747d8c12ceaea441f7bd4,O=c1[nH][nH]c(=O)n1Cc1ccccc1Cn1c(=O)[nH][nH]c1=O,0.4709999859333038,0.8449347019195557,0.1023606746034188,2.987051,-6.150970458984375,0.0406177166849374,0,0,0,0.1666666666666666,-1.8606,0.4481713303591977
7c5c6a42d96670791fb7a977b12f4096,Cc1ccc(S(=O)(=O)Oc2ccc(N3CCOCC3)c3c2C(=O)c2ccccc2C3=O)cc1,0.6344000101089478,0.9590213298797609,0.4075751954858953,2.413989,-8.370963096618652,0.7180230140686035,1,1,0,0.2,3.3747200000000026,0.4287589473322147
c601b1f08efb2cacfbdd32c3ea505786,CCOC(=O)C(O)(CC(=O)Nc1ccc(Cl)cc1Cl)C(F)(F)F,0.6079000234603882,0.7669796943664551,0.260200795802203,2.824037,-11.412160873413086,0.5007642984390259,0,0,0,0.3846153846153846,3.1785000000000005,0.7767986000976045
9ee1cb3f3639a41c1d6e7c88da4942af,C=CC(=O)NC1COCC1C(=O)NCc1cc2c(-c3cnn4ncccc34)ccnc2[nH]1,0.5684999823570251,0.6848979592323303,0.1695743948221206,3.964852,-0.790338397026062,0.5387051522731781,0,1,0,0.2272727272727272,1.206,0.3940490131017009
a163ece12962ef33a88eaed138a9f042,CN(C)C1(c2ccccc2)CCC2(CC1)CN(c1ccc(C(N)=O)cc1)C(=O)N2CC1(O)CCC1,0.6273000240325928,0.8514094948768616,0.2774910513650287,3.523633,1.280892252922058,0.8695495128631592,0,0,0,0.5,3.7124000000000024,0.6650990577229915
c60b20480c9703d708b511650de17854,CC1CCCCN1C(=O)C(Cc1ccccc1)N1C(=O)C2CCCCC2C1=O,0.4959999918937683,0.5850979089736938,0.1336487433449788,3.374454,-10.138578414916992,0.4131793171167374,0,1,0,0.6086956521739131,3.1739000000000015,0.7517786644416675
0fe755bb5484dfc48fa838779da06730,O=S(=O)(Nc1cc(Cl)c(Cl)cc1NS(=O)(=O)c1cc(Cl)cc(Cl)c1O)c1cccs1,0.8046000003814697,0.9977641105651855,0.2529161789200522,2.563404,-7.977964401245117,0.6865214705467224,1,0,0,0.0,5.6689000000000025,0.3677833749290563
08af6c46bf5951848310982202923810,CCc1ccc(C2CCCCCN2Cc2nnc(C3CC3)o2)o1,0.4612999856472015,0.4934844374656677,0.0780974756926298,3.078801,-11.336087226867676,0.3762817203998566,0,0,0,0.6666666666666666,4.219700000000004,0.8265687577417292
97521a693026ba3d813b2d4600168df1,COc1ccc(OC)c(N(C)c2ncnc3ccsc23)c1,0.4555999934673309,0.8869796991348267,0.2013812038031491,2.472141,-9.981084823608398,0.7094356656074524,0,0,0,0.2,3.4764000000000026,0.7381156026147684
c9346bdd45fa641438be54cdfe2ea7b5,COc1cc(CC2C(=O)OCC2Cc2ccc(OC)c(OC)c2)cc(OC)c1,0.5056999921798706,0.8136121034622192,0.3449898727915503,3.064343,10.662540435791016,0.6264463782310485,0,0,0,0.4090909090909091,3.2954000000000017,0.648967123078641
7f5b000d1df1f129c25b7f283317bcdd,CN(C)CCn1ccc2ccc(-c3cccnc3)cc21,0.4232000112533569,0.8953826427459717,0.3554537106644023,2.146569,-7.144659042358398,0.7972601056098938,1,0,0,0.2352941176470588,3.2649000000000017,0.7216664677772724
0df1d67495634450d0421572317475bf,O=C(O)C(Cc1ccc(C(F)(F)F)cc1)=NNc1nc(-c2ccc(Cl)c(Cl)c2)cs1,0.7766000032424927,0.9987382888793944,0.3545993485234,2.565936,-7.949548721313477,0.4009776204824448,0,1,0,0.1052631578947368,6.230900000000003,0.3282051787322966
ead66a0c81a6a69e18f17e549f05a10a,O=C(c1ccc(Cl)cc1)N1CC2CCCN3CCCC(C23)C1CCCCO,0.5679000020027161,0.5723837018013,0.2343037087808955,3.602333,-9.27060604095459,0.95175062417984,0,1,0,0.6818181818181818,3.817600000000003,0.7770897553758335
77b5c7dcbc13924e15de050314b43ec8,CN1CCN(C(=O)N(C)c2ccc(NC(=O)c3ccc(C#N)o3)c(N3CCCCC3)c2)CC1,0.6079999804496765,0.6554075479507446,0.1252940121022137,2.740153,-4.597693920135498,0.9171097278594972,0,0,0,0.4583333333333333,3.1974800000000023,0.7685814971627791
02a3318e590fc38f51a753966f67d28e,Cc1c(C(=O)NN2CCCCC2)nn(-c2ccc(Cl)cc2Cl)c1-c1ccc(C2CCCC2)cc1,0.7501000165939331,0.980732798576355,0.3371865857731212,2.582024,-7.733340263366699,0.8376680970191955,0,0,0,0.4074074074074074,6.9428200000000055,0.41541052162845
9d2460717c56a7a8fb9b93002d382e0f,Cc1ccc(NC2=C(NC(=O)c3ccccc3)C(=O)c3ccccc3C2=O)cc1Cl,0.5519000291824341,0.9870519042015076,0.6848840415477753,2.222744,-7.176085472106934,0.6500485479831696,1,0,0,0.0416666666666666,4.781120000000003,0.6413229116108601
45f9a4553cc0198bc02e773c1ca33116,c1ccc(C2Cc3[nH]nc(-c4nnn[nH]4)c3C2)cc1,0.450899988412857,0.8988736867904663,0.0689547782178145,3.323865,-5.442173004150391,0.0610707066953182,0,0,0,0.2307692307692307,1.4721999999999995,0.7231321480162599
2a6914f19e50beac7b52e20748672680,CCOC(=O)c1cccc(NC(=O)Cn2nc3c4cc(-c5ccc(C)c(C)c5)nn4ccn3c2=O)c1,0.526199996471405,0.6430286169052124,0.133158667859706,2.611755,-10.052165985107422,0.6878458082675933,0,0,0,0.1923076923076923,3.2429400000000017,0.370488530990123
75f65247559f23d49ef786f04d9037e9,COc1ccc(Nc2ncc(-c3cnn(C)c3)c(NC3CCCCC3)n2)cc1Cl,0.5848000049591064,0.976323902606964,0.603752613067627,2.464048,0.5249186754226685,0.6827262997627258,0,0,0,0.3809523809523809,5.027300000000004,0.5910338228769386
3405d540dfba091c24c581a9c366f115,CN(C(=O)c1ccc(-c2ccccn2)cc1)c1ccc(C(C)(C)C)cc1,0.5045999884605408,0.9568067193031312,0.2207811664451252,1.95569,-9.894974708557127,0.7495592355728149,0,0,0,0.217391304347826,5.3227000000000055,0.6438346205187313
100ea6e0ba816b3f06630097d64223bc,Cc1ccc(C(=O)NC2CCCN(C)C2)c(=O)[nH]1,0.3183999955654144,0.3274616003036499,0.0552448274737054,2.692829,-9.80203914642334,0.1956458270549774,0,0,0,0.5384615384615384,0.5073200000000002,0.8022447328294805
f7376a11fcc62708f1f33d6c332a8d45,CCc1c(-c2nc3cc(N4CCN(C)CC4)ccc3[nH]2)[nH]c(C)c1C(C)=O,0.4413999915122986,0.8651466369628906,0.2767347557978196,2.701411,-10.638766288757324,0.9258877396583556,0,0,0,0.4285714285714285,3.3832200000000014,0.6956826816676452
59748205f1d15be73bc454e3be0883ba,CC(C)(C)c1noc(-c2c(NC(=O)C3=C(C(=O)O)C4CCC3CC4)sc3c2CCCC3)n1,0.656499981880188,0.9809032082557678,0.1228865716945041,3.727716,-7.538359642028809,0.1588892094790935,0,0,0,0.5833333333333334,5.114100000000004,0.6633115893489212
034b8f6ed53c78ff3a086104b09493a9,O=C(O)c1csc(-n2nc(N3CCCCC3)c3ccccc32)n1,0.5070000290870667,0.8016145825386047,0.1120119657028805,2.413317,-8.727057456970215,0.1059016160666942,0,0,0,0.3125,3.1705000000000014,0.7993981580558449
e43fa08c0312834f17f7ba7ff1a92a00,Cc1cc(C#N)cc(C)c1Oc1nc(NC2CC3CCC(C2)N3Cc2ccncc2)nc2ccsc12,0.6697999835014343,0.9698917269706726,0.5087847980585966,4.387363,-6.4132208824157715,0.951463222503662,0,0,0,0.3571428571428571,5.974620000000005,0.3515623974477511
17ab20de1e4695ea107623c15ce120fc,CC(C)CCOCC1CC2(CC(C)(c3csc(Nc4ccccc4Cl)n3)OC2=O)C(=O)O1,0.6277999877929688,0.9588296413421632,0.3602736362002112,4.436929,-5.498773574829102,0.4651925146579742,0,1,0,0.5217391304347826,5.066800000000004,0.3218147003980514
413427950693b8651f37011c89a6d175,Cc1cccc(C2=CC(=O)c3c(O)cccc3C2=O)c1,0.5335999727249146,0.9969797730445862,0.474417889660055,2.242448,6.531716346740723,0.3274423167109489,1,0,0,0.0588235294117647,3.1632200000000017,0.860327065898945
ce8902e8b8845c23e48f1a6f3a4106c9,O=[N+]([O-])c1ccc(N=Cc2c(O)ccc3ccccc23)cc1,0.4742000102996826,0.9970415234565736,0.4171981540593234,2.206653,-0.5720354318618774,0.5128319025039673,0,1,0,0.0,4.204200000000003,0.4461864902297171
4ec98209a2446098f0e3858bfe4395c0,CC(Nc1nc(C(=O)O)nc2nc(-c3cc4ccccc4cn3)n(Cc3ccc(C(F)(F)F)cc3)c12)C1CCC1,0.6700000166893005,0.9935030341148376,0.3861060034145008,3.456936,6.402891635894775,0.707069045305252,0,0,0,0.2758620689655172,6.407300000000005,0.2430858877879603
20d8b2e190af6a0ce68f1b4445f99ebf,CCOC(=O)c1c(NC(=O)CCc2ccccc2)sc2c1CCN(C(=O)OCC)C2,0.546999990940094,0.8335437774658203,0.0577981462702155,2.223011,-10.152714729309082,0.6218036770820617,0,0,0,0.4090909090909091,4.0107000000000035,0.6711012888869579
9b35b91f8fe4e060c2f6fed047842296,C#Cc1nc(C=CC=CC(=O)OC)cs1,0.3345000147819519,0.882785439491272,0.3023742708292874,3.46717,-0.1404888331890106,0.0537377804517745,0,1,0,0.0909090909090909,1.8668,0.3369866440218678
23855ce3699cc6bd3434d2743f164a75,CC1(c2ccc(Cl)c(O)c2)C(=O)Nc2nc(-c3cn4ccnc4c(Cc4ccc(F)cc4)n3)nc(NCC(O)C(F)(F)F)c21,0.7092999815940857,0.9920286536216736,0.5816887508739125,4.268573,0.1473435461521148,0.9327115178108216,0,0,0,0.2068965517241379,4.868400000000003,0.1877036629275374
666d941c31a05275e540df22b53d1e22,Cc1nnc2n1CCN(C(=O)c1cc(C)n(C3CC3)c1C)C2,0.4248000085353851,0.3553332984447479,0.035155629903205,2.573074,-10.857975959777832,0.0413281274959445,0,0,0,0.5625,1.99576,0.8519607190933148
06e801f7d39a9bfa85cdc7a1893a445e,NS(=O)(=O)c1ccc(Nc2nc3nc(=O)[nH]c(-c4ccc(Cl)cc4)c3s2)cc1,0.5967000126838684,0.9746676087379456,0.4478150728073987,2.579798,0.7849005460739136,0.6065260231494903,0,0,0,0.0,3.091000000000001,0.4528766491156429
98c2608a479c4855eea3dbc2a1a94934,Cc1nn(C)cc1C=NCCOCc1ccccc1,0.3086999952793121,0.6458257436752319,0.1178558892147107,2.446146,-10.502503395080566,0.4553784787654876,0,1,0,0.3333333333333333,2.3642200000000004,0.5884503628970474
3f75e3dd44b88d9c047ecc29c8c59115,Cc1cc(C)cc(Nc2nc(NCC(N)CC3CC3)ncc2C(N)=O)c1,0.6049000024795532,0.9187663197517396,0.4997189817103473,3.017198,-2.9491989612579346,0.7538407921791077,0,0,0,0.4210526315789473,2.475239999999999,0.5780974824885736
e5f02b4c25cac0dca842ac9e7dfaa9c6,FC(F)(Cl)c1nnc2ccc(Sc3ccccn3)nn12,0.5449000000953674,0.957608997821808,0.0996425586583262,2.858338,-0.4013897478580475,0.0541656360030174,0,1,0,0.0909090909090909,2.958600000000001,0.6958212794870875
8e307c5e21c15af1ae06b6f22cb54789,COC1=Cc2c(ccc3ccc(=O)oc23)OC1(C)C,0.4277999997138977,0.9217557311058044,0.3605640964074568,2.965971,11.020432472229004,0.2336644649505615,0,1,0,0.2666666666666666,2.9513000000000016,0.7377650364144502
dc1b924e14cdb0e44303c8cd931799dc,CC#CCn1c(=O)c2c(ncn2C(C)C(=O)Nc2csc(-c3ccc(N4CC5CC5C4)nc3)n2)n(C)c1=O,0.6380000114440918,0.842099666595459,0.1217441807755015,4.161133,0.06529101729393,0.7649905443191528,0,1,0,0.3846153846153846,2.0943,0.3792175489696716
0eb60e6cc6f819a1993d52af0a5d3886,COc1c(N2CCCCC2)c2c(=O)c3ccccc3oc2c2c3ccccc3n(C)c12,0.6608999967575073,0.9603145122528076,0.5421072542667389,2.621951,-4.492330551147461,0.9133391499519348,0,1,0,0.2692307692307692,5.590000000000005,0.3547182308296663
ea3b78462d56085ca79bb047bec97b93,CC(C)CN1CCC(CN2CCOCC2)CC1,0.3826999962329864,0.5286701321601868,0.0670329427071423,2.060341,-6.730195999145508,0.8355785727500915,0,0,0,1.0,1.6866,0.7435164348963705
883023ff0a516c28f0552a37fc5d9c39,CCCCOc1ccccc1S(=O)(=O)N1CC(c2nc(-c3ccsc3)no2)C1,0.5608999729156494,0.664473295211792,0.0973805619234388,2.474659,-7.666641235351563,0.6627161026000976,0,1,0,0.3684210526315789,3.765100000000003,0.5168707708879304
c73d47d39acb55e7be58a0b1304d6e03,O=S(=O)(NCCc1cn(S(=O)(=O)c2ccc(F)cc2)cn1)c1ccc(F)cc1,0.3955999910831451,0.6337867379188538,0.1344135864214463,2.374785,-11.995317459106444,0.5349506855010986,0,0,0,0.1176470588235294,1.9192999999999996,0.621297359008282
a6e35dd981414cedb55d7b51bf1c1e7d,O=C1NC(=O)C(=Cc2ccc(C=CC(=O)c3cccs3)cc2)S1,0.5329999923706055,0.996633529663086,0.2802036987109618,2.453473,-6.750886917114258,0.2436058670282364,0,1,0,0.0,3.9681000000000015,0.6750475209914755
f6db5f88c724349f3d1a898c5d560475,COc1ncccc1C(=O)NCCNc1cc(Nc2ccc(N3CCOCC3)cc2)nc(SC)n1,0.5745999813079834,0.8401545286178589,0.2060113765976645,2.628603,-3.6654856204986577,0.8387331962585449,1,1,0,0.3333333333333333,3.0242000000000013,0.220305424817595
3e130b8ba05cde8447d5391b5e2dec93,CCOc1nc(=O)n(Cc2ccc([N+](=O)[O-])cc2)cc1C,0.4399999976158142,0.8753848075866699,0.1639048999006098,2.33452,-8.4992094039917,0.0881407581269741,0,1,0,0.2857142857142857,1.9069199999999995,0.6194417004204674
ebd3c5547f35db2e9816843cefcf6262,O=C(NCc1ccccc1)C(C1CC1)n1c(-c2cccs2)nc2ccccc21,0.5698000192642212,0.9558253288269044,0.1896004046906124,2.702382,-7.147473335266113,0.8559723734855652,0,0,0,0.217391304347826,5.032300000000004,0.504188401487674
901fcde578de98258a14a6f2320399be,O=C(NCC1(O)CCSC1)c1ccn(-c2ccccc2F)n1,0.4251999855041504,0.4770742356777191,0.1375820420005104,3.180347,-11.332304954528809,0.455970948934555,0,0,0,0.3333333333333333,1.6092,0.8977064005689508
99c52daedd1176c32e0b4e8872fca487,CS(=O)(=O)Oc1coc2cc(O)cc(O)c2c1=O,0.42289999127388,0.954299807548523,0.0706195450303229,2.736098,11.405516624450684,0.1457095265388489,0,1,0,0.1,0.5426,0.766662771877709
a57953e96202a630659405ac30e1de32,CC(=O)NCC1OC(=O)N2c3ccc(-c4cccnc4)cc3OCC12,0.6985999941825867,0.6885156035423279,0.0745493830604986,3.335621,-1.786892056465149,0.1845540359616279,0,0,0,0.2777777777777778,1.9708999999999997,0.9246101435486176
23ba180378e374142c596ed9dfbbc0eb,OCCn1nc(Cc2cccnc2)nc1-c1ccc2c(c1)OCCO2,0.4223999977111816,0.6152639985084534,0.1054676642472093,2.508932,-10.006044387817385,0.4481050133705139,0,0,0,0.2777777777777778,1.6943999999999997,0.7623195698498646
28f2fefb43258afa7025c8e039361e3c,CC1CC(C)CN(S(=O)(=O)c2cc(C(=O)O)c(Cl)s2)C1,0.6419000029563904,0.8833265900611877,0.0843100503129376,3.279644,-9.98442554473877,0.0392152946442365,0,0,0,0.5833333333333334,2.766300000000001,0.9198445352603632
0a0c308e18036feffe0006fe28f1c63f,CCOC(=O)c1c(C)nc(NNC(=O)c2cccc3c(=O)c4ccccc4[nH]c23)nc1CC(C)C,0.6380000114440918,0.96642804145813,0.2617729346860539,2.709033,-5.740389823913574,0.8604357481002808,0,1,0,0.2692307692307692,3.9118200000000023,0.2109975575606121
93db945c69cba7632bce30587ab7c3d2,CC(C)CC(=O)Nc1nnc(S(=O)(=O)N2CCCCCC2)s1,0.5170999765396118,0.6910824775695801,0.0634873304516077,2.359778,-10.665860176086426,0.2891409665346146,0,1,0,0.7692307692307693,2.0873999999999997,0.8242118463904766
410323d252c05106d2852f5ec7da0374,Cc1cccc(-c2ncc(N)c(=O)n2CC(=O)NC(Cc2ccccc2)C(=O)C(F)(F)C(=O)NCC(=O)N2CCCCCC2)c1,0.7260000109672546,0.9302799701690674,0.1383441246368668,3.375416,-1.1438835859298706,0.7202329277992249,0,1,0,0.375,2.251619999999999,0.2770792138796455
dcbf695254d896ab2bfcee6d0743ce0e,CN(C)C1C(O)=C(C(N)=O)C(=O)C2(O)C(O)=C3C(=O)c4c(c(F)c5ccc(CNC(C)(C)C)cc5c4O)CC3CC12,0.8596000075340271,0.9981902241706848,0.235132984817028,4.534079,11.103971481323242,0.438411271572113,0,1,1,0.4333333333333333,2.301000000000001,0.3031229393128122
e812ea972bde212c1e88a18899f3edaf,COc1ccc(C2c3[nH]c4ccc(Cl)cc4c3CCN2C)cc1,0.5878999829292297,0.9800621867179872,0.5412367501042106,2.643267,-0.0984641015529632,0.8436633467674255,1,0,0,0.2631578947368421,4.407200000000003,0.7553609791473125
b31229c11843010d66e206f343f6c9c9,COC(=O)C1CCN(Cc2ccc3nc4n(c(=O)c3c2)-c2ccc(F)cc2C4=O)CC1,0.7124999761581421,0.9602807760238647,0.2385125282135876,2.439686,-9.841269493103027,0.8359025120735168,0,0,0,0.3043478260869565,2.4542,0.4729291420543423
feb0dd79980bbe3dfa7af8d4ab9b7cdd,COc1ccc(-c2cc(COC(Cc3cn(C4CCN(Cc5ccc([N+](=O)[O-])cc5)CC4)nn3)c3ccc(Br)cc3)on2)cc1,0.6449999809265137,0.9430310726165771,0.2669374333186583,3.388167,-8.76685619354248,0.9545404791831972,0,1,0,0.303030303030303,6.950100000000007,0.1023237986731161
292e12d6f8a552ecd7950782607de8b7,O=C(Cc1ccccc1)NC1c2ccccc2C2(CCNCC2)C1O,0.48539999127388,0.7923697829246521,0.2089048068631779,3.516921,0.010364830493927,0.4992091238498687,0,0,0,0.3809523809523809,2.0823000000000005,0.804194924762288
3c8ebe2a79fb173ee7bb8bcf97504d70,Cn1cncc1C(N)(c1ccc(C#N)cc1)c1cc2cc(C#N)cc(-c3cccc(C#N)c3)c2o1,0.6360999941825867,0.9909183382987976,0.4424968510866165,3.611841,2.935032844543457,0.9586443781852724,0,0,0,0.0714285714285714,4.698940000000003,0.4190902457795432
ed098408af662810afd7e7437539b483,CC1c2cccc(O)c2CCN1CCc1ccc(Cl)c(Cl)c1,0.6585000157356262,0.9908209443092346,0.5179558342153375,2.701891,-9.775464057922363,0.9435826778411864,0,0,0,0.3333333333333333,4.860800000000004,0.8651114822659884
dea2cd2882f02a35ca9815c06488ffcc,CCN1CCN(C(=O)c2nc(-c3ccc4c(c3)N(C3CC3)C(C)C(=O)N4C)n(-c3ccc(C)cc3C)n2)CC1,0.6186000108718872,0.8459581732749939,0.1694489521059123,3.372356,-7.641834259033203,0.9074075818061828,0,0,0,0.4666666666666667,3.6625400000000026,0.5041088575562572
89576497a546864aad4127264049ac09,COC(=O)CN1C(=O)c2cccc3cc(N=[N+]=[N-])cc(c23)C1=O,0.565500020980835,0.8985722064971924,0.1173023026521233,2.660431,-8.23384952545166,0.2303826063871383,1,1,0,0.1333333333333333,2.5506,0.2848093215824467
13673076965c891192162b48018761c5,COC1=CC(=C(c2ccc(O)c(OC)c2)c2ccc(O)c(OC)c2)C=CC1=O,0.4828999936580658,0.9593924880027772,0.4762934283776717,2.561875,10.120438575744627,0.6502107858657837,0,0,0,0.1363636363636363,3.5861000000000027,0.8246658129424227
5ec8d0abf8f8a2f1c1a6d0c5a4c33997,O=C(Cc1c[nH]c2ccccc12)NC1CCCN2C(=O)N(Cc3ccccc3)C(=O)CC12,0.5699999928474426,0.7477836608886719,0.1186438240110874,3.148323,-9.24975872039795,0.6367637753486634,0,0,0,0.32,3.212100000000002,0.6518340414423481
4ba913c392005ecc96558597df827362,O=C(Nc1cc(Cl)ccc1C(=O)O)c1ccc(-c2ccccc2)c(Oc2ccccc2)c1,0.7354000210762024,0.9956953525543212,0.2069351720539006,1.931856,-7.914701461791992,0.355739563703537,0,0,0,0.0,6.749800000000004,0.345310560734798
a43d5836cbc89035f3b2075d1a65988c,O=C(CSc1nnnn1-c1ccccc1)NNC(=O)c1ccc(O)cc1O,0.4422999918460846,0.9140251874923706,0.0847955677150325,2.2392,-9.272994995117188,0.0743555858731269,0,1,0,0.0625,0.6267999999999998,0.3693282119657881
18d5934790c0c24c8d0bd4cdde93efed,O=C(NCc1cccnc1)C(=Cc1ccco1)NC(=O)c1ccccc1,0.231900006532669,0.5118563771247864,0.2255765538324009,2.150238,-8.149087905883789,0.2906952261924743,0,1,0,0.05,2.7619000000000007,0.6716915515661187
457bcdb1948d292943f3723b48741249,Cc1cc(C)c2c(c1)c(C)cc1nnc(SCC(=O)c3cccs3)n12,0.5450000166893005,0.9112542867660522,0.134162293577736,2.544083,-11.94779109954834,0.3839676260948181,0,0,0,0.2105263157894736,4.844260000000003,0.3822629950489055
f4b95f85a2c66efa4da542c3250d0d41,CC(C)CC1NC(=O)C(CC(C)C)NC(=O)C(CC(=O)N(C)C)NC(=O)C2CCCN2C(=O)C(CC(C)C)NC(=O)C(CC(C)C)NC1=O,0.6262000203132629,0.789750874042511,0.2887426790865985,5.048327,6.879737377166748,0.2434867024421692,0,0,0,0.8,1.0777000000000083,0.2268713825813046
8b17e6dcf3fc8fd5680b6c9a2a960eab,Cc1csc(C(=O)Nc2cc3cc(-c4cncn4C)ccc3cn2)n1,0.5023999810218811,0.8800809383392334,0.2208179966969923,2.694486,6.509377956390381,0.7741148948669434,0,0,0,0.1111111111111111,3.652520000000002,0.6126133775831419
b7e758d63d5b93b5d65095b3718aa044,CC(OC(=O)c1[nH]nc2ccccc12)C(=O)Nc1ccccc1[N+](=O)[O-],0.5277000069618225,0.8648536205291748,0.2507672120224345,2.731833,-9.964932441711426,0.6155613183975219,0,1,0,0.1176470588235294,2.655100000000001,0.4118004659288841
78d3d4f1a6dd40babc572d89a1959523,CC(=O)OC(CCC1(C)OC1COc1ccc(CCNC(=O)C=C(C)C)cc1)C(C)(C)OC(C)=O,0.5295000076293945,0.8982829451560974,0.1144507810134779,4.083974,7.633709907531738,0.4453451693058013,0,1,0,0.5925925925925926,3.9014000000000033,0.2545725728050421
b048a04c37216238226f4c66de5d50d6,CN(C)C1C(=O)C(C(N)=O)=C(O)C2C(O)C3=C(CC21)C(C)(O)c1c(Cl)ccc(O)c1C3=O,0.7807000279426575,0.9971104860305786,0.2365169010379097,4.794035,12.16102123260498,0.1880686238408088,0,1,1,0.4090909090909091,0.5533000000000006,0.3979477043866481
f1c6e2227422d9138a1e8a2ef53e44d2,CCOC(=O)C12CCCC1(O)N(NC(=O)c1cccc(Cl)c1)C(C)=C2C(=O)OC,0.5892999768257141,0.8525053262710571,0.1096590496599674,3.79888,-5.152861595153809,0.2867303073406219,0,0,0,0.45,2.1693999999999996,0.7003035852445085
e90438bd20bedefe7b4723c08c46b6be,CC(N)Cc1c2ccccc2c(Br)c2ccccc12,0.6175000071525574,0.9949687719345092,0.3660742911425503,2.575975,0.7225297689437866,0.8970169186592102,0,1,0,0.1764705882352941,4.645200000000003,0.6849123936230316
2a58ff6598feb81967ae8d8e0a7b5a5c,COc1cc(C(=O)O)ccc1NC(=O)C1NC(CC(C)(C)C)C(CN)(c2ccc(Cl)cc2F)C1c1ccccc1Cl,0.777899980545044,0.9976403117179872,0.1804917048324238,4.083267,6.144016265869141,0.4298152238130569,0,0,0,0.3548387096774194,6.234900000000006,0.2430869574045147
2bdb811288fb6cb0957d3fc3deffbe32,COc1ccc(-c2[nH]nc3c2C(=O)c2c(NC(=O)CN4CCC(CO)CC4)cccc2-3)cc1,0.6391000151634216,0.9146832227706908,0.3089337105100805,2.505448,-2.5131711959838867,0.9334018230438232,0,0,0,0.32,2.9395000000000016,0.4204018107505047
a95c9797741a9b95218871f6e3b5a7f4,CC(CO)NC(=O)c1ccc(NCc2ccccc2)cc1,0.320499986410141,0.6066810488700867,0.1013890464197505,2.079967,-9.224528312683104,0.525318729877472,0,0,0,0.2352941176470588,2.409300000000001,0.7631306210160477
f7375b88b0d3d8991f37d512e678f184,CC1CCC2(OC1)OC1CC3C4CCC5(O)CC(O)CC(O)C5(C)C4CCC3(C)C1C2C,0.6111999750137329,0.8965847492218018,0.4403577826239846,5.667728,10.339194297790527,0.590334615111351,0,0,0,1.0,3.879500000000003,0.5241355796645888
6c54f330bd99084e513431ae79bf0245,Cc1ncccc1NC(=O)C1CCC2C(CCN2Cc2cnn(C)c2)O1,0.4079000055789947,0.2718278765678406,0.0439949314194646,3.693865,-9.969256401062012,0.638437706232071,0,0,0,0.5263157894736842,1.8841199999999996,0.906653310079236
16de4e3a3de9d0ff83d519c911fd70a5,O=C1c2c(Cl)c(Cl)c(Cl)c(Cl)c2C(=O)N1CCCc1ccccc1,0.6980000138282776,0.9842435717582704,0.3540074947205456,2.270225,-5.941458702087402,0.6302090406417846,0,1,0,0.1764705882352941,5.529000000000003,0.3826970285550745
e7a7dd3f3ae82057ce12037978e33f03,CN1CCN(Cc2ccc(-c3cnc4[nH]cc(-c5ccccc5)c4c3)cc2)CC1,0.659500002861023,0.9842950701713562,0.6155039126222784,2.143732,2.0499825477600098,0.9717604517936708,0,0,0,0.24,4.644300000000004,0.5582218396774787
a2a494d2578ae68b205672b42e88f5cc,O=C(CCCOCCCCc1ccccc1)N1CCCCC1,0.3553000092506408,0.6989238262176514,0.1140608191490173,1.80789,-7.207683563232422,0.9023608684539794,0,1,0,0.631578947368421,3.818600000000002,0.6490897862088435
b91956ca4018b5936359e1c0526e311c,O=C(c1ccncc1Cl)N1CCN(Cc2ccco2)C(CCO)C1,0.426800012588501,0.2924847304821014,0.081741084344685,2.893046,-10.78621768951416,0.7657796382904053,0,0,0,0.4117647058823529,2.037,0.8941153034034505
773fb6e42277d958b3c777fee7ad89d4,Cc1ccc2cccc(OCc3c(Cl)ccc(N(C)C(=O)CNC(=O)NCCCC(=O)O)c3C#N)c2n1,0.661899983882904,0.9596064686775208,0.1353172463449564,2.819763,-6.925596237182617,0.5873287439346313,0,1,0,0.2692307692307692,3.7741000000000016,0.3428050929598479
ee4a8e93a9835e04396841a1105586ba,O=C1c2c(O)cc3oc4cc(O)c(O)cc4c3c2OC1Cc1ccc(O)c(O)c1,0.6352999806404114,0.9951682686805724,0.2961840751496228,3.513908,12.15757656097412,0.6056699931621552,1,1,0,0.0952380952380952,3.3004000000000016,0.3262493779288892
767bfd0958ba76f154eb7ad2774acc0c,COc1cc(C=CC2=CC(C)(C)N(O)C(C)(C)C2)cc(OC)c1,0.5055999755859375,0.925126016139984,0.3153523775664242,3.004736,-1.866211533546448,0.7105457782745361,0,0,0,0.4736842105263157,4.295500000000004,0.8989983195370996
d35dc1a328490b51833593dbbbd9e3a1,COc1ccc(C=C(C#N)c2nc(-c3ccc(-c4ccccc4)cc3)cs2)cc1OC,0.5841000080108643,0.912846863269806,0.4722273295575922,2.207104,-6.071511745452881,0.816329824924469,0,1,0,0.0769230769230769,6.558480000000006,0.3290192317111063
ef735efad9e6c8b10180c4c34cfebff4,CC1CCCN(C(=O)Nc2ccc(OCC(F)(F)F)nc2)C1,0.4652999937534332,0.6883158683776855,0.1159364645454016,2.719129,-8.905770301818848,0.5352593064308167,0,0,0,0.5714285714285714,3.286500000000001,0.9305413052661776
bfc5130bf9f66003bb3889a718befa6b,Cc1oc(-c2ccc(C(F)(F)F)cc2)nc1COc1ccc2c(c1)C=CC2=CCn1oc(=O)[nH]c1=O,0.6563000082969666,0.9904547929763794,0.3429004888642918,3.227249,-3.8876917362213135,0.8339819431304931,0,0,0,0.16,4.801220000000004,0.4105489209464681
069fc90a2c399ee8cf8f976ce2401f20,NC(=O)c1cnn(-c2ccc([N+](=O)[O-])cc2[N+](=O)[O-])c1NC(=O)c1ccccc1,0.5008000135421753,0.9632614850997924,0.2748778293078596,2.34214,-11.187153816223145,0.4643184781074524,0,1,0,0.0,2.0398999999999994,0.4726959038110004
e1f7f3d31ce330d529cbc11e9cda2184,COc1cccc(S(=O)(=O)N(Cc2cccs2)CC(O)C(Cc2ccccc2)Nc2cc(F)c(F)c(O)c2F)c1,0.6898999810218811,0.979002058506012,0.2611564804207195,3.555869,-8.827229499816895,0.968261456489563,0,1,0,0.2142857142857142,5.154800000000005,0.1968709759856921
48e92a3ae67ff4375f6840af4d11885e,Cc1cccc(COC2CCC3C2OCCN3Cc2nccs2)n1,0.4226999878883362,0.5637329816818237,0.0895550267940217,3.814789,-7.083846092224121,0.535329157114029,0,0,0,0.5555555555555556,2.7951200000000016,0.8338564567534917
3f9b62f95d45ac3b381080b7f48ea93e,C=CS(=O)(=O)Nc1cccc(-c2c(Cl)cc(C(N)=O)c3[nH]c4c(c23)CCC(C(C)(C)O)C4)c1,0.7246999740600586,0.9911478757858276,0.3606049662286585,3.649949,6.893748760223389,0.8254924416542053,0,0,0,0.2916666666666667,4.348200000000002,0.4120844953071784
fba62082ba9cd1d1f0dff439f3eeac55,CC1SC(c2ccccc2)N(Nc2c3ccccc3nc3ccccc23)C1=O,0.5709999799728394,0.9462302327156068,0.2982314391569657,3.162868,-4.935207366943359,0.8509133815765381,1,1,0,0.1304347826086956,5.377600000000004,0.4811781183769229
4afda87567f8550f588d0c09fcbaaa91,COc1cc(CN2CC3CCCN4CCCC(C2CCCCO)C34)cc(OC)c1OC,0.5327000021934509,0.592706561088562,0.3807590197433125,3.765855,-3.3098084926605225,0.9522691488265992,0,1,0,0.76,3.549800000000002,0.6025458750331447
921ee5df2d88dba2dbedc4e54e03bd3e,Cc1ccc(-c2nc(C(=O)O)cs2)cc1,0.3522000014781952,0.8329906463623047,0.0403906217437576,1.777399,-9.320878028869627,0.0027361736632883,0,0,0,0.0909090909090909,2.816720000000001,0.8444768488558599
b653dee14da0100b0127fbd350cf0299,O=S(=O)(Nc1ccccc1Cl)c1ccc2c(c1)CCNCC2,0.5120000243186951,0.9296876192092896,0.1784395941279151,2.063189,-5.766293525695801,0.5597370326519012,0,0,0,0.25,2.8290000000000006,0.9057852863943467
3c1c3aec7ab33e664ea4e0f77ff10394,COc1cc2c(cc1OC)C(c1c(O)n(C)c(=O)n(C)c1=O)NCC2,0.4113000035285949,0.5733213424682617,0.1068347005004232,3.032794,3.600558042526245,0.2021040126681327,0,0,0,0.4117647058823529,0.0419000000000001,0.8142545031118023
1d4d955e36a20fe20a2ce6c597f78009,CCc1sc(C(=O)NNC(=O)CN2CCN(c3ccc([N+](=O)[O-])cc3)CC2)cc1C,0.5034000277519226,0.8532078862190247,0.2662161636081608,2.383429,-10.712584495544434,0.629086947441101,1,1,0,0.4,2.11032,0.5358021105132689
239c7ceadaede6c9f0151bda70c6feaf,Cc1nc(CCNC(=O)C2CCCN(C(=O)c3cccs3)C2)cs1,0.4535000026226043,0.2225877940654754,0.023464425636286,2.703201,-11.448464393615724,0.4337089836597442,0,0,0,0.4705882352941176,2.724120000000001,0.8883904727991387
b8e2f21a4cd57db787ceecb3e3c0316a,Cc1ccc(-c2cc(C(=O)Nc3cnn(C(C)C)c3)no2)cc1,0.4228000044822693,0.7823284864425659,0.142895195633173,2.252445,-7.646954536437988,0.4775415599346161,0,0,0,0.2352941176470588,3.6797200000000014,0.7975033451837176
0cef82f5ea01917944579a51b4394643,Nc1nc(Nc2ccc(OCCN3CCCC3)cc2)nn1-c1cc2c(nn1)CCN(C(=O)OCc1ccccc1)C2,0.525600016117096,0.8597955107688904,0.3387226150794463,2.84281,-1.8383079767227173,0.8904297828674317,0,0,0,0.3448275862068966,3.5526000000000018,0.3154368457407241
99424339a9244a4edd57019f422eb355,Cc1ccc(C(OC(=O)c2ccco2)C(=O)NC(C)(C)C)cc1,0.3553000092506408,0.634690523147583,0.1429603113369508,2.602469,-10.61391258239746,0.1719015210866928,0,0,0,0.3333333333333333,3.400820000000002,0.8780242774146457
601c77f323d9aeaba77598e078d3a8aa,Cc1ccc(Sc2ccc(N3CCC(C(=O)Nc4ccc(C)c(F)c4)CC3)nn2)cc1,0.5733000040054321,0.9032573699951172,0.2383708520369096,2.306004,-7.028080940246582,0.8062336444854736,0,0,0,0.2916666666666667,5.238840000000004,0.592825766257542
08d95dbfccc96e5edc6d96f00a9f4990,CC[n+]1ccn(C)c1P(c1ccccc1)c1ccccc1,0.5636000037193298,0.9645010828971864,0.33650695735758,2.868445,-6.348394393920898,0.6672041952610016,0,1,0,0.1666666666666666,2.0907,0.5147069737694052
7bdf08268fb6fd0fcf98f4f949ffc9ea,O=c1ccc(C2CC2)nn1Cc1c(Cl)oc2ccccc12,0.6277999877929688,0.8924980163574219,0.1420793833041733,2.633619,-11.746464729309082,0.2086394309997558,0,0,0,0.25,3.5686000000000027,0.742722341531541
e99e0b4798596d339193be76f3b462eb,CN(C)c1ccc(-c2nc(C3CCOC3)no2)cn1,0.3348000049591064,0.5256977081298828,0.047542898661711,3.050066,3.958334684371948,0.2930024236440658,0,0,0,0.4615384615384615,1.7014999999999998,0.8366028491505043
da5b1900b7d35e1e9c902bba4adb74cb,CN(C)C(CNC(=O)NCCc1cccc(C(F)(F)F)c1)c1cccc(F)c1,0.5447999835014343,0.8963801264762878,0.181612759151242,2.620577,-11.039775848388672,0.9600455284118652,0,0,0,0.35,3.9891000000000023,0.6942791295079926
ff6269c309ad1fbfba38e143dbd7e7e9,c1cc(CN2CCCn3cncc3C2)n(-c2nccs2)c1,0.4918999969959259,0.7165945768356323,0.1502598398788408,2.929241,-9.355364799499512,0.6511359333992004,0,0,0,0.3333333333333333,2.536200000000001,0.7458279224339514
2f3b318261751be03577d7004c6e403b,O=C(CCN1CCOCC1)N1CCCC12CCCCC2,0.3156000077724457,0.2854329645633697,0.048331177687611,2.975518,-5.015682220458984,0.4730208247900009,0,0,0,0.9375,2.0339999999999994,0.7928511122782462
d3713a37335cd228cc465cce63962492,CCn1c(SCC(=O)N2CCN(c3cccc(Cl)c3)CC2)nc2ccccc2c1=O,0.5666999816894531,0.7665508985519409,0.1301091906021941,2.115453,-11.00441837310791,0.8963442087173462,0,0,0,0.3181818181818182,3.5107000000000026,0.44673925875206
05771e349052603aa0f914fe2efaad13,C=C1CCC2(C(C(=O)O)CCC2C(C)C)C(OC)C1O,0.5881999731063843,0.9201135635375975,0.1409910377538339,4.99834,9.560473442077637,0.0081809137715026,0,1,0,0.8125,2.465500000000001,0.7803663578647916
3fdf902e2af6458f8306438764a01f90,Cc1ccc(-c2csc(NC(=S)NC(=O)C=Cc3ccco3)n2)cc1,0.5144000053405762,0.9583728909492492,0.3758556544780731,2.32953,-9.29735279083252,0.3840795755386352,0,1,0,0.0555555555555555,4.237920000000003,0.5318523330922844
10ddb6dffe74ac6c74299ca726a0eefa,COC(=O)C1=C(C)N(c2ccc(OC)c(OC)c2)C(=O)C1=Cc1cccs1,0.5250999927520752,0.8560081720352173,0.2910298244519667,2.433415,-9.112610816955566,0.5598252832889556,1,1,0,0.2,3.6425000000000023,0.5807316957136615
29080c89e1ab2584dc0da68849350a36,CN(C)C1CCN(c2ccc3[nH]c(C(=O)c4ccc(C#N)c(-c5cncc6ccccc56)c4)nc3n2)CC1,0.6990000009536743,0.9768747687339784,0.601944932883436,2.970856,-1.991667866706848,0.9854262471199036,0,0,0,0.2333333333333333,4.806180000000004,0.3450336094048581
4c52db1bb6b8d19dcd248baadaddba20,Cc1cccc(CNC(=O)C(C)C2CCN(C(=O)c3ccc4oc(-c5ccccc5)nc4c3)CC2)c1,0.6115999817848206,0.9059355854988098,0.1300481273369355,2.801743,-3.561990261077881,0.927241051197052,0,0,0,0.3,5.607920000000005,0.3885267902067517
53e5096c6b8020a2530abbf4e3cb77cf,NNc1nc2cc(Cl)c(Cl)cc2s1,0.54339998960495,0.9973631501197816,0.0478685220322487,2.406517,-7.698009490966797,0.3479740649461746,0,1,0,0.0,2.8887,0.5887522752737784
2b767f0c1a5726365784135b65783d61,CN1CCC(c2cc3c(-c4cc(NCc5cccc(S(C)(=O)=O)c5)ccc4F)ccnc3[nH]2)CC1,0.6500999927520752,0.9794548749923706,0.5198273333636197,2.709841,9.54964542388916,0.9515965938568116,0,0,0,0.2962962962962963,5.193800000000004,0.3871695479266793
69dbae13a6af6d52fba07044dc7a5e56,O=C(CCCCCCC=Cc1ccc2ccccc2c1)NO,0.5763999819755554,0.985364317893982,0.2913688272237777,2.091914,2.856853723526001,0.876743757724762,0,1,0,0.3157894736842105,4.699000000000004,0.4213620899279372
303c798a1c4f2c4f88a0be1c5a3fb412,CC(=O)c1ccc(N2C(=O)C(=Cc3ccc(Cl)cc3)N=C2C)cc1,0.5745999813079834,0.9490102529525756,0.2493156079541553,2.237035,-8.959282875061035,0.4539207994937896,0,1,0,0.1052631578947368,4.348700000000004,0.6167949876301703
5183f89e0ef571a00fef938deaa623a3,CN1c2ccccc2CC1CC1=NCCN1,0.3477999866008758,0.7437372803688049,0.0635214019566774,3.340636,-4.600919246673584,0.6765158653259278,0,0,0,0.4615384615384615,1.4393,0.8080866466986888
6600ffc5419ccf7441f0dc14ac5f6f72,COc1ccc(C2=C(c3cc(OC)c(OC)c(OC)c3)C(=O)CC2OC(C)=O)cc1NC=O,0.5372999906539917,0.9342875480651855,0.3924997787583958,3.221614,9.69761562347412,0.5605014562606812,0,1,0,0.2916666666666667,3.104600000000002,0.4538340758044968
46ed352f42e415328b69856be690e457,CN1CCN(Cc2cccc3nc(N)oc23)CC1,0.307200014591217,0.5382943153381348,0.1000196249647574,2.399759,-9.416068077087402,0.8715894341468811,0,0,0,0.4615384615384615,1.1574000000000002,0.8612922332296256
ce35aad532138c12d7be67882247b773,Nc1ccc2c(c1)c(-c1ccccc1)[n+](CCCCCC(=O)O)c1ccccc21,0.7264999747276306,0.994176983833313,0.3380587263540788,2.441527,-1.9276810884475708,0.8383516669273376,0,1,0,0.2,5.174700000000004,0.1994463077014801
7bd787d8f42c473d2feb817c2a46f5d5,Cc1ccc(C)c(S(=O)(=O)NCC(C)(O)C(=O)OC(C)(C)C)c1,0.3585000038146972,0.5920011401176453,0.0720906606452031,2.912643,-7.470042228698731,0.2037643000483512,0,0,0,0.5625,1.6744399999999997,0.7935591410149088
108ddb34dd5cac6159d8ce0d1fdaae29,Cn1c(SCC(=O)N2CCCC2)nnc1-c1cccs1,0.2824999988079071,0.1331299841403961,0.0250175502997907,2.170406,-10.169604301452637,0.0537531431764364,0,0,0,0.4615384615384615,2.2581,0.8130628529250552
5953cb35955dabe2bd1e6b53603c41f9,COc1ccc(S(=O)(=O)N2CCCC2CNC(=O)C(=O)NCc2ccccc2Cl)cc1,0.555400013923645,0.5902393460273743,0.1296454729004339,2.637774,-9.983783721923828,0.5294813513755798,0,1,0,0.3333333333333333,1.9343000000000008,0.6078260330267962
4bd1ebf0f61d65619b8c440a4b4b6722,COC(=O)c1c(C(C)(C)C)[n+]([O-])c2cc(Cl)c(Cl)cc2[n+]1[O-],0.6384000182151794,0.9628356099128724,0.2196637259965593,3.462561,-11.767420768737791,0.3262600794434547,0,1,0,0.3571428571428571,2.4975000000000005,0.4518284252901089
33ac15d4a6f5484cd75cafebf52af42b,O=C(c1cn(-c2cccc(Cl)c2F)nn1)N1CCCSCC1,0.5101000070571899,0.5636857151985168,0.0847600251436233,2.584449,-5.964087009429932,0.2769952550530433,0,0,0,0.3571428571428571,2.6389000000000005,0.8430046646555128
82acdc129f23f874e3f01fe601204edf,C=CCn1c(S)nnc1-c1ccc(F)cc1,0.3352999985218048,0.7520703077316284,0.0515588453378189,2.294062,-9.186741828918455,0.0817652847617864,0,1,0,0.0909090909090909,2.5589000000000004,0.6544075565852944
5726c180fc4f531dba4a7dbf187bb0db,CN1CCC(Oc2ccc(CN3CCC(NC(=O)c4ccc(Cl)c(Cl)c4)C3)c3ccccc23)C1,0.7513999938964844,0.9868640303611756,0.5416848063468933,3.090803,-4.658675193786621,0.9529698610305786,0,0,0,0.3703703703703703,5.233800000000005,0.5055524137716814
739b109a7598f799f20f4b8460f5d053,O=C1CCC(CCN2CC(N3CCOCC3)C2)(c2ccc(Cl)c(Cl)c2)CN1Cc1ccc(F)cc1,0.7336000204086304,0.9247825145721436,0.3374274373054504,3.180234,-6.530411720275879,0.9743204236030578,0,0,0,0.5185185185185185,4.599400000000005,0.5350697483396661
0bfe2109d56e6a47bf46edb2ccf47e02,Clc1ccc(-c2nnn3c2nc(NC2CCCCC2)c2ccccc23)cc1,0.6040999889373779,0.9490737915039062,0.2633842466907067,2.331128,2.7014806270599365,0.6185007750988006,0,0,0,0.2857142857142857,5.342500000000004,0.523019234459624
763dd613c7792c6ffcd6a4754de49439,Cc1oc2ccc(O)c(CN3CCOCC3)c2c1C(=O)Nc1cccc(Cl)c1C,0.5705999732017517,0.8974952101707458,0.1828763430768793,2.417017,-7.949709892272949,0.9257383108139038,1,0,0,0.3181818181818182,4.493140000000004,0.6573377227893782
22a6bf645f5d7fde3002002320a50a4f,O=C(Nc1cccc2ncn(Cc3cccnc3)c(=O)c12)c1cc(Cl)c(O)c(Cl)c1,0.5870000123977661,0.9473966360092164,0.3023049899122931,2.398642,-6.349714279174805,0.6753024816513061,0,0,0,0.0476190476190476,4.1045000000000025,0.497129776536608
b1c3ef6d344664025cd1acf28fc89ff0,NCc1n[nH]c(=O)c2ccc(-c3cnn4c3CN(C(=O)c3ccccc3)CC4)cc12,0.5697000026702881,0.8267803192138672,0.0911332655020735,2.787472,7.559709548950195,0.6837121844291687,0,0,0,0.1818181818181818,1.901299999999999,0.5458117784198984
e1b86a35a9c792db85564637d977be14,COc1ccc(OC)c(C=NNC(=O)c2csc3ccccc23)c1,0.4187000095844269,0.8928608894348145,0.2435506040399724,2.134654,-10.375883102416992,0.7799219131469727,0,1,0,0.1111111111111111,3.682400000000002,0.569195176952809
6068a90075ddc95b74013630aa370008,Ic1ccc(-c2csc(NN=Cc3cc4ccccc4s3)n2)cc1,0.5687999725341797,0.9919454455375672,0.3339408161965283,2.498516,-4.831827163696289,0.6308389008045197,0,1,0,0.0,6.075400000000004,0.2274538682322786
20192380e2c604885474cd63f0f6dac5,COC(=O)NCC(=O)N(C)CC1Cc2ccccc2CN1C,0.3519000113010406,0.3484252095222473,0.0622906681806357,2.880829,-7.617749214172363,0.3736617565155029,0,0,0,0.5,0.8574999999999999,0.895994245715421
4054e66a5b98fdb5babc68305acb058b,CCOC(=O)C1=CN(Cc2ccccc2)C=CC1c1cccc(C(F)(F)F)c1,0.6967999935150146,0.9846791625022888,0.3046444654464721,3.082173,0.2533760070800781,0.866294002532959,0,0,0,0.2272727272727272,5.265500000000004,0.6552264783958661
cc08d1dadfb3e5de1d977e2aa483381a,Cc1cc(CNC(=O)N2CCCN(Cc3ccccc3)CC2)no1,0.3589999973773956,0.1982121616601944,0.0438283435069024,2.031161,-9.318285942077637,0.7292449235916137,0,0,0,0.4444444444444444,2.40052,0.9360683054540462
fd5de31c2bcb4f70d00eceac137781f1,O=C(COc1ccc2oc(=O)ccc2c1)Nc1ccc(-c2ccccc2)cc1,0.4515999853610992,0.8507751822471619,0.2522704140706496,1.861595,-7.529131889343262,0.7500751376152038,0,1,0,0.0434782608695652,4.477500000000003,0.5254202772852329
3ec6080569b4777c68254c7874f43bd4,O=C(CCn1cc(Cl)cn1)N1CCN(CC2CC2)C2CS(=O)(=O)CC21,0.5396999716758728,0.3875419497489929,0.0919864540073004,3.524381,-11.976027488708496,0.2968359500169754,0,0,0,0.75,0.6464000000000003,0.7421668818345376
f781cd4da75ccfe40a769b650745c483,Cc1cc2c(OC3OC(CO)C(O)C(O)C3O)c(-c3cc(O)c(O)c(O)c3)oc3cc(=O)cc(o1)c32,0.6186000108718872,0.9865779876708984,0.2372907535596327,4.428231,8.598994255065918,0.6541553735733032,1,1,0,0.2916666666666667,0.8101199999999995,0.193777325438428
3ec0c2acb5662f002e12731225aa75cb,Nc1cccc2c1C(=O)N(C1CCCN(C(=O)C(F)(F)F)C1)C2=O,0.6365000009536743,0.7498077750205994,0.1199564849111166,2.966516,-4.371888160705566,0.6052019596099854,0,1,0,0.4,1.4181,0.6184569081428757
457ab683fcad11abff42dd4558303aa7,COC(=O)c1cnc2ccc(C#N)cc2c1NCCCc1ccccc1,0.5286999940872192,0.943990170955658,0.4014092616059563,2.162982,-10.167734146118164,0.9135563492774964,0,1,0,0.1904761904761904,3.9377800000000023,0.5409104400878644
27d6b0501f649c4d52d544efd058ff03,CC(C)C(NC1=CC(=O)c2ccccc2C1=O)C(=O)O,0.4278999865055084,0.9132841229438782,0.4386774464087052,2.825542,11.487366676330566,0.0107478706166148,1,0,0,0.2666666666666666,1.6483,0.8710771606105459
316f3dd30f287d50d1ef9056440b1053,C=CCc1cc(Cc2cnc(N)nc2N)c2ccc(C)nc2c1O,0.7250999808311462,0.9953396320343018,0.4458697533065622,2.847009,-6.06494665145874,0.530440765619278,0,1,0,0.1666666666666666,2.5225200000000005,0.6367373722162001
1a9d59ebf62b09d0a1d8890700713fca,CCOc1ccccc1N(C)C(=O)Cn1cnc2onc(-c3ccc(F)cc3)c2c1=O,0.442900002002716,0.5366693139076233,0.0976060456172986,2.505671,-3.3001022338867188,0.6881784915924072,0,0,0,0.1818181818181818,3.2523000000000017,0.4738305779302215
0de07e3eda531903f6e7764800e5f6cf,COc1ccc(C(CSc2nc3[nH]c(=O)n(C)c(=O)c3[nH]2)=NO)cc1,0.5102999806404114,0.8528660535812378,0.1377898949113759,2.78669,-7.3559722900390625,0.5980224132537841,0,1,0,0.2,0.9290999999999994,0.2686144919847577
57cef5b484580792fa886b0972f40c64,CC(C)NCC(O)c1cc(O)c(O)cc1F,0.5353999733924866,0.9591924548149108,0.3376482427120209,2.892758,-8.823070526123047,0.2905526578426361,1,1,0,0.4545454545454545,1.2682999999999998,0.5865946503273152
9566325e569e89241bbfa603188c1238,COCCCNC(=O)c1ccc(-n2ncc(-c3ccc(C#N)cc3C3CC3)c2O)nc1,0.5824000239372253,0.8918983340263367,0.2169564867561513,2.719,-6.477381706237793,0.7461520135402679,0,1,0,0.3043478260869565,3.155280000000001,0.5445197517042608
6b3d6e29ee176718357efe1f04f54fcc,CCNC(C)CN1CCc2c(c(=O)oc3cc(OC)c(OC)cc23)C1,0.4352999925613403,0.6730227470397949,0.2853889099576256,2.935749,-0.6867480278015137,0.8769826173782349,0,1,0,0.5263157894736842,2.1662999999999997,0.8089883388329694
d01acc59f4b3d2472555a92bf5d4289a,COC(=O)C(Cc1cccc2ccccc12)NC(=O)CCCCCCC(=O)NO,0.5428000092506409,0.9491477608680724,0.1542167284271934,2.581708,2.3704609870910645,0.8150207161903381,0,1,0,0.4090909090909091,2.8861,0.2328165694895554
1bb505a7ab7252db271bf8536e6b68a3,Cc1nc(C)c(-c2csc(Nc3ccc(C(=O)N4CCN(c5ncc(C(F)(F)F)cn5)CC4CO)cn3)n2)s1,0.7243000268936157,0.9196776747703552,0.4219296195290305,3.510994,6.868144989013672,0.8364575386047364,0,0,0,0.3333333333333333,4.1541400000000035,0.3487513515892869
225e7eff93cd8a87b452281466231f88,CC(C)(C)C(=O)NCc1cnc(C(F)F)c(C(=O)NC(=N)N)c1,0.4354999959468841,0.6597368717193604,0.1476739563725211,2.935499,-1.5723836421966553,0.1280167371034622,0,1,0,0.4285714285714285,1.30477,0.4918067975028776
0b7ca456113efd2bf1e053df131ab09f,CCCCOc1nc(C(Cl)(Cl)Cl)c(Cl)c(OC)c1Cl,0.6898999810218811,0.9644346237182616,0.2164695593488663,2.925644,2.9316341876983643,0.5012095391750335,0,1,0,0.5454545454545454,5.402600000000002,0.5154958305143604
7f57e3985cb2311605a27f7366bc5c38,O=C(Cc1cc(Br)cc(Br)c1OC(=O)CCCN=C=S)Nc1ccccc1[N+](=O)[O-],0.673799991607666,0.9813296794891356,0.2641455199230801,2.817881,-7.805774688720703,0.7851186633110047,0,1,0,0.2105263157894736,5.089400000000003,0.0875456479784612
cf663bdfbf3e4650141211534ae07359,COC(=O)Nc1ccc2c(c1O)C(=O)C1=C(O)C3(O)C(O)=C(C(N)=O)C(=O)C(N(C)C)C3C(O)C1C2C,0.8131999969482422,0.9979571104049684,0.1035049689764326,4.593272,10.397634506225586,0.4169788122177124,0,1,1,0.4166666666666667,-0.1692999999999997,0.205991455460617
368ccb769773982e5b597db8c5e91072,CC(O)C(NC(=O)c1ccc(-c2cn(Cc3ccccc3)nn2)cc1)C(=O)NO,0.5353999733924866,0.8820028305053711,0.1683884784579277,2.909725,0.8856687545776367,0.2056725077331066,0,1,0,0.2,0.9779999999999996,0.3485758092958465
fabf386a89cf2c370d87107e90fad8cd,CCc1n[nH]c(C(=O)Nc2ccc(C3CNCCO3)nc2)c1Cl,0.5489000082015991,0.6711868047714233,0.2034939337860454,3.412581,-8.407113075256348,0.2365995600819587,0,0,0,0.4,1.9337,0.7937572358057645
f84d090e76d100ffd81c7a4e49dff564,CC1OCC2(CCN(c3ncc(Sc4ccnc5c(C(=O)O)cccc45)c4nccn34)CC2)C1N,0.7473999857902527,0.9327794909477234,0.2682868350635875,4.602136,9.257756233215332,0.5872870624065399,0,0,0,0.36,3.459500000000001,0.4431474078273185
1f0ccbe1b7a0067d2752821cbc609005,O=S(=O)(Nc1cccc2ccccc12)c1ccc(Cl)cc1,0.5536999702453613,0.9876146912574768,0.270170811902393,1.607991,-7.0805134773254395,0.451965257525444,0,0,0,0.0,4.294000000000002,0.7827653294427651
9e1d9b1b431c7ee96dc512fe26c797d8,Cn1c(Nc2c(Cl)ccc(CNC(=O)C(C)(C)C)c2Cl)nc2cc(C(=O)NCCC3CC3)c(OCC(F)F)cc21,0.652999997138977,0.9825484752655028,0.2599301880056208,3.082509,2.7661006450653076,0.9156883001327516,0,0,0,0.4642857142857143,6.459800000000006,0.2362188252279604
a0a5b158cb225f23345b947433af2dd0,O=C(CN1CCC(C(=O)c2ccc3c(c2)OCCO3)CC1)NCc1ccccc1,0.5138999819755554,0.4684772789478302,0.1026044511659578,2.060984,-11.505853652954102,0.732188618183136,0,0,0,0.391304347826087,2.6689000000000007,0.763293971851938
152c2f35f3abc23c9d13f5f2cf699f28,CCCn1nc(Cc2ccc(OC)c(OC)c2)nc1-c1cccc(=O)[nH]1,0.4645000100135803,0.7643861770629883,0.2247428311543031,2.553891,-9.700157165527344,0.4380422532558441,0,0,0,0.3157894736842105,2.6514000000000006,0.7052708476606654
04dbb74f71daf9c1d679418008321826,N#Cc1cc(Br)ccc1N1CCCC(Cn2cncn2)C1,0.5799999833106995,0.6931557059288025,0.1926942129026759,2.975009,-9.33399486541748,0.8109548330307007,0,0,0,0.4,2.8288800000000007,0.8576105452149899
949bb0927e42d5d31b4a5d43f9bf522d,CCCCCc1ccc2cc(C#N)ccc2n1,0.4438000023365021,0.9614018797874452,0.1210432929748838,2.0309,-7.884651184082031,0.5673743605613708,0,1,0,0.3333333333333333,3.8391800000000025,0.7397091335212281
fbe71969074601f22108efd0d0bb17ef,CCOc1ccc(NC(=O)CN(c2ccc(CC)cc2)S(=O)(=O)c2c(C)noc2C)cc1,0.4711999893188476,0.8296289443969727,0.0665491666983474,2.264273,-11.307315826416016,0.7477346420288086,0,0,0,0.3043478260869565,4.086540000000004,0.5193524996188812
c0b9a5fb8ff85cee40bd896e26914b3b,CCC(C)n1ccnc1C=CC(=O)C=C(O)c1sc(C)nc1C(F)(F)F,0.5447999835014343,0.8162555694580078,0.31527910313823,3.86209,-8.078354835510254,0.4543433457612991,0,1,0,0.3529411764705882,4.819220000000004,0.5718292075499268
925c1977df2d7b860366780292303532,O=C(C=CC=Cc1ccc2c(c1)OCO2)Nc1ccc(CO)cc1,0.4629999995231628,0.9482152462005616,0.3214861073277213,2.264519,-1.2629725933074951,0.7624112010002136,0,1,0,0.1052631578947368,3.1157000000000004,0.6551929632944447
19df0ddf7d483457c3dab14bb0fbcf1c,N#Cc1ccc(CC(NC(=O)c2ccccc2)C(=O)NC(CCCCN)C(=O)NC(C(N)=O)c2ccccc2)cc1,0.566100001335144,0.8701297044754028,0.253678288649429,3.312248,-4.386423110961914,0.8332932472229004,0,1,0,0.2580645161290322,1.8559800000000024,0.1896734953168805
29798f53e4ab71ff6f8997bbab91862a,COc1ccc(-c2cnc(C)nc2NC2CCCC2)cc1,0.4542999863624573,0.8679079413414001,0.1725338257171891,2.058266,-3.276625871658325,0.5219962179660798,0,0,0,0.4117647058823529,3.815120000000003,0.926407806623491
ca22c3670f3c9eab29d8a3bb7b6b7360,O=C1CCC(Nc2ccc(N3CCOCC3)cc2)C(=O)N1,0.4316000044345855,0.5257753133773804,0.0696165935898369,2.6299,-6.763965606689453,0.1248693320900201,1,1,0,0.4666666666666667,0.7402999999999997,0.8032302081214655
ea033d3c3c1b1b0860e0dc2acd983a53,COc1cc(CC(=O)c2cccc(-c3ccnc(Cl)c3)c2)c(C(=O)O)c(O)c1CC=C(C)C,0.7670999765396118,0.9975931644439696,0.1852377527816729,2.739897,4.148211479187012,0.1134265050292015,0,1,0,0.1923076923076923,5.748500000000005,0.2496257341930131
5cb301bf57b74da85d9cdbe3de6cf6a6,Nc1ccc2ccc(OCC3OC(n4cc(Br)c5c(N)ncnc54)C(O)C3O)cc2n1,0.7098000049591064,0.9702581763267516,0.6422650028358806,3.936938,6.4575347900390625,0.7495099067687988,0,0,0,0.25,1.6045999999999996,0.3360645789923268
7302eba8e80849aeb5c63bc643170baa,Cc1nc(N2CCC3(CC2)COC(C)C3N)n(C)c(=O)c1Sc1ccnc(N)c1Cl,0.6711999773979187,0.6942585706710815,0.3884305628863247,4.70783,7.345458030700684,0.8429772734642029,0,0,0,0.55,2.2031199999999993,0.7313244865945088
9305eca20f85ef3f916adf06d339778d,CC(OC(=O)c1ccc2c(c1)OCCO2)C(=O)c1ccccc1,0.4422000050544739,0.7904284000396729,0.1783731169998645,2.319609,-10.235583305358888,0.179565542936325,0,0,0,0.2222222222222222,2.886000000000001,0.6414941823336007
4049be4975d67060a438657b7aff1b85,COc1cncc(N2CCc3nc(NC(C)=O)sc3C2)c1,0.4616000056266784,0.5359920859336853,0.1247280443256551,2.520348,3.355259656906128,0.2920788526535034,0,0,0,0.3571428571428571,2.0678,0.9399571076191672
0aeae2d1928550bbdcfd01fb834c3b48,CC(CCC(N)=O)C1CCC2C3C(OC=O)CC4CC(OC=O)CCC4(C)C3CCC12C,0.6618000268936157,0.8990438580513,0.1413073939355937,4.814276,9.40456771850586,0.569162917137146,0,1,0,0.8846153846153846,4.240000000000003,0.5615790495220495
4b9857f8db104143b3ebab4e961c3555,CC(C(=O)NC1CCCCCC1)n1cc([N+](=O)[O-])cn1,0.4041000008583069,0.6726427674293518,0.1441883539611643,2.725975,-8.738948822021484,0.0234556617215275,0,1,0,0.6923076923076923,2.1913,0.519742811526566
f1fcb967864eb102d18ec11fae2f05a1,CC(C)c1noc(CN(C)Cc2ccccc2-c2ccco2)n1,0.480100005865097,0.733680009841919,0.131626902825453,2.406492,-12.006285667419434,0.6529394626617432,0,0,0,0.3333333333333333,4.0850000000000035,0.68615615173202
474d3a97543c17eee964a9db3fe9667c,CN(CCNCc1cn(Cc2nc3cc(Cl)ccc3[nH]2)nn1)CCNc1ccnc2cc(Cl)ccc12,0.5914000272750854,0.9646995067596436,0.4758839336308566,2.852215,2.634976625442505,0.9508305549621582,0,1,0,0.28,4.191200000000001,0.2229756915581265
6853008c1d0b762cdfc8aff5c1f12267,COCOc1ccc(C=CCCCOc2cc(C=Cc3cc(OC)c(OC)c(OC)c3)ccc2OC)cc1,0.4740000069141388,0.914888858795166,0.4623706042766571,2.523286,9.861355781555176,0.8805166006088256,0,1,0,0.2903225806451613,6.746500000000008,0.1248026098324179
6ec9b90fde50a9e78781b5b44ab71c61,OC1COC2C1OCC2n1nnnc1-c1ccc(-c2ccccc2)cc1,0.4936999976634979,0.7489808797836304,0.1359781980294925,3.556368,7.683856964111328,0.2601710170507431,0,0,0,0.3157894736842105,1.7067,0.7742963183317783
9fbaceb83932f7a7f9bb342689405926,CSc1ccccc1OCc1cc(C(=O)N2CC3CCC2C3)no1,0.4584999978542328,0.3870888352394104,0.1023977795107798,3.946108,-7.424417495727539,0.4395246148109436,0,0,0,0.4444444444444444,3.6000000000000023,0.7758458243199243
213dd834b866ae32c39dfadfdc6b83d2,COc1ccccc1NC(=O)Nc1nc2nc(NCCCN3CCN(C)CC3)ncc2cc1-c1c(Cl)cccc1Cl,0.7088000178337097,0.9813638925552368,0.700476202097806,2.796578,-3.1700375080108643,0.9798273563385008,0,1,0,0.3103448275862069,5.700600000000004,0.2117389671994893
f9edf49ad6915f8eb970aa3eb3a093b1,O=C(Oc1ccc(F)cc1)c1cccnc1,0.2879999876022339,0.8320777416229248,0.2297906591133638,1.613541,-6.565318584442139,0.054880927875638,0,1,0,0.0,2.4399000000000006,0.5725213638672082
1ccd3549dc37acb93130fa68ff13e571,O=C1C=CC(=O)N1c1ccc2c(c1)OCO2,0.4749999940395355,0.9421621561050416,0.4002846804532138,2.338496,-3.7848522663116455,0.1686143741011619,0,1,0,0.0909090909090909,0.8446999999999998,0.6540424780377238
0c022bcc138ed6e969884e033ecf7090,O=C1Nc2c(Cl)cccc2C1=C1Nc2ccccc2C1=NO,0.6579999923706055,0.9952313899993896,0.4142514602704482,2.826912,-10.37733554840088,0.6726819515228272,0,1,0,0.0,3.307200000000001,0.396852427470978
cb2e2c697fe8bf85534958b3aff2a05e,O=C(CN1CCCC1CO)NC1CCCCCCC1,0.3948000073432922,0.4806462824344635,0.0665043213150718,2.488217,-7.345304489135742,0.364538648724556,0,0,0,0.9333333333333332,1.6722,0.8153082530109131
ea0644b00fd2a7fb9a903f3173e3b256,Cc1c(C(=O)Nc2ccc(OCc3ccccc3)cc2)cccc1[N+](=O)[O-],0.4864000082015991,0.9367275238037108,0.3522958525202491,1.745982,-8.399054527282715,0.6394150793552399,0,1,0,0.0952380952380952,4.734520000000003,0.5073782941002836
2baea4b03e63ef76fabb1074e1b841a6,COc1ccc(-c2c(O)c3ccccc3oc2=O)c(OC)c1,0.4704999923706054,0.9264859557151794,0.2106723975051533,2.04916,10.068001747131348,0.5283049583435059,0,1,0,0.1176470588235294,3.182800000000001,0.7520430167867989
3d89f90952436b96b02e327ede08a745,COc1ccc(Cc2cn(C)c3ccc([N+](=O)[O-])cc23)cc1C(=O)NS(=O)(=O)c1cccc([N+](=O)[O-])c1,0.6687999963760376,0.9774780869483948,0.2358513420278375,2.612978,-11.618729591369627,0.7787502646446228,0,1,0,0.125,3.7128000000000023,0.2691425711136453
6595c8be71eed30b35a306bd7aa3f2a2,Cc1ccccc1CN1N=C(C=Cc2ccccc2)CCC1=O,0.460099995136261,0.9056631922721864,0.1694316091862591,2.445678,-5.4129438400268555,0.6429152190685272,0,0,0,0.2,4.186820000000003,0.833444836480517
d0642bebde99fa5f4e529a27146cf7f9,CC(O)(c1nc(-c2ccncc2Br)no1)C1CC1,0.4577000141143799,0.8122935891151428,0.1244485967538573,3.363891,-7.5604352951049805,0.119656166434288,0,0,0,0.4166666666666667,2.5116000000000005,0.9428478804448576
547ce7af41b148b8696d44a8ce560d74,CCOc1ccccc1N1CCN(CC(CN2C(=O)N(C)C(=O)C2(c2ccccc2)c2ccccc2)OC(C)=O)CC1,0.5985000133514404,0.8365327715873718,0.1792741797187111,3.260901,-4.7228851318359375,0.9084190249443054,0,1,0,0.3636363636363636,3.976800000000003,0.2694882614644879
d03a548aea09be3807ea3ad79b0ae728,Fc1cc(Nc2cccnc2)cc(-n2nnc(-c3ccccn3)n2)c1,0.492900013923645,0.9333329200744628,0.1330650724809278,2.509495,-11.44444751739502,0.4109237790107727,0,0,0,0.0,3.0020000000000007,0.6181589368626533
2aafbd6444ba3327e6137c57c82aa400,O=S(=O)(c1ccc(Cl)cc1)N1CCN(Cc2cccc(-c3ccncc3)c2)CC1,0.6348000168800354,0.906054675579071,0.284147097305818,1.978426,-4.289151191711426,0.9602981567382812,0,0,0,0.2272727272727272,3.9085000000000023,0.6191060699041364
7107f5e287ee60c99e404d9adcbdde72,Cc1c(O)cc(C=Cc2ccccc2)cc1O,0.4979000091552734,0.9978170990943908,0.2807513597336682,2.046173,7.76338005065918,0.4563706070184707,0,1,0,0.0666666666666666,3.5766200000000015,0.7682899801158644
b6f7786a5ab5f81c80a5d45d993007cc,CCC(c1cccc(OC)c1)N(C)Cc1n[nH]cc1C,0.3806000053882599,0.711918294429779,0.159703083675016,3.179167,-9.048178672790527,0.6758997440338135,0,0,0,0.4375,3.309820000000002,0.8775711276624406
46f5a51c7eaf57061099f71568175513,NC(=S)Nc1cccc(OCc2ccccc2)c1,0.4876999855041504,0.973617434501648,0.1854251325130462,1.664946,-7.8792829513549805,0.3298989057540893,0,1,0,0.0714285714285714,2.921100000000002,0.8277941336948356
fff443f850a2ea07a4050b5aec30de49,CN(C)c1cc[n+](CC(=O)Nc2cc(C(F)(F)F)ccc2Cl)cc1,0.5608999729156494,0.8758342862129211,0.2721757387573069,2.453451,-7.241552352905273,0.5824428379535675,0,1,0,0.25,3.351000000000001,0.8508427116589672
637c6b1ef18feca96a6a320d83a66e31,CCOC(=O)c1ccc(-c2cc(-c3ccncc3)c(-c3ccccc3)[nH]2)cc1,0.5921000242233276,0.988978385925293,0.2483035529201681,2.108241,-8.810336112976074,0.736680519580841,0,0,0,0.0833333333333333,5.587400000000004,0.4674081282705032
8174ce5c798acdbf94e3dcc1ad8cc5d0,CN(c1ncnc2[nH]ccc12)C1CC2CN(C(=O)CC#N)CC2C1,0.554099977016449,0.5220080614089966,0.0736015637997876,3.853152,-7.193792343139648,0.6767306089401245,0,0,0,0.5294117647058824,1.54478,0.9249773078351264
8c132d7bd595104d9352aea6a5e7699e,O=C(Nc1cc(Cl)c(Cl)c(Cl)c1)c1cc(Cl)cc(Cl)c1O,0.8037999868392944,0.9994090795516968,0.5210749425671317,2.151053,-9.069055557250977,0.5198779284954071,0,1,0,0.0,5.911500000000002,0.6313599929554796
d077e8c679b061c21cf5183d36883a44,O=C(O)c1ccccc1I(=O)=O,0.4411999881267547,0.9565035700798036,0.0376057452522218,2.991626,-9.765344619750977,0.0017904157401062,0,1,0,0.0,1.7518,0.8375957144742759
1883e7ca06efe71ab2724ffcf9236814,O=C(O)c1cn(C2CC2)c2cc(N3CCc4ccccc4C3)c(F)cc2c1=O,0.8833000063896179,0.9987138509750366,0.1458508338440548,2.418024,0.3270559012889862,0.1100675612688064,0,0,1,0.2727272727272727,3.7364000000000033,0.7542858594478191
1e5cc2b300980ff7538e176703613d29,N#CCCN(Cc1cccnc1)S(=O)(=O)c1ccc(S(=O)(=O)NC2CCCCC2)cc1,0.4431999921798706,0.5860248804092407,0.0911562861028042,2.409107,-10.98912239074707,0.7266505241394043,0,0,0,0.4285714285714285,2.797180000000001,0.6117305119370131
b50eda87b770a87378f629079fa47b6b,Cn1cc(-c2n[nH]c3ccc(N4CCn5cnc(C(F)(F)F)c5C4)nc23)cn1,0.6496000289916992,0.856048583984375,0.3676149994134903,3.254036,-5.2416534423828125,0.8495763301849365,0,0,0,0.2941176470588235,2.5939000000000005,0.5710125418249342
e25fe49015a77a86375b3e46ce0576f7,Nc1cccc(CN2CCN(c3ccc(N4CC(Cn5ccnn5)OC4=O)cc3F)CC2)c1,0.8119999766349792,0.7690936326980591,0.1766697879542004,3.094266,-8.382028579711914,0.6990282535552979,1,1,0,0.3478260869565217,2.3470000000000004,0.5753030883316436
e1e39305d82ae0398dfe5ce92aa945a9,Cc1cc(NC(=O)Nc2cc(-c3cccnc3)n[nH]2)nn1C(C)C,0.4541000127792358,0.7373611330986023,0.3010817610404708,2.83482,-5.839653491973877,0.3502802908420562,0,0,0,0.25,3.2015200000000004,0.6853928726403671
7faaac32553c816aeb39d0ebe9d78adc,O=c1oc(C=Cc2ccccc2)nc2sc3c(c12)CCC3,0.5202999711036682,0.9736511707305908,0.1744255321947011,2.49259,-5.176669597625732,0.2087113238871097,0,0,0,0.1764705882352941,3.9086000000000025,0.7196515582818505
739486f509c83b3f12ef2468d6adff83,CCOC(=O)C=Cc1cc(=O)c(O)co1,0.3804999887943268,0.9067400097846984,0.2402813156897371,2.734291,10.0574312210083,0.0468567617237567,0,1,0,0.2,0.9217,0.5925855000252488
ecb2363218ea0b5aa824fd0742a44322,COc1ccc(C2=NN(C(C)C)C(=O)C2(C)C)cc1OCc1ccccn1,0.5113000273704529,0.7929514050483704,0.1497178883715109,2.640533,-8.333067893981934,0.5202028036117554,0,0,0,0.3809523809523809,3.650100000000003,0.7817124692195376
adea4dac3d61434af4ea7fe86b5acbce,CN(C)CCn1ccc2c(N3CCOCC3)nc(-c3cccc(O)c3)nc21,0.5020999908447266,0.8381459712982178,0.2682531638578935,2.534527,-8.221172332763672,0.9128240466117858,0,0,0,0.4,2.2020999999999997,0.7457813658701309
02343b07e4c6addcada396d643844879,Cc1cccnc1C#Cc1ccc(S(N)(=O)=O)cc1,0.4079999923706054,0.8408185839653015,0.379040504721078,2.306413,2.3279895782470703,0.0681369081139564,0,1,0,0.0714285714285714,1.4372200000000002,0.7982275769976721
627b7052e1f9e820f5721b5528a767b1,CCCCOc1nc(N2CCOCC2)nc(C)c1[N+](=O)[O-],0.4952999949455261,0.8124476075172424,0.1305739605291323,2.500405,-10.580912590026855,0.4279548436403274,0,1,0,0.6923076923076923,1.7087199999999998,0.44806739580627
cc73185b28ba08a548f76586d87b5710,COCCn1c(O)nc2cc(C(=O)Nc3nnc(C)s3)ccc21,0.3754999935626983,0.6825807690620422,0.0892590765248645,2.480551,-9.853741645812988,0.4009411990642547,0,0,0,0.2857142857142857,1.8005199999999997,0.7379865584970682
94d7d9f369c261b9c076dca3c84807ce,O=c1c2cnccc2ncn1Cc1c(F)cccc1F,0.4058000147342682,0.7481155395507812,0.1967342888767069,2.225629,-11.32187843322754,0.230614373087883,0,0,0,0.0714285714285714,2.118,0.7182128403583872
9efb030fc1c2700067e56352d713c14c,Cc1c(N=C2CCCC3C4CCCN5CCCC(CN23)C45)cccc1[N+](=O)[O-],0.5723000168800354,0.7252076864242554,0.2792490585283799,4.126893,1.3514173030853271,0.9666800498962402,0,1,0,0.6818181818181818,4.291920000000004,0.5653295739884676
3f0fed820ed87bebba117422454dd0e2,O=C1COc2cccc(CN3CCC(c4c[nH]c5cccnc45)CC3)c2N1,0.6118000149726868,0.8704360723495483,0.2988934367895126,2.751774,-10.738900184631348,0.8840503811836242,0,0,0,0.3333333333333333,3.2734000000000014,0.7501881427311697
bb8d737828383035b382924ac31b056c,COc1ccc(-n2cc(C(=O)c3cc(OC)c(OC)c(OC)c3)nn2)cc1,0.3677000105381012,0.8208120465278625,0.1941571642052043,2.185497,-8.049675941467285,0.3163371458649635,0,0,0,0.2105263157894736,2.5327,0.5917349554298544
5f7f5f62e6ac68552289362098d6f6b5,COc1ccc(-c2ccc(C=CC(=O)c3ccc(N)cc3O)s2)cc1,0.6230000257492065,0.9882586002349854,0.4116444370963357,2.298898,-7.991848945617676,0.685131847858429,0,1,0,0.05,4.607600000000003,0.399970109146339
28915aab07347370d5b3001a5f7bac59,Cc1oc(-c2ccccc2)nc1CCOc1cccc(CC2C(=O)N(c3ccc(C(C)(C)C)cc3)C2C(=O)O)c1,0.7587000131607056,0.9869488477706908,0.1894514262676239,3.37799,2.8952062129974365,0.3511816143989563,0,0,0,0.303030303030303,6.227720000000006,0.2541433357981925
3e344706df3400b7a73002f2f9193512,CCN(CC)S(=O)(=O)NCCc1cccc(Cl)c1,0.3215000033378601,0.5327180624008179,0.1270230649547143,2.097739,-7.304810047149658,0.5540274620056153,0,0,0,0.5,2.0587,0.8355313252344627
fceb8991e5383bb97d8201f6da6173b8,CC1(c2ccc(Br)cc2)Nc2ccccc2-c2nnnn21,0.522599995136261,0.9413837194442748,0.0841114172580123,3.166483,-10.471970558166504,0.2223669618368148,0,0,0,0.1333333333333333,3.249100000000001,0.7376361681464167
fe8a919f1df8b1eb43854f17ada023d3,CCN(CC)CCCNC(=O)c1nccc2c3ccccc3n(CCCc3ccccc3)c12,0.6409000158309937,0.9466865062713624,0.3625387224284085,2.385283,1.8007153272628784,0.9929113984107972,0,1,0,0.3571428571428571,5.284000000000005,0.3214294892915169
76b47bc2cba66015217e8c4eed841d99,COCC(=O)NC1CCN(S(=O)(=O)c2ccc(C(=O)O)cc2)CC1,0.4149999916553497,0.5381922721862793,0.0134905467381362,1.978445,-11.634976387023926,0.0108969016931951,0,0,0,0.4666666666666667,0.3005000000000015,0.7579387976988963
32e4d5f217020bc72515f737d55ac994,Cc1ccccc1CNc1cnn(C)c(=O)c1Cl,0.4309000074863434,0.7736627459526062,0.1050739718431776,2.135618,-10.557741165161133,0.172274599969387,0,0,0,0.2307692307692307,2.35422,0.9247502716971702
ce8f82f46fe4b0f17d74aaa3ca07368c,COc1c(N2CCN(Cn3c(O)c(N=NC(N)=O)c4ccccc43)C(C)C2)c(F)cc2c(=O)c(C(=O)O)cn(C3CC3)c12,0.8949000239372253,0.997660517692566,0.2121896953745321,3.859542,-0.292711466550827,0.4079397052526474,1,1,1,0.3448275862068966,4.173200000000003,0.2691531127619175
e2bfc51d2f12e54d6ecdbda0db771a02,CCNC(=O)N1N=C(c2cccc(N)c2)c2cc3c(cc2CC1=O)OCO3,0.6040999889373779,0.8759894967079163,0.1381666037169369,2.879396,-4.480854511260986,0.6895875930786133,0,1,0,0.2105263157894736,1.8641000000000003,0.7893493385063066
e2233595cf6920396df66719bb30ee10,COc1ccc(OC)c2c1C(=O)c1ccccc1C2=O,0.4941999912261963,0.97626394033432,0.3296835300597278,1.87083,6.81702995300293,0.5460800886154175,1,0,0,0.125,2.4792000000000005,0.7161528573480493
7caac51347ffcd91fa92e2548bc0f1da,Cc1onc(-c2c3ccccc3cc3ccccc23)c1C(=O)Nc1cc(C(=O)N(CCCN(C)C)CCCN(C)C)n(C)c1,0.5821999907493591,0.9469793438911438,0.3156098222190683,2.954842,6.124388694763184,0.9765613913536072,0,1,0,0.3428571428571428,5.892820000000007,0.1813207185019225
5981eeadfc5200498e11462cabc52b62,COCCc1noc(C2CCN(C(=O)Nc3cccs3)CC2)n1,0.3519999980926513,0.435100644826889,0.0320426546545191,2.603005,-11.77706813812256,0.206124210357666,0,0,0,0.5333333333333333,2.731500000000002,0.9078487193227506
8173305b2ea2f19203e19dcfacb9725a,CCOC(=O)c1cc(NC(=O)c2ccccc2)c(=O)n2c(cc3c(Cl)cccc32)c1O,0.6509000062942505,0.9896327257156372,0.2325366220690987,2.415209,-5.784106731414795,0.5883522748947143,0,0,0,0.0869565217391304,4.240700000000003,0.4662133860831055
1ec8043f47137fa3dc00578a79748953,CCOC(=O)CN(C(=O)COc1cccc(C)c1)c1ccc(F)cn1,0.3226000070571899,0.6313511729240417,0.075262917544354,2.284199,-10.784703254699709,0.3656940937042236,0,0,0,0.2777777777777778,2.50422,0.7207161177548795
842de4957990bdc4a7e45033270a389c,CN1c2ccccc2C(=O)N2CCc3c([nH]c4ccc(OC(=O)C(N)COCc5ccccc5)cc34)C21,0.6948000192642212,0.900889217853546,0.3239668147130446,3.491788,7.176582336425781,0.9410237312316896,1,1,0,0.2413793103448276,3.764300000000002,0.3114274713877065
1f37de80355b5708848193e7ead5f23b,Cc1cc2ccccc2c[n+]1CC(=O)c1ccc(F)cc1,0.5116999745368958,0.9306599497795104,0.1846713559194044,2.269158,-8.301495552062988,0.5827219307422637,0,1,0,0.1111111111111111,3.457720000000002,0.5314625953740161
90c59dcf6f47af0bebbe5305d3213803,CCC(C)C=C(C)C=CC=CC(=O)NC(CO)C(C)(O)C(C)=O,0.5372999906539917,0.9559545516967772,0.1673244380138137,4.272525,11.81480312347412,0.0797827713191509,0,1,0,0.5555555555555556,1.9083,0.4467286549253572
3d82c45e53942dbd7927b52323becbd1,O=C(O)c1c[nH]c2ccc(Cc3cc(Cl)ccc3Cl)cc2c1=O,0.8041999936103821,0.9981094002723694,0.1629824198105118,2.134658,-13.09681510925293,0.0689067181199789,0,0,0,0.0588235294117647,4.123900000000002,0.7479077358552038
f28e4f4f6a28753cac566c7cf32358c3,O=S(OCCN1CCCC1)C(c1ccccc1)c1ccccc1,0.4451999962329864,0.841732919216156,0.3276316266168247,2.88289,-9.265862464904783,0.9452828645706176,0,0,0,0.3684210526315789,3.552100000000002,0.7778497344378459
b2ea5d072e7f598eabd316f40106e18e,C=CCNC(=O)c1onc(CSc2cccc3ccccc23)c1C(=O)O,0.5444999933242798,0.950772762298584,0.0628617324612357,2.628469,-10.39913845062256,0.0870189175009727,0,1,0,0.1052631578947368,3.7341000000000015,0.4875250044897036
8e1780e7ffb7877f181532fc0a04295f,O=C(CCc1nnc(-c2ccc(F)cc2)o1)c1ccc(-c2ccccc2)cc1,0.574400007724762,0.9383444786071776,0.2087156711654229,1.933377,-10.90704345703125,0.4717954993247986,0,0,0,0.0869565217391304,5.3582000000000045,0.4277291466169411
1a918e0ac4bbe1142bf5c376eed24f47,CC1(C)CN(c2ccccc2NC(=O)Nc2ccc(OC(F)(F)F)cc2)c2c(O)ccc(-c3ncc(F)cn3)c21,0.7400000095367432,0.9952344298362732,0.5961941182613373,2.972952,-2.660356044769287,0.9010709881782532,0,0,0,0.1785714285714285,6.960200000000005,0.2312052092919728
31b109e53f84eefba0a6f7ba8b691485,Cc1ccc(C)c(N2CCN(CCCNC(=O)c3cnn(-c4ccccc4)c3C3CCN(C(=O)OC(C)(C)C)CC3)CC2)c1,0.6597999930381775,0.8874737620353699,0.2214114625345576,2.679887,-8.992406845092773,0.9768190383911132,0,1,0,0.5142857142857142,5.545740000000006,0.3418687018579585
38ce1c54a73a076bb3cbac8f5dd4ffa7,COc1cc2c(cc1OC)C(C(C)(OC)c1ccc(OC)c(OC)c1O)=NCC2,0.5590000152587891,0.9475895166397096,0.3458560122684999,3.38118,4.097786903381348,0.696596097946167,0,0,0,0.4090909090909091,3.3336000000000023,0.7667401205858192
8f6b4a379a338edf7f245f0a91013a76,COC1=C(N)C(=O)c2nc(C)ccc2C1=O,0.4968000054359436,0.9797847867012024,0.4225841090083122,2.661213,2.059598922729492,0.0859878905117511,1,0,0,0.1818181818181818,0.58572,0.7453105380134695
ab5cdfaad1abd27d95d48ed2d7abb4aa,c1cncc(CNCCc2cccs2)c1,0.3050000071525574,0.7992969751358032,0.0735523739660328,1.928512,-11.824871063232422,0.3399684458971023,0,1,0,0.25,2.4754000000000005,0.7798399092193158
34003b4188a13e2fca6a91074cc0d6d5,Cc1ccc(Oc2ccc(OC(C)(C)C(=O)O)c(C)c2)cc1CNC(=O)c1ccc(C(F)(F)F)cc1F,0.7193999886512756,0.9890025854110718,0.248950259252028,2.530187,10.75225067138672,0.6841792702674866,0,0,0,0.2592592592592592,6.425640000000004,0.3354393872613017
5f02a6c75f2b3ee4e68bf200dfecbeb9,c1ccc(CCCn2nnc(Cc3cccnc3)n2)cc1,0.2743000090122223,0.7253624200820923,0.0759657208320938,2.183666,-10.651479721069336,0.0857570643536746,0,0,0,0.25,2.2917000000000005,0.6944212146963256
be96c3dcaf9be359c1248deef8d4552b,CCOc1cccc(C(=O)N2CCC(c3n[nH]c(C4CC4)n3)CC2)c1,0.3510999977588653,0.2317997217178344,0.0609321848235347,2.320828,-9.930179595947266,0.2540617823600769,0,0,0,0.5263157894736842,3.100600000000002,0.9077426874168636
ffaeca3a42487b20b3b8ae7110a97e02,O=C(CCC(F)(F)F)Nc1ccc2[nH]nnc2c1,0.4984999895095825,0.7824264764785767,0.0649757748893038,2.604507,-11.215901374816896,0.1416402608156204,0,0,0,0.3,2.2389,0.8864277878391553
b87ef85774edd41b207c441dc7992bef,Cn1cc(-c2cc(F)c3nnc(Sc4ccc5ncc(N6CCOCC6)cc5c4)n3c2)cn1,0.6439999938011169,0.9008888602256776,0.3338243284008719,2.947056,-10.26222324371338,0.663172435760498,0,0,0,0.217391304347826,3.8049000000000017,0.4030229222946774
3dcce88624357e41ae683ee71b935455,COc1cccc(CC(=O)Nc2ccn(-c3ccc(C(C)C)cc3)n2)c1,0.454800009727478,0.8211488723754883,0.3137634613297202,2.033288,-10.43815803527832,0.6806271314620972,0,0,0,0.238095238095238,4.185500000000003,0.7259993434851673
1636ebe367d51665b8b8bae877f1f93a,CCC(NS(=O)(=O)c1ccccc1)c1ncnn1CC,0.3233999907970428,0.4585577249526977,0.0557378759099678,2.811658,-10.789054870605469,0.0178779235109686,0,0,0,0.3846153846153846,1.7276,0.8798657691328027
f0445dd3a80725058f6498cd89ac74e2,NC(Cc1cccc(O)c1)C(=O)N1CCCC1C(=O)NC1C2CC3CC(C2)CC1C3,0.6054999828338623,0.7526604533195496,0.2667011686346747,4.347174,11.006138801574709,0.2744087278842926,0,0,0,0.6666666666666666,2.1938999999999993,0.6921066662908587
c4759abbe83634ded7f2a8d2386a3a86,CCCCN(C(=O)NCCC)S(=O)(=O)c1ccc(Cl)cc1,0.4007999897003174,0.7084894776344299,0.1637562814761292,2.192883,-10.163887977600098,0.2377917021512985,0,0,0,0.5,3.2504000000000017,0.833045567599048
b65bba581f9ffa9558dc369bd4909564,O=C(O)Cc1ccc(OCC(F)(F)F)c(-c2ccc(F)c3c2CN(C(=O)CC2OCCc4ccccc42)CC3)c1,0.6863999962806702,0.9505448937416076,0.2070640850473534,3.37892,0.6180957555770874,0.6465080201625824,0,0,0,0.3333333333333333,5.6497000000000055,0.3803122824734828
a2e957cf087843e76a0d596313799be1,CC1(C)CN(C(=O)Cn2cc(Br)ccc2=O)CCO1,0.3916000127792358,0.4492494761943817,0.0658715739422901,2.523572,-5.52916145324707,0.0734587581828236,0,0,0,0.5384615384615384,1.2481999999999998,0.8205528708342011
2ebc7bbcb6b0bfe606f89c314ddac9e7,Cn1c(SCC(=O)Nc2ccc(N3CCOCC3)cc2)nnc1-c1ccccc1F,0.4359000027179718,0.5494352579116821,0.133068117567084,2.143677,-4.309420108795166,0.4765990793704986,1,0,0,0.2857142857142857,3.188600000000002,0.6094680414891835
91ee73ca01069447ddac4db22e91ee28,CCCCCCCC(C(=O)NC(CC1CCCCC1)C(=O)NCCN1CCOCC1)C(O)CS,0.6647999882698059,0.8535026907920837,0.0938396391204812,3.634918,8.010128021240234,0.7550902724266052,0,1,0,0.9230769230769232,3.157400000000002,0.1934724479735515
68dfa11612bc4eec6c258c125c6fd328,O=C(NCCc1ccccc1)n1cc(F)c(=O)[nH]c1=O,0.4532000124454498,0.956943690776825,0.1097012258727442,2.203763,-10.781954765319824,0.0890834555029869,0,0,0,0.1538461538461538,0.4761,0.8553177265982759
60fa91fc6f698098acaf70ee0cc6cc65,CCNC(=O)C1OC(n2cnc3c(NNC(=O)c4cccnc4)ncnc32)C(O)C1O,0.5131999850273132,0.6495546698570251,0.0819346274841915,3.791881,2.782745122909546,0.2208088010549545,0,1,0,0.3333333333333333,-1.2664999999999986,0.2976236897970647
98aad3b4b31c1ab4a8fd0e07d2e36daf,COc1cc(C=CC(=O)C=C(O)C=Cc2ccc(OC3(C)C=CC(C(C)CC(=O)C=C(C)C)CC3O)cc2)ccc1O,0.65829998254776,0.9802095293998718,0.4657235010103746,4.690899,12.719256401062012,0.6656653881072998,0,1,0,0.3142857142857143,6.774400000000008,0.1112644162947544
5d5e7b1a2951bb4d4f335be85daf839f,Cc1ccc(-c2nn(-c3ccccc3)c3[nH]c(-c4ccccc4)cc(=O)c23)cc1,0.4223999977111816,0.9806421995162964,0.3213175155899741,2.293886,-9.305577278137209,0.8582284688949585,0,0,0,0.04,5.356220000000005,0.4603199542299748
4f055af443fd9035daa489f6ea62dc73,CCCCOC(=O)NS(=O)(=O)c1sc(CC(C)C)cc1-c1ccc(Cn2cnc3ccccc32)cc1,0.6948999762535095,0.9583587646484376,0.1967376457019285,2.728364,-4.214975833892822,0.8582294344902038,0,1,0,0.3333333333333333,6.226600000000006,0.2480592577938161
984f0bc6fba80e5e936f521a0a2c4777,NC(=O)c1cccc2c1C(=O)N(C1CCN(Cc3cccnc3)CC1)C2,0.4729000031948089,0.3649567067623138,0.1000394934619015,2.342844,-9.751752853393556,0.685468316078186,0,0,0,0.35,1.8009,0.9118298281778958
a3046535149c9cde10b60e38ab2470a0,C=CC(=O)N1CC(C)N(c2nc(=O)n(-c3c(C)ccnc3C(C)C)c3nc(-c4cccc5cc[nH]c45)c(Cl)cc23)CC1C,0.7199000120162964,0.9702728390693665,0.5079308951442892,4.267052,-3.2703354358673096,0.8988886475563049,0,1,0,0.303030303030303,6.020820000000006,0.2494169502824076
5916a4682251c8351586a1f803d6e9d6,CCOc1ccc2cc(-c3nn(CC4(C#N)CCN(C)CC4)c4ncnc(N)c34)ccc2n1,0.638700008392334,0.9245488047599792,0.595582821152427,3.110806,0.0481620132923126,0.9514628052711488,0,0,0,0.375,3.2579800000000008,0.5001944502739349
89505a00211c7a691172e74ea92b1749,CC(O)C1C(=O)N2C(C(=O)O)=C(c3cn4cnc(C(=O)c5ccncc5)c4s3)C(C)C12,0.8450999855995178,0.8874951004981995,0.1064429330554875,4.226698,7.333268165588379,0.0366292744874954,0,0,0,0.2857142857142857,1.6749999999999994,0.4585140976974494
1abb10755d28893a6f249641592e60d9,COc1cccc2c1C(=O)c1c(O)c3c(c(O)c1C2=O)CC(O)(C(O)CO)CC3OC1CC(NC(=O)C(F)(F)F)C(O)C(C)O1,0.7914999723434448,0.997344970703125,0.6662796952507712,4.865127,10.349268913269045,0.6885570049285888,1,1,0,0.4827586206896552,0.5128999999999996,0.1836418293571594
7c48da599ab31ffc46a35cf6e3320f26,C=CC1(C)COC(=O)C12OC(C(C)CC)=CC2=O,0.5195000171661377,0.9264773726463318,0.3216986473311077,5.177845,11.41732406616211,0.0165050114504992,0,1,0,0.5714285714285714,2.0036,0.436545693189422
e8df22653d3c61441ae9a919865bd8f0,CC1CN(C(C)CO)C(=O)c2cc(-c3ccc(F)cc3)cnc2OC1CN(C)C(=O)Nc1ccc(F)cc1,0.5727999806404114,0.68398118019104,0.0936796583912589,3.513884,-2.4137303829193115,0.8358431220054626,0,0,0,0.3214285714285714,4.410800000000004,0.4982697473708707
7b6df4d845aa487d5ae25d59f8a4e57b,O=CCCC(NC(=O)CCC(=O)O)C(=O)O,0.3646000027656555,0.8719674348831177,0.1072359501638195,2.637527,11.24436855316162,0.003176779882051,0,1,0,0.5555555555555556,-0.6002999999999992,0.4794564315715084
587ea6187f24b9fe41f4453dd83ae15d,Cc1ncc2cc(-c3ccc(Cl)cc3)c(N)nc2n1,0.5985999703407288,0.9734346270561218,0.1626320359381762,2.309446,-9.35621166229248,0.1954350620508194,0,0,0,0.0714285714285714,3.2358200000000013,0.7371933913100246
8ac781720260cd0ebedcde52742922ad,Cc1cc(CNC(=O)Nc2cnc(N3CCCCC3C)c(C)c2)on1,0.5030999779701233,0.4225953221321106,0.0725387576967477,2.954382,-10.285110473632812,0.4288739502429962,0,0,0,0.5,3.386940000000002,0.8889375920368683
e82c676555bcb3e8e2912e30e9fd0866,CCn1c(SCC(=O)Nc2ccccc2C(=O)OC)nc2c1c(=O)n(C)c(=O)n2C,0.4771000146865845,0.5002970695495605,0.0521854265508326,2.325653,-8.811471939086914,0.6665063560009002,0,0,0,0.3157894736842105,0.9709999999999996,0.456466712603338
ede322e557036673a9dcc5f543838c72,CN(C)NC1CC(=O)N(c2ccccc2)C1=O,0.2849999964237213,0.5740978121757507,0.1287624077363447,2.78436,-9.675047874450684,0.0746724739670753,0,1,0,0.3333333333333333,0.3846999999999991,0.6056959991362011
