key,input,eos8lcw_consensus_score,eos3f8h_saureus,eos42ez_cytotoxicity_hepg2,eos9ei3_sa_score,eos9yui_np_score,eos7d58_herg,eos2xeq_has_pains,eos2xeq_has_brenk,eos2xeq_is_sim_known_ab,eos4djh_fsp3,eos4djh_clogp,eos4djh_qed
c2e4b5b19f59ffd64c2f45f5eb73ef4b,Cc1nn2c(-c3cnn(C)c3)nnc2s1,0.3239000141620636,0.8561249375343323,0.0380532608965454,2.728467,-11.718531608581545,0.0094266886822879,0,0,0,0.25,0.8947199999999997,0.6108551179927816
b8d5a0d8f5b565e423b21c229116b73e,O=C(COc1ccc(Br)cc1)Nc1ccc2c(c1)C(=O)NC2=O,0.4356000125408172,0.8603020310401917,0.1481035297567194,1.972504,-9.098332405090332,0.3779418796300888,0,1,0,0.0625,2.3502,0.8040042259996965
f4266b18b1254f89e83ad493b453254a,CC(Cn1ccnc1)NC(=O)C1(c2ccccc2)CC1,0.3420000076293945,0.5456088185310364,0.0676747240464795,2.742407,-5.741147994995117,0.2445765674114227,0,0,0,0.375,2.1195999999999997,0.903461908137276
802baeb0afa778a1b513393f920bca82,CC(c1nnnn1C1CCCCC1)N(C)Cc1cccc(N(C)C)c1,0.383899986743927,0.6511629223823547,0.1157004176969487,2.941195,-7.272819519042969,0.6336301326751709,0,0,0,0.631578947368421,3.4373000000000022,0.8047544688500493
366f664fa5089551584c7af5c00c312f,CN(CC=Cc1ccc(C(F)(F)F)cc1)Cc1cc2ccccc2o1,0.6413000226020813,0.9925493001937866,0.3795993951233951,2.360937,-8.574095726013184,0.9889199137687684,0,0,0,0.2,5.596800000000004,0.5986248496565344
2515b14a3ef3326292d3572ed414b726,CC(N=C(S)Nc1ccccc1)C(c1cccs1)N1CCOCC1,0.4794999957084656,0.8427028656005859,0.2352532009509476,3.476957,-4.552102088928223,0.8828577756881714,0,1,0,0.3888888888888889,3.9078000000000026,0.4816149782792592
e36de134e7adf99a739671df8e5c423f,COc1cc(-c2cc(=O)c3c(CN(C)Cc4ccccc4)c(O)ccc3o2)cc(OC)c1OC,0.5478000044822693,0.910003125667572,0.3031123158606616,2.489341,-1.2521328926086426,0.94638512134552,1,0,0,0.2222222222222222,4.823400000000005,0.4027367291738708
28392addd6945b8139fd23b6b13882cb,O=C1CCC(N2C(=O)c3cccc(NCCCCN(C(=O)CCl)C(C(=O)NCc4ccccc4)c4cccs4)c3C2=O)C(=O)N1,0.6765000224113464,0.9515563249588012,0.1483981412920084,3.713944,-3.394458532333374,0.831207811832428,0,1,0,0.3125,3.4665000000000017,0.1460933435311636
0d2b236151bc7a434d0cf6c13d38a894,CC1Oc2ccccc2C(=NNc2ccccc2)C1n1ccnc1,0.5311999917030334,0.9652238488197328,0.2755971483208916,3.364392,0.712719202041626,0.9458131313323974,0,1,0,0.1578947368421052,3.7215000000000016,0.7488381596212462
b9c673da89b751d7796d5a9734b162e5,COC(=O)C1=CN(Cc2ccc(OC)c(OC)c2)C=C(C(=O)OC)C1c1ccc(O)cc1,0.5019999742507935,0.9399014115333556,0.3396529067646373,2.618677,-5.747400760650635,0.6438586831092834,0,0,0,0.25,3.122600000000002,0.6579581161849491
3cf227e2247849e6b6870c023dfab32c,O=S(=O)(Nc1cc(Cl)ccc1SCCO)c1ccc(Cl)c(C(F)(F)F)c1,0.7135999798774719,0.9909436702728271,0.2567901773886247,2.389781,-11.133469581604004,0.7710313558578491,0,0,0,0.2,4.897400000000003,0.6201768899864167
eb887cc9adaea84524b2c085ae410dfe,CC(CCCNCCCO)C1CCC2(C)C3CC=C4C(CCC(O)C4(C)C)C3(C)C(O)CC12C,0.6165000200271606,0.9363133907318116,0.3800203312527049,4.909654,9.841288566589355,0.8924098253250122,0,1,0,0.9333333333333332,5.3116000000000065,0.2834699914190562
be788fd5c3e7b0acfafafb77802f7d3f,O=C(NCc1cccc2ccccc12)c1nn(CCO)c2c1CN(Cc1c[nH]c3c(C(=O)O)cccc13)CC2,0.5996000170707703,0.8653579950332642,0.063415810635144,2.762984,-3.04441237449646,0.7168413639068604,0,0,0,0.2333333333333333,3.6964000000000015,0.2460022605157497
fed76fc5cea1036680ea75241f477bc1,COc1ccc2nc(C)oc2c1C1CCCC(=O)N1Cc1cccc(-c2ccccc2)c1,0.6316999793052673,0.9077228307724,0.2147424722259694,2.937295,-10.459065437316896,0.8685534358024597,0,0,0,0.2592592592592592,6.065620000000005,0.3888647257237407
86c858a07b148c6e5849f7f6eff96f1e,c1ccc2c(-c3nccs3)cccc2c1,0.4932000041007995,0.9893672466278076,0.1048657230355522,1.846013,-5.791569709777832,0.3039734184741974,0,0,0,0.0,3.963300000000002,0.593310861464435
aff1d502bd973695967ce2db25966e2f,C=C(C)C(=O)c1ccc(OCc2nc(C)no2)cc1Br,0.4113999903202057,0.92192143201828,0.1248842880807139,2.543571,-8.855196952819824,0.0874566908925771,0,1,0,0.2142857142857142,3.4783200000000027,0.6173110499395615
b2ec6c836716ee506df18bb5e92fdb92,CCCN(C)c1ccc(CN2CCC(COc3ccc(C)cn3)CC2)cc1,0.6000999808311462,0.9121738076210022,0.3631757741624659,2.254205,-8.697918891906738,0.9701793789863586,1,0,0,0.5217391304347826,4.527220000000004,0.6854188290967713
62f73923f0435c0eed8789883aecdab9,Cc1nn(-c2cccc(Cl)c2)c2nc(C(F)(F)F)nc(O)c12,0.6295999884605408,0.9785815477371216,0.1927057911049235,2.59458,-12.18122386932373,0.1055710412561893,0,0,0,0.1538461538461538,3.501720000000001,0.7422787667374829
b44d88de484d4baff2a5966846679e8a,Cn1c(CN2CCC(C)(O)C(C)(C)C2)cc2ccccc21,0.3547999858856201,0.804810643196106,0.2961897660385478,3.074665,0.4482536017894745,0.9351803302764892,0,0,0,0.5555555555555556,3.161200000000002,0.9183294623448818
8985a7605b6b7fac461da291244d44bf,Cc1c(O)c(C=O)c(COP(=O)(O)O)c[n+]1C,0.3912000060081482,0.8444059491157532,0.1089713705534284,3.554021,13.140960693359377,0.0158796477480791,0,1,0,0.3333333333333333,-0.05308,0.3985437537827052
cfa853e75fd91c7414f8578d72f84557,Cc1cccc(CSc2nc3cc(NC(=O)C4CC4)ccc3n2C(C)C)c1,0.5383999943733215,0.9328524470329284,0.1500565328381278,2.186297,-9.811338424682615,0.8213090181350708,0,0,0,0.3636363636363636,5.566420000000004,0.5698907765056281
c66d78def300ae2b468d8a692884fbfb,FC(F)(F)c1ccc(COc2cccc(Nc3ncnc4cc5c(cc34)OCCOCCO5)c2)cc1,0.707099974155426,0.9793297648429872,0.6527391238646074,2.935686,-4.372122764587402,0.9514437437057496,0,0,0,0.2307692307692307,5.759000000000005,0.3758688363002922
07dbc4977336b3f0d9f90f8240107922,CCC(C)C(C(=O)NCCCCCCCCCCC(=O)N1CCNCC1)n1cc(CCCCCN)nn1,0.5195000171661377,0.9083409905433656,0.0618140424009073,3.56619,-2.1584270000457764,0.7907228112220764,0,1,0,0.8571428571428571,3.5957000000000026,0.2266222207037316
f44c07a1b7fe1a4d72c1eac98e7a86d3,COc1cccc2c1OCC1C2CCCN1C,0.4061999917030334,0.6895574331283569,0.3033710765567692,3.108406,10.163226127624512,0.7255028247833252,0,0,0,0.5714285714285714,2.2654000000000005,0.7424121403575342
1306566ea744cea734415802e031c0f8,Cc1ccc(C(c2c(C)[nH][nH]c2=O)C2C(=O)NC(=O)NC2=O)cc1,0.5221999883651733,0.8663903474807739,0.160444132306359,3.396446,-7.392339706420898,0.0228622404392808,0,1,0,0.25,0.4339399999999997,0.6100385403151393
2f4cac6cf37b137d55205957f1e3dd05,CCC(CC)NC(=O)c1cnn(-c2ccccc2)c1NS(=O)(=O)c1ccccc1C,0.4253999888896942,0.6857373714447021,0.1147615791044451,2.353218,-5.866512298583984,0.6636488199234009,0,0,0,0.2727272727272727,3.8999200000000025,0.5712695052789643
310d4ed243119562b7f21ca3813da708,Cn1c(C(F)(F)c2ccccn2)nc2sc(N3CCCC3C(=O)NCc3ccccc3)nc2c1=O,0.5494999885559082,0.7669333815574646,0.1952416930686343,3.420822,3.1950466632843018,0.709275484085083,0,0,0,0.2916666666666667,3.210300000000001,0.440790946311504
a29d2ba8ab97b855ede9bfc969538d52,CCn1ccnc1CNCc1ccc(C)cc1OC(C)(C)C,0.4142000079154968,0.7067863345146179,0.1024036800319498,2.390827,-11.511554718017578,0.8058712124824524,0,0,0,0.5,3.6785200000000025,0.8843914478077547
3b6564908e61dca32f0fb3c6de28db0b,N#CC(CCBr)(c1ccccc1)c1ccccc1,0.5031999945640564,0.9914023876190186,0.1217401915187524,2.258325,-8.5819730758667,0.576766699552536,0,1,0,0.1875,4.281280000000002,0.7730804439926269
909d488a8740fd2d167a82d5c16b6a70,Cc1ccc(C(C)CCCC(C)C(=O)O)c(O)c1,0.5479000210762024,0.9654899835586548,0.2110564842481505,2.952459,10.519732475280762,0.0525629181414842,0,0,0,0.5333333333333333,3.695120000000002,0.8090497904132931
466174bae9f17cdf88e19085b0739555,CC(=O)NC1CCN(c2ncccc2C#N)CC1,0.3303000032901764,0.4666408598423004,0.0456509136340834,2.194993,-8.681015968322754,0.3194446995854377,0,0,0,0.4615384615384615,1.05818,0.8441657432820325
69d50385bcd19f1ec3c3b1b4de2afb2e,Cc1ccc(NC(=O)c2cn(CCNS(=O)(=O)c3ccc(F)cc3C)nn2)cc1Nc1nccc(-c2cccnc2)n1,0.5690000057220459,0.8468742370605469,0.2495953400026668,2.793658,-1.09567391872406,0.908625876903534,0,0,0,0.1428571428571428,3.860440000000003,0.2207262276863749
c4bbb2e9f9394ee42c764be283204055,COc1ccc(-c2nc3ccc(F)cc3c3c2-c2ccc(OC)cc2C3=NOCCN2CCCCC2)cc1,0.6651999950408936,0.9837889671325684,0.7116601846434853,2.714298,1.557015299797058,0.977317726612091,0,1,0,0.2903225806451613,6.293400000000007,0.1897970860878523
eed56453e745408a7958dcdc577b5bad,NCCC(=O)NC1CCC(NC(=O)c2ccc(N3CCCC3)cc2)CC1,0.3952000141143799,0.4586866796016693,0.1354710005901076,2.070924,-10.595638275146484,0.4187432169914246,0,0,0,0.6,1.7928000000000002,0.7234705387185394
46b2bc791835acba06a8d842b487c9e1,CCC(Nc1ccnc2c1nc(-c1cnc(C)nc1)n2CC)C(=O)N1CC(C)OC(C)C1,0.4620999991893768,0.5631226897239685,0.2614414309236136,3.872509,-5.227849006652832,0.8416277050971985,0,0,0,0.5217391304347826,3.0429200000000014,0.6328098961635213
3be51cfbf7c1e39a53f4fc31e00575b9,COc1ccc2cc(C(=O)C3(C)CCCN(CC4CC4)C3)ccc2c1,0.6100999712944031,0.7826648950576782,0.2698231637477875,2.873906,-5.974102020263672,0.9528087854385376,0,0,0,0.5,4.543200000000004,0.7501097457355419
a1ace38685b538338c8c08af48e692cf,OC(CSC(=S)N1CCN(c2ccc(F)cc2)CC1)(Cn1cncn1)c1ccc(F)cc1F,0.6344000101089478,0.939571976661682,0.3736253556880084,3.299962,-7.341780185699463,0.9359468817710876,0,1,0,0.3181818181818182,3.4235000000000024,0.5283616947882156
80a55da20998f692795cc702304f6f0a,CC1CS(=N)(=O)c2cc(NC(=O)c3cc([N+](=O)[O-])c(Sc4c(Cl)cncc4Cl)s3)ccc21,0.6682000160217285,0.971211850643158,0.36736922101541,4.12861,-10.658121109008787,0.6714025914669037,0,1,0,0.1578947368421052,6.284370000000003,0.2957768934449077
bda99231997819a2df6459de1b6b65c9,O=C(CN1CCCCCC1=O)NC1CCc2nccn2C1,0.3858000040054321,0.1347997039556503,0.033328035169027,3.067912,-10.292675018310549,0.1167484646663069,0,0,0,0.6666666666666666,0.7166999999999997,0.8915702423474299
38f07b460b6a3f63d44f951a84cc64d8,COc1ccc(C(=O)N2CCN(c3ccc(N4CC(Cn5ccnn5)OC4=O)cc3F)CC2)cc1,0.8059999942779541,0.4827077388763428,0.0620024395598606,3.003336,-8.43323040008545,0.3798931002616882,1,0,0,0.3333333333333333,2.4136000000000006,0.5350061671431269
3f8f5b367c50eaabaddf209582172894,CC(Cc1ncc(F)cn1)S(=O)(=O)Nc1nnc(-c2ccco2)n1-c1ccccc1F,0.5465999841690063,0.668552577495575,0.1590114351023327,3.476331,-8.285515785217285,0.4263357758522034,0,0,0,0.1578947368421052,2.968400000000001,0.4639368944047068
bc42a6e939e0c19e716eec55c1c8dc0a,NC(=O)c1sc(-n2cnc3ccccc32)cc1OCc1ccccc1C(F)(F)F,0.680899977684021,0.9587807655334472,0.3688345172188498,2.526979,-11.336992263793944,0.8829291582107544,0,0,0,0.1,4.783700000000001,0.507917553393234
73342ad70bdea8fbcc2e78d7a534bf56,COc1cc(Nc2cc(-n3ccc4c3CC(C)(C)CC4=O)ccc2C(N)=O)cc(OC)c1OC,0.5583999752998352,0.8959853649139404,0.4444693408229134,2.71661,-0.5282648801803589,0.7410487294197082,0,0,0,0.3076923076923077,4.500700000000003,0.534556869896546
e91f47287f12d161efa76b283ce84da5,O=C(c1sc2cc(F)ccc2c1Cl)N(Cc1ccco1)C1CCNCC1,0.6539999842643738,0.9353598356246948,0.2474768859418955,2.55788,-9.847925186157228,0.9075302124023438,0,0,0,0.3157894736842105,4.681200000000005,0.7006719303199795
aed0d5a46e1d45c2f5be706c4fdf4713,CCCC(C(=O)Nc1ccc(F)c(F)c1F)c1ccccc1,0.5569000244140625,0.9285580515861512,0.2402723120017485,2.426265,-9.708502769470217,0.6735931277275086,0,1,0,0.2352941176470588,4.626300000000003,0.8019579065817484
0838c9c4d3a15401f94074159ee11a8b,CC(=O)NC(CO)C(=O)NC(CCCCN)C(=O)N(C)C(CC(C)C)C(N)=O,0.5080999732017517,0.7710286378860474,0.1162900701165199,3.482012,9.975703239440918,0.1019751325249671,0,1,0,0.7777777777777778,-1.544399999999993,0.234238053568756
13f2a279a2ad6eca43b3341287a77e4f,COC(=O)C12CCC(C)C(C)(O)C1C1=CCC3C4(C)CC(OC(C)=O)C(=O)C(C)(C)C4CCC3(C)C1(C)CC2,0.6974999904632568,0.9769631028175354,0.2434287680820985,5.10254,9.89931297302246,0.4607598304748535,0,1,0,0.8484848484848485,6.042600000000007,0.3378597440951009
d158242a0cb2c30b4680fe6234ce5dd3,Cc1ccc(NC(=S)Nc2cccc(C(F)(F)F)c2)c(C)c1,0.6312999725341797,0.9820705652236938,0.3378529629924081,1.853525,-11.21131420135498,0.7990407586097718,0,1,0,0.1875,5.131140000000003,0.7488236673526546
a2b670ccb41637aaa2df4c2fcb938f53,C=CCN1CCC(n2cnc(C#N)n2)C1=O,0.3233000040054321,0.444280743598938,0.0164745620409534,3.763879,-6.782295227050781,0.0378281467594206,0,1,0,0.4,0.10918,0.6732642859539661
fb62a6dd17d417730c866bc4521485c3,Cc1nc(N)nc2c1cc(-c1ccc(N(C)C)nc1)c(=O)n2C1CCC(O)CC1,0.567300021648407,0.8506552577018738,0.3511097173799168,2.792567,-5.172436237335205,0.8464370727539062,0,0,0,0.4285714285714285,2.2861200000000004,0.7010793891434414
af329d0ab2f7adf2e0c1c89a845d4768,Cc1cnc(C(C)NC(=O)N2CC(O)(c3cccc(Br)c3)C2)s1,0.5670999884605408,0.7851241827011108,0.0874212980270385,3.210162,3.2104244232177734,0.3598363220691681,0,0,0,0.375,3.1880200000000016,0.8377636863677297
c511e467bd48e9071cd3d8332deea7a7,COc1cc[n+](CC(O)(P(=O)([O-])O)P(=O)(O)O)cc1,0.5098999738693237,0.9145973324775696,0.2953456687656315,4.335821,10.929811477661133,0.0362371171126142,0,1,0,0.375,-1.6478000000000004,0.3727163547452941
72eadc4dabf05f5e9ffbc85795e92d0d,CCOC(=O)c1ccc(NC(=O)NCc2ccnc3ccccc23)cc1,0.508899986743927,0.811927855014801,0.1001949625259095,1.862864,-6.433198928833008,0.531450754404068,0,0,0,0.15,3.733200000000002,0.68787102127944
13062d6a3d15cfe96a08a976b56d6f24,CN(C)CCCOc1cc(F)c(-c2c(Cl)nc(-c3ncccn3)nc2NCC(F)(F)F)c(F)c1,0.696399986743927,0.947626292705536,0.625219003720717,2.979174,4.8524580001831055,0.9476042628288268,0,1,0,0.3333333333333333,4.8369000000000035,0.254859815070257
4fa2487720b4fe7e9d58a67bf4f1e203,CCCCC(C(=O)O)N1C(=O)C(=Cc2ccc(-c3cccc(C(F)(F)F)c3)cc2)SC1=S,0.8036999702453613,0.9987764358520508,0.2230061820962212,2.890466,-5.317137241363525,0.28237946331501,1,1,0,0.2608695652173913,6.217000000000005,0.3776020259738835
9ed03b6af9e214f91e52c7203dbdc744,COC(=O)c1cc(OC)c(Cl)c(O)c1C(=O)c1c(O)cc(C)c(C2=CC(C)(C)Oc3c(CC=C(C)C)cc(O)cc32)c1O,0.7912999987602234,0.9981085658073424,0.4301111616871573,3.607397,11.57512092590332,0.714153504371643,0,1,0,0.2727272727272727,6.608420000000009,0.1323128517053958
852fa7dbfbe989660d10cff4f9a3ce84,CC(C)CN1CC(C(=O)Nc2ccc(CN(C)C3CCOCC3)cc2)=Cc2ccccc2C1=O,0.5625,0.7678940296173096,0.2300165525891564,2.720208,-4.138828277587891,0.9637577891349792,0,0,0,0.4285714285714285,4.431300000000004,0.6626482259263635
023e81d97d46934b9143e5680ac7f548,CC(Nc1ccc2nc(N)nc(N)c2c1)c1ccc(Cl)c(Cl)c1,0.7795000076293945,0.9973393082618712,0.5277165878902782,2.651827,-0.8585778474807739,0.602854722738266,0,0,0,0.125,4.274100000000002,0.6574702397489823
b5a0af746c8be5e19b1cd3a5ab15830e,COc1ccc(NC(=S)NNC(=O)c2ccc(-c3cc(OC)c(OC)c(OC)c3)nc2C)cc1,0.4785000085830688,0.872187077999115,0.2930873266675255,2.313316,-6.9334611892700195,0.7201257348060608,0,1,0,0.2083333333333333,3.7228200000000022,0.3433557173841489
15800aca0ad30bb3488157618fb8eb0a,CCC(Oc1ccccc1)C(=O)Nc1cc(Cl)ccc1-n1cncn1,0.5723999738693237,0.9074350595474244,0.2413816140456633,2.584574,-9.744429588317873,0.5380561292171478,0,0,0,0.1666666666666666,3.716800000000002,0.7304828311400646
e6449f51c4d6d12bea5d872dcceec05d,CC1N=C(S)N(Nc2ccccc2Cl)C1c1ccccc1,0.5350000262260437,0.9513552188873292,0.2703353864225474,3.424532,-9.199992179870604,0.814234459400177,0,1,0,0.1875,4.398100000000003,0.8212116797730853
250a19ba6813a60e80c6f0672f2be850,O=C(NCC1OC(=O)N2c3ccc(N4CCCNC4=O)cc3OCC12)c1ccc(Cl)s1,0.7893000245094299,0.7644307613372803,0.0998850144784559,3.669804,-0.2213552296161651,0.4784727573394775,0,0,0,0.35,2.8374000000000006,0.7273526323635279
3625f0dbf630f7e2c3185caf6af54e74,CNC1=NC(c2cccc(NC(=O)c3ccco3)c2)CN1C(=O)OC(C)(C)C,0.4444999992847442,0.6467368006706238,0.0748784880746494,3.20665,-10.700383186340332,0.5469440758228302,0,0,0,0.35,3.3991000000000025,0.8454783602874322
b809137f32d79f6d31bab790ea35d6e7,O=S(=O)(NC1CC1)c1ccc(-c2ccsc2)c(Nc2nc3cc(F)cc(F)c3[nH]2)c1,0.7185999751091003,0.9909800887107848,0.4128254882313988,2.825824,7.827512741088867,0.9033665895462036,0,0,0,0.15,4.7539000000000025,0.3988061769458258
36b631e40b05d449aa96b24cadde3ba2,O=C(NCCCl)Nc1ccccc1NS(=O)(=O)c1cccs1,0.4684999883174896,0.804797351360321,0.1010825062509287,2.188715,-9.973127365112305,0.5468616008758544,0,1,0,0.1538461538461538,2.909200000000001,0.6928271110785841
3fca26da640580eb5e0dc733850a44b1,CCC1(c2cccc(OC(=O)c3c(C)cccc3N)c2)CCCCN(C)C1,0.6559000015258789,0.9161845445632936,0.4466488401998173,2.9648,-10.07900333404541,0.9525439262390136,0,1,0,0.4347826086956521,4.559920000000003,0.4895292619991368
3abaf91d0218637bcdbf2a547f6e1464,CCN(CC)CCCCNc1nc(C)c(OC)c(C)n1,0.3844999969005584,0.6496983170509338,0.2577808099714192,2.398113,-7.210939407348633,0.8436968803405762,0,1,0,0.7333333333333333,2.6359400000000006,0.7047225232471684
ac54c5d55cf652a62042d56f1e125376,CC(C)c1cc(=O)[nH]c2cc(N)ccc12,0.4047999978065491,0.9189637899398804,0.1374917822805318,2.247613,-9.730597496032717,0.4029833793640137,0,1,0,0.25,2.2337,0.6965293051866459
ea5cd5f34f78982970eae039114d57ae,COC(=O)C1COC(=O)C2=C(C)CC(O)C21,0.5224999785423279,0.8752126693725586,0.1742617412554946,4.045843,11.912640571594238,0.028243876248598,0,0,0,0.6363636363636364,0.0296999999999998,0.638464731034034
c1c3ae03d810d1f81b00dea9805d4071,CC(=O)c1ccc2nc(-c3ccccc3)n(O)c2c1,0.39410001039505,0.9404452443122864,0.1460266607728871,1.987264,-6.654625415802002,0.4439690172672271,0,1,0,0.0666666666666666,3.143200000000001,0.5627581192114751
97465eb48a8842723bc69de01b6aa844,CC(C)(C)OC(=O)C(Cc1ccccc1)NC(=O)c1[nH]cnc1C(=O)N1CCc2ccccc2C1,0.5415999889373779,0.9072052240371704,0.1081510616297071,2.942474,-5.274567604064941,0.9017863512039184,0,0,0,0.3333333333333333,3.291000000000002,0.5337385222380131
08a032dd5140937bd2b26906bd9cb3b9,CCN(C)CC(=O)N1C(C)CN(c2ccc3[nH]c(-c4cn5ncnc5c(C)c4C)c(C(C)C)c3n2)CC1C,0.6776999831199646,0.9250493049621582,0.3706828558986837,4.163057,-1.5509264469146729,0.9341533303260804,0,0,0,0.5172413793103449,4.390140000000003,0.4091589995080897
507b7808aa25eea0bed96672feb4b0aa,CC(O)(CSc1ccccc1)C(=O)Nc1ccc(C#N)c(Cl)c1,0.6452000141143799,0.983764111995697,0.3010704571550542,2.75619,-6.345065116882324,0.6654279112815857,0,0,0,0.1764705882352941,3.693480000000002,0.8096109786380925
757953463f4195a29b69087630f4915f,COc1cc2ncnc(Nc3cccc(Br)c3)c2c(OC)c1OC,0.605400025844574,0.986170768737793,0.5293507887558504,2.260608,0.2902629375457763,0.768076729774475,0,0,0,0.1764705882352941,4.161700000000003,0.7059079744713154
98a8685340f250e343cc4c60feee357a,CC(C)CNC(=O)c1cccc(CN2CCc3c(ncn3C)C2)c1,0.3889999985694885,0.2768386602401733,0.0911321383477612,2.372047,-7.930623054504395,0.8368846297264099,0,0,0,0.4736842105263157,2.3642000000000003,0.9175640729536326
6cd58161885725f31cb1539a17a9f692,CCOC(=O)N1CCN(S(=O)(=O)c2cc(-c3nn4c(C)nnc4c4ccccc34)ccc2C)CC1,0.4943999946117401,0.7290751934051514,0.0444976430047642,2.566655,-4.474016189575195,0.7352246284484864,0,0,0,0.3333333333333333,3.024140000000002,0.4288465706954275
574893a23e65709e987117fd21337ce4,Cn1cnn(CCOc2ccc(F)cc2Cl)c1=O,0.4203999936580658,0.5962643027305603,0.1222922551360997,2.392929,-4.477758884429932,0.0364830560982227,0,0,0,0.2727272727272727,1.4532999999999998,0.8457222440565498
e9b02cd0ce581f83e0a42dd96a19a8c6,Nc1cnc2ccc(-c3cnc4ccccc4c3)cc2c1Nc1ccc(N2CCNCC2)c(C(F)(F)F)c1,0.7853999733924866,0.9970834255218506,0.760675080797889,2.736501,2.945502519607544,0.980603528022766,1,0,0,0.1724137931034483,6.204200000000005,0.2649372191351222
319db3626e523c6ad6f0c46bcf2f035c,COc1ccc(CN(C(=O)CSC(=S)N2CCN(C(=O)OC(C)(C)C)CC2)c2cc(OC)c(OC)c(OC)c2)cc1OC,0.5361999869346619,0.8732371926307678,0.1096199481663378,2.800624,-11.158740043640137,0.7889284491539001,0,1,0,0.5,4.833600000000005,0.3357984261597502
998a70039a2eabe86ac83072c85ef2b6,CC(C)NC1=NN=C(c2cccs2)CS1,0.4147999882698059,0.8781927227973938,0.0425252461043948,2.884984,-2.1380703449249268,0.2499744474887847,0,0,0,0.4,2.553000000000001,0.8608167860069253
dd80db4e3dec8e16e82429df04af9593,CN1CCc2c(c3c(n2C)CCN(C)C3c2cccnc2)C1c1cccnc1,0.4483999907970428,0.7071091532707214,0.2863954996520823,3.770346,-9.501730918884276,0.7829550623893737,0,0,0,0.391304347826087,2.9697000000000013,0.6921198485016062
e49de68ffe4fb25d695a670f035ba215,COC(=O)c1ccc(CN2CCC(O)(Cn3cnc4c(-c5ccc(CN)cc5)n(C)nc4c3=O)CC2)c(Cl)c1,0.7159000039100647,0.9060782194137572,0.2942001264203678,3.000789,-5.584315299987793,0.9450061321258544,0,0,0,0.3571428571428571,2.722800000000001,0.3361035071982196
f6a044add3ff208a5e334af673c057e7,N#CCNC(=O)C1(NC(=O)c2csc(-c3ccncc3)n2)CCCCC1,0.4061000049114227,0.5011471509933472,0.0883340793238444,2.695924,-5.545652389526367,0.5517383694648743,0,1,0,0.3888888888888889,2.2775800000000004,0.7862562990706202
9deebee29ebd2d0c3e9adbbfdf77efc5,NC(=O)NCCCC(NS(=O)(=O)c1ccc(OCc2cc(Br)cc(Br)c2)cc1)C(=O)NO,0.6585000157356262,0.9669609665870668,0.1757913861762393,2.9669,-6.7355217933654785,0.6837739944458008,0,1,0,0.2631578947368421,2.3914000000000004,0.1527083796639891
1c1ee84cbdfe7cefb936b5820ca5b579,O=C(O)C=C1CCCc2ccc(-c3ccccc3)cc2C1O,0.6209999918937683,0.985316276550293,0.2048446644436229,2.803277,1.9632856845855713,0.0816504977643489,0,1,0,0.2105263157894736,3.7343000000000033,0.6551086369650436
e6ab6b2038659a114389cd350dfe498e,O=C(NC1CCCc2c1cnn2-c1ccccc1F)c1cscn1,0.4706999957561493,0.5435400009155273,0.1772870421409607,2.988022,-11.430132865905762,0.5437565326690674,0,0,0,0.2352941176470588,3.2753000000000014,0.7945647071756855
4eeb0b04919c4201eda4289aabd8d19a,CCCNCc1ccc(-c2c3ncn(CC4(O)CCN(Cc5ccc(-c6ccco6)cc5Cl)CC4)c(=O)c3nn2C)cc1,0.6962000131607056,0.8518860936164856,0.5155606784603812,3.127088,-8.221602439880371,0.9876089096069336,0,1,0,0.3636363636363636,5.237100000000005,0.2115144360430078
6b85431272d0b00eebd0efdc5eaf16a5,CCCCC(Sc1nc(Cl)cc(Nc2nc(-c3ccc(Cl)cc3)cs2)n1)C(=O)O,0.7513999938964844,0.9950504899024964,0.3701090487566861,3.029456,-4.387520790100098,0.1074022263288498,0,0,0,0.2631578947368421,6.3860000000000054,0.2133922559967018
2120cdd04f4aaf1583f4b2bdbf40f861,O=C1NC(CCc2ccccc2)(C2CCNCC2)C(=O)N1Cc1cncs1,0.5170000195503235,0.6151008605957031,0.1387448039921847,3.230711,-0.2332330644130706,0.5684873342514039,0,1,0,0.45,2.5661000000000005,0.7509522078328371
f70e409e8800c026d78e518b540728c0,Fc1ccc(OCc2nc3c(OCCCNCc4cccnc4)cccc3o2)c(F)c1,0.4275999963283539,0.8672922849655151,0.4477036053484136,2.430541,-4.801095962524414,0.9670220732688904,0,1,0,0.217391304347826,4.638700000000004,0.3735258497188322
f4a5b624b2b8bd212b760df4c79a121a,C=C(C1CC=C(C)CC1)C(O)C(O)C=C(C)C(=O)O,0.5525000095367432,0.960765540599823,0.1553190238773822,4.278674,11.295876502990724,0.0155405829660594,0,1,0,0.5333333333333333,2.0416999999999996,0.5254338286533036
3f5fd4a208dffab656c4d16bcafb338b,CC(=O)Nc1nc(C(=O)NCCOc2ccc(C)cc2)cs1,0.3273999989032745,0.626052975654602,0.0834776733747937,1.931552,-6.481505393981934,0.4515195548534393,0,1,0,0.2666666666666666,2.2187199999999994,0.8001240002376356
3fcb9e9a3d39421fc8a328cca1f82efe,COc1ccc2oc(=O)cc(-c3nc4ccccc4[nH]3)c2c1,0.4424999952316284,0.9336787462234496,0.2940907816995274,2.122419,-0.8238438367843628,0.751518726348877,0,1,0,0.0588235294117647,3.3449000000000018,0.5752511707131277
fcc7ad7bdce0671f7b2f207fd5a86ad7,CN(C)C(=O)NC(=O)C1C(C)(C)C1(C)C,0.3828999996185303,0.6210048794746399,0.0384073607115583,2.724595,-5.245171546936035,0.0215025386773049,0,0,0,0.8181818181818182,1.4663999999999997,0.7151627442619168
10db5fea21eeb8410e049378efac50e1,CN1CCN(c2ccc3c(Nc4n[nH]c5ccc(Cc6cc(F)cc(F)c6)cc45)ncnc3c2)CC1,0.7257999777793884,0.9865686297416688,0.7484774562445554,2.729873,-5.914545059204102,0.9733590841293336,0,0,0,0.2222222222222222,4.870500000000003,0.3701324247956801
56b7380b4fe071181c459dc977cea0e7,COc1ccc2[nH]c(-c3ccc(OCC(=O)N4CCOCC4)c(OC)c3)nc2c1,0.3547999858856201,0.6208371520042419,0.1136123382232405,2.214269,-10.105551719665527,0.8559793949127197,0,0,0,0.3333333333333333,2.4847,0.6878431952401292
7398bbc1578c29d1f1f6ac1e070d5356,O=C(CC1CCC2NCC(O)COCC2O1)Nc1ccc(-c2ccccc2)cc1,0.6148999929428101,0.9026719331741332,0.2309762591665441,3.529481,4.4252142906188965,0.7463139414787292,0,0,0,0.4347826086956521,2.5791000000000004,0.7403173426555706
e05864682c6d3d6f5f59def9a3a30b34,O=C1COC2CN(CC3CCOC3)CC2N1Cc1cccc(F)c1,0.5218999981880188,0.5039412379264832,0.0770392502573403,3.579225,-12.05842113494873,0.7625807166099549,0,0,0,0.6111111111111112,1.2738000000000005,0.831731198503497
fa7f10704f58865745e97d6a09cf4fa5,CN(C)C(=O)c1nc2ccc(Cl)cn2c1CN1CCCC(OCc2cccnc2)C1,0.5223000049591064,0.4954277873039245,0.1616464054042642,3.117002,-9.82048225402832,0.961832320690155,0,0,0,0.4090909090909091,3.2657000000000025,0.60379542897741
980f0926e8400e2bb8b4413bc44fafcb,CN1CCC(NC2CC(=O)NC(Cc3c[nH]c4ccccc34)C(=O)NC(Cc3ccccc3)C(=O)NC(Cc3ccccc3)CNC2=O)CC1,0.5773000121116638,0.8770818114280701,0.4963683946566148,4.620795,-0.3988840878009796,0.7138697147369385,0,0,0,0.3846153846153846,2.2225000000000055,0.1687240254797259
fe38b14945964a6b0cd2d3d4d33a0088,Cc1cc(C(C)(C)NC(=O)c2cccc(-c3cccc(Cl)c3)n2)on1,0.6172999739646912,0.9530900120735168,0.1124659901992841,2.536612,-12.041962623596191,0.3278018742799758,0,0,0,0.2105263157894736,4.363520000000003,0.7544005718985685
aae38e3a209f6920f7e4f63c6f1b7797,O=C(NN1C(=O)CSC1=S)c1cccnc1,0.4162000119686126,0.7411668300628662,0.0429416644090617,2.579616,-1.7860814332962036,0.0116885582916438,1,1,0,0.1111111111111111,0.5867,0.7814581201848472
69d1d6581a5e5905259c12a9cef76778,Cc1ccc2nc(C(C)C)n(-c3ccc4c(c3)CC(=O)N4)c2n1,0.5013999938964844,0.9361202716827391,0.2142982672561298,2.54258,-1.9367319345474243,0.6452978491783142,0,0,0,0.2777777777777778,3.3469200000000017,0.7895985607016458
956dd0da4858eebc1207a64af5fad27a,CN1CCc2cc(Cl)c(O)cc2C(C2C=CCCC2)C1,0.6065999865531921,0.9311142563819884,0.4754110357978127,3.521056,5.836327075958252,0.7533228039741516,0,1,0,0.5294117647058824,3.9734000000000034,0.7914496534873682
427566f6a5877e7c927d85cf05885e0d,O=C(O)c1cccc(N=C(NCCc2ccccc2)N2CCN(C3CCCCC3)CC2)c1,0.5600000023841858,0.8920555114746094,0.0784959677945483,2.450096,-7.735391616821289,0.7212895750999451,0,1,0,0.4615384615384615,4.154900000000003,0.5279682211182081
0a65ba2564f65152b12b6e89c617354c,CNC(=O)c1cccc(Nc2ncnc(N3CCc4cccc(C(F)(F)F)c4C3)n2)c1,0.6854000091552734,0.9808349609375,0.3630902401425622,2.600974,-5.235690116882324,0.9358749985694884,0,0,0,0.238095238095238,3.556300000000002,0.6614161985483008
b2722b5172d9ccd342e065075d98198d,O=C(CNC(=O)c1cccs1)Nc1ccc2c(c1)OCCO2,0.3783999979496002,0.4602048695087433,0.0748352024026892,1.995285,-10.74028778076172,0.4934384107589721,0,0,0,0.2,1.8877999999999997,0.9023597395875076
d62fcec5c356214094c3390e341553fe,O=Cc1cc2ccccc2nc1Sc1ccccc1,0.5684999823570251,0.9917227029800416,0.1679231246764009,2.078433,-11.0383882522583,0.1945217907428741,0,1,0,0.0,4.198500000000003,0.6647581552249765
cbad74c9ca45d66bb2d5d5fdd707b464,O=[N+]([O-])c1ccc(-n2c(-c3ccc(Br)cc3)nc3ccccc32)cc1,0.4767000079154968,0.9874129891395568,0.3654074655337767,1.951032,-6.896997451782227,0.7698617815971375,0,1,0,0.0,5.3632000000000035,0.3470762120557346
95c5e80dcdf37cf2e43a51705616b982,COc1ccc(C(C)=NNC(=O)CNC(=O)c2cccnc2)cc1,0.2949999868869781,0.3474597930908203,0.0955740391192111,1.97024,-11.611275672912598,0.1580999299883842,0,1,0,0.1764705882352941,1.3603999999999994,0.6190878004212257
2f26957b748cb5fff861cbe0ee9f544f,COc1cc2cc[n+](C)c3c2c(c1OC)C(Br)OC3=O,0.5634999871253967,0.8489655256271362,0.3013652630827643,3.775913,5.2002668380737305,0.1955655694007873,0,1,0,0.2857142857142857,2.2454,0.4784040529039708
329b45bf137fa745d6b2a1b392b011a7,COc1cc2c(cc1OC)CN(CCC(=O)OCCCN(C)CCCOC(=O)C=Cc1cc(OC)c(OC)c(OC)c1)CC2,0.4239000082015991,0.8149415850639343,0.3987767466089942,2.83357,8.106823921203613,0.9285332918167114,0,1,0,0.5151515151515151,3.989600000000003,0.138305191065336
a9efcbf358e9c111b62caa30dd82a34c,Cc1cccc(NC(S)=NNc2ncc(C(F)(F)F)cc2Cl)c1,0.6556000113487244,0.989945948123932,0.41112704845992,2.672091,-11.79394245147705,0.5749568283557892,0,1,0,0.1428571428571428,4.787020000000002,0.3191539771478331
e424dd3678d9453f037dd10ca3234b5d,O=C(O)C=Cc1ccc(Cn2ccnc2)cc1OCCc1cc2ccccc2o1,0.6449000239372253,0.9607048630714417,0.2434526505795392,2.544352,0.4147508442401886,0.7522268414497375,0,1,0,0.1304347826086956,4.396900000000004,0.4528984304500049
cc92b28bdbf2fb36513750e8524f2346,C=CCSCC1=CC(C)(C)Nc2ccc(-c3ccccc3C(F)(F)F)cc21,0.7390000224113464,0.9798364639282228,0.4554863788864829,2.922946,-6.596834182739258,0.9714335083961488,0,1,0,0.2727272727272727,6.8791000000000055,0.4418268706955093
2c2db41ef52918494f5d56b62b6dc8d3,O=c1[nH]nc2c3c(cccc13)N=C(c1ccccc1)N2,0.5146999955177307,0.9473795890808104,0.1687155826525254,2.623968,4.134182929992676,0.7051092386245728,0,0,0,0.0,2.4269,0.707212565612919
b306fc0a527feb729b36fff075648296,Cc1ccc(Nc2nnc(SCC(=O)NCCN3C(=O)CSC3=O)s2)cc1,0.3995999991893768,0.8368433713912964,0.0737513853237032,2.462236,-11.253338813781738,0.1797521263360977,0,1,0,0.3125,2.4938200000000004,0.6242855820511631
cce591ab64502becfd1ed75959e07cea,COC(=O)Cc1nc(NS(=O)(=O)c2ccc(Oc3cccc(Cl)c3C#N)cc2)sc1C,0.6758999824523926,0.9719660878181458,0.1558835648677566,2.545841,-9.227055549621582,0.6459554433822632,0,0,0,0.15,4.285200000000002,0.5040327934516564
8b4015d470e6b145c544c4ae80b84453,O=C1CCC(N2CCC3CCCCC3C2)CCN1Cc1ccc2ccccc2c1,0.5993000268936157,0.85512775182724,0.2976077388633381,3.206103,-8.22441291809082,0.9562633275985718,0,0,0,0.5769230769230769,5.233000000000006,0.7160637914821837
6da2c2b5718205435f94c5a8029527f6,COC(=O)c1ccc(OCC(=O)Nc2ccc(O)cc2)c(C(C)(C)C)c1,0.5515000224113464,0.9584059715270996,0.1582794941284439,1.94749,-4.462649345397949,0.6288222730159759,0,1,0,0.3,3.493800000000002,0.631927657163632
bee040c097e6a9db30429133b68419c3,C#CCNc1nc(-n2cc(-c3cnccn3)cn2)nc(N)c1Br,0.5425999760627747,0.9255921244621276,0.224374844269319,3.116617,-10.55018711090088,0.5585261464118958,0,1,0,0.0714285714285714,1.5090999999999997,0.6696151733741427
d2829ec7c46758ffdc4eec40cbe801d1,Cc1cc(NCc2ccc(Cl)cc2)n2cnnc2n1,0.4083999991416931,0.8417112231254578,0.0674787393813444,2.400325,-9.308745384216309,0.1408077269792556,0,0,0,0.1538461538461538,2.69822,0.7971257419956489
b5f368992bec4990ae7eed182d66b5b1,CCC(C)(C)NC(=O)C(c1ccc(F)cc1)N(Cc1ccco1)C(=O)c1cnccn1,0.431300014257431,0.5982873439788818,0.121783548458056,2.948154,-8.295154571533203,0.5998380303382873,0,0,0,0.3043478260869565,3.8972000000000024,0.5925634709350479
ec879ba214e8792b584871dc9fcf33d1,C=CCNC(=S)NN=Cc1cccc([N+](=O)[O-])c1,0.4262000024318695,0.9590943455696106,0.1879079453647136,2.395424,-8.717081069946289,0.2342795357108116,0,1,0,0.0909090909090909,1.5787999999999998,0.2773713958269678
835170ce197488dd7421f4f252411d1a,O=C(C1CC1)C(c1ccccc1F)N1CCc2sc(O)cc2C1,0.5800999999046326,0.7086406350135803,0.1263708998872475,3.267623,-8.350125312805176,0.4130052864551544,0,0,0,0.3888888888888889,3.6713000000000022,0.9291381203875876
ed81936fe334ddcb70fc3a54dd809e59,CNc1cncc(-c2cc(OC)ccc2OC)n1,0.3192000091075897,0.8549182415008545,0.1304835453629493,2.136907,-4.506546974182129,0.4967502027750015,0,0,0,0.2307692307692307,2.2024999999999997,0.8945011736388689
8868d9fb71fbe236f99c276bdfe8e7db,CC(=O)Nc1ccc2c(c1)N(c1cc(NC3CC3)n3ncc(C#N)c3n1)CCO2,0.5956000089645386,0.821785569190979,0.2002565732056444,2.832899,8.53452205657959,0.7762242674827575,0,0,0,0.3,2.66418,0.7061771837711237
4dab43bae4041d2aa766f697ae509fba,N#CC1CCC(NC(=O)c2nc(-n3ccnc3)nc3cc[nH]c23)CC1,0.552299976348877,0.7788651585578918,0.0805409059605815,3.060397,-1.5877681970596311,0.8425830006599426,0,0,0,0.3529411764705882,1.95578,0.7595122878028006
3196789516d07e642626f44127398c00,Cn1cc(C(F)(F)F)nc1-c1ccc(Cn2c(=O)n(C)c3cnc(-c4cccnc4OCC(F)(F)F)nc32)cc1,0.6057000160217285,0.9235249161720276,0.4293328930031169,3.120389,7.067074775695801,0.9630895256996156,0,0,0,0.24,4.600700000000003,0.2806517463585268
a796c70a94acaa9c1804e44bb10751db,CCOC(=O)C(O)C(O)(Cc1ccc(O)cc1)C(=O)O,0.415800005197525,0.8969111442565918,0.1483485102653503,3.217743,6.96244478225708,0.0085337502416223,0,0,0,0.3846153846153846,-0.3256000000000006,0.5272826135974161
d61ec22c1ad0fed8dd7224e86eab47b8,COc1ccc(C(=O)NC(CC(=O)O)c2ccc(C)cc2)nc1-c1ccc(Cl)cc1Cl,0.684499979019165,0.9870677590370178,0.1768147830258716,2.689958,-5.813632488250732,0.2964680254459381,0,0,0,0.1739130434782608,5.318220000000004,0.4995588903751571
40bc425af160f8b369edc0860d837924,NS(=O)(=O)c1ccc(NC(=S)Nc2ccc3c(c2)CCC3)cc1,0.4902999997138977,0.9571795463562012,0.285103288563815,1.985342,-8.995022773742676,0.4504047513008117,0,1,0,0.1875,2.6316000000000015,0.743486094680672
eeb9bdfe9982d9518343e789b54cd6ee,Cc1cc(F)ccc1NCc1cc(C(=O)O)cc(Cl)n1,0.5055999755859375,0.902360737323761,0.0916879117827523,2.18015,-7.886420249938965,0.0268034778535366,0,1,0,0.1428571428571428,3.492820000000001,0.847386375898336
6ce5a2a833ff0d993923d3286e392dfb,COCOc1cccc(-c2c[nH]cc2C#N)c1,0.3346999883651733,0.8478595018386841,0.1082384918223727,2.523967,-10.430665016174316,0.4376616895198822,0,1,0,0.1538461538461538,2.53608,0.8178915130322991
3e820fcdbc93a636919bc998cadca44f,COc1ccc(-c2cc3c(C(=O)O)c[nH]c3cc2Cl)cc1,0.6944000124931335,0.986787736415863,0.1639515628868883,2.021487,-7.679291725158691,0.0562065321952104,0,0,0,0.0625,4.195100000000002,0.7620135880396531
c16b643f0ea56ecde15ad3ab68e7a911,O=C(c1ccc(-c2ccc(N3CC(Cn4ccnn4)OC3=O)cc2F)cn1)C1CCNCC1,0.7979999780654907,0.7423004508018494,0.1285726028409871,3.382207,6.2854719161987305,0.2679734155535698,0,0,0,0.3478260869565217,2.6869000000000005,0.5762578364231444
af6fe27bf2ab3b62e2eb56cd68bb5c9b,O=C(NOc1ccccc1)Nc1csc(Cc2ccccc2)n1,0.48539999127388,0.9365143179893494,0.2220858890901912,2.369893,-7.775771141052246,0.3890496551990509,0,1,0,0.0588235294117647,3.849400000000002,0.7004322585762417
54c96219d1b6e1807f8f7dad7ec870a9,COc1ccc(CN2CCCC(OCc3ccc(F)c(C)c3)C2)cc1F,0.6007999777793884,0.7972551584243774,0.519208387895064,2.561327,-9.825483322143556,0.9856296181678772,0,0,0,0.4285714285714285,4.463020000000005,0.7580662919890288
85edcdf1cdfc3eae467d9a37fbbde9a6,CCCCCCc1cc(Oc2c(I)cc(CC(N)C(=O)O)cc2I)ccc1O,0.7831000089645386,0.9981496334075928,0.4019291238351302,2.997309,10.326437950134276,0.53170525431633,0,1,0,0.3809523809523809,5.470900000000006,0.2456892868186496
370457d49a684d6569ca5aa2979a5b5b,O=C1CC(c2ccncc2)Cc2ccccc21,0.3503000140190124,0.9035170078277588,0.1438782908242666,2.463706,-1.7520004510879517,0.1235336609184742,0,0,0,0.2,2.9943000000000017,0.7435055662608807
9598aa0c89d57e6f467e4e723c376740,O=C1C(=O)c2cccnc2-c2ccccc21,0.4846000075340271,0.9978876709938048,0.2274885258891365,1.934173,-6.052115440368652,0.1223323747515678,1,1,0,0.0,2.1276,0.6242187945704385
00bc401d104f2447243e7297a32b4eab,Cc1cc(C#N)cc(C)c1Oc1ccc(C#N)c(Nc2ccc(CN3CCN(S(C)(=O)=O)CC3)cc2)n1,0.5676000118255615,0.951764702796936,0.3127544305541299,2.740339,2.071067571640014,0.9650820136070252,0,0,0,0.2962962962962963,4.0549000000000035,0.4989447111055233
b2e254ca237b4a3fd62465595ab6bcbc,CC1=C(C(=O)N[n+]2cnc3cccc(F)c3c2N)Sc2ccccc2N1,0.6082000136375427,0.9325498938560486,0.3831636539914391,3.2734,-6.194231033325195,0.6637138962745667,1,1,0,0.0555555555555555,2.763,0.6059854661444105
514b10190addb6796d2c9e641835aa5e,COc1c(Br)cc(F)cc1CCNCc1cccc2c1OCO2,0.6140999794006348,0.8332518339157104,0.4060039127414876,2.380201,-8.376092910766602,0.976190984249115,0,1,0,0.2941176470588235,3.6578000000000017,0.7746592595643113
ffd8b02a7b6f5c6c7800c19e7159a453,Cc1cnn(CCNCc2ccc(OCc3cccnc3)cc2)c1,0.3463999927043915,0.6963499784469604,0.2122172692959958,2.125212,-10.463635444641112,0.8176742434501648,0,1,0,0.2631578947368421,2.9553200000000013,0.6479234921778191
234b051d4e41757d2354b5b5c6ecea77,CC(NCCOc1ccccc1)=C1C(=O)C2CCCC(=O)N2C1=O,0.4724999964237213,0.612159013748169,0.1281006109308112,2.982796,-4.947138786315918,0.0830094762146473,0,1,0,0.3888888888888889,1.4194,0.3828372457343681
4ab29773034779a902aa94c83f476cb4,CCN(C(=O)Cn1c(=O)n(Cc2ccc(F)cc2)c(=O)c2ccccc21)c1cccc(C)c1,0.5005000233650208,0.8827626705169678,0.1456110382621938,2.232569,-9.857083320617676,0.9095206141471864,0,0,0,0.1923076923076923,3.712120000000003,0.4545570919875799
cec95c491a3c6df2a5fb848e512bf62f,CCN(CC)CCCN1C(=O)C(O)=C(C(=O)c2ccc(C)cc2)C1c1ccccn1,0.4555000066757202,0.6906818151473999,0.2787884907288985,2.840666,-11.423222541809082,0.7631157159805297,0,0,0,0.375,3.7002200000000025,0.641823898065114
bd7ce2b7bf8d2837435ed27cd0aad75a,COc1cccc(S(=O)(=O)N2CC(c3ccccc3)C(c3ncon3)C2)c1,0.5022000074386597,0.7039578557014465,0.0783045823601159,3.306947,-4.401776313781738,0.427738755941391,0,0,0,0.2631578947368421,2.650100000000001,0.671182557433983
b7a62cfde1d528cad7827509b776de41,CC(C)CS(=O)(=O)C1=NN2C(=N)C(=Cc3ccc(OC(=O)c4ccco4)cc3)C(=O)N=C2S1,0.6057999730110168,0.9677990078926086,0.2057606279850006,3.025626,-3.9586341381073,0.5794639110565185,1,1,0,0.1904761904761904,3.146270000000002,0.3857368453318373
e7c6af64f47b9f2f3bf3f8a32f467195,COc1ccc(C(C)C)cc1-c1ccc(C(=O)N2CCN(C)CC2)c(N(C)C)n1,0.5015000104904175,0.7956140041351318,0.1623034714297815,2.366809,-11.3569974899292,0.9435187458992004,0,0,0,0.4782608695652174,3.334200000000002,0.7758760994194529
4a9be3f583fae134997576c8830ebdb8,CN(CCCn1c(N)nc2cc(Br)ccc21)CCCn1c(N)nc2cc(Br)ccc21,0.6146000027656555,0.9803428649902344,0.6857703761620955,2.684494,-5.281912803649902,0.9752322435379028,0,0,0,0.3333333333333333,4.487600000000002,0.3473427574626356
a335253cebee75d6ffa91b6110f864ae,Cc1csc(CNc2ccc(-c3nc(C4CC4)no3)cn2)n1,0.4438000023365021,0.8414431214332581,0.0770451423119415,2.565487,-7.255746364593506,0.2245687305927276,0,0,0,0.3333333333333333,3.386020000000001,0.7778021957682959
201e5aa5880f8b889c9a7d01aa9da7a2,CCC(=O)Nc1sccc1C(=O)OC,0.3228000104427337,0.6817606687545776,0.026976155815646,2.030123,-10.634332656860352,0.037746163830161,0,0,0,0.3333333333333333,1.8832,0.7798424599469578
be6923ce53f99727bf79c3de590a419e,N#Cc1c(-c2ccccc2)c(-c2ccccc2)nn(CC(=O)NNC(=O)Nc2ccc(Cl)cc2)c1=O,0.6481999754905701,0.980377435684204,0.3309256569905714,2.384552,-8.345553398132324,0.7912639379501343,0,1,0,0.0384615384615384,3.955280000000002,0.3586487139371588
4748ede3484b01452806be3daeb359d7,O=c1cc(-c2ccc3[nH]nnc3c2)[nH]c2nc(Cc3ccccn3)nn12,0.4736999869346618,0.8886086344718933,0.1371463794599879,3.175548,1.243245005607605,0.289261993765831,0,0,0,0.0588235294117647,1.3416999999999997,0.5098982956292978
b02e4816afe6b0b16d21459743a7b640,Cn1cc(CCC(=O)Nc2ccc(-n3c4c(c5ncnc(N)c53)CCC4)cc2)c2ccccc21,0.6266999840736389,0.9577254056930542,0.5613048334013332,2.659608,-7.829384803771973,0.9075366735458374,0,0,0,0.2222222222222222,4.554400000000003,0.4108603618438406
841dda0aeff463811cdf61d44ac4529e,CC(=Cc1ccccc1)CN1CCOCC1,0.2540000081062317,0.7968043684959412,0.1041328557343645,1.941709,-4.283915996551514,0.5466318607330323,0,0,0,0.4285714285714285,2.4221000000000004,0.770684312024215
c157dd86512b4666a95f64a646e65d3e,CCC1C(=O)N2C(C(=O)O)=C(SCCN)CC12,0.7907000184059143,0.8605419993400574,0.0230275918517939,3.7036,8.322245597839355,0.003856035915669,0,0,0,0.6363636363636364,0.6151999999999999,0.7042943528353754
67b2a6bb25b1768c3b237eab4e4352ec,COC12CCC(Oc3ccccn3)CC1N(c1ncnc3[nH]ccc13)CC2,0.5734000205993652,0.8208075761795044,0.3735014362768693,4.06502,-3.925935983657837,0.7440476298332215,0,0,0,0.45,2.9483000000000015,0.766043348088868
c5a918cf564e08138555f950257dc0e7,CCNC(=O)N1CCCc2cc(ccn2)-c2nc(cs2)C(=O)Nc2cn(C3CCOCC3)nc2C(=O)NCC1,0.5936999917030334,0.6098945736885071,0.0615902915596962,4.812946,-10.617358207702637,0.6092644095420837,0,0,0,0.4615384615384615,2.7129000000000003,0.4435274706993029
4e2cde41472c702474778d6ab2526177,OC(CN1CCN(Cc2nnc(C3CC3)o2)CC1)c1ccccc1,0.42289999127388,0.5224967002868652,0.0829543274911967,2.674022,-10.289660453796388,0.5190854251384736,0,0,0,0.5555555555555556,1.7981999999999994,0.8721490271712005
f9f05515f0668664ea6a9bd4d899d802,CCN(Cc1cc2c(cc1OC)OCCCO2)C1CCCCC1O,0.4751999974250793,0.5649458169937134,0.2654562768611041,3.209334,2.232174873352051,0.8789124250411987,0,0,0,0.6842105263157895,2.9819000000000018,0.8963885266968477
ed70029be9bf2a462cb432b572589cc9,Cc1cc(S(=O)(=O)Nc2cccc(F)n2)ncc1N(C)C1CCN(Cc2ccccc2)C1,0.6777999997138977,0.8022426962852478,0.1086580150506713,3.176718,-0.0646778643131256,0.9358254671096802,0,1,0,0.3043478260869565,3.435620000000002,0.5501869308174471
be025bfbd57802f8607045af0d1003d3,Cn1cc(-c2ccccc2OCC2CC2)c2nn(CC3CCN(S(C)(=O)=O)CC3)cc2c1=O,0.5325999855995178,0.7582635879516602,0.1516141789880666,2.884044,-8.569565773010254,0.851720106601715,0,0,0,0.5,2.862400000000002,0.5300386900912563
4d8eb1ba80574eec34ebaa14e20be66b,O=C(Nc1ccc(Cl)cc1)C1CC(=O)n2c(nc3ccccc32)N1,0.474700003862381,0.9145471453666688,0.3015501065687699,2.882123,-10.76880931854248,0.3535866022109985,0,0,0,0.1176470588235294,3.152800000000001,0.751037671463491
6f423daef3dd8b6a377c74baa81c3043,CCC(=O)c1cc(OC)c(O)c(OC)c1O,0.4192000031471252,0.934990406036377,0.1525882966816425,2.310608,9.924959182739258,0.0470596350729465,0,0,0,0.3636363636363636,1.7077,0.7641190436871591
d0eff323b11177ef33758bc70d75711d,O=C(NCc1ccoc1)NC1CCN(c2ncccn2)CC1,0.3788999915122986,0.3034011423587799,0.0641775708645582,2.373876,-8.910117149353027,0.1678670734167099,0,0,0,0.4,1.5378,0.8947012263754763
17e69f9d655422979f269521eb6c0f58,O=C(Nc1ccc(Br)cc1Cl)NC1CC1,0.5454999804496765,0.923635482788086,0.138538334518671,1.807744,-12.251604080200195,0.0616740263998508,0,0,0,0.3,3.386400000000001,0.8607304250797494
876cc63bd2a1f42f5a0fbb5103b878e2,Cc1nc(O)c2cc(-c3ccc(Cl)c(OCC4CCC4)c3)c(C(C)C)cc2n1,0.717199981212616,0.99221009016037,0.4406067485159093,2.650693,-6.163660526275635,0.523171067237854,0,0,0,0.391304347826087,6.266520000000004,0.5519826235495193
fd7fc9eaf6407319446ff50b019a4332,CCCN(CC1CC1)c1nc(C)nc(C(=O)c2ccc(OC)cc2OC)c1C,0.5544000267982483,0.7176908254623413,0.2112512006001039,2.670481,-6.6861371994018555,0.8163062810897828,0,0,0,0.5,3.968040000000003,0.6106999098901756
6f1bc2765399c167b03133b3fcca0a56,CCN(CC)CCCC(=O)Nc1ccccc1S(=O)(=O)Nc1ccc2c(c1C(=O)O)CCCC2,0.5741000175476074,0.9172120690345764,0.0653388437561013,2.498978,-5.104487419128418,0.709688663482666,0,0,0,0.44,4.124900000000003,0.4390152814725397
663fac366fb4436f6d8630886d05ea6f,O=C1C=CCC2C3CCCN4CCCC(CN12)C34,0.4939999878406524,0.576128363609314,0.243330064822327,4.108205,10.00171184539795,0.5543354570865631,0,0,0,0.8,1.6477,0.6486320733835754
37a1a22ab4df2a35757627ee15e5adfe,CCCCCCCCCC[n+]1c(C)cc(N)c2ccccc21,0.691100001335144,0.99533349275589,0.6008890758861195,2.433677,-7.534806251525879,0.9821093440055848,0,1,1,0.55,5.158620000000004,0.5028910812539099
541d672409264cd401a5572f5860b971,COCCOCCOCCOCC(=O)Oc1ccc(O)cc1,0.3598000109195709,0.7637368440628052,0.1417981663888151,2.204813,-5.831730842590332,0.3990302249789238,0,1,0,0.5333333333333333,0.9938,0.3498211794219675
848f476d20393e35d15dc422ba904342,O=C(c1coc(Br)c1)N1CCCC1c1ncc[nH]1,0.3995999991893768,0.3458769023418426,0.0812746030701832,3.287283,-11.190350532531738,0.1585850194096565,0,0,0,0.3333333333333333,2.7425000000000006,0.9274994713138528
def6a0c0929285ce10612cb67194fad9,CC(C)(O)C(O)CCC(CO)C1CCC2(C)C34OC3CC3C(C)(CC(O)C(O)C3(C)C)C4=CC(O)C12C,0.6233000159263611,0.927948832511902,0.3186167302456769,6.193329,12.249890327453612,0.6163077175617218,0,1,0,0.9333333333333332,2.5458999999999996,0.2332131645055858
81e25e79c1443270641851bf06186767,COc1cc(-c2ccc(O)cc2)c(OC)c(O)c1C1=CC(=O)OC1CC(=O)O,0.6452000141143799,0.9802570939064026,0.2526859878139062,3.269046,11.728177070617676,0.1995459347963333,0,0,0,0.2,2.5655,0.6476117029072797
90310be9442f75cef8fc5133f042de3b,O=C(O)C1CC=C(c2nn(C(=O)c3c(Cl)cccc3C3CC3)c3c2CCC(C(=O)N2CC(F)(F)C2)C3)CC1,0.7569000124931335,0.950088918209076,0.1105294376611709,4.135525,2.4303441047668457,0.2319976657629013,0,0,0,0.5,4.952900000000005,0.5756993350700352
4f69a4d1cc0a472d338df1e95fcd0a8d,C=C1CCCC2C1(C)CCC(C)C2(C)CC1=C(O)C(=O)C=C(OCCCC)C1=O,0.625,0.9627414345741272,0.5835906497456811,4.336287,10.891636848449709,0.559612512588501,1,1,0,0.68,5.839800000000006,0.3455187850255504
71d8abddc444d32a0a48806d66e5cd39,CC1CCc2nc(NC(=O)c3ccc(S(=O)(=O)N4CCCc5ccccc54)cc3)sc2C1,0.5992000102996826,0.870065450668335,0.2043156109072945,2.81748,-2.1506330966949463,0.7354912757873535,0,0,0,0.3333333333333333,4.661700000000004,0.6051707318026399
d38a31ece66507c1b5946dc4b4f5268b,CN(C)S(=O)(=O)N1CCCC(c2cccc(Cc3ccccc3)n2)C1,0.4054000079631805,0.572303056716919,0.1083613434298472,2.775109,-9.822661399841309,0.8532706499099731,0,0,0,0.4210526315789473,2.658200000000001,0.8246505565666837
af6a059870654fe43a0a4f4d9043adfc,Cc1ccc(C(=O)NCc2cccc(C(F)(F)F)c2)cc1-c1ccc2nc(Nc3cnn(C)c3)ncc2c1,0.6830000281333923,0.9932819604873656,0.4770328537984328,2.580369,4.3279242515563965,0.9518730998039244,0,0,0,0.1428571428571428,6.031120000000005,0.2878972008752913
f4179f5e9fcb8809891e6fc2f23e0154,COC(=O)C(CO)NC(=O)C1Cc2c([nH]c3ccccc23)CN1C(=O)OC(C)(C)C,0.5613999962806702,0.8514940738677979,0.1081299097700552,3.239606,-0.4958193600177765,0.4474410116672516,1,0,0,0.4761904761904761,1.4797999999999996,0.6482328049703219
ceb235230da7874fd89f1e6623e93bea,OC1Cc2ccccc2C1n1ccnc1-c1cc2n(n1)CCNC2,0.4562999904155731,0.6822775602340698,0.1885229437188668,3.724248,-6.246387958526611,0.5335193812847138,0,0,0,0.3333333333333333,1.3562,0.7476969641438557
dd7ca61c9d95f13e26ba35b240d79a17,CC(=O)N1CCc2ccc(S(=O)(=O)N3CCCCC3C)cc21,0.395000010728836,0.229245513677597,0.0575655470178885,2.670075,-8.556205749511719,0.4887684404850006,0,0,0,0.5625,2.1586999999999996,0.8382028755955974
add79186517a32969755d79ab18185f3,O=C(Nc1ccc2c(c1)CCN(C1CCC1)CC2)c1ccc(-c2cn3ccccc3n2)cc1,0.5817999839782715,0.9504130482673644,0.4498296705159274,2.355242,-7.205735206604004,0.9520161867141724,0,0,0,0.2857142857142857,5.206700000000005,0.477973526603428
eb6f70dd48b727ab16bb3eba0e430a18,C=CCn1c(SCC(=O)NC(=O)c2cccc([N+](=O)[O-])c2)nnc1-c1ccccc1,0.4709999859333038,0.7297564148902893,0.1245294744995507,2.251573,-3.319305181503296,0.3424710005521774,0,1,0,0.1,3.088000000000002,0.2557656797685959
1c8e20b23d3c35b2d983a229525787cf,CNCc1ccc(-n2cc3c(F)c(F)cc(C(N)=O)c3n2)cc1,0.5033000111579895,0.8144603371620178,0.3319548056884245,2.524382,-4.715695381164551,0.5483972370624542,0,0,0,0.125,2.122,0.7742040642266068
45eeb349f4bab614a0eea98d650bb830,COc1cc(OCCN(C)CCCN2C(=O)CSC2c2cc(C(C)(C)C)c(O)c(C(C)(C)C)c2)cc(OC)c1OC,0.6567000150680542,0.923384130001068,0.3448008095676249,3.39644,-5.059971809387207,0.8044209241867065,0,0,0,0.59375,5.987900000000007,0.3240849755608945
42206ef83538036dc51a65977afc7217,O=C1C=C2CCN(S(=O)(=O)c3ccc(N4CCOCC4)cc3)CC2(Cc2ccccc2)CC1,0.5537999868392944,0.6742330193519592,0.1358071707866408,3.04649,-4.919060707092285,0.8298275470733643,0,0,0,0.4230769230769231,3.4360000000000017,0.6754717366398034
aed244d120940b7325c2c58e7bbc9bd4,O=c1c2ccccc2[s+]([O-])n1-c1cccc(F)c1,0.5788999795913696,0.9912019371986388,0.1899145191366022,3.533762,-2.474583387374878,0.0797212786972522,0,1,0,0.0,2.857400000000001,0.632168100734127
598c26bd90275e1a25ae0a1020c942c2,c1ccc(-n2cc(-c3ccc(CN4CCOCC4)cc3)cn2)nc1,0.4855999946594238,0.8263195753097534,0.2115073346278884,2.115608,-7.901623725891113,0.7674864530563354,0,0,0,0.2631578947368421,2.7665000000000006,0.7412651643957334
0cd754114477ca701bf0b7b336e8b2e8,Cc1ccccc1C(CC(=O)O)NC(=O)c1cccc(-c2cccc(Cl)c2)n1,0.6255000233650208,0.9790425300598145,0.136728900400075,2.548849,-12.111334800720217,0.1271159291267395,0,0,0,0.1363636363636363,4.656220000000004,0.6370341015790392
4bd095714dc5ce634e5ba9bc821e955f,COc1ccc(C2C3=C(OCC2[N+](=O)[O-])C(=O)c2ccccc2C3=O)cc1OC,0.5928000211715698,0.980709195137024,0.6344422996044159,3.42791,4.8033061027526855,0.5781406939029694,1,1,0,0.238095238095238,2.7962000000000007,0.5789000736035408
e26c7b13e41a1df2fdd876bf03ab9b3e,COc1cc(C(=O)c2cncc(-c3ccc(C)cc3)n2)cc(OC)c1OC,0.4754000008106231,0.8875347375869751,0.2743818069046194,2.164282,-6.16229248046875,0.5610810577869415,0,0,0,0.1904761904761904,3.708820000000002,0.6211670070043439
3fbd32fc018613d9a27f0fdaba93bb27,COc1ccc2c(c1)C(=Cc1ccc3c(C=Cc4cccnc4)n[nH]c3c1)C(=O)N2,0.6137999892234802,0.9770405888557434,0.4369780881838365,2.683727,-8.795742988586426,0.9162030220031738,0,1,0,0.0416666666666666,4.6296000000000035,0.4947486414787452
9a162b088e145a4f7878860646672a76,CCN(CC)C(=O)Oc1ccc(C(CC)(CC)c2ccc(N(C)C(C)=O)c(C)c2)cc1,0.6323000192642212,0.950484037399292,0.1685368222269145,2.668314,-8.585897445678711,0.87788325548172,0,0,0,0.4615384615384615,5.924420000000007,0.5280531814403872
aa837df8a6c87429e7dccf363db0a2c8,CN(C)C(=O)NC1COC2(CCN(Cc3ccco3)CC2)C1,0.3422999978065491,0.3523423969745636,0.0465893023224039,3.644677,-10.292887687683104,0.4859491229057312,0,0,0,0.6875,1.6743,0.9227829198117172
b10c0dab2abb8596bb8c55208149be34,CC1(C)CC2C(c3cc(OCC4CC4)ccc3F)(CO1)NC(=N)C(C)(C)S2(=O)=O,0.5971999764442444,0.855584442615509,0.2089873694560744,4.347738,-7.729870796203613,0.6071550011634826,0,1,0,0.6666666666666666,3.151170000000002,0.7752083654111094
663582228f7912bdf45412c98d136683,Cn1nnnc1SCC1=C(C(=O)O)N2C(=O)C(NC(=O)C(OC=O)c3ccccc3)C2SC1,0.8479999899864197,0.9978516697883606,0.025218393353994,3.873796,6.4612016677856445,0.0142264285357668,0,1,1,0.3157894736842105,-0.0448999999999983,0.2759695808750801
87293e7a1f45b3a87c69a59f3b5c9ae6,CCc1cc(-c2nc(C)c(C(=O)OCc3cn(-c4cccc([N+](=O)[O-])c4)nn3)s2)ccn1,0.527899980545044,0.9399621486663818,0.2136166393756866,2.700835,-4.981496810913086,0.5426454186439514,0,1,0,0.1904761904761904,3.921820000000003,0.2355215252935892
ba90db37cb71b95bca03d5bbb741676f,O=C(NS(=O)(=O)C1CC1)c1cc(C2CC2)c(CN2CCC(Oc3ccc(Cl)cc3)CC2)cc1F,0.7587000131607056,0.9791783690452576,0.2708878002383492,2.668757,6.41160774230957,0.7966731309890747,0,0,0,0.48,4.621900000000005,0.5650269088711957
3ae16a2108d18f2cf860118b2a770b4c,O=C(CN1CCN(Cc2ccc(F)cc2)C1=O)NC1CCCC1,0.4189999997615814,0.2543958723545074,0.1082270429046316,2.096496,-12.509852409362791,0.4896521121263504,0,0,0,0.5294117647058824,2.1220999999999997,0.9036955319669242
2a9c36ac854070675030dcbade0fbca2,CCN(CC(O)(CNC(=O)c1cnn(-c2ccc(F)cc2)c1N)C(F)(F)F)C(=O)c1c(F)cccc1Cl,0.6636000275611877,0.946305811405182,0.3436829501932317,3.330134,7.351202011108398,0.903366720676422,0,0,0,0.2608695652173913,3.571600000000001,0.3746035177832064
171defa40e8a6f8d6e8bd5b747b1c843,CCOc1cc(CNC(=O)C2(c3ccc(F)cc3)CCCNC2)ccc1O,0.4914000034332275,0.7220122218132019,0.1701004207134246,2.862836,-9.445405006408691,0.8015951871871948,0,0,0,0.3809523809523809,2.8676000000000017,0.7292728288895048
f881c113249468182a0b8c58b3dbac8d,c1ccc(-c2nn(-c3ccccc3)cc2Cn2cncn2)cc1,0.4108999967575073,0.8876156210899353,0.1523084633729674,2.062005,-11.362763404846191,0.4369406580924987,0,0,0,0.0555555555555555,3.179100000000001,0.5814582839075824
553659923fd278a84476513cf2af99e2,CCC(C)c1noc(-c2ccc3nc(Nc4cc(CN5CCN(C(=O)C6CC6)CC5)ccn4)[nH]c3c2)n1,0.6197999715805054,0.9172349572181702,0.1217108544978228,3.263652,-4.948088645935059,0.957489001750946,0,0,0,0.4444444444444444,4.319200000000003,0.3674914079814949
fdbf72428def514e22ee25e71051e661,O=C(c1ccc2[nH]ccc2c1)N1CCC(O)(c2ccccc2)C2CCCCC21,0.574400007724762,0.7947819232940674,0.2563641220331192,3.353537,1.4992016553878784,0.8225126147270203,0,0,0,0.375,4.4604000000000035,0.6957228464473213
5e8050d823e3116c9eed5e064a611e94,Cc1sc2ncnc(Sc3nnc(C(F)(F)F)n3C)c2c1C,0.5756999850273132,0.8823308348655701,0.0985654035413807,2.766266,-9.08133029937744,0.1093065351247787,0,0,0,0.3333333333333333,3.6066400000000014,0.6642935863203804
162ca3f522370774b0e7f51475889eb5,COC(=O)c1cc(-c2c(C)nn(-c3ccccc3)c2C)[nH]n1,0.4440000057220459,0.7841569185256958,0.1258716010911898,2.345999,-10.579401016235352,0.1384226161986589,0,0,0,0.1875,2.66584,0.7541279477133624
c2e94e45873824a5feefadb473075cf8,Cc1cccc2sc(SCC(=O)NCc3c(O)c(=O)cc(C)n3C)nc12,0.5370000004768372,0.9123539924621582,0.1037321205843578,2.675845,-10.688281059265137,0.3327392429113388,0,0,0,0.2777777777777778,2.7259400000000005,0.6556982601776428
7188f92ee3b770a6b952b9d961cbb407,COc1ccccc1N1CCN(C(=O)c2sc3nc(C)nc(N4CCN(c5ccccn5)CC4)c3c2C)CC1,0.6617000102996826,0.8054167628288269,0.184639156542041,2.577029,-8.33257007598877,0.8930267930030823,0,0,0,0.3793103448275862,4.000740000000003,0.3739442041698379
029c20d27c20400b5c4c9bd7eccfa7bc,COc1ccc(Cl)cc1NC(=O)Nc1cc(C)nc2cnccc12,0.6144999861717224,0.974740982055664,0.3439947055144743,2.140601,-7.955134391784668,0.4721614181995391,0,0,0,0.1176470588235294,4.244220000000001,0.7458658241507826
f829eb05b6987959331f1743a36cfce0,Cc1cccc2c1-c1sc(C(=O)N(C)c3cccc(C(F)(F)F)c3)cc1CO2,0.7207000255584717,0.952075183391571,0.3149974711916663,2.634876,-5.8861083984375,0.8689138531684876,0,0,0,0.1904761904761904,5.911320000000004,0.5322639840139958
bcd59b47dfcdbce2b027e096e02f8a58,CC(C)(C(=O)NC(N)=O)C1c2ccc(-c3ccc(N4CCOCC4)nc3)nc2Oc2c(F)cccc21,0.7129999995231628,0.9290459752082824,0.3858026320284063,3.51053,-2.7278170585632324,0.6693701386451721,0,0,0,0.3076923076923077,3.578000000000002,0.5724650330031392
0475d85233f17721572ffddd04e8ac9f,CN1CCN(C2CCN(CCOc3cccc(Cl)c3)CC2)C1=O,0.5077000260353088,0.7073753476142883,0.1678084548224102,2.246347,-7.95524787902832,0.8286795377731323,0,0,0,0.5882352941176471,2.550600000000001,0.8281201167603369
fb121a2bd492d2e380c64737739d859a,O=P(O)(O)C(c1ccc(-c2cccc(Cc3cc(Cl)c(Cl)cc3Cl)c2F)cc1)S(=O)(=O)N1CCOCC1,0.703000009059906,0.981907606124878,0.3907927112145857,3.422888,-7.817154884338379,0.660905659198761,0,1,0,0.25,5.882000000000006,0.2564549207043273
80be8dbfe64889a95115b2a1786f4ec9,CCc1cc(CN2CCN(C)CC2)cc(NC(=O)c2ccc3c(c2)CN(c2cncnc2)CC3C)c1,0.6092000007629395,0.9243702292442322,0.3132654550400647,3.209881,-5.09270715713501,0.9737664103507996,0,0,0,0.4137931034482758,4.162400000000003,0.566851622594197
7a158c7dc149e4229374d071a09be569,CN1CCCC1CCn1ccc2ccc(N=C(N)c3cccs3)cc21,0.6252999901771545,0.911937952041626,0.4583517936143008,3.181103,-5.787195205688477,0.965615689754486,0,1,0,0.35,4.224100000000003,0.5517852929377788
1a36f88a69ed962ada64246d39456ee5,CC(=Cc1ccccc1)Cn1cc(CCCCCc2nc(N)[nH]c2-c2ccc(-c3ccccc3)cc2)nn1,0.7020000219345093,0.9943711757659912,0.3212547437711195,2.813616,1.69031023979187,0.968256676197052,0,1,0,0.21875,6.976400000000006,0.1908936943040395
3e0ddabd9fc1741e1007a70076947a50,c1ccc(-c2nc(C3CCCCO3)[nH]c2-c2ccccc2)cc1,0.3813999891281128,0.8761810064315796,0.3081998215480284,2.541649,-8.659661293029785,0.8639909744262695,0,0,0,0.25,4.985300000000004,0.7402998949442655
b23d5dd9a353234ef506e7099ba5fe89,CCCCCCCCCCCCC(=O)N1CCN(c2cccc(Cl)c2Cl)CC1,0.6843000054359436,0.939383327960968,0.1906405755064704,2.069041,-9.039051055908203,0.9133317470550536,0,1,0,0.6956521739130435,6.953000000000007,0.3369789276794602
92f6603854136be08819be84354708fd,O=c1c2cccnc2sn1-c1ccccc1,0.5306000113487244,0.9971153736114502,0.1337643109939315,2.256947,-3.1039390563964844,0.0847770720720291,0,0,0,0.0,2.4472000000000005,0.6408903508299221
bae6e2f84559b5062c3031763b911716,Cc1c(NC(=O)c2ccc(-c3cccc([N+](=O)[O-])c3)o2)c(=O)n(-c2ccccc2)n1C,0.5519000291824341,0.7802194356918335,0.2652776850895448,2.33456,-10.713873863220217,0.7236698627471924,0,1,0,0.0909090909090909,3.9049200000000024,0.3900868964996843
262912576280c7cea1e4a04137322124,Cc1cc(C(=O)O)c(NS(=O)(=O)c2cc(Cl)cc(C(F)(F)F)c2)cc1-c1ccccc1,0.7885000109672546,0.9981696605682372,0.1684664765542203,2.315167,3.117410182952881,0.4234381020069122,0,0,0,0.0952380952380952,5.833220000000003,0.4919123330141044
2ae63fd4487c4576acd77d715c1e7e62,CCC(CC)C(=O)NCc1c(C)nn(C)c1N1CCCN(C)CC1,0.3727000057697296,0.3268497884273529,0.0388067423112013,2.533292,-9.557903289794922,0.6728121340274811,0,0,0,0.7777777777777778,1.92282,0.8629123972343407
fd92cc3dffabf928df5fe728127ae708,CC1CN(Cc2ccccc2)CC(C)C1NC(=O)N1CCC(CO)CC1,0.526199996471405,0.4430329501628876,0.1199263205582445,3.196264,-8.39218807220459,0.8593930721282959,0,0,0,0.6666666666666666,2.5569000000000006,0.8686589990429933
7f41ba49d3b99d0a04dff8cd9522031f,COc1ccc(-c2cc(O)nc(N)n2)cc1C#N,0.4120000004768371,0.8358780741691589,0.0833663017573681,2.435008,-10.282346725463867,0.2960089713335037,0,0,0,0.0833333333333333,1.31168,0.8220906857381745
88d6e80548d03340542017bb25d96114,CN1CCN(C(=O)c2cc3cc(Nc4nccc(-c5cc(OCC6CNC(=O)C6)ccn5)n4)ccc3[nH]2)CC1,0.6492000222206116,0.9627687335014344,0.2543408064679666,3.372173,-4.507340908050537,0.8668696999549865,0,0,0,0.3214285714285714,2.6660000000000004,0.3353913766111039
abd13ea5c8baee761a5ec08114a4d528,CCOC(=O)c1c2[nH]c(=N)c3ccccc3c2nn1-c1ccc(C)cc1,0.5489000082015991,0.972519874572754,0.2048226486552845,2.74926,-7.042617321014404,0.6762424826622009,0,0,0,0.15,3.471390000000002,0.5571810551703902
3f7b7570395cb86622c73b9ce712645a,O=C(NC(=O)c1cc(F)cc(F)c1)Nc1cccc(C2CN3CCSC3=N2)c1,0.6347000002861023,0.9175744652748108,0.2522691881114786,3.109531,-3.0077710151672363,0.761204183101654,0,0,0,0.2105263157894736,3.3862000000000014,0.8255679834760874
0b93578f09ba45af61d376e060538c21,Cc1ccc(S(=O)(=O)NC(Cc2ccccc2)C(=O)N2CCC(C3CCN(C(=O)c4ccc([N+](=O)[O-])o4)CC3)CC2)cc1,0.6674000024795532,0.9291781187057496,0.1287903961810198,3.129632,-10.63891887664795,0.922809636592865,0,1,0,0.4193548387096774,4.176820000000004,0.2836361975115697
ac70df62cd42e57e3be2c6901fde71ef,Clc1ccc2nc(CN3CCNCC3)oc2c1,0.3720999956130981,0.8211018443107605,0.0861091837286949,2.263051,-9.882363319396973,0.5078408479690552,0,0,0,0.4166666666666667,1.8863999999999996,0.8851210526170599
160a8de46cbc288226bba4cc69656685,CCOc1c(N2CCCC(N)C2)c(F)cc2c(=O)c(C(=O)O)cn(C3CC3)c12,0.9199000000953674,0.9984305500984192,0.1488211730664426,3.113678,-1.7595893144607544,0.1536767542362213,0,0,1,0.5,2.499900000000001,0.8154490123613207
245992e5849b5004364855b80e337958,COc1c(N2CCOC(CN(C)C)C2)c(F)cc2c(=O)c(C(=O)O)cn(C3CC3)c12,0.9125999808311462,0.9965651035308838,0.1791118308901786,3.214958,-4.780550956726074,0.0788688659667968,0,0,1,0.5238095238095238,1.9491,0.7661674580468999
3541f8a98f77dc19a8f702a0415f8581,CCCCCn1c(=O)c(-c2nc3ccccc3[nH]2)c(O)c2ccccc21,0.6287999749183655,0.9844768643379213,0.3238108239390633,2.264869,-11.029729843139648,0.9515608310699464,0,1,0,0.238095238095238,4.4406000000000025,0.5243304664947802
63584b4240dc7bde9a50a9dad139d406,Cc1cc(-c2nc(-c3cccc(Cl)c3)n3c2CCOC(C)C3)cc(C)n1,0.5934000015258789,0.9318450093269348,0.2921453836289319,3.220823,-6.03670597076416,0.8357430577278138,0,0,0,0.3333333333333333,4.843540000000004,0.6500086363532207
d12f4637309531f29526e6962b8182bd,O=C(NCC1CCCO1)c1ccc2c(=O)n(CC3CCCO3)c(=S)[nH]c2c1,0.4462999999523163,0.5494878888130188,0.1089503277431834,3.150325,-9.414450645446776,0.5426994562149048,0,1,0,0.5263157894736842,2.14689,0.7656466872795812
f4dfe33ac3b47985452ecbb12e79a2bf,O=C(Nc1ccc(Cl)c(C(F)(F)F)c1)C1CCN(C(=O)c2ccc(Br)cc2)CC1,0.7652999758720398,0.9592222571372986,0.207504194568504,2.040258,-10.685647010803224,0.8761724591255188,0,0,0,0.3,5.612200000000003,0.6090232852754773
03fb7a45e5ca7dc25ea97a8cc5c0329c,O=C(O)c1cc(C(=O)C2C(c3ccc(Cl)cc3)=NOC2c2ccc(Cl)cc2)ccc1O,0.7667999863624573,0.998024880886078,0.1738570503551851,3.191398,-8.815598487854004,0.1276643045246601,0,0,0,0.0869565217391304,5.371900000000004,0.50346102352703
8cc065a62a2a3dd7dbf5abbc5a889673,Cn1cnc2c(cnn2-c2ccccc2)c1=O,0.2829999923706054,0.7079058885574341,0.0973104257136583,2.02964,-5.843899726867676,0.0543272778391838,0,0,0,0.0833333333333333,1.1191999999999998,0.6244312513668687
a9991b0fde39e48e0b94b83d63c5239a,COc1ccc(-c2cc3c(s2)Cc2c(-c4ccc(OC)cc4)n[nH]c2-3)cc1,0.640500009059906,0.9687415957450868,0.4367078881372105,2.446938,-9.035901069641112,0.7492711544036865,0,0,0,0.1363636363636363,5.393600000000005,0.4584799630529624
2a0a7d08998e29aff7149c7fb2eea36f,Cc1cc(C)nc(NC(=O)CCc2cn(Cc3ccc(Cl)cc3)c3ccccc23)c1,0.555400013923645,0.9858232736587524,0.4955036464062604,2.200604,-9.824383735656738,0.9273866415023804,0,0,0,0.2,5.926140000000005,0.4225168498422457
625aa1e2ec408047ae7c64dc5f11b80b,CC(C)COC(=O)C(C#N)=Cc1c[nH]c2ccccc12,0.4690000116825104,0.9554927349090576,0.4807250892574137,2.349812,-3.3938698768615723,0.4299383670091629,0,1,0,0.25,3.2740800000000014,0.5254618809559626
966e1c74c14bcde875714a8e5d35817b,COc1cc(CCc2cnc3[nH]c(-c4c(F)cccc4F)cc3n2)cc(OC)c1,0.6207000017166138,0.9552241563796996,0.5172362381761725,2.635173,4.507712364196777,0.9391419172286988,0,0,0,0.1818181818181818,4.705500000000004,0.5138792016627234
618d298630348690863e1ffb87bf425d,COc1cccc(C(=O)N2CCN(C(=O)CCc3scnc3C)CC2)c1,0.3169000148773193,0.1883154213428497,0.0477220995605669,2.162802,-8.896845817565918,0.4515185832977295,0,0,0,0.4210526315789473,2.37732,0.8072738932458565
0284a1268039225a4adb07f6801fe5a0,COc1cc2c(cc1-c1c(C)noc1C)[nH]c1nc(C)nc(Nc3nn(C)c4ccc(F)cc34)c12,0.6233000159263611,0.9710295796394348,0.4390017552809281,3.099977,1.9479272365570068,0.961753523349762,0,0,0,0.2,5.469360000000003,0.3510803371244207
96d397679228a4eb133d65a9f22b0fe3,CCN(CC)CC(C)NC(=O)Nc1cc(C)on1,0.2897000014781952,0.3733033835887909,0.0790382685743018,2.810061,-11.258689880371094,0.3247278809547424,0,0,0,0.6666666666666666,1.8348199999999997,0.8122568041765567
df2891e2fc680d037966c59e08c3e878,CCC(C)Oc1cc2c(cc1OC)CC(=O)N(c1ccc(N(C)C)cc1)C2c1ccc(Cl)cc1NC(C)=O,0.6887000203132629,0.9674365520477296,0.4734057269313119,3.451787,0.0441606938838958,0.7413091540336609,1,0,0,0.3333333333333333,6.229000000000007,0.3700812108253202
c1df46d2613cffe0ba0fe01963b05880,CC1CN(C=O)CC(C)N1CCN1C(C)CN(C=O)CC1C,0.4436999857425689,0.572354257106781,0.0795176334636793,4.615191,8.167460441589355,0.6348162651062011,0,1,0,0.875,0.0884000000000033,0.6753360994140202
8898d4ca33b18e26ac95d0eb5c006341,Cc1cnc(CC(O)(C(=O)O)C(N)CC(C)C)cc1C=Cc1ccccc1,0.6097999811172485,0.9594785571098328,0.3450240221890536,3.602531,5.72714900970459,0.2567410483956337,0,0,0,0.3636363636363636,3.2920200000000017,0.6642759151075843
d0a5cee9cd770aa1e23a6e870ace4dfb,CCOC(=O)C1C2COc3ccc(Cl)cc3C2NC1(C)C(=O)Nc1cc(C)ccc1C(=O)OC,0.6804999709129333,0.9816559553146362,0.1640862246805971,3.907522,1.7771154642105105,0.732144832611084,0,0,0,0.4,3.664620000000002,0.6214096266152442
984c9ec979bafd57d7ed83dd8f1b262d,CCOC(=O)Cc1nn(CNC(=O)CCN2CCN(c3ccc(OC)cc3)CC2)c(=O)c2ccccc12,0.5396999716758728,0.7478945255279541,0.0640381014143878,2.50627,-11.217808723449709,0.923214328289032,1,0,0,0.4074074074074074,1.7967000000000009,0.4143539262242279
4d8536bcb290e54935273b6be468dfc2,Fc1ccccc1CSc1nncn1NCc1cccs1,0.3962999880313873,0.6859330534934998,0.0843093368140134,2.613408,-7.628833770751953,0.361534059047699,0,0,0,0.1428571428571428,3.5147000000000013,0.7058433767347623
e27cf8cf71adbd4b7ba97747fadc3603,COc1ccc(-c2cnc(-c3ccc(N4CCCC4)nc3)o2)cc1,0.5034000277519226,0.898892879486084,0.2845980687574906,2.1094,-4.198238849639893,0.6693102598190308,0,0,0,0.2631578947368421,4.012400000000003,0.7264266271909667
261c954e98699de5aec699229fcadc8d,COc1cc2c(Nc3cc(CC(=O)Nc4ccc(F)cc4)[nH]n3)ncnc2cc1OCCCN1CCC(CO)CC1,0.6141999959945679,0.9346047639846802,0.5424024503339421,2.781523,-7.418559074401856,0.9752214431762696,0,1,0,0.3793103448275862,3.8986000000000023,0.1891746355650923
c679b530eeee508c81a967e50a2726b6,C=CCN1C(=O)C(=Cc2ccc(-c3ccccc3)o2)SC1=S,0.5946000218391418,0.9774838089942932,0.226359676908363,2.298475,-7.882781028747559,0.4226583003997802,1,1,0,0.0588235294117647,4.333800000000003,0.4752426545994213
e5dbd6dcaffad18364e69c881e30a580,CC1OC(c2c(NC(=O)c3csc(-c4c(F)cccc4F)n3)cnn2C)CC(N)C1(C)O,0.6759999990463257,0.8629770874977112,0.2771714668382298,4.312973,5.703730583190918,0.7845372438430787,0,0,0,0.3809523809523809,3.0023000000000004,0.5479836262068821
9edd0cb89b0f705d4c078873677ba324,CC(C)(C)n1cc(C(=O)O)c(=O)c2cc(F)c(-c3ccccc3Cl)cc21,0.8313999772071838,0.9983564615249634,0.1992340345274318,2.422351,-6.67379093170166,0.103359755128622,0,0,0,0.2,4.914200000000003,0.6935828802943929
2d793e74b3d1eecc992d29dbd7541549,FC(F)Oc1ccc(C2COc3cc(Cn4cnc5cccnc54)ccc3O2)cc1,0.6363999843597412,0.9118386507034302,0.3711368062279441,2.951045,-9.96845531463623,0.9354235887527466,0,0,0,0.1818181818181818,4.593500000000002,0.4824744494724289
73234b868b830448f3b6590bb3d4c7eb,CC1=CC(c2ccccc2)Nc2n[nH]c(=S)n21,0.363099992275238,0.9539452195167542,0.18978068808263,3.597405,-7.439080238342285,0.0662036020308733,0,1,0,0.1666666666666666,2.9682900000000005,0.7580304115074965
38523ba038593cddaab6493b5e38f64b,C=C1CC23OC2(c2ccccc21)C1CC(OC(=O)C(O)C(NC(=O)NC(C)(C)C)c2ccccc2)C3(C)C1(C)C,0.7387999892234802,0.9881889820098876,0.3762084530158476,5.482009,12.968412399291992,0.7776891469955445,0,1,0,0.5151515151515151,5.245500000000004,0.3529262112150553
573dd6f116b3b9ed820b6e4535116808,O=C(O)CCCCOc1cccc(-c2cccc(Nc3nsc4cc(CNC(CO)C(=O)O)ccc34)c2Cl)c1,0.7335000038146973,0.9947157502174376,0.2552008825269612,3.234128,4.8188090324401855,0.7374488711357117,0,1,0,0.25,5.529100000000005,0.1239004672205829
86a852e33961eb10a41fddd2d32be39c,Nc1nccc(-c2sc(C3CCCCN3)nc2-c2cccc(NS(=O)(=O)c3cc(F)ccc3F)c2F)n1,0.72079998254776,0.97661554813385,0.3368297639218243,3.429801,11.492789268493652,0.7599697828292846,0,0,0,0.2083333333333333,4.882000000000003,0.3149559658915042
3ebc5a023b4a4dc0a0390ad1fea89ba9,O=S(=O)(O)Oc1ccc2ccc3ccccc3c2c1,0.4814000129699707,0.9641555547714232,0.2698286704041741,1.922193,6.463925361633301,0.2103251338005066,0,1,0,0.0,3.1746000000000016,0.5755669758744159
3973db5d9c702ac3dc4c5a58d5414213,Cc1ccc(S(=O)(=O)N2Cc3ccccc3-c3sccc32)cc1,0.571399986743927,0.9532276391983032,0.1539604899219491,2.300338,-2.579313278198242,0.7015154957771301,0,0,0,0.1111111111111111,4.432420000000003,0.6912244523308074
258803c1b0e0dc83d3b3ee81611d1315,CCc1cnc(CN(C(C)=O)C2CCN(CCc3ccccn3)C2)o1,0.3393000066280365,0.3452033102512359,0.0599558819085359,3.1309,-9.266834259033203,0.4511175006628036,0,0,0,0.5263157894736842,2.2975000000000003,0.7724961108696191
6bb76cf8e82d6dcb918ddd97a9012d30,CN(C)CCN(C(=O)c1ccc2c(c1)OCCO2)c1nc2c(Cl)cccc2s1,0.565500020980835,0.9142683744430542,0.3613686141642657,2.398103,-6.641777992248535,0.8863424777984619,0,0,0,0.3,3.929300000000003,0.6291890506441168
559be67af2df99932ad11acb0388a080,O=C(C1CCCN1)N1CCCC1P(=O)(Oc1ccccc1)Oc1ccccc1,0.3021000027656555,0.7146443724632263,0.1781626303087581,3.333123,-2.3381476402282715,0.6416405320167542,0,1,0,0.3809523809523809,4.038000000000003,0.741634365329007
ce771a8bd4d3eb94cba282cec381a778,COc1cc(C)c2c(=O)c3c(O)cc(OC)c(Cl)c3oc2c1,0.5985000133514404,0.9799188375473022,0.3066502023826946,2.499268,9.65011978149414,0.5656761407852173,0,1,0,0.1875,3.6308200000000017,0.7301331744912745
951dd8a06677d2fd342c813ca1cf0940,O=C(Cn1cc(COc2ccccc2C(F)(F)F)nn1)c1ccc(O)cc1,0.5644000172615051,0.9412736892700196,0.1729416068304669,2.317298,-7.910442352294922,0.2507688477635383,0,0,0,0.1666666666666666,3.4644000000000013,0.6659440780128576
fbc7d748e55498a8b85db084b8f1e9d8,C=CC(CCC(C)C1CCC2C3CC(=O)C4=CC(=O)CCC4(C)C3CCC12C)(OO)C(C)C,0.5920000076293945,0.8848877549171448,0.2895444435152141,4.890785,10.212958335876465,0.4788787126541137,0,1,0,0.7931034482758621,6.800200000000008,0.2598562348281381
970a893b406fdaed899d05d10924ae7b,CC(C)CS(=O)(=O)N1CC2C(C1)C2(CNC(=O)c1ccc(Cl)cc1Cl)CC1CC1,0.6565999984741211,0.8333101272583008,0.1630987927994945,3.69852,-2.758373498916626,0.8968807101249695,0,0,0,0.6666666666666666,4.057100000000003,0.6378837988923913
68c1b7e41df673749bd4be43e720c527,CCc1nc2c(OCCOc3ccc(F)cc3)cccn2c1N(C)C(=O)c1ccccc1F,0.4916999936103821,0.8500485420227051,0.1664433303204449,2.50056,-8.112082481384277,0.9787297129631044,0,1,0,0.2,4.909300000000004,0.3574243536541031
55b5745b4fbfe01fac15517777fd7e13,CN1CC(=Cc2ccc(C(F)(F)F)cc2F)C2=C(C1)C(c1ccc(C(F)(F)F)cc1F)N=C(N)N2,0.7681000232696533,0.9962518215179444,0.6078777069395239,3.73686,-4.109010696411133,0.945079219341278,0,0,0,0.2608695652173913,5.244500000000005,0.5524990349788936
6faa282575c7eb456e74b4cb421c353c,CNc1ncc2c(-c3ccc(N4CCNCC4)nc3)nn(Cc3cn(-c4ccccc4)nn3)c2n1,0.5608000159263611,0.953709065914154,0.3522837541320107,2.86584,-7.676998138427734,0.8833119869232178,0,0,0,0.25,1.968599999999999,0.3867229546483512
63f97712405de9cfc6bd41bbf8708f1c,Cc1ccc2oc(=O)c3cc(C(=O)NCCCN4C(C)CCCC4C)sc3c2c1,0.6054999828338623,0.8515135049819946,0.3445118178020824,3.328976,-10.257197380065918,0.9544246912002564,0,1,0,0.4782608695652174,4.698920000000005,0.4873859668938374
46b6f4318b082831a30e39b7bce57e95,O=S(=O)(NC1CCCC1)C1CCN(c2nc3cc(Cl)ccc3o2)CC1,0.6029000282287598,0.7683320641517639,0.1965877495028755,2.579145,-7.545677661895752,0.697460949420929,0,0,0,0.5882352941176471,3.312000000000002,0.876038243030142
7803fcfd4f82053c15dbe3c44982a961,CN(C)c1ncc(CN2CCC(Cc3ccccc3)CC2)s1,0.5099999904632568,0.733469545841217,0.1426392377100207,2.203836,-9.940400123596191,0.9575581073760986,0,0,0,0.5,3.663800000000003,0.8391437856224733
5760303e866464ae695f48cd812363da,CCn1c(C)csc1=NC(=O)c1ccccc1O,0.4769999980926513,0.9357895255088806,0.1768575073643164,2.40775,-8.280699729919434,0.1124536383897066,1,0,0,0.2307692307692307,2.324620000000001,0.9026800940900114
fdf2112fc10e02cc4d662b5b70ae9a7a,COc1ccccc1N1C(=O)CSC1c1cccc(Cl)c1,0.5009999871253967,0.93471097946167,0.2116960171948779,2.514039,-7.353455066680908,0.2828096970915794,0,0,0,0.1875,4.127200000000003,0.8517116600723307
2c91a51dbbbac7e67b12be40f8d4565d,N#Cc1c(N(CCO)CCO)nc(N)c2c(N)nc3c(c12)CC(=O)N3Cc1cccs1,0.6054999828338623,0.9138122797012328,0.4256789406592196,3.251647,-5.02692985534668,0.9062623620033264,0,0,0,0.3,0.6076800000000006,0.4123220125485944
c52eb0a943c801efe0725add972478b4,Clc1ccccc1C#Cc1[nH]nc2ccnc(OC3CCOCC3)c12,0.6395000219345093,0.9669572710990906,0.4017853493040258,2.98048,-3.5960028171539307,0.5485985994338989,0,1,0,0.2631578947368421,3.568900000000001,0.7154157740000393
5d67459896182957aca74682dd7f6b75,CCNC(=O)c1noc(-c2cc(C(C)C)c(O)cc2O)c1NC(=O)c1ccc(N2CCN(C)CC2)cc1,0.6485999822616577,0.927937150001526,0.1272053163159977,2.787273,-9.412842750549316,0.7217706441879272,0,0,0,0.3703703703703703,3.6300000000000026,0.3813492877616295
1851d28798f8a34f66d374442558a6d9,CC(=O)N1CC(=O)NC(=Cc2ccccc2Cl)C1=O,0.4350999891757965,0.7546619772911072,0.2058181105689569,2.499418,-7.735198020935059,0.026029947027564,0,1,0,0.1538461538461538,1.1857999999999995,0.7847818146791108
72012df0ca0e8a1629bfe98687da30e1,COc1ccc2c(c1OC)Oc1c(OC)ccc3c1C(=C2)N(C)C3=O,0.5130000114440918,0.9363296031951904,0.2681081701408733,2.827065,7.177670478820801,0.6979100823402404,0,1,0,0.2105263157894736,3.4018000000000024,0.8577079224368008
a933f7310ddebb1ff2a9801f3e0d894b,COc1cc(S(=O)(=O)c2ccc(N)cc2)ccc1N,0.4320000112056732,0.9091062545776368,0.1795078035105358,1.97127,-9.057774543762209,0.2346403151750564,0,1,1,0.0769230769230769,1.6924,0.8329396636701218
96e96ef70f4dfa6833d65fc7ba3c7ce5,COc1ccccc1N1CCN(CC(COc2cc(OC)c(OC)c(OC)c2)OC(=O)c2cc(OC)c(OC)c(OC)c2)CC1,0.5997999906539917,0.8478226661682129,0.4390597492456436,3.091448,-5.944328308105469,0.9473078966140748,0,0,0,0.4242424242424242,4.1734000000000036,0.2261269198751695
b942ee85f414351b08dc04b512520e64,O=C(Nc1cc2c(Nc3ccc(F)c(Cl)c3)ncnc2cc1OCCCN1CCOCC1)c1ccccc1,0.664900004863739,0.9590852856636048,0.5477428761395541,2.444999,-1.5510321855545044,0.9640321135520936,0,1,0,0.25,5.519300000000005,0.2727761702428083
7b0e8f0da66d946cc09ee748545fee01,COCCN1CCC2(COCc3cnc(N(C)C)nc32)C1,0.3587999939918518,0.6111407279968262,0.0769475774670189,4.031695,-6.501147270202637,0.5496364235877991,0,0,0,0.7333333333333333,0.6626999999999996,0.8125629022635836
093c319520248634af5181205fd032d8,CCCCNC(=O)N1CCC(CCC(=O)N(C)Cc2ccccc2)CC1,0.3980999886989593,0.3394981920719147,0.0452622009695253,2.05477,-9.812140464782717,0.9218123078346252,0,1,0,0.6190476190476191,3.646900000000003,0.7204984974919578
b2fd45d65867ec86d144c0bb874aa74e,O=C(O)CNC(=O)c1ccc(-c2c(CCc3ccc4ccccc4n3)nc3c(N4CCOCC4)ccnn23)cc1,0.6646000146865845,0.9368880391120912,0.1795177933844653,2.856093,4.075708866119385,0.6210377752780915,0,0,0,0.2333333333333333,3.380700000000002,0.3096137197583328
d9cfbee8d63b092bfb9aa121ec7930ee,Cc1ccccc1-c1cc(-c2c[nH]nc2-c2ccccn2)ccn1,0.5600000023841858,0.9887825846672058,0.2463379895145243,2.500302,-4.511691093444824,0.7214633822441101,0,0,0,0.05,4.509120000000004,0.6053457379566891
794fc28fbee40987afd9f20d3e53b00b,CN(C)Cc1ccc(-c2cccc(Nc3nccc(NCC(O)c4ccccc4)n3)c2)cc1,0.6596999764442444,0.9950494170188904,0.672691754319451,2.714641,3.746920347213745,0.9833796739578248,0,0,0,0.1851851851851851,5.094300000000005,0.3372006186314232
d6b5fee53bf35bcf5e70b7dd581be3d6,CC(NC(=O)c1coc(CN2CCN(c3cccc(C(F)(F)F)c3)CC2)n1)c1ccccc1,0.6089000105857849,0.8880031108856201,0.2454191182147372,2.753737,-9.43849277496338,0.9651221632957458,0,0,0,0.3333333333333333,4.506600000000004,0.5892400661403296
05c99c450c8d56bcb00a2b8e92637a6c,N#Cc1ccc(CC(=O)Nc2nnc(CCSCCc3nnc(NC(=O)Cc4ccc(C#N)cc4)s3)s2)cc1,0.4844000041484833,0.8050714731216431,0.2204605456102978,2.873954,-9.340180397033691,0.6942282080650329,0,1,0,0.2307692307692307,4.013760000000002,0.2385022642070212
e66ace3ab6b91178911ba4eeb0292f4e,CC1CCc2c(sc3nnnc(O)c23)C1,0.4467999935150146,0.8669766187667847,0.0485393980672667,3.462864,-7.834115028381348,0.043632304854691,0,0,0,0.5,1.9167,0.7379673434833532
de57de4a3368f2e722d01e801a693206,O=C(Nc1ccc(-n2ncc3c(Cl)cccc32)cc1)Nc1ccc(Cl)c(C(F)(F)F)c1,0.7703999876976013,0.998294711112976,0.7102788551287218,2.260667,-8.972516059875488,0.8255288004875183,0,0,0,0.0476190476190476,6.995100000000003,0.3425755670560629
4d29daed6ff3e9d9020a00cfa7772538,CCN(CC)c1cc(C)c2cc(NC(=O)C=Cc3ccccn3)ccc2n1,0.5960000157356262,0.9599477648735046,0.4963424544442784,2.452161,-9.75693416595459,0.8029787540435791,1,1,0,0.2272727272727272,4.436320000000003,0.6605279384472261
3d611fcd2660941ca81a428699fc1a37,CN(C)CC(=O)Nc1ncc(-c2ccccc2)c(C(C)(C)C)n1,0.4618000090122223,0.8379377722740173,0.2152115113355896,2.35334,-4.953521251678467,0.619609260559082,0,0,0,0.3888888888888889,2.941200000000001,0.9427948172789364
d5b83ed1f703a13fec4acd5920385d68,COc1cccc(-c2nc3ccc(Br)cn3c2NCCN2CCOCC2)c1OC,0.4298999905586242,0.7412949800491333,0.3810910257426175,2.53728,-8.716416358947754,0.9734659910202026,0,0,0,0.3809523809523809,3.525100000000002,0.5813226598745158
668d7bd1b03fec05b5d9ba342b91e9e5,c1ccc(-c2c[nH]c(SC(c3ccccc3)c3ccccc3)n2)cc1,0.5979999899864197,0.9913762211799622,0.3401828137311068,2.342068,-5.043309688568115,0.8970572829246521,0,0,0,0.0454545454545454,5.958400000000005,0.453414901043343
4e6b96b21c0d2f6448a4fe84bcac5260,O=C(CNc1ccc(OC(F)(F)F)cc1)NC12CC3CC(CC(C3)C1)C2,0.566100001335144,0.9398969411849976,0.2838547866452824,3.523611,-5.025516510009766,0.5273968636989593,1,0,0,0.631578947368421,4.082100000000003,0.8233521816580633
3b3925ae80414b4638d139124620e7c5,CC1=C(C(=O)NCCCN2CCC(c3ccc(F)cc3)CC2)C(c2ccc(F)c(F)c2)NC(=O)N1C,0.6419000029563904,0.9251496195793152,0.3775020106272264,3.014883,-5.511041164398193,0.950341498851776,0,1,0,0.4074074074074074,4.459900000000004,0.5521416212333979
65488701f46241de79bf37f32450f525,CN1CCN(C(=O)c2ccc(-c3cn4c(-c5ccc(C#N)cc5)cnc4cn3)c(O)c2)CC1,0.5501000285148621,0.8940120935440063,0.1896256188100034,2.66495,-3.940119981765747,0.892184579372406,0,0,0,0.2,3.0281800000000016,0.5280769936090594
c4b163482399d6fd7a826dfdcf075859,CN1Cc2nn(Cc3cccc(-c4cccc(C(F)(F)F)c4)c3)c(-c3ccccc3F)c2C1,0.6843000054359436,0.9792534112930298,0.4127647524530237,2.603596,-8.477076530456543,0.9680296540260316,0,0,0,0.1923076923076923,6.368700000000005,0.3364027122906572
c9e32d9583a20db43d04f35ecc6e42f9,O=C(NC(=O)c1cc(Cl)cc(Cl)c1)NC1CN2CCC1CC2,0.6672999858856201,0.8359254598617554,0.2817726934498006,3.488395,-5.4699387550354,0.6093304991722107,0,0,0,0.4666666666666667,2.527000000000001,0.8683013412554774
c0485165f0953e625b3dd9cd7a274916,O=C(NCCN1CCCC1)c1cccn2c1nc1cc3ccccc3cc12,0.5687999725341797,0.8651875257492065,0.2362671575763008,2.282402,-10.24053192138672,0.946200430393219,0,0,0,0.2727272727272727,3.466300000000002,0.6077091928058597
bc93b5fe588dc598d95a1b8ba2ae5206,CC(C)CC(NC(=O)C(Cc1ccccc1)CP(=O)(O)C(N)Cc1ccccc1)C(=O)O,0.5522000193595886,0.9204713106155396,0.2963462431322444,3.519272,10.218901634216309,0.2937223330140114,0,1,0,0.4166666666666667,3.258700000000001,0.3598959426138851
d02e4c0698ce7e4fffd7eb0d311b79fb,COc1c(C)cc(C(O)c2nc(-c3ccc(C(F)(F)F)cc3)c[nH]2)cc1C,0.6218000054359436,0.9695274233818054,0.4738119082017378,3.138833,-0.569896936416626,0.946464192867279,0,0,0,0.25,4.802640000000003,0.6875077193986227
a8bd4a198c69bb79b968b7f4a5a6355d,Fc1ccc(N2CC(Nc3nc(NC4CCC(F)(F)C4)nc(-c4cccc(C(F)(F)F)n4)n3)C2)cc1,0.7347999811172485,0.9879249930381776,0.5524991588159041,3.464418,7.354504585266113,0.9073212265968322,0,0,0,0.391304347826087,4.991900000000004,0.4534874876350168
14d5c31202445dc14b383c1cff66f6d5,CC(=O)NCCNc1cc(-c2ccccc2C)ncn1,0.3080999851226806,0.7092727422714233,0.0957614010707898,2.109819,-7.519022464752197,0.3320623397827148,0,1,0,0.2666666666666666,2.0000199999999992,0.8154872094841963
385fe82bf33f9f8f92f32848c6f5c234,Cc1ccc2c(c1)CCCN2C(=O)c1cnn2c1NC(=C1CC1)C=C2C(F)F,0.635699987411499,0.9041191935539246,0.3479839698834853,3.325256,-11.14285945892334,0.7996457934379577,0,0,0,0.3333333333333333,4.363920000000003,0.8394702293825883
65c91f8424bee32fd68310dac8db1272,CCS(=O)(=O)Nc1ccc(-c2nnc(SCC(=O)OC)o2)cc1,0.3943000137805938,0.6302923560142517,0.0491180734878236,2.268914,-8.358988761901855,0.0954630620777607,0,0,0,0.3076923076923077,1.7633,0.5892548863616573
fe3548a00e344ffebdacf01902e186ec,CS(=O)(=O)NC(=O)c1ccc(COc2cccc(-c3cnc(OCC4CCC4)c(CO)c3)c2)c(F)c1,0.6848000288009644,0.9762844443321228,0.174593099816279,2.631684,-0.6289670467376709,0.7180027604103089,0,0,0,0.3076923076923077,3.827300000000003,0.4226146301718619
d600f366392e66af44ee0d4a76f14fe2,Cc1nc(-c2cccnc2)nc2c1CC(=O)N2C(C)C,0.4332000017166137,0.6930646300315857,0.0954811933704398,2.62027,0.7268948554992676,0.1545163422822952,0,0,0,0.3333333333333333,2.14452,0.8369734681279799
87930972e1250c852928878a16535545,CC(C)c1nc(CN(C)C(=O)C2CC(=O)N(Cc3ccncc3)C2)cs1,0.466399997472763,0.3030716478824615,0.0440661322156136,2.976234,-9.1174955368042,0.4901570916175842,0,0,0,0.4736842105263157,2.6686000000000014,0.7818613579646949
0a71d3252c0f7ad6a84b362a7a2e76aa,CCOC(=O)c1ccc(NC(=S)Nc2ccc(Br)cc2N)cc1,0.6152999997138977,0.9868027567863464,0.247383604672822,1.929144,-6.274889945983887,0.5450058937072754,0,1,0,0.125,4.0169000000000015,0.4132944426822903
6469e20f5e150e26ad1235f0c1039786,COCC1CNC(C)CN1CC(=O)N1CC(C)(C)c2cnc(CC3CCCCC3)cc21,0.6614999771118164,0.7106055617332458,0.1591398858211257,3.885451,8.098597526550293,0.9236611127853394,0,0,0,0.76,3.1373000000000015,0.7544044030961561
e9ca1d4fc818aa2dca147ef2b311840f,Cc1ccc(C(=O)C=Cc2ccc3ccccc3n2)cc1,0.4568000137805938,0.9948537349700928,0.3039190403439782,1.896021,-5.561043739318848,0.4158042192459106,0,1,0,0.0526315789473684,4.439320000000003,0.5213699545125008
102e87097aeb9c5eaada0da5e2ce4fb0,CCN(CC)CCOc1ccc(C(c2ccc(OC)cc2)c2cccnc2)cc1,0.559499979019165,0.9797130227088928,0.5451812012629076,2.576517,-4.71956729888916,0.9541368007659912,0,0,0,0.32,4.991000000000005,0.4883640938876529
fa459e63033b204095b200db84c37a84,CC1c2c(-c3ccc(F)cc3)cnn2CCN1C(=O)Nc1ccccc1,0.4090999960899353,0.7157952189445496,0.1446548361669887,2.861215,-1.0485775470733645,0.766146469116211,0,0,0,0.2,4.297900000000003,0.7491406082442426
4949c151fcbf4883951402db5232a078,CCCCC(=O)c1ccc(OC(F)F)c(OC2CCOC2)c1,0.5878000259399414,0.8275693655014038,0.1683520583266561,2.766738,0.1823953986167907,0.2915150701999664,0,0,0,0.5625,3.8286000000000024,0.6841453215648482
ff53eb78c9d4e85df074e72044a72a83,COc1cccc(C(NC(=O)c2cccc(C(F)(F)F)c2Cl)C23CCC(CC2)CN3C)c1,0.7468000054359436,0.9791549444198608,0.4820505245165391,3.997034,2.487830400466919,0.9319038152694702,0,0,0,0.4583333333333333,5.712900000000006,0.6130487713151189
b1d0a034f917eee9d5f4fbbf00e4d974,N=C(N)NCC(=O)NCC1(Nc2ccc(Cl)c(Cl)c2)CCN(Cc2ccccc2)CC1,0.7231000065803528,0.967481791973114,0.3670675578442486,2.638654,-1.9861901998519895,0.88475421667099,0,1,0,0.3636363636363636,3.0393700000000017,0.3057850285897517
7eccd4681794984c66bb0f075198ac52,O=C1c2ccc([N+](=O)[O-])cc2C(=O)N1Cc1ccc(F)cc1,0.5192000269889832,0.943077564239502,0.1572994339195164,1.885999,-11.168389320373535,0.3387439996004104,0,1,0,0.0666666666666666,2.530100000000001,0.4953446611558219
54b03cc4d056f7bd9ebdd2dce3d23d94,COc1ccc(Nc2ncc(Cl)c(Nc3cccc(C(F)(F)F)c3)n2)cc1,0.6730999946594238,0.9960640072822572,0.6319346075708215,2.113623,-4.472726821899414,0.7790399551391601,0,0,0,0.1111111111111111,5.644600000000002,0.585699350929875
308f78662b2afe3052be8358d6f344b4,CCOc1ccc(OCC)c(NC(=O)CCc2nc3cccnc3n2-c2ccccc2)c1,0.4239000082015991,0.8032166957855225,0.2416943677447059,2.216564,-10.06020450592041,0.8866551995277405,0,0,0,0.24,4.789200000000004,0.4130863847948455
eeb165c00f5b659e0f1011ca67959504,COC(=O)SNN(C)S(=O)(=O)c1ccc2ccccc2c1,0.3833999931812286,0.8207541704177856,0.141862730410966,2.773677,-3.362853765487671,0.3120799392461776,0,1,0,0.1538461538461538,2.3795,0.528050844954443
b725f5d3aaef5592e2ef0c39cde4adaf,Cc1ccc(O)c2[nH]c(Cc3ccc(Cl)cc3)nc12,0.5435000061988831,0.9918606281280518,0.3821027102795514,2.172431,-5.9850969314575195,0.5821800231933594,0,0,0,0.1333333333333333,3.8211200000000014,0.7449618619415518
f865d511dc58932fe8ebad13d4e84492,Cc1oc2c(C)c(O)ccc2c(=O)c1-c1nncn1-c1ccccc1,0.4878000020980835,0.9101746678352356,0.1882474974475123,2.563758,-6.673467636108398,0.410258674621582,0,0,0,0.1052631578947368,3.363140000000002,0.6081464447965084
7a952bebd5ad70d28d8ba7d4b27291a8,CCN1CCC(N2CCN(C)C3(CCC(=O)N(CCOC)CC3)C2)CC1,0.421999990940094,0.5371091961860657,0.116170412522148,3.652733,3.23998761177063,0.8201711893081665,0,0,0,0.95,1.1158000000000017,0.7290515868965471
e965867c63b759bc7ff0c0a183e062a0,CC(C)(C)OC(=O)NCc1noc(-c2nn(Cc3ccc(-c4cn[nH]c4)cc3)c3ccccc23)n1,0.6169000267982483,0.9609089493751526,0.2020255652340975,2.730479,-8.12143611907959,0.9288954973220824,0,0,0,0.24,4.549400000000003,0.3722506686772585
47974942d9116f6c35f307ee65794fe9,CC12CC34C=CC(=O)C(C)(CCC(=O)Nc5c(O)ccc(C(=O)O)c5O)C3C(CC1C4)O2,0.8253999948501587,0.9916210770606996,0.0749159755015915,6.155088,7.964662551879883,0.0553520619869232,0,1,0,0.5416666666666666,3.2337000000000007,0.5156309305691356
fe83f7b82b579171fc1ed0762db882fc,Cc1c(C=NNc2ccc(C(=O)O)cc2)c2ccccc2n1C,0.4878999888896942,0.9644536375999452,0.121041785586964,2.133956,-9.093953132629396,0.2900355815887451,1,1,0,0.1111111111111111,3.6309200000000015,0.5711246468016848
f6271ad55752b28163cb5d61d6decc91,Cc1ccc2c(c1)CC1(CN2C)C(=O)N(c2ccc(Br)cc2)C(=O)N=C1O,0.5867000222206116,0.8943387866020203,0.1969905509190126,3.770875,-12.468582153320312,0.6073520720005036,0,0,0,0.25,3.8595200000000025,0.7490107225507524
88815b91bcb466516c4bf0a2e2eb7572,CCCC(=O)OCC(CO)OCn1cnc2c(F)nc(N)nc21,0.4679999947547912,0.6975519061088562,0.1999009956013072,3.405904,-8.360254287719727,0.4232703506946563,0,0,0,0.5384615384615384,0.2258999999999996,0.5210037657339686
3462a99511323649b8d3341ad0c303b3,COc1ccccc1CNC(=O)C(NC(=O)C1CCCCC1)C(C)C,0.3447000086307525,0.2193462252616882,0.1714740774848244,2.310619,-6.638587951660156,0.2829250335693359,0,0,0,0.6,3.0325000000000006,0.7973216919795714
b62148cae95c42dd33214256c2b9008b,O=C(CCC1(Cc2cccc3ccccc23)CCC(=O)N1)NCCCN1CCCC1=O,0.498199999332428,0.657936692237854,0.0911362608048048,3.012013,-5.211659908294678,0.7726319909095765,0,1,0,0.48,2.9400000000000013,0.6112972491746443
31a0359ac4d3b38033c37a605d911372,Cc1ccc(C(=O)NCCc2c[nH]c3cccc(Br)c23)c(O)c1,0.6394000053405762,0.9787446856498718,0.1821377724409103,2.234309,-4.709270477294922,0.7908453464508056,0,0,0,0.1666666666666666,3.916920000000002,0.6492043933645241
4d4e10b4440f11abb24f40a904044513,CN(C(S)=Nc1cccnc1)c1ccc(O)cc1,0.3513999879360199,0.8969762325286865,0.2208780707283453,2.781725,-10.06776237487793,0.335400515794754,0,1,0,0.0769230769230769,2.8409000000000004,0.4951144112040792
c2305cfe9c3a0e2b85883b2603578f9e,O=C(c1ccccc1-n1cccc1)N1N=C(C(F)F)CC1(O)C(F)F,0.4871000051498413,0.696122407913208,0.2407924736087972,3.435087,-8.955965995788574,0.6460077226161957,0,0,0,0.25,2.8980000000000015,0.8577322578962562
559d02dbbc1f6c3f27b488712f08f601,CCn1nc(C)c(NS(=O)(=O)c2cn[nH]c2C(C)(C)C)c1C,0.4088999927043915,0.6473079919815063,0.0295200309165838,2.80028,-7.433180332183838,0.120048401132226,0,0,0,0.5714285714285714,2.34124,0.902110231180306
c11dc3c3645752279de6eb8f544c6469,CC(NC(=O)CNC(=O)c1cccs1)c1cccc(C(F)(F)F)c1,0.486299991607666,0.7051936388015747,0.1606104978444901,2.484937,-10.772602081298828,0.5688345193862915,0,0,0,0.25,3.374100000000001,0.8629465366005795
388a5707ecaf9418934828b28f37dd2b,CNC(=O)c1cc(S(=O)(=O)N2CC(C)OC(C)C2)ccc1N1CCCCC1,0.5241000056266785,0.2798362970352173,0.0735889544541185,2.984822,-6.955005645751953,0.6345465004444122,0,0,0,0.631578947368421,1.8343999999999996,0.841531449903671
41305c06fd412b74d116ec7f16196383,CC(C)c1ccc(SC(F)(F)C(=O)N2CCOCC2)cc1,0.5130000114440918,0.7809993624687195,0.1797408131374554,2.492359,-8.641661643981934,0.2126210205256939,0,0,0,0.5333333333333333,3.3537000000000017,0.7981048693939725
a3bc7e6711aa0c7501766e332be54889,CCCS(=O)(=O)N1CCc2cc3cccc(C)c3nc21,0.4569999873638153,0.5998759865760803,0.0945083070546388,2.522422,-9.140655517578123,0.5309417247772217,0,0,0,0.4,2.645520000000001,0.8728989069892218
2642cf695399cb3c17c7f21b9a00cad3,COc1cccc(NC(=O)Cc2c(C)[nH]c3c(-c4ccccc4)c(C(F)(F)F)nn3c2=O)c1,0.6104000210762024,0.957788348197937,0.3049210174517198,2.655512,-8.594444274902344,0.921967041492462,0,0,0,0.1739130434782608,4.206620000000003,0.4710976378039091
6113626509f2f7e8e07fd4a655d2ae63,CC1CN(C(C)CO)S(=O)(=O)c2ccc(C#CC3CC3)cc2OC1CN(C)Cc1ccccc1,0.6898999810218811,0.831949770450592,0.1133440732955932,3.806179,2.3865091800689697,0.9147780418395997,0,1,0,0.4814814814814814,3.348700000000002,0.63979197606274
9d937c387c5a349826a3cea3b008298b,COc1c(Br)cc(F)cc1CCNCc1ccccc1O,0.5914999842643738,0.909378707408905,0.3709233118729158,2.145849,-11.103830337524414,0.9686885595321656,1,1,0,0.25,3.634700000000002,0.7787405410869592
dc1d2b8c8dd7cd22b9a5f2a7299f6e7b,CCCCCc1ccc(-c2cn(C3C4=C(OC3(C)C)c3ccccc3C(=O)C4=O)nn2)cc1,0.6675999760627747,0.9857510924339294,0.3271696079861034,3.289816,2.280229091644287,0.5890941619873047,1,1,0,0.3333333333333333,5.204400000000006,0.3880367817094769
39fc1b15b9598a252cc1c3f695420d0c,Cc1cc(OCc2ccc(-c3ccccc3C(=O)O)cc2)c2ccccc2n1,0.6776000261306763,0.98855060338974,0.1439093022861264,1.898561,-5.602897644042969,0.3024884164333343,0,0,0,0.0833333333333333,5.487420000000004,0.5054277303945154
20ede428e4a1856c76d7a08fe7e5f022,COc1cc(C(=O)OCCCCCOC(=O)c2ccc(O)c(OC)c2)ccc1O,0.421999990940094,0.9480316042900084,0.1583361273462122,2.089356,10.882558822631836,0.7254882693290711,0,1,0,0.3333333333333333,3.2991000000000024,0.4582873815989037
f1b90726aff89c3f3e1555117d1c369f,CS(=O)(=O)c1ccc(-c2c(O)nc(Cc3ccc(O)cc3)nc2-c2ccc(F)cc2)cc1,0.6255999803543091,0.98457133769989,0.232340931892395,2.405454,-5.506548881530762,0.7743455290794372,0,0,0,0.0833333333333333,4.355200000000003,0.4687716818064474
bd305a735803a63f97d9a11394477ad0,NC1CCN(c2nnc(Sc3cccc(Cl)c3Cl)s2)CC1,0.6086000204086304,0.954080045223236,0.2400344451042738,2.599629,-11.748482704162598,0.4708514392375946,0,0,0,0.3846153846153846,3.923600000000002,0.8979760909372845
bb0d956d60404aa3722dcbfa1ecabe84,COc1cc(OC)cc(-c2nc3ccc(OCCN(C)C)c(C#N)c3[nH]2)c1,0.4787999987602234,0.9201104640960692,0.4279875443740324,2.590629,-8.591710090637207,0.9653135418891908,0,0,0,0.3,3.0591800000000005,0.6918648994139038
5df2b87f0b82aeaecb26e33252efe82c,O=C(C1CCC1)N1CC(c2ccsc2)C2CN(C3CCCCC3)CCC21,0.5532000064849854,0.453029453754425,0.1280705122785135,3.63886,-9.311195373535156,0.8945130228996276,0,0,0,0.7727272727272727,4.497200000000005,0.7799641533382519
2aad1db852a01adc3dca1f8e6840ffab,Cc1ccc(C)c(N2CCN(C(=O)C3CCN(S(=O)(=O)c4ccc5[nH]c(=O)oc5c4)CC3)CC2)c1,0.6338000297546387,0.697996973991394,0.0683441925793886,2.512427,-10.88687229156494,0.7972472906112671,0,0,0,0.44,2.4874400000000003,0.5923957947792617
12242b5b20902beb75ae49383f2515d1,Cc1nc2c(ccc3ccccc32)c(O)c1CN(C)Cc1ccccc1,0.6306999921798706,0.990455448627472,0.3279531625184146,2.201017,-7.976890563964844,0.9697333931922912,0,1,0,0.1739130434782608,5.034020000000004,0.5282397381122534
a38461ff1ceba7d239f243cbe05383e3,CCCn1nc(NC(=O)CC(C)C)c2cc3ccccc3nc21,0.4151999950408935,0.761052131652832,0.225965256718072,2.292431,-9.586464881896973,0.7282498002052307,0,0,0,0.3888888888888889,3.9791000000000034,0.7751491939298184
313b56cd67f815cdc97171ce3f4c9ce5,CC(C)N(CCOc1ccccc1N=C(Nc1ccccc1)c1ccccc1)C(C)C,0.492000013589859,0.979256272315979,0.5950078503652052,2.354036,-3.725175142288208,0.983613097667694,0,1,0,0.2962962962962963,6.374600000000006,0.3255932821999847
e25378a8ea59aade26e6fa7541d223d6,O=C1Nc2ccc([N+](=O)[O-])cc2C1=Cc1cccnc1,0.5164999961853027,0.9717999696731568,0.3074276460842652,2.295205,-7.084597587585449,0.2352176532149315,0,1,0,0.0,2.4825,0.514265146693078
4459f2f715e4205f51cc3ae16e62949b,CC(C)(C)C1=NC(=P(c2ccccc2)(c2ccccc2)c2ccccc2)C(=O)O1,0.5390999913215637,0.9775585532188416,0.3077254918488589,2.965197,-5.172578811645508,0.4289117038249969,0,1,0,0.16,4.111800000000002,0.4893988572450422
dd3f5ac0d348b1b67fa1c812a5abebdb,Cn1cnc2nc(-c3ccc(Cl)cc3Cl)nn2c1=S,0.4736999869346618,0.9186036586761476,0.1315772956745191,2.701559,-8.529446601867676,0.0831406958401203,0,1,0,0.0909090909090909,3.1660900000000014,0.6476514541537206
d2e79f58fbc09f21bf6014ac720db87c,COC(=O)c1cc(OC)cc(O)c1C(=O)c1c(O)cc(C)c(C2=CC(C)(C)Oc3c(CC=C(C)C)cc(O)cc32)c1O,0.7702999711036682,0.9978668093681335,0.3770178285512057,3.489955,12.300257682800291,0.7859473943710327,0,1,0,0.2727272727272727,5.955020000000007,0.1527855360915437
0e0e667d85d4af3d43254703ce568846,CC(C)(C)OC(=O)N1CCOCC1c1nc(-c2cccnc2)cs1,0.4697000086307525,0.6612920165061951,0.1294060024348172,2.992293,-3.0148961544036865,0.1865741148591041,0,0,0,0.4705882352941176,3.5135000000000023,0.8316018901366834
416a451bea08931b198dbf15699e3bec,C=C1C(=O)OC2C1CCC1(C)C(O)CCC(C)(O)C21,0.557699978351593,0.9071369171142578,0.364573362198743,4.469126,10.345784187316896,0.1032878056168556,0,1,0,0.8,1.4062,0.5136585109604442
d38f4d4832d5d8aaaa8ac3b6ccbbd400,CN(C(=O)C1CCCC1)c1cccc(C#N)c1,0.2768999934196472,0.4419422447681427,0.0401627475141801,2.111902,-8.581579208374023,0.2949429184198379,0,0,0,0.4285714285714285,2.7112800000000012,0.7807741336723306
fa989af94f9003648a107465508e8522,Cc1cccc(Sc2c(C(C)C)c(=O)[nH]c(=O)n2OCCCO)c1,0.460999995470047,0.925038993358612,0.2967080995440483,2.896157,-2.9542996883392334,0.3649929523468017,0,1,0,0.4117647058823529,1.9306199999999996,0.588746408166842
0a23a654dc0cc35d379acb1e8489cf09,O=C(C=Cc1cccc2c1ccn2S(=O)(=O)c1ccccc1)NO,0.5716999769210815,0.970760703086853,0.2191914604468779,2.291927,-7.943632125854492,0.2092468321323394,0,1,0,0.0,2.3968999999999996,0.432826788031047
5d553d66de3333a2e0dcea268bb09262,CCc1cccc(NC(=O)C2CSc3c(C4CC4)c(Cc4cccc5ccccc45)cc(=O)n32)c1,0.7249000072479248,0.9820002317428588,0.261166249486533,3.158534,-3.7874019145965576,0.7484572529792786,0,0,0,0.2666666666666666,6.317600000000006,0.3514399484252766
b28bdb0fda0f38f6edb0a13295ff01e0,Cc1ccc(C2(c3ccc(C)cc3)CC(=O)N(CC(O)CN3CCC(C#N)(c4ccccc4C)CC3)C2=O)cc1,0.5374000072479248,0.9358137249946594,0.3045735643668608,3.407677,-4.142581939697266,0.9703529238700866,0,1,0,0.3823529411764705,4.575140000000004,0.4481187836426489
fd1c8c26ff7ccd8bfbcaae790ef14c7a,N=C(N)c1ccc(-c2sc(-c3ccc(C(=N)N)cc3)c3c2OCCO3)cc1,0.7067999839782715,0.9899520874023438,0.397000941363248,2.617065,-5.098799228668213,0.6539668917655945,0,1,0,0.1,3.421440000000002,0.4107443220040526
f039c3fa354d147062e1979ce187bceb,COc1c(N2CCN(C)C(c3ccccc3)C2)c(F)cc2c(=O)c(C(=O)O)cn(C3CC3)c12,0.9003999829292297,0.9980583190917968,0.1849577730013565,3.085593,-2.8662631511688232,0.3292028218507766,0,0,1,0.36,3.6754000000000024,0.6380833394136648
bc90b4073cac02f1327eaa6e9400af3b,NC(=O)c1ccc(-n2cc(CNC(=O)c3c[nH]c(-c4ccccc4)n3)nn2)cc1,0.3937000036239624,0.4987978339195251,0.1091331106356599,2.585423,-9.50183391571045,0.4931457340717315,0,0,0,0.05,1.6862999999999997,0.4631419334486814
d1d0b10c0c28f767d31644f290c660a2,c1ccc(-c2cc(Cn3ccnc3)cc3cccnc23)cc1,0.5187000036239624,0.9748388528823853,0.2313671342351219,2.111302,-5.773855209350586,0.9050286531448364,0,0,0,0.0526315789473684,4.146600000000003,0.5659712221361547
3318c9a0c7e82fc40991043ed687ef18,CC1CCN(Cc2ccc(-c3ccc(CC(=O)NCCc4ccc(O)cc4)cn3)cc2)CC1,0.6071000099182129,0.9513879418373108,0.2107941792769865,2.181381,-9.078169822692873,0.8707159042358399,0,0,0,0.3571428571428571,4.587500000000004,0.5345635846373376
4674c0c66ee34ca03dded02e15ac666f,C=CCN1CC(C)N(C(c2cccc(O)c2)c2cccc(C(=O)N(C)c3ccccc3C(F)(F)F)c2)CC1C,0.7580999732017517,0.990675449371338,0.3005475212227214,3.794488,-4.446220874786377,0.9903772473335266,0,1,0,0.3225806451612903,6.357600000000008,0.356642613443947
4c93dbbcba87e0064e6db7044b25d7f2,CCOc1ccc2cc(C3CC(c4ccc([N+](=O)[O-])cc4)=NN3C(=O)CCCC(=O)O)c(Cl)nc2c1,0.6309999823570251,0.9650741219520568,0.1675633043050766,3.098467,-6.186208724975586,0.3391447216272354,0,1,0,0.28,5.127700000000004,0.2392890593398593
7989022afb8e67630fc882e9d7b8ba35,CCCS(=O)(=O)N1CCCC(C(=O)NCCOC)C1,0.2831000089645386,0.2104397565126419,0.0128616201902993,2.580667,-10.272448539733888,0.2009639382362365,0,1,0,0.9166666666666666,0.2008000000000007,0.6802321741483137
b6ec1057b75b068289a4bfc33cc69a3b,O=S(=O)(CCc1ccccn1)NCC1CCCCCCC1,0.4022000133991241,0.5821029543876648,0.1654975448142398,2.171548,-10.76743984222412,0.3515309646725654,0,0,0,0.6875,2.9040000000000017,0.8786379953087832
3c3f4c3c9ff0b40c2993870051e688d1,Fc1ccc2nc(NC3CC(Oc4nccnc4C4CCOCC4)C3)sc2c1,0.5971999764442444,0.9505391120910645,0.2858320650729266,2.828288,-10.006235122680664,0.6950586676597595,0,0,0,0.45,4.141300000000003,0.6941662897484167
88f4e941281d8c8420bc302199042071,Cc1ccc2oc(-c3ccc(NC(=O)c4ccc(Cl)c(Cl)c4)cc3)nc2c1,0.597599983215332,0.9715155363082886,0.3685501590371132,1.921582,-11.662413597106934,0.5956053972244263,0,0,0,0.0476190476190476,6.362320000000002,0.4375422340438856
f7946ac593f4ab443392e5cc19a66ef2,O=C1C(=O)N(Cc2c(F)cccc2F)c2c(Cl)ccc(Cl)c21,0.7286999821662903,0.990794003009796,0.2818377790125934,2.3638,-8.395167350769043,0.5144316017627716,0,1,0,0.0666666666666666,4.001100000000002,0.7739196533554231
8b1a47d686bd02b0bc225d65508316be,CCCCC(OC(=O)CN1CCN(C)CC1)c1ccccc1C(=O)OC1COC2C(O[N+](=O)[O-])COC12,0.675000011920929,0.8985266089439392,0.2243944525041363,4.248125,4.12738561630249,0.8410423040390015,0,1,0,0.68,1.608400000000001,0.2391090399468562
29d092648c926e287da465df13ae5478,Cc1cc(-c2csc(NC(=O)c3ccc(=O)n(C)n3)n2)c(C)n1CC1CCCO1,0.5166000127792358,0.7630932331085205,0.2013227892192927,3.062833,-10.075035095214844,0.6969762146472931,0,0,0,0.4,2.753440000000001,0.694518441603599
2b7dfedfff31b82dfb8c693a28972b3e,CCCCc1ccc(S(=O)(=O)N2CCCC(c3ccc(C(C)C)cc3)=N2)cc1,0.6284999847412109,0.94147127866745,0.1941729851744391,2.36763,-6.959770202636719,0.8619898200035095,0,0,0,0.4347826086956521,5.3414000000000055,0.6318222057696509
7e4e0bf8e7f63a3e2ef44155e17ae79e,CSc1ccc(-n2ncc(-c3ccc(Cl)cc3)n2)cc1,0.4293000102043152,0.9472810626029968,0.1238857702436772,2.168103,-10.489782333374023,0.1276072204113006,0,0,0,0.0666666666666666,4.309600000000003,0.675421321506897
ed3c47784a89cfd0751fb29ce77a4a0a,CN(C)CCc1cn(Sc2ccccc2)c2ccccc12,0.4885999858379364,0.9757959842681884,0.5311823812398043,2.418094,3.435760498046875,0.9318501353263856,0,0,0,0.2222222222222222,4.300800000000003,0.6933659879419718
82e0c0785a83bdd464ce438b90171dcf,Cc1ccc([N+](=O)[O-])cc1S(=O)(=O)N1CCCC(c2cnn3ccc(Br)cc23)C1,0.6225000023841858,0.8551248908042908,0.189947634935379,3.158337,-8.948006629943848,0.901969027519226,0,1,0,0.3157894736842105,3.881720000000003,0.4179956401611187
42c17602a58eb99d2ad09ed9a2a53874,Oc1cc(NCC2CCC2NCc2ccc(Cl)c(Cl)c2)nc2ccccc12,0.7710999846458435,0.9971373081207277,0.6035362644629045,3.169298,1.2202706336975098,0.9250102519989014,0,0,0,0.2857142857142857,5.227500000000004,0.5287581863034554
eb5b341e1cb129c9e977ba39815c6845,COc1cc2nc(CN3CCC(C(N)=O)CC3)[nH]c(=O)c2cc1OC,0.4086999893188476,0.3907222747802734,0.108740497380495,2.274026,-6.215991497039795,0.4621587097644806,0,0,0,0.4705882352941176,0.6375999999999997,0.8217936934982157
6730e4d3c8942a9d7508ece0b8cf35bd,Cc1c(O)ccc2c1oc(=O)c1ccccc12,0.4203999936580658,0.9807924032211304,0.2563502172177488,1.998672,7.907838821411133,0.3218053370714188,0,1,0,0.0714285714285714,2.9602200000000005,0.4732805653306786
6314fe195ead070e87c7098333ea7aa2,Cc1cccnc1NC1=NS(=O)(=O)c2ccccc21,0.36039999127388,0.7623130679130554,0.110208123922348,2.402069,-11.964959144592283,0.2646161526441574,0,0,0,0.0769230769230769,1.95102,0.8616922698522501
ce09f4069e21e43c129e890806011bc9,O=C1OC(COc2ccsn2)CN1c1ccc(C2=CCOCC2)c(F)c1,0.7773000001907349,0.8787270784378052,0.2107336328110911,3.673095,0.7211869955062866,0.3325293093919754,0,0,0,0.3333333333333333,3.490100000000002,0.7994535154187762
818603b12e64d0c7df9c994731e43d72,Cc1cc(Cl)c(OCCOc2ccc(N3C(=O)CNCC3C(=O)N(Cc3ccccc3Cl)C3CC3)cc2)c(Cl)c1,0.7400000095367432,0.9831771850585938,0.4675944555889476,3.216923,-9.190194129943848,0.9153539538383484,0,1,0,0.3333333333333333,5.909020000000005,0.2923773815531061
3d74a75a923490440e3c478a3a290968,CNc1nc(Nc2cnc(-n3cnc(C)c3)c(OC)c2)nc2c1C(C)(C)CN2c1ccc(F)cc1F,0.7019000053405762,0.9567798376083374,0.6904620948162946,3.231533,2.5994699001312256,0.9685500860214232,0,0,0,0.28,4.867120000000004,0.3940242670160372
0b996c0e198e9097fbfd6c20bfcbab59,O=c1[nH]c2cc(Nc3cccc(C(F)(F)F)c3)ccc2n1CC1CCCCC1,0.6830000281333923,0.992646098136902,0.5463678240776062,2.333433,-3.366758108139038,0.962767219543457,0,0,0,0.3809523809523809,5.6723000000000035,0.6037904529358049
2a456b283d295b3b65227c68a03fe00a,CN1CCN(C2CCN(c3cnc4ccccc4n3)CC2)C1=O,0.4844000041484833,0.446957379579544,0.1147448999637907,2.402505,-5.292267322540283,0.6077579498291016,0,0,0,0.4705882352941176,1.9659999999999995,0.850680522794032
eddd121cb02f6f2b0db5323bceade669,COc1c(N2CCN(Cn3c(O)c(N=NC(=N)S)c4cc(Cl)ccc43)C(C)C2)c(F)cc2c(=O)c(C(=O)O)cn(C3CC3)c12,0.8865000009536743,0.9981366395950316,0.2215885035693645,4.081702,-0.1265529096126556,0.4810254126787185,1,1,1,0.3448275862068966,5.6124700000000045,0.0886635793722249
00ab65596d8e29115153a8ba9f39b6c0,c1cnc(-c2c[nH]c3nccc(N4CCCC5(CCCCN5)C4)c23)nc1,0.6434000134468079,0.9247820377349854,0.5684659250757911,3.861646,5.429592132568359,0.915060007572174,0,0,0,0.45,3.1324000000000014,0.7445148758177575
11ce740b75ec801b235b08ab18593c7e,CC(=NNC(=O)c1ccccc1)C1C(=O)NC(=O)NC1=O,0.3630000054836273,0.8500733375549316,0.0615728578784249,2.441432,-7.277504920959473,0.0177048391662538,0,1,0,0.1538461538461538,-0.2255000000000001,0.4045205800902949
eb8fa31207faa5e558cc66966566e683,COc1cccc(-n2nc(NC(=O)C3CNC(=O)C3)cc2-c2cccc(COCC(F)(F)F)c2)c1F,0.6200000047683716,0.920934557914734,0.3168703873049129,3.348064,-5.646341323852539,0.6327316641807557,0,0,0,0.2916666666666667,3.8405000000000022,0.4531178789220664
7d8772a6b9e42b0452ec1ae8612c1bdc,COC(=O)c1ccc(O)c2ncc(-c3ccc(C(=O)NCCCN(C)C)cc3)cc12,0.6549999713897705,0.9276323914527892,0.1659536531025713,2.254671,-7.209925174713135,0.873304831981659,0,1,0,0.2608695652173913,3.075500000000001,0.4619930555793878
4fdb14b8b065cdaea320a0027299ddb2,COc1ccc(-c2ccc3nc[nH]c3c2)c(C)c1,0.4573000073432922,0.9456483125686646,0.2454732697118412,1.995451,-5.524357795715332,0.71733717918396,0,0,0,0.1333333333333333,3.546920000000001,0.7410413120126714
4713607b0bf4b43b25b096281f464cf6,O=C1CCC(=O)N1CCCCN1CCN(c2cccc(Cl)c2)CC1,0.5770000219345093,0.8002170920372009,0.3875480240041559,2.077444,-8.37963581085205,0.8310651898384094,0,1,0,0.5555555555555556,2.3912000000000004,0.5840344642274112
9f9c7c7e52140447eef5c5d6e1294382,Cc1ccc2c(c1)CC(=O)NC21CCN(CCc2noc3ccccc23)CC1,0.5126000046730042,0.8375920057296753,0.1971851404417645,3.188711,-4.471780776977539,0.8820905804634094,0,0,0,0.391304347826087,3.342320000000002,0.762787323949733
f0bc17db29d2a1ad8dd34a32d272a160,O=C(C=Cc1cccc(Br)c1)c1ccc2ccccc2c1,0.4805000126361847,0.9963191747665404,0.3675409799272364,1.846213,-7.268272399902344,0.4648468017578125,0,1,0,0.0,5.498400000000004,0.4556271881990986
c820807d6420e5bc432fd69041a0b4e0,O=C(Nc1cccc(O)c1)c1cccc(OCc2c(Cl)cccc2Cl)c1,0.6141999959945679,0.9903464913368224,0.3576824258674275,1.871436,-8.033432006835938,0.8261897206306458,0,0,0,0.05,5.530300000000003,0.6042999852581066
1e763b8331806212564565dfc97b8f48,O=C(CN1CCC(F)(F)CC1)Nc1cn2nc(-c3cccc(C(=O)NCc4cc(OC(F)(F)F)ccc4F)c3F)ccc2n1,0.6775000095367432,0.9729575514793396,0.3054901266639883,3.11025,5.055668830871582,0.9571555972099304,0,0,0,0.2857142857142857,5.172700000000004,0.2626017248935854
7595dde09d43795147ec55ba0617b588,COc1ccc(O)c(C(=O)c2cnc3onc(C(C)C)c3c2)c1,0.5778999924659729,0.9657321572303772,0.2470839638262987,2.515992,-3.1545732021331787,0.3089599132537842,0,0,0,0.2352941176470588,3.291400000000002,0.7439881434827358
4472cce74401d2a88c2f79b9cba77076,CC(=O)N1CC2C(C1)C2Nc1ncc2c(n1)CN(C(=O)NC(CO)c1ccccc1)C2(C)C,0.5701000094413757,0.6672071814537048,0.0822036179967902,4.121819,-3.989334344863891,0.3447003364562988,0,0,0,0.5,1.8591,0.6413957053793335
6c5c16108873d2fb654cd792273dd845,Cc1cc(C)c(C#N)c(SCC(=O)N(CCC#N)c2ccc3c(c2)OCCO3)n1,0.4914999902248382,0.9567345976829528,0.1187181503257968,2.710993,-10.83920192718506,0.8072215437889099,0,0,0,0.3333333333333333,3.380300000000002,0.6756393811732193
1ea5ea1e32a43b8a3efd48ea198883da,CC1=CC(=O)C(O)C2(C)C1CC1OC(=O)C(O)C3(O)C(C)C(O)C(O)C2C13C,0.6563000082969666,0.9873896241188048,0.1638708527792584,5.404148,8.573088645935059,0.0456494903191924,0,0,0,0.8,-1.0861000000000005,0.3250952347612719
96571b111e87516933642633facecfc3,O=C1c2ccccc2-c2c1c(-c1ccc(F)cc1F)nc1cccnc21,0.5986999869346619,0.8546808362007141,0.4180533235723322,2.346977,-4.541487216949463,0.6915302515029907,0,0,0,0.0,4.786400000000002,0.4391749323916252
8839b6490947714134ec20c1bf95f42e,CCCSP(=O)(OCC)Oc1cnn(-c2ccc(Cl)cc2)c1,0.4727999866008758,0.8535731434822083,0.2289020405574278,3.240553,-7.999483108520508,0.2604448437690735,0,1,0,0.3571428571428571,5.192300000000004,0.6060032656540046
e47f5474c5c2f6c7f1b167fe1485c77a,CCn1ccc(NS(=O)(=O)c2cccc(COC)c2)n1,0.3305999934673309,0.4489845037460327,0.0399605809626254,2.190614,-8.30282974243164,0.0293051730841398,0,0,0,0.3076923076923077,1.8502,0.882383817813186
773a9eb500e882f036f4e5457db80009,Cc1cc(N2C(=O)CCCC2=O)c2oc(-c3ccc(O)c(O)c3)c(O)c(=O)c2c1,0.6607999801635742,0.9737640619277954,0.1621273905038833,2.75034,4.575045108795166,0.3779390692710876,1,1,0,0.1904761904761904,2.928720000000002,0.4494206415937423
3f64a24ad5c99ea9fe8d570f2c3c6cbd,NC(Cc1ccc([N+](=O)[O-])cc1)=NOC(=O)c1ccc(Br)cc1,0.5188999772071838,0.9895507097244264,0.2772014493292028,2.176597,-11.466063499450684,0.5886830747127533,0,1,0,0.0666666666666666,3.0290000000000017,0.2829176074941997
2f6f59565b1ed9b65629ece5f22f788e,CN(C)C1C(O)=C(C(N)=O)C(=O)C2(O)C(O)=C3C(=O)c4c(O)ccc(Cl)c4C(O)C3CC12,0.8037999868392944,0.9993372559547424,0.1675782851366834,4.531949,12.892212867736816,0.1608913689851761,0,1,1,0.3809523809523809,0.2649000000000006,0.3342986617953946
b697d76b3e66f2512ec31ffb1d8a6404,Fc1ccc(F)c(CNc2ccc(Cl)c(-c3ccnc4[nH]c(C5CCNCC5)cc34)n2)c1,0.691100001335144,0.9953322410583496,0.7477795915170149,2.880091,5.6954345703125,0.9465887665748596,0,0,0,0.25,5.635600000000005,0.3658574600396017
2ead632b6a61755e81dcdcd0a5c65c51,CS(=O)(=O)NNS(=O)(=O)c1ccc(F)cc1,0.3481000065803528,0.7709563970565796,0.0833645284345204,2.189019,-5.218340873718262,0.113687109388411,0,1,0,0.1428571428571428,-0.4318000000000002,0.7245945167668866
85da57f915f332c9e8ca015f2d75168b,CSCCCNC(=O)Nc1cc(C)ccn1,0.2451000064611435,0.442729115486145,0.1097614612768996,2.149502,-8.4857816696167,0.1672290459275245,0,1,0,0.4545454545454545,2.26462,0.7749448178459919
517aaacf4cfbe1b5cf0be72cba58e6b8,CC1C(=O)C(C#N)=CC2(C)c3nc(-c4ccnc(CO)c4)nc(-c4ccccc4F)c3CCC12,0.6789000034332275,0.9835155606269836,0.468706801533699,4.050281,4.251796722412109,0.7983705043792725,0,0,0,0.2962962962962963,4.325880000000004,0.632522127035717
30f2904b3e08b7aa77d0eae6332c2ceb,COC(=O)N1CCC(N(Cc2cccc(F)c2F)c2ccc(C#N)c(Cl)c2)C1,0.7534000277519226,0.8885471224784851,0.2039090300148183,3.049186,4.05256462097168,0.8366409301757812,0,0,0,0.3,4.3371800000000045,0.7589903969641526
1a38c616ad4c13362d54d5cccf85139b,Nc1nccnc1C(=O)OCC(=O)NNC(=O)c1ccccc1,0.3759999871253967,0.7686423063278198,0.113318613984368,2.051832,-6.180960178375244,0.104828592762351,0,1,0,0.0714285714285714,-0.3232000000000001,0.5190778537442442
a0f62036d443a5a5340c0e1ab95c3880,Cc1cc(F)cc2c1NCCC2C(=O)n1nc(N)c2c1CN(S(C)(=O)=O)CC2,0.5515999794006348,0.7323214411735535,0.0751360338181257,3.833261,-9.248044967651367,0.7622124671936035,0,0,0,0.4444444444444444,1.4701199999999994,0.780092834235855
dbdc9d2bfcee1c11e45eb8de96caf776,O=C(CCCN(c1ccccc1)S(=O)(=O)c1ccc(Oc2ccccc2)cc1)C1CCCCCC1,0.638700008392334,0.9125884175300598,0.3851680091836236,2.257513,-7.80258846282959,0.7925971984863281,0,0,0,0.3448275862068966,6.993900000000006,0.2866546115004917
3886ae8237cad34d3d7cd69e7b4cef06,O=C(NC1CC2CCC(C1)N2Cc1ccc2cc(F)ccc2c1)N1CCCN(C(=O)c2c(O)cccc2F)CC1,0.734499990940094,0.9059651494026184,0.1736074496399272,4.089483,-8.54814338684082,0.9504560947418212,0,0,0,0.4193548387096774,4.876700000000006,0.4876816755563074
9596f0c35e9547fe5fc71dcaa3f2ecda,COC(=O)c1ccc(-c2c(C#N)c(N)nc(SCc3ccccc3)c2C#N)cc1,0.6334999799728394,0.9920369386672974,0.3649169179526242,2.291613,-10.279343605041504,0.7996518850326538,0,0,0,0.0909090909090909,4.153060000000003,0.5053421038792939
f0e2319a7982310e7ba549e62adb3465,CC(C)CN(c1cccc(Cl)c1)S(=O)(=O)c1ccc(-c2ccc(C(N)=O)cc2)cc1,0.640999972820282,0.980273425579071,0.3575017614798112,2.106726,-5.967164516448975,0.7663424611091614,0,0,0,0.1739130434782608,4.957200000000004,0.5612235546757024
95e3f1022feb34f922a27b1da64b9fa8,ON=c1cc(-c2cc3cc[nH]c3cn2)oc2ccccc12,0.5715000033378601,0.9764410257339478,0.3071410263126546,2.72156,-2.3302197456359863,0.6770723581314086,0,1,0,0.0,3.266000000000001,0.4139836801453101
4882624c2cfbc59ac3be908de7f8dcfc,CCOC(=O)c1nn(C)c(C)c1Cl,0.3492999970912933,0.7677626013755798,0.0444869809276001,2.22637,-11.069180488586426,0.0173700409010052,0,0,0,0.5,1.55862,0.6840546814905049
67c582cb7a5783c91d54fea2c4ec24ef,COc1cc(C(=O)NC2(C(=O)NC(C)c3ccc(-n4[nH]c(=O)c5ccccc54)cc3F)CC2)on1,0.626800000667572,0.8872289657592773,0.2056661776520989,3.421455,-6.971814155578613,0.6057924807071686,0,0,0,0.25,2.5943000000000005,0.3734725800631693
9723a3d7dae709a1aa90beeee5b0b19f,CN(C)CCN(C)CC(=O)Nc1ccc(Sc2c(O)nc3ccc(C(F)(F)F)cc3c2-c2cc(Cl)ccc2O)cc1,0.8029999732971191,0.997684121131897,0.5602071718736128,2.939407,-9.46098518371582,0.914777147769928,0,0,0,0.2413793103448276,6.568300000000006,0.1991492438888221
a7747659f0fc8922e3933a582c5f4285,CN1CCN(C(=O)c2ccc3c(c2)Oc2ccccc2C3(C)O)CC1,0.4941000044345855,0.5725827813148499,0.1319975592195987,2.83064,-5.219346523284912,0.764209759235382,0,0,0,0.35,2.4357000000000006,0.8676840626661285
35dee93e49f93016b4e0412abbe635f4,COC(=O)c1cc(Br)c(=O)n(-c2cccc(F)c2)c1,0.4444999992847442,0.8691726922988892,0.1983928409489718,2.206772,-8.179533004760742,0.1592412285506725,0,0,0,0.0769230769230769,2.5257000000000005,0.7970521099633503
bdfe78e7d9b453335b7ff2ea5bd66e65,CCN1CCCC1CNC(=O)c1cc(NS(N)(=O)=O)ccc1OC,0.3916000127792358,0.2880532145500183,0.1725557769902727,2.707362,-7.977367401123047,0.464251160621643,0,0,0,0.5333333333333333,0.5247000000000016,0.6591629032987462
693bd0fdd755838ef1c184d5fe205c98,CN(C)c1ncc(-c2cccc(OCC(O)CN3CCc4ccccc4C3)c2)cn1,0.5209000110626221,0.9128950834274292,0.5032416731119156,2.845863,1.1864148378372192,0.9804150104522704,0,0,0,0.3333333333333333,3.007600000000002,0.653258115818594
2ebc8516ec434565a07e975a44603adc,O=C(Nc1noc2ccccc12)N1CC2CC1CN2c1nc(-c2ccccc2)ns1,0.6610999703407288,0.9111085534095764,0.1167334799062122,4.170488,-9.381632804870604,0.7564659357070923,0,0,0,0.238095238095238,3.841300000000003,0.5439219449324809
a718194164cc5e54448e5850218847e9,CC1(C)CC(=O)C2=C(C1)Nc1n[nH]c(C(F)(F)F)c1C2c1ccccc1F,0.5340999960899353,0.905846357345581,0.5416594039310109,3.467781,-9.633770942687988,0.6522632360458374,0,0,0,0.3684210526315789,4.768200000000003,0.7021475238956428
aad5d735620dd40f9d4403bb18efeec8,Cc1c(OCCCCOc2ccc(C(=O)CC3CCCC3)c(O)c2C)cccc1C(=O)O,0.742900013923645,0.9891961812973022,0.1672726182097738,2.438748,5.634902000427246,0.2588537409901619,0,1,0,0.4615384615384615,5.708240000000007,0.3434452744023262
8abaf2840e5a4b2461cc70475e9b38cc,CN1N=C(c2ccncc2)OC1c1ccc(Cl)c(Cl)c1,0.5148000121116638,0.9463554620742798,0.1972361396659504,3.022169,-10.99647045135498,0.4002610653638839,0,0,0,0.1428571428571428,3.7108000000000025,0.8485331000284368
84ade0002f0084200804e5f1223ad1d9,NC(=O)C1(NC(=O)c2cc(-c3ccccc3F)n[nH]2)CCCC1,0.450300008058548,0.6555002927780151,0.2278954942118037,2.490427,-9.207880973815918,0.2869072675704956,0,0,0,0.3125,1.7436999999999998,0.8005586632309224
c7cefb36516a635d415a48d7e6552a25,CCCCCCCCCCCCCCCC(=O)OCC(O)COC1OC(CO)C(O)C(O)C1O,0.5803999900817871,0.9841176867485046,0.1513280062512918,3.821347,10.14584255218506,0.6897459626197815,0,1,0,0.96,2.1882999999999995,0.1274461962253907
11d63366234fb6b18284265281253375,CCn1cnnc1CN(C)Cc1nc(COC)no1,0.349700003862381,0.4149235486984253,0.0196427741959103,2.761628,-11.1661958694458,0.0133011695230379,0,0,0,0.6363636363636364,0.4593999999999998,0.7195475252584845
76e1adf2ce00b6cb362902ee801b9e28,N=C1ON=C(N)C1=NNc1ccccc1O,0.4905000030994415,0.9705620408058168,0.1842928325588053,3.203001,3.693197965621948,0.4592435121536254,0,1,0,0.0,0.4397699999999997,0.4261879174829575
4f54cf28e81750539a3018d3f0b735da,c1ccc(C(c2ccccc2)c2ccccc2)cc1,0.5472999811172485,0.9883165955543518,0.2132739377292719,1.143987,-0.2860478460788727,0.4938035070896148,0,1,0,0.0526315789473684,4.866800000000003,0.5766946529262025
25fbdca6d8d3e52a2356abb30a9200a8,COc1ccc(CCNC(=O)CCNS(=O)(=O)c2cccc3nonc23)cc1OC,0.4431999921798706,0.5152825713157654,0.0523319641466845,2.32379,-8.912188529968262,0.6302995085716248,0,0,0,0.3157894736842105,1.2672999999999996,0.4874075211832956
e0bc95fc9173e62232bc1574ab683e1a,COc1ccc(-c2nc(-c3ccccc3)oc2NC2CCCCC2)cc1,0.5600000023841858,0.970111072063446,0.3440372564575888,2.130246,-5.943781852722168,0.6690744996070862,0,0,0,0.3181818181818182,5.761800000000004,0.6364295644995396
b7fdbefcb55f80fe1b6c5a424ae1fe4a,Cn1c(N)c(C(=O)COC(=O)c2c3c(nc4ccccc24)C(=Cc2ccc(O)cc2)CCC3)c(=O)n(C)c1=O,0.6823999881744385,0.9162630438804626,0.1784488887272098,2.770214,-6.3540544509887695,0.7109858751296997,0,0,0,0.2068965517241379,2.8366000000000007,0.2981410056243002
a552551bde658505ae98a26317b97cd5,CC1(C)CC2=NOC(=O)C2=C(c2ccccc2Cl)O1,0.651199996471405,0.9822275638580322,0.3134174306284297,3.096989,-8.419434547424316,0.1037669543176889,1,1,0,0.2857142857142857,3.1628000000000016,0.7409517824253924
659195e9e3071beb4c0930a21a5ee776,Cc1cccc(C)c1C(=O)NNC(=O)C1(C(=O)NC2CC(=O)OC2O)CCCCC1,0.4695000052452087,0.7897270917892456,0.1483669118447737,3.581175,1.6747760772705078,0.1064692892134189,0,1,0,0.5238095238095238,0.7650400000000004,0.324758054527118
f6ef38c4a7fd3751ec10d039921a06a9,NC(N)c1ccc(OCCSCCOc2ccc(C(N)N)cc2)cc1,0.5099999904632568,0.8969019055366516,0.2836924547498876,2.530143,-5.871324062347412,0.7918287515640259,0,1,0,0.3333333333333333,1.7096000000000005,0.3746665432019114
0c6dce08909ce00071a2b36723ceafd1,COc1ccc2c(ccn2S(=O)(=O)c2ccccc2)c1,0.4704999923706054,0.9085559844970704,0.1382323828610507,1.886413,-9.735158920288086,0.1301741331815719,0,0,0,0.0666666666666666,2.8869000000000016,0.7439218585235455
d49bad477439007ae099831513397ebc,CCN1CCN(c2cc(-c3ccccc3)nc3cc(-c4cccc(F)c4)nn23)CC1,0.5052000284194946,0.9753701686859132,0.499234676361084,2.314229,-10.43970775604248,0.9835897088050842,0,0,0,0.25,4.344300000000004,0.5096466656413127
4396d23e1e9411edda0cc0bf617a2f51,Cc1ccc(C(=O)Oc2ccc(N(C(=O)c3ccc(C)cc3)S(=O)(=O)c3ccccc3)cc2)cc1,0.5327000021934509,0.9808139204978944,0.2237660620700229,2.107176,-5.62097692489624,0.7001168370246887,0,1,0,0.0714285714285714,5.558340000000005,0.263906040897516
49a8df02a820e6625c7bd51e68bf396a,Brc1cnc(Nc2ccc(C3CCNCC3)cc2)nc1NCC1CCCO1,0.6431999802589417,0.9752255082130432,0.7073517848144878,2.97302,-7.266949653625488,0.8263355612754821,0,0,0,0.5,4.040600000000002,0.6402801271539823
3e801cb7eb394b804830be0ba463294b,O=C(C1CCCN(c2nnc(-n3cccc3)s2)C1)N1CCN(c2ccccc2)CC1,0.4740000069141388,0.4166602194309234,0.1206204439090056,2.888997,-10.2935209274292,0.6770267963409424,0,0,0,0.4090909090909091,2.894000000000001,0.6471562331641625
daf839e9973c0fdb636af73359e7720f,CC1CCc2c(Cl)cc(Cl)c(O)c2N1,0.6884999871253967,0.9931493401527404,0.499462601813403,3.322597,-3.890391588211059,0.3175879567861557,0,1,0,0.4,3.445600000000001,0.6712090197107002
ba47ed1e7ea4646adc38cce55bfdc91f,NC1CC1c1ccc(NC(=O)c2ccnc(-c3cc(C(=O)O)ccn3)c2)cc1,0.6083999872207642,0.94902902841568,0.1015440130775625,2.962733,-6.140931606292725,0.1778427466750144,0,0,0,0.1428571428571428,2.9087000000000005,0.6318471269483051
cb6eb0700636b479b25002883b7caee7,COCCNC1CCN(S(=O)(=O)N2CCC(NC(=O)c3cc(C4CC4)on3)CC2C)CC1,0.5098000168800354,0.2236304283142089,0.0490657588974996,3.630637,-8.682875633239746,0.7144597053527832,0,1,0,0.8095238095238095,1.079900000000002,0.519871870488328
9371f0b5e7908e2c902c29b526a61eaf,Cc1cc2nc3n(c2cc1C)C1OCC(O)C1OC3,0.5034000277519226,0.855419397354126,0.2123822258277372,3.952535,0.0117357671260833,0.269357992708683,0,0,0,0.5,1.4416399999999998,0.7784681199457698
4e67920624d946bf2df9dc5073515d4d,CC(C)C(NC(=O)N1CC(=O)Nc2ccccc21)C(=O)NCCc1c[nH]c2ccccc12,0.5037000179290771,0.7749022245407104,0.3108256953683766,2.863146,3.395972967147827,0.7962983012199402,0,0,0,0.2916666666666667,3.0195,0.4800523609721406
fecbe8f90ea2b301fcb4d80eb2d54cec,Cc1cccc(-c2nc(Nc3ccncc3OCCCCN(C)C)c3cccn3n2)n1,0.5756999850273132,0.940152943134308,0.5143076885830272,2.735393,6.747220993041992,0.9734339237213134,0,1,0,0.3043478260869565,3.9589200000000018,0.412941374233608
d4b3fbb7f43dcf038f540bdafcf16558,Cc1cc2ccccc2nc1-c1ccccc1F,0.4453999996185303,0.9297618865966796,0.1425863101401112,1.748249,-7.72415828704834,0.6040523111820221,0,0,0,0.0625,4.349320000000002,0.6128158084333799
acc00eb24b407a29dbcc25e64288f593,O=C(NCCc1c[nH]c2ccccc12)C(=O)c1c[nH]c2ccc(F)cc12,0.4562000036239624,0.9275161027908324,0.2172606492584401,2.267079,-9.83466625213623,0.7971198678016662,0,1,0,0.1,3.329900000000001,0.381696514946967
08cbaf697245e42eb3aa41ea1b485073,CCC(O)C1CC(C)C2(CC(=O)C3(C)C4=C(CCC32C)C2(C)CCC(=O)C(C)(CO)C2CC4)O1,0.6662999987602234,0.931494951248169,0.2027367590503259,5.959298,10.127459526062012,0.3733137816190719,0,1,0,0.8620689655172413,4.7747000000000055,0.5779926325051039
a5d7fdaa2e9d1720c8b8d51d52ee3584,CNC(=O)C1(CCCc2ccccn2)CN(Cc2scnc2C)C1,0.4259000122547149,0.4961511790752411,0.0736814530735666,2.869487,-5.522885799407959,0.4924394428730011,0,0,0,0.5,2.41742,0.8379576984264204
fca3575630bfd1826a53c6406046f887,CCCCCCCCCC1OC(=O)C(C)=CC1C,0.5776000022888184,0.951438307762146,0.3512981344353069,3.237001,9.743639945983888,0.4563601911067962,0,1,0,0.8125,4.6349000000000045,0.4646347751261136
5496af535878d36a60ece3f4b01a5da0,CC(=O)Nc1ccc(NC(=O)Cc2csc(NC(=O)Nc3cccc(Cl)c3)n2)cc1,0.6251000165939331,0.978893518447876,0.2513546056368134,2.055523,-11.282145500183104,0.5712078332901,0,0,0,0.1,4.5801000000000025,0.4462677631493247
728cde2084132523c28664c7333e83a1,CCCCCCC(O)C1C(C(=O)O)=C(C(=O)O)CC(C(O)C2CC=CC(=O)C2)CC2=C(C(=O)OC2=O)C1O,0.7190999984741211,0.9889714121818542,0.2364404167641293,5.428336,9.275276184082031,0.1086430102586746,0,1,0,0.5925925925925926,1.4468,0.154498657974337
f47e8fc951e6f6fd3601f8a8655ed226,COc1ccccc1C(=O)C1Nc2ccccc2-c2nnc(SC)nc2O1,0.5254999995231628,0.8702018857002258,0.1462428312410008,3.180064,-10.421902656555176,0.3733570575714111,0,0,0,0.1578947368421052,3.282400000000001,0.5450893784185713
2977999dc6021ac3e06fe188e0d9ed93,O=C(Nc1cc(-c2nc3ncccc3o2)ccc1Cl)c1ccc2c(c1)OCO2,0.5309000015258789,0.8313741683959961,0.2785577056082812,2.274048,-7.608172416687012,0.7426077485084533,0,0,0,0.05,4.524200000000002,0.5501828420010734
58e8ee3d25ea8d36af0bf1f87c14d2e1,CC(=O)NC(Cc1ccccc1C)C(=O)NC1CCN(C(=O)c2cccc(C)c2)CC1,0.3779999911785126,0.3705304861068725,0.0850310914895751,2.529156,-10.158933639526367,0.5810721635818481,0,0,0,0.4,2.7716400000000005,0.7528900363431769
cf8ab0128c5a5b1c08c947e7f5d1bb65,Cc1cccc(NC(=O)CCc2ccc(S(=O)(=O)NC3CCCCC3)cc2)c1,0.474700003862381,0.8053301572799683,0.2049435390667482,1.927118,-9.138545036315918,0.6949774503707886,0,0,0,0.4090909090909091,4.1773200000000035,0.7321197755633463
93f1825342e54e27172faf20d87220b9,CC1CC1C(=O)N1CC2CNCC(C2)C1,0.3743999898433685,0.4434397518634796,0.0390795069873671,4.50141,-8.682438850402832,0.17176164239645,0,0,0,0.9166666666666666,0.7102999999999999,0.6881061660391786
7483bf6b36c74507e28909373a73aeaa,COCC1CCCN1C(=O)C(C)C1CCC2(C)CCC(NC(=O)c3cncnc3)C(C)C2C1O,0.6035000085830688,0.6405463218688965,0.1076055665246464,4.498951,9.897092819213867,0.5723290741443634,0,0,0,0.7692307692307693,2.6718000000000006,0.6596434578308231
92c9191e414374da81080310f8c89f7a,c1cc2[nH]c(-c3cscn3)nc2cn1,0.3495000004768371,0.7913609147071838,0.0945522245019674,2.749055,-10.148314476013184,0.2891606524586677,0,0,0,0.0,2.0813999999999995,0.6569102453442289
af3d21452ef93ae26472d15ca8992a59,Fc1ccccc1N1CCN(c2ncnc3onc(-c4cccc(Cl)c4)c23)CC1,0.6620000004768372,0.9326616525650024,0.4154144471341913,2.352553,6.328808784484863,0.911013162136078,0,0,0,0.1904761904761904,4.403900000000003,0.4994404629249531
e361afe8dbd680b2fe6abd93471d5320,O=C(Nc1c2c(nn1CCC1CC1)CC1(CCc3cc(OCC(F)(F)F)ccc31)NC2=O)c1cccnc1,0.6980999708175659,0.9698188304901124,0.1830051785165613,4.130563,-4.412492752075195,0.7658789157867432,0,0,0,0.4074074074074074,4.399200000000003,0.4767144388180483
15052307116d2980fec546879020b035,O=C(Nc1ccc(Sc2ccc3c(=O)[nH]cnc3c2)cc1)Nc1ccc(Cl)c(C(F)(F)F)c1,0.7850000262260437,0.9987851977348328,0.7451170655814084,2.558124,-1.5150599479675293,0.861528480052948,0,0,0,0.0454545454545454,6.390500000000002,0.3091343573945291
63ee07a577e665b1bbc8d91fa82be2bd,O=C(O)c1ccccc1C(=O)c1ccc(-c2ccccc2)cc1,0.588100016117096,0.9873451590538024,0.1352679719301787,1.542371,-6.812930107116699,0.0471654046326875,0,0,0,0.0,4.282800000000003,0.7316821343628731
25e62ab0204adece70caabfc7c39016e,COc1ccc(Cn2c(C)cc(O)c(C(c3ccncc3)N3CCN(c4ccccc4)CC3)c2=O)cc1,0.5857999920845032,0.8898041844367981,0.1852899532426487,2.890265,-5.742232322692871,0.97685626745224,0,0,0,0.2666666666666666,4.225820000000002,0.413096951530819
43b2ebb9f288c915375658b049a96fde,O=[N+]([O-])c1ccc(SNc2ccccc2)c([N+](=O)[O-])c1,0.5446000099182129,0.9962944388389589,0.3456371250477704,2.371301,-6.5649333000183105,0.3171404376626014,0,1,0,0.0,3.622200000000001,0.512871890879159
831f4569fb85f3afa3c7434b3e6ada65,O=S(=O)(Nc1ccc(F)cn1)c1cc(Cl)c(Oc2ccc(C(F)(F)F)cc2C2CCNCC2)cc1F,0.782800018787384,0.9972139596939088,0.4713372615250674,2.819041,2.334451198577881,0.8645106673240661,0,0,0,0.2608695652173913,6.092100000000003,0.3649911321063752
50fe7050a8dfc61ebd128a4e65102b72,CCCCNC(=O)CCCCCCCCCCOc1ccc(C(=O)OC)cc1,0.4731999933719635,0.8908278346061707,0.1124061891301111,1.90392,-5.2164530754089355,0.7556111454963684,0,1,0,0.6521739130434783,5.279200000000006,0.3075192433582776
4d7bf3304d3280e5d4c2b5a4b90a3e6c,Cn1cc(C(=O)NCC2CCN(C(=O)NC3CC3)CC2)cn1,0.3930999934673309,0.2715949118137359,0.0514693741940639,2.270079,-12.20262050628662,0.1156293705105781,0,0,0,0.6666666666666666,0.7339000000000004,0.8606503077547639
8830a32b42f6bb91ffff565783927a8e,Cc1c(Cl)cccc1NC(=O)CSc1nnc(CCNC(=O)OC(C)(C)C)o1,0.4187999963760376,0.6870121955871582,0.0770748445594852,2.334028,-10.251605033874512,0.3008396416902542,0,0,0,0.4444444444444444,3.8294200000000016,0.6476194384308165
cdc4775b5cd2aa93f4abe8c223538b0a,Cc1cc(COCCn2c([N+](=O)[O-])cnc2C)ccc1[N+](=O)[O-],0.5799000263214111,0.8196082711219788,0.3023538074710152,2.551944,-9.112513542175291,0.572473269701004,0,1,1,0.3571428571428571,2.5331400000000004,0.4397888737012317
c5dc96f78f31704c9a2043176a973b1b,NC(=O)CSc1nc2c(sc3ccccc32)c(=O)n1CCCC(=O)NCC1CCCO1,0.5012999773025513,0.6276333928108215,0.1415361944924701,3.01806,-4.943294525146484,0.6114244878292083,0,0,0,0.4285714285714285,2.264,0.3737580305307876
e1f0278584af0a6e1796e6b83577e288,CCN(C(=O)CO)C1CN(C(=NC#N)Nc2cc(OC(F)(F)F)ccc2OC)N=C1c1ccc(Cl)c(Cl)c1,0.7412999868392944,0.985933780670166,0.2811361483552239,3.776966,5.442408561706543,0.8243285059928894,0,1,0,0.3043478260869565,4.0788800000000025,0.2909179751716027
e194f10791852c6fe11571da11f087c3,CCC(=O)Nc1ccc(NC(=S)NC(=O)C=Cc2ccccc2)cc1,0.4961000084877014,0.9402530193328856,0.2791228240186518,1.930224,-9.459263801574709,0.5241798490285874,0,1,0,0.1052631578947368,3.5615000000000014,0.5677410375303606
c390029365f764a2ef1fa82cf1802bfe,Cc1oc(S(=O)(=O)Nc2ccccc2)cc1NC(=O)Nc1ccccc1,0.4912999868392944,0.9066190719604492,0.1034411120821129,2.204956,-10.40367031097412,0.5871777236461639,0,0,0,0.0555555555555555,4.032820000000002,0.6301194520041811
e2e03d5f2bd18c341f52da9b5d4d6290,Cc1cccc(Cn2ncc3c(Cl)c(C(=O)Nc4ccc(Cl)cc4)cnc32)n1,0.4318000078201294,0.8928184509277344,0.4265535067428242,2.359298,-4.59868049621582,0.6447587847709656,0,0,0,0.1,4.7421200000000026,0.5255658758772256
c4a9f4ea2be95cf38052882fffc0a6d7,CCc1oc2ccc(Nc3ncc(NC(=O)C4CCOCC4)c(=O)n3Cc3cccc(Cl)c3)cc2c1C,0.671500027179718,0.9466224908828736,0.1745339977470311,2.851362,-2.0835084915161133,0.8706821799278259,0,0,0,0.3214285714285714,5.6707200000000055,0.325554910147955
0177643bc75c9659b7e08fc9d5bf0c5c,COC(c1ccc(F)cc1Br)c1cnc2n1CCN(c1cn[nH]c(=O)c1Cl)C2,0.6424000263214111,0.8982378840446472,0.3044797588478435,3.668307,-7.207835674285889,0.90120267868042,0,0,0,0.2777777777777778,3.277400000000001,0.6359423653828616
0e52424a760386e64b4ba5d7075ff1dc,Oc1ccc(C2=COc3cc(O)ccc3C2)cc1,0.4742999970912933,0.9817621111869812,0.3140453167937018,2.572977,9.985111236572266,0.5472521781921387,0,0,0,0.0666666666666666,3.073800000000001,0.8049396616172004
133695cbe1d058663c094aaccc312cfb,COc1ccc2[nH]cc(CCNC(=O)C3CCN(Cc4ccccc4)CC3)c2c1,0.4855999946594238,0.6903517842292786,0.1351622546261007,2.003596,-6.085962295532227,0.9611666798591614,0,0,0,0.375,3.7474000000000025,0.6449593862561556
717cc3180839f2f0cf74f069c447bfc0,CC(C)c1nnc(NC(=O)C2CCN(C(=O)c3ccco3)CC2)s1,0.3892000019550323,0.2185587286949157,0.0454770509492267,2.287814,-7.843957901000977,0.1632560215890407,0,0,0,0.5,2.745400000000001,0.91763349081485
922c2dbcac149ceb4afeb059ccf636e5,Cc1csc(=S)n1OC(=O)NC1CCCCC1,0.5185999870300293,0.785213828086853,0.1251061214134097,2.773339,-10.34840965270996,0.0183308897539973,0,1,0,0.6363636363636364,3.058410000000002,0.8414638127763238
4525a3550a9ef2f1a3fd57c10674407c,O=C(O)CC1(C2=CCc3ccccc32)Cc2ccccc2C1=O,0.5943999886512756,0.9813844561576844,0.2025197310881181,3.166948,5.245871543884277,0.0380831897258758,0,0,0,0.2,3.526200000000003,0.9435352372174668
c4680d3df07ca6cbf3d3274f79623f3f,COc1cc2c(cc1OC)CN(c1nc(CN3CCOCC3)nc3sc4c(c13)CCC(C)C4)CC2,0.5601999759674072,0.7819985151290894,0.2788561067797921,3.167629,-8.11811351776123,0.8584949731826782,0,0,0,0.5555555555555556,4.228200000000004,0.5261255865744138
a813aae64b279f803650a0793c8e4c9a,CCCCn1c(=O)c(CCC(=O)OC(C)C(=O)Nc2cccc(Cl)c2Cl)nc2ccccc21,0.5911999940872192,0.9101064205169678,0.1988656568256291,2.790939,-8.5062894821167,0.8061815977096558,0,0,0,0.3333333333333333,5.006400000000004,0.4263483966821403
8450423b30bda6b5ff78fde106e0ff02,CCC(NCCO)=C1C(=O)NC(=O)N(c2ccc(Cl)cc2)C1=O,0.5309000015258789,0.8825743198394775,0.1943972110748291,2.445518,-10.955729484558104,0.0791556289419531,0,1,0,0.2666666666666666,1.1687999999999998,0.5531016016165142
3534ea35011e699b6e3304239e85bc5e,Cc1ccc(Nc2nc3ccccc3c(=O)n2N)cc1,0.3267000019550323,0.9311155676841736,0.2554058012637225,1.982411,-8.406157493591309,0.7471680998802185,0,0,0,0.0666666666666666,2.1623199999999994,0.6970990996752902
05b479637cf429261af7b63169d05424,N#CC(=CC1CC1)C(=O)N1CCCC(n2nc(-c3cccc(C(F)(F)F)c3)c3c(N)ncnc32)C1,0.7229999899864197,0.970888614654541,0.3860195441679521,3.477361,9.012421607971191,0.9122422814369202,0,1,0,0.375,4.117780000000002,0.4430530656454287
2ccafce834427f495ed7b7da240ba30e,CC(C)(C)C(=O)n1nc(-c2ccccn2)cc1NCc1ccccc1,0.5217000246047974,0.8220861554145813,0.2113597352396358,2.384493,-9.03830337524414,0.7462076306343078,0,0,0,0.25,4.243500000000003,0.7749389778094794
34676379b8ba2f5260db4db4c325cd95,Cc1c(C(=O)C2=C(O)C(=O)N(Cc3cccnc3)C2c2cccs2)cnn1-c1ccccc1,0.6151999831199646,0.783149242401123,0.2475637075575915,3.021779,-9.301508903503418,0.3780483394861221,0,0,0,0.12,4.415720000000003,0.4342007916616366
f4491eb16b3de448e5c42b32e0a3bea3,CC(C)CCNC(=O)C(Cc1c[nH]c2ccccc12)NC(=O)C(CCCCN)N1C(=O)CCC(C)(C)C(=O)NC(Cc2ccccc2)C1=O,0.6880999803543091,0.9529682993888856,0.2700000879439441,4.443109,8.185214042663574,0.8831541180610657,0,1,0,0.5,3.757800000000005,0.1218328313839187
1f06617ca2e019801ce0d2e04911d4f2,CON=C(C(=O)OC)c1cccc(Cn2cc(S(=O)(=O)c3ccc(C)cc3)nn2)c1,0.5070000290870667,0.9096203446388244,0.0847434875640002,2.714265,-1.5790863037109375,0.1976533234119415,0,1,0,0.2,1.99112,0.3212250248602884
27ec43ea33305b8992ea19a134cc0e0c,Cn1c(=NNC(=O)C23CC4CC(CC(C4)C2)C3)sc2ccc(C(F)(F)F)cc21,0.5485000014305115,0.9619190096855164,0.3139780895276503,3.964879,-6.248987197875977,0.6445629358291626,0,1,0,0.6,4.406900000000003,0.7342575794407049
4778df4317d7a1a19123ba59ec74c1d5,CN(C)C1C(O)C2Oc3c(cc(O)c4c3C(=O)c3cc5c(c(O)c3C4=O)C(OCCBr)CC(C)(O)C5)C(C)(O2)C1O,0.786300003528595,0.9969611763954164,0.6116910197518088,5.88918,12.148433685302734,0.5662254273891449,1,1,0,0.5172413793103449,1.6388999999999994,0.2650559317908309
d37c0c6a0379ad3e4ee8f696dbd4b4fc,CC(=O)CC1(O)C(=O)C2=C(OCC2C)c2ccc3c(c21)CCCC3(C)C,0.6482999920845032,0.977371096611023,0.4621789170937104,4.177234,11.440842628479004,0.5892271518707275,0,0,0,0.5454545454545454,3.4273000000000025,0.8837397701036107
d3b27c6a7a9a7c35ca73636887b84c04,Cn1c(=O)n2n(c1=O)C([S+]([O-])c1ccccc1)C2,0.4988000094890594,0.8659955263137817,0.0750959221781654,4.279013,4.851332664489746,0.0044267955701798,0,1,0,0.2727272727272727,-0.331500000000001,0.6978772287847552
881156007785860562fcc05ca6d37f70,CC1(C)CC(O)CC(C)(CNc2cc(F)cc(Cl)c2)C1,0.6229000091552734,0.9102150201797484,0.3609919873150912,3.44295,4.902321815490723,0.7013310074806214,0,0,0,0.625,4.468300000000004,0.8629476363657963
be66b3307ddc8ccac1cc2fb0fcd42eb3,Clc1ccc(Sc2ccc(C3CCC4CCCCN43)cc2)cc1,0.6862000226974487,0.98356956243515,0.6969760629263791,2.877219,-7.662388801574707,0.9441856503486632,0,0,0,0.4,6.180600000000005,0.6541277443336649
6d9d2c3b6b42f0f375ea132a0d9830a0,O=C1NC(=O)C(c2ccc(Oc3ccc(Br)cc3)cc2)(N2CCNCC2)C(=O)N1,0.5896000266075134,0.8591753840446472,0.2064481384374878,2.663904,-2.0193183422088623,0.2874278098344803,0,1,0,0.25,1.7078999999999998,0.602621105116597
54d098bca11e93cf706d496c6a3b9f82,O=C(O)CN1C(=O)C(=Cc2ccc3cc(OCc4ccc(C(F)(F)F)cc4)ccc3c2)SC1=S,0.7748000025749207,0.997905731201172,0.2574807723814791,2.419096,-4.256973743438721,0.4327409446239471,1,1,0,0.125,5.723400000000003,0.3427561271873542
7204cee4812f1e788554762fbdf88f8e,CS(=O)(=O)OCCN(CCOS(C)(=O)=O)c1ccc(C=Nc2ccc(-c3csc(COc4ccccc4)n3)cc2)cc1,0.5856000185012817,0.9816842675209044,0.2168252867731181,2.955607,-5.0623064041137695,0.864785349369049,0,1,0,0.2413793103448276,4.898500000000006,0.1334140241371434
8e2a70b3ef0853840cbb08668ca5fa46,N=C(CCl)NCCCC(NC(=O)c1cc2c([nH]c3ccccc32)c(-c2nccc3ccccc23)n1)C(=O)NCc1ccccc1,0.6891000270843506,0.9831914901733398,0.4310170303691517,3.476898,8.417285919189453,0.9740885019302368,0,1,0,0.1714285714285714,5.931970000000004,0.053119566085718
5dfcfcdf9209f1c58cb1dc716b27087f,CC(C)Nc1cc(Nc2ccc3ncsc3c2)ncc1C(=O)NC1CCC(NC(=O)c2cccnc2)CC1,0.5508000254631042,0.8650962710380554,0.3742568858645179,2.786802,2.8769266605377197,0.7202433943748474,0,0,0,0.3214285714285714,5.1212000000000035,0.2499310982319419
5f1481d5f94507edb7be7f511a8bbf7d,COCC(=O)N1CCC(n2nccc2NC(=O)CCOc2ccccc2)CC1,0.3158000111579895,0.3476201593875885,0.0560606668957255,2.274578,-10.173100471496582,0.4776308476924896,0,0,0,0.45,2.100599999999999,0.7509349885117225
26cdfab744afd63e77fbd9801f03a286,CN(CCCNC(=O)Nc1ccc(C(C)(C)C)cc1)CC1CCCN(C(=O)c2cnccn2)C1,0.4808999896049499,0.7811703085899353,0.19097703051838,2.924259,4.892974376678467,0.9538112878799438,0,1,0,0.5384615384615384,3.7699000000000025,0.5781943567591814
54280e4b79096538c422bd16731853bd,C=CCOC(=O)NC(CC(=O)O)C(=O)COc1ccccc1C(N)=O,0.4133999943733215,0.7646800875663757,0.0699944719248874,2.751322,-0.555834174156189,0.0198578629177063,0,1,0,0.25,0.4888999999999991,0.520543714973422
3d940378cda1dc8f0568addbc16c80b2,NC1CC(c2cc(NCC3CCOCC3)ncn2)C1,0.4212999939918518,0.681090235710144,0.0452562944036881,2.786489,-2.9513843059539795,0.2542694859206676,0,0,0,0.7142857142857143,1.5197999999999994,0.8603773524847186
2359d3547d5aee26fd490327667d67da,CC(C)Cc1ccc(-c2nc(-c3ccc(CN4CC(C(=O)O)C4)c(F)c3)no2)cc1,0.7275999784469604,0.9669303894042968,0.2035728394985199,2.308276,-7.761951446533203,0.4757822811603546,0,0,0,0.3478260869565217,4.257600000000003,0.628214590240975
a7a280690420f78f33d12d1001d1484b,Nc1ncnc2c1ncn2Cc1cc(-c2ccc(F)c(F)c2)ncc1N1CCC(O)C(N)(CC(F)F)C1,0.7382000088691711,0.9651559591293336,0.5893948010422967,4.053529,0.8727270364761353,0.9554884552955628,0,0,0,0.3333333333333333,2.720700000000001,0.3335370890875477
5850f4745d953fdd7625254f22b8f83b,OCCNc1cc(-c2ccc3ncn(Cc4cncc(F)c4)c3c2)c(Cl)cn1,0.6047000288963318,0.9271365404129028,0.4378861920400099,2.649334,5.782672882080078,0.9175650000572204,0,0,0,0.15,3.7383000000000024,0.5180691537977138
63c2cb066e1da00312b35e8468d67582,CCN1C(=Cc2sc3ccccc3[n+]2C)C=Cc2ccc(C)cc21,0.6854000091552734,0.995758056640625,0.3989651054143905,2.964665,-8.094651222229004,0.7945580124855042,1,1,0,0.1904761904761904,4.9284200000000045,0.60329495817132
715027b0d14a5a56c103b9da5fc17f56,Cn1c(-c2ccc(O)c(F)c2)nnc1C1(c2ccc(Cl)cc2)CCC1,0.6615999937057495,0.9780453443527222,0.2450074770233848,2.524056,-6.653801918029785,0.2863677620887756,0,0,0,0.2631578947368421,4.450200000000002,0.7530008361626683
3c192f5266c958aa2336f19c45dbbc23,COc1ccccc1OCCNC(=O)c1ccc(S(=O)(=O)N(C)C)cc1,0.3228999972343445,0.2756364047527313,0.0700083327564326,1.804191,-10.408987998962402,0.5725044071674347,0,1,0,0.2777777777777778,1.7542999999999995,0.7076915367534575
a62acd10576b99db29faf879571f8fb2,CC(=O)OCCc1c(C)nc2ncnn2c1O,0.2840000092983246,0.7168850302696228,0.0607746954668651,2.744388,-4.362123489379883,0.0435203671455383,0,0,0,0.4,0.2439199999999999,0.7678387909781914
46e7dc48f5f630feec9705f63a0cddb2,COc1ccc(S(=O)(=O)N(Cc2ccccn2)C(C(=O)NO)C(C)C)cc1,0.4345000088214874,0.6638687252998352,0.1092857085168361,2.795177,4.166024208068848,0.4773579478263855,0,1,0,0.3333333333333333,1.8110999999999997,0.522972461546258
d8e00d58890c719fdc8b2649ab024f4e,Clc1ccc(-n2nccc2-c2cc(Cl)sc2Cl)cc1,0.59579998254776,0.9794570803642272,0.0953937931494279,2.371677,-9.86143398284912,0.2038754552602767,0,0,0,0.0,5.561000000000002,0.6014834471735827
cf387ea048eabd11f2d7ba021afa6e31,O=C(NCc1ccc(CS(=O)(=O)C2CC2)cc1C(F)(F)F)c1ccc2c(ccn2S(=O)(=O)c2cccc(F)c2)c1,0.7451000213623047,0.986722767353058,0.1682952005754817,2.813582,-8.868596076965332,0.8818640232086181,0,0,0,0.2222222222222222,5.0434000000000045,0.2881199034030552
5eff55d4794c38afe4b836dc5b2abd7f,CS(=O)(=O)Cc1cccc(Nc2ncc(Cl)c(Nc3cccnc3C(N)=O)n2)c1,0.6776999831199646,0.958233118057251,0.4151803607290441,2.531058,6.542450904846191,0.6705478549003601,0,0,0,0.1111111111111111,2.6556999999999995,0.5171420384868262
be9d613755e7d821087e1105dad61085,COc1cc(CCc2ccc(Cl)c(Cl)c2)cc(OC)c1O,0.6495000123977661,0.987375557422638,0.4844157939607447,1.906696,-2.5474798679351807,0.5928392350673676,0,0,0,0.25,4.501400000000004,0.8785655304941332
dee4ab01450c228f6f90e9d31591e1a8,COc1nnc(NC(=O)c2cnc(C)cc2-c2cccc(C(=O)N(C)C)c2)s1,0.5252000093460083,0.7901923060417175,0.1132233027707446,2.557343,-7.925122261047363,0.3731095641851425,0,0,0,0.2105263157894736,2.871220000000001,0.7109763030969601
e518357233757b449dcdca6c1da02bd9,O=C(NC(CO)(CO)CO)c1cc(-c2ccccc2)[nH]n1,0.3488999903202057,0.6913805603981018,0.0698748360472646,2.542213,-10.744515419006348,0.0681497007608413,0,0,0,0.2857142857142857,-0.4778000000000001,0.4925291686074561
60f5aa03bb245c17b2cb1bf440008a23,Cc1c(C(=O)Nc2c(O)c3ccc(O)c(C)c3oc2=O)c[nH]c1C(=O)Nc1c(O)c2ccc(O)c(C)c2oc1=O,0.680400013923645,0.9881579875946044,0.1833642335100607,3.238505,8.281676292419434,0.762205696105957,0,1,1,0.1111111111111111,3.4797600000000006,0.1625495786117442
04aa1934b46a33da0d51834b61662e50,CC12CC(=O)C3CC1(O)OC(O2)C3COC(=O)c1ccccc1,0.6287999749183655,0.9177422523498536,0.1494799655946818,5.030368,11.611001014709473,0.0457380808889865,0,0,0,0.5294117647058824,1.2725,0.8453744997438231
818037058b87d0547a43dc3f62a1e4e3,CC(C)CC(NC(=O)C1CCCN1C(=O)C(O)C(N)CC(C)C)C(=O)NCCc1ccc(-c2ccccc2)cc1,0.6897000074386597,0.922965943813324,0.2961120226166465,3.552973,-0.8691965341567993,0.8185995578765869,0,0,0,0.53125,3.268500000000003,0.3047418304986725
dcaf8481e242c3abcb4d1149ed937ab0,CCc1nn(C(C)C(=O)N2CCc3ccccc3C2)c(=O)c2cc3occc3n12,0.5368000268936157,0.4239608943462372,0.1208987290208989,3.246784,-5.129173278808594,0.6133424401283264,0,0,0,0.3181818181818182,2.9505000000000017,0.5391586770398032
cb72a63c72dd41f00ed632e7226d81db,O=C(COc1ccccc1)NCC(=O)NC1CCCc2ccccc21,0.2957000136375427,0.5025583505630493,0.1244132606820626,2.324656,-10.681440353393556,0.5660880744457245,0,0,0,0.3,2.3754,0.849674325064834
b9c812ecbd6eb67bb84ce6f527905490,CC1CC(C)CC(C)C(O)C(C#N)=CC=CCC(C2CCCC2C(=O)OCc2cn(-c3cnc4ccccc4c3)nn2)OC(=O)CC(O)C(C)C1,0.6384999752044678,0.9190359711647034,0.3426479033448479,5.692511,7.683366298675537,0.6788921177387237,0,0,0,0.55,6.423280000000008,0.2847437589114666
b3c3e9a53a5b0fb64432f755d511739f,Cc1ccc2oc(C(=O)NCc3ccccc3)cc(=O)c2c1,0.3786999881267547,0.6858913898468018,0.1145889467813752,1.83686,-6.834655284881592,0.4607698261737823,0,0,0,0.1111111111111111,3.0314200000000016,0.8071664134827725
0b8f93dc6fdb6a078cb6671d9ef858ca,CC1(C)NC(N)=NC(=N)N1OCCc1ccc(N)cc1,0.4311999976634979,0.8800061345100403,0.1893286498432809,3.375272,-2.9362618923187256,0.1759857080876827,1,1,0,0.3846153846153846,0.6336700000000007,0.6025530884279993
62cad0d7e7b2145c91d84773ef007bfa,Nc1cnc(-c2ccc(-c3ccccc3Oc3ccnc(N)n3)cc2F)cn1,0.6851000189781189,0.9820786714553832,0.4815865050662647,2.557743,4.469653129577637,0.8121144771575928,0,0,0,0.0,3.6964000000000015,0.5598310849728663
84899f879b171ed708fa5cf257589f5f,CCCC(=O)N(CCC)CC(=O)N(Cc1ccco1)CC1CCCO1,0.3671000003814697,0.2701790928840637,0.0454170717646113,2.864442,-10.87502670288086,0.4748321026563644,0,0,0,0.6842105263157895,2.8259000000000007,0.6508534066900129
e2763095f374ac10fdc151f7a08d0f2f,CS(=O)(=O)CC1(CNCc2cccc(O)c2)CC1,0.3811999857425689,0.671068012714386,0.0815511311573738,2.570405,-3.988525629043579,0.3117729894816875,0,0,0,0.5384615384615384,1.3065999999999995,0.8168462404136121
1246bce38d3e1a8e06637b0edc72ceae,O=C(O)c1cccc(CCc2ccccc2NS(=O)(=O)c2ccccc2)c1,0.5386999845504761,0.9603498578071594,0.0570740381425077,1.863178,-4.65550422668457,0.1841594725847244,0,0,0,0.0952380952380952,3.9708000000000023,0.6485809693938184
53617e46cd25105f63fea9d7278a0dc7,CC(=O)NCC1CN(c2ccc(N3CCN(C(=O)C(=O)C=Cc4ccco4)CC3)c(F)c2)C(=O)O1,0.8046000003814697,0.7299350500106812,0.0825829973275011,3.266465,-9.217314720153809,0.4334876641631126,1,1,1,0.3333333333333333,1.8110999999999997,0.4712191250061636
4e7ac0b1470c6301a27fda02784ba3ea,COc1cc2cc(C(=O)CCC3CC[N+](C)(Cc4ccccc4)CC3)n(C)c2cc1OC,0.6093999743461609,0.8994391560554504,0.2289882539348169,2.825903,-9.3112211227417,0.9542764544487,0,1,0,0.4444444444444444,5.215200000000006,0.359976221150097
a67c8afaf82166f121b919d428f8e0db,CC1CN(CCCNC(=O)c2ccncc2)CC(C)O1,0.3711999952793121,0.3795742094516754,0.1085233849854293,2.797847,-9.391800880432127,0.5741752445697784,0,1,0,0.6,1.3106999999999998,0.8245852986329727
1caf9ad84d74eb2e504f435cf5becf99,Cn1cc(C(=O)c2ccccc2)cc1C=O,0.2926999926567077,0.8550623655319214,0.1143804575231942,2.256582,-5.804008960723877,0.0422650538384914,0,1,0,0.0769230769230769,2.0686,0.5779844452310071
d81b8608d3495302a8472a0f9852861a,CNC(=O)C(=NOC)c1ccccc1COc1ccc(Cl)c(Cl)c1,0.6486999988555908,0.9792202711105348,0.2430726276202635,2.274704,-4.057732105255127,0.5281200468540191,0,1,0,0.1764705882352941,3.6689000000000016,0.6261417958883769
2208ad67e4a15b18bc74b4249d167860,Cc1cc(C)cc(N=C2NC(=O)C(=Cc3ccc(O)cc3)S2)c1,0.5268999934196472,0.9968700408935548,0.2838542027906938,2.824779,-5.152016639709473,0.5380080103874206,0,1,0,0.1111111111111111,3.900640000000002,0.8236428992049071
1ee4bb05a88b520a9a7c9d299f270900,COc1cc(-c2cnn(C)c2)ccc1Nc1ncc2ccnc(NCC(C)(F)F)c2n1,0.5958999991416931,0.9307751059532166,0.5718354840170253,2.867067,-7.151118278503418,0.9376614451408386,0,0,0,0.238095238095238,4.244600000000003,0.4576117935994391
288ef9ebcb2e34f22d061b5a624e144e,NC(=O)c1c(SCc2ccc(Cl)cc2)nsc1N,0.6359999775886536,0.9873149394989014,0.1128264506432143,2.462276,-8.412041664123535,0.2489832371473312,0,0,0,0.0909090909090909,2.7699,0.8505355684410972
fddc54d7d8c59360a4d51d40d0a76c6d,COC(=O)c1cccc(NCC(=O)NC(N)=O)c1,0.3546999990940094,0.6883106827735901,0.0467385795941068,1.89116,-8.604516983032227,0.021023351047188,0,0,0,0.1818181818181818,0.0799999999999998,0.6561655434370456
6fe1accb150d4c37a10ebb39cbcef6cf,CCS(=O)(=O)Nc1cc(-c2ccc3ncnc(Nc4ccc(OC)cc4)c3c2)cnc1OC,0.5996000170707703,0.9352527856826782,0.2294974753802472,2.46953,-1.4986175298690796,0.9129673719406128,0,0,0,0.1739130434782608,4.214200000000003,0.3975349311553164
5d1de809aee2e4d4036dca2f5f077d7f,Cc1cc(N2C(=O)c3nc(C)n(C(C)C)c3C2c2ccc(Cl)cc2)nn2c(C)nnc12,0.6604999899864197,0.9354077577590942,0.1685203110629862,3.526763,-12.993708610534668,0.7422943472862243,0,0,0,0.3181818181818182,4.230160000000003,0.4806424706824384
75f80dba9e53714e3c416a95c10be2f0,CCOc1ccc(Oc2c(C)oc3cc(OC(C)c4ccccc4)ccc3c2=O)cc1,0.6144000291824341,0.9370534420013428,0.2900156053629788,2.653556,-0.951576828956604,0.8170951843261719,0,0,0,0.1923076923076923,6.432420000000006,0.3472768409198187
23e7fce4bc8842c5f5c7703c5e09367a,Cc1ccc(C2=C(CNS(C)(=O)=O)C(=O)NC(c3ccc(OCCCC(F)(F)F)cc3)(C(F)(F)F)C2)cc1,0.6855000257492065,0.9886493682861328,0.2098384628241712,3.620056,-3.001061201095581,0.9484790802001952,0,1,0,0.4,4.996820000000003,0.3319655992495412
3888e8f609dae635481657a3ae85afa8,Nc1ccccc1NC(=O)C1CCC(=O)N1c1ccc(-c2noc(C(F)(F)F)n2)cc1,0.6571000218391418,0.9457390308380128,0.2349367676810785,2.989422,-7.609927177429199,0.6869506359100341,0,1,0,0.2,3.471700000000002,0.6116770285693178
a558952d3388e4eeb553c3e75cc38cfd,CC1CC(C)CN(C(=O)C2CCCN(S(C)(=O)=O)C2)C1,0.3643999993801117,0.2692908942699432,0.0404213097750801,3.169499,-12.305035591125488,0.3926865339279174,0,0,0,0.9285714285714286,1.1625,0.769004470266394
d677d7f2f18a337cbfa194857b6b3a08,Cc1ccc(CN2C(=O)c3ccccc3CC2(C)C(=O)NC2CCCCC2)cc1,0.5101000070571899,0.7385436296463013,0.1647661077705296,2.70584,-6.1028642654418945,0.7968478202819824,0,0,0,0.44,4.401120000000003,0.8410934762546465
4cef264c63d08048ce576764815cebc3,CC(OCC(O)CN1C(C)CCCC1C)c1ccccc1,0.3725000023841858,0.662036120891571,0.4086357978257266,3.334486,-2.145441770553589,0.918844997882843,0,0,0,0.6666666666666666,3.3880000000000026,0.8718097535673971
2c60066071276a1c923170b4a0130cc8,CN1CCCCCOc2cc(cc3c2N(C)C(=O)CC3)Nc2cc1nc1c(C#N)cnn21,0.6032999753952026,0.8395131826400757,0.2257009961388328,4.915237,-8.039702415466309,0.8960959434509277,0,0,0,0.391304347826087,3.252480000000002,0.5832578016680812
fcc8cd708c48f167db941cf023b2d9e9,CC=CC=CC1C(C)=CC2CC(C)CCC2C1(C)C(O)=C1C(=O)C(CO)N(C)C1=O,0.6969000101089478,0.9674831032752992,0.2584212070161646,5.128309,9.382195472717283,0.1478630993515253,0,1,0,0.6,3.9676000000000022,0.2403554059578252
8367ffc9f84885905a1294ac001e164c,CC(C)(C)OC(=O)NCC1CCCN(C(=O)C2CCC(=O)N2CC=Cc2ccccc2)C1,0.4541999995708465,0.5624423623085022,0.1078948459841988,3.32563,-4.664837837219238,0.7761400461196899,0,0,0,0.56,3.454100000000002,0.7333762986200252
3a416653c1ab14a1bec97a6b6cd98d7c,Cc1c(-c2ccccc2)[nH]c2c([N+](=O)[O-])ccc(O)c12,0.5299000144004822,0.996640920639038,0.4089657650752501,2.320775,2.5155651569366455,0.4830253183841705,0,1,0,0.0666666666666666,3.757120000000002,0.5482887866349802
70e93954a261e27870526637dc9f3cd5,O=C(C1CCC(CN2CCOCC2)O1)N1CC(F)CC1CO,0.453900009393692,0.2899669706821441,0.0601925112582235,3.971251,-0.2215208113193512,0.3881603091955184,0,0,0,0.9333333333333332,-0.2024999999999985,0.7780703517812108
e4312ebda9dd0650c16b9adb7ef3b690,COC(=O)NC(C(=O)N1CCCC1c1nc(Cl)c(-c2ccc(-c3ccc(C(F)(F)F)cc3)cc2)[nH]1)C(C)C,0.7386999726295471,0.9934189319610596,0.4509052227843891,3.394586,-4.382323741912842,0.9357635378837584,0,0,0,0.3703703703703703,6.460000000000005,0.3699404560515942
bcf1487edb3b3277aeca7976deb1fc4e,CCn1cc(CNc2nc3[nH]cnc3c(=O)[nH]2)nn1,0.4081999957561493,0.7185115218162537,0.0318979096641256,3.13359,0.0088582932949066,0.1294081434607505,0,0,0,0.3,-0.1303000000000004,0.6011786521719336
78a1aaad010547daa0e278f8e63a8e47,C=CCN1C(=O)NC(=O)C(=C(CC)Nc2cccc(C(F)(F)F)c2)C1=O,0.6150000095367432,0.9632821679115297,0.1778865971348502,2.633906,-5.894851207733154,0.5498999029397964,0,1,0,0.2352941176470588,3.0458000000000007,0.4763666355806406
d827be3112b5d3575189582724f5c419,COC(=O)c1ccc(O)c(C2c3c(OC)cc(O)c(C(=O)CCc4ccccc4)c3OC2C(C)(C)O)c1,0.7401000261306763,0.9881963133811952,0.203478261151097,3.615996,9.417933464050291,0.737862491607666,0,0,0,0.3103448275862069,4.3723000000000045,0.3040800209152999
e3aca7b32e37ff78096145586ee8cc0f,CC(CC(=O)Nc1ccc(N(C)C)cc1)=NNC(=O)c1ccc(Cl)cc1,0.4061999917030334,0.8115302920341492,0.2166977030309763,2.048928,-9.846498489379885,0.6984165668487549,1,1,0,0.2105263157894736,3.5405000000000024,0.6012810136761331
0e9fcaa92985c0fc6a6d0f2c47d61987,N#Cc1c(NC(=O)c2cc(S(=O)(=O)N3CCC(=O)CC3)c(Cl)cc2Cl)sc2c1CCCC2,0.6693999767303467,0.9337106943130492,0.1735875904560089,2.672737,-3.0492122173309326,0.7114051818847656,0,0,0,0.3809523809523809,4.411280000000003,0.6532135827626483
67625afa617b95f1e3ef60e3512aaf6b,COc1c(Br)cc(C=C2SC(=S)N(c3cccc(C(F)(F)F)c3)C2=O)c(O)c1Br,0.7911999821662903,0.9972756505012512,0.44571599770676,2.730499,-3.897064447402954,0.8157471418380737,1,1,0,0.1111111111111111,6.350400000000005,0.3452352208639065
749b12162096ea7cd2311386c3c62f0a,CCCOc1ccc(S(=O)(=O)N2CCC(CCO)CC2)cc1-c1nc2c(CCC)cn(CC)c2c(=O)[nH]1,0.6330999732017517,0.8181712031364441,0.1370636692101305,2.934753,6.83995246887207,0.8953341841697693,0,0,0,0.5555555555555556,3.935900000000003,0.3878543843849431
77a8d6b770426038ad9170c856ba8756,Cc1ccc2c(c1)CCN2CCNC(=O)Nc1ccccc1Br,0.4932000041007995,0.8514657020568848,0.126250862059268,2.077633,-10.97969913482666,0.90850909948349,0,0,0,0.2777777777777778,3.941720000000002,0.851585233964234
31656c485b2b90c80d69cc90b8d49c53,CCOC(=O)C1CCN(C(=O)C2CCN(C3=NS(=O)(=O)C(c4ccc(C)cc4)=C3CC)CC2)CC1,0.5224999785423279,0.6214208602905273,0.0647424107248132,2.744632,-10.51332664489746,0.772149133682251,0,0,0,0.5769230769230769,3.3717200000000025,0.5742173036855539
2213ccc34c5161502f1b9492f22ccc43,CCCCNc1nc(Cl)nc2c1ncn2Cc1ccc(C(=O)Nc2ccccc2N)cc1,0.5766000151634216,0.928214192390442,0.424265591935678,2.365491,-2.553981065750122,0.958286726474762,0,1,0,0.217391304347826,4.574500000000002,0.2061925562427851
d6eea0b59b885054c30173eda42d6979,c1cnc(N2CCN(CC3c4ccccc4-c4ccccc43)CC2)nc1,0.5131999850273132,0.9474413990974426,0.4811342277310111,2.200987,-4.850566864013672,0.978518545627594,0,0,0,0.2727272727272727,3.411100000000002,0.73008779049079
5b49cb049d7d5104794e078524154fce,CSCCN(C)C(=O)c1cccc(CN(C)C)c1,0.3052999973297119,0.4793609976768493,0.0656550738706507,2.175577,-9.951257705688477,0.6970761179924011,0,0,0,0.5,2.1832000000000003,0.7883158707881511
e57e24a1c194633be4c04dbd6b31aefb,Oc1ccc(-c2c(Cl)cc(Cl)cc2Cl)cc1Cl,0.7773000001907349,0.9981992840766908,0.4237523945895108,2.054226,5.513467788696289,0.3702043831348419,0,0,0,0.0,5.672800000000001,0.7190487841411112
e78c24a5c2f9fab6cca13a331e054fa4,CCCCOC(=O)NS(=O)(=O)c1sc(CC(C)C)nc1-c1ccc(Cn2c(CC)nc3c(C)cc(C)nc32)cc1,0.6219000220298767,0.9555489420890808,0.1570873199538751,3.042038,-1.5729912519454956,0.870357358455658,0,1,0,0.4482758620689655,6.195840000000007,0.2091472922998314
faac57dd7cac03db204f770487b8e6a4,COc1cc(N)c(Cl)cc1C(=O)NC1CCN(CCCCCN2CCCCC2)CC1,0.5090000033378601,0.6703560948371887,0.5115431953560222,2.276384,-8.304215431213379,0.977499783039093,0,1,0,0.6956521739130435,3.781200000000004,0.4549792026113406
812a10b839c9a7393d36a211b32cce1a,CCn1c(CNc2ccc(C(=N)N)cc2F)nc2cc(C(=O)N(CCC(=O)O)c3ccc(Cl)cc3)ccc21,0.7055000066757202,0.9745774269104004,0.2690327181057496,2.65333,3.245922327041626,0.8235170483589173,0,1,0,0.1851851851851851,4.8663700000000025,0.1685134136528767
26ec4aa495cc219fced9c7b14b577089,O=C(CCC1=CCN(Cc2cc(C(F)(F)F)cc(C(F)(F)F)c2)C1=O)NO,0.7260000109672546,0.9685428142547609,0.207396309484135,2.854339,-6.977963447570801,0.7519706845283508,0,1,0,0.375,3.2784000000000013,0.4560767511672182
8b0f22fb64d8c0b41d102071a9955139,Cn1c(O)c(C(c2ccc(Cl)cc2)c2c(O)n(C)c(=O)n(C)c2=O)c(=O)n(C)c1=O,0.6018999814987183,0.8671426773071289,0.1338982551612637,2.888346,-8.305863380432129,0.2463564813137054,0,0,0,0.2631578947368421,-0.2738000000000005,0.5834179178029861
567f23fa8b7724ba9cbfe720658cecb0,CC(O)CN1CCN(c2cccc(Nc3nc4c(-c5ccc(S(C)(=O)=O)cc5)cccn4n3)c2)CC1,0.6428999900817871,0.9322996139526368,0.4778216725045984,3.024546,2.9615917205810547,0.9168085932731628,0,0,0,0.3076923076923077,3.0462000000000016,0.3943595722157217
f4befcdb35e9969594056bda8004c13e,Nc1cc2c3c(c1)C(c1ccccc1)=NC(NC(=O)c1ccncc1)C(=O)N3CC2,0.6547999978065491,0.8061466813087463,0.2342860129746523,3.064677,-8.58025074005127,0.7330642342567444,0,1,0,0.1304347826086956,2.16,0.6615566163406403
fb0b8e10e509691e0e758bb508dbc7e7,CC(C)N(Cc1ccccc1Br)CC(O)(Cn1cncn1)c1ccc(F)cc1F,0.6345999836921692,0.9422500133514404,0.3808749927715821,3.183445,-5.279655933380127,0.974476981163025,0,0,0,0.3333333333333333,4.117200000000003,0.5442079282494295
f04fe4a09e52bbe9eb5d81f264b084be,O=C1CC(=O)CC(c2cccc(Br)c2)C1,0.4598999917507171,0.9311919212341307,0.1429950281215662,2.371735,-8.393750190734863,0.0211718556005507,0,1,0,0.3333333333333333,2.854800000000001,0.7330285627650944
2e78f2f473727933a1af7a2303e6e436,O=C(O)CCCCCCCc1ccc(OCc2ccccc2C(=O)O)cc1,0.6204000115394592,0.9898220896720886,0.0805934298444878,1.868323,6.11192512512207,0.2757501348853111,0,1,0,0.3636363636363636,4.931500000000004,0.5175233476646353
3d2745153e444b5286a5530f9b75dccb,ON=C1CCc2cc(-c3cn(CC4CCNCC4)nc3-c3ccncc3)ccc21,0.59170001745224,0.9664656519889832,0.2921496670354496,2.865923,-5.104381084442139,0.9078736901283264,0,1,0,0.3478260869565217,3.736200000000002,0.5282562243898393
0365e8f539403c43febf1dadbff03ccf,O=C(O)C1CC23C(Cl)C(Cl)C(Cl)C(Cl)C2(CC1c1c2ccc(=O)c(O)c-2oc2c(O)c(O)ccc12)C3(Cl)Cl,0.8057000041007996,0.9976423382759094,0.3188301881521262,5.56186,11.861119270324709,0.3957487657666206,1,1,0,0.44,6.196300000000005,0.1489520383474778
dd1eaf16de4146050f49804f97f51f8e,Cc1ccc(CNC(=O)c2nc(SCc3ccc(F)cc3)ncc2Cl)cc1,0.5241000056266785,0.9119827747344972,0.1724439784884452,2.084623,-4.719206809997559,0.7478423237800598,0,0,0,0.15,4.799820000000003,0.4758381383809385
427ede5f9ccfc00cda143c1f0dcf3368,Cc1ccc(-c2noc(-c3ccc(N4CCN(C)CC4)c([N+](=O)[O-])c3)n2)cc1,0.5723000168800354,0.9588127732276917,0.2632543085650964,2.197088,-6.401132583618164,0.8928733110427857,0,1,0,0.3,3.372020000000002,0.5070656339932491
3378c516ea96faf1990556f19ef82c2e,C=CCN1C2CCC1CC(OC(=O)C(O)(c1ccccc1)c1ccccc1)C2,0.5914000272750854,0.931614875793457,0.2326343811371109,3.903492,5.827019691467285,0.9164963960647584,0,1,0,0.375,3.6471000000000022,0.6167272210085921
66a9bce53ca0e72bc9a1593e7dbab16f,COc1ccc(C(=O)Nc2cc(C(C)Nc3nccc4c(C(N)=O)cccc34)ccc2F)cc1F,0.6007000207901001,0.8445456624031067,0.388394300233234,2.816032,-5.336411952972412,0.8880862355232239,0,0,0,0.1153846153846153,5.045900000000003,0.3463005985340063
a25ef0561cefb358fdcd5ab36754a0f4,Cc1cccc(NC(=O)COc2ccc3c(c2)OCO3)n1,0.2998999953269958,0.6100318431854248,0.0726375562900846,1.989868,-6.658641815185547,0.5048317730426788,0,0,0,0.2,2.13622,0.9320959944254132
6138d609baa1330a3e05b4fc221712a1,COc1ccc(-c2cc(-c3ccccn3)nc(N)c2C#N)cc1C,0.5612000226974487,0.9842382669448853,0.3528850918466394,2.232944,-8.244279861450195,0.8114825010299682,0,0,0,0.1052631578947368,3.581500000000001,0.7979608288980335
76b865c19829f886b9c0408863a17def,Cn1cc(C(=O)Nc2sc3c(c2C#N)CCN(C(=O)Nc2ccc(F)cc2)C3)cn1,0.4805999994277954,0.8379305005073547,0.177853491495956,2.497872,-7.606431007385254,0.7715192139148712,0,0,0,0.2,3.334880000000001,0.6730435087001526
1c772c599f1d3316cd3ed06c72f89988,CC(C)CCc1noc(CN(CC2CCC2)CC2CCCO2)n1,0.3470000028610229,0.4261544644832611,0.123093934814361,3.038036,-11.732643127441406,0.7335389375686645,0,0,0,0.8888888888888888,3.439300000000002,0.6971591756397111
a10e47352e06761d8c2209635721db9d,Cc1cc2c(cc1Nc1nc(-c3ccncc3)cs1)nc(-c1cccc(C(F)(F)F)c1)n2C,0.6970999836921692,0.9926130771636964,0.5491312579675154,2.565961,-9.185263633728027,0.9558481335639952,1,0,0,0.125,6.829620000000005,0.3160925238440128
9af4dbf4c05a9f63b647244d3c364677,Cc1cc2cc(NC(=O)c3nnc(-c4ccccc4N)o3)ccc2[nH]1,0.5454999804496765,0.9337456822395324,0.2220938950777053,2.409351,-6.595206260681152,0.6520192861557007,0,1,0,0.0555555555555555,3.3608200000000004,0.4979636573122741
b7df22e3a83042950869b9d6e54934de,CCN1C(=O)CC2(C1=O)C(=O)N(CCc1cccs1)c1ccc(Cl)cc12,0.6377999782562256,0.874829888343811,0.101743877611377,3.487398,-8.576443672180176,0.2806368291378021,0,1,0,0.3157894736842105,3.0074000000000014,0.5972414812662736
d935f5378921a5b60f0ea6e2d21a5852,Cc1ccc(NS(=O)(=O)c2ccc(Cl)c(C(=O)Nc3ccccc3-c3nc4ccccc4[nH]3)c2)cc1C,0.6348999738693237,0.9942978620529176,0.4771117568016052,2.283639,-10.531379699707031,0.9521906971931458,0,0,0,0.0714285714285714,6.553240000000004,0.2312628361244843
4d5458500efd9ac043fc1b8635750cfc,COc1cc2c(cc1NC(=O)COC(=O)C=Cc1ccc([N+](=O)[O-])cc1)oc1ccccc12,0.5633999705314636,0.9262340664863586,0.302008722316135,2.32421,-8.61957836151123,0.8289601802825928,0,1,0,0.0833333333333333,4.697900000000003,0.189019483403161
7ecee3d3341a476beaefa5d962659c98,CCNC(=O)NNC(=O)Cn1nc(C)cc1C,0.2849999964237213,0.4313156306743622,0.0219646683809432,2.261415,-11.415825843811035,0.0072396345669403,0,1,0,0.5,-0.1497599999999992,0.6408944810034851
495fbd2f9c397cf2747fd0b0e30da01f,COc1ccc2c(c1O)-c1c3c(cc4c1C(C2)[N+](C)(C)CC4)OCO3,0.5289999842643738,0.9755092859268188,0.3497752465985038,3.65269,11.82638454437256,0.7774403095245361,0,1,0,0.4,3.026200000000002,0.8109079558745932
f316c9398e154c81dd28a7e335b1fd26,COc1ccc(OCCCCN)c(C2Sc3ccccc3N2C(C)=O)c1,0.4803000092506408,0.8034620881080627,0.1360554938966577,2.820414,-5.96142053604126,0.9053494334220886,0,1,0,0.35,3.9703000000000026,0.7451793435836704
b3e048609e8dc48dc6463b450e796576,CC1(C)OC(=O)C(CNc2ccc3c(c2)CCC3)C(=O)O1,0.436599999666214,0.8794956803321838,0.1570510000667788,2.724781,3.456146001815796,0.2025612026453018,0,1,0,0.5,2.0395,0.6811775930012279
c63d21d01e92a631561b3410acb57807,CCn1c(=O)[nH]c(=O)c2c1nc(Cc1cn3cc(C)sc3n1)n2Cc1cccc(C(F)(F)F)c1,0.597100019454956,0.955977499485016,0.2965079085393385,3.002701,1.5829697847366333,0.9188540697097778,0,0,0,0.2727272727272727,3.5817200000000025,0.4095952471812733
3a38cb1a026a8bd3d8e8ed74b946e936,Cc1cc(C)c(Sc2ccnc(Nc3ccc(C#N)cc3)n2)c(C)c1,0.5048999786376953,0.9964410066604614,0.3778160580179908,2.472254,-4.131682872772217,0.5891096889972687,0,0,0,0.15,5.168340000000004,0.6604896450931153
2a4290a24c2e7e14d1e73b5b3b32e15d,CCCN(CCC)c1cc(C)nc2c(-c3ncc(C)cc3OC)c(C)nn12,0.5178999900817871,0.8930283188819885,0.2850978008725426,2.887751,-11.309130668640137,0.9039072871208192,0,0,0,0.4761904761904761,4.351560000000004,0.6212221752464774
8ea2c0065a2cbc7d0e32e29d74779778,CCCn1c(=O)c2nc(-c3cccs3)[nH]c2n(CCC)c1=O,0.5338000059127808,0.7939891815185547,0.1072984717108986,2.668482,5.946511745452881,0.7644229769706726,0,0,0,0.4,2.4348,0.7850447905552449
0bed795040ecdaaf8f63365bc216b982,O=C(O)C1=C(C(=O)Nc2sc3c(c2-c2nc(C4CC4)no2)C2CCC3C2)CCC1,0.6934999823570251,0.974567711353302,0.1212695498358119,4.635339,-4.40001106262207,0.131662281602621,0,0,0,0.5238095238095238,4.543800000000004,0.7480370841525739
3179d634c9709e60404742d4398e02d3,C[n+]1ccccc1CCC(O)CCl,0.3515999913215637,0.8431555032730103,0.2266195992177183,3.500047,-7.077237129211426,0.0860829766839742,0,1,0,0.5,1.0434,0.5702841679360452
aeb0cd46db5795c34d1f5edadbd1959d,CCN(CC)Cc1cc(C(=O)Nc2c(O)c3ccc(OC4OC(C)(C)C(OC)C(OC(N)=O)C4O)c(C)c3oc2=O)cc(CC=C(C)C)c1O,0.8278999924659729,0.9982627630233764,0.3079640377651561,4.624444,6.640565872192383,0.9015608549118042,1,1,1,0.4722222222222222,4.468920000000003,0.131468805379188
8b91a63467afa921cba584c496a17c0a,Cn1ccnc1-c1ccc2c(c1)N(c1nc3c(s1)C(=O)NC(C)(C)C3)CCO2,0.6463000178337097,0.8758861422538757,0.206808291375637,3.055678,-10.24593448638916,0.7924596905708313,0,0,0,0.35,3.138600000000001,0.7217468383822151
df5aaf7e6f38ed573e71d44e7d0e12ac,O=C1C(=Nc2ccccc2)c2cccc3cccc1c23,0.5386999845504761,0.9962947368621826,0.2526010349392891,2.170872,-7.23356819152832,0.496007090806961,1,1,0,0.0,4.156900000000003,0.6433593583933997
3714de0b8b4445872c6b4b72b68cb43f,CCCCOc1ccc(OCCNS(=O)(=O)N(C)C)cc1,0.3456999957561493,0.6208276748657227,0.1000981503589586,2.007326,-9.690106391906738,0.6749384939670563,0,1,0,0.5714285714285714,1.6402999999999996,0.6664132602963837
f5a0d55443b9985f6f2c5c14f2b3edc1,CC(C)N1CCOC(CC(=O)NCc2csc(N)n2)C1,0.385699987411499,0.3300794661045074,0.0594812538898126,2.988424,-10.827841758728027,0.1853326261043548,0,0,0,0.6923076923076923,0.8408000000000004,0.8418131170993062
9d773222f820e33710d295eee6cf5754,CCCn1c(C(=O)N2CCN(CC)CC2)cc2cc(NC(=O)c3cccc(F)c3)ccc21,0.538100004196167,0.7229027152061462,0.1457764872095801,2.254382,-0.2310117185115814,0.9707051277160644,0,0,0,0.36,4.220400000000003,0.6295195154741113
42b97a8d35cb1c19b7f5e948bd838e47,COc1cccc(-c2ccc(N3CCCN(C(=O)CN(C(=O)CC(C)C)C4CC4)CC3)nn2)c1,0.4851000010967254,0.3379023373126983,0.0775868345729329,2.49646,-9.936685562133787,0.6945546746253968,0,0,0,0.5384615384615384,3.2280000000000015,0.5956778729398553
3affddce50fd15b09d4ca8a9c3fc10ea,Nc1ncnc2c1c(-c1ccc3nc(OC4CC4)ccc3c1)nn2CC1(CO)COC1,0.6784999966621399,0.9537471532821656,0.4208024645393545,3.063778,8.984028816223145,0.8686192274093628,0,0,0,0.3636363636363636,2.1738,0.4886566047697042
5e2cfb82ec0fdfb121bcba10c67ab3a6,COc1cccc2cc(C(C)N(CCCN3CCOCC3)C(S)=Nc3cc(C)cc(C)c3)oc12,0.5794000029563904,0.908214271068573,0.3381278704513203,3.428493,-8.45698070526123,0.9836808681488036,0,1,0,0.4444444444444444,5.761040000000007,0.2517949496072229
a8377aa299b542c75321afa13c7858b2,Cc1nc2cnccc2n1CC1CCN(C(=O)CN(c2ccccc2)S(=O)(=O)c2ccc(N=Nc3ccc(O)c(C(=O)O)c3)cc2)CC1,0.6757000088691711,0.9594128727912904,0.0643287942829457,3.100009,-6.903454780578613,0.786870539188385,1,1,0,0.2352941176470588,5.693020000000007,0.178871724930041
dca55835e36003e7c0899185706980f6,NNC(=O)c1cccn(Cc2cccc(C(F)(F)F)c2)c1=O,0.54339998960495,0.8788997530937195,0.1952687840570103,2.158897,-9.589027404785156,0.5070604145526886,0,1,0,0.1428571428571428,1.5188999999999997,0.5124222259205036
48d9346fbfb00290dd4e2b5a544d04e2,CCC1CN(c2nc(=O)n(C)c3ccc(C#N)nc23)C(C)CN1C(c1ccc(F)cc1)c1ccc(C2CC2)cn1,0.6916999816894531,0.9625779986381532,0.4161024608395316,4.212092,5.709183216094971,0.972783887386322,0,0,0,0.3870967741935484,4.690380000000005,0.3524331663478914
7ac15856091f3b39e7ef5fcb2cd7b2e5,CN(C)C1C(O)=C(C(N)=O)C(=O)C2(O)C(O)=C3C(=O)c4c(O)cccc4CC3CC12,0.7971000075340271,0.998911678791046,0.114915382117033,4.192993,12.9128999710083,0.1418081887066364,0,1,1,0.3809523809523809,0.1206000000000009,0.4264151724691377
4d52762609db382aa663ccebecd8ce2b,COC(C(=O)Nc1nnc(NC2CCN(c3cccnn3)C2)s1)c1ccccc1C1COC1,0.5942000150680542,0.6920543909072876,0.1020627360452305,3.664455,-10.693964958190918,0.4404877364635468,0,0,0,0.4090909090909091,2.4589,0.5154601502958205
c4979ee4d140846f2baa649e6470ed1d,c1ccc2c(c1)OCC(c1nc(-c3ccc(-n4cccn4)nc3)no1)O2,0.4882999956607818,0.6962026953697205,0.2420006956566464,2.98386,-4.926965713500977,0.6319590091705323,0,0,0,0.1111111111111111,2.8298000000000005,0.5628637164960076
89d2f2bdb55d14e625267aa6015116e0,COc1cc2oc(-c3ccccc3)cc(=O)c2c2c1OCCCO2,0.5277000069618225,0.8986266255378723,0.2292510230432857,2.475249,7.893197059631348,0.6915080428123475,0,0,0,0.2105263157894736,3.629900000000001,0.7202729649741785
bb2cc723ccead44bd1f964a1feaa7033,O=C(Cc1ccc(Cl)c(Cl)c1)N1CCCC1c1nnc2ccccn12,0.4672000110149383,0.6111692786216736,0.1468335437503728,2.744956,-11.298256874084473,0.288099792599678,0,0,0,0.2777777777777778,3.942300000000003,0.6968480405779005
318f27b75d610a33f5887fdd227015ee,CC(C)(C)NCC(O)c1cc2ccccc2c2ccccc12,0.6144999861717224,0.982447385787964,0.4509712078354575,2.500441,-7.758331298828125,0.9282760500907898,0,1,0,0.3,4.414500000000004,0.7008597272491124
71d55110f2a4bf2f1009fc25181fd656,CN(C)c1cc(NC(=O)c2ccccc2)c(O)c2c1CC1CC3C(N(C)C)C(=O)C(C(N)=O)=C(O)C3(O)C(=O)C1=C2O,0.8471999764442444,0.996479332447052,0.2130044966258786,4.11362,11.59665584564209,0.4880519092082977,0,1,1,0.3333333333333333,1.2823000000000009,0.2230288964578274
1fdebff3dbecc2661db9858a84cbcb49,Cc1cc(Cl)ccc1C(=O)Nc1ccccn1,0.3470000028610229,0.801110565662384,0.1569064523686062,1.689217,-8.440043449401855,0.1605212852358818,0,0,0,0.0769230769230769,3.295720000000001,0.883519198440467
1502f3794ec23d2c1525093413c3adae,O=C(CCN1C(=O)C(=Cc2ccccc2Cl)SC1=S)Nc1ccccc1O,0.6570000052452087,0.9735089540481568,0.195154761726206,2.204742,-9.453330039978027,0.7156929850578309,1,1,0,0.1052631578947368,4.275600000000003,0.4306850465604462
e6859799a8facb0520ae19c990c66d6b,C=CCN(C)N=Nc1ccc(C(N)=O)cc1,0.3641000092029571,0.636394739151001,0.079526483673941,2.773014,-9.79220485687256,0.0764637768268585,1,1,0,0.1818181818181818,1.902,0.4654997886447621
397624b0344918a54736a009c9d54c89,CC(C)N1CCC(c2nccnc2Nc2ncccn2)CC1,0.4065999984741211,0.7057027220726013,0.3040089146657423,2.584063,-11.355549812316896,0.6575005531311036,0,0,0,0.5,2.5980000000000008,0.9355792767330784
96b7b8d9c93ff6610ed66bf588fe23a9,Cc1nnc(C2CC3CN(C(=O)c4sccc4C)CC3O2)[nH]1,0.4363999962806701,0.2591236531734466,0.0271865937260868,4.307995,-8.75034236907959,0.0938147369772195,0,0,0,0.5333333333333333,2.08524,0.9201377967630556
ae808254aa8dc0963c80cace5d2dea35,CC(=O)OC1CC(O)C2(C)OCC(C)C3C(=O)C=C(C)C4C(CC1(C)O)OC2C34,0.5918999910354614,0.9324613213539124,0.1476894654333591,6.402022,10.050278663635254,0.0936957042664289,0,0,0,0.8181818181818182,1.3938000000000004,0.6323357028419332
d7d0211cba2666d41486c95906b6857e,CC(c1ccc(-c2cccc3ccccc23)nc1)n1ccnc1,0.5099999904632568,0.9661343097686768,0.2476062463088469,2.714319,-8.806950569152832,0.8885448932647705,0,0,0,0.1,4.707600000000004,0.5483731219494633
179adabb3f7fe45c6ec72cce5a7874e2,CCCN1CCN(c2ccc(NC(=O)c3ccccc3Nc3cccc(Cl)c3C)cc2)CC1,0.689300000667572,0.976970076560974,0.6201660226691853,2.076595,-8.934234619140625,0.9476492881774904,1,0,0,0.2962962962962963,6.176320000000006,0.4400242788386796
598df3b18df5a4cd5248b841d1153c7d,CC(C)N1CCC(NC(=O)C(=O)c2ccc3c(c2)CCC3)CC1,0.4084999859333038,0.4627828598022461,0.1917593831365758,2.250724,-6.6410627365112305,0.6352532625198364,0,1,0,0.5789473684210527,2.3470000000000004,0.6854028066944611
244519f82705a6b481fb1fe775d8e05a,COc1c(O)cc2c(oc3c4cc(O)ccc4ccc23)c1CC=C(C)C,0.6060000061988831,0.9962318539619446,0.410878525538878,2.772028,11.73037338256836,0.8085261583328247,0,1,0,0.1818181818181818,5.667700000000005,0.4684242749445537
3a47d4caa11835f300cdae71fba20a65,COc1ccc(NC(=O)Nc2c(C)n(-c3ccccc3)c(=O)n2C)cc1OC,0.3968000113964081,0.5525712370872498,0.1841653070666573,2.226113,-8.567212104797363,0.6220738232135773,0,0,0,0.2,3.145620000000001,0.7097557545041416
f54f50248c502e345c1f50a220e3d86a,C=CC1(C)CCc2c3c(cc(O)c2C1O)C(C)(C)C(O)CC3,0.5940999984741211,0.9858518242836,0.2926108674569563,4.406918,11.422629356384276,0.4649018347263336,0,1,0,0.5789473684210527,3.148800000000002,0.6984315645782271
f426512af59337c5752eb0858d0293cc,Nc1ccccc1-c1nnc(C(=O)NCc2ccc(Cn3cccn3)cc2)o1,0.5015000104904175,0.715514600276947,0.1632521193135868,2.343615,-8.86196231842041,0.5964102149009705,0,1,0,0.1,2.4936000000000007,0.5016024015916357
6abb266c163e9f030e68a1f938e12fa7,Cc1nnsc1CN1CC2CCC(C1)N(Cc1c(C)noc1C)C2=O,0.4805999994277954,0.3657563030719757,0.0382695875946775,4.346761,-9.90866756439209,0.4317653357982635,0,0,0,0.6470588235294118,2.07436,0.8298471795506014
c9f16ec3d34ddd8beb68faa276f74829,COc1cc(C)c2c(OC3CCCCC3C(F)(F)F)c(OC)cc(NC(C)CCCN)c2n1,0.6866000294685364,0.9554295539855956,0.5400953130288557,3.942871,3.3538334369659424,0.8979812741279602,1,0,0,0.625,5.599620000000004,0.4978061103487241
7e68038992c89edad24b5b8fc0328942,CC1(C)CN(CCc2nc3c4ccc5c(c4nc(N)n3n2)OC(F)(F)O5)C1,0.6359999775886536,0.9533432126045228,0.542713768102906,3.334085,8.301440238952637,0.9058492183685304,0,0,0,0.4705882352941176,2.0655,0.7481756746017711
7d98c38cbe4496026c17f2f96f6d1757,COc1cc(CC(=O)OCC(=O)Nc2ccc3c(c2)OCCO3)cc(OC)c1OC,0.3987999856472015,0.7113543152809143,0.0963866505771875,2.157291,-9.982464790344238,0.6584114670753479,0,0,0,0.3333333333333333,2.208,0.6526679984145427
0ea851a6c8aadf31b9a466dd9a43a4b7,Oc1c(C=Nc2cccc3cccnc23)sc2ccccc12,0.5636000037193298,0.9929621815681458,0.2959390797398307,2.548447,-0.0175355374813079,0.5139162480831146,1,1,0,0.0,4.905700000000002,0.5349839595708723
1f63cc6d57a5aa1ca43958dfec306853,CCN=C(NCC)NCc1cc2sccc2s1,0.4553000032901764,0.8204485774040222,0.0442442598922008,3.039516,-8.073840141296387,0.4809367150068283,0,1,0,0.4166666666666667,3.0378000000000016,0.6596730799733354
766143fb0ba197095630a930b4e85373,O=S(=O)(c1ccc(F)cc1)N1CCC2C1CCN2c1ncccn1,0.5805000066757202,0.5916492342948914,0.1468197723681276,3.157644,-2.1137566566467285,0.6537964224815369,0,0,0,0.375,1.6576000000000002,0.8439040529724785
113db3c6c2729114049e489e2420b06f,NC(=O)c1cccc(NC(=O)C=CC(=O)N2CCN(c3ccc(Cl)cc3)CC2)c1,0.5152999758720398,0.8241592049598694,0.3184890313581986,2.128664,-7.42637825012207,0.4915653586387634,0,1,0,0.1904761904761904,2.2824,0.7362368178287144
a87a6246b1c384ab196598e3a9234202,COc1cc(-c2c(C)cc(O)cc2OC2OC(CO)C(O)C(O)C2O)oc(=O)c1,0.4842000007629394,0.936503529548645,0.1406478714197874,4.02695,10.615899085998535,0.4015393674373627,0,0,0,0.4210526315789473,-0.4918800000000001,0.4351618887000004
b0a580078c60e1402fb6ba13daefa68e,N#Cc1ccc(-c2cc(-c3ccccc3F)n(-c3ccc4c(c3)OCO4)n2)cc1,0.5120999813079834,0.980979859828949,0.4085656756704504,2.308673,-10.5370512008667,0.9072985529899598,0,0,0,0.0434782608695652,4.945780000000003,0.5024485198960478
b7986f48121326b80b83d10011ca928b,O=C(NC1CC2CCC(C1)N2S(=O)(=O)NC1CCNCC1)c1cc(C2CC2)on1,0.5777000188827515,0.5506866574287415,0.0755975346758284,4.45505,-5.874705791473389,0.3957957506179809,0,0,0,0.7894736842105263,0.8636000000000008,0.6249999605241491
4053c3e50db816c88120e0b718ce1796,CC(C)N1CCN(C(=O)CCC(NC(=O)C=Cc2cc(Cl)ccc2-n2cnnn2)C(=O)Nc2ccc(C(=O)O)cc2)CC1,0.6146000027656555,0.7343098521232605,0.1085101843557574,3.249741,-9.270062446594238,0.2492223501205444,0,1,0,0.3448275862068966,2.4834000000000005,0.2775474307036023
0252a15b0a8a7535f412aeacb6fc9f72,Cn1c(CCN2CCCCC2)nc2cc(NC(=O)C3CCCCC3)ccc21,0.3490000069141388,0.4412696659564972,0.1431508836421099,2.1711,-9.526177406311035,0.9637143015861512,0,0,0,0.6363636363636364,4.1205000000000025,0.8635547440165643
fac21449838c901556d3291dae96ea51,COc1cccc2c1OC(c1ccc(F)cc1)N1N=C(c3ccccc3)CC21,0.5281999707221985,0.9670100212097168,0.3388395038518039,2.995734,-11.590018272399902,0.9282722115516664,0,0,0,0.1739130434782608,5.0766000000000036,0.6413568618060913
e0383f8e740c4d528a6d43ec403374e8,Cc1cc(Cl)cc2c(CN3CC4CC3CO4)c3c(C)n[nH]c3nc12,0.6389999985694885,0.964392900466919,0.3422372165051373,4.632134,-5.208010673522949,0.7896968126296997,0,0,0,0.4444444444444444,3.354440000000001,0.7755884945314744
48907f963181607355f783f5831bd01d,CCc1noc(C)c1C(=O)OCC(=O)Nc1ccccc1SC,0.3813999891281128,0.7219968438148499,0.0458381811834194,2.222769,-11.345280647277832,0.115674178302288,0,0,0,0.3125,3.062820000000001,0.6457202556657807
fecbf8040e76ff3bfc5dff9de69bfae9,CC(=O)OC1CC2C(COC(=O)CC(C)C)=COC(OC(=O)CC(C)C)C2C1(O)COC(=O)CC(C)C,0.5785999894142151,0.9560702443122864,0.257351517169313,4.576718,9.37216854095459,0.5935962498188019,0,1,0,0.7777777777777778,3.293400000000002,0.2980414592333089
dd2e4e499d5e1e9f588e112454430a9c,c1ncn(Cc2ccc3c(c2)-c2[nH]nc(-c4ccsc4)c2C3)n1,0.6169999837875366,0.9403513073921204,0.1826347756114873,2.772332,-5.613615036010742,0.6120450645685196,0,0,0,0.1176470588235294,3.3492000000000015,0.5546214500804355
c22ccaf9b3c5e69a53abfc139fb46c8e,CCN(CC)c1ccc(C=NN2CCN(Cc3ccc(Cl)cc3)CC2)c(O)c1,0.5964999794960022,0.9655534625053406,0.4153399521654302,2.460605,-9.9987154006958,0.9651420474052428,1,1,0,0.4090909090909091,4.043500000000003,0.7119491357093187
c238a32cc73d87b5ffcbdcf3ec253249,COC(=O)NCC1OC(=O)N2c3cc(F)c(C4=CCN(C(=O)CO)CC4)cc3OCC12,0.8029999732971191,0.7951197624206543,0.0587633229284123,3.873587,4.81212854385376,0.5069675028324128,0,0,0,0.45,0.8758999999999995,0.7208469522991233
ddb162ad3a8fe1cbcde8b9cec719c67a,CN(C)CCNC(=O)c1ccc(NCc2ccncc2)c2c(=O)c3ccccc3[nH]c12,0.6129000186920166,0.9366565346717834,0.2555020397359674,2.435648,5.4959025382995605,0.9372331380844116,0,1,0,0.2083333333333333,2.979800000000001,0.4039105423556611
b8f5971023001093542f6a10e2e66adb,CCc1noc(-c2[nH]c3ccccc3c2C(=O)C(=O)N(C)C)c1C,0.4990000128746032,0.8953723311424255,0.0823510622775012,2.792926,-9.540593147277832,0.2361293733119964,0,1,0,0.2777777777777778,2.964620000000001,0.5906285570215432
238dcb315b5fbc051a86508630aa662a,CCOc1ccc2[nH]c(SCC(=O)NCc3ccc(OC)cc3)nc2c1,0.4088999927043915,0.7998906970024109,0.1559966714544729,2.037423,-11.05026149749756,0.8208921551704407,0,0,0,0.2631578947368421,3.378700000000001,0.5938333762951813
0c8104c9b8683dc50082fdcd2f4fbbe6,CCN(CC(=O)Nc1ccc2c(c1)OCCO2)c1nc(-c2cccnc2)nc2ccccc12,0.6122000217437744,0.9181639552116394,0.2473956854505972,2.428538,-6.604011058807373,0.9285038828849792,0,0,0,0.2,3.9280000000000026,0.4849092003174098
7dafee74aa6a1d72d8efffdc29b3b9ad,CC(C)Cc1ccc(C(C)c2nc3cc(OCC(=O)O)ccc3n2Cc2ccccc2Cl)cc1,0.6840000152587891,0.992034912109375,0.238733559846878,2.796087,-9.675629615783691,0.6168537735939026,0,0,0,0.2857142857142857,6.5517000000000065,0.2971699165686011
44fd9d187107acac939bab2a6acae717,O=C1C=CC=CC1=CNNC(=O)c1ccccc1O,0.4377999901771545,0.9861994981765748,0.2155957682566209,2.331836,9.623119354248049,0.0489216521382331,0,1,0,0.0,1.2056,0.5607315874230929
155d99409c5d8cd7c093d4045e406d37,CN(C)CCCC(=O)Nc1ccc(C(=O)NC2CCCC(Nc3ncc(Cl)c(-c4c[nH]c5ccccc45)n3)C2)cc1,0.6777999997138977,0.9818705916404724,0.4743229015306993,3.394603,3.588703870773315,0.8971578240394592,0,0,0,0.3548387096774194,5.711700000000004,0.1930628465768158
ef89378e0f33ba5acceb228b6f02815e,COc1cc(C(C)C)c(Oc2cnc(N)nc2N)cc1-c1ccc(OC(F)(F)F)cc1,0.8015999794006348,0.997756004333496,0.6039187691428445,2.580431,-4.1625213623046875,0.8700529575347901,0,0,0,0.238095238095238,5.130900000000003,0.5539049132623989
9a10dba552d647086992eb47a994db8b,Fc1ccc(Nc2nc(-c3c(Cl)cccc3Cl)cs2)cc1,0.6725000143051147,0.9958540201187134,0.2675659236582843,1.994409,-6.579291343688965,0.3797452747821808,0,0,0,0.0,5.999600000000003,0.6329567702767713
32bf2d5bcb6f53618e6d7d04de0cb7f0,COc1ccc(SCC2c3cccc(O)c3C(=O)C3=C(O)C4(O)C(O)=C(C(N)=O)C(=O)C(N(C)C)C4C(O)C32)cc1,0.8335000276565552,0.9973503351211548,0.1367874739860946,4.576592,8.30395221710205,0.4511641770601272,0,1,1,0.3448275862068966,1.4333999999999996,0.213352918394605
57017fb7e8a628bbb724c31fd60b2f7b,COc1ccc(C(C)=NNc2ncc(Cl)cc2Cl)c(O)c1,0.6055999994277954,0.9810492396354676,0.3986086980863051,2.365762,-8.82801628112793,0.5215632438659668,1,1,0,0.1428571428571428,3.9387000000000016,0.6596328965436246
cb7b080418e4578cd394b921e81b94a2,CNc1cc(C2(C(=O)Nc3cc(C(=O)Nc4cccc(C#N)c4)ccc3C)CC2)ncn1,0.488099992275238,0.8759036064147949,0.2820947183804078,2.63686,-7.148298263549805,0.8152989506721496,0,0,0,0.2083333333333333,3.621000000000002,0.5537358610800177
851f0792ed4c3ebacbb75cbf078e7150,O=C1Nc2cc(C(F)(F)F)ccc2N2CCCCC12,0.6011000275611877,0.9322006106376648,0.2101594602519815,2.720531,-8.462286949157715,0.6486538529396058,0,0,0,0.4615384615384615,3.0164000000000017,0.7855935933609821
c2576ca33e16069dd93ca5c01c5766ab,COCc1ccc(Nc2cc(NC(=O)C3CC3)nc3[nH]n(C)c(=O)c23)c(N(C)S(C)(=O)=O)c1,0.5230000019073486,0.7185874581336975,0.0950502885336225,3.097607,-5.734646797180176,0.8150166869163513,1,0,0,0.3809523809523809,1.8959,0.4531347414686718
3c7550f69917f8e324c7ffac5e0d6397,CCOC(=O)C1(CCOC)CCN(C(=O)Cc2ccc3ccccc3c2)CC1,0.3521000146865845,0.5801337361335754,0.0827555029907009,2.342258,-8.5421142578125,0.8462590456008912,0,0,0,0.4782608695652174,3.5907000000000027,0.6858628286648323
60a20b4bc8ecf6f688d79fa023887b16,CS(=O)(=O)Nc1cc2c(cc1OC1CCCC1)C(=O)CC2,0.4763999879360199,0.7194268107414246,0.049690605268221,2.451845,-3.853886842727661,0.1118716284632682,0,0,0,0.5333333333333333,2.508400000000001,0.9272649870030442
afc915d83693df06f2cd3a21b8a6ca5f,Cc1ccc(Sc2c(C)nn(C(=O)c3cccnc3)c2C)cc1,0.552299976348877,0.8746353387832642,0.1766410862857645,2.362345,-7.26846981048584,0.4570106029510498,0,0,0,0.1666666666666666,4.043060000000003,0.7295684743696874
3937ca96643970c930eaf1a82e15820c,Cc1nc(NC(=O)c2ccccc2OC(F)(F)F)c(C)c(-c2ccc3c(c2C)N(C)CCO3)c1C(OC(C)(C)C)C(=O)O,0.7181000113487244,0.989657998085022,0.2300898757847872,3.729133,2.1404736042022705,0.5342168092727662,0,0,0,0.3870967741935484,6.594160000000007,0.3120736393277996
592610b24d63ea51402ff6a653f903a3,CC1CC(=O)C=C(Nc2ccc(C(F)(F)F)cc2)C1,0.4891999959945678,0.9641865491867064,0.3938538648865439,2.912749,-5.897789001464844,0.3859900891780853,0,0,0,0.3571428571428571,4.000200000000002,0.8787977538060856
a3bf35ad2b0f07855d45189c5de3be37,Cc1ccc(N2C(=O)CSC2c2ccc(S(C)(=O)=O)cc2)cc1,0.3402999937534332,0.6302339434623718,0.1150330345739017,2.556419,-8.589113235473633,0.180610242486,0,0,0,0.2352941176470588,3.177120000000002,0.8556394158989891
8f749b7d3c3bf091d949a87880d0dd82,Cc1ccc2c(c1)C=C(CC1CN=C(N)O1)CC2,0.5321999788284302,0.918476939201355,0.1743488934907046,3.552751,-8.083610534667969,0.766374135017395,0,0,0,0.4,2.4282200000000005,0.865452508612912
873d18da94ecc7629fc27f9caa30d906,CC(=O)Nc1nc(C(=O)NC(C)c2ccc(OC3CCN(c4ccc(OC(C)C)cc4)C3)cc2)cs1,0.6126000285148621,0.8891417980194092,0.1954891370101408,3.162505,-1.6552656888961792,0.6079634368419647,1,0,0,0.3703703703703703,5.037400000000005,0.420848773292751
f4d0ac743a9f91a9b030ae1683399efc,Cc1ccc(C(=O)NCC#N)c(O)c1C,0.3961000144481659,0.8409782648086548,0.0312724713978902,2.237012,-9.120454788208008,0.1731807142496109,0,1,0,0.2727272727272727,1.26242,0.7121401097843456
f29a6e763e352cff234e8521d1d568c0,CCCN(CCC)C(=O)c1sc(C)nc1C,0.3235999941825866,0.2993486523628235,0.0608856104822321,2.222508,-6.877155780792236,0.2190977826714515,0,0,0,0.6666666666666666,3.022140000000002,0.7923218918740834
12b866c15951f0c8cc56857a41beca24,COC(=O)c1cc(S(=O)(=O)NCCc2ccc(Cl)cc2)c[nH]1,0.4708999991416931,0.7287555932998657,0.1151644316586581,2.143623,-11.585899353027344,0.1715361710637807,0,0,0,0.2142857142857142,1.9757,0.7855369866378488
e42789011d8d345b1fe9ede1d74afedd,C=CC(=O)N1CCCC(n2cc(C(N)=O)c(-c3ccc(OCCOC)cc3)n2)C1,0.3998000025749206,0.309147834777832,0.1187782883644104,3.044877,-3.083592176437378,0.5435746908187866,0,1,0,0.3809523809523809,2.0237,0.5417036566933829
15d03ed40b0f0f0724aea38a9ac8b0ce,Cc1cc(C)c(S(=O)(=O)N(CC(=O)O)c2ccc(OC(C(=O)O)c3ccc(C(C)(C)C)cc3)c3ccccc23)c(C)c1,0.7206000089645386,0.9948717951774596,0.1492644233459776,3.175055,-10.792548179626465,0.6479424476623535,0,0,0,0.2727272727272727,6.547160000000007,0.2271455900561345
ca01e8559b8c326597cd3a081abe69f6,O=C(COc1ccc2ccc(=O)oc2c1)N1CC2CC(C1)c1cccc(=O)n1C2,0.4681999981403351,0.4889771342277527,0.0905735509639436,3.9468,10.881952285766602,0.4699344396591186,0,1,0,0.3181818181818182,1.9794,0.6368882345245857
95879ea89c37a9f563137ed44dc9cdda,CC(=O)Nc1ccc(C2CN3CCCCC3CO2)cc1,0.3768999874591827,0.3557750284671783,0.1416999650272456,2.885458,-4.7821736335754395,0.6496038556098938,0,0,0,0.5625,2.5708,0.9009223380041708
ff7901d86be26f58914a0894624b5dc1,O=C(CCC1CCCC1)N1CCC(c2cc3ncccc3c(O)n2)CC1,0.5945000052452087,0.8003684282302856,0.1058199871331453,2.498912,-10.42676067352295,0.524788749217987,0,0,0,0.5714285714285714,4.011800000000003,0.9016734611070348
404917e65ee9c181065732dc6c5da10b,O=C(C=Cc1ccc(-c2cccnc2)cc1Cl)NO,0.5216000080108643,0.9775300621986388,0.3841361200267618,2.179428,-7.882877349853516,0.1460525169968605,0,1,0,0.0,2.9206000000000003,0.5138475274081653
369ff54a9569ef2b8176759c3fbe152c,CC1=NN(c2nc(N)nc(CC(N)=NO)n2)C(C)(C)C1,0.4487000107765198,0.8847313523292542,0.0858149584382772,3.409547,-10.989303588867188,0.1690603166818619,0,1,0,0.5454545454545454,0.1072999999999999,0.3083032744849602
19e7af6ed00bacb8f4c675cc6bd82582,Cc1nnc2sc(Cc3sc(N)nc3O)nn12,0.4393999874591827,0.9047006964683532,0.0640247452220964,3.363744,-12.284114837646484,0.0208133910782635,0,0,0,0.25,0.8293199999999998,0.7133447386150564
b8d6e2d408cbd450ef84fa3e920695b7,COc1ccccc1N1C(=O)C2ON(c3ccccc3)C(c3ccc(N(C)C)cc3)C2C1=O,0.5631999969482422,0.90248441696167,0.2612654946067116,3.267758,-8.141547203063965,0.8592471718788147,1,1,0,0.2307692307692307,3.8123000000000022,0.5591125119721181
8b70d21dddca8654427fab58acc2a2ee,Cc1cccc(NC(=O)N(C)CC2CCCOC2)n1,0.2486000061035156,0.1888473480939865,0.0745039611038836,2.777185,-8.001362800598145,0.4162515819072723,0,0,0,0.5714285714285714,2.280320000000001,0.909896057877702
eb1661a9e5f6a9057b0b8e7448c37da1,CCC(C)C(NC(=O)C(CC1CCCCC1)NC(=O)c1ccno1)C(=O)Nc1ccc(CC(=O)N2CCC(CN)CC2)cc1,0.621399998664856,0.8426418900489807,0.2367720393971963,3.727328,-6.22993803024292,0.6784520864486694,0,0,0,0.6060606060606061,3.6528000000000023,0.2700477264982566
f277379793b3ae541bfd4ef5599a7db8,CCn1c(=O)[nH]c(=O)c2c1nc(Cc1cn3ccsc3n1)n2CC(=O)c1cccc(OC)c1,0.5392000079154968,0.7182055115699768,0.1329613707282326,2.87128,-7.701765060424805,0.6208859801292419,0,0,0,0.2272727272727272,2.0976999999999997,0.3688770064021137
cc71f348c72a8e25fde21ed3f3ebd788,COc1ccc(-c2cc(NC(=O)CCC(=O)N3CCN(CC(=O)NC(C)(C)C)CC3)nc(-c3ccc(OC)cc3)n2)cc1,0.5583000183105469,0.8804095983505249,0.2583516382358291,2.543637,-6.848894119262695,0.8876274704933167,0,0,0,0.40625,3.6054000000000017,0.3680862369899552
1aa0fab25c314963d0d203ac83d5780a,CN1CCC(CCC(=O)NC2CC2)CC1,0.3158000111579895,0.4102838337421417,0.031253266994926,1.989146,-11.975643157958984,0.2251363068819046,0,0,0,0.9166666666666666,1.3869999999999998,0.7601852825850347
ce8776392b5471b29d4da03a10b641ca,CCCC(C(CC1CCCCC1)C(=O)NC(C(=O)Nc1ccccn1)C(C)CC)N(O)C=O,0.6198999881744385,0.8678306341171265,0.3427341891960664,3.854479,5.419626235961914,0.5521369636058807,0,1,0,0.68,4.153900000000003,0.2325276355216477
66f2e401c5a498f0e1307f9ea3792bfd,O=C(Nc1cc(F)ccc1F)N1CCCCCC1CC(O)c1ccccc1,0.5322999954223633,0.7044307589530945,0.2112050977620211,2.878731,-9.058255195617676,0.8844564318656921,0,0,0,0.3809523809523809,4.865000000000005,0.8025642126943116
a549de98669f989de45895910bfc0e97,CN1CC(CC#N)CC2c3cccc4[nH]c(Cl)c(c34)CC21,0.5992000102996826,0.9529250860214232,0.3380134858783673,3.947296,6.224365234375,0.9369104266166688,0,0,0,0.4705882352941176,3.694980000000002,0.8723457263543835
bf22ac4d76b6558b49899a8549b74463,COCCNC(=O)C1CCC(c2ccccc2)N(C(=O)c2ccccc2F)C1,0.4609000086784363,0.4446922838687897,0.0640540005300532,2.803202,-5.4551191329956055,0.9044262290000916,0,1,0,0.3636363636363636,3.1818000000000017,0.7785275839689297
a65d254ebc80a300447929fe092ca408,COc1ccc2c(C=Cc3cc(OC)c(OC)c(OC)c3)cc(=O)oc2c1,0.4828999936580658,0.9538717865943908,0.2583140188997442,2.308843,10.569184303283691,0.6959962129592896,0,1,0,0.1904761904761904,3.9978000000000034,0.6128922521521519
f4da687a13046cfd7e34f8242d83feec,CCNc1nc(NC(C)C)nc(N2CC(=O)N(CC(=O)OCC)C2=N)n1,0.4837000072002411,0.6597756743431091,0.1469545103609562,2.982989,-5.923450946807861,0.2669068850576878,0,1,0,0.6,0.2701700000000003,0.5550539057411294
fc6b599968ee3a046dc76c230b02ed7f,S=c1[nH]c2ccccc2c2ccccc12,0.4736000001430511,0.986968755722046,0.2518595111641017,1.97888,-7.81296443939209,0.3458146154880523,0,1,0,0.0,4.050590000000002,0.4378667635860478
c18b0493ad5729f3e078c19748618a45,C[N+](C)(C)CCc1cc2c(cc1C(=O)C(=O)c1ccc3c(c1C(=O)O)OCO3)OCO2,0.5852000117301941,0.9303778409957886,0.1311545890163291,3.084672,11.674582481384276,0.1558851927518844,1,1,0,0.3181818181818182,2.1565000000000003,0.4060804593438249
adfea1e4f8de72c3e5647798bfb791a4,CNC(=O)c1cnc(Nc2ccc(F)cn2)cc1Nc1ccccc1C(N)=O,0.5457000136375427,0.9082814455032348,0.406548409299417,2.426421,-6.2210893630981445,0.6011302471160889,0,0,0,0.0526315789473684,2.5614,0.5213326724669896
de9cbfd6e2d5eeea00bdd6f70148b4d8,CCS(=O)(=O)NCCNc1c(C#N)cnc2c(C)cc(F)cc12,0.4921999871730804,0.8294308185577393,0.2030670761384747,2.665966,-12.4161376953125,0.8668161988258362,0,1,0,0.3333333333333333,1.9052,0.7858012253455672
d04acdd9c54f9cf776737d4e832867b3,Oc1ncnc2c1ncn2CC1CC(O)c2ccccc21,0.4623999893665313,0.912577509880066,0.2983659451658075,3.583962,1.5529941320419312,0.1239455699920654,0,0,0,0.2666666666666666,1.7528,0.747806934561167
15936962c5e2ba240fe7f05f1417e930,Cc1cc2c(cc1Cl)SC(N=C(N)Nc1ccc(N3CCOCC3)cc1)=NS2(=O)=O,0.6013000011444092,0.833651602268219,0.2173099294304847,3.051891,-9.948386192321776,0.5719796419143677,1,1,0,0.2631578947368421,3.0622200000000017,0.5176950112953213
8f1d5208becbc47e8374c3944f7ac667,Cc1cc(C=C2SC(=O)NC2=O)c(C)n1-c1ccc(Oc2ccccc2)cc1,0.6360999941825867,0.9885258674621582,0.4139604365283792,2.281662,-10.10630702972412,0.4467349350452423,1,1,0,0.0909090909090909,5.210340000000004,0.6213774455262188
55becd5ce80ea51b5e9d623e3ee9202c,O=C(c1cccc(OCC2c3ccccc3CN2c2cn[nH]c(=O)c2C(F)(F)F)c1)N1CCN(c2ncc(C(F)(F)F)cn2)CC1,0.7214999794960022,0.9463792443275452,0.3641302666880868,3.662081,-7.594329833984375,0.9459930300712586,0,0,0,0.3,4.700200000000003,0.3011114005358386
f54a3acfd70e19b8696d35c3ecbdd54e,CCN(Cc1ccccc1)C(=O)c1cc(NS(=O)(=O)c2cccs2)ccc1N1CCNCC1,0.6043000221252441,0.8119496703147888,0.101997760547833,2.397068,-7.028696060180664,0.9173184275627136,1,0,0,0.2916666666666667,3.620800000000002,0.5104412794359359
1ae18714253abf467abdf431d7eab621,COc1ccc2c(c1)c(CC(=O)NCCc1ccc(O)cc1)cn2C(=O)c1ccc(Cl)cc1,0.5935999751091003,0.9550386667251588,0.2094630612568422,2.275012,-5.667449951171875,0.8035058379173279,0,0,0,0.1538461538461538,4.598800000000003,0.4203897587037543
dd4577eedbddcaf12c6f0d2ddfbfeae1,COc1ccc(-c2ccc3nccc(Nc4ccccc4)c3c2)cc1,0.5995000004768372,0.9950576424598694,0.4854054884477095,1.785061,-8.238991737365723,0.8881888866424561,0,0,0,0.0454545454545454,5.6540000000000035,0.5256828107130163
7dda81131a24d9a5454e2542005b38e0,N#CCC1(N2CCC(NC3CC3c3ccccc3)CC2)CN(CCO)C1,0.5220000147819519,0.8142607808113098,0.1919923580505631,3.622188,2.157102584838867,0.9454961895942688,0,0,0,0.6666666666666666,1.5568799999999996,0.7780211993441151
6e982350758681428ef5b9bfa61f68f9,Nc1cc(C=Cc2ccc([N+](=O)[O-])o2)nc2ccccc12,0.6478000283241272,0.9937117099761964,0.4333499019796198,2.548052,-6.439266204833984,0.4815852522850036,0,1,0,0.0,3.4886000000000017,0.5852784924934004
0bafb9690bfdcef9d7f4788139d5b8c4,CC(C)CCCC(C)NC(=O)OCCCc1c[nH]cn1,0.3998999893665313,0.7319461703300476,0.1405710174109448,3.08079,-3.8563053607940674,0.5355350434780121,0,1,0,0.7333333333333333,3.2833000000000014,0.6825280908603886
ae0ba993c48f5e4b7e86399f9d40e406,O=c1[nH]c(=O)n(Cc2cccc3cnccc23)nc1O,0.4964999854564667,0.8646377921104431,0.160969656299461,2.616132,-10.012665748596191,0.058257988654077,0,0,0,0.0769230769230769,0.2336999999999994,0.694013864137205
f405151725453beb4fa27acc71e5680d,C=C1C(=O)OC2C=C(C)CCC(OC)C(C)(C)C(=O)C(OC(=O)C3(C)OC3C)C12,0.5949000120162964,0.97198224067688,0.5632540380412882,5.299239,8.62170696258545,0.1884671099483967,0,1,0,0.6818181818181818,2.5238000000000005,0.3077552979866945
4d7372a50e7e95bf6bbdd4d7f67fa2e6,Nc1cc(F)c(-c2c(F)cccc2F)nc1C(=O)Nc1cnccc1C1CCCC(N)C1,0.703499972820282,0.9670462608337402,0.3607293394478885,3.502216,-1.642840027809143,0.8684485554695129,0,0,0,0.2608695652173913,4.380300000000002,0.5570578133802823
d472757c6f2f96a65225a2e6ccfe027b,COc1ccc2nc(O)c(C(=O)N(C)c3ccc(F)cc3)c(O)c2c1,0.6017000079154968,0.9525513648986816,0.2344799908724698,2.417612,-7.936347007751465,0.5803653419017791,0,0,0,0.1111111111111111,3.0703000000000022,0.764259365571698
30fcc405fdf7163ef7f26733c3553969,Oc1ccc(C2(c3ccc(O)cc3)C3CCCC2CCC3)cc1,0.6496000289916992,0.9930838942527772,0.4098465198820287,3.071129,7.550625324249268,0.5136353611946106,0,0,0,0.4285714285714285,4.984100000000003,0.8207502198026486
772d1780e082f97daaed049a80c610d3,CCc1sc(C(=O)CCc2cc(C)c(OCC(O)CO)c(C)c2)c2c1CC(C)(O)CC2,0.6057000160217285,0.9564160108566284,0.2301597283645109,3.789274,9.336560249328612,0.5322637498378754,0,0,0,0.56,3.714540000000003,0.5113037619513527
dd7d825d90198681dc42cd244e770762,Clc1ccc(-c2cc3nc(N4CCCC4)c4ccccc4c3nn2)cc1,0.6409000158309937,0.9835274815559388,0.3231960155747153,2.21127,-6.759782791137695,0.6269207000732422,0,1,0,0.1904761904761904,5.098600000000004,0.4663210887846239
30c372d42e06aa065835e35794d54209,O=C1C=CC(=O)N1CCCCCCCCCCN1C(=O)C=CC1=O,0.5965999960899353,0.958960771560669,0.5613148666240952,2.365695,-2.1001601219177246,0.5673012733459473,0,1,0,0.5555555555555556,1.9572,0.428063064872838
db9359d903c796fc7ca1df6cdcc20687,c1cncc(-c2csc(Nc3ccc4ccccc4c3)n2)c1,0.5,0.9882314801216124,0.2659572891213677,1.944563,-8.305460929870605,0.6865864157676697,0,0,0,0.0,5.101900000000003,0.5717874401394029
c6e853907840b9cf20782c70b07dcb36,O=C(NCCCN1CCCCC1)c1cnn(-c2nc(-c3cccc(C(F)(F)F)c3)cs2)c1C(F)(F)F,0.7139999866485596,0.9682561159133912,0.593431066383015,2.672412,-8.108817100524902,0.968223226070404,0,1,0,0.4347826086956521,5.639200000000004,0.3167926148346752
e18402ce951c8a39ec1c2c5e4fb02529,Cn1nc2n(c1=O)-c1ccccc1CCC2NC(=O)c1ncn(Cc2c(Cl)cccc2Cl)n1,0.6233000159263611,0.8445777893066406,0.1551497626033696,3.373519,-8.06882381439209,0.5491139411926269,0,0,0,0.2272727272727272,2.9349000000000007,0.4804222470733292
53a3b3974153c25be495238f658197d9,Nc1cccc(-c2cc3cc(N)ccc3o2)c1,0.5127000212669373,0.9574722647666932,0.1776138124140826,2.082331,-9.69726276397705,0.7972893714904785,0,1,0,0.0,3.2642000000000007,0.6233183993899347
368f5265f05d1758ae94b88ad151a896,CC1(C)CN(S(=O)(=O)c2cccnc2)c2c(Br)cccc21,0.5547000169754028,0.8806772828102112,0.1121567792513153,2.656236,-4.394070625305176,0.6013940572738647,0,0,0,0.2666666666666666,3.3306000000000022,0.8182736811968369
bf84ab6d210bacc6e9df067540b067c3,O=C(O)C1CCCCN1C(=O)CCc1cc(Cl)cs1,0.5522000193595886,0.6946342587471008,0.0878199418498711,2.851053,-8.95181655883789,0.0105177455581724,0,0,0,0.5384615384615384,2.799800000000001,0.93010239033402
0cb3fc42476fb0fdcb155add5e6b327a,O=S(=O)(NCCc1ccccn1)c1cc(Cl)cc(Cl)c1O,0.5755000114440918,0.9117482900619508,0.1284259747375141,2.206536,-11.73479175567627,0.108592733554542,1,0,0,0.1538461538461538,2.6150000000000015,0.8714745627799243
6b17538122b60aeeb0f01a011a2a3b51,Cc1c(-c2ccc(C(N)=O)c3[nH]c(C4=CCN(S(C)(=O)=O)CC4)cc23)cccc1N(C(=O)c1ccc(C(F)F)cc1)C1COC1,0.6888999938964844,0.9692004323005676,0.2414167279546911,3.410943,5.488574981689453,0.9452382564544678,0,0,0,0.2727272727272727,5.274120000000005,0.2731413640635457
dd5de9061ca946bdd49bc0b85da46bf1,COc1cc2nc(C)nc(NC(C)c3cccc(C(F)(F)F)c3)c2cc1-c1ccc(C(=O)N(C)C)cn1,0.703000009059906,0.9862049221992492,0.37285393205556,3.09683,-1.2011610269546509,0.9711086869239808,0,0,0,0.2592592592592592,5.902520000000006,0.3485436693308136
585e777a0bd526b53d91e3d965282e35,Cc1ccc(NC2=C(Cl)C(=O)c3sc(CO)cc3C2=O)cc1,0.5928000211715698,0.991757333278656,0.4839918071573431,2.685655,-3.5659656524658203,0.367803031206131,1,0,0,0.125,3.4903200000000023,0.9019609919525892
93fd461a8118eeb69b70cb7fc5c47ed0,CCCC1C(O)=C2CCC3(CO)CC(C)C(O3)C(O)CC(C)C(=O)CC1OC2=O,0.6029999852180481,0.9716180562973022,0.167653127996759,6.604215,12.6806640625,0.1213730685412883,0,0,0,0.8181818181818182,2.436400000000001,0.6124985040316264
72eea08cdeda842ba25266276268c758,COc1cc(NC(=O)c2cc3ccccc3n2C)ccc1-c1cnco1,0.4501000046730041,0.731024444103241,0.2349873428994959,2.303853,-7.753036499023437,0.8966915130615234,0,0,0,0.1,4.0942000000000025,0.6034665029697573
25eb74cf3acb8967507edae77da2b77c,CCOC(=O)c1nn(-c2ccc(Cl)cc2)c(=O)c2c(N)sc(Cl)c12,0.6051999926567078,0.968772292137146,0.1690826632759788,2.68266,-5.414226531982422,0.4531763345003128,0,0,0,0.1333333333333333,3.512900000000002,0.6986204847109718
e0dd04279e343112401d395cefcd249c,N#CC1(C#N)NC(c2cccnc2)C(C#N)(C#N)NC1c1cccnc1,0.4059000015258789,0.8540708422660828,0.1352094417776573,4.592826,-7.570976257324219,0.2341085135936737,0,0,0,0.2222222222222222,1.02372,0.823866294718533
5455508cc507b73e6a18a8faa9e387b0,O=C(O)CC(CNC(=O)CNC(=O)c1ccc(NC(=O)NCc2ccccc2)o1)NC(=O)OCc1ccccc1,0.5353000164031982,0.7684955596923828,0.0764921018007126,3.038922,-2.5604403018951416,0.4082561582326889,0,0,0,0.2222222222222222,2.2170000000000005,0.1864307877187101
e70c940d3bcb6ebba2842f1a8a0af464,Oc1ccccc1-c1nc2c(-c3nc4ccccc4o3)cccc2o1,0.5332000255584717,0.9876886606216432,0.2784453589807857,2.295155,-5.941089630126953,0.6740868031978607,0,0,0,0.0,5.008600000000004,0.4930224548793717
5cd8161b8ddb1743f685b42605b5fdd1,Cc1cc(C)cc(CC2(O)CC3CN(CC(=O)c4ccc(O)cc4)CC3C2)c1,0.5924999713897705,0.860154390335083,0.2844731658697128,3.360025,-0.5083038806915283,0.8682821989059448,0,0,0,0.4583333333333333,3.507340000000003,0.7807837637925639
5e62a5d269160fdf9f326448347114c1,Cc1cc2nc3c(n2cc1-c1ccc(CO)nc1)N(c1ccccc1OC(F)F)CCC3,0.6492000222206116,0.9440044164657592,0.3512370599941773,3.023254,-7.274822235107422,0.9717607140541076,0,0,0,0.25,4.882720000000003,0.4830637326606966
2dba627097945bb7b097291141fb4472,O=CC(Cc1c[nH]cn1)NCC1CC2CCCCC2CN1C(=O)c1ccc(Br)cc1,0.6753000020980835,0.819331169128418,0.2430020299824801,4.041679,5.8806562423706055,0.8748732566833496,0,1,0,0.5217391304347826,3.592900000000002,0.60297736591535
63dd33408f7ad13d683ba309aa83208c,Cc1c(Nc2c(C#N)cncc2-c2cc3cc(CN4CCCC4)ccc3o2)ccc2[nH]ccc12,0.6395999789237976,0.9673020243644714,0.7107001190835779,2.80575,2.439305067062378,0.9902442574501038,0,0,0,0.2142857142857142,6.495600000000005,0.3215545648314338
3d34a04f411aa41a911d2e2111975437,C=C(C)C1Cc2cc(C(=O)CO)c(O)cc2O1,0.450300008058548,0.944906771183014,0.1526462335816838,3.225068,11.580082893371582,0.0454121064394712,0,1,0,0.3076923076923077,1.4468,0.613253629765329
1273aacc2841c0658bd707b53a4be028,COc1ccc(CC(O)C=CC2C(O)CC(=O)C2SCCCSCC(=O)O)cc1,0.6207000017166138,0.9327544569969176,0.1236412620002573,3.967811,7.813742160797119,0.0343580912798643,0,1,0,0.5238095238095238,2.4143999999999997,0.3362754571171892
96c6f7b5d228c48721519b85a15b5f60,CC(O)(COc1cccc(C(F)(F)F)c1)C(=O)Nc1cccc(S(F)(F)(F)(F)F)c1,0.6427000164985657,0.9815080761909484,0.444759645245292,3.48687,-5.547752380371094,0.9490201950073244,0,0,0,0.2352941176470588,6.131300000000003,0.5048621483454074
7fcc042c4a316de36f069b6a60962ff4,CCOc1ccc(OCC(=O)N(C)CC2(O)CCN(Cc3ccccc3)C2)cc1,0.3955999910831451,0.5512338876724243,0.085822543637319,2.70845,-3.6846163272857666,0.92848402261734,0,0,0,0.4347826086956521,2.5595,0.7034660022432008
3c151385d24c2345627ba858574ad8c0,Cc1onc(-c2cccc(F)c2)c1COc1ccc(C(=O)N2CCSCC2)cn1,0.4979000091552734,0.6415688991546631,0.0993805776604197,2.548594,-6.026711463928223,0.7524419307708741,0,0,0,0.2857142857142857,3.9521200000000025,0.6309056019547408
31ee898a9a52f14dc42163eef76730ae,Cc1onc(-c2nc(C(O)C(O)C(O)CO)c[nH]2)c1[N+](=O)[O-],0.4833000004291534,0.9147618412971495,0.087028954389759,4.396392,2.426994562149048,0.0789001327008009,0,1,0,0.4545454545454545,-0.9711800000000006,0.3309029305498351
1ae1fa1b2acb4cb5155e3a46e9e41a7e,CCC(CC)Nc1c2c(nc3c(-c4cc(C)c(OC)cc4C)c(C)nn13)CCC2,0.5735999941825867,0.94120192527771,0.3359410898251967,2.831409,-2.558654546737671,0.897729504108429,0,0,0,0.5,5.419360000000005,0.6085020814342099
6cc8765ebeda54900118c336c3b69d87,Cc1ccc(-c2c3c(=O)n(C)c(=O)n(C)c3c3c(-c4ccccc4)cc(C)nn23)cc1,0.5235999822616577,0.8824731111526489,0.2304479425603693,2.522914,-7.983920097351074,0.7955111384391784,0,0,0,0.16,3.835740000000003,0.4443142324791175
cca0e2c97f943e5945c18a36c4a4038f,O=C(NCc1ccco1)C1CCOC2CCN(CC3CC3)CC21,0.3837000131607055,0.386093258857727,0.0507343173746696,3.587089,-7.316326141357422,0.5854394555091857,0,0,0,0.7222222222222222,2.032799999999999,0.9024564782242154
8ebc0fa3a46a568e505dd161762f4d94,COCC1(C2CC2)CN(c2nc(C)nc3c2cnn3-c2ccccc2)C1,0.5981000065803528,0.8444031476974487,0.3755487149411982,2.722802,0.3752532303333282,0.9182929039001464,0,0,0,0.45,2.986720000000002,0.7086992665636629
3ab1e1f443ad4beb854c6293205c6be8,COc1ccc(Oc2cc(NCCC(F)(F)F)c3ncc(-c4ccc(C(=O)NC5CC5)c(C)c4)n3n2)c(F)c1F,0.6723999977111816,0.9784704446792604,0.3959019861438058,3.009169,1.705176591873169,0.9222241640090942,0,0,0,0.2962962962962963,6.040320000000004,0.2423879591162536
6c2b54e426e2a2d75b072393d49d0452,CCC1(CC)NC(=O)N(CC(=O)Nc2cccc(-c3csc(C)n3)c2)C1=O,0.5181000232696533,0.5420485734939575,0.1000332571566104,2.423388,-8.184454917907715,0.2675927668809891,0,1,0,0.3684210526315789,3.167620000000002,0.7461857945707241
cd87ee8c9900e74c92c5160083a2cf66,O=C(CCCCCC(NC(=O)c1ccc(Br)cc1)C(=O)Nc1ccc(-c2ccccc2)cc1)NO,0.6588000059127808,0.9840213060379028,0.36176398396492,2.544946,-8.244226455688477,0.8957708835601806,0,1,0,0.2222222222222222,5.309100000000004,0.1508460846672448
342ec10b0dce6262f0c2ebe982bf7af5,O=c1oc2ccc(Cl)cc2c(O)c1-c1ccccc1O,0.6122999787330627,0.9956337213516236,0.2865223017605868,2.18868,7.677621364593506,0.2192295506596565,0,1,0,0.0,3.524600000000001,0.6721187636802648
993d8900d5a218821d9e8e5a01fae1c0,CC1CC(O)(CC(=O)O)c2cc(Cl)ccc2O1,0.5236999988555908,0.9119808077812196,0.2466154450720006,3.353888,-4.322509765625,0.0053885698318481,0,0,0,0.4166666666666667,2.1733,0.8511073923821836
c5b3063aef45030fea518c219d80de2c,CCC(C)(C)OC(=O)c1cccc(C(=O)NC)c1,0.3709999918937683,0.6875267028808594,0.0425625909119844,2.033524,-7.454044342041016,0.0851280633360147,0,0,0,0.4285714285714285,2.3916000000000004,0.833504374885927
41f7da6331d0fcc886d67be8fa984160,COc1ccc(CN(C)CCc2ccccn2)c(OC)c1OC,0.3538999855518341,0.659562885761261,0.2437698150222951,2.115801,-5.885239601135254,0.5945316612720489,0,0,0,0.3888888888888889,2.781900000000001,0.7490910964114124
bea5b94587a803880b1327e9a969d5c7,N#Cc1ccn(C2CCN(C(=O)OC3C4CC5CC3CC(O)(C5)C4)C2)c(=O)c1,0.5521000027656555,0.5649852156639099,0.2053765244781971,5.023983,8.689106941223145,0.3696138203144073,0,0,0,0.6666666666666666,2.04298,0.8431785938779368
696718a55c1219270a9a85d3c5d74ec6,CNC(=O)Nc1ccc2nc(C)oc2c1,0.2718000113964081,0.7867616415023804,0.0470715353096073,2.138035,-7.175412178039551,0.0938134372234344,0,0,0,0.2,1.88752,0.7465482097799641
72e80bd28da48a6ad1833062352de966,CCCCOc1ccc(-n2cncn2)cc1,0.3565999865531921,0.8030192852020264,0.1257275176996534,1.845274,-7.171164035797119,0.2227954149246215,0,1,0,0.3333333333333333,2.4462,0.7220801114611595
0a8dfaff14159a57dee28591f6a55ac5,COC(=O)c1cccc(NC(=O)c2cccc(CNC3CC3c3ccc(F)c(F)c3)c2)c1,0.6561999917030334,0.9625775814056396,0.2992260496724735,2.876656,-10.860244750976562,0.9138841748237608,0,0,0,0.2,4.6494000000000035,0.5294012997437588
599c975654c51ef243886bf8ee1cbf98,OC1CCC(Nc2ncc(F)c(NC34CC5CC(CC(O)(C5)C3)C4)n2)CC1,0.5493999719619751,0.8845890760421753,0.351813258095221,4.78967,-4.893260955810547,0.5183638393878937,0,0,0,0.8,2.8267000000000007,0.6460876124454585
1d28de9772810e4b49d6fa770df1d75d,CCC(C)(C)NC(=O)C1CCN(c2nc(C)cc(C)n2)CC1,0.3646000027656555,0.3285439908504486,0.0510800963437015,2.309338,-10.463749885559082,0.5444501906633377,0,0,0,0.7058823529411765,2.6146400000000005,0.9287309330096692
4c6877cb79f7db5da2b6ce8b0cbc4886,COc1cc(F)ccc1-c1cc(Nc2cnc3ccn(C4CCNCC4)c3n2)n[nH]1,0.6068999767303467,0.937264084815979,0.6249839202924208,2.916622,-9.80099105834961,0.9497356057167052,0,0,0,0.2857142857142857,3.6372000000000018,0.4678221061025274
50ada0d873d36a4d40b5aeef12693610,CNc1nc2c(Cl)cc(Cl)cc2n1COCCO,0.5026000142097473,0.8562864661216736,0.2649666206403212,2.778218,-6.535198211669922,0.5723400771617889,0,1,0,0.3636363636363636,2.351200000000001,0.8298720784256068
72f117f65face6176210f236ddcb66c7,O=C(Nn1c(-c2cccc([N+](=O)[O-])c2)nc2c(CCc3ccccc3)n[nH]c2c1=O)c1ccccc1,0.5892999768257141,0.9364339113235474,0.2643890191208232,2.686546,-7.0157670974731445,0.9174500942230224,0,1,0,0.0769230769230769,3.863900000000002,0.2681431482378003
50c98b20adc987752835517ad129ffeb,CCN1CCN(CC(=O)N2CCCc3ccccc32)CC1,0.386599987745285,0.3861289918422699,0.0874423625116998,1.956456,-6.25978946685791,0.9196187257766724,0,0,0,0.5882352941176471,1.6032999999999995,0.8447739618113274
0639808e769a8a5fd3167d24068fcbc4,CC1CCCCN1S(=O)(=O)c1ccc(NC(=O)c2sc3ccccc3c2Cl)cc1,0.6015999913215637,0.9133816957473756,0.2749067206274379,2.586434,-9.01993179321289,0.8114297747611999,0,0,0,0.2857142857142857,5.370100000000005,0.5829699844187376
dd682d7efb429d8e0415b195a5b54734,Cc1nc2ccccc2n1-c1ccnc(NC(C)c2ccccc2)n1,0.4781000018119812,0.9642923474311828,0.2633474665609273,2.627712,-8.090388298034668,0.9235804319381714,0,0,0,0.15,4.2970200000000025,0.6064269211534705
a204f1696581dbb8dd7e4891186b977e,COC1Cc2c(-c3ccccc3Cl)cccc2N(c2c(Cl)cccc2Cl)C1=O,0.7379999756813049,0.988203465938568,0.4588095897978002,3.02394,-2.2627623081207275,0.8802215814590454,0,0,0,0.1363636363636363,6.549600000000004,0.4694767386922873
fa195de899683e660d0200b9f6adcebb,Cc1cccc(N2CCN(C(=O)CCNS(=O)(=O)c3ccc4c(c3)CCC(=O)N4)CC2)c1C,0.5648999810218811,0.6134567260742188,0.0646618894216689,2.415837,-10.567813873291016,0.7415088891983033,0,0,0,0.4166666666666667,2.2053399999999996,0.674539181133259
b130c6b3ec971939aec36ac44f8406a1,CC(C)S(=O)(=O)c1ccc(-c2cnc(N)c(-c3nnc(C(=O)O)o3)n2)cc1,0.5954999923706055,0.8899823427200317,0.0771070722151886,2.694822,5.4268951416015625,0.1220340371131896,0,0,0,0.1875,1.6561,0.6556708609707307
a4dbf5a05c30bfad535abdcf350e752f,CC(COc1ccccc1)=NNc1nc(-c2cccs2)cs1,0.5060999989509583,0.9512726068496704,0.1847904967990788,2.341263,-9.054388999938965,0.5967272877693176,0,1,0,0.125,4.738400000000002,0.5247411520421081
e14aaef567c92b2869ab6b4090b6209c,Cc1ccc(C(C)C)c(OCc2ccc(-c3nnco3)cc2)c1,0.6011000275611877,0.884251594543457,0.1462181102145802,2.148194,-8.783477783203125,0.3091502815485,0,0,0,0.2631578947368421,4.7474200000000035,0.6823172957814995
2b99648297b6ff1578e9c5a75e130303,Cc1ccc(N=Nc2ccc(O)c(C=NNC(=O)c3ccc(N)cc3)c2)cc1C,0.5975000262260437,0.9838059544563292,0.3753395541147752,2.528513,-1.215062141418457,0.7781638503074646,1,1,0,0.0909090909090909,4.770540000000003,0.2535426172893096
6604087a7d4e5f8168a8a543c7cbac06,CCc1sc(C)nc1C#Cc1cccnc1,0.3646999895572662,0.911012589931488,0.1472228137268261,2.870372,-4.9159040451049805,0.0771593153476715,0,1,0,0.2307692307692307,2.808720000000001,0.7013673251360754
f9035b2483917f8f30b1362185da8f99,CCOc1nc(N)c2nc(-c3cncc(C(F)F)c3)n(Cc3ccccc3)c2n1,0.4814999997615814,0.9078955054283142,0.4612129168076949,2.675175,-7.724635124206543,0.9666152954101562,0,0,0,0.2,3.855100000000002,0.5321784257840759
58080648aea20d026cc31bf3259e7fb3,CC(=O)NC(C(=O)Nc1cc(F)ccc1C)C(C)C,0.3321000039577484,0.4171214997768402,0.2087181549180637,2.205492,-11.290074348449709,0.1852645359933376,0,0,0,0.4285714285714285,2.23332,0.8776669757791055
7bb87f4645b7bbba214c88a56d579060,Cc1cc(-n2[nH]c(C)c(C)c2=O)nc(-c2ccccc2O)n1,0.5087000131607056,0.9132919907569884,0.2390601851723411,2.667811,-8.264004707336426,0.2867226466536522,0,0,0,0.1875,2.25346,0.7594250430555524
bc9d21215f64e1705ae755880ccc4445,CN(C)CCNc1cc2c3c(ccc4c3c1C(=O)N(CCN(C)C)C4=O)C(=O)N(CCN(C)C)C2=O,0.649399995803833,0.9544114470481871,0.2244111760096116,2.931438,-4.816269874572754,0.7870961546897888,0,1,0,0.4615384615384615,1.1285000000000016,0.4913655894677409
d83cc457000e6e10c86a10299f6dfa5a,COCCn1c(C(=O)NC(C)(C)C)cc2c(OCc3ccccc3)cccc21,0.4779999852180481,0.8961726427078247,0.1753214204853231,2.1946,-10.091346740722656,0.8582659125328064,0,0,0,0.3478260869565217,4.395000000000004,0.6611321206087932
c55d067598acb522ad6f231f4ea9b433,COc1ccc(NC(=O)C(C)Sc2nc3cnc(C(F)(F)F)cc3[nH]2)cc1O,0.5608999729156494,0.9349299669265748,0.3705544986508109,3.023768,-9.186861038208008,0.8229468822479248,0,0,0,0.2352941176470588,3.810200000000002,0.5513035629905078
4e257c2f2f09b1e9fe1d6c5854a1281f,COc1cccc2c1OC1CCCC3CN(CC4CC4)CCC231,0.5619999766349792,0.7698351740837097,0.3153118707916953,4.023363,9.343448638916016,0.9378728985786438,0,0,0,0.7,3.6098000000000026,0.8507110113925341
3257f98ee8d88a35255a42c53a16c296,N=C(N)NC(C(=O)NCC(=O)N1CCC(c2cc(-c3ccc(O)cc3Cl)[nH]n2)CC1)C1CCCCC1,0.699999988079071,0.8419250249862671,0.2452135641466487,3.501772,-0.0251318514347076,0.2467264264822006,0,1,0,0.52,2.689870000000001,0.2453183675557106
2139122541def03afc3c418eda41119d,Cc1ccc2cc(C(=O)Nc3ccc(-n4ccnc4)nc3)c(C)nc2c1,0.423799991607666,0.7624226212501526,0.1777667850255966,2.30202,-10.495957374572754,0.9114486336708068,0,0,0,0.1,3.6846400000000017,0.6156949993910588
dcb7c58e561a682fdc412527f6ede5a5,Nc1nc2c(c(=O)[nH]1)CC(N(CCCP(=O)(O)O)Cc1ccc(C(=O)O)cc1)CN2,0.588699996471405,0.8907841444015503,0.112070777199485,3.568321,9.57347583770752,0.3206855729222297,0,1,0,0.3888888888888889,0.4568999999999994,0.3172999480389248
6a8ae8a23e4ee1400fc89d69f63ae6b9,CC1(CN)CN(c2nc3c(cc2F)c(=O)c(C(=O)O)cn3C2CC2)CC1=NOCF,0.8723000288009644,0.9970277547836304,0.095878757875074,3.946866,1.427968978881836,0.1420069321990013,0,1,1,0.4736842105263157,1.6532999999999998,0.6800821822807913
16bc8c4d8ef69670fa33a82d89e05a72,Cc1cnc(C(=O)NCCc2ccc(Cl)cc2)cn1,0.3607000112533569,0.6258405447006226,0.1018231013281778,1.872636,-9.158387184143066,0.1477907240390777,0,0,0,0.2142857142857142,2.410920000000001,0.9322187966510096
7149ac5867b6bc1d6fed7dfe091d0e1a,COCc1cc(C)nc2sc3c(c12)NC(c1ccccc1C(=O)O)N(c1cccc(C(F)(F)F)c1)C3=O,0.7001000046730042,0.9413889050483704,0.2698976329781792,3.418068,-5.865387439727783,0.6351502180099488,0,0,0,0.1923076923076923,6.239220000000004,0.3193609314696982
67ab77b88313173c77eaba9f48a60dfb,CC(c1nc(O)c2c(-c3ccccc3)csc2n1)N1CCN(CC(=O)NC2CC2)CC1,0.6389999985694885,0.862055778503418,0.2103679823604497,3.047959,-9.438897132873535,0.8348519682884217,0,0,0,0.4347826086956521,3.021100000000001,0.6170256931136069
9183b1da01bc0051530ca08a32c67d73,Nc1ccc(S(=O)(=O)N(c2ccnn2-c2ccccc2)C2OC(C(=O)O)C(O)C(O)C2O)cc1,0.5586000084877014,0.8927475214004517,0.1466636447743936,4.106614,1.233494520187378,0.1679135099053383,0,1,0,0.238095238095238,-0.4580000000000002,0.2828711835914708
99eb00be2dd7ca89c5273ef2a55e2f1a,O=C(Nc1cccc(Nc2ccc3c(-c4cn[nH]c4)n[nH]c3c2)c1)c1cccc(Cl)c1,0.6717000007629395,0.9849810600280762,0.5346172641624104,2.440524,-12.235698699951172,0.906261932849884,0,0,0,0.0,5.602300000000002,0.292476554050764
ea8f03eda19fb9e4cc5f95112f00fcc1,NC(=O)c1ccc(N2CCC(NC(=O)Cc3ccccc3)C2)c2cncnc12,0.5546000003814697,0.6636250019073486,0.1736506968736648,2.787241,-0.0352256894111633,0.5758767187595367,0,0,0,0.238095238095238,1.6662999999999992,0.706324738544069
7bce005230c49f82cedd8c14bf3c0e65,CC(C)c1nnc2cc(Cl)c(Sc3ccc(F)cc3F)c(Cl)n12,0.6229000091552734,0.9578655362129213,0.1813126622953198,2.933705,-6.247983932495117,0.3549076586961746,0,1,0,0.2,5.588900000000002,0.5601864280614322
f4bc6d870259cd74be38866a4be7c83e,COc1nccn2nc(-c3ccc(C)cc3)cc12,0.3998000025749206,0.8869931697845459,0.1282573044300079,2.242362,-9.68789005279541,0.2360265076160431,0,0,0,0.1428571428571428,2.7133200000000004,0.6898973118744527
1d05ddba21d9228f7c1548b81ea65ffe,COc1cccc(C(=O)Nc2ccccc2-c2cn3c(CN4CCNCC4)csc3n2)c1,0.574999988079071,0.9756128191947936,0.2729282717813145,2.497501,-0.4691627323627472,0.9723900079727172,0,0,0,0.25,3.728900000000002,0.4713745591288452
76eb153680ae64e24887c02bd31a733d,Nc1ccncc1C(=O)NC1c2ccccc2CC1NC(=O)c1cc2ccccc2[nH]1,0.5489000082015991,0.906030297279358,0.3212300403551621,3.27597,-6.468649387359619,0.8980430483818054,0,0,0,0.125,2.970900000000001,0.4134409541161716
bfa0678b4fbc333b5589f617fd3c51af,Nc1cccc2c1C(=O)c1ccccc1C2,0.4945999979972839,0.9862549304962158,0.2090633118694478,2.055242,-5.927333831787109,0.4863232016563416,1,1,0,0.0714285714285714,2.404000000000001,0.577603203982301
927dd951e4481af0c0fdc2de671cb122,COc1ccc(-c2cnc3snc(NC(=O)C(C)(C)C)c3c2)cc1OC,0.5113000273704529,0.9552921056747437,0.2603592561049895,2.509843,-9.790188789367676,0.6497096538543701,0,0,0,0.3157894736842105,4.360100000000003,0.737528724114399
be5432086f6631a29bd47265a76c5e1b,C#CCC(OC(=O)c1ccc(NC(C)=O)cc1)C1CC1,0.4991999864578247,0.725877046585083,0.1399116802283308,2.807417,-8.987632751464844,0.1351748749613762,0,1,0,0.375,2.603700000000001,0.6612668403625318
3f6fe3d85585e9344cfe112d0cab81eb,Cc1ccc(NC(=O)c2ccc(S(=O)(=O)c3ccc(Cl)cc3)o2)cc1,0.4948000013828277,0.9613993167877196,0.2872874438762665,1.963587,-7.965701103210449,0.45418142080307,0,0,0,0.0555555555555555,4.326520000000003,0.7360079147081131
8db0555d719378246228aa3e5842e7ae,CC(C)=CCN1CCN(CCCOc2ccccc2)C2CS(=O)(=O)CC21,0.4634999930858612,0.6004070043563843,0.2416200830855152,3.265828,4.465243339538574,0.934423828125,0,1,0,0.6,2.2048999999999994,0.5377946056576489
77870927f2f2d540cdec8576659bfa33,O=C1c2ccccc2C2(c3ccccc3)N1CC[S+]2[O-],0.501800000667572,0.9418054819107056,0.1202570215206254,3.869531,-5.037965774536133,0.213774324953556,0,1,0,0.1875,2.1058,0.7523106813495729
ccf597c8d92ba1254575d9ac3b8d233e,COc1ccc(N)cc1NC(=O)c1ccc(Cl)cc1Cl,0.5544999837875366,0.9445425868034364,0.2537010163068771,1.729928,-10.50780963897705,0.6750790476799011,0,1,0,0.0714285714285714,3.836500000000002,0.846601671860584
c7cf3019b2417451d8ba7f2893874c36,COC(=O)C1=C(c2cccc([N+](=O)[O-])c2)CCCC1,0.5192999839782715,0.9523781538009644,0.2034954679283228,2.287083,0.9082311391830444,0.2270419508218765,0,1,0,0.3571428571428571,3.0954000000000015,0.4759761599763692
c4c45263f7260880b00560da2c3553ea,COC(=O)c1ccccc1NC(=O)N1CCN(CC=Cc2ccccc2)CC1,0.3666999936103821,0.6063234210014343,0.0952634943479841,2.052896,-5.868850231170654,0.9366228938102722,0,0,0,0.2727272727272727,3.336100000000002,0.8097256088040594
9b244926281b7114c569a7d5c5932937,O=C(NNc1c(Cl)cccc1Cl)c1c(F)cccc1Cl,0.612500011920929,0.951422393321991,0.2371866614981131,2.084402,-8.026384353637695,0.6219690859317779,0,1,0,0.0,4.5428000000000015,0.8095262525870677
a50c508a3ca989606d65f4e113717229,COC1C(OC(=O)c2ccc(C)[nH]2)C(O)C(Oc2ccc3c(O)c(NC(=O)c4ccccc4)c(=O)oc3c2)OC1(C)C,0.7520999908447266,0.9957744479179382,0.223316456106576,4.169752,9.09373378753662,0.8635724306106567,0,1,1,0.3,3.502620000000002,0.188025743590323
b8846a126b513f36eb4a7628e8db61b4,c1ccc2c(c1)CCCc1cnc3ncnn3c1-2,0.4013000130653381,0.8194301128387451,0.1094076228751377,2.483769,-9.930719375610352,0.1494963213801384,0,0,0,0.2142857142857142,2.2799999999999994,0.6011026073152638
0989533dc396e02f4e8ceb879b854f11,CCn1c(=S)sc2c(NC(=S)Nc3ccccc3OC)ncnc21,0.557699978351593,0.9341048002243042,0.2971757426857948,2.564142,-4.544439792633057,0.646321713924408,0,1,0,0.2,4.059690000000002,0.6648116465416539
bce96841bc10b3db7769c08735c56558,CCN(CCNC(=O)C(N)C(C)O)Cc1cc(Nc2ccnc3cc(Cl)ccc23)ccc1O,0.6880999803543091,0.9766217470169068,0.5511693710630591,3.286237,-2.566975355148315,0.8044825553894043,1,1,0,0.3333333333333333,2.983600000000002,0.2878194532495704
ef8dc97b1a0ef951e211a10695520bbd,O=C(O)c1cc(F)c(-c2ccccc2)cc1NS(=O)(=O)c1cc(Cl)cc(Cl)c1,0.7771999835968018,0.9972525238990784,0.1415665515444495,2.177175,0.6362407207489014,0.2310829669237137,0,0,0,0.0,5.298500000000002,0.5643131117020056
c1c97faee6f4ad3146b8940ecd9b402d,O=C1c2c(F)cccc2C2CNCCN12,0.3819999992847442,0.5059738159179688,0.1084072627973827,2.907665,-7.696914672851563,0.504586523771286,0,0,0,0.3636363636363636,0.9258,0.684407307944122
3a77d435cad93f9505dfb89c89f9ca7e,COc1ccc(C(C)=C2SC(c3ccc(N)cc3)=NC2=O)cc1,0.613099992275238,0.9891834259033204,0.3802355839447541,2.449325,-0.5757911205291748,0.6762026309967041,1,1,0,0.1111111111111111,3.728600000000002,0.6900002539966041
2e2ce932d52b1c62b133da7f571b5b0f,Cc1cc2c(cc1O)[nH]c1cc3c(cc12)C=CC(C)(C)O3,0.6328999996185303,0.9946656823158264,0.5419570180502805,2.862958,11.07373332977295,0.7445439696311951,0,0,0,0.2222222222222222,4.519320000000003,0.6352105012536506
d0e28a37432d8e95f78fe676ad08fe17,COc1ccc(-n2nc(CC(C(=O)O)c3cccc(OC)c3)cc2-c2ccc(Cl)cc2)cc1,0.6398000121116638,0.9890724420547484,0.2758737788958983,2.727516,-8.78228759765625,0.3964902803301811,0,0,0,0.1538461538461538,5.6208000000000045,0.3675648727177729
45828716941c6031f132656bd456e0ec,c1ccc(-c2ccc(CNc3ccc4c(c3)ncn4-c3ccccc3)cn2)cc1,0.5519000291824341,0.9773962497711182,0.4385019147937948,2.07876,-9.78663730621338,0.9521304607391358,0,0,0,0.04,5.699600000000005,0.4277955660925048
037740d38dc92b3700dfa779b01f7697,CCC(CC)n1cc(-c2nc(-c3cnn(CC4CNCCO4)c3)cn3nccc23)cn1,0.4530999958515167,0.6281536817550659,0.3596061366525563,3.716361,6.801932334899902,0.771029531955719,0,0,0,0.4545454545454545,2.8058000000000005,0.4947308844207094
b1889c5f809c348661579fba00dc2ff3,CCCC(=O)N(C(=O)CCC)C1=C(Cl)C(=O)c2ccccc2C1=O,0.5575000047683716,0.9728922247886658,0.2050532095811583,2.653892,-8.351473808288574,0.3262415200471878,1,0,0,0.3333333333333333,3.4714000000000027,0.8171710390572702
a3e4cd1fb372dc24fbbff93372213ca5,Cc1nc(C)c(S(=O)(=O)n2cc(C3=CCCNC3)c3ccccc32)o1,0.5376999974250793,0.8988416790962219,0.0863051898777484,3.186546,-4.230194091796875,0.6217279732227325,0,0,0,0.2777777777777778,2.859840000000001,0.7798553861793668
06938037c3deb13af58d433a4653b1d7,O=C(Cn1ccc2cccnc21)N1CCN(c2cccc3c2CN(C(=O)OCc2ccccc2)CC3)CC1,0.5879999995231628,0.8024086952209473,0.0951749558814547,2.605501,-11.089787483215332,0.878854262828827,0,0,0,0.3,4.080000000000004,0.4055616257158385
ae8be7ec209f0b679af4932009a46512,FCCCN1CCN(CCc2ccc(Cl)c(Cl)c2)CC1,0.5964000225067139,0.9584571123123168,0.4893869297070937,2.050781,-1.6855121850967407,0.9811658143997192,0,0,0,0.6,3.5131000000000023,0.7915767208274573
840bcf4e43def8c9bb5b73ef86bc9614,NC(=O)c1ccc(Nc2nc(C(N)c3ccccc3Cl)cs2)cc1,0.6308000087738037,0.9872776865959167,0.3251782791181044,2.68512,-11.08452606201172,0.3573108077049255,0,0,0,0.0588235294117647,3.687100000000001,0.6479343420120668
b2fe7cb859e6a5dc8690f737c77d95d1,CC(=O)C(C#N)=C1NC(=O)C(Cc2ccccc2)S1,0.5339000225067139,0.952963888645172,0.1119267420673912,3.096508,-7.676015853881836,0.0794675149954855,0,1,0,0.2142857142857142,1.7848799999999998,0.6723970739639471
f43c010b2854bd15a54a6e1e1ab6b02b,CCCN(CC(=O)Nc1ccc(Cl)cc1Cl)C(=O)c1cn2ccccc2n1,0.5458999872207642,0.6885464787483215,0.1703877828337929,2.321913,-9.539143562316896,0.8488414049148559,0,0,0,0.2105263157894736,4.132000000000002,0.6707359065607088
0385ea24bfec60597bbfdf8fd7bcefb6,Cc1noc(C=CN(C)C)c1S(=O)(=O)N1CCN(c2ccc(F)cc2)CC1,0.5005000233650208,0.6611309051513672,0.0893442038108002,2.557231,-9.883540153503418,0.76611829996109,0,0,0,0.3888888888888889,2.1653200000000004,0.7741693991723451
08b92d021f39b092f0999de71aed4127,O=C1C=C(c2ccc(Cl)cc2)C(=O)c2ccccc21,0.4963999986648559,0.9962458610534668,0.3956060545011,1.958562,0.1134465038776397,0.2259180560708046,1,0,0,0.0,3.802600000000002,0.7882190914083893
c193cb68424a81019257b69471072e01,CC1CN(c2c(F)c(N)c3c(=O)c(C(=O)O)cn(C4CC4)c3c2F)C(C)CN1,0.92330002784729,0.996354639530182,0.2213538231497461,3.75871,-7.692170143127441,0.1154327929019927,0,1,1,0.4736842105263157,2.0816000000000003,0.6918289177745705
3349ed715f3c09e0f33688cec5b5cbea,CNC(=O)c1ccc(C=CC(=O)NCC(=O)N(C)c2ccc(Cl)c(COc3cccc4c(N5CCCCC5)cc(C)nc34)c2Cl)cc1,0.7019000053405762,0.9826393723487854,0.311314811760729,2.96912,0.3846396505832672,0.8492725968360901,0,1,0,0.2777777777777778,6.571320000000006,0.1846283164385877
9fa4533857289c49177a6f38bf33b692,NC(=O)CCSCc1ccn(-c2ccccc2)n1,0.3226999938488006,0.5618988871574402,0.1075256094336509,2.235714,-9.679245948791504,0.142272151261568,0,1,0,0.2307692307692307,1.9809,0.8087898447984777
0abdbcb04b0a6e7fbfe195a912250675,Cc1ccc(Nc2cc(-c3ccc(C(=O)N4CCN(C(=O)c5ccccc5F)CC4)cc3)ncn2)cc1,0.5990999937057495,0.9003077149391174,0.1856732395562258,2.245787,-2.8957679271698,0.8951133728027344,0,0,0,0.1724137931034483,4.932920000000004,0.424722756240951
25474baf72aa733c5d61eb8a48f29aa1,c1ccc(-c2nc3ccc(-n4cnnc4)cc3o2)cc1,0.3411000072956085,0.8424840569496155,0.0806263684803112,2.258002,-8.656454086303711,0.3195902734994888,0,0,0,0.0,3.075500000000001,0.5567500493071181
098ee9ac2500bd4b1e132809ffcdbc11,CC1Cc2c3c(c(Cl)c(O)c2C(=O)O1)OC1(C)C(O)CC2C(C)(C)C(=O)C(Cl)(Cl)CC2(C)C1C3,0.7838000059127808,0.9967437982559204,0.4056160842830484,5.284228,7.628486156463623,0.3017282500863075,0,1,0,0.68,5.016800000000004,0.3608013228011336
515d188efd81d3b4e774ab406f9696ba,O=C(O)c1nn(C(=O)N2CCN(Cc3cc(F)cc(Oc4ccc(Cl)cc4)c3)CC2)cc1Cl,0.7156999707221985,0.9752589464187622,0.1087799929082393,2.642546,-4.498154640197754,0.5038803726434707,0,0,0,0.2272727272727272,4.605400000000003,0.5590769259177013
451527faa6c4dc772215bb7e71307aa4,O=C1c2cc3c(cc2CN1CCC1CCN(Cc2ccccc2)CC1)OCO3,0.5705999732017517,0.7302480936050415,0.1234661252661184,2.324256,-6.956925868988037,0.9751546859741212,0,0,0,0.4347826086956521,3.673400000000002,0.7961061267751082
803b8218ad776cf789a154489cc3a28d,COc1ccc(C(c2ccc(OC)cc2)C(Cl)(Cl)Cl)cc1,0.5465999841690063,0.9639894366264344,0.379163995721773,2.062128,-6.840171813964844,0.7487118363380432,0,1,0,0.25,5.205900000000003,0.7085299188898861
56b23e26ec1ccc98954a819638a1f743,Cc1ccc(C(N)=S)cc1-c1ccc(O)cc1,0.5630000233650208,0.9944998025894164,0.2352941374887119,1.843457,-2.1851999759674072,0.2817121833562851,0,1,0,0.0714285714285714,3.0018200000000004,0.7969981229802269
70c91bb486f19912c4079142ce8a936d,[C-]#[N+]c1cccc(C=Cc2ccncc2)c1,0.4410000145435333,0.9783456921577454,0.0985379457389089,2.513151,-5.1362762451171875,0.4007840096950531,0,1,0,0.0,3.8027900000000026,0.6828933441102935
5ecdba6fd152da484f8b608f59e673b9,O=C(CCc1ccc(-c2ccccc2)cc1)c1nc(-c2ccccn2)co1,0.6348000168800354,0.9796425104141236,0.2288648601282726,2.231552,-3.5886504650115967,0.5751135289669037,0,0,0,0.0869565217391304,5.2191000000000045,0.4455402099122015
224a2175f5ca4174e3e8e3422c6dc475,CC(C)=CC(CC(C)(C)c1ccc(C(F)(F)F)cc1)N1CCC2(CCOCC2)CC1,0.6772000193595886,0.975730001926422,0.4116553447463296,3.952376,0.4840628802776336,0.9741024017333983,0,1,0,0.68,6.600500000000007,0.4947891443941143
4051df2cf941b02bb618253582b548d5,COc1ccc(NC(=S)Nc2ccc3[nH]cnc3c2)c(OC)c1,0.4384999871253967,0.8924193382263184,0.3282801942391829,2.165617,-9.238804817199709,0.872061836719513,0,1,0,0.125,3.389000000000001,0.6378161649399648
10941f4e1396cf8ccbc768edc645b4da,NC(=O)c1cnc2c(ccn2CC(=O)NC2CCNCC2)c1,0.3779000043869018,0.2598390877246856,0.0959691615267233,2.540009,-8.742826461791992,0.0732207648456096,0,0,0,0.4,0.0033999999999998,0.739633063295757
3864c6de97d3d9a033bc0d0251a6f08b,Cc1ncsc1CCOc1ncccc1C(F)(F)F,0.4882000088691711,0.8965992331504822,0.1551159532232718,2.552572,-7.451267719268799,0.1390284925699234,0,0,0,0.3333333333333333,3.4868200000000025,0.8635410510743832
e4931e8f9c94706a12437dbbc71c23e5,COCCN1C(=O)c2oc3ccc(C)cc3c(=O)c2C1c1ccc(C(=O)OC)cc1,0.4990000128746032,0.6476850509643555,0.0903094482015479,2.730064,-5.230020523071289,0.7384945154190063,0,0,0,0.2608695652173913,3.079620000000001,0.6044419864200538
531774dbc49363b802d56c0202a852f0,COc1ccc2c(c1OC)c(=O)n1c3ccc(OC(C)C(=O)NCCCN4CCOCC4)cc3c3ccnc2c31,0.5910999774932861,0.792470395565033,0.2389593253081495,3.25088,4.810259819030762,0.926960587501526,0,1,0,0.3666666666666666,3.214900000000001,0.2229602910500654
145afd22455f6075b70cb5bd002a60ff,Cc1ccc(-c2c(C)c3c(c(C)c2C(OC(C)(C)C)C(=O)O)CN(CC(=O)N2CCCCC2)C3)cc1,0.6434000134468079,0.9551603198051452,0.1319265413013371,3.298453,-1.7146481275558472,0.4633152842521667,0,0,0,0.5333333333333333,5.547760000000006,0.5727246919002874
ac4d79f6bc1d58b525331bc116890663,COc1ccccc1CN1CC(C(=O)NCC2CCCO2)CC1=O,0.3580999970436096,0.1184167340397834,0.0555630603974515,2.825127,-9.400996208190918,0.288049653172493,0,0,0,0.5555555555555556,1.3388999999999998,0.8535253895593578
e9632564cde3b941340bda426dc53d03,CN(C(=O)c1ccsc1)C1C(CC=CCCCC(=O)O)CC2CC1C2(C)C,0.5457000136375427,0.8155640363693237,0.1273976909843358,4.812956,3.4323174953460693,0.2087708443403244,0,1,0,0.6363636363636364,5.072100000000004,0.4985915228740609
f21ee0f0c6bb8576cdf1ba50f2c7d2c2,O=C(OCc1ccc([N+](=O)[O-])cc1)N1c2ccccc2Oc2ccccc21,0.628000020980835,0.9393779039382936,0.3783518495884808,2.203574,-7.086864471435547,0.7885777711868286,0,1,0,0.05,5.175400000000003,0.4737669886566115
51ab9be6ffa219e056185a7f18075869,CON=C(c1ccc(C(C)NS(C)(=O)=O)cc1)c1ccc(Cl)cc1S(=O)(=O)c1ccc(Cl)cc1,0.6466000080108643,0.9916629791259766,0.2445751238952983,3.055261,-7.308687210083008,0.7142816185951233,0,1,0,0.1739130434782608,4.835200000000005,0.3251129467744927
41b6599b2a4c097a3b0b02c36ab49897,CCCNCCCCNCCCNCc1c2ccccc2cc2ccccc12,0.6736999750137329,0.9930534362792968,0.7380763156847521,2.219815,-9.756452560424805,0.9836261630058288,0,1,0,0.44,4.842100000000004,0.2945332880590908
20d764d7a7b3d6d239f2e773a513fd66,Cc1noc(C)c1C(=O)Nc1nc(-c2ccc([N+](=O)[O-])cc2)cs1,0.494700014591217,0.9781142473220824,0.1201011362400922,2.210921,-5.299139022827148,0.344354310631752,0,1,0,0.1333333333333333,3.575440000000002,0.5718136799202688
ebdde7fec2aace6389c2f581f6b877d0,O=C(C1CCN(CC(F)(F)F)CC1)N1Cc2cccnc2Nc2cc(F)c(C3COCCO3)cc21,0.7188000082969666,0.906329333782196,0.2965662262656472,3.605345,-6.843937397003174,0.8466018438339233,0,0,0,0.5,4.173100000000003,0.6465278427617399
94fcff8e336f0c36a254c05d8c1beb0e,O=C(CN1CCC(Cc2ccccc2)CC1)c1ccc(-c2ccccc2)cc1,0.6636000275611877,0.9799985885620116,0.393625714562156,1.796238,-7.132646560668945,0.9668336510658264,0,0,0,0.2692307692307692,5.491000000000005,0.5354844515884587
2596c74b70c6225c2610ef54b025c3f5,COc1ccc(C(=O)C=Cc2ccco2)c2c1C=CC(C)(C)O2,0.4930999875068664,0.9434495568275452,0.565715799277479,2.825052,8.726370811462402,0.4701504826545715,0,1,0,0.2105263157894736,4.368500000000004,0.6213278195494532
7796392de24090774a2d52bceef5050a,CN(C)C1C(O)=C(C(N)=O)C(=O)C2(O)C(O)=C3C(=O)c4c(O)cnc(F)c4CC3CC12,0.8208000063896179,0.9976346492767334,0.1223859248513525,4.560812,12.354817390441896,0.1222955547273159,0,1,1,0.4,-0.3452999999999995,0.3084733350600192
24f3a140c01ee4b681373f06acf675e9,Sc1ncccc1Cc1ccccc1,0.4467999935150146,0.976479470729828,0.1480488675561818,2.128742,-10.04531955718994,0.0726889166980981,0,1,0,0.0833333333333333,2.961100000000001,0.7370100782704233
a2ce9a44bc256ae1137a8ab2f09c2b54,CN(C)C1C(=O)C(C(N)=O)=C(O)C2(O)C(=O)C3=C(O)c4c(O)cccc4CC3CC12,0.7998999953269958,0.9979234337806702,0.150916129689325,3.971045,12.717440605163574,0.090083185583353,0,1,1,0.3809523809523809,-0.0359999999999987,0.4213719772726039
8084195d19c07ac54a2b721d43b33253,COc1ccc(CCNC(C)C(O)c2ccc(O)c(NS(C)(=O)=O)c2)cc1,0.4740999937057495,0.7494604587554932,0.1080021279102022,2.987719,-6.234625339508057,0.745531153678894,0,1,0,0.3684210526315789,2.0265,0.4848667207995441
cae848f6e0a0476d180c409ea0973731,CCCn1cc(C2CCC(N3CCN(c4cccc5[nH]ccc45)CC3)CC2)c2cc(C#N)ccc21,0.6523000001907349,0.9872471690177916,0.6320029930634932,2.738396,-0.8514194488525391,0.984529435634613,0,0,0,0.4333333333333333,6.252680000000006,0.3788126675118007
03cbc66f13a31f7e267bb1a50ca81eb0,C(CCc1nn[nH]n1)CCc1nn[nH]n1,0.3476999998092651,0.8305112719535828,0.0189176132797331,2.788573,-6.520204067230225,0.002161116231764,0,1,0,0.7142857142857143,-0.3317000000000003,0.6288479317273348
228f287e6c74b0b70a2799fb5ae0873b,CC1OC(=O)C2CC3CCCCC3C(CCCN3CCCCC3)C12,0.5813000202178955,0.7147243022918701,0.2997979575937444,4.000153,8.462723731994629,0.8673108220100403,0,0,0,0.9523809523809524,4.2565000000000035,0.7201452686247887
fd0990443d2dd3e2db92f0eb75212aca,CCC(Sc1nc(N)c2cnn(-c3ccccc3)c2n1)C(N)=O,0.4717999994754791,0.8504438400268555,0.3017369122667746,2.920257,-5.694051742553711,0.1880183681845665,0,0,0,0.2,1.7536999999999998,0.5448209998323916
6501ec4ffd785961c62e7cdd7eec1bc4,COc1ccc(-c2[nH]c3ccc(-c4ccc(C5=CCNCC5)cc4)cc3c2C)cc1OC,0.6682000160217285,0.9943806529045104,0.6634035056287592,2.510468,-9.994441032409668,0.9381065964698792,0,0,0,0.2142857142857142,6.204220000000006,0.4006669445382334
fdb3d8bd81cada8c30630a5a61eeb8f0,CC(=O)NCC1CN(c2ccc(N3CCN(C(=O)Cn4c([N+](=O)[O-])cnc4C)CC3)c(F)c2)C(=O)O1,0.8154000043869019,0.7993043065071106,0.0423634629696607,3.267744,-10.574830055236816,0.4017713949084281,1,1,1,0.4545454545454545,1.04892,0.4363152105903258
4d296e2680c517ce36d5504e6e24cbed,C=CCn1c(=O)n(-c2cccc(C(=O)OCC)c2)c2ncccc21,0.3332999944686889,0.6882656812667847,0.0934635990045287,2.283318,-10.118733406066896,0.2189170569181442,0,1,0,0.1666666666666666,2.549900000000001,0.5344823898337846
674d3499eade75333f2c4a1f1576d688,O=C(Nc1ccccc1)C1Cc2c(-c3ccccc3Oc3ccccc3)ccnc2O1,0.557200014591217,0.9498360753059388,0.4210767285390334,2.708756,-5.725245952606201,0.8827746272087097,0,0,0,0.0769230769230769,5.483100000000005,0.4748071677988713
79053d8af724a0cc9c861abb67cf0ef5,COc1cc(C(=O)Nc2ncc(C)s2)nc(-c2ccccn2)c1,0.4923999905586242,0.9753665328025818,0.1684470447626981,2.309095,-9.33387851715088,0.4473942279815673,0,0,0,0.125,3.1694200000000015,0.7966311471980091
fd5ab9f03f15abb3060c89e80399f2b4,Cn1ccc(C(=O)Nc2ccc(Br)cn2)n1,0.3411000072956085,0.7815846800804138,0.1205453690649433,2.192592,-10.223484992980955,0.1963960513472557,0,0,0,0.1,1.8298999999999996,0.9131404745551956
e280b96f755e50c9c6b3ca329fcf5509,C=CC[n+]1ccc2c(c1)[nH]c1ccc(Br)cc12,0.6462000012397766,0.9894322156906128,0.4004127274860035,2.937625,7.321827411651611,0.3969186007976532,0,1,0,0.0714285714285714,3.557100000000002,0.5493424874375716
7ef0d3922caff446750e2a77d3ebf42f,Cc1cc(Sc2ccc(Cl)cc2)nc2ccccc12,0.5861999988555908,0.9864152669906616,0.2277173427018252,1.916301,-9.787737846374512,0.3253804549574852,0,0,0,0.0625,5.347820000000003,0.6295244782157657
7a4cc1a552d7ceba80fd67129a29ec40,O=C(CSc1nnc2c3ccccc3c3ccccc3c2n1)Nc1ccccc1,0.5031999945640564,0.9755394458770752,0.2868365936658599,2.142246,-11.451544761657717,0.6993701696395874,0,1,0,0.0434782608695652,5.062000000000003,0.3395899086523491
7ab670e4a837ee6a4e2ee7e1571303d2,O=Cc1ccccc1Oc1no[n+]([O-])c1-c1ccccc1,0.515999972820282,0.939206838607788,0.133172351189635,2.612541,0.6639844179153442,0.1582381322979927,0,1,0,0.0,2.5798000000000005,0.5424760535778449
ddbdfd7f9c0430977092e0b3eb154133,COC1OC(C)(c2ccc(-c3ccccc3)cc2)C(=O)CC1N1CCOCC1,0.5677000284194946,0.8574081063270569,0.3465717522935433,3.537438,-1.7262316942214966,0.6412317752838135,0,0,0,0.4347826086956521,3.231500000000002,0.8138183263745661
5458017ec90ca9e042ecd04d639e5f89,O=C1CCC(=O)N1CN1CCN(c2ncccn2)CC1,0.3995999991893768,0.386333554983139,0.0777395467527888,2.298832,-9.0877685546875,0.1312489099800586,0,1,0,0.5384615384615384,-0.2948999999999997,0.7057868565661922
83d80c74dffb89e048baad93e374ee97,COc1ccc(Oc2ccccc2C#N)cc1,0.3447999954223633,0.9188070297241212,0.1236833525313572,1.609482,-9.96874713897705,0.4333471924066543,0,0,0,0.0714285714285714,3.359180000000002,0.8038643787958103
0b6ed20df5d78d9366de6f44da5e8e47,Cc1ccccc1C(OCCN(C(C)C)C(C)C)c1ccccc1,0.4918000102043152,0.8583680987358093,0.4422607150944797,2.626066,-10.746590614318848,0.9743220806121826,0,0,0,0.4545454545454545,5.219820000000006,0.659550059019529
e0fd5e47bc6bd28ac2828a354e7b4d68,O=C1C=CC(=NN=C(c2ccccc2)c2ccccc2)O1,0.4176999926567077,0.9863712191581726,0.3331689970059828,2.653556,0.9044556617736816,0.2254358798265457,0,1,0,0.0,2.950500000000001,0.4914135260504101
9aedb55f351a960cbeadeff9fd85499c,Oc1ccc(-c2ccccc2)cc1Cl,0.5742999911308289,0.9956789016723632,0.3469275534152984,1.456996,0.677676260471344,0.2237619251012802,0,0,0,0.0,3.712600000000001,0.7509633308761207
2051cb144d02bd2844912842a03f02e1,O=C(Nc1ccccc1F)c1coc(=O)c(Br)c1,0.5175999999046326,0.944170355796814,0.1758016943931579,2.125859,-8.841923713684082,0.2255941271781921,0,0,0,0.0,2.793700000000001,0.9274295999092118
eaa7dfa55fcd5a589f93275cee4f16e9,CCN(CC)C(=O)C=C1OC(=O)N(Cc2ccccc2)C1(C)C,0.5127000212669373,0.7071329951286316,0.0915433740751309,2.894683,-6.3366289138793945,0.1509719900786876,0,1,0,0.4444444444444444,3.1697000000000015,0.7840482733014503
7fda19b0afa4fc9b805254093717a21a,CC(=CCCC(C)=CC(=O)CC1(C)C=Cc2cc(O)cc(C)c2O1)CO,0.6654999852180481,0.9911361932754515,0.2887045246633616,3.868764,10.0158052444458,0.7056810855865479,0,1,0,0.4090909090909091,4.489220000000006,0.5579204675080827
120ebbaa9540e80075c14872fd6084c6,O=C(N1CCN(Cc2nc3ccccc3n3cccc23)CC1)n1nnc2ccccc21,0.5120999813079834,0.7487251162528992,0.1169387877664782,2.547848,-10.95111083984375,0.9191447496414183,0,0,0,0.217391304347826,3.0181000000000013,0.4465737478896016
2941734be3160ef57feb9d937a69cf4d,CCC1=CC2Cc3nc4ccc(Cl)cc4c(N)c3C(C1)C2,0.7081999778747559,0.9902564883232116,0.4264693260192871,4.321476,1.3756749629974363,0.6883333921432495,0,1,0,0.3888888888888889,4.856500000000003,0.7638693503355111
9188c9ecf6ab70a8c29ace82dbe77e8b,CC(C)(C)OC(=O)N1CCC(CCc2nnc(C(=O)c3nc4ccc(-c5ccc(F)cc5)cc4s3)o2)CC1,0.6431000232696533,0.9434263110160828,0.1787963096391071,2.829039,-6.485565662384033,0.6575552821159363,0,0,0,0.3928571428571428,6.296100000000005,0.2668843654725774
3dc25349ffb85f2d7dfe14fe7c932173,Cc1cccc(C(=O)c2c(OCC(=O)Nc3ccc(S(N)(=O)=O)cc3C)ccc3cc(C#N)ccc23)c1,0.5763000249862671,0.9705488681793212,0.1891361393711783,2.463809,-4.1411590576171875,0.8896568179130554,0,0,0,0.1071428571428571,4.2242200000000025,0.3547076117709752
539281fcb5e4d5b1b88cd8b3461cf44a,CCOc1cc(C(c2c(O)c3ccccc3oc2=O)c2c(O)c3ccccc3oc2=O)ccc1OC,0.5898000001907349,0.9910727739334106,0.2466209388592026,2.634114,6.720873832702637,0.7891558885574341,0,1,0,0.1428571428571428,4.898100000000004,0.3254636467077252
ef9269f087232ce1cb8b05a2e7b72f0d,CC(=O)NS(=O)(=O)c1ccc(NC(=O)C=Cc2ccccc2)cc1,0.3876999914646148,0.8747850060462952,0.1681387214498086,1.918408,-7.579416275024414,0.1050200320780277,0,1,0,0.0588235294117647,2.1633000000000004,0.8131528486424671
80f39fff8cbaa4ba8e0c174d82833197,CC(C)(NC(=O)c1cncc2c1cnn2-c1ccc(F)cc1)c1ccnc(S(C)(=O)=O)c1,0.5202000141143799,0.8252578377723694,0.1398009569807486,2.821167,-4.315786361694336,0.7822142362594604,0,0,0,0.1818181818181818,3.023200000000001,0.4978441776832415
adbe924274f8f25dd9450c658bc44035,Cc1c(-c2ccc(C(F)(F)F)cc2)nc2cccnc2c1-c1ccccc1,0.6477000117301941,0.9885189533233644,0.3181542286818677,2.157596,-9.427687644958496,0.8512576460838318,0,0,0,0.0909090909090909,6.291020000000005,0.4175831904370718
0f9544c3223388927d3718ad7701ad71,COc1cc(NCC(C)C(=O)O)cc(OC)c1OC,0.3503000140190124,0.8185621500015259,0.1881307404149662,2.467757,-7.416433334350586,0.0268473425880074,1,0,0,0.4615384615384615,1.845,0.7862568808200336
4ffdc42638cfbf8438a44d040a25beba,CCc1nnc(NC(=O)c2ccc(COc3ccccc3C)o2)s1,0.4066999852657318,0.8781272768974304,0.1531892235983502,2.173983,-10.798101425170898,0.2747958302497864,0,0,0,0.2352941176470588,3.8332200000000025,0.7357680219554213
b584d935e054ddd8fde113761b766387,CC(Oc1ccccc1)C(=O)NC1C(=O)N2C1SC(C)(C)C2C(=O)O,0.7724000215530396,0.9963343739509584,0.0688463842326944,3.419751,4.394004821777344,0.0032442503143101,0,0,1,0.4705882352941176,1.0856,0.7594682915498
4371814fc2f7702aadb57692c8b852df,COCC(C)(C)CNC(=O)c1c(C)ncnc1C,0.2768000066280365,0.2776019275188446,0.1144549826329404,2.642501,-10.22658634185791,0.1002647418528795,0,0,0,0.6153846153846154,1.4958399999999998,0.8609299673785171
d7860cdd36d5f6f7e67fe89fdd06c992,CC(C(=O)c1c[nH]c2ccccc12)N1CCOCC1,0.3136999905109405,0.4997527599334717,0.1377509409053759,2.508666,-7.199085712432861,0.3369878351688385,0,0,0,0.4,2.0713,0.8572254693134586
30cd4068c8c791d5a8c41b852c279d42,CCOc1cccc(C(=O)Nc2nc3c(s2)CC(C(C)(C)C)CC3)c1,0.539900004863739,0.881274938583374,0.1908817487684163,2.68028,-9.056912422180176,0.4955941021442413,0,0,0,0.5,4.9451000000000045,0.8415604414196362
ec41e6e13978273b7c5fe1a695e8b16f,CC(C)NC(=O)NC1COC(CN2CCC(F)(F)C2)C1O,0.4686999917030334,0.4888457655906677,0.0825531305745244,3.981797,10.952363967895508,0.2723646178841591,0,0,0,0.9230769230769232,0.1633000000000007,0.6918092292333102
eae243003425f1a7a1e820dae50ae40d,CN(Cc1ccsc1)CC1CCN(CCc2ccc(Br)c(Br)c2)CC1,0.5907999873161316,0.9016017317771912,0.509625331922011,2.425211,-7.237390041351318,0.9908635139465332,0,0,0,0.5,5.6596000000000055,0.4987282571743656
52af361aeb0140a5ab4ee35ef2a55579,COc1c(N2CC3CCCN(CC(O)Cn4c([N+](=O)[O-])cnc4C)C3C2)c(F)cc2c(=O)c(C(=O)O)cn(C3CC3)c12,0.9172000288963318,0.9962693452835084,0.2609829929741946,4.201907,0.972119688987732,0.6140405654907226,0,1,1,0.5357142857142857,2.5571200000000003,0.2830597573816762
45d83f213e37afb7ba38cda3bf01db7a,COc1ccc(-n2c(=O)c3ccccc3n(Cc3ccccc3Cl)c2=O)cc1,0.5382000207901001,0.9304798245429992,0.2410325082865628,1.933982,-12.161847114562988,0.595932412147522,0,0,0,0.0909090909090909,3.862700000000003,0.5295696361986382
aa63c3061265fff8050e7d9a8a4e8cb6,CCC1CN(C(=O)C2CCC(N)CC2)CCC1NC(=O)c1cc(C2CC2)on1,0.4686999917030334,0.301635593175888,0.0596221276050941,3.494618,-4.871459007263184,0.4433847784996033,0,0,0,0.7619047619047619,2.4264,0.8065757032185963
f24864e4279f6176e0bad031383cc70c,Cn1c(NCc2ccccc2Cl)nc2cc(C(N)=O)cc(N)c21,0.5346999764442444,0.9405516386032104,0.262939455834302,2.449104,-10.389348030090332,0.5493934512138366,0,1,0,0.125,2.5198999999999994,0.6403101529338817
8cf779bbbc02dbd02d0a8c01ea9ed2d4,CCC(=O)NC1CCC(N(C)C(=O)c2ccc(-c3nc4ccccc4n3C)cc2)C1,0.4408000111579895,0.5606749653816223,0.1320475807244127,3.039356,5.196032524108887,0.8327128648757934,0,0,0,0.375,3.7596000000000025,0.7040762752528474
7cedd3a4753da59def6ecc7dd49cd2b5,O=C(Cc1ccc2c(c1)C(=O)c1ccccc1CO2)NO,0.5008000135421753,0.9030445218086244,0.1711692474782467,2.215814,-6.7872819900512695,0.2015939250588417,0,1,0,0.125,1.8578999999999997,0.6513036048102349
5cd43b6b056b50559e7f15edc9852f77,CC1CCCN(c2nc3c(c(=O)n(C)c(=O)n3C)n2CCSc2nc3ccccc3s2)C1,0.6287000179290771,0.7177519202232361,0.1557721868157386,3.123454,-10.50279426574707,0.9016830921173096,0,0,0,0.4545454545454545,3.072000000000002,0.4173530507048319
8f3d0bc7931ffd2ee09060e06bcd736c,O=S1(=O)COc2cc(-c3cncc4ccccc34)ccc2N1,0.602400004863739,0.9477068185806274,0.1569628864526748,2.809207,-8.031675338745117,0.4690659940242767,0,0,0,0.0625,2.993400000000001,0.7497963333882685
22afa84802645edc37953689bbfa38f6,CC1CCC(C)C12CCC1C2=CC2(C)CCC(C)(C)C12,0.526199996471405,0.8850768208503723,0.2299549837004054,5.198467,7.378395080566406,0.5328958362340928,0,1,0,0.9,5.831300000000007,0.486530475102656
09e2982fe2dff7be99bbd77018d898fb,CC(Cc1ccc(-c2ccccc2)cc1)SC(=O)C(C)NC(=O)C(C)C,0.6378999948501587,0.9304130673408508,0.2717785740440542,3.001086,-7.046733379364014,0.6442319512367248,0,1,0,0.3636363636363636,4.705100000000003,0.7690014118888369
abf5af8a9c8842e30aea697ef33b0a69,CC12C(=O)Nc3ccc(Cl)cc3C(=O)N1C1c3cc(Cl)ccc3OCC1C2c1ccccc1,0.6980999708175659,0.9831225275993348,0.4812089313160289,3.791127,-1.0998775959014893,0.807954204082489,0,0,0,0.2307692307692307,5.693700000000005,0.4878092053853268
5be88195152dd0ae05b422baa81bcd9c,CC(NC(=O)c1cccnc1NCc1ccc(-c2cnc3[nH]ncc3c2)cc1)c1ccc(F)c(F)c1,0.6388000249862671,0.9768692851066588,0.4082763682712208,2.998712,-10.210970878601074,0.9492259621620178,0,0,0,0.1111111111111111,5.401200000000004,0.2874825936060703
bf2ff42d4ea2b3c06105b88cee4022ba,c1ccn(-c2nnn(CCCCCCn3nnc(-n4cccc4)n3)n2)c1,0.4278999865055084,0.8875080943107605,0.0638484208241359,3.158406,-8.918434143066406,0.2772148922085762,0,1,0,0.375,1.5015999999999998,0.4235354523406765
dc04f0ae1a13f1f42ba48d3dfbd47641,CON(C)Cc1ccc(O)c2c1CC1CC3C(N(C)C)C(O)=C(C(N)=O)C(=O)C3(O)C(O)=C1C2=O,0.8090999722480774,0.9967865347862244,0.1437844608656384,4.550501,14.11198902130127,0.2556008338928223,0,1,1,0.4583333333333333,0.1138000000000017,0.2832962279442589
1cefb238a7bceb5fe517556f188d7ba7,Cn1c2c([n+](C)c1-c1ccccc1F)C(=O)c1ccccc1C2=O,0.7111999988555908,0.980810821056366,0.3623096495866775,2.741696,-8.883273124694824,0.7047177493572235,1,1,0,0.1052631578947368,2.4311000000000007,0.5054393003360114
b3933969526b92fe49b319ec0d269703,COc1ncc(-c2c(N)ncnc2NC(C)c2nn3ccc(C)c3c(=O)n2-c2ccccc2)cc1NS(=O)(=O)c1ccc(F)cc1,0.6809999942779541,0.8599573969841003,0.2994454841722141,3.642141,10.061100959777832,0.951954197883606,0,0,0,0.1290322580645161,4.349420000000003,0.2061557808576266
5b7d9ff8baa9450dd7d454e602cb3df7,CCOC(=O)C1=C(C)N(NC(=O)Nc2ccccc2)C(=O)C1=P(c1ccccc1)(c1ccccc1)c1ccccc1,0.5533999800682068,0.9627047181129456,0.2644384604963389,3.007487,0.3023472726345062,0.6348315894603729,1,1,0,0.0909090909090909,4.568900000000005,0.2548935675085805
637e29335600df3050d0fe4809a48900,COP1(=S)NCC(c2cccc(Oc3ccccc3)c2)O1,0.4790999889373779,0.9363538026809692,0.2671020572835749,3.637633,3.557570457458496,0.655336320400238,0,1,0,0.2,4.010700000000003,0.8616312764630933
b81bfcd822cb8efc0ae8718599889738,CC(=O)OC1CC2CCN3C(=O)c4cc5c(cc4C(C1OC(C)=O)C23)OCO5,0.6128000020980835,0.8723694682121277,0.1255540490489114,4.158872,6.429832458496094,0.3170065611600876,0,0,0,0.55,1.6102999999999998,0.7121628333210694
8cbdaf1f26dc8592cb590f473c738918,CC(C)COC(=O)NC(CCC(=O)N1CCN(c2cccc(NC3=NCC(O)CN3)c2)CC1)C(=O)O,0.5175999999046326,0.7155152559280396,0.0780275968665426,3.519021,-4.055693626403809,0.2002541407942772,0,0,0,0.5833333333333334,0.6828000000000018,0.3263670849080265
0b721c4236b265394c5ba32133da0cd2,Brc1cccc(CNn2cnnc2)c1,0.3061999976634979,0.8645799160003662,0.0716103278047574,2.545501,-11.343535423278809,0.0294437966309487,0,0,0,0.1111111111111111,1.784299999999999,0.9061865873717152
2833fb7d9c21adc5dbff090002c65cfb,NC(Cc1nc2cc(Cl)ccc2cc1CP(=O)(O)O)C(=O)O,0.4812000095844269,0.8600391745567322,0.3588030365380374,3.102611,0.5746279954910278,0.025918071065098,0,1,0,0.2307692307692307,1.5202999999999998,0.603961732089548
bcd62d0d974d6fb371c3de1de149806e,N#Cc1cnc(Nc2cc(NC3CC3)n3ncc(C=C4NC(=O)NC4=O)c3n2)c(Cl)c1,0.614799976348877,0.8671287894248962,0.5579527088186957,3.179379,6.387763977050781,0.607791256904602,0,1,0,0.1578947368421052,2.1475799999999996,0.3514802684847889
866302ca662b6b346272653a1ff22443,CC(C)C(C)C=CC(C)C1CCC2C3=CC(=O)C4(O)CC(O)CCC4(C)C3(O)CCC21C,0.5370000004768372,0.919136643409729,0.2588941122997891,5.087098,10.111210823059082,0.6360510945320129,0,1,0,0.8214285714285714,4.819500000000004,0.5434188118924013
f92f462e0f6003e99eb6b224f1a0b1de,Cc1nc(C(=O)N2CCCC2(C)c2nc3cc(OC(F)(F)F)ccc3[nH]2)c(-c2ccccc2C)s1,0.6639999747276306,0.9856564998626708,0.2361035550182516,3.489956,-0.4759400188922882,0.9212738037109376,0,0,0,0.32,6.353240000000005,0.3543397404868592
dcef7ffd5c0b7c9807420f0624a97fe3,Cc1cc(C=CC(=O)O)c(C)n1-c1ccc2c(c1)OCO2,0.4754000008106231,0.906983494758606,0.3268822275779464,2.281525,-5.123322010040283,0.0524629451334476,1,1,0,0.1875,2.9206400000000015,0.8807947999688951
40e37b74f94ede9ba259d324af6d5c6b,COc1cc(OC)cc(C(=O)Nc2ccc(C)c(-n3ccn4nc(-c5cccnc5)cc34)c2)c1,0.5252000093460083,0.8705995082855225,0.386203340508721,2.677304,-8.819354057312012,0.9618982911109925,0,0,0,0.1153846153846153,4.764920000000004,0.4006750664671292
149090a246715eec84dd7df6d5332ceb,CS(=O)(=O)N(Cc1ccccc1Cl)c1ccc(C(=O)N2CCCC2)cc1,0.4699000120162964,0.3477202951908111,0.0872140106829729,2.004343,-10.266819953918455,0.7963691473007202,0,0,0,0.3157894736842105,3.542200000000002,0.7814662559211951
1ff8d08384d5852fc08062430025d84f,CC(C)(CSc1ncccn1)NS(=O)(=O)c1ccccc1,0.3134999871253967,0.5561217069625854,0.1366764456033706,2.374144,-10.521693229675291,0.0476224146783351,0,0,0,0.2857142857142857,2.3258,0.6523282093597794
322504967152a1de24d772597b3e8db0,COc1ccc(CN2CC(COc3cccc(F)c3)CC(C(=O)NCCN(C)C)C2)cc1OC,0.4824999868869781,0.5623844861984253,0.29202678528699,3.060998,-9.969324111938477,0.9398007988929749,0,0,0,0.5,3.0378000000000016,0.54142842965309
d9601c07804cba02635a47751a8305d1,O=P(O)(O)C(F)(F)c1ccc(-c2ccc(C(F)(F)F)cc2F)c2oc3ccccc3c12,0.7376000285148621,0.986557126045227,0.4901373440569097,2.831604,5.300818920135498,0.9389044642448424,0,1,0,0.1,6.637900000000002,0.2657822486900961
8294b00bd322bffa0d3b9d86b6e19678,CN(Cc1c(-c2ccccc2)c2ccccc2c(=O)n1C)C(=O)Cc1cc(C(F)(F)F)cc(C(F)(F)F)c1,0.6955000162124634,0.9907274842262268,0.2209073183211413,2.603644,-7.594588279724121,0.9475255250930786,0,0,0,0.2142857142857142,6.444200000000004,0.2776761255596633
520257cf813e7c954784bc22b57e78ca,Cc1ccsc1C=NNC(=O)c1ccc2ccccc2c1,0.4810999929904938,0.942414939403534,0.172679641707377,2.074931,-3.0350170135498047,0.5068060636520386,0,1,0,0.0588235294117647,3.973620000000002,0.5760389644730657
10a6628ea6330430199fcc54293a760b,CCCCC(Oc1cc(O)c(C(=O)O)cc1C#CC1CCCC1)C(=O)NC1CCCCCCC1,0.7577999830245972,0.9806044101715088,0.1255806752226569,3.27342,8.136833190917969,0.1538063704967499,0,1,0,0.6428571428571429,5.798800000000005,0.4183371751479125
9576b962c27d234631db494312357528,CC(C)(CNC(=O)c1ccc(NS(=O)(=O)c2ccc(F)cc2)cc1)N1CCOCC1,0.4733999967575073,0.4575750529766083,0.1140369850803505,2.216049,-10.22572422027588,0.7974576592445374,0,0,0,0.3809523809523809,2.467100000000001,0.6977226209505208
2993230405489488d1120bdfd6274dc9,CN1CCN(c2nc3c(Br)c(Br)c(Br)c(Br)c3[nH]2)CC1,0.6489999890327454,0.9691379070281982,0.427914870056239,2.940646,-7.833260536193848,0.8999796152114868,0,1,0,0.4166666666666667,4.364700000000002,0.4386292729211284
badb7a10dc6cc5e9ed9d6a9506ef96cb,CCc1ccc(C(=O)N2CC(C(=O)NC(C)C)C3(CCOCC3)C2)cc1,0.4427999854087829,0.3607716262340545,0.0293523575898937,3.437626,-2.8444063663482666,0.4466040462255478,0,0,0,0.6190476190476191,2.6424000000000003,0.9001208889471445
891353f7f86c6cf59a4714659e72fff3,Cc1c(C(c2ccc(Cl)cc2)n2cncn2)no[n+]1[O-],0.5479999780654907,0.9461684226989746,0.0992987463250756,3.543285,-5.361503601074219,0.0183893416076898,0,1,0,0.1666666666666666,1.4990199999999998,0.6828339914006081
13533f92eef825b1cb52bb6ccab42a7e,CC(=O)NCC1CN(c2ccc(N3CCN(Cc4ccc(C=NN)o4)CC3)c(F)c2)C(=O)O1,0.8306000232696533,0.7813174724578857,0.1126354627988555,3.240326,-6.666039943695068,0.6967010080814362,1,1,1,0.4090909090909091,1.4947999999999992,0.3668519365240871
eae9ca22b4315c49c21890402ad5652a,Cc1noc(C)c1-c1ccc2ncnc(NCc3cccc(F)c3)c2c1,0.5407999753952026,0.9506452083587646,0.1766200539740649,2.290317,-2.078796863555908,0.9109102606773376,0,0,0,0.15,4.652840000000003,0.5813352457109867
2431f34c37f8298902a5335b80b955c7,CCC(C)C(N)C(=O)N1CC(F)(F)CC1C#N,0.4666000008583069,0.5597090721130371,0.0872908299735916,3.997417,3.0593254566192627,0.3438658386468887,0,0,0,0.8181818181818182,1.11958,0.8095716674599067
2265712431939e95a407ab0743ff5231,O=S(=O)(c1cccs1)N1Cc2ccccc2N(Cc2c[nH]cn2)C(CCc2ccccc2)C1,0.6554999947547913,0.8907586932182312,0.1458127681504596,3.22633,1.254173994064331,0.9863270163536072,0,0,0,0.24,4.6837000000000035,0.4186370482772683
c22074e8ed2dd3bfba30b7933579d86e,O=C(Cn1cnc2ccccc21)OCC(=O)N1CCc2ccccc2C1,0.3467000126838684,0.6055275797843933,0.0585548773788931,2.155247,-11.522711753845217,0.6232251048088073,0,0,0,0.25,2.1643999999999997,0.6773261755435894
b3f57c22ab4fb0d34789940312b4b407,CC(N)c1cccc(NC(=O)C2C3CCCCCC3C2NC(=O)OCc2ccccc2)c1,0.6212999820709229,0.8549363017082214,0.2988485585559498,3.608299,-8.047140121459961,0.8279817700386047,0,0,0,0.4615384615384615,4.766100000000004,0.6094407893454256
d9c46ddaeaa7574f52e0f373a72f435e,O=C(O)CN1C(=O)C(=Cc2cc(Br)ccc2OCc2ccc(Cl)cc2Cl)SC1=S,0.8159000277519226,0.996890425682068,0.194406317716295,2.400981,-2.3811614513397217,0.2094950973987579,1,1,0,0.1052631578947368,5.620700000000003,0.3844030915330982
11ba39ef5b32854eed2beba0c827cabb,CCOC(=O)c1sc(NC(=O)CSc2nnc(C)s2)c(C(=O)OCC)c1C,0.513700008392334,0.9067754745483398,0.045554560270499,2.391129,-13.131244659423828,0.2316158503293991,0,0,0,0.4375,3.3006400000000022,0.5030111955301492
e99c3c2c13dcff68cc935755b55334a7,C=C(C)CCOc1ccc(N2CC(COC)OC2=O)cc1,0.5284000039100647,0.6689024567604065,0.1466892903501337,2.797824,-2.933176040649414,0.3280660986900329,0,1,0,0.4375,3.0032000000000014,0.7245709292760555
427407b7dbdf0ef4358e3f9cc1836ab4,Cc1cc(CNC(=O)Cc2c(F)cccc2Cl)nn1C,0.374099999666214,0.6013294458389282,0.0767465916208245,2.215792,-7.783431053161621,0.1415102362632751,0,0,0,0.2857142857142857,2.3799200000000003,0.9412181676297364
ee722ca551398f67941e9bee49b644c9,N#Cc1cc(F)ccc1Cn1ccc2c3c(ncc21)C(=O)N(O)CC3,0.6313999891281128,0.854953408241272,0.2419105063785206,2.941233,-7.213042259216309,0.7153670310974121,1,1,0,0.1666666666666666,2.48288,0.7290085196118239
0a582b2e9d9e25d242530d295c340559,O=[N+]([O-])c1cc(NC2CCCNC2)ccc1CO,0.454800009727478,0.8559520840644836,0.1801258264617486,2.835373,-6.887380599975586,0.2876618087291717,0,1,0,0.5,1.251,0.5534797663951588
695b141c5a7974252515acc85900a4ca,CC(=O)Nc1c(-c2ccccn2)nsc1C(=O)NCc1ccccc1C,0.5059999823570251,0.6759195923805237,0.0942797372964295,2.379959,-8.87028980255127,0.6004070043563843,0,0,0,0.1578947368421052,3.4019200000000014,0.7247669147021353
0515dbdfa69f4ebc47790ed7c0ade4d9,Cc1ccc(CC2CCN(CC(O)COc3cccc4ccccc34)CC2)cc1,0.6758000254631042,0.9838289618492126,0.6233025220307437,2.472967,-10.123944282531738,0.991993248462677,0,0,0,0.3846153846153846,4.842620000000005,0.6274006826408599
64fce3746ee57fc84f26cc0b06e2a3fb,CN1C(=O)c2ccc(F)cc2CN2CC1C1(CC1)C2,0.484499990940094,0.5681912899017334,0.0946221666579896,4.814959,-6.251105308532715,0.8321524739265442,0,0,0,0.5333333333333333,1.8757,0.7107893241635139
e28737ac79245cb4a73b3e5c517f8d3c,COc1cc(C=C2C(=O)Nc3ccccc32)ccc1OCCCN1CC(C)OC(C)C1,0.6261000037193298,0.9373013973236084,0.559038751504638,3.088167,-6.95886754989624,0.9731403827667237,0,1,0,0.4,4.066000000000003,0.5385294949391466
a1de1c2cac4d7c3a1b82850c33735d9e,Oc1cc(C=NNc2ccccn2)cc(O)c1O,0.4318000078201294,0.9785564541816713,0.2755887494845824,2.381688,-1.5619721412658691,0.2426026776432991,1,1,0,0.0,1.6443999999999992,0.3741848238879574
254c7d27e60905ee94652c434b517cec,NC(=O)CN1CCC2(CCN(C(=O)c3cc(F)c(F)cc3F)C2)C1,0.5837000012397766,0.5613161325454712,0.0941399342634461,3.409238,-7.237058639526367,0.6182168781757355,0,1,0,0.5,1.1271999999999998,0.8383369191396728
2e3653d05303198c0630cbfc14799fc5,COC(=O)C1=C(C)N(Cc2ccccc2)C(NCc2ccc(OC)cc2)=NC1c1ccc(Br)cc1,0.6633999943733215,0.9793030023574828,0.3076700940728187,2.903434,-10.25148582458496,0.8429390668869019,0,0,0,0.2142857142857142,5.6074000000000055,0.399775964999304
aaff5c6aed5fa4c6a0c446cf93551539,[C-]#[N+]c1cc(C#N)c2cc(C(=O)NC3CCC(C)CC3)[nH]c2c1,0.5246000289916992,0.8734660148620605,0.1900025992230935,2.895169,-11.378437995910645,0.7739314794540405,0,1,0,0.3888888888888889,3.8988700000000023,0.8258354840507327
7c6c703bd72a644e0304ddc42049feba,Cc1cccc(-c2noc(-c3cccnc3N3CCC(C(=O)NCc4ccc5c(c4)OCO5)CC3)n2)c1,0.6470000147819519,0.9099251627922058,0.1341175497932867,2.509055,-9.916653633117676,0.9522001147270204,0,0,0,0.2857142857142857,4.368520000000003,0.419045724137009
03cb5b01b064ed230546a0c70391b1a3,O=C(O)c1c(NC(=S)N2CCOCC2)sc2c1CCCC2,0.5436000227928162,0.7579041719436646,0.028411186046221,2.396393,-0.7429410219192505,0.0592162325978279,0,1,0,0.5714285714285714,2.3541000000000007,0.8137069718715219
addcf8bd671978ab158cb4ff189e07a2,O=S1(=O)N=C(Sc2ccc3c(c2)OCCO3)c2ccccc21,0.5881999731063843,0.9617817401885986,0.1082023500718853,2.628753,-12.717994689941406,0.2540648952126503,0,0,0,0.1333333333333333,2.6990000000000007,0.8026785811232299
7c2c439f3b9de8201b79ed5b9ec784bf,CCNC(=O)C[N+](C)(C)CCCn1c(-c2ccc(N(C)C)cc2)nc2c3ccccc3c3ccccc3c21,0.5271000266075134,0.983092486858368,0.3009167300029234,2.813504,2.8049204349517822,0.9879440903663635,1,1,0,0.3125,5.6783000000000055,0.2059269144516384
4f6210f3ea01f74d35bab8504ac3d8c1,CC1CC2C(C)Oc3c(-c4ccc(O)cc4)c[nH]c(=O)c3C2C(C)C1O,0.6718000173568726,0.9868993759155272,0.2686288817362351,4.338204,11.564217567443848,0.5650097906589509,0,0,0,0.4761904761904761,3.265000000000002,0.7331671589700154
f64fc870704643fd40dba9e09004b595,O=C(O)CCOc1ccc([N+](=O)[O-])cc1,0.3490999937057495,0.9383121728897096,0.1535771926018324,1.688164,-2.9497945308685303,0.0152104446664452,0,1,0,0.2222222222222222,1.4483,0.5875488670537552
2b46dae1509c53809d9a4dadee509ac9,CC(NC(=O)C(C)NC(=O)c1ccc(S(=O)(=O)Oc2ccc(C=C[N+](=O)[O-])cc2)cc1)C(=O)O,0.6159999966621399,0.9778475761413574,0.1735136935656721,3.184098,-8.376296997070312,0.0970058046281337,0,1,0,0.1904761904761904,1.4092999999999996,0.2512415162281358
c47743e3def0810eaf5e66b034058190,COc1cc(N2CCN(C(=O)Cn3cnc4cc(C(F)(F)F)ccc43)CC2C)ccc1-c1cnc(C)o1,0.6563000082969666,0.9459965229034424,0.2268968752839348,3.294898,-3.7076456546783447,0.9597787380218504,0,0,0,0.3461538461538461,4.764420000000004,0.3829878429072896
e307648517e2117210eb2ef030830cec,O=C(c1ccoc1)N1CCN(c2cc(-c3cccnc3)nc3cc(-c4cccc(Cl)c4)nn23)CC1,0.599399983882904,0.8980013728141785,0.2057236690412868,2.676349,-12.29183292388916,0.8814409255981446,0,0,0,0.1538461538461538,4.667100000000005,0.3686780015856791
e5e410f7938b95a6d4475c48796157f4,Cc1cc(Nc2nc(NCCO)c3cnn(C)c3n2)cc(C(F)(F)F)c1,0.5878000259399414,0.9704842567443848,0.540015461769971,2.567929,-10.259882926940918,0.8054727196693421,0,0,0,0.3125,2.8383200000000013,0.6436306132697327
aa5e8059c42fd2eea59cdebddf1e3271,Cc1cccc(C)c1C(=O)NCC(c1cnco1)N1CCc2ccccc2C1,0.4271000027656555,0.6349747776985168,0.13328945111822,2.985345,-9.590222358703612,0.9669665694236756,0,0,0,0.3043478260869565,3.820840000000003,0.7364874489246959
3a0825c565a35ed178b7ca535d37a476,Nc1ccc(Br)c2c1C(=O)c1ccccc1C2=O,0.5758000016212463,0.9917363524436952,0.3089507425373251,2.111193,-8.478346824645996,0.5221060454845429,1,1,0,0.0,2.806700000000001,0.6495753744504711
4f2517ad6082d70bce4441d56df3bbed,CCNC(=O)c1n[nH]c2c1CN(C(=O)c1cc(F)cc(F)c1)CC2,0.4354999959468841,0.3122014701366424,0.0490245417776432,2.477656,-11.880891799926758,0.4838007509708404,0,0,0,0.3125,1.6361,0.8955813660673736
dee7b1f8bb1be75ed4a65682c6fde62c,CC(C)C(C(=O)O)N1C(=O)C(=Cc2cccc(Oc3ccc(Cl)c(Cl)c3)c2)SC1=S,0.8113999962806702,0.9981915950775146,0.269492930309339,2.917342,-9.40027141571045,0.2058624148368835,1,1,0,0.1904761904761904,6.096100000000004,0.3967977561883424
39389a100be28dbe559df3bc6833611d,Cn1nc(C(C)(C)C)cc1NC(=O)Cc1cccc(Nc2ncnc3[nH]ccc23)c1,0.5767999887466431,0.8927470445632935,0.3454533977942033,2.606233,-0.995103120803833,0.8459019780158996,0,0,0,0.2727272727272727,3.9137000000000017,0.4689707568142758
1a67710b9b2000da99b181809978dcdf,CC1(C)C(=O)c2ccc(C(F)(F)F)cc2C(n2ccccc2=O)C1O,0.6585000157356262,0.9679919481277466,0.2760683264244686,3.488148,-3.9060680866241455,0.4474814891815185,0,0,0,0.3333333333333333,3.0399000000000025,0.8591326407582462
d235c3d6f0902e718e872800063a2b04,COc1ncnc(N)c1CNCCc1ccc(-n2cccn2)cc1,0.4982999861240387,0.8774281740188599,0.3177046870643442,2.439647,-7.561863899230957,0.7463590979576111,0,1,0,0.2352941176470588,1.5853999999999993,0.6413755760287382
c898544d9d784a02af2bc2d2231192ab,CCC(C)(C)NC(=O)c1ccc(NCc2cc(=O)n3ccsc3n2)cc1,0.42739999294281,0.6471288800239563,0.1152424622665752,2.432616,-3.300203800201416,0.4918339073657989,0,0,0,0.3157894736842105,3.286500000000001,0.6981339892661851
8ad3b31127d56d27d1539eaf07c406c6,O=C(Nc1cccc(-c2cccnc2)c1)c1cc([N+](=O)[O-])c(F)cc1Cl,0.6780999898910522,0.9909889101982116,0.360067069530487,2.089576,-11.474669456481934,0.485402238368988,0,1,0,0.0,4.701600000000002,0.5316571483298129
542044587bc383a422bf1df356c807af,CC(CO)N(C)S(=O)(=O)C1CC1c1ccc(Br)cc1,0.576200008392334,0.8126340508460999,0.0973043010824106,3.664071,-10.176166534423828,0.2261321008205414,0,0,0,0.5384615384615384,1.9474,0.8849476899735428
b6c060f6ddd2e53bd462ecf7ef0926b2,COc1ccccc1-c1ncc(CN2CCCC2c2ccc(C(N)=O)s2)cn1,0.6588000059127808,0.6897303462028503,0.2377271841872822,2.930182,-3.609624147415161,0.7747389554977417,0,0,0,0.2857142857142857,3.649700000000001,0.6901174360764118
