key,input,eos8lcw_consensus_score,eos3f8h_saureus,eos42ez_cytotoxicity_hepg2,eos9ei3_sa_score,eos9yui_np_score,eos7d58_herg,eos2xeq_has_pains,eos2xeq_has_brenk,eos2xeq_is_sim_known_ab,eos4djh_fsp3,eos4djh_clogp,eos4djh_qed
9dbc3d5f04cb837b7d4e89d8918eca84,COC(=O)c1ccc(Cn2ncc3c2NC(=O)CC32C(=O)Nc3ccc(Cl)cc32)cc1,0.6707000136375427,0.906255304813385,0.2140830226919867,3.72339,-11.906739234924316,0.4564572215080261,0,0,0,0.1818181818181818,2.9518000000000004,0.6144115067231842
7f9376f2ecd03159de70978bb0a3bbb9,O=c1c2c(c3cccnc3n1-c1cccc(Cl)c1)OCC2,0.53329998254776,0.8792570233345032,0.2584387402642857,2.411663,-6.6849365234375,0.1931623503565788,0,0,0,0.125,2.974000000000002,0.6935697179794812
2035c634784fbd5bd4cf9a6e4e30c5a5,CC(=O)c1cccc(-n2c(=O)c3ccccc3n(CC(=O)NCCN3CCCC3)c2=O)c1,0.4426000118255615,0.5695016980171204,0.0802434667606245,2.236171,-8.19343090057373,0.5323614001274108,0,0,0,0.3333333333333333,1.567,0.5700083426333816
63572ca35d1fe1f3427c67a0cf9048e6,O=Cc1cccc2ccc3ccccc3c12,0.5115000009536743,0.9865062236785888,0.1504087329588153,1.874681,9.486366271972656,0.3449323549866676,0,1,0,0.0,3.805500000000002,0.4368459018178507
f28b479bdf891de32578ffd62945f098,Oc1nc2ccccc2c(O)c1CCCOc1ccccc1,0.538100004196167,0.9901211857795716,0.2695406797257336,2.120439,-1.9785417318344116,0.6991488575935364,0,1,0,0.1666666666666666,3.657600000000003,0.705143478211899
ac74f13b02655ab5d56b96c06221602e,Cc1ccc2nc(Nc3ccc4nc(NCCN5CCOCC5)sc4c3)nc(NCCCO)c2c1,0.5633000135421753,0.9304038882255554,0.5828436965292151,2.638864,-4.354302406311035,0.9750855803489684,0,1,0,0.4,3.829920000000002,0.2452042838617587
5dceb461e95d34ad37395ae620f0fa84,Nc1c(O)ccc2c1Oc1cc(O)ccc1C21OC(=O)c2ccccc21,0.6740000247955322,0.9854630827903748,0.3132250464775346,3.631854,-3.2546541690826416,0.6728293180465699,0,1,0,0.05,3.248000000000001,0.3277204274444859
a5e38af26a75a4dd875485e44f0885a9,CC(N1CCn2nc(-c3cncnc3)nc2C1)C(O)(Cn1cncn1)c1ccc(F)cc1F,0.5543000102043152,0.8012466430664062,0.3018416328863664,3.971297,0.9043248891830444,0.8669265866279602,0,0,0,0.3333333333333333,1.3968999999999996,0.4665118869518257
efbbd3148e589c1e8b309a9bdeb922b5,CCCc1cc(N2CCCC(C(=O)Nc3cc(Cl)ccc3OC)C2)n2ncnc2n1,0.5412999987602234,0.6465306282043457,0.1935284584760666,2.981124,-5.770755767822266,0.8524681210517884,0,0,0,0.4285714285714285,3.5939000000000014,0.6453672625132348
aee0307aa5e731bc5dc78726322f9ea2,COc1ccc(Cn2cncc(-c3cc4cc(Cl)ccc4n3S(=O)(=O)c3cc(F)cc(F)c3O)c2=O)cc1,0.7303000092506409,0.9744188189506532,0.2599972770972685,2.872391,-6.702714443206787,0.868801760673523,1,0,0,0.0769230769230769,4.7961000000000045,0.3217250784682756
0897e2db1e6fc24cf61824cc7423dcad,CCCC1CN(S(=O)(=O)N(C)CC)CC1N,0.4510999917984009,0.4500451683998108,0.0459281846203587,3.612904,-5.496792316436768,0.40449138879776,0,0,0,1.0,0.2421000000000009,0.7588859417747297
9f60c7c83d20e1201ff9813b9132364f,CC(NC(=O)c1ccncc1)c1ccc(Br)cc1,0.3982999920845032,0.8501479625701904,0.1225463319569826,2.16406,-12.307677268981934,0.2960735619068145,0,0,0,0.1428571428571428,3.3351000000000015,0.9447773175935732
b8bd227109f26015eb9d5127fef53d3c,Cc1cccc(CNC2=NC(=Cc3c[nH]c4ncccc34)C(=O)N2)c1,0.5741999745368958,0.9668517112731934,0.3661120439117605,2.801442,-5.341155529022217,0.695358157157898,0,1,0,0.1052631578947368,2.48782,0.6449623470513334
aba173b4b4329b33377e822c248ea247,CCOc1c(Cl)cc(CNCCc2c[nH]c3ccccc23)cc1OC,0.6381999850273132,0.986375331878662,0.6250270009040833,2.085703,-10.72944164276123,0.9272719860076905,0,1,0,0.3,4.560900000000004,0.5800766805981334
e875467d8712dd6d0de267f9ca7dd3a5,O=C(CC1CC1)N1CCC2(CCCN(CCOc3ccccc3)C2)C1,0.3741999864578247,0.3652960956096649,0.1130101118575443,3.177573,-3.3456733226776123,0.8969803214073181,0,0,0,0.6666666666666666,3.1800000000000024,0.7959155583131845
d85e0220ebf015d77c179f3d8b04d92d,CN(C)c1ccc(C2CC(c3ccc(-n4ccnc4)cc3)=NN2C(=O)c2cc(Cl)cc(Cl)c2)cc1,0.6456999778747559,0.974480152130127,0.3400622687556527,3.044572,-13.082895278930664,0.9336127281188964,1,0,0,0.1481481481481481,6.2366000000000055,0.3236007145886918
d7ce74eb45764bc13d334e730edbafea,CN(C)c1ccc(-c2cc(O)c3ncccc3c2)cc1,0.5774999856948853,0.9953952431678772,0.3647607239809903,2.03969,-3.717090845108032,0.779992938041687,0,0,0,0.1176470588235294,3.6734000000000018,0.7668129056460442
776efb5dc3f1949a3e3d84d1ca9c7c33,COc1cc2c(cc1OC)C(=O)N(C1CCCN(CCCOc3ccc(C(F)(F)F)cc3)C1)CC2,0.6492000222206116,0.8312828540802002,0.544067686254328,2.883328,-5.400790214538574,0.9878628492355348,0,1,0,0.5,4.654400000000004,0.5022921144785629
d180c1ae721ea46e3f4d80b9fa3a7b87,CCOC(=O)c1noc2ncnc(NCCc3ccccc3)c12,0.4133000075817108,0.7951623201370239,0.1189154819162054,2.280816,-6.622512340545654,0.5231041371822357,0,0,0,0.25,2.4491000000000005,0.6990173223774311
cd17132045bfaa853d54bbe7d71bb5d2,CN(C)CCNc1ccc(NCCCCNC(=O)OCc2ccccc2)c2c1C(=O)c1ccccc1C2=O,0.6428999900817871,0.977143943309784,0.5667232180183585,2.500229,-2.4283382892608643,0.9505011200904846,1,1,0,0.3,4.554000000000004,0.2385294466460729
7b5699fdc9d8df9b8122433cc7a82224,O=C(NCc1cccs1)c1nn(-c2ccccc2)c2ccccc2c1=O,0.5310999751091003,0.8859565854072571,0.1347177191214128,2.104577,-6.951744079589844,0.6313132405281067,0,0,0,0.05,3.377200000000002,0.6060360283825101
3f1ed7171503783dc8fbf6f58beda016,Cc1noc(C)c1CSc1ccccc1C(=O)O,0.4636000096797943,0.8569709658622742,0.0181472166262789,2.087827,-10.90389347076416,0.0034077490679919,0,0,0,0.2307692307692307,3.2819400000000014,0.8574988316635582
1a618733baa715855fbfcbb92a32968a,O=S(=O)(Nc1ccncn1)c1ccc2c(OCc3cccc4[nH]ncc34)nccc2c1,0.6844000220298767,0.9556211233139038,0.1871082985943014,2.673424,-2.4655911922454834,0.8540666103363037,0,0,0,0.0476190476190476,3.2809000000000017,0.4220150652930479
ad67a95cd3fa84cb3dc7e8888aca8a76,C=CC(=O)N1CCC(C2CCNc3c(C(N)=O)c(-c4cc(OC)c5c(c4)OC(C)(C)C5)nn32)CC1,0.5690000057220459,0.7642097473144531,0.1247602301565083,3.818026,-0.1070869266986846,0.7774702191352845,0,1,0,0.5,3.152400000000002,0.6375007323028472
6191d17a51e3b3befeaf7ce512063179,Cc1[nH]nc2c1C(c1cc(N3CCC(CCC(=O)O)CC3)cc(C(F)(F)F)c1)(C(C)C)C(C#N)=C(N)O2,0.7315999865531921,0.9770872592926024,0.3608268079432574,3.810378,-6.7429118156433105,0.6667890906333923,0,0,0,0.5,4.846500000000003,0.4998405466203096
629aab065e4c0594749be99489c22ff2,COc1c(C)cc(Br)cc1C(=O)Nc1ccc(S(N)(=O)=O)cc1,0.4614000022411346,0.9572893381118774,0.1828810450705615,1.964691,-10.019465446472168,0.4552464663982391,0,0,0,0.1333333333333333,2.66582,0.8260061625530879
80db1e5eee0a3e1501dbb729ff2cde4f,CCCCN1CCCN(CCCC)C1=O,0.3666000068187713,0.5891885161399841,0.0668643865395676,2.159652,-8.866862297058105,0.5501660466194153,0,0,0,0.9166666666666666,2.7143000000000015,0.6637782944451689
1dd3926ead11bc3111500989ece1b898,CN(C)C1C(O)=C(C(N)=O)C(=O)C2(O)C(O)=C3C(=O)c4c(O)cccc4C(c4ccccc4)C3CC12,0.7709000110626221,0.9991043210029602,0.1698829978704452,4.306707,12.67310619354248,0.3599807411432266,0,1,1,0.2962962962962963,1.7100000000000006,0.4063775243167408
3dd3570dde8f73dc973e3fe801084fde,CC(NCc1cc(F)ccc1F)c1ccc(OCC(=O)NC2CC2)cc1,0.5393999814987183,0.745947539806366,0.2322928946126591,2.450579,-11.661906242370604,0.7658519268035888,0,0,0,0.35,3.4730000000000016,0.7578753954534226
1529b631ffdce8dabbeb6db1485022ac,CCOCCc1c(-c2ccc(N(CC)CC)nc2)cnc2ccccc12,0.4990000128746032,0.9382282495498656,0.4641298164020885,2.476677,-3.4128973484039307,0.9676958203315736,0,1,0,0.3636363636363636,4.722000000000005,0.5515179433156163
e9a65f50c8ef282c8f309c0afffde611,COc1cccc(OCc2nn3c(=O)c(-c4ccccc4)nnc3s2)c1,0.4225000143051147,0.8072099685668945,0.1788684989918362,2.255691,-8.947186470031738,0.3395861983299255,0,0,0,0.1111111111111111,2.800600000000001,0.5404007475798565
7fabce6b4df36885530edb981e1a6483,CC(C)C(=O)N1N=C(c2ccc(NS(C)(=O)=O)cc2)CC1c1cccs1,0.5483999848365784,0.8125820159912109,0.0755072075196287,2.892492,-9.826562881469728,0.5958930134773255,0,0,0,0.3333333333333333,3.4533000000000023,0.8477323445528282
8068d89b90884c8fda35e4b3c9da3451,COC1CN(C)C(=O)c2ccc(NC(=O)c3ccno3)cc2OCC(C)NCC1C,0.5,0.4564020037651062,0.0581044836012138,4.207921,-6.6122331619262695,0.6288697421550751,0,0,0,0.4761904761904761,2.0204999999999993,0.7884438154022694
19f9901df71ac72c6f7c27da976f2884,Oc1ccc(C=C2C3CC4CC(C3)CC2(c2ccc(O)cc2)C4)cc1,0.656499981880188,0.9940720796585084,0.3268386274576187,4.476888,9.530285835266112,0.457523763179779,0,0,0,0.391304347826087,5.2591000000000045,0.7873842265587861
4900b7ba29effb3be67c0a8fdeb33383,COc1cc2ncc(C(=O)N(C)C)c(Nc3ccc(Cl)cc3F)c2cc1OC,0.6341000199317932,0.9490612149238586,0.4559759321537884,2.29083,-6.329230308532715,0.7780843853950501,0,0,0,0.2,4.489900000000004,0.6796152982726114
0c08e5a10befc37e814168e9a60b6870,CCn1nccc1-c1c(-c2cccc(C#N)c2)nc(N)n2nc(Cc3noc4ccccc34)nc12,0.5342000126838684,0.96794193983078,0.4022075804797085,3.150856,1.6256476640701294,0.9225130915641784,0,0,0,0.12,3.8605800000000015,0.4085299316169531
f5076a2a2f8f612b8d8458a841c48e5c,Cc1cccn2c(CN3CCSCC3)c(C(=O)N3CCOCC3)nc12,0.4063999950885772,0.2726209461688995,0.0520021411674943,2.612688,-11.966018676757812,0.8601022958755493,0,0,0,0.5555555555555556,1.66392,0.8333032338810056
357c3c38da25c3f393b81cc64a2e0927,CN1CCN(c2ccc(Nc3nc(N)c(C(=O)Nc4c(Cl)cccc4Cl)s3)cc2)CC1,0.6753000020980835,0.9798048138618468,0.619295900518244,2.396984,-6.94255256652832,0.8819962620735169,1,0,0,0.238095238095238,4.779800000000003,0.4905596166022167
2f692390010fd73e7e2cfe5f406a3c89,CCc1nc2c(OCCc3cccc(OC)c3)cccn2c1N(C=O)Cc1ccccc1,0.5170999765396118,0.8814275860786438,0.1607557304880836,2.625643,-5.3351969718933105,0.9638934850692747,0,1,0,0.2307692307692307,4.6898000000000035,0.3433208246606655
f4c52f3353c5b62877e3f21964223353,Cc1cc(=O)oc2cc(NCc3cc(I)cc(I)c3O)ccc12,0.6502000093460083,0.9938490390777588,0.335228837349198,2.595709,-6.853092193603516,0.7204627156257629,1,1,0,0.1176470588235294,4.628320000000003,0.3812932316580955
656b53681a6608e4dfb87c41e681e6da,CC(=O)OC12CC(C)C(OC(=O)Cc3ccccc3)C1C=C(CO)CCC1C(C=C(C)C2=O)C1(C)C,0.5952000021934509,0.9848374128341676,0.2813123633915728,5.043788,9.82580280303955,0.3516375124454498,0,1,0,0.5666666666666667,4.598900000000005,0.4753849273491227
42e109c6b313a7c87848e0884d2868ca,O=C(O)c1cnc(Nc2c3c(cc4c2CCC4)CCC3)o1,0.5763000249862671,0.9558965563774108,0.0889545672319152,2.94575,-5.850728511810303,0.1096202619373798,0,0,0,0.375,3.0938000000000017,0.905457978096581
6873e69a0b467bda9a1ec7a661331056,CCC(NC(=O)C(NC(=O)C(NC(=O)C(N)C(C)C)C(C)C)C(C)CC)C(=O)O,0.5418999791145325,0.8926661610603333,0.4431239244612781,3.477429,8.201892852783203,0.0318606350570917,0,0,0,0.8,0.6208000000000029,0.3157769858384304
cd83aa8c6b51af7f6320a17c3355b5da,N=C(N)c1cccc(C2=NOC(Cn3cnnn3)(C(=O)Nc3ccc(-c4ccccc4S(N)(=O)=O)cc3)C2)c1,0.6090999841690063,0.8635887503623962,0.114406351423399,3.471915,2.4934582710266113,0.7871957778930664,0,1,0,0.12,1.4736700000000005,0.1879472420681821
4b53294c83912712ae9ec5d5354fbe2d,COc1cc2c(-c3cnc(-c4ccc[nH]4)o3)c[nH]c2cc1Br,0.5921000242233276,0.9781213402748108,0.4001989053054289,2.877982,6.633581161499023,0.7374884128570557,0,0,0,0.0625,4.589100000000001,0.5629782735582317
43dd1d0c56a0a8ba48ca30c0ae33ea12,O=c1c2oc3ccccc3c2n(Cc2ccccc2Cl)c(=O)n1Cc1ccco1,0.635699987411499,0.925180196762085,0.1890519166534597,2.39237,-11.608275413513184,0.7409310460090637,0,0,0,0.0909090909090909,4.252400000000002,0.4470258684835576
d3ec7987f6e007060eb53e47aca7252e,C=CCONC(=O)OC1C(O)C(Oc2ccc3c(O)c(NC(=O)c4ccc(O)c(CC=C(C)C)c4)c(=O)oc3c2C)OC(C)(C)C1OC,0.8220000267028809,0.9986349940299988,0.2369382957165891,4.647952,9.95421314239502,0.8651709079742431,0,1,1,0.3823529411764705,4.375620000000003,0.0838965781560458
c28029fad400b239e8610b63540a65b4,CC(C)CNC=C(C=N)c1cccc2c1NC(C)CC(=O)N2,0.4661999940872192,0.7847387194633484,0.2290460176088593,3.915015,4.910601615905762,0.6942617774009705,0,1,0,0.4117647058823529,3.065270000000001,0.6311921031289259
5cde256e21c9c3d5370ecf73af2eb120,COc1ccc(C2CC(=O)c3c(O)cc(O)cc3O2)cc1OC1OC(C(=O)O)C(O)C(O)C1O,0.6014999747276306,0.949369251728058,0.1516513495960018,4.109622,9.680938720703123,0.05979955047369,0,0,0,0.3636363636363636,0.0838999999999995,0.3395985691714758
662ae059c9b0038ff6dcfc7c4011ddad,CC1(c2ccc(F)cc2F)CC(COc2ccc(N3CCN(c4ccc(-n5cn[nH]c5=O)cc4)CC3)cc2)CO1,0.6944000124931335,0.9670257568359376,0.5794023790142753,3.688013,-3.966846227645874,0.8449578881263733,1,0,0,0.3333333333333333,4.496100000000003,0.367504679014926
5312d988ef35ae1c668715abff9599ac,CC(CS)C(=O)N(CC(=O)O)C(C)C,0.382999986410141,0.6722065210342407,0.0225564387563446,3.058538,4.247141361236572,0.0061286334646865,0,1,0,0.7777777777777778,0.8739000000000001,0.6746605941584847
b53b467650e399d979901e6e9585a9e9,CCCCCCCCn1cc(C(N)=O)c2cc(-c3cccc(C)c3)ccc21,0.682699978351593,0.9876041412353516,0.3642373884266073,2.127562,-3.224743604660034,0.9186254382133484,0,1,0,0.375,6.076120000000006,0.4609607137858588
f3b014898c790a778e476900a5264b5f,COC1CN(C)C(=O)c2cc(NC(=O)C3CCOCC3)ccc2OCC(C)N(Cc2cccnc2)CC1C,0.4165000021457672,0.3004425168037414,0.039562345482409,4.113043,-7.662802696228027,0.8381273746490479,0,0,0,0.5517241379310345,3.4529000000000014,0.6404316907855695
78d9ecb3799a73fafc10202d1272c6f7,CCc1nc2c(N)nc3ccccc3c2n1Cc1ccccc1,0.5443000197410583,0.9752376079559326,0.3096298697319897,2.044292,-1.623942494392395,0.9320438623428344,0,0,0,0.1578947368421052,3.777400000000002,0.6263684881398761
5355bf5c4a47f9f6c97b878ff88fddb9,O=C1NC(=O)C(c2cc(F)cc(F)c2)N2CCCC12,0.5099999904632568,0.6411927342414856,0.138974034989422,3.296184,-10.509552001953123,0.1633599191904068,0,1,0,0.3846153846153846,1.1266999999999998,0.7750824729700456
6d8e837c2c1a5123e4fbc2f150fb759d,Cn1ncc2c3c4c(c(-c5c[nH]nc5C(F)(F)F)nc3ccc21)CCCC4,0.7372999787330627,0.9783703088760376,0.4544803391803395,3.164567,-9.979997634887695,0.8578916072845459,0,0,0,0.3157894736842105,4.409200000000002,0.5391955392423241
d8e27ce939a095113943441bef2d8cab,Cc1c(-c2ccc(Oc3nccc4c3CCN4)cc2)n(C)c(=O)[nH]c1=O,0.5623999834060669,0.8875108361244202,0.245635448531671,2.749703,0.9367883205413818,0.5557393789291382,0,0,0,0.2105263157894736,2.204319999999999,0.7559083196321992
b4d707f85c7f5dfc28dfccf42c8642e2,N=C1N(C2CCCCC2)CCN1S(=O)(=O)c1ccc(CCNC=O)cc1,0.5805000066757202,0.7196521759033203,0.0710060755637559,2.683857,2.372866153717041,0.4956356108188629,0,1,0,0.5555555555555556,1.5488700000000004,0.5559949209252584
8e74952343da5fa100916d2c85d83905,CCCCOc1nc(N)c2[nH]c(=O)n(Cc3cccc(CC(=O)OC)c3)c2n1,0.5110999941825867,0.8969244360923767,0.2109204611995003,2.512138,1.231218695640564,0.9128835320472716,0,1,0,0.3684210526315789,1.6444999999999992,0.4459153908931653
b364f2014fcecc17c62ae59871f8fdd5,Cc1c(NC(=O)c2sc(=S)n(-c3ccc(Cl)cc3)c2N)c(=O)n(-c2ccccc2)n1C,0.6262000203132629,0.8884603977203369,0.3488255793398077,2.532993,-9.9229097366333,0.6697038173675537,0,1,0,0.0952380952380952,4.554010000000003,0.4271843814040171
4114d52a90fd1f8b7b37060dfaa24f5a,Cc1nc(-c2cc(-c3cncc(N4CCC(O)C4)c3)ccn2)[nH]c1C,0.5752000212669373,0.9303593635559082,0.2179803929545662,3.123847,-2.610943555831909,0.8587607979774475,0,0,0,0.3157894736842105,2.72154,0.7693726603605745
930a00acaa95d1027905792bee57496f,O=C(NCC1CCCN1CC(F)(F)F)c1cc[nH]c(=O)c1,0.5041000247001648,0.3488844037055969,0.1430657847191799,3.019328,-9.61667823791504,0.4329897850751877,0,0,0,0.5384615384615384,1.1314,0.8762162853761885
9082c9413a01a58ba8d1be3dac449aad,CC1Cc2c([nH]c3ccccc23)C(c2c(Cl)cc(C=CC(=O)O)cc2Cl)N1CC(C)(C)F,0.7870000004768372,0.9981572031974792,0.5414802188223059,3.754064,0.8171041011810303,0.7071773886680603,1,1,0,0.32,6.656600000000006,0.4061694227642322
d390f6b53d81f4d43c743c7d31be5d83,CN(CC(=O)Nc1ccc(Cl)cc1)CC(O)(Cn1cncn1)c1ccc(F)cc1F,0.593999981880188,0.9220556616783142,0.3917971795255487,3.00755,2.8933398723602295,0.8114391326904297,0,0,0,0.25,2.668000000000001,0.5681093006645709
79fb24053fd5c8eff3a109e92adb0486,CC(C)OC(=N)c1nc2ccc3ncn(C(C)C)c(=O)c3c2s1,0.5504999756813049,0.9083563685417176,0.2579450424421917,3.162327,-2.011531352996826,0.3991908729076385,0,1,0,0.375,3.3374700000000015,0.5897474211240725
f56fe8ebd7176d6ddde62bbed4730e3f,COCCn1cncc1CNC(=O)c1ccc(C)s1,0.3131999969482422,0.3816374242305755,0.0516700872897424,2.401844,-12.068904876708984,0.2695222675800323,0,0,0,0.3846153846153846,1.82942,0.8773863035764091
caf55b6e99f563e8715f4a85b7519884,COc1ccccc1N1CCN(Cc2cn3c(O)nc4ccccc4c3n2)CC1,0.6294999718666077,0.8855855464935303,0.2467148466543718,2.433943,-7.996462821960449,0.9857346177101136,0,0,0,0.2727272727272727,2.9189000000000007,0.5789768496571517
f8a2816cd1964002199f9d95393ebc8f,Nc1ccc(-c2ccc(F)cc2)cc1NC(=O)c1nc2c(s1)CNCC2,0.6470000147819519,0.9596498012542723,0.3285388458858836,2.474157,-10.403992652893066,0.80665442943573,0,1,0,0.1578947368421052,3.429400000000001,0.6189691346222498
7d0677f917037cc4399836996f2b596e,CN1CCCN(c2nc(C(F)(F)F)nc3cc4c(cc23)OCO4)CC1,0.6184999942779541,0.8568188548088074,0.3037905557589097,2.556109,-10.59492015838623,0.9091622948646544,0,0,0,0.5,2.5192000000000005,0.7844602620559236
eb84c2835919078fe1d86480bbc90947,Cc1cccc(N2CCN(S(=O)(=O)c3c(C(=O)N4CCC(C)CC4)c(C)n(C)c3C)CC2)c1C,0.5324000120162964,0.7254517078399658,0.0723422725092281,2.543766,-9.602080345153809,0.937062096595764,0,0,0,0.5769230769230769,3.6417800000000033,0.6618915858274774
df276c7d36cda320a9e6573729028d33,CCOC(=O)C(NC(=O)c1ccco1)(Nc1ccc(F)c(Cl)c1)C(F)(F)F,0.5860000252723694,0.921387493610382,0.3059611090204932,2.999555,-6.306572914123535,0.596770703792572,0,1,0,0.25,3.735700000000002,0.4322413806223765
eaeba6ce5771589b39c861ff72d6d298,O=C(Nc1cccc(F)c1)N1CC2(CCN(C(=O)c3csnn3)CC2)C1,0.4851000010967254,0.5895068049430847,0.0444421953183006,3.016261,-7.238886833190918,0.5835500597953797,0,0,0,0.4117647058823529,2.4473000000000003,0.8745500318872255
be7b72a3fda6aa4fda4967d27c7cd6f6,O=S(=O)(CCN1CCOCC1)N(Cc1ncc(-c2nnc(C(F)F)o2)s1)c1cccnc1,0.5393999814987183,0.4811842739582062,0.0844809941270134,3.257764,-8.215960502624512,0.7538650393486023,0,0,0,0.4444444444444444,2.1943,0.4488574865915428
13f8cc6b1b69cc3f8683c0b434b785ca,COC1C(CO)OC(Oc2cc(O)c3c(=O)oc(C)cc3c2)C(O)C1O,0.5257999897003174,0.8637701272964478,0.1198151062496683,3.99696,9.41114902496338,0.3805708289146423,0,0,0,0.4705882352941176,-0.3601800000000005,0.5695559495215285
d84fa234b3659413c29b24cd33f21b80,CC1CC(Cc2ccc(C(=O)NO)cc2)CC1c1nc2c(cnn2C2CCCC2)c(=O)[nH]1,0.7386999726295471,0.8956887125968933,0.3549472378058867,3.788347,0.2703897058963775,0.679294091463089,0,1,0,0.5,3.7261000000000024,0.4175127048839668
de81bb616278f31157c74ecde2ecd64c,CCCOC(=O)C1C2C=CC3(CN(c4ccc(Cl)c(F)c4)C(=O)C13)O2,0.6801000237464905,0.8744858503341675,0.2120109186931089,4.862885,-10.722289085388184,0.3014668822288513,0,1,0,0.4444444444444444,2.718700000000001,0.6078532060619731
13b04356b1d61a1acc49defd562865c4,CNCCOc1cnc(Cl)c(Br)c1,0.4167999923229217,0.8990073800086975,0.1495622196658091,2.468344,-9.7489013671875,0.1590210616588592,0,1,0,0.375,2.0957,0.6685974941798453
e8b0208e95d9afc846c4e6060c0e2cbe,O=C(NCC1CC12CCN(C(=O)c1ccc(CN3CCCC3)cc1)CC2)c1cc2ccncc2o1,0.5737000107765198,0.5534355640411377,0.100670976056294,3.564126,2.562617301940918,0.9210548162460328,0,0,0,0.4642857142857143,4.095900000000003,0.5845539292671595
61eba7eba4d36b35b5847f3b4b0c950f,[N-]=[N+]=NC1=C(c2ccccn2)C(=O)c2cccc3cccc1c23,0.5733000040054321,0.9930981993675232,0.2947121343829415,2.751019,-7.205803871154785,0.520879453420639,1,1,0,0.0,4.609700000000002,0.3931588477725646
7d9c5ffaf0d214dd15e83e3bb844759e,Nc1ncnc2c1c(Sc1cccc(Cl)c1)nn2C1OC(COS(N)(=O)=O)C(O)C1O,0.714900016784668,0.9641407132148744,0.4247366894375194,4.130815,-2.823291540145874,0.3959566235542297,0,0,0,0.3125,0.0523999999999995,0.3664928631310718
ce30a5448437bcef06cca4763977cfb9,O=C(CCc1nc2ccccc2[nH]c1=O)NCC(=O)N1CCN(C(=O)COc2cccc3c2CCCC3=O)CC1,0.4196000099182129,0.5434722900390625,0.0501543314788829,2.6792,-7.031489849090576,0.684410560131073,0,0,0,0.3793103448275862,1.2407000000000017,0.4337972203045817
2279a596dfc15a048ba6ee90ba40837c,CCC(C)C1OC2(CCC1C)CC(O)CC(CC=C(C)C(OC1CC(OC)C(O)C(C)O1)C(C)CO)O2,0.7498999834060669,0.9643322229385376,0.3675460016185587,5.864774,10.440940856933594,0.6456147611141205,0,1,0,0.9310344827586208,3.944600000000003,0.3661933479787178
30de8883f3d5656f82912d7d7c016abb,COc1ccc(C2C=C(c3c(C)oc4c(OC)c5occc5c(OC)c4c3=O)ON2)cc1OC,0.5983999967575073,0.9560338854789734,0.3493571132421493,3.775536,10.898482322692873,0.8861008405685424,0,0,0,0.24,4.499020000000003,0.4409498110903333
f8ba0b67c5c4de659ccbebb2b653b01a,CC(=O)c1c(N2CCC(C(N)=O)CC2)nc(=S)n(-c2ccccc2)c1C,0.5056999921798706,0.599227249622345,0.1453245898539369,2.462203,-11.16702938079834,0.2911079108715057,0,1,0,0.3684210526315789,2.814510000000001,0.6610628515129776
ccee57edf759545124d92c79767d140c,COc1cccc(-c2nnc(NS(=O)(=O)CC(OC)c3ncc(Cl)s3)n2-c2c(OC)cccc2OC)n1,0.5598999857902527,0.9140633344650269,0.1631185202436013,3.812988,-12.48660373687744,0.6834428191184998,0,0,0,0.2727272727272727,3.594400000000002,0.2861987895324563
b5bdaad1b84ca67f2206559654ac7fca,CC(C)CN1CCOc2c(F)cc(-c3nc(Nc4ccc(N5CCOCC5)cn4)ncc3F)cc21,0.7042999863624573,0.8962558507919312,0.6978271725502881,2.981464,0.9394711256027222,0.8734460234642029,0,0,0,0.4,4.251800000000003,0.5590075669682901
1da863b2ee3db5b001e9cbdcd8026ca8,Cc1ccc(NS(=O)(=O)c2cccc3cccnc23)c(Br)c1,0.5964999794960022,0.9685085415840148,0.1264060356400229,2.013812,-9.49401569366455,0.5210034400224686,0,0,0,0.0625,4.106520000000002,0.7475603150380702
d232aef4f10e5d6fab542199f63cf6ae,CCCCCCC(=O)N1CCc2c(c(-c3ccc(C(C)(C)C(=O)O)cc3)nn2C)C1,0.5174000263214111,0.7594115734100342,0.097481153820726,2.544284,-1.7451943159103394,0.2601236045360565,0,1,0,0.5416666666666666,4.304400000000004,0.6571495645384346
4454e83202217df41c1844c68f8ebf84,O=C(NCCc1ccccn1)c1cc(-c2ccccc2Cl)nc2ccccc12,0.4803000092506408,0.8687209486961365,0.2147045081312006,1.977035,-10.949585914611816,0.7988010287284851,0,0,0,0.0869565217391304,4.922700000000003,0.5282846700650974
e74638b7816a829112f295ba001bf0c9,COc1ccccc1C1C(c2cccc(Cl)c2)=NN(c2ccccc2)C1CO,0.6237999796867371,0.9884740114212036,0.4304399354891343,3.080811,-8.429346084594727,0.911215603351593,0,0,0,0.1739130434782608,4.717600000000005,0.6830289376522627
d7a16cd528ca962409c53ab50c986aec,CC(=O)N1CCN(c2ccc(Nc3ncc4ccn(-c5cccc(NS(=O)(=O)C(C)(C)C)c5)c4n3)cc2)CC1,0.6331999897956848,0.9520492553710938,0.2523147477345033,2.750119,-5.9077253341674805,0.91032692193985,1,0,0,0.3214285714285714,4.372800000000003,0.368570498649549
9ca5cf4a587f2748590bb4b1f2fbc6ee,CC1=CC2=NCC(C(=O)c3ccc(-c4ccc(O)cc4)cc3)CN2C=C1,0.699999988079071,0.9764981865882874,0.2682412158359181,3.199329,-8.41518783569336,0.561086893081665,0,0,0,0.1818181818181818,4.045800000000003,0.8549468117401879
485db0d317c961338e378bb0696445df,O=C(NCC1CC1)C1CN(C2c3ccc(Cl)cc3CCc3cc(Br)cnc32)CCN1C(=O)Cc1ccncc1,0.7411999702453613,0.9353489279747008,0.2542668824846094,3.61829,-10.62173080444336,0.8535905003547668,0,0,0,0.4,4.362200000000004,0.4500908807871313
5fff2e7994807aa80d05e5cb81f6c35a,CN(C)C=CC(=O)c1cc2ccc(OCc3cn(Cc4ccc(F)c(F)c4)nn3)cc2oc1=O,0.5070000290870667,0.824765145778656,0.2064031484452161,2.78235,-5.242974281311035,0.6726292967796326,0,1,0,0.1666666666666666,3.5480000000000027,0.2228647303638188
42b68b3a9fb44c1a7e0a780f54efe488,Cc1ncc(-c2ccc(C(=O)NC(C(=O)N3CC(Cl)C4OCC(=O)C43)C3CCCCC3)s2)c(C)n1,0.7423999905586243,0.8222607970237732,0.395219703966921,4.205954,-2.1513450145721436,0.3362344652414322,0,1,0,0.56,3.2867400000000018,0.6118386256599618
805ffec714650dbd6d9171986e8323c1,O=C(Oc1cncc(Br)c1)c1cccs1,0.4837000072002411,0.9448167681694032,0.1178191860460422,2.254681,-0.0603558421134948,0.0882814705371856,0,0,0,0.0,3.1248000000000005,0.795266581115929
8c321873bb3f9c2e54a4c3c1fc41fa39,CC(=O)N1CCN(CCOc2ccccc2Cl)CCC12CCOCC2,0.4111999869346618,0.4932703673839569,0.159806452691555,2.991622,-4.9526214599609375,0.8263744831085205,0,0,0,0.631578947368421,2.8222000000000005,0.8213473270152013
b17c9868314de398fb32c6f87e6e4d72,CCCC1COC(=O)N1c1cc(C(=O)NC(C)c2cnccn2)cc(-c2ccc(C)cn2)c1,0.6632000207901001,0.7046374678611755,0.1259251379153945,3.515344,0.7364782094955444,0.4946654617786407,0,0,0,0.32,4.463320000000004,0.5765345114687603
120b2e37564ffd40fb7e1ef073d2bda9,COc1ccc2[nH]c(C(=O)c3cccc(OC)c3[N+](=O)[O-])cc2c1,0.5964000225067139,0.960360050201416,0.3399175879630176,2.298202,-4.146223545074463,0.5742692291736603,0,1,0,0.1176470588235294,3.324300000000002,0.4407277537955079
f304e3e85430e907c27470575e9c4c8b,Cn1c(=O)oc2cc(S(=O)(=O)N3CCCC(C(=O)Nc4nccs4)C3)ccc21,0.4381999969482422,0.4407525360584259,0.0438124390149658,2.939731,-9.87587070465088,0.4607589304447174,0,0,0,0.3529411764705882,1.627399999999999,0.6834074617019799
b178d84af3332bdd8b70ff482003377c,COc1cc(C(C)C)c(Oc2cnc(N)nc2N)cc1-c1ccc(Cl)c(Cl)c1,0.7796000242233276,0.9986461400985718,0.6217213245955381,2.503174,-0.4396489560604095,0.7366026639938354,0,0,0,0.2,5.539100000000003,0.5638399453769941
2eb897e825648c91c49b9af3287bd859,CNC(=O)c1cnc(Nc2ccc(OC)c(F)c2)cc1NC(c1ccccc1)C(O)CO,0.6150000095367432,0.9687307476997375,0.3403675962578166,3.246396,-5.010343074798584,0.8569767713546753,0,0,0,0.217391304347826,2.838900000000001,0.3474880658238051
158bb08e334349419a7925a2c78de9cf,CN(C)C(=O)COCc1cncc(C2COc3c(C#N)cccc3O2)c1,0.3907000124454498,0.5453529953956604,0.0842042753303592,3.323692,-2.0326554775238037,0.4325525820255279,0,0,0,0.3157894736842105,2.07058,0.8180558438244623
4ae4f15d267b12830378b9e7ccecbc50,CCOC(=O)C1=C(N)N(Nc2ccc(Br)cc2)C2=C(C(=O)CC(C)(C)C2)C1c1cc2ccccc2nc1Cl,0.6337000131607056,0.9902754426002502,0.4090061106465079,3.383352,-1.9437202215194704,0.6009356379508972,0,1,0,0.2758620689655172,6.453600000000005,0.2582786546142906
7f52b08bd857f181c2d1f0e8c5eedf50,Cc1noc(-c2ccc(NC3CCCCNC3=O)nc2)n1,0.3440000116825104,0.3996759355068207,0.0525274112481962,2.992896,-7.209912300109863,0.1212458297610283,0,0,0,0.4285714285714285,1.5206199999999996,0.888756276335544
55715c1fbee7c810f17a38ac51d6db0b,O=C(CN1C(=O)CCC1=O)Nc1nc2c(F)cc(F)cc2s1,0.4650000035762787,0.7820845246315002,0.1322431689636274,2.350623,-7.4682817459106445,0.1265845775604248,0,1,0,0.2307692307692307,1.6619999999999997,0.8706233528070847
143354d9bca502826e6417effc7c646f,O=C(O)CC(Sc1ccccc1)c1ccccc1,0.4603999853134155,0.9736521244049072,0.2001255650750615,2.285428,-8.345548629760742,0.0167067881673574,0,0,0,0.1333333333333333,3.9947000000000026,0.8237146885983354
fd5b6ea9932be18e64a98d8de921417b,CNC(=O)c1cc(NCc2c(C)cccc2C)c2[nH]c(C)cc2n1,0.4769999980926513,0.957638680934906,0.180816808884794,2.641202,-9.98601245880127,0.8443543791770936,0,0,0,0.2631578947368421,3.4598600000000017,0.6887595667987146
339a1c6a0ee947092dd2c35abe35b242,O=C(O)C1C=CC2CC3C(CCCc4ccc(O)c(O)c4)C4C=CC1C2C43,0.6401000022888184,0.975749671459198,0.1704199503768574,4.720783,8.235212326049805,0.1567182704806327,1,1,0,0.5217391304347826,3.991600000000005,0.5438189547865362
b9759853679a3b4af5ad310bd55b57a2,CCNC(=O)c1cc(Oc2ccc(NC(=O)c3nn(-c4cccc(C(F)(F)F)c4)c(=O)cc3C)cc2)ccn1,0.6518999934196472,0.9844511151313782,0.2680502967400984,2.602418,-0.082016110420227,0.8724417090415955,0,0,0,0.1481481481481481,4.749020000000003,0.3517419534696774
e6eacf18b45f6a7e8001c952986f09d3,Fc1cccc(CNc2ccc(NCc3cccc(F)c3)nc2)c1,0.53329998254776,0.9226065874099731,0.3715466355735605,1.95481,-7.672391891479492,0.9164787054061888,0,0,0,0.1052631578947368,4.584000000000003,0.6961643680941887
4d2c5ee15916a3a3655edc20db175752,COC(=O)c1c(O)ccc2c1C1COc3cc(OC)ccc3C1O2,0.6822999715805054,0.9578974843025208,0.181664570488713,3.357202,10.727631568908691,0.6436237931251526,0,0,0,0.2777777777777778,2.7971000000000004,0.8546525477219545
2ee0f2eb4d86187e62c3c1fea95d4d57,CCN(CC)C(=O)c1cccc(-c2csc(C(C)(NC(C)=O)c3ccccc3)n2)c1,0.5293999910354614,0.8452048301696777,0.1220092895356091,2.946684,-6.371901512145996,0.646745502948761,0,0,0,0.2916666666666667,4.691700000000004,0.6018645841704936
84bed03c7fab04db5babfb75d6c6feed,Cc1ccc(-c2cc3c(cc2F)c(=O)c(C(=O)O)cn3C2CC2)c(C)n1,0.820900022983551,0.9971864819526672,0.1291130097074942,2.493302,-7.54084587097168,0.1048829421401023,0,0,1,0.25,3.852540000000002,0.7769933948109572
51ef04835cc9a14d2cb9f16330cf8559,CCC(=O)NC1Cc2c(OC)cccc2C(c2ccccc2)C1,0.3935000002384186,0.8206611275672913,0.2126619727774099,2.931515,-6.707409858703613,0.6885031938552857,0,0,0,0.35,3.6681000000000026,0.9356102258156386
d2b8c264f9541c1d1bbb1451637561fa,N#Cc1ccc2cc(OCC3CCNCC3)ccc2c1,0.4896999895572662,0.9701301455497742,0.2139699723232876,2.177669,-8.108187675476074,0.8678834319114686,0,0,0,0.3529411764705882,3.089880000000001,0.9281551546178408
cb3a449506ff8ffa23f014e88873edd2,CN(C)C1C(O)=C(C(N)=O)C(=O)C2(O)C(=O)C3=C(O)c4ccccc4C(C)(O)C3C(O)C12,0.7739999890327454,0.99715918302536,0.1190320169976489,4.614146,11.932607650756836,0.0591695602983236,0,1,1,0.4090909090909091,-1.1057999999999977,0.2434301456821984
499b5beadcbaa83eceaa4a22030c9b56,CCCCN(CCCC)CCCOc1ccc(-c2cn3cccnc3n2)cc1,0.5426999926567078,0.9133456349372864,0.5337166068228808,2.388114,-9.879897117614746,0.9742947697639466,0,1,0,0.4782608695652174,5.0674000000000055,0.4116073244071836
37b41314184619833cef6fd7702fa890,Cn1cc(S(=O)(=O)N2CCc3ccccc32)cc1C(=O)NC(C)(C)C,0.4675999879837036,0.5871875882148743,0.0548656350848349,2.380841,-6.7338128089904785,0.4619073450565338,0,0,0,0.3888888888888889,2.3048,0.9118094522587078
c9f45ddd9f0cb9d05b8f7c7c00ab427f,NCC=CCn1cnc2c(=O)[nH]c(N)nc21,0.364300012588501,0.7558187246322632,0.064936353740367,3.088693,8.103314399719238,0.2243348449468612,0,1,0,0.2222222222222222,-0.7832999999999999,0.5864661324856171
acd9ddd3a479a0f316f04bc936b21468,CC(=O)c1cn(CC(=O)N2C(C(=O)NC(CN(C)C)c3cccc(Cl)c3F)CC3CC32)c2ccccc12,0.7059000134468079,0.9605987071990968,0.3045930882746523,3.936434,6.268145561218262,0.7225272297859192,0,0,0,0.3928571428571428,4.044900000000004,0.4512347350917394
0761dedff8813c91cf9db3d71e871c1c,CS(=O)(=O)c1ccccc1-c1ccc(N2CCc3c(C(F)(F)F)nn(-c4ccccc4S(N)(=O)=O)c3C2=O)cc1,0.6855999827384949,0.9828248023986816,0.1937139332294464,2.80858,0.4223171770572662,0.9186344385147096,0,0,0,0.1538461538461538,3.8119000000000014,0.3760492016887011
4bf5f543b375d15f2d66c3f7cdac47a3,O=C(CCCOc1ccc(Cl)cc1Cl)NC1(C(=O)O)Cc2ccccc2C1,0.6721000075340271,0.9739628434181212,0.2041286792267452,2.32442,-4.653839588165283,0.3022919535636902,0,1,0,0.3,3.890800000000002,0.682057628790571
c596b4141e23a475af19d430608758f1,CCc1ccc(C(=O)Nc2n[nH]c3ccccc23)cc1,0.4469000101089477,0.8506009578704834,0.1806900352239608,1.80562,-8.24326229095459,0.6311006546020508,0,0,0,0.125,3.377600000000001,0.7623727698730709
871d5184bffcfd07e70d584ceec67173,CC1=CCC(NC2CCCn3ncnc32)CC1,0.3589999973773956,0.5612126588821411,0.0985416309400038,3.938584,0.9316009283065796,0.0684016108512878,0,1,0,0.6923076923076923,2.2014000000000005,0.7948837461768586
b68f6ca54fd0f3deebc73b01d5af7260,Nc1nc2c(cnn2CCN2CCN(c3ccc(F)cc3F)CC2)c2nn(Cc3cccc(Cl)c3)c(=O)n12,0.6854000091552734,0.9531206488609314,0.5938143811442635,2.831061,-2.1957156658172607,0.9245209932327272,0,0,0,0.28,2.625000000000001,0.3537345025880805
c01ac0e66b60ef9736bb751aaf1cc920,NCc1cc(NCC(c2ccccn2)N2CCOCC2)ncn1,0.3580000102519989,0.6078526973724365,0.0960674369681245,3.068247,-10.008524894714355,0.3743964821100235,0,0,0,0.4375,0.8156999999999999,0.8154858767307159
fb54b19489c75e40d6f668b198be1888,COC(=O)NC(C)Cc1ccc(C#Cc2cnc(Oc3ccccc3)nc2)cc1,0.5906999707221985,0.9241922497749328,0.2794722670858556,2.858773,-7.079227924346924,0.6764993488788604,0,1,0,0.1739130434782608,3.955700000000003,0.6711535508926542
ca29e77542c8fd06885dfd4ad83413a1,O=C(N=NC(=O)Nc1ccccc1)NCc1cccnc1,0.221000000834465,0.5346221327781677,0.1256242509592663,2.380881,-6.569696426391602,0.109251283109188,1,1,0,0.0714285714285714,2.9755000000000003,0.8473552213310375
987679de55013693ceb696b8b983c4a0,COc1ccc2c(ccn2CCNC(=O)c2n[nH]c3ccccc23)c1,0.4262999892234802,0.7206956148147583,0.1210043782537633,2.19211,-6.948342323303223,0.8885235071182251,0,0,0,0.1578947368421052,2.956200000000001,0.5892937158092985
4e6ccc0de64935f4b2ab3bde832d55fc,CCCn1c(=O)c2nc(-c3ccc(OCC(=O)N(C)CCN(C)C)cc3)[nH]c2n(CCC)c1=O,0.4837999939918518,0.6492704749107361,0.0890952667052095,2.749113,-2.9986164569854736,0.9308289051055908,0,0,0,0.5,1.7720999999999998,0.4579614197688317
16b80cb6dbffb0cf0c0dbda5e5389f57,CCCOc1ccc(-c2cc(O)c3ccc(OC)cc3n2)cc1,0.5317000150680542,0.9769620299339294,0.3389306298711083,2.003536,-8.736649513244629,0.6497764348983764,0,0,0,0.2105263157894736,4.404800000000003,0.758452118005213
82c09a9e69dc5933f017d3d4d49215fd,CN(Cc1coc(-c2ccc(C(F)(F)F)cc2)n1)CC1OCCO1,0.5259000062942505,0.941045582294464,0.3209742632779208,2.692189,-7.239346981048584,0.6591906905174255,0,0,0,0.4375,3.1651000000000016,0.8352890801122762
e0269f148dcba179802463c47614fc56,CCCC(C)n1c(CC)nc2c(-c3ccc(C(F)(F)F)cc3Cl)ccnc21,0.7172999978065491,0.9927796721458436,0.3773775940591639,3.084476,-6.05327033996582,0.9200809717178344,0,0,0,0.4,6.694000000000004,0.4811898362656732
57d7c3692e4d854d809204871b57cb40,CC(C)Cn1ccc2c3c(N)nc(N)nc3ccc21,0.6812000274658203,0.9742055535316468,0.2898716804656115,2.475224,1.8300046920776367,0.713066291809082,0,0,0,0.2857142857142857,2.4049000000000005,0.7362375771798221
a4561296ceaa9da2df0abf226af5c868,COc1ccc(-n2nc(C(N)=O)cc2C(=O)NC2CCN(N3CCOCC3=O)C2)cc1,0.4541999995708465,0.2896944284439087,0.0477830254557457,3.340913,-3.845022439956665,0.4071624308824539,0,0,0,0.4,-0.4422999999999988,0.6373220883059968
d8412961737467e42eb953dcb4e2d808,CC(C)c1cnc(-c2ccc(NC(=O)N3CCC(C)C3CO)cc2)o1,0.5332000255584717,0.5975250601768494,0.1257291747765107,3.374912,-3.60700011253357,0.5082077622413635,0,0,0,0.4736842105263157,3.699600000000002,0.8870716058670658
943c6f0f0aba1bde5685a8ccdafdf53b,O=C(O)C=CC(=O)NCc1ccccn1,0.2921000123023987,0.8502781987190247,0.1586852564730427,2.055407,-9.813819885253906,0.0006194543559104,0,1,0,0.1,0.3385999999999998,0.6959808397251644
23a737a65cd58c20defeb5b11c78b6d3,CC(=O)NCC1CCN(CC(=O)N(Cc2ccccc2)C2CC2)CC1,0.4120999872684479,0.2903920412063598,0.1075693399391391,2.080535,-8.717667579650879,0.7213815093040467,0,0,0,0.6,2.025699999999999,0.8240858299629672
8985c2b75f3a0c870a59e930ccb4062e,COc1cc(C)ccc1Oc1cc(N2CCN(S(=O)(=O)c3ccc(C)cc3)C(C)C2)ncn1,0.6184999942779541,0.7396256923675537,0.2698558182878928,2.86293,-7.008066177368164,0.866343331336975,0,0,0,0.3333333333333333,3.793740000000003,0.5440508782830372
71461facd5daf36370bfa9a63fc27eeb,O=P(CCCO)(CCCO)CCCO,0.3637000024318695,0.831440806388855,0.0992154765196822,3.368358,9.19861888885498,0.1530955320224166,0,1,0,1.0,0.4967,0.498194309123434
99963151ad31a10f5ca3d242f2354164,CN(C)Cc1cncc(-c2ccc(=O)n(Cc3cccc(C(=O)Nc4nc5ccccc5[nH]4)c3)n2)c1,0.6126000285148621,0.9193999767303468,0.3224154575304551,2.573305,-4.429605007171631,0.9675870418548584,0,0,0,0.1481481481481481,3.543800000000002,0.3696240062081515
65cf52810be1e6db2a07d0b8a5b83939,O=C(C1CCCc2c1[nH]c1ccccc21)N1CCC(O)(CN2CCCC2)CC1,0.4544999897480011,0.6190729141235352,0.1580879898233847,3.103753,-5.183490753173828,0.9367419958114624,0,0,0,0.6086956521739131,3.0371000000000015,0.8591621283846774
973c63015c66016e171f69d8d6439305,COCC1CCC2C1=CC1(C)CCC(C(C)CNC(=O)C3CC3)=C1C(OC1OC3COC(C)(C)OC3C(O)C1O)C(O)C2C,0.6568999886512756,0.8145695328712463,0.1461526654999364,5.484972,13.62069320678711,0.5660184919834137,0,1,0,0.8529411764705882,2.838400000000002,0.3026076784849597
5158637a5ec61b845b176ce99654995b,c1ccc(OCCCN2CCC(Cc3c[nH]cn3)CC2)cc1,0.4011000096797943,0.7906169891357422,0.264465101740577,2.262571,-5.6234331130981445,0.9609055161476135,0,1,0,0.5,3.133300000000001,0.7986256091693351
2ebb60896591b75752f5ed230d2849d0,Cn1cc(-c2cc(C(N)=O)nc3cc(Cc4ccc(F)c(C(F)(F)F)c4)ccc23)cn1,0.6955999732017517,0.9890289902687072,0.3761314722624692,2.640871,-8.60276985168457,0.9034538030624388,0,0,0,0.1363636363636363,4.4829000000000025,0.4872355656458374
e45b5e40c9e7a203f512f64d51f4fda1,O=C(NCc1ccccc1)Nc1ccc(-n2ccc(-c3ccc(Cl)cc3Cl)n2)cc1,0.5817999839782715,0.9751640558242798,0.3350010798736052,2.067475,-8.06004810333252,0.7305492520332336,0,0,0,0.0434782608695652,6.167800000000003,0.3925071983670321
8e2025a157c7e7460d776f537b50a1eb,CC(CCNc1nccs1)N1CCN(C)CC1,0.2737999856472015,0.4877687096595764,0.0771951376545158,2.863853,-10.17464828491211,0.6760156393051148,0,0,0,0.75,1.581,0.8643150452019571
a97ca0564b22e8baa8ecc7f6d1d925c0,CCCCCCC(=NS(=O)(=O)c1ccc(C)cc1)N1CCCCC1,0.3926999866962433,0.5706585645675659,0.1487416699528694,2.36906,-6.810282230377197,0.9467427372932434,0,1,0,0.631578947368421,4.5385200000000046,0.4120154526331772
9d241c3f9bc4e44ebe9fae3eef5c4087,Fc1ccc(-c2nc(Cn3ncc4c3CCCC4)co2)cc1,0.4963000118732452,0.862633466720581,0.1585388752547177,2.473701,-9.96944522857666,0.5130629420280457,0,0,0,0.2941176470588235,3.604300000000002,0.7415714332884715
ac43eef16867e63fb1b09f22a7b9fc34,CN1CCN(Nc2ncc3c(n2)N(Cc2ccccc2)CC(=O)N3)CC1,0.4875999987125397,0.7193453907966614,0.133467346091162,2.721616,-5.754421710968018,0.7165207982063293,0,0,0,0.3888888888888889,1.0095999999999992,0.8494155787088931
d090b89b10aa0c11a30684ee729ccaf3,N=C(NOC(=O)COc1ccccc1)c1ccncc1,0.3397000133991241,0.71809983253479,0.1229086521674286,2.488116,-5.86932373046875,0.1791124939918518,0,1,0,0.0714285714285714,1.53377,0.5002825555031845
a5e59477ce91c1499351e98935484975,O=C1NC(C(=O)O)Cc2cn(cn2)CC=CCc2ccc(Cl)c1c2,0.4745999872684479,0.817895233631134,0.1865591359409419,5.360901,3.306009292602539,0.0118795974180102,0,1,0,0.2352941176470588,2.0744999999999996,0.7749087105510664
a5c2ffb70ca5a81290e81446b4445d66,CC(C)n1nc(Nc2ccc(C(F)(F)F)cn2)cc1C1CCNCC1,0.6430000066757202,0.939212679862976,0.5222651687535372,2.887723,-6.004206657409668,0.8129054307937622,0,0,0,0.5294117647058824,4.088400000000002,0.8693194726695612
b3ebbafd6d18b6d7710478a5ea3edbc5,O=C1c2ccccc2SCC12COC(c1ccccc1)OC2,0.5583999752998352,0.9517289400100708,0.2789967114275152,3.176989,-4.130472183227539,0.3907879382371902,0,0,0,0.2777777777777778,3.7070000000000025,0.8040292481190766
a742a489eedd197f4e430f806830b385,CCCC=CCCCc1ccc(O)cc1,0.4564000070095062,0.9863954782485962,0.3818379681218754,2.022014,8.556708335876465,0.5872587919235229,0,1,0,0.4285714285714285,4.071200000000003,0.5467344133613655
7e5a481291791dcbd5878a3d8d80b670,COc1ccc(N=C2C(Nc3ccc(OC)cc3)=CC(=O)c3ncccc32)cc1,0.4706999957561493,0.9832065105438232,0.6382645856250416,2.480362,-7.890929222106934,0.7649887561798095,1,1,0,0.0869565217391304,4.411900000000003,0.7041826152512698
387a302b53f4bace9be30f712ca13e96,CCCS(=O)(=O)N1CCN(c2nc(C)cc(NCC)n2)CC1,0.4041999876499176,0.4255298376083374,0.040702005170963,2.397339,-11.481127738952637,0.6885307908058167,0,0,0,0.7142857142857143,1.0786199999999997,0.8421851310429954
2504d175638a083c81c18cf27070c051,COc1ncccc1CN(CCCO)c1ccccc1,0.323199987411499,0.695171058177948,0.1396192759275436,2.133874,-9.434051513671877,0.5917136907577515,0,0,0,0.3125,2.4792000000000005,0.8408102744228303
05d155438ac723fd89c5bb5ee987424c,CC(CNc1ccc(NCC(C)N(C)C)c2c1C(=O)c1c(O)ccc(O)c1C2=O)N(C)C,0.6424000263214111,0.986262857913971,0.7287238064137372,3.585252,3.220985174179077,0.7219661116600037,1,1,0,0.4166666666666667,2.597200000000001,0.3963710743023433
5fef52ac6265db34151a2296894ed222,Fc1cnc(Cl)c(CN2CCN(c3nc4ccccc4nc3NC3CC3)CC2)c1,0.5569000244140625,0.8146503567695618,0.341289609670639,2.490401,-3.3644168376922607,0.9416792392730712,0,1,0,0.3809523809523809,3.7138000000000018,0.6445116832464989
eda7d67ff57204dd3da4f70fd0150dc8,CC(=O)OCC1(C)CCCC2(C)C3CCC4(C)C(C=O)C(C=O)=CCC4C3=CCC12,0.6205999851226807,0.9229081869125366,0.2251795076511123,4.901008,8.476485252380371,0.5661901235580444,0,1,0,0.7307692307692307,5.0689000000000055,0.3674324998338499
ed3d02202056369b397ff81ea7cf4726,CCN1CCN(Cc2nc(-c3ccccc3)no2)CC1,0.2736999988555908,0.466201514005661,0.0529164364349774,1.860683,-10.02906894683838,0.8030844449996948,0,0,0,0.4666666666666667,1.8741,0.8500161354496155
f6fc44772da23d31f8d632dc963ad175,CCC(=NNC(=S)NC12CC3CC(CC(C3)C1)C2)c1ccccn1,0.5234000086784363,0.8932441473007202,0.2461432455615564,3.950921,-3.0950396060943604,0.3368827402591705,0,1,0,0.631578947368421,3.6286000000000023,0.4983155621329945
cc25e9331435235e09ffebdd3a41a561,O=C1COc2ccc(C3(O)c4ccccc4C(=O)N3Cc3ccccc3Br)cc2N1,0.6585000157356262,0.8905972838401794,0.1334637464447454,3.116897,-8.548389434814453,0.6927040815353394,0,0,0,0.1304347826086956,3.629400000000002,0.6196307442311831
61b185c13a4e3b9305e3d3ae09d7c1b6,CCCS(=O)(=O)Nc1ccc(F)c(C(=O)Nc2cnc3occc3c2)c1F,0.5613999962806702,0.7629702091217041,0.0849582414058121,2.73654,-10.339486122131348,0.5930873632431031,0,0,0,0.1764705882352941,3.5100000000000016,0.6651159627059728
4ed2789fc83b78d925bdc8931b60398d,CCc1ccc(N(CC(=O)Nc2ccc(NC(C)=O)cc2)S(=O)(=O)c2ccccc2)cc1,0.4266999959945678,0.6624881029129028,0.116214821961793,1.980494,-10.990389823913574,0.7825233817100525,0,0,0,0.1666666666666666,4.041400000000003,0.5402801703947072
826635ce629359e1fd094f4413a2fde5,CC(CNC(=O)Cc1ccccc1)C1CCN(C(=O)OC(C)(C)C)CC1,0.3547999858856201,0.3570552170276642,0.0678510969843376,2.60055,-7.946937561035156,0.7913477778434753,0,0,0,0.6190476190476191,3.6285000000000025,0.872222340127353
27ea00cb4bd088b90c90bda3b8e41435,CCc1cc(-c2ccc3c(c2)CCC3=O)ccc1O,0.5425000190734863,0.98378324508667,0.2438707554882223,2.099805,7.936302185058594,0.2983139783143997,0,0,0,0.2352941176470588,3.750500000000003,0.8833925060625952
764895018dc659572cad269ff1c9bc87,Cc1cc(NC(=O)N2CCCC2CO)nn1-c1ccccc1Cl,0.4316999912261963,0.5290533900260925,0.1820258830081332,2.753102,-7.83608341217041,0.2079594254493713,0,0,0,0.375,2.8227200000000012,0.9063706804148168
6ec76d3c1e4bcd3a04c4083158f9187a,O=c1oc2cc(O)c(O)cc2c2c(-c3ccc(O)c(O)c3)c3c4cc(O)c(O)cc4ccn3c12,0.6388000249862671,0.993293285369873,0.3712320070375096,3.020146,12.11872386932373,0.6972215294837951,1,1,0,0.0,4.2527000000000035,0.1580486381085454
2c7b0434e24f6ee909cc113f6285e00d,Cn1c(=O)c(C(=O)O)nn(-c2ccccc2)c1=O,0.3847000002861023,0.8434191346168518,0.0255266230087727,2.022069,-6.80674934387207,0.0041013994952663,0,0,0,0.0909090909090909,-0.3706000000000005,0.7808547777503471
cd6e0514b7d1b0eaf0ab81f9029dd0ca,O=C(O)COc1ccc(Cl)cc1CN1CCN(S(=O)(=O)c2ccccc2)CC1,0.5461000204086304,0.7881624102592468,0.0823542352088473,1.991268,-5.441205024719238,0.2811607122421264,0,0,0,0.3157894736842105,2.3099000000000007,0.7334845155143865
ec794c9032fe27ee1c6f7d0834cd7f7c,CCn1c(O)c(N=NC(S)=NCC2CCCO2)c2ccccc21,0.5913000106811523,0.927350640296936,0.253819120878523,3.693802,-3.483690023422241,0.6399874746799469,1,1,0,0.4375,3.915300000000003,0.3854703909231032
c78194f89c8ceb6d86c117c6d7a4cca5,O=C(NCC12CC(CO1)C2)Nc1cc(Cl)c(OCC(F)(F)F)c(Cl)c1,0.695900022983551,0.9669708609580994,0.3850919062441045,3.772125,-6.094866752624512,0.7252746105194092,0,0,0,0.5333333333333333,4.235000000000003,0.7792201554446188
f011ce44d889216c57641f5383b06202,COc1ccc(NC(=O)Cc2nc(C)c(C(=O)NCc3ccccc3)s2)cc1Cl,0.5482000112533569,0.8386862277984619,0.1974392059174451,2.063712,-10.51208209991455,0.6920675754547119,0,0,0,0.1904761904761904,4.224720000000002,0.5887190605119461
4beec864ccac3ce06e38d9772c903f81,O=C1c2cc(-c3ccc4[nH]ccc4c3)ccc2Nc2ccc(F)cc2N1Cc1ccccc1,0.7325999736785889,0.979319989681244,0.4848770553415472,2.412687,-7.58274507522583,0.9541516423225402,0,0,0,0.0357142857142857,6.878000000000004,0.3258654156040995
3ab8f8b05e122fbce0ae15846544657e,Nc1ncnc2c1ncn2C1OC(CN(CCc2coc3ccccc23)CCC(N)C(=O)O)C(O)C1O,0.652400016784668,0.855163037776947,0.4761155051263896,4.173155,3.046626091003418,0.7058023929595947,0,0,1,0.4166666666666667,0.1206000000000014,0.1928915710600182
7fadd099a24680687b91ae56a4a1a37d,CN(C)CCNC(=O)Nc1ccc(-c2ccc3ncn(-c4ccc(-c5ccco5)cc4)c3c2)cc1,0.5745999813079834,0.9629313349723816,0.4261264164339412,2.405789,9.177719116210938,0.963536751270294,0,0,0,0.1428571428571428,5.635600000000005,0.32639014914668
15ff439224ae96ba01c69347fe22b8d3,O=C1c2ccc(-c3nc4ccccc4o3)cc2C(=O)N1Cc1cccnc1,0.4695999920368194,0.7083813548088074,0.1341624598611485,2.148233,-4.237987041473389,0.4984397888183594,0,1,0,0.0476190476190476,3.6860000000000026,0.5240013036957188
47ebd0c3df9199bbcbb3adf45efb23e6,CCN(CC)c1ccccc1C[S+]([O-])c1nc2c(n1-c1ncccc1C)CCC2,0.5895000100135803,0.8623633980751038,0.3012967041947625,3.777992,-4.161420822143555,0.957602560520172,0,1,0,0.391304347826087,4.218420000000004,0.5494353938771147
a2048123a86a2bc30fa89e3bf12775ab,NC(=Nc1ccc(Cl)c(Cl)c1)Nc1nc(Nc2ccc(O)c(CNCC3CCCCC3)c2)cc(C(F)(F)F)n1,0.7900000214576721,0.9986720681190492,0.7203568843278018,2.985931,-2.2703750133514404,0.8110112905502319,1,1,0,0.3461538461538461,6.979600000000004,0.1104421548914187
8945fdbacd249ab20543106efcac7852,COCCN(CCOC)c1nc(C)nc2c1nnn2-c1c(C)cc(C)nc1C,0.3628999888896942,0.6759986281394958,0.1672848657789555,2.995395,-5.818222522735596,0.816471529006958,0,0,0,0.5263157894736842,1.93838,0.5809436354046577
942b870b0ebfabf21a929b7ce64243fc,CC(=O)c1c[n+](Cc2ccccc2C)ccc1CC1Cc2cc3c(cc2C1=O)OCO3,0.6186000108718872,0.9332218170166016,0.2590119378133254,3.40644,1.1948734521865845,0.8201371192932129,0,1,0,0.2692307692307692,3.859820000000003,0.4699794093678546
bac7ff5e5f1bada4606afe386079c94e,CCC(=O)Nc1ccc(C=Cc2ccc3c(c2)OCO3)cc1,0.4361000061035156,0.9293512105941772,0.184746427969499,1.966048,-5.369935035705566,0.7217785000801087,0,1,0,0.1666666666666666,3.9342000000000024,0.8692311095929455
7771c5bcf0006cae0f595bae09a4737c,Clc1ccc2nc(-c3ccc(N4CCOCC4)cc3)n(CC3CCCCC3)c2c1,0.6104999780654907,0.9746569991111756,0.6124048801985654,2.245674,-3.700071096420288,0.8649630784988404,1,0,0,0.4583333333333333,5.773600000000005,0.5472184780646496
2f9c18a2eacdcbf5a9515e39d67e7d19,O=C(CSCc1ccc(Cl)cc1)c1ccco1,0.4627000093460083,0.9241375923156738,0.0767480067654766,2.006011,-12.290993690490724,0.1142472758889198,0,0,0,0.1538461538461538,4.049100000000003,0.7650672529509707
d04d22fc40da735f708caf50a85bc111,Cc1cc(NCc2cccc[n+]2[O-])n2ncc(-c3ccccc3)c2n1,0.5167999863624573,0.9429535865783693,0.2815635841001164,2.698409,-1.4763880968093872,0.7078671336174012,0,1,0,0.1052631578947368,2.9502200000000007,0.4609982815622925
d19e459d4651a7d992039f54450fd1a1,Cc1cccc(NC(=O)Nc2ccc(-c3cccc4c3c(N(C)C)nn4C)cc2)c1,0.5853999853134155,0.979110836982727,0.4883982837200165,2.306168,-2.019564390182495,0.925830090045929,0,0,0,0.1666666666666666,5.258720000000004,0.4920755386760435
ad41fba9420b9b9eb88ee3da3b237d11,CS(=O)(=O)c1ccc(CN2CCC(c3nc4ncccc4[nH]3)C2)cc1,0.4176999926567077,0.6649774312973022,0.1184170815077695,2.739797,10.0117769241333,0.6546364426612854,0,0,0,0.3333333333333333,2.3509,0.7762129650328681
2cac79a97f4e658a5d784c560c535bce,COc1ccc(-c2cc(=O)c3c(O)c4c(cc3o2)OC(N)=C(C#N)C42C(=O)N(C)c3ccc(C)cc32)c(OC)c1,0.670799970626831,0.8604860305786133,0.2731888477097858,4.016622,-1.861040711402893,0.9190117120742798,0,0,0,0.1666666666666666,3.8400000000000025,0.3975518993862733
8054e463383130196e68aa3dedd3109c,CC(C)(C#N)c1cc(Cn2cncn2)cc(Sc2ccc(OS(N)(=O)=O)c(Br)c2)c1,0.6776000261306763,0.9741920828819276,0.2809571461244063,3.064506,-5.583691120147705,0.7083078920841217,0,0,0,0.2105263157894736,3.623580000000002,0.516995294738576
de6869cd419223a71e53815b0c00c90e,Cc1nn(C)c(Cl)c1CNc1nn(CC(F)(F)F)cc1Cl,0.4869999885559082,0.8499377965927124,0.1476925499737262,2.891701,-8.72863483428955,0.274454203248024,0,0,0,0.4545454545454545,3.406220000000002,0.9264500818615798
08ef83bbd05ef422280cfaee15f4c295,C(COC(c1ccccc1)c1ccccc1)=C1CC2CCC(C1)N2Cc1ccccc1,0.6686000227928162,0.9683437347412108,0.4609723836183548,3.884991,-4.6905059814453125,0.984687614440918,0,1,0,0.3103448275862069,6.5460000000000065,0.4105239092298814
2c497ae1ffbea4b054eb5523843cc493,CCOc1ccc2c(=NN=Cc3cccc(Cl)c3)cc(C)[nH]c2c1,0.6079999804496765,0.990080714225769,0.4678861390460621,2.680468,-11.514888763427734,0.5932364702224732,0,1,0,0.1578947368421052,4.463220000000003,0.5532689707018047
1675e010add8e4a5bd6b4399c3b7405b,CC=C(C)c1c(Cl)c(OC)c(C)c2c1Oc1c(Cl)c(O)c(Cl)c(C)c1C(=O)O2,0.7900999784469604,0.9969509840011596,0.3403118632056496,3.544444,11.885812759399414,0.5006279319524765,0,1,0,0.25,6.725940000000004,0.4117851338472284
98f9c0026ab7e59484954779c713de0d,COCCOc1ccn2c(-c3ccc4cccc(OCc5cnc[nH]5)c4n3)cnc2c1,0.5209000110626221,0.9316662549972534,0.4222723760388114,2.765243,3.5160534381866455,0.9766870856285096,0,1,0,0.1739130434782608,3.876800000000002,0.3872295196084563
c4331fb156271e67882016055fda3189,CC(C)(C)NC(=O)Nc1ncccc1OCc1ccc(F)cc1,0.4325000047683716,0.7337859869003296,0.1624066477472132,2.039755,-10.135130882263184,0.377574497461319,0,0,0,0.2941176470588235,3.7197000000000022,0.9031172409434776
27a050e9576c07b987a5cd61c67ef8c5,COc1cc([N+](=O)[O-])ccc1NC(=S)NC(C)=O,0.4043999910354614,0.942646861076355,0.1982400816949931,2.053468,-7.258217811584473,0.1441998854279518,0,1,0,0.2,1.4362999999999997,0.4896403616802853
96649d9b837d830d53c2a34d0a83b93d,CCNC(=O)c1nc2cccnc2n1-c1cncc(Cl)c1,0.4077000021934509,0.7522854804992676,0.0903869840231808,2.617267,-8.003289222717285,0.2336068525910377,0,0,0,0.1428571428571428,2.2186000000000003,0.8048435663495946
84975cee8070395ad807246c9bdf1547,CC1CCCCOC(CN(C)Cc2ccccc2)C(C)CN(C(C)CO)C(=O)c2cc(N(C)C)ccc2O1,0.5141000151634216,0.7325079441070557,0.1350310438058593,4.148386,3.534346342086792,0.967396640777588,1,0,0,0.5806451612903226,4.680100000000005,0.5663932321576429
83089561ddc1fc11f6626e1019ae4be5,C=C1C(=O)OC2C=C(CO)CCC=C(C)CC(O)C12,0.5515000224113464,0.9596226811408995,0.4083751358769156,4.695572,11.126845359802246,0.0781739138066768,0,1,0,0.5333333333333333,1.4939999999999998,0.4276657175959523
5a3bdfcbb15c1ab5dd7cf1076fea09ff,O=C(CNC(=O)c1cccc(I)c1)NCC(=O)Nc1ccccc1,0.3319000005722046,0.5926232933998108,0.1571386219425634,1.816817,-10.789690971374512,0.4401600897312164,0,1,0,0.1176470588235294,1.7758999999999998,0.6026763870700316
9bd8d6773d8baad6d8fec706dbebf7e1,COCCCNC(=O)c1ccc(CS(=O)(=O)c2ccccc2OC)o1,0.3810000121593475,0.3174943625926971,0.0539142033931883,2.199919,-10.935664176940918,0.4146183311939239,0,1,0,0.3529411764705882,2.0283999999999995,0.6815999751864824
bea3cf9f75f3141af23d70077ea980d1,CCNC1C(C)CN(c2c(F)cc3c(=O)c(C(=O)O)cn(C4CC4)c3c2OC)CC1C,0.9347000122070312,0.9985279440879822,0.217716212299737,3.707805,-5.54266357421875,0.2832355111837387,0,0,1,0.5652173913043478,3.252600000000002,0.7306127986164587
ae2db8a2afecae41da14acd564c690da,O=C(O)Cc1ccc2oc(-c3ccc(C=CC(=O)Nc4ccc(Cl)cc4Cl)cc3F)nc2c1,0.7303000092506409,0.9929153919219972,0.3381073827093298,2.445835,-6.065190315246582,0.364306753873825,0,1,0,0.0416666666666666,6.219700000000003,0.3165808331941994
608aae09612e577a2c156422c3ccd0c3,Cc1ccc(O)c(C(=O)NCC(C)c2ccccc2)c1,0.4560999870300293,0.8438799977302551,0.151801339265975,2.183344,-7.2241010665893555,0.6405250370502472,0,0,0,0.2352941176470588,3.2341200000000017,0.8948936618466212
1740f00fd613d9d752d54b6b9c12d37f,O=C(CN1CCN(c2cc3c(cc2F)c(=O)c(C(=O)O)cn3C2CC2)CC1)c1ccccc1Cl,0.8932999968528748,0.9980676174163818,0.1736874048682776,2.480177,1.1355637311935425,0.1518823593854904,0,0,1,0.32,3.8320000000000025,0.5364592927210946
311f1f524c9f46376f1c5e9f65e270a7,CC(C)(CC(F)F)C(=O)N1CCCCO1,0.3878999948501587,0.4587421119213104,0.0782370613041249,3.38709,-6.093545436859131,0.1917600562795996,0,0,0,0.9,2.2218,0.7309461525206141
a2b7ac70ddc2c134f9a229181e493658,COc1cccc(CNC(=O)COC(=O)c2ccc(-c3ccc(O)cc3)cc2)c1,0.5187000036239624,0.929706573486328,0.1260243635624647,1.82078,-10.967793464660645,0.762399959564209,0,0,0,0.1304347826086956,3.541000000000002,0.6019904973671156
e1d4beaf91bbc3952c88e4adfd1f97d5,CC(C)C1CN(Cc2cnc(N(C)C)nc2)CCCN1CC1CC1,0.5223000049591064,0.3701486587524414,0.1346386192705143,3.089419,-5.483503341674805,0.9259808778762816,0,0,0,0.7894736842105263,2.484900000000001,0.8001575996991745
b3d0534b514fa87b568710427cca68e1,COc1ccc(NCC2C(=O)C34C(O)CC5C(C)(C)C(=O)CCC5(C)C3CCC2C4O)cc1,0.5960000157356262,0.9233809113502502,0.2988927662372589,5.71611,9.022934913635254,0.5028829574584961,1,0,0,0.7037037037037037,3.455700000000002,0.6436147116685457
8a96ac97fbf7320fd7bfc8fa8b7dff55,Oc1cccc2c(NC(S)=Nc3ccc(SC(F)F)cc3)cccc12,0.6078000068664551,0.9948979020118712,0.3631122423843904,2.700891,-11.455517768859863,0.7913493156433106,0,1,0,0.0555555555555555,5.8895000000000035,0.230219686365124
bafa34edaf9fa48f878b1186e9bedeea,CCc1cc(-c2cccc(N)n2)c(OC)cc1CCN(C)C,0.4925999939441681,0.9295637607574464,0.3740840933539651,2.364376,-0.0474957227706909,0.9256964206695556,0,0,0,0.3888888888888889,3.0059000000000013,0.8906120633289062
729df86571a6643742338b360de658df,CC(C)CC(N)C(=O)NC(COc1cc(C(F)(F)F)cc(C(F)(F)F)c1)c1ccccc1,0.7365999817848206,0.9853290319442748,0.512182508002628,3.127501,-6.134876728057861,0.9117550611495971,0,0,0,0.4090909090909091,5.333900000000003,0.5212774322316778
a6c2e85782a7ab40b1622ef820fb802b,Cc1ccc(C(=O)Nc2ccc3c[nH]nc3c2)cc1S(=O)(=O)N1CCOCC1,0.5232999920845032,0.5831745266914368,0.0538980214094573,2.448976,-8.735091209411621,0.7396862387657166,0,0,0,0.2631578947368421,2.14452,0.6982498751460147
cebd1793c354eccb08a5fd1b4f8f6992,CCCCCC[n+]1ccc(C(C#N)=C2C=C(C)c3ccc(N(CC)CC)cc3O2)cc1,0.7032999992370605,0.9899572134017944,0.6487018113786523,3.233232,-3.525627374649048,0.976787006855011,1,1,0,0.4074074074074074,6.131180000000007,0.2803346231275894
bec582006d5e4901f494f83c8778c8bd,O=C(O)C(O)=CC(=O)c1cc(Cc2ccccc2F)cn(Cc2cccc(Cl)c2)c1=O,0.7141000032424927,0.9856748580932616,0.3198820745403116,2.643128,-11.315402030944824,0.1416138783097267,0,1,0,0.0869565217391304,3.989100000000003,0.328109170746045
b850faeff22681bccdb1ca9531a39c06,COc1cccc(NC(=O)Cc2cn(OC)c3ccccc23)c1,0.3100000023841858,0.6680278182029724,0.235827546228062,2.093875,-7.338219165802002,0.7355731844902038,0,0,0,0.1666666666666666,2.889500000000001,0.7881622380385105
2ac65d9c51b8107576e2df223a5f56cc,Cc1cc(C)c(S(=O)(=O)NC2CCN(C3CCN(C)CC3)CC2)c(C)c1,0.4115000069141388,0.512406587600708,0.1937155273150314,2.365008,-6.289642333984375,0.8866222143173218,0,0,0,0.7,2.44876,0.8730753146630349
73b43376d17180389bacc20c01b06d25,COc1cccc(C=Cc2nc(C#N)c(N3CCCCCC3)o2)c1,0.5411999821662903,0.9365565776824952,0.2565777708183635,2.459644,-7.124948978424072,0.8189686179161072,0,0,0,0.3684210526315789,4.105680000000003,0.847192528250873
9add0cecbd9d1fca16e968ed69196347,COc1ncccc1-c1csc2ncnc(N3C4CCC3CC(COCCN3CCCC3)C4)c12,0.609000027179718,0.7593095898628235,0.6449201323769309,4.317123,5.826699256896973,0.9462875723838806,0,1,0,0.5769230769230769,4.621700000000004,0.4368759444482529
f72526260841c91143d935a30270e351,CCC(NC(=O)C1CC(O)CN1C(=O)C(c1cc(C)no1)C(C)C)c1ccc(-c2scnc2C)cc1,0.6473000049591064,0.9010794162750244,0.1610779843547127,4.116672,-5.044412136077881,0.4863472282886505,0,0,0,0.4814814814814814,4.383840000000004,0.4654786741904337
005f9141b231b0ee52986c70e48857fa,CC1=C(C(=O)c2ccccc2)C(c2c3ccccc3cc3ccccc23)NC(=O)N1,0.5447999835014343,0.9677616357803344,0.3349187766963785,2.711816,-5.655030250549316,0.5920051693916321,0,1,0,0.0769230769230769,5.5038000000000045,0.3570409181987187
510c1ff5fea74cda4d1af5fc19dfd979,COc1ccc2[nH]c3c(c2c1)C1CCCN(C1)C3C(=O)O,0.5590999722480774,0.7879769802093506,0.2060442126610062,4.162647,-4.296811103820801,0.091400658339262,1,0,0,0.4375,2.4952000000000005,0.8899143340628675
a42d8ce5328d7d14f23270a09ec3d961,NC(=O)COc1ccc2c(c1)S(=O)(=O)N=C(c1c(O)c(-c3cccs3)nn(Cc3ccccc3)c1=O)N2,0.5947999954223633,0.8158547282218933,0.1412816460837017,3.029719,-12.361677169799805,0.724409031867981,0,0,0,0.0833333333333333,2.1508,0.3224611391442414
7555044d005136503d7b09d9da6a46d5,O=C1C(O)=C(Cl)C(=O)c2ccccc21,0.5379999876022339,0.997100293636322,0.4074685627763921,2.137792,9.930333137512209,0.0829171445220708,1,0,0,0.0,2.0740000000000003,0.7102617259296709
48c52bf72a0caef9a645095c2db6b731,Cc1cc(-c2ccccc2C(F)(F)F)cc2c3ccccc3c[n+](C)c12,0.7788000106811523,0.9965305924415588,0.430476730520075,2.581871,-11.28037929534912,0.9394538283348084,0,1,0,0.1363636363636363,5.811720000000004,0.3005142233574655
56050645b6883d7ad56c966ea5e5c827,Oc1ccc(Nc2cc(-c3ccc(-n4cccn4)cc3)[nH]n2)c(C(F)(F)F)c1,0.7247999906539917,0.9893776178359984,0.5387224338271401,2.566412,-9.278322219848633,0.8706233859062195,0,1,0,0.0526315789473684,4.730400000000002,0.4439253415780514
93266a3e047da0a3a2df6236709dcf5b,Cc1ccc(S(=O)(=O)N(C)c2cccc3ccccc23)cc1,0.4241999983787536,0.8813150525093079,0.1867305629632689,1.808636,-4.61834716796875,0.8107365727424621,0,0,0,0.1111111111111111,3.973320000000003,0.7336363289052074
3be8bdc1e3fe68375da1d44c5f6d71db,O=C(Cc1ccc(F)cc1F)N1CCn2nccc2C1,0.3853000104427337,0.335634171962738,0.1004808794876391,2.567542,-9.046491622924805,0.1682889714837074,0,0,0,0.2857142857142857,1.7462,0.8384221843539452
c2f282164f52586a83c231e6a479c217,O=C1C2CCC3C(=NOCC(O)COCc4ccco4)CC(O)C(O)C3C2C(=O)N1c1cccc(Oc2ccccc2)c1,0.5361999869346619,0.8168171048164368,0.2924339960921894,4.511497,2.9041216373443604,0.834376871585846,0,1,0,0.40625,3.2795000000000014,0.2386868801575447
f3953bf6b954993968ce9fcb5a12f478,O=c1[nH]c(CN2CCCC2c2ccc3c(c2)OCCCO3)nc2scc(-c3ccccc3)c12,0.6589999794960022,0.8758533000946045,0.3582794734022834,3.005582,-5.643430709838867,0.9224000453948976,0,0,0,0.3076923076923077,5.150000000000005,0.4571654760770926
d16b224887e58d9f549ebc9fb15ab2d6,CN=C(S)NCC1CN(c2cc(F)c3c(c2)OCC2CCCN32)C(=O)O1,0.7817000150680542,0.7676093578338623,0.210670227354223,3.940579,-4.392421722412109,0.6049559235572814,0,1,0,0.5294117647058824,2.0173,0.4771639155253184
73c70424c835df9a91a058f90de00bc3,COc1ccc(C(=O)Nc2ccc(N3CCN(C(=O)c4cccc(Br)c4)CC3)nc2)c(OC)c1,0.6207000017166138,0.8030675053596497,0.1421978068961338,2.15916,-4.5765581130981445,0.8620272994041442,0,0,0,0.24,4.076000000000003,0.5226208380927015
5181b07e1f30bd5016e9b2344d6a6546,O=C(Oc1ccc(Cl)cc1OC(=O)c1ccccc1O)c1ccccc1O,0.619700014591217,0.9953081607818604,0.2726682681928981,2.03063,-10.240349769592283,0.4136116981506347,0,1,0,0.0,4.189600000000002,0.5172199321142383
9912a590fb8686a59f35336e58cf00ef,CCOC(=O)C1=C(C(C)C)NC(=S)NC1C=Cc1ccc(C(F)(F)F)cc1,0.6075000166893005,0.98710697889328,0.285895206711509,3.395857,-8.808114051818848,0.6247408211231231,0,1,0,0.3684210526315789,4.038100000000003,0.5792452794051557
90bc475cec0df8ff1530e097f62d9f16,Cc1nc(CN(C)C2CCCc3cccnc32)cc(N2CC(C)N(C)C(C)C2)n1,0.5509999990463257,0.6244467496871948,0.2056112804196097,3.81453,-10.934810638427734,0.949225389957428,0,0,0,0.6086956521739131,3.2182200000000023,0.7935905132707767
9a7394d035c94130dea517acd7bfbbd3,CCCC(=O)Nc1nc2c(OC)ccc(OC)c2s1,0.3619999885559082,0.7619094848632812,0.1969220245426351,2.045217,-11.587325096130373,0.4249467730522155,0,0,0,0.3846153846153846,3.052100000000001,0.9140811090478904
69bb8ee3cf004dca09a20c7a88c9265f,CC(=O)c1cn(CC(=O)N2CC(F)CC2C(=O)NCc2cccc(Cl)c2F)c2cc(C#Cc3c[nH]c(=O)nc3N)ccc12,0.717199981212616,0.9217644333839417,0.3293770483948968,4.057472,2.0982396602630615,0.8245758891105652,0,1,0,0.2333333333333333,2.9570999999999996,0.2274845278081096
f5ae4cb7bfef4690ba03e63b37c2f2e9,O=c1[nH]c2ccc(-c3c(Cl)ccc(CN4CCOCC4)c3Cl)cc2[nH]1,0.6402999758720398,0.9399243593215942,0.3879620040004903,2.477503,2.81965970993042,0.7649350166320801,0,0,0,0.2777777777777778,3.6622000000000017,0.7313825138178118
cc8ba47b2d29b3296bd7cf12b9129083,N#CC(=Cc1ccc(F)cc1)c1n[nH]c(Cn2cncn2)n1,0.4093999862670898,0.836631178855896,0.1341339207508347,2.872882,-3.856315851211548,0.1745861530303955,0,1,0,0.0714285714285714,1.6477799999999996,0.7381399237877327
6e21ca7d67106398216f09a08203acc3,Cc1nn(C)c(Cl)c1S(=O)(=O)Nc1cccnc1N1CCOCC1,0.4544000029563904,0.5982201099395752,0.0277592946182597,2.480715,-12.481120109558104,0.1694339275360107,0,0,0,0.4285714285714285,1.4143199999999998,0.8737006929134855
645a0fb3ceddea7ec23e223b2e1fbfeb,Fc1ccc2c(c1)CCC2=Cc1ccncc1,0.5248000025749207,0.9814294576644896,0.1793174404989589,2.257288,-8.991202354431152,0.5196912884712219,0,0,0,0.1333333333333333,3.707500000000003,0.7206096880402029
f8991be5884759ca3ce8966ae8fbf3db,CC(=O)OC1CCC2N3CCC2(c2cc4c(cc2C3)OCO4)C1O,0.5748999714851379,0.8233588933944702,0.1600328517908399,4.913547,11.622361183166504,0.5848961651325226,0,0,0,0.6111111111111112,1.3274,0.7832026588591156
4956e7ca5bb5608b54980eee081b63b0,CCN(CCC(=O)NCCCNc1c2c(nc3ccccc13)CCCC2)C1CCCCC1,0.541700005531311,0.8264334797859192,0.309885255315087,2.537219,-7.5613250732421875,0.9722481727600096,0,1,0,0.6296296296296297,5.076500000000005,0.5102873582551507
a173868553ea92a393bd362a05eaeaef,N=C1NC(c2ccccc2)CC2CCC(CCc3ccccc3)N12,0.6330000162124634,0.9732409715652466,0.2790443396026438,3.489167,-9.652087211608888,0.8764212727546692,0,1,0,0.3809523809523809,4.121570000000004,0.8895092474755046
818f9365797723136edb910da5d3ed0e,CN(N=Cc1cc(Br)ccc1OCc1ccc(Cl)cc1)C1=NCCN1,0.669700026512146,0.9868785738945008,0.3444154127077622,2.676492,-6.584588050842285,0.6959670901298523,0,1,0,0.2222222222222222,3.906400000000003,0.5881534202609244
8486fe2890f9c3fc8a004d4aa5681b2f,CC1c2ccc(NC(=O)C(Cc3ccccc3)N(C)C)c(O)c2C(=O)C2=C(O)C3(O)C(O)=C(C(N)=O)C(=O)C(N(C)C)C3C(O)C21,0.8098999857902527,0.9970700740814208,0.1639348519119349,4.745935,11.634876251220703,0.5971671581268311,0,1,1,0.3939393939393939,0.763800000000002,0.1668038437032336
fe3ca988d162755c415e4c65a8a967c0,N#Cc1ccc(C(C#N)C(SCCO)c2ccccc2)cc1,0.5464000105857849,0.9666212201118468,0.2266104175836186,3.301792,-11.430865287780762,0.6582539081573486,0,0,0,0.2222222222222222,3.6322600000000023,0.8844698847558178
d5c993f030334fd209d523b6ecb2934b,Nc1nccc2cc(CNCc3cccc(Oc4ccccc4)c3)ccc12,0.704800009727478,0.993135631084442,0.5409995209087025,2.01704,-10.1314058303833,0.971354115009308,0,0,0,0.0869565217391304,4.899100000000003,0.5163963480112326
9bf55ec161d7e1d9e019d67afc4e7a57,O=[N+]([O-])c1ccc(NSc2ccccc2)cc1,0.4986999928951263,0.9965270757675172,0.2990664501081813,2.158118,-4.077412128448486,0.2592817038297653,0,1,0,0.0,3.7140000000000017,0.5072580789203617
5be29ac79c83790437fcdb8d9fca871b,c1ccc(CN2C3=NCCN3c3ccccc32)cc1,0.3887999951839447,0.7780136466026306,0.2086476372046904,2.177026,-6.6812744140625,0.8535830259323121,0,0,0,0.1875,2.882800000000002,0.8146602829794101
bfb4cc635f668a628c6d0b3b98e7c8a6,CN(C)CCN(Cc1ccccc1)C(=O)c1cc(Cl)ccc1NS(=O)(=O)c1ccc(Oc2ccccc2Cl)cc1,0.753000020980835,0.98727685213089,0.4387358941815116,2.354359,-11.091593742370604,0.955449652671814,0,0,0,0.1666666666666666,6.790500000000006,0.2057772657928215
e6e142ba9144c917c13061f68578cb9c,O=C(NC1CC1)C1CN(C(=O)COc2ccccc2F)C1,0.4201000034809112,0.4126842617988586,0.0397546566091477,1.990303,-9.63200569152832,0.1882862068712711,0,0,0,0.4666666666666667,0.9414999999999988,0.8785105663921134
9786bc1843c27f49e284d09987422a41,CC(=O)OC(C)(C)C=CC(=O)C(C)(O)C1C(OC(=O)C=Cc2ccccc2)CC2(C)C3CC=C4C(CC(O)C(=O)C4(C)C)C3(C)C(=O)CC12C,0.6772000193595886,0.9945865869522096,0.5140482918782667,5.423806,8.653566360473633,0.4960518777370453,0,1,0,0.5853658536585366,5.763600000000007,0.1978320994605011
24ba407e70e3c239b489be561bc79e70,CN(C)c1ccc(C(=O)c2cc3cc(Br)ccc3o2)cc1,0.5231999754905701,0.9606514573097228,0.2325040169737555,2.077196,-6.160838603973389,0.6073668718338012,0,0,0,0.1176470588235294,4.492300000000003,0.6565425377416655
4d0a010c01db33bd977c564cc990b24b,CN(C)C(=O)c1cc(-c2ccc(CC(C#N)NC(=O)C3NC4CCC3C4)c(F)c2)cs1,0.6876000165939331,0.8512839078903198,0.1095149776136333,4.845981,-1.415145993232727,0.893389081954956,0,0,0,0.4347826086956521,2.9473800000000008,0.7233533000112115
8ca06bc9a232450e1172f2ffa4397979,CS(=O)(=O)N1c2ccccc2CCC1C(=O)Nc1ccncc1,0.4332000017166137,0.5449479222297668,0.0664024451239542,2.667765,-2.517280340194702,0.3563584804534912,0,0,0,0.25,1.8011,0.9299704718257517
26c7e7d10355dee9e79f78ca464aefc1,Cc1c(CNC2CCCCCC2)c(C(=O)O)c(C)n1Cc1cccc(Cl)c1,0.6019999980926514,0.9323294162750244,0.1825049594044685,2.270352,-6.430785655975342,0.4200454175472259,0,0,0,0.5,5.317240000000004,0.6584271348277624
6043fd292b8dd72602460eaee02910a3,CCN1CCN(Cc2ccc(NC(=O)COc3ccc(-c4cccnc4)cc3)cc2C2CC2)CC1,0.6420000195503235,0.9474906325340272,0.3207852549173615,2.295104,-1.9234365224838257,0.9599290490150452,0,0,0,0.3793103448275862,4.781000000000004,0.4877501003091507
1f8170b6168f5845dceec4eb93dbddaf,CC1(C)C(=O)NC(=S)NC1=Cc1ccccc1,0.3804999887943268,0.896292507648468,0.1816366524858908,2.770006,-0.0205078423023223,0.1254460457712412,0,1,0,0.2307692307692307,2.058,0.7452316653898552
ddd22559459833c5dc67bb8cb7fae6b2,CCCC(C)OC(=O)CCC(=O)Nc1cc(Nc2cccc(C(=O)OC(C)CCC)c2)ncn1,0.5110999941825867,0.9013698697090148,0.2492453035983172,3.31316,-4.024360656738281,0.6121287226676941,0,0,0,0.48,5.016100000000004,0.3918509242843693
1eb6ada7798a6a5bf447d7efabcb5fbb,COc1ccc(S(=O)(=O)N2CCCC2)cc1C(=O)N1CCCCC1,0.3797999918460846,0.138456791639328,0.0515765195543115,1.900926,-7.586722373962402,0.4745869159698486,0,0,0,0.5882352941176471,2.1058,0.832275291101997
9bde65f19752a80eabb285aeb8c714f9,CN1CCCc2ccc(NC(=O)Nc3ccc(Cl)c(Cl)c3)cc2C1,0.732699990272522,0.9816475510597228,0.6390983299775557,2.025071,-8.185280799865723,0.8617777824401855,0,0,0,0.2777777777777778,5.015400000000003,0.7863567335527126
33088d424df0454207eb2fd05f0873eb,CC(=O)c1ccc(OC2Cc3c(ccc(C(C)=O)c3O)O2)cc1O,0.5649999976158142,0.9204866290092468,0.1180200644514777,3.169633,9.634392738342283,0.269551533460617,0,0,0,0.2222222222222222,2.843000000000002,0.8384258978308027
37c6b0310a0416444cd8dbff6ebf67bd,O=C(NNC(=S)NC(=O)c1ccccc1)c1cccc(Br)c1,0.5442000031471252,0.9730374813079834,0.1597723950716582,1.826504,-10.81855297088623,0.3826877146959305,0,1,0,0.0,2.3983999999999996,0.5546176431014259
26f6af18d3c81f4309dac131a168e973,Cc1ccccc1NC(=O)Nc1ccnn1C1CCN(Cc2ccc(OC(C)C)cc2)CC1,0.5795999765396118,0.7673935294151306,0.3806927651166916,2.29208,-10.908169746398926,0.9390217661857604,0,0,0,0.3846153846153846,5.459820000000005,0.5045041497062935
840cd5a1fd2da9a5fefe6e3bbc809197,CCCc1sc(C(=O)Nc2nnn[nH]2)cc1CC,0.4298999905586242,0.7822062373161316,0.0385688267584841,2.904358,-9.732166290283203,0.109150505810976,0,0,0,0.4545454545454545,2.0284,0.8660219624197826
a0e63590ce7b619b767c0252145ea939,Oc1ccc(Cl)cc1CN1CCOc2c(O)cc(-c3nc4ccccc4s3)cc2C1,0.7279999852180481,0.9941261410713196,0.4188756617632779,2.514622,-9.28796100616455,0.8566911220550537,1,0,0,0.1739130434782608,5.422500000000004,0.446608192350918
3201c219d1cb34e6d29cbeefa326bf7c,CCCc1c(OCCCOc2ccc3c(ccn3CC(=O)O)c2)ccc2cc(C(=O)c3ccccc3)ccc12,0.6725000143051147,0.9913862347602844,0.246114505962892,2.515903,-5.586195945739746,0.5872992157936097,0,1,0,0.2121212121212121,6.910500000000006,0.142571912949142
ab5c957941bc4f4572232a814073f46e,CCc1cc(O)c(F)cc1-c1cc2[nH]nc(C(=O)NC)c2c(NCC(C)C)n1,0.6403999924659729,0.9667063355445862,0.2480738623575731,2.946017,-7.679730415344238,0.8707914352416992,0,0,0,0.35,3.459500000000001,0.5203476869989572
32919b1f22f85db9e63fb4948cfef01d,O=C(O)CCC(=O)NC(CC(=O)O)Cc1ccc(-c2ccccc2Cl)cc1,0.6434000134468079,0.9796673655509948,0.2039996107870882,2.461791,1.7793328762054443,0.0746200315654277,0,0,0,0.25,3.373800000000002,0.609587579831901
ec65273c51aa9a8bbd27fc16b8f86d11,COc1ccc(C)cc1-n1nnnc1SCn1nnc2ccccc2c1=O,0.4503999948501587,0.8253235816955566,0.0626250492456496,2.421452,-10.131731033325195,0.3236803978681564,0,0,0,0.1764705882352941,1.8340199999999995,0.4827829215277922
5a990810033a5045fffa82548d19c23c,COc1ccc(-c2ccc(CN3CC(N=C=S)C3)c(F)c2)cc1F,0.7289000153541565,0.9657480716705322,0.4630412730303677,2.593873,-1.3492861986160278,0.8814077019691468,0,1,0,0.2777777777777778,3.927400000000003,0.6057653469666787
8272cb690a4928ee4f9209e5df525005,CCOCc1cccc(NC(=O)c2cc3sccc3n2C)c1COc1ccc(OCC2CCNC2)cc1,0.6050000190734863,0.9489875435829164,0.2980755215341394,3.221856,-1.4500356912612915,0.856864845752716,0,0,0,0.3448275862068966,5.595900000000005,0.2700445323746878
93636a3aaa40088c89366c7b50a3b073,Cn1cc(C(=N)S)c2c(N)ncnc21,0.4815999865531921,0.9143475890159608,0.1166197177530689,3.181671,-2.400045156478882,0.1146754242479801,0,1,0,0.125,0.8056700000000001,0.3674588437547584
d749f509d9741c1443cb5cc914121515,C=CCNC(=O)c1ccccc1NC(=O)C1CCN(S(C)(=O)=O)c2cc(C)ccc2O1,0.4339999854564667,0.4304185211658478,0.0344195519997315,2.951589,-7.910280227661133,0.8274058341979981,0,1,0,0.2727272727272727,2.46662,0.6676376845298547
9e9bc617d7256d4bc2e217a4858130d2,O=C(O)C(c1ccccc1)N1C(=O)C(=Cc2cccc(Oc3ccc(Cl)c(Cl)c3)c2)SC1=S,0.7939000129699707,0.9987595677375792,0.215725953606042,2.834327,-8.182043075561523,0.2779902189970016,1,1,0,0.0416666666666666,6.812800000000004,0.2868137353492788
15efc25c822e283a12aec12b43d1d48a,CN=C(S)N(Cc1cc2cc(C)ccc2n2nnnc12)CC(C)(C)CN(C)C,0.5059999823570251,0.8826659917831421,0.1953936943828012,3.321061,-2.658750057220459,0.8809317469596862,0,1,0,0.5,2.8913200000000012,0.3923082867717177
5c96f21d4964c19757b1767df47c9538,O=C(O)c1sccc1S(=O)(=O)Cc1ccc(Cl)c(Cl)c1,0.619700014591217,0.9550707936286926,0.0946266983043063,2.287852,-4.27548885345459,0.0246024155057966,0,0,0,0.0833333333333333,3.727000000000002,0.911193311069712
8fed0aa7cb914d89eb1c9bd7cbce3e45,CCc1cc(C)nc(NCC2(OC)CCS(=O)(=O)C2)n1,0.3122999966144562,0.4664020538330078,0.0654463536021384,3.635311,-10.166131019592283,0.1637340821325779,0,0,0,0.6923076923076923,0.9630199999999998,0.8720475112893686
494a11154fdc4caad4a34bfbf8d81aa7,COc1ccc(-n2c(N)c(C#N)[nH]c2=O)cc1,0.3433000147342682,0.690700888633728,0.1198015165599909,2.466454,-2.722932815551758,0.2430393725633621,0,0,0,0.0909090909090909,0.62808,0.7901204668880538
31fd93644d33b758dbb1b7c874d23835,COC(=O)C12CC(CC(=O)NCCc3ccccc3OC)C(=O)N(Cc3ccc4c(c3)OCO4)C1=CC(COCc1ccccc1)OC2C,0.6534000039100647,0.8091035485267639,0.1496430174870924,4.225119,-2.362985372543335,0.8906551361083984,0,0,0,0.3947368421052631,4.568800000000003,0.260884832211237
ff65c408a1a6a0cb34eb84e90996f9a8,Cc1cccc(NC(=O)COC(=O)c2ccccc2OCc2cccc(Br)c2)c1,0.5478000044822693,0.9441103339195251,0.1684873181987892,1.881593,-10.916386604309082,0.7710554599761963,0,0,0,0.1304347826086956,5.132020000000004,0.5030014545527639
e3707c8e7d86a5e3769f415f88069a1b,Cc1ccc2oc(=O)c(-c3cccc(Br)c3)cc2c1,0.570900022983551,0.9795176386833192,0.1804778413339094,1.964216,-5.401730537414551,0.267368933558464,0,1,0,0.0625,4.530920000000003,0.6175981415073656
e3ee1c0068622066f577dafe052873d4,CCCCOc1cc(C(C)C)c(Oc2cnc(N)nc2N)cc1-c1cc(Cl)cc(Cl)c1,0.7888000011444092,0.9988609552383424,0.6923992200331255,2.649541,2.922402858734131,0.8378113150596619,0,1,0,0.3043478260869565,6.709400000000005,0.3621094889731622
fd7ef7395f1d7c0ce39e6ccf5a336612,Cc1ccc(C(=O)NCc2c[nH]c3nc(N)[nH]c(=O)c23)s1,0.5040000081062317,0.7320689558982849,0.1023027644577351,2.754578,-0.4873529374599457,0.4397553026676178,0,0,0,0.1538461538461538,1.1333199999999997,0.5800175679717341
e1447b6798e85b044266826719020f3f,O=C(NC1CC1)C1CCCN1c1ncnc2ccsc12,0.4866999983787536,0.3302511870861053,0.1107860759577967,2.926536,-3.543558120727539,0.2061134770512581,0,0,0,0.5,1.9386999999999992,0.9374580110467372
df7d9f305ca4eacfe3188ea9cc38b74a,CC1CCC(C)(N=Nc2ccccc2)c2ncc(C(=O)O)c(=O)n21,0.5353000164031982,0.8871923685073853,0.0684816332703286,3.845495,-4.723215103149414,0.0286718230694532,1,1,0,0.3529411764705882,3.2954000000000017,0.8750855096566819
708e5bf2cad3140fd2008d2913d117de,CC(=O)Nc1ccc(Cc2c(OC3OC(CO)C(O)C(O)C3O)n[nH]c2C(C)C)cc1,0.5957000255584717,0.8351219892501831,0.1830186901444738,3.861301,4.726966857910156,0.2444828912615776,0,0,0,0.5238095238095238,0.2609999999999988,0.3615428403160345
e6e5550ebd414c8248416ed88ae64eb2,C=C1CCC2C(C)(C(=O)NC3CC3)CCCC2(C)C1CCc1ccoc1,0.5637999773025513,0.7771379947662354,0.1629648222164674,4.102075,5.397275447845459,0.608611112833023,0,1,0,0.6956521739130435,5.269700000000006,0.7311688983815002
739e081698c4da08e39e1009c8873413,CCCOc1cc(N2CC3=C(CCCC3)C2=O)c(Cl)cc1Cl,0.6348999738693237,0.9193149209022522,0.2850799872116609,2.69548,-8.458762168884277,0.5333220660686493,0,0,0,0.4705882352941176,4.999400000000004,0.7719242650778853
43b9429b9887185ad661097f04f7b882,CCC(C)(CC(=O)OC)NC(=O)c1ccc2[nH]ccc2c1,0.3713999986648559,0.6215164065361023,0.089337323707613,2.974545,-1.263755440711975,0.2438535720109939,0,0,0,0.375,2.6295,0.830791766600748
62625b16aebdeec68fb6e51628558a44,Cc1c(C#Cc2cccc3cc(C(C)NC(=O)c4c(N)nn5cccnc45)n(-c4ccccc4)c(=O)c23)cnn1C,0.6639000177383423,0.924635887145996,0.4779047275131399,3.655311,-9.24996852874756,0.8921254277229309,0,1,0,0.1290322580645161,3.548320000000002,0.3284198223924984
c379ae1eb189b90d35ef03d250a5393f,COc1cc(C=C2SC(=S)N(c3cccc(C(=O)O)c3)C2=O)cc(Cl)c1OCc1cccc(C(=O)O)c1,0.7885000109672546,0.997028648853302,0.1076160080053589,2.489348,-10.36655616760254,0.2574593305587768,1,1,0,0.0769230769230769,5.729800000000004,0.2655212117805516
6f0941c031ffe45b16a74ec458e9ffe6,NC(=O)c1cc2ccc(Cl)cc2n1-c1cccc(CCC(=O)O)c1,0.6406999826431274,0.9800024032592772,0.1817735420031981,2.250653,-8.074138641357422,0.0568873316049575,0,0,0,0.1111111111111111,3.4000000000000012,0.7447526123835344
b7ba575621dea9ea18662fb75b83cbe7,Clc1ccc(C=NC23CC4CC(CC(C4)C2)C3)c(Cl)c1,0.564300000667572,0.9769533276557922,0.3727702078494159,3.928891,0.603533148765564,0.3712241888046265,0,1,0,0.5882352941176471,5.3811000000000035,0.6503157098075443
8ee764401a23111a00808c3f38fc4df3,CON=CC=C(C)CCC=C(C)CCC=C(C)C,0.4025000035762787,0.9333106279373168,0.2022421268576925,3.199673,8.170842170715332,0.6968206763267517,0,1,0,0.5625,5.037800000000005,0.3353984582971893
55c0b17a339dfe3f80a6129f23ced943,CC(=O)c1ccc(NC(=O)CSc2ccc3nnc(CCNS(=O)(=O)c4ccc(C)cc4)n3n2)cc1,0.4343000054359436,0.635181188583374,0.0936809138140895,2.494658,-10.77799129486084,0.5094613552093505,0,0,0,0.2083333333333333,2.8871200000000012,0.2388091029199018
eafd218b45bef393a861c29696867e62,CNC(=O)C1COCC2CN(C(=O)c3ccc(OC)cc3)CC21,0.3860000073909759,0.2549577057361603,0.0223548196425492,3.334077,-4.55129861831665,0.2271188378334045,0,0,0,0.5294117647058824,0.7758000000000005,0.8940168721160532
758c302abebab484fd0602b18b3dd50b,O=C1NCC2CCCC(CCOc3ccccc3C(=O)N3CCNCC13)O2,0.4810999929904938,0.4972679018974304,0.1205868446691469,4.923375,-2.233989953994751,0.2742952108383178,0,0,0,0.6,0.9369999999999996,0.7075016670803244
dd5ed29d59dd7d57687ef457d043b07e,c1cc(-c2noc(CC3CCCCC3)n2)ccn1,0.3373999893665313,0.6588281989097595,0.0515890890436077,2.143551,-10.243103981018066,0.2739751815795898,0,0,0,0.5,3.2544000000000013,0.8298962277521308
f3657ce7ebb19d0516e63407b5476f8e,CC(=O)CC(c1ccccc1)C1C(=O)Oc2ccccc2C1=O,0.5156999826431274,0.91655033826828,0.2143615125255151,3.143049,7.672408103942871,0.1644447103142738,0,1,0,0.2105263157894736,3.1674000000000015,0.4943294341614492
ad2eae14bd89412de87b22a0c40cf479,CC1=C(C(=O)Nc2ccccc2)C(c2ccc(Cl)cc2)n2c(sc(=Cc3ccc(N(C)C)cc3)c2=O)=N1,0.6173999905586243,0.9888267517089844,0.5156169615008614,2.880888,-6.820661544799805,0.8231175422668457,1,0,0,0.1379310344827586,4.593300000000004,0.4117341539388704
833038a31048ad0679fc04e235e4cc20,COc1ccccc1C1C(C(=O)O)C(c2ccccc2OC)C1C(=O)OCC1c2ccccc2-c2ccccc21,0.7017999887466431,0.9943280816078186,0.2789193269881335,3.329178,-0.4574765861034393,0.5504255831241608,0,0,0,0.2352941176470588,6.2575000000000065,0.2689413986308018
c5ad7e76a4b5211f99db09edb4e9dc98,Cc1ccc(CCC2CCN(C(C)C(=O)Nc3cccc(S(N)(=O)=O)c3)CC2)cc1,0.579200029373169,0.851574718952179,0.2084564823995937,2.507868,-5.313260555267334,0.8999185204505921,0,0,0,0.4347826086956521,3.3142200000000015,0.7061773782513816
09252a8c2bcfd760d515e21fd67c0d04,CC1CN(c2nc(SCCc3ccc(NC(=O)C(F)(F)F)cc3)c(C#N)c3c2COC(C)(C)C3)CC(C)O1,0.7134000062942505,0.9825870394706726,0.3781715645031495,3.791764,-7.246738433837891,0.813413679599762,0,0,0,0.5185185185185185,5.253780000000004,0.4933781519171062
efabb824a5059c5e0487a6fa2ae9b519,CC(CO)CCNc1ncnc2ncn(C3OC(CO)C(O)C(O)C3O)c12,0.4706000089645386,0.8142696619033813,0.2729805396361784,4.248578,8.537575721740723,0.3439743846654892,0,0,0,0.6875,-1.7708999999999977,0.3219748697316808
71076f3523ec3e392771640e1d7a34d3,c1ccc(N2CCN(CCc3nnn[nH]3)CC2)cc1,0.303600013256073,0.626113772392273,0.0323599410721602,2.255434,-8.607532501220703,0.2887436240911484,0,0,0,0.4615384615384615,0.5643999999999998,0.8682301364249891
30a98583d1bc152440a7d5c1da92fe75,CN(C)C1CCN(c2ccc(Nc3cc4c(N5CCC(CO)CC5)nc(Nc5ccc(F)cc5)nc4cn3)nc2)CC1,0.690500020980835,0.9758589267730712,0.741928983818401,2.967731,-7.345085144042969,0.948174238204956,0,0,0,0.4193548387096774,4.785200000000004,0.2735279534418559
c5f03587fd5ac3bbc727df14a1d59d02,CCc1n[nH]cc1C=Nn1c(OCc2ccc(C)cc2)n[nH]c1=S,0.3792999982833862,0.9249562621116638,0.2113628387451172,3.206734,-9.722786903381348,0.3710878282785416,0,1,0,0.25,2.9958100000000014,0.5326806162958051
c244fdc689dd3b1e4023f1df41e71870,Cc1ccc(OC2=CC(=O)c3ccccc3C2=O)cc1Br,0.5209000110626221,0.9965466856956482,0.5032122135162354,2.282196,-1.277538776397705,0.3647012919187545,1,0,0,0.0588235294117647,4.099420000000002,0.8246147561565272
5ed1a48788806e3867dcc81c3f6ab4a1,CCc1cc(C#N)ccc1NC(=O)N(C)Cc1nc(C)c[nH]1,0.3736000061035156,0.6581774353981018,0.057493698190559,2.890038,-10.9222412109375,0.5758960366249084,0,0,0,0.3125,2.8161000000000005,0.909620587000762
261c00cb754df0f054a4d592a6cd83f3,COc1ccccc1C(c1c(O)ccc2ccccc12)N1CCCC1=O,0.4923000037670135,0.9136838912963868,0.1967268166216937,2.728392,-5.3576459884643555,0.7988793015480041,1,0,0,0.2272727272727272,4.265800000000003,0.7668332695974347
8dcfab567ea089f007525cf4d69ffc0d,NCCCCC(NC(=O)OCc1ccccc1)C(=O)c1noc(CN2CCN(C(=O)CCc3ccccc3)CC2)n1,0.4957000017166137,0.5056025385856628,0.0990523452108556,3.050939,-11.22499179840088,0.8844920873641968,0,1,0,0.4333333333333333,2.9533000000000005,0.2237926013852828
faae41db498d933bce53a8e9c5c2d136,CCC(CC)(c1ccc(C(=O)NCCCCCC(=O)NO)cc1)c1ccc(OCC(O)C(C)(C)C)c(C)c1,0.6561999917030334,0.983680009841919,0.2533186958594756,3.177224,1.0205895900726318,0.8975896239280701,0,1,0,0.5483870967741935,5.6825200000000065,0.1438476291587639
f6e55eee0fe60d60835b43ec45792eac,CCCc1ccc2c(c1)Oc1cc(Cl)ccc1N=C2N1CCN(CC(C)(C)C(=O)O)CC1,0.757099986076355,0.9791029691696168,0.3094598799943924,2.721639,-4.489426136016846,0.8306845188140869,0,0,0,0.44,5.204900000000006,0.6703570945706901
5fe71c22072a465982b3e41bea00b7e8,C=CC(C)(C)c1cc(C2CC(=O)c3ccc(O)c(CC=C(C)C)c3O2)c(O)cc1O,0.7189000248908997,0.9961322546005248,0.3048637997020375,3.707666,10.496508598327637,0.4945008993148804,0,1,0,0.32,5.482200000000007,0.570215613953946
6a2dc46c442af7b1bcc386b240f075c1,Cc1ccc(Oc2nc3ccccc3n3c(C)nnc23)c(C)c1,0.4596999883651733,0.9328904747962952,0.112923919477246,2.256478,-11.02012538909912,0.5686426281929016,0,0,0,0.1666666666666666,3.995060000000003,0.5615582054742086
09ad954fa57846d0896490eff677e3d1,COc1cc(-c2n[nH]c3cc(NC(=O)NC(C)c4ccccc4)ncc23)ccn1,0.5799999833106995,0.8799910545349121,0.3290099853819067,2.957906,-0.6334739923477173,0.7918481588363647,0,0,0,0.1428571428571428,3.911200000000002,0.4807030661508916
07aa0160fa203278af5ec3115f5b198f,CCc1cc(NC(=O)NC(C)C(O)CN(CCCc2ccc(F)cc2)S(C)(=O)=O)cc(-c2nnnn2C)c1,0.5694000124931335,0.8964043855667114,0.0686745907772671,3.578524,3.0243661403656006,0.777957284450531,0,0,0,0.44,2.3438999999999997,0.3159148938857513
75a6a42dcd8e5d54fdb7626fd95bf1e9,CCOc1cc(C=C2C(=O)N(Cc3ccco3)C(C)=C2C(=O)OC)ccc1O,0.5539000034332275,0.8801862001419067,0.2220943156968463,2.52713,-10.093794822692873,0.5312749028205872,1,1,0,0.238095238095238,3.2567000000000026,0.6083827017847392
2aad9ac6806075d1a2c35713dba24acc,CCCn1c(-c2cccc(O)c2)nc2nc(C3CCCC3)[nH]c2c1=O,0.5236999988555908,0.8216275572776794,0.24285373498093,2.58959,-0.7548338174819946,0.730671739578247,0,0,0,0.4210526315789473,3.559800000000002,0.7616634519754321
8640dc9d7418caf4ab04dd4e9c49c747,O=C(C=C1CC(=O)N(c2ccc(Cl)cc2)C1=O)Nc1ccc(Cl)cc1,0.5866000056266785,0.953732430934906,0.5072104036808014,2.288078,-7.743892669677734,0.3304791450500488,0,1,0,0.0555555555555555,3.8218000000000014,0.6552615857591696
f42fe986a2d944d013204d9a061b135f,CC(=O)Nc1ccc(-c2cncc(N3CCN(C(=O)c4ccco4)CC3)n2)cc1,0.4643999934196472,0.4274645149707794,0.0616676421328024,2.248917,-5.2532639503479,0.6254145979881287,0,0,0,0.238095238095238,2.657400000000001,0.7352002572499329
e32db4f7f304c9325b4b6e59d597024d,O=C(CCc1ccccc1)n1nc(-c2ccco2)nc1SCc1ccccc1,0.4523000121116638,0.889384925365448,0.209335369142619,2.289714,-9.58535099029541,0.5372786164283753,0,0,0,0.1363636363636363,5.103400000000004,0.4114373702459652
70378e208949399fabab58421f3e29b2,CC(C)CC(OP(=O)(O)C(Cc1ccccc1)NC(=O)OCc1ccccc1)C(=O)NC(C)C(=O)O,0.4758000075817108,0.8731188774108887,0.1353687796403061,3.726255,3.9006636142730713,0.2160016968846321,0,1,0,0.4,3.6876000000000015,0.2920584477785531
39df8c5b177d4bcd8765ba0ea6b84269,COC(=O)CNC(=O)CSC1=CC(=O)c2cccc(OC)c2C1=O,0.4487000107765198,0.9098008871078492,0.1771750016645951,2.467059,-6.53249979019165,0.1330269761383533,1,0,0,0.25,0.9805,0.7644135078650462
47974942d9116f6c35f307ee65794fe9,CC12CC34C=CC(=O)C(C)(CCC(=O)Nc5c(O)ccc(C(=O)O)c5O)C3C(CC1C4)O2,0.8253999948501587,0.9916210770606996,0.0749159755015915,6.155088,7.964662551879883,0.0553520619869232,0,1,0,0.5416666666666666,3.2337000000000007,0.5156309305691356
d5da69fc2b9f79af86fee338e2e78897,CS(=O)(=O)N1CCN(C(=O)COC(=O)C2(c3cccc(Cl)c3)CCCCC2)CC1,0.4758000075817108,0.5451605319976807,0.0602547477253458,2.421573,-11.445479393005373,0.6048485398292541,0,0,0,0.6,2.188900000000001,0.652443529955049
ff68891844a5a46301fe8fb9f7223730,CCCCC1OP(=O)(OCC2C=CC(n3cc(C)c(=O)[nH]c3=O)O2)Oc2cccc(Cl)c21,0.7062000036239624,0.9601913094520568,0.2830238884145563,4.566454,-6.887247085571289,0.5925392150878906,0,1,0,0.4285714285714285,4.417220000000003,0.459346961413331
d4054edac007c40aa8361031f04006e6,CN(CCc1ccncc1)c1ncc(-c2noc(C(F)(F)F)n2)cn1,0.478300005197525,0.827947199344635,0.1843873695047064,2.72357,-10.83794116973877,0.477951294183731,0,0,0,0.2666666666666666,2.619300000000001,0.6995134794206821
96bea9cefb6379d00fe527cc6edd2702,CNCC(c1ccc(Cl)c(Cl)c1)C(O)c1ccccc1[N+](=O)[O-],0.6690999865531921,0.9944584369659424,0.5356090854514729,3.152793,-6.943270206451416,0.75382080078125,0,1,0,0.25,3.938200000000002,0.6080026757748419
068c6c2b4edf0d0c18b9e04f860aab42,CCOc1ccc(OCC)c(NC(=O)c2cnn(-c3ccc(F)cc3)c2C2CCN(C(=O)OC(C)(C)C)CC2)c1,0.6243000030517578,0.9313693642616272,0.2387704571539705,2.551686,-7.4674248695373535,0.8009264349937439,0,0,0,0.4333333333333333,6.175600000000006,0.3588926853904838
72c8d1aaffb470ec5558031d14509fd6,O=c1cc(O)nc(-c2ccccc2)n1Cc1ccccc1,0.3898999989032745,0.8107506632804871,0.1769404777071692,2.027164,-8.913222312927246,0.2480855405330658,0,0,0,0.0588235294117647,2.6642,0.8010277067329057
7926c3a6080d2c5dedca86851c68466d,COc1cc2c(cc1OC)C1=NN(C(=O)Nc3c(C)cccc3C)C(c3ccccc3Cl)C1C2,0.5965999960899353,0.9586268663406372,0.3283984071829102,3.336543,-8.502884864807129,0.8945710182189941,0,0,0,0.2592592592592592,6.139440000000005,0.4926320118624285
85765dba0c8da1dc273448117de9b7ca,O=C(C1CCCCCC1)N1CCC(n2cc(-c3ccccc3)nn2)CC1,0.4436999857425689,0.4238472878932953,0.0868064263327555,2.200885,-8.594475746154785,0.3942924618721008,0,0,0,0.5714285714285714,4.079000000000003,0.7822636563719265
eeb30525e3f65814c8de8accd5b47c1a,NC(=O)C(Cc1ccc(C2=CC(=O)NS2(=O)=O)cc1)NC(=O)C(Cc1ccccc1)NC(=O)Cc1ccccc1,0.6553999781608582,0.9640179872512816,0.1995232464237646,3.374809,-5.649705410003662,0.4971947968006134,0,0,0,0.1724137931034483,0.969900000000002,0.2729165273817139
2491bd0ce843d51b790e5d0a15cbf9f0,O=c1n(Cc2cc3cc(Cl)ccc3n2CCCN2CCOCC2)c2cnccc2n1C1CC1,0.5975000262260437,0.8936389684677124,0.3089271512898532,2.81319,-5.78945779800415,0.9427175998687743,0,0,0,0.44,3.911600000000002,0.414964357651213
fe099e067f56a524fba0e60f9a025ff0,Cc1cc(C(=O)NCCc2ccncc2)nc(N)n1,0.3203000128269195,0.4641992747783661,0.0526053386486389,2.146298,-8.38040828704834,0.1931011468172073,0,0,0,0.2307692307692307,0.7347199999999998,0.8419285029356267
732dc000e82acbadb2109c15dbfa3960,N#Cc1ccc(N2C(=O)C3(CCOC3)N(c3ccc(C(N)=O)c(F)c3)C2=S)cc1C(F)(F)F,0.6704999804496765,0.9498059749603271,0.3756865588101474,3.938238,-9.857662200927734,0.7716996550559998,0,1,0,0.238095238095238,3.112280000000001,0.5377646326789753
fd4c78e75def528e1e3a1684d5ea8170,CCOC(=O)c1cnc2c(OC)cccc2c1Nc1ccc(OC)c(OC)c1,0.4492999911308288,0.8838360905647278,0.3970544649796052,2.106447,-9.111893653869627,0.83111652135849,0,0,0,0.238095238095238,4.180900000000003,0.6141483275643257
b518e81080b8ce3d24a8b55abe0852ad,CCOC(=O)C1CCN(C(=O)COc2ccc(Br)cc2C)CC1,0.3752999901771545,0.5074384212493896,0.0568499108353121,1.972541,-10.627920150756836,0.584843122959137,0,0,0,0.5294117647058824,2.9380200000000007,0.7329821077228025
1b1df697be6d065353e432445ae073c5,C=C1C=CC(=O)N(C)CC(=O)OC(CCCCCCCCCCC(C)CC)C(C)C(=O)C(C)(O)C(=O)NCC(=O)N1,0.6797999739646912,0.962605595588684,0.3141879141330719,5.075386,12.339977264404297,0.240389734506607,0,1,0,0.7096774193548387,3.575800000000002,0.1828398473498555
0e754dc57fc7ab59c0201c889591f0cc,O=C1c2c(F)cccc2N(c2cccc(F)c2)C2c3[nH]c4ccccc4c3CCN12,0.6450999975204468,0.9489504098892212,0.335911290212111,3.101038,4.544343948364258,0.952570617198944,1,0,0,0.125,5.294900000000004,0.4704617142744139
7abfe0607af68a4740ba51fbe65fe776,COc1nccnc1NS(=O)(=O)c1ccc(NC(=S)NC(=O)c2ccc(F)c(F)c2)cc1,0.6546000242233276,0.9565500020980836,0.1326709274541248,2.375017,-10.666253089904783,0.5328482508659362,0,1,0,0.0526315789473684,2.6910000000000007,0.461554072531022
35cc795297229b067180d6c45100e883,C=C(CO)C1=CC2(C)C(=CC1=O)CCCC2C,0.4271999895572662,0.9127395153045654,0.1927587147802114,4.182039,10.535005569458008,0.1104232490062713,0,0,0,0.5333333333333333,2.7967000000000013,0.7945552466974324
2499c770d750fe1b785d17a17e45fe95,Cc1nc(NC(C)c2cccc(C(F)F)c2F)c2cc(-c3cncnc3)c(=O)n(C)c2n1,0.6571000218391418,0.9279560446739196,0.3652722212401303,3.478382,-8.160355567932129,0.943750011920929,0,0,0,0.2272727272727272,4.343720000000004,0.4968831055896916
34fcdf54dbbce58644c75e0f5252c20f,COc1cncc(C(NC(=O)c2cncc(Cl)c2)C2CC(O)C2)c1,0.5052000284194946,0.8407144546508789,0.3088184784759175,3.053576,-4.822268009185791,0.0855134703218936,0,0,0,0.3529411764705882,2.3806000000000003,0.8671050658424958
b4cac69c6416e8a134fe801da146f9e5,Clc1cc(Cl)c(-c2ccccc2)c(Cl)c1,0.7045000195503235,0.9855592846870422,0.1670425517315214,1.659146,1.10940420627594,0.1857329308986663,0,0,0,0.0,5.313800000000002,0.6489454818006694
df325c4676477f4016faa628c7657d09,CC(C)CS(=O)(=O)N1CC2CC(C(=O)NCc3ccccc3)C(C1)O2,0.4189000129699707,0.3079430758953094,0.029500254895538,4.283502,-5.892273902893066,0.4633038282394409,0,0,0,0.6111111111111112,1.3779,0.8252256529224291
28710cdbc568961230965b2648e8d299,O=C(NN1C(=O)C2C3C=CC(C4CC34)C2C1=O)c1cc(Br)cc(Br)c1O,0.730400025844574,0.9840642213821412,0.282283295284618,4.936108,-5.438931465148926,0.2334605395793914,0,1,0,0.3888888888888889,2.6151000000000013,0.5017824340141367
ec5b33945b5f3c0d982662584dab3a3d,O=C(c1cncc(F)c1)N1C2CCC1CC(n1cccn1)C2,0.4508000016212463,0.3084328472614288,0.1891669752922925,4.110833,-11.96329402923584,0.3642624050378799,0,0,0,0.4375,2.4255000000000004,0.855636963580421
9da23a89acb1e8a1f04363d0d38b618e,Cc1cc(I)ccc1NC(=O)COc1ccc(Cl)cc1C,0.5827000141143799,0.9206441044807434,0.2304509607228365,1.862285,-11.794547080993652,0.6436859130859375,0,1,0,0.1875,4.578940000000002,0.7425077251411798
9c2470ea6f3820c29df563015a2398f8,Cc1c(Cl)c2c(c(O)c1C=O)CC(CC(C)(O)C=CC1(C)C(C)CCC3(OCCO3)C1C)O2,0.7311000227928162,0.9879981279373168,0.4135273342782801,5.604429,3.3454253673553467,0.5298195540904999,0,1,0,0.6538461538461539,4.982720000000005,0.4581292649883794
52ed248476488e5462fe58655d712b7c,Cc1nc(N2CCC(O)C(F)C2)cc(-n2ncc3ccc(C4(C#N)CC5(CC5)C4)cc32)n1,0.6891999840736389,0.9026695489883424,0.319862965833057,4.485651,5.02146053314209,0.9494438886642456,0,0,0,0.5,3.368400000000002,0.682466789195639
3cb0781829f792bd30ed68608fd81e3d,COc1ccc(C=CC(=O)Nc2ccc(-n3nncc3-c3ccc(Br)cc3)cc2)cc1OC,0.5162000060081482,0.9674949049949646,0.4428193298253146,2.335664,-5.422209739685059,0.731382691860199,0,1,0,0.08,5.365900000000004,0.3421730510065284
ceaf60437963a2b697f7f184ee13f2f5,CCN(CC)CCCC(C)N=C(N)NC(=O)c1cccc(F)c1CCc1cc(Br)ccc1Cl,0.690500020980835,0.983109414577484,0.4395312829451127,3.272825,6.933259963989258,0.973033320903778,0,1,0,0.44,5.581800000000005,0.2891657898818754
91ff2bafad5a10f33e5cd15f37a75521,CC1=CCCN(Cc2nc(C(F)F)no2)C1,0.3968999981880188,0.5924026966094971,0.0712137069309723,3.110272,-10.341955184936523,0.1224677436053753,0,1,0,0.6,2.1592,0.7447048363398867
e30e910074aca4d8cbb120bb94ebb3f1,CCOC(=O)NC(O)C(Cl)(Cl)Cl,0.4329000115394592,0.7510775327682495,0.123772103122478,3.146846,-9.096667289733888,0.0497709532734006,0,1,0,0.8,1.4211,0.5630698581677548
f93f7eff17c4b17ba74ab88afbe4200a,CC(=O)Nc1nc(C(=O)N(C)Cc2ccc(C3CC3C)o2)cs1,0.5422999858856201,0.6958047151565552,0.0626312920993024,3.210072,-4.237924575805664,0.1918621495366096,0,0,0,0.4375,3.0901000000000014,0.9121191902065098
2c1d68583792d1a0477a082a70735e42,COc1cc2c(cc1OC)CN(C(=O)Cn1c(C(F)(F)F)ccc(C(N)=O)c1=O)CC2,0.5493000149726868,0.782542884349823,0.16164738481695,2.568623,-4.2146992683410645,0.5023689985275268,0,0,0,0.35,1.5681,0.7618456258498595
cf1901413ce776f78d68b0565b369a63,Cn1ncc(Cl)c1C(=O)N1CCN(S(=O)(=O)c2ccc(Cl)s2)CC1,0.5551999807357788,0.5408713221549988,0.0568351914090189,2.470365,-10.533921241760254,0.3526799693703651,0,0,0,0.3846153846153846,1.9351,0.7766899103589755
78f297b124998d168672b564aba19df0,CCOC(=O)C1=C(C)NC2SC(=Cc3ccc(N4CCOCC4)cc3)C(=O)N2C1c1cccs1,0.6657999753952026,0.9328901767730712,0.126031680540605,3.634416,-4.833256721496582,0.5813109397888183,1,1,0,0.36,3.9662000000000033,0.4951904121579992
f49dc8de7ef8ba12c25501f75f33c469,CCCC1C(C)(C=CC=CC=Cc2oc(=O)cc(OC)c2C)OC2(C)C(C)OC1(C)C2CCC,0.6018999814987183,0.963653802871704,0.3727435117418116,5.839839,10.168045997619627,0.6217518270015716,0,1,0,0.6206896551724138,6.640020000000008,0.3786917857404159
da80d0356673b640602883095a93e0b3,O=c1[nH]c2cnc(Cl)cc2cc1-c1cccc(Cl)c1,0.6258999705314636,0.919491708278656,0.1784616207534616,2.244703,-8.687175750732422,0.2349278539419174,0,1,0,0.0,3.896900000000002,0.6911044839367889
b98a4c07b80c0f995183fb719941cc0b,CN(CCc1noc(C2CC2)n1)C(=O)c1nc2ccccc2[nH]c1=O,0.3885000050067901,0.5937693119049072,0.0609566328877752,2.573167,-9.565539360046388,0.2164381951093673,0,0,0,0.3529411764705882,1.4981999999999998,0.7550393528567719
cfde426e14b52f0265733d92b1039b01,CCC1Oc2ccc(C)cc2N(CC(=O)N(Cc2cccnc2)Cc2ccc(C)o2)C1=O,0.5695000290870667,0.6216145157814026,0.074096883054484,3.032874,-6.824426651000977,0.9114322543144228,0,0,0,0.32,4.024440000000004,0.5624631050688741
ce655662f9952bd835926a07d4c4fdee,O=C(O)CCc1ccccc1OC1OC(CO)C(O)C(O)C1O,0.37950000166893,0.882676362991333,0.1010097634385932,3.396993,8.574443817138672,0.011384632741101,0,0,0,0.5333333333333333,-1.1175000000000004,0.4429436808102521
bc427816e3d2e149a339d92fb8ad49f1,C=C(C)CS(=O)(=O)N1CCC(CCCn2ccnc2)CC1,0.3628000020980835,0.3363393545150757,0.0526973130181431,2.716501,-6.359215259552002,0.8040090680122376,0,1,0,0.6666666666666666,2.2812,0.7259807474782872
31f9121a32b176970e00b95ad97e3c9c,CN(C)C(=O)c1ccc(-c2ccc(O)c(C=O)c2)cc1,0.522599995136261,0.9179161190986632,0.0947642707350579,1.970816,-4.331321716308594,0.2586238920688629,0,1,0,0.125,2.573500000000001,0.8711788460124136
154eb5831999946c41098fba542e8ab3,COc1ccc(N(CCC(=O)Nc2ccn(C)n2)S(=O)(=O)c2ccc(C)cc2C)cc1,0.3871999979019165,0.6068922877311707,0.110054541717876,2.390228,-8.710204124450684,0.8036507725715637,0,0,0,0.2727272727272727,3.2696400000000017,0.5779130781199768
bf60b89849a74d4c9e5a3fef169fe64b,CC(C)Oc1cncc(C(=O)N(C)Cc2nccn2C)c1,0.3515999913215637,0.1813534647226333,0.0785187420181252,2.426688,-5.884609222412109,0.1945855155587196,0,0,0,0.4,1.8745,0.8424943030022229
1f78ef0b53dd144238c5c2bb09bf6e9c,O=C(Nc1ccc(N(C(=O)Cn2nnc3ccccc32)C(C(=O)NC2CCCCC2)c2ccsc2)cc1)C1CC1,0.5809000134468079,0.8841302990913391,0.1174604936756871,3.108314,-11.70920181274414,0.6306516408920289,0,0,0,0.3666666666666666,5.064700000000005,0.2994135015625452
82ab7328280efb51c18e43a059331917,CC(Cc1ccsc1)NC(=O)C(C)N1C(=O)CCC1=O,0.4056999981403351,0.404806911945343,0.083184463056651,3.205124,-7.76024341583252,0.0218687193933874,0,1,0,0.5,1.3327999999999998,0.8332391523778212
aeab2295ec9e0564359a8cf7e02bbf79,O=C(Nc1ccc2c(c1)CNc1cnc(Cl)nc1O2)Nc1ccc(Cl)c(C(F)(F)F)c1,0.7810999751091003,0.9971558451652528,0.6661786978895013,2.860081,-9.364459991455078,0.7698099732398986,0,0,0,0.1052631578947368,6.1640000000000015,0.3905457204137397
b0e55d200b696babbdb1e2e5391f40a4,O=C(NCC(O)CNC1Cc2ccccc2C1)c1cccc2ncsc12,0.5213000178337097,0.8741505742073059,0.2866515097292987,3.005393,-4.909914970397949,0.7509644508361817,0,0,0,0.3,2.144,0.6240811667283759
8ae6d7e1b37c0bcf3aa0d31a2336d78a,CC1=CCC2C(C)CC(O)C3(O)C(CO)COC1C23,0.4510000050067901,0.8652856349945068,0.1609267956492575,5.041526,10.372997283935549,0.0769561021588742,0,1,0,0.8666666666666667,0.7079,0.6125708128790466
8ba23f753fc10c9cc5fea7ab0bfbb9ff,COc1ccc(-c2ccc3[nH]nc(C(=O)NCC4CCN(Cc5ccc(C(=O)O)o5)CC4)c3c2)cc1,0.6847000122070312,0.9211748242378236,0.1099617650563066,2.514283,-4.089875221252441,0.7846948146820069,0,0,0,0.2962962962962963,4.171700000000003,0.3403465104906114
091a78b2c2dbab29b678a6814d307001,C=C(CCC(C(=O)O)C1C(O)CC2(C)C3=CCC4C(C)(CCC(O)C4(C)CO)C3=CCC12C)C(C)C,0.6705999970436096,0.9654909372329712,0.2107474248517643,5.296312,10.110596656799316,0.3076298683881759,0,1,0,0.7741935483870968,5.509000000000007,0.345695028723283
2f2fc927a33e4cb279216e2dfe78d811,O=C1C(=Cc2ccc([N+](=O)[O-])cc2[N+](=O)[O-])C(=O)c2ccccc21,0.517300009727478,0.9965391755104064,0.4270205280997536,2.287277,7.208254337310791,0.2651810377836227,1,1,0,0.0,2.965600000000002,0.3701912266535662
5be6914f7209aa48ce4efdbe15ff6060,CCN(CC)c1cccc2[nH]c(-c3[nH]c(C)c(C(C)=O)c3C)nc12,0.4106999933719635,0.906285285949707,0.2653477320616895,2.818503,-10.326763153076172,0.9200746536254882,0,0,0,0.3684210526315789,4.223640000000002,0.6905127883795398
57f2295297924ed4c1e772b360504922,COc1ccc(S(=O)(=O)n2cc(CCN)c3ccccc32)cc1,0.5759999752044678,0.9183547496795654,0.1566498191519217,2.031439,-7.4463210105896,0.4774809062480926,0,0,0,0.1764705882352941,2.388100000000001,0.7793147823627518
b04498b5e4ef379e9306f64b11a886c8,CCN(CC)C(=S)SCCC1OCCCO1,0.4704999923706054,0.7305582165718079,0.2245643958449363,2.968348,-4.622247219085693,0.2597386553883553,0,1,0,0.9090909090909092,2.4994000000000005,0.7086785813130426
5204d1a412c5b7655827f8f96aa01e9c,O=c1ccn(C2OC(CO)C(O)C2(F)Cl)c(=O)[nH]1,0.5809000134468079,0.7725176215171814,0.2781489288265055,4.199961,2.3820130825042725,0.0267608618829399,0,1,0,0.5555555555555556,-1.3082000000000005,0.5837095009043404
a9c92c16615d8d99d51ac2f0bd6b44b6,COc1ccc(C(=O)C=C2c3ccccc3CC(C)(C)N2C)cc1,0.4672000110149383,0.9369122982025146,0.3256196190010417,2.421126,-5.055027961730957,0.7463707208633423,0,1,0,0.2857142857142857,4.185500000000003,0.627076421156905
81d5f09a132d936251cf743c6f71ba4a,COc1cc(-c2cn(C3CC3)c3ncnc(N)c23)ccc1NC(=O)Nc1cc(C2(C(F)(F)F)CC2)no1,0.7188000082969666,0.98494952917099,0.4799653725190596,3.165799,0.657518744468689,0.8833877921104432,0,0,0,0.3333333333333333,5.249900000000003,0.3206798856762537
4d1509437b3aaebe684d6bafa9341991,CC(C)(O)C1CC=C(COC(=O)c2ccccc2)CC1,0.4586000144481659,0.8293173909187317,0.2004468921910632,2.821541,6.334818363189697,0.2278499245643615,0,1,0,0.4705882352941176,3.3408000000000024,0.676327951664631
72ef5f70f557ceb413f80127b29d539e,COC(=O)c1cnn(-c2nn3c(F)ccc3c(=O)[nH]2)c1C1CC1,0.6201000213623047,0.8513051271438599,0.1815366555343974,3.223372,-4.647627830505371,0.1965174242854118,0,0,0,0.2857142857142857,1.0114,0.7276292598448736
9e9283038d8f40478fb3aae51f1fa850,C=CC(=O)NCc1ncc(-c2ccc(C(C)C(=O)Nc3cc(C4CC4)[nH]n3)cc2)cc1F,0.7020999789237976,0.9432130455970764,0.2803374854001132,3.252017,-2.691795110702514,0.610488623380661,0,1,0,0.25,4.032600000000002,0.4670899635096871
a743806f57a18192dc4621e2d6a81a2d,Cn1ccnc1CN1CCC(NS(C)(=O)=O)C1Cc1cccnc1,0.4374000132083893,0.3183947801589966,0.0585963891141793,3.529216,-11.784646034240724,0.4856568574905395,0,0,0,0.5,0.5499000000000012,0.8237652730557687
ccb2618f01f37476aea631a51728ef10,CCOc1ccc(C=NNC(=S)Nc2c(C)cccc2C)cc1,0.4395999908447265,0.9541586637496948,0.276022848080505,2.013344,-9.327873229980469,0.6321071863174439,0,1,0,0.2222222222222222,4.022640000000002,0.4944803123148867
eb0524d89dbfcbf583040129c330fb31,COc1ccccc1CCN=C(N)NS(=O)(=O)c1cccs1,0.4047999978065491,0.6815409064292908,0.0978007871996272,2.352276,-4.576098442077637,0.2360108584165573,0,1,0,0.2142857142857142,1.5923999999999998,0.6172043689627525
d1d9bc62e9cd6bbb7acc7a03a042e4e1,CC(=O)NS(=O)(=O)c1ccc(C2=NN(C(C)=O)C(c3ccc(C)cc3)O2)cc1,0.4790999889373779,0.7924884557723999,0.0758737241002646,2.908406,-0.7893375158309937,0.1526622854173183,0,0,0,0.2105263157894736,2.0589199999999996,0.8442552444322715
22b722b3057724c85cdee1318d8c9dba,CCCn1c2ccc(C)cc2c2nnc(S)nc21,0.3905999958515167,0.9307032823562622,0.086987339976159,2.691128,-11.338237762451172,0.2014211773872375,0,1,0,0.3076923076923077,2.9866200000000016,0.7185901009018878
d5c2389c9602f38391f2bddb94489299,CC1(C(=O)NC2CCCCCC2)Cn2nc(C3CC3)cc2C(=O)N1Cc1cccc(Cl)c1,0.6747000217437744,0.7733361721038818,0.1987771215763959,3.145856,-9.983561515808104,0.4689103186130524,0,0,0,0.56,4.667600000000005,0.6674419472516453
988d03f83e8e7e67793dded0bf1ee225,CCC(=O)Nc1ccc(C(C)=NNC(=O)c2c(-c3ccccc3Cl)noc2C)cc1,0.4835000038146972,0.9066426157951356,0.1650679721073671,2.291833,-7.521772384643555,0.6893532931804657,0,1,0,0.1818181818181818,4.805920000000004,0.4381548078729428
081919d95d59333f77b4d58857c76dfd,CC1CN(C(C)CO)S(=O)(=O)c2ccc(C#CCN(C)C)cc2OC1CN(C)S(=O)(=O)c1cccc(F)c1,0.6014999747276306,0.648481011390686,0.0574033507569269,3.983047,7.474680900573731,0.8927281856536865,0,1,0,0.4615384615384615,1.8281000000000005,0.5089838473915012
78f10f6d0e32fcf4aae753a9b5737fe3,OCC1OC(Oc2ccc(N3CCc4ccccc43)cc2)C(O)C(O)C1O,0.5077999830245972,0.9446913003921508,0.3221525143493305,3.432173,9.99838924407959,0.586764270067215,0,0,0,0.4,0.5594999999999997,0.6210145493116521
5cd3ea828337f0dd075ef2f440aeb48a,Cc1c(F)cc(-c2cc(C(F)(F)F)c3c(N)ncnn23)cc1C(=O)NC1CN(C(=O)CC(C)C(F)(F)F)CC1F,0.7556999921798706,0.9687714576721193,0.3063643710179762,4.330242,-4.406935691833496,0.9039207696914672,0,0,0,0.4166666666666667,4.312020000000002,0.4394050496481016
c814a047d65214fab210074f7d3c52db,Nc1cc(Oc2ccc(NC(=O)CC(=O)Nc3ccc(F)cc3)cc2F)ccn1,0.599399983882904,0.9237633347511292,0.5299886708909815,2.17143,-0.9827862977981568,0.6375215709209442,0,1,0,0.05,3.7016000000000018,0.5491431363260837
51c001c7eef16ea4a6a42a78ab927cd0,Cc1cc(-c2ccc(C(C)C)c(S(=O)(=O)Nc3cc(C)on3)c2)on1,0.527999997138977,0.8785359859466553,0.0774721625599671,2.575334,-7.1637115478515625,0.2928118035197258,0,0,0,0.2941176470588235,3.8706400000000016,0.7405327997285515
6f4eef0c114f20d8961ea233f84492d0,CC(C)CC(=O)N1CCc2cc(CNS(=O)(=O)c3ccc(C4CCCCC4)cc3)ccc21,0.5170999765396118,0.7725031971931458,0.1788799904964187,2.355713,-7.524808883666992,0.7592363595962525,0,0,0,0.5,5.148000000000005,0.6292676369162034
640780b98840851f6e9ac887a16ef743,Cc1ncc(-c2cccn3c(-c4cccc(F)c4F)c(CO)nc23)cc1C(=O)Nc1ccc(F)cc1,0.5181000232696533,0.8504448533058167,0.416489760984074,2.760217,-1.3784666061401367,0.9516471028327942,0,0,0,0.074074074074074,5.533620000000004,0.3408612908605239
8a4aa7b65231c770092d7e1a55bff2d4,Cc1cc(NC(=O)c2cnn(CCN(C)C)c2)nn1CCC#N,0.2621999979019165,0.432820051908493,0.0902081662788987,2.653062,-11.952492713928224,0.3975777119398117,0,0,0,0.4666666666666667,1.1155999999999997,0.826264794370912
17310e77dbf6575d9d3cec706db79575,O=C(NCC1CCCO1)c1cn2c3c(cc(Br)cc3c1=O)CC2,0.6187999844551086,0.8322319388389587,0.1736323457549918,2.99201,-9.605606079101562,0.4346000164747238,0,0,0,0.4117647058823529,2.2289000000000003,0.8926848365568987
d333881e2468988bb3edead03de5786c,NC(=O)CNC(=O)C1=CC(Oc2cc(F)ccc2Br)C(O)C(O)C1,0.4857999980449676,0.8042142987251282,0.1780837747183713,3.61509,8.649280548095703,0.1902486480772495,0,0,0,0.3333333333333333,-0.0110000000000006,0.5511528664099673
e3f4786c92ce1889eaeb7e9cd8aa8801,CCCCN(Cc1ccccc1)C(=O)CCN1C(=O)C2C3C=CC(C3)C2C1=O,0.4614999890327453,0.4788645207881927,0.092361394315958,4.086986,-8.491860389709473,0.6577835261821747,0,1,0,0.5217391304347826,3.012500000000002,0.5145383022745518
e91635f0dccc6117f1148dd95c222edc,Cc1ccc(NC(=O)Nc2nnc(-c3ccccc3F)s2)cc1,0.5235000252723694,0.9144684672355652,0.2522165219892155,1.919726,-9.999531745910645,0.1904597029089927,0,0,0,0.0625,4.2966200000000025,0.7532112089577846
9c41214cde41b11682f87a3d0b885010,CC(C)(C)C(N)C(=O)NCc1ccc(OCc2cccc(F)c2)cc1,0.5501999855041504,0.8236048817634583,0.3528669490055604,2.415047,-0.0135579407215118,0.8364316701889039,0,0,0,0.35,3.394300000000002,0.8441018688875302
ce28bfe568fd87a0b104810b9f778ebb,Cc1cc(O)cc(C)c1CC(N)C(=O)N1Cc2ccccc2CC1C(=O)NCCCCC(N)C(=O)NCc1ccccc1,0.576200008392334,0.8819184899330139,0.2020750343799591,3.622091,2.0829226970672607,0.901901364326477,0,1,0,0.3823529411764705,2.762540000000002,0.2063503796532069
0645823bd25f4194020965ae515320d6,COc1cccc2sc(NN=C3CCCc4cccnc43)nc12,0.5461000204086304,0.9727945923805236,0.2798009867017919,2.602053,-6.17407751083374,0.6758164882659912,0,1,0,0.2352941176470588,3.852400000000002,0.7434388147246888
938d4e50e0103dd3e3c4922b427153dc,O=C(CNC1(c2ccc(-c3cccc(F)c3)cc2)CCN(C2CCCC2)CC1)Nc1ccc(F)c(Cl)c1,0.7583000063896179,0.9897232055664062,0.6889309395443309,2.584351,1.507156252861023,0.9571805477142334,0,0,0,0.3666666666666666,6.7472000000000065,0.3599470365451073
afb4548a0c94f286dc6291cf4d0e5d63,O=C(CCCCCC(=O)N(Cc1ccc(Br)s1)c1ccc(OCCN2CCOCC2)cc1)NO,0.6572999954223633,0.9020232558250428,0.1092453656548803,2.581959,4.293003082275391,0.8551221489906311,0,1,0,0.5,4.210700000000003,0.2191342065443007
1f45f374748dbe4bc278900d00c80cd2,COc1cccc(C(=N)Nc2cc(C(=O)Nc3cc(C(=O)Nc4nc(C(=O)NCCCN(C)C)c(C(C)C)s4)n(C)c3)n(C)c2)c1,0.5882999897003174,0.86103755235672,0.2985955205830661,3.331362,8.699700355529785,0.9216894388198852,0,1,0,0.34375,4.575670000000003,0.0807661617105868
141cd7dd331aaa5debab80d949028324,Cc1nc(C)c(-c2nc(Nc3ccc(CCN(C)C)cc3)ncc2Cl)s1,0.6055999994277954,0.9873762130737304,0.5734330903400074,2.482541,4.172130584716797,0.7793713808059692,0,0,0,0.3157894736842105,4.718040000000004,0.6628520003794058
0ea7b60267ddaf5939d98009fb2767f0,NC(=NNC(CC(=O)c1ccc(-n2ccnc2)cc1)c1ccc(F)cc1)c1ccccn1,0.5663999915122986,0.937169313430786,0.3333177200772546,3.095351,-3.9645936489105225,0.9420299172401428,0,1,0,0.0833333333333333,3.630600000000002,0.1932854956597456
ae847dd57872a65da230984ec6d5e49c,COc1c(F)cc(Cn2ncc(NC(=O)Cc3ccc4cnn(C)c4c3)n2)cc1F,0.5073999762535095,0.7667450904846191,0.2662890363823283,2.833626,-11.616490364074709,0.6505159735679626,0,0,0,0.2,2.6811000000000007,0.5262552273736989
dc9e0aca4b20cb2b652dc79502e8f246,CCCc1ccc(Cl)c(S(=O)(=O)Nc2nnc(C3CC3)o2)c1,0.641700029373169,0.9095353484153748,0.0703571572561155,2.473044,-6.503151893615723,0.0229199250228703,0,0,0,0.4285714285714285,3.3537000000000017,0.8703433149746925
1cf69bf4f4e39cc7d2b7f4edbdb6e598,CCCCc1nnc(OCCc2ccccc2)n1Cc1ccc(NC(=O)c2ccccc2-c2nnn[nH]2)cc1,0.4695999920368194,0.8627585172653198,0.1122627995738929,2.725317,-0.4538839161396026,0.8392410755157471,0,0,0,0.2413793103448276,4.722900000000004,0.2429034334946942
5d47c58206966f67ac3c325e657c183a,C=CC(=O)Nc1cc(Cl)c(-c2ccc3nc(NC(=O)C4CC4F)cn3c2)c2cn[nH]c12,0.6747000217437744,0.9546471238136292,0.4082601842555133,3.922293,-2.840935468673706,0.808313512802124,0,1,0,0.1428571428571428,3.9520000000000017,0.4101766235625895
db0a2b7d799aada16763e49311069d46,COC(=O)c1cccc(NC(=O)C=Cc2ccc([N+](=O)[O-])cc2)c1,0.4736000001430511,0.957486629486084,0.2547443007880991,1.906097,-10.497427940368652,0.376158757507801,0,1,0,0.0588235294117647,3.033300000000001,0.393947780968665
e0dc4cb420fecde119f0bae954652147,O=C(O)CNC(=O)c1ncc(-c2cn(Cc3ccc(I)cc3)nn2)cc1O,0.5968000292778015,0.911323606967926,0.1143891384655779,2.579277,7.750432014465332,0.0274933733046054,0,1,0,0.1176470588235294,1.512999999999999,0.4573392017652803
f0d3092409887c9510bb26ac4e2506b2,COC(=O)C1(Cc2cc3ccccc3[nH]2)N=C(c2ccccc2)N(Cc2ccccc2)C1c1ccccc1,0.6159999966621399,0.9856547713279724,0.326827279546044,3.447453,-1.653849720954895,0.978260588645935,0,0,0,0.1515151515151515,6.3261000000000065,0.2664682457692621
929780a94a537476cec2e2a47ddfe5fc,COc1ccc(C=NOCc2ccc(Br)cc2)c(OC)c1,0.507099986076355,0.9129480719566344,0.3517083891413428,2.050096,-5.889825820922852,0.630626791715622,0,1,0,0.1875,4.017000000000003,0.5836796167148035
e5227e71f0e096b75630bdceda659e57,Clc1ccc(-c2nnc(SCc3ccccn3)o2)cc1,0.429500013589859,0.907416045665741,0.1267858350818807,2.031207,-9.968321800231934,0.0864442497491836,0,0,0,0.0714285714285714,4.077300000000003,0.6798042476732032
2090bc3beb1b195c66006ff82499c604,COc1ccc(S(=O)(=O)NC(=O)C2(C)CCN2C(=O)Cc2ccccc2Cl)cc1,0.5030999779701233,0.605043351650238,0.0919860940087925,2.807511,-7.374509334564209,0.2066886991262436,0,0,0,0.3,2.3872,0.7500569033456012
d063f7761d0f26cd13b77fa1726dfa98,COC1C2CCC1CN(c1nc(C)nc3ccsc13)C2,0.4948999881744385,0.7763987183570862,0.1686870520087805,4.201846,-9.189430236816406,0.7382977843284607,0,0,0,0.6,2.860920000000001,0.8518622961106246
c1ba06b28128470880c1754ae1939380,COc1ccccc1C(O)C1CC(CO)OC1n1c(=O)sc2c(=O)[nH]c(N)nc21,0.6434999704360962,0.8719661831855774,0.4123990515416318,4.236977,10.34917449951172,0.6658260941505432,0,0,0,0.3888888888888889,0.3666999999999998,0.4617236046440694
25bb56094ad7d8205702e665344ae676,CC(=O)N1CCC(c2nnc(Cc3c[nH]c4ccccc34)o2)C1,0.3741999864578247,0.6636236310005188,0.0599420245059511,2.856768,8.202937126159668,0.1257353529334068,0,0,0,0.3529411764705882,2.4775,0.8061693099345738
79cd42a2ad3e4e7e3606a61f7cf170d7,CN(C)CCNC(=O)CCc1cc2n(n1)CCN(c1cccc(C#N)n1)C2,0.4219000041484833,0.4537740647792816,0.0767329730601473,2.827994,-5.536585807800293,0.6465827047824859,0,0,0,0.4736842105263157,0.7803800000000007,0.777802514725613
09bc7a1c295bb4ecc6c94c918aa9292c,CC(C)(C)OC(=O)NCCCCn1c(NC(=O)c2cccnc2)nc2cc(C(N)=O)ccc21,0.5482000112533569,0.9259864091873168,0.1135549552061341,2.431465,-3.478809595108032,0.8913777232170105,0,1,0,0.3478260869565217,3.0874000000000006,0.4485563661946836
eb7c84e3d340713feae9c42d6d179a50,CC(=O)NC1CCN(C(=O)c2cccc(-c3ccc4c[nH]nc4c3)c2)C1,0.5198000073432922,0.4914081990718841,0.0726494425061074,2.902323,-8.271496772766113,0.4922682225704193,0,0,0,0.25,2.5805000000000007,0.7635619428890297
e5dc48a95c5058d7cb296f9084ee4906,CC1CC2CSC(N)=NC2(c2nc(NC(=O)c3cc(C4CCC4)nn3C)cs2)CO1,0.6794000267982483,0.8050272464752197,0.1913702955300157,4.443256,6.130766868591309,0.5962835907936096,0,0,0,0.6,3.0782000000000016,0.7473312329012481
543a399c03fac65cfb90b33d4e4deff2,O=C(Nc1cccc(-c2nc3ccccc3c(=O)o2)c1)c1ccc(I)cc1,0.6273000240325928,0.9719103574752808,0.260550318793817,2.017792,-8.378872871398926,0.5870497286319732,0,1,0,0.0,4.711900000000002,0.442432682940627
a7feb29ed2f01b14a309fddcebb64fb8,O=CC(Cc1ccccc1)NC(=O)C(Cc1cccc2ccccc12)NC(=O)OCc1ccccc1,0.6373999714851379,0.9783560037612916,0.2316696007143367,2.91792,0.0640279948711395,0.8435590505599976,0,1,0,0.1666666666666666,4.6037000000000035,0.3249694882294046
e575170f9b5537cb9995b93576268a25,CC(CO)CCC(O)C(C)C1C(O)CC2C3CCC4=CC(=O)CCC4(C)C3CC(O)C21C,0.5978000164031982,0.8725939393043518,0.1673845818096941,5.002342,9.402124404907228,0.3589682221412659,0,0,0,0.8888888888888888,3.4817000000000027,0.4987042100768467
27b60ea5c05312b4ec4192ca0421f9bf,CC(=O)NC(C)(C)C(=O)N1CC(N)C(C2CC2)C1,0.4830000102519989,0.3190155923366546,0.0418404736344448,3.551601,-4.130427360534668,0.0299089295789599,0,0,0,0.8461538461538461,0.0968000000000013,0.7486200830328118
2dd3812e432f41d5309b601d420de509,Cc1nc(Cc2nnc(SCC(=O)N3c4ccccc4NC(=O)C3(C)C)o2)cs1,0.519599974155426,0.7007219791412354,0.1183087622577493,2.802872,-4.788530349731445,0.2886143177747726,0,0,0,0.3157894736842105,3.281320000000002,0.6211534123318757
5a7136b68ee42da6c8898ab4cc101c95,CC(=O)Oc1ccc(C(=Cc2ccccc2)c2ccc(OC(C)=O)cc2)cc1,0.6182000041007996,0.9921993613243104,0.2568636252121491,2.024652,-7.95884895324707,0.4629671514034271,0,1,0,0.0833333333333333,5.1261000000000045,0.3540585769440386
b3ed3c28420a1326677f0307196589a7,NC1CN(C(=O)c2c(F)cccc2F)CC1C1CC1,0.5989000201225281,0.5015106797218323,0.116851280782033,3.117359,-9.078932762145996,0.697438371181488,0,0,0,0.5,1.7740999999999998,0.8864942740759391
584afc9bcebd8a7e711206c0d3ff2336,Cc1nc2c(s1)Cc1cccc(OCP(=O)(O)O)c1-2,0.5393000245094299,0.9046513438224792,0.2485986934466795,3.002553,-8.136051177978516,0.0771976154763251,0,1,0,0.25,2.5367200000000016,0.7261933993063272
2d4a42e31aefe7f7119df680d4057685,CC(C)c1ccccc1OCC(=O)N1CC2CN(C(=O)c3ccc4[nH]nnc4c3)CC2C1,0.6338000297546387,0.6114665269851685,0.0627982402220368,3.431299,-6.467203617095947,0.6476242065429687,0,0,0,0.4166666666666667,2.6907000000000005,0.6680600543075732
33287e512893889a5842430d5a19c64b,CC(Cc1ccc2c(=O)[nH]cnn12)OCP(=O)(O)OP(=O)(O)OP(=O)(O)O,0.5914000272750854,0.8733425140380859,0.2407649973915382,4.700963,9.819310188293455,0.1807924753986299,0,1,0,0.4,0.3393999999999995,0.3295519539943509
59247a8b3a40e182657467bbc53421ff,CC1(C)CCc2c(O)c(OC3OC(CO)C(O)C(O)C3O)c3ccccc3c2O1,0.6722999811172485,0.9894631505012512,0.2032717940482226,4.011076,10.793840408325195,0.469284051656723,0,0,0,0.5238095238095238,0.8276999999999994,0.5069772212763378
07960a213f4f1f0faa0bc15c83671cc0,Cc1ccc(Nn2c(SCC(=O)c3ccc(Cl)cc3)nc(C)c2C)cc1,0.4708999991416931,0.9467108249664308,0.2712916447357698,2.314777,-9.158907890319824,0.8022683739662171,0,0,0,0.2,5.3119600000000045,0.460925404165082
eff29552a61a36498dcea3a3b1fcdc17,Cc1nc(NC(C)c2cccc3c2CCC3(F)F)c2cn(C3(C)CC3)c(=O)cc2n1,0.652999997138977,0.9663993716239928,0.4218184758316387,3.941658,-2.7335665225982666,0.8799876928329468,0,0,0,0.4347826086956521,4.820020000000004,0.6699646276821537
66839dc93344f8363f49ce0169fa3f12,NC1CN(c2nc3c(cc2F)c(=O)c(C(=O)O)cn3C2CC2)CC1c1ccccc1,0.8712999820709229,0.997503101825714,0.16181248257106,3.355603,-3.52121901512146,0.1989939644932747,0,0,1,0.3181818181818182,2.4998000000000005,0.6878978164027468
e7a97526b081db9a818e6c367990e664,CCS(=O)(=O)N(CC(F)F)c1sc2ccccc2c1Br,0.5674999952316284,0.8992726802825928,0.1112038279798897,2.954823,-7.986205101013184,0.77705237865448,0,0,0,0.3333333333333333,4.085000000000003,0.7790827433206857
23f2c1d228fbc2d9b00819e6eb85d4f2,Cn1cnc(-c2cc3nccc(Oc4ccc(NC(=O)CC(Nc5ccccc5)C(F)(F)F)cc4F)c3s2)c1,0.7034000158309937,0.9760101437568665,0.4457817484032024,3.404575,-3.5197229385375977,0.956011199951172,0,0,0,0.1481481481481481,6.999800000000003,0.2016373208980764
6100d039344b531915251e4f802261c1,CCCCOC(=O)c1cc(C=Cc2cccc(OC)c2)on1,0.4808000028133392,0.9228249192237854,0.170758404853669,2.321574,-8.0717191696167,0.4093333542346954,0,1,0,0.2941176470588235,3.810500000000003,0.5745759947703044
30dd5e8feda929ab1642199bb0fb84ad,[O-][n+]1ccc2c(-c3ccc(F)cc3F)cc(C3CCNCC3)nc2c1-c1c(Cl)cccc1Cl,0.7864000201225281,0.99813312292099,0.7183908874338324,3.020019,7.851720333099365,0.8892024397850037,0,1,0,0.2,6.254200000000004,0.2750699556107981
12b57128ca1dc7d277a0a0b38a1206fb,O=C(ON=C(Cn1ccnc1)c1ccc2ccccc2c1)c1cccc(Br)c1,0.6110000014305115,0.9932460784912108,0.2507710334929553,2.469311,-9.337105751037598,0.8590074062347413,0,1,0,0.0454545454545454,5.060100000000003,0.2507385723557713
ac84ea29ae99400c1c6a28d81cf47c5a,Cc1cc(S(=O)(=O)N2CCN=C2c2ccccc2)c(Cl)cc1Cl,0.5497000217437744,0.8484086990356445,0.1397153430364348,2.374852,-4.431326866149902,0.6828678250312805,0,0,0,0.1875,3.752920000000003,0.8274493726900871
2d2e8930d434470ade6595a9318038ea,CC(=O)OCC1CN(c2ccc(N3CCNCC3)c(F)c2)C(=O)O1,0.7662000060081482,0.7425633072853088,0.1343181861395185,2.882548,-2.546184539794922,0.3455705761909485,1,0,1,0.5,1.1235999999999997,0.830601843053895
83d5a45f76664d7e986dadb1a0b16462,Cc1cccc(CN2C(=O)CN=C(c3ccccc3)c3cc(Cl)ccc32)c1,0.6111999750137329,0.9868757724761964,0.3014050640843131,2.144813,-9.074654579162598,0.8357866764068603,0,0,0,0.1304347826086956,5.032620000000004,0.632232095628965
fa11202a7531115d0f65cdd5707cc0f6,Cc1nn(-c2ccccc2Cl)c(=O)n1CC(=O)NCc1nnc2n1CCC2,0.3971000015735626,0.2738562822341919,0.0542987286197868,2.612933,-6.054771423339844,0.0289856500923633,0,0,0,0.3529411764705882,0.8499199999999993,0.6992253423963793
577dd899bc257306e0354598f41a60a2,O=C(c1nnc(-c2ccccc2)o1)N1CC(Oc2ccc(CN3CC4(COC4)C3)c(Cl)c2)C1,0.6366999745368958,0.8111277222633362,0.1291515055027875,3.215023,-6.332219123840332,0.6732443928718567,0,0,0,0.375,3.125600000000002,0.5517100001865977
fae0a0f5cb562666d3a0dc19d9fc2606,COCCn1cnnc1C(C)Nc1nc(C)nc2ccsc12,0.4092000126838684,0.5917845964431763,0.0617087552831931,3.297653,-11.972674369812012,0.2313973695039749,0,0,0,0.4285714285714285,2.4107200000000004,0.7518129383675409
68d825c159a9f99d2bfb7ff4d9730d57,CN(C)CC1(c2ccc3ccccc3c2)CCC(O)(CF)CC1,0.571399986743927,0.9512857794761658,0.4303014359690926,2.73378,-8.072458267211914,0.9744761347770692,0,0,0,0.5,3.913800000000003,0.9243606595652968
f94fc5a7ef63c3b8fa7cd7993e36dd8e,O=C(NCc1ccccc1Br)c1ccc(N2CCCC2=O)cc1,0.4287000000476837,0.5651218891143799,0.0860268170522017,1.870254,-10.458832740783691,0.5990440011024475,0,0,0,0.2222222222222222,3.5059000000000022,0.891948858154982
8199e6b6372eb24ff5c5f9a6be892d95,Cn1nnc2c1CCN(CC1CC1)C2COCC1CC1,0.4009999930858612,0.37712362408638,0.0427106476384903,3.625354,-7.337093353271484,0.4448642671108246,0,0,0,0.8666666666666667,1.5508999999999995,0.7904957050545517
68dfa27436e510c30642567e96abafcd,COc1ccc(OC)c(NC(=O)C(=O)NCc2ccncc2)c1,0.3233999907970428,0.4287541210651397,0.1043888264420357,1.894625,-10.55077075958252,0.2630442261695861,0,1,0,0.1875,1.3536999999999992,0.8131157261580533
198cbdda2be30efab7f9bdde0955a7eb,COc1cc2c(cc1OC)C(=O)N(CCCCc1cn(-c3ccc(F)cc3)c3ccccc13)CC2,0.6194000244140625,0.9466987252235411,0.3522136550058018,2.452508,-7.962368011474609,0.98459575176239,0,1,0,0.2758620689655172,5.808000000000006,0.3041906537494461
85e4ae7813b327e40da8e599da30aa3d,COCc1cc(-c2[nH]c3ccc(C4CCC(NC5COC5)CC4)nc3c2C(C)C)cn2ncnc12,0.65829998254776,0.9425774812698364,0.4674703587185252,3.396202,7.246240615844727,0.8864264845848083,0,0,0,0.5185185185185185,4.557000000000004,0.4082853052174821
4061884f72df7cb926bd514ae98466dd,O=C1Nc2ccc(Cl)cc2C(C#CC2CC2)(C(F)(F)F)C1OCc1ccccc1,0.673799991607666,0.9797840714454652,0.3246988383206454,3.648655,-2.498457193374634,0.7744855284690857,0,1,0,0.3181818181818182,5.091000000000004,0.7035476502127361
e761811d7da5e8a3fb3eccecf0650672,O=C(NC(=S)NCC1CCCO1)c1ccc(Cl)cc1,0.4772000014781952,0.6679328083992004,0.1757768460295417,2.40646,-7.856213569641113,0.2454984501004219,0,1,0,0.3846153846153846,2.1232999999999995,0.8394849865584509
0ccbce3de8d2c2e736925a083ded678e,Cc1ccc(CCc2ccc3c(CC(=O)O)csc3c2)c(C)n1,0.5774000287055969,0.9786500334739684,0.1226064312187108,2.431203,-7.644827842712402,0.1408991232514381,0,0,0,0.2631578947368421,4.325440000000003,0.7595758893638803
9840ffd15189790c1a1c7f1ef29af84d,NS(=O)(=O)c1ccc(F)c(C(F)(F)F)c1,0.4975999891757965,0.936715304851532,0.1500598869540474,2.02961,-7.218887329101563,0.1075368436053395,0,0,0,0.1428571428571428,1.4919000000000002,0.7594646663486767
eb4faa95fca20b33f8b2ffe7f2a06621,N#CCN1CCCC1C1CCCCC1O,0.3619000017642975,0.5674086809158325,0.0343674629169128,3.569189,5.7947258949279785,0.4454339861869812,0,1,0,0.9166666666666666,1.52548,0.699943857210322
e685cc7069be677593126043f7cc1f1c,Cc1cc(C)[n+](NC(=O)c2[nH]c3ccc(S(N)(=O)=O)cc3c2-c2cccc(Cl)c2)c(C)c1,0.6585000157356262,0.9870979189872742,0.2652088105678558,2.933141,-2.9967596530914307,0.5708481907844544,0,1,0,0.1304347826086956,3.7323600000000026,0.3959575301282645
bfd2ff42fc70c31b540d06b7e1be4fb2,Cc1ncncc1-c1nc2cc(F)c(F)cc2n1C1CC1,0.5347999930381775,0.873733639717102,0.2104286964644085,2.585056,-8.390585899353027,0.3546328529715538,0,0,0,0.2666666666666666,3.4148200000000015,0.7247412603453326
bd68cc383d32a8e5f4867fdb8eb32932,COCC1(OC)CCC(CCN2CCN(C)C(=O)c3oc4ccc(C(F)(F)F)cc4c32)CC1,0.7360000014305115,0.9345309138298036,0.20590360394933,3.279289,2.047764778137207,0.9305991053581236,0,0,0,0.625,4.955500000000005,0.6002462491249586
c5a14d991fd7c87146b19b94c557e359,Cc1nc(COCC(C)(C)O)sc1-c1cccc(-c2cc(F)c3nn[nH]c3c2F)n1,0.5934000015258789,0.9665122032165528,0.3305570821870457,3.318405,-9.38551139831543,0.7472374916076661,0,0,0,0.3,4.017520000000003,0.4787192736927719
ec0c46e7884e8654a7ee8d6b7a0e2602,COC1CC(Nc2nc(-c3ccncc3)nc3cnccc23)C1,0.5171999931335449,0.8868494033813477,0.2094929004934701,2.568156,-3.900991201400757,0.7032395601272583,0,0,0,0.2941176470588235,2.676100000000001,0.7986577468255749
844bac9ca0682c55a52ee8f7f8988ebb,O=C(OCCCOC(=O)c1cc(O)c(OCc2ccc3ccccc3c2)c(O)c1)c1cc(O)c(OCc2ccccc2)c(O)c1,0.6557999849319458,0.9929563999176024,0.3719043663956902,2.763973,-7.834190368652344,0.8545511484146118,0,1,0,0.1428571428571428,6.224100000000008,0.09456606029427
20110765254649e0cb6a86252ac1623e,CCOC1CC(N(C)C(=O)OC(C)(C)C)C12CCCC2,0.4657000005245209,0.6281319260597229,0.1466546004468744,4.061671,5.623067855834961,0.3704830676317215,0,0,0,0.9375,3.591100000000002,0.794214856086128
fe6d4c11582dd3d7d18a0fe57167fdff,Cc1[nH]c(=O)[nH]c(=O)c1CN1CCCC(CCc2ccc(F)cc2F)C1,0.5235999822616577,0.6456284523010254,0.3222158632495187,2.931591,-7.820197105407715,0.9040950179100036,0,0,0,0.4736842105263157,2.4946200000000003,0.8576045739378706
2ef922d51388b9ba01a0be28b969ad84,CC1(C)C(NC(=O)c2noc3ccccc23)C2CCN1CC2,0.5145000219345093,0.7075241208076477,0.161613717675209,3.989728,-0.9695311784744264,0.8699452877044678,0,0,0,0.5294117647058824,2.430400000000001,0.925035136016401
11f3b0d4352b89bbed2d59ed0152f2e7,CCOC(=O)c1cc(Cl)[n+]([O-])c2ccc(F)cc12,0.6015999913215637,0.947559118270874,0.1907680346207185,2.699928,-10.452252388000488,0.0786173099651932,1,1,0,0.1666666666666666,2.4424,0.3641307283643018
49c41aa3376062a200b5ef015bbc2cee,CC(NC(=O)C(NC(=O)c1ccc(-c2ccccc2)cc1)C(C)O)C(=O)NC(CCC(=O)O)C(=O)NN,0.5569000244140625,0.8487898707389832,0.2903831465677781,3.343844,-6.497234344482422,0.1715272367000579,0,1,0,0.32,-0.3229999999999961,0.113634115521391
1f0b1cc0cfbfc894c04aa85223a4223e,COC1OCC2=CC3CC(C)(C)CC3C3(C)CC213,0.4805999994277954,0.8128606677055359,0.3219963034445589,5.452048,10.46534252166748,0.3176355600357056,0,1,0,0.875,3.377900000000002,0.6623132919817444
cae96e635bde12973ab6976061c4e86a,C=C(c1cc(OC)nc(OC)c1)c1ccc(OC)c(O)c1,0.4839000105857849,0.9677980542182922,0.2690135538578033,2.463051,2.04596209526062,0.2919656336307525,0,0,0,0.1875,2.874500000000001,0.915891143026
05310555b15b1f2f66c2a89226decd37,CCCC(C(CC(C)C)C(=O)NC(C(=O)Nc1nccs1)C(C)(C)SCCNC(=O)OCC)N(O)C=O,0.6746000051498413,0.841532826423645,0.0965808585963465,4.22702,8.374578475952148,0.6842595100402832,0,1,0,0.7083333333333334,3.5029000000000012,0.09802412086844
a7337d17302119b80a94c4b2e118c97b,CCOc1ccc(NC(=O)C(C)SC(N)=O)cc1,0.3425000011920929,0.8053479194641113,0.1212282373823902,2.51266,-10.668416976928713,0.1224326323717832,0,1,0,0.3333333333333333,2.2241999999999997,0.8575807406119892
7e1a050062aa883ed3c7ee47c6db140a,O=C(C1COCC2CN(C3CCCC3)CC21)N1CCOCC1,0.4569000005722046,0.362736314535141,0.074694657867605,3.597455,0.3577538430690765,0.4743832379579544,0,0,0,0.9411764705882352,0.9822000000000004,0.7626100969685604
37dcc111a769066a221f91689384256d,c1ccc(-c2cc(-c3nnc4n3CCCCC4)[nH]n2)cc1,0.4426000118255615,0.7101216912269592,0.0800608929923989,2.323804,-9.02684211730957,0.2315902560949325,0,0,0,0.3125,3.061600000000001,0.7839548176512819
ba84b79fcacd2914dfb168817b8e84e5,Cc1nsc(NC(C)C(=O)NC(C)C)n1,0.2702000141143799,0.4566107988357544,0.0386852991386232,2.98748,-6.160923957824707,0.0190124650020152,0,0,0,0.6666666666666666,1.17152,0.8115547674112664
b308a2ba4bc9a93657789f3450a4f4cb,C=C1CC(O)CC(C)(C)C1CCC(C)=CC(=O)O,0.5130000114440918,0.9536759853363036,0.1767561091956767,3.938975,10.95883083343506,0.0112016258761286,0,1,0,0.6666666666666666,3.150800000000001,0.596641882474395
c7c05656b8b881ff9396c7b8388ace5a,CC1=C(C)CC(C(=O)Nc2nc(C)cs2)C(C(=O)O)C1,0.3928999900817871,0.847184956073761,0.1063212991099466,3.222976,-6.821107387542725,0.0156079397536814,0,1,0,0.5,2.8372200000000003,0.8401156883837209
ef6ff56d6352b66950879ff34fd9cdfb,CC1=C(CCCNC(=O)OC(C)(C)C)C(=O)c2ccccc2C1=O,0.4794000089168548,0.947409212589264,0.248729025775736,2.266788,-6.494353294372559,0.5635900497436523,1,1,0,0.4210526315789473,3.687000000000003,0.8551989478309948
33df232222030126c522531608088ada,Cc1cccc(COc2ccc(C(C)NS(N)(=O)=O)cc2)c1,0.5026999711990356,0.8866512775421143,0.1813313056799498,2.405623,-8.334859848022461,0.4370558530092239,0,0,0,0.25,2.4281200000000007,0.8574209419506884
352e4f143208a02826b6fc6e9fe1449d,COC(=O)NC(C(=O)N1CCCC1c1nc(Cl)c(-c2ccc(N=[N+]=[N-])cc2)[nH]1)C(C)C,0.6643999814987183,0.8810231685638428,0.2930485761978409,3.645778,2.362542152404785,0.6981072068214417,1,1,0,0.45,4.716000000000004,0.37731865933543
47f52ac9e180b808ed199b0a63243ed1,CN(CC(=O)Nc1sccc1C#N)S(=O)(=O)c1ccc(F)cc1,0.4183000028133392,0.6486936211585999,0.126085432076996,2.209439,-10.072935104370115,0.3873688161373138,0,0,0,0.1428571428571428,2.01808,0.8902634046113517
ee18e2070dbabe8ae6d4a0a0d07f5232,Cc1csc2ncn(CC(=O)NN=Cc3ccc(C#N)cc3)c(=O)c12,0.3666000068187713,0.7351431846618652,0.1262267719615589,2.519799,-8.069855690002441,0.4583698272705078,0,1,0,0.1176470588235294,1.7884,0.5718741431409603
87ab7447f0ba1c3a1dce86367a7fab54,Cc1ccc(C2=CC(=O)c3c(O)cccc3C2=O)cc1,0.4867999851703644,0.9963480830192566,0.4633273319764571,2.171474,1.8966554403305056,0.31333609521389,1,0,0,0.0588235294117647,3.163220000000001,0.860327065898945
f49f50e98300210f2c57bdd41e210aa9,CN(C=S)CC1CN(c2ccc(N3CCN(c4cccc(F)c4)CC3)c(F)c2)C(=O)O1,0.8294000029563904,0.8550885319709778,0.2259736372665925,3.207025,-5.931214332580566,0.7472553610801697,1,1,0,0.3636363636363636,3.505600000000003,0.6328429791060154
35dd57ffb9157dfac0265ac525b54969,Cc1cc(C)nc(OC(C(=O)O)C2(c3ccccc3)NCC(=O)N(Cc3cc(F)ccc3F)c3ccccc32)n1,0.7211999893188477,0.9562521576881408,0.1889758157459172,3.641238,-5.920672416687012,0.6363929152488709,0,0,0,0.2,4.283840000000003,0.3578823168008159
a5fad6bebe59cb604b14d2373c42d1cb,CCOC(=O)C=CC(=O)Nc1cccc(-c2c(-c3ccccc3)oc3ncnc(NC(CO)c4ccccc4)c23)c1,0.5849000215530396,0.9805852174758912,0.5159326859495856,3.196491,-3.953040361404419,0.8975035071372985,0,1,0,0.125,5.760100000000005,0.1485401156127725
e410dd451876512f4f5cfa19bcc3901b,O=C(Nc1c(F)cc(F)cc1F)N(Cc1cccc(-c2cc[nH]n2)c1)C1CCCCCC1,0.6111999750137329,0.8762550354003906,0.3651651306585832,2.745814,-9.220614433288574,0.8729136347770691,0,0,0,0.3333333333333333,6.250900000000004,0.4589116179437212
8fac113d232a4666509aa14465bdc2bc,CCC=C(C)C(=O)Nc1cccc(Nc2ccc3c(C=Cc4ccccc4)n[nH]c3c2)c1,0.6525999903678894,0.9906470775604248,0.4965546171773564,2.576602,-6.539974212646484,0.9336989998817444,0,1,0,0.1111111111111111,6.771700000000005,0.2878041698584823
16b7db667feffaf6e476cf20febe17fb,COc1cccc2c1c(C(=O)C(=O)Nc1cn[nH]n1)cn2Cc1ccc(F)cc1,0.5202999711036682,0.9040473103523254,0.3127145252444527,2.629493,-2.6396303176879883,0.7197837352752685,0,1,0,0.1,2.7768000000000006,0.387426640428243
cd9d5aec57da9c3027ca135e03c0c9a1,CCn1ccc(C(=O)N2CCCC3(CCC(=O)N(CCOC)C3)C2)cc1=O,0.3935000002384186,0.2420119494199752,0.030193329619413,3.585108,-1.3576396703720093,0.3990996465086937,0,0,0,0.65,1.3594,0.7790608346112843
569c794cc1038e234fb8b49b5a2c7731,OCC1Cc2cc(Cl)cnc2C(c2cc(F)cc(Cl)c2)N1,0.6367999911308289,0.9760231971740724,0.352683274583383,3.664386,2.584625005722046,0.4674264788627624,0,0,0,0.2666666666666666,3.123500000000001,0.8907929549243909
a54ba24b46684a794ae3955d70a9f0ee,O=C(NCc1nnnn1-c1ccc(F)c(F)c1)c1ccc2c(c1)OCO2,0.4469000101089477,0.6791568398475647,0.08666587556416,2.264264,-8.192435264587402,0.3422197103500366,0,0,0,0.125,1.5991999999999993,0.7608878820670807
68d57b4916cd8a1813261df895af5a72,O=[N+]([O-])c1ccc(Nc2nc(NN=Cc3ccc4c(c3)OCO4)nc(N3CCCCC3)n2)cc1,0.5860000252723694,0.921556830406189,0.6267471489581194,2.591625,-4.839566230773926,0.9207560658454896,0,1,0,0.2727272727272727,3.6884000000000023,0.3033644646662863
688a3cb75ea711a489579671f9b4d8f7,CC1=C(O)C(=O)C(C2=C(O)C(=O)C(C)=C(O)C2=O)=C(O)C1=O,0.5846999883651733,0.9893839359283448,0.5482307550582018,3.064361,11.897167205810549,0.046197689208202,1,1,0,0.1428571428571428,0.5782,0.5136918360778928
2a7ee139ec9541f793c51c1010bfacf9,COc1ccc(CCc2cnc3c(N)nc4cc(C=CP(=O)(O)O)ccc4c3c2)c(C)c1,0.7414000034332275,0.9925305843353271,0.5432995503598993,2.865488,-0.1334634125232696,0.8599740982055664,0,1,0,0.1666666666666666,4.615820000000004,0.2903735783035077
fb37e71a400900ed58629e10e67c5ae0,COc1ccccc1C(=O)N1CCN(Cc2sc(C)nc2C)CC1,0.3395000100135803,0.1550803631544113,0.048804727890952,2.093581,-7.905404090881348,0.8222535848617554,0,0,0,0.4444444444444444,2.726540000000001,0.854710349985229
b7504e14574cc5aae834dbf9a03bbb78,COc1cc(Nc2ccc3nc(N)nc(N)c3n2)cc(OC)c1OC,0.630299985408783,0.9932186007499696,0.5014014433730732,2.38666,2.007025957107544,0.8712955117225647,0,0,0,0.1875,1.9585999999999997,0.6364044372295253
7b26293912bef1bf5b25085dc0c91753,c1ccc(CN2CCC(CNc3noc4ccccc34)CC2)cc1,0.4548999965190887,0.8484636545181274,0.2476820234547961,2.068785,-8.46586799621582,0.988779354095459,0,0,0,0.35,4.151900000000003,0.7662222197995152
1ecbde4cfd05ae89c3366187912fd87c,CC(=O)N1CCC(c2cnc(NCc3c(F)ccc4c3CCO4)n3cnc(S(C)(=O)=O)c23)CC1,0.5595999956130981,0.6761310696601868,0.0760830366476015,3.269308,1.490387201309204,0.83488450050354,0,0,0,0.4347826086956521,2.5448000000000004,0.5895680144486288
c22a225167c5609e1806a9edaf125169,COCCCNC(=O)CSc1nc2cc(C(=O)NCCOC)ccc2c(=O)n1Cc1ccc2c(c1)OCO2,0.4334999918937683,0.6210333108901978,0.0684193999252536,2.512645,-12.283875465393066,0.8695995211601257,0,1,0,0.3846153846153846,1.7945000000000002,0.1886197459874684
136202afe98928570160388198986e59,CNC(=O)c1cnn2c(C)cc(C)nc12,0.3373000025749206,0.6048439741134644,0.0539671226658604,2.248241,-6.444827079772949,0.0536680001765489,0,0,0,0.3,0.7057399999999996,0.7436711098101609
d79777642d0f5397c02cd3a480a44b4b,O=C(COC(=O)CNC(=O)c1ccc(F)cc1)NC1CCCc2ccccc21,0.4013000130653381,0.7292488813400269,0.0961875114589929,2.451646,-10.746291160583496,0.6641068577766418,0,0,0,0.2857142857142857,2.2924999999999995,0.7487730095862357
c1a6fa0a050317cfcaed036ae0a03531,CCN(C(=O)c1ccccc1Cc1ccc(C)cc1)C1CCOCC1,0.4183999896049499,0.6162617802619934,0.125435838306492,2.129092,-7.733918190002441,0.7970792949199677,0,0,0,0.4090909090909091,4.226920000000003,0.8171062388587672
b7594126ad405e05103879929df59d84,CC(=O)NCCCNc1nc(-c2cccc(-c3cnn(C)c3)c2)ncc1-c1cnn(C)c1,0.4478000104427337,0.8899363875389099,0.2433554123748432,2.698707,-7.484654903411865,0.8886475205421448,0,1,0,0.2608695652173913,2.8827000000000016,0.4168650205555856
f9ba2bf2adf1a7d89676c2a55aa91915,CN(C)C(=O)CNC1CCCCC1C(C)(C)C,0.3547999858856201,0.4142398834228515,0.059095550624823,3.132434,-10.780415534973145,0.1409203466027975,0,0,0,0.9285714285714286,2.2691,0.8205158074362388
9f008e0ce9da289b44af64f8f3b246f5,CN1C(=O)C(NC(=O)NC=C(C=N)Cc2ccc(F)cc2F)COc2ccc(C#CC(C)(C)CNC(=O)OC(C)(C)C)cc21,0.7258999943733215,0.9293277859687804,0.2568015517158942,4.159463,7.807275772094727,0.8781106233596802,0,1,0,0.375,4.666370000000005,0.2677275623251541
dcb09cd46464e5ab0b2514b3d4d0fe01,O=CC(=O)CNC(=O)c1cc(N(CCBr)CCBr)c([N+](=O)[O-])cc1[N+](=O)[O-],0.6477000117301941,0.9404679536819458,0.2067367407408627,3.187174,1.1067970991134644,0.3843728646636009,0,1,0,0.3571428571428571,1.5969999999999995,0.1550017684868134
6dae7f269b8958bf61b1981541c0af2c,CC1(C)CCC23CCC4(C)C5(C)CCC6C(C)(C)C(O)CCC6(C)C5CC(O)C4(OC2=O)C3C1,0.6079000234603882,0.9096340537071228,0.288805143399672,6.213811,10.45595645904541,0.736603605747223,0,0,0,0.9666666666666668,5.879100000000007,0.4321859293802608
279f4e2b86f94958e42aaa13174425a8,O=C1Nc2ccc(Cl)cc2C(CNC(=O)c2ccccc2F)(C(F)(F)F)O1,0.7132999897003174,0.9777835607528688,0.2402789342132481,3.067597,-6.399497032165527,0.7113075137138367,0,0,0,0.1764705882352941,4.2288000000000014,0.7550027340423923
b9b13d0fc685f98c266caf19c4483709,O=C(O)c1ccc(NC(=O)c2cc(Cl)c(Cl)cc2Oc2ccc(CO)c(F)c2)cc1,0.7889000177383423,0.9964417815208436,0.1867227920077064,2.157651,-4.280908107757568,0.3493121683597565,0,0,0,0.0476190476190476,5.367600000000003,0.4696368358002921
b1fd0f927537b7e872f2b4a8cc2dcf3f,COc1cccc(NC(=O)CN(C)CC(=O)Nc2ccccc2-c2ccccc2)c1,0.4462000131607055,0.8079895973205566,0.2416644123467532,1.861678,-9.7312650680542,0.9199715733528138,0,0,0,0.1666666666666666,3.8712000000000018,0.5990112421507495
b96b1d85380a0146bb8d7bd0afdefc85,Cn1ccc(-c2cc(Cl)c(Cl)c3[nH]c4c(c23)CC2(CC4)CN(C(=O)CO)C2)n1,0.6449000239372253,0.954271137714386,0.2989202521064065,3.793541,-4.660330772399902,0.7471243977546692,0,0,0,0.4,3.1848000000000027,0.670304168010474
ba7f1b0e9f2a5c17be4cc750f3a4b44b,Cc1cc(Cl)cc2c1N(C(=O)c1cccc3nccn13)CCC2,0.5365999937057495,0.8580482602119446,0.1838093413548036,2.609733,-11.276769638061523,0.8443988919258117,0,0,0,0.2222222222222222,3.889120000000003,0.6804361457059299
b6ae55b756c828c3e914c6d0197fac78,CC(C(=O)Nc1ncccn1)N1CCCN(c2nccs2)CC1,0.4325999915599823,0.3775152564048767,0.1254213215275244,2.770058,-2.91174054145813,0.441840273141861,0,0,0,0.4666666666666667,1.4723999999999997,0.9138819270968817
39199bc17aa251103d864c0d3afc7b43,NCC(=O)c1cccc2ccc[n+]([O-])c12,0.4379000067710876,0.894802987575531,0.1538982445543462,2.736459,-5.799554347991943,0.0413198005408048,0,1,0,0.0909090909090909,0.6146,0.440477627084052
e96989fce55a962a72eef7609917d3e1,CCCN(Cc1c[nH]nc1-c1ccc(F)cc1)Cc1nccn1C,0.442900002002716,0.775111734867096,0.1827738017521121,2.744212,-8.208459854125977,0.9498043537139892,0,0,0,0.3333333333333333,3.361500000000002,0.7237520127371783
c2ae5be9ce3425616d3a9543b1f1d76f,O=C(O)C1(C(=O)N2CCN(Cc3cc(Br)ccc3F)CC2)CCC1,0.58160001039505,0.6049274802207947,0.1009869836270809,2.348896,-7.064162254333496,0.3050591051578522,0,1,0,0.5294117647058824,2.4873000000000003,0.7909397640843949
1ab902ccf43f1360fc7aabf2f8567d03,CN1CCN(C(=O)COc2ccc(S(=O)(=O)N3CCCC3)cc2)CC1,0.3616999983787536,0.2852080762386322,0.034716963852671,1.938483,-10.784074783325195,0.4321585774421692,0,0,0,0.5882352941176471,0.6239000000000003,0.7632351224486844
2624d61f5968f4ae9f942d148535f7db,O=C1NCc2c(-c3c[nH]c4ccccc34)ncc(Nc3ccc(N4CCOCC4)cn3)c21,0.6111999750137329,0.9499102234840392,0.3735814419659701,2.903546,-8.187826156616211,0.8827259540557861,0,0,0,0.2083333333333333,3.448500000000002,0.462732850602109
ade23aeb444c38ab62e6ea6a8423c40b,COc1cc2c(cc1Br)CCC1C(C)(C)c3nc(C)ncc3CC21C,0.6007999777793884,0.9739314317703248,0.3419053107500076,3.736974,8.901066780090332,0.7650679469108581,0,0,0,0.5238095238095238,4.9101200000000045,0.6812246258634745
037a5159219dd0e5e43f12ed6e7897a2,C=CC1(C)CC(OC(=O)CN2CCN(c3nc4ccccc4c(=O)[nH]3)CC2)C2(C)C(C)CCC3(CCC(=O)C32)C(C)C1O,0.7831000089645386,0.8737741112709045,0.2791374095461585,5.497083,6.641296863555908,0.8543039560317993,0,1,1,0.6470588235294118,3.951600000000003,0.3974542891679075
c4aeb6e72c9b5f90aa1a20252daa344c,Cc1cc(C(=O)CSc2nc(N)cc(O)n2)c(C)n1-c1ccc(OC(F)F)cc1,0.6575000286102295,0.9577012062072754,0.3469352783127264,2.642811,-11.610730171203612,0.4009772539138794,1,0,0,0.2105263157894736,3.7483400000000016,0.3408281653953048
136bbe8942a4623833bf430f411aa221,CCOc1ccccc1CN1CCNC(=O)C1CC(=O)N(C)Cc1nonc1C,0.3743000030517578,0.1922057718038559,0.0299886046572778,3.106202,-6.821004867553711,0.4586485832929611,0,0,0,0.5,1.12582,0.707443267551238
72f47910e53113c8220fb2d82ff29115,O=C(c1ccccc1I)C(Cl)Cl,0.5342000126838684,0.9892333149909972,0.170282191385261,2.388812,-6.956653594970703,0.1483287245035171,0,1,0,0.125,3.2776000000000014,0.464995649080275
e8671205d25aee497029d6b01fcd629e,COC(=O)c1c(N2CCN(C)CC2)ccnc1OC1CCC(C)N(C(=O)c2ccccc2-n2nccn2)C1,0.6793000102043152,0.5353471636772156,0.1091571839695627,3.679298,-0.040207028388977,0.86160728931427,0,0,0,0.4444444444444444,2.2727999999999993,0.453559637005409
a02bc78a048c00ebf3a0a889d33879b1,CCOc1ccc(C(=O)c2ccc3ccccc3n2)cc1,0.4462000131607055,0.888430118560791,0.2480104619806463,1.731569,-8.606419563293457,0.2999048948287964,0,0,0,0.1111111111111111,3.8645000000000023,0.6795944661895329
009498c60824fd16e10f55065af41797,O=C(Nc1cc(C(F)(F)F)ccc1Cl)C1CCCN(c2cc(C3CC3)ncn2)C1,0.7293999791145325,0.9476650953292848,0.2867715629664334,2.896529,-7.843914031982422,0.7408861875534057,0,0,0,0.45,4.881300000000004,0.7594529759320311
74f326eaceeed32b0a9d9bbdc7fada88,Cn1c(O)c(C2=Nc3ccccc3C2=NOCCN2CCOCC2)c2cccc(Br)c21,0.6148999929428101,0.9766632318496704,0.455272303386168,3.101351,0.5456801652908325,0.9423905372619628,1,1,0,0.3043478260869565,3.833700000000003,0.4425321557501199
e38da9d6a2151051a156cf499811ef69,COC(=O)CN1C(C)=Nc2ccc(Br)cc2C1c1ccccc1,0.5602999925613403,0.9266152381896972,0.1411216716197404,2.953481,-10.132122993469238,0.8853290796279907,0,0,0,0.2222222222222222,4.077000000000003,0.7618817902455083
4487807eec8bfcfeafa126933b31f506,O=c1[nH]ncc(N2Cc3cc(OCCN4CCOCC4)cnc3C2)c1C(F)(F)F,0.5591999888420105,0.6362428069114685,0.3262310705401681,3.041884,-6.614485740661621,0.7867295742034912,0,0,0,0.5,1.4148999999999996,0.7967085278750828
a111449792150b212f46553235ee4d26,CN1c2cccnc2N(C)c2nc(C=O)ccc21,0.477400004863739,0.9028534889221193,0.1162808811800046,2.766244,-2.3724191188812256,0.4053482770919799,0,1,0,0.1538461538461538,2.1383,0.7146201155995042
b72242cb0c178ea8885ef362aa7776e9,NNc1nc2c(Cl)c(Cl)ccc2s1,0.5320000052452087,0.9967268705368042,0.0495329075916246,2.490647,-11.194599151611328,0.3438692688941955,0,1,0,0.0,2.8887,0.5887522752737784
bd0d6242c67b05d4d64e5ce8a45f096c,CCc1cccc2[nH]c3c(c12)CC(N(C)C)CC3,0.4372999966144562,0.8371945023536682,0.2549955953251231,2.976723,-3.768249750137329,0.756994903087616,0,0,0,0.5,3.1492000000000013,0.8568516106820468
f4df0cbc28d9ca5b34585058a15396f0,COc1ccc(Cl)cc1-c1c(N2CCCC2)cn[nH]c1=O,0.4878000020980835,0.8302887082099915,0.206889966672117,2.350285,-7.124497413635254,0.5774564564228057,0,0,0,0.3333333333333333,2.6991000000000005,0.94698658048916
44fd2c72f7bae55efefc162c09f71536,CC(C)(C)N1C=C(C(Nc2cc(Cl)c3ncc(C#N)c(Nc4ccc(F)c(Cl)c4)c3c2)c2cocn2)NN1,0.7016000151634216,0.9806289076805116,0.7173151969909668,4.161403,6.482621192932129,0.9233405232429504,0,0,0,0.1923076923076923,6.401880000000004,0.2153478557426714
ae97261d1b01cfc7ca7ec70f36e28065,CCCCn1c(N)c(N(CCOC)C(=O)c2nn(CC)c(=O)c3ccccc23)c(=O)[nH]c1=O,0.4731999933719635,0.6570812463760376,0.1201380172913724,2.638122,-9.002010345458984,0.8875102639198303,0,0,0,0.4090909090909091,0.9419000000000006,0.4872568987103169
151d38b4cbfde9f25a0940a4cc5b6f56,C[n+]1c2ccccc2nc2ccc(NCCc3cnc[nH]3)cc21,0.5964999794960022,0.9767937660217284,0.3594055338339372,2.678294,-8.155211448669434,0.9323519945144654,1,1,0,0.1666666666666666,2.5902000000000003,0.4499310134774986
7c16b2878aa0a38cbb30c0cecb4fb6ba,Cc1c(N2CCNCC2)c(N)cc2c(=O)c(C(=O)O)cn(C3CC3)c12,0.8707000017166138,0.9963615536689758,0.1179817378182302,2.708532,0.0073538720607757,0.1435623228549957,0,1,1,0.4444444444444444,1.3348199999999997,0.7278480933011741
7225bff15235a7a6b026c69b638aaf3a,CC(C)(CO)Nc1ccc(C(=O)Nc2cccc(N3CCC(O)C3)n2)c(N2CCC3(CC2)CC3)n1,0.6633999943733215,0.8816554546356201,0.2725149555639787,3.862713,0.9078758955001832,0.8805014252662658,0,0,0,0.5769230769230769,2.863100000000001,0.4784803745959326
7d0f09c8b8f1531a5a78ab04f1211806,COc1ccc(S(=O)(=O)n2nc(Oc3ccc(-c4ccccc4)cc3)cc2N)cc1,0.6514999866485596,0.9778149127960204,0.3311046185818585,2.240925,-7.571256637573242,0.7443086743354798,0,0,0,0.0454545454545454,4.170200000000002,0.5019037079201276
9294e52f30e9be5e4ea7b95530ed5163,Cn1ncc(NC(=O)c2nc(-c3cncc(C#N)c3)sc2N)c1N1CCC(N)C(F)CC1,0.6195999979972839,0.7313697338104248,0.3271408988670869,3.92796,-2.884462356567383,0.920362603664398,0,0,0,0.35,1.91038,0.539419527461428
b182ba3b209a4ffe8b9945159a29d0f9,CC(=O)Nc1cc(C)ccc1OC(C)=O,0.2791999876499176,0.6017464995384216,0.0726921238343824,1.757035,-9.309027671813965,0.0481376498937606,0,1,0,0.2727272727272727,1.8787199999999995,0.5946769579621328
4741a15fcd9b465fa292604120a67017,CC(NS(=O)(=O)c1ccc(-c2sc(-c3cccc(CC(C)(C)OC=O)n3)nc2CC2CCC2)c2ccncc12)C(F)(F)F,0.6758999824523926,0.9902656674385072,0.2239565409042618,4.012931,-0.8973000049591064,0.7896780133247375,0,1,0,0.4,6.486100000000006,0.1883665464541284
043dd3d16894487bcae08bed67d53ab4,CNS(=O)(=O)c1ccc2nc(NC(=O)c3ccc(N4C(=O)CCC4=O)cc3)sc2c1,0.5156999826431274,0.8133611679077148,0.1064241511577909,2.315456,-10.442435264587402,0.236555129289627,0,1,0,0.1578947368421052,2.110099999999999,0.5807735571669989
8a3d3027e9cb5fc8492421e67c908ba4,CC(=Cc1ccc(Oc2ccccc2)cc1)C(=O)O,0.4372000098228454,0.953266441822052,0.2150930061259053,1.7765,-3.1566321849823,0.0436588358134031,0,1,0,0.0625,3.966800000000003,0.8396741923359459
f949c7b00cfdd81502824a811c1cea6d,Cc1ccccc1NC1C=CS(=O)(=O)C1,0.2998000085353851,0.5919791460037231,0.0848853110589764,2.890358,-12.348835945129396,0.0786044955253601,0,0,0,0.2727272727272727,1.71762,0.8299984928895221
ead340cc7efef44f9d96e6bce77963fb,COC(=O)C1CCN(Cc2ccc3c(c2)CN(C(=O)c2cc(-c4ccc(C)o4)n[nH]2)CCO3)CC1,0.6291000247001648,0.6424146890640259,0.1132776408710263,2.707475,-10.29307460784912,0.940355670452118,0,0,0,0.4230769230769231,3.397920000000001,0.5610996810793208
d0fada6d60b8f7c4cf1f803dd09d177c,NC(Cc1cc(I)c(Oc2ccc(O)c(CC3CCCCC3)c2)c(I)c1)C(=O)O,0.7953000068664551,0.996326506137848,0.4444239383394068,3.08797,7.474578380584717,0.4101722240447998,0,1,0,0.4090909090909091,5.470900000000004,0.3571325037395682
58c59d1f609287894b901252c59a38a5,CCOC(=O)c1cccc(NC(=O)NCc2ccc3c(c2)CCN3C(=O)CC)c1,0.4693999886512756,0.6125302910804749,0.0636200623756105,2.127423,-10.01313304901123,0.6980000138282776,0,0,0,0.3181818181818182,3.4841000000000024,0.7332314095074893
b5ed0f7fbe44ea7df89eb277a361a811,O=C(O)c1cccc(-c2ccc3nc(-c4ccc(Cl)s4)n(Cc4ccc(Cl)cc4)c(=O)c3c2)c1,0.7886999845504761,0.9974216818809508,0.154665199870413,2.342445,-8.146553993225098,0.331024757027626,0,0,0,0.0384615384615384,6.8453000000000035,0.282647437071492
d69de2f0dddb8fcc2a9e519fc55e5b08,C=C(c1cc(Cl)nc(SC)c1)c1ccc2c(c1)c(C(N)=O)cn2C,0.6553999781608582,0.9818638563156128,0.2523060718720609,2.83848,2.3231773376464844,0.3726832717657089,0,1,0,0.1111111111111111,4.1090000000000035,0.564282840802029
93f608387ffd587aa231e2b159178cd7,Oc1cc(O)cc(-c2c(O)cc(O)cc2O)c1,0.5149000287055969,0.993457019329071,0.1729989400641484,2.370687,10.084681510925291,0.3383509367704391,0,0,0,0.0,1.881599999999999,0.5182759569233131
7326030cad3dd1b6f55e97b4b327791c,Cc1cccc(Cn2c(CN3CCC(C(=O)NCc4ccccc4Cl)CC3)cc3ccccc32)c1,0.6276000142097473,0.9745981097221376,0.2256039760329506,2.266906,-8.221596717834473,0.9771485805511476,0,0,0,0.3,6.1798200000000065,0.3391195689861471
05416387dbce2e537b2ceee9aab19e91,Cc1cc(NCCCNc2ccnc3cc(Cl)ccc23)nc(Cl)n1,0.6337000131607056,0.9464304447174072,0.4604749408635226,2.385372,-8.102996826171875,0.7502400398254394,0,1,0,0.2352941176470588,4.554120000000003,0.4974378749635065
b46d5d08330a464b58776456948200b9,CN(Cc1ccc(S(=O)(=O)Nc2ccc([N+](=O)[O-])cc2)cc1)CC(O)(Cn1cncn1)c1ccc(F)cc1F,0.6711000204086304,0.9733728766441344,0.3818444758653641,3.20636,-1.9287952184677124,0.9592913508415222,0,1,0,0.2,3.2851000000000017,0.210903099041447
0b7138eebd1c006dd713213fac64c191,O=c1c(O)c(-c2cccc(O)c2)oc2cc(O)ccc12,0.4767999947071075,0.9945204257965088,0.2293379211967641,2.254244,9.866650581359863,0.4253879159688949,0,0,0,0.0,2.5768000000000004,0.6318329361180623
1db4ed9d3f5abccc53d2020aaee9b2ed,Cc1ccc(C)c(OCCCNC2CCCC2)c1C,0.4941999912261963,0.8400135040283203,0.3344090987335552,2.009408,-5.460927963256836,0.8647143006324768,0,1,0,0.6470588235294118,3.912960000000002,0.7838478163371169
3d063c21d36779b3b74f3354c3f07d75,CCC(=O)Nc1cc(Nc2ncnc3sc4c(c23)CCN(CC)C4)ccc1N(C)C,0.5557000041007996,0.8752666711807251,0.4647142074324868,2.62523,-6.467456817626953,0.8334753751754761,1,0,0,0.4090909090909091,4.227400000000004,0.6170042252294592
287fd52a4f76a1d5896c594ac600bc98,COc1cc(C)cc2cc(-c3cc(CN4CCN(C)CC4)n4ncnc(N)c34)sc12,0.6568999886512756,0.9254412055015564,0.544741614298387,2.926717,-11.420716285705566,0.961843478679657,0,0,0,0.3636363636363636,3.257620000000001,0.5443218948206983
ed615806f645744cd6fa7bc1c1f4422b,O=C(CSc1ncnc2c1nnn2-c1ccc(F)cc1)N1CCN(c2ccccc2)CC1,0.4208999872207641,0.7407281994819641,0.1788065223531289,2.364558,-5.632510185241699,0.7858001351356506,0,0,0,0.2272727272727272,2.7905000000000006,0.3423821208163537
0d180233e500e99a2a9cfbe1ee83e78b,Cc1cc2c(-c3ccc(NS(=O)(=O)c4ccc(Cl)c(Cl)c4)cc3)ncnc2[nH]1,0.6916000247001648,0.9869107007980348,0.4241995201869444,2.381882,-4.986934185028076,0.7535260081291199,0,0,0,0.0526315789473684,5.040920000000002,0.472084279918628
8d49e1bf910d192d5da46d6a8d1520f8,Cc1cc(NC(=O)C(C)SCC(=O)Nc2ccccc2N2CCCCC2)no1,0.5794000029563904,0.5339780449867249,0.0808979611505161,2.688514,-11.215079307556152,0.6695253372192382,0,0,0,0.45,3.672220000000002,0.7346985049057612
d025bb5bcb39576c5dd52af8f6826ec1,CS(=O)(=O)C1CCCCN(C(=O)c2cc(C#N)ccn2)C1,0.3379000127315521,0.1704662293195724,0.1800082206556743,2.937855,-8.929280281066895,0.2385060176253318,0,0,0,0.5,0.9925800000000002,0.8123532216857652
12713c9d776118ccac1da43b7a3e0243,CC1=C(C(=O)OC(C)C(F)(F)F)C(c2cccs2)n2c(nc3ccccc32)N1,0.5964000225067139,0.9741583466529846,0.3735843504017049,3.456646,-9.085164070129396,0.7097237706184387,0,0,0,0.2631578947368421,4.880700000000004,0.6289821896732901
005a7a024d9e01839f2425a94c3d192e,Cc1cc(Cl)cc(CCCOc2ccc(F)cc2)c1OCC(O)CC(O)CC(=O)O,0.7056000232696533,0.98578941822052,0.385848575017669,3.105026,-2.8023345470428467,0.509260219335556,0,1,0,0.4090909090909091,3.764520000000002,0.434725997468632
d0f239a2a3f33dbc3599190398b14902,CCc1ccc(S(=O)(=O)NCc2ccc(C(=O)NCCN(Cc3ccccc3)C(C)C)cc2)cc1,0.5324000120162964,0.9209564328193665,0.1456784162331711,2.160118,-11.879746437072754,0.9608455896377563,0,0,0,0.3214285714285714,4.367900000000004,0.3928189173558209
bb7a3d8f84a57421d897a43a169bc707,CC1CCC(N(CC(=O)NC(N)=O)C2CC2)CC1,0.4584999978542328,0.5536291003227234,0.1099238137460567,2.502937,-2.6080939769744873,0.0944670878350734,0,0,0,0.8461538461538461,1.2243999999999997,0.7907874672556794
6a3a8dcbbfedb5c787ab27490fc37741,O=C(O)c1cccc(Sc2ccc(Br)cc2C(=O)O)c1,0.6241999864578247,0.9848164916038512,0.0787857320498336,2.050258,-10.99705982208252,0.0318916546180844,0,0,0,0.0,3.9967000000000015,0.8692291391452439
86e09e6101e2e5ded2b06861a56fafe2,O=C1NC(=Cc2ccc(N3CCOCC3)c(F)c2)C(=O)N1Cc1ccccc1,0.5946999788284302,0.7890760898590088,0.3563317114656621,2.272635,-9.723188400268556,0.476880407333374,1,1,0,0.238095238095238,2.755200000000001,0.6535584065581803
5e9a498c83ed259570a764b06eeecd7e,COc1cccc(NC(=O)c2cccc(N3C(=O)C4CCC(C)CC4C3=O)c2)c1,0.4966999888420105,0.6991628408432007,0.1673756384036757,2.997312,-8.456615447998047,0.622791302204132,0,1,0,0.3478260869565217,3.873100000000003,0.8016392017021915
9650d105193d581eafc2200934162374,COc1ccc(NS(=O)(=O)c2cc(NC(=O)c3cccnc3Cl)ccc2N2CCCC2)cc1,0.6417999863624573,0.884423017501831,0.2800962843678214,2.211912,-3.7814934253692623,0.6419815003871918,1,1,0,0.217391304347826,4.396900000000003,0.4800195316132999
eb2d6eec3b951c73912b09386fd75886,CC(C)CC(N)COc1ccccc1-c1ccccc1,0.541100025177002,0.9563327431678772,0.3517301638018001,2.285292,-2.31457781791687,0.879976773262024,0,0,0,0.3333333333333333,4.105800000000003,0.8563265795528527
2868cb46546f69ffc4ab1257bbb695ea,COc1ccc(C)cc1N1CC(C(=O)Nc2nc3ccccc3[nH]2)CC1=O,0.5094000101089478,0.5989187955856323,0.2016536017710512,2.637379,-8.867852210998535,0.8165326595306397,0,0,0,0.25,2.871520000000001,0.745158828336892
6c4390e365778ecc4d7be6b8ec7493a1,O=C(C1=C(O)C(=O)N(CCCn2ccnc2)C1c1cccnc1)c1ccc(F)cc1,0.5346999764442444,0.6716958284378052,0.2225063382224603,2.901036,-11.55435848236084,0.6436110377311707,0,0,0,0.1818181818181818,3.0858000000000017,0.6094311052930018
8ee6397fcf0dc1853d12be2e2fe41b23,COc1cc2c(c(O)c1Cl)C(=O)c1c(cc3cc(O)cc4c3c1OC41C(C)=C(C(=O)O)C(Cl)=C1Cl)C2(C)C,0.7954000234603882,0.9979992508888244,0.3827859258109873,4.64483,11.59385871887207,0.3950424864888191,0,0,0,0.2142857142857142,6.474900000000004,0.3217462266399881
ea1acddb39a090282bff6c93926df2a4,CC(C)N(Cc1nc(-c2cccnc2)no1)C(=O)COc1ccc(Oc2ccccc2)cc1,0.5291000008583069,0.8437541723251343,0.1787342612038959,2.301465,-6.623263835906982,0.8226197838783265,0,0,0,0.2,4.739900000000004,0.3682083866140253
7d05acb0ee077226cd7f99d005a5920b,CC=CC1CC(C(=O)O)NC1C(NC(C)=O)C(C)O,0.5835999846458435,0.8796176314353943,0.1269793230193582,4.457767,10.56771183013916,0.0019548516836948,0,1,0,0.6923076923076923,-0.1206999999999988,0.5220398527478045
0ef3f854d07bde72b2823b7edd823d73,FC(F)Oc1ccc(NC(S)=NCc2nc3ccccc3[nH]2)cc1,0.5763999819755554,0.9737560749053956,0.3548041853037747,2.645682,-11.946391105651855,0.867315411567688,0,1,0,0.125,4.062200000000002,0.370088608483288
60ae72df14d0ced9c572bd9b23b0ab95,NC(=O)c1nc(-c2ccc(Oc3ccc(C(F)(F)F)cn3)cc2)nc(N2CCOCC2)n1,0.6227999925613403,0.9511452317237854,0.432160890915177,2.63894,-5.498466491699219,0.7430209040641784,0,0,0,0.25,2.6802,0.6360167236202712
21bdbb0b48cb8628e090624bfb9d729c,O=C(Nc1ccc(C(F)(F)F)cc1)N1CCOC2(CCN(C(=O)c3ccc(Cl)cc3)CC2)C1,0.6061000227928162,0.9551028609275818,0.238827339627526,2.857344,-6.496394157409668,0.8191372275352478,0,0,0,0.391304347826087,4.897900000000004,0.6635117694108953
661c90ca910ff3a5ec6258d438107201,O=C(NCC(NC(=O)C1CCOC1)C1CCCCC1)C1CCOC1,0.4562000036239624,0.3975221514701843,0.0476623829454183,3.508055,-9.49217414855957,0.2121242582798004,0,0,0,0.8888888888888888,1.2406999999999992,0.7639036200383311
69b38ae15454132db6b3450c5bec7458,Cc1ccc(Cl)c2c(=O)c3ccc(N)cc3sc12,0.6366999745368958,0.9911359548568726,0.2352030040188269,2.349948,-8.90718936920166,0.4112611711025238,0,1,0,0.0714285714285714,3.958720000000002,0.4984265065292616
a26f9f6b50c50cfa4e0e69f83ada7933,CCNc1nc(C)cc(N2CCN(C(=O)c3cccc(I)c3)CC2)n1,0.5424000024795532,0.589736819267273,0.1328578531234101,2.272835,-8.997584342956543,0.8725772142410279,0,1,0,0.3888888888888889,2.7838200000000013,0.7251497385854867
00490823d6a7cbbbae209eb11cf4150e,CC(OC(=O)CCC1CCCCC1)C(=O)Nc1ccc2c(c1)OCCO2,0.5056999921798706,0.7418931126594543,0.1596634191545573,2.573776,-1.2198094129562378,0.5929195702075958,0,0,0,0.6,3.688500000000002,0.7824220083308598
5f62e7cc7d7ab35a5eb8bc37716ac30c,C=C1COC2(O)CC(C)C3CCC(C)=CC3C12O,0.5656999945640564,0.953113615512848,0.2512388920242136,4.987613,15.85067081451416,0.1173036396503448,0,1,0,0.7333333333333333,2.0048,0.6465359346108259
9946bf7056c2bed44b57ebea187fa091,Cc1nc(C(C)C)nc(N2CCN(C(=O)c3ccccc3Cl)CC2)c1Cc1ccccc1F,0.5914000272750854,0.8775550723075867,0.1458776935257695,2.368151,-7.190304279327393,0.9455289363861084,0,0,0,0.3461538461538461,5.254120000000006,0.5146847494135884
8374c7000456ed097d19c88b6d95dfe9,O=c1nc(CN2CCOC(c3ccc(Cl)cc3)C2)[nH][nH]1,0.4875000119209289,0.705284833908081,0.1629464961588382,3.029938,-9.96863842010498,0.1101859711110591,0,0,0,0.3846153846153846,1.3248999999999995,0.8953805253313278
f966d1983ae45cf6dc381ea266b8438d,COc1cccc(-c2nc(N=[N+]=[N-])c3cc(OC)c(OC)cc3n2)c1,0.4778999984264374,0.957040309906006,0.3095463907176798,2.557002,-6.340210437774658,0.8388516306877136,1,1,0,0.1764705882352941,4.264400000000003,0.3929168281670437
7cebe9c2559a74a28d2e1f318d78a0ec,CC(C(=O)Nc1ccon1)N1C(=O)c2ccccc2S1(=O)=O,0.4291999936103821,0.4946241676807403,0.0442173094912008,3.069637,-6.3377685546875,0.0370826691389083,0,0,0,0.1538461538461538,0.8463,0.8970630031849914
6dc29f704378551d30ac6f652c26066a,O=P(O)(Oc1ccccc1)c1ccccc1,0.3208000063896179,0.8712024688720703,0.1628007164055651,2.4935,5.569490909576416,0.0269130219705402,0,1,0,0.0,2.5763,0.830024675658557
08d350eef723e4474c5313a4ee9966f5,COC(=O)c1ccnc2cc(OCc3ccc(Cl)c(OCC4CC4)c3)[nH]c12,0.6967999935150146,0.974668025970459,0.2987217916683717,2.675819,-5.138987064361572,0.476579487323761,0,0,0,0.3,4.370700000000003,0.6101457064454314
71499e430696d7daf647dba6d37f8cb9,O=C(NC(c1ccccn1)C(F)(F)F)c1ccc(C2CC2)c(Cc2ccc(F)cc2)n1,0.6462000012397766,0.9770508408546448,0.3021823858672922,3.057145,-6.179177284240723,0.8013941884040833,0,0,0,0.2608695652173913,5.117300000000004,0.5538426792549292
4d0c7317de60ee0f6baa6a60f133870f,CCCC(O)(CCC)C(=O)NN(C(=O)OC)c1ccccc1,0.3346000015735626,0.7665284276008606,0.1311446299607103,2.705986,-4.435914993286133,0.4446992218494415,0,1,0,0.5,2.621900000000001,0.7918264943816485
1dc5e91f5efbd56fb0cb4673a077cdbe,O=C(Nc1ccc(Cl)cc1)c1ccc(-c2ccc(C(=O)Nc3ccc(Cl)cc3)o2)cc1,0.5828999876976013,0.9703733325004578,0.5005202428861097,1.862624,-9.916815757751465,0.7689420938491821,0,0,0,0.0,6.758000000000004,0.3523382877943302
85a3e71570740078d5e74a5b7d4621cd,CCC(=O)C(O)CCCCC1NC(=O)C2CCCCN2CC(=O)C(C(C)CC)NC(=O)C(Cc2cn(OC)c3ccccc23)NC1=O,0.6704000234603882,0.8555053472518921,0.5153473419221964,5.164752,10.50202178955078,0.6685164451599122,0,1,0,0.6285714285714286,2.0803000000000034,0.2536691143210639
49d06b4f73846387cf53994d55f9e713,C[n+]1cccc(C(=O)NCCCC(=O)O)c1,0.3551999926567077,0.6898847818374634,0.0365714236077937,2.293459,-3.559521198272705,0.0052355385851114,0,1,0,0.3636363636363636,0.1056999999999994,0.5493706354316867
998e5ff75e8e132c59be371a62772847,O=C(Nc1ccccc1)OCc1cc(OCC2CCCN2)no1,0.3659999966621399,0.6215510964393616,0.1546490339731628,2.87062,0.2888238430023193,0.5548346936702728,0,0,0,0.375,2.5541,0.851402655890625
fab54894a11d98ec63fd3fac4f8ea82a,COc1ccc(C(=O)N2CCc3cc(OS(N)(=O)=O)c(OC)cc3C2=O)cc1OC,0.4717000126838684,0.5321711897850037,0.1000201095911589,2.434546,-5.549093246459961,0.3255347818136215,0,1,0,0.2631578947368421,1.1334000000000002,0.6662300261422514
415a02f9b206961f04569ac16822f1c6,O=C1COc2cc3ncnc(Nc4cccc(F)c4)c3cc2N1CCCN1CCCCC1,0.6852999925613403,0.8596475720405579,0.576715039935979,2.520389,-5.790650367736816,0.9732072949409484,0,0,0,0.375,4.113900000000003,0.6283395006069218
b998309dd02512672e547528bafae4f7,CCC1CCCCN1CCCNC(=O)Cn1ncc2c3cc(C)ccc3nc-2c1O,0.5429999828338623,0.5103872418403625,0.2300157756967978,3.167104,-8.523032188415527,0.9290508508682253,0,1,0,0.5217391304347826,3.3209200000000014,0.5850862470297841
adfd2cc0361117ade4948e103ff43eef,CC1(C)CCCC2(C)C3=C(CCC12)C(=O)OC3O,0.5271000266075134,0.9180278778076172,0.2812218178402293,4.087648,10.89022731781006,0.2920634292066097,0,0,0,0.8,2.7846000000000015,0.6723987168530581
a4d1ffe0a5bfeee633f91fc1b858b39e,Cc1ccc(O)cc1Nc1ccnc2ccc(-c3cccc(CN(C)C)c3)cc12,0.6766999959945679,0.992520809173584,0.5712262364951047,2.24676,-7.9011383056640625,0.967250120639801,0,0,0,0.16,5.721020000000005,0.4625941143419312
49e44459fddded3a0cb87171f7828bf4,N=C(N)c1cccc(-c2ccc3c(c2)c2cc(-c4cccc(C(=N)N)c4)ccc2n3S(=O)(=O)c2cccc(OC(F)(F)F)c2)c1,0.7781999707221985,0.9979718923568726,0.4029737494208596,2.884513,4.628375053405762,0.9403096675872804,0,1,0,0.0303030303030303,6.832240000000003,0.1131038066208905
ee81a2cd4e4e490c76b2137504c81c58,COC(=O)c1cnn(-c2ccc(C(=O)Nc3cccc(C(C)=O)c3)cc2)c1N,0.3995000123977661,0.5488376021385193,0.2450201247226108,2.062568,-10.06264591217041,0.5624123692512513,0,0,0,0.1,2.6959999999999997,0.520773463493814
148d9115a5c87dab74656fee776fb4c2,Cc1cc(C2CCCN2Cc2nc(-c3ccco3)no2)on1,0.3553999960422516,0.2972933053970337,0.0447091550370466,3.069193,-8.285609245300293,0.2982456058263779,0,0,0,0.4,2.963120000000001,0.7321934045544708
35508a82b1e1d667d5860c5d2467bd24,Oc1c(C(Nc2ccc(Cl)cn2)c2ccc(Cl)c(C(F)(F)F)c2)ccc2cccnc12,0.7975000143051147,0.9987607598304749,0.5546830594539642,2.998114,-11.43716049194336,0.8714575052261353,1,0,0,0.0909090909090909,6.8625000000000025,0.3464927197138877
4c8d1f738d425b5a0a0ba12e1aa04ad1,CC(C)CN1C(=O)C(=O)N(CC(=O)c2ccc[nH]2)C1=O,0.3996999859809875,0.5151682496070862,0.0558461087163199,2.586459,-6.5654425621032715,0.0204486795701086,0,1,0,0.3846153846153846,0.6441999999999994,0.4856449999161761
e1cdf102e9b1c8763e573c7513a3e80a,O=C(Nc1cccc(C(F)(F)F)c1)c1ccc(-n2cncn2)nc1,0.4988000094890594,0.8916424512863159,0.3574227690696716,2.159721,-8.624876022338867,0.4866776764392853,0,0,0,0.0666666666666666,2.9334000000000016,0.7997583226971828
17de55155a93f764ea17fe168f585ca3,COc1cc(NC(=O)C(F)(F)F)c(C(=O)c2ccc(C(F)(F)F)cc2)cc1OC,0.637499988079071,0.9393184185028076,0.4151920188557018,2.228156,-5.617861747741699,0.7538035988807679,0,0,0,0.2222222222222222,4.454400000000002,0.5723471885392158
e425eaa341e3afece4484b6176c0edfa,CN(C)C(C(=O)NCC1(O)CCCCC1)c1cccc(F)c1,0.428600013256073,0.3816658556461334,0.2691311199556697,2.795719,-6.37725830078125,0.4057009875774383,0,0,0,0.5882352941176471,2.2398,0.8769542397541314
a615dafe76c3a30c44977a1cc9e6e4f4,Cc1ccc(C(=O)NC(=O)c2ccccc2O)cc1,0.4140999913215637,0.9807143807411194,0.1645556471564553,1.604324,-9.415602684020996,0.1231650009751319,0,1,0,0.0666666666666666,2.2708200000000005,0.8088613105665585
a619ef22698f7b65925268024c7336e7,OC1(c2ccc(Cl)c(C(F)(F)F)c2)CCN(Cc2ccc(F)cc2)CC1,0.7218000292778015,0.9849324226379396,0.5871578563343395,2.257541,-8.920068740844727,0.9801437616348266,0,0,0,0.3684210526315789,4.981500000000003,0.7505870498082355
7cb58ef9261407d15bb8b702c8962c15,O=C(Nc1cc(C2CC2)[nH]n1)c1ccccc1Br,0.4589999914169311,0.92268306016922,0.2091978165236386,2.154578,-6.286930084228516,0.18637835085392,0,0,0,0.2307692307692307,3.3019000000000016,0.913823864096362
a217f9bc937858a79d6a5b3cc38e9257,O=C(NN=Cc1ccccc1O)c1cc(Cl)c[nH]1,0.4891000092029571,0.9640100002288818,0.3032415157014673,2.367508,-9.24630069732666,0.2691356673836708,1,1,0,0.0,2.1376,0.5859935954941857
80eed04a7fc4d1f09dade056beb72a68,NS(=O)(=O)c1ccc(-c2cc(-c3ccc(F)cc3)no2)cc1,0.4332000017166137,0.945233941078186,0.159042070873759,1.957246,2.53839111328125,0.3147238790988922,0,0,0,0.0,2.7951000000000015,0.8042550480733376
7d3a2f488143da80e56937390836984b,Cc1sc2ncn(CC(=O)NC3CCCCC3)c(=O)c2c1C,0.3734000027179718,0.4199336469173431,0.0809735207056457,2.222538,-11.94000244140625,0.1457980494946241,0,0,0,0.5625,2.523740000000001,0.9452751630823026
ab9600102d638392068d84a2c114c2af,O=S(=O)(Nc1cc(Cl)ccc1S(=O)(=O)C1CCC(O)C1)c1ccc(Cl)c(C(F)(F)F)c1,0.7127000093460083,0.978657364845276,0.2583659535104578,3.361428,-6.713413238525391,0.6173740923404694,0,0,0,0.3333333333333333,4.500100000000002,0.6074749088826416
58bcf536d2c891dad6338a1521b3778b,COc1n[nH]c2cc(NC(=O)NC(C)c3cccc(Cl)c3)nc(CO)c12,0.6777999997138977,0.9482805728912354,0.3063226111910559,3.177698,-7.74527645111084,0.3544509679079056,0,0,0,0.2352941176470588,2.9949000000000017,0.5473162422259655
6384db166edd7c6d84f757307bb290d1,O=C(NCC(=O)N1CCC(c2noc3cc(F)ccc23)CC1)Nc1ccccc1,0.5814999938011169,0.7808391451835632,0.1181795348159291,2.302246,-9.46882152557373,0.6960888743400574,0,0,0,0.2857142857142857,3.494600000000002,0.7066815979110297
a7ae14a2493a9e9f4043d4586f666832,O=C(Nc1ccc(-c2cc(C(F)(F)F)nn2-c2ccccc2)cc1)c1cccc(F)c1,0.7070000171661377,0.9876974821090698,0.4007376324046742,2.070117,-1.0973347425460815,0.9230945944786072,0,0,0,0.0434782608695652,5.949500000000003,0.4109484071871019
acad94d52b483bf82113c333c8142b53,CCCCN(CCCC)CC(O)c1cc(OCC)nc2ccccc12,0.5781000256538391,0.9546093344688416,0.3586102019656788,2.81662,-7.939946174621582,0.9506972670555116,0,0,0,0.5714285714285714,4.569100000000004,0.648474420317568
665514f832c539b000fe3e12a31dd86e,COC(=O)c1ccc(Cl)c(NC(=O)NC2CCCCC2)c1,0.5141000151634216,0.7838472723960876,0.1370723653923381,1.820164,-9.959287643432615,0.1058816969394683,0,0,0,0.4666666666666667,3.580800000000002,0.8384885495970419
b4f9c80ee64afe5abef5416c851577bc,O=C1CC2(C(=O)N1)C(=O)N(Cc1ccc(Br)cc1F)C(=O)c1ccc(F)cc12,0.6137999892234802,0.8847222328186035,0.1309028164568272,3.549843,7.731781482696533,0.3848141938447952,0,1,0,0.1578947368421052,2.1942000000000004,0.5632594871889265
69413c406a25b489c0f15ace455a1db1,Nc1ncccc1C(=O)NCc1ccc(Oc2cccc(F)c2)s1,0.553600013256073,0.8071316480636597,0.204747472974387,2.359568,-6.255589485168457,0.5927371561527253,0,0,0,0.0588235294117647,3.586700000000002,0.7421107416568183
a6eeef93639419d914ad242f4abc49f4,O=C(Nc1ccc(Cl)cc1)c1ccc(C(=O)O)c(NC(=O)c2cc(Br)cc(Br)c2O)c1,0.7807999849319458,0.99784654378891,0.1809264970096674,2.135473,-7.627071380615234,0.355708047747612,0,0,0,0.0,5.773400000000002,0.3118471410948844
904d7c3f3caa4fb7d465877d5b3c7fc6,CCCC1(CC(=O)O)CCCc2c1[nH]c1c(F)c(F)ccc21,0.6564000248908997,0.9771440625190736,0.246229329908436,3.326262,-3.774099588394165,0.1842844367027282,0,0,0,0.4705882352941176,4.295000000000003,0.8847640262743282
43d9b0c81bcaa1d0080f2bae06c5deea,CN(C)C1(C#N)CCC2(CC1)OCCO2,0.3348000049591064,0.6463276743888855,0.0498391333544118,3.698064,-2.895756959915161,0.1459823340177536,0,0,0,0.9090909090909092,1.1274799999999998,0.6505016425751466
ce60334a9e9b5e1e88b8e200fcac03eb,O=S(=O)(Nc1cccc(F)n1)c1ccc2c(c1)OCCC2c1ccc(C(F)(F)F)cc1-c1ccc(F)cc1,0.7764999866485596,0.99640691280365,0.4570175084200772,3.192285,5.3977837562561035,0.9313783407211303,0,1,0,0.1481481481481481,6.760800000000004,0.2219056223120387
85b6e8eee8116438251fe39845120d70,O=C(CCC1CCCCC1)Nc1ccccc1C(=O)N1CCOCC1,0.3562999963760376,0.3258413672447204,0.054947232065553,1.95614,-8.008992195129395,0.5644215404987335,0,0,0,0.6,3.458000000000002,0.889790784379616
ff07d5beedb4bc65e24a657e9cebd8d5,COc1cccc(C(C)N2CC(NC(=O)c3cn(C4CC4)nn3)C2)c1OC,0.5562000274658203,0.3852062821388244,0.0861310115592046,3.061782,-11.31541919708252,0.3845854192972183,0,0,0,0.5263157894736842,1.8053999999999997,0.7993729015185719
d0aa56fb578e4d2089c171ce80e46144,Cn1c2ccccc2c2nn(-c3ccccc3)c(=O)cc21,0.4090000092983246,0.8996275067329407,0.1861527805978601,2.121209,-4.583836555480957,0.4949135661125183,0,0,0,0.0588235294117647,2.8774000000000006,0.5356419816166317
63aa37223db151c818a16bee1c17998c,CCOc1cc(CNC2CCCC2)cc(Br)c1OCC(=O)Nc1ccccc1OC,0.6255000233650208,0.9084834456443788,0.2611230638894168,2.148671,-9.009449005126951,0.8794426560401917,0,0,0,0.4347826086956521,4.906100000000004,0.5093945533316021
e5dbd2c46bcb1e879ba396a2fd924831,COc1cccc(CNc2ccc3nn[nH]c3c2)c1O,0.4591000080108642,0.942057490348816,0.1367165618999437,2.518945,-7.78022575378418,0.3570975512266159,1,0,0,0.1428571428571428,2.2842,0.6771475940874775
eb8b74ae9a364b9837bee29ad7fc0740,O=C1CS(=O)(=O)C2(C(=O)N(Cc3ccccc3)c3ccccc32)N1c1ccc(F)c(Cl)c1,0.6280999779701233,0.9688299298286438,0.1969646296717903,3.473396,-12.173827171325684,0.7063204884529114,0,0,0,0.1304347826086956,3.6403000000000025,0.5854388502681943
53668ee87eff802bc707394282491cc2,CCOCCOC(=O)C(C#N)=C(NCc1nc(-c2ccc(C(F)(F)F)cc2)no1)SC,0.5906999707221985,0.961405873298645,0.2729702551256526,2.894456,-10.192585945129396,0.7338529586791992,0,1,0,0.3684210526315789,3.5228800000000016,0.2484255177703272
09f985879608f71e4994c006890bee99,C=CCSc1nc(-c2ccc(OCCC)cc2)n[nH]1,0.461899995803833,0.9422287940979004,0.1612770056182688,2.45573,-11.638419151306152,0.2615804940462112,0,1,0,0.2857142857142857,3.5386000000000015,0.6200329398559136
2572ddffc5ed748d249a90561da13600,Cc1ccc(C(=O)Nc2ccc(Cl)c(C(=O)Nc3ccc(-c4ncc[nH]4)nc3)c2)cc1,0.573199987411499,0.9587967395782472,0.3585164208303798,2.225175,-10.339850425720217,0.8311016321182251,0,0,0,0.0434782608695652,4.938120000000003,0.4164207096713455
ff0e9376cf62d100085bf5b1976d01ff,CS(=O)(=O)c1ccc2nc3n(c2c1)CC(N)C(c1cc(F)c(F)cc1F)C3,0.6448000073432922,0.95950049161911,0.2521951537240635,3.538436,7.629851341247559,0.8382861018180847,0,1,0,0.2777777777777778,2.524300000000001,0.6767094540327532
e199ad265d2f517e7bb339667f519b37,CC(=O)N1CCc2c(c(-c3ccc(C(F)(F)F)c(SCCN4CCC(F)CC4)c3)nn2CC(O)CN2CCCCC2)C1,0.7426999807357788,0.8954800367355347,0.4009087871421467,3.633684,-8.2930326461792,0.9590308666229248,0,0,0,0.6666666666666666,4.846300000000005,0.3234616421952543
3035d1b8fbd22b03e6b7b81853cb82ba,CNC1C(O)C2Oc3c(cc(O)c4c3C(=O)c3cc5c(c(O)c3C4=O)C(OC)CC(C)(O)C5)C(C)(O2)C1O,0.7768999934196472,0.9963189363479614,0.61383294923739,5.817791,7.527171611785889,0.4371178776025772,1,0,0,0.4814814814814814,0.5315999999999994,0.2742341095029647
995b2e0502c0f0f465e70dc2704f03ac,CC1NC(=O)N(c2cc(Cc3n[nH]c(=O)c4c3NCCC4)ccc2F)C1=O,0.5648000240325928,0.5875696539878845,0.1376959437673742,3.447762,-10.09047794342041,0.152734550833702,0,1,0,0.3333333333333333,1.3025999999999995,0.7053110974694353
718021a59f0d802e27fd72d6b36259bd,COc1ncc(-c2cc(F)ccc2C2Cc3nc(N)nc(C)c3C(=O)N2)s1,0.6319000124931335,0.940576195716858,0.341030362654816,3.53305,-0.8399882316589355,0.636396861076355,0,0,0,0.2222222222222222,2.6656200000000005,0.7184968872135343
425cb54233dd00ed771808879e142359,Cc1cc2nc(CSc3ccc(Cl)cc3)cc(O)n2n1,0.4683000147342682,0.9397358894348145,0.193982532755895,2.466278,-9.626219749450684,0.1009428963065147,0,0,0,0.1428571428571428,3.6890200000000015,0.7498305064804883
7f094c80dfe54ec07858b60d61037c0d,CC(C)(C)c1ccc(OC(=O)C2CCC(CNC(=N)N)CC2)cc1,0.5529999732971191,0.9216898083686828,0.1780632791871374,2.328794,-0.329972892999649,0.4230403304100036,0,1,0,0.5789473684210527,3.1789700000000014,0.3420948537291453
8ae0f56dd9b85f605b1c8fc775205dd7,COc1ccc2c(c1)C13CCCCC1C(C2)N(CC#N)CC3,0.455700010061264,0.7586431503295898,0.1525875205539209,4.250519,8.655428886413574,0.9230392575263976,0,1,0,0.631578947368421,3.277180000000002,0.7858613654550729
eebab75bd526e0c5737d7341e887a5a5,N#CC(CCc1ccc(Cl)cc1)(Cn1cncn1)c1ccccc1,0.54830002784729,0.9742128252983092,0.2019853388721292,2.880215,2.5516555309295654,0.7526603221893311,0,0,0,0.2105263157894736,4.025880000000003,0.6826282635068338
a6d1087d29bc33be2f461b033cd1d74d,CCCCCc1ccc(C#Cc2nc(C(N)=O)nn2COCCO)cc1,0.5515999794006348,0.8698725700378418,0.2797501259906725,2.826634,-2.142132520675659,0.6785119891166687,0,1,0,0.4210526315789473,1.4759,0.5231069724714213
93ff45ee8550de184ff7d0db44d38d58,CCC(C)(C)c1ccc(OCC(O)CN2CCCCC2)c(C(C)(C)CC)c1,0.6880999803543091,0.8916753530502319,0.5263645852153952,2.878024,-3.1765310764312744,0.9714311361312866,0,0,0,0.75,5.287400000000006,0.6365874569593629
9514492ff5c0839d97e84d20eff7d8e4,CCCN(c1cc2cc(c1)C(=O)NC(C)CCc1cccc(c1)CC(C)(N)COC2)S(C)(=O)=O,0.6401000022888184,0.8622158765792847,0.0836072940040718,5.583777,2.490248680114746,0.9110095024108886,0,0,0,0.5,3.403800000000002,0.6882586519967286
c0397e52051b61d7ba10a6427804b270,CCOCC(O)Cn1nnnc1-c1ccccn1,0.3093000054359436,0.5789384841918945,0.0419099818660899,2.904277,-10.86119556427002,0.0098281644517555,0,0,0,0.4545454545454545,0.1324999999999996,0.7829308752816557
a56c25f1171cc1ac433d78651d054357,CC(C)c1ccc(CNc2nc(NCC3CC3)nc3ccsc23)cc1,0.6926000118255615,0.9906024932861328,0.3316781453110955,2.369692,-10.296892166137695,0.7985776543617249,0,0,0,0.4,5.248700000000005,0.6096821811891877
01134ab3884169a0e7dc7caa6ff978fe,C(=CC1CCCN(CCc2ccccc2)C1)c1ccccc1,0.4736999869346618,0.92297625541687,0.4668750762939453,2.426129,-3.2698957920074463,0.981236732006073,0,0,0,0.3333333333333333,4.654500000000004,0.774511425139282
ae1f20f54799a1f9e481cc1aff2b0b23,O=C(COCC(=O)N1CCCCC1)Nc1ccccc1,0.2967999875545501,0.4382570683956146,0.0449453368782997,1.722335,-7.1336517333984375,0.3519701808691025,0,0,0,0.4666666666666667,1.6541999999999992,0.8893805630560107
a22ac294160d737aeeed7f85f11183f3,CC(C)(C)c1cccc(C2=Cc3ccccc3C3=NCCN23)c1,0.5702000260353088,0.9835729598999025,0.2295428121631795,2.580219,-4.761760234832764,0.9340999364852904,0,1,0,0.2857142857142857,4.558000000000005,0.7538471796149206
8b86fcf4a3045d1848b81e7455ab0fa8,COc1ccc(C(=O)Nc2sc(Cc3ccccc3)cc2C(N)=O)cc1,0.5871999859809875,0.9236993193626404,0.191221033307639,1.943406,-6.22294807434082,0.5675963640213013,0,0,0,0.1,3.6987000000000014,0.6978461154899119
7eb5254391639cf1996bc5ded6b36d78,Oc1cc(C(F)(F)F)nc(NCc2ccc3ccccc3c2)n1,0.6521999835968018,0.9857012033462524,0.3306634250012311,2.291068,-10.087081909179688,0.7125838160514831,0,0,0,0.125,3.966300000000002,0.7668603564458101
765ce85e885604829fc60ae724dcba2d,COCCN(C(=O)COc1ccc(Cl)cc1)c1nnc(-c2cccnc2)s1,0.4462000131607055,0.8298924565315247,0.1925837079232389,2.352072,-5.795365333557129,0.4921392440795898,0,0,0,0.2222222222222222,3.3119000000000023,0.572826951837664
4e53bf0024c1a70ce663e13685d06339,CCOC(=O)CCCCON=C(c1cccnc1)c1cccc(CNS(=O)(=O)c2ccc(Cn3c(C)nc4cnccc43)cc2)c1,0.5827999711036682,0.9555876851081848,0.1249390593306584,2.959668,-5.280482292175293,0.9559377789497376,0,1,0,0.2647058823529412,5.1639200000000045,0.0716823788478732
31626a67a94bbc203c2ba0e3e2cea823,Cc1cc(S(=O)(=O)NC2CCCCC2)ccc1OCC(=O)NCC1CCCO1,0.3901000022888183,0.3848980665206909,0.0946049978109923,2.662032,-10.832375526428224,0.3897467195987701,0,0,0,0.65,2.2800199999999995,0.6857631595775999
510ce90004b4e0f8d183da2503c60028,Cc1ccc(C[n+]2ccn(Cc3c4c(cc5c3OCC5)OCC4)c2)cc1,0.5706999897956848,0.8841372132301331,0.2846004163677042,3.062292,-6.246547698974609,0.9550657749176026,0,1,0,0.3181818181818182,3.0504200000000017,0.6785449446169033
d456309351bdc400ba94ea4650b9e955,CC1c2ccc(-c3ccc([N+](=O)[O-])cc3)c(O)c2C(=O)C2=C(O)C3(O)C(O)=C(C(N)=O)C(=O)C(N(C)C)C3C(O)C21,0.8278999924659729,0.999049723148346,0.1670184572311965,4.558523,7.866878509521484,0.4840534329414367,0,1,1,0.3214285714285714,1.2276000000000002,0.1755248470696991
995e0d699dd249daf5e5cddd3928c060,CN(C)C(=O)Oc1ccc(C(N)CCOc2ccc([N+](=O)[O-])cc2)cc1,0.4887999892234802,0.8297791481018066,0.2632424932989207,2.62145,-8.296113014221191,0.7677932262420655,0,1,0,0.2777777777777778,3.124100000000002,0.6009170789510309
baaeb857d23497e4e338efe94739488c,COC(=O)CCCNC(=O)NCc1cc(O)c(O)c(Br)c1Br,0.5586000084877014,0.930917263031006,0.0699576208029281,2.553759,8.54224681854248,0.4890682101249695,1,1,0,0.3846153846153846,2.3752000000000004,0.3089168462618706
84b1dc7c15bc1e97b4ce60ac843fec61,CCC(=O)N1CCC(Oc2ccc3c(c2)N(c2cncc(S(=O)(=O)N4CCN(C)CC4)c2)CCO3)C1,0.5968999862670898,0.4348726570606231,0.0634339123286984,3.278323,-7.920657157897949,0.7644299864768982,0,0,0,0.52,1.9378999999999995,0.5761821253946277
25dc5fc8f7050b4ff1c0b87178a0328f,CC(=O)NCC1CN(c2ccc(N3CCC4(CC3)NCCO4)c(F)c2)C(=O)O1,0.7713000178337097,0.7041977643966675,0.097777938300913,3.911059,-10.056388854980469,0.2837523058056831,1,0,1,0.5789473684210527,1.2032999999999998,0.8014517527027583
231e07e744f76aa4428557fc40b3c1f6,Cc1nc(C)c(CCNC(=O)NCc2nc(C3CC3)no2)s1,0.4041999876499176,0.4963451623916626,0.0344684510703452,2.628911,-11.794632911682127,0.030480689741671,0,0,0,0.5714285714285714,2.06224,0.8492816822177677
ec70e734c2976d151c996abec6217241,O=C(COc1ccccc1C(=O)Nc1ccccc1F)Nc1ccc(Br)cc1,0.5062999725341797,0.947262406349182,0.2314991768110882,1.753283,-10.001173973083496,0.846491003036499,0,0,0,0.0476190476190476,4.858000000000002,0.5722017511050798
1f6bc134ed9934c29e2248d4b8a2c388,O=C(C=P(c1ccccc1)(c1ccccc1)c1ccccc1)c1ccc(-c2cccs2)cc1,0.6383000016212463,0.9950595498085022,0.3233817544850436,2.521028,-5.581857681274414,0.593095326423645,0,1,0,0.0,6.394100000000005,0.2109763363511149
642ef87d2cd9b9895a2346c09a6df85a,CCCCN(C(=O)C(C)(C)C)c1nc(C)co1,0.3305000066757202,0.6484476327896118,0.0802731403911655,2.84263,0.7110171318054199,0.1323964521288871,0,0,0,0.6923076923076923,3.1622200000000023,0.8090490442055659
269d6625016636b7f88079ccf923a439,COc1ccc(CCC(=O)C=C(O)C(F)(F)C(F)(F)F)cc1,0.5878999829292297,0.959132194519043,0.254025478254665,2.591203,-6.860509872436523,0.4214247733354568,0,1,0,0.3571428571428571,3.836400000000002,0.4912651027100372
2327c90ec410b4393ff057ba0e0d6ec6,Oc1cc(N2CCCCC2)c(-c2ccccc2)nn1,0.4544999897480011,0.839572548866272,0.1068203640593723,2.254388,-5.119961261749268,0.2920720815658569,0,0,0,0.3333333333333333,2.8395,0.8961006933406815
c1bd7e59693ba6238780ba425a0c2922,Cc1ccc(CN2CC(C(=O)NCC(=O)Nc3c(C)cccc3C)CC2=O)cc1,0.3819999992847442,0.3792447447776794,0.0872948095202446,2.483806,-8.920989036560059,0.6387961626052856,0,0,0,0.3478260869565217,2.7152600000000007,0.7920945574814455
4368f244846115b094b33e14bc10e6c6,C[S+]([O-])CC1C2CCC3(CCC4C(C)(C(=O)O)CCCC4(C)C3C2)C1O,0.6743000149726868,0.957135796546936,0.1990576860579577,6.30853,10.275822639465332,0.2698845542967319,0,1,0,0.9523809523809524,3.449400000000003,0.7327429004324475
f158929aabbc01893e2e2976745a0211,CCCCCCCCCCC1(C)SC(O)=C(Cc2ccccc2)C1=O,0.6098999977111816,0.945114254951477,0.2394818324934352,3.048056,6.013250350952148,0.5714851379394531,0,1,0,0.5909090909090909,6.604100000000007,0.4514219980519533
1486995da72ead6242d4576695088d94,CN(CCOCCOc1ccc2ccccc2c1)Cc1ccccc1,0.4806999862194061,0.9694443345069884,0.5335005901076577,1.856123,-10.510087966918944,0.9828027844429016,0,1,0,0.2727272727272727,4.367200000000004,0.5421597789309638
a74c318ec43a06572ce41274e2c46b01,NC(=O)c1nn(CC(=O)N2CC(F)CC2C(=O)Nc2cccc(OC(F)(F)F)c2F)c2ccc(NC(=O)Nc3ccon3)cc12,0.6589000225067139,0.9520424008369446,0.2479159588163549,3.934911,10.924101829528809,0.8547773838043213,0,0,0,0.2307692307692307,3.3826,0.2120029512856791
4f85f9c669cd7cdac8392bef346b3749,CCCCOc1ccc(S(=O)(=O)N2CCC(NCC(O)COc3cccc4[nH]c5ccccc5c34)C2)cc1,0.7017999887466431,0.951776385307312,0.4186907248063521,3.230136,-2.9103055000305176,0.984997034072876,0,1,0,0.3793103448275862,4.292500000000003,0.2330385769012821
33f3112931b4df2371df4373d08eae9c,O=C(CNC(=O)c1ccc(Oc2ccccc2)cc1)Nc1nccs1,0.3980000019073486,0.7363178133964539,0.1886743672869422,1.851698,-10.680203437805176,0.4908113241195678,0,0,0,0.0555555555555555,3.3039000000000014,0.7124292572697065
850b6ff1f912d08e1b92a27157fa1780,CC(CCNC(=O)CC1CCN(S(=O)(=O)c2ccccc2)CC1)N1CCCCCC1,0.4751999974250793,0.5568162798881531,0.0853027484633705,2.685403,-9.299164772033691,0.9143263578414916,0,0,0,0.6956521739130435,3.2482000000000015,0.6805245171020811
a2e74195909b52cbfd5b5a9cf4451b29,COC(=O)c1cc(OC)c(OC(C)=O)c2oc3cc(C)ncc3c(=O)c12,0.4783999919891357,0.828628420829773,0.2012725587595593,2.678885,7.032765865325928,0.2711753398180008,0,1,0,0.2222222222222222,2.37012,0.3995835540653632
aa38534b5149046435849df86a243036,O=C(CCCc1ccccc1)NC1CC(O)C(CO)C1,0.3587000072002411,0.7486454248428345,0.093479386954145,3.040077,-0.792742133140564,0.1065631497651338,0,0,0,0.5625,1.2573,0.7329032562551011
b8ba9827585e4bde92f7c44fffa7733c,OCC(O)Cc1ccc(O)c(-c2ccc(O)c(CC(O)CO)c2)c1,0.5806000232696533,0.9729238152503968,0.266156097704714,3.199506,11.333151817321776,0.3935817658901214,0,0,0,0.3333333333333333,0.5562,0.4398868615481547
686990032852d1217840109c652d8d1d,Cc1nnc(-c2ccccc2-c2cccc3ccnn23)o1,0.4722000062465668,0.937099814414978,0.1082786656916141,2.57557,-10.39122486114502,0.2188622653484344,0,0,0,0.0625,3.359720000000002,0.5630372173509766
056f81d84c16000916ebfc7b41ea9c82,COC(=O)c1cccc(C2CC(=O)Nc3c2cnn3CC2CCCCC2)n1,0.5863999724388123,0.705661416053772,0.1343525695529851,3.339245,-3.782091856002808,0.362654772400856,0,0,0,0.5,3.1191000000000013,0.8381703625634471
5c0f959ca69898de171e697a253bb6af,C=C(C(=O)OC)C(c1ccccc1)C(O)Cc1ccccc1,0.4589999914169311,0.9608609676361084,0.2745023586533286,2.867081,8.821942329406738,0.5536092221736908,0,1,0,0.2105263157894736,3.1030000000000015,0.6579282604801538
cb16b9ef49486e74bc5c892c6a50f8d3,CC(C)c1ccc(C2NC(C(=O)O)CS2)cc1,0.4684000015258789,0.8896870613098145,0.1555413357405499,3.04269,-4.185171127319336,0.0166136301122605,0,0,0,0.4615384615384615,2.5982000000000003,0.8666685062727363
36fec45f884b8fa593b5e9b6a3e9f8cf,CCOC(=O)C(NC(=O)CCc1nc(C)c(-c2ccccc2)o1)C(C)CC,0.3657000064849853,0.719826340675354,0.2011779424819079,3.026432,-6.941072463989258,0.3254434198141098,0,0,0,0.4761904761904761,3.6766200000000024,0.6792385649781126
0d8ce22ee7530e2a924a59591f788045,Cc1ccc(CN(Cc2ccccc2)C(S)=NCC(=O)NCc2cccnc2)o1,0.3959999978542328,0.6824368834495544,0.1032419777051969,2.666949,-8.851431846618652,0.8978137850761414,0,1,0,0.2272727272727272,3.5874200000000016,0.339504396543641
45a1f29b04c91b77b4a847562ebae06e,CC1(N)CCN(c2nc3[nH]nc(-c4cccc(Cl)c4Cl)c3nc2-c2cc[nH]n2)CC1,0.695900022983551,0.9654855132102966,0.5883010598746213,3.564065,-9.330639839172363,0.9242160439491272,0,0,0,0.3,4.034400000000002,0.4407812411066432
cd811a6709b17d093a1abd153713c410,N#Cc1cc(-c2ccccc2)n(-c2ccc(Cl)cc2)c1N,0.5180000066757202,0.987477481365204,0.2288932759653438,2.109471,-4.7167205810546875,0.6064051389694214,0,0,0,0.0,4.2515800000000015,0.7676128414220906
b742863985ab84a9f6fbca4a9d7609ec,CCC(C(=O)NCC1=CCCN(C)C1)c1ccccc1,0.3278999924659729,0.4566059708595276,0.0931594205850904,2.828515,-7.328118324279785,0.4138932168483734,0,1,0,0.4705882352941176,2.558300000000001,0.8355453453810705
cac6ed9b6b8e430c26c14603e45a77e0,CN(c1ccccc1-c1ccc2cnc(Nc3ccc(C4CCN(CC(N)=O)CC4)cc3)nn12)S(C)(=O)=O,0.6359000205993652,0.917445719242096,0.3085090192881497,2.867526,3.8467788696289062,0.8605108618736267,0,0,0,0.2962962962962963,3.200400000000001,0.3561985439793888
e1aed1541fef084843895dc250cea0e9,CN(CC=Cc1cccc([N+](=O)[O-])c1)Cc1cccc2ccoc12,0.5436000227928162,0.9705142378807068,0.3820953518152237,2.571617,1.4181565046310425,0.9574159145355224,0,1,0,0.1578947368421052,4.486200000000003,0.4955156260603274
0fd8ebdb2d71446d470d55b679ca0cda,CCNC(=O)c1c(C)c(Cl)cc(C(C)n2nc(-c3ccc4oc(N)nc4c3)c3c(N)ncnc32)c1OCC,0.6952000260353088,0.953218400478363,0.3690816204656254,3.689079,0.4954268634319305,0.8505703806877136,0,0,0,0.2692307692307692,4.5184200000000025,0.2724426521848825
16f2aa35d215d0d06a283fef78c35715,Cc1cc(-n2nc3c4cc(F)ccc4[nH]cc-3c2=O)cs1,0.5170000195503235,0.7816474437713623,0.1598974283445965,2.763011,-10.257505416870115,0.5164914309978486,0,0,0,0.0666666666666666,3.327620000000002,0.5859088886285655
2222e07c5fdc687f3961701a7f6eebe7,COc1ccc(NC=CC(=S)c2ccc(OC)cc2)cc1,0.3689999878406524,0.929997980594635,0.4018104929815639,2.097664,-5.591297149658203,0.5810217678546905,1,1,0,0.1176470588235294,4.047600000000003,0.4951003826758017
23068fc1013360232f5cce3dc6bb1cbb,O=C(O)CCCC1CC2CC(C=Cc3ccccc3)(Oc3cc4c(c(O)c32)C(=O)CC(c2ccccc2)O4)O1,0.776199996471405,0.997279942035675,0.2676372924311594,5.034086,10.687376976013184,0.2163631305098533,0,0,0,0.3125,6.4183000000000066,0.3663011558735088
ec6abd60e51b424f2303d6b90059ab16,COc1ccc(-c2nc(CCCCC3COC(C)(C(=O)O)OC3)c(C)o2)cc1,0.5141000151634216,0.8348830342292786,0.1072589223357764,2.715773,4.017879009246826,0.3088526174426079,0,1,0,0.5238095238095238,3.8352200000000023,0.6860455159994597
9bbc9c1861b1ae61765e48d3cac95826,CCCSc1nc2cc3c(cc2o1)C(=O)c1ccccc1C3=O,0.5913000106811523,0.9853063225746156,0.3191636848178776,2.403106,-8.443177223205566,0.4992238759994507,1,0,0,0.1666666666666666,4.105300000000003,0.5311006770066161
e098561c7ba4a4c26c722a7c0dab135e,O=C(CN1CC(c2ccccc2)CC1=O)NN=Cc1cc(Br)ccc1O,0.6373999714851379,0.8731580376625061,0.1556012031029571,2.807899,-8.297234535217285,0.6678596496582031,1,1,0,0.2105263157894736,2.620900000000001,0.580986701128136
08839cb05600db09231a31ed1c590270,O=C1C=CCC(CC(O)CCCCc2ccccc2)O1,0.5044000148773193,0.9560141563415528,0.3732600279829718,3.112499,9.97926425933838,0.5465840101242065,0,1,0,0.4705882352941176,3.022100000000002,0.6138561485541573
eb0a6d4d2b24795bcc3783fe3beebd40,NCCCCC1(C(=O)O)CN(CC2CCCCC2)CCP1(=O)O,0.5896000266075134,0.8919360041618347,0.2033656104044481,4.122571,11.28329849243164,0.2298606276512146,0,1,0,0.9375,2.1050999999999997,0.4816987430618523
9f350954d467346dedcfd60d41e89cc4,CC(=O)Nc1ccc(C2=CC3CC4(CN3Cc3ccccc3)OC(=O)C=C24)cc1,0.6891999840736389,0.9206637740135192,0.3091793317686427,4.741629,-1.6041375398635864,0.8569140672683716,0,0,0,0.25,3.538500000000002,0.8169347197252674
06943d406deff90969398c803c4feb91,Cc1c([N+](=O)[O-])cc(C(C)(C)C)c(O)c1C(=O)Nc1ccc(Br)cc1C(F)(F)F,0.7666000127792358,0.9987239241600036,0.4066171808676286,2.589349,-8.885233879089355,0.7801560640335083,0,1,0,0.3157894736842105,5.939920000000004,0.4247002440838211
23349806edc45b9bacacf9fb086f2b0d,CC1(C)Cc2c(ccc3[nH]ncc23)C(c2ccc(OCCN3CC(CF)C3)cn2)N1CC(F)F,0.7764000296592712,0.8712002635002136,0.4330249659039757,3.920598,-8.403714179992676,0.9863830804824828,0,0,0,0.52,4.229200000000003,0.5307994179266605
4ce9cede249a1dc11a0d6a2fdb84a852,COc1ccc(C(=O)Nc2ccc3c(c2)C(=O)NC3)cc1Br,0.4668000042438507,0.8147078156471252,0.1407389176840132,2.090937,-6.003713607788086,0.6646452665328979,0,0,0,0.125,2.953400000000001,0.8834908814987865
06e9729ec98ab9e3396a1df09570dee9,CN(C)C(=O)c1cccc2c1nc(-c1c(F)cccc1F)n2Cc1c(F)cccc1F,0.5478000044822693,0.9217075109481812,0.2365123480558395,2.517036,-7.46319580078125,0.968734610080719,0,0,0,0.1304347826086956,5.009800000000004,0.4296777081818777
b38be66f70593647042c58977fc74f6f,CC(C(=O)NC1CCN(Cc2ccccc2)CC1)N1C(=O)N2CCc3c([nH]c4ccccc34)C2(C)C1=O,0.6571999788284302,0.8458467125892639,0.2572639286518097,3.372754,10.048016548156738,0.8512538552284241,0,1,0,0.4137931034482758,3.372700000000001,0.527126701546149
68ce3c788b1fd8a9d47eddd93aa31a3d,Nc1nc2ccccc2n2c(=O)c(-c3ccc(F)cc3)nn12,0.4523000121116638,0.9100366234779358,0.1712897721339356,2.68337,-7.59007453918457,0.5436960875988006,0,0,0,0.0,1.7305,0.5798864951981159
7898620624aecf9fca36f14594aa8b1d,Cc1oc(C)c(-c2ccc(N(C)C3CCCCC3)c(NC(=O)Nc3ccc(F)cc3F)c2)c1C(=O)O,0.7414000034332275,0.9901179075241088,0.2349397133697163,2.702058,-5.035029411315918,0.4659916013479233,0,0,0,0.3333333333333333,6.952740000000005,0.3424595834394029
195102dd7cc2b2a3aee0cc728735253c,O=C(NS(=O)(=O)CC1CCOCC1)c1conc1-c1ccc(Cl)cc1,0.5324000120162964,0.695522129535675,0.1073135052892294,2.724469,-5.430893898010254,0.1891617327928543,0,0,0,0.375,2.4812000000000003,0.8497919068992281
ddd71359f74d2290cf3f47716c96f8e4,COC(=O)COc1ccc2c(=O)c(Oc3ccccc3Br)coc2c1,0.5947999954223633,0.9027950763702391,0.1776849187233231,2.238143,1.2514724731445312,0.5717715919017792,0,0,0,0.1111111111111111,3.899600000000002,0.5998305005424245
d12dff929d34bd81c18b1a136565c5fe,Oc1ccc(CCNCC(O)Cn2c3ccc(Br)cc3c3cc(Br)ccc32)cc1O,0.7807999849319458,0.998380482196808,0.6181518516757272,2.911478,4.636866569519043,0.9515230774879456,1,1,0,0.217391304347826,4.923900000000005,0.2006599606883578
38bcc32b847e6958cfe6260843f84c44,CN(C)CCCOC(=O)Nc1cccc(Cn2nc(-c3ccc(F)cc3)ccc2=O)c1,0.5720999836921692,0.8433293700218201,0.2570911720395088,2.22855,-7.778138160705566,0.9515266418457032,0,1,0,0.2608695652173913,3.5979000000000028,0.559429739014147
3efe80d209e148b967c4eb79b2e5c36e,CC(C1CC1)N1C(=O)C2(CC2)c2cnc(NC3CCN(S(=O)(=O)c4ncc[nH]4)CC3)nc21,0.593999981880188,0.7436467409133911,0.0698146306994286,4.274699,0.3330928981304168,0.807502269744873,0,0,0,0.6190476190476191,1.6415999999999995,0.6756416934591118
3ade5e7dbb7f355c67e996ef6d254cba,N#Cc1ccc(N2CCC(Nc3ncnc4nc(N)ccc34)CC2)cc1,0.5856000185012817,0.9653870463371276,0.5221615677530115,2.473065,-8.959797859191895,0.8198392629623413,0,0,0,0.2631578947368421,2.5595800000000004,0.7515147765518978
7ad8fc0629d0c11ce4af5b23d18dc20e,CC(C)n1ncc2nc(-c3ccc(N4CCN(C(=O)Nc5cccc(N(C)C)c5)CC4)cc3)[nH]c21,0.5792999863624573,0.8784649968147278,0.1879582913084463,2.722888,3.6628878116607666,0.9493079900741576,1,0,0,0.3461538461538461,4.427400000000003,0.4489523055875168
03bc199717f456d1a6e44568275cc69e,CCc1c(C)sc2ncnc(-c3ccc(S(C)(=O)=O)cc3)c12,0.4467000067234039,0.9054883122444152,0.1510037745941769,2.372107,1.2372373342514038,0.258674044907093,0,0,0,0.25,3.632620000000003,0.7346206650804041
94540259e564ecfeca731eef2e20e242,CCNc1ncc2nc(C)c(=O)n(Cc3ccc(F)cc3)c2n1,0.4208000004291534,0.7467160224914551,0.1606103710152886,2.279803,-9.121110916137695,0.7869388818740845,0,0,0,0.25,2.11412,0.7984704410088963
e535010890396ef94840951c1553120a,COc1nc(-c2ccc3c(c2)S(=O)(=O)c2ccccc2C3=O)no1,0.5490000247955322,0.9590359926223756,0.1290106072344563,2.685819,-7.604391098022461,0.2778158709406852,0,0,0,0.0625,2.1224,0.5499101055161831
2f4d40e520ecb619a4c3288eb4d2c10b,Cc1ccc(C2=Nc3ccccc3N(C(=O)c3ccccc3)C(C)C2)cc1,0.5321000218391418,0.9524042010307312,0.2119764644991267,2.576636,-7.5444793701171875,0.9083655476570128,0,0,0,0.1666666666666666,5.554820000000005,0.5932751081739722
7a9ce920853c3b1837ae1710a661c9c9,CC1(C)CC(=NOC(=O)c2ccccc2NC(=O)c2ccccc2F)c2c(-c3ccc(F)cc3)noc2C1,0.6067000031471252,0.979182243347168,0.3063346689397638,2.754396,-7.899786949157715,0.8615128755569458,0,1,0,0.1724137931034483,6.405600000000005,0.2450335176270487
667f04831552178418881aef7de9faf8,O=C1CCOc2ccc(-c3ccc(N4CC(CO)OC4=O)cc3F)cc2N1,0.8170999884605408,0.7641663551330566,0.1959060261195356,3.012763,-6.875369071960449,0.4322125941514969,0,0,1,0.2631578947368421,2.5312,0.8645024589782472
f794ed80d5723804690cadd12c0ec1db,CC1CN(C(=O)N2CCOCC2)CCN1C(=O)N1CCOCC1,0.4113000035285949,0.2627448737621307,0.0409539056338623,2.879965,-10.421271324157717,0.1998613685369491,0,0,0,0.8666666666666667,-0.1030999999999977,0.6233428360729003
631556e9603d816705465cbfede7cbc1,Cc1ccc(F)cc1Oc1nc2cc(F)c(N(C)C(=O)C=CCN(C)C)cc2n2cncc12,0.5990999937057495,0.93055260181427,0.4685632532293146,3.176491,-2.7302582263946533,0.9423090934753418,0,1,0,0.2083333333333333,4.342020000000003,0.4082764244965133
894afe8f6a92f5aece12c90dc640be5e,CSc1nn(-c2c(Cl)cc(Cl)cc2Cl)c2nc(C(C)O)[nH]c(=O)c12,0.5823000073432922,0.9890071749687196,0.3644924461841583,3.375679,8.681265830993652,0.3584691941738128,0,0,0,0.2142857142857142,3.844200000000002,0.6467511262192711
c06a3e1808676a943c6ec596c9adf94a,NC(=O)CCc1nc(CCc2ccccc2)no1,0.3046000003814697,0.5675672888755798,0.0741382266648791,2.00361,-9.110983848571776,0.0238519860431551,0,0,0,0.3076923076923077,1.2726999999999995,0.8304818474790796
53fe9a9fd47f1d1b4e276bf6f394eb30,CC(CN)NS(=O)(=O)c1ccc(-c2cccn3ccnc23)c(-c2nn[nH]n2)c1S(N)(=O)=O,0.5401999950408936,0.8431078195571899,0.1137617552144961,3.651055,5.802489280700684,0.4621589630842209,0,0,0,0.1764705882352941,-0.545699999999999,0.2690682895076149
7be4d8cd944d8ad74905584ec8965dd7,NCC1OC(CC2CCCC2)Cc2c1ccc(O)c2O,0.6079000234603882,0.9723920226097108,0.329030692577362,3.560877,10.949223518371582,0.5046287775039673,1,1,0,0.625,2.619200000000001,0.7423352564613028
47e4ebbdaed5fcd9ed4ca5ca8f922cbd,CC(C)Cc1nc(N2CCOCC2)c(C#N)c2c1CCC2,0.4603999853134155,0.5767384767532349,0.103554458272728,2.572218,-10.651270866394045,0.8109480619430542,0,0,0,0.6470588235294118,2.477080000000001,0.8558085902852383
b7c91336b7ee7a1de3312613b0723a11,Cc1cc2c(cc1C)C(C)(F)C(=O)N2CC1CCC(NC(=O)c2cc(Cl)cnc2C)CC1,0.6151000261306763,0.9156373739242554,0.2821000516414642,3.288632,-10.970269203186035,0.6051127076148987,0,0,0,0.48,5.180360000000005,0.687567054111217
459c4c96314f37572e59562da79b89a2,COc1ccc2c(c1)c1c(n2C(=O)c2ccc(Cl)cc2)CC(C)(C)CC1=O,0.582099974155426,0.971184015274048,0.304543981497938,2.41489,-4.580265998840332,0.521379429101944,0,0,0,0.2727272727272727,5.146900000000004,0.6165740547867823
65f219f83c8f516176cd240adc763aa7,COc1ccc2c(c1)C(=C1SC(=Nc3nc(C)c(C(C)=O)s3)NC1=O)C(=O)N2,0.6825000047683716,0.9582246541976928,0.1895110248164697,3.244673,-5.924922943115234,0.5394817471504212,0,1,0,0.1666666666666666,2.87662,0.590357775088689
a824a1b190dcfaeb1c52f034aa1ae146,CC(=O)OC12C(O)=C(C(N)=O)C(=O)C(N(C)C)C1C(O)C1C(C(=O)c3c(O)cccc3C1(C)O)C2O,0.7720000147819519,0.9973456859588624,0.1583637354726141,5.045036,8.400042533874512,0.0795915119349956,0,1,0,0.5,-1.5077999999999971,0.2059352803835805
c13c00f19215693bec8cd096dcfd3db3,CCN1CCN(S(=O)(=O)c2ccc(Cl)c(C(=O)Nc3sc4c(c3-c3nc5ccccc5[nH]3)CCCC4)c2)CC1,0.6678000092506409,0.9309883713722228,0.39437759058042,2.653077,-4.709079742431641,0.973361337184906,0,0,0,0.3571428571428571,5.402100000000004,0.3165372706199754
f9a71f56ddc99bcb914cd5a64eee7163,COc1ccc(CCN(C(=O)NCc2ccccc2)C(CCSC)C(=O)NC(CC(N)=O)C2OC3OC(C)(C)OC3C2OC)cc1,0.6424999833106995,0.8064616918563843,0.1347053381191058,4.43955,7.602804183959961,0.6823110699653625,0,0,0,0.5454545454545454,2.8228000000000035,0.2474754576999962
63acba30e52675036b0224ee13218599,CC1=C(OC2OC(COC(=O)CC(=O)O)C(O)C(O)C2O)C(=O)C(C)O1,0.5918999910354614,0.9180891513824464,0.0989098901098424,4.315704,10.330771446228027,0.0033341864997055,0,1,0,0.6666666666666666,-1.952199999999998,0.2999972612584139
e1b8c6ae904cfac3b1b04d89ec3fd686,O=C(C=Cc1ccc(O)cc1)OC1CC(O)(CO)C2C(OC3OC(CO)C(O)C(O)C3O)OC=CC12,0.5985999703407288,0.9276322722434998,0.3258421231399883,4.94248,9.194751739501951,0.3593495845794677,0,1,0,0.5416666666666666,-1.636799999999999,0.1635556831786807
5a9fade6ba491c37d9e2ffe8a05913ff,COc1ccc(CNS(=O)(=O)c2csc(C(N)=O)c2)cc1OC,0.416700005531311,0.4385139048099518,0.0755487379025329,2.199639,-7.058341026306152,0.1623193524777889,0,0,0,0.2142857142857142,1.3427,0.7783106309100124
fe5695525d6ffc20562c481e38e74ffa,C=C(CO)C1CCC(=C)C2CCC(=C)C2C1O,0.477400004863739,0.9500573873519896,0.1933935332027348,4.621893,12.22678279876709,0.0693190120160579,0,1,0,0.6,2.4444000000000012,0.7204686307095822
a2a0db5885d3dce18393d93b7797ce89,N#Cc1cncc(Nc2nn(C3CCCCC3C#N)cc2C(N)=O)c1,0.5060999989509583,0.7671977877616882,0.2253855507482182,3.823934,-4.0715508460998535,0.308176052570343,0,0,0,0.3529411764705882,2.24716,0.879805326747486
fcedc3224c033a1faef4ce8e26415515,COCCCCn1cc(C(C)N(C(=O)C2CNCCO2)C2CC2)c2nccc(C)c21,0.5277000069618225,0.6468335390090942,0.1839697222140702,3.815568,-1.0684903860092163,0.8128955364227295,0,1,0,0.6521739130434783,2.811720000000001,0.6392905295240662
21d923a000ff3432f482829c21805c4c,Cc1ncnc2c1ccn2C1OC(C(C)(O)c2ccc3c(c2)CC3)C(O)C1O,0.6439999938011169,0.9714364409446716,0.3674054525115273,4.183145,-1.6449755430221558,0.3426263153553009,0,0,0,0.4285714285714285,1.3652199999999997,0.6335119166486672
89ca66e6d438b7d7a8a17cd4ca2d7f9a,Nn1cc(-c2ccccc2)nc1SCC(=O)NCC1CCCO1,0.3287999927997589,0.3267838358879089,0.14268298311667,2.751168,-5.894414901733398,0.3479729548096656,0,0,0,0.375,1.6511999999999996,0.6208003169884185
918aa179f3d58ecdad0833d6d1159007,Cc1nc2c(Br)cc(Br)cc2c(=O)n1NCC(=O)NNC(=S)NCC1C(=O)NC(=O)NC1=O,0.6220999956130981,0.915678858757019,0.111863364380869,3.350772,-5.3648223876953125,0.3269667357206344,0,1,0,0.2352941176470588,-0.7490799999999991,0.1448546335613918
90bed4254b6150466b3c96552415930b,CC(O)(C(=O)N1CCC(Cc2ccccc2)CC1)C(F)(F)F,0.5175999999046326,0.6812171936035156,0.1640397493134845,2.692219,-7.532142639160156,0.7619022846221923,0,0,0,0.5625,2.7810000000000015,0.9316129582980954
72fb3b013a2d66c102bf6422076bc3f0,CCCc1ccccc1NC(=O)Nc1ccc([N+](=O)[O-])cc1O,0.6035000085830688,0.9931763410568236,0.3084906935691833,2.034083,-9.922541618347168,0.4633595824241638,0,1,0,0.1875,3.8969000000000023,0.4418979968823177
16e438b43df46d25b5124012040d78a5,Cc1ccncc1NC(=O)CCCNC(=O)OC(C)(C)C,0.3163000047206878,0.3358018696308136,0.0368332879787141,2.045298,-9.61878776550293,0.1712958931922912,0,1,0,0.5333333333333333,2.633420000000001,0.8177925815427046
50a65619d70dec38e5a7e622b41396b4,O=C1C(=C(c2ccccc2)c2ccccc2)Nc2ccccc21,0.5964000225067139,0.994759440422058,0.339833911169659,2.143108,-5.644523620605469,0.6978935122489929,0,1,0,0.0,4.754400000000003,0.6912704321186076
8ca48551c238ed844c44a9c7ef9b920c,O=C(O)CCCC(=O)Nc1ccn(-c2ccccc2)n1,0.2621999979019165,0.6624679565429688,0.0830098212781277,1.940423,-10.192110061645508,0.0123510725796222,0,0,0,0.2142857142857142,2.0656999999999996,0.8433943897635974
5c9f84352a2165c6a9fd581adb6ad9fd,O=C(O)C(CCN(CCCCc1ccc2c(n1)NCCC2)CCOc1ccccc1)Nc1nc(-c2cccnc2)nc2ccccc12,0.6833999752998352,0.9559803009033204,0.3788256049156189,3.460371,-1.4465152025222778,0.9647937893867492,0,1,0,0.3243243243243243,6.104000000000005,0.1099849980368985
4f8c3d9d6bcaf1aa719f4e51da5f99bc,CCS(=O)(=O)c1ccc2oc(SCC(=O)NCCc3ccccc3)nc2c1,0.403899997472763,0.6096581220626831,0.0720475161956115,2.210445,-9.102361679077148,0.5503945529460907,0,0,0,0.2631578947368421,3.072400000000002,0.5805538539834108
ca386da3501c7c1379decace7505a02c,COCC1CC(c2cccnc2)N(C)C1,0.3598000109195709,0.5898678302764893,0.1141320639713244,3.172559,2.1200666427612305,0.2290518149733543,0,0,0,0.5833333333333334,1.7208,0.752669046887777
a9e0785390ba4e67010c743cf686c50a,O=c1c(O)c(Nc2cc(Cl)c(Oc3ccc(O)c(Cc4ccccc4)c3)c(Cl)c2)c1=O,0.7907999753952026,0.9981955885887146,0.5332772542129863,2.507286,2.940746545791626,0.7996844172477722,0,1,0,0.0434782608695652,5.1273000000000035,0.3485393131627445
f9f827795e875b1f9cf126a4c3dda0fd,CC1(C)CC(NC(=O)NP(=O)(N2CC2(C)C)N2CC2(C)C)CC(C)(C)N1[O],0.5726000070571899,0.8081533312797546,0.2336097725413062,4.422613,-8.410466194152832,0.2471033163368702,0,1,0,0.9444444444444444,2.949200000000001,0.5596370615148156
50fe05916f173c366c360f50deafe3fc,Oc1noc(O)c1-c1ncc(C(F)(F)F)cc1Cl,0.5734000205993652,0.9721158146858216,0.2232371832836758,3.090972,-6.410356044769287,0.0616026977077126,0,0,0,0.1111111111111111,2.8200000000000003,0.8394678316060277
1f15784afb929a81b2f8d2d79b80e137,Oc1ccc(C2OCC3C(c4ccc5c(c4)OCO5)OCC23)cc1O,0.5741000175476074,0.9471241235733032,0.3250376731157303,3.809918,11.84992504119873,0.6855557799339295,1,1,0,0.3684210526315789,2.901700000000002,0.8174104108281222
2d5e67a0f9cf284df28e2b272a8c7702,CC1CCCC=CC(=O)c2c(O)cc(O)cc2CC(=O)O1,0.5633000135421753,0.9793570637702942,0.2470344643701206,3.791567,9.934199333190918,0.0677248731255531,0,0,0,0.375,2.494800000000001,0.7171364282670494
758cb42852d338f1d9f03d3e629bb5ff,[O-][S+]1CCN(c2ncnc3scc(-c4ccccc4)c23)CC1,0.5540000200271606,0.911539614200592,0.2645425715229728,3.129934,-9.512114524841309,0.69519944190979,0,1,0,0.25,2.9270000000000014,0.6784427599334066
80833dce90a0b6186ff6000f540c0dfa,CCc1ccc(NC(=O)CSc2nc3ccccc3c(=O)n2CCCC(=O)N2CCCC2)cc1,0.4284000098705292,0.6930857300758362,0.1189450946721163,2.171669,-10.426875114440918,0.8759325504302978,0,0,0,0.3846153846153846,4.092300000000003,0.3698912070177321
5d58b6012e93c8b3545e24c6ef2598e4,c1ccc(C(=NCCC2CNc3ccccc32)c2ccccc2)cc1,0.5426999926567078,0.9883907437324524,0.3848975625905124,2.798056,3.2303900718688965,0.9656317830085754,0,1,0,0.1739130434782608,5.123400000000005,0.6463388925644694
b247c67167167a05e9ed43cfc1e311f2,O=C(Nc1cc(Cl)c(Cl)cc1Cl)c1cc(Br)ccc1O,0.7872999906539917,0.9991847276687622,0.4805073033679615,1.924029,-8.344274520874023,0.5112414360046387,0,1,0,0.0,5.367200000000002,0.6720990005366685
ffa1cdef654387790001875c959af219,COc1ccc(-c2nc3ccc(F)cc3o2)c(OC)c1,0.395900011062622,0.8918485045433044,0.2227951220490715,1.941943,-11.749300003051758,0.6110823571681976,0,0,0,0.1333333333333333,3.6511000000000022,0.7302817275305242
7cc3f0758761d6bc6ba3a5f008850dc8,Nc1cc2nc(NCc3cccnc3)nc(C(=O)c3cccs3)c2s1,0.6083999872207642,0.9305567741394044,0.3368460793386806,2.829045,-9.951287269592283,0.7440434217453002,0,0,0,0.0588235294117647,3.573100000000002,0.523797874181974
2aceef725bd2deb007518363aa91d6a2,COc1cc(Cc2cnc(N)nc2N)cc2c1N(C)CCC2C,0.7296000123023987,0.9850534200668336,0.3541742177172141,3.271996,-1.8032625913619995,0.6528542280197144,0,0,1,0.4117647058823529,2.1837999999999997,0.9024131791683728
9fdf29d5c228489dd7c0e9532aa37536,COc1ccc(F)c(F)c1CN(C)Cc1ncc[nH]1,0.4104999899864197,0.640093982219696,0.1931626093997196,2.513034,-11.074793815612791,0.612500661611557,0,0,0,0.3076923076923077,2.3285,0.9035882671652684
b85885ca61e4f4a0ef240450257f87d5,Cc1cccc(NC(=O)N2CC=C(c3c[nH]c4ccccc34)CC2)c1C,0.5569000244140625,0.9454719424247742,0.1896810802546414,2.272753,-10.852745056152344,0.9279780268669128,0,0,0,0.2272727272727272,5.105940000000004,0.666328706549596
949749c1a303b14fa4ddc774ca48dc87,CCCCCN1C(=O)C(=O)N(C(C)=O)C(Cc2ccc(N(C(=O)C(=O)O)c3ccccc3C(=O)O)c(CC)c2)C1=O,0.7039999961853027,0.9244890809059144,0.046325866302306,3.486463,-0.1399531066417694,0.1777509219944477,0,1,0,0.3448275862068966,2.5417000000000005,0.2496303244005139
7d492b15b9cedd2e5cb417d9b5f3828f,O=C(C=Cc1cc2ccccc2c2ccccc12)c1ccccc1O,0.51419997215271,0.9968169331550598,0.4444938735528426,2.022153,10.0634183883667,0.6834657907485961,0,1,0,0.0,5.594700000000005,0.3026769918934572
33c82d49d5acd35ba7b202b580c20b19,O=C(NO)c1cc2ccc(CNc3ccccc3)cc2s1,0.5600000023841858,0.9749033451080322,0.2313978062434629,2.069829,-4.1157026290893555,0.6779773354530334,0,1,0,0.0625,3.6324000000000023,0.5089301267825146
e8cac712453881bc65f2fd362711fce8,O=C1OCC(Nc2ccc(Cl)cc2)=C1c1ccc(Br)cc1,0.6121000051498413,0.9925336241722108,0.5211990177631378,2.268076,-6.804121971130371,0.3738928914070129,0,0,0,0.0625,4.482500000000003,0.8159974156712271
ee0764113ced57d00069e7e43ecf4018,COc1ccc(N(CC(=O)NCc2ccccc2)C(=O)CCC(=O)Nc2cc(C)ccn2)c(OC)c1,0.4237000048160553,0.4868834018707275,0.1705385121432217,2.380583,-10.134915351867676,0.7996368050575257,0,0,0,0.2592592592592592,3.475520000000002,0.4259607909061501
8e0119239fde89441eb27ebde623654f,COc1c(Cl)c2c(c(OC)c1OC)-c1ccc(OC)c(=O)cc1C(NC(=O)c1ccccc1C#N)CC2,0.6304000020027161,0.9424167275428772,0.3685256798158992,3.268871,0.3598935306072235,0.8895649313926697,0,0,0,0.25,4.690580000000003,0.5020963417252778
3fac1636ba5e29a0dd48ceaaf9ee1290,CCOC(=O)CN1C(=O)C(O)(CC(=O)c2ccccc2)c2ccccc21,0.4691999852657318,0.8675053715705872,0.1200378408486192,2.55111,-7.707649230957031,0.3601343482732773,0,0,0,0.25,2.056899999999999,0.6347290219602396
7eeb6e1dc7f0007d5d92a00ddb92d1d3,Cc1c(Cl)nc(NCC2CCCNC2)c(=O)n1CC(=O)Nc1cccc(CN)c1,0.609499990940094,0.7606632113456726,0.1638704958287152,3.075036,-2.6036860942840576,0.7379607439041138,0,0,0,0.45,1.7140199999999992,0.5439736197692038
53fcd26106ff170505592f541c1a0d4b,O=C(NCCCc1nccs1)c1ccc2nc(N3CCC(O)CC3)c(-c3ccc(F)cc3)nc2c1,0.578499972820282,0.906975030899048,0.264757136052305,2.596017,-10.427809715270996,0.9388075947761536,0,1,0,0.3076923076923077,4.2161000000000035,0.3764265414842348
e7f7e7bc6e3ea575093b4d6d72ae420d,Cc1nc(COCc2ccccc2)n(-c2ccccc2)n1,0.3046999871730804,0.6412729620933533,0.130212799730626,1.992922,-6.668992519378662,0.2740677058696746,0,0,0,0.1764705882352941,3.2925200000000014,0.7191865349368651
cdcd981513340c0f76d1dfc096d31904,CC(C)CN(c1cc2ccccc2s1)S(=O)(=O)c1ccc2c(c1)C(O)CC(C1CCOCC1)O2,0.6696000099182129,0.9643201231956482,0.2083041166717356,3.757378,-2.381636619567871,0.8603799223899842,0,0,0,0.4615384615384615,5.363700000000006,0.4918745538988581
d925a6d342602cd2fdd7fed449eb6c31,Cc1cc(NC(=O)NCC2CCC3(CCC3)CO2)cnc1C(F)F,0.4932000041007995,0.6287650465965271,0.1891053159805861,3.778744,-7.625461578369141,0.5265941947698594,0,0,0,0.6470588235294118,3.798420000000003,0.8769355938943312
e08e5987cecd2ac4d321662412fe1e11,CN(C)c1cccc(C=Cc2nc(N(C)C)c3cc(Cl)ccc3n2)n1,0.6309000253677368,0.9752840995788574,0.4266759373924949,2.742218,-7.413934707641602,0.8838530659675599,0,0,0,0.2105263157894736,3.9806000000000026,0.7094910421839795
229e14f621079e60837b2cad4e622efd,O=C(C=Cc1ccc(OCc2cc(F)ccc2F)cc1)c1ccc(-n2ccnc2)cc1,0.5285999774932861,0.9786240458488464,0.5108666067773645,2.276785,-4.2668776512146,0.8943301200866699,0,1,0,0.04,5.625600000000005,0.2898981277676399
b8d91e1aa41268778e50907ec8384651,CC(=O)C1=C(O)C(=O)N(c2cccc(C(F)(F)F)c2)C1C1CCCCC1,0.7026000022888184,0.9732916355133056,0.3315120786428451,2.891882,-8.613534927368164,0.4921750485897064,0,0,0,0.4736842105263157,4.402000000000003,0.8613627683999094
b9a5508032a273cc92e133b25c2e1a69,O=C(Nc1cccc(C(F)(F)F)c1)N1CCC2(CC1)C(=O)N(c1ccc(F)c(F)c1)C2c1ccccn1,0.6787999868392944,0.986527144908905,0.205976902083917,3.604171,-8.614787101745605,0.8642036437988281,0,0,0,0.2692307692307692,5.780800000000005,0.3546430750725719
a5100321f0ebc39dc9c24de3bc7d3730,O=C(C1CSC(c2ncccc2O)=N1)N(O)Cc1ccccc1,0.574400007724762,0.9243160486221312,0.1487203484231775,3.382169,4.042011260986328,0.1510699465870857,0,1,0,0.1875,2.0671999999999997,0.6623097512893319
efdd5c1f2a628fd48c34331d5118e96d,CC(O)C1(CNc2cc(Cl)nc(N)n2)CC(CCc2ccccc2)C1,0.6689000129699707,0.9611691236495972,0.4879941127517007,3.214635,-1.903844952583313,0.8014029741287232,0,0,0,0.4736842105263157,3.5341000000000022,0.6575904502233189
323c83975581ef5580e326e0bc4dd8f9,O=CC(CC(=O)O)NC(=O)C(CCCCNS(=O)(=O)c1cccc(-c2nn[nH]n2)c1)c1ccccc1,0.4961999952793121,0.8793582320213318,0.0454762753268534,3.428666,4.292296886444092,0.0784435026347637,0,1,0,0.3043478260869565,1.2575000000000007,0.1815370985185762
0de71c28ace8d6d7f73186aafeb4694e,COc1ccc(CNC(=O)NC(C)(CO)C2CC2)c(C(F)(F)F)c1,0.6057999730110168,0.7666942477226257,0.1567868173799731,3.093226,-6.873685836791992,0.5999481678009033,0,0,0,0.5625,2.674200000000001,0.7416473563424669
c6083ed96d1b72b05db997273859afdb,CCC(C1CC1)n1c(=O)c(C)nc2c(-c3cc(C)c(C)cc3C)ccnc21,0.6255000233650208,0.960409700870514,0.2488174181092869,3.186301,-9.06161403656006,0.7878231406211853,0,0,0,0.4347826086956521,5.053280000000005,0.65291393284551
7e42fe2617bfde16ccd863edfa600d87,CCC1CC23OC(=O)C4(OC4C(C)CC(C)CCCC2(C)C=C1C)C3=O,0.5939000248908997,0.8527786135673523,0.2600779452107169,6.92085,11.32435703277588,0.1382417943328619,0,1,0,0.8181818181818182,4.217400000000004,0.3040396817655283
77c28a54243e444e17c393f689103494,CC1=CC=CN2C(=O)C(=Cc3sc(S)nc3O)C(=NCCCN3CCOCC3)N=C12,0.644599974155426,0.8526503443717957,0.1708349771797657,3.871051,3.86242938041687,0.815090560913086,1,1,0,0.4,2.3559,0.4125468367477665
ef8e1b1a8e03e511236ca77f3303e367,CN1C(=O)C2CN(S(=O)(=O)c3ccc4c(c3)OCO4)CC2c2ccccc21,0.5015000104904175,0.4415429830551147,0.0758048512718894,3.188518,-7.891694068908691,0.7924283623695374,0,0,0,0.3157894736842105,1.7959999999999994,0.7866892515082332
07468c3cc42e7201f96a5ad12d2d5285,Cc1cccc(NC(=O)C(CC(C)C)NC(=O)C2CCC(C)CC2)n1,0.3504999876022339,0.4852539896965027,0.1398831903934478,2.623049,-8.248794555664062,0.3789283215999603,0,0,0,0.65,3.6857200000000025,0.8258950336540152
9736bba05829ac00444ea35902c28d1a,C=C1C2CCC3CC2(CCC2(O)C1CC(O)C2(C)C)CC3(C)O,0.5174999833106995,0.9343191385269164,0.1952477720650759,6.185384,11.048514366149902,0.4185360476374626,0,1,0,0.9,3.0319000000000016,0.6013016110409974
4a236398a9ae13ce68378e676b64a2ce,O=C(O)CC1CCN(c2nc(-c3ccccc3)nc3c2CSC3)CC1,0.5982000231742859,0.7320492267608643,0.153728921982375,2.525837,-1.991174340248108,0.1907131224870681,0,0,0,0.4210526315789473,3.581500000000003,0.9041388867383324
a57f4123b081c478d78f56c0dca534b5,Cc1cc(C)n(CC(O)COc2ccccc2C)n1,0.303600013256073,0.4796914458274841,0.1648111441595987,2.459758,-7.225263595581055,0.2167097084224224,0,0,0,0.4,2.24826,0.8965988102593455
7eaf31e6a9efe01bb8427ca16cab1da1,COc1cc(OC(C)=O)c2c(c1)C(=O)C1=C(C2=O)C(OC(C)=O)C(OC(C)=O)C(C)(O)C1OC(C)=O,0.679099977016449,0.9913906455039978,0.4848045408725738,4.215223,11.033053398132324,0.3883390486240387,1,1,0,0.4166666666666667,0.8557999999999997,0.3413608347718957
ec42e204d60c379c481d1e8b10d8da3a,COc1ccc(C2CC(c3c(O)c4ccccc4oc3=O)=NN2C(N)=S)cc1,0.5785999894142151,0.9887957572937012,0.1688201109116727,3.047775,-5.575174331665039,0.7265695571899414,0,1,0,0.15,2.9019000000000004,0.519301807899984
f437530612a1931dc7d92a20541b11cd,Cc1ccc(S(=O)(=O)NC(CCCCN)C(=O)Nc2ccc(C(=O)c3ccccc3)cc2)cc1,0.4857999980449676,0.9609745144844056,0.2329326834190975,2.527716,-1.7605496644973757,0.8834755420684814,0,1,0,0.2307692307692307,3.640620000000002,0.2866100846104616
08fbaa6dafcf4063295d9b59f7b16cd0,COc1ccc(C(=O)C2=C(O)C(=O)N(CCCC(=O)O)C2c2ccc(OC)c(OC)c2)cc1,0.4521999955177307,0.6916286945343018,0.1481599164280024,2.668538,-0.6603860855102539,0.0841773768886923,0,0,0,0.2916666666666667,3.1555000000000017,0.5240423047240846
d48c6c35f40b711ca3fd521de6fa9afb,O=[N+]([O-])c1ccc(C=Cc2cc(O)c(O)c(O)c2)cc1,0.5253000259399414,0.9975054860115052,0.368930618871342,2.228485,9.143654823303224,0.2342961102724075,1,1,0,0.0,2.8820000000000014,0.3450220972848337
70a205d50e8da788979362b3b382fa36,COc1ccc(OC)c(NC(=O)CSc2nnc(CNc3ccc(F)cc3)o2)c1,0.3813000023365021,0.6246639490127563,0.1728734631430019,2.176031,-10.060707092285156,0.6410669982433319,0,0,0,0.2105263157894736,3.5688000000000013,0.5091185528064168
0de76fb35a6783c21efce7a86cc0d2ae,CCCCCC(OC(=O)C(C)N(C)C(=O)C(CCCCC)OC(=O)C(C)N(C)C(=O)OC(C)(C)C)C(=O)OCc1ccccc1,0.6620000004768372,0.8712670803070068,0.1357652534815398,4.148763,8.681232452392578,0.8343333959579468,0,1,0,0.6764705882352942,5.816300000000005,0.1114951218251582
98f41a603da489acebd1c0c00fea0e06,CCN1CCN(CCNC(=O)c2ccc(CS(=O)(=O)c3ccccc3C)o2)CC1,0.355100005865097,0.3441118001937866,0.0662591780789873,2.311202,-12.504738807678224,0.8678676605224609,0,0,0,0.4761904761904761,1.9292199999999993,0.7040572885247568
d751d3107a6d8bdb1f2d3a663c591234,Cc1c(OCCCCOc2cccc(O)c2)ccc(C(=O)CC(C)C)c1O,0.646399974822998,0.9799980521202089,0.2502820993011648,2.299033,6.3317694664001465,0.6947384715080261,0,1,0,0.4090909090909091,4.873020000000005,0.4594201272158575
9b6e67e4f365b8b7d3c85492e15c945a,CC1=C(C(=O)NCc2ccc(Cl)cc2)C(c2ccccc2Cl)N=C(Nc2nc3ccccc3o2)N1,0.6395000219345093,0.988390862941742,0.3945861445231871,3.10988,-7.831019401550293,0.8050404071807862,0,0,0,0.1153846153846153,5.837400000000005,0.316599631673481
d7ad264062d59559d2312147a83795e0,Cc1cc(C(=O)COc2ccc(C(N)=O)cc2)c(C)n1C,0.3716999888420105,0.6749900579452515,0.1040429240939292,1.981142,-9.18661117553711,0.0679667420685291,0,0,0,0.25,2.00254,0.8542445898700766
b6adeba75338653df00264fb05f4712e,CC(C)N(CCCNC(=O)Nc1ccc(C(C)(C)C)cc1)CC1CCCN(c2cc(C#N)ccn2)C1,0.5658000111579895,0.8945261836051941,0.6038633463057604,3.087516,0.580451250076294,0.980819571018219,0,1,0,0.5517241379310345,5.389380000000005,0.4605689263712796
4f22720bd642250fb3ee96125dfd3334,CCCCN(Cc1cc(OC(F)(F)F)ccc1O)c1ccc(C(O)(C(F)(F)F)C(F)(F)F)cc1,0.7807000279426575,0.9970569610595704,0.3839571218598973,2.806804,0.7335009574890137,0.9474676609039306,1,0,0,0.4285714285714285,6.409700000000005,0.4074884009771633
7a8df4200ff573543caec339eb4982c2,O=C(O)c1cc2c(Nc3ccc([N+](=O)[O-])cc3)ccc([N+](=O)[O-])c2[nH]1,0.6693000197410583,0.995075225830078,0.2326025597073815,2.432974,-4.943348407745361,0.2622529312968254,0,1,0,0.0,3.426100000000001,0.4741764076030968
7d3abdc20bd50619aaafaa036c8273fc,O=C(C1C2CCC(C2)N1C(=O)NC1CCCCC1)N1CCOCC1,0.5128999948501587,0.2310353815555572,0.0758524178103967,4.120067,-3.680073976516723,0.2518711254000664,0,0,0,0.8888888888888888,1.7403999999999995,0.8360385165426057
a9d900234b5b121ac9c9889b97fafbfd,N#Cc1c(-c2ccc(F)cc2)nc(N)nc1-c1ccc2c(c1)OCO2,0.5238999724388123,0.9579932689666748,0.3800483007322658,2.355538,-6.2229204177856445,0.9145002722740172,0,0,0,0.0555555555555555,3.1322799999999997,0.773574640227641
9bc58472691dd76b7e3214e81da1a56d,CC(=O)C1CCC2C1C(C(C)C)CCC2(C)O,0.4020000100135803,0.848839282989502,0.1238485063764859,4.105919,9.27806568145752,0.1118376288563013,0,0,0,0.9333333333333332,3.034800000000002,0.8025852891881484
6fbcc8e46cff488d650a9a915e80a813,Cc1cc(Nc2nc(Nc3cccc(OC=CN4CCOCC4)c3)ncc2F)cc(C)c1O,0.5791000127792358,0.9673418402671814,0.6232903396541422,2.985439,-5.550941467285156,0.8940852046012878,0,1,0,0.25,4.607540000000004,0.3544508633203633
62dc74322e3464edc16244e93ba49c44,CCCC(CCO)Nc1nc(N)nc2cc(F)ccc12,0.5266000032424927,0.956395387649536,0.2760701992295005,2.87713,-10.96587085723877,0.6559097170829773,0,0,0,0.4285714285714285,2.3141,0.7548451820600117
89391ce719f3d9cc1959fe726e655d81,Cc1ccc(O)c(C)c1-n1c(N)c(C(=O)N2CCn3nccc3C2)c2nc(C3CC3)c(C)nc21,0.6650000214576721,0.8975979089736938,0.2577376975254579,3.393319,-9.225674629211426,0.7993428230285644,0,0,0,0.36,3.3634600000000017,0.4874555596896707
ace9a99adfb4bd0d1f8847aba34bdfae,CCc1ccc(-c2ccc(SCC(=O)NCC3CCCO3)nn2)cc1,0.4697999954223633,0.6104961633682251,0.1109408145262436,2.655004,-8.526864051818848,0.2876208499073982,0,0,0,0.4210526315789473,3.093300000000001,0.7716273918468827
663266511c301f5109a728dbd8b194ba,CC(CNCCc1ccc(O)c(O)c1)Cc1cccc(O)c1,0.5097000002861023,0.9742007851600648,0.3568623580715873,2.63886,10.529654502868652,0.8815963506698609,1,1,0,0.3333333333333333,2.814300000000002,0.4685962651485984
127199db39b5146dcf967bd92f7220fe,CC(C)(C)OC(=O)NC1CCC(Nc2ncnc3[nH]cc(C(=O)c4ccccc4Cl)c23)CC1,0.6759999990463257,0.9444928765296936,0.3524504954164678,2.633849,-4.099035263061523,0.6770657300949097,0,0,0,0.4166666666666667,5.090100000000004,0.4488591407781283
0b26d1f3d119d83b0dfc2f7c8770c5d3,O=C(C1CCCN(c2ccc3nc(C4(c5cccnc5)CCC4)[nH]c3n2)C1)N1CCCC1,0.5611000061035156,0.6159889698028564,0.1502525996078144,3.353048,-10.046246528625488,0.9287346959114074,0,0,0,0.52,3.6617000000000024,0.68345365329964
9b99cc514f5287e262148b1f023eb9f4,CCCCCCCCCC(=O)Nc1ccc2c(c1O)C(=O)C1=C(O)C3(O)C(O)=C(C(N)=O)C(=O)C(N(C)C)C3C(O)C1C2C,0.8047000169754028,0.9975687861442566,0.0989411273463205,4.559471,7.807873249053955,0.7144384026527405,0,1,1,0.5625,2.7316000000000003,0.1101550819989977
35972d0a48a806cb70706062656b7a0c,CCOc1ccc(C(=O)OCC(=O)Nc2nc(OC)cc(OC)n2)cc1OCC,0.4553999900817871,0.7923221588134766,0.1911645816131071,2.265721,-10.701604843139648,0.4336512118577957,0,0,0,0.3684210526315789,2.0866999999999996,0.5926969447314495
d2310ebd659b5317f846669abf062bae,CCOC(=O)c1cc2cc(N3CCN(C(=S)NCc4ccccc4)CC3)ccc2o1,0.5756999850273132,0.8829760551452637,0.0973305151882496,2.262684,-9.62665843963623,0.8411231398582458,0,1,0,0.3043478260869565,3.8062000000000022,0.494685655930522
7f8ea414f35c620d9348b28fb502b2c6,O=C(Nc1ccn(C2OC(CO)C(O)C2O)c(=O)n1)c1ccccc1,0.5382999777793884,0.8938518762588501,0.1421066661449996,3.267294,5.96455192565918,0.144974111020565,0,0,0,0.3125,-0.8929,0.5633969498538492
62710b0ca878d05232af12b48c59f76a,COc1ccc2nc(NC3=NC(=O)CC(c4ccccc4)N3)nc(C)c2c1,0.623199999332428,0.970225751399994,0.32110365412452,3.080563,-6.320304870605469,0.6657158255577087,0,0,0,0.2,2.9759200000000012,0.7455660258076297
9de26afaea6ed22779abfd1d61ea1890,OC(CC1c2cc(F)ccc2-c2cncn21)C1CCCCC1,0.6568999886512756,0.8996444940567017,0.3020917285572398,3.410257,-0.948119044303894,0.8708451867103577,0,0,0,0.5,3.923300000000003,0.9325691110727428
f3820846b0293fb4f43be6c3fc4e98d8,O=C(Nc1cccc(C(F)(F)F)c1)N(Cc1ccccc1)Cc1ccccc1,0.6295999884605408,0.9821237325668336,0.2936310537836768,1.839842,-6.743834972381592,0.9557246446609498,0,0,0,0.1363636363636363,5.939700000000005,0.5800919720893795
8088ed9882332c40218bf0ad39113ed7,CC(C)N(CC(=O)N1CCN(C2CCN(C)CC2)CC1)C(=O)c1nc2ccccc2n1Cc1ccccc1,0.4219000041484833,0.5960053205490112,0.1098687733438882,2.615137,-6.018744468688965,0.9810673594474792,0,0,0,0.5,3.173600000000002,0.4827878088647045
b6df064a4745dcb8f3fc54d33e69a49a,COc1ccc(-c2cc(C(F)(F)F)n3ncc(C(=O)Nc4cccc(Cl)c4Cl)c3n2)cc1OC,0.6128000020980835,0.9087815880775452,0.5919885228980671,2.455825,-11.290799140930176,0.8459658622741699,0,0,0,0.1363636363636363,5.991400000000002,0.3563133227845709
7fcf7810ea6c041196457b97592f5cbe,O=C(C=CC=Cc1ccccc1)c1cc(Cl)ccc1O,0.545799970626831,0.9966922402381896,0.4556414051489396,2.137011,2.089665412902832,0.276856842637062,0,1,0,0.0,4.497900000000002,0.5098494050737227
dd53fb2c9f6ff2c454e47303fdcaab26,Cc1cc(C=C2SC(=S)NC2=O)c(C)n1C1CC1,0.6621999740600586,0.9639822840690612,0.1665007356892932,2.667195,-11.349574089050291,0.1813635632395744,1,1,0,0.3846153846153846,2.9286400000000015,0.6669395363320073
d50529a22170d15fdb79b9d393727624,COc1cccc(C(=O)N2c3ccc(C)cc3C(C)(c3ccccc3)CC2(C)C)c1,0.6187000274658203,0.9807791113853456,0.2957447916269302,2.821845,-8.226417541503906,0.9410035848617554,0,0,0,0.2962962962962963,6.138720000000006,0.5294196908183455
b55d200e5e5b4939b1b184700793ee55,O=P(Cc1cc(Br)cc(Br)c1OCCO)(c1ccccc1)c1ccccc1,0.6169000267982483,0.9875171780586244,0.4050931903448971,2.621075,4.430700778961182,0.8076770305633545,0,1,0,0.1428571428571428,5.096800000000005,0.4507524192746301
664a4a74b1af11b7de3e49576576f3ea,CCOCCCNC(=O)c1c(C)[nH]c(C(=O)OCC)c1C,0.2878000140190124,0.3754234611988067,0.0580188830129124,2.176914,-9.93543529510498,0.3507246375083923,0,1,0,0.6,1.96464,0.567476237699562
4cefab176a2c14f62f7f2d3aa010cf19,O=C(O)C1CCCCN1C(=O)CCCc1c[nH]c2ccccc12,0.4404999911785126,0.7499650120735168,0.1119330891154029,2.492269,-4.333700180053711,0.0706357516348362,0,0,0,0.4444444444444444,2.9563000000000015,0.8908499501999968
7002a569b614ee69171a6571e9dc7b7d,CN1CCN(c2ccc([N+](=O)[O-])cc2NC(=O)c2cccc3ccnn23)CC1,0.5848000049591064,0.9153082966804504,0.2996595976027575,2.531191,-8.598697662353516,0.7936702847480774,1,1,0,0.2631578947368421,2.2466,0.5508729607496063
3e96264e902577cb80ac034901da4ab6,Oc1ccc(C=Nn2c(-c3ccc(-c4ccccc4)cc3)n[nH]c2=S)c(O)c1,0.5960000157356262,0.9952356219291688,0.356661861593073,2.39112,-7.348208904266357,0.729392123222351,1,1,0,0.0,4.568090000000003,0.3530826480441671
28b10a19e2f77b4a2cb0a3057515ae44,CN(CCC(c1ccc(Cl)cc1)c1ccccn1)C(=O)CCc1c[nH]cn1,0.4625000059604645,0.8129050731658936,0.267457976937294,3.086512,-9.462750434875488,0.8702704191207886,0,0,0,0.2857142857142857,4.071300000000003,0.6383174653049557
0a3296527b1707f22459a1bcdcf885c8,O=C(CN1CCCCC1)Nc1c2c(nc3ccccc13)N(Cc1ccccc1)CC2,0.582099974155426,0.8902552723884583,0.3342327285896648,2.220111,-7.604677200317383,0.9791877269744872,0,0,0,0.36,4.221900000000003,0.6965969016179946
0eb54bdaa31a4a047b0ef14e8f2b0351,N#Cc1ccc(Oc2nc3ccccc3nc2C(=O)O)cc1,0.441100001335144,0.8363469839096069,0.0738461535762656,2.135383,-7.1508708000183105,0.1025175474584102,0,0,0,0.0,2.9919800000000008,0.796434463112859
bb63e4b6877bfb5348569a02ff621635,COc1nc(OC)nc(Sc2ccc(C(=O)O)c(C(F)(F)F)c2)n1,0.6022999882698059,0.8865631222724915,0.1129299879751422,2.672076,-6.877616882324219,0.0230581185081973,0,0,0,0.2307692307692307,2.757000000000001,0.8687394076985411
5d693c272ef4d2f2324ae3bae59b45eb,Cc1ncsc1C(=O)N(CC1CCN(C2Cc3ccccc3C2)CC1)CC1CCCO1,0.4729000031948089,0.295971542596817,0.2461141192100265,3.17789,-10.708199501037598,0.9651962757110596,0,0,0,0.6,3.9521200000000034,0.6837139828561257
8b685978252e6780a34c18e26060be2c,COc1cccc(N2CCN(CC(=O)NCc3ccccc3)CC2)c1,0.3181999921798706,0.3974805474281311,0.0990462022071534,1.704506,-10.115830421447754,0.9199450969696044,0,0,0,0.35,2.1335999999999995,0.8757254753667442
06a4efc5466546e837e505f4db26b264,Cc1ccc(C(C)(C)C)cc1CCCC(CCCc1cc(C(C)(C)C)ccc1C)NCCNCCNCCN,0.649399995803833,0.9934815168380736,0.6143720231272958,2.911419,-0.4245511591434479,0.9857606649398803,0,1,0,0.6571428571428571,6.340140000000004,0.178210527691138
75316dd56793e5c06c0d0a2af2a76ed6,CCN(CC)c1nc(Nc2ccccc2C)c2cnn(C)c2n1,0.4857000112533569,0.8968610167503357,0.3620442260395397,2.381402,-8.377163887023926,0.8303672552108765,0,0,0,0.3529411764705882,3.2615200000000018,0.7835847177289276
cc90212a4307cda934962de57004157d,CCOc1ccc(NC=CC(=O)c2ccc3ccccc3c2)c([N+](=O)[O-])c1,0.5307000279426575,0.9808448553085328,0.4942232207818465,2.249246,-10.311663627624512,0.6687787890434265,0,1,0,0.0952380952380952,4.955200000000004,0.2781143098159107
312d40f0830e20433dc536c74907317b,Nc1nc2ccccc2c2c1ncn2CCCc1ccccc1,0.5823000073432922,0.9690539240837096,0.3646242848851464,2.053588,-6.78143310546875,0.9412369012832642,0,0,1,0.1578947368421052,3.799500000000003,0.6235767181896194
bfe9abed7103e6d602cfb492021a3a79,CN(Cc1cccnc1)C(=O)C12CCCC=C1N(c1ccccc1)C(=O)CC2,0.3973000049591064,0.4239171147346496,0.1038331342014399,3.16787,-1.963053584098816,0.8322057247161865,0,0,0,0.3478260869565217,3.9212000000000033,0.8138079485955696
9c5c64a4305466d0a1e39943f3030bde,COc1ccc(-c2cc(Cl)c3c(N)ncnn23)cc1N1CCN(S(C)(=O)=O)C(C)(C)C1=O,0.6528000235557556,0.8421548008918762,0.2228363901376724,3.223923,-9.317756652832031,0.7125875115394592,0,0,0,0.35,2.027299999999999,0.6080056275759205
4e5b01f6786b5fe7f0c14edfa1350484,COC(=O)CCN1CCNC(=O)C1c1cccs1,0.3607999980449676,0.3472271859645843,0.0305117708630859,2.924705,-9.09147834777832,0.0748006008565425,0,0,0,0.5,0.7840999999999998,0.8200554883264102
765ad70fca70d6f6f7e739ef01f8c03f,Cc1ccc2oc(=O)c(-c3cccc(OCc4ccccc4)c3)cc2c1,0.5418999791145325,0.9543371200561525,0.2444256781177087,1.909559,-9.935273170471191,0.6503640532493591,0,1,0,0.0869565217391304,5.347420000000004,0.4695068745893623
60c0ffcdf3d17aec55b8d5086e300957,N#CC(C#N)=C1C=C(C=Cc2ccc(N)cc2)Oc2ccccc21,0.5149000287055969,0.9783737659454346,0.4361622821200978,2.97948,-6.433655261993408,0.8850407004356384,1,1,0,0.0,4.059260000000002,0.6693936657395496
e18e8753d17437b57e83d02be89e3378,CN(C)C=Cc1cccc2nc3ccccc3cc12,0.5684000253677368,0.9764820337295532,0.2868097952821038,2.207652,-7.165645599365234,0.7213916778564453,0,1,0,0.1176470588235294,3.920300000000003,0.6389224207586204
58715bf1f784a817f9c4e46c94a50d8a,Cc1cc(NC(=O)C2OCCOC2C)nn1C1CCCCC1,0.3867999911308288,0.4443055391311645,0.1563640260560946,3.569909,-9.368491172790527,0.1401706900447607,0,0,0,0.75,2.43912,0.9312397355390232
8a7e4e62253bdfcd13d8960171ceb8f0,CCCCN(c1ccccc1)c1ncnc(N)c1[N+](=O)[O-],0.5533999800682068,0.9356508255004884,0.1793668004260822,2.415277,-8.607048988342285,0.2352583199739456,0,1,0,0.2857142857142857,2.9052000000000007,0.6475586734602373
3a982e6888fa91d50bea27cf4e64bc56,O=C(NC1CCCCC1)Oc1cc2oc(=O)sc2cc1Br,0.5752000212669373,0.9288640022277832,0.2229799316688017,2.670863,-9.045324325561523,0.1881088763475418,0,0,0,0.4285714285714285,4.038100000000003,0.8641106078357464
82c7bf8276711c1c7774d2835422884b,Cc1cc(NC(=O)NCc2nccn2C)ccc1OC(C)C,0.3296000063419342,0.4119535088539123,0.1205491720783439,2.134505,-9.24403190612793,0.323720833659172,0,0,0,0.375,2.8374200000000007,0.8921037981602276
55a49ba7e3c35a37e7e0f49068dd33c4,Cn1cc(-c2ccccc2)c(-c2cc(C(=O)O)[nH]n2)c1,0.4273000061511993,0.8903107047080994,0.1300628395243124,2.44555,-5.10496711730957,0.038286836259067,0,0,0,0.0666666666666666,2.7804,0.7661410869058014
8a26698f5af22a84abebf439ab418d8f,Nc1cc(OCCN2CCOCC2)cc(-c2cnc3[nH]cc(-c4ccncc4)c3c2)c1,0.6377000212669373,0.929423689842224,0.5085224820808931,2.591223,3.17413330078125,0.9723583936691284,0,1,0,0.25,3.5851000000000015,0.4680325388233848
ae95b6671f95ebe3cc48e21475e13a70,O=C(Nc1ccc(Br)cc1)C1C(C(=O)NC2CCN(Cc3ccccc3)CC2)C2C=CC1C21CC1,0.7038000226020813,0.9210734963417052,0.3924183547496795,4.719578,-5.871027946472168,0.879197108745575,0,1,0,0.4482758620689655,4.996800000000005,0.5134722114090783
24678e9582a18c571d26e1e8cc7552aa,Cc1cc(CC(=O)N2CC(N3CCCCC3C)C2)on1,0.414900004863739,0.2288675457239151,0.0366007134805179,3.033725,-11.700468063354492,0.3846789881587028,0,0,0,0.7333333333333333,1.61072,0.8420156423685718
bf0bbe2af2ea56cb6ca68c103c58bf4a,CN1CCC(NC(=O)c2ccc(Br)o2)CC1,0.2759999930858612,0.3044477701187134,0.0835961977189237,2.149253,-12.125834465026855,0.5269480168819427,0,0,0,0.5454545454545454,1.8660999999999996,0.9028309770544376
b1abf85d25ed0f633fff81d9389578cc,CC1(C)C=CC(=NNc2nc(-c3ccc(Cl)cc3)cs2)CC1,0.5666000247001648,0.990941047668457,0.2815656194632703,2.785948,-1.1641043424606323,0.3531314104795456,0,1,0,0.2941176470588235,5.607600000000003,0.742286370483011
64263e18c18f19ba21aabf08a9f2b91e,Cc1ccc2c(c1Br)C(=NN1C(=O)c3ccccc3C1=O)C(=O)N2,0.6093999743461609,0.9839370250701904,0.2232284254648468,2.836216,-7.603157043457031,0.623764157295227,1,1,0,0.0588235294117647,2.709920000000001,0.7683903510491958
fe2139a9af0b901ff832063b49d110aa,CN(C)C(C)(C)C(=O)Nc1cc(F)c2c(c1)CC(CNCCC1CN(c3cnc4c(n3)NC(=O)CO4)C(=O)O1)C2,0.7121999859809875,0.8771127462387085,0.1812893203036351,4.312654,-3.360450267791748,0.7178754210472107,0,1,0,0.5185185185185185,1.9452,0.3964913349622737
465a727bd755544eb8e390233d7402fb,C=C1C(=O)OC2CC(C)=C(C(C)CCCOC(C)=O)C(O)C12,0.618399977684021,0.9174511432647704,0.2551605335690758,4.310276,11.577895164489746,0.3874065458774566,0,1,0,0.6470588235294118,2.1447000000000003,0.3644920140549756
b4820b2a3e1fb5ccedf1f5ae6e1fcd46,COc1ccc(N(Cc2cccc(NC(=O)CCc3ccc(F)cc3)c2)C(=O)CCCCCC(=O)NO)cc1,0.6104000210762024,0.9561179280281068,0.2008788396011699,2.35896,-10.5931978225708,0.9321818828582764,0,1,0,0.3,5.394700000000004,0.1456617752334192
d0035bec526913b0b13da4f8c3e58cd3,CCCOc1cc(C=C2Oc3ccccc3C2=O)ccc1O,0.5425000190734863,0.987251877784729,0.4336911250244487,2.166684,8.167396545410156,0.4544279158115387,0,1,0,0.1666666666666666,3.7972000000000024,0.8719398632807656
6f431f0f017183222d9f131c048c0121,CC1COc2cc3c(cc21)C(C)(C)C(=O)C=C3,0.5943999886512756,0.9758324027061462,0.4866260682994669,3.580602,10.657814025878906,0.1712147489190101,0,0,0,0.4,3.056000000000002,0.6818472009450931
168441189c604d2c6df7564f109efd82,O=C(O)c1cc(-c2ccccc2COc2cccc(C(F)(F)F)c2)ccc1O,0.7767000198364258,0.9969130158424376,0.183974148874933,2.064686,-5.688103675842285,0.6113640069961548,0,0,0,0.0952380952380952,5.3552000000000035,0.617936032416545
fcd2002aa97c7e2386d4091839cc0930,Cc1cccc(S(=O)(=O)C(C#N)c2nc3ccccc3nc2N2CCCC2)c1,0.5218999981880188,0.9477915167808532,0.1039440598000179,2.92456,-1.2145158052444458,0.889718234539032,0,0,0,0.2857142857142857,3.5770000000000026,0.6744298423231064
8009b75285b83d95b257fa0f0d999f67,CCC(C(=O)C(C)C(O)C(C)C1OC(CC(=O)OO)C(C)CC1C)C1OC(C)(C2(O)OC(CC)(C(O)CC)CC2C)CC1C,0.7480999827384949,0.9757363200187684,0.2597454705021598,6.150889,8.002058029174805,0.4473797142505645,0,1,0,0.9411764705882352,4.899200000000004,0.1637212481372723
8f89884eb0fd6013666535ac75990aa7,COCCCN(Cc1c(-c2ccccc2)noc1N1CCCCC1C)C(=O)Cc1ccccc1,0.5170000195503235,0.7672009468078613,0.142909282987768,2.967178,-4.384424209594727,0.9616694688796996,0,1,0,0.4285714285714285,5.328200000000006,0.3821538519986031
79da784de2589fdc28a687b5b115bea8,COC(=O)CN1C(=O)COc2ccc(S(=O)(=O)NCc3ccc(Cl)cc3)cc21,0.5182999968528748,0.611318826675415,0.1060929643836888,2.232734,-10.183762550354004,0.4624725043773651,0,0,0,0.2222222222222222,1.7169,0.7082063895667643
1c1bfd766675aa5fb58e1390990bad96,CC(C)(C)c1cc(C(=O)N2CCC3(CC2)CC3CNC(=O)c2cc3ccncc3o2)[nH]n1,0.5525000095367432,0.6789231896400452,0.1138179539279504,3.977925,4.765177249908447,0.8834228038787841,0,0,0,0.5,3.5207000000000015,0.6525042844428032
c4aa99c7d7195b23cdfac41082a9e16a,CCCCCc1nnc(NC(=O)c2cc(C#N)cn2C)s1,0.4605000019073486,0.9094781875610352,0.101916432719339,2.576899,-4.218148231506348,0.4215648263692856,0,1,0,0.4285714285714285,2.7332800000000006,0.8316064197512207
90052d5a2473cce9c929e28835d22beb,OCCc1ccccc1Nc1nc(Nc2ccccc2)nc(Nc2ccccc2)n1,0.5386999845504761,0.9864353537559508,0.585287644104524,2.153283,-6.067584991455078,0.9146144032478332,0,0,0,0.0869565217391304,4.637200000000003,0.3434508549843436
5bb8acef4a3c55626266f75a33dd3f0c,CC(=O)Nc1nc2ccc(CCNC(=O)Nc3ccc(Cl)c(Cl)c3)cc2[nH]1,0.6419000029563904,0.9842592477798462,0.2463927858255126,2.214662,-10.296978950500488,0.7981045961380004,0,0,0,0.1666666666666666,4.192300000000001,0.5113455925691555
9f635fd357449607a1dd7d0cfa82a18e,Cc1ccc(-c2nnn(CC(=O)N(CC(=O)NCc3ccccc3)c3cccc(C)c3C)n2)o1,0.4097999930381775,0.7745383381843567,0.0983334671367298,2.570238,-6.697927474975586,0.7262992262840271,0,0,0,0.24,3.207960000000001,0.4346185906034815
3f2f06b7ef1895804cc5e007c7078157,Cc1ccc(Cn2cc(CN3CC(N4CCCC4)CS3(=O)=O)nn2)cc1,0.4158999919891357,0.3893776834011078,0.0572502542795105,3.142248,0.4868212640285492,0.5986722350120545,0,0,0,0.5555555555555556,1.2446199999999996,0.78642471883367
c077ed2d3ec880ae718e65eb42102dda,CCC1C(C)CC2C1C=CC1C3CC=CC(=O)NCCC(O)C4NC(=O)C(=C4O)C(=O)C=CC3CC12,0.6025999784469604,0.9806707501411438,0.2350218018347566,6.553152,9.533544540405272,0.1978990599513053,0,1,0,0.6206896551724138,2.9860000000000007,0.3304445657203144
6d4049f8176b7952ea6532da95d11866,N#Cc1ccc(S(=O)(=O)NC2CCCc3c2[nH]c2ccccc32)cc1,0.4711999893188476,0.9341358542442322,0.27323225682432,2.749849,-6.855225563049316,0.7861751437187194,1,0,0,0.2105263157894736,3.395480000000002,0.75819641292625
a59d6a2fbb9211904ab2db4f7f6fa4e8,COC1CN(c2ncc(C)cc2-c2ncco2)CCC1NC1CCCCC1,0.6126999855041504,0.6492587924003601,0.402177482843399,3.561014,6.871646881103516,0.8940663456916809,0,0,0,0.6190476190476191,3.561020000000002,0.8681897310454925
6e578f68e58c18a59c7879f322b45019,Cc1nc(-c2ccc(N3CCC(Oc4ccccc4)CC3)nn2)no1,0.4749999940395355,0.7127525210380554,0.1431601670655337,2.356791,-4.795074462890625,0.5017245769500732,0,0,0,0.3333333333333333,2.8828200000000015,0.724152034029454
ec4deeeb401b57ac870ea5dcf0c811cf,CC1=NN(c2cccc(C(=O)O)c2)C(=O)C1=Cc1ccc(-c2ccc(S(N)(=O)=O)cc2)o1,0.5781999826431274,0.9559482336044312,0.1043763553554361,2.484973,-5.216645240783691,0.1964674413204193,1,1,0,0.0454545454545454,3.098300000000001,0.570666319392635
7f7b78ee0acadd35fe17e9aa4f3a6cb4,CC(C)(C)NC(=O)c1cccc(NC(=O)Cc2c[nH]c3ccc(F)cc23)c1,0.5874000191688538,0.9121460318565368,0.2078708654100244,2.108137,-12.231026649475098,0.8542661905288697,0,0,0,0.238095238095238,4.016500000000002,0.6516038955422481
dd8305725cf96feddfdc6713903deefe,CCOC(=O)c1cnc2c(cnn2CC)c1NC1CCCCC1,0.4724999964237213,0.6974451541900635,0.2535800547762351,2.355645,-9.038171768188477,0.307587543129921,0,0,0,0.5882352941176471,3.3725000000000023,0.8564940176666409
5102f5e761776e5bec176530cd2067d2,CSCCC(NC(=O)C1Cc2ccccc2CN1C(=O)C(NC(=O)C(CC1CCCCC1)NC(C)=O)C1CCN(C(=N)N)CC1)C(N)=O,0.7366999983787537,0.8817526698112488,0.2389725223183632,4.205937,10.184409141540527,0.3863910168409347,0,1,0,0.6470588235294118,1.2284700000000053,0.131443100994783
c2030916caaf4fcbd03b1abf401fbb48,CCn1c(-c2ccc(OCC(=O)Nc3ccc(C)cc3)cc2)nc2ccccc2c1=O,0.4370000064373016,0.8290675282478333,0.1833523268049413,1.947059,-9.312106132507324,0.8925575733184814,0,0,0,0.16,4.409320000000003,0.5081983834523269
17dc84d827df5ec708ac8ceddb4d7c6b,O=C(O)CC1Cc2ccc(-c3cc(F)cc(C(F)(F)F)c3)cc2N1S(=O)(=O)c1cccc(C(F)(F)F)c1,0.7727000117301941,0.9969251155853271,0.2454839768734845,3.214522,1.7147127389907837,0.7946748733520508,0,0,0,0.2083333333333333,6.125000000000004,0.3906285472338818
02fc036c137779c9b5e9fee3b4cb30fd,Cc1cc(=O)c(O)c(CNS(=O)(=O)c2ccc(F)cc2)n1C,0.4456000030040741,0.791415810585022,0.0955456563017585,2.391642,-9.801308631896973,0.1557329595088958,0,0,0,0.2142857142857142,1.0169200000000005,0.877770729704125
e055a9e1ce09545c0608cf9c3794f52b,Cc1cc(C)nc(NCCCOc2cccnc2)n1,0.246299996972084,0.6638646125793457,0.1112402875653722,2.104312,-8.319928169250488,0.4975066184997558,0,1,0,0.3571428571428571,2.36944,0.8059768225794445
30f9c7333f6af16e60cf36d10d63adc2,CNC(=O)CC(C)N(C)C(=O)c1cc(C)c(C)[nH]c1=O,0.3411000072956085,0.397905170917511,0.0313042534769258,3.0838,-3.000065326690674,0.0760401204228401,0,0,0,0.5,0.5883399999999992,0.8458867633295387
515390a9205a4c1067ee9bf19ba94070,O=C(Nc1ccc(Oc2ccnc(Nc3cccc(CN4CCOCC4)c3)n2)cc1)c1ccccc1Nc1ccc(F)cc1,0.5957000255584717,0.9591875076293944,0.6597604128447446,2.512621,-3.603886842727661,0.9638062953948976,0,0,0,0.1470588235294117,6.979700000000005,0.1602351390881639
6cf87ede7e65009fc855758c1ac3fb82,CCN1CCN(C(=O)c2ccc(Nc3ncc(F)c(-c4c[nH]c5ncccc45)n3)nc2)CC1,0.6705999970436096,0.8630682229995728,0.4613469839096069,2.674278,2.394242525100708,0.9168894290924072,0,0,0,0.2608695652173913,3.0753000000000013,0.4856336127974316
e19d56744e45734e812f3c9123a1be76,CCC(C)CNCC(=O)N1CCc2sccc2C1c1ccccc1OC,0.5307999849319458,0.6486923694610596,0.2251354950395497,3.104958,-6.704999923706055,0.8347134351730346,0,0,0,0.4761904761904761,3.866500000000003,0.8022104882144755
900b2331d178d7a76680d126901773d9,CC(C)(C)NS(=O)(=O)c1cccc2c(NC(=O)C(CCc3ccccc3)NC(=O)c3ccccc3)cccc12,0.5429999828338623,0.9437851905822754,0.2549834820357236,2.733435,-7.899144172668457,0.9080557107925415,0,0,0,0.2258064516129032,5.286500000000005,0.266942223938471
29e33b3dd14c3951191f62715f72ff17,CC(C)OP(=O)(O)OC1C(O)CC(O)CC1OCCCCc1ccccc1O,0.5213000178337097,0.8970509767532349,0.2461222762411291,4.087333,11.99968433380127,0.4566049009561538,0,1,0,0.6842105263157895,2.5263000000000013,0.3373918603407894
461406eb746aa111a2c53c6be5534637,N=C(NC(=O)OCc1ccccc1)c1ccc(CNC(=O)C2CCN2C(=O)C2CC(c3ccccc3)CCN2)cc1,0.6902999877929688,0.9323337078094482,0.2043620595200495,3.660675,5.44119930267334,0.8748014688491821,0,1,0,0.3125,3.691270000000002,0.2503100306057587
04817a24c9286dcb11409f5840bce79a,Cc1cccc(CCC(=O)CC(O)CCc2cccnc2)c1,0.4160999953746795,0.8262997269630432,0.2323820584199645,2.565765,2.999854803085327,0.5332621395587921,0,0,0,0.3684210526315789,3.275520000000002,0.8132507046797991
d1a05e71a1f5896285cf586430c17846,OCC1CC(O)CCN1CCc1ccc(Nc2nc(-c3ccccc3)cs2)cc1,0.628600001335144,0.9796038866043092,0.6240700483322144,3.013991,-4.747158050537109,0.9386076211929322,0,0,0,0.3478260869565217,3.913800000000002,0.5519551960722501
c025d2ac928333438e3a4e1461abec45,O=C(NCC1CCCO1)c1ccc(CS(=O)(=O)c2ccc(Br)cc2)o1,0.524399995803833,0.5746935606002808,0.1086109930818731,2.721607,-10.318201065063477,0.3535776019096374,0,0,0,0.3529411764705882,2.924800000000002,0.7650060673857322
6a848d3e91094ef74422753f0a2fff3b,O=C(NC1CCOCC1OCc1ccccn1)c1ccncc1O,0.4284000098705292,0.5377795100212097,0.0619069515642794,3.291064,-6.205972671508789,0.0960078924894332,0,0,0,0.3529411764705882,1.286299999999999,0.8583281199526823
10d96429a97f20d8b07d304c58d96ec1,Cc1ccc(S(=O)(=O)N(CC(=O)O)c2ccc(N(CC(=O)O)S(=O)(=O)c3ccc(C)cc3)c(OCC(=O)N3CCOCC3)c2)cc1,0.4837999939918518,0.6627246141433716,0.0518160808662121,2.808068,-6.348859786987305,0.3205867826938629,0,0,0,0.3,2.1008400000000007,0.2700762707359021
6425f272f5dc559c109c7b4a8e3e8980,CCc1ccccc1N1C(=O)c2cc3cccc(OC)c3cc2C1=O,0.5916000008583069,0.925537407398224,0.2501282773234627,2.083737,-8.895550727844238,0.7388159751892089,0,1,0,0.1428571428571428,4.211400000000004,0.6754435663540203
1b3f09adb3da10a9c40aadac56ab3a6d,CCCN(CCCCNC(=O)c1cc2ccccc2[nH]1)CC1CC1c1cc(F)ccc1OC,0.6859999895095825,0.935992419719696,0.3173778422854163,3.259886,-8.27332878112793,0.9919009685516358,0,1,0,0.4444444444444444,5.341300000000005,0.3655188917408578
330f1a0420f6b2cdf7831e16d7d7e8bc,N#CCC(C1CC1)n1cc(C(N)=O)c(Nc2cccc(C(F)(F)F)c2)n1,0.6636999845504761,0.9580998420715332,0.2601569457487626,3.358176,-4.111397743225098,0.6858335018157959,0,0,0,0.3529411764705882,3.609180000000001,0.8192445508562081
ac7ee5c06bfd430426091c92ec4f62e0,CCn1cc(C(=O)NCc2ccncc2)c(=O)c2cc(F)c(N3CCN(C(=O)c4ccco4)CC3)cc21,0.7853000164031982,0.8930785059928894,0.0922627199271863,2.603298,-8.475802421569824,0.8082514524459838,0,0,0,0.2592592592592592,3.0409000000000015,0.4342301895904583
6c442acde5df9528d0cfc1ccc46bc084,CC(C)c1cccc2c1NC(=O)C21NC(c2ccccc2)C(c2ccccc2)C12CCCC2=O,0.6614000201225281,0.9836443662643432,0.3579479483040896,4.679163,-3.123892068862915,0.8005175352096557,0,0,0,0.3333333333333333,5.825100000000004,0.528210589806525
be95b99c13fa81ca8dc35b74f2ba784f,COC(=O)c1cc2c(cc1C)C(=C(Nc1ccc(C(=O)NCCC(=O)N3CCN(C)CC3)cc1)c1ccccc1)C(=O)N2,0.6223000288009644,0.9382709860801696,0.1421057676727121,2.673317,-9.047137260437012,0.8991416335105896,0,1,0,0.2727272727272727,3.6080200000000016,0.2746927144903636
79e03d68f48c41da5996518148fba917,CCn1nc(CC(C)C)cc1C(=O)N1CCCCC1CN1CCCC1,0.3916000127792358,0.1884197145700454,0.1007358911023898,2.936076,-9.358025550842283,0.8918843507766724,0,0,0,0.8,3.192000000000002,0.7942150417570104
75208f6c919d07e9f2291a1d1e60d40c,CC1CN(c2ccc(F)cc2C#N)CCN1S(C)(=O)=O,0.4444000124931335,0.4413079619407654,0.0893444276668808,2.858898,-10.946328163146973,0.7363603711128235,0,0,0,0.4615384615384615,1.16748,0.8216939490531133
858c757e1f174ceadbd618dda5d2be15,COc1ccc(C2C3CCc4ccc(OC)cc4C3=NN2C=O)cc1,0.5482000112533569,0.907714068889618,0.203695498406887,3.3391,-0.3781978785991668,0.7842095017433166,0,1,0,0.3,3.183600000000002,0.8059154371855088
d9b9943c0bf2058ef34609b1a4a9ad06,O=S(=O)(NCCNc1nccc(-c2c(-c3cccc(O)c3)nc3sccn23)n1)c1ccc(F)cc1,0.6557000279426575,0.945713222026825,0.286913896148855,2.706695,-5.830201148986816,0.9247635126113892,0,1,0,0.0869565217391304,3.754900000000002,0.2718722903636342
76060167113f99ba98983f59f8f99a11,FC(F)(F)C1(C#CC2CC2)NC(Nc2ccc(Cl)c(Cl)c2)=Nc2ccc(Cl)cc21,0.8203999996185303,0.9983984231948853,0.5809074396436865,3.66154,7.43285083770752,0.7270087957382202,0,1,0,0.25,6.520600000000003,0.4773040442075218
5f34c1d513e87b5e15cf6075b8326a22,Cc1cccc(CSC2=C(O)CC(c3ccccc3)CC2=O)c1,0.5303000211715698,0.9754871726036072,0.2418460271913897,2.809453,-8.869497299194336,0.4164512664079666,0,0,0,0.25,5.144520000000004,0.8453684372465659
c93ba4e3a244517a8a7125efd77aa581,NC(=O)NC(=O)COC(=O)c1ccccc1Oc1ccccc1,0.3980999886989593,0.7850481867790222,0.1136499927802519,1.801958,-9.10707187652588,0.085138039290905,0,0,0,0.0625,1.8306,0.8185682191293487
1e1f336d9b26710d5aa9e0b464abd2a1,Cc1nnsc1[S+]([O-])c1ccc(Br)cc1,0.4749999940395355,0.9179931282997132,0.1776543764874637,4.113356,-2.0180585384368896,0.0253189014270901,0,1,0,0.1111111111111111,2.7757200000000015,0.8015803874239872
2dd03e17147ed4dacee98c23aa79c613,CCOc1cc2ncnc(Nc3ccc(F)c(Cl)c3)c2c2c1OCCO2,0.667900025844574,0.973352074623108,0.6099297973242673,2.614837,0.0145615339279174,0.5916026949882507,0,0,0,0.2222222222222222,4.3358000000000025,0.7315502863714282
48d07506d16bce32a643216489d987fa,CC(=O)N1CCN(c2nc(NC(c3ccccc3)c3ccccc3)c3c(n2)C(=O)N(C(C)C)C3)CC1,0.6615999937057495,0.9077500700950624,0.110671848736026,2.647196,-5.787066459655762,0.9219651460647584,0,0,0,0.3571428571428571,3.7108000000000025,0.5745430738942052
4760e3d821f1ac3a00bfd73337d1baa4,Cc1ccccc1-c1cccc(CNc2nc(C#N)nc3c2ncn3CCCO)c1,0.5922999978065491,0.9671422243118286,0.4082263125614686,2.53029,-6.644157409667969,0.974774432182312,0,0,0,0.217391304347826,3.6679000000000017,0.4927161411725211
e5f55f8234e84866205c16ede73b7589,COc1cnc(-n2ncc3c(c2=O)CCC(c2cc(OC)ccc2C)C3)nc1,0.5593000054359436,0.8569158911705017,0.2604623233730143,3.161733,-2.403270483016968,0.676839280128479,0,0,0,0.3333333333333333,2.6206200000000006,0.6943865226383414
4496ed7f7820e3297515ab8ae96a1436,O=C(O)c1c(O)c(=O)n(Cc2cnn(Cc3cn4cccnc4n3)c2)c2ccsc12,0.6395999789237976,0.8975545167922974,0.0683701182292266,3.116912,-10.862454414367676,0.1597771845757961,0,0,0,0.1052631578947368,1.8025999999999989,0.4420032474539896
388503f67d15a520dcd523b98f439419,COCCn1c(=NC(=O)c2ccc(S(=O)(=O)N3CCc4ccccc4C3)cc2)sc2cc(S(N)(=O)=O)ccc21,0.6040999889373779,0.925847589969635,0.1155786598947915,2.672794,-4.058141708374023,0.7851545095443726,0,0,0,0.2307692307692307,2.4847,0.3527984392011448
ddd4fcae1ee543f030b647ed2c1a3319,CON=C1C(c2c(O)n(C)c3c(F)cccc23)=Nc2ccccc21,0.5884000062942505,0.9814592003822328,0.4031560691920193,2.971026,3.6427929401397705,0.7309978365898132,1,1,0,0.1111111111111111,3.507900000000002,0.7337602148215404
82a5eac780b0822a8bd4cd9d8c23416d,O=C1Nc2ccccc2C1=NNc1ccc(Cl)cc1,0.5623999834060669,0.9884313941001892,0.3291709233414043,2.156741,-5.240626335144043,0.5656570136547089,1,1,0,0.0,3.1083000000000007,0.8248327505028002
9b6ae70019b565f71af88543742e14ff,Nc1ncnc2c1c(C#Cc1cccc3ccccc13)cn2C1OC(COS(N)(=O)=O)C(O)C1O,0.7161999940872192,0.9807628393173218,0.5791033655405045,4.038582,4.966225624084473,0.8630151271820068,0,1,0,0.217391304347826,0.4057999999999993,0.2920458629236755
1c86115bdc6c77823d97cabe182d9fd4,O=C(Nc1ccccc1)N1CCC2(CC(=O)N(c3ccsc3)C2)C1,0.4325999915599823,0.5563264489173889,0.0695655659179795,3.511011,-6.111567974090576,0.6668831706047058,0,0,0,0.3333333333333333,3.4090000000000025,0.9099720672362775
d1b89ac23cc4ea2f473053b07e20fb0b,CCN(CC)CCOc1ccc(Nc2cc3c(cn2)cc(-c2ccc(SC)cc2)c(=O)n3CC)nc1,0.6388000249862671,0.9468439817428588,0.6110542850060896,2.755653,8.888163566589355,0.9381937384605408,0,0,0,0.3214285714285714,5.664500000000006,0.2646517063440516
642862245de0a45895cb67d717f063ff,COC(C)(C)CNc1nc(C)cc2cnc(Nc3ccc(-c4cnn(C)c4)cc3OC(F)F)nc12,0.5741999745368958,0.96659117937088,0.5665741901506077,3.101114,-6.954248428344727,0.9602185010910034,0,0,0,0.3333333333333333,4.915620000000004,0.346330067276233
a59c58a6db9c02e72e60a7553b425d91,O=C1C2=C(NC(=S)NC2c2cccc(CO)c2)c2ccccc21,0.5133000016212463,0.9556042551994324,0.3167131610892035,2.915342,8.024700164794922,0.3577696561813354,0,1,0,0.1111111111111111,2.3053,0.7407972661696313
e8b6db926ff54d6945c12493d9e028fb,CCc1cc(N2CCOc3ccc(OC4CCN(C(=O)C5CCS(=O)(=O)CC5)C4)cc32)cnc1OC,0.597000002861023,0.6570917963981628,0.0554261883212761,3.437299,-10.276322364807127,0.6845410585403442,0,0,0,0.5384615384615384,2.987600000000002,0.5792423569028845
0c383e53237f7db68aff28d3e93ec78b,CCOc1cc(C(=O)N2CC3C4CN(C(=O)c5ccc(S(N)(=O)=O)nc5)CC4C3C2)nc2ccccc12,0.6819999814033508,0.7646386027336121,0.0901962688023393,3.991761,-5.945513725280762,0.4346458554267883,0,0,0,0.3846153846153846,1.7661000000000011,0.5403881178824546
e6aeff556fb25faaa9253a01377a248d,O=C(c1nccc2ccccc12)N1CCC(c2nnco2)CC1,0.3908999860286712,0.5875146389007568,0.0581617557697675,2.473082,-12.00399112701416,0.2398070439696312,0,0,0,0.2941176470588235,2.637600000000001,0.7274609866011827
e3cd4b3304c5fadbf9109a3b8d90889f,Cc1cc2ncc3c(n2n1)CCN(C(=O)c1ccc2nsnc2c1)C3,0.4884999990463257,0.5057154893875122,0.0829160343855619,2.764267,-11.127793312072754,0.3307107806205749,0,0,0,0.2352941176470588,2.24092,0.5261436843596154
20720655c2c8eb6c0f6d8376da6ab3e2,O=C(NCc1ccc(F)c(Cl)c1)Nc1csc([N+](=O)[O-])c1,0.6766999959945679,0.9680067300796508,0.1820727762850848,2.374698,-9.91240119934082,0.3736835926771163,0,1,0,0.0833333333333333,3.770500000000002,0.6611123573735577
8a19246adf78299e9d33ba45cd0d2a7f,CCCCCc1nc2c(N)ncnc2n1CCCCC,0.3828000128269195,0.8794592618942261,0.2430857907642017,2.282911,-5.411110877990723,0.826154351234436,0,1,0,0.6666666666666666,3.331400000000002,0.750133684989406
bae6466716e66605b7a4079f1b9c11ca,Nc1c2ccncc2cc2cnc(NCCCN3CCCC3)nc12,0.5647000074386597,0.9417006969451904,0.4722242653369903,2.625721,-4.979651927947998,0.9406559824943542,0,1,0,0.3888888888888889,2.6580000000000013,0.4269553734340495
07c0b39d1e7c12bffd663bab1ef1744f,CCNCC(=O)Nc1cc(OC)ccc1C(=O)c1ccc(OC)c2c1C=CC(C)(C)O2,0.5697000026702881,0.921269714832306,0.366322014819492,2.695793,-1.140649676322937,0.7628488063812255,0,0,0,0.3333333333333333,3.6670000000000016,0.6292100037538321
575da7d3b18df2df29fab88453cf7d0a,CC(C)c1nc(CCN(C)C(=O)c2cnc(O)cn2)no1,0.3912999927997589,0.5914881229400635,0.0388491881630298,2.969307,-9.03194522857666,0.0238873993977904,0,0,0,0.4615384615384615,1.0033,0.8756063884785451
7a3745afb45eeb256f2abc0dcbeaea02,CCN(CC(C)(C)O)C(=O)C1CC1c1cccc2ccccc12,0.5457000136375427,0.9010987877845764,0.1748517595908858,3.118573,-1.7262734174728394,0.7545460939407349,0,0,0,0.45,3.562700000000002,0.9169221456849832
d99f8ddc930da3aa0a72f7b336a732c6,Cc1nc(CN2CCCN(C(=O)c3ccccn3)CC2)oc1C,0.3104999959468841,0.2024570554494857,0.0308389064898206,2.249001,-9.598440170288086,0.5550768911838532,0,0,0,0.4705882352941176,2.03454,0.867297028822707
be7d0aa106cd7126a8e18a933756a310,COc1ccc(-c2cn3nc(Cc4noc5ccccc45)sc3n2)cc1,0.4375999867916107,0.942308783531189,0.2080073803663253,2.542241,-6.423601150512695,0.6191843271255493,0,0,0,0.1052631578947368,4.198400000000003,0.4793468214518985
eda36f6ee1dfcfcf1ebc6655f0114f70,Cc1ncc(C(CNC(=O)C2CCc3ncsc32)N2CCOCC2)cn1,0.3840000033378601,0.2762766182422638,0.0524698818441141,3.74279,-7.999604225158691,0.2141793146729469,0,0,0,0.5555555555555556,1.4610199999999998,0.8547318653942491
4b3ff2db42198553dfe50ba74d3d54de,CCCCN=CC12CCC(O)CC1(O)CCC1C2CCC2(C)C(C3C=CC(=O)O3)CCC12O,0.682200014591217,0.9365034103393556,0.558419415896589,5.143806,11.49261474609375,0.6569896578788758,0,1,0,0.8518518518518519,3.568600000000003,0.3316076102535804
fe1cc0cba2d3d1a9515aabfed1b5cd0e,N#CCCOC(=O)C1CC2(COCc3ccccc3)C(=O)N(CCCCc3ccccc3)CC(=O)N2C1c1ccco1,0.5669000148773193,0.8057097792625427,0.1504091061651706,4.062581,1.3803532123565674,0.9674227237701416,0,1,0,0.3939393939393939,4.446780000000004,0.2208253757204904
1b3405ec3a8a89e59e8ffdbed1c6addc,CCc1cccc2ccn(CC(O)CSc3ccc(F)cc3)c12,0.6251000165939331,0.965643346309662,0.4538587819446217,2.806778,-10.764053344726562,0.928324806690216,0,0,0,0.2631578947368421,4.496000000000003,0.6738581618832344
68bf7314bd7ac5466cb9b3c7d795e92f,CN(CC1CCOC1)C(=O)C1CCCCC1,0.3219000101089477,0.1816043257713318,0.0298713257599791,2.657739,-1.2543941736221311,0.181291538849473,0,0,0,0.9230769230769232,2.0616,0.7355393617064128
bc2558e6ddee7573a135bed00f12f396,Cc1ccsc1C(=O)OC1CCOC1=O,0.3903000056743622,0.6509162783622742,0.1356844086284664,2.969182,-9.992464065551758,0.0152942531742155,0,0,0,0.4,1.5288199999999998,0.7174780230825156
a71aa9b01484c53968bfe9f7b8f558a0,O=C1CN(c2cc3c(cc2F)c(=O)c(C(=O)O)cn3C2CC2)CCN1,0.8950999975204468,0.9985752105712892,0.0617613639174537,2.582384,-9.88489055633545,0.0385144772008061,0,0,1,0.3529411764705882,1.1099,0.8694868591502003
fc62ac80087739ded9bd6693e3cf0080,CSC(=NC(=O)c1cccnc1)NC(=O)c1cccnc1,0.3962000012397766,0.637100100517273,0.0790461633693088,2.535055,-8.7542085647583,0.1246002279222011,0,1,0,0.0714285714285714,1.7657999999999998,0.6746411720677419
0f81a908353838718a59a3b017767967,Cc1cc(=O)[nH]c2cc(N3C(=O)CSC3c3ccc(F)cc3)ccc12,0.5630999803543091,0.8914238214492798,0.2739237370816144,2.874152,-10.824028968811035,0.5630470871925354,0,0,0,0.1578947368421052,3.754220000000002,0.7624334830857552
fa7e37e3fbea44ecb1ed9fe7f53ba30d,COc1ccc(C=CC(=O)c2cc(F)ccc2OC(=O)c2ccccc2)cc1OC,0.4652999937534332,0.9647082686424256,0.4340764148668809,2.039188,0.7904138565063477,0.6135212779045105,0,1,0,0.0833333333333333,4.958200000000004,0.2402524591147085
1f7bfb7f5e06c61e6662ca095386d95a,CN=C(c1ccccc1)N1CCN(CCc2ccccn2)CC1,0.3497999906539917,0.5775281190872192,0.0930810982192104,2.229149,-9.970704078674316,0.9151961445808412,0,1,0,0.3684210526315789,2.3183000000000007,0.6415857453328213
a1065ccd49e4a32dd1607cd871053d52,Cc1ccc(-c2ccc(C(=O)C3CCCN(CC4CC4)C3)cc2)cc1,0.6215000152587891,0.9247169494628906,0.2705585817721757,2.361337,-9.318422317504885,0.9471263885498048,0,0,0,0.4347826086956521,4.966720000000005,0.720329431585764
b9eccf2d8e023f2b6b1ac701e38dfb70,Cc1nnc2sc(C(=O)NC3CN(N(C)c4ccc(C(F)(F)F)nc4)C3)c(N)c2c1C,0.6635000109672546,0.8754917979240417,0.347383593971079,3.24569,-2.213899850845337,0.8406892776489258,0,0,0,0.3684210526315789,2.769540000000001,0.629187101827972
59f695b37f13ec157d2a180dfa126f31,OCC1OC(n2cnc3c(NC4CC5CCC4C5)nc(O)nc32)C(O)C1O,0.5896999835968018,0.8836864233016968,0.2609569010409442,5.046644,12.15517520904541,0.4152644008398056,0,0,0,0.7058823529411765,-0.2561000000000007,0.4863652901266008
647d6c3f16f2fb41a921e6d01e56e026,CCOc1ccc2ccccc2c1CNCC1CCNCC1,0.5289999842643738,0.961068034172058,0.2887554304166274,2.131914,-10.922894477844238,0.9375208497047424,0,0,0,0.4736842105263157,3.327700000000001,0.8580306950624155
52d449f8aea2c1a932a17a40c0e269d6,C=Cc1cccc(C=c2[nH]c(=O)c(=Cc3ncoc3C(C)(C)C)[nH]c2=O)c1,0.5662999749183655,0.9210889935493468,0.3749941736459732,3.311484,1.4237477779388428,0.5424337089061737,0,0,0,0.1904761904761904,1.6493,0.7401168572285467
27ab1764234dd7902be69f40e2f38991,CCc1c(C(=O)NCc2cnn(C)c2)csc1C,0.3073999881744385,0.3923312127590179,0.0505426158620552,2.457605,-10.55917263031006,0.1132849648594856,0,0,0,0.3846153846153846,2.28242,0.919612550515452
0e62695a945dda46ffccbdb72ec81690,Cc1cc(Nc2ccc(F)cc2)c2ccccc2n1,0.367900013923645,0.952800750732422,0.2521708539941094,1.69431,-9.185513496398926,0.7805280208587646,0,0,0,0.0625,4.425920000000002,0.7295960305206599
0967c4cdea42eed27cf4a508411837ee,Cc1cc(C(O)(c2ccc3c(cnn3-c3ccc(F)cc3)c2)C(F)(F)F)ccc1F,0.6455000042915344,0.9925646781921388,0.4971774681047959,2.991623,1.3666881322860718,0.9176517009735108,0,0,0,0.1363636363636363,5.410320000000003,0.452024614964129
b605402412d1ead7e266319ed17562cf,NS(=O)(=O)c1ccccc1NS(=O)(=O)C(F)(F)C(F)(F)C(F)(F)C(F)(F)C(F)(F)C(F)(F)C(F)(F)C(F)(F)F,0.6327000260353088,0.9795980453491212,0.1448893838308074,3.11771,-4.959311485290527,0.8296854019165039,0,1,0,0.5714285714285714,5.042600000000001,0.3451908829434772
0a9f3af9408557d224b6ba96b9d577a6,Cc1cc(CCNC(=O)N2CCC(O)CC(C)(C)C2)ccc1Cl,0.5275999903678894,0.6757827401161194,0.1181944391944191,2.81843,-6.761257171630859,0.7447025656700135,0,0,0,0.6111111111111112,3.3834200000000028,0.8872617270604701
5b58aad0f120ed79597673e9b80fac24,O=C(O)CC(NC(=O)Cc1ccccc1)C(=O)O,0.3077000081539154,0.8258110284805298,0.064599483104592,2.072231,4.937757968902588,0.0028096080874092,0,0,0,0.25,0.2731999999999996,0.673030643026755
9b94b2a53cc04802499258fd3f2510e7,O=C1c2nccnc2C(=O)N1c1ccc(F)cc1,0.3463000059127807,0.8680413961410522,0.1937056085602803,2.200835,-7.465784072875977,0.0946685001254081,0,1,0,0.0,1.4163,0.710338667192329
72c608afc7b4c25ccdcc90b6bef281b7,Cc1cc(C)n(-c2nnc(N3CCN(c4ccc(F)cc4)CC3)nn2)n1,0.4345000088214874,0.8482434749603271,0.1515168681349182,2.519698,-11.152718544006348,0.4501894891262054,0,0,0,0.3529411764705882,1.53484,0.7059571519079726
e33ac5879b3a68e21197894b483d8f67,COc1ccc(C=NNC(=O)c2ccc(NC3CCCCC3)c(NCc3ccccc3)c2)c(O)c1,0.6348999738693237,0.96841961145401,0.3830336088483984,2.381882,-6.310708522796631,0.8913267612457275,1,1,0,0.2857142857142857,5.521400000000005,0.2429304098356383
69ab96252aecf395eec9bd20a4c6493e,CCn1ncc(-c2nc3c(OC4CCN(C(=O)c5ccnc(C)c5)C4)ncnc3n2C)c1C,0.5120999813079834,0.5631098747253418,0.1233919242566282,3.398287,-9.178221702575684,0.8041003465652465,0,0,0,0.391304347826087,2.5520400000000008,0.4639799135146258
041a40ed282121023b7a4232acac328c,COC(=O)C1(C)CC(=O)C2=C3C(C)(CC2=O)C(C)CCC31O,0.5278000235557556,0.926308810710907,0.1823628006333654,4.556389,11.361292839050291,0.0228149134665727,0,1,0,0.7058823529411765,1.5751999999999995,0.5873687288648929
01e005e5adeb4a37b315541677ac8334,CC(=O)N1CCc2c(nc(N(C)C)nc2N(C)CCO)C1,0.395900011062622,0.3658077120780945,0.0455823757008395,2.802187,4.391297340393066,0.2225215643644333,0,0,0,0.6428571428571429,-0.1242999999999989,0.8339566156414624
e7919ff7a26f5b04bf1db720f7914fca,O=C(NCc1ccc2c(c1)OCO2)c1cc(-c2ccccc2)c(N2CCOCC2)s1,0.5771999955177307,0.775855302810669,0.2030503506010229,2.333301,-6.484090805053711,0.8405181407928467,0,0,0,0.2608695652173913,3.910400000000003,0.6756298727318635
ea91f0febd5f128f2123bc9b376ff834,Cn1cc(-c2cc(C(=O)NCCCCC(=O)Nc3ccccc3N)on2)cn1,0.3808000087738037,0.5169588923454285,0.1274880221621556,2.388664,-6.130984306335449,0.826509165763855,0,1,0,0.2631578947368421,2.1961000000000004,0.4046384646125349
83d9c2dda5952696d2ce2344867ead95,COc1ccc(NC(=O)Cc2nnc(N)s2)cc1,0.323199987411499,0.5982908010482788,0.0840547589415853,1.969659,-7.78818416595459,0.0507537989411503,0,0,0,0.1818181818181818,1.3100999999999998,0.8685505504084706
47e81a52a929522c9b90d74e0105669a,CCOC(=O)C(=O)Nc1cccc(NC)c1C#N,0.3147000074386596,0.6774159073829651,0.165428354320201,2.385406,-7.540524005889893,0.1855329722166061,0,1,0,0.25,1.10158,0.6161576427185695
43e9258c9b57907e383026902d7e7dfc,O=c1[nH]nc(-c2ccc(C(F)(F)F)cc2)o1,0.4693999886512756,0.923833966255188,0.0726082978600805,2.295262,-9.111939430236816,0.0475823882967233,0,0,0,0.1111111111111111,2.0486999999999997,0.8150310481746399
d19ad31567b2a45581f4d4cc4f7ededc,COC(=O)c1[nH]c2cccc(OC)c2c1NC(=O)CN1CC2(C)CC1CC(C)(C)C2,0.5038999915122986,0.7810623645782471,0.1756676936691457,4.186302,-2.388704538345337,0.9132446646690368,0,0,0,0.5652173913043478,3.8022000000000022,0.7286711607320852
321637e174a603ecb276b64a2faf7b59,CNC(=O)c1c(-c2ccc(F)cc2)oc2cc(N(CCO)S(C)(=O)=O)c(C3CC3)cc12,0.6639000177383423,0.9541938900947572,0.1195176575671542,2.684774,-2.803495407104492,0.8659318566322327,0,0,0,0.3181818181818182,3.234200000000002,0.5805035033978855
cd636cde7530e71f9c2bcaefd77dc3af,Cc1ncc([N+](=O)[O-])n1CCOC(=O)NC(Nc1nc(Cl)c(N)c(Cl)n1)C(Cl)(Cl)Cl,0.7297000288963318,0.9083432555198668,0.3117126543317413,3.806345,-6.632047653198242,0.7179416418075562,0,1,0,0.3846153846153846,3.31332,0.1626820737490093
3d90c2e63f1ab41a0bc0fefce6c363f5,Cc1cccc(-n2ncc3cc(C(=O)NC4CC5CCC4N5C#N)c(Cl)cc32)n1,0.6615999937057495,0.8538066148757935,0.2319670739499005,4.690363,0.5231479406356812,0.8039832353591919,0,1,0,0.3333333333333333,3.198500000000002,0.6747383062019422
eb310b8efef1cdfa90292ba474948d5c,C=C1c2c(Cl)ccc(O)c2C(=O)C2=C(O)C3(O)C(=O)C(C(N)=O)=C(O)C(N(C)C)C3C(O)C12,0.8233000040054321,0.9994592070579528,0.1475245917046612,4.620636,6.528253555297852,0.2319607675075531,0,1,1,0.3181818181818182,0.2155,0.3249428299467629
6084b74d530f47bfdc40825f4e17285f,CSc1c2sc(C3=C(C(=O)O)N4C(=O)C(C(C)O)C4C3C)cn2c[n+]1Cc1ccccc1C[n+]1ccccc1,0.8216999769210815,0.8457533121109009,0.1872232109308242,4.705511,11.731412887573242,0.4428200483322143,0,1,0,0.3103448275862069,3.047500000000001,0.1958326123933621
dee89f625184674b687e589950458439,CCCCOC(=O)Cc1cc(-c2ccc(S(C)(=O)=O)cc2)n(-c2ccc(F)c(F)c2)c1C,0.6108999848365784,0.9598836898803712,0.2471802017905495,2.441677,-0.9611021280288696,0.7595349431037903,1,1,0,0.2916666666666667,5.0202200000000055,0.3490382105884464
70cf0388119df2505d799f3b73f03487,COc1ccc(N(C)S(=O)(=O)c2c(N)[nH]c3c(C4=CCCCC4)ncnc23)cc1,0.6218000054359436,0.8972553014755249,0.2535547898574309,2.99335,3.8219921588897705,0.8913225889205932,0,0,0,0.3,3.3312000000000017,0.6630434840888981
199a9e02a4252480ccbf4b122075cdf8,CC(NC(=O)C1=NN(C)C(=O)CC1)c1ccccc1Cl,0.3925000131130218,0.5215086936950684,0.0746502493592825,2.705602,-8.954901695251465,0.1417337022721767,0,0,0,0.3571428571428571,2.1254,0.927759403435558
c04b2fdb8907b5ad952ab269bada53ef,O=C(CN1C(=O)C2CC=CCC2C1=O)Nc1ccccc1N1CCCC1,0.4991999864578247,0.4952200055122375,0.088084409690716,2.948362,-6.867179870605469,0.4327944427728653,0,1,0,0.45,2.1765,0.6653169540709466
fe3a3712fb6b94557016124dbd1a76d5,O=[N+]([O-])c1ccc(-c2noc(-c3ccccc3)c2C2=NCCN2)cc1,0.531000018119812,0.9573176503181458,0.1898506676608866,2.481853,-1.5555704832077026,0.750392746925354,0,1,0,0.1111111111111111,3.2666000000000013,0.5836237309105534
