rafiki_id,smiles
RAFIKI-0001,CC(C)CCOCC1CC2(CC(C)(c3csc(Nc4ccccc4Cl)n3)OC2=O)C(=O)O1
RAFIKI-0002,COc1ccc(CCNC(=O)CSc2nnc(-c3ccc([N+](=O)[O-])o3)s2)cc1OC
RAFIKI-0003,COC(=O)c1cccc(NC(=O)c2cccc(CNC3CC3c3ccc(F)c(F)c3)c2)c1
RAFIKI-0004,O=C(Nc1ncc(C(O)(C(F)(F)F)C(F)(F)F)s1)c1ccccc1
RAFIKI-0005,Cc1c(-c2ccc(C(F)(F)F)cc2)nc2cccnc2c1-c1ccccc1
RAFIKI-0006,CCOC(=O)C1=C(Nc2cccc(Cl)c2)SC(=Cc2ccc(C)cc2)C1=O
RAFIKI-0007,CCCCCc1nc2c(N)ncnc2n1CCCCC
RAFIKI-0008,CCCCOc1ccc(C2=NNC(=O)CC2)cc1
RAFIKI-0009,COc1cc(C=CC2=CC(C)(C)N(O)C(C)(C)C2)cc(OC)c1
RAFIKI-0010,COC(=O)c1cc(OC)c(OC(C)=O)c2oc3cc(C)ncc3c(=O)c12
RAFIKI-0011,CN1CC(CC#N)CC2c3cccc4[nH]c(Cl)c(c34)CC21
RAFIKI-0012,CCc1nc(CN2CCC3(CCCCCC3)C2)n[nH]1
RAFIKI-0013,Cc1cccc(-c2[nH]c(CNc3cccc(C(N)=O)c3)nc2-c2ccc3c(c2)OCO3)n1
RAFIKI-0014,O=c1c(-c2nn[nH]n2)c[nH]c2c(Cl)ccc(Cl)c12
RAFIKI-0015,CN(C)C1C(=O)C(C(N)=O)=C(O)C2(O)C(=O)C3=C(O)c4c(O)cccc4C(CS(=O)(=O)Cc4ccccc4)C3C(O)C12
RAFIKI-0016,Nc1nc(Nc2ccc(OCCN3CCCC3)cc2)nn1-c1cc2c(nn1)CCN(C(=O)OCc1ccccc1)C2
RAFIKI-0017,CCN1CCCC1CN(Cc1ccon1)CC1CCN(CCOC)CC1
RAFIKI-0018,O=P(CCCO)(CCCO)CCCO
RAFIKI-0019,O=C(C1COCC2CN(C3CCCC3)CC21)N1CCOCC1
RAFIKI-0020,Oc1c(C(Nc2ccc(Cl)cn2)c2ccc(Cl)c(C(F)(F)F)c2)ccc2cccnc12
RAFIKI-0021,CC(O)=C(C#N)C(=O)Nc1cc(OC(C)C)c(C(=O)Nc2cccc(F)c2)cc1F
RAFIKI-0022,O=C(CCl)Cn1cnc([N+](=O)[O-])c1[N+](=O)[O-]
RAFIKI-0023,CC(=O)OC1CC(O)C2(C)OCC(C)C3C(=O)C=C(C)C4C(CC1(C)O)OC2C34
RAFIKI-0024,CC(C)(C)OC(=O)N1CC2CC1C2NC(=O)C1CC=CCC1
RAFIKI-0025,Cc1ccc(-c2nn(-c3ccccc3)c3[nH]c(-c4ccccc4)cc(=O)c23)cc1
RAFIKI-0026,Cc1ccc(C(=O)Nc2nc(C)c(C(=O)Nc3ccc4c(c3)CCC4)s2)cc1
RAFIKI-0027,O=C(Nc1cc2c(Nc3ccc(F)c(Cl)c3)ncnc2cc1OCCCN1CCOCC1)c1ccccc1
RAFIKI-0028,Cc1ccncc1NC(=O)CCCNC(=O)OC(C)(C)C
RAFIKI-0029,O=C(Nc1cccc(F)c1)N1CC2(CCN(C(=O)c3csnn3)CC2)C1
RAFIKI-0030,CSc1cccc(NC(=O)OC2CCCCCCCCCCC2)c1
RAFIKI-0031,Cc1cccc(CSc2nc3cc(NC(=O)C4CC4)ccc3n2C(C)C)c1
RAFIKI-0032,C=CC(=O)N1CCCN(c2cc(NCCC(=O)O)nc(-c3ccccn3)n2)CC1
RAFIKI-0033,Oc1cc(Nc2ccccc2)cc2cccnc12
RAFIKI-0034,N=C(N)c1ccc(-c2sc(-c3ccc(C(=N)N)cc3)c3c2OCCO3)cc1
RAFIKI-0035,O=C(CNC(=O)c1ccc(Oc2ccccc2)cc1)Nc1nccs1
RAFIKI-0036,Cc1ccc(CCC2CCN(C(C)C(=O)Nc3cccc(S(N)(=O)=O)c3)CC2)cc1
RAFIKI-0037,CC(C)(O)Cn1c(=NC(=O)c2ccnc(-n3cnc4ccccc43)c2)[nH]c2ccccc21
RAFIKI-0038,COc1ccc(N2C(=Nc3ccc(C(F)(F)F)cc3)SCC2(O)C(F)(F)F)cc1
RAFIKI-0039,O=C(COc1ccccc1C(=O)Nc1ccccc1F)Nc1ccc(Br)cc1
RAFIKI-0040,Cc1ncc(-c2ccc(Nc3cc4cc(-c5cnn(CC(C)(C)O)c5)ccc4cn3)cc2)n1C
RAFIKI-0041,O=C(NC1CCN(Cc2ccccc2)C1)c1ccc(-c2cccc3nc(NC(=O)C4CC4)nn23)cc1
RAFIKI-0042,CCc1ccc(OCc2cc(=O)[nH][nH]2)cc1
RAFIKI-0043,COc1ccc2nc(NC(=O)NCc3nc4ccccc4[nH]3)sc2c1
RAFIKI-0044,COc1ccc(C2CC(c3c(O)c4ccccc4oc3=O)=NN2C(N)=S)cc1
RAFIKI-0045,COc1cc2c(cc1OC)Sc1nc(C)nc(Nc3ccc4c[nH]nc4c3)c1NC2
RAFIKI-0046,CCCSc1nc(N2CCCC(CC(=O)O)C2)ccc1C(=O)N(C1CCCCC1)C1CC1
RAFIKI-0047,O=C(Nc1ccc([N+](=O)[O-])cc1Br)C(Nc1ccc2c(c1)OCCO2)c1ccccc1
RAFIKI-0048,CC(=O)CC(c1ccccc1)C1C(=O)Oc2ccccc2C1=O
RAFIKI-0049,O=S(=O)(Cc1cc(-c2ccccc2)no1)CC1CCCO1
RAFIKI-0050,[O-][n+]1ccc2ccnc3c2c1-c1ccccc1-3
RAFIKI-0051,Cc1nc(COCC(C)(C)O)sc1-c1cccc(-c2cc(F)c3nn[nH]c3c2F)n1
RAFIKI-0052,O=S(OCCN1CCCC1)C(c1ccccc1)c1ccccc1
RAFIKI-0053,CC(C)c1cccc2c1NC(=O)C21NC(c2ccccc2)C(c2ccccc2)C12CCCC2=O
RAFIKI-0054,Nc1nc(N)c(-c2ccccc2)c(CCc2ccccc2OCc2ccccc2)n1
RAFIKI-0055,O=C1COc2cccc(CN3CCC(c4c[nH]c5cccnc45)CC3)c2N1
RAFIKI-0056,CC(=O)NC(C)COC1CC(COc2ncnc(OCc3cncs3)c2Cl)C1
RAFIKI-0057,CN(Cc1ccc(S(=O)(=O)N2CCNCC2)cc1)c1ccc2c3c(cccc13)C(=O)N2
RAFIKI-0058,O=c1c(O)c(-c2cccc(O)c2)oc2cc(O)ccc12
RAFIKI-0059,CC(NC(=O)c1cccc(-c2n[nH]c3ccc(-c4ncn[nH]4)cc23)c1)c1ccccc1
RAFIKI-0060,CC(C)C(=O)Nc1nc(N(C)C)c2ncn(C3OC(CO)(CCl)C(O)C3F)c2n1
RAFIKI-0061,O=C(O)CCCN1C(=O)C(=Cc2cn(-c3ccccc3)nc2-c2cccs2)SC1=S
RAFIKI-0062,CCN(CC)CCNC(=O)c1cc(Cl)cc(Cl)c1OC
RAFIKI-0063,Cc1ccc(S(=O)(=O)N2Cc3ccccc3-c3sccc32)cc1
RAFIKI-0064,CC(C)(C)OC(=O)NCCOCCOCCOCCOCCCc1ccc(C2CN(C3CCC(=O)NC3=O)C(=O)O2)cc1
RAFIKI-0065,COc1cc2c(cc1Br)CCC1C(C)(C)c3nc(C)ncc3CC21C
RAFIKI-0066,O=C(O)CN1CN(Cc2cccc([N+](=O)[O-])c2)S(=O)(=O)c2ccccc21
RAFIKI-0067,CC(Nc1nc(C(=O)O)nc2nc(-c3cc4ccccc4cn3)n(Cc3ccc(C(F)(F)F)cc3)c12)C1CCC1
RAFIKI-0068,COc1cccc(C(=O)N2CC(C(=O)N3CCOCC3)Oc3ccccc32)c1
RAFIKI-0069,CSCCC(NC(=O)C1N2C(=O)c3ccccc3C2SC1(C)C)C(=O)NCc1ccncc1
RAFIKI-0070,COc1ccccc1N1CCN(CC(COc2cc(OC)c(OC)c(OC)c2)OC(=O)c2cc(OC)c(OC)c(OC)c2)CC1
RAFIKI-0071,N#CC1(C(=O)N2CC3CCC2CN(Cc2cscn2)C3)CCOCC1
RAFIKI-0072,CC(C)(C)n1cc(CNc2ncccc2OC(F)F)cn1
RAFIKI-0073,O=S(=O)(NCCc1n[nH]c(Cc2ccc(F)cc2)n1)c1ccccc1
RAFIKI-0074,O=C(OC1C[N+]2(CCCn3cccc3)CCC1CC2)C(O)(c1cccs1)c1cccs1
RAFIKI-0075,CCN1C(=O)C2(SC(NC(C)=O)=NN2C(C)=O)c2cc(C)ccc21
RAFIKI-0076,CCC(C)C(NC(=O)C(CC(C)C)NC(=O)c1ccco1)C(N)=O
RAFIKI-0077,Fc1ccc(CCCNc2ccnc(C(F)(F)F)c2)cc1
RAFIKI-0078,CCc1cnccc1C(=O)NCc1cccc(C(=O)N2CCCC2)c1
RAFIKI-0079,O=C(c1ccoc1)N1CCN(c2cc(-c3cccnc3)nc3cc(-c4cccc(Cl)c4)nn23)CC1
RAFIKI-0080,O=C1c2ccc([N+](=O)[O-])cc2C(=O)N1Cc1ccc(F)cc1
RAFIKI-0081,CS(=O)(=O)c1ccc(CN2CCC(c3nc4ncccc4[nH]3)C2)cc1
RAFIKI-0082,CNc1c(Cl)ncc(-c2ccnc(Nc3ccnc(C)n3)c2)c1C
RAFIKI-0083,Cc1c(Cl)c2c(c(O)c1C=O)CC(CC(C)(O)C=CC1(C)C(C)CCC3(OCCO3)C1C)O2
RAFIKI-0084,CC(C)CC(COc1ccc(Br)cc1-c1ccno1)NC(=O)OC(C)(C)C
RAFIKI-0085,CC1CCC(NC(=O)C2CCN(c3c4c(nc5ncnn35)CCC4)CC2)CC1
RAFIKI-0086,Clc1ccccc1-c1nnc(CSCCN2CCOCC2)o1
RAFIKI-0087,CCc1ccc(S(=O)(=O)NCc2ccc(C(=O)NCCN(Cc3ccccc3)C(C)C)cc2)cc1
RAFIKI-0088,COc1ccc(N(C(=O)Nc2ccc(F)cc2)C(C)c2nc3cc(F)c(F)cc3c(=O)n2N2CCN(C)CC2)c(OC)c1
RAFIKI-0089,c1ccc2c(c1)CCCc1ccc(-c3ccc4ccccc4c3)nc1-2
RAFIKI-0090,Cc1nnc(N2CCN(CCC(=O)N(C)CCC#N)CC2)s1
RAFIKI-0091,C=CC(=O)N1CCCC(Nc2nc(Nc3ccc(N4CCN(C)CC4)nc3)c3c(c2F)CNC3=O)C1
RAFIKI-0092,COc1cn(CC(=O)NCc2ccc3c(c2)OCO3)c(CN2CCCCC2)cc1=O
RAFIKI-0093,Cc1nc(NC(C)c2cccc(C(F)F)c2F)c2cc3c(cc2n1)OCCC1CN(c2ccnn2C)CCN31
RAFIKI-0094,CC(=O)NCCNc1cc(-c2ccccc2C)ncn1
RAFIKI-0095,COc1ccccc1C(O)C1CC(CO)OC1n1c(=O)sc2c(=O)[nH]c(N)nc21
RAFIKI-0096,COC(=O)c1cccc(C2CC(=O)Nc3c2cnn3CC2CCCCC2)n1
RAFIKI-0097,O=C(O)CC1(C(=O)NCc2ncc(-c3ccccc3)s2)Cc2ccccc2C1
RAFIKI-0098,CCOC1(C)CC2=C(COC2=O)C(O)C2CC(C)(C)CC21
RAFIKI-0099,CCOn1c(Sc2cc(Cl)cc(Cl)c2)c(CC)c(=O)[nH]c1=S
RAFIKI-0100,COc1ccc(CCNC2COC(C(c3ccccc3)c3ccccc3)C2)cc1
RAFIKI-0101,Cc1cccc(NC(=O)Nc2ccc3c(c2)OCO3)n1
RAFIKI-0102,O=C1NC(=S)SC1=Cc1ccc[nH]1
RAFIKI-0103,c1ccc2nc(N3CCCC4(CCNCC4)CC3)cnc2c1
RAFIKI-0104,CCNc1nc(C)cc(N2CCN(C(=O)c3cccc(I)c3)CC2)n1
RAFIKI-0105,CCOC(=O)c1cnc2c(cnn2CC)c1NC1CCCCC1
RAFIKI-0106,O=C(Nc1ccc(-n2ncc3c(Cl)cccc32)cc1)Nc1ccc(Cl)c(C(F)(F)F)c1
RAFIKI-0107,Cc1cc(CNC(=O)Cc2c(F)cccc2Cl)nn1C
RAFIKI-0108,O=C(NCC(O)CNC1Cc2ccccc2C1)c1cccc2ncsc12
RAFIKI-0109,O=C(C1CNCC12CCCc1cc(Cl)ccc12)N1CCC(c2ccccc2)CC1
RAFIKI-0110,COc1ccc(O)c(-c2csc(NN=Cc3ccco3)n2)c1
RAFIKI-0111,CCC(C)Nc1nc2c(c(=O)[nH]c(=O)n2C)n1CCOc1ccccc1
RAFIKI-0112,CCOC(=O)c1cnc2c(OC)cccc2c1Nc1ccc(OC)c(OC)c1
RAFIKI-0113,CON=C(C(=O)OC)c1cccc(Cn2cc(S(=O)(=O)c3ccc(C)cc3)nn2)c1
RAFIKI-0114,CNC(=O)c1c(C)ccc2nc(Cn3nc(C(F)(F)F)cc3C3CC3)cc(=O)n12
RAFIKI-0115,CCOP(=S)(CC)Oc1cc(Cl)c(Cl)cc1Cl
RAFIKI-0116,Cc1cc(C(=O)COc2ccc(C(N)=O)cc2)c(C)n1C
RAFIKI-0117,Oc1ccc2c(c1)CCC(NCc1ccccc1)C2
RAFIKI-0118,O=C(COc1ccc2ccccc2c1)N1CCN(C(c2ccc(Br)cc2)c2ccc(Br)cc2)CC1
RAFIKI-0119,COc1cccc2c1OC(c1ccc(F)cc1)N1N=C(c3ccccc3)CC21
RAFIKI-0120,O=C1C2C3CCC(C3)C2C(=O)N1CCCCCCN1CCN(c2cccc(Cl)c2Cl)CC1
RAFIKI-0121,O=C(Nc1ccc2c(c1)CNc1cnc(Cl)nc1O2)Nc1ccc(Cl)c(C(F)(F)F)c1
RAFIKI-0122,COc1cccc(-c2nc3ccccn3c2CN2CCNCC2)c1
RAFIKI-0123,O=C(NC(CO)C(F)c1cccc([N+](=O)[O-])c1)C(Cl)Cl
RAFIKI-0124,CC(NC(=O)c1coc(CN2CCN(c3cccc(C(F)(F)F)c3)CC2)n1)c1ccccc1
RAFIKI-0125,COC1(OC)C2C(=O)C=C(c3ccccc3)C1(O)Oc1ccc(O)cc12
RAFIKI-0126,CN=C1SC(CC(=O)Nc2ccc(F)cc2F)C(=O)N1N=C(C)c1cccc(OCC(=O)O)c1
RAFIKI-0127,COc1ccc(C(=O)c2c(C3CC3)oc3cccc(O)c23)cc1
RAFIKI-0128,CN(C)C(=O)c1cnc2n1CCN(Cc1ccc3c(c1)OCO3)C2
RAFIKI-0129,COc1ccccc1CNC(=O)CCc1c(C)nn(-c2ccc(N3CCCCC3)nn2)c1C
RAFIKI-0130,COC(=O)C(Cc1ccc(OC)c(OC)c1)OC(=O)C=Cc1ccc(OC)c2oc(-c3ccc(OC)c(OC)c3)cc12
RAFIKI-0131,NCCCCCNc1nc(Nc2cccc(C(F)(F)F)c2)nc(-c2cccc(F)c2)n1
RAFIKI-0132,COc1ccc(C(=O)C=Cc2ccccc2O)cc1
RAFIKI-0133,O=C(COc1ccccc1F)OCC(=O)c1ccc([N+](=O)[O-])cc1
RAFIKI-0134,Cc1cccc2c(=O)[nH]c(CSC3CC(N)C3)nc12
RAFIKI-0135,c1cc(CN2CCCn3cncc3C2)n(-c2nccs2)c1
RAFIKI-0136,CCSC1C(Cn2cc(-c3ccc(OC)cc3)nn2)OC(n2cc(C)c(=O)[nH]c2=O)C1SCC
RAFIKI-0137,CC(=C(F)C(=O)N1CCN(c2cnccn2)C(C)C1)C1CC1
RAFIKI-0138,C=CCOC1C(O)C(COS(=O)(=O)c2cccs2)OC(Oc2ccc(I)cc2)C1OC(C)=O
RAFIKI-0139,CC(C)(CNC(=O)c1ccc(NS(=O)(=O)c2ccc(F)cc2)cc1)N1CCOCC1
RAFIKI-0140,CC1CS(=N)(=O)c2cc(NC(=O)c3cc([N+](=O)[O-])c(Sc4c(Cl)cncc4Cl)s3)ccc21
RAFIKI-0141,O=C(Cc1ccccc1)Nc1c(C(=O)N2CCCCCC2)cnn1-c1ccccc1
RAFIKI-0142,O=C(O)c1cccc(N=C(NCCc2ccccc2)N2CCN(C3CCCCC3)CC2)c1
RAFIKI-0143,CC(=O)NS(=O)(=O)c1ccc(NC(=O)C=Cc2ccccc2)cc1
RAFIKI-0144,CCOCCOc1ccc(-c2ncc[nH]2)cc1NC(=O)C=Cc1ccc(C(F)(F)F)cc1
RAFIKI-0145,Nc1cnc(-c2ccc(-c3ccc(C(F)(F)F)cc3C=O)cc2F)cn1
RAFIKI-0146,Sc1ncccc1Cc1ccccc1
RAFIKI-0147,COc1ccc(CNC(=O)c2cnn(-c3ccc(C)cc3)c2C2CCN(C(=O)OC(C)(C)C)CC2)cc1
RAFIKI-0148,Nc1cc(C(CCNC2CCC(c3ccccc3)CC2)c2cnn(Cc3ccccc3)c2)c2nn[nH]c2n1
RAFIKI-0149,Cc1ccsc1C(=O)OC1CCOC1=O
RAFIKI-0150,O=C(CCC(F)(F)F)Nc1cnccn1
RAFIKI-0151,CC1(C)CCc2c(cc3oc4ccc(O)cc4c(=O)c3c2O)O1
RAFIKI-0152,Cc1nnc(-c2ccccc2-c2cccc3ccnn23)o1
RAFIKI-0153,CCCC(=O)Nc1nc2c(OC)ccc(OC)c2s1
RAFIKI-0154,OC(C#CCN1CCCCCC1)(c1ccccc1)c1cccnc1
RAFIKI-0155,CS(=O)(=O)OCCN(CCOS(C)(=O)=O)c1ccc(C=Nc2ccc(-c3csc(COc4ccccc4)n3)cc2)cc1
RAFIKI-0156,COCCn1c(=NC(=O)c2ccc(S(=O)(=O)N3CCc4ccccc4C3)cc2)sc2cc(S(N)(=O)=O)ccc21
RAFIKI-0157,O=C(NN=C1CCc2cccc(O)c21)c1ccc(S(=O)(=O)NC2CC2)cc1
RAFIKI-0158,CS(=O)(=O)Cc1cccc(Nc2ncc(Cl)c(Nc3cccnc3C(N)=O)n2)c1
RAFIKI-0159,Cc1cc(C)c(CNC(=O)c2cc3c(c(-c4ccc(CN5CCOCC5)cc4)c2)OC(C)CCC3)c(=O)[nH]1
RAFIKI-0160,COc1cccc(C(=O)N(CCc2ccc(Cl)cc2)C2CCC3(CC2)OCCO3)c1
RAFIKI-0161,CN(C)C(=O)Cc1ncc(NC(=O)c2cc(-c3ccn(C)n3)c(C(F)(F)F)cc2F)c(-c2ccccc2)n1
RAFIKI-0162,COc1ccc(C(C)=NNc2ncc(Cl)cc2Cl)c(O)c1
RAFIKI-0163,Nc1sc2ccccc2c1Nc1cccc(Cl)c1
RAFIKI-0164,O=C(CSc1nnc(CNC(=O)c2ccccc2)n1-c1cccc(Cl)c1)Nc1ccccc1F
RAFIKI-0165,COc1cccc(-c2cc(=O)c3ccccc3o2)c1N
RAFIKI-0166,O=C1OC(=CCn2cc(-c3ccco3)c(=O)[nH]c2=O)C(O)=C1O
RAFIKI-0167,CCOC(=O)c1sc(-c2cn(-c3ccccc3)nc2-c2ccccc2)nc1-c1ccc(OC)cc1
RAFIKI-0168,Fc1ccc(C2Nc3ccccc3-c3ccnc4[nH]cc2c34)c(F)c1
RAFIKI-0169,COc1oc(C2CC(C=C(C)C=C(C)CC(C)=Cc3ccc([N+](=O)[O-])cc3)=CO2)c(C)c(=O)c1C
RAFIKI-0170,NC(CC(=O)OCc1ccccc1)C(=O)O
RAFIKI-0171,CC12CCC3C4(C)CCCC(C)(C(=O)NCC(=O)OCCOc5no[n+]([O-])c5S(=O)(=O)c5ccccc5)C4CCC3(C1)C(C=O)O2
RAFIKI-0172,Clc1ccc(NCc2nc(-c3ccncc3)n[nH]2)cc1
RAFIKI-0173,CCCCN(C)C(=O)C(CC1CCCCC1)NC(=O)C(CC(C)C)NC(=O)Cc1cccc(OC)c1
RAFIKI-0174,O=C(c1nccc2ccccc12)N1CCC(c2nnco2)CC1
RAFIKI-0175,COc1cccc(-c2ccc(S(=O)(=O)N(C)Cc3cccc(O)c3)s2)c1F
RAFIKI-0176,O=C(O)C1(C(=O)N2CCN(Cc3cc(Br)ccc3F)CC2)CCC1
RAFIKI-0177,CC(C)CC(=O)Nc1nnc(S(=O)(=O)N2CCCCCC2)s1
RAFIKI-0178,CC(=O)Nc1ccccc1OCc1cn(CCNC(=O)C(CC(C)C)C(=O)NO)nn1
RAFIKI-0179,COCCNC(=O)CN(Cc1ccc(OC)cc1)C(=O)CCC(=O)Nc1nccs1
RAFIKI-0180,CN1CCN(C(=O)N(C)c2ccc(NC(=O)c3ccc(C#N)o3)c(N3CCCCC3)c2)CC1
RAFIKI-0181,Cc1cc(C)c(C#N)c(SCC(=O)N(CCC#N)c2ccc3c(c2)OCCO3)n1
RAFIKI-0182,CCCCCCCCN1C(CC(=O)O)c2cc(F)ccc2S1(=O)=O
RAFIKI-0183,O=C(NCCCc1nccs1)c1ccc2nc(N3CCC(O)CC3)c(-c3ccc(F)cc3)nc2c1
RAFIKI-0184,CN1C(=O)C(c2cc(Br)ccc2O)Sc2ccc(C(F)(F)F)cc21
RAFIKI-0185,CCOC(=O)c1sc(NC(=O)C(C)N2CCOCC2)nc1C
RAFIKI-0186,CN(C)C1CCN(c2ccc(Nc3cc4c(N5CCC(CO)CC5)nc(Nc5ccc(F)cc5)nc4cn3)nc2)CC1
RAFIKI-0187,C=C1C(=O)OC2CC(C)C3(O)OC(C)(CC(OC(=O)C(C)C)C12)CC3O
RAFIKI-0188,CC1C2=C(OC1(C)C)c1c(O)cccc1C(=O)C2=O
RAFIKI-0189,COc1cc(-c2nc(N)n(CC(=O)c3ccc(F)cc3)n2)cc(OC)c1OC
RAFIKI-0190,S=C(Nc1cccnc1)NC1CCN(c2cc(OCc3ccccc3)ccn2)CC1
RAFIKI-0191,Cc1ncsc1C(=O)N(CC1CCN(C2Cc3ccccc3C2)CC1)CC1CCCO1
RAFIKI-0192,Cc1nn(C(=O)C2CC2)c(N)c1-c1ccc(Cl)cc1
RAFIKI-0193,NC(Cc1ccc([N+](=O)[O-])cc1)=NOC(=O)c1ccc(Br)cc1
RAFIKI-0194,OCC1(CCOc2ccccc2)CCCN(c2ccc(Cl)cn2)C1
RAFIKI-0195,CN=Cc1cc(-c2ccccc2)sc1O
RAFIKI-0196,CC1CCCN(C(=O)NCCCn2cncn2)C1
RAFIKI-0197,CC(CNC(=O)c1ccc(F)cc1Cl)N1CCCC1
RAFIKI-0198,CCN(CC)C(=O)COC(=O)c1c(C)nsc1N
RAFIKI-0199,Clc1ccc(OCCN2CCCC2)nn1
RAFIKI-0200,C=C1CCC2C(C)(C)CCCC2(C)C1CC(O)C1=CCOC1=O
RAFIKI-0201,CCOC(=O)c1cc2cc(N3CCN(C(=S)NCc4ccccc4)CC3)ccc2o1
RAFIKI-0202,O=C(CCCOCCCCc1ccccc1)N1CCCCC1
RAFIKI-0203,C=CS(=O)(=O)N(C)c1cccc(-c2c(F)cc(C(N)=O)c3[nH]c4cc(C(C)(C)O)ccc4c23)c1
RAFIKI-0204,CC(=O)Nc1nc2ccc(CCNC(=O)Nc3ccc(Cl)c(Cl)c3)cc2[nH]1
RAFIKI-0205,CC(C)(C)NC(=O)c1cc(NC(=O)C2CCc3cccc(O)c32)ccn1
RAFIKI-0206,CC1(C)CC(NC(=O)C2(O)CC2)c2cc(-c3ccc(Cl)cc3)c(-c3ccc(Cl)cc3Cl)nc2O1
RAFIKI-0207,CCn1c(CNc2ccccc2C(=O)NCc2ccco2)nc2cc(S(=O)(=O)N(C)C)ccc21
RAFIKI-0208,COc1ccc(OC)c2c1C(=O)c1ccccc1C2=O
RAFIKI-0209,CCC(CC)C(=O)Nc1ccc(C(=O)NCC(C)C)cc1
RAFIKI-0210,CCCCOC(=O)NS(=O)(=O)c1ccc(CC(C)C)cc1-c1ccc(NCCC)cc1
RAFIKI-0211,COc1ccc(C(C)=O)cc1CSc1ccc2c(c1)OCCO2
RAFIKI-0212,Cn1ccnc1C(NC1CCOCC1)C1CC1
RAFIKI-0213,Cc1c(O)cc(C=Cc2ccccc2)cc1O
RAFIKI-0214,CN1c2cccnc2N(C)c2nc(C=O)ccc21
RAFIKI-0215,COCCNC(=O)c1n[nH]c2cc(-c3ccc(-n4cccc(C)c4=O)cc3Cl)ccc12
RAFIKI-0216,CC(C)C1NC(=O)C2(C)CSC(=N2)c2csc(n2)CNC(=O)C(F)(F)C(C=CCCS)NC1=O
RAFIKI-0217,O=C(O)C(=O)Nc1nc(-c2conc2-c2c(F)cccc2Cl)cs1
RAFIKI-0218,Cc1cc(Cl)ccc1NC(=O)c1cn(-c2cc(-c3noc(C4CC4)n3)ccc2C)nc1C
RAFIKI-0219,O=C(NCC1OC(=O)N2c3ccc(N4CCOCC4=O)cc3OCC12)c1cc2cc(Cl)ccc2s1
RAFIKI-0220,CCc1ccc(NC(=O)CSc2nc3ccccc3c(=O)n2CCCC(=O)N2CCCC2)cc1
RAFIKI-0221,CCCCC(C(=O)O)N1C(=O)C(=Cc2ccc(-c3cccc(C(F)(F)F)c3)cc2)SC1=S
RAFIKI-0222,N#Cc1ccnc(N2CCN(Cc3ccc4c5c(c(=O)[nH]c4c3)CCCN5)CC2)c1
RAFIKI-0223,CC1=CC2C(O)C(=O)C3CCCN4CCCC2C34C1
RAFIKI-0224,Cc1ccc(C2=Nc3ccccc3N(C(=O)c3ccccc3)C(C)C2)cc1
RAFIKI-0225,O=C(NCc1ccc2c(c1)CCN(Cc1cccc(F)c1)C2)c1cc([N+](=O)[O-])cc([N+](=O)[O-])c1
RAFIKI-0226,COc1cc(CN(C)C(=O)Nc2conc2C)sn1
RAFIKI-0227,COc1cc(CCc2ccc(Cl)c(Cl)c2)cc(OC)c1O
RAFIKI-0228,CCOc1c(CNCCNC(=O)c2nonc2N)cccc1OC
RAFIKI-0229,O=C(C=Cc1ccc(O)cc1)OC1CC(O)(CO)C2C(OC3OC(CO)C(O)C(O)C3O)OC=CC12
RAFIKI-0230,CC(C)(C)CCNC1CCC(CO)CC1
RAFIKI-0231,C(#Cc1ccccn1)c1ccc(C#Cc2ccccn2)cc1
RAFIKI-0232,CN(C)CCn1ccc2ccc(-c3cccnc3)cc21
RAFIKI-0233,NCCN(Cc1ccncc1)Cc1ccncc1
RAFIKI-0234,O=C1NN(c2ccc(F)c(Cl)c2)C(=O)C1=Cc1ccc(-c2ccc(Cl)cc2)o1
RAFIKI-0235,CC1(C)OC(c2ccc(S(N)(=O)=O)cc2F)=C(c2cc(F)cc(F)c2)C1=O
RAFIKI-0236,O=c1c2ccccc2nc(CSc2nc(O)c3ccccc3n2)n1-c1ccccc1
RAFIKI-0237,CC(Sc1nnc2ccccn12)C(N)=O
RAFIKI-0238,Cn1c(O)c(C2=Nc3ccccc3C2=NOCCN2CCOCC2)c2cccc(Br)c21
RAFIKI-0239,O=C(O)CC(NC(=O)CNC(=O)CCCc1ccc2c(n1)NCCC2)c1cccnc1
RAFIKI-0240,NC(=O)Cc1ccc(OS(=O)(=O)O)cc1
RAFIKI-0241,CC1CCN(Cc2ccc(-c3ccc(CC(=O)NCCc4ccc(O)cc4)cn3)cc2)CC1
RAFIKI-0242,O=C1COCCN1c1ccc(Nc2nc(Cl)nc(N3CCOCC3)n2)cc1
RAFIKI-0243,c1ccn(-c2nnn(CCCCCCn3nnc(-n4cccc4)n3)n2)c1
RAFIKI-0244,O=S(=O)(c1ccc(Cl)cc1)N1CCN(Cc2cccc(-c3ccncc3)c2)CC1
RAFIKI-0245,CCN1C(N(C)CCc2cccs2)=NC(c2ccccc2)C(C(=O)OC)=C1C
RAFIKI-0246,CC1(C)CC2C(c3cc(OCC4CC4)ccc3F)(CO1)NC(=N)C(C)(C)S2(=O)=O
RAFIKI-0247,O=C1CC(c2ccncc2)Cc2ccccc21
RAFIKI-0248,CCSc1nc2ccc(OCCC3CCN(c4ccc(C)nn4)CC3)cc2n1C
RAFIKI-0249,Cc1nc(N2CCC3(CC2)COC(C)C3N)n(C)c(=O)c1Sc1ccnc(N)c1Cl
RAFIKI-0250,CN(C=S)CC1CN(c2ccc(N3CCN(c4cccc(F)c4)CC3)c(F)c2)C(=O)O1
RAFIKI-0251,O=C(NCCc1ccc(C(F)(F)F)cc1C1CC1)c1ccc(Oc2cc3c(cc2Cl)C(C(=O)O)CCO3)cc1
RAFIKI-0252,CC(NC(=O)c1cc[nH]c1C1CCC1)c1cn[nH]c1
RAFIKI-0253,O=C(O)C=C1CCCc2ccc(-c3ccccc3)cc2C1O
RAFIKI-0254,O=C(CCC(F)(F)F)Nc1ccc2[nH]nnc2c1
RAFIKI-0255,Cn1ccc(C(=O)NCCCCCCNC(=O)c2ccn(C)c(=O)c2O)c(O)c1=O
RAFIKI-0256,COc1cccc(-n2nc(NC(=O)C3CNC(=O)C3)cc2-c2cccc(COCC(F)(F)F)c2)c1F
RAFIKI-0257,CCc1noc(C)c1C(=O)Nc1nc(-c2ccc(F)cc2)c(C)s1
RAFIKI-0258,CC(=NOC(=O)Nc1ccc2sccc2c1)c1cccc(-c2ccccc2)c1
RAFIKI-0259,CC1(C)CCCC2(C)C3=C(CCC12)C(=O)OC3O
RAFIKI-0260,O=C(O)c1cc(C(=O)C2C(c3ccc(Cl)cc3)=NOC2c2ccc(Cl)cc2)ccc1O
RAFIKI-0261,CCN(CC)C(=O)C1CCCN1c1nc(O)cc(C(F)(F)F)n1
RAFIKI-0262,CC(C)(O)CNCC1C2CC2CN1c1ncc(Cn2cc(NC(=O)c3cncc(-c4c(C(F)F)ccc(Cl)c4F)n3)cn2)cn1
RAFIKI-0263,CCOC(=O)N1CCN(C(=O)COc2cccc3c2CCN(Cc2ccc(F)cc2)C3=O)CC1
RAFIKI-0264,Cc1cc(-c2csc(NC(=O)c3ccc(=O)n(C)n3)n2)c(C)n1CC1CCCO1
RAFIKI-0265,Cc1ccc(O)c(C)c1-n1c(N)c(C(=O)N2CCn3nccc3C2)c2nc(C3CC3)c(C)nc21
RAFIKI-0266,CCNCC1CCN(c2c(F)cc3c(=O)c(C(=O)O)cn(C4CC4)c3c2OC)C1
RAFIKI-0267,O=c1[nH]c(CN2CCCC2c2ccc3c(c2)OCCCO3)nc2scc(-c3ccccc3)c12
RAFIKI-0268,COC(=O)C1C(O)C2(O)c3c(OC)cc(OC4OC(C(O)CO)COC4OC)cc3OC2(c2ccccc2)C1c1ccccc1
RAFIKI-0269,C=C(C)C1CC(=O)C(C)=C2C(C(=O)OCC)OC(c3ccc(Cl)cc3Cl)C21
RAFIKI-0270,CC1(C)C(=O)NN=C1c1ccc(N)cc1
RAFIKI-0271,CCN(Cc1ccccc1)C(=O)c1cc(NS(=O)(=O)c2cccs2)ccc1N1CCNCC1
RAFIKI-0272,CCOc1ccc(S(=O)(=O)N2CN(c3cccc(C(C)=O)c3)c3nc4ccccc4nc32)cc1
RAFIKI-0273,c1cnn2ncc(-c3ccnc(N4CC5CC5C4)n3)c2c1
RAFIKI-0274,COc1cccc(CNC(=O)COC(=O)c2ccc(-c3ccc(O)cc3)cc2)c1
RAFIKI-0275,Cc1nn(C)cc1CN1CCCC(n2c(=O)oc3ccccc32)C1
RAFIKI-0276,CCOC(=O)C1=C(c2ccccc2)Oc2nc3c(c(N)c2C1c1cccc(Cl)c1)CCCC3
RAFIKI-0277,CC(=O)c1ccccc1-c1cc(C(=O)Nc2nc3c(s2)CCCC3)cs1
RAFIKI-0278,CNC(=C[N+](=O)[O-])NCCSCc1ccc(CNC2C3CC4C(C3)C42)o1
RAFIKI-0279,Cc1ccc(NC2=C(Cl)C(=O)c3sc(CO)cc3C2=O)cc1
RAFIKI-0280,CC12CC34C=CC(=O)C(C)(CCC(=O)Nc5c(O)ccc(C(=O)O)c5O)C3C(CC1C4)O2
RAFIKI-0281,COC(=O)c1ccc(OCc2nc3ccccc3n(C)c2=O)c(OC)c1
RAFIKI-0282,Cc1oc(C)c(-c2ccc(N(C)C3CCCCC3)c(NC(=O)Nc3ccc(F)cc3F)c2)c1C(=O)O
RAFIKI-0283,Cc1ccccc1-c1cccc(CNc2nc(C#N)nc3c2ncn3CCCO)c1
RAFIKI-0284,COc1cccc(C2CS(=O)(=O)Oc3c2c(C)nn3-c2cccc(Cl)c2)c1
RAFIKI-0285,CON(C)Cc1ccc(O)c2c1CC1CC3C(N(C)C)C(O)=C(C(N)=O)C(=O)C3(O)C(O)=C1C2=O
RAFIKI-0286,COc1nccn2nc(-c3ccc(C)cc3)cc12
RAFIKI-0287,O=S(=O)(c1ccc2c(c1)CCCN2)N1CCCC2CCCCC21
RAFIKI-0288,COc1cc2c(c(-c3cnc(OC)c(NS(C)(=O)=O)c3)c1)CNC2=O
RAFIKI-0289,CCCN1CCN(c2ccc(NC(=O)c3ccccc3Nc3cccc(Cl)c3C)cc2)CC1
RAFIKI-0290,O=C(NCCN1CCOCC1)c1ccc2nn(CCOc3ccc(Cl)cc3)cc2c1
RAFIKI-0291,CC(=O)OC12C(O)=C(C(N)=O)C(=O)C(N(C)C)C1C(O)C1C(C(=O)c3c(O)cccc3C1(C)O)C2O
RAFIKI-0292,Cc1nc(-c2nc(-c3ccc4cc(CCN5CCCC5C)ccc4n3)cs2)cs1
RAFIKI-0293,COc1ccc2c(c1O)-c1c3c(cc4c1C(C2)[N+](C)(C)CC4)OCO3
RAFIKI-0294,N#Cc1ccc(S(=O)(=O)NC2CCCc3c2[nH]c2ccccc32)cc1
RAFIKI-0295,CC(O)C1C(=O)N2C(C(=O)O)=C(c3cn4cnc(C(=O)c5ccncc5)c4s3)C(C)C12
RAFIKI-0296,O=C1NC(=O)C(=Cc2ccc(C=CC(=O)c3ccc(O)cc3)cc2)S1
RAFIKI-0297,COC(=O)c1cccn1-c1cc2nc(O)c(O)nc2cc1C(F)(F)F
RAFIKI-0298,CC(=O)OC1CC2CCN3C(=O)c4cc5c(cc4C(C1OC(C)=O)C23)OCO5
RAFIKI-0299,[N-]=[N+]=NC1=C(c2ccccn2)C(=O)c2cccc3cccc1c23
RAFIKI-0300,CCS(=O)(=O)N1CC2(CC(Cc3c[nH]nc3-c3ccc4c(c3Cl)CCC(=O)N4C)C2)C1
RAFIKI-0301,CCC(C)C(NC(=O)C(C)NC(=O)C(N)C(C)C)C(=O)O
RAFIKI-0302,COC(C(O)CO)C1OC(C(=O)OC(C)OC(=O)OC2CCCCC2)=CC(NC(=N)N)C1NC(C)=O
RAFIKI-0303,Cc1ccc([S+]([O-])(=NC(=O)Nc2ccc(Cl)cc2)NCc2ccccc2)cc1
RAFIKI-0304,NC(=O)c1ccc(CNC(=O)c2cnc(Nc3cccc(Cl)c3)cc2C(F)(F)F)cc1
RAFIKI-0305,CCCOCOCCc1ccc(OCC(O)CNC(C)C)cc1
RAFIKI-0306,CC(C)(C)SCCNC(=O)c1ccc(NS(C)(=O)=O)cc1
RAFIKI-0307,CC(c1ccc(-c2ccc(F)cc2F)cc1)N1CCC(CCCN)(c2ccc(F)cc2)OC1=O
RAFIKI-0308,Cc1nc2sc(C(c3cccc(F)c3)N3CCN(C(=O)c4ccco4)CC3)c(O)n2n1
RAFIKI-0309,CCCCN(C(=O)C(C)(C)C)c1nc(C)co1
RAFIKI-0310,Cc1ccc(C(=O)NCCc2c[nH]c3cccc(Br)c23)c(O)c1
RAFIKI-0311,CC(C)(C)NS(=O)(=O)c1cccc2c(NC(=O)C(CCc3ccccc3)NC(=O)c3ccccc3)cccc12
RAFIKI-0312,Clc1ccc(CN2CCOC(CSc3ccccc3)C2)cc1
RAFIKI-0313,CCCn1ncc(-c2ccnc(NC3CCSC3)n2)c1C
RAFIKI-0314,NC(=O)c1cc2ccc(Cl)cc2n1-c1cccc(CCC(=O)O)c1
RAFIKI-0315,CC(Oc1ccc2ccc(=O)oc2c1)C(=O)N1CCOCC1
RAFIKI-0316,CCOC(=O)c1cccc(NC(=O)Cn2nc3c4cc(-c5ccc(C)c(C)c5)nn4ccn3c2=O)c1
RAFIKI-0317,Cc1ncsc1C(=O)N1CC2CC1CS2(=O)=O
RAFIKI-0318,COc1cc(C=CC(=O)c2cc3cccc(OC)c3oc2=O)cc(OC)c1OC
RAFIKI-0319,Cc1cc2nc3c(n2cc1-c1ccc(CO)nc1)N(c1ccccc1OC(F)F)CCC3
RAFIKI-0320,Nc1cccc2c1C(=O)c1ccccc1C2
RAFIKI-0321,Cc1nn(C)c(C)c1-c1ccnc(N2CCN(Cc3cccc(F)c3)C(=O)C2)n1
RAFIKI-0322,COc1ccc2c(c1)OC1c3cc(OC)c(OC)cc3OCC21
RAFIKI-0323,CCNC1C(C)CN(c2c(F)cc3c(=O)c(C(=O)O)cn(C4CC4)c3c2OC)CC1C
RAFIKI-0324,CCCCSc1ccc2c(c1)C(c1ccccc1)=NCC(=O)N2
RAFIKI-0325,Cn1ncc(S(=O)(=O)N2CCC(C(=O)Nc3ccc4scnc4c3)C(F)C2)c1Cl
RAFIKI-0326,Cc1nc(C)c(-c2csc(Nc3ccc(C(=O)N4CCN(c5ncc(C(F)(F)F)cn5)CC4CO)cn3)n2)s1
RAFIKI-0327,CC(C)C1CN(C(=O)c2cnc3c(c2)CCC3)CC1N
RAFIKI-0328,CC(Cc1ccc(-c2ccccc2)cc1)SC(=O)C(C)NC(=O)C(C)C
RAFIKI-0329,Cn1c(=O)c2c(nc(SCC(=O)NCC3CCCO3)n2C)n(C)c1=O
RAFIKI-0330,Clc1cccc(C=NNc2nccs2)c1
RAFIKI-0331,COc1cnc(-n2ncc3c(c2=O)CCC(c2cc(OC)ccc2C)C3)nc1
RAFIKI-0332,Cc1nc(C)c(COc2ccc(C=C3OC(=O)C(Br)=C3Br)cc2)nc1C
RAFIKI-0333,CCOC(=O)c1c(NC(=O)c2cc3ccccc3c(=O)o2)sc2c1CCCC2
RAFIKI-0334,Cc1nc(CN2CCCN(C(=O)c3ccccn3)CC2)oc1C
RAFIKI-0335,COc1cccc(NC(=O)c2cccc(-n3cc(-c4cncn4C)nn3)c2)c1
RAFIKI-0336,O=C(CN1CCN(S(=O)(=O)c2ccc(Br)cc2)CC1)NN=Cc1cc([N+](=O)[O-])ccc1Cl
RAFIKI-0337,COc1cc2cc(C)nc(Cc3cccc4ccccc34)c2cc1OC
RAFIKI-0338,COC(=O)c1cc(C2CC2)nc2c1c(=O)n(CC(=O)Nc1cc(C)ccc1C)c(=O)n2C
RAFIKI-0339,COc1ccccc1-c1nnc(C2CCN(C3CCCCC3)C2)o1
RAFIKI-0340,CC(CNC(CC1CCCCC1)c1ncccn1)N1CCOCC1
RAFIKI-0341,Cn1ccc(C(=O)NCc2cccs2)cc1=O
RAFIKI-0342,Cc1ccc(CN(C)C(=O)Nc2ccc3[nH]c(=O)[nH]c3c2)nc1
RAFIKI-0343,Cc1c(C(=O)NN2CCCCC2)nn(-c2ccc(Cl)cc2Cl)c1-c1ccc(C2CCCC2)cc1
RAFIKI-0344,O=C1CS(=O)(=O)C2(C(=O)N(Cc3ccccc3)c3ccccc32)N1c1ccc(F)c(Cl)c1
RAFIKI-0345,C=CCCOC(=O)NCCCCC(N)C(=O)O
RAFIKI-0346,O=C1CCC(N2CCC3CCCCC3C2)CCN1Cc1ccc2ccccc2c1
RAFIKI-0347,O=C(CCCOc1ccc(Cl)cc1Cl)NC1(C(=O)O)Cc2ccccc2C1
RAFIKI-0348,O=C(Nc1cccc(C(F)(F)F)c1)c1cccc(NC(=O)c2ccc3[nH]nnc3c2)c1
RAFIKI-0349,COc1ccccc1NC(=O)CC(C)S(=O)(=O)c1cc2c(cc1C)NC(=O)CO2
RAFIKI-0350,N#Cc1c(NC(=O)c2cc(S(=O)(=O)N3CCC(=O)CC3)c(Cl)cc2Cl)sc2c1CCCC2
RAFIKI-0351,C=CCSC1=NC2OC(CO)C(O)C(O)C2O1
RAFIKI-0352,O=C(CCc1cc2n(n1)CCN(C(=O)c1ccc[nH]1)C2)N1CCCC1
RAFIKI-0353,O=C(NCC1CCCO1)c1ccc2c(=O)n(CC3CCCO3)c(=S)[nH]c2c1
RAFIKI-0354,Cc1cnc(C(=O)N2CC(N3CCOCC3)C3OCCCC32)cn1
RAFIKI-0355,O=C1c2ccccc2C(=O)c2c(O)ccc(O)c21
RAFIKI-0356,CCCCOc1cc(C(C)C)c(Oc2cnc(N)nc2N)cc1-c1cc(Cl)cc(Cl)c1
RAFIKI-0357,Cn1cnn(CCOc2ccc(F)cc2Cl)c1=O
RAFIKI-0358,COc1ccc(C=CC(=O)c2cc(F)ccc2OC(=O)c2ccccc2)cc1OC
RAFIKI-0359,O=C1NCc2c(-c3c[nH]c4ccccc34)ncc(Nc3ccc(N4CCOCC4)cn3)c21
RAFIKI-0360,O=C(c1ccc(-c2ccc(N3CC(Cn4ccnn4)OC3=O)cc2F)cn1)C1CCNCC1
RAFIKI-0361,NS(=O)(=O)c1ccc(C2CC2c2nccc(-c3cccc(F)c3)n2)cc1
RAFIKI-0362,Nc1ncnc2nc(-c3ccc(N4CCCC4CO)nn3)cc(-c3cccc(Br)c3)c12
RAFIKI-0363,COc1ccc(Br)cc1S(=O)(=O)Nc1ccn(C(=O)OC(C)(C)C)n1
RAFIKI-0364,CCCCCCC(C(C)O)n1ccnn1
RAFIKI-0365,O=C1c2ccccc2C(=O)c2c(O)cc(O)cc21
RAFIKI-0366,C=C1C2CCC3C4(C=O)CCCC(C)(C(=O)O)C4C(C(=O)O)C3(C2)C1O
RAFIKI-0367,CCCOc1ccc(NCC(O)Cn2c3ccc(Br)cc3c3cc(Br)ccc32)cc1
RAFIKI-0368,COc1ccc(C(=O)N2CCC(c3ccccc3)CC2)c(OC)c1OC
RAFIKI-0369,COC(=O)c1ccc(O)c(C2c3c(OC)cc(O)c(C(=O)CCc4ccccc4)c3OC2C(C)(C)O)c1
RAFIKI-0370,CC(=O)c1ccc(C(C)=O)c2c(C)c(C(=O)Nc3cc(C(C)O)c4ccccc4n3)sc12
RAFIKI-0371,CC(NC(=O)c1cccs1)=C1C(=O)CC2C1C2(C)C
RAFIKI-0372,CCCc1ccc(Cl)c(S(=O)(=O)Nc2nnc(C3CC3)o2)c1
RAFIKI-0373,O=c1sn(-c2ccccc2)c(=O)n1Cc1ccc(F)cc1
RAFIKI-0374,NC(=O)c1sc(-n2cnc3ccccc32)cc1OCc1ccccc1C(F)(F)F
RAFIKI-0375,Cc1c(N(CCC2CC2)S(=O)(=O)c2cccc(C#N)c2)sc2ccccc12
RAFIKI-0376,C=CCNC(=O)C(=O)C(CC1CC1)NC(=O)C1CC2(CN1C(=O)C(NC(=O)NC(C(=O)OC1CC1)C(C)C)C(C)(C)C)SCCS2
RAFIKI-0377,COc1c(C)c(O)c(Cc2c(O)cc(O)c3c2OC(c2ccc(O)c(O)c2)C(O)C3)c(O)c1C(=O)C(C)C
RAFIKI-0378,Cc1cccc(S(=O)(=O)C(C#N)c2nc3ccccc3nc2N2CCCC2)c1
RAFIKI-0379,O=C1NC(CCCN2CC=C(c3ccccc3)CC2)=NC2CCNCC12
RAFIKI-0380,CN=C(S)C1(c2cccnc2)CCCCC1CCNS(=O)(=O)c1ccc([N+](=O)[O-])cc1
RAFIKI-0381,CNC(=O)c1cc2c(Nc3ccncc3)nc(-c3cccc(C)n3)nn2c1
RAFIKI-0382,Cc1cnccc1N1CCCOC(CF)C1
RAFIKI-0383,COC(=O)c1ccc(OCC(=O)Nc2ccc(O)cc2)c(C(C)(C)C)c1
RAFIKI-0384,Cn1ncc(Cl)c1C(=O)N1CCN(S(=O)(=O)c2ccc(Cl)s2)CC1
RAFIKI-0385,O=C(NCc1ccncn1)c1ccc(Oc2ccc(C=CC3=CN4CCC3CC4)cc2)cc1
RAFIKI-0386,O=C(NCc1ccc(-c2ccccc2)cc1)c1nc[nH]n1
RAFIKI-0387,CC1c2cccc(C(N)=O)c2C(=O)N1C1CCN(Cc2ccco2)CC1
RAFIKI-0388,CC1CC(Cc2ccc(C(=O)NO)cc2)CC1c1nc2c(cnn2C2CCCC2)c(=O)[nH]1
RAFIKI-0389,O=C(O)c1nn(C(=O)N2CCN(Cc3cc(F)cc(Oc4ccc(Cl)cc4)c3)CC2)cc1Cl
RAFIKI-0390,CCc1nnc(NC(=O)c2ccc(COc3ccccc3C)o2)s1
RAFIKI-0391,[N-]=[N+]=NC1CC=CC(=O)C1OC(=O)c1ccccc1
RAFIKI-0392,CC(C)CC(NC(=O)C1CCCN1C(=O)C(O)C(N)CC(C)C)C(=O)NCCc1ccc(-c2ccccc2)cc1
RAFIKI-0393,CCc1nc(CN2CCN3C(=O)OCC3C2)n[nH]1
RAFIKI-0394,CC(C)(C)NC(=O)Cn1c(CC2CCNCC2)nc2cc(Cl)c(Cl)cc21
RAFIKI-0395,COc1ccccc1C1=C(c2cn(CCCN)c3ncccc23)C(=O)NC1=O
RAFIKI-0396,COc1cc(-c2nnc(CSc3nnc(Nc4ccc(Oc5ccccc5)cc4)s3)o2)cc(OC)c1OC
RAFIKI-0397,CC(NC(=O)c1cc(F)cc(CN2C(=N)NC(CC3CC3)(c3ccccc3)CC2=O)c1)c1ccccc1
RAFIKI-0398,O=C1N=C(NS(=O)(=O)Cc2ccccc2)SC1=Cc1cc([N+](=O)[O-])ccc1O
RAFIKI-0399,COc1cccc(C(=O)c2ccn(-c3ccc(O)c(F)c3)c2)c1
RAFIKI-0400,N#CC(=CC1CC1)C(=O)N1CCCC(n2nc(-c3cccc(C(F)(F)F)c3)c3c(N)ncnc32)C1
RAFIKI-0401,CN(CC(=O)Nc1sccc1C#N)C1CCCCC1
RAFIKI-0402,Cc1c(C(=O)c2ccc(Cl)cc2)c2ccc(OC(F)(F)F)cc2n1Cc1cccc(OC(C)C(=O)O)c1
RAFIKI-0403,CCCn1nc(NC(=O)CC(C)C)c2cc3ccccc3nc21
RAFIKI-0404,CN(Cc1ccc(S(=O)(=O)Nc2ccc([N+](=O)[O-])cc2)cc1)CC(O)(Cn1cncn1)c1ccc(F)cc1F
RAFIKI-0405,COc1cc(C=NNC(N)=S)c2c(c1OCc1ccccc1Cl)CN1CCc3cc4c(cc3C1C2)OCO4
RAFIKI-0406,Cc1nn(-c2ccc(C(N)=O)c(NC3CC4CCCC(C3)C4NCCO)c2)c2c1C(=O)CC(C)(C)C2
RAFIKI-0407,CN1CCN(c2ccc(NC(=O)c3cccc(I)c3)cc2Cl)CC1
RAFIKI-0408,COc1cc(OC)c(C2=C(c3ccc(OC)c(OC)c3OC)COC2=O)c(OC)c1
RAFIKI-0409,O=C(N1CC(CO)C1)N(c1ccccc1)c1ccccc1
RAFIKI-0410,CN(C)Cc1ccc(-c2cccc(Nc3nccc(NCC(O)c4ccccc4)n3)c2)cc1
RAFIKI-0411,O=C(CCc1nnc(-c2ccc(F)cc2)o1)c1ccc(-c2ccccc2)cc1
RAFIKI-0412,Cc1ccc(C2=NN=C(c3ccncc3)c3ccc4ccccc4c3N2)cc1
RAFIKI-0413,Cc1nn(-c2cc(Nc3c(C)c(-c4ccc(C#N)cc4)nn3CC3CC3)ncn2)c(C)c1Cl
RAFIKI-0414,CCCCCNC1=NCCN1OCc1ccccc1C
RAFIKI-0415,COC1(C)CC(O)C2C(C)C(=O)OC2C2C1CCC2(C)O
RAFIKI-0416,CN(C)CCc1cn(Sc2ccccc2)c2ccccc12
RAFIKI-0417,Cc1nc(C(=O)NNC(=O)c2cccc(OC(F)(F)F)c2)cs1
RAFIKI-0418,COCCN1CCC(n2cc(-c3cnc(N)c(-c4ccc(=O)n(-c5ccc6cc(C)cnc6c5)n4)n3)cn2)CC1
RAFIKI-0419,CS(=O)(=O)NCc1cccc(-c2nc(C3CCCCN3C(=O)COc3ccccc3)no2)c1
RAFIKI-0420,CC(C)C(=O)Nc1cncc(-c2ccc3[nH]nc(-c4nc5c(-c6ccccc6F)ccnc5[nH]4)c3c2)c1
RAFIKI-0421,O=S(=O)(Nc1cccc2ccccc12)c1ccc(Cl)cc1
RAFIKI-0422,CN(Cc1ccsc1)CC1CCN(CCc2ccc(Br)c(Br)c2)CC1
RAFIKI-0423,CCn1sc(=O)n(Cc2ccccc2)c1=S
RAFIKI-0424,NS(=O)(=O)c1cc(S(N)(=O)=O)c(NC(=O)CN(CCOCCOCCN(CC(=O)O)CC(=O)O)CC(=O)O)c(Cl)c1Cl
RAFIKI-0425,CC(=NNC(=S)Nc1cccc(C(F)(F)F)c1)c1cc(Cl)cc(Cl)c1O
RAFIKI-0426,CN(C)Cc1ccc2c(=O)cc(-c3ccccc3Cl)oc2c1
RAFIKI-0427,O=C(O)CSCc1nc2c(c(=O)[nH]1)C1C(N3CCCC3)CCCCN1C(=O)N2c1ccccc1
RAFIKI-0428,O=C1COC2CN(CC3CCOC3)CC2N1Cc1cccc(F)c1
RAFIKI-0429,O=C(C=Cc1ccc(OCCN2CCOCC2)cc1)c1c(-c2ccccc2)c2ccncc2[nH]c1=O
RAFIKI-0430,CCN(Cc1ccc(C#N)cc1F)C(=O)C(C)(C)C
RAFIKI-0431,Cc1noc(C(=O)Nc2cc(Cl)ccc2O)c1Cl
RAFIKI-0432,CNC(=O)c1cnn2c(C)cc(C)nc12
RAFIKI-0433,Cc1cc(NC(=O)C(C)OC(=O)c2ccccn2)no1
RAFIKI-0434,C=CCNC(=O)c1onc(CSc2cccc3ccccc23)c1C(=O)O
RAFIKI-0435,NC(=O)C(Cc1ccc(C2=CC(=O)NS2(=O)=O)cc1)NC(=O)C(Cc1ccccc1)NC(=O)Cc1ccccc1
RAFIKI-0436,Cc1nn(-c2ccc(F)cc2)c2nc(N3CCCN(C(=O)C(C)c4ccccc4)CC3)sc12
RAFIKI-0437,Cc1nsc(N(C)C(=O)Cc2ccc(Oc3ccc(C(F)(F)F)cc3)cc2)c1Cl
RAFIKI-0438,CCCC(=O)OCC(CO)OCn1cnc2c(F)nc(N)nc21
RAFIKI-0439,CS(=O)(=O)N1CCCN(Cc2nnc(C3CC3)o2)CC1
RAFIKI-0440,CCc1ccc(-c2cc3c(=O)n(CC(=O)NCCN4CCCCC4C)nc(C)n3n2)cc1
RAFIKI-0441,CC(C)CC(=O)N1CCCn2nc(-c3ccc(C(F)(F)F)cc3)cc2C1
RAFIKI-0442,Cc1cc(Nc2nc(Nc3cccc(OC=CN4CCOCC4)c3)ncc2F)cc(C)c1O
RAFIKI-0443,CCc1nc2ccc(C(=O)NC3CCN(Cc4ccccc4)CC3)cn2c1N(C)CCN1CCOCC1
RAFIKI-0444,COCC1CNC(C)CN1CC(=O)N1CC(C)(C)c2cnc(CC3CCCCC3)cc21
RAFIKI-0445,Nc1ncnc(N2CCCC(CNC(=O)c3ccccc3)C2)c1Cl
RAFIKI-0446,CN(Cc1ccccc1)Cc1cc(Br)ccc1OCc1ccc(Cl)cc1
RAFIKI-0447,CCn1c2ccccc2c2cc(-c3nc4cc(C(=O)O)c(OC)cc4n3CC3CC3)ccc21
RAFIKI-0448,C=C1C(=O)OC2C1CCC(COC(=O)c1coc(-c3ccc(Br)cc3)c1)=CCCC1(C)OC21
RAFIKI-0449,Cn1c(SCc2nc(-c3cccs3)no2)nnc1-c1c[nH]c2ccccc12
RAFIKI-0450,O=C(Nc1cccc(C(F)(F)F)c1)c1ccc(-n2cncn2)nc1
RAFIKI-0451,Cc1cnc(C(=O)Nc2cccc(Oc3ccc4c(C=Cc5ccccc5)n[nH]c4c3)c2)s1
RAFIKI-0452,O=S(=O)(NC1CC1)c1ccc(-c2ccsc2)c(Nc2nc3ccc(C(F)(F)F)c(Cl)c3[nH]2)c1
RAFIKI-0453,Cc1ccccc1N=C(S)NCCO
RAFIKI-0454,O=C(Nc1ccc(Cl)c(C(F)(F)F)c1)C1CCN(C(=O)c2ccc(Br)cc2)CC1
RAFIKI-0455,CCOC(=O)c1c(C(=O)OCC)c(C)n(CCc2ccccc2)c1C
RAFIKI-0456,O=C(O)c1cc(-c2ccc(OC(F)(F)F)cc2)cc(Cl)c1O
RAFIKI-0457,CC(C)C1CN(Cc2cnc(N(C)C)nc2)CCCN1CC1CC1
RAFIKI-0458,CC(=O)SCC(C)C(=O)N(CC(=O)O)c1ccc(C(C)C)cc1
RAFIKI-0459,COc1ccc(OC)c(NC(=O)c2ccc3c(SCC(=O)O)c4c(nc3c2)CCCC4)c1
RAFIKI-0460,Cc1ccc2c(c1Br)C(=NN1C(=O)c3ccccc3C1=O)C(=O)N2
RAFIKI-0461,COc1cc(OC)c(NC(=O)C2CCCO2)cc1Cl
RAFIKI-0462,CC(=O)C(Br)=Cc1cn(-c2ccc([N+](=O)[O-])cc2)nc1-c1ccc(F)cc1
RAFIKI-0463,CN(CCC#N)C(=O)CN1CCCN(Cc2noc(C3CC3)n2)CC1
RAFIKI-0464,COC(=O)c1cc(OC)c(Cl)c(O)c1C(=O)c1c(O)cc(C)c(C2=CC(C)(C)Oc3c(CC=C(C)C)cc(O)cc32)c1O
RAFIKI-0465,CCOC(=O)C(N)Cc1ccc(-c2cc(OC(c3ccc(-c4cccc(F)c4)cc3)C(F)(F)F)nc(N)n2)cc1
RAFIKI-0466,O=C(COC(=O)c1cnccn1)N=c1sccn1Cc1ccccc1Cl
RAFIKI-0467,CN(C)CCc1c(-c2ccccc2)[nH]c2ccccc12
RAFIKI-0468,CC1=C(CO)C(=O)OC(C(C)C2CCC3C2CCC2C4CCCCC4CCC23)C1
RAFIKI-0469,COc1cccc(C(=O)N2CCN(C(=O)CCc3scnc3C)CC2)c1
RAFIKI-0470,NS(=O)(=O)c1ccc(-c2cc(-c3ccc(F)cc3)no2)cc1
RAFIKI-0471,O=C1c2nccnc2C(=O)N1c1ccccc1
RAFIKI-0472,C=C(C)CN(C)CC1CCN(CCO)CC1
RAFIKI-0473,CC(C(N)=O)c1ccccc1Nc1c(Cl)cccc1Cl
RAFIKI-0474,CC(C)(C)CC(=O)NC1(C)CCS(=O)(=O)C1
RAFIKI-0475,CCOc1cc(C(=O)N2CC3C4CN(C(=O)c5ccc(S(N)(=O)=O)nc5)CC4C3C2)nc2ccccc12
RAFIKI-0476,Cn1nc(-c2ccc3c(c2)OCO3)n(C)c1=S
RAFIKI-0477,CC(C)CCOc1cccc2c1C(=O)c1c(OCCC(C)C)cc(NC(=O)CN=[N+]=[N-])cc1C2=O
RAFIKI-0478,O=C(COC(=O)CNC(=O)c1ccc(F)cc1)NC1CCCc2ccccc21
RAFIKI-0479,O=[N+]([O-])OCCOc1ccc(C=[N+]([O-])Cc2ccccc2)cc1
RAFIKI-0480,CCOCC(=O)N1CCN(C(=O)C2CCCC2)CC1
RAFIKI-0481,CCN(C)CC1CCN(C(=O)Nc2ccc3nn(C(C)C)cc3c2)C1
RAFIKI-0482,Cc1nc(NC2CCCc3ccccc32)cc(-c2ccc(C#N)cc2)n1
RAFIKI-0483,CCCCc1nc(Cl)c(C2NC(=O)NC(C)=C2C(=O)OCC)n1S(=O)(=O)c1cccc(Cl)c1
RAFIKI-0484,O=C(NCCN1CCOCC1)c1cccc(-n2ncc3cc(Nc4ccccc4Cl)ccc32)c1
RAFIKI-0485,Oc1ccc(Cl)cc1CN1CCOc2c(O)cc(-c3nc4ccccc4s3)cc2C1
RAFIKI-0486,COc1ccc(-c2ccc(CN3CC(N=C=S)C3)c(F)c2)cc1F
RAFIKI-0487,COCCCNC(=O)CSc1nc2cc(C(=O)NCCOC)ccc2c(=O)n1Cc1ccc2c(c1)OCO2
RAFIKI-0488,CCc1cc(N2CCOc3ccc(OC4CCN(C(=O)C5CCS(=O)(=O)CC5)C4)cc32)cnc1OC
RAFIKI-0489,Cc1c(-c2ccc(C(N)=O)c3[nH]c(-c4ccc(F)cc4)cc23)cccc1N1Cc2ccc(F)cc2C1=O
RAFIKI-0490,C=CCN1CCC(n2cnc(C#N)n2)C1=O
RAFIKI-0491,COc1cccc(N2CCN(CC(=O)NCc3ccccc3)CC2)c1
RAFIKI-0492,O=C(O)CC(NC(=O)CNC(=O)c1ccc(NC(=O)NCc2ccccc2)o1)c1cccnc1
RAFIKI-0493,Cc1c(-c2ccc(Cc3ccc(C(F)(F)F)nc3)cc2F)[nH]c2ccccc2c1=O
RAFIKI-0494,C=CC(=O)NCc1ncc(-c2ccc(C(C)C(=O)Nc3cc(C4CC4)[nH]n3)cc2)cc1F
RAFIKI-0495,COC12CCC(Oc3ccccn3)CC1N(c1ncnc3[nH]ccc13)CC2
RAFIKI-0496,CCN(CC)c1ccccc1C[S+]([O-])c1nc2c(n1-c1ncccc1C)CCC2
RAFIKI-0497,CCCCc1nc(=O)c(S(=O)(=O)c2ccc(C(F)(F)F)cn2)c(O)n1-c1c(OC)cccc1OC
RAFIKI-0498,O=C(O)CN1C(=O)CSc2ccccc21
RAFIKI-0499,COc1cccc(-c2nc(Nc3ccncc3F)c3cc(NC(=O)N4CCOCC4)cn3n2)n1
RAFIKI-0500,COc1ccc(CN(C)C(=O)C(Cc2ccccc2)NC(=O)c2ccccc2)c(OC)c1OC
RAFIKI-0501,O=[N+]([O-])c1cc2c3c(ccc([N+](=O)[O-])c3c1)-c1ccccc1-2
RAFIKI-0502,COCCn1cc(CC(=O)Nc2cccc(C)c2)c2cccnc21
RAFIKI-0503,CCCC(=O)N(C(=O)CCC)C1=C(Cl)C(=O)c2ccccc2C1=O
RAFIKI-0504,CC(C)c1ccc(CNc2nc(NCC3CC3)nc3ccsc23)cc1
RAFIKI-0505,CCN(CC)Cc1ccc2c(c1)CN(C(=O)c1sccc1C)CCO2
RAFIKI-0506,COc1ccc(-c2sc(NC(=O)C(C)(C)C)nc2C)cc1S(=O)(=O)NCc1cccc(S(C)(=O)=O)c1
RAFIKI-0507,Cc1[nH]c(-c2cc(N)ccc2Oc2ccccc2)c2c1C(=O)CC(C)C2
RAFIKI-0508,Oc1ccc(-c2ccc3c(O)c(O)ccc3c2)cc1
RAFIKI-0509,O=C(Cn1c2c(c(-c3cc(Cl)ccc3Cl)cc1=O)C(=O)CC2)Nc1ccc(-c2nc(C(F)(F)F)n[nH]2)cc1
RAFIKI-0510,CP(=O)(Nc1ccccn1)Oc1ccccc1
RAFIKI-0511,COc1cc(CCc2cnc3[nH]c(-c4c(F)cccc4F)cc3n2)cc(OC)c1
RAFIKI-0512,CC(C)(O)C(O)CCC(CO)C1CCC2(C)C34OC3CC3C(C)(CC(O)C(O)C3(C)C)C4=CC(O)C12C
RAFIKI-0513,Oc1cc(CCl)ccc1Oc1ccc(Cl)cc1Cl
RAFIKI-0514,CC1(C)C(C=Cc2ccc([N+](=O)[O-])cc2)=Nc2ccccc21
RAFIKI-0515,O=c1c(O)c(-c2ccc3c(c2)OCO3)oc2cc(Cl)ccc12
RAFIKI-0516,CCN(Cc1cc2c(cc1OC)OCCCO2)C1CCCCC1O
RAFIKI-0517,Clc1cccc2c1CCCC2Nc1nc2ccccc2[nH]1
RAFIKI-0518,CC(C)(C)OC(=O)C(Cc1ccccc1)NC(=O)c1[nH]cnc1C(=O)N1CCc2ccccc2C1
RAFIKI-0519,CCCN(CCCNc1c2ccc(OC)cc2nc2c(C)cccc12)CC(C)C
RAFIKI-0520,CC=CC=CC(=O)C1=CC2(C)C3C(C(=O)C=CC=CC)=C(O)C(C)=C(O)C3(C)OC2(O)C(C)(O)C1=O
RAFIKI-0521,O=C(COc1ccc2oc(=O)ccc2c1)Nc1ccc(-c2ccccc2)cc1
RAFIKI-0522,COc1cc(N2CCOCC2)c(-c2cnn(C)c2)cc1Nc1ncc(Cl)c(Nc2ccccc2P(C)(C)=O)n1
RAFIKI-0523,COc1ccc2nc(NC3=NC(=O)CC(c4ccccc4)N3)nc(C)c2c1
RAFIKI-0524,C=C1CC(c2ccc(OC)c(OC)c2)OC1=O
RAFIKI-0525,C=CC(C#CC#CC(O)CCCCCCCCCCOC(C)=O)OC(C)=O
RAFIKI-0526,CC1c2cccc(O)c2CCN1CCc1ccc(Cl)c(Cl)c1
RAFIKI-0527,CCOc1ccc(C=NNC(=S)Nc2c(C)cccc2C)cc1
RAFIKI-0528,Nc1c2ccncc2cc2cnc(NCCCN3CCCC3)nc12
RAFIKI-0529,C[S+]([O-])c1ccc(CC2(O)c3ccccc3C3=NCCCN32)cc1
RAFIKI-0530,Cc1c(C(=O)N2CCN(C(=O)CCc3nc4ccccc4c(=O)[nH]3)CC2)oc2ccccc12
RAFIKI-0531,CNC(=O)c1cnc(Nc2ccc(OC)c(F)c2)cc1NC(c1ccccc1)C(O)CO
RAFIKI-0532,c1cc(-c2noc(CC3CCCCC3)n2)ccn1
RAFIKI-0533,c1ccc(Nc2nnnn2CCC23CC4CC(CC(C4)C2)C3)cc1
RAFIKI-0534,CCCc1noc(CCC(=O)Nc2ccc(-n3cccn3)nc2)n1
RAFIKI-0535,O=S1(=O)NCCN1Cc1cccc(O)c1
RAFIKI-0536,Cc1ccc(C)c(N(C(=O)Cn2nnc(-c3cccs3)n2)C(C(=O)NC2CC2)c2ccc(C)o2)c1
RAFIKI-0537,Cc1oc(-c2ccc(C(F)(F)F)cc2)nc1COc1ccc2c(c1)C=CC2=CCn1oc(=O)[nH]c1=O
RAFIKI-0538,CCc1n[nH]c(C(=O)Nc2ccc(C3CNCCO3)nc2)c1Cl
RAFIKI-0539,CC(CC(=O)Nc1cc[nH]n1)S(=O)(=O)c1ccc(F)cc1
RAFIKI-0540,CCN1CCc2c(sc(NC(=O)c3ccc(S(=O)(=O)N(CCOC)CCOC)cc3)c2C(N)=O)C1
RAFIKI-0541,CC(C)Oc1nnnn1-c1ccccc1
RAFIKI-0542,NC(=O)CSc1nc2c(sc3ccccc32)c(=O)n1CCCC(=O)NCC1CCCO1
RAFIKI-0543,O=C1C(O)=CC(=C(c2ccccc2)c2ccccc2)c2ccccc21
RAFIKI-0544,CCc1cc(-c2ccc(C(=O)CC(C)(C)C(=O)NCc3cccnc3)cc2)ccc1OC
RAFIKI-0545,CCCn1ncc(-c2ccnc(NCc3coc(-c4ccccc4)n3)n2)c1C
RAFIKI-0546,CCC(Sc1nc(N)c2cnn(-c3ccccc3)c2n1)C(N)=O
RAFIKI-0547,COc1cc(C(=O)OCCCCCOC(=O)c2ccc(O)c(OC)c2)ccc1O
RAFIKI-0548,CC(Nc1ccc2nc(N)nc(N)c2c1)c1ccc(Cl)c(Cl)c1
RAFIKI-0549,CC(C)N1CCC(c2nccnc2Nc2ncccn2)CC1
RAFIKI-0550,CS(=O)(=O)c1ccc(-c2ccc([N+](=O)[O-])cc2-c2ccccc2)cc1
RAFIKI-0551,CN1CCN(c2ccc(-c3cncc(-c4ccc(-c5nnn[nH]5)cc4)n3)cc2)CC1
RAFIKI-0552,CCCCCC(CC(=O)NO)C(=O)NC1CCCCN(CC(=O)OC)C1=O
RAFIKI-0553,CC(=O)N1CCc2ccc(S(=O)(=O)N3CCCCC3C)cc21
RAFIKI-0554,CC1=CC(=O)N(Nc2nc(-c3cccs3)nc3sc(-c4nnc(-c5ccccc5)o4)c(C)c23)C1=O
RAFIKI-0555,Cc1cccc(CN2CCN(c3ccc(-c4ccccc4)cc3)C(=O)C2C)c1
RAFIKI-0556,Cc1ccc(-c2cc3c(cc2F)c(=O)c(C(=O)O)cn3C2CC2)c(C)n1
RAFIKI-0557,CCc1cc(NC(=O)NC(C)C(O)CN(CCCc2ccc(F)cc2)S(C)(=O)=O)cc(-c2nnnn2C)c1
RAFIKI-0558,COc1cc(CC(=O)OCC(=O)Nc2ccc3c(c2)OCCO3)cc(OC)c1OC
RAFIKI-0559,O=C(O)C1CC=CCC1C(=O)NC1CCCC1
RAFIKI-0560,COCCOC(=O)C1=C(C)Nc2nc3ccccc3n2C1c1ccc(OC)cc1OC
RAFIKI-0561,CCOc1cc(Cl)cc(C(O)c2ccccc2OC)c1N(CC(C)(C)C)C(=O)CCC(=O)N1CCC(C(=O)O)CC1
RAFIKI-0562,O=C(O)C(Cc1ccc(C(F)(F)F)cc1)=NNc1nc(-c2ccc(Cl)c(Cl)c2)cs1
RAFIKI-0563,CCN1CCN(C(=O)c2ccc(Nc3ncc(F)c(-c4c[nH]c5ncccc45)n3)nc2)CC1
RAFIKI-0564,COc1cc(OC)c(F)c(-c2ccc(C(=O)Nc3ccc(CN(C)CC(N)=O)cn3)c3nccnc23)c1F
RAFIKI-0565,CCn1nccc1-c1c(-c2cccc(C#N)c2)nc(N)n2nc(Cc3noc4ccccc34)nc12
RAFIKI-0566,CCOC(=O)C(=O)Nc1cccc(NC)c1C#N
RAFIKI-0567,CCCn1cc(C2CCC(N3CCN(c4cccc5[nH]ccc45)CC3)CC2)c2cc(C#N)ccc21
RAFIKI-0568,CCc1cc(-c2cccc(N)n2)c(OC)cc1CCN(C)C
RAFIKI-0569,O=c1nc(-c2ccc(-c3ccc(-n4ccnc4)cc3)cc2)[nH]o1
RAFIKI-0570,CC(C)CCCCN1CCC(NC(=O)OC(C)(C)C)(C(=O)O)C1
RAFIKI-0571,COc1ccccc1NC(=O)Nc1nc2nc(NCCCN3CCN(C)CC3)ncc2cc1-c1c(Cl)cccc1Cl
RAFIKI-0572,NNC(=O)CC(=O)Nc1ccc(Cl)cc1
RAFIKI-0573,CCCN(Cc1c[nH]nc1-c1ccc(F)cc1)Cc1nccn1C
RAFIKI-0574,Nc1c2c(-c3cccc(F)c3)nc(NCc3ccccc3)nc2nn1-c1cc(F)ccc1F
RAFIKI-0575,O=C1C=CCC(CC(O)CCCCc2ccccc2)O1
RAFIKI-0576,CC(=O)Nc1ccc(NC(=O)Cc2csc(NC(=O)Nc3cccc(Cl)c3)n2)cc1
RAFIKI-0577,Cc1ccc(C)c(NC(=O)CCN2C(=O)C3Cc4ccccc4CN3C2=O)c1
RAFIKI-0578,COc1cccc2c1ncn2-c1ccccc1
RAFIKI-0579,COc1ccc2nc(O)c(C(=O)N(C)c3ccc(F)cc3)c(O)c2c1
RAFIKI-0580,C=CC(=O)NC1COCC1C(=O)NCc1cc2c(-c3cnn4ncccc34)ccnc2[nH]1
RAFIKI-0581,CC(=O)NCC1CN(c2ccc(N3CCN(Cc4ccc(C=NN)o4)CC3)c(F)c2)C(=O)O1
RAFIKI-0582,O=C(Cn1c(CCc2cccc(F)c2F)nc(=O)c2cccnc21)N(Cc1ccc(-c2ccc(C(F)(F)F)cc2)cc1)C1CCNCC1
RAFIKI-0583,c1cncc(-c2ccc3ncnc(NC4CCNCC4)c3c2)c1
RAFIKI-0584,NC(=NO)c1cccc(-c2ccc3c(c2)c2cc(-c4cccc(C(N)=NO)c4)ccc2n3S(=O)(=O)c2cccc(C(F)(F)F)c2)c1
RAFIKI-0585,CC(C)(CCOCCCOCCC(C)(C)C(=O)O)C(=O)O
RAFIKI-0586,CNS(=O)(=O)c1ccc2nc(NC(=O)c3ccc(N4C(=O)CCC4=O)cc3)sc2c1
RAFIKI-0587,Cc1ncc(-c2nc(Nc3ccc(C(N)=O)cc3)ncc2F)n1C(C)C
RAFIKI-0588,O=C1CC(=O)CC(c2cccc(Br)c2)C1
RAFIKI-0589,O=C1c2cc(-c3ccc4[nH]ccc4c3)ccc2Nc2ccc(F)cc2N1Cc1ccccc1
RAFIKI-0590,CSC(=NC(=O)c1cccnc1)NC(=O)c1cccnc1
RAFIKI-0591,Cc1cccn2c(CN3CCSCC3)c(C(=O)N3CCOCC3)nc12
RAFIKI-0592,Cc1ccc(-c2ccccc2C2CC3CN(C)C(=O)C34CCCN24)o1
RAFIKI-0593,Cc1ccc(C2=Nc3ccccc3N(CC(=O)NCc3ccccc3Cl)C(=O)C2)cc1C
RAFIKI-0594,CC(C)(C)CC(NC(=O)C(Cc1ccc(F)cc1)NC(=O)c1cnccn1)C(=O)N1CC2(CC1C#N)C(=O)Nc1ccccc12
RAFIKI-0595,N#CN1C2CCC1C(NC(=O)c1ccc(Nc3nccc(C4CC4)n3)c(F)c1F)C2
RAFIKI-0596,CCS(=O)(=O)c1ccc(CNC(=O)c2ccc3c(c2)CN(CC2CCC(O)(C(F)(F)F)CC2)C3C(C)C)nc1
RAFIKI-0597,O=C(Nc1ccc(Cl)cc1)c1ccc(C(=O)O)c(NC(=O)c2cc(Br)cc(Br)c2O)c1
RAFIKI-0598,Brc1ccc(-c2cn3c(n2)sc2ccccc23)cc1
RAFIKI-0599,CN(CCNCc1cn(Cc2nc3cc(Cl)ccc3[nH]2)nn1)CCNc1ccnc2cc(Cl)ccc12
RAFIKI-0600,COc1ccccc1CC(=O)c1cn(CCCCC(=O)O)c2ccccc12
RAFIKI-0601,CS(=O)(=O)CCCOc1ccc2c(c1)OC(COc1ccc(CCC(=O)O)c(F)c1)CC2
RAFIKI-0602,Cc1cccc(C(=O)NCC2(C(F)(F)F)OC(=O)Nc3ccc(Cl)cc32)c1
RAFIKI-0603,N#Cc1ccc(N2C(=O)C3(CCOC3)N(c3ccc(C(N)=O)c(F)c3)C2=S)cc1C(F)(F)F
RAFIKI-0604,CC(C)CC(NC(=O)C(Cc1ccccc1)CP(=O)(O)C(N)Cc1ccccc1)C(=O)O
RAFIKI-0605,CS(=O)(=O)c1ccc(-c2ccc(C(=O)Nc3cccc(F)c3)s2)cc1
RAFIKI-0606,Cc1nc(C(=O)N2CCC(C)C2c2nc3c(CO)cccc3[nH]2)c(-c2cccc(Cl)c2)s1
RAFIKI-0607,CC(C)C(N)CN(CCc1c[nH]c2ccccc12)C(=O)C=Cc1ccccc1
RAFIKI-0608,O=C(Cn1cccc(NC(=O)c2ccccc2)c1=O)Nc1ccc(Cl)c(Cl)c1
RAFIKI-0609,COC(=O)CN1C(=O)c2cccc3cc(N=[N+]=[N-])cc(c23)C1=O
RAFIKI-0610,NC(=O)C1(NC(=O)c2cc(-c3ccccc3F)n[nH]2)CCCC1
RAFIKI-0611,COc1ccc(CN(C)CCc2ccccn2)c(OC)c1OC
RAFIKI-0612,O=C(CCn1cc(Cl)cn1)N1CCN(CC2CC2)C2CS(=O)(=O)CC21
RAFIKI-0613,N#CCNC(=O)C(Cc1cccc(Cl)c1)NC(=O)C1CCCCCC1
RAFIKI-0614,Cc1cc(=O)oc2cc(N(CC3CCC3)C(=O)CCN3CCN(C(=O)c4ccco4)CC3)ccc12
RAFIKI-0615,C#CCOc1cccc(C=CC(=O)Nc2cc(C(=O)c3cc(OC)c(OC)c(OC)c3)ccc2OC)c1
RAFIKI-0616,O=S(=O)(c1ccc(F)cc1)N1CCC2C1CCN2c1ncccn1
RAFIKI-0617,C=CCOC(=O)NC(CC(=O)O)C(=O)COc1ccccc1C(N)=O
RAFIKI-0618,Cc1ccccc1-c1cc(-c2c[nH]nc2-c2ccccn2)ccn1
RAFIKI-0619,CCC(=O)C(O)CCCCC1NC(=O)C2CCCCN2CC(=O)C(C(C)CC)NC(=O)C(Cc2cn(OC)c3ccccc23)NC1=O
RAFIKI-0620,O=C(COc1cc(C(F)F)nc2ccc(Cl)cc12)NC1CC1
RAFIKI-0621,COc1ccc(S(=O)(=O)N2CCN(C(=O)COc3ccc4c(C)cc(=O)oc4c3)CC2)cc1
RAFIKI-0622,CC[n+]1c(C)cc(N)c2cc(Nc3nc(N)nc(Nc4ccc5c(c4)c(N)cc(C)[n+]5CC)n3)ccc21
RAFIKI-0623,CN(CCCC(O)c1ccc(F)cc1)CCN(C)Cc1ccccc1
RAFIKI-0624,CC(C)=CCCC(C)=CCCC(C)=CCc1c(C)[nH]c2cc(F)ccc2c1=O
RAFIKI-0625,CC(C(=O)Nc1ncccn1)N1CCC(n2ccnc2)CC1
RAFIKI-0626,Cc1ccc(-c2nc(C3CCCC3)nc3c2CCNCC3)cc1
RAFIKI-0627,Cc1ccc2nc(C(C)C)n(-c3ccc4c(c3)CC(=O)N4)c2n1
RAFIKI-0628,O=C(CCCCCCNC(=O)c1ccc(NC(=O)CCCCCNC(=O)CC23CC4CC(CC(C4)C2)C3)cc1)NO
RAFIKI-0629,S=c1[nH]c2ccccc2c2ccccc12
RAFIKI-0630,O=C(O)c1cn(C2CC2)c2cc(N3CCc4ccccc4C3)c(F)cc2c1=O
RAFIKI-0631,C=CCc1cc(Cc2cnc(N)nc2N)c2ccc(C)nc2c1O
RAFIKI-0632,c1ccc(OCCCN2CCC(N3CCCCC3)CC2)cc1
RAFIKI-0633,CCC1(C)OC(C(C)=CCOc2ccc3ccc(=O)oc3c2)=CC1=O
RAFIKI-0634,CCC1C(O)C2C3CCC(C(C)CCNC(=O)NS(=O)(=O)c4ccc(-c5ccccc5)cc4)C3(C)CCC2C2(C)CCC(O)CC12
RAFIKI-0635,CN1C(c2ccccc2)=NOC1(C)c1ccccc1
RAFIKI-0636,Cc1cc(O)n2nc(-c3cccc(Cl)c3)cc2n1
RAFIKI-0637,COCCCOc1cccc(Oc2cc3c(cc2NS(=O)(=O)c2cn(C)c(C)n2)n(C)c(=O)n3C)c1
RAFIKI-0638,COc1ccc2nc(Oc3ccc(-c4ccc(C#N)cc4)cc3)c(N3CCN(C)CC3)nc2c1
RAFIKI-0639,COc1ccc(NC(=O)C2CC(=O)Nc3nc(N4CCCCC4)nc(N)c32)cc1
RAFIKI-0640,O=C(Nc1cccc(Cl)c1)c1cnn2ccccc12
RAFIKI-0641,Cc1c(-c2ccncc2)c2cc(C(=O)NC(C)(C)C)ccc2n1CC(F)=CCN
RAFIKI-0642,COc1ccc(-c2ccc3nccc(Nc4ccccc4)c3c2)cc1
RAFIKI-0643,COc1ccccc1CC(C)(C)C(=O)N1CC(n2nc(C)nc2C)C1
RAFIKI-0644,NS(=O)(=O)c1cc(Cl)c(Sc2ccccc2)s1
RAFIKI-0645,Cn1c(Cc2ccccc2)nnc1SCC(=O)c1c(N)n(C2CC2)c(=O)[nH]c1=O
RAFIKI-0646,CN1CCN(C(=O)COc2ccc(S(=O)(=O)N3CCCC3)cc2)CC1
RAFIKI-0647,CC(Cn1cncn1)NC(=O)c1ccc(Oc2ccccc2)o1
RAFIKI-0648,CCCN(CC(=O)Nc1ccc(Cl)cc1Cl)C(=O)c1ccc(O)nc1
RAFIKI-0649,CCNC(C)CN1CCc2c(c(=O)oc3cc(OC)c(OC)cc23)C1
RAFIKI-0650,COc1c(O)c(CO)c(Br)c(OC)c1OC
RAFIKI-0651,Cc1cc(C(N)=O)cc(C)c1CC(N)C(=O)N(Cc1ccccc1)C(C)c1nc(-c2ccccc2)c[nH]1
RAFIKI-0652,CN(C)C1C(O)=C(C(N)=O)C(=O)C2(O)C(O)=C3C(=O)c4c(O)cc(C5CCCN5)c(F)c4CC3CC12
RAFIKI-0653,OCC1C(O)C(O)C(O)CN1Cc1c(F)c(F)c(F)c(F)c1F
RAFIKI-0654,CC(NC(=O)c1cc(-c2ccc(F)cc2)ns1)c1ccccn1
RAFIKI-0655,CS(=O)(=O)n1c2ccccc2c(=O)n1-c1ccccc1CCl
RAFIKI-0656,O=C(Cn1c(=O)nc2n1C(=O)N(c1ccccc1)C2)NC1CCCCC1
RAFIKI-0657,O=P(O)(O)C(F)(F)c1ccc(-c2ccc(C(F)(F)F)cc2F)c2oc3ccccc3c12
RAFIKI-0658,Cc1ccc(OCC(=O)Nc2cc(C)nn2-c2nc(C)cc(O)n2)cc1
RAFIKI-0659,COc1ccc(C(=O)N2CCCNCC2)cc1
RAFIKI-0660,CC(C)N(Cc1ccccc1Br)CC(O)(Cn1cncn1)c1ccc(F)cc1F
RAFIKI-0661,Cc1cc(NC(=O)Nc2cc(-c3cccnc3)n[nH]2)nn1C(C)C
RAFIKI-0662,O=C(Cn1cc(COc2ccccc2C(F)(F)F)nn1)c1ccc(O)cc1
RAFIKI-0663,COc1ccc(S(=O)(=O)Nc2ccccc2-c2nnn(CC(=O)Nc3ccccc3OC)n2)cc1
RAFIKI-0664,C(=NNc1nnc(-c2cccs2)c(-c2cccs2)n1)c1cc2ccccc2[nH]1
RAFIKI-0665,CCCS(=O)(=O)N1CCc2cc3cccc(C)c3nc21
RAFIKI-0666,CC1CN(S(=O)(=O)c2ccc(C(=O)N3c4ccccc4CC3C)cc2)CC(C)O1
RAFIKI-0667,COC(=O)c1ccc(-c2c(C#N)c(N)nc(SCc3ccccc3)c2C#N)cc1
RAFIKI-0668,CCC(Nc1ccnc2c1nc(-c1cnc(C)nc1)n2CC)C(=O)N1CC(C)OC(C)C1
RAFIKI-0669,COCCNC1CCN(S(=O)(=O)N2CCC(NC(=O)c3cc(C4CC4)on3)CC2C)CC1
RAFIKI-0670,O=C(O)C(c1ccccc1)N1C(=O)C(=Cc2cccc(Oc3ccc(Cl)c(Cl)c3)c2)SC1=S
RAFIKI-0671,CC(C)C(NC(=O)OC(C)(C)C)c1cc(C(=O)NC2CC2)c(N)s1
RAFIKI-0672,COc1cccc(-c2nc(N=[N+]=[N-])c3cc(OC)c(OC)cc3n2)c1
RAFIKI-0673,CN(C)C(=O)C=CCCC(OC(=O)N(C)C)C(=O)Nc1nccn(Cc2cc3cc(F)ccc3n2Cc2ccc(F)cc2)c1=O
RAFIKI-0674,CCC(C)NC(=O)C1CCN(c2ccc(Cl)c(Cl)c2)C1=O
RAFIKI-0675,CC(C)(C)c1ccc2ncnc(N3CCN(C(=O)C(N)Cc4ccc(Cl)cc4)CC3)c2c1
RAFIKI-0676,N#Cc1cccc(-c2nc3c(C(=O)Nc4ccncc4)cc(Cl)cc3[nH]2)c1
RAFIKI-0677,CC1CCCCN1S(=O)(=O)c1ccc(NC(=O)c2sc3ccccc3c2Cl)cc1
RAFIKI-0678,CCC(=O)c1ccc2c(c1O)C1c3c(ccc4c(=O)c(C)coc34)OCC1C(C)(C)O2
RAFIKI-0679,CCNC(=O)OCc1c(COC(=O)NCC)c2sc3ccccc3n2c1-c1ccc(Cl)cc1
RAFIKI-0680,CCCCCCCCCCCCC(=O)N1CCN(c2cccc(Cl)c2Cl)CC1
RAFIKI-0681,CC(=O)N(Cc1c(Cl)cccc1Cl)c1cccn2c(Br)c(C)nc12
RAFIKI-0682,O=C(CCN1C(=O)c2ccccc2S1(=O)=O)NCc1ccco1
RAFIKI-0683,CC1=NN(c2nc(N)nc(CC(N)=NO)n2)C(C)(C)C1
RAFIKI-0684,O=C(Nc1ccsc1C(=O)N1CCCCC1)c1cnccn1
RAFIKI-0685,O=C(Cc1ccc(Cl)c(Cl)c1)N1CCCC1c1nnc2ccccn12
RAFIKI-0686,CN1CCN(Nc2ncc3c(n2)N(Cc2ccccc2)CC(=O)N3)CC1
RAFIKI-0687,CCCCCOc1ccccc1-c1cc(C(=O)NCc2ccccc2)no1
RAFIKI-0688,O=C(Nc1ccc(Br)cc1Cl)NC1CC1
RAFIKI-0689,COc1ccc(C(=O)Nc2sc(Cc3ccccc3)cc2C(N)=O)cc1
RAFIKI-0690,CCC(=O)OCC(CCn1cnc2cnc(N)nc21)COC(=O)CC
RAFIKI-0691,C=CCSCC1=CC(C)(C)Nc2ccc(-c3ccccc3C(F)(F)F)cc21
RAFIKI-0692,COCCn1ccc(NC(=O)C(=O)N(C)Cc2cccc(C)c2)n1
RAFIKI-0693,CC1CCCCN1C(=O)C(Cc1ccccc1)N1C(=O)C2CCCCC2C1=O
RAFIKI-0694,CN(C)C1C(O)=C(C(N)=O)C(=O)C2(O)C(O)=C3C(=O)c4c(O)cc(-c5cccnc5)c(Cl)c4CC3CC12
RAFIKI-0695,Cc1cn2cccc2c(N2CCC(NC(=O)c3ncn(-c4ccc(F)cc4)n3)C2)n1
RAFIKI-0696,O=S(=O)(NCCNc1nccc(-c2c(-c3cccc(O)c3)nc3sccn23)n1)c1ccc(F)cc1
RAFIKI-0697,COCCN(Cc1ccco1)c1ncc(C#N)cc1Cl
RAFIKI-0698,O=C1NC(C(=O)O)Cc2cn(cn2)CC=CCc2ccc(Cl)c1c2
RAFIKI-0699,Cc1cc2c(-c3ccc(NS(=O)(=O)c4ccc(Cl)c(Cl)c4)cc3)ncnc2[nH]1
RAFIKI-0700,O=Cc1cc2ccccc2nc1Sc1ccccc1
RAFIKI-0701,[O-][S+]1CCN(c2ncnc3scc(-c4ccccc4)c23)CC1
RAFIKI-0702,Oc1ccc(-c2c(Cl)cc(Cl)cc2Cl)cc1Cl
RAFIKI-0703,CC1CCc2c(Cl)cc(Cl)c(O)c2N1
RAFIKI-0704,Cc1ccc(C(=O)CCN2CCCCC2Cn2ccnn2)cc1
RAFIKI-0705,CCOc1ccc(OCC)c(C(=O)C=Cc2ccc(C)s2)c1
RAFIKI-0706,COc1cc(C)n(-c2ccc(Cn3c(=O)n(C)c4cnc(-c5cccnc5C(C)C)nc43)cc2)n1
RAFIKI-0707,CCC(=O)N1c2ccc(S(=O)(=O)NC3CCCCC3)cc2CC1C
RAFIKI-0708,OCCc1ccccc1Nc1nc(Nc2ccccc2)nc(Nc2ccccc2)n1
RAFIKI-0709,CN1CCCC1CCOc1nc2ccc(C(=O)NCCCc3ncc[nH]3)cc2nc1-c1ccc(F)cc1
RAFIKI-0710,Cc1ccc(NC(=O)c2cn(CCNS(=O)(=O)c3ccc(F)cc3C)nn2)cc1Nc1nccc(-c2cccnc2)n1
RAFIKI-0711,Cc1cc(C)nc(NC(=O)CCc2cn(Cc3ccc(Cl)cc3)c3ccccc23)c1
RAFIKI-0712,ON=C(NC1CCc2ccccc21)c1cccnc1Oc1ccc2ccccc2c1
RAFIKI-0713,Clc1ccc(Nc2cnc(C3CNCCO3)nc2)cc1
RAFIKI-0714,COc1cccc(CNC(=O)C2CCCN(S(=O)(=O)c3ccc4c(ccn4C)c3)C2)c1
RAFIKI-0715,CC(c1cccc(Nc2nccc(-c3c(-c4cccc(NC(=O)c5c(F)cccc5F)c4)nn4ccccc34)n2)c1)S(C)(=O)=O
RAFIKI-0716,Nc1nnc(-c2ccccc2O)cc1N1CCCC(Oc2ccccc2)C1
RAFIKI-0717,CCCOc1cc(C=C2Oc3ccccc3C2=O)ccc1O
RAFIKI-0718,CC(C)c1nccn1C1CCCN(C(=O)c2cccc3c2OCO3)C1
RAFIKI-0719,CNC(=O)c1c(-c2ccc(F)cc2)oc2cc(N(CCO)S(C)(=O)=O)c(C3CC3)cc12
RAFIKI-0720,C=CC1=C(C)C(CC2=NC(=C3c4[nH]c(CC5NC(=O)C(C)=C5CC)c(C)c4C(=O)C3C(=O)OC)C(CCC(=O)O)C2C)NC1=O
RAFIKI-0721,CC(=O)c1cn(CC(=O)N2C(C(=O)NC(CN(C)C)c3cccc(Cl)c3F)CC3CC32)c2ccccc12
RAFIKI-0722,CC(C1CC1)N1C(=O)C2(CC2)c2cnc(NC3CCN(S(=O)(=O)c4ncc[nH]4)CC3)nc21
RAFIKI-0723,CCCc1c(OCCCOc2ccc3c(ccn3CC(=O)O)c2)ccc2cc(C(=O)c3ccccc3)ccc12
RAFIKI-0724,C=C(c1cc(Cl)nc(SC)c1)c1ccc2c(c1)c(C(N)=O)cn2C
RAFIKI-0725,COc1cc2cc(C(=O)CCC3CC[N+](C)(Cc4ccccc4)CC3)n(C)c2cc1OC
RAFIKI-0726,Cc1nc(N)nc2c1cc(-c1ccc(N(C)C)nc1)c(=O)n2C1CCC(O)CC1
RAFIKI-0727,CCn1c(CNc2ccccc2)nnc1SCc1nc2cc(C(F)(F)F)ccc2o1
RAFIKI-0728,CCN(CCNC(=O)C(N)C(C)O)Cc1cc(Nc2ccnc3cc(Cl)ccc23)ccc1O
RAFIKI-0729,CC(C)CCCC(C)C1CCC2(C)C(=O)C(N3C(C)COCC3C)CCC12C
RAFIKI-0730,O=C1C=CC(=O)N1CCCCCCCCCCN1C(=O)C=CC1=O
RAFIKI-0731,COc1ccc(C(C(=O)NC(C)(C)C)N(C(=O)c2cccc(Cl)c2)c2ccc(C3(C)NC(=O)c4ccccc4N3)cc2)cc1
RAFIKI-0732,Cc1ccc(-c2nn3c(=O)cc(CN4CCN(S(=O)(=O)c5ccc(Cl)cc5)CC4)nc3s2)cc1
RAFIKI-0733,CN(CCc1ccncc1)c1ncc(-c2noc(C(F)(F)F)n2)cn1
RAFIKI-0734,O=Cc1cccc(C2=C(NC(=O)Cc3ccccc3)C(=O)c3ccccc3C2=O)c1
RAFIKI-0735,CCOC(=O)c1[nH]c2ccc(CN3C(=O)NC(C)(C)C3=O)cc2c1CCN(C)C
RAFIKI-0736,CNC(=O)c1cc2c(-c3ccccc3)nn(C)c2s1
RAFIKI-0737,N#CN=C(NCc1ccc(S(=O)(=O)c2cc(F)cc(OCC(F)(F)F)c2)cc1)Nc1ccncc1
RAFIKI-0738,CC=CC=CC1C(C)=CC2CC(C)CCC2C1(C)C(O)=C1C(=O)C(CO)N(C)C1=O
RAFIKI-0739,CC(=O)NC1CC2CN(Cc3cccnc3)C(C)C(=O)N2C1
RAFIKI-0740,CCOC(=O)c1c(CN2CCN(c3ccccc3)CC2)oc2cc(Br)c(O)cc12
RAFIKI-0741,Cc1c(OCCCCOc2ccc(C(=O)CC3CCCC3)c(O)c2C)cccc1C(=O)O
RAFIKI-0742,COC(=O)C1CCc2[nH]c(-c3c(NC4CCC(N)CC4)cc[nH]c3=O)nc2C1
RAFIKI-0743,CCSc1c(C#N)nn(-c2c(Cl)cc(C(F)(F)F)cc2Cl)c1NC(OC)C(Cl)(Cl)Cl
RAFIKI-0744,COc1cccc(CN2C(=O)NC(C)(C3CCN(Cc4cnn(C)c4C)CC3)C2=O)c1OC
RAFIKI-0745,CN(C)CCc1ccc(Nc2nccc(-c3c[nH]c4ncccc34)n2)cc1
RAFIKI-0746,COC(=O)NC(C(=O)N1CCCC1c1nc(Cl)c(-c2ccc(N=[N+]=[N-])cc2)[nH]1)C(C)C
RAFIKI-0747,O=C(CCc1c[nH]c2ccccc12)N1CCC2(CC1)CC(CCO)CCO2
RAFIKI-0748,COC(=O)c1c(O)ccc2c1C1COc3cc(OC)ccc3C1O2
RAFIKI-0749,CCc1ccc(NC(=O)C(=O)NNC(=O)c2ccc(OC)cc2)cc1
RAFIKI-0750,CCC(C)n1ccnc1C=CC(=O)C=C(O)c1sc(C)nc1C(F)(F)F
RAFIKI-0751,O=C(O)COCCNc1cc(C(F)(F)F)ccc1CN1CCN(C(=O)OC(C(F)(F)F)C(F)(F)F)CC1
RAFIKI-0752,O=C(CSc1ncnc2c1nnn2-c1ccc(F)cc1)N1CCN(c2ccccc2)CC1
RAFIKI-0753,O=C1CCCN1CCCNc1nc2c(S(=O)(=O)c3ccccc3)nnn2c2ccc(Cl)cc12
RAFIKI-0754,O=C(C=P(c1ccccc1)(c1ccccc1)c1ccccc1)c1ccc(-c2cccs2)cc1
RAFIKI-0755,Cc1cccc(CN2C(=O)CN=C(c3ccccc3)c3cc(Cl)ccc32)c1
RAFIKI-0756,Clc1cccc2c(-c3ccc4ccccc4n3)c[nH]c12
RAFIKI-0757,COC(=O)C(C)N(C)C(=O)c1c(C)cc(-c2cccc(NS(=O)(=O)c3cc(C)c(Cl)cc3C)c2)cc1C
RAFIKI-0758,O=C1Nc2c(ccc3ccccc23)C1=Cc1cccc(C=NNC2=NCCN2)c1
RAFIKI-0759,C[n+]1c2ccccc2c(C=Cc2ccc(Cl)cc2Cl)c2ccccc21
RAFIKI-0760,CCCNC1CCc2cccc(OC)c2C1CC1CC1
RAFIKI-0761,O=C(CC1CCN(CC2CC2)CC1)c1ccc(-c2ccccc2)cc1
RAFIKI-0762,O=C(CC(=O)c1ccc(OC2OC(CO)C(O)C(O)C2O)cc1O)c1ccccn1
RAFIKI-0763,Cc1ccc(-c2nc(C(=O)O)cs2)cc1
RAFIKI-0764,COC(=O)CN1C(=O)COc2ccc(S(=O)(=O)NCc3ccc(Cl)cc3)cc21
RAFIKI-0765,COC(=O)C(C)NC(=O)C(CC(C)C)NC(=O)CC(O)C(Cc1ccccc1)NC(=O)OC(C)(C)C
RAFIKI-0766,CC12CCC(c3cccc(CO)c3)CC1(O)CCC2C=NOCCN
RAFIKI-0767,COc1cc(=O)oc2cc(OCCCCN3CCN(CC(=O)Nc4c5c(nc6ccccc46)CCCC5)CC3)ccc12
RAFIKI-0768,Cc1c(O)c(C=O)c(COP(=O)(O)O)c[n+]1C
RAFIKI-0769,CC(=O)NC1CN(C(=O)CC2CC2)CC1O
RAFIKI-0770,COc1cc(-c2cnn(C)c2)ccc1Nc1ncc2ccnc(NCC(C)(F)F)c2n1
RAFIKI-0771,OCCN(CCO)c1ccc(C(c2ccc(Cl)cc2)c2ccc(N(CCO)CCO)cc2Cl)c(Cl)c1
RAFIKI-0772,CCC(C)C(N)c1cn(C(CCCCN)C(=O)N2CCNCC2)nn1
RAFIKI-0773,CC(CC1SCCCS1)=C(C)CC1SCCCS1
RAFIKI-0774,Cc1cccc(NC(=O)N(C)CC2CCCOC2)n1
RAFIKI-0775,COc1ccccc1CNC(=O)c1ccc(N2CCN(c3ccncc3)CC2)cn1
RAFIKI-0776,CNc1ccc(C=Cc2ccc(-c3nc4ccc(OCCCF)cc4s3)cc2)cc1
RAFIKI-0777,CCC(C)(C)NC(=O)C1CCN(c2nc(C)cc(C)n2)CC1
RAFIKI-0778,COc1cccc(-c2ccc(N3CCCN(C(=O)CN(C(=O)CC(C)C)C4CC4)CC3)nn2)c1
RAFIKI-0779,COc1ccc2c(c1)C(c1ccccc1)C1Cn3cccc3C1N2
RAFIKI-0780,FC1(F)CCC(Nc2nc(NC3CCN(c4ncccn4)C3)nc(-c3cccc(C(F)(F)F)n3)n2)C1
RAFIKI-0781,Cc1cc(C#N)cc(C)c1Oc1ccc(C#N)c(Nc2ccc(CN3CCN(S(C)(=O)=O)CC3)cc2)n1
RAFIKI-0782,CC1CCCN(C(=O)Nc2ccc(OCC(F)(F)F)nc2)C1
RAFIKI-0783,CC(C)N1CCC(NC(=O)C(=O)c2ccc3c(c2)CCC3)CC1
RAFIKI-0784,CN1C(=O)C(=C(O)Nc2ccc(Br)cc2)C(=O)N(C)C1=O
RAFIKI-0785,O=C(Cn1ccc2cccnc21)N1CCC(c2c[nH]c3ccccc23)C1
RAFIKI-0786,Cc1cccc(C)c1-n1nc2c(c1-c1ccc(CO)cc1)CN(c1ccccc1C(C)C)CC2
RAFIKI-0787,COC(=O)C1C(O)C2(O)c3ccccc3OC2(c2ccccc2)C1c1ccccc1
RAFIKI-0788,COc1cc(F)ccc1-c1cc(Nc2cnc3ccn(C4CCNCC4)c3n2)n[nH]1
RAFIKI-0789,Cc1c(-c2[nH]c3ccc(C4CCNCC4)nc3c2C(C)C)cn(C)c(=O)c1C
RAFIKI-0790,CN1CCN(S(=O)(=O)c2cccc(-c3cnc(N)c(C(=O)Nc4cccnc4)n3)c2)CC1
RAFIKI-0791,C=C1c2cccc3cccc(c23)C1(Cc1ccccn1)Cc1ccccn1
RAFIKI-0792,O=C(C1CCCN1)N1CCCC1P(=O)(Oc1ccccc1)Oc1ccccc1
RAFIKI-0793,Cc1sc2nc(-c3ccc(C(=O)O)cc3)[nH]c(=O)c2c1C
RAFIKI-0794,CC(=O)Nc1cccc(-c2cccc(N3CCN(CCN4CCCC4)CC3)n2)c1
RAFIKI-0795,CCOc1ccc(-c2nc(C(=O)N(C3CCCCC3)C3CCCCC3)co2)cc1OCC
RAFIKI-0796,CCOC(=O)c1c(NC(=O)COc2ncnc3ccccc23)sc(C)c1C
RAFIKI-0797,C=CCSc1nc(-c2ccc(OCCC)cc2)n[nH]1
RAFIKI-0798,CCCC1(CC(=O)O)CCCc2c1[nH]c1c(F)c(F)ccc21
RAFIKI-0799,Cc1cc2[n-][n+]3ncc(-c4ccccc4)n3c2cc1[N+](=O)[O-]
RAFIKI-0800,CC1CCC(C(=O)NCCc2c[nH]c3cc(F)c(Cl)cc23)O1
RAFIKI-0801,O=C(NCCCCO)c1cccc2c1-c1ccccc1C2=O
RAFIKI-0802,COc1ccc(-c2c(O)c3ccccc3oc2=O)c(OC)c1
RAFIKI-0803,Cc1c2cc[n+](C)cc2c(C)c2c1[nH]c1ccc(O)c(OCC(F)(F)F)c12
RAFIKI-0804,O=[N+]([O-])c1ccc(-n2c(-c3ccc(Br)cc3)nc3ccccc32)cc1
RAFIKI-0805,CCC(C)(C)c1ccc(OCC(O)CN2CCCCC2)c(C(C)(C)CC)c1
RAFIKI-0806,O=C(NC1CCN(Cc2ccc(F)cc2)CC1)c1ccc(C(=O)N2CCC(Oc3ccc(C(F)(F)F)cc3)CC2)cn1
RAFIKI-0807,CC1CN(S(C)(=O)=O)CCN1Cc1cc2c(=O)n(C)cc(-c3cc(Cl)nn3CC3CCOCC3)c2o1
RAFIKI-0808,CP(C)(=O)c1cccc2c(-c3nc(NCC4CCCN4)nc4ccsc34)c[nH]c12
RAFIKI-0809,COc1ccc(OC)c(NC(=O)c2cc3c([nH]c2=O)CCCC3=O)c1
RAFIKI-0810,COc1cccc(-c2ccc(C3C4CN(Cc5ccccn5)CC3N4)cc2)c1
RAFIKI-0811,CN1CCN(CN2N=C(c3ccccc3)CCC2=O)CC1
RAFIKI-0812,COc1ncccc1C1c2c(n[nH]c2C(C)(C)C)C(=O)N1c1ccc(-c2ccsc2)cc1
RAFIKI-0813,NC(=O)c1ccc(-n2cc(CNC(=O)c3c[nH]c(-c4ccccc4)n3)nn2)cc1
RAFIKI-0814,N#CN1CC2CCN(S(=O)(=O)c3ccc(-c4cccnc4)cc3)C2C1
RAFIKI-0815,O=C(CCc1ccccc1)c1c(O)cc(O)c2c1OC(c1ccc(O)cc1)C(CC=Cc1ccc(O)cc1)C2
RAFIKI-0816,Cc1cccc2c1-c1sc(C(=O)N(C)c3cccc(C(F)(F)F)c3)cc1CO2
RAFIKI-0817,CCn1c(C(N)=O)c(-c2ccccc2C(F)(F)F)c2c1-c1ccncc1OC2(C)C
RAFIKI-0818,CCOC(=O)CN1C(=O)NC(CCc2ccccc2)C(C(=O)OC)C1C
RAFIKI-0819,CC1CCCCC1N(C)C1CCN(C(=O)CNC(=O)C=Cc2cccc(Cl)c2)CC1
RAFIKI-0820,CC(O)C1C(=O)N2C(C(=O)O)=C(COC(=O)NC3CCC(c4c(F)cc5c(=O)c(C(=O)O)cn(C6CC6)c5c4F)C3)SC12
RAFIKI-0821,CC(NC(=O)c1ccncc1)c1ccc(Br)cc1
RAFIKI-0822,CSc1nc2cc(C(=O)Nc3ncc([N+](=O)[O-])s3)c(Cl)cc2n1C
RAFIKI-0823,NC(=O)CCC1NC(=O)c2cc(Oc3cccc4ccccc34)c(NC(=O)C3CC3)cc2NC1=O
RAFIKI-0824,CON=C1CN(c2c(F)cc3c(=O)c(C(=O)O)cn(C4CC4)c3c2OC)CC1C(N)=NO
RAFIKI-0825,O=C(Nc1ccc(F)c(Cl)c1)N1CCN(C(=O)c2nsc3ccccc23)CC1
RAFIKI-0826,CCCCC(C#N)n1cc(C(C)(NC(=O)c2ccsc2)C2CCC(C)CC2)nn1
RAFIKI-0827,Cn1ccc(C(=O)Nc2ccc(Br)cn2)n1
RAFIKI-0828,COc1cc(OC(C)=O)c2c(c1)C(=O)C1=C(C2=O)C(OC(C)=O)C(OC(C)=O)C(C)(O)C1OC(C)=O
RAFIKI-0829,CCNC(=O)N1N=C(c2cccc(N)c2)c2cc3c(cc2CC1=O)OCO3
RAFIKI-0830,N=C(CCl)NCCCC(NC(=O)c1cc2c([nH]c3ccccc32)c(-c2nccc3ccccc23)n1)C(=O)NCc1ccccc1
RAFIKI-0831,CN1CCN(C(=O)c2ccc(-c3nc4ccc(O)c(C=O)c4s3)s2)CC1
RAFIKI-0832,CC1=C(C(=O)NCc2ccc(Cl)cc2)C(c2ccccc2Cl)N=C(Nc2nc3ccccc3o2)N1
RAFIKI-0833,CCCc1sc(C(=O)Nc2nnn[nH]2)cc1CC
RAFIKI-0834,C=Cc1cc2c(cc1C)CCc1c-2ccc(O)c1C
RAFIKI-0835,CC(C)N1CN(C2c3ccccc3CSc3ccc(F)cc32)n2ccc(=O)c(O)c2C1=O
RAFIKI-0836,CC(N1CCn2nc(-c3cncnc3)nc2C1)C(O)(Cn1cncn1)c1ccc(F)cc1F
RAFIKI-0837,CCCS(=O)(=O)Nc1cc(-c2cncc(C(=O)NC)c2)cnc1Cl
RAFIKI-0838,CC(CCc1ccco1)NC(=O)Nc1cc(C(F)(F)F)c[nH]c1=O
RAFIKI-0839,COc1ccc(C(=O)N2CCN(c3ccc(N4CC(Cn5ccnn5)OC4=O)cc3F)CC2)cc1
RAFIKI-0840,CCCC1C(O)=C2CCC3(CO)CC(C)C(O3)C(O)CC(C)C(=O)CC1OC2=O
RAFIKI-0841,O=C(CC1COc2ccccc2O1)N1CCC(COc2cc3c(nn2)CCCC3)CC1
RAFIKI-0842,Oc1cccc2ccc(Nc3ccccc3)nc12
RAFIKI-0843,CCOCc1cccc(NC(=O)c2cc3sccc3n2C)c1COc1ccc(OCC2CCNC2)cc1
RAFIKI-0844,COCCc1noc(C2CCN(C(=O)Nc3cccs3)CC2)n1
RAFIKI-0845,COc1cc(F)c(F)cc1-c1ccnc2[nH]c(C3=CCC(C(=O)O)CC3)cc12
RAFIKI-0846,O=C(O)c1c[nH]c2cc(Cl)c(-c3ccc(C4(CO)CC4)cc3)cc12
RAFIKI-0847,CC(=O)OC1CC2C(COC(=O)CC(C)C)=COC(OC(=O)CC(C)C)C2C1(O)COC(=O)CC(C)C
RAFIKI-0848,Cc1nc2cnccc2n1CC1CCN(C(=O)CN(c2ccccc2)S(=O)(=O)c2ccc(N=Nc3ccc(O)c(C(=O)O)c3)cc2)CC1
RAFIKI-0849,Cc1cc2c(cc1O)[nH]c1cc3c(cc12)C=CC(C)(C)O3
RAFIKI-0850,C[n+]1ccc2c(ccc3[nH]c4ccc(O)cc4c32)c1
RAFIKI-0851,CN1CCCCC1CCNC(=O)c1ccc(N2CCCOCC2)nc1
RAFIKI-0852,COc1nnc(NC(=O)c2cnc(C)cc2-c2cccc(C(=O)N(C)C)c2)s1
RAFIKI-0853,COC1C(OC(=O)c2ccc(C)[nH]2)C(O)C(Oc2ccc3c(O)c(NC(=O)C=Cc4ccc(O)c(Cl)c4)c(=O)oc3c2Cl)OC1(C)C
RAFIKI-0854,COc1cccc(C2=CCN(c3ccccc3O)C(=O)N2)c1
RAFIKI-0855,NC(=Nc1ccc2ccn(CCCN3CCOCC3)c2c1)c1ccsc1
RAFIKI-0856,O=C1c2cccc(O)c2C(=O)c2c(O)cc(CO)cc21
RAFIKI-0857,O=C(Nc1cccc2ncn(Cc3cccnc3)c(=O)c12)c1cc(Cl)c(O)c(Cl)c1
RAFIKI-0858,CC(=O)N1CCN(c2cc(C3CCNCC3)ccn2)CC1
RAFIKI-0859,COc1ccc(NC(=O)Nc2nc3ccc(OC(F)(F)F)cc3s2)cc1Cl
RAFIKI-0860,COc1cc(NC(=O)C(F)(F)F)c(C(=O)c2ccc(C(F)(F)F)cc2)cc1OC
RAFIKI-0861,COc1ccc(C(C)=NNC(=O)C2=C(O)c3ccccc3S(=O)(=O)N2)cc1
RAFIKI-0862,CCCCc1c(O)n(-c2ccccc2)c2nc3c(c(=O)n(C)c(=O)n3C)n2c1=O
RAFIKI-0863,O=C(Nc1ccc(O)c(O)c1)c1ccc2ccc(C(=O)O)c(O)c2n1
RAFIKI-0864,O=c1c2c(c3cccnc3n1-c1cccc(Cl)c1)OCC2
RAFIKI-0865,CCOC(=O)Cc1nn(CNC(=O)CCN2CCN(c3ccc(OC)cc3)CC2)c(=O)c2ccccc12
RAFIKI-0866,CN(C)CCn1nc2c3c(c(NCCSCCO)ccc31)C(=O)c1ccncc1-2
RAFIKI-0867,COC(=O)C(CCC(N)=O)NC(=O)C(Cc1c[nH]c2ccccc12)NC(=O)C(CC(C)C)NC(=O)CCl
RAFIKI-0868,CN(N=Cc1cc(Br)ccc1OCc1ccc(Cl)cc1)C1=NCCN1
RAFIKI-0869,CC(OC(=O)c1ccccc1N)c1cccc2nc3c(C(=O)O)cccc3nc12
RAFIKI-0870,CN(C)CCNc1cc2c3c(ccc4c3c1C(=O)N(CCN(C)C)C4=O)C(=O)N(CCN(C)C)C2=O
RAFIKI-0871,COc1ccccc1CN1CC(C(=O)NCC2CCCO2)CC1=O
RAFIKI-0872,Cc1cc(O)c2c3c1C(=O)C=C1C(C)(C)C(=O)c4c(O)cc(O)c(c4C13O)C2=O
RAFIKI-0873,COC(=O)c1ccc(Nc2nccc(Oc3ccc(NC(=O)C4(C(=O)Nc5ccc(F)cc5)CC4)cc3)n2)c(OC)c1
RAFIKI-0874,CCOC(=O)c1ccc(N2C(=O)CC(N3CCC(Nc4ccc(F)cc4)CC3)C2=O)cc1
RAFIKI-0875,C=CCN1C(=O)C(=Cc2cc(Cl)cc(Cl)c2)SC1=S
RAFIKI-0876,CNCCCCCCCCSc1nc(C(C)C)ccc1C(=O)c1cccs1
RAFIKI-0877,CCc1cc(CN2CCN(C)CC2)cc(NC(=O)c2ccc3c(c2)CN(c2cncnc2)CC3C)c1
RAFIKI-0878,COC(=O)NCC1OC(=O)N2c3cc(F)c(C4=CCN(C(=O)CO)CC4)cc3OCC12
RAFIKI-0879,CCn1c(C)csc1=NC(=O)c1ccccc1O
RAFIKI-0880,CCCN(CCC)C(=O)c1sc(C)nc1C
RAFIKI-0881,O=C1CC(C(=O)N2CCOc3ccc(CN4CCC(Oc5cccnc5)CC4)cc3C2)c2ccccc21
RAFIKI-0882,Cc1ccc(CN2C(=O)c3ccccc3CC2(C)C(=O)NC2CCCCC2)cc1
RAFIKI-0883,Cc1noc(C(C)N2CCN(c3cccc4c3cnn4-c3ccc(F)cc3F)C2=O)n1
RAFIKI-0884,Cc1c(N2C(=O)C(O)=C(C(=O)c3ccc(Cl)cc3)C2c2ccccc2)c(=O)n(-c2ccccc2)n1C
RAFIKI-0885,OC1CNC(CNC(COCOc2ccccc2F)c2ccccc2)C1O
RAFIKI-0886,N=C1ON=C(N)C1=NNc1ccccc1O
RAFIKI-0887,COc1ccc2[nH]cc(CCNCc3cccnc3)c2c1
RAFIKI-0888,Cc1ccc(S(=O)(=O)N2CCCC2C(=O)NC(CNCC(=O)O)CC(C)C)cc1
RAFIKI-0889,Cc1nc(Cc2nnc(SCC(=O)N3c4ccccc4NC(=O)C3(C)C)o2)cs1
RAFIKI-0890,CC(Nc1nc(NC(C)C2CC2)nc(-c2cccc(C(N)=O)n2)n1)C1CC1
RAFIKI-0891,CCN(CCCC(=O)O)c1c(F)cc(-c2cccnc2OCC2CCC2)cc1F
RAFIKI-0892,Clc1ccc2c(c1)CN(c1cnc(-c3ncccn3)nc1)CC2
RAFIKI-0893,COCc1cc(-c2[nH]c3ccc(C4CCC(NC5COC5)CC4)nc3c2C(C)C)cn2ncnc12
RAFIKI-0894,CC(=O)c1c(N2CCC(C(N)=O)CC2)nc(=S)n(-c2ccccc2)c1C
RAFIKI-0895,Cn1c(=O)n(C(=O)c2ccccc2)c2cc(S(=O)(=O)NC3(C)CC3)ccc21
RAFIKI-0896,N#Cc1ccc(C(C#N)C(SCCO)c2ccccc2)cc1
RAFIKI-0897,Cc1ncccc1NC(=O)C1CCC2C(CCN2Cc2cnn(C)c2)O1
RAFIKI-0898,N#Cc1ccc(CC(=O)Nc2nnc(CCSCCc3nnc(NC(=O)Cc4ccc(C#N)cc4)s3)s2)cc1
RAFIKI-0899,CCN(C(C)=O)c1cc([N+](=O)[O-])cc([N+](=O)[O-])c1
RAFIKI-0900,CCOc1cnc(C(F)=Cc2ccc(F)c(C3(C)N=C(N)C4(CF)CCC3S4(=O)=O)c2)cn1
RAFIKI-0901,Cc1noc(C)c1CSc1ccccc1C(=O)O
RAFIKI-0902,C=C(C1CC=C(C)CC1)C(O)C(O)C=C(C)C(=O)O
RAFIKI-0903,O=C(CCCn1c(=S)[nH]c2ccccc2c1=O)N1CCN(Cc2cccc3ccccc23)CC1
RAFIKI-0904,Oc1ccccc1C(c1ccc(C(F)(F)F)cc1)N1CCN(c2ccnc3cc(Cl)ccc23)CC1
RAFIKI-0905,COc1ccc(C(C)C)cc1-c1ccc(C(=O)N2CCN(C)CC2)c(N(C)C)n1
RAFIKI-0906,COc1c(N2CCN(Cn3c(O)c(N=NC(N)=O)c4ccccc43)C(C)C2)c(F)cc2c(=O)c(C(=O)O)cn(C3CC3)c12
RAFIKI-0907,O=C(c1coc(Br)c1)N1CCCC1c1ncc[nH]1
RAFIKI-0908,CCC(C)(C)C(=O)N1CCCc2ccccc2C1
RAFIKI-0909,Cc1cc(C(=O)NCC(O)c2cccc(Br)c2)on1
RAFIKI-0910,O=C(C=Cc1ccc(Br)cc1)Nc1ccccc1
RAFIKI-0911,CC(O)(C(=O)N1CCC(C2(c3nnc(-c4ccc(F)cc4)[nH]3)CC2)CC1)C(F)(F)F
RAFIKI-0912,O=C(c1cc(C2CC2)nn1-c1ccccc1)N1CCN(Cc2ccccc2F)CC1
RAFIKI-0913,COCCN=C(S)NN=C1CCC(c2ccccc2)CC1
RAFIKI-0914,Cc1nnc(SC(C)C(=O)N2CCc3ccccc32)s1
RAFIKI-0915,O=C(O)c1ccc(-c2cc(C(F)(F)F)ccc2C2CCOc3cc(S(=O)(=O)Nc4ncccn4)ccc32)cc1
RAFIKI-0916,Cc1ccccc1NS(=O)(=O)c1cc(C(=O)NCc2ccco2)ccc1C
RAFIKI-0917,C=CCn1c(=O)n(-c2cccc(C(=O)OCC)c2)c2ncccc21
RAFIKI-0918,Cc1noc(C)c1C(=O)Nc1nc(-c2ccc([N+](=O)[O-])cc2)cs1
RAFIKI-0919,COc1cc(C(O)(CCN(C)C)C(c2cc(OC)nc(OC(C)C)c2)c2cc3cc(C#N)ccc3nc2OC)cc(OC)n1
RAFIKI-0920,O=S1(=O)CC(O)C(Nc2ccc3c(c2)OCCO3)C1
RAFIKI-0921,CC1=C(C(=O)NCCCN2CCC(c3ccc(F)cc3)CC2)C(c2ccc(F)c(F)c2)NC(=O)N1C
RAFIKI-0922,O=C1NCC2CCCC(CCOc3ccccc3C(=O)N3CCNCC13)O2
RAFIKI-0923,O=C(O)C(O)=CC(=O)c1cc(Cc2ccccc2F)cn(Cc2cccc(Cl)c2)c1=O
RAFIKI-0924,Fc1cc(-c2cncc(C3OCCO3)c2)ccc1C(F)(F)F
RAFIKI-0925,CSc1c2sc(C3=C(C(=O)O)N4C(=O)C(C(C)O)C4C3C)cn2c[n+]1Cc1ccccc1C[n+]1ccccc1
RAFIKI-0926,Nc1ccc(S(=O)(=O)N(c2ccnn2-c2ccccc2)C2OC(C(=O)O)C(O)C(O)C2O)cc1
RAFIKI-0927,COC(=O)CCN1CCNC(=O)C1c1cccs1
RAFIKI-0928,CC1OC(n2cc(-c3ccccc3)c3c(NCC(=O)NCC4CC4)ncnc32)C(O)C1O
RAFIKI-0929,COc1cc2c(-c3cnc(-c4ccc[nH]4)o3)c[nH]c2cc1Br
RAFIKI-0930,Cc1onc(-c2c3ccccc3cc3ccccc23)c1C(=O)Nc1cc(C(=O)N(CCCN(C)C)CCCN(C)C)n(C)c1
RAFIKI-0931,C=C(C)C1CCC2(C(=O)NCC(=O)NC(Cc3ccccc3)C(=O)O)CCC3(C)C(CCC4C5(C)CCC(O)C(C)(CO)C5CCC43C)C12
RAFIKI-0932,CN1CCN(c2ccc(Nc3nc(N)c(C(=O)Nc4c(Cl)cccc4Cl)s3)cc2)CC1
RAFIKI-0933,CCOC(=O)c1c(C)nc(NNC(=O)c2cccc3c(=O)c4ccccc4[nH]c23)nc1CC(C)C
RAFIKI-0934,CC(C)(C)OC(=O)NCCCCn1c(NC(=O)c2cccnc2)nc2cc(C(N)=O)ccc21
RAFIKI-0935,CCCC(C(CC1CCCCC1)C(=O)NC(C(=O)Nc1ccccn1)C(C)CC)N(O)C=O
RAFIKI-0936,Cc1nccn1-c1cc(CNC(=O)C2CCCN(S(=O)(=O)c3cccs3)C2)ccn1
RAFIKI-0937,CC(c1cccnc1)N(C)C(=O)c1cncc(F)c1
RAFIKI-0938,CC(=O)OC1CC(COC(=O)Cc2ccccc2)C2(C)CCC3C(=O)OC(c4ccoc4)CC3(C)C2C1=O
RAFIKI-0939,C=CC(=O)Nc1cccc(Nc2nc(Nc3ccc(N4CCC(N(C)C)CC4)cc3)nc3ccc(F)cc23)c1
RAFIKI-0940,CC(C)S(=O)(=O)c1ccc(-c2cnc(N)c(-c3nnc(C(=O)O)o3)n2)cc1
RAFIKI-0941,COc1cccc2c1OC1CCCC3CN(CC4CC4)CCC231
RAFIKI-0942,Cc1ccc2c(c1)CC(=O)NC21CCN(CCc2noc3ccccc23)CC1
RAFIKI-0943,CC1(C)C2CN(C(=O)C3(C4CCC4)CCC3)CC21
RAFIKI-0944,CC(=O)OCC1(C)CCCC2(C)C3CCC4(C)C(C=O)C(C=O)=CCC4C3=CCC12
RAFIKI-0945,Oc1ccc(C=C2C3CC4CC(C3)CC2(c2ccc(O)cc2)C4)cc1
RAFIKI-0946,CCC(C)C1OC2(CCC1C)CC(O)CC(CC=C(C)C(OC1CC(OC)C(O)C(C)O1)C(C)CO)O2
RAFIKI-0947,O=CC(Cc1ccccc1)NC(=O)c1ccccc1COc1ccccc1
RAFIKI-0948,C=C1c2c(Cl)ccc(O)c2C(=O)C2=C(O)C3(O)C(=O)C(C(N)=O)=C(O)C(N(C)C)C3C(O)C12
RAFIKI-0949,CC12CCc3c(cnc4cc(O)ccc34)C1CCC2=O
RAFIKI-0950,COc1ccccc1N1CCN(C(=O)c2sc3nc(C)nc(N4CCN(c5ccccn5)CC4)c3c2C)CC1
RAFIKI-0951,Cc1c(C=NNc2ccc(C(=O)O)cc2)c2ccccc2n1C
RAFIKI-0952,COc1ccc(CN(c2cc(C)cc(C)c2)S(=O)(=O)c2cccn3c(C)nnc23)cc1
RAFIKI-0953,Oc1ccc2c3c1OC1CCCC4(O)C(C2)N(CC2CC2)CCC314
RAFIKI-0954,Cn1cc(-c2cc(C(=O)NCCCCC(=O)Nc3ccccc3N)on2)cn1
RAFIKI-0955,O=CCCC(NC(=O)CCC(=O)O)C(=O)O
RAFIKI-0956,CC(C)c1ccc(S(=O)(=O)Nc2cc(C(=O)O)ccc2N2CCC(N3CCCCC3)CC2)cc1
RAFIKI-0957,CCOc1ccccc1-c1noc(C2CCCN2C(=O)c2cc(Cl)ccc2-n2nccn2)n1
RAFIKI-0958,Clc1ccc2nc(C=Cc3ccncc3)cc(NCCN3CCCC3)c2c1
RAFIKI-0959,Brc1cnc(Nc2ccc(C3CCNCC3)cc2)nc1NCC1CCCO1
RAFIKI-0960,Cc1c(C(=O)Nc2ccc(N3CCOCC3)cc2)cccc1[N+](=O)[O-]
RAFIKI-0961,NCCCCC(NC(=O)c1ccc(F)cc1)C(=O)COc1c(F)cccc1F
RAFIKI-0962,COc1ccc2c(C(=O)C(C#N)=Cc3c[nH]c4cc(F)ccc34)c[nH]c2c1
RAFIKI-0963,COc1ccc(OC)c(CNc2nncn2C2CC2)c1
RAFIKI-0964,Nc1ccc(Cc2cc(Oc3c(I)cc(CC(N)C(=O)O)cc3I)ccc2O)cc1
RAFIKI-0965,COC(=O)NC(c1cc([N+](=O)[O-])cc2nc(O)c(O)nc12)P(=O)(O)O
RAFIKI-0966,O=[N+]([O-])c1ccc(-c2noc([NH2+][O-])c2NO)cc1
RAFIKI-0967,NC(=O)c1cnn(-c2ccc([N+](=O)[O-])cc2[N+](=O)[O-])c1NC(=O)c1ccccc1
RAFIKI-0968,CN(C)S(=O)(=O)c1cnc(N2CCC(Oc3ccc(Cl)cc3)CC2)c(Oc2ccc3c(c2)CCO3)c1
RAFIKI-0969,O=C(NC1CC1)C1CN(C(=O)COc2ccccc2F)C1
RAFIKI-0970,CC(C)(C)OC(=O)N1CCCC(COc2ccc(F)cc2)C1
RAFIKI-0971,CCC(CC)NC(=O)c1cnn(-c2ccccc2)c1NS(=O)(=O)c1ccccc1C
RAFIKI-0972,CN(CCO)CC1CN(C(=O)CC2CCC2)CC1CO
RAFIKI-0973,Cc1ccc(C(=O)NC2CCCN(C)C2)c(=O)[nH]1
RAFIKI-0974,CCCCC(OC(=O)CN1CCN(C)CC1)c1ccccc1C(=O)OC1COC2C(O[N+](=O)[O-])COC12
RAFIKI-0975,O=c1[nH]c(CN2CC(Oc3c(F)cccc3F)C2)nn2c(C3CCOCC3)ncc12
RAFIKI-0976,O=C(O)c1cc(-c2cccc(-c3nccc(-c4ccoc4)n3)c2)ccc1F
RAFIKI-0977,CCNc1ncc2nc(C)c(=O)n(Cc3ccc(F)cc3)c2n1
RAFIKI-0978,CCC(C)(C)OC(=O)c1cccc(C(=O)NC)c1
RAFIKI-0979,O=c1[nH]n2c(C(F)(F)F)cc(C3CC3)nc2c1N=Nc1ccccc1
RAFIKI-0980,CCOC(=O)CCC(C)=CCCc1ccc2cc(OCc3ccccc3)ccc2n1
RAFIKI-0981,Nc1ncnc2c1ncn2CC(=O)NC1CCC2(CCCCC2)CC1
RAFIKI-0982,C=C1C(=O)OC2C1CCC1(C)C(O)CCC(C)(O)C21
RAFIKI-0983,C=C1c2c(ncn(CCCN3CCOCC3)c2=O)OC1(C)C
RAFIKI-0984,COc1cc(-c2ccc(O)cc2)c(OC)c(O)c1-c1ccc(O)c(O)c1
RAFIKI-0985,O=C(CN1CCN(c2cc3c(cc2F)c(=O)c(C(=O)O)cn3C2CC2)CC1)Nc1ccc(Cl)cc1
RAFIKI-0986,CC(C(=O)N(C)C1CCCCC1)C1(O)CCN(Cc2ccccc2)CC1
RAFIKI-0987,CN1CCc2cc3c(c4c2c1cc1ccccc14)OCO3
RAFIKI-0988,CC(C)=CCc1c(OCC(=O)Nc2ccc(N3CCNCC3)cn2)ccc2ccc(=O)oc12
RAFIKI-0989,C(COC(c1ccccc1)c1ccccc1)=C1CC2CCC(C1)N2Cc1ccccc1
RAFIKI-0990,C=Cc1ccc2c(c1O)C(=O)C1=C(O)C3(O)C(O)=C(C(N)=O)C(=O)C(N(C)C)C3C(O)C1C2C
RAFIKI-0991,COC(=O)N1CCN(C2CCC(Nc3ncnn4ccc(C(C)CC(=O)N(C)C)c34)CC2)CC1
RAFIKI-0992,Cc1cccc(NC(=O)CCc2ccc(S(=O)(=O)NC3CCCCC3)cc2)c1
RAFIKI-0993,CCCCCCC(O)C1C(C(=O)O)=C(C(=O)O)CC(C(O)C2CC=CC(=O)C2)CC2=C(C(=O)OC2=O)C1O
RAFIKI-0994,O=C(CCc1ccc(-c2ccccc2)cc1)c1nc(-c2ccccn2)co1
RAFIKI-0995,CC1(C)CN(c2ccccc2NC(=O)Nc2ccc(OC(F)(F)F)cc2)c2c(O)ccc(-c3ncc(F)cn3)c21
RAFIKI-0996,CC(C)n1nnc(-c2cccc(Nc3ncnn4ccc(CN5CCC(C#N)CC5)c34)c2)n1
RAFIKI-0997,COc1ccc(C(=O)Nc2ccc3c(c2)C(=O)NC3)cc1Br
RAFIKI-0998,CCC(C)NCCC(=O)Nc1sc2c(c1-c1nc3cc(-c4ccncc4)ccc3s1)CCNC2C
RAFIKI-0999,CCc1oc2ccc(Nc3ncc(NC(=O)C4CCOCC4)c(=O)n3Cc3cccc(Cl)c3)cc2c1C
RAFIKI-1000,CC1=CC2=CC(C)(CO)CC2C(C)(O)C12CC2
RAFIKI-1001,Cc1ccc(S(=O)(=O)N(C)c2cccc3ccccc23)cc1
RAFIKI-1002,CCCC(C(=O)Nc1ccc(F)c(F)c1F)c1ccccc1
RAFIKI-1003,CCCCCCCC1(c2cccc(Cl)c2)NC(=O)N(CC2CC2)C1=O
RAFIKI-1004,Cc1cccc(-n2ncc3cc(C(=O)NC4CC5CCC4N5C#N)c(Cl)cc32)n1
RAFIKI-1005,COc1ccccc1CCN=C(N)NS(=O)(=O)c1cccs1
RAFIKI-1006,COc1cccc(NC(=O)Cc2c(C)[nH]c3c(-c4ccccc4)c(C(F)(F)F)nn3c2=O)c1
RAFIKI-1007,Cc1ccc2c(c1)CCCN2C(=O)c1cnn2c1NC(=C1CC1)C=C2C(F)F
RAFIKI-1008,CCCCOCC1(O)CC2CN(c3ccc(OCC(F)(F)F)cc3)C(=O)N2C1
RAFIKI-1009,O=C(Nc1ccccc1)N1CCC2(CC(=O)N(c3ccsc3)C2)C1
RAFIKI-1010,CC[n+]1c(C=Cc2cc([N+](=O)[O-])ccc2O)ccc2ccccc21
RAFIKI-1011,Clc1ccc(-c2nnn3c2nc(NC2CCCCC2)c2ccccc23)cc1
RAFIKI-1012,O=[N+]([O-])c1ccc(Nc2nc(NN=Cc3ccc4c(c3)OCO4)nc(N3CCCCC3)n2)cc1
RAFIKI-1013,CC(CO)CCC(O)C(C)C1C(O)CC2C3CCC4=CC(=O)CCC4(C)C3CC(O)C21C
RAFIKI-1014,O=C(NCCc1c[nH]c2ccccc12)C(=O)c1c[nH]c2ccc(F)cc12
RAFIKI-1015,COc1cc(C=C2SC(=Nc3nsc4ccccc34)NC2=O)cc(OC)c1O
RAFIKI-1016,O=S1(=O)CC(N2CCC(Cc3ccccc3)CC2)C(COCc2ccccc2)N1
RAFIKI-1017,OCC1C(O)C(O)CCN1Cc1cccs1
RAFIKI-1018,CCC(NC(=O)C(NC(=O)C(NC(=O)C(N)C(C)C)C(C)C)C(C)CC)C(=O)O
RAFIKI-1019,COc1ccc(-c2ccc(C=CC(=O)c3ccc(N)cc3O)s2)cc1
RAFIKI-1020,O=C(Cn1[nH]c(=O)c2ccccc2c1=O)OCC(=O)c1ccc(F)c(F)c1
RAFIKI-1021,CCOC(=O)N1CC=C(c2cccn3nc(Nc4ccc(C(=O)NC5CCNCC5)cc4)nc23)CC1
RAFIKI-1022,Oc1c[nH]c(=Nc2nc3ccccc3[nH]2)[nH]1
RAFIKI-1023,CC(=NN=C1NC(=O)C(c2ccccc2)S1)c1cc(Cl)ccc1Cl
RAFIKI-1024,O=C(NOc1ccccc1)Nc1csc(Cc2ccccc2)n1
RAFIKI-1025,O=C(Nc1ccc2c(c1)CCC2)c1cc(S(=O)(=O)Nc2ccc(F)cc2)c(Cl)cc1Cl
RAFIKI-1026,NCC1CCN(c2c(F)cc3c(=O)c(C(=O)O)cn(C4CC4)c3c2C(F)(F)F)C1
RAFIKI-1027,O=C1C=C(c2ccccc2)C(=O)c2c(O)cccc21
RAFIKI-1028,O=C(c1cccc2ccccc12)N1CC(COc2ccc3c(c2)OCO3)C1
RAFIKI-1029,C[N+]1(CCC(C2=CCCCC2)c2ccccc2)CCCCC1
RAFIKI-1030,COc1ccc(OC)c(C=NNC(=O)c2csc3ccccc23)c1
RAFIKI-1031,CSc1ccccc1OCc1cc(C(=O)N2CC3CCC2C3)no1
RAFIKI-1032,COc1ccc(C2SCC(C(=O)NCc3ccc(F)cc3)N2C(C)=O)cc1
RAFIKI-1033,COc1cc2cc[n+](C)c3c2c(c1OC)C(Br)OC3=O
RAFIKI-1034,O=C(O)CCc1ccccc1OC1OC(CO)C(O)C(O)C1O
RAFIKI-1035,Cc1cccnc1C#Cc1ccc(S(N)(=O)=O)cc1
RAFIKI-1036,CC(n1cnc2cc(Cl)ccc2c1=O)C(O)(Cn1cncn1)c1ccc(F)cc1F
RAFIKI-1037,CC(=O)NCC1CN(c2ccc(-c3ccc(C=CC(=O)N4CCOCC4)cc3)c(F)c2)C(=O)O1
RAFIKI-1038,COc1ccc(C=CC(=O)NC(=S)N2CCOCC2)cc1
RAFIKI-1039,COCCCN1C(=O)CCC2CN(C(=O)NC3CCCCC3)CCC21
RAFIKI-1040,CCn1cc(C(=O)NCc2ccncc2)c(=O)c2cc(F)c(N3CCN(C(=O)c4ccco4)CC3)cc21
RAFIKI-1041,Cc1cc(NCc2cccc[n+]2[O-])n2ncc(-c3ccccc3)c2n1
RAFIKI-1042,CCOC(=O)C(O)CC(Cc1ccc(-c2ccc(Cl)cc2F)cc1)NC(=O)C(=O)O
RAFIKI-1043,O=C(O)c1c(O)c(=O)n(Cc2cnn(Cc3cn4cccnc4n3)c2)c2ccsc12
RAFIKI-1044,N#CCNC(=O)C1(NC(=O)c2csc(-c3ccncc3)n2)CCCCC1
RAFIKI-1045,CC(=O)NCC1CN(c2ccc(N3CCC(=Cc4cc(-c5cccs5)no4)CC3)c(F)c2)C(=O)O1
RAFIKI-1046,COc1cccc(CNc2ccc3nn[nH]c3c2)c1O
RAFIKI-1047,Fc1cccc(-c2nc3ccccc3c3oc(NCc4ccccc4)nc23)c1
RAFIKI-1048,C[S+]([O-])c1ccc(C(CC2CCCC2)c2cc3cccnc3[nH]2)cc1Cl
RAFIKI-1049,CCNC(=O)Nc1ccc(-c2cc(N3CCOCC3C)c3nc(C)n(CC)c3n2)cc1
RAFIKI-1050,Nc1nc2ccc(-c3ocnc3-c3ccccc3F)cc2s1
RAFIKI-1051,Cc1cc2nc3n(c2cc1C)C1OCC(O)C1OC3
RAFIKI-1052,O=C(c1cn2ncccc2n1)N1CCC(c2ccccc2C(F)(F)F)CC1
RAFIKI-1053,Nc1c(O)ccc2c1Oc1cc(O)ccc1C21OC(=O)c2ccccc21
RAFIKI-1054,O=C1c2nccnc2C(=O)N1c1ccc(F)cc1
RAFIKI-1055,CC(NC(=O)C1=NN(C)C(=O)CC1)c1ccccc1Cl
RAFIKI-1056,O=C(Nc1ccc(N2CCN(C(=O)c3ccco3)CC2)cc1)c1cccnc1Cl
RAFIKI-1057,Cc1ccc(S(=O)(=O)Nc2nc(C)c(NC(=O)Nc3ccc(Cl)cc3Cl)s2)cc1
RAFIKI-1058,CC1(c2ccc(Br)cc2)Nc2ccccc2-c2nnnn21
RAFIKI-1059,Clc1ccc(OCc2cc(-c3ccc(Cl)cc3)no2)cc1
RAFIKI-1060,COc1cc2c(cc1OC)C(c1c(O)n(C)c(=O)n(C)c1=O)NCC2
RAFIKI-1061,C=CCOc1ccccc1CN1CCN(c2ccccn2)CC1
RAFIKI-1062,N#CCCN=C(S)C1=CC(C(F)(F)F)(C(F)(F)F)Oc2ccc([N+](=O)[O-])cc21
RAFIKI-1063,Cc1ccc(-n2nc3c(c2NC(=O)CS(C)(=N)=O)C(=O)NC2(CCc4cc(OCC(F)(F)F)ccc42)C3)nc1
RAFIKI-1064,CC(C)c1nnc2cc(Cl)c(Sc3ccc(F)cc3F)c(Cl)n12
RAFIKI-1065,Cn1c(CCN2CCCCC2)nc2cc(NC(=O)C3CCCCC3)ccc21
RAFIKI-1066,CCNC(=O)c1n[nH]c2c1CN(C(=O)c1cc(F)cc(F)c1)CC2
RAFIKI-1067,Oc1cccc(C2CNC3CCc4cc(O)c(O)cc4C3C2)c1
RAFIKI-1068,CCCS(=O)(=O)N1CC2CC(C1)c1c(-c3ccc4ccccc4c3)ccc(=O)n1C2
RAFIKI-1069,C=CC1=C(C)C(=O)NC1=Cc1[nH]c(Cc2[nH]c(C=C3NC(=O)C(C)=C3C=C)c(C)c2CCC(=O)O)c(CCC(=O)O)c1C
RAFIKI-1070,CSc1nn(-c2c(Cl)cc(Cl)cc2Cl)c2nc(C(C)O)[nH]c(=O)c12
RAFIKI-1071,Fc1cc(Nc2cccnc2)cc(-n2nnc(-c3ccccn3)n2)c1
RAFIKI-1072,Cc1cc(C(=O)O)c(NS(=O)(=O)c2cc(Cl)cc(C(F)(F)F)c2)cc1-c1ccccc1
RAFIKI-1073,O=C1CC2(C(=O)N1)C(=O)N(Cc1ccc(Br)cc1F)C(=O)c1ccc(F)cc12
RAFIKI-1074,CCOC(=O)CN1C(=O)C(O)(CC(=O)c2ccccc2)c2ccccc21
RAFIKI-1075,S=C(NCc1ccccc1)Nc1ncccc1OCc1ccccc1
RAFIKI-1076,C#CCCCOC(=O)C1=C(c2ccccc2)NC(N)=NC1c1ccc(C2(C(F)(F)F)N=N2)cc1
RAFIKI-1077,CC(C)CC(NC(=O)c1ccc(-c2ccccc2C(=O)Nc2cccc(C(N)=O)c2)c(C(=O)O)c1)C(=O)N(C)C
RAFIKI-1078,CCCN(Cc1cc(NC(=O)N(C)C)ccc1N(C)C)C(=O)C(CC)CC
RAFIKI-1079,CC(=O)Nc1ccc(S(=O)(=O)NCC(C)NS(=O)(=O)c2ccc(NC(C)=O)cc2)cc1
RAFIKI-1080,Cc1nc(N2CCC(O)C(F)C2)cc(-n2ncc3ccc(C4(C#N)CC5(CC5)C4)cc32)n1
RAFIKI-1081,O=C(CCCCCc1cccc(Cl)c1)N1CCOC1=O
RAFIKI-1082,CC1=C(C)CC(C(=O)Nc2nc(C)cs2)C(C(=O)O)C1
RAFIKI-1083,O=C(Nc1cc(-c2nc3ncccc3o2)ccc1Cl)c1ccc2c(c1)OCO2
RAFIKI-1084,O=C(c1ccncc1)N1CCN(c2ccc(N3CC(Cn4ccnn4)OC3=O)cc2F)CC1
RAFIKI-1085,c1cnc(N2CCN(CC3c4ccccc4-c4ccccc43)CC2)nc1
RAFIKI-1086,CCC(=O)NC1CCC(N(C)C(=O)c2ccc(-c3nc4ccccc4n3C)cc2)C1
RAFIKI-1087,Cc1ccc(CN2CC(C(=O)NCC(=O)Nc3c(C)cccc3C)CC2=O)cc1
RAFIKI-1088,CCc1noc(-c2[nH]c3ccccc3c2C(=O)C(=O)N(C)C)c1C
RAFIKI-1089,Cc1cc(C)c(Sc2ccnc(Nc3ccc(C#N)cc3)n2)c(C)c1
RAFIKI-1090,Cc1cc(CCC(=O)O)ccc1-c1noc(-c2ccc(C(F)(F)C(C)C)cn2)n1
RAFIKI-1091,COCCOc1cccc(Cc2cccc(CNC(=O)c3nc(N)nc4c(OC)cccc34)n2)c1
RAFIKI-1092,O=C(NCCNc1ncccn1)N1CCN(c2nccs2)CC1
RAFIKI-1093,NCCC(=O)NC1CCC(NC(=O)c2nc3ccc(F)cc3s2)CC1
RAFIKI-1094,CC(C)(C)OC(=O)NC1CCC(Nc2ncnc3[nH]cc(C(=O)c4ccccc4Cl)c23)CC1
RAFIKI-1095,COc1ccc2c(ccn2S(=O)(=O)c2ccccc2)c1
RAFIKI-1096,COc1ccc(C2C3CSc4ccccc4C3=NN2c2ccccc2)cc1
RAFIKI-1097,Oc1ncnc2c1ncn2CC1CC(O)c2ccccc21
RAFIKI-1098,CC(C)(C)c1cc(Br)cc(C(C)(C)C)c1O
RAFIKI-1099,Cc1nnc(SCC(=O)NCc2ccccc2F)c2nn(-c3ccc(Cl)cc3)c(C)c12
RAFIKI-1100,CCC(Sc1nc2nnc(C)c-2c(N)n1-c1cccc(Cl)c1)C(=O)NCCOC
RAFIKI-1101,CCN1C(=Cc2sc3ccccc3[n+]2C)C=Cc2ccc(C)cc21
RAFIKI-1102,CCN=C(NCC)NCc1cc2sccc2s1
RAFIKI-1103,CSc1ccc(-c2ccccc2C2CCC(Cl)(Cl)CC2C(=O)NCC#N)cc1
RAFIKI-1104,CCC1OC2c3ccccc3COC2C1OC1CCc2ccccc21
RAFIKI-1105,N=C(N)NC(=O)c1ccc(-c2cccc(F)c2)o1
RAFIKI-1106,C=CC1(C)CC(O)C2=C(C(=O)C3(O)OCC24CCCC(C)(C)C43O)C1OC
RAFIKI-1107,CC(C)N(Cc1nc(-c2cccnc2)no1)C(=O)COc1ccc(Oc2ccccc2)cc1
RAFIKI-1108,O=C(NCc1ccc(Cl)cc1)C1CCCN(S(=O)(=O)c2c[nH]cn2)C1
RAFIKI-1109,CCOc1ccc(NC(=O)CN(c2ccc(CC)cc2)S(=O)(=O)c2c(C)noc2C)cc1
RAFIKI-1110,NC1CN(C(=O)c2c(F)cccc2F)CC1C1CC1
RAFIKI-1111,CCCn1c(=O)c2nc(-c3cccs3)[nH]c2n(CCC)c1=O
RAFIKI-1112,COC(=O)c1c(N2CCN(C)CC2)ccnc1OC1CCC(C)N(C(=O)c2ccccc2-n2nccn2)C1
RAFIKI-1113,N=C1N(C2CCCCC2)CCN1S(=O)(=O)c1ccc(CCNC=O)cc1
RAFIKI-1114,Cn1cc(C(=O)C(=O)N2CCCCC2)c2cc(-c3ccc4ccccc4c3)ccc21
RAFIKI-1115,COCCCNC(=O)c1ccc(CS(=O)(=O)c2ccccc2OC)o1
RAFIKI-1116,COc1cccc(Cn2c(=O)c3c(n4nnnc24)-c2ccccc2CC32CCCC2)c1
RAFIKI-1117,CN1CCC=C(C2SCC(=O)N2c2ccc(Br)cc2)C1
RAFIKI-1118,CCCN(c1ccccc1C(=O)O)S(=O)(=O)c1ccc2ccccc2c1
RAFIKI-1119,O=C(NCc1ccncc1)Nc1ccc(C(=O)NCc2ccccc2Cl)cc1
RAFIKI-1120,CSc1ccc(C=C2N=C(c3ccccc3)N(c3nc4cc(Cl)c(F)cc4s3)C2=O)cc1
RAFIKI-1121,Oc1ccc(-c2ccccc2)cc1Cl
RAFIKI-1122,COc1ccccc1NCc1ccc(CNc2ccccc2OC)o1
RAFIKI-1123,CN(C)C(C(=O)NCC1(O)CCCCC1)c1cccc(F)c1
RAFIKI-1124,O=C(CCCN(c1ccccc1)S(=O)(=O)c1ccc(Oc2ccccc2)cc1)C1CCCCCC1
RAFIKI-1125,CCCNC(=O)NC1C=CC(CC(=O)N2CCN(C)CC2)OC1CO
RAFIKI-1126,O=C(c1ccccc1-n1cccc1)N1N=C(C(F)F)CC1(O)C(F)F
RAFIKI-1127,C=CCCC(=O)NCc1cn(-c2ccncc2)nn1
RAFIKI-1128,CN(C)c1ccc(-c2ccc3c(=O)c4c([nH]c3c2)CCCC4)cc1
RAFIKI-1129,COc1cccc2c1C(=O)c1c(O)c3c(c(O)c1C2=O)CC(O)(C(C)O)CC3OC1CC(N2CCC(OC)CC2)C(O)C(C)O1
RAFIKI-1130,COC(=O)CC1CN(S(=O)(=O)c2ccc(F)c(C(F)(F)F)c2)c2cc(NC(=O)OC(C)(C)C)ccc2O1
RAFIKI-1131,Cc1onc(-c2cccc(F)c2)c1COc1ccc(C(=O)N2CCSCC2)cn1
RAFIKI-1132,CCS(=O)(=O)Nc1cc(-c2ccc3ncnc(Nc4ccc(OC)cc4)c3c2)cnc1OC
RAFIKI-1133,Cc1oc2ncn(C)c(=O)c2c1C(=O)NCc1ccccc1
RAFIKI-1134,COc1ccc(NC(=O)CN(c2ccc(C(C)C)cc2)S(=O)(=O)c2c(C)noc2C)cc1OC
RAFIKI-1135,Nc1nc2c(c(=O)[nH]1)NCN2C1CC(O)C(CO)O1
RAFIKI-1136,CCN(CC)CCCNCc1cnc2nc(N3CCC(N)C3)c(F)cc2c1O
RAFIKI-1137,CC1(c2ccc(S(N)(=O)=O)cc2)NC(=O)N(CC(=O)C2CC2)C1=O
RAFIKI-1138,Cn1cncc1C(N)(c1ccc(C#N)cc1)c1cc2cc(C#N)cc(-c3cccc(C#N)c3)c2o1
RAFIKI-1139,CN(CC=Cc1cccc([N+](=O)[O-])c1)Cc1cccc2ccoc12
RAFIKI-1140,O=C(O)C1C2C=CC(O2)C1C(=O)NCc1ccc(Cl)cc1
RAFIKI-1141,O=C(O)Cc1ccc2oc(-c3ccc(C=CC(=O)Nc4ccc(Cl)cc4Cl)cc3F)nc2c1
RAFIKI-1142,Clc1cccc2c(-c3ccccc3)c(-c3ccccc3)oc12
RAFIKI-1143,NC(=O)c1cn2cc(Br)nc(Br)c2n1
RAFIKI-1144,CC(C)(C)C(=O)CC(=O)C(F)(F)C(F)(F)C(F)(F)F
RAFIKI-1145,CCCCNC(=O)OCC#CCOc1nc(-c2ccncc2)nc(NS(=O)(=O)c2ccc(C(C)C)cn2)c1Oc1ccccc1OC
RAFIKI-1146,CN1C(=O)C(c2ccc(C#Cc3ccc(F)cc3)nn2)CC1(C)C
RAFIKI-1147,COc1cc(C=C2SC(=S)N(c3cccc(C(=O)O)c3)C2=O)cc(Cl)c1OCc1cccc(C(=O)O)c1
RAFIKI-1148,O=C(Nc1ccc(C2=NCCN2)cn1)c1cc2ccccc2o1
RAFIKI-1149,COc1ncc(N2CCOCC2)c2nc(NC(=O)N3CCC(C)(O)CC3)[nH]c12
RAFIKI-1150,CC(C)(N)c1nc2ccccc2n1Cc1cccc(F)c1
RAFIKI-1151,Cc1cc(C)n(CC(=O)NN=Cc2cccc([N+](=O)[O-])c2)n1
RAFIKI-1152,CC(C)c1n[nH]c2c(=O)[nH]c(-c3cscn3)nc12
RAFIKI-1153,CCCn1c(-c2cccc(O)c2)nc2nc(C3CCCC3)[nH]c2c1=O
RAFIKI-1154,Cc1cc(-c2ccc(N3C(=O)C(=O)C(C(=O)C(C)C)C3c3ccccc3CC(=O)N3CCCC3)cc2)cs1
RAFIKI-1155,CCC(=O)N1c2ccccc2N=C2CCCC(O)=C2C1c1ccc(N(C)C)cc1
RAFIKI-1156,CC1(CN)CN(c2nc3c(cc2F)c(=O)c(C(=O)O)cn3C2CC2)CC1=NOCF
RAFIKI-1157,CNCCN(C)Cc1nn2c(c1C1CCC3(CCCCO3)CC1)CCC2
RAFIKI-1158,Nc1c2c(nc3ccccc13)CCC(C(=O)NCCc1ccccc1)C2
RAFIKI-1159,CC1CC(CC2CCCCN2)C2CCCNC2C1
RAFIKI-1160,CCN1CCN(CCC(=O)Nc2cc(C(C)(C)C)on2)CC1
RAFIKI-1161,CCNCC1(O)Cc2ccccc2C1Oc1ccccc1C
RAFIKI-1162,O=S(=O)(c1ccc(-c2ccnc3[nH]ccc23)cc1)C1CCCC1
RAFIKI-1163,Cc1ccc(C=NN=Cc2ccc(C)s2)s1
RAFIKI-1164,O=C(Nc1ccccc1)Nc1ccc(CCc2nc3ccccc3n2-c2ccccc2)cc1
RAFIKI-1165,O=C1Nc2ccccc2C12NC(Cc1c[nH]cn1)C([N+](=O)[O-])C2c1ccccc1Cl
RAFIKI-1166,O=C(N=NC(=O)Nc1ccccc1)NCc1cccnc1
RAFIKI-1167,Fc1ccc(C(F)(F)F)cc1-c1csc(NC2CCCCC2)n1
RAFIKI-1168,Cn1c(Nc2c(Cl)ccc(CNC(=O)C(C)(C)C)c2Cl)nc2cc(C(=O)NCCC3CC3)c(OCC(F)F)cc21
RAFIKI-1169,Cc1ccc(Nc2cc(-c3ccc(C(=O)N4CCN(C(=O)c5ccccc5F)CC4)cc3)ncn2)cc1
RAFIKI-1170,CCCCNC(=O)C(CCCC)NC(=O)c1[nH]c2c(c1C)C(=O)CC(C)(C)C2
RAFIKI-1171,COc1ccc2cc(C(=O)C3(C)CCCN(CC4CC4)C3)ccc2c1
RAFIKI-1172,O=C(Nc1cccc(O)c1)c1cccc(OCc2c(Cl)cccc2Cl)c1
RAFIKI-1173,CCN(CC1NC(Cc2ccccc2)(C(=O)OC)C2C(=O)N(Cc3ccccc3)C(=O)C12)S(=O)(=O)c1ccc(OC)cc1
RAFIKI-1174,CCOC(=O)C(O)(CC(=O)Nc1ccc(Cl)cc1Cl)C(F)(F)F
RAFIKI-1175,COc1cc(CNCCSc2nnnn2C)ccc1OCc1ccc(C)cc1
RAFIKI-1176,Cc1ccc2c(c1)c1ccc3c4c1n2C(C)(C)C1CCC(C)(CC41)O3
RAFIKI-1177,CN(C(=O)COC(=O)c1cc([N+](=O)[O-])ccc1Cl)c1ccccc1
RAFIKI-1178,Cn1nnnc1SCC(O)CN1C(=O)C(=NNc2ccc([N+](=O)[O-])cc2)c2ccccc21
RAFIKI-1179,COc1cc(Cl)c(C)c(C[S+]([O-])c2nc3ccccc3[nH]2)c1N
RAFIKI-1180,COc1cccc(C2CN(c3cc(C)ccn3)CC2C(=O)O)c1OC
RAFIKI-1181,Clc1ccc(-c2cc3nc(N4CCCC4)c4ccccc4c3nn2)cc1
RAFIKI-1182,COC(=O)C1=C(CN2CCS(=O)(=O)CC2)NC(c2nccs2)=NC1(C)c1ccc(F)cc1
RAFIKI-1183,CC=C(C)C(OC(C)=O)C(C)C1=CC(=O)C2=C(OC3(C)CCC4OC(C(C)(C)O)CCC4(C)C3C2)C1=O
RAFIKI-1184,CCCC(C)C(=O)Nc1nc(C)c(-c2csc(Nc3cc(OC)ccc3OC)n2)s1
RAFIKI-1185,CC1CC(C)CC(C)C(O)C(C#N)=CC=CCC(C2CCCC2C(=O)OCc2cn(-c3cnc4ccccc4c3)nn2)OC(=O)CC(O)C(C)C1
RAFIKI-1186,CCCc1nc(C)c(CN2CCCC(O)(c3ccccc3)CC2)o1
RAFIKI-1187,C=CC1(C)CC(=O)C2(O)C(C)(O1)C(OC(=O)C(C)(C)Br)C(O)C1C(C)(C)CCC(OCc3ccccc3)C12C
RAFIKI-1188,CCS(=O)(=O)N1CC(Cc2nc(-c3cccnc3)no2)C1
RAFIKI-1189,O=C(O)C=Cc1ccc2c(=O)[nH]c3cc(C(F)(F)F)ccc3n12
RAFIKI-1190,COc1cc(CC(=O)N2CCN(c3cc(C)n4cnnc4n3)CC2)cc(OC)c1
RAFIKI-1191,O=C(c1cncs1)N(c1ccc(Cl)cc1)S(=O)(=O)c1cc(Br)cc(Cl)c1O
RAFIKI-1192,CC1CC2C3Cc4ccc(O)cc4C2(CCN3CC2CC2)CC1=O
RAFIKI-1193,CC(C)(COC(=O)c1ccc2ccccc2c1)CC1=C(O)C(=O)c2ccccc2C1=O
RAFIKI-1194,CCn1nc(C)c(C(=O)N2CCCC(c3nccn3CC3CC3)C2)c1C
RAFIKI-1195,COC(=O)c1c(NC(=O)COc2ncnc3ccccc23)sc(C)c1C
RAFIKI-1196,CCOc1cc(C(=O)NC2CCCCCC2)ccc1OCc1cccnc1
RAFIKI-1197,Nc1ccc(-c2cccs2)cc1NC(=O)c1cn(CCCCCC(=O)O)nn1
RAFIKI-1198,NC(=O)COc1cccc2cccnc12
RAFIKI-1199,Cc1cc(N2C(=O)c3nc(C)n(C(C)C)c3C2c2ccc(Cl)cc2)nn2c(C)nnc12
RAFIKI-1200,CCN(Cc1ccccc1)c1nccc(-c2sc(NC(=O)N3CCCC3(C)C(N)=O)nc2C)n1
RAFIKI-1201,CC(=O)OC1C2OC2C(C)(O)C(=O)C(C)CC=CC2C3OC3(C)C(C)C3C(Cc4ccccc4)NC(=O)C213
RAFIKI-1202,CC1Cc2c([nH]c3ccccc23)C(c2c(Cl)cc(C=CC(=O)O)cc2Cl)N1CC(C)(C)F
RAFIKI-1203,COc1ccc(CCC(=O)c2ccc3c(c2O)C=CC(C)(C)O3)cc1OC
RAFIKI-1204,COc1ccc(-c2c(-c3ccccc3)oc3ncnc(OC(C)CCCCC(=O)O)c23)cc1
RAFIKI-1205,O=C1CCc2cc(Br)ccc2N1
RAFIKI-1206,CCOP(=O)(Cc1ccc(NC(=O)C2Cc3ccc(C)cc3C(=O)C(C)S2)cc1)OCC
RAFIKI-1207,O=P(O)(O)Cc1cc(-c2ccc(F)cc2)ccn1
RAFIKI-1208,CCC(CNC(=O)CCn1cncn1)N1CCc2ccccc2C1
RAFIKI-1209,Cc1ccc(C(=O)NCc2nnc3c(C(F)(F)F)cc(Cl)cn23)o1
RAFIKI-1210,CCN1CN=C(S)N(C(C)c2ccccc2)C1
RAFIKI-1211,N#Cc1ccn(C2CCN(C(=O)OC3C4CC5CC3CC(O)(C5)C4)C2)c(=O)c1
RAFIKI-1212,COCC(=O)NCC1OCC(NC2CCC(F)(F)CC2)C1O
RAFIKI-1213,O=C(Nc1ccccc1F)c1coc(=O)c(Br)c1
RAFIKI-1214,COc1ccccc1CN1CCC(N(C)c2cc(F)c(S(=O)(=O)Nc3cscn3)cc2Cl)C1
RAFIKI-1215,Cc1cc2ccccn2c1C(=S)NC(=O)c1ccccc1
RAFIKI-1216,COc1nccnc1NS(=O)(=O)c1ccc(NC(=S)NC(=O)c2ccc(F)c(F)c2)cc1
RAFIKI-1217,CCCCCC(=O)Cc1cc(O)c(O)c2c1C(=O)Oc1cc(O)c(C(=O)O)c(CCCCC)c1O2
RAFIKI-1218,CCOc1ccc2ccccc2c1CNCC1CCNCC1
RAFIKI-1219,CCC1=CC2Cc3nc4ccc(Cl)cc4c(N)c3C(C1)C2
RAFIKI-1220,COc1c(C)cc(Br)cc1C(=O)Nc1ccc(S(N)(=O)=O)cc1
RAFIKI-1221,CC1CC(N=S(C)(C)=O)CN(c2ccnc(-c3cnc4ccc(C#N)cn34)n2)C1
RAFIKI-1222,CCCCCCCCCC[n+]1c(C)cc(N)c2ccccc21
RAFIKI-1223,COC(=O)c1cnn(-c2ccc(C(=O)Nc3cccc(C(C)=O)c3)cc2)c1N
RAFIKI-1224,Oc1c(Br)ccc2c1[nH]c1cc(Cl)c(Cl)cc12
RAFIKI-1225,Clc1ccc2c(NCCCNCc3cccs3)ccnc2c1
RAFIKI-1226,COc1cc(C(=O)N2CCCN(c3nc4cc(C)ccc4cc3C#N)CC2)cc(OC)c1OC
RAFIKI-1227,CCOC(=O)c1c(NC(=O)C[n+]2ccc(N(C)C)cc2)sc(C)c1C
RAFIKI-1228,COP(=S)(OC)Oc1nc(Cl)c(Cl)cc1Cl
RAFIKI-1229,CC=CCC[S+]([O-])CC(N)C(=O)O
RAFIKI-1230,CC(C)c1c(-c2cc(F)cc3[nH]ccc23)[nH]c(C(=O)O)c1-c1c(F)cnc2[nH]ccc12
RAFIKI-1231,CN(C)C(=O)COCc1cncc(C2COc3c(C#N)cccc3O2)c1
RAFIKI-1232,Brc1cc2c(cc1Br)C1C=CC2O1
RAFIKI-1233,Cc1cccc(Sc2c(C(C)C)c(=O)[nH]c(=O)n2OCCCO)c1
RAFIKI-1234,CCC1(CC)NC(=O)N(CC(=O)Nc2cccc(-c3csc(C)n3)c2)C1=O
RAFIKI-1235,C=C1COC2(O)CC(C)C3CCC(C)=CC3C12O
RAFIKI-1236,COc1ncccc1C(=O)NCCNc1cc(Nc2ccc(N3CCOCC3)cc2)nc(SC)n1
RAFIKI-1237,NC(Cc1nc2cc(Cl)ccc2cc1CP(=O)(O)O)C(=O)O
RAFIKI-1238,OC1Cc2ccccc2C1n1ccnc1-c1cc2n(n1)CCNC2
RAFIKI-1239,COc1cccc(C(C)N2CC(NC(=O)c3cn(C4CC4)nn3)C2)c1OC
RAFIKI-1240,Cc1csc2ncn(CC(=O)NN=Cc3ccc(C#N)cc3)c(=O)c12
RAFIKI-1241,COc1ccc(-c2ccc(C(=O)NCC(C)C)c3occc23)c(C)c1
RAFIKI-1242,c1ccc(-c2nc(C3CCCCO3)[nH]c2-c2ccccc2)cc1
RAFIKI-1243,CC1C(=O)N(c2c(F)c(F)c(F)c(F)c2F)C(=O)N1Cc1ccccc1
RAFIKI-1244,CN(Cc1cnccn1)C(=O)c1ccnc(OC2CCC2)c1
RAFIKI-1245,O=C(OCc1cccnc1)N1CCC(S(=O)(=O)Cc2ccccc2)CC1
RAFIKI-1246,CC1C(NCc2cnc(-c3ccccc3)[nH]2)CC2CC1C2(C)C
RAFIKI-1247,CSc1nnc(-c2cc(C)on2)n1-c1ccccc1
RAFIKI-1248,CCOC(=O)c1ccc(NC(=O)N2CCOc3ccccc32)cc1
RAFIKI-1249,CCOC(=O)NC(c1ccccc1F)C1CCCCCCC1=O
RAFIKI-1250,Fc1ccc(-c2n[nH]c3c2CCNCC3)cc1
RAFIKI-1251,CC(C)C(C)C1(C)CC1C(C)C1CCC2C3CC=C4CC(O)CCC4(C)C3(O)C(O)CC12C
RAFIKI-1252,N#Cc1cnn2c(Nc3ccc(F)c(Cl)c3)cc(CN(CCCl)CCCl)nc12
RAFIKI-1253,CN(C)CC1CC(CO)CN(C(=O)CCc2ccccc2Cl)C1
RAFIKI-1254,COc1ccccc1N=C(S)N(CCc1nc2cc(C)c(C)cc2[nH]1)Cc1cccnc1
RAFIKI-1255,CC(C)(Oc1ccc(N(Cc2ccco2)C(=O)Nc2nc3ccccc3s2)cc1)C(=O)O
RAFIKI-1256,CN(NC(=O)Nc1csc(Cc2c(Cl)cccc2Cl)n1)c1ccccc1
RAFIKI-1257,Cc1cc(C)c(S(=O)(=O)NC2CCN(C3CCN(C)CC3)CC2)c(C)c1
RAFIKI-1258,c1cc2[nH]c(-c3cscn3)nc2cn1
RAFIKI-1259,N=C(N)c1ccc2oc(CCc3ccc(OC4CCNC4)cc3)cc2c1
RAFIKI-1260,COC1CCN(C(=O)c2cnn(-c3nc4c(c(=O)[nH]3)CCC4)c2C)C1
RAFIKI-1261,O=P(Cc1cc(Br)cc(Br)c1OCCO)(c1ccccc1)c1ccccc1
RAFIKI-1262,CCOc1ccc(C(c2c(O)n(C)c(SC)nc2=O)c2c(O)n(C)c(SC)nc2=O)cc1
RAFIKI-1263,CCCOc1ccc2c(c1)C(=O)c1ccc(C(N)=O)cc1S2(=O)=O
RAFIKI-1264,COc1cc(-c2nnc(-c3ccc4c(c3)CCC4(CCCN(C)C)c3ccc(F)cc3)[nH]2)ccc1O
RAFIKI-1265,CN(CCN(C)C1CC1)C(=O)c1cc2[nH]cnc2cc1F
RAFIKI-1266,CC1CCCCOC(CN(C)Cc2ccccc2)C(C)CN(C(C)CO)C(=O)c2cc(N(C)C)ccc2O1
RAFIKI-1267,CC=CC(=O)C1=C(c2c(C)cc(C)cc2C)C(=O)OC12CCCC2
RAFIKI-1268,CN(C)C(=O)C(CCNC1CC1c1ccc(Cl)cc1)(c1ccccc1)c1ccccc1
RAFIKI-1269,Nc1cccc(-c2cc3cc(N)ccc3o2)c1
RAFIKI-1270,O=C(CN1C(=O)C2CC=CCC2C1=O)Nc1ccccc1N1CCCC1
RAFIKI-1271,CCCCCCCCCOC(=O)C[n+]1csc(CCO)c1C
RAFIKI-1272,CCNC(=O)c1c(-c2ccc(F)cc2)oc2ccc(O)c(CN3CCCCC3)c12
RAFIKI-1273,O=C(NCc1cccc(-c2cccc(-c3cc4c[nH]ccc-4n3)c2O)c1)N1CCCC1
RAFIKI-1274,CC(c1nc2ccccc2c(=O)n1-c1ccc(F)cc1)N(C)C(=O)Nc1ccc([N+](=O)[O-])cc1Cl
RAFIKI-1275,CC(N)Cc1ccccc1Sc1ccccc1
RAFIKI-1276,O=C(CN1CCC(NC(=O)C2CC2)CC1)Nc1cccc(F)c1
RAFIKI-1277,CN(CC1CCc2ccccc2C1Oc1ccc(C(F)(F)F)cc1)C(=S)NCCc1ccccc1
RAFIKI-1278,N#Cc1ccc(NC(=O)NC2C3CC4CC(C3)CC2C4)cc1
RAFIKI-1279,CC(=O)N1CC2C(C1)C2Nc1ncc2c(n1)CN(C(=O)NC(CO)c1ccccc1)C2(C)C
RAFIKI-1280,CCOc1ccc(S(=O)(=O)NCCCn2ccnc2)cc1
RAFIKI-1281,Cc1ccc(C)c(NC(=O)c2nc(C)c(C)nc2C(=O)OCCC(C)C)c1
RAFIKI-1282,Cc1cn(C2CCC(CO)O2)c(=O)n(N)c1=O
RAFIKI-1283,Cc1cc(NC(=O)NCC2CCC3(CCC3)CO2)cnc1C(F)F
RAFIKI-1284,CCOC(=O)N1CCN(S(=O)(=O)c2ccc(OCC)c3ccccc23)CC1
RAFIKI-1285,CCC1CCCC(C2(CC(=O)N3CC4CCC(C3)N4C)CC2)N1S(=O)(=O)c1ccc(Cl)cc1
RAFIKI-1286,Cc1ccc(-c2cc(C(=O)NCCN3CCCC3)c3cc(Cl)ccc3n2)cc1
RAFIKI-1287,COc1cc(Cl)cc(C=O)c1OCC(=O)O
RAFIKI-1288,COc1ncc(NC(=O)Cc2ccc(F)cc2)c(N2CCCC2)n1
RAFIKI-1289,CC(C)c1nc(CCN(C)C(=O)c2cnc(O)cn2)no1
RAFIKI-1290,O=C(CSc1nc[nH]n1)Nc1ccc2c(c1)CCC2
RAFIKI-1291,Cc1c(-c2ccc(Cl)cc2)[n+]([O-])c(-c2ccccc2)c[n+]1[O-]
RAFIKI-1292,Cc1cccc(C(=O)CCC(=O)c2ccc3occc3c2)c1
RAFIKI-1293,CC1=CC2OC3CC(OC(=O)C=CC=CC4(C(C)O)OCCC(=CC(=O)O)C4O)C(C)(C2(CO)CC1)C31CO1
RAFIKI-1294,Fc1ccc2c(c1)CCC2=Cc1ccncc1
RAFIKI-1295,COc1ccc(C(=Nc2cc(OC)cc(OC)c2)c2ccccc2)cc1
RAFIKI-1296,Cc1nc2c(n1CC1CC1)Cc1cnc(Nc3ccc(N4CCNCC4)cn3)nc1-2
RAFIKI-1297,CC1CN(C(c2ccccc2)c2cccc(-c3cccs3)c2)CCN1CC(=O)O
RAFIKI-1298,O=C(NCC1(O)CCSC1)c1ccn(-c2ccccc2F)n1
RAFIKI-1299,O=C(c1ccc2[nH]nnc2c1)N1CC2(CCN(c3nnc(-c4ccc(Cl)cc4)o3)CC2)C1
RAFIKI-1300,Cn1nnc2c1CCN(CC1CC1)C2COCC1CC1
RAFIKI-1301,COC1C(OC(=O)c2ccc(C)[nH]2)C(O)C(Oc2ccc3c(O)c(NC(=O)c4ccccc4)c(=O)oc3c2)OC1(C)C
RAFIKI-1302,Cc1ccc(S(=O)(=O)NCC(=O)NNC(=O)Cc2ccc(F)cc2)cc1
RAFIKI-1303,COCC(N=CN1CCc2cc(OC)c(OC)cc2C1C)C(C)(C)C
RAFIKI-1304,NCC(=O)c1cccc2ccc[n+]([O-])c12
RAFIKI-1305,COc1ccc2c(c1OC)C(=O)OC2c1c(O)n(Cc2ccc(F)cc2)c(=O)[nH]c1=O
RAFIKI-1306,Cc1cc(C(=O)NCCc2ccncc2)nc(N)n1
RAFIKI-1307,O=C(CCCOc1ccc2[nH]c3nc(O)nc-3cc2c1)N1CCN(Cc2cccc(C(F)(F)F)c2)CC1
RAFIKI-1308,COc1ccc(CCN2C(=O)COc3ccccc3C2C(=O)NCc2ccccc2)cc1OC
RAFIKI-1309,CC1(c2ccc(Cl)c(O)c2)C(=O)Nc2nc(-c3cn4ccnc4c(Cc4ccc(F)cc4)n3)nc(NCC(O)C(F)(F)F)c21
RAFIKI-1310,O=C(O)CCC(=O)Nc1ccc(Cc2ccc(NC(=O)CCC(=O)O)c(O)c2)cc1O
RAFIKI-1311,O=C(Cc1c[nH]c2ccccc12)NCCCCNC(=O)c1cc(-c2cccs2)on1
RAFIKI-1312,COC(=O)C1=C(C)N(c2ccc(OC)c(OC)c2)C(=O)C1=Cc1cccs1
RAFIKI-1313,CC(=O)Nc1cccc(OCc2cc(=O)oc3ccc(Br)cc23)c1
RAFIKI-1314,COc1cncc(N2CCc3nc(NC(C)=O)sc3C2)c1
RAFIKI-1315,CC(C(=O)N1CCN([N+]([O-])=NOc2ccc([N+](=O)[O-])cc2[N+](=O)[O-])CC1)c1cccc(C(=O)c2ccccc2)c1
RAFIKI-1316,Cc1cccc(CCNCc2cccc(COc3nn4c(C(F)(F)F)nnc4c4ccccc34)n2)c1
RAFIKI-1317,O=C(NCc1ccccc1Cl)c1sc(=S)n2c1[nH]c(=O)c1cc(Br)ccc12
RAFIKI-1318,Cc1sc2ncn(CC(=O)N3CCN(c4cccc(Cl)c4)CC3)c(=O)c2c1S(=O)(=O)N1CCN(c2ncccn2)CC1
RAFIKI-1319,O=Cc1cccc2ccc3ccccc3c12
RAFIKI-1320,Cc1ccc(Sc2c(C)nn(C(=O)c3cccnc3)c2C)cc1
RAFIKI-1321,O=C1c2cc3c(cc2CN1CCC1CCN(Cc2ccccc2)CC1)OCO3
RAFIKI-1322,CC1(C)CC(O)CC(C)(CNc2cc(F)cc(Cl)c2)C1
RAFIKI-1323,CCCNCc1ccc2c(OC)c3c(c(O)c2c1)C(=O)C1=C(O)C2(O)C(=O)C(C(N)=O)=C(O)C(N(C)C)C2CC1C3
RAFIKI-1324,NC(=S)Nc1cccc(OCc2ccccc2)c1
RAFIKI-1325,Cc1ccc(OC2(C(=O)O)CCN(CC=Cc3ccco3)CC2)cc1
RAFIKI-1326,O=C(O)C1=C(C(=O)Nc2sc3c(c2-c2nc(C4CC4)no2)C2CCC3C2)CCC1
RAFIKI-1327,Cc1cc(C)cc(N(C(=O)C2CCS(=O)(=O)C2)c2nc(-c3ccc(F)cc3)cs2)c1
RAFIKI-1328,COc1ccccc1-c1ccc2c(=O)n(Cc3ccccc3F)ccc2c1
RAFIKI-1329,Cc1nn2c(-c3cnn(C)c3)nnc2s1
RAFIKI-1330,N=C(N)NCCCCNC(=O)C(=O)c1ccc(O)cc1
RAFIKI-1331,CC(NCCOc1ccccc1)=C1C(=O)C2CCCC(=O)N2C1=O
RAFIKI-1332,Cc1c(C(=O)CC(=O)c2cnn(C)c2C)cnn1C
RAFIKI-1333,Cc1ccc(C)c(-c2nnc(NC(=O)Cc3ccccc3)o2)c1
RAFIKI-1334,O=C(Nc1ccccc1Cl)c1cc2c(-c3ccccc3)nn(-c3ccccc3)c2s1
RAFIKI-1335,Cc1c(C(=O)N2CCC(c3ccccc3)CC2)cnn1-c1nc2[nH]ccc2c(=O)[nH]1
RAFIKI-1336,CCOC(=O)C1CCCN(S(=O)(=O)c2ccc(NC(C)=O)cc2)C1
RAFIKI-1337,COc1ccc(-c2coc(CCC(=O)N3CCN(c4cc(C)ccc4C)CC3)n2)cc1
RAFIKI-1338,CC(=O)N1CC2(C)CN(C(C)=O)CC(C)(C1)C2
RAFIKI-1339,Cc1cc(NC(=O)NCCc2c[nH]cn2)n(CC(C)C)n1
RAFIKI-1340,COC(C)c1c(Nc2ccc(C(N(C)C(=O)C3CCN(C(=O)C(O)CO)CC3)C(F)(F)F)cc2)cnc2sc(C)nc12
RAFIKI-1341,CC(C)c1ccccc1OCC(=O)N1CC2CN(C(=O)c3ccc4[nH]nnc4c3)CC2C1
RAFIKI-1342,CSC(C1c2ccccc2N(C)C2=NC(=O)N(C)C(=O)C21Cl)S(=O)(=O)c1ccc(C)cc1
RAFIKI-1343,COc1ccc(-c2cc(-c3ccccn3)nc(N)c2C#N)cc1C
RAFIKI-1344,Cc1cc(=O)c(O)c(CNS(=O)(=O)c2ccc(F)cc2)n1C
RAFIKI-1345,Cc1ncc2cc(-c3ccc(Cl)cc3)c(N)nc2n1
RAFIKI-1346,c1csc(N2CCCC2c2nc(-c3cncs3)no2)n1
RAFIKI-1347,C=CC1(C)CCc2c3c(cc(O)c2C1O)C(C)(C)C(O)CC3
RAFIKI-1348,O=S(=O)(Nc1cc(Cl)ccc1SCCO)c1ccc(Cl)c(C(F)(F)F)c1
RAFIKI-1349,Oc1cccc(C2=Nc3ccccc3SC(c3cccnc3)C2)c1
RAFIKI-1350,Cc1cnn(-c2cc(NN=Cc3ccccc3)ncn2)c1
RAFIKI-1351,COc1ccccc1NC(=O)c1c(NC(=O)COc2ccccc2)sc2c1CCCCC2
RAFIKI-1352,CC(C)C(=O)N1CCC(CNc2nc3c(s2)CCOc2cc(F)c(F)cc2-3)CC1
RAFIKI-1353,COc1ccc(C=Nn2cnc3c4cc(C)ccc4nc-3c2O)cc1CN1CCCC1
RAFIKI-1354,c1cc2[nH]c3nc(-c4cnc(N5CCOCC5)s4)ccc3c2cn1
RAFIKI-1355,O=C1NCC(Nc2ccc(Br)cc2)C(=O)N1
RAFIKI-1356,COc1ccc(-c2cc(C(F)(F)F)n3ncc(C(=O)Nc4cccc(Cl)c4Cl)c3n2)cc1OC
RAFIKI-1357,Cc1ccc(CSc2nnc3nc(C)cc(C)n23)cc1
RAFIKI-1358,CC(=O)C1=NN(c2ccc(Cl)cc2)C(c2ccc3c(c2)OCO3)N(C(C)=O)N1C
RAFIKI-1359,O=C(O)CC1(C2=CCc3ccccc32)Cc2ccccc2C1=O
RAFIKI-1360,CC1N=C(S)N(Nc2ccccc2Cl)C1c1ccccc1
RAFIKI-1361,CSCCC(NC(=O)C(Cc1c[nH]c2ccccc12)NC(=O)C(C)NC(=O)OC(C)(C)C)C(=O)NC(CC(=O)O)C(N)=O
RAFIKI-1362,Cc1nc2c(Br)cc(Br)cc2c(=O)n1NCC(=O)NNC(=S)NCC1C(=O)NC(=O)NC1=O
RAFIKI-1363,Cc1c(C(=O)NCc2ccc(OC(C)C)cc2)cccc1-n1nnc2cccnc21
RAFIKI-1364,Cc1ccccc1C(=O)Nc1ccc(S(=O)(=O)Nc2cccc3ccn(CCN(C)C)c23)c2ccccc12
RAFIKI-1365,CN(C)CCCNc1ccn2ncc(-c3ccc4c(c3)OCO4)c2n1
RAFIKI-1366,COc1c(CC=C(C)C)c(O)cc(CCc2ccccc2)c1C(=O)O
RAFIKI-1367,COCC1(C(=O)O)CCN(C(=O)NC2CCc3[nH]c4ccc(C)cc4c3C2)C1
RAFIKI-1368,COc1ccc(N(C)C(=O)c2cn(C3CCCCC3)c(=O)c3c2c2ccccc2n3C)cc1
RAFIKI-1369,O=C1NCCC2=C(c3ccc(CN4CCCC4)cc3)Cc3cccc1c32
RAFIKI-1370,CN1CCN(C(=O)c2ccc(-c3cn4c(-c5ccc(C#N)cc5)cnc4cn3)c(O)c2)CC1
RAFIKI-1371,COc1ccc(OC)c(NS(=O)(=O)c2cc(-c3cc(C)no3)ccc2C(C)C)c1
RAFIKI-1372,C=CC(=O)N1CCC(C2CCNc3c(C(N)=O)c(-c4cc(OC)c5c(c4)OC(C)(C)C5)nn32)CC1
RAFIKI-1373,Cc1ccccc1N1CCN(C(=O)CS(=O)(=O)Cc2c(C)noc2C)CC1
RAFIKI-1374,CC(C)NCC(O)c1cc(O)c(O)cc1F
RAFIKI-1375,c1cnnc(N2CCCC2CNc2ncnc3c2CCC3)c1
RAFIKI-1376,Cc1cccc(C=NNC(=S)Nc2ccc(Cl)cc2)n1
RAFIKI-1377,CCc1cc(-c2nc(C)c(C(=O)OCc3cn(-c4cccc([N+](=O)[O-])c4)nn3)s2)ccn1
RAFIKI-1378,COc1cccc(C(NC(=O)c2cccc(C(F)(F)F)c2Cl)C23CCC(CC2)CN3C)c1
RAFIKI-1379,O=C(Cc1ccc2c(c1)C(=O)c1ccccc1CO2)NO
RAFIKI-1380,CC(C)(C)OC(=O)c1[nH]c2ccccc2c1Sc1ccccc1
RAFIKI-1381,CCOC(=O)C1CCN(C(=O)Cn2ncc3c4ccccc4nc-3c2O)CC1
RAFIKI-1382,CC(C)(C)OC(=O)NCc1noc(-c2nn(Cc3ccc(-c4cn[nH]c4)cc3)c3ccccc23)n1
RAFIKI-1383,Cc1nc2ccccc2c(C)c1CC(=O)N1Cc2ccccc2CC1C(N)=O
RAFIKI-1384,c1ccc2nc(-c3nc4ccccc4s3)c(NCCCn3ccnc3)nc2c1
RAFIKI-1385,CC(=O)NCC1CN(c2ccc(-c3ccnc(N)c3)c(F)c2)C(=O)O1
RAFIKI-1386,CSc1nc(NC(C)(C)C)nc(NC(C)(C)C)n1
RAFIKI-1387,O=[N+]([O-])c1ccc(C2=NOC(c3ccc(N4CC[S+]([O-])CC4)cc3)C2)o1
RAFIKI-1388,COC(=O)c1ccc2c(c1)NC(=O)C2=C(Nc1ccc(C(=O)NOCCN2CCC(N(C)C)CC2)cc1)c1ccccc1
RAFIKI-1389,c1ccc2c(c1)ccn2-c1nc(N2CCNCC2)nc2ccccc12
RAFIKI-1390,CN(C)C1C(=O)C(C(N)=O)=C(O)C2(O)C(=O)C3=C(O)c4c(O)cccc4C(CSC4CCCC4)C3C(O)C12
RAFIKI-1391,CCOC(=O)C(=O)Nc1sccc1C(N)=O
RAFIKI-1392,COC1(c2ccc(C(N)=O)s2)C2CCCC1CC(N1CCNC1=O)C2
RAFIKI-1393,Cc1ccc(-n2nccn2)c(C(=O)N2CCCC2c2nc(-c3ccccc3OC(F)(F)F)co2)c1
RAFIKI-1394,CCCCCN1C(=O)C(=CNC23CC4CC(CC(C4)C2)C3)C(=O)c2cc(OC)cc(C)c21
RAFIKI-1395,O=c1[nH]nc(-c2ccc(C(F)(F)F)cc2)o1
RAFIKI-1396,Cc1cnc(C(C)CNC(=O)NC2CCN(C3CCCC3)C2)s1
RAFIKI-1397,CCOC(=O)C=CC(=O)Nc1cccc(-c2c(-c3ccccc3)oc3ncnc(NC(CO)c4ccccc4)c23)c1
RAFIKI-1398,CCOc1ccccc1NN=C1C(=O)N(c2cc(O)cc(-c3ccncc3)c2)N=C1C
RAFIKI-1399,CNC(=O)c1cc(NCc2c(C)cccc2C)c2[nH]c(C)cc2n1
RAFIKI-1400,Cc1onc(-c2ccccc2)c1C(=O)NN=Cc1cc(Cl)cc(Cl)c1O
RAFIKI-1401,O=C(Nc1ccc(Cl)c(Cl)c1)C1C(c2ccccc2)OC2(C(=O)c3ccccc3C2=O)C1C(=O)O
RAFIKI-1402,C#Cc1nc(C=CC=CC(=O)OC)cs1
RAFIKI-1403,CN1N=C(C(=O)NC2CCN(CC3CCCCC3)CC2)CCC1=O
RAFIKI-1404,CN(C(=O)c1ccc(-c2ccccn2)cc1)c1ccc(C(C)(C)C)cc1
RAFIKI-1405,Cc1noc(NC(=O)N2CCC3(CC2)CC(c2ccccc2OC(F)(F)F)C3)c1C
RAFIKI-1406,Cc1cccc(NC(=O)c2ccc(F)c(S(=O)(=O)NCc3ccc4c(c3)OCO4)c2)c1
RAFIKI-1407,O=S(=O)(NC1CCCC1)C1CCN(c2nc3cc(Cl)ccc3o2)CC1
RAFIKI-1408,COCP1(=S)OC(C)CCN1C(C)C
RAFIKI-1409,CCOC(=O)c1csc(CN2CCC(C(C)(C)C)C(O)C2)n1
RAFIKI-1410,COc1cccc(F)c1CNC1CC1c1ccccc1
RAFIKI-1411,COc1cc2ncnc(Nc3cccc(Br)c3)c2c(OC)c1OC
RAFIKI-1412,O=C(CNC(=O)c1cccc(I)c1)NCC(=O)Nc1ccccc1
RAFIKI-1413,c1ccc(-c2ccnc(Nc3cccc(-n4ccnc4)c3)n2)nc1
RAFIKI-1414,COc1cc2c(cc1OC)CN(CCC(=O)OCCCN(C)CCCOC(=O)C=Cc1cc(OC)c(OC)c(OC)c1)CC2
RAFIKI-1415,CCCc1cc(N2CCCC(C(=O)Nc3cc(Cl)ccc3OC)C2)n2ncnc2n1
RAFIKI-1416,C=C(C)c1cc(Nc2nc(N3CCCC(N)C3)ncc2C(N)=O)cc(C(F)(F)F)n1
RAFIKI-1417,CN(C)C(=O)COC1CN(Cc2nccs2)C2COCC12
RAFIKI-1418,CCOC(=O)C1CCCN(CC(=O)Nc2nc(-c3ccccc3)cs2)C1
RAFIKI-1419,COCC(=O)N1CCC(n2nccc2NC(=O)CCOc2ccccc2)CC1
RAFIKI-1420,C=CC1(C)CC(OC(=O)Cn2cc(CCCn3ccc(N)nc3=O)nn2)C2(C)C(C)CCC3(CCC(=O)C32)C(C)C1O
RAFIKI-1421,O=C(NCCc1cccs1)Nc1ccc2c(c1)C(F)(F)OC(F)(F)O2
RAFIKI-1422,C=CC1(C)CC(OC(=O)N2CCc3cc(OCCN4CCCCC4)ccc3C2=O)C2(C)C(C)CCC3(CCC(=O)C32)C(C)C1O
RAFIKI-1423,c1ccc(C(=NCCC2CNc3ccccc32)c2ccccc2)cc1
RAFIKI-1424,CON=C(c1ccc(C(C)NS(C)(=O)=O)cc1)c1ccc(Cl)cc1S(=O)(=O)c1ccc(Cl)cc1
RAFIKI-1425,CC(C)CC(Nc1ccc2cc(C(F)(F)F)ccc2n1)c1ccc(C(=O)NCCC(=O)O)cc1
RAFIKI-1426,Cc1ccc(Cl)c(-c2c3c(nn2C)CCc2cnc(Nc4ccccc4)nc2-3)c1
RAFIKI-1427,Cc1nc(N2CC3C(C2)C3(F)F)ncc1Cn1cc(C(=O)NC2CCc3c2n[nH]c3C)cn1
RAFIKI-1428,O=C(O)c1cccc(-c2ccc3nc(-c4ccc(Cl)s4)n(Cc4ccc(Cl)cc4)c(=O)c3c2)c1
RAFIKI-1429,[C-]#[N+]c1cc(C#N)c2cc(C(=O)NC3CCC(C)CC3)[nH]c2c1
RAFIKI-1430,NC(=O)c1nn(CC(=O)N2CC(F)CC2C(=O)Nc2cccc(OC(F)(F)F)c2F)c2ccc(NC(=O)Nc3ccon3)cc12
RAFIKI-1431,CN1CCC(n2cnc(-c3ccc(F)cc3)c2-c2ccnc(Nc3ccccc3)n2)CC1
RAFIKI-1432,COc1ccc(C)cc1S(=O)(=O)NCCCCCNc1nc(-c2ccccn2)cs1
RAFIKI-1433,Oc1ccccc1-c1nc2c(-c3nc4ccccc4o3)cccc2o1
RAFIKI-1434,COc1cccc(C(=N)Nc2cc(C(=O)Nc3cc(C(=O)Nc4nc(C(=O)NCCCN(C)C)c(C(C)C)s4)n(C)c3)n(C)c2)c1
RAFIKI-1435,C=C(CO)C1=CC2(C)C(=CC1=O)CCCC2C
RAFIKI-1436,CCOc1cc(=O)n(C)cc1-c1cnn(-c2cc(OC3CC3)ccc2C#N)c1
RAFIKI-1437,NC(Cn1cc(Br)c(=O)n(Cc2ccccc2C(=O)O)c1=O)C(=O)O
RAFIKI-1438,Cc1[nH]n(C)c(=O)c1C(=N)c1ccc2ccccc2c1
RAFIKI-1439,COc1c2c(c(O)c3cc(CNCC(C)C)ccc13)C(=O)C1=C(O)C3(O)C(=O)C(C(N)=O)=C(O)C(N(C)C)C3CC1C2
RAFIKI-1440,O=C(Nc1ccc(F)c(F)c1)c1cc([N+](=O)[O-])c(F)cc1Cl
RAFIKI-1441,N#Cc1cc(CC(=O)Nc2ccc(-c3cnccn3)cn2)ccc1-c1ccnc(F)c1
RAFIKI-1442,O=[N+]([O-])c1ccc(SNc2ccccc2)c([N+](=O)[O-])c1
RAFIKI-1443,CCOC(=O)C1=C(C(C)C)NC(=S)NC1C=Cc1ccc(C(F)(F)F)cc1
RAFIKI-1444,CC(NCc1coc(-c2ccc(O)cc2)n1)C(C)(C)C
RAFIKI-1445,Cc1cccc(-c2noc(-c3cccnc3N3CCC(C(=O)NCc4ccc5c(c4)OCO5)CC3)n2)c1
RAFIKI-1446,O=C(NCc1ccccc1)c1cnc2ccc(F)cc2c1O
RAFIKI-1447,CC(=O)Nc1ccnc(-c2cccc(C)n2)c1-c1ccc2ncc(C#N)n2c1
RAFIKI-1448,CCCSP(=O)(OCC)Oc1cnn(-c2ccc(Cl)cc2)c1
RAFIKI-1449,COc1c(N2CC3CCCN(CC(O)Cn4c([N+](=O)[O-])cnc4C)C3C2)c(F)cc2c(=O)c(C(=O)O)cn(C3CC3)c12
RAFIKI-1450,CCOc1ccc(N(CC)C(=O)CCc2nc(-c3ccccc3F)no2)cc1
RAFIKI-1451,COC(=O)c1cc2c(cc1C)C(=C(Nc1ccc(C(=O)NCCC(=O)N3CCN(C)CC3)cc1)c1ccccc1)C(=O)N2
RAFIKI-1452,O=C1Cc2ccc(F)cc2CC1C1=Cc2ccc(F)cc2CC1
RAFIKI-1453,CN1CCCc2ccc(NC(=O)Nc3ccc(Cl)c(Cl)c3)cc2C1
RAFIKI-1454,CC1CC2=C(C(=O)OC(C)(C)O2)C(c2ccc(Cl)cc2)O1
RAFIKI-1455,CC(C)N1CCN(c2ccc(-c3ccc4c(c3)OCC3C(CO)OC(=O)N43)cn2)C1=O
RAFIKI-1456,Cc1ccc(CC(=O)c2ccc(Cl)cc2)cc1
RAFIKI-1457,CS(=O)(=O)NC(=O)c1ccc(COc2cccc(-c3cnc(OCC4CCC4)c(CO)c3)c2)c(F)c1
RAFIKI-1458,O=C(NC(Cc1ccccc1)C(O)CN(Cc1cccs1)S(=O)(=O)c1cc(F)c(F)cc1F)C1CN(c2cccc(F)c2)C(=O)O1
RAFIKI-1459,CCc1cc(NC(=O)NCC2CN(CCc3ccc(F)cc3)CCC2C(F)(F)F)cc(-c2nnnn2C)c1
RAFIKI-1460,Cc1ccccc1CNC(=O)CCS(=O)(=O)c1ccc2c(c1)CC(=O)N2C
RAFIKI-1461,CCCC1OC(C)=Cc2cc3c(c(O)c21)C(=O)C(C1OC(CO)C(O)C1O)=CC3=O
RAFIKI-1462,COc1ccc(C(=O)Nn2cnc3scc(-c4cccs4)c3c2=O)c(O)c1
RAFIKI-1463,CCN(CC)CCNC(=O)c1ccc(N2CCN(c3ccc(Oc4ccccc4)cc3)C2=O)cc1OC
RAFIKI-1464,Cc1ccc(C(=O)NC2CC2)cc1-c1ccc2c(c1)NC(=O)C21CCS(=O)(=O)CC1
RAFIKI-1465,O=C(O)c1sccc1S(=O)(=O)Cc1ccc(Cl)c(Cl)c1
RAFIKI-1466,CC(C)c1ccccc1-c1ncc2[nH]c(=O)n(Cc3ccc(-n4ccc(N5CCNCC5)n4)cc3)c2n1
RAFIKI-1467,O=C1CCCN1CCCNC(=S)Nc1ccc(Nc2ccccc2)cc1
RAFIKI-1468,CCOc1ccc(OCC)c(NC(=O)c2cnn(-c3ccc(F)cc3)c2C2CCN(C(=O)OC(C)(C)C)CC2)c1
RAFIKI-1469,CCc1nn(-c2ccccc2)c2c1CN(C(=O)NCCC(C)C)C(c1ccc(C)cc1)c1cccn1-2
RAFIKI-1470,CC(C)CC(C)CC(=O)NS(=O)(=O)c1ccsc1C(N)=O
RAFIKI-1471,Cc1cc(-c2[nH]c3ccc(C4CCN(Cc5nncn5C)CC4)cc3c2C(C)C)c(C)cn1
RAFIKI-1472,Brc1cncc2ncccc12
RAFIKI-1473,CCCNS(=O)(=O)c1ccc(OCC(N)=O)c(C)c1
RAFIKI-1474,C=C(C)CN(CC)S(=O)(=O)N1CC(C)OC(C)C1
RAFIKI-1475,CON=C(C)c1ccc(Nc2cc(C=Cc3ccccc3)nc3c(OC)cccc23)cc1
RAFIKI-1476,Cc1ccc(C(=O)NCc2cccc(C(F)(F)F)c2)cc1-c1ccc2nc(Nc3cnn(C)c3)ncc2c1
RAFIKI-1477,CC(C)n1nc(C#Cc2cccc3c(Oc4cccc(C(F)(F)F)c4)nccc23)c2c(N)ncnc21
RAFIKI-1478,C=C(C(=O)OC1CC2(C)C(O)CCC(=O)C2C(O)C1C(=C)C(=O)OC)C(O)CO
RAFIKI-1479,O=S(=O)(c1ccc(C(F)(F)F)cc1)N(CCCN1CCC(c2noc3cc(F)ccc23)CC1)C1COC1
RAFIKI-1480,COc1ccc(Nc2ncc(Cl)c(Nc3cccc(C(F)(F)F)c3)n2)cc1
RAFIKI-1481,Cc1ccc([N+](=O)[O-])cc1S(=O)(=O)N1CCCC(c2cnn3ccc(Br)cc23)C1
RAFIKI-1482,Cc1ccc(-n2c(=O)c3c(c4cccnc42)OCC3)cc1
RAFIKI-1483,COC(=O)C1(C)CC(=O)C2=C3C(C)(CC2=O)C(C)CCC31O
RAFIKI-1484,CC(c1cn(-c2ccc(C(F)(F)F)cc2)nn1)C(O)(Cn1cncn1)c1ccc(F)cc1F
RAFIKI-1485,COc1cccc(OC)c1-c1cccn(C(CN2CCC(O)C2)c2ccccc2)c1=O
RAFIKI-1486,CC1=C(C2CC(=O)N(C)C2=O)C(=O)c2c(O)cccc2C1=O
RAFIKI-1487,COc1ccc(C2CC(c3ccccc3O)NN2C(C)=O)cc1OC
RAFIKI-1488,Cc1c(C)c2c(c(C)c1N)CC(C)(CN1CCN(C)CC1)O2
RAFIKI-1489,COc1ccc(C=NNC(=O)COc2ccc(Cl)cc2Cl)cc1Cn1nc(C)cc1C
RAFIKI-1490,COc1cccc(NC(=O)N2CCC3(CC2)OCCO3)c1
RAFIKI-1491,CCCCCCCCOc1cccc(CC2CN=C(N)N=C2N)c1
RAFIKI-1492,Cc1nc(C)c(C(=O)NC(CCO)c2cccs2)o1
RAFIKI-1493,Cc1cc(C)cc(CSCC(=O)NN=Cc2ccc(OCC(=O)NCc3ccco3)cc2)c1
RAFIKI-1494,COc1ncc(-c2cc(F)ccc2C2Cc3nc(N)nc(C)c3C(=O)N2)s1
RAFIKI-1495,CC(=O)c1ccc2nc(-c3ccccc3)n(O)c2c1
RAFIKI-1496,O=C(NCc1cccc(-c2cccc(-c3cc4c[nH]ccc-4n3)c2O)c1)C(CO)c1ccccc1
RAFIKI-1497,COC(=O)c1ccccc1NC(=O)N1CCN(CC=Cc2ccccc2)CC1
RAFIKI-1498,COc1cc2c(cc1OC)C1=NN(C(=O)Nc3c(C)cccc3C)C(c3ccccc3Cl)C1C2
RAFIKI-1499,O=C(C(O)CO)N1CC=C(c2c(F)cc(N3CC(COc4ccon4)OC3=O)cc2F)CC1
RAFIKI-1500,O=C(Nc1ccn(C2OC(CO)C(O)C2O)c(=O)n1)c1ccccc1
RAFIKI-1501,O=C(CN1CCN2C(=O)OCC2C1)NCC1CCCCC1
RAFIKI-1502,Cc1ccc(-c2nnn(CC(=O)N3CCN(c4ccccc4)CC3)n2)o1
RAFIKI-1503,Cc1nn(C)c(N(C)C)c1CNCc1cccc(Cn2cccn2)c1
RAFIKI-1504,CC(C)c1cnc(-c2ccc(NC(=O)N3CCC(C)C3CO)cc2)o1
RAFIKI-1505,CC(C)(C#N)c1cc(Cn2cncn2)cc(Sc2ccc(OS(N)(=O)=O)c(Br)c2)c1
RAFIKI-1506,O=C1OCC(CO)N1Cc1cccc(Cl)c1F
RAFIKI-1507,COc1ccc(-c2c3cc(O)c(OC)cc3cc3c2ncn3C)cc1
RAFIKI-1508,Cc1nnc2sc(Cc3sc(N)nc3O)nn12
RAFIKI-1509,NS(=O)(=O)c1ccc(-n2cc3c(n2)-c2ccccc2NC3)cc1
RAFIKI-1510,O=C(Nc1cc(F)ccc1F)N1CCCCCC1CC(O)c1ccccc1
RAFIKI-1511,CCN(CC)C(=O)C1CCCN(C(S)=Nc2cccc3ccccc23)C1
RAFIKI-1512,COCCCNC(=O)c1ccc(-n2ncc(-c3ccc(C#N)cc3C3CC3)c2O)nc1
RAFIKI-1513,CC(=O)OC1CCC2C3CC(=O)C4(F)CC(F)CCC4(C)C3CCC12C
RAFIKI-1514,COC1C2CC3CN(C(=O)NCc4cnccc4C)C1C3C2
RAFIKI-1515,CCC1CN(c2nc(=O)n(C)c3ccc(C#N)nc23)C(C)CN1C(c1ccc(F)cc1)c1ccc(C2CC2)cn1
RAFIKI-1516,Cc1cc(C)nc(NCCCOc2cccnc2)n1
RAFIKI-1517,COc1ccc(NC(=O)c2cc3c(=O)[nH]c4ccccc4c3n2C)cc1Cl
RAFIKI-1518,CN(CCNC(=O)C1C(C(=O)Nc2ccc(Br)cc2)C2C=CC1C21CC1)C(=O)OC(C)(C)C
RAFIKI-1519,CC(=O)OC(C)(C)C=CC(=O)C(C)(O)C1C(OC(=O)C=Cc2ccccc2)CC2(C)C3CC=C4C(CC(O)C(=O)C4(C)C)C3(C)C(=O)CC12C
RAFIKI-1520,Cn1cnc(C(=O)N2CCC(Cc3nnc(C4CCOCC4)o3)C2)c1
RAFIKI-1521,Cc1c(C=CC(=O)O)ccc2ccc(OC(C)c3c(Cl)ccc(F)c3Cl)cc12
RAFIKI-1522,COc1c(C(=O)Nc2nccs2)ccc(NC(=O)CC(C)(C)C)c1F
RAFIKI-1523,CCOC(=O)C1=C(C)N(NC(=O)Nc2ccccc2)C(=O)C1=P(c1ccccc1)(c1ccccc1)c1ccccc1
RAFIKI-1524,Cc1cn2cc(-c3cc(=O)n4cc(N5CCC(N6CCC6)CC5)ccc4n3)cc2c(C)n1
RAFIKI-1525,COc1cccc(C(=O)NN(C(=O)c2ccccc2Cl)C(C)(C)C)c1C
RAFIKI-1526,COc1ccc(C=NNC(=O)c2ccc(NC3CCCCC3)c(NCc3ccccc3)c2)c(O)c1
RAFIKI-1527,Cc1ccc(CSc2nc3nc(C)cc(C)n3n2)cc1
RAFIKI-1528,CC1c2ccc(-c3ccc([N+](=O)[O-])cc3)c(O)c2C(=O)C2=C(O)C3(O)C(O)=C(C(N)=O)C(=O)C(N(C)C)C3C(O)C21
RAFIKI-1529,CC(C)(C)OC(=O)N1CCCC2(CCN2C(=O)c2ncccc2O)C1
RAFIKI-1530,O=C(CC1CCCC1)NC1CCN(C(=O)C2=Cc3ccccc3S2(=O)=O)CC1
RAFIKI-1531,C=CCc1cc(C=Cc2nc(O)c([N+](=O)[O-])c(O)n2)cc(OC)c1O
RAFIKI-1532,CCCCCCc1cc(Oc2c(I)cc(CC(N)C(=O)O)cc2I)ccc1O
RAFIKI-1533,Cc1ccc2[nH]c(=O)c(CN(Cc3ccco3)C(=O)c3cccnc3)cc2c1
RAFIKI-1534,Cc1c(N(CCCCC(F)(F)F)S(=O)(=O)c2cccc3nccnc23)sc2ccccc12
RAFIKI-1535,O=C(c1sc2cc(F)ccc2c1Cl)N(Cc1ccco1)C1CCNCC1
RAFIKI-1536,CN(Cc1ccccc1)Cc1ccc(C(=O)c2ccc(NC(=O)CN3CCOCC3)cc2)cc1
RAFIKI-1537,CC1CCCN(C(=O)Cn2cc(I)cn2)C1
RAFIKI-1538,CC(=O)NCCC(=O)N(Cc1ccccc1)c1nc2c(C(C)C)cccc2s1
RAFIKI-1539,Cc1ccccc1NC(=O)Nc1ccc(-c2c(C)sc3ncnc(N)c23)c(Cl)c1
RAFIKI-1540,N=c1sccn1CC(=O)NCCc1ccc(Cl)cc1
RAFIKI-1541,FC(F)(F)C1(C#CC2CC2)NC(Nc2ccc(Cl)c(Cl)c2)=Nc2ccc(Cl)cc21
RAFIKI-1542,CC(C)CCCN(Cc1ccco1)c1nc(N2CCOCC2)nc(N2CCOCC2)n1
RAFIKI-1543,CC(O)CN1CCN(c2cccc(Nc3nc4c(-c5ccc(S(C)(=O)=O)cc5)cccn4n3)c2)CC1
RAFIKI-1544,Nc1n[nH]c(Sc2ccc([N+](=O)[O-])cc2[N+](=O)[O-])n1
RAFIKI-1545,CC12CCC(=O)C=C1CCC1C3CCC(O)(C(=O)CSc4nc5ccccc5s4)C3(C)CC(O)C12F
RAFIKI-1546,Cn1ccnc1CN1CCC(NS(C)(=O)=O)C1Cc1cccnc1
RAFIKI-1547,CN1CCC(Nc2ccc(C(=O)Nc3cc(-c4cccc5ncn(C)c45)[nH]n3)cc2)CC1
RAFIKI-1548,CC(C)(SCc1ccc(O)cc1)C(N)C(=O)NC(C(=O)O)C1OC(n2ccc(=O)[nH]c2=O)C(O)C1O
RAFIKI-1549,Cc1ccc(C)c(NC(=O)N2CCC(n3cnc4cccnc43)CC2)c1
RAFIKI-1550,c1ccc(-c2c[nH]c(SC(c3ccccc3)c3ccccc3)n2)cc1
RAFIKI-1551,COc1cc(OC)c2c(=O)cc(CCCCCCC(=O)O)oc2c1
RAFIKI-1552,CNC1CC2c3[nH]c4ccc(-c5cccc(C)c5)cc4c3CCN2CC1C(C)O
RAFIKI-1553,CN(C)CCNC(=O)C1CCC(N(C(=O)c2cc(Cl)c(N)c(Cl)c2)C2CC2)CC1
RAFIKI-1554,Nc1ncc(-c2cc3ccccc3o2)c(N)n1
RAFIKI-1555,CS(=O)(=O)c1ncc(N(Cc2ccccc2)Cc2ccco2)c(C(=O)Nc2cccc(C(F)(F)F)c2)n1
RAFIKI-1556,CCC1(O)CC(OC2CC(N(C)C)C(O)C(C)O2)c2c(O)c3c(c(O)c2C1C(=O)OC)C(=O)c1cccc(OC)c1C3=O
RAFIKI-1557,CCN(CC)CCOC(=O)CCN1CC2CCC(CC2)C1
RAFIKI-1558,COc1cc(C2C(C#N)=C(C)N=C3CC(C)(C)CC(=O)C32)cc(OC)c1O
RAFIKI-1559,CCOc1c(Cl)cc(C(=O)Nc2nc(CN3CC(C)OC(C)C3)cs2)cc1OC
RAFIKI-1560,Oc1ccc(Nc2cc(-c3ccc(-n4cccn4)cc3)[nH]n2)c(C(F)(F)F)c1
RAFIKI-1561,FC(F)(F)Oc1ccc(C(F)(F)CN2CCC(Nc3ncnc4[nH]ncc34)CC2)nc1
RAFIKI-1562,COc1ncc(-c2ccc3c(N)ncnn23)cc1C(=O)NC1CN(C(=O)c2ccc(F)cc2)CC1F
RAFIKI-1563,CC(C)NC1=NN=C(c2cccs2)CS1
RAFIKI-1564,O=C(O)CC1SC(Nc2cccc(Cl)c2)=NC1=O
RAFIKI-1565,Oc1cc(NCC2CCC2NCc2ccc(Cl)c(Cl)c2)nc2ccccc12
RAFIKI-1566,CCCCc1nc2[nH]ncc2c2nc(-c3ccc(C)cc3)nn12
RAFIKI-1567,CN(C)C1(C#N)CCC2(CC1)OCCO2
RAFIKI-1568,Nc1ccc(-c2ccc(F)cc2)cc1NC(=O)N(N)Cc1ccccc1
RAFIKI-1569,NC(=O)NC(=O)COC(=O)c1ccccc1Oc1ccccc1
RAFIKI-1570,O=C(Nc1ccc2cc[nH]c2c1)c1ccc2c(c1)OCCCO2
RAFIKI-1571,CN(C)CCN1C(=O)c2cccc3cc(N=Cc4ccc(C#N)cc4)cc(c23)C1=O
RAFIKI-1572,Cn1cc(C(=O)c2ccccc2)cc1C=O
RAFIKI-1573,CCn1c(O)c(N=NC(S)=NCC2CCCO2)c2ccccc21
RAFIKI-1574,COc1ccc(OC)c(NC(=O)CSc2nnc(CNc3ccc(F)cc3)o2)c1
RAFIKI-1575,COc1cc([N+](=O)[O-])ccc1NC(=S)NC(C)=O
RAFIKI-1576,CC(C)(O)c1cccc(-n2c3nc(Nc4ccc5c(c4)CNCC5)ncc3c(=O)n2CC2CC2)n1
RAFIKI-1577,CCN(CC(=O)NCc1cccs1)C(=O)c1cccn1C
RAFIKI-1578,CCN(CC)CCOc1ccc(C(c2ccc(OC)cc2)c2cccnc2)cc1
RAFIKI-1579,CC(Cn1ccnc1)NC(=O)C1(c2ccccc2)CC1
RAFIKI-1580,CC(C)(C)NC(=O)c1cccc(NC(=O)Cc2c[nH]c3ccc(F)cc23)c1
RAFIKI-1581,CCc1cccc2c(-c3csc(N)n3)c[nH]c12
RAFIKI-1582,O=C1CCC(Nc2ccc(N3CCOCC3)cc2)C(=O)N1
RAFIKI-1583,CNc1cncc(-c2cc(OC)ccc2OC)n1
RAFIKI-1584,C=C1CCCC2C1(C)CCC(C)C2(C)CC1=C(O)C(=O)C=C(OCCCC)C1=O
RAFIKI-1585,NCC(=O)CSc1nc2scc(-c3ccccc3)c2c(=O)n1-c1cccc(F)c1
RAFIKI-1586,O=C1OC(CNc2ccon2)C2COc3cc(N4C5CCC4CSC5)c(F)cc3N12
RAFIKI-1587,Cn1cnc2c(cnn2-c2ccccc2)c1=O
RAFIKI-1588,CCc1cccc(NC(=O)c2cc(S(=O)(=O)N(C)C)ccc2N2CCCC2)c1
RAFIKI-1589,Cc1cnc(NCCc2ccccc2)c(=O)n1CC(=O)NCc1ccc2c(N)noc2c1
RAFIKI-1590,CN(C)c1ccc(-c2nnn(CC(=O)Nc3ccccc3N3CCOCC3)n2)cc1
RAFIKI-1591,O=C(Cc1cccs1)NCc1ccc2c(c1)OCO2
RAFIKI-1592,CS(=O)(=O)N1CCN(C(=O)COC(=O)C2(c3cccc(Cl)c3)CCCCC2)CC1
RAFIKI-1593,O=C(NCC1CN(c2ccc3c(c2)OCc2nccn2-3)C(=O)O1)c1ccc(Cl)s1
RAFIKI-1594,COc1ccc(C=Cc2onc(C)c2-n2c(C)nc3nc4ccc(Cl)cc4cc3c2=O)cc1
RAFIKI-1595,CC(=O)OC12CC(C)C(OC(=O)Cc3ccccc3)C1C=C(CO)CCC1C(C=C(C)C2=O)C1(C)C
RAFIKI-1596,O=C(Nc1cccnc1)C1CCCCN1C(=O)OCc1ccccc1
RAFIKI-1597,Cc1ccn2c(=O)c(NC(=O)NCCc3cccs3)cnc2c1
RAFIKI-1598,Nc1nc2ccc(OCc3ccccc3)cc2c2nc(-c3ccco3)nn12
RAFIKI-1599,Cc1cc(F)ccc1NCc1cc(C(=O)O)cc(Cl)n1
RAFIKI-1600,O=C(O)c1cn(C2CC2)c2cc(C3CCNCC3)c(F)cc2c1=O
RAFIKI-1601,Cc1cccc(CSc2ccc3nnc(-c4cccnc4)n3n2)c1
RAFIKI-1602,CC(C)C(NC(=O)c1cc(Cl)ccc1O)C(=O)Nc1cc(C(F)(F)F)cc(C(F)(F)F)c1
RAFIKI-1603,Cc1nc(O)cc(C2CCN(C(=O)c3ccsc3)CC2)n1
RAFIKI-1604,COc1cc2ncnc(Oc3cccc(NC(=O)Nc4cc(C5(C(F)(F)F)CC5)on4)c3)c2cc1OC
RAFIKI-1605,Cc1cccc(NC(=O)COC(=O)CN2CCCCCC2=O)c1C
RAFIKI-1606,Oc1c(Br)c(Br)c(Br)c(Br)c1Oc1ccccc1Br
RAFIKI-1607,COc1ccc(-c2c(C)nn(-c3ccccc3)c2C)c(C(=O)O)c1
RAFIKI-1608,O=C(CN1CCCC1CO)NC1CCCCCCC1
RAFIKI-1609,CCN(C)C(=O)c1cccc(Nc2c(Oc3ccccc3F)cnn(-c3ccc(C)cc3)c2=O)c1
RAFIKI-1610,O=c1cc(NCc2ccco2)c2ccccc2o1
RAFIKI-1611,COc1cc2nc(N3CCN(c4cnccn4)CC3)nc(N)c2cc1OC
RAFIKI-1612,CC(C)Cc1cc(NCc2ccccc2)c(-c2ccccc2)c(=O)[nH]1
RAFIKI-1613,COc1ccc(N(C)c2nc(Cl)nc3ccccc23)cc1
RAFIKI-1614,COc1cccc(C(=O)NCc2c(C)cc(C)[nH]c2=O)c1OC
RAFIKI-1615,O=c1oc(C=Cc2ccccc2)nc2sc3c(c12)CCC3
RAFIKI-1616,O=C1C(=O)N(Cc2c(F)cccc2F)c2c(Cl)ccc(Cl)c21
RAFIKI-1617,C=CCNC(=S)NN=Cc1cccc([N+](=O)[O-])c1
RAFIKI-1618,Cc1ccc(OCC2c3ccsc3CCN2C(=O)CN(CC2CC2)C(=O)c2ccccc2)cc1
RAFIKI-1619,CC(=O)NC(Cc1ccccc1C)C(=O)NC1CCN(C(=O)c2cccc(C)c2)CC1
RAFIKI-1620,Oc1nc(-c2ccncc2)nc2c1ncn2C1CCCC1
RAFIKI-1621,O=C(Cc1ccccc1)NC1c2ccccc2C2(CCNCC2)C1O
RAFIKI-1622,CC(C)N(C)C1C(c2ccccc2)=CC2CCC1C2
RAFIKI-1623,COc1ccc(NC(=O)Nc2nnc(-c3ccco3)s2)cc1
RAFIKI-1624,COc1cccc(C(=O)Nc2c3c(nc4ccccc24)CCCC3)c1
RAFIKI-1625,CCOC(=O)c1[nH]c2ccc(C)cc2c1N=NN(C)C
RAFIKI-1626,CCC1=Nc2cc(C(=O)N3CCC4(CC3)OCCO4)ccc2Sc2ccc(C)cc21
RAFIKI-1627,COc1ccc([N+](=O)[O-])cc1NC(=O)C1C2C=CC(C2)C1C(=O)O
RAFIKI-1628,O=C(CNCC1CCCCC1)Nc1ccccc1N1CCCCC1
RAFIKI-1629,CCC(=O)N1c2ccc(S(=O)(=O)CCC(=O)NCc3ccccc3OC)cc2CC1C
RAFIKI-1630,C#CCOCC(Cc1c[nH]cn1)Nc1nccc(-c2cc3ccccc3s2)n1
RAFIKI-1631,Cc1ccc(NC(=O)CSc2nnc(Cn3cnc4ccccc43)o2)c(C)c1
RAFIKI-1632,CCCC(Nc1cncc(-c2ccc(C(=O)NCCCN3CCOCC3)cc2)n1)c1ccccc1
RAFIKI-1633,Cc1cnc(C(C)NC(=O)N2CC(O)(c3cccc(Br)c3)C2)s1
RAFIKI-1634,O=C(Nc1cccc(-c2nc3ccccc3c(=O)o2)c1)c1ccccc1Br
RAFIKI-1635,CCC(=O)c1cc(OC)c(O)c(OC)c1O
RAFIKI-1636,CCCNc1ccc(C=Cc2ccc3ccccc3[n+]2C)cc1
RAFIKI-1637,O=C(NCC(=O)N1CCN(c2ccc(N3CC(Cn4ccnn4)OC3=O)cc2F)CC1)c1cc([N+](=O)[O-])cc([N+](=O)[O-])c1
RAFIKI-1638,O=C(Nc1ccccc1)N1CCC(Oc2ccccc2Cl)CC1
RAFIKI-1639,Cc1noc(C=CN(C)C)c1S(=O)(=O)N1CCCC(C(=O)NCc2ccc(F)cc2)C1
RAFIKI-1640,Cc1ccc(NC(=O)Nc2ccccc2Cc2ccccc2)cc1S(=O)(=O)Nc1ccc(Cl)cc1
RAFIKI-1641,CS(=O)(=O)N(Cc1ccccc1Cl)c1ccc(C(=O)N2CCCC2)cc1
RAFIKI-1642,COc1cc(OC)cc(C(=O)Nc2ccc(C)c(-n3ccn4nc(-c5cccnc5)cc34)c2)c1
RAFIKI-1643,Cc1ccccc1CNC(Cn1cncn1)c1ccccc1
RAFIKI-1644,Cc1nc2[nH]cc(Cl)c2cc1CNC(=O)c1ccnc(Cc2ccc3ncc(Cl)cc3c2)c1
RAFIKI-1645,Cc1c(C)n2cc([N+](=O)[O-])nc2c(=O)n1Cc1cccc(OC(F)(F)F)c1
RAFIKI-1646,CCCCNc1cnc2oc(C(C)C)c(C(=O)OCC)c2c1
RAFIKI-1647,CCN(C(=O)c1cc(Cl)ccc1Cl)C1CCS(=O)(=O)C1
RAFIKI-1648,CCN(C)c1cncc(C(=O)NC2Cc3ccccc3C2)n1
RAFIKI-1649,Cc1c(-c2cnn(-c3ccc(C(=O)N4CCN(C)C(C)C4)cn3)c2O)ccc(C#N)c1F
RAFIKI-1650,CCOC(=O)N1CCCC1C#CCN1CCCC1
RAFIKI-1651,Cc1ccccc1CNC(=O)C1CCCN(c2nc3ccccc3[nH]c2=O)C1
RAFIKI-1652,O=C(c1nc2n(n1)C(c1ccccc1)CC2F)N1CC2C(C1)C2(F)F
RAFIKI-1653,Oc1ccc2c(c1O)Cc1c-2[nH]c2ccccc12
RAFIKI-1654,O=S(=O)(Nc1cccc(F)n1)c1ccc2c(c1)OCCC2c1ccc(C(F)(F)F)cc1-c1ccc(F)cc1
RAFIKI-1655,CN1CCC(Nc2ccc(C(=O)Nc3n[nH]c4cc(OCCOCc5ccccc5)ccc34)cc2)CC1
RAFIKI-1656,COc1ccccc1C(C)NC(=O)Cn1cnc2ccccc2c1=O
RAFIKI-1657,Cc1cc(C(=O)NCC(c2ccco2)n2cccn2)no1
RAFIKI-1658,O=[N+]([O-])c1cc(Cl)ccc1OCc1ccccc1
RAFIKI-1659,COc1ccc(C(=O)C=Cc2cccc(OCc3cn(CC(O)COC4=C(C)C(=O)SC4C)nn3)c2)cc1
RAFIKI-1660,Cc1ccnc(C(=O)c2[nH]c3cc(Cl)c(F)cc3c2CC(=O)O)c1
RAFIKI-1661,COc1ncc(-c2n[nH]c3cc4c(cc23)CN(C2CCCN(Cc3ccccc3F)C2)C(=O)N4)cn1
RAFIKI-1662,CCCOc1ccc(S(=O)(=O)N2CCC(CCO)CC2)cc1-c1nc2c(CCC)cn(CC)c2c(=O)[nH]1
RAFIKI-1663,COc1cc(C2c3cccc([N+](=O)[O-])c3NC(c3ccc(O)cc3)C2C)ccc1O
RAFIKI-1664,Cc1cc(CC(=O)N2CC(N3CCCCC3C)C2)on1
RAFIKI-1665,Cc1ccccc1NC1C=CS(=O)(=O)C1
RAFIKI-1666,Cc1cccc(NC(=O)Nc2ccc(-c3cccc4c3c(N(C)C)nn4C)cc2)c1
RAFIKI-1667,CN(C(=O)NC1CCCN(c2cnc(C(N)=O)c(NC3CCCC3)n2)C1)c1ccccc1
RAFIKI-1668,COc1ccc(-n2c(C)c(C(C)=O)c(C(C)=O)c2C)cc1OC
RAFIKI-1669,Cc1c([N+](=O)[O-])cc(C(C)(C)C)c(O)c1C(=O)Nc1ccc(Br)cc1C(F)(F)F
RAFIKI-1670,O=C(O)c1cc(-c2ccccc2COc2cccc(C(F)(F)F)c2)ccc1O
RAFIKI-1671,Cc1ccccc1NS(=O)(=O)c1ccc2[nH]cc(C(=O)N3CCCCCC3)c(=O)c2c1
RAFIKI-1672,O=C(Nc1ncnc2nn(Cc3ccccc3)cc12)c1cccc(Cl)c1
RAFIKI-1673,CN(C)c1ccc(C(CNS(=O)(=O)c2ccc(Cl)cc2)N2CCCC2)cc1
RAFIKI-1674,CC(C)(O)c1cc2c(N3CCC4(CC3)CC4)c(C#N)c(=O)[nH]c2cn1
RAFIKI-1675,Cc1cc(N2CCOCC2)ccc1Nc1ncnc(-c2ccc(OC3CCOCC3)c(C#N)c2)n1
RAFIKI-1676,CCOC(=O)C(NC(=O)Nc1ccc(Cl)cn1)(Oc1ccccc1)C(F)(F)F
RAFIKI-1677,N#Cc1c(F)cccc1N=NNc1cccc(F)c1C#N
RAFIKI-1678,CN(C)C1C(O)=C(C(N)=O)C(=O)C2(O)C(O)=C3C(=O)c4c(O)ccc(C#Cc5ccccn5)c4CC3CC12
RAFIKI-1679,Cc1ccc(C(=O)NC2(C)CCN(C(=O)C(=O)c3c[nH]c4ccc(Br)cc34)CC2)c(Cl)c1
RAFIKI-1680,Cc1cc(-c2ccc(C)c(S(=O)(=O)NCCCN3CCN(c4ccccc4F)CC3)c2)on1
RAFIKI-1681,Nc1cnc2ccc(-c3cnc4ccccc4c3)cc2c1Nc1ccc(N2CCNCC2)c(C(F)(F)F)c1
RAFIKI-1682,N=C(N)c1cccc(-c2ccc3c(c2)c2cc(-c4cccc(C(=N)N)c4)ccc2n3S(=O)(=O)c2cccc(OC(F)(F)F)c2)c1
RAFIKI-1683,Cc1ccc(NC(=O)c2nnc(COCC(=O)NCCc3c(C)noc3C)s2)cc1
RAFIKI-1684,O=Cc1ccc(N2CCC(C(=O)N(Cc3ccncc3)CC3CCCO3)CC2)cc1
RAFIKI-1685,CS(=O)(=O)c1ccc2nc3n(c2c1)CC(N)C(c1cc(F)c(F)cc1F)C3
RAFIKI-1686,CC(C)CCC(=O)N1CC=CCN(CCC(C)C)C(=O)C(CC(C)C)NC(=O)C(C)NC(=O)C1
RAFIKI-1687,CC(=O)c1nn(CC(=O)N(CC(=O)NCc2cccc(Cl)c2F)C2CC2)c2ccc(NS(=O)(=O)c3ccc(F)cc3)cc12
RAFIKI-1688,CC(N)C1C(=O)N2C(C(=O)O)=C(SCc3cccnc3)C(C)C12
RAFIKI-1689,CC(NC(=O)CCc1ccc(S(=O)(=O)NC2CCCCC2)cc1)c1ccccc1
RAFIKI-1690,CS(=O)(=O)CC1(CNCc2cccc(O)c2)CC1
RAFIKI-1691,CCCC1C(C)(C=CC=CC=Cc2oc(=O)cc(OC)c2C)OC2(C)C(C)OC1(C)C2CCC
RAFIKI-1692,CC1CCN(C(=O)COC(=O)c2cccc(NS(=O)(=O)c3ccccc3)c2)CC1
RAFIKI-1693,CN(C)CCN1CCCCC1C12CC3CC(CC(C3)C1)C2
RAFIKI-1694,OCC1CC(O)CCN1CCc1ccc(Nc2nc(-c3ccccc3)cs2)cc1
RAFIKI-1695,Cc1ccc(C(=O)Nc2ccc3c[nH]nc3c2)cc1S(=O)(=O)N1CCOCC1
RAFIKI-1696,Cc1cc(C=CC(=O)O)c(C)n1-c1ccc2c(c1)OCO2
RAFIKI-1697,CCOc1ccc(N2CC(c3nc4ccccc4n3Cc3cccc(Cl)c3)CC2=O)cc1
RAFIKI-1698,CC(C)C1(C(=O)NCc2cc(C(F)(F)F)cc(C(F)(F)F)c2)CCC(N2CCC(c3ccc(Cl)nn3)CC2)C1
RAFIKI-1699,COc1cccc(N(C)c2nccc(N3CCC(Oc4ccc(C(C)NC(C)=O)cc4)C3)n2)c1
RAFIKI-1700,CN(C)c1ccc(C=CC=CC=Cc2ccc(N(C)C)cc2)cc1
RAFIKI-1701,CC(=O)Nc1cc(C)ccc1OC(C)=O
RAFIKI-1702,CCCCN(c1ccccc1)c1ncnc(N)c1[N+](=O)[O-]
RAFIKI-1703,N=C(N)c1ccc2cccc(NC(=O)OCc3ccccc3)c2c1
RAFIKI-1704,COc1ccc(-c2cnc(C)nc2NC2CCCC2)cc1
RAFIKI-1705,O=C1OCC(c2ccccc2)N1CCCCCCN1CC(O)C(O)C(O)C1CO
RAFIKI-1706,COC(C)(C)CNc1nc(C)cc2cnc(Nc3ccc(-c4cnn(C)c4)cc3OC(F)F)nc12
RAFIKI-1707,CC(O)C(NC(=O)c1ccc(-c2cn(Cc3ccccc3)nn2)cc1)C(=O)NO
RAFIKI-1708,CS(=O)(=O)c1nnc(-c2ccccc2-c2nc(-c3ccccc3F)no2)[nH]1
RAFIKI-1709,COCCCc1cc(C(C)N(C(=O)C2CNCCO2)C2CC2)cc(CCCNC(=O)OC)n1
RAFIKI-1710,CCCn1c2ccc(C)cc2c2nnc(S)nc21
RAFIKI-1711,Cc1cc2ncn(CC3CCN(CC(=O)Nc4ccccc4C(F)(F)F)CC3)c2cc1C
RAFIKI-1712,O=C(Nc1ccc2c(c1)CNC2)c1cc(Cl)cc2ccccc12
RAFIKI-1713,Cc1nc2cccc(C(Nc3cc(C#N)c4ncc(C#N)c(NCC(C)(C)C)c4c3)C3=CN(C4(C(F)(F)F)CC4)NN3)c2s1
RAFIKI-1714,C=C1CCC2(C(C(=O)O)CCC2C(C)C)C(OC)C1O
RAFIKI-1715,O=C(O)CN1C(=O)C(=Cc2ccc3cc(OCc4ccc(C(F)(F)F)cc4)ccc3c2)SC1=S
RAFIKI-1716,C=CCN1C(=O)C(=Cc2ccc(-c3ccccc3)o2)SC1=S
RAFIKI-1717,O=C(C=Cc1cccc(F)c1)NCC12CC(CN1Cc1ccccc1)C2
RAFIKI-1718,COC(=O)c1sccc1-n1cccc1C(=O)C(=O)Nc1ccc(F)cc1
RAFIKI-1719,COc1ccccc1C=Nn1c(-c2ccc(S(=O)(=O)c3ccccc3)cc2)n[nH]c1=S
RAFIKI-1720,COC(=O)CCS(=O)(=O)c1ccc(Cl)cc1
RAFIKI-1721,NNc1nc(-c2ccccc2)cc(-c2ccc(Br)cc2)n1
RAFIKI-1722,C=C1C(=O)OC2CC(C)=C(C(C)CCCOC(C)=O)C(OC(=O)c3ccc(F)cc3)C12
RAFIKI-1723,CCC1CN(C(=O)C2CCC(N)CC2)CCC1NC(=O)c1cc(C2CC2)on1
RAFIKI-1724,O=C(Cn1c(=O)n(Cc2ccc3c(c2)OCO3)c(=O)c2oc3ccccc3c21)Nc1ccc(F)cc1
RAFIKI-1725,CCOC(=O)C(NC(=O)c1ccco1)(Nc1ccc(F)c(Cl)c1)C(F)(F)F
RAFIKI-1726,CN(C)CCCn1ccnc1C1CCN(c2cccc(C(=O)O)n2)CC1
RAFIKI-1727,CC1(C)CCC2(C(=O)OCC(=O)O)CCC3(C)C(=CCC4C5(C)CCC(O)C(C)(C)C5CCC43C)C2C1
RAFIKI-1728,CC=CC(O)C1OC(=O)CC1Nc1ccc(COC)cc1
RAFIKI-1729,O=S(=O)(Nc1cc(Cl)ccc1S(=O)(=O)C1CCC(O)C1)c1ccc(Cl)c(C(F)(F)F)c1
RAFIKI-1730,Fc1ccc(NC2=Nn3c(nnc3-c3cc(F)c(Cl)cc3Cl)SC2)cc1Cl
RAFIKI-1731,COc1ccc(N2CCN(C(=O)c3cccnc3SCc3cccc(Br)c3)CC2)cc1
RAFIKI-1732,O=CN1CCN(C(=O)c2ccc(Cl)cc2Cl)C1=S
RAFIKI-1733,CN(C)c1ccc(-c2cc(C(N)=O)c3[nH]c4cc(N5CCOCC5)ccc4c3n2)cn1
RAFIKI-1734,CCC(=O)Nc1cc(Nc2ncnc3sc4c(c23)CCN(CC)C4)ccc1N(C)C
RAFIKI-1735,O=C(Nc1ccc(Br)cc1)C1C(C(=O)NC2CCN(Cc3ccccc3)CC2)C2C=CC1C21CC1
RAFIKI-1736,NC(=O)c1cn(-c2ccccc2)nc1OC1CC2(CC(NC(=O)c3cnn4cc(OCCC(F)(F)F)ccc34)C2)C1
RAFIKI-1737,COc1cc(N)c(Cl)cc1C(=O)NC1CCN(CCCCCN2CCCCC2)CC1
RAFIKI-1738,CCC(=O)Nc1ccc(C=Cc2ccc3c(c2)OCO3)cc1
RAFIKI-1739,COc1cccc(-c2cc(C(=O)NCc3ccco3)c3ccccc3n2)c1
RAFIKI-1740,COc1ccc(-n2c(Cc3nnn[nH]3)n[nH]c2=O)c(C)c1
RAFIKI-1741,Nc1ccccc1-c1nnc(C(=O)NCc2ccc(Cn3cccn3)cc2)o1
RAFIKI-1742,CC1(C)CN(C(=O)c2cc(C3CC3)on2)CCO1
RAFIKI-1743,O=C(Nc1ncc(C(=O)N2CCC3(CCOCC3)C2)cn1)c1cncnc1
RAFIKI-1744,Cn1nc(-c2ccc(Cl)c(Cl)c2)n(C)c1=O
RAFIKI-1745,O=C(O)c1cn(-c2ccc(Cl)cc2Cl)c2cc(N3CCNCC3)c(F)cc2c1=O
RAFIKI-1746,CC(C)(C)NC(=O)N1CCc2c(-c3cccc(C(F)(F)F)c3)ccc(C(=O)NC3CC3c3ccccc3)c2C1
RAFIKI-1747,CC(=O)C1=C(O)C(=O)N(c2cccc(C(F)(F)F)c2)C1C1CCCCC1
RAFIKI-1748,COCCNC(=O)C1CCC(c2ccccc2)N(C(=O)c2ccccc2F)C1
RAFIKI-1749,CCCCCCCC(C(=O)NC(CC1CCCCC1)C(=O)NCCN1CCOCC1)C(O)CS
RAFIKI-1750,CC1(c2ccc(F)cc2F)CC(COc2ccc(N3CCN(c4ccc(-n5cn[nH]c5=O)cc4)CC3)cc2)CO1
RAFIKI-1751,CCN(CC)S(=O)(=O)NCCc1cccc(Cl)c1
RAFIKI-1752,CC(C)CN1CC(C(=O)Nc2ccc(CN(C)C3CCOCC3)cc2)=Cc2ccccc2C1=O
RAFIKI-1753,O=C(C1CCC(CN2CCOCC2)O1)N1CC(F)CC1CO
RAFIKI-1754,[N-]=[N+]=Nc1cccc(CC(N)C(=O)O)c1
RAFIKI-1755,CCOC(=O)C(=O)CC(=O)C(Br)C(Br)c1ccc(Cl)cc1
RAFIKI-1756,CC1=CN=C(C)C2NC(CCc3nc(-c4ccoc4)cn3C)=NN12
RAFIKI-1757,COC(=O)C1C2CC3CCC1N3CC2=Cc1ccc(-c2cccc(F)c2)cc1
RAFIKI-1758,CC(C)OCCCNC(=O)c1csc(Nc2ccc(Cl)c(Cl)c2)n1
RAFIKI-1759,c1ccc(N2CCN(CCCOc3cccc4[nH]c5ccccc5c34)CC2)nc1
RAFIKI-1760,COc1cc(F)c(C(=O)N(C2CC2)C(C)c2cccnc2)cc1OC
RAFIKI-1761,CC(=O)N1CCN(CCOc2ccccc2Cl)CCC12CCOCC2
RAFIKI-1762,Cc1cc2ccccc2nc1-c1ccccc1F
RAFIKI-1763,COc1cc(CN2CC3CCCN4CCCC(C2CCCCO)C34)cc(OC)c1OC
RAFIKI-1764,Cc1csc(C(=O)Nc2cc3cc(-c4cncn4C)ccc3cn2)n1
RAFIKI-1765,NC(=O)NOCCCNc1ccc([N+](=O)[O-])cc1[N+](=O)[O-]
RAFIKI-1766,CCOCCOC(=O)C(C#N)=C(NCc1nc(-c2ccc(C(F)(F)F)cc2)no1)SC
RAFIKI-1767,NC(=O)c1cccc(OCCCCCCl)c1
RAFIKI-1768,Cc1cc(-n2ncc3cc(NC(=O)NC(C)c4ccc(OC(F)(F)F)cc4)ncc32)ccn1
RAFIKI-1769,COC(C)(CC1OC2C1OC1OC(C(Cl)(Cl)Cl)OC12)OC
RAFIKI-1770,O=C(O)C1(c2ccccc2)CCC(=NNc2ccc([N+](=O)[O-])cc2[N+](=O)[O-])C1
RAFIKI-1771,CSCCC(N)C(=O)c1ccccn1
RAFIKI-1772,CC(CO)NC(=O)c1ccc(NCc2ccccc2)cc1
RAFIKI-1773,CN(C)C1C(=O)C(C(N)=O)=C(O)C2(O)C(O)C3C(=O)c4c(O)cccc4C(CS)C3C(O)C12
RAFIKI-1774,Fc1ccc(Nc2ncnc3c2oc2cc(-c4ccc5c(c4)OCO5)cnc23)cc1Cl
RAFIKI-1775,NC(=Nc1ccc(Cl)c(Cl)c1)Nc1nc(Nc2ccc(O)c(CNCC3CCCCC3)c2)cc(C(F)(F)F)n1
RAFIKI-1776,CC1CCN(C(=O)c2ccc(NC(=O)C3CCCO3)cc2)CC1
RAFIKI-1777,CNc1cc(C)nc(Nc2ccc(OC)c(C3=CCN(CCO)CCC3)c2)n1
RAFIKI-1778,O=C1NCCn2c(-c3cccc(CO)c3)nc3cccc1c32
RAFIKI-1779,CCn1nc(CC(C)C)cc1C(=O)N1CCCCC1CN1CCCC1
RAFIKI-1780,Cc1ccc2c(c1)nnn2C1CCN(CC(=O)Nc2ccc(F)cc2)CC1
RAFIKI-1781,C[n+]1cccc(C(=O)NCCCC(=O)O)c1
RAFIKI-1782,CC1(C)CC(=NOC(=O)c2ccccc2NC(=O)c2ccccc2F)c2c(-c3ccc(F)cc3)noc2C1
RAFIKI-1783,CN(Cc1cnccn1)C(=O)Nc1ccc2c(c1)CCCN2C
RAFIKI-1784,O=C(Nc1cc(O)cc(Cc2ccccc2)c1)N1CCOCC1
RAFIKI-1785,Cn1cc(-c2c[nH]c3ncc(F)cc23)nc(NCCc2cccs2)c1=O
RAFIKI-1786,CCCOc1ccc(C(=O)C=Cc2cc(Cl)c(OC)cc2OC)cc1
RAFIKI-1787,CN1CCN(C2CCN(c3cnc4ccccc4n3)CC2)C1=O
RAFIKI-1788,COC(=O)CCCNC(=O)NCc1cc(O)c(O)c(Br)c1Br
RAFIKI-1789,O=C(C(O)CS(=O)(=O)CCO)N1CC=C(c2c(F)cc(N3CC(COc4ccon4)OC3=O)cc2F)CC1
RAFIKI-1790,Cc1ccc(S(=O)(=O)N2CCCc3cc(NS(=O)(=O)c4cc(C)ccc4C)ccc32)cc1
RAFIKI-1791,COc1cc(C=C2C(=O)Nc3ccccc32)ccc1OCCCN1CC(C)OC(C)C1
RAFIKI-1792,CC(C(=O)O)C(c1cccc(OCC2CC2c2ccccc2)c1)C1CC1
RAFIKI-1793,O=C(C=CC=Cc1ccccc1)c1cc(Cl)ccc1O
RAFIKI-1794,O=C(CSCc1ccccc1Cl)Nc1ccc(C(=O)O)cc1
RAFIKI-1795,COc1ccc(C(=O)NC(c2ccc(C(F)(F)F)cc2)c2ncccc2C(F)(F)F)cn1
RAFIKI-1796,CCC=C(C)C(=O)Nc1cccc(Nc2ccc3c(C=Cc4ccccc4)n[nH]c3c2)c1
RAFIKI-1797,Cc1cc(NS(=O)(=O)c2ccc(NC(=O)COc3ccccc3Br)cc2)no1
RAFIKI-1798,Cc1ccc(S(=O)(=O)c2n[nH]c3ccc(N4CCN(C)CC4)cc23)cc1
RAFIKI-1799,CC(c1ccon1)N(C)C(=O)CCc1cccc(F)c1
RAFIKI-1800,COP(=O)(OC)c1ccc(NC(=O)C2SCC(=O)c3cc(C4CCCCC4)ccc32)cc1
RAFIKI-1801,COC(=O)c1ccc2nc(-c3ccccc3)c(Cc3ccc(OC)cc3C)n2c1
RAFIKI-1802,O=C(NC1(C(=O)NCc2ccc(Cl)cc2)CSC2=C1C(=O)c1ccccc1C2=O)c1ccc(Cl)cc1
RAFIKI-1803,Cc1ccc2nc(Nc3ccc4nc(NCCN5CCOCC5)sc4c3)nc(NCCCO)c2c1
RAFIKI-1804,COC(c1ccc(Cl)cc1)C(C)C1CCNCC1
RAFIKI-1805,O=c1c2c([nH]c3ccccc13)C(c1ccco1)N(c1ncc(-c3ccccc3)cn1)C2
RAFIKI-1806,CCOc1ccc(NC(=O)C2CCN(C(C)=O)CC2)cc1
RAFIKI-1807,COC12C(COC(N)=O)C3=C(C(=O)C(C)=C(NCC4CCCO4)C3=O)N1CC1NC12
RAFIKI-1808,COc1cccc(CN(C(=O)C2CNCC(=O)N2c2ccc(CCCOc3c(F)ccc(F)c3F)cc2)C2CC2)c1C
RAFIKI-1809,CC(=O)N1CCc2c(c(Nc3ccc(-c4cccc(Cl)c4)cc3)nn2C)C1
RAFIKI-1810,CCOC(=O)C(NC(=O)NCc1ccccc1)(OCC)C(F)(F)F
RAFIKI-1811,Cc1ccc(O)c2[nH]c(Cc3ccc(Cl)cc3)nc12
RAFIKI-1812,CC(=O)NC(C)c1ccc(OC2CCN(c3ncnc(N4CCOC(C(F)(F)F)C4)c3F)C2)cc1
RAFIKI-1813,NCCC(=O)NC1CCC(NC(=O)c2ccc(N3CCCC3)cc2)CC1
RAFIKI-1814,COc1ccc(NC=CC(=S)c2ccc(OC)cc2)cc1
RAFIKI-1815,COc1ccc(-c2nc(CN3CCN(Cc4ccccc4)CC3)co2)cc1
RAFIKI-1816,CCCC1COC(=O)N1c1cc(C(=O)NC(C)c2cnccn2)cc(-c2ccc(C)cn2)c1
RAFIKI-1817,CCC1CCCN(c2ccc(C3=CC4(CCc5cc(O)ccc54)c4ccc(O)cc43)cc2)CC1
RAFIKI-1818,Cc1ccn2c(NS(=O)(=O)c3c(Cl)cc(Cl)cc3Cl)nnc2c1
RAFIKI-1819,CN=C(S)N(Cc1cc2cc(C)ccc2n2nnnc12)CC(C)(C)CN(C)C
RAFIKI-1820,COc1ccc(N2C(=O)NC(NC(=O)C(C)(C)C)(C(F)(F)F)C2=O)cc1
RAFIKI-1821,CN(C)c1ncc(-c2cccc(OCC(O)CN3CCc4ccccc4C3)c2)cn1
RAFIKI-1822,COc1ccc(-c2csc(C3(NC(=O)CC(N)Cc4ccccc4F)CCS(=O)(=O)CC3)n2)cc1
RAFIKI-1823,Cc1ccccc1Nc1nnc(SCc2ccccc2)[nH]1
RAFIKI-1824,Cn1cc(Nc2nccc(N3CC4CCC(C3)N4C(=O)C3(F)CC3)n2)cn1
RAFIKI-1825,CCCC1CN(S(=O)(=O)N(C)CC)CC1N
RAFIKI-1826,CCCCCN1C(=O)C(=O)N(C(C)=O)C(Cc2ccc(N(C(=O)C(=O)O)c3ccccc3C(=O)O)c(CC)c2)C1=O
RAFIKI-1827,O=C1COc2cc3ncnc(Nc4cccc(F)c4)c3cc2N1CCCN1CCCCC1
RAFIKI-1828,Cc1ccc(Oc2ccc(OC(C)(C)C(=O)O)c(C)c2)cc1CNC(=O)c1ccc(C(F)(F)F)cc1F
RAFIKI-1829,C1=C(c2ccccc2)SC(N2CCCCC2)S1
RAFIKI-1830,CCOc1ccc(S(=O)(=O)n2cc(-c3ccccc3)c(N)n2)cc1
RAFIKI-1831,O=C(Nc1ccccc1)OCC1OC(=O)NC1CN1CCN(c2ccccc2)CC1
RAFIKI-1832,NC(=O)c1ccc(N2CCC(c3cccc(C(F)(F)F)c3)C(N)C2)c2cncnc12
RAFIKI-1833,Cc1ccc(-c2cc(-c3ccccc3)c(C#N)c(=O)n2C2OC(CO)C(O)C(O)C2O)cc1
RAFIKI-1834,Cn1c(=O)oc2cc(S(=O)(=O)N3CCCC(C(=O)Nc4nccs4)C3)ccc21
RAFIKI-1835,Cn1c2c([n+](C)c1-c1ccccc1F)C(=O)c1ccccc1C2=O
RAFIKI-1836,COc1ccc(C(=O)c2cccn2CC=Cc2ccc(CC(=O)O)cc2)cc1
RAFIKI-1837,NC(CO)(CO)CCc1ccc(-c2ccc(SCc3ccccc3)cc2)cc1Cl
RAFIKI-1838,COCCOc1nc(N)nc2c1CC(c1c(Cl)cccc1Cl)C(=O)N2
RAFIKI-1839,O=[N+]([O-])c1ccc(N=Cc2c(O)ccc3ccccc23)cc1
RAFIKI-1840,CC(=O)C(C#N)=C1NC(=O)C(Cc2ccccc2)S1
RAFIKI-1841,COc1ncc2ncc(=O)n(CCC#N)c2n1
RAFIKI-1842,CCOC(=O)NC(O)C(Cl)(Cl)Cl
RAFIKI-1843,Oc1nc(C(Cl)Cl)nc2sc3c(c12)CCN(Cc1ccccc1)C3
RAFIKI-1844,Cc1c(CNC2CCCCCC2)c(C(=O)O)c(C)n1Cc1cccc(Cl)c1
RAFIKI-1845,Nc1ccc(-c2ccc(F)cc2)cc1NC(=O)c1nc2c(s1)CNCC2
RAFIKI-1846,COc1ccc(-c2cc(=O)c3c(O)c4c(cc3o2)OC(N)=C(C#N)C42C(=O)N(C)c3ccc(C)cc32)c(OC)c1
RAFIKI-1847,CCOC(=O)c1sc(N2CCCC2)c2c1CC(C)(C)CC2=O
RAFIKI-1848,FC(F)(F)c1cc(C23CNCC2C3)ccc1Cl
RAFIKI-1849,c1ccc(-c2nn(-c3ccccc3)cc2Cn2cncn2)cc1
RAFIKI-1850,COc1ccc2c(c1)c(CC(=O)NCCc1ccc(O)cc1)cn2C(=O)c1ccc(Cl)cc1
RAFIKI-1851,COC(=O)NC(C)Cc1ccc(C#Cc2cnc(Oc3ccccc3)nc2)cc1
RAFIKI-1852,CC1=CC(C#N)(C#N)C(C#N)(C#N)C(c2ccccc2)N1
RAFIKI-1853,CCCOc1ccc2ccc(=O)oc2c1CN1CCN(CC=Cc2ccccc2)CC1
RAFIKI-1854,O=C(O)CCc1cc2cccc(Cc3c(Cl)cccc3Cl)c2s1
RAFIKI-1855,COCCNC(=O)Nc1cc2[nH]nc(OC)c2c(COC)n1
RAFIKI-1856,C=CC(=O)Nc1cc(Cl)c(-c2ccc3nc(NC(=O)C4CC4F)cn3c2)c2cn[nH]c12
RAFIKI-1857,CC(=O)Nc1ccc(C(=O)N2CCC(Oc3cccc(CN(C)Cc4cccc5ccccc45)c3)CC2)cc1
RAFIKI-1858,Cc1ccc2c(c1)c1c3c(c(C)cc1n2CCCN)C(=O)NC3=O
RAFIKI-1859,CCc1n[nH]cc1C=Nn1c(OCc2ccc(C)cc2)n[nH]c1=S
RAFIKI-1860,COc1ccc(-c2[nH]c(=S)[nH]c2-c2ccc(F)cc2)cc1
RAFIKI-1861,N=C(N)c1cccc(C2=NOC(Cn3cnnn3)(C(=O)Nc3ccc(-c4ccccc4S(N)(=O)=O)cc3)C2)c1
RAFIKI-1862,CC(C(=O)O)N1CCc2nc(OCc3cccc(-c4ccccc4F)c3Cl)ccc2C1
RAFIKI-1863,Cc1csc(=S)n1OC(=O)NC1CCCCC1
RAFIKI-1864,CCN1c2ncccc2C(=O)N(C)c2ccc(-c3ccc(O)nc3)nc21
RAFIKI-1865,CSCCC(NC=C1C(=O)NC(=O)N(c2ccc(Br)cc2)C1=O)C(=O)OC(C)(C)C
RAFIKI-1866,COc1ccc(CCCC(=O)O)cc1C1OC(C)C(O)C(O)C1O
RAFIKI-1867,COc1cc(CN2CCCC3(CCN(C(=O)c4cc(F)c(F)cc4F)C3)C2)cc(OC)c1OC
RAFIKI-1868,CCCNc1ccc(S(=O)(=O)NC)cc1Nc1ncnc2[nH]ccc12
RAFIKI-1869,Cc1cc(Nc2nc(NCCO)c3cnn(C)c3n2)cc(C(F)(F)F)c1
RAFIKI-1870,NC(=O)CCNC(=O)c1cccc(S)c1
RAFIKI-1871,Fc1ccccc1-c1ccc(CN2CCN(C3CCN(CC(F)(F)F)C3)CC2)s1
RAFIKI-1872,O=S(=O)(Nc1nnc(C(F)(F)F)s1)c1ccc(-c2cc(C(F)(F)F)on2)s1
RAFIKI-1873,NC(=O)c1ccccc1NC(=O)Nc1ccc(Cl)c(Cl)c1
RAFIKI-1874,CC1c2cccc(O)c2C(=O)C2=C(O)C3(O)C(=O)C(C(N)=O)=C(O)C(N(C)C)C3C(O)C21
RAFIKI-1875,C=C1CCCC2C1(C)CCC(C)C2(C)CC1=C(O)C(=O)C=C(OC)C1=O
RAFIKI-1876,O=C1C(c2cccnc2)N(CCCc2ccccc2)C(=O)CN1c1ccccc1
RAFIKI-1877,CCOc1cc(C(c2c(O)c3ccccc3oc2=O)c2c(O)c3ccccc3oc2=O)ccc1OC
RAFIKI-1878,NCc1n[nH]c(=O)c2ccc(-c3cnn4c3CN(C(=O)c3ccccc3)CC4)cc12
RAFIKI-1879,c1ccc(CN2CCC(CNc3noc4ccccc34)CC2)cc1
RAFIKI-1880,COc1cccc(S(=O)(=O)N2CC(c3ccccc3)C(c3ncon3)C2)c1
RAFIKI-1881,OCc1ccccc1-c1cnn(Cc2ccccc2)c1
RAFIKI-1882,CNC(=O)N(N(CCCl)S(C)(=O)=O)S(C)(=O)=O
RAFIKI-1883,COc1cc(C=c2c(=O)[nH]n3c(=O)c4ccccc4nc23)cc(OC)c1OC
RAFIKI-1884,Cc1cccc(C)c1C(=O)NCC(c1cnco1)N1CCc2ccccc2C1
RAFIKI-1885,Nc1nc2cc(CCC3CC(Nc4ncncc4C(=O)c4ccccc4C(F)(F)F)C(O)C3O)ccc2cc1Br
RAFIKI-1886,CC1CCN(C(=O)CSc2nnc(Cc3ccccc3)o2)CC1
RAFIKI-1887,CCOc1ccc(NC(=O)C(C)SC(N)=O)cc1
RAFIKI-1888,N=C(NCCO)c1ccc(-c2ccc(-c3ccc(C(N)=NCCO)cc3)o2)cc1
RAFIKI-1889,CCC(C)C1NC(=O)C2CCCN2C(=O)CNC(=O)C(C)NC(=O)C(Cc2ccc(O)cc2)NC1=O
RAFIKI-1890,CC12C(=O)Nc3ccc(Cl)cc3C(=O)N1C1c3cc(Cl)ccc3OCC1C2c1ccccc1
RAFIKI-1891,CCC(C(=O)N1CCCCC1C(=O)OC(CCc1ccccc1)c1cccc(OCC(=O)O)c1)c1cc(OC)c(OC)c(OC)c1
RAFIKI-1892,CCOC(=O)c1cc(S(=O)(=O)N(C)Cc2ccccc2)cn1C
RAFIKI-1893,c1ccc(C2(c3ccccc3)NCCO2)cc1
RAFIKI-1894,CS(=O)(=O)c1cccc(Cn2cnc3cccc(NC(=O)c4cc(Cl)c(O)c(Cl)c4)c3c2=O)c1
RAFIKI-1895,O=C(C1=CC2C3C(=O)N(c4ccc(Cl)cc4)C(=O)C3C(C(=O)c3ccc(Cl)cc3)N2C=C1)c1ccccc1
RAFIKI-1896,O=c1cc2c(nn1CC1CN(c3cc(=O)n4ccccc4n3)C1)CCC2
RAFIKI-1897,O=P(O)(O)C(c1ccc(-c2cccc(Cc3cc(Cl)c(Cl)cc3Cl)c2F)cc1)S(=O)(=O)N1CCOCC1
RAFIKI-1898,O=C(C1CSC(c2ncccc2O)=N1)N(O)Cc1ccccc1
RAFIKI-1899,CN(C)Cc1cc(Nc2ccc(-c3cnc4cc(Cl)ccn34)c3c2C(=O)NC3)ncc1C1(O)CCOCC1
RAFIKI-1900,O=C(O)c1ccc(N2C(=O)SC(=Cc3ccc(F)cc3)C2=O)cc1
RAFIKI-1901,CCC(C)c1noc(-c2ccc3nc(Nc4cc(CN5CCN(C(=O)C6CC6)CC5)ccn4)[nH]c3c2)n1
RAFIKI-1902,CCOC(=O)NN=C(C)c1ccc(OC(F)F)cc1OC(F)F
RAFIKI-1903,CC(N)C(=O)CCCCC(C)C(=O)O
RAFIKI-1904,CCCN(CCN1CCN(CC)CC1)C(=O)c1cccnc1C
RAFIKI-1905,CC(=NOC(=O)CCc1ccccc1)c1nc2ccccc2o1
RAFIKI-1906,Cc1nc(C(C)C)nc(N2CCN(C(=O)c3ccccc3Cl)CC2)c1Cc1ccccc1F
RAFIKI-1907,CCCN(CCCCNC(=O)c1cc2ccccc2[nH]1)CC1CC1c1cc(F)ccc1OC
RAFIKI-1908,COc1cc2c(Oc3ccc(NC(=O)NN4C(=O)CSC4C4CCCCC4)cc3)ccnc2cc1OCCCN1CCOCC1
RAFIKI-1909,COc1ccc(-n2c(=O)c3ccccc3n(Cc3ccccc3Cl)c2=O)cc1
RAFIKI-1910,O=C(NCc1ccccc1OC(F)(F)F)c1ccc(CN2CCN(C(=O)CCO)CC2)s1
RAFIKI-1911,Cc1cccc(CN(Cc2cccnc2)Cc2ccc([N+](=O)[O-])s2)c1
RAFIKI-1912,CCC1CC23OC(=O)C4(OC4C(C)CC(C)CCCC2(C)C=C1C)C3=O
RAFIKI-1913,Cc1nc(C)n(C(Oc2ccc(Cl)cc2Cl)C(=O)C(C)(C)C)n1
RAFIKI-1914,CCOC(O)=C1C(C)=NC2=C(C(=O)CCC2)C1c1ccc(O)c(OCC)c1
RAFIKI-1915,COc1cc(-c2c(C)cc(O)cc2OC2OC(CO)C(O)C(O)C2O)oc(=O)c1
RAFIKI-1916,CCc1nnc(CNC(=O)c2cc(CC(C)C)no2)s1
RAFIKI-1917,CN(C)c1nc2c(c(NCc3cc(O)ncn3)n1)CCCC2
RAFIKI-1918,NC(=O)c1ccc(-c2cncc(N3CCN(CCO)CC3)n2)cc1
RAFIKI-1919,c1ccc(NN=C(Cn2ccnc2-c2ccccc2)c2ccccc2)cc1
RAFIKI-1920,C=CC(C)(C)c1[nH]c2cccc3c2c1CC1C3C(O)C(C)CN1C
RAFIKI-1921,NC(=O)CNC(=O)C1=CC(Oc2cc(F)ccc2Br)C(O)C(O)C1
RAFIKI-1922,Fc1cnc(Cl)c(CN2CCN(c3nc4ccccc4nc3NC3CC3)CC2)c1
RAFIKI-1923,Cc1c(O)ccc2c1oc(=O)c1ccccc12
RAFIKI-1924,Fc1ccc(Nc2ccnc3ccc(Cl)cc23)cc1
RAFIKI-1925,NCC1CN(c2nc3c(cc2F)c(=O)c(C(=O)O)cn3C2CC2)CC1=NOCc1cc2c(cc1Cl)OCO2
RAFIKI-1926,c1ccc(CCCn2nnc(Cc3cccnc3)n2)cc1
RAFIKI-1927,O=c1c2oc3ccccc3c2n(Cc2ccccc2Cl)c(=O)n1Cc1ccco1
RAFIKI-1928,CC1(C(=O)NCc2ccccc2)CSCC(=O)N1N=Cc1ccc([N+](=O)[O-])o1
RAFIKI-1929,COC(=O)C1=C(C)NC(C)=C(C(=O)OC)C1c1c(-c2cccs2)nc2sccn12
RAFIKI-1930,CCCCNCc1cc(C(C)(C)C)cc(I)c1O
RAFIKI-1931,Cc1cccc(COc2ccc(C(C)NS(N)(=O)=O)cc2)c1
RAFIKI-1932,COc1ccc(C=C(C#N)c2nc(-c3ccc(-c4ccccc4)cc3)cs2)cc1OC
RAFIKI-1933,CCCCn1cc(C(=O)NCc2ccccc2)c(=O)c2ccc(N3CCCN(C)CC3)cc21
RAFIKI-1934,CCSc1c(C)c2c(n(Cc3ccc(OC)cc3)c1=O)Cc1ccccc1C2
RAFIKI-1935,CNc1oc(C=Cc2cc(OC)c(OC)c(OC)c2)nc1C#N
RAFIKI-1936,Cc1c(NC(=O)c2ccc(-c3cccc([N+](=O)[O-])c3)o2)c(=O)n(-c2ccccc2)n1C
RAFIKI-1937,CC1(C)CC(=O)c2c(nc3[nH]c(=O)[nH]c(=O)c3c2-c2ccc([N+](=O)[O-])cc2)C1
RAFIKI-1938,Cn1c2ccccc2c2nn(-c3ccccc3)c(=O)cc21
RAFIKI-1939,Cn1c(SCC(=O)Nc2ccc(N3CCOCC3)cc2)nnc1-c1ccccc1F
RAFIKI-1940,Cc1c(-c2nc3cc(CNC(C)C(=O)O)cc(C#N)c3o2)cccc1-c1cccc(NC(=O)c2nc3c(n2C)CCN(C)C3)c1Cl
RAFIKI-1941,O=C(NC1CCCCC1)Oc1cc2oc(=O)sc2cc1Br
RAFIKI-1942,O=C1C=C(OCCCl)CC(c2cccc(Cl)c2)O1
RAFIKI-1943,CC(=CCCC(C)=CCC1=CC(=O)C(C)=CC1=O)CCC=C(C)CCC(O)C(C)(C)O
RAFIKI-1944,O=C1C(=O)C(Nc2ccncc2)C1NCCCCCCS(=O)(=O)N(CCCN1CCOCC1)Cc1cccnc1
RAFIKI-1945,Fc1ccc2nc(NC3CC(Oc4nccnc4C4CCOCC4)C3)sc2c1
RAFIKI-1946,CC(C(=O)Nc1ncccc1Cl)c1ccc(Nc2ccnc(C(F)(F)F)c2)cc1
RAFIKI-1947,O=C(CSc1nnc(-c2ccncc2)o1)Nc1cc(F)ccc1F
RAFIKI-1948,C=C1C(=O)OC2C1C(OC(=O)C1(C)OC1C)CC1(C)C(O)CC3OC3(C)C21
RAFIKI-1949,O=c1cc(-c2ccc3[nH]nnc3c2)[nH]c2nc(Cc3ccccn3)nn12
RAFIKI-1950,CC(C)(C)OC(=O)Nc1ccccc1C1(C)OC2COC3N2C1OC3(C)c1ccccc1NC(=O)OC(C)(C)C
RAFIKI-1951,CC1CN(C(=O)c2ccc(-c3cnccn3)cc2)CC(C)O1
RAFIKI-1952,c1ccc(N2CCN(CCc3nnn[nH]3)CC2)cc1
RAFIKI-1953,Cc1ccc(S(=O)(=O)NCC2CC3c4ccccc4C2c2ccccc23)cc1
RAFIKI-1954,COc1cc(OC)cc(-c2nc3cc(F)ccc3s2)c1
RAFIKI-1955,Cc1ccc(C(=O)N(C)C2CCCCC2)c(C2CCN(C(=O)c3ccc(F)cc3F)CC2)n1
RAFIKI-1956,CN(C)C1C(=O)C(C(N)=O)=C(O)C2C(O)C3=C(CC21)C(C)(O)c1c(Cl)ccc(O)c1C3=O
RAFIKI-1957,COc1ccccc1N1CCN(Cc2cn3c(O)nc4ccccc4c3n2)CC1
RAFIKI-1958,CC1=C(C(=O)c2ccccc2)C(c2c3ccccc3cc3ccccc23)NC(=O)N1
RAFIKI-1959,CN(C)CCn1cc(S(=O)(=O)c2ccccc2)c2ccc(Cl)cc21
RAFIKI-1960,Nc1c(Br)c(=O)[nH]c(=O)n1-c1ccccc1
RAFIKI-1961,C=CCCCCCCCCC(=O)OCCCC
RAFIKI-1962,CC(=O)c1c[n+](Cc2ccccc2C)ccc1CC1Cc2cc3c(cc2C1=O)OCO3
RAFIKI-1963,CC1CNCCN1c1cc(=O)n(C)c(CCc2ccccc2C(F)(F)F)n1
RAFIKI-1964,O=C1CCc2c(c3oc(=O)ccc3c3ccccc23)O1
RAFIKI-1965,N=C(NC1CCC(CC2CCC(NC(=N)c3cccs3)CC2)CC1)c1cccs1
RAFIKI-1966,Cc1ccc(NS(=O)(=O)c2cccc3cccnc23)c(Br)c1
RAFIKI-1967,Cc1cccc2sc(SCC(=O)NCc3c(O)c(=O)cc(C)n3C)nc12
RAFIKI-1968,C=CC1(C)CCC2=C(C1)C(OC)CC1C(C)(C(=O)O)CCCC21C
RAFIKI-1969,CC(=O)N1CCC(C(=O)Nc2cnc(Nc3ccc(OC(C)C)c(F)c3)n(Cc3ccc(Cl)cc3)c2=O)CC1
RAFIKI-1970,Cc1ccc(Cl)cc1-c1nn(C)cc1NC(=O)c1cnn2ccc(N)nc12
RAFIKI-1971,O=C(O)c1ccc(C(=O)c2ccc(-c3ccc(Cl)cc3Cl)cc2)cc1
RAFIKI-1972,O=C(NCCCl)Nc1ccccc1NS(=O)(=O)c1cccs1
RAFIKI-1973,O=C(O)c1ccccc1I(=O)=O
RAFIKI-1974,Cc1ccc(Sc2ccc(N3CCC(C(=O)Nc4ccc(C)c(F)c4)CC3)nn2)cc1
RAFIKI-1975,CCC(C)Oc1cc2c(cc1OC)CC(=O)N(c1ccc(N(C)C)cc1)C2c1ccc(Cl)cc1NC(C)=O
RAFIKI-1976,OC(CCCN1C=CC(O)(c2ccc(Cl)cc2)CC1)c1ccc(F)cc1
RAFIKI-1977,CCc1cnc(C)nc1N1CCC(C(=O)NC)C1
RAFIKI-1978,Cc1nc(NC(C)c2cccc(C(F)F)c2F)c2cc(-c3cncnc3)c(=O)n(C)c2n1
RAFIKI-1979,COC(=O)c1ccccc1S(=O)(=O)NC1Cc2ccc(-c3cc4ccccc4n3C(=O)OC(C)(C)C)cc2C1
RAFIKI-1980,Cc1cccc(-c2nc(Nc3ccncc3OCCCCN(C)C)c3cccn3n2)n1
RAFIKI-1981,CC1(C)Cc2c(ccc3[nH]ncc23)C(c2ccc(OCCN3CC(CF)C3)cn2)N1CC(F)F
RAFIKI-1982,COc1ccc(C(=O)Nc2cc(C(C)Nc3nccc4c(C(N)=O)cccc34)ccc2F)cc1F
RAFIKI-1983,O=C(NCCN1CCCC1)c1cccn2c1nc1cc3ccccc3cc12
RAFIKI-1984,CC(CNC(=O)C(C)C)Oc1ccc(F)cc1
RAFIKI-1985,CN(C)C=CC(=O)c1cc2ccc(OCc3cn(Cc4ccc(F)c(F)c4)nn3)cc2oc1=O
RAFIKI-1986,O=C(c1ccc(Cl)cc1)N1CC2CCCN3CCCC(C23)C1CCCCO
RAFIKI-1987,COc1ncc(-c2c(N)ncnc2NC(C)c2nn3ccc(C)c3c(=O)n2-c2ccccc2)cc1NS(=O)(=O)c1ccc(F)cc1
RAFIKI-1988,O=C(CN1C(C(=O)c2ccc(F)cc2)=C(O)c2ccccc2S1(=O)=O)Nc1ccccc1
RAFIKI-1989,O=C1CCC(CCNCc2ccc(Cl)cc2)N1CC1(N2CCCCC2)CCCC1
RAFIKI-1990,CCCCCCCCCC(=O)NC1CC(OC2CC(O)(C(=O)CO)Cc3c(O)c4c(c(O)c32)C(=O)c2c(OC)cccc2C4=O)OC(C)C1O
RAFIKI-1991,COC(=O)SNN(C)S(=O)(=O)c1ccc2ccccc2c1
RAFIKI-1992,Cc1cccc(C(=O)NC(CC(C)C)C(=O)NCCN2CCc3cc(F)ccc32)c1
RAFIKI-1993,CCn1c(=Cc2scc[n+]2Cc2ccccc2OC)sc(=C2Sc3cc(C)ccc3N2C)c1=O
RAFIKI-1994,O=S(=O)(NCCc1ccccn1)c1cc(Cl)cc(Cl)c1O
RAFIKI-1995,Fc1ccccc1Cn1nnc2c(NC3CCCC3)nc(-c3ccccc3)nc21
RAFIKI-1996,COc1ccc2cc3[n+](cc2c1NCCc1ccccn1)CCc1cc2c(cc1-3)OCO2
RAFIKI-1997,O=C(NCc1cccnc1)c1nc(-c2cccs2)no1
RAFIKI-1998,Cc1ccccc1NC(=O)Nc1ccnn1C1CCN(Cc2ccc(OC(C)C)cc2)CC1
RAFIKI-1999,c1cncc(CCNCc2ccc(-c3ccc(CNC4Cc5ccccc5C4)cc3)cc2)c1
RAFIKI-2000,CCCCC(Sc1nc(Cl)cc(Nc2nc(-c3ccc(Cl)cc3)cs2)n1)C(=O)O
RAFIKI-2001,CC(CO)NC(=O)c1nc(OCC2CC2)nc(N2CCC(c3c[nH]c4ncccc34)CC2)n1
RAFIKI-2002,COc1ccc(NC(=O)C2=C(C)NC(=O)NC2c2cccs2)c(OC)c1
RAFIKI-2003,COc1ccc(-c2cccc(Sc3cc(=O)n(O)c(=O)[nH]3)c2)cc1F
RAFIKI-2004,Cc1c(C(=O)C2=C(O)C(=O)N(Cc3cccnc3)C2c2cccs2)cnn1-c1ccccc1
RAFIKI-2005,N=C(N)SCc1ccc(CN2C(=O)C(=O)c3cc(Cl)ccc32)cc1
RAFIKI-2006,Cc1cc(C(C)(C)NC(=O)c2cccc(-c3cccc(Cl)c3)n2)on1
RAFIKI-2007,CCN(CC)c1ccc(C=NN2CCN(Cc3ccc(Cl)cc3)CC2)c(O)c1
RAFIKI-2008,O=C(CSc1nc2ccccc2c(=O)n1-c1ccccc1)N1CCc2ccccc2C1
RAFIKI-2009,CN(C)C=Cc1cccc2nc3ccccc3cc12
RAFIKI-2010,O=C(c1ccccc1I)C(Cl)Cl
RAFIKI-2011,COc1ccc(-n2cc(C(=O)c3cc(OC)c(OC)c(OC)c3)nn2)cc1
RAFIKI-2012,CC(Cc1ncc(F)cn1)S(=O)(=O)Nc1nnc(-c2ccco2)n1-c1ccccc1F
RAFIKI-2013,C=CCn1c(SCC(=O)NC(=O)c2cccc([N+](=O)[O-])c2)nnc1-c1ccccc1
RAFIKI-2014,CC(=O)NC(C)Cc1ccc(C#Cc2cnc(NCc3ccncc3)nc2)cc1
RAFIKI-2015,Cn1c(NCc2ccccc2F)c(C#N)c2c(N)ncnc21
RAFIKI-2016,O=C(C=Cc1ccc(OCc2cc(F)ccc2F)cc1)c1ccc(-n2ccnc2)cc1
RAFIKI-2017,Cc1ccc(S(=O)(=O)NC(CCCCN)C(=O)Nc2ccc(C(=O)c3ccccc3)cc2)cc1
RAFIKI-2018,C=C(C)c1nc(N2CCC(O)C2)c2nnn(Cc3ccccc3Cl)c2n1
RAFIKI-2019,CC(C)NCC(=O)c1ccc(O)c(O)c1
RAFIKI-2020,O=C(NCC(=O)N1CCC(c2noc3cc(F)ccc23)CC1)Nc1ccccc1
RAFIKI-2021,COc1cc(C2CN(C(=O)c3cc(OCC(O)CO)ccn3)C2)ccc1OCc1ccc(C2CC2)cc1
RAFIKI-2022,COc1ccc(-c2[nH]nc3c2C(=O)c2c(NC(=O)CN4CCC(CO)CC4)cccc2-3)cc1
RAFIKI-2023,Cc1cc(Cl)ccc1Oc1coc(C=Cc2ccc[nH]2)cc1=O
RAFIKI-2024,Cc1cc(CN2CCC3(CC2)CC3c2nnc3n2CCCCC3)on1
RAFIKI-2025,CC(=O)c1nc2cc(Cl)ccc2n1C
RAFIKI-2026,Nc1ncnc2c1ncn2C1OC(CO)C(O)C1NC(=O)c1ccc2[nH]cnc2c1
RAFIKI-2027,COC1CCN(c2ccccc2CNC(N)=NC(=O)c2ccc(CC(N)C(=O)O)cc2)CC1
RAFIKI-2028,CCNC(=O)C1OC(n2cnc3c(NCc4ccccc4OC)ncnc32)C(O)C1O
RAFIKI-2029,CCCCOc1ccccc1S(=O)(=O)N1CC(c2nc(-c3ccsc3)no2)C1
RAFIKI-2030,Cc1cc(-c2ccc3sc(-c4c(NC(=O)CCNC(C)C)sc5c4CCNC5)nc3c2)cc(C)n1
RAFIKI-2031,NC(=O)c1cccc2c1C(=O)N(C1CCN(Cc3cccc(Cl)c3)CC1)C2
RAFIKI-2032,N=C(N)NC(C(=O)NCC(=O)N1CCC(c2cc(-c3ccc(O)cc3Cl)[nH]n2)CC1)C1CCCCC1
RAFIKI-2033,CC1CCc2noc(C(=O)NC3COc4ccccc4NC3=O)c2C1
RAFIKI-2034,NC(=O)c1cccc2c1C(=O)N(C1CCN(Cc3cccnc3)CC1)C2
RAFIKI-2035,N#Cc1ccc(C(=O)NC(=S)N2CCN(C=O)CC2)cc1
RAFIKI-2036,CC(OC(=O)c1ccc2c(c1)OCCO2)C(=O)c1ccccc1
RAFIKI-2037,O=C(CCCCN1CCOCC1)Nc1ccc(-c2cccnc2)cc1
RAFIKI-2038,Cc1cccnc1NC(=O)C(C)Oc1ccccc1
RAFIKI-2039,CC(Oc1ccccc1)C(=O)NC1C(=O)N2C1SC(C)(C)C2C(=O)O
RAFIKI-2040,c1ccc2c(-c3nccs3)cccc2c1
RAFIKI-2041,Nc1nc2c(ncn2-c2ccc(S(=O)(=O)N3CCCCC3)cc2F)c(=O)[nH]1
RAFIKI-2042,Fc1ccccc1CSc1nncn1NCc1cccs1
RAFIKI-2043,c1ccc(OCc2nc3c(OCCCNCc4cccnc4)cccc3o2)cc1
RAFIKI-2044,CC(C(=O)N1CCN(CCOc2ccccc2)CC1)n1cncn1
RAFIKI-2045,COc1cc(C(=O)c2c[nH]c(-c3ccc4cc[nH]c4c3)n2)cc(OC)c1OC
RAFIKI-2046,O=C(COc1ccc(Br)cc1)Nc1ccc2c(c1)C(=O)NC2=O
RAFIKI-2047,CCN(CC)c1cccc2[nH]c(-c3[nH]c(C)c(C(C)=O)c3C)nc12
RAFIKI-2048,Cc1cncc(C(=O)N2CCCCC2(C)c2noc(C3CC3)n2)c1
RAFIKI-2049,COC(=O)c1ccc(Nc2nc(Nc3cc(C)[nH]n3)cc(N3CCN(S(=O)(=O)c4ccc(C)cc4)CC3)n2)cc1
RAFIKI-2050,CC(=O)N1CCC(c2cnc(NCc3c(F)ccc4c3CCO4)n3cnc(S(C)(=O)=O)c23)CC1
RAFIKI-2051,Clc1ccc(-c2noc(N3CCOCC3)n2)cc1
RAFIKI-2052,CC(C)(CSc1ncccn1)NS(=O)(=O)c1ccccc1
RAFIKI-2053,O=c1nc(CN2CCOC(c3ccc(Cl)cc3)C2)[nH][nH]1
RAFIKI-2054,O=C(CSc1ccccc1)Nc1ccc(S(=O)(=O)NCC2CCCO2)cc1
RAFIKI-2055,CC(=O)Nc1nc(C(=O)NCCOc2ccc(C)cc2)cs1
RAFIKI-2056,COCc1ccc(Nc2cc(NC(=O)C3CC3)nc3[nH]n(C)c(=O)c23)c(N(C)S(C)(=O)=O)c1
RAFIKI-2057,O=C1C2CN(Cc3ccccc3)CC2CN1CCN1CCCC1
RAFIKI-2058,CCC(C)C(N)C(=O)NC(Cc1cnc[nH]1)C(=O)O
RAFIKI-2059,Cc1ccc(OC2=CC(=O)c3ccccc3C2=O)cc1Br
RAFIKI-2060,Nc1nc(-c2ccco2)c2cnn(Cc3ccco3)c2n1
RAFIKI-2061,CCCN1C(=O)c2ccccc2C(C(=O)O)C1c1ccc(Oc2ccc(C)c(C)c2)cc1
RAFIKI-2062,Cc1ncsc1-c1ccc(CNC(=O)C2CC(O)CN2C(=O)C(NC(=O)C2(C#N)CC2)C(C)(C)C)c(C)c1C
RAFIKI-2063,Cn1c(=O)[nH]c(=O)c2c1nc(Sc1nc3ccccc3[nH]1)n2Cc1cnco1
RAFIKI-2064,CCCCNC(=O)C(CC)Sc1nc2ccccc2c(=O)n1CCc1ccc(OC)c(OC)c1
RAFIKI-2065,Cc1nn2c(O)c3c(nc2c1-c1ccc(F)cc1)CCCC3
RAFIKI-2066,CC1CCN(C2CCN(S(=O)(=O)c3ccc([N+](=O)[O-])cc3)CC2)CC1
RAFIKI-2067,CC(=O)c1ccc(N2C(=O)C(=Cc3ccc(Cl)cc3)N=C2C)cc1
RAFIKI-2068,COc1ccc(NC(=O)NCC(O)c2ccccc2F)c(OC)c1
RAFIKI-2069,CC(C)N(C(S)=NC1CC2CCC1C2)c1ccccc1
RAFIKI-2070,CN1C(=O)N(c2cc(Cl)cc(Cl)c2)C(=O)C12CN(C(=O)c1ccc3ncccc3c1)CC2c1ccc(C#N)cc1
RAFIKI-2071,O=C(O)C(CCN(CCCCc1ccc2c(n1)NCCC2)CC(F)F)Nc1ncc(C2CC2)cn1
RAFIKI-2072,O=C(Nc1cccc(-c2nc3ccccc3c(=O)o2)c1)c1ccc(I)cc1
RAFIKI-2073,O=C(O)c1cc(F)cc(COc2ccc(Cl)c(Cl)c2Cl)c1
RAFIKI-2074,Cc1ccccc1Nc1c(-c2cccc(N(C)C)c2)nc2ccc(Br)cn12
RAFIKI-2075,N=C1NC(c2ccccc2)CC2CCC(CCc3ccccc3)N12
RAFIKI-2076,CCOC(=O)C1(c2ccccc2)C(=O)N(C(C)(C)c2cc(Cl)cc(Cl)c2)C=C1C
RAFIKI-2077,Brc1cnc2[nH]c(-c3ccc(CN4CCOCC4)cc3)nc2c1N1CCN(Cc2ccncc2)CC1
RAFIKI-2078,COc1ccc(-n2nc(C)c3sc(N(C)CC(=O)N4CCCCC4)nc32)cc1
RAFIKI-2079,CS(=O)(=O)Nc1ccc(C2=NN(S(C)(=O)=O)C(c3ccc4c(c3)OCO4)C2)cc1
RAFIKI-2080,CCCC=C1OC(=O)C2CC3CCC12C1(OC(=O)C2=C1CCCC2)C3CCC
RAFIKI-2081,O=C(O)C=CC(=O)NCc1ccccn1
RAFIKI-2082,CCN1c2ccccc2OCC1Cc1ccc(O)cc1
RAFIKI-2083,Cc1nc(COCc2ccccc2)n(-c2ccccc2)n1
RAFIKI-2084,O=C(NCc1ccccc1Br)c1ccc(N2CCCC2=O)cc1
RAFIKI-2085,CCN(CC(=O)Nc1ccc2c(c1)OCCO2)c1nc(-c2cccnc2)nc2ccccc12
RAFIKI-2086,CC(NC(=O)C(Cc1ccccc1)NC(=O)c1cccc2ccccc12)C(=O)NC(C(=O)C(=O)NCC(=O)N1CCN(C)CC1)C(C)C
RAFIKI-2087,CCCCN(Cc1cc(OC(F)(F)F)ccc1O)c1ccc(C(O)(C(F)(F)F)C(F)(F)F)cc1
RAFIKI-2088,NC(=O)c1cnc2c(ccn2CC(=O)NC2CCNCC2)c1
RAFIKI-2089,CCOc1ccc2[nH]c(SCC(=O)NCc3ccc(OC)cc3)nc2c1
RAFIKI-2090,COc1ccc(-c2nnc(NC(=O)CSc3ccc(Cl)cc3)s2)cc1OC
RAFIKI-2091,CC(C)CNc1cc(NC(=O)c2ccccc2)ncn1
RAFIKI-2092,Cc1ccccc1CCOC(=S)Nc1ccc([N+](=O)[O-])cc1
RAFIKI-2093,COc1ccc(N)cc1NC(=O)c1ccc(Cl)cc1Cl
RAFIKI-2094,CCCNC(=O)NC(=O)CN1C=Nc2ccccc2S1(=O)=O
RAFIKI-2095,O=C1C(=O)c2ccccc2C(O)=C1CCCOC(=O)c1ccc2ccccc2c1O
RAFIKI-2096,COc1cccc(C(=O)NCc2noc(-c3c4ccccc4nn3CCn3ccnc3)n2)c1
RAFIKI-2097,Cc1c(C(=O)N2CCC3CCCCC3C2)sc2ncnc(NCCc3ccccn3)c12
RAFIKI-2098,CC(=O)OCC12CCC(C)=CC1OC1C(O)C(OC3OC(CO)C(O)C(O)C3O)C2(C)C12CO2
RAFIKI-2099,CCN(CC)c1cc(C)c2cc(NC(=O)C=Cc3ccccn3)ccc2n1
RAFIKI-2100,CC(C)(O)c1ccc2c(c1)c1cc(Cl)ccc1c1nc(-c3c(C#N)cccc3C#N)[nH]c21
RAFIKI-2101,COc1ccc(O)c(C(=O)c2cnc3onc(C(C)C)c3c2)c1
RAFIKI-2102,Cc1ccc(C(=O)CC(SCC(=O)O)c2ccc([N+](=O)[O-])cc2)cc1
RAFIKI-2103,CS(=O)(=O)Nc1ccc2c(c1)CCCN2C(=O)c1cccs1
RAFIKI-2104,O=C(O)Cn1c(=O)c2ccccc2n(-c2ccccc2)c1=O
RAFIKI-2105,CON=CC=C(C)CCC=C(C)CCC=C(C)C
RAFIKI-2106,CC(NC(=O)c1cccc(C(F)(F)F)c1)C1CCCO1
RAFIKI-2107,Cc1cc(C)c2cccc(OCc3c(Cl)ccc(S(=O)(=O)NC4(C(=O)N5CCN(C(=O)C[N+](C)(C)C)CC5)CCCC4)c3Cl)c2n1
RAFIKI-2108,Cc1csc(-c2n[nH]c3c2Cc2cc(CN4CCN(C)CC4)ccc2-3)c1
RAFIKI-2109,CC1(C)CC=C(c2nc(C3CC4(C)OC(C)(C3)C3OC(C)(C)OC34)ccc2NC(=O)c2ncc(C#N)[nH]2)CC1
RAFIKI-2110,Nc1cccc(CN2CCN(c3ccc(N4CC(Cn5ccnn5)OC4=O)cc3F)CC2)c1
RAFIKI-2111,COCCCN=C(S)Nc1ccc(N2CCCCC2)cc1
RAFIKI-2112,CCn1ccc(C(=O)N2CCC(n3c(C)cnc3C3CCOCC3)CC2)n1
RAFIKI-2113,C=CC(=O)N1CCC(n2cc(-c3cnc4ccccc4c3)c3c(N)ncnc32)C1
RAFIKI-2114,CC1=CC(c2ccccc2)Nc2n[nH]c(=S)n21
RAFIKI-2115,CC1CCC2C(CCCc3cc(C(F)(F)F)cc(C(F)(F)F)c3)COC3OC4(C)CCC1C32OO4
RAFIKI-2116,Cc1oc(-c2ccccc2)nc1CCOc1ccc(CC(Nc2ccccc2C(=O)c2cccc(CN(C)C)c2)C(=O)O)cc1
RAFIKI-2117,CC(C)(C)C(=O)OCN(c1ccc([N+](=O)[O-])cc1Oc1ccccc1)S(C)(=O)=O
RAFIKI-2118,Cc1noc(C)c1-c1ccc2ncnc(NCc3cccc(F)c3)c2c1
RAFIKI-2119,CN(C)C(C)(C)C(=O)Nc1cc(F)c2c(c1)CC(CNCCC1CN(c3cnc4c(n3)NC(=O)CO4)C(=O)O1)C2
RAFIKI-2120,O=C(NCCc1ccccn1)c1cc(-c2ccccc2Cl)nc2ccccc12
RAFIKI-2121,NC1(COP(=O)(O)O)CCC(c2ccc3c(c2)CCC(OCCOCc2cccs2)C3)C1
RAFIKI-2122,O=Cc1cc(O)c2c(c1)C(=O)c1cccc(O)c1C2=O
RAFIKI-2123,CC(Oc1cc(F)c(S(=O)(=O)Nc2cscn2)c(F)c1)c1ccccc1F
RAFIKI-2124,COc1ccccc1C(=O)Nc1cc[n+](Cc2ccccc2)cc1
RAFIKI-2125,O=C(O)c1cccc(-c2cc3cc(Cl)ccc3n2S(=O)(=O)c2cc(Br)cc(Cl)c2O)c1
RAFIKI-2126,O=C(NCc1ccc(Cl)cc1)C1CCN(C(=O)Cc2ccccc2)CC1
RAFIKI-2127,OCC1OC(Oc2ccc(N3CCc4ccccc43)cc2)C(O)C(O)C1O
RAFIKI-2128,COc1ccc(Sc2nccc(C(F)(F)F)n2)cc1OC
RAFIKI-2129,CC1CCCN(c2ccc(C(=O)O)nn2)CC1
RAFIKI-2130,Fc1ccc(-c2nc(Cn3ncc4c3CCCC4)co2)cc1
RAFIKI-2131,CC(N=C(S)Nc1ccccc1)C(c1cccs1)N1CCOCC1
RAFIKI-2132,CCN(C(=O)c1ccc(-c2cc(OC)nc(N)n2)cc1)C1COCC1O
RAFIKI-2133,CN(Cc1ccc2nccn2c1)c1ccc(-c2ccc(-c3ccccc3Cl)cc2)o1
RAFIKI-2134,ON=c1cc(-c2cc3cc[nH]c3cn2)oc2ccccc12
RAFIKI-2135,COc1ccc(NC(=S)Nc2ccc3[nH]cnc3c2)c(OC)c1
RAFIKI-2136,CCC(C)C(NC(=O)C(CC1CCCCC1)NC(=O)c1ccno1)C(=O)Nc1ccc(CC(=O)N2CCC(CN)CC2)cc1
RAFIKI-2137,O=C1Nc2ccc([N+](=O)[O-])cc2C1=Cc1cccnc1
RAFIKI-2138,Cc1ccc2c(=O)nc(N(C)c3ccc(Cl)cc3)sc2n1
RAFIKI-2139,c1ccc2c(c1)CCCc1cnc3ncnn3c1-2
RAFIKI-2140,[O-][n+]1ccc2c(-c3ccc(F)cc3F)cc(C3CCNCC3)nc2c1-c1c(Cl)cccc1Cl
RAFIKI-2141,Cc1cc(CN2CC3COCC3(c3nnc(C)o3)C2)no1
RAFIKI-2142,CCN(CC)C(=O)C(C)C1CCC(CC(C)n2cc(C#CCNC(=O)Nc3cccc(C)c3)nn2)O1
RAFIKI-2143,CNc1ncc2cc(-c3cc(C(=O)Nc4ccc(OC5CCN(C)CC5)cc4)ccc3C)ccc2n1
RAFIKI-2144,CC(=O)NCC1CN(c2ccc(N3CCN(c4ccccn4)CC3)c(F)c2)C(=O)O1
RAFIKI-2145,CCC1C(=O)N(C(=O)NC)C1Oc1ccc(C(=O)O)cc1
RAFIKI-2146,COc1cccc(C2NC(=O)NC(C)=C2C(=O)OCC2CCCCC2)c1
RAFIKI-2147,Cc1c(C(=O)Nc2ccc(OCc3ccccc3)cc2)cccc1[N+](=O)[O-]
RAFIKI-2148,Cc1cc2c(cc1C)C(C)(F)C(=O)N2CC1CCC(NC(=O)c2cc(Cl)cnc2C)CC1
RAFIKI-2149,C=CC1CN2CCC1CC2C(=O)c1ccnc2ccccc12
RAFIKI-2150,COc1ccc(-c2nnc(-c3ccnc(-c4ccccc4)c3)o2)c(F)c1
RAFIKI-2151,CCC(C)Sc1nc(O)c(C)c(Cc2cccc([N+](=O)[O-])c2)n1
RAFIKI-2152,COc1ccccc1-c1ccc(C(=O)NC(C(=O)O)C(C)OC(C)(C)C)c(NC(=O)Nc2c(C)cc(C)cc2C)c1
RAFIKI-2153,COc1cccc(CC(=O)Nc2ccn(-c3ccc(C(C)C)cc3)n2)c1
RAFIKI-2154,NCCCCC(N)C(=O)Nc1ccc(-n2nc(C(F)(F)F)cc2-c2ccc(-c3ccc(C(F)(F)F)cc3)cc2)cc1
RAFIKI-2155,CCCSc1nc2cc3c(cc2o1)C(=O)c1ccccc1C3=O
RAFIKI-2156,CN(C(S)=Nc1cccnc1)c1ccc(O)cc1
RAFIKI-2157,O=C(NC1CC1)c1ccc(N2CCC(NCc3ccc(F)c(F)c3)C2)nc1
RAFIKI-2158,Cc1ccc(C(=O)NCc2c[nH]c3nc(N)[nH]c(=O)c23)s1
RAFIKI-2159,O=C(NCC1CC1)C1CN(C2c3ccc(Cl)cc3CCc3cc(Br)cnc32)CCN1C(=O)Cc1ccncc1
RAFIKI-2160,O=C1N=C(Nc2ccccc2Cl)NC1=Cc1ccc(Cl)cc1Cl
RAFIKI-2161,O=C(c1ccncc1Cl)N1CCN(Cc2ccco2)C(CCO)C1
RAFIKI-2162,CN(Cc1ccccc1)C(=O)C1=CC(C)(C)NC1(C)C
RAFIKI-2163,NC(=NNC(CC(=O)c1ccc(-n2ccnc2)cc1)c1ccc(F)cc1)c1ccccn1
RAFIKI-2164,O=C(O)c1c(O)c(=O)n(Cc2cnn(Cc3cnc4ccccn34)c2)c2ccsc12
RAFIKI-2165,Cc1cccc(N(C(=O)c2cccs2)C(C(=O)NC2CCCCC2)c2ccccc2)c1C
RAFIKI-2166,COc1ccc(NC(=S)NS(=O)(=O)c2ccc(CCNS(=O)(=O)c3ccc(Cl)cc3)cc2)cc1
RAFIKI-2167,Cc1ccc(F)cc1Oc1nc2cc(F)c(N(C)C(=O)C=CCN(C)C)cc2n2cncc12
RAFIKI-2168,CC(C(=O)n1ncc(C#N)c1N)N1CCCCCC1
RAFIKI-2169,O=C(O)c1cc2cc(-c3ccc(OC(F)(F)F)cc3)ccc2c(-c2ccsc2)c1F
RAFIKI-2170,O=C1c2c(Cl)c(Cl)c(Cl)c(Cl)c2C(=O)N1CCCc1ccccc1
RAFIKI-2171,CCOC(=O)c1cccc(N2C(=O)c3ccccc3S2(=O)=O)c1
RAFIKI-2172,CN(C)CCC1CNC(=O)c2cccnc2O1
RAFIKI-2173,O=C1c2ccc(O)cc2C(=O)N1c1ccc(O)c2ccccc12
RAFIKI-2174,COc1ccc2oc(=O)cc(-c3nc4ccccc4[nH]3)c2c1
RAFIKI-2175,O=C(NO)C1C(c2ccccc2)C1c1ccc(-c2ncc(C3CC3)cn2)cc1
RAFIKI-2176,CC(C)OC(=O)C(C(=O)C(F)(F)F)c1cc(NS(=O)(=O)c2ccc(Cl)cc2)ccc1O
RAFIKI-2177,O=C1C=CCC2C3CCCN4CCCC(CN12)C34
RAFIKI-2178,O=C(Cn1nc2c(SC3CCCCC3)nccn2c1=O)Nc1ccc(Cl)cc1F
RAFIKI-2179,Cn1c(=O)c2cc(NC(=O)c3ccccc3Cl)c(=O)oc2n(C)c1=O
RAFIKI-2180,Cn1c(NCc2ccccc2Cl)nc2cc(C(N)=O)cc(N)c21
RAFIKI-2181,O=C(O)Cn1ccc(-c2nnc(C(F)F)o2)cc1=O
RAFIKI-2182,COc1ccc(C2=NOC(Cn3nc(C(=O)NCc4ccccc4OC)cc3-c3ccccc3)C2)cc1
RAFIKI-2183,COC(=O)c1cc(OC)cc(O)c1C(=O)c1c(O)cc(C)c(C2=CC(C)(C)Oc3c(CC=C(C)C)cc(O)cc32)c1O
RAFIKI-2184,CCOc1cc(C(=O)n2cccn2)cc(OCC)c1OCC
RAFIKI-2185,Cc1cc(Sc2ccc(Cl)cc2)nc2ccccc12
RAFIKI-2186,COc1cc2nc(CN3CCC(C(N)=O)CC3)[nH]c(=O)c2cc1OC
RAFIKI-2187,O=C(O)CCCCCCCc1ccc(OCc2ccccc2C(=O)O)cc1
RAFIKI-2188,CCOC(=O)C1C2COc3ccc(Cl)cc3C2NC1(C)C(=O)Nc1cc(C)ccc1C(=O)OC
RAFIKI-2189,CCOc1ccc(NC(=O)C(C)C)cc1C(=O)NC(C)c1ccccc1
RAFIKI-2190,COc1cc(-c2ccc(O)cc2)c(OC)c(O)c1C1=CC(=O)OC1CC(=O)O
RAFIKI-2191,Cc1cc(CNC(=O)Nc2cnc(N3CCCCC3C)c(C)c2)on1
RAFIKI-2192,O=C(NCc1cccnc1-c1ccncc1)c1cnccn1
RAFIKI-2193,O=C1c2c(ccc(O)c2O)CN1Cc1c(F)ccc(F)c1F
RAFIKI-2194,Cc1ccc2c(c1)C1CN(C)CCC1N2C(=O)c1cccc(S(=O)(=O)N(C)C)c1
RAFIKI-2195,O=C1C(=O)N(c2ccccc2)C(=S)N1CCNc1ccnc2cc(Cl)ccc12
RAFIKI-2196,Nc1ncnc2c1ncn2C1OC(CN(CCc2coc3ccccc23)CCC(N)C(=O)O)C(O)C1O
RAFIKI-2197,Cc1ccc(Cl)c2c(=O)c3ccc(N)cc3sc12
RAFIKI-2198,CCOc1ncccc1CN(C)S(=O)(=O)C1CC1
RAFIKI-2199,CC1(C)C=Cc2c(ccc(C(=O)C=Cc3cnc4ccccc4c3)c2O)O1
RAFIKI-2200,CC(=O)Nc1ccc(OCCOCCOc2ccc(NC(C)=O)cc2)cc1
RAFIKI-2201,Cc1nnc2n1-c1sc(C#CCn3cnc4ccccc43)cc1C(c1ccccc1Cl)=NC2
RAFIKI-2202,CC(=O)Oc1ccc(Nc2c3ccccc3nc3c2[nH]c2ccccc23)cc1
RAFIKI-2203,CCC(=O)Nc1nn2c(=O)cc(-c3ccc4c(c3)OCO4)[nH]c2c1-c1ccccn1
RAFIKI-2204,CC(C(=O)NC1CCN(Cc2ccccc2)CC1)N1C(=O)N2CCc3c([nH]c4ccccc34)C2(C)C1=O
RAFIKI-2205,Cc1nc(-c2cc(-c3cncc(N4CCC(O)C4)c3)ccn2)[nH]c1C
RAFIKI-2206,Cc1ccc(NC(=O)Cn2nc(-c3ccccc3)nc2-c2ccccc2)c(C)c1
RAFIKI-2207,Cc1nsc(NC(C)C(=O)NC(C)C)n1
RAFIKI-2208,COc1cccc2c(O)c3c(cc12)CC1CC2C(N(C)C)C(O)=C(C(N)=O)C(=O)C2(O)C(O)=C1C3=O
RAFIKI-2209,Cc1nnsc1[S+]([O-])c1ccc(Br)cc1
RAFIKI-2210,Nc1cnc(-c2ccc(F)cc2)n(CC(=O)NC(CC(=O)O)C(=O)COC(=O)c2c(Cl)cccc2Cl)c1=O
RAFIKI-2211,COc1ccc(S(=O)(=O)n2nc(Oc3ccc(-c4ccccc4)cc3)cc2N)cc1
RAFIKI-2212,CC(C)C1(O)CN(Cc2ccc(S(C)(=O)=O)cc2)CC1C
RAFIKI-2213,O=C(Nc1ncc([N+](=O)[O-])s1)c1cccc(Cl)c1
RAFIKI-2214,CC(C)(C)c1cc(C(C)(C)C)c(C(N)=O)c(=O)[nH]1
RAFIKI-2215,O=c1c2c3c(sc2ncn1Cc1ccc2ccccc2c1)CC(NCCN1CCOCC1)CC3
RAFIKI-2216,CC(C)(C)NC(=O)c1ccc2c(c1)N(CC(=O)N1CCN(c3ccc(F)cc3)CC1)C(=O)C(C)(C)O2
RAFIKI-2217,CC1c2c(-c3ccc(F)cc3)cnn2CCN1C(=O)Nc1ccccc1
RAFIKI-2218,N#Cc1ccc(CC(NC(=O)c2ccccc2)C(=O)NC(CCCCN)C(=O)NC(C(N)=O)c2ccccc2)cc1
RAFIKI-2219,CCOC(=O)Nc1cc(COC(=O)CCC(=O)Nc2cc(C(=O)NCCN(C)C)n(C)c2)cc(Nc2c3ccccc3nc3ccccc23)c1
RAFIKI-2220,C=CCNC(=O)c1ccccc1NC(=O)C1CCN(S(C)(=O)=O)c2cc(C)ccc2O1
RAFIKI-2221,c1cncc(CNCCc2cccs2)c1
RAFIKI-2222,N#Cc1cccc(OCCN2CCOC(Cn3cccn3)C2)c1
RAFIKI-2223,O=C(Nc1ccc(F)cc1)c1cncc(N2CC3CC(C2)N3)c1
RAFIKI-2224,O=C(O)c1cn2c3c(cccc3c1=O)SCC2
RAFIKI-2225,CN(C)c1ccc(C(=O)c2cc3cc(Br)ccc3o2)cc1
RAFIKI-2226,O=C(OC(C(F)(F)F)C(F)(F)F)N1CCC2(CCN(Cc3cc(CN4CCCCC4)cc(C(F)(F)F)c3)C2)CC1
RAFIKI-2227,Cc1ccc(-c2cc(C(N)=O)nc3c2CCN(Cc2ccnn2C(C)C)C3)c(F)c1
RAFIKI-2228,CNc1ccc(C=C2COc3ccccc3C2=O)cc1[N+](=O)[O-]
RAFIKI-2229,N#CC(CCBr)(c1ccccc1)c1ccccc1
RAFIKI-2230,Cn1cnc2c1CN(C(=O)c1ccc3nc(-c4ccc(F)cc4)c(-c4ccc(F)cc4)nc3c1)CC2
RAFIKI-2231,CCCCc1ccc(Oc2ccc(Cl)cc2Cl)c(O)c1
RAFIKI-2232,CC1=C(CCCNC(=O)OC(C)(C)C)C(=O)c2ccccc2C1=O
RAFIKI-2233,CC(=CCC(O)C(C)(Br)CCl)C(Cl)=CBr
RAFIKI-2234,O=C(C=Cc1ccc(C(F)(F)F)nc1N1CCCCC1)Nc1ccc2c(c1)OCCO2
RAFIKI-2235,O=c1oc2ccc(Cl)cc2c(O)c1-c1ccccc1O
RAFIKI-2236,CC(C)(C)C(=O)ON=C(N)c1ccc([N+](=O)[O-])s1
RAFIKI-2237,Oc1cc(CSc2ccc(Cl)cc2)nc2ncnn12
RAFIKI-2238,O=C1c2c(F)cccc2C2CNCCN12
RAFIKI-2239,CCc1cnc(N2CCC(C3Cc4cc(C5CCN(S(C)(=O)=O)CC5)ncc4O3)CC2)nc1
RAFIKI-2240,COc1ccc(C=CC(=O)c2c(C)[n+]([O-])c3ccccc3[n+]2[O-])cc1
RAFIKI-2241,Cc1ncc(-c2ccc(C(=O)NC(C(=O)N3CC(Cl)C4OCC(=O)C43)C3CCCCC3)s2)c(C)n1
RAFIKI-2242,CC1(c2ccc(Br)cc2)CC(=O)N(CCC(N)=O)C1=O
RAFIKI-2243,COCCn1cncc1CNC(=O)c1ccc(C)s1
RAFIKI-2244,CN1CC(=Cc2ccc(C(F)(F)F)cc2F)C2=C(C1)C(c1ccc(C(F)(F)F)cc1F)N=C(N)N2
RAFIKI-2245,CC(C)C(NS(=O)(=O)c1cccc(C(=O)NO)c1)C(=O)Nc1ccccc1
RAFIKI-2246,CCOC(=O)c1c(COc2ccccc2)oc2ccc(O)cc12
RAFIKI-2247,COc1ccc(-n2nc(CC(C(=O)O)c3cccc(OC)c3)cc2-c2ccc(Cl)cc2)cc1
RAFIKI-2248,COc1cccc(C(=O)c2cccn2-c2cc(F)c(O)c(F)c2)c1
RAFIKI-2249,COc1ccc(-c2n[nH]c(SC(C(=O)Nc3cc(Cl)cc(Cl)c3)c3ccccc3)nc2=O)cc1
RAFIKI-2250,COc1cc(OCc2cccc(Br)c2)ccc1C(N)=O
RAFIKI-2251,CC(C)(C)n1cc(NC(=O)C2COCCN2C2CCCC2)cn1
RAFIKI-2252,COc1cc2c(cc1OC)Sc1ncnc(Sc3cccc(Cl)c3)c1NC2
RAFIKI-2253,O=C(NCCn1ccnc1)c1cncc(Br)c1
RAFIKI-2254,COc1ccc(C(=O)C=C2c3ccccc3CC(C)(C)N2C)cc1
RAFIKI-2255,CC1(C)CCc2c(O)c(OC3OC(CO)C(O)C(O)C3O)c3ccccc3c2O1
RAFIKI-2256,CC(=O)Oc1ccc(C(=Cc2ccccc2)c2ccc(OC(C)=O)cc2)cc1
RAFIKI-2257,CC1CCCC=CC(O)C2OC2C(O)C=CC(=O)O1
RAFIKI-2258,CCC(CC)(c1ccc(C(=O)NCCCCCC(=O)NO)cc1)c1ccc(OCC(O)C(C)(C)C)c(C)c1
RAFIKI-2259,CCc1cc(C(C)=O)c(O)cc1OCCCCCCSC
RAFIKI-2260,CCCCN1C(=O)C(=Cc2ccc(N3CCCCCC3)cc2)C(=O)NC1=S
RAFIKI-2261,Cn1cnc(-c2cc3nccc(Oc4ccc(NC(=O)CC(Nc5ccccc5)C(F)(F)F)cc4F)c3s2)c1
RAFIKI-2262,COc1ccc(-c2oc3c(OC)c(OC)c(OC)c(O)c3c(=O)c2O)cc1O
RAFIKI-2263,O=C(C=Cc1cc([N+](=O)[O-])ccc1O)c1ccc(Cl)cc1
RAFIKI-2264,CCC(C(=O)C(C)C(O)C(C)C1OC(CC(=O)OO)C(C)CC1C)C1OC(C)(C2(O)OC(CC)(C(O)CC)CC2C)CC1C
RAFIKI-2265,CNC(=O)c1cnc(S(C)(=O)=O)nc1N1CCCC(n2nc(-c3ccc(Oc4ccccc4)cc3)c3c(N)ncnc32)C1
RAFIKI-2266,CC1CCCN(c2nc3c(c(=O)n(C)c(=O)n3C)n2CCSc2nc3ccccc3s2)C1
RAFIKI-2267,O=C(Nc1ccc(Cl)cc1Cl)c1cc(S(=O)(=O)NCc2ccc3c(c2)OCO3)ccc1F
RAFIKI-2268,CCOc1ccc(OCC(=O)N(C)CC2(O)CCN(Cc3ccccc3)C2)cc1
RAFIKI-2269,Cc1ccc(-c2cc(C(=O)Nc3cnn(C(C)C)c3)no2)cc1
RAFIKI-2270,CC(=O)Oc1ccc(C2OC(c3ccc4c(c3)OCCO4)=NN2C(C)=O)cc1
RAFIKI-2271,CCOC(=O)C1=c2cc(C(C(=O)OCC)P(=O)(OCC)OCC)sc2=C(C)OP1(=O)OCC
RAFIKI-2272,CC(C)CN(CC(O)C(Cc1ccccc1)NC(=O)C1CN(c2ccc(F)c(F)c2)C(=O)O1)S(=O)(=O)c1ccc2ncsc2c1
RAFIKI-2273,COc1cc(C(=O)NCCc2csc3nc(-c4ccccc4C)nn23)cc(OC)c1OC
RAFIKI-2274,NC(=O)CN1CCC(c2ccc(Nc3ncc4ccc(-c5cnccn5)n4n3)cc2)CC1
RAFIKI-2275,Cc1nc2ccccc2n1-c1ccnc(NC(C)c2ccccc2)n1
RAFIKI-2276,COCCOCCOC1C(CO)C(O)CC1n1cc(C)c(=O)[nH]c1=O
RAFIKI-2277,CCN1C(=O)c2ccccc2N(C)c2nc(Nc3ccc(N4CCN(C)CC4)cc3OC)ncc21
RAFIKI-2278,Cc1ccc(-c2nnc(SCCOc3ccccc3C)nc2-c2ccc(C)cc2)cc1
RAFIKI-2279,CN(CC=Cc1ccc(C(F)(F)F)cc1)Cc1cc2ccccc2o1
RAFIKI-2280,CC1CCC(c2cc(O)c3c(c2C(F)(F)F)CC2CC4C(N(C)C)C(O)=C(C(N)=O)C(=O)C4(O)C(O)=C2C3=O)N1C
RAFIKI-2281,O=C(CSc1nnc(-c2ccccc2)n1-c1cccc(Cl)c1)Nc1nncs1
RAFIKI-2282,O=C1c2ccccc2SCC12COC(c1ccccc1)OC2
RAFIKI-2283,CCC1=C(c2ccc(C)cc2)S(=O)(=O)N=C1N1CCC(C(=O)NCCc2ccc(Cl)cc2)CC1
RAFIKI-2284,O=C(N1CCN(Cc2nc3ccccc3n3cccc23)CC1)n1nnc2ccccc21
RAFIKI-2285,N#CCCN(Cc1cccnc1)S(=O)(=O)c1ccc(S(=O)(=O)NC2CCCCC2)cc1
RAFIKI-2286,CN(C)C1C(=O)C(C(N)=O)=C(O)C2(O)C(=O)C3=C(O)c4c(O)cccc4CC3CC12
RAFIKI-2287,CCOC1CC(N(C)C(=O)OC(C)(C)C)C12CCCC2
RAFIKI-2288,CC1CCN(CCc2ccc(-c3ccc(CCN4CCC(C)CC4)cc3)cc2)CC1
RAFIKI-2289,COc1ccccc1-c1ccn2nc(NC(=O)c3cccc(Cl)c3)nc2c1
RAFIKI-2290,Cc1nc(N=Nc2ccc(S(=O)(=O)Nc3ccccn3)cc2)c(CO)c(C)c1O
RAFIKI-2291,CC(C)(C)c1cccc(C2=Cc3ccccc3C3=NCCN23)c1
RAFIKI-2292,CCCCCCCCn1cc(C(N)=O)c2cc(-c3cccc(C)c3)ccc21
RAFIKI-2293,Cc1cc(NC(=O)N2CCCC2CO)nn1-c1ccccc1Cl
RAFIKI-2294,Brc1cccc(Nc2nsc3ccccc23)c1
RAFIKI-2295,COC(=O)C1=C(c2ccc(F)cc2OCc2ccccc2)CC2CCC1N2C(=O)N1CCOCC1
RAFIKI-2296,COc1cc(C(=O)c2cncc(-c3ccc(C)cc3)n2)cc(OC)c1OC
RAFIKI-2297,Cc1snnc1C(=O)NC(=S)Nc1ccccc1
RAFIKI-2298,CN1CCCCCOc2cc(cc3c2N(C)C(=O)CC3)Nc2cc1nc1c(C#N)cnn21
RAFIKI-2299,CC1CCCC(OCc2nnc(-c3ccccc3)o2)C1
RAFIKI-2300,C=CC1(C)CC(OC(=O)CN2CCN(c3nc4ccccc4c(=O)[nH]3)CC2)C2(C)C(C)CCC3(CCC(=O)C32)C(C)C1O
RAFIKI-2301,CCOC(=O)c1cc2cc(N3CCN(C(=S)Nc4ccc(C(C)=O)cc4)CC3)ccc2o1
RAFIKI-2302,O=C1C(=Cc2cc(O)c(O)c(Br)c2)SC(=S)N1c1cccc(C(F)(F)F)c1
RAFIKI-2303,NNC(=O)c1cccn(Cc2cccc(C(F)(F)F)c2)c1=O
RAFIKI-2304,Cc1cnn(CCNCc2ccc(OCc3cccnc3)cc2)c1
RAFIKI-2305,Cc1nc2c(s1)Cc1cccc(OCP(=O)(O)O)c1-2
RAFIKI-2306,COc1ccc(C(=O)NCc2ccccc2-c2ccc(C(C)(C)C)cc2)cc1O
RAFIKI-2307,Oc1cc(N2CCCCC2)c(-c2ccccc2)nn1
RAFIKI-2308,O=C(Nc1ccccc1N1CCN(C(=O)c2ccc(Cl)cc2)CC1)c1cc(Br)ccc1Cl
RAFIKI-2309,CCc1n[nH]c(C2CN(C(=O)c3cc4c(s3)CCC4)CCO2)n1
RAFIKI-2310,c1ccc(-c2cnc(NCCN3CCCCC3)nc2)cc1
RAFIKI-2311,CCCCCCCCCC(=O)Nc1ccc2c(c1O)C(=O)C1=C(O)C3(O)C(O)=C(C(N)=O)C(=O)C(N(C)C)C3C(O)C1C2C
RAFIKI-2312,Cc1nc(COCc2cnc3n2CCN(C(=O)C2CC2)C3C)cs1
RAFIKI-2313,CCCC(C)n1c(CC)nc2c(-c3ccc(C(F)(F)F)cc3Cl)ccnc21
RAFIKI-2314,CC1(C)CC1(NC(=O)Nc1ccnnc1)c1ccccc1
RAFIKI-2315,COc1cc(OC)c(NC(=O)C2CCC(=O)N2C2OC(=O)c3c2ccc(OC)c3OC)cc1Cl
RAFIKI-2316,C=C(C)C1Cc2cc(C(=O)CO)c(O)cc2O1
RAFIKI-2317,CCc1ccc(-c2nccn2-c2ccc3[nH]c(CO)nc3c2)nc1
RAFIKI-2318,COc1ccc(CCNc2nc(Cl)nc3ccccc23)cc1OC
RAFIKI-2319,Cc1ccc2cc(C(=O)Nc3ccc(-n4ccnc4)nc3)c(C)nc2c1
RAFIKI-2320,O=C1NCc2nc(-c3c(F)cccc3F)cc(Nc3ccc(C4(O)CCOCC4)cn3)c21
RAFIKI-2321,CCCCCCc1ccc(CC(Oc2ccc(Cl)cc2)C(=O)O)cc1
RAFIKI-2322,CCC1CCC(O)=C2C=C(CO)C(=O)OC21
RAFIKI-2323,c1cn(-c2ccc(NC3CCCN(Cc4ccc5c(c4)OCO5)C3)cc2)cn1
RAFIKI-2324,CSCCC(NC(N)=O)C(=O)N(C)CC(=O)Nc1ccc(C)cc1
RAFIKI-2325,CCOC(=O)Cc1csc(NS(=O)(=O)c2ccc(F)cc2)n1
RAFIKI-2326,Cc1cc(NCc2ccc(Cl)cc2)n2cnnc2n1
RAFIKI-2327,CN(C)c1nc(-n2cccn2)nc(N)c1Br
RAFIKI-2328,CC1C(=O)CC2OC3CC(C)(Cl)C(Br)CC31C2(C)C
RAFIKI-2329,COc1ccc(N2CCN(C(=O)C3CCN(S(=O)(=O)c4ccc(C)cc4)CC3)CC2)cc1
RAFIKI-2330,Cc1cc(CCNC(=O)N2CCC(O)CC(C)(C)C2)ccc1Cl
RAFIKI-2331,CN(C)CCN(C)C(=O)C(Cc1ccc(Cl)cc1Cl)NC(=O)C1(c2ccc(Cl)cc2Cl)CC1
RAFIKI-2332,O=[N+]([O-])c1ccc(N2CCN(Cc3cccs3)CC2)cc1NC(c1ccccc1)c1ccccc1
RAFIKI-2333,CCN1CC(CN(C)C(=O)c2ccc(-c3ccc4c(c3)OCO4)cc2)CC1=O
RAFIKI-2334,Cc1cc(Cl)cc2c(CN3CC4CC3CO4)c3c(C)n[nH]c3nc12
RAFIKI-2335,Cc1cnn(C2CCCC2)c1NC(=O)N1CCC2CCC(C1)N2C
RAFIKI-2336,O=C(CCCCc1ccc(F)cc1)C(F)(F)C(F)(F)F
RAFIKI-2337,CCOC(=O)c1nn(-c2ccc(Cl)cc2)c(=O)c2c(N)sc(Cl)c12
RAFIKI-2338,COc1ccc(C#N)cc1-c1ccc(CNS(=O)(=O)c2c(C)noc2C)cc1
RAFIKI-2339,CCCCNc1sc(S(=O)(=O)CC)nc1S(=O)(=O)c1ccc(C)cc1
RAFIKI-2340,CC1CC(=O)C=C(Nc2ccc(C(F)(F)F)cc2)C1
RAFIKI-2341,Cc1ccc(C(=O)C=Cc2ccc3ccccc3n2)cc1
RAFIKI-2342,CN1c2ccccc2C(=O)N2CCc3c([nH]c4ccc(OC(=O)C(N)COCc5ccccc5)cc34)C21
RAFIKI-2343,C=CC[n+]1ccc2c(c1)[nH]c1ccc(Br)cc12
RAFIKI-2344,CC(NCc1cc(F)ccc1F)c1ccc(OCC(=O)NC2CC2)cc1
RAFIKI-2345,Cc1nc(CO)nn1Cc1cn(-c2ccccc2)nn1
RAFIKI-2346,CCNC(=O)c1ccc(C(=C2CC3CCC(C2)N3Cc2cccc(C(=O)O)c2)c2ccccc2)cc1
RAFIKI-2347,CCN(CC)Cc1cc(Nc2nc(Nc3nc4cc(Cl)c(Cl)cc4[nH]3)nc3c2CCCC3)ccc1O
RAFIKI-2348,CCn1c(=O)[nH]c(=O)c2c1nc(Cc1cn3ccsc3n1)n2CC(=O)c1cccc(OC)c1
RAFIKI-2349,Cc1ccc(Cn2cnc3c2c(=O)n(C2CC2)c(=O)n3-c2ccc(C)cc2)cc1
RAFIKI-2350,COC(=O)CNC(=O)CSC1=CC(=O)c2cccc(OC)c2C1=O
RAFIKI-2351,O=C(Oc1cc(S(=O)(=O)c2ccccc2)ccc1[N+](=O)[O-])c1ccc(Cl)cc1
RAFIKI-2352,CC(=O)C1(O)CCC2C3CCC4CC(=O)CCC4(C)C3C(=O)CC21C
RAFIKI-2353,COCCOCCOCCOc1cccc2c1C(=O)c1cccc(OCCOCCOCCOC)c1C2=O
RAFIKI-2354,CN(C)Cc1ccc2c(N(C)C)c3c(c(O)c2c1)C(=O)C1=C(O)C2(O)C(=O)C(C(N)=O)=C(O)C(N(C)C)C2CC1C3
RAFIKI-2355,CC1CC2C3Cc4ccc(O)cc4C2(CCN3C)CC1=O
RAFIKI-2356,CC(C)=CCc1cccc2c1nc(-c1c(F)cccc1F)n2Cc1c(F)cccc1F
RAFIKI-2357,Cc1noc(C=CN(C)C)c1S(=O)(=O)N1CCN(c2ccc(F)cc2)CC1
RAFIKI-2358,N#Cc1cccc(C#N)c1Oc1ccc(S(=O)(=O)Nc2ccccc2)cc1
RAFIKI-2359,COc1cccc2oc3c(Cl)c(O)c(C4CCCC(C)O4)c(O)c3c(=O)c12
RAFIKI-2360,Fc1cc(Cl)ccc1-c1ccc(Cn2nnc3ccccc32)nc1
RAFIKI-2361,CCN(CCC(=O)OC)S(=O)(=O)c1cccc2ccncc12
RAFIKI-2362,COC(=O)C1CC(OC(C)=O)C(=O)C2C1(C)CCC1C(=O)OC(C(O)c3ccco3)CC12C
RAFIKI-2363,NCCCC(NC(=O)C(N)Cc1c[nH]c2ccc(O)cc12)C(=O)N1CCCC1C(=O)O
RAFIKI-2364,COC(=O)c1ccc(Cl)c(NC(=O)NC2CCCCC2)c1
RAFIKI-2365,O=C(O)C1(CCCCCCOc2ccccc2)CO1
RAFIKI-2366,O=C(O)C=Cc1ccc(-c2cccc(C(F)(F)F)c2)o1
RAFIKI-2367,FC1(c2cn(-c3ccc(Br)cc3)nn2)CN2CCC1CC2
RAFIKI-2368,O=C1CC(=O)CC(c2cc(C(F)(F)F)cc(C(F)(F)F)c2)C1
RAFIKI-2369,O=C1CCC(=O)N1CN1CCN(c2ncccn2)CC1
RAFIKI-2370,COc1ccc(C(=O)OC2C=C(C)CCC3(O)C(C(C)C)CCC23C)cc1
RAFIKI-2371,O=C(COC(=O)c1cnc(Cl)c(Cl)c1)NCc1ccco1
RAFIKI-2372,CCC(C)(C)NC(=O)C(c1ccc(F)cc1)N(Cc1ccco1)C(=O)c1cnccn1
RAFIKI-2373,CSCCN(C)C(=O)c1cccc(CN(C)C)c1
RAFIKI-2374,O=C1NC(=O)C(c2cc(F)cc(F)c2)N2CCCC12
RAFIKI-2375,CCC(CC)C(=O)NCc1c(C)nn(C)c1N1CCCN(C)CC1
RAFIKI-2376,O=C(NCc1ccc(Cl)cc1)c1cccn2c(=O)c3ccccc3nc12
RAFIKI-2377,Cc1cc(C(=O)NCc2ccccc2)n(Cc2csc(N3CCCCC3)n2)c1
RAFIKI-2378,O=S(=O)(c1ccc(Cl)cc1)N(Cc1ccc(-c2nnn[nH]2)cc1)Cc1cccc(Cl)c1
RAFIKI-2379,CC(C)C(C)C=CC(C)C1CCC2C3=CC(=O)C4(O)CC(O)CCC4(C)C3(O)CCC21C
RAFIKI-2380,Cn1nc2n(c1=O)-c1ccccc1CCC2NC(=O)c1ncn(Cc2c(Cl)cccc2Cl)n1
RAFIKI-2381,COCc1ncn2c1CN(C(=O)c1cnc3ccccc3c1)CC2
RAFIKI-2382,COc1ccc(CCN2C(=O)N(c3cnn(Cc4c(C)noc4C)c3)C(=O)C2(C)C)cc1OC
RAFIKI-2383,COc1cc(C)cc2cc(-c3cc(CN4CCN(C)CC4)n4ncnc(N)c34)sc12
RAFIKI-2384,CCC(=O)Nc1sccc1C(=O)OC
RAFIKI-2385,CN(CC(=O)NCCc1ccc(F)cc1)Cc1ccc(Br)cc1
RAFIKI-2386,CN(CCOCCOc1ccc2ccccc2c1)Cc1ccccc1
RAFIKI-2387,CCCc1cc2c(cc1S(=O)(=O)Nc1ccccc1)OCO2
RAFIKI-2388,O=C(NCC1CCCO1)c1ccc(CS(=O)(=O)c2ccc(Br)cc2)o1
RAFIKI-2389,O=CCNc1ncnc2c1ccn2C1OC(C(O)c2ccc(Cl)cc2)C(O)C1O
RAFIKI-2390,O=C(c1cncc(F)c1)N1C2CCC1CC(n1cccn1)C2
RAFIKI-2391,Cc1cc(Cl)ccc1C(=O)Nc1ccccn1
RAFIKI-2392,C=C1C(=CC=C(CC)c2cccc(CCC#CCC(C)(C)O)c2)CC(O)CC1O
RAFIKI-2393,CC(C)C(NC(=O)N1CC(=O)Nc2ccccc21)C(=O)NCCc1c[nH]c2ccccc12
RAFIKI-2394,Cc1cncc(-c2c(C(F)(F)F)nn(C)c2C)c1
RAFIKI-2395,O=C1CCCC2=C1C(c1ccc(C(F)(F)F)cc1)N(C(=O)CCl)c1ccc([N+](=O)[O-])cc1N2
RAFIKI-2396,CC(=O)NC1CCN(C(=O)c2cccc(-c3ccc4c[nH]nc4c3)c2)C1
RAFIKI-2397,Cc1ccc(Nn2c(SCC(=O)c3ccc(Cl)cc3)nc(C)c2C)cc1
RAFIKI-2398,COc1cc2c(cc1OC)C(=O)N(CCCCc1cn(-c3ccc(F)cc3)c3ccccc13)CC2
RAFIKI-2399,O=C(Nc1cccc2ccccc12)N1CCC(n2c(=O)[nH]c3ccccc32)CC1
RAFIKI-2400,CC(C(=O)O)C1Cc2c(cc3c(c2O)C(=O)N(C(C)C(=O)O)C3=O)O1
RAFIKI-2401,N#Cc1cccc(NC(=O)N2CC(Oc3ccccc3Cl)C2)c1
RAFIKI-2402,O=C(NCC1CC12CCN(C(=O)c1ccc(CN3CCCC3)cc1)CC2)c1cc2ccncc2o1
RAFIKI-2403,COc1cc(C=O)ccc1OCCCOc1ccccc1C(=O)O
RAFIKI-2404,c1cnc(-c2c[nH]c3nccc(N4CCCC5(CCCCN5)C4)c23)nc1
RAFIKI-2405,CCCCCC[n+]1ccc(C(C#N)=C2C=C(C)c3ccc(N(CC)CC)cc3O2)cc1
RAFIKI-2406,CC(=O)Nc1cccc(-c2noc(-c3ccc(S(N)(=O)=O)cc3)n2)c1
RAFIKI-2407,COC(=O)COc1ccc2c(=O)c(Oc3ccccc3Br)coc2c1
RAFIKI-2408,CCOC(=O)C(O)C(O)(Cc1ccc(O)cc1)C(=O)O
RAFIKI-2409,Oc1ccccc1C(c1ccc(Cl)c(Cl)c1)N1CCN(c2cnccn2)CC1
RAFIKI-2410,COC(=O)Nc1nc2ccc(S(=O)(=O)NCc3ccc(OC)cc3)cc2[nH]1
RAFIKI-2411,CC(C)c1cccc(C(C)C)c1Oc1ccc(CC(N)C(N)=O)cc1
RAFIKI-2412,Cn1c(SCC(=O)N2CCCC2)nnc1-c1cccs1
RAFIKI-2413,CN(C)c1cc[n+](Cc2ccc(C(F)(F)F)cc2)cc1
RAFIKI-2414,O=C(Nc1ccc(Oc2ccnc(Nc3cccc(CN4CCOCC4)c3)n2)cc1)c1ccccc1Nc1ccc(F)cc1
RAFIKI-2415,Cn1c(=O)c2c(ncn2CCCC(=O)N2CCCCCC2=O)n(C)c1=O
RAFIKI-2416,O=C1CN(N=Cc2ccc(-c3ccc(Cl)c(Cl)c3)o2)C(=O)N1
RAFIKI-2417,NC1CCN(c2ncc(Cl)c(-n3cnc4ccccc43)n2)C1
RAFIKI-2418,FC(F)(F)c1ccccc1N1CC1c1ccncc1
RAFIKI-2419,O=C(CSc1ccc(Cl)cc1)N1c2ccccc2Sc2ccccc21
RAFIKI-2420,CN1CC(O)(Cn2nc(-c3ccc4cc(OC5CC5)ccc4c3)c3c(N)ncnc32)C1
RAFIKI-2421,COCC1(OC)CCC(CCN2CCN(C)C(=O)c3oc4ccc(C(F)(F)F)cc4c32)CC1
RAFIKI-2422,COc1nc(N(C)C)nc2c1[n+](C)cn2C
RAFIKI-2423,CCON=Cc1cccc2c1CCC1C2c2cc(O)c(Cl)cc2CCN1C
RAFIKI-2424,C[N+]1(CC2CC2)C2CCC1CC(CC(C#N)(c1ccccc1)c1ccccc1)C2
RAFIKI-2425,CN(C)CCCOc1cc(F)c(-c2c(Cl)nc(-c3ncccn3)nc2NCC(F)(F)F)c(F)c1
RAFIKI-2426,N#Cc1cc(Br)ccc1N1CCCC(Cn2cncn2)C1
RAFIKI-2427,COc1ccc(OC)c(C2OC(CNC(=O)c3ccccc3)C(O)C(OC(=O)c3ccccc3)C2OC(=O)c2ccccc2)c1
RAFIKI-2428,CCOC(=O)C=Cc1ccc(OC)cc1OC(=O)c1nc(C)c(C)nc1C
RAFIKI-2429,O=C(CCCN1Cc2ccccc2C1)NC1CC2OCCC12
RAFIKI-2430,CC(=C1SC(=S)N(C(CC(C)C)C(=O)O)C1=O)c1ccccc1
RAFIKI-2431,CC1=C(O)C(=O)C(C2=C(O)C(=O)C(C)=C(O)C2=O)=C(O)C1=O
RAFIKI-2432,Nc1nccc(-c2sc(C3CCCCN3)nc2-c2cccc(NS(=O)(=O)c3cc(F)ccc3F)c2F)n1
RAFIKI-2433,C=C1C(=O)OC2C=C(C)CCC(OC)C(C)(C)C(=O)C(OC(=O)C3(C)OC3C)C12
RAFIKI-2434,CC(=O)Nc1nc(C(=O)NC(C)c2ccc(OC3CCN(c4ccc(OC(C)C)cc4)C3)cc2)cs1
RAFIKI-2435,COC(=O)Cc1nc(NS(=O)(=O)c2ccc(Oc3cccc(Cl)c3C#N)cc2)sc1C
RAFIKI-2436,Cc1ccc(NC(=O)Nc2nnc(-c3ccccc3F)s2)cc1
RAFIKI-2437,Cc1cc(Nc2cc(-c3ccc4cc[nH]c4c3)cn3ccnc23)no1
RAFIKI-2438,CCn1c(-c2ccc(OCC(=O)Nc3ccc(C)cc3)cc2)nc2ccccc2c1=O
RAFIKI-2439,CC(N)Cc1c2ccccc2c(Br)c2ccccc12
RAFIKI-2440,COc1c(N2CCN(c3nnc(-c4cccc([N+](=O)[O-])c4)s3)C(C)C2)c(F)cc2c(=O)c(C(=O)O)cn(C3CC3)c12
RAFIKI-2441,CCN(CC)c1cc(C)nc(-c2ccncc2)n1
RAFIKI-2442,CCOCC(O)Cn1nnnc1-c1ccccn1
RAFIKI-2443,CNS(=O)(=O)CCNc1ncnc2c1CCNCC2
RAFIKI-2444,CCNc1ncc2nc(NC3CCN(S(C)(=O)=O)CC3)c(=O)n(C3CCCC3)c2n1
RAFIKI-2445,Cn1c(SCC(=O)N2CCOCC2)nnc1-c1cccc(NC(=O)c2ccccc2)c1
RAFIKI-2446,CCCCN(CCCC)CC(O)c1cc(OCC)nc2ccccc12
RAFIKI-2447,NC(=O)c1c(SCc2ccc(Cl)cc2)nsc1N
RAFIKI-2448,C=C(c1ccc(O)c(Oc2cc3c(cc2OC)CCN(C)C3Cc2ccc(OC)cc2)c1)C1c2cc(O)c(OC)cc2CCN1C
RAFIKI-2449,COc1ccc(NC(=O)Cc2nc(C)c(C(=O)NCc3ccccc3)s2)cc1Cl
RAFIKI-2450,O=C(NN=Cc1cccc(Cl)c1)c1ccncc1
RAFIKI-2451,COc1ccc(-c2cc(O)nc(N)n2)cc1C#N
RAFIKI-2452,O=S(=O)(c1cccs1)N1Cc2ccccc2N(Cc2c[nH]cn2)C(CCc2ccccc2)C1
RAFIKI-2453,c1ccc(C2Cc3[nH]nc(-c4nnn[nH]4)c3C2)cc1
RAFIKI-2454,Cc1cc(=O)oc2cc(NCc3cc(I)cc(I)c3O)ccc12
RAFIKI-2455,CCNCC1Cc2c(C3=C(Nc4ccccc4)C(=O)NC3=O)c3ccccc3n2C1
RAFIKI-2456,CS(=O)(=O)c1ccc(-c2c(O)nc(Cc3ccc(O)cc3)nc2-c2ccc(F)cc2)cc1
RAFIKI-2457,COc1cccc(CN(C(=O)c2ccc([N+](=O)[O-])cc2)C2CCS(=O)(=O)C2)c1
RAFIKI-2458,CC(=O)NC1C=CC2C3Cc4ccc(NC(=O)CCS)c5c4C2(CCN3C)C1O5
RAFIKI-2459,c1ccc(-c2cc(-c3nnc4n3CCCCC4)[nH]n2)cc1
RAFIKI-2460,CCOC(=O)C12CCCC1(O)N(NC(=O)c1cccc(Cl)c1)C(C)=C2C(=O)OC
RAFIKI-2461,CS(=O)(=O)N1CC2CCCCC(NC(=O)c3nccc4ccccc34)C(=O)N2C(C(=O)NC2CC(=O)OC2O)C1
RAFIKI-2462,Cc1ccc(C)c(NC(=O)C(NS(=O)(=O)c2ccc3c(c2)CCC(=O)N3)c2ccccc2)c1
RAFIKI-2463,CN(CC(=O)Nc1ccc(Cl)cc1)CC(O)(Cn1cncn1)c1ccc(F)cc1F
RAFIKI-2464,C[n+]1ccccc1CCC(O)CCl
RAFIKI-2465,Cn1cc(S(=O)(=O)c2ccccc2)c2cc3c(cc21)CCNCC3
RAFIKI-2466,Cc1ccc(C(=O)Nc2ccc(Cl)c(C(=O)Nc3ccc(-c4ncc[nH]4)nc3)c2)cc1
RAFIKI-2467,CCC1OC(=O)C(C)C(OC2OC(C)CC(N(C)C)C2O)C(C)CC(C)C(=O)C=CC1C
RAFIKI-2468,Cc1cnc(N2CC(C)OC(c3cn[nH]c3C)C2)nc1-c1cnc2ccc(Cl)cn12
RAFIKI-2469,COC(=O)c1ccc2c(c1)C(=O)c1c-2n(CCCCl)c(=O)c2cc([N+](=O)[O-])ccc12
RAFIKI-2470,COc1cccc(-c2nc3ccc(OC)cc3nc2-c2cccc(OC)c2)c1
RAFIKI-2471,Oc1cccc2ccc(-c3ccccc3)nc12
RAFIKI-2472,CC(C(=O)NCC(=O)Nc1ccc(F)c(F)c1F)N1CCN(c2ccc(O)cc2)CC1
RAFIKI-2473,CCC(c1cccc(OC)c1)N(C)Cc1n[nH]cc1C
RAFIKI-2474,CC1OC(=O)C2CC3CCCCC3C(CCCN3CCCCC3)C12
RAFIKI-2475,Cc1ccc(C=C(C#N)c2nc3ccccc3[nH]2)cc1
RAFIKI-2476,O=C1C=CC(=NN=C(c2ccccc2)c2ccccc2)O1
RAFIKI-2477,COCC(C)NS(=O)(=O)c1ccc(F)c(Br)c1
RAFIKI-2478,O=C(NCc1nc(-c2ccc(Br)cc2)c[nH]1)Nc1nc2cccc(C(F)(F)F)c2s1
RAFIKI-2479,COc1cc(C(=O)O)c(O)c2ccc3c(c12)C=C1C(=C(C)C=O)CCC1(C)O3
RAFIKI-2480,COC(=O)NCC(=O)N(C)CC1Cc2ccccc2CN1C
RAFIKI-2481,CC(C)C1c2ncc(C(=O)NCCN3CCOCC3)cc2CN1Cc1ccc(C(F)(F)F)cc1
RAFIKI-2482,COc1cccc(-n2c(C)cc(C(=O)CSc3ncc(C#N)c(N)n3)c2C)c1
RAFIKI-2483,Cc1cc(C=C2SC(=S)NC2=O)c(C)n1C1CC1
RAFIKI-2484,Cc1c(Sc2c(Cl)cccc2Cl)oc2nc(N)nc(N)c12
RAFIKI-2485,O=C(O)c1ccc(-c2cc3ccccc3s2)cc1NS(=O)(=O)c1cc(Cl)cc(Cl)c1
RAFIKI-2486,CCOc1nc(N)c2nc(-c3cncc(C(F)F)c3)n(Cc3ccccc3)c2n1
RAFIKI-2487,CCOC(=O)c1ccc2c(c1)nc(-c1ccccn1)n2CC
RAFIKI-2488,Cc1ccc(-c2nnn(CC(=O)N(CC(=O)NCc3ccccc3)c3cccc(C)c3C)n2)o1
RAFIKI-2489,CC1=C(C(=O)Nc2ccccc2)C(c2ccc(Cl)cc2)n2c(sc(=Cc3ccc(N(C)C)cc3)c2=O)=N1
RAFIKI-2490,NS(=O)(=O)c1cccc(NC(=O)CSc2nc3ccccc3[nH]2)c1
RAFIKI-2491,CCOc1ccccc1C(=O)N1CC(c2nc(C(C)(C)O)c(C)o2)CCC1C
RAFIKI-2492,CC(CCCNCCCO)C1CCC2(C)C3CC=C4C(CCC(O)C4(C)C)C3(C)C(O)CC12C
RAFIKI-2493,C=C(C)CCOc1ccc(N2CC(COC)OC2=O)cc1
RAFIKI-2494,CNC(=O)c1cccc(Nc2ncnc(N3CCc4cccc(C(F)(F)F)c4C3)n2)c1
RAFIKI-2495,O=C1c2c(F)cccc2N(c2cccc(F)c2)C2c3[nH]c4ccccc4c3CCN12
RAFIKI-2496,CC(=O)OC(C(=O)Nc1nccs1)c1ccccc1
RAFIKI-2497,CC(C)N(CCOc1ccc(-c2nc3ccccc3[nH]2)cc1)C(C)C
RAFIKI-2498,CC(C)CN(CC(C)C)CC(NC(=O)C1Cc2ccc(O)cc2CN1)C(C)C
RAFIKI-2499,CCNC(=O)c1cc2c(-c3cc(OCCCN(C)C)c(Cl)cc3Cl)nc(N)nc2s1
RAFIKI-2500,Cc1ccc(CN(Cc2ccccc2)C(S)=NCC(=O)NCc2cccnc2)o1
RAFIKI-2501,Cc1nc(C(NC(=O)CN(C)C(C)C)c2ccccc2F)no1
RAFIKI-2502,O=C(O)C1CCc2cc3c(cc2C1=O)OCCO3
RAFIKI-2503,COc1cc(CNCc2coc(-c3ccc(Cl)cc3Cl)n2)cc(OC)c1
RAFIKI-2504,O=C(Nc1ccccc1)OCc1cc(OCC2CCCN2)no1
RAFIKI-2505,COc1ccc(NC(=O)Nc2c(C)n(-c3ccccc3)c(=O)n2C)cc1OC
RAFIKI-2506,CC(C)(C)C(=O)NCc1cnc(C(F)F)c(C(=O)NC(=N)N)c1
RAFIKI-2507,O=C(NCc1ccccc1)c1cccn(Cc2ccccc2)c1=O
RAFIKI-2508,N=C(N)c1ccc2ccc(CN(CCc3ccccn3)C(=O)c3cccc4ccccc34)cc2c1
RAFIKI-2509,CC(=O)OC1CC2(C)C(CCC(C)C23Cc2c(O)cc(CO)c(C=O)c2O3)C(C)(C)C1OC(C)=O
RAFIKI-2510,O=C(C=Cc1ccccc1Cl)C1C(c2ccccc2Cl)C2CSCN2C12C(=O)Nc1ccccc12
RAFIKI-2511,CC(C)CCn1cc(C(=O)NC(C)c2ccc(Cl)cn2)nn1
RAFIKI-2512,CCOCCn1c(N2CCCN(C)CC2)nc2ccccc21
RAFIKI-2513,O=C(NC1CCCc2c1cnn2-c1ccccc1F)c1cscn1
RAFIKI-2514,COCCN(CCOC)c1nc(C)nc2c1nnn2-c1c(C)cc(C)nc1C
RAFIKI-2515,Oc1cc(Br)c(O)c2[nH]ccc12
RAFIKI-2516,COc1ccc(NC(=S)NNC(=O)c2ccc(-c3cc(OC)c(OC)c(OC)c3)nc2C)cc1
RAFIKI-2517,O=C1CC(c2cccc(O)c2)c2c(n(C3CCCCCCC3)[nH]c2=O)N1
RAFIKI-2518,O=C(Cc1ccccn1)NC1CCC(CCNC(=O)c2cc(Cl)cc(Cl)c2)OC1CO
RAFIKI-2519,CC1CC(C)CN(S(=O)(=O)c2ccc(C(=O)Nc3nnc(-c4cccs4)o3)cc2)C1
RAFIKI-2520,Cc1ccc(C)c(OCCCNC2CCCC2)c1C
RAFIKI-2521,O=C(O)c1ccc(-c2ccccc2)cc1NS(=O)(=O)c1cc(Cl)sc1Cl
RAFIKI-2522,Cc1[nH]nc2c1C(c1cc(N3CCC(CCC(=O)O)CC3)cc(C(F)(F)F)c1)(C(C)C)C(C#N)=C(N)O2
RAFIKI-2523,Cc1nnc2n1CCN(C(=O)c1cc(C)n(C3CC3)c1C)C2
RAFIKI-2524,CC1=C(C(=O)OC(C)C)C(c2ccoc2)CC(=O)N1
RAFIKI-2525,OC(CSC(=S)N1CCN(c2ccc(F)cc2)CC1)(Cn1cncn1)c1ccc(F)cc1F
RAFIKI-2526,CC(C)(C)NC(=S)NN=CC=Cc1ccco1
RAFIKI-2527,CC(C)(C)C(NC(=O)C(F)(F)F)C(=O)N1CC(C(F)(F)F)CC1C(=O)NC(C#N)CC1CCNC1=O
RAFIKI-2528,CCOc1cc2ncnc(Nc3ccc(F)c(Cl)c3)c2c2c1OCCO2
RAFIKI-2529,COc1ccsc1S(=O)(=O)N1CCC(n2ccnc2)CC1
RAFIKI-2530,O=C(O)COc1ccc(Cl)cc1CN1CCN(S(=O)(=O)c2ccccc2)CC1
RAFIKI-2531,CCOC(=O)C1CCN(C(=O)NC23CC4CC(CC(C4)C2)C3)CC1
RAFIKI-2532,Cc1nc(-c2cc(S(=O)(=O)NC(C)Cc3ccco3)c(C)s2)sc1C
RAFIKI-2533,CC(CN1CC(C)OC(C)C1)Oc1ccc2c(c1)Cc1cccc(-c3cc(=O)cc(N4CCOCC4)o3)c1S2
RAFIKI-2534,CCN1C(=O)N(CC)C2Nn3c(sc(=Cc4cccc(F)c4)c3=O)=NC21
RAFIKI-2535,CC(=O)n1[nH]c(=O)n(-c2ccccc2)c1=O
RAFIKI-2536,CC1c2ccc(-c3ccccc3)c(O)c2C(=O)C2=C(O)C3(O)C(O)=C(C(N)=O)C(=O)C(N(C)C)C3C(O)C21
RAFIKI-2537,Cn1c(C(=O)NC2(c3ccc(C(C(=O)O)c4cccnc4)cc3)COC2)cc2c(Cl)c(Cl)ccc21
RAFIKI-2538,Cn1nc(-c2ccccc2)cc1C(=O)NC(CC(=O)N1CCCC1)C(=O)O
RAFIKI-2539,CCC(CO)Nc1ncnc2c1c(Br)nn2C
RAFIKI-2540,CC(C)c1noc(C(C)Nc2ccc3oc(=O)[nH]c3c2)n1
RAFIKI-2541,O=C(c1ccc(Cl)cc1)C1C2C(=O)N(c3ccccc3)C(=O)C2C2CCCN21
RAFIKI-2542,Cc1ccc(S(=O)(=O)Oc2ccc(N3CCOCC3)c3c2C(=O)c2ccccc2C3=O)cc1
RAFIKI-2543,Cc1[nH]c2ccc(OCc3ccc(C4CCCC4)c(C(F)(F)F)c3)cc2c1CC(=O)O
RAFIKI-2544,O=[N+]([O-])c1ccc(-c2cn3c4c(sc3n2)CCc2cn(CCN3CCCCC3)cc2-4)cc1
RAFIKI-2545,Brc1ccc2c(c1)-c1ccccc1C1=NCCN12
RAFIKI-2546,CCc1ccc(-c2ccc(SCC(=O)NCC3CCCO3)nn2)cc1
RAFIKI-2547,O=C(CSc1ccc(Cl)cc1)N1N=CCC1c1ccccc1
RAFIKI-2548,Cc1ccc2oc(=O)c3cc(C(=O)NCCCN4C(C)CCCC4C)sc3c2c1
RAFIKI-2549,Cc1ccccc1CNc1cnn(C)c(=O)c1Cl
RAFIKI-2550,COc1cccc(-c2nnc(NS(=O)(=O)CC(OC)c3ncc(Cl)s3)n2-c2c(OC)cccc2OC)n1
RAFIKI-2551,Cc1cc2nc(CSc3ccc(Cl)cc3)cc(O)n2n1
RAFIKI-2552,O=C1Nc2ccccc2C1(O)c1ccccc1
RAFIKI-2553,CC(=O)C=CC=C(C)C=CC1C(C)=CC(O)CC1(C)C
RAFIKI-2554,Cc1cc(C2CN(C(=O)c3ccc(F)cc3)CC(F)(F)C2)n2ncnc2n1
RAFIKI-2555,Fc1ccc(Br)cc1C=NC1Oc2ccccc2CC1c1noc(-c2cc(Br)ccc2F)n1
RAFIKI-2556,CN(C)C(=O)C1=NOC2(C1)C(=O)Nc1ccccc12
RAFIKI-2557,O=C(NCc1ccc2cc(C(=O)NO)sc2c1F)c1ccc[nH]1
RAFIKI-2558,CC(C)CCCN1C(=O)NC(=O)C(=Cc2ccc[nH]2)C1=O
RAFIKI-2559,COC(=O)C12C3=C(C)OC4OC(=O)C(C)(CC5C(C)=C6CC(=O)OC6(C(C)(C)O)C(O3)C(O)C51C)C42
RAFIKI-2560,CN1CCN(S(=O)(=O)c2ccc(-n3ccnc3)cc2)CC1
RAFIKI-2561,CCCNCc1ccc(-c2c3ncn(CC4(O)CCN(Cc5ccc(-c6ccco6)cc5Cl)CC4)c(=O)c3nn2C)cc1
RAFIKI-2562,CCC1CCN1S(=O)(=O)C1CCC(C(F)(F)F)CC1
RAFIKI-2563,CCCCOC(=O)NS(=O)(=O)c1sc(CC(C)C)nc1-c1ccc(Cn2c(CC)nc3c(C)cc(C)nc32)cc1
RAFIKI-2564,CS(=O)(=O)N1CCN(Cc2ccc3c(c2)Nc2nccnc2S3)CC1
RAFIKI-2565,CN(C)C1C(O)=C(C(N)=O)C(=O)C2(O)C(O)=C3C(=O)c4c(O)cccc4C(c4ccccc4)C3CC12
RAFIKI-2566,COc1cccc(F)c1NC(=O)NCCCc1nc[nH]n1
RAFIKI-2567,O=C(NS(=O)(=O)N1CCC1)c1cc(C2CC2)c(OCC2CCC(F)(F)CC2)cc1F
RAFIKI-2568,NC1=NC2(c3cc(F)ccc3F)COC(C3CC3)CC2CS1
RAFIKI-2569,OC12CCC(CC1)N(Cc1ccc(F)cc1)C2CN1CCOCC1
RAFIKI-2570,CN1C(=O)c2ccccc2Oc2ccc(C(=O)NCc3ccc(F)cc3)cc21
RAFIKI-2571,c1ccc(-c2ccc(CNc3ccc4c(c3)ncn4-c3ccccc3)cn2)cc1
RAFIKI-2572,CCN(CC)C(=O)C=C1OC(=O)N(Cc2ccccc2)C1(C)C
RAFIKI-2573,CCc1ccc(N(CC(=O)Nc2ccc(NC(C)=O)cc2)S(=O)(=O)c2ccccc2)cc1
RAFIKI-2574,OCCn1nc(Cc2cccnc2)nc1-c1ccc2c(c1)OCCO2
RAFIKI-2575,C#CCC(OC(=O)c1ccc(NC(C)=O)cc1)C1CC1
RAFIKI-2576,COC(=O)C1CCCC(C(=O)OC)N1
RAFIKI-2577,CCCCc1c(OC(C)=O)c2cccnc2n(-c2ccc(SC)cc2)c1=O
RAFIKI-2578,CN(C)C(=O)c1cc(-c2ccc(CC(C#N)NC(=O)C3NC4CCC3C4)c(F)c2)cs1
RAFIKI-2579,CCc1cc(O)c(F)cc1-c1ccc2c(-c3nc4c([nH]3)CCN(C3CCN(C)CC3)C4)n[nH]c2c1
RAFIKI-2580,CCN(Cc1c(C)nn(CC)c1C)S(=O)(=O)c1cn(C)nc1C
RAFIKI-2581,CCC1(CC)C(=O)NC(=O)N=C1Nc1ccccc1
RAFIKI-2582,OCCc1cc(O)cc(OC2OC(CO)C(O)C(O)C2O)c1
RAFIKI-2583,CCOC(=O)N1CCN(CCC(=O)Nc2cc(OC)ccc2OC)CC1
RAFIKI-2584,Cc1cc(Cl)cc(CCCOc2ccc(F)cc2)c1OCC(O)CC(O)CC(=O)O
RAFIKI-2585,Cn1c(=O)[nH]c(=O)c2c1nc(N1CCCCC1)n2CCSc1ncccn1
RAFIKI-2586,CCc1cc(=O)oc2cc(C)cc(OCC(=O)N3CCC(C(=O)O)CC3)c12
RAFIKI-2587,O=C(CN1CCN(Cc2ccc(F)cc2)C1=O)NC1CCCC1
RAFIKI-2588,CCOC(=O)c1cn(CC)c2ccc(C=CCN3CCN(C(=O)OC(C)(C)C)CC3)cc2c1=O
RAFIKI-2589,O=C(c1ccoc1)N1CCCC(c2ccnc(-c3ccc(F)cc3)n2)C1
RAFIKI-2590,O=C1Nc2cc(Cl)ccc2C1=Cc1ccccc1[N+](=O)[O-]
RAFIKI-2591,O=C1c2ccccc2-c2c1c(-c1ccc(F)cc1F)nc1cccnc21
RAFIKI-2592,Cc1ccc(S(=O)OCC23CC4CC(CC(C4)C2)C3)cc1
RAFIKI-2593,CC(C)N(CCC(=O)c1ccco1)Cc1ccccc1
RAFIKI-2594,Cc1cc(OC2CCCCC2)cc(C(=O)Nc2nc(C)cs2)n1
RAFIKI-2595,CCOC(=O)C1=C(C)NC2SC(=Cc3ccc(N4CCOCC4)cc3)C(=O)N2C1c1cccs1
RAFIKI-2596,O=C(CSc1oc(-c2cccs2)nc1S(=O)(=O)c1ccccc1)Nc1ccc(F)cc1
RAFIKI-2597,CCCCOC(=O)Cc1cc(-c2ccc(S(C)(=O)=O)cc2)n(-c2ccc(F)c(F)c2)c1C
RAFIKI-2598,O=C(O)c1cc(Cl)ccc1NC(=O)C(Sc1ccc(Br)cc1)c1ccccc1
RAFIKI-2599,c1ccc(-c2nc3ccc(-n4cnnc4)cc3o2)cc1
RAFIKI-2600,CC(C)CCn1cnc2cnc(Nc3cc(F)c(O)c(F)c3)nc21
RAFIKI-2601,CC(C)CC(NC(=O)CCC(NC(=O)c1cc(Cl)cc(Cl)c1)C(=O)N1CCC2(CCCC2)CC1)C(=O)O
RAFIKI-2602,CCC(c1nc2c(cnn2C2CCOCC2)c(=O)[nH]1)N1CC(Oc2ccc(C)cc2)C1
RAFIKI-2603,Cc1cc(C)cc(Nc2nc(NCC(N)CC3CC3)ncc2C(N)=O)c1
RAFIKI-2604,CCOC(=O)c1ccc(NC(=S)Nc2ccc(Br)cc2N)cc1
RAFIKI-2605,CC(C)CNC(=O)C1Nc2ccc(C(F)(F)F)cc2C2C=CCC12
RAFIKI-2606,COc1ccc(NC(=O)Cc2nnc(N)s2)cc1
RAFIKI-2607,CN(C)c1ccc2cc3ccc(N(C)C)cc3[n+](CCCC(=O)ON3C(=O)CCC3=O)c2c1
RAFIKI-2608,N#Cc1ccc(Oc2nc3ccccc3nc2C(=O)O)cc1
RAFIKI-2609,NC(=O)c1c(NC(=O)c2ccc([N+](=O)[O-])s2)sc2c1CCN(Cc1ccccc1)C2
RAFIKI-2610,O=C(O)c1c[nH]c2ccc(Cc3cc(Cl)ccc3Cl)cc2c1=O
RAFIKI-2611,CCCC(O)(CCC)C(=O)NN(C(=O)OC)c1ccccc1
RAFIKI-2612,Cc1c(O)c(C(=O)O)c(O)c2c1C(C)C(C)OC2c1c(O)cc2c(c1O)C(=O)c1c(O)cc(CO)cc1C2=O
RAFIKI-2613,OCC1OC(n2cnc3c(NC4CC5CCC4C5)nc(O)nc32)C(O)C1O
RAFIKI-2614,O=C(NO)c1cc2ccc(CNc3ccccc3)cc2s1
RAFIKI-2615,Cc1ccc(C(=O)Nc2ccc(C(=O)OCc3cc(=O)n4c5c(sc4n3)CCCC5)cc2)cc1
RAFIKI-2616,CCC1C(=O)N2C(C(=O)O)=C(SCCN)CC12
RAFIKI-2617,Cc1ccc(C)c(N2CCN(CCCNC(=O)c3cnn(-c4ccccc4)c3C3CCN(C(=O)OC(C)(C)C)CC3)CC2)c1
RAFIKI-2618,Cc1oc(S(=O)(=O)Nc2ccccc2)cc1NC(=O)Nc1ccccc1
RAFIKI-2619,Cc1ccc(NC(=O)CCC(=O)c2ccc(Br)cc2)cc1
RAFIKI-2620,CC(=O)NCCC1C2=C3C(=NC=CC3c3ccccc3N2)c2ncsc21
RAFIKI-2621,CS(=O)(=O)c1ccc(-c2cnc3ccc(-c4cccc(S(C)(=O)=O)c4)cn23)cc1
RAFIKI-2622,CC1(COc2cc(OCC3(C)CO3)c3c(=O)c4ccccc4oc3c2)CO1
RAFIKI-2623,COc1ccc(-c2csc(=Nc3ccccc3)n2CCO)cc1F
RAFIKI-2624,COCC(=O)NC1CCN(S(=O)(=O)c2ccc(C(=O)O)cc2)CC1
RAFIKI-2625,CC(CNC(=O)Cc1ccccc1)C1CCN(C(=O)OC(C)(C)C)CC1
RAFIKI-2626,CCOc1cc(CNC2CCCC2)cc(Br)c1OCC(=O)Nc1ccccc1OC
RAFIKI-2627,O=CC(=O)CNC(=O)c1cc(N(CCBr)CCBr)c([N+](=O)[O-])cc1[N+](=O)[O-]
RAFIKI-2628,COC1=CC(=C(c2ccc(O)c(OC)c2)c2ccc(O)c(OC)c2)C=CC1=O
RAFIKI-2629,CCCn1c(=O)c2nc(-c3ccc(OCC(=O)N(C)CCN(C)C)cc3)[nH]c2n(CCC)c1=O
RAFIKI-2630,COC(=O)N1CCC(N(Cc2cccc(F)c2F)c2ccc(C#N)c(Cl)c2)C1
RAFIKI-2631,CC12CC(=O)C3CC1(O)OC(O2)C3COC(=O)c1ccccc1
RAFIKI-2632,O=C(C1CC1(c1ccccc1)c1ccccc1)N1CCOCC1
RAFIKI-2633,Oc1ccc(-c2ccc3ccccc3c2)cc1O
RAFIKI-2634,CCOc1cccc(C(=O)Nc2nc3c(s2)CC(C(C)(C)C)CC3)c1
RAFIKI-2635,Cc1nn(-c2ccccc2Cl)c(=O)n1CC(=O)NCc1nnc2n1CCC2
RAFIKI-2636,NC(=O)Nc1cccc(-c2cc3nccc(-c4ccc(OC(F)F)c(OCC5CC5)c4)n3n2)c1
RAFIKI-2637,Oc1cc(C(F)(F)F)nc(NCc2ccc3ccccc3c2)n1
RAFIKI-2638,COc1cccc2c1OCC1C2CCCN1C
RAFIKI-2639,C=CCNCC1=C(C)C(=O)C2(O1)C(=O)NC(OC)(C(=O)c1ccccc1)C2O
RAFIKI-2640,Cc1cc(OCC(=O)Nc2nnc(C3CC3)s2)ccc1C(C)C
RAFIKI-2641,O=C1CCC(N2Cc3c(NC(=O)CNc4ccnc(Nc5ccc6c(c5)OCO6)n4)cccc3C2=O)C(=O)N1
RAFIKI-2642,CC(C)(C)c1cc(NC(=O)Nc2nc(CCOCc3ccc(F)cc3)cs2)n(-c2ccc(CC(=O)O)cc2)n1
RAFIKI-2643,Oc1ccc(C2(c3ccc(O)cc3)C3CCCC2CCC3)cc1
RAFIKI-2644,COc1ccc2c(c1)C(C)(C)C(c1cnc3c4ccccc4nn3c1)=N2
RAFIKI-2645,Cc1cc2ccccc2c[n+]1CC(=O)c1ccc(F)cc1
RAFIKI-2646,CCOc1ccccc1NC(=O)c1cnc2n(c1=O)CCS2
RAFIKI-2647,Fc1ccc(C(Nc2ccc(Cl)c(C(F)(F)F)c2)c2nnc(-c3ccccc3)o2)cc1
RAFIKI-2648,COc1ccccc1S(=O)(=O)NC(CC(=O)O)c1ccc(C(C)(C)C)cc1
RAFIKI-2649,CCN(CC)c1nc(Nc2ccccc2C)c2cnn(C)c2n1
RAFIKI-2650,COc1ccc(N=C2C(Nc3ccc(OC)cc3)=CC(=O)c3ncccc32)cc1
RAFIKI-2651,NS(=O)(=O)c1ccc(Cc2c(C3CC3)nn(-c3nc(C(=O)O)cs3)c2-c2cccc(-c3ccccc3)c2)cc1
RAFIKI-2652,FC(F)Oc1ccc(NC(S)=NCc2nc3ccccc3[nH]2)cc1
RAFIKI-2653,Cc1ccc(NC2=C(NC(=O)c3ccccc3)C(=O)c3ccccc3C2=O)cc1Cl
RAFIKI-2654,CC(C)=CCC(OC(=O)CC(O)c1ccccc1)C1=CC(=O)c2c(O)ccc(O)c2C1=O
RAFIKI-2655,O=C(NCc1csc2ccc(Cl)cc12)Nc1cccc2ccccc12
RAFIKI-2656,CN1CCN(c2ccc3nccnc3c2)CC1
RAFIKI-2657,CN(C)C1C(O)=C(C(N)=O)C(=O)C2(O)C(O)=C3C(=O)c4c(O)cnc(F)c4CC3CC12
RAFIKI-2658,O=C(NC(=O)c1cc(Cl)cc(Cl)c1)NC1CN2CCC1CC2
RAFIKI-2659,CCc1ccc(C(=O)N2CC(C(=O)NC(C)C)C3(CCOCC3)C2)cc1
RAFIKI-2660,CC(CO)N(C)S(=O)(=O)C1CC1c1ccc(Br)cc1
RAFIKI-2661,O=C(NN1Cc2ccc(O)c(O)c2C1=O)c1ccc(F)cc1
RAFIKI-2662,CN1CCC(NC(=O)c2ccc(Br)o2)CC1
RAFIKI-2663,CC1CC(=O)NN=C1c1ccc(Cl)cc1
RAFIKI-2664,Cc1ccc(S(=O)(=O)NC(Cc2ccccc2)C(=O)N2CCC(C3CCN(C(=O)c4ccc([N+](=O)[O-])o4)CC3)CC2)cc1
RAFIKI-2665,Cc1nn(-c2cccc(Cl)c2)c2nc(C(F)(F)F)nc(O)c12
RAFIKI-2666,Cc1noc2c1C(=O)c1sc(C(=O)NCCN3CCOCC3)cc1C2=O
RAFIKI-2667,CC1=CC=CN2C(=O)C(=Cc3sc(S)nc3O)C(=NCCCN3CCOCC3)N=C12
RAFIKI-2668,C=CCNC(=O)CSc1nnc(C(CC)N(C)C)n1C1CCCCC1
RAFIKI-2669,CNC(=O)c1nn(C)c2ccc(Nc3nccc(-n4cc(NC5CNC5)c(C)n4)n3)cc12
RAFIKI-2670,COc1ccc(NC(=O)c2cc(-c3cc(Cl)ccc3OC)[nH]n2)c(OC)c1
RAFIKI-2671,CC(CO)(CO)NC(=O)c1ccccc1F
RAFIKI-2672,O=C(Cc1ccc(F)cc1F)N1CCn2nccc2C1
RAFIKI-2673,Cc1onc(-c2nc(C(O)C(O)C(O)CO)c[nH]2)c1[N+](=O)[O-]
RAFIKI-2674,Cc1ccc2oc(=O)c(-c3cccc(Br)c3)cc2c1
RAFIKI-2675,CN(C)C1C(=O)C(C(N)=O)=C(O)C2(O)C(=O)C3=C(O)c4c(O)cccc4C(CSC4CCCC4)C3CC12
RAFIKI-2676,COc1ccc(-c2nc(-c3ccc(NC(=O)c4ccc(Br)o4)cc3)no2)cc1OC
RAFIKI-2677,O=P(O)(Oc1ccccc1)c1ccccc1
RAFIKI-2678,Cc1cc(C)nc(NC(=S)N2CCN(Cc3c(F)cccc3Cl)CC2)c1
RAFIKI-2679,Cc1[nH]c2ccccc2c1C(=O)CC1(O)C(=O)Nc2ccccc21
RAFIKI-2680,Cc1ccc2c(c1)CCN2CCNC(=O)Nc1ccccc1Br
RAFIKI-2681,Cc1nc(C)c(-c2cc(C(=O)NCc3ccc(F)cc3)[nH]n2)s1
RAFIKI-2682,CC1(C)C(=O)c2ccc(C(F)(F)F)cc2C(n2ccccc2=O)C1O
RAFIKI-2683,Cn1nc(C(C)(C)C)cc1NC(=O)Cc1cccc(Nc2ncnc3[nH]ccc23)c1
RAFIKI-2684,CN(C(=O)c1ccsc1)C1C(CC=CCCCC(=O)O)CC2CC1C2(C)C
RAFIKI-2685,C=C(C)CSc1nc(N)c(C#N)c(-c2ccc(C)cc2)c1C#N
RAFIKI-2686,CCN(CC)C(=O)Oc1ccc(C(CC)(CC)c2ccc(N(C)C(C)=O)c(C)c2)cc1
RAFIKI-2687,COc1ccc(CSc2cc(N)nc(N)n2)cc1
RAFIKI-2688,COCC1CCC2C1=CC1(C)CCC(C(C)CNC(=O)C3CC3)=C1C(OC1OC3COC(C)(C)OC3C(O)C1O)C(O)C2C
RAFIKI-2689,CCc1cc(-c2ccc(C)nc2C)cc2ccc(O)nc12
RAFIKI-2690,COc1ccc(N2CCCn3c2nc2c3c(=O)n(C)c(=O)n2C)cc1
RAFIKI-2691,CC(OC(=O)c1cc(O)nc2ccccc12)C(=O)c1ccccc1
RAFIKI-2692,CC(C)Cn1cc(C(F)F)c(C(=O)NCc2ccncc2)n1
RAFIKI-2693,Cc1cc(O)nc(SCc2nc3ccccc3c(=O)n2-c2ccccc2C)n1
RAFIKI-2694,O=C(O)c1cn(Cc2ccc(F)cc2)c2ccc(Cc3cccc(Cl)c3F)c(O)c2c1=O
RAFIKI-2695,CC(CNCCc1ccc(O)c(O)c1)Cc1cccc(O)c1
RAFIKI-2696,COc1ccc(C2CC(=O)c3c(O)cc(O)cc3O2)cc1OC1OC(C(=O)O)C(O)C(O)C1O
RAFIKI-2697,Cc1cc2nc3c(c(O)n2n1)CCCC3
RAFIKI-2698,COc1ccc(NC(=O)CCCCCC(=O)Nc2ccccc2)c(OC)c1
RAFIKI-2699,O=C(O)c1cc2ccccc2n1Cc1ccc(-c2ccccc2)cc1
RAFIKI-2700,CON=C(C#N)C(=O)NC1=NOC(CCl)C1
RAFIKI-2701,Fc1ccc(-c2[nH]c(-c3ccc(Br)s3)nc2-c2ccncc2)cc1
RAFIKI-2702,Cc1nc(S)n(Nc2cccc(Cl)c2)c1-c1cccc(C#N)c1
RAFIKI-2703,CCON=C(c1ccc(Br)cc1)C1CCN(C2(C)CCN(C(=O)c3c(Cl)c[n+]([O-])cc3Cl)CC2)CC1
RAFIKI-2704,Cc1c(NC(=O)c2ccc(OCC3CC3)cc2)ccc2cc(C(C)NCC(C)(C)O)cnc12
RAFIKI-2705,Cc1ccnc(Oc2ccc(-c3cc4c(cc3F)ncc3ncn(C5(C)CCN(C(=O)C(C)O)CC5)c34)c(Cl)c2)n1
RAFIKI-2706,c1ncn(Cc2ccc3c(c2)-c2[nH]nc(-c4ccsc4)c2C3)n1
RAFIKI-2707,COC(=O)c1cc2c(s1)C(=O)C(Cl)=C(Nc1ccccc1)C2=O
RAFIKI-2708,COc1ccc(-c2ccc(C(=O)CNC(=O)CCn3c4c(c(=O)[nH]c3=O)CSCC4)cc2)cc1
RAFIKI-2709,NC(=O)c1cnc2ccc(-c3c(-c4ccc(F)c(Cl)c4)ncn3CCC3CCC3)nn12
RAFIKI-2710,CN(C)c1cc(NC(=O)c2ccccc2)c(O)c2c1CC1CC3C(N(C)C)C(=O)C(C(N)=O)=C(O)C3(O)C(=O)C1=C2O
RAFIKI-2711,CC(C)N(C)S(=O)(=O)N1CCCC1CC(=O)c1ccc(F)cc1
RAFIKI-2712,CCN1CCC(CNCc2c[nH]nc2C(C)(C)C)C1
RAFIKI-2713,CC(O)(COc1cccc(C(F)(F)F)c1)C(=O)Nc1cccc(S(F)(F)(F)(F)F)c1
RAFIKI-2714,O=S(=O)(NCC1CCC(CNC(CO)Cc2ccc(Cl)cc2)CC1)c1cccc2ccccc12
RAFIKI-2715,N#Cc1cnc2ccc(-c3c(-c4ccc(F)cc4)ncn3C3CCCC3)cn12
RAFIKI-2716,CC1CCN(Cc2ccncc2)CCN1Cc1ccccc1
RAFIKI-2717,O=c1[nH]nc2c3c(cccc13)N=C(c1ccccc1)N2
RAFIKI-2718,O=c1cc(-c2ccccn2)oc2ccc3ccccc3c12
RAFIKI-2719,c1cc(CN2CCCCC2)ccc1COc1ccc2c(c1)CCCC2
RAFIKI-2720,CC(C(=O)Nc1ccc(F)cc1)C12CC(NC(=O)c3cccc(Cl)c3)(C1)C2
RAFIKI-2721,NS(=O)(=O)OCC1CC(Oc2ncnc3[nH]c(-c4cccc5ccccc45)nc23)CC1O
RAFIKI-2722,NCC(=CF)COc1ccc(S(=O)(=O)CN2CCOCC2=O)c(F)c1
RAFIKI-2723,Cc1n[nH]cc1CNC1CCCC(C)C1C
RAFIKI-2724,OCC(O)Cc1ccc(O)c(-c2ccc(O)c(CC(O)CO)c2)c1
RAFIKI-2725,COCC(C)Oc1ccc2[nH]nc(-c3cc(N4CCN(C)C(=O)C4)ncn3)c2c1
RAFIKI-2726,COc1ccc(C(=O)NCCON=C2CC3C(C)(C(=O)O)CCCC3(C)c3cc(Br)c(C(C)C)cc32)cc1
RAFIKI-2727,CCCn1c(C(=O)N2CCN(CC)CC2)cc2cc(NC(=O)c3cccc(F)c3)ccc21
RAFIKI-2728,O=C(c1ccc(Oc2ccccc2)o1)N1CC(CO)C(CN2CCOCC2)C1
RAFIKI-2729,CC(C)=CCCC1=CCC(C(=O)c2c(O)cccc2O)C(c2ccc(F)c(F)c2)C1
RAFIKI-2730,N#Cc1cccc(OCCn2nnc3ccccc3c2=O)c1
RAFIKI-2731,CCOC(=O)C1=C(C)NC(=O)NC1C=Cc1ccccc1
RAFIKI-2732,COC1C(CO)OC(Oc2cc(O)c3c(=O)oc(C)cc3c2)C(O)C1O
RAFIKI-2733,CCOC(=O)C(Cc1c[nH]c2ccccc12)NSc1ccc(C)cc1
RAFIKI-2734,NC(=O)CN1CCC2(CCN(C(=O)c3cc(F)c(F)cc3F)C2)C1
RAFIKI-2735,CCCCCc1ccc(-c2cn(C3C4=C(OC3(C)C)c3ccccc3C(=O)C4=O)nn2)cc1
RAFIKI-2736,Cc1cccc(C2=CC(=O)c3c(O)cccc3C2=O)c1
RAFIKI-2737,CN(Cc1coc(-c2ccc(C(F)(F)F)cc2)n1)CC1OCCO1
RAFIKI-2738,CN(C)C(=O)c1nc2ccc(Cl)cn2c1CN1CCCC(OCc2cccnc2)C1
RAFIKI-2739,CCC(C)(C)C(=O)C(=O)N1C(C(=O)OCC=Cc2ccccc2)CSC1(C)C
RAFIKI-2740,COc1ccc(-c2noc(CC(=O)NCCCCCCCCCCC(=O)OCC3OC(O)C(O)C(O)C3O)c2-c2ccc(OC)cc2)cc1
RAFIKI-2741,CCc1ccc(C(=O)Nc2ccc(C3CNCCO3)cc2)cc1
RAFIKI-2742,CC1(C)C=CC(=NNc2nc(-c3ccc(Cl)cc3)cs2)CC1
RAFIKI-2743,CCCCOc1nc(N)c2[nH]c(=O)n(Cc3cccc(CC(=O)OC)c3)c2n1
RAFIKI-2744,Cc1cccc(COC2CCC3C2OCCN3Cc2nccs2)n1
RAFIKI-2745,Cn1c(Cl)cnc1CN(CC1CCCCC1)c1ccc2sncc2c1
RAFIKI-2746,COc1cccc(CNC(=O)Cn2nc(-c3ccc(Cl)cc3)ccc2=O)c1
RAFIKI-2747,O=C1NC(c2cn(Cc3ccc(Br)cc3)cn2)Nc2ccccc21
RAFIKI-2748,O=C(Cc1nc2ccccc2nc1O)c1ccc(Cl)cc1
RAFIKI-2749,CC(=O)Nc1ccc(-c2cncc(N3CCN(C(=O)c4ccco4)CC3)n2)cc1
RAFIKI-2750,CCC1(CC)NC(=O)N(CC(=O)N2CC(O)CC2c2ccccc2)C1=O
RAFIKI-2751,FC(F)(F)COc1ccnc(Nc2ccc(C3CNCCO3)cc2)n1
RAFIKI-2752,CC1=C(C=O)C2(C)CCCC(C)(C)C2CC1O
RAFIKI-2753,C#Cc1ccccc1Nc1nc(Nc2cnn(C)c2)ncc1C(N)=O
RAFIKI-2754,O=C(O)c1cn(C2CC2)c2c(F)c(OCc3ccccc3)c(F)cc2c1=O
RAFIKI-2755,CCOc1ccc(-c2nc(C#N)c3c(n2)n(-c2ccccc2OC)c(=O)n3Cc2ccccc2)cc1
RAFIKI-2756,Cc1ncncc1-c1nc2cc(F)c(F)cc2n1C1CC1
RAFIKI-2757,Cc1ccc2c(C)c3c(c(O)c2c1O)C(=O)C1(O)C(=O)C(C(N)=O)=C(O)C(NC(=O)OCc2ccccc2)C1C3
RAFIKI-2758,CC1(C)C=CC2=C(O1)C(=O)c1cccc(O)c1C2=O
RAFIKI-2759,COC1CN(C)C(=O)c2ccc(NC(=O)c3ccno3)cc2OCC(C)NCC1C
RAFIKI-2760,C=CCN1C(=O)NC(=O)C(=C(CC)Nc2cccc(C(F)(F)F)c2)C1=O
RAFIKI-2761,COc1ccc(C(=O)NC(CC(=O)O)c2ccc(C)cc2)nc1-c1ccc(Cl)cc1Cl
RAFIKI-2762,CCOc1ccc(Cl)c(C(=O)N2CCN(c3cnccn3)CC2)n1
RAFIKI-2763,COc1cc(C)c2c(OC3CCCCC3C(F)(F)F)c(OC)cc(NC(C)CCCN)c2n1
RAFIKI-2764,COc1c(C)c2c(c3c1C(=O)OC3OC)COC(C)(C)O2
RAFIKI-2765,O=C(C=C1CC(=O)N(c2ccc(Cl)cc2)C1=O)Nc1ccc(Cl)cc1
RAFIKI-2766,CC(O)C1(CNc2cc(Cl)nc(N)n2)CC(CCc2ccccc2)C1
RAFIKI-2767,COCCOc1ccn2c(-c3ccc4cccc(OCc5cnc[nH]5)c4n3)cnc2c1
RAFIKI-2768,CCOC(=O)c1c(-c2cccc(F)c2)[nH]c2cc(OC)c(F)cc2c1=O
RAFIKI-2769,O=C(CNC(=O)c1cccs1)Nc1ccc2c(c1)OCCO2
RAFIKI-2770,CCc1cccc2ccn(CC(O)CSc3ccc(F)cc3)c12
RAFIKI-2771,O=C1c2c(O)cc3oc4cc(O)c(O)cc4c3c2OC1Cc1ccc(O)c(O)c1
RAFIKI-2772,CNC(=O)c1c(-c2ccc(O)cc2)oc2ccc(O)c(CN3CC4(CCOC4)C3)c12
RAFIKI-2773,CCCN(C)c1ccc(CN2CCC(COc3ccc(C)cn3)CC2)cc1
RAFIKI-2774,c1cncc(COCC2CCC3C(CCN3CC3CCOCC3)O2)c1
RAFIKI-2775,NC(CC(=O)N1CC2CC1CN2C(c1ccc(F)cc1)c1ccc(F)cc1)C(=O)N1Cc2ccccc2C1
RAFIKI-2776,CC(NC(=O)C(NC(=O)c1ccc(-c2ccccc2)cc1)C(C)O)C(=O)NC(CCC(=O)O)C(=O)NN
RAFIKI-2777,CN(C)c1nc(C(F)(F)F)nc2c1ncn2Cc1ccc(Cl)cc1NC=O
RAFIKI-2778,CC1CN(c2ccc(F)cc2C#N)CCN1S(C)(=O)=O
RAFIKI-2779,Cc1noc(-c2ccc(NC3CCCCNC3=O)nc2)n1
RAFIKI-2780,COc1ccc(F)c(F)c1CN(C)Cc1ncc[nH]1
RAFIKI-2781,COc1ccc(-c2cc(COC(Cc3cn(C4CCN(Cc5ccc([N+](=O)[O-])cc5)CC4)nn3)c3ccc(Br)cc3)on2)cc1
RAFIKI-2782,COc1cc(-c2c3c(c(O)c4cc5c(cc24)OCO5)COC3=O)cc(OC)c1OC
RAFIKI-2783,COc1cc2c(cc1CCC(=O)O)CCC2
RAFIKI-2784,C=CC(C)(C)c1cc(C2CC(=O)c3ccc(O)c(CC=C(C)C)c3O2)c(O)cc1O
RAFIKI-2785,CC(C)=CCc1ccc2c(c1O)C(=O)CC(c1ccc(OC3OC(C)C(O)C(O)C3OC3OCC(O)C(O)C3O)cc1)O2
RAFIKI-2786,CC(=O)C1=C(O)C=C2Oc3c4c(cc(O)c3C2(C)C1=O)OC(C)(C)NC4=O
RAFIKI-2787,CCCCCC(OC(=O)C(C)N(C)C(=O)C(CCCCC)OC(=O)C(C)N(C)C(=O)OC(C)(C)C)C(=O)OCc1ccccc1
RAFIKI-2788,COc1ncccc1C(=O)N(C1CCCC1)C1CCS(=O)(=O)C1
RAFIKI-2789,COc1ccnc(CN2CCCC2CSC)c1OC
RAFIKI-2790,CCc1cc(C#N)ccc1NC(=O)N(C)Cc1nc(C)c[nH]1
RAFIKI-2791,Nc1cc(Oc2ccc(NC(=O)CC(=O)Nc3ccc(F)cc3)cc2F)ccn1
RAFIKI-2792,CC(C)(C)OC(=O)N1CCN(CCc2ccc3c(c2)c2cccnc2n3C2CCC(=O)NC2=O)CC1
RAFIKI-2793,CCn1c2cc(N3CCN(C)CC3)c(F)cc2n2c(=O)nc(N)cc12
RAFIKI-2794,COc1cc2c(cc1O)CC1(O)COc3cc(O)ccc3C21
RAFIKI-2795,Cc1cccc(-n2nc(C)c3c2NC(=O)CC3C(=O)c2ccc(Cl)s2)c1
RAFIKI-2796,Cc1ccc(C(=O)N2CCC(Cc3ccccc3)CC2)cc1[N+](=O)[O-]
RAFIKI-2797,Cn1cc(NC(=O)c2cnn3ccc(NC4CS(=O)(=O)CCC4N)nc23)c(C(N)=O)n1
RAFIKI-2798,CCc1cc2c3c(cc(C)[n+]2nc1CC)[nH]c1cc(C)c(C)cc13
RAFIKI-2799,CCCS(=O)(=O)Nc1ccc(F)c(C(=O)Nc2cnc3occc3c2)c1F
RAFIKI-2800,CCCCCNC(=O)C(Cc1ccc(OCC(=O)O)c(C(=O)O)c1)NC(=O)C(Cc1ccccc1)NC(=O)Cc1ccc(OC)cc1
RAFIKI-2801,Cc1cnc(CC(O)(C(=O)O)C(N)CC(C)C)cc1C=Cc1ccccc1
RAFIKI-2802,O=c1[nH]c2ccc(-c3c(Cl)ccc(CN4CCOCC4)c3Cl)cc2[nH]1
RAFIKI-2803,CC(C)C(=O)N1N=C(c2ccc(NS(C)(=O)=O)cc2)CC1c1cccs1
RAFIKI-2804,COc1ccc(CCN2CC(C(=O)N(C)Cc3c(C)n[nH]c3C)CCC2=O)cc1
RAFIKI-2805,Cc1c(C(=O)N2CCC(c3nc(-c4ccccn4)cs3)CC2)cnn1-c1nc2c(c(=O)[nH]1)CCC2
RAFIKI-2806,CCCCC(=O)c1ccc(OC(F)F)c(OC2CCOC2)c1
RAFIKI-2807,NCCCCN(Cc1ccc(OCCc2ccccc2)cc1)Cc1ccc(OCCc2ccccc2)cc1
RAFIKI-2808,O=C(NS(=O)(=O)OCC(Cl)(Cl)Cl)SCCC(F)(F)C(F)(F)C(F)(F)C(F)(F)C(F)(F)C(F)(F)F
RAFIKI-2809,O=C(NCCc1ccc(Cl)cc1)C(=O)NCC(c1cccs1)S(=O)(=O)c1ccccc1
RAFIKI-2810,CCCc1c(C(=O)N2CCC2)[nH]c(C)c1C(=O)OC
RAFIKI-2811,Cn1nnc2c1C(COCC1CC1)CN(C(=O)Cc1ccccn1)C2
RAFIKI-2812,CN(C)CCCNc1ccc(NC(=O)c2cccc3c(=O)c4cccc(C(=O)Nc5ccc(NCCCN(C)C)cc5)c4[nH]c23)cc1
RAFIKI-2813,O=C(NNc1c(Cl)cccc1Cl)c1c(F)cccc1Cl
RAFIKI-2814,N#Cc1cc([N+](=O)[O-])ccc1Sc1nnc(C2COc3ccccc3O2)n1-c1ccccc1
RAFIKI-2815,O=S(=O)(Nc1ccccc1OCc1ccccc1)c1cc(Cl)cc(Cl)c1O
RAFIKI-2816,CCOC(=O)C1(CCOC)CCN(C(=O)Cc2ccc3ccccc3c2)CC1
RAFIKI-2817,CCN1CCCC1CNC(=O)c1cc(NS(N)(=O)=O)ccc1OC
RAFIKI-2818,CCS(=O)(=O)Nc1ccc(-c2nnc(SCC(=O)OC)o2)cc1
RAFIKI-2819,COc1ccccc1NC(=O)CSc1nc(=O)n(CCN2CCOCC2)c2c1CCC2
RAFIKI-2820,N#Cc1cccc(-c2nnc(SCc3ccccc3C#N)o2)c1
RAFIKI-2821,O=C(NCc1nnnn1-c1ccc(F)c(F)c1)c1ccc2c(c1)OCO2
RAFIKI-2822,COC(=O)C1=C(c2cccc([N+](=O)[O-])c2)CCCC1
RAFIKI-2823,O=C(Nc1cc(C(F)(F)F)ccc1Cl)C1CCCN(c2cc(C3CC3)ncn2)C1
RAFIKI-2824,O=C1c2ccccc2C(=O)N1CCCCCCCCCCOc1ccccc1[N+](=O)[O-]
RAFIKI-2825,Nc1nc2c(c(=O)[nH]1)CC(N(CCCP(=O)(O)O)Cc1ccc(C(=O)O)cc1)CN2
RAFIKI-2826,CC1=NN(c2cc(F)c(O)c(F)c2)C(=O)C1=Cc1ccc(-c2cc(C)c(C)cc2C(F)(F)F)o1
RAFIKI-2827,CCC(=O)Nc1nc2ccc(NS(=O)(=O)c3ccccc3F)cc2s1
RAFIKI-2828,COc1cccc(C(=O)Nc2ccccc2-c2cn3c(CN4CCNCC4)csc3n2)c1
RAFIKI-2829,Cc1noc(C)c1CN1CC2CCC(C1)N(Cc1ccc3c(c1)OCCO3)C2
RAFIKI-2830,CC(C)(C)n1nnnc1C(c1cccc(F)c1O)N1CCc2ccccc2C1
RAFIKI-2831,COc1ccc(C(=O)C=Cc2ccco2)c2c1C=CC(C)(C)O2
RAFIKI-2832,NC1CC(c2cc(NCC3CCOCC3)ncn2)C1
RAFIKI-2833,CCOC(=O)CN(C(=O)COc1cccc(C)c1)c1ccc(F)cn1
RAFIKI-2834,COc1c(O)cc2cccc(OC)c(=O)c2c1OC
RAFIKI-2835,O=C1COc2ccc(C3(O)c4ccccc4C(=O)N3Cc3ccccc3Br)cc2N1
RAFIKI-2836,COc1c(N2CCN(Cn3c(O)c(N=NC(=N)S)c4cc(Cl)ccc43)C(C)C2)c(F)cc2c(=O)c(C(=O)O)cn(C3CC3)c12
RAFIKI-2837,CNC(=O)c1cccc(NC(=O)N2CCN(c3cccc4[nH]ccc34)CC2)c1
RAFIKI-2838,Cn1cc(-c2ccccc2)c(-c2cc(C(=O)O)[nH]n2)c1
RAFIKI-2839,COC1CC(=O)Nc2c(O)c3cc4c2C(C=CC=CCC(OC(=O)C(C)NC(=O)CC(C)C)C(C)C(O)C(C)=CCC3)C1O4
RAFIKI-2840,COc1c(OC)c2c(c(OC)c1-c1c[nH]c3ccccc13)OC1Nc3ccccc3C21O
RAFIKI-2841,CC(CNC(=O)c1ccc2c(c1)OCO2)c1ccc([N+](=O)[O-])cc1
RAFIKI-2842,CCN(C(=O)c1ccccc1Cc1ccc(C)cc1)C1CCOCC1
RAFIKI-2843,COc1cc(CCNCc2ccc3c(c2)OCO3)c(Cl)cc1NC(=O)Nc1cnc(C#N)cn1
RAFIKI-2844,COc1cc(C)cc2c1c[n+]1n2CCCC1
RAFIKI-2845,Cc1c(Nc2nc(C3CC3)c3nc[nH]c3n2)cnn1CCOC(F)F
RAFIKI-2846,Cc1ccccc1-n1cc(C(=O)O)c(=O)c2cc(F)c(N3CCNCC3)cc21
RAFIKI-2847,CC(C(=O)Nc1ccon1)N1C(=O)c2ccccc2S1(=O)=O
RAFIKI-2848,Cc1csc(CNc2ccc(-c3nc(C4CC4)no3)cn2)n1
RAFIKI-2849,COc1ccc(C(=O)Nc2ccc(N3CCN(C(=O)c4cccc(Br)c4)CC3)nc2)c(OC)c1
RAFIKI-2850,CN1CC2CCC1CN(C(=O)COCc1nc3ccc(F)cc3[nH]1)C2
RAFIKI-2851,Cc1c(Cl)nc(NCC2CCCNC2)c(=O)n1CC(=O)Nc1cccc(CN)c1
RAFIKI-2852,C=CCn1c(S)nnc1-c1ccc(F)cc1
RAFIKI-2853,CN1CCN(C(=O)c2cc3cc(Nc4nccc(-c5cc(OCC6CNC(=O)C6)ccn5)n4)ccc3[nH]2)CC1
RAFIKI-2854,CCOC(Cc1nnc(S)n1C)OCC
RAFIKI-2855,COc1ccc(-c2c(-c3ccccc3)noc2N)cc1OC
RAFIKI-2856,Cc1nc2nonc2c(N)c1Cn1cc(C(F)(F)F)cn1
RAFIKI-2857,O=C(CCCCCC(=O)N(Cc1ccc(Br)s1)c1ccc(OCCN2CCOCC2)cc1)NO
RAFIKI-2858,Cc1cc2c(cc1Nc1nc(-c3ccncc3)cs1)nc(-c1cccc(C(F)(F)F)c1)n2C
RAFIKI-2859,COC(=O)C1CCN(C(=O)Cc2ccc(Br)cc2)CC1
RAFIKI-2860,Cc1ccccc1C(OCCN(C(C)C)C(C)C)c1ccccc1
RAFIKI-2861,Cn1c(CN2CCC(C)(O)C(C)(C)C2)cc2ccccc21
RAFIKI-2862,Fc1cc(F)c(-c2c(Cl)nc3ncnn3c2NCc2ccccc2)c(F)c1
RAFIKI-2863,Cc1ccnc(NS(=O)(=O)c2ccc(NC(=O)Cc3cccs3)cc2)n1
RAFIKI-2864,Cc1c(N=C2CCCC3C4CCCN5CCCC(CN23)C45)cccc1[N+](=O)[O-]
RAFIKI-2865,O=C(O)C1C=CC2CC3C(CCCc4ccc(O)c(O)c4)C4C=CC1C2C43
RAFIKI-2866,COc1ccc(C=NOCc2ccc(Br)cc2)c(OC)c1
RAFIKI-2867,COc1cc(C)nc2c1-c1[nH]c3ccccc3c1CCN2CCc1ccccc1
RAFIKI-2868,Cc1nn(C)c(C)c1C(C)NC(=O)CCc1ccc2c(c1)CN(C(=O)NC(C)C)CCO2
RAFIKI-2869,O=C(Nc1cccc(C(F)(F)F)c1)N1CCC2(CC1)C(=O)N(c1ccc(F)c(F)c1)C2c1ccccn1
RAFIKI-2870,Cc1cccc(Oc2c(-c3ccc(S(C)(=O)=O)cc3)oc(C)cc2=O)c1
RAFIKI-2871,O=C(C1C2CCC(C2)N1C(=O)NC1CCCCC1)N1CCOCC1
RAFIKI-2872,N#Cc1c2n(c3ccccc13)CCNCC2
RAFIKI-2873,COc1ccc2oc(=N)c(-c3nc4ccccc4[nH]3)cc2c1
RAFIKI-2874,COc1cc(Nc2ccc3nc(N)nc(N)c3n2)cc(OC)c1OC
RAFIKI-2875,CCOC(=O)c1cc(NC(=O)c2ccccc2)c(=O)n2c(cc3c(Cl)cccc32)c1O
RAFIKI-2876,CC(=O)OC(Cc1ccc(O)cc1)C(=O)NC(CCc1ccc(O)cc1)C(=O)N1CC(C)CC1C(=O)NC(C=O)CCCN=C(N)N
RAFIKI-2877,Cc1c(Cl)cccc1NC(=O)CSc1nnc(CCNC(=O)OC(C)(C)C)o1
RAFIKI-2878,COc1ccc(-n2cnnn2)cc1OCc1csc(C2=CCN(C(=O)OC(C)(C)C)CC2)n1
RAFIKI-2879,CCOc1cccc(-c2cc(C#N)ccc2CN(Cc2cncn2Cc2ccc(C#N)cc2)C(C)=O)c1
RAFIKI-2880,CC12C=CC3(CN(c4ccc(Br)cc4)C(=O)C3C1C(=O)NN=C1CC3CCC1(C)C3(C)C)O2
RAFIKI-2881,CCc1cccc2[nH]c3c(c12)CC(N(C)C)CC3
RAFIKI-2882,C=CCCCCCCCCC(=O)Nc1cnc(O)nc1O
RAFIKI-2883,c1csc(CN2CCOC3CN(C4CCOCC4)CC3C2)c1
RAFIKI-2884,O=S(=O)(Nc1cc(Cl)c(Cl)cc1NS(=O)(=O)c1cc(Cl)cc(Cl)c1O)c1cccs1
RAFIKI-2885,CC(NCc1ncn(C)n1)c1ccc(OC(C)(C)C)cc1
RAFIKI-2886,Cc1cccc(C(=O)c2c(OCC(=O)Nc3ccc(S(N)(=O)=O)cc3C)ccc3cc(C#N)ccc23)c1
RAFIKI-2887,COC(=O)c1c(C)[nH]c(C(=O)OCc2ccc(F)cc2)c1C
RAFIKI-2888,CC1(C)CC(NC(=O)NP(=O)(N2CC2(C)C)N2CC2(C)C)CC(C)(C)N1[O]
RAFIKI-2889,COc1ccc(N(C)S(=O)(=O)c2c(N)[nH]c3c(C4=CCCCC4)ncnc23)cc1
RAFIKI-2890,Cn1cnc(-c2ccccc2Br)c1-c1ccc2ncc(C#CC(C)(C)O)cc2c1
RAFIKI-2891,CCN(CC)c1cc(C)c2cc(NC(=O)c3cccc(OC)c3)ccc2n1
RAFIKI-2892,Cc1cccn2c(=O)c3cccc(Cl)c3nc12
RAFIKI-2893,Cc1cc(N(O)C2C=CC(OC(C)(C)C)C2)no1
RAFIKI-2894,CCN1CCN(CCNC(=O)c2ccc(CS(=O)(=O)c3ccccc3C)o2)CC1
RAFIKI-2895,CCCCOc1nc(C(Cl)(Cl)Cl)c(Cl)c(OC)c1Cl
RAFIKI-2896,Cc1ccc(C(=O)C#Cc2ccc(S(C)(=O)=O)cc2)cc1
RAFIKI-2897,COC(=O)C(Cc1cccc2ccccc12)NC(=O)CCCCCCC(=O)NO
RAFIKI-2898,O=C(Nc1ccc(Cl)cc1)C1Cc2ccccc2CN1C(=O)c1cccc(Cc2ccccc2)c1
RAFIKI-2899,COCOc1cccc(-c2c[nH]cc2C#N)c1
RAFIKI-2900,Cc1cnc(Nc2ccc(N3CCCCC3)cc2)nc1Nc1nc2ccccc2s1
RAFIKI-2901,CCCC(C)OC(=O)CCC(=O)Nc1cc(Nc2cccc(C(=O)OC(C)CCC)c2)ncn1
RAFIKI-2902,Cc1ccc2c(c1)CC1(CN2C)C(=O)N(c2ccc(Br)cc2)C(=O)N=C1O
RAFIKI-2903,COc1ccc(N(Cc2cccc(NC(=O)CCc3ccc(F)cc3)c2)C(=O)CCCCCC(=O)NO)cc1
RAFIKI-2904,CC(NC(=O)c1cccnc1NCc1ccc(-c2cnc3[nH]ncc3c2)cc1)c1ccc(F)c(F)c1
RAFIKI-2905,O=C(NC1CC2CCC(C1)N2Cc1ccc2cc(F)ccc2c1)N1CCCN(C(=O)c2c(O)cccc2F)CC1
RAFIKI-2906,O=S1(=O)N(Cc2ccccc2Cl)CCCN1Cc1ccccc1Cl
RAFIKI-2907,O=C(C=C1c2ccccc2N(C(=O)c2ccc(-n3cccn3)cc2Cl)CCC1(F)F)NCc1ccccn1
RAFIKI-2908,COc1ccc(-c2cc(NC(=O)CCC(=O)N3CCN(CC(=O)NC(C)(C)C)CC3)nc(-c3ccc(OC)cc3)n2)cc1
RAFIKI-2909,NC(=O)C(c1ccccc1)C1CCCCN1Cc1ccccc1
RAFIKI-2910,COc1ccccc1OCCNC(=O)c1ccc(S(=O)(=O)N(C)C)cc1
RAFIKI-2911,COc1ccccc1N=C1SC(C(=O)Nc2cccc(Cl)c2Cl)C(N)=C1C(N)=O
RAFIKI-2912,CC(C)CNC=C(C=N)c1cccc2c1NC(C)CC(=O)N2
RAFIKI-2913,COC(=O)c1cc(C2NC(C(=O)O)Cc3c2[nH]c2ccccc32)ccc1O
RAFIKI-2914,COc1cc(-c2n[nH]c3cc(NC(=O)NC(C)c4ccccc4)ncc23)ccn1
RAFIKI-2915,COc1ccc(S(=O)(=O)N(Cc2ccccn2)C(C(=O)NO)C(C)C)cc1
RAFIKI-2916,CCCN(Cc1ccc(F)cc1C(F)(F)F)C1CCNCC1
RAFIKI-2917,CCOc1ccccc1CN1CCNC(=O)C1CC(=O)N(C)Cc1nonc1C
RAFIKI-2918,CCCCn1c(=O)c2c(nc3n2CCCN3CCc2ccc(OCC(=O)NCc3ccccc3)cc2)n(CCCC)c1=O
RAFIKI-2919,COc1ccc(CC2CCCN2CC(O)COc2cccc(Cl)c2C#N)cc1
RAFIKI-2920,Cc1nc2sccc2c(=O)n1NC(=O)Nc1cccc([N+](=O)[O-])c1
RAFIKI-2921,CCCN(CC1CC1)c1nc(C)nc(C(=O)c2ccc(OC)cc2OC)c1C
RAFIKI-2922,O=C(Cn1cnc2ccccc21)OCC(=O)N1CCc2ccccc2C1
RAFIKI-2923,Nc1nc2ccccc2c2c1ncn2CCCc1ccccc1
RAFIKI-2924,CCCCCCCCCCCC(NCCCOC(C)C)=C1C(=O)C2CCCC(=O)N2C1=O
RAFIKI-2925,CSC(=N)NN=Cc1ccc([N+](=O)[O-])cc1
RAFIKI-2926,O=C(NCC(O)CN1CCc2ccccc2C1)c1ccc(OC2CCN(Cc3ccncc3)CC2)cc1
RAFIKI-2927,O=C(CSc1nnc(C2CC2)n1-c1ccccc1)N1CCCC1
RAFIKI-2928,CC1(C)C(C#N)C1(C#N)C(=O)Nc1ccccc1F
RAFIKI-2929,COc1ccc2[nH]cc(CCNC(=O)C3CCN(Cc4ccccc4)CC3)c2c1
RAFIKI-2930,COc1nccc(-c2ccc3nccc(-c4ccnnc4)c3c2)c1NS(=O)(=O)c1ccc(F)cc1F
RAFIKI-2931,COc1ccccc1CNC(=O)c1cc(-c2cc(Cl)ccc2C)[nH]n1
RAFIKI-2932,Cc1cccc(Oc2ccc(OCc3ccc(-c4ccc(S(=O)(=O)NC(C(=O)O)C(C)C)cc4)cc3)cc2)n1
RAFIKI-2933,CC1Cc2ccccc2N1C(=O)CN1CCN(Cc2ccc(OC(F)(F)F)cc2)CC1
RAFIKI-2934,O=c1nc(OCC2CCCO2)cc2n1CCc1cc(OCCOc3ccc(Cl)cc3)ccc1-2
RAFIKI-2935,CCN(CC)CCCNCc1cc2c(cn1)[nH]c1ccccc12
RAFIKI-2936,COc1ccc(N(CCC(=O)Nc2ccn(C)n2)S(=O)(=O)c2ccc(C)cc2C)cc1
RAFIKI-2937,Cc1cc(S(=O)(=O)Nc2cccc(F)n2)ncc1N(C)C1CCN(Cc2ccccc2)C1
RAFIKI-2938,Cc1ccc(C)c(Cn2c(CCCNC(=O)C3CCCCC3)nc3ccccc32)c1
RAFIKI-2939,CCOCCCNC(=O)c1c(C)[nH]c(C(=O)OCC)c1C
RAFIKI-2940,CCC(Oc1ccccc1)C(=O)Nc1cc(Cl)ccc1-n1cncn1
RAFIKI-2941,CCOc1ccc(Nc2ncc3c(n2)-c2ccc(OC)cc2NC(=O)C3)cc1
RAFIKI-2942,CC(CNc1ccc(NCC(C)N(C)C)c2c1C(=O)c1c(O)ccc(O)c1C2=O)N(C)C
RAFIKI-2943,CC(=O)Nc1ccc(C(C(F)(F)F)(C(F)(F)F)C(F)(F)F)cc1
RAFIKI-2944,COc1cccc(-n2c(-c3ccco3)nc3c(cnn3-c3ccccc3C)c2=O)c1
RAFIKI-2945,CN(C)C1C(O)=C(C(N)=O)C(=O)C2(O)C(=O)C3=C(O)c4ccccc4C(C)(O)C3C(O)C12
RAFIKI-2946,Cc1ccc(C(C)C)c(OCc2ccc(-c3nnco3)cc2)c1
RAFIKI-2947,CCCCCCC(C)CCC(O)c1cc(O)cc(O)c1
RAFIKI-2948,CCC(C)CNCC(=O)N1CCc2sccc2C1c1ccccc1OC
RAFIKI-2949,O=C1C=C(c2ccccc2O)C(=O)c2ccccc21
RAFIKI-2950,O=S(=O)(Nc1ccc(-c2cc3cc(F)ccc3[nH]2)cc1)c1ccc(Br)s1
RAFIKI-2951,COc1cccc(C=C2Oc3cc(OCCCN4CCCCC4)ccc3C2=O)c1
RAFIKI-2952,COc1cc2c(cc1OC)CN(C(=O)CCc1ccccc1)CC2
RAFIKI-2953,Cn1c(O)c(C(c2ccc(Cl)cc2)c2c(O)n(C)c(=O)n(C)c2=O)c(=O)n(C)c1=O
RAFIKI-2954,CN(CCCCc1ccccc1)CC(O)c1ncc(-c2ccccn2)o1
RAFIKI-2955,CNc1nc(=O)n(-c2ccccc2C(F)(F)F)c2cc(C3CC3)c(C#N)cc12
RAFIKI-2956,Cc1nc2cc(Cc3ccccc3)ccc2o1
RAFIKI-2957,NC(N)=NC(=O)c1ccc2c(F)cnc(-c3ccccc3Cl)c2c1
RAFIKI-2958,Cc1nc(COc2ccc(C(C)(C)C)cc2)nn1C
RAFIKI-2959,FC(F)(F)c1cc(CCN2CCNCC2Cc2cccc3ccccc23)cc(C(F)(F)F)c1
RAFIKI-2960,O=C(O)CN1C(=O)C(=Cc2cc(Br)ccc2OCc2ccc(Cl)cc2Cl)SC1=S
RAFIKI-2961,CCCC(CCO)Nc1nc(N)nc2cc(F)ccc12
RAFIKI-2962,O=C(NN=Cc1c(O)ccc2ccccc12)Nc1ccccc1
RAFIKI-2963,O=C(NCc1cccnc1)C(=Cc1ccco1)NC(=O)c1ccccc1
RAFIKI-2964,CCCCOc1ccc(C(=O)NCC2(c3ccc(OC)cc3)CCOCC2)cc1
RAFIKI-2965,COc1ccccc1S(=O)(=O)Nc1ccc(C)cc1Oc1ccc2sc(N)nc2c1
RAFIKI-2966,O=C(CCC1=CCN(Cc2cc(C(F)(F)F)cc(C(F)(F)F)c2)C1=O)NO
RAFIKI-2967,CC(C)(C)CNC(=NO)c1ccc(Oc2cc(Cl)ccc2Cl)nc1
RAFIKI-2968,CN=C(S)NCC1CN(c2cc(F)c3c(c2)OCC2CCCN32)C(=O)O1
RAFIKI-2969,CCN(C(=O)C1CC2C=CC1C2)C1CC(=O)NC1=O
RAFIKI-2970,CC(C)(C)C(=O)Nc1ccccc1C(=O)Nc1cc(Cl)ccc1Cl
RAFIKI-2971,C=CCC(CC=C)(NC(=O)c1cccc(C)c1)c1ccccc1
RAFIKI-2972,CC(C)(C)c1ccc(OC(=O)C2CCC(CNC(=N)N)CC2)cc1
RAFIKI-2973,CCOC(=O)c1c(NC(=O)c2ccco2)sc2c1CCCCC2
RAFIKI-2974,CN(C)c1ccc(-c2cccc(-c3ccc(N(C)C)cc3)[o+]2)cc1
RAFIKI-2975,CN=C(c1ccccc1)N1CCN(CCc2ccccn2)CC1
RAFIKI-2976,O=S1(=O)C=C(c2ccc(C3CCCCC3)cc2)S(=O)(=O)CCC1
RAFIKI-2977,CCc1c(-c2ccnc(OC)c2)[nH]c2ccc(C3CCN(CCNC)CC3)cc12
RAFIKI-2978,O=c1n(Cc2cc3cc(Cl)ccc3n2CCCN2CCOCC2)c2cnccc2n1C1CC1
RAFIKI-2979,c1cnc(N2CC3CCN(CCN4CCCC4)CC3C2)cn1
RAFIKI-2980,OC(c1ccc(-c2ccccc2)cc1)c1nc(-c2ccc(F)cc2)c[nH]1
RAFIKI-2981,Oc1ccc(CC2CN3C(=CC4=NCC(Cc5ccc(O)cc5)N4CC3Cc3ccccc3)N2)cc1
RAFIKI-2982,CC(C)(C)c1cc(NC(=O)Nc2ccc(-c3coc4ncnc(N)c34)cc2)no1
RAFIKI-2983,O=C(OC(C(F)(F)F)C(F)(F)F)N1CCC2(CCc3cc(-c4ccc(CS(=O)(=O)Cc5ccccn5)cc4)ccc3O2)CC1
RAFIKI-2984,CCN(CC)CCCC(=O)Nc1ccccc1S(=O)(=O)Nc1ccc2c(c1C(=O)O)CCCC2
RAFIKI-2985,CCS(=O)(=O)N1N=C(c2cccs2)CC1c1cc2cc(C)ccc2nc1Cl
RAFIKI-2986,OC1CCC(Nc2ncc(F)c(NC34CC5CC(CC(O)(C5)C3)C4)n2)CC1
RAFIKI-2987,Cc1cc(C2=NC(Cc3ccc4ccccc4c3)C(=O)N(C)c3ccc(Cl)cc32)ccc1O
RAFIKI-2988,CC(C)(C)C(NS(C)(=O)=O)C(=O)NC1C2CCCOC2C1(C)C
RAFIKI-2989,Cc1onc(-c2c3ccccc3cc3ccccc23)c1C(=O)N(CCCN(C)C)CCCN(C)C
RAFIKI-2990,N#Cc1ccc(-n2sc(-c3ccccc3Cl)cc2=O)cc1
RAFIKI-2991,O=C(O)C1CN(Cc2cc3c(cc2Cl)OCO3)CC1C1CC1
RAFIKI-2992,CCOC(=O)C(NC(=O)CCc1nc(C)c(-c2ccccc2)o1)C(C)CC
RAFIKI-2993,COc1ccncc1-c1cc(CNC(=O)c2ccccc2OC(F)(F)F)n[nH]1
RAFIKI-2994,COCc1cc(C)nc2sc3c(c12)NC(c1ccccc1C(=O)O)N(c1cccc(C(F)(F)F)c1)C3=O
RAFIKI-2995,COc1ccc(C(=O)N(CCCC(C)Nc2cc(OC)cc3cccnc23)Cc2ccccc2OC)cc1
RAFIKI-2996,COc1ccc(CCN2CCCn3c2nc2ccccc2c3=O)cc1O
RAFIKI-2997,Cc1cccc(NC(=O)COc2ccc3c(c2)OCO3)n1
RAFIKI-2998,CCC(C)C1NC(=O)N(C2CCS(=O)(=O)C2)C1=O
RAFIKI-2999,Cn1ccc2cc(-c3cc4c(NC5CCCNC5)ncc(C(N)=O)c4s3)ccc21
RAFIKI-3000,Cc1ccc(N=Cc2sc(O)c3ccccc23)c(C)c1
RAFIKI-3001,COc1ccc(C(=O)NC(=S)NC(C)C)cc1Br
RAFIKI-3002,Cc1cc(S(=O)(=O)N2CCN=C2c2ccccc2)c(Cl)cc1Cl
RAFIKI-3003,O=C(O)CCCCOc1cccc(-c2cccc(Nc3nsc4cc(CNC(CO)C(=O)O)ccc34)c2Cl)c1
RAFIKI-3004,O=c1ccn(C2OC(CO)C(O)C2(F)Cl)c(=O)[nH]1
RAFIKI-3005,CC(C(=O)Nc1ncccn1)N1CCCN(c2nccs2)CC1
RAFIKI-3006,CCNC(=O)CC1C(=O)N(c2ccc(OC)cc2)C(=O)N1Cc1ccc(OC)cc1
RAFIKI-3007,O=c1[nH]c2cnc(Cl)cc2cc1-c1cccc(Cl)c1
RAFIKI-3008,COC(=O)CN1C(C)=Nc2ccc(Br)cc2C1c1ccccc1
RAFIKI-3009,O=C(CCCCCCC=Cc1ccc2ccccc2c1)NO
RAFIKI-3010,CC(O)C1CCN(c2cc(N3Cc4ccccc4-c4ccccc4C3)ncn2)C1
RAFIKI-3011,CCOc1ccc(CCNC(=O)c2cc3ccccc3n2Cc2ccc(Cl)c(F)c2)cc1OCC
RAFIKI-3012,CCN1CCN(C(C)(C)CNc2nc(C)cc(C3CCC3)n2)CC1
RAFIKI-3013,O=C(NCc1cccc2ccccc12)c1nn(CCO)c2c1CN(Cc1c[nH]c3c(C(=O)O)cccc13)CC2
RAFIKI-3014,CCN(C)CC(=O)N1C(C)CN(c2ccc3[nH]c(-c4cn5ncnc5c(C)c4C)c(C(C)C)c3n2)CC1C
RAFIKI-3015,FC(F)(F)c1ccc(OCc2ccc(-c3nnn[nH]3)cc2)c(Cl)c1
RAFIKI-3016,COc1ccc2nc(C)cc(Sc3nc4ccccc4s3)c2c1
RAFIKI-3017,CCc1c[nH]nc1-c1c(F)cccc1F
RAFIKI-3018,CCC(CC)n1cc(-c2nc(-c3cnn(CC4CNCCO4)c3)cn3nccc23)cn1
RAFIKI-3019,COCc1cc(CNC23CC4CC(CC(C4)C2)C3)no1
RAFIKI-3020,NC(=O)c1cc(-c2ccccc2)cc(-c2ccc(S(N)(=O)=O)cc2)c1N
RAFIKI-3021,CCCCOc1nc(N2CCOCC2)nc(C)c1[N+](=O)[O-]
RAFIKI-3022,NCCc1cnc(S)n1C1CSc2ccc(O)cc2C1
RAFIKI-3023,COC(=O)c1cc(S(=O)(=O)NCCc2ccc(Cl)cc2)c[nH]1
RAFIKI-3024,COC1CN(C)C(=O)c2cc(NC(=O)C3CCOCC3)ccc2OCC(C)N(Cc2cccnc2)CC1C
RAFIKI-3025,O=C(NO)c1ccc(CNCc2csc3ccccc23)cc1
RAFIKI-3026,CCCOc1ccc(N2C(=O)CC(NNC(=O)c3ccc(COc4ccccc4)o3)C2=O)cc1
RAFIKI-3027,CC(=O)Sc1ccc(C(=O)N(CC(=O)O)C2CCCC2)cc1
RAFIKI-3028,CC1CCC2(OC1)OC1CC3C4CCC5(O)CC(O)CC(O)C5(C)C4CCC3(C)C1C2C
RAFIKI-3029,CCOc1ccc2c(=NN=Cc3cccc(Cl)c3)cc(C)[nH]c2c1
RAFIKI-3030,CC(C)(C)OC(=O)N1CCOCC1c1nc(-c2cccnc2)cs1
RAFIKI-3031,CC(=O)NC(CSC(=O)c1cccnc1)C(=O)NCCO[N+](=O)[O-]
RAFIKI-3032,CCCc1cc(=O)[nH]c(C(=Cc2c(C3CC3)cnn2C)CC)n1
RAFIKI-3033,O=C(CSc1nnc2c3ccccc3c3ccccc3c2n1)Nc1ccccc1
RAFIKI-3034,CC(=O)c1ccc(NC(=O)CSc2cn(CC(=O)N3CCCCC3)c3ccccc23)cc1
RAFIKI-3035,COc1cccc(OC)c1-c1c2nccc(-c3ccc(F)cc3F)c2cc[n+]1[O-]
RAFIKI-3036,COc1cc2ncc(C(=O)N(C)C)c(Nc3ccc(Cl)cc3F)c2cc1OC
RAFIKI-3037,Cc1nn(-c2ccccc2)c2nc(C(C)C)c(C=CC(O)CC(O)CC(=O)O)c(-c3ccc(F)cc3)c12
RAFIKI-3038,COc1cccc(C=Cc2nc(C#N)c(N3CCCCCC3)o2)c1
RAFIKI-3039,Fc1cccc(CNc2ccc(NCc3cccc(F)c3)nc2)c1
RAFIKI-3040,CCCN(CC(=O)Nc1ccc(Cl)cc1Cl)C(=O)c1cn2ccccc2n1
RAFIKI-3041,CN1CCCC12CCCCC2NC(=O)c1ccc(F)cc1
RAFIKI-3042,Cc1ncnc2c1ccn2C1OC(C(C)(O)c2ccc3c(c2)CC3)C(O)C1O
RAFIKI-3043,CCOC(=O)C(Cl)=Cc1cc(O)nc(O)n1
RAFIKI-3044,Cc1cc(C(O)(CC2CC3CCC(C2)[N+]3(C)C)c2csc(C)c2)cs1
RAFIKI-3045,CC1CN(C(C)CO)C(=O)c2cc(-c3ccc(F)cc3)cnc2OC1CN(C)C(=O)Nc1ccc(F)cc1
RAFIKI-3046,C[N+](C)(C)CCc1cc2c(cc1C(=O)C(=O)c1ccc3c(c1C(=O)O)OCO3)OCO2
RAFIKI-3047,Cc1nc2cc(Cl)c(Cl)cc2n1Cc1nnc(S)n1-c1ccc([N+](=O)[O-])cc1
RAFIKI-3048,Cc1ccc(C)c(S(=O)(=O)NCC(C)(O)C(=O)OC(C)(C)C)c1
RAFIKI-3049,CC(=O)c1ccc(-n2c(CCC(=O)O)ccc2-c2ccc(Br)cc2)cc1
RAFIKI-3050,O=c1c(O)c(-c2ccccc2)oc2cccc(O)c12
RAFIKI-3051,COc1ccc(C(=O)N2CCc3cc(OS(N)(=O)=O)c(OC)cc3C2=O)cc1OC
RAFIKI-3052,Cc1ccccc1C(=O)N1CCC2(CCNCC2)CC1
RAFIKI-3053,OCC1CC(O)C(c2c[nH]c3c(O)ncnc23)N1
RAFIKI-3054,N#Cc1ccc2cc(OCC3CCNCC3)ccc2c1
RAFIKI-3055,COc1ccc2[nH]c(-c3cccc(O)c3)c(-c3cccnc3)c2n1
RAFIKI-3056,CCCCCc1nnc(NC(=O)c2cc(C#N)cn2C)s1
RAFIKI-3057,COc1ccc(S(=O)(=O)N(CC(O)C(Cc2ccccc2)NC(=O)C=Cc2ccc(O)c(OC)c2)C(C)C)cc1
RAFIKI-3058,Cc1nnc(C2CC3CN(C(=O)c4sccc4C)CC3O2)[nH]1
RAFIKI-3059,COc1cc(C)ccc1Oc1cc(N2CCN(S(=O)(=O)c3ccc(C)cc3)C(C)C2)ncn1
RAFIKI-3060,NC(=NO)c1ccc(Cn2ncc(=O)[nH]c2=O)cc1
RAFIKI-3061,O=C(NCCc1ccccc1)c1sc2cc(Cl)ccc2c1Cl
RAFIKI-3062,O=S1(=O)COc2cc(-c3cncc4ccccc34)ccc2N1
RAFIKI-3063,COc1cc2c(cc1OC)C(C(C)(OC)c1ccc(OC)c(OC)c1O)=NCC2
RAFIKI-3064,COc1ccc2c(c1F)C(=O)N(CC1(C#Cc3ccc(CN4CCc5ccc(F)cc5C4)nc3)NC(=O)NC1=O)C2
RAFIKI-3065,CC(=O)CC1(O)C(=O)C2=C(OCC2C)c2ccc3c(c21)CCCC3(C)C
RAFIKI-3066,Cc1cc(F)cc(NC(=O)N2CCCN(C(=O)C(F)(F)F)CC2)c1
RAFIKI-3067,CCn1c(SCC(=O)N2CCN(c3cccc(Cl)c3)CC2)nc2ccccc2c1=O
RAFIKI-3068,CNCC(c1ccc(Cl)c(Cl)c1)C(O)c1ccccc1[N+](=O)[O-]
RAFIKI-3069,COc1ccc(-c2c(C#N)c(N)nc3c2CCCC3)cc1OC
RAFIKI-3070,CC12CCC3C(CCC4C(C)(N)CCCC43C)(CC1=O)C2
RAFIKI-3071,O=C(O)c1ccc(C2Nc3c(Cl)cc(Cl)cc3C3C=CCC32)cc1
RAFIKI-3072,NC(=O)c1n[nH]c(-n2cc(C3(O)CCCCC3)nn2)n1
RAFIKI-3073,Cc1c(-c2cc(Nc3ccc(N4CCN(C)CC4)cn3)c(=O)n(C)c2)cccc1N1C(=O)c2ccc(C(C)(C)C)cc2C1=O
RAFIKI-3074,O=C(Nc1ccc([N+](=O)[O-])cc1)n1ccnc1
RAFIKI-3075,Cn1cc(-c2cnn(-c3ccccc3-c3nnn[nH]3)c2)c(-c2ccc(F)cc2)cc1=O
RAFIKI-3076,ON=C1CCc2cc(-c3cn(CC4CCNCC4)nc3-c3ccncc3)ccc21
RAFIKI-3077,COc1c(N2CCN(CC(C)=NNc3ccc(C(F)(F)F)cc3)CC2)c(F)cc2c(=O)c(C(=O)O)cn(C3CC3)c12
RAFIKI-3078,CCOc1ccc(NC(=O)CCn2c(=O)cc(C(F)(F)F)c3cn(C)nc32)cc1
RAFIKI-3079,CN(C)CCCN(C(=O)c1ccc(S(=O)(=O)N2CCc3ccccc32)cc1)c1nc2ccc(Cl)cc2s1
RAFIKI-3080,CC(C#N)(COc1ccccc1Cl)NC(=O)c1ccc(Cl)cc1
RAFIKI-3081,Cc1cccc(NC(=O)COC(=O)c2ccccc2OCc2cccc(Br)c2)c1
RAFIKI-3082,COc1ccc(-c2nc(COC(=O)C(Cc3ccc(N(CCCl)CCCl)cc3)NC=O)cc3c2[nH]c2ccccc23)cc1
RAFIKI-3083,C=C(C)CS(=O)(=O)N1CCC(CCCn2ccnc2)CC1
RAFIKI-3084,CON=C1C(c2c(O)n(C)c3c(F)cccc23)=Nc2ccccc21
RAFIKI-3085,CC(=O)NC1c2ccccc2OC(C)(C)C1O
RAFIKI-3086,NC(=O)c1c(Nc2ccc(N3CCNCC3)c(C(F)(F)F)c2)nc(Cc2c(Cl)cccc2Cl)c2nc[nH]c12
RAFIKI-3087,O=C(CCCCCCc1ccccc1)C(F)(F)F
RAFIKI-3088,O=c1[nH]c2cc(Nc3ccccc3)ccc2n1Cc1c(F)cccc1F
RAFIKI-3089,O=C(CSc1nnnn1-c1ccccc1)NNC(=O)c1ccc(O)cc1O
RAFIKI-3090,N#CC1=C(N)OC2=C(C(=O)CCC2)C12C(=O)Nc1ccc(Br)cc12
RAFIKI-3091,Cc1cccc(NS(=O)(=O)c2cccc([N+](=O)[O-])c2)n1
RAFIKI-3092,Fc1ccc(F)c(CNc2ccc(Cl)c(-c3ccnc4[nH]c(C5CCNCC5)cc34)n2)c1
RAFIKI-3093,COc1cc(-c2cccc(-c3ccc4c(c3)OCCO4)c2Cl)ccc1CN1CCCC1C(=O)NO
RAFIKI-3094,O=[N+]([O-])c1ccc(C=NNc2nccc(C(F)(F)F)n2)cc1
RAFIKI-3095,CC(=O)c1cn(-c2ccc(C(N)=O)cc2Cl)c2cc(Cl)ccc12
RAFIKI-3096,COc1cc2c(cc1OC)C(=O)N(C1CCCN(CCCOc3ccc(C(F)(F)F)cc3)C1)CC2
RAFIKI-3097,N#CC1(C#N)NC(c2cccnc2)C(C#N)(C#N)NC1c1cccnc1
RAFIKI-3098,CC1CC(C)CN(S(=O)(=O)c2cc(C(=O)O)c(Cl)s2)C1
RAFIKI-3099,COc1ccc(-c2ccc(C(=O)NCCC(=O)O)nc2)c(CNc2ccc(-c3ccc(Cl)cc3Cl)cc2)c1
RAFIKI-3100,CC1CN(S(=O)(=O)c2ccc(C(=O)Nc3ccc(S(=O)(=O)Nc4ncccn4)cc3)cc2)CC(C)O1
RAFIKI-3101,CNC(=O)c1n[nH]c2c1COc1ccccc1-2
RAFIKI-3102,CCc1ccc(NC(=O)CN(C)C(=O)c2ccco2)cc1
RAFIKI-3103,O=c1nc2[nH]c3ccccc3n2c(=O)[nH]1
RAFIKI-3104,COc1ccc2c(c1)C(=C1SC(=Nc3nc(C)c(C(C)=O)s3)NC1=O)C(=O)N2
RAFIKI-3105,Oc1cc(-c2ccccc2)c2ccccc2c1
RAFIKI-3106,CCOC(=O)C1CCN(c2cc3c(cc2NC(=O)c2ccccc2Br)n(C)c(=O)n3C)CC1
RAFIKI-3107,CCC(C)C(NC(=O)C1CCCN1C(=O)C(NC(=O)OC(C)(C)C)C(C)(C)C)C(=O)c1nc2ccccc2s1
RAFIKI-3108,Cc1cc2ccccc2c(C(C)(C)NC(=O)c2ccnc3c2OCCNC3)n1
RAFIKI-3109,N=C(c1ccc2nc(-c3ccccc3)cn2c1)N1CCOCC1
RAFIKI-3110,CN(Cc1ccccc1Cl)C(=O)C1CNCC(=O)N1c1ccc(COC(=O)c2ccccc2)cc1
RAFIKI-3111,Cc1ccc(C(=O)N2CC(C)OC(C)C2)cc1S(=O)(=O)N1CCCCC1
RAFIKI-3112,CC(c1cn(-c2ccc(OCc3ccc(C#N)cc3)cc2)nn1)C(O)(Cn1cncn1)c1ccc(F)cc1F
RAFIKI-3113,O=c1oc2ccc(O)cc2cc1-c1ccc(O)c(O)c1
RAFIKI-3114,CC(C)OC(=O)C(C)NP(=O)(OCC1OC(n2ccc(=O)[nH]c2=O)C(C)(F)C1O)Oc1ccccc1
RAFIKI-3115,Cc1cc(C(=O)N2CCOC3(CCS(=O)(=O)CC3)C2)c(C)s1
RAFIKI-3116,CC(C)(C)OC(=O)CCC(NCC=Cc1cccc(Oc2ccccc2)c1)C(=O)O
RAFIKI-3117,CC(C)(CO)Nc1ccc(C(=O)Nc2cccc(N3CCC(O)C3)n2)c(N2CCC3(CC2)CC3)n1
RAFIKI-3118,CC(NCc1ccc(OCC(N)=O)cc1)C12CC3CC(CC(C3)C1)C2
RAFIKI-3119,c1ccc(COc2ccc(C3CCCCC3)cc2)nc1
RAFIKI-3120,COc1cc(O)c(C2COc3cc(O)ccc3C2)cc1OC
RAFIKI-3121,COc1ccc(-c2ccc3[nH]nc(C(=O)NCC4CCN(Cc5ccc(C(=O)O)o5)CC4)c3c2)cc1
RAFIKI-3122,OCCC1CCCC1NCc1ccc(Br)o1
RAFIKI-3123,C=C1CCC2C(c3ccccc3)c3c(O)c(C=O)c(O)c(C=O)c3OC2(C)CCC2C1CC2(C)C
RAFIKI-3124,CCCC(=NOCC(C)Oc1ccc(Cl)cc1)C1=C(O)CC(C2CCCSC2)CC1=O
RAFIKI-3125,CN1C2CCC1CC(OC(=O)c1cccc3c1OC(C)(C)C3)C2
RAFIKI-3126,CCC(NC(=O)N1C(=O)C(C)C1SCc1ccccn1)c1ccccc1
RAFIKI-3127,COc1ccc(C2(O)CCN(CCCC(C#N)(c3ccccc3)c3ccccc3)CC2)cc1
RAFIKI-3128,CN(c1ccc(NC(=O)NCc2ccncc2)cc1)S(=O)(=O)Cc1ccccc1
RAFIKI-3129,Cc1ccc(C(OCC(O)CN2CCCCC2CO)c2ccccc2)cc1
RAFIKI-3130,O=C(O)CCN1CCc2c(c3ccccc3n2Cc2cccc(C=Cc3nc4cc(Cl)ccc4s3)c2)C1
RAFIKI-3131,CCOC(=O)c1ccc(NC(=O)NCc2ccnc3ccccc23)cc1
RAFIKI-3132,CN1Cc2nn(Cc3cccc(-c4cccc(C(F)(F)F)c4)c3)c(-c3ccccc3F)c2C1
RAFIKI-3133,CN1C(=O)C(NC(=O)NC=C(C=N)Cc2ccc(F)cc2F)COc2ccc(C#CC(C)(C)CNC(=O)OC(C)(C)C)cc21
RAFIKI-3134,Cc1c(Nc2c(C#N)cncc2-c2cc3cc(CN4CCCC4)ccc3o2)ccc2[nH]ccc12
RAFIKI-3135,COc1ncccc1CN(CCCO)c1ccccc1
RAFIKI-3136,O=C1C=CC=CC1=CNNC(=O)c1ccccc1O
RAFIKI-3137,O=C1C2CCC3C(=NOCc4ccccc4)CC(O)C(O)C3C2C(=O)N1Cc1ccc2c(c1)OCO2
RAFIKI-3138,CN(C(=O)NC1CCCCC1)C1CC[S+]([O-])CC1
RAFIKI-3139,Cc1ccc(C2=C(CNS(C)(=O)=O)C(=O)NC(c3ccc(OCCCC(F)(F)F)cc3)(C(F)(F)F)C2)cc1
RAFIKI-3140,COc1cc(CNC(C)(C)CO)cc(Br)c1OCc1ccc(Cl)cc1Cl
RAFIKI-3141,COP(=O)(CCN(c1sc2ccccc2c1Br)S(=O)(=O)c1ccccc1)OC
RAFIKI-3142,Cn1c(C(=O)c2cccc3ccccc23)nc2ccccc21
RAFIKI-3143,CC(=O)NCCNCc1cnc2c(N3CCc4c(-c5ccccc5)cccc43)ncnc2c1
RAFIKI-3144,Cc1ccc(Cc2ccccc2C(=O)N(CCO)Cc2cccs2)cc1
RAFIKI-3145,CCc1ccc(-c2cc(C)no2)cc1S(=O)(=O)Nc1ccc(Cl)cc1
RAFIKI-3146,CN(C)CCNc1cnn(-c2cc(C(F)(F)F)cc(C(F)(F)F)c2)c(=O)c1Cl
RAFIKI-3147,O=[N+]([O-])C1=Cc2ccccc2OC1n1cccn1
RAFIKI-3148,Cc1ccsc1C(=O)NCc1ccc(N2CCCC2)cc1
RAFIKI-3149,CC(C)Oc1cncc(C(=O)N(C)Cc2nccn2C)c1
RAFIKI-3150,O=C1NC(=Cc2ccc(N3CCOCC3)c(F)c2)C(=O)N1Cc1ccccc1
RAFIKI-3151,CC(=O)Nc1nc(C)c(-c2nc(CCC(C)(C)O)no2)s1
RAFIKI-3152,O=C1C(=Cc2ccc(OCCN3CCCCC3)cc2)COc2cc(OCc3ccccc3)ccc21
RAFIKI-3153,COCCn1c(C(=O)NC(C)(C)C)cc2c(OCc3ccccc3)cccc21
RAFIKI-3154,Cc1cc(C2CCCN2Cc2nc(-c3ccco3)no2)on1
RAFIKI-3155,CCOC(=O)c1cccc(NC(=O)NCc2ccc3c(c2)CCN3C(=O)CC)c1
RAFIKI-3156,OCC1(Cc2ccccc2)CCN(Cc2ccccn2)CC1
RAFIKI-3157,Cc1ccc(Oc2nc3ccccc3n3c(=O)n(CC(=O)Nc4c(C)cccc4C)nc23)cc1
RAFIKI-3158,CC(=O)N1CCC(c2nnc(Cc3c[nH]c4ccccc34)o2)C1
RAFIKI-3159,COc1cc(Cl)cc(-c2nc3c(o2)C(=O)c2ccccc2C3=O)c1
RAFIKI-3160,NCC(=O)Nc1ccc(-n2nc(C(F)(F)F)cc2-c2ccc3c(c2)oc2ccccc23)cc1
RAFIKI-3161,C=CCOc1cccc(C2C(C(=O)c3ccco3)=C(O)C(=O)N2Cc2ccncc2)c1
RAFIKI-3162,CN(Cc1ccc(C2=NCCN2)cc1)C(=O)CNC(=O)c1nc2ccccc2n1Cc1ccccc1
RAFIKI-3163,CC(=O)NCC1OC(=O)N2c3ccc(-c4cccnc4)cc3OCC12
RAFIKI-3164,COc1ccc2nc(C3CC3)c(C=CC3CC(O)CC(=O)O3)c(Sc3ccc(C(C)C)cc3)c2c1
RAFIKI-3165,CN1CCCN(c2nc(C(F)(F)F)nc3cc4c(cc23)OCO4)CC1
RAFIKI-3166,COc1ccccc1C1C(C(=O)O)C(c2ccccc2OC)C1C(=O)OCC1c2ccccc2-c2ccccc21
RAFIKI-3167,Nc1nccc2cc(CNCc3cccc(Oc4ccccc4)c3)ccc12
RAFIKI-3168,Cc1nc2ccccc2n(CC(=O)NN=Cc2ccc(OCCn3cc(CN4CCOCC4)nn3)cc2)c1=O
RAFIKI-3169,COc1ccc(C(CNc2ccc(C(F)(F)F)cn2)N(C)C)cc1OC
RAFIKI-3170,O=C(O)CNC(CC1CCCCC1)C(=O)N(CC(=O)ONCCC1CCNCC1)C1CCCC1
RAFIKI-3171,CC(COc1ccc(C=C2SC(=S)N(CC(=O)O)C2=O)cc1OC(c1ccccc1)C(F)(F)F)c1ccccc1
RAFIKI-3172,O=C(Nc1ccc(N(C(=O)Cn2nnc3ccccc32)C(C(=O)NC2CCCCC2)c2ccsc2)cc1)C1CC1
RAFIKI-3173,COc1ccc(CCN(Cc2ccc(C(=O)O)cc2)c2nc3cccnc3s2)cc1
RAFIKI-3174,CC(CO)NC(=O)CCCC=CCC=CCCOc1cccc(C(C)(C)CCCCO)c1
RAFIKI-3175,CCc1cccc(NC(=O)C2CSc3c(C4CC4)c(Cc4cccc5ccccc45)cc(=O)n32)c1
RAFIKI-3176,CN(C)C(CNC(=O)NCCc1cccc(C(F)(F)F)c1)c1cccc(F)c1
RAFIKI-3177,COc1ccc(CNc2nnc(N3CCSCC3)c3ccc(C#N)cc23)cc1Cl
RAFIKI-3178,COc1c(C)cc(S(=O)(=O)Nc2cccc(-c3ccc(N4CCOCC4)nn3)c2)c(C)c1C
RAFIKI-3179,O=C(CN1CCCCCC1=O)NC1CCc2nccn2C1
RAFIKI-3180,O=C1OCC(c2ccccc2Cl)N1c1ccn2ncc(-c3ccc(-c4nc[nH]n4)c(F)c3)c2n1
RAFIKI-3181,OCCn1nc(-c2ccccc2)cc1-c1ccccc1O
RAFIKI-3182,CCC(=O)NC1Cc2c(OC)cccc2C(c2ccccc2)C1
RAFIKI-3183,Cc1cccc(N2CCN(S(=O)(=O)c3c(C(=O)N4CCC(C)CC4)c(C)n(C)c3C)CC2)c1C
RAFIKI-3184,Cc1cccc(-c2nc(Nc3ccncc3F)c3nc[nH]c3n2)n1
RAFIKI-3185,O=C(O)C1CC23C(Cl)C(Cl)=C(Cl)C(Cl)C2(CC1c1c2ccc(=O)c(O)c-2oc2c(O)c(O)ccc12)C3(Cl)Cl
RAFIKI-3186,CN1CCc2c(c3c(n2C)CCN(C)C3c2cccnc2)C1c1cccnc1
RAFIKI-3187,CN(C)CCCC1(c2ccc(F)cc2)OCc2cc(-c3ccccc3)ccc21
RAFIKI-3188,CC1COc2cc3c(cc21)C(C)(C)C(=O)C=C3
RAFIKI-3189,CNc1cc(C2(C(=O)Nc3cc(C(=O)Nc4cccc(C#N)c4)ccc3C)CC2)ncn1
RAFIKI-3190,Cc1cc(NC(=O)c2cnn(CCN(C)C)c2)nn1CCC#N
RAFIKI-3191,CC1CCC(C)C12CCC1C2=CC2(C)CCC(C)(C)C12
RAFIKI-3192,CCCCn1c(=O)nc2n(-c3ccc(OC)cc3)c3ccccc3cc-2c1=O
RAFIKI-3193,CC1(C)C(NC(=O)c2noc3ccccc23)C2CCN1CC2
RAFIKI-3194,CC(C)c1cc(=O)[nH]c2cc(N)ccc12
RAFIKI-3195,NC(CCO)=NOCC(=O)Nc1cccc(C(F)(F)F)c1
RAFIKI-3196,CCOC(=O)c1sc(NC(=O)CSc2nnc(C)s2)c(C(=O)OCC)c1C
RAFIKI-3197,COc1ccc(C(CCCN(C)S(=O)(=O)c2cccs2)N2Cc3c(cccc3N3CCN(C4CC4)CC3)C2=O)cc1OC
RAFIKI-3198,COC(=O)C1=C(C)N(Cc2ccccc2)C(NCc2ccc(OC)cc2)=NC1c1ccc(Br)cc1
RAFIKI-3199,COC(=O)CCC(C)=CCc1c(OC)c(C)c2c(c1OCC#CCN1CCN(c3ccccc3OC)CC1)C(=O)OC2
RAFIKI-3200,Cc1ccc(NC(=O)C(O)C(O)C(=O)N2CCC3(CCNC3=O)CC2)cc1
RAFIKI-3201,Cc1ccc(SCCNS(=O)(=O)c2ccc3c(c2)OCCO3)cc1
RAFIKI-3202,Nc1ccc(C(=O)NNC(=O)C2CCC3=Nc4ccc(Cl)cc4CN32)cc1
RAFIKI-3203,CC(C)N1CCOc2c(F)cc(-c3nc(Nc4ccc(C5CCN(C)CC5)cn4)ncc3F)cc21
RAFIKI-3204,COc1ccc(Cn2c(C)cc(O)c(C(c3ccncc3)N3CCN(c4ccccc4)CC3)c2=O)cc1
RAFIKI-3205,CC1=CCCN(Cc2nc(C(F)F)no2)C1
RAFIKI-3206,CNC(=O)c1cccc(-n2cc(-c3ccc(F)cc3)c(C)cc2=O)c1
RAFIKI-3207,CC(=O)C1CCC2C3CCC(=O)C(C)(CCC(=O)O)C3C(=O)CC12C
RAFIKI-3208,CCOC(=O)c1cn(-c2ccc(C(O)(C(F)(F)F)C(F)(F)F)cc2)c(C(C)CC)n1
RAFIKI-3209,CCCCCc1c(C(N)C(=O)O)cnn1O
RAFIKI-3210,CCN(c1ccccc1)S(=O)(=O)c1cccc(C(=O)N(C)Cc2ccccc2OC)c1
RAFIKI-3211,O=C1C2CCCCCN2C(=O)N1c1ccc2c(c1)OCO2
RAFIKI-3212,CCCCNC(=O)N1CCC(CCC(=O)N(C)Cc2ccccc2)CC1
RAFIKI-3213,Cc1ccc(C[n+]2ccn(Cc3c4c(cc5c3OCC5)OCC4)c2)cc1
RAFIKI-3214,NC1CCN(c2nnc(Sc3cccc(Cl)c3Cl)s2)CC1
RAFIKI-3215,COc1ccc(C2(c3cccc(NC(=O)c4cnc(O)cn4)c3)CSC(N)=N2)cc1
RAFIKI-3216,CC(C)(C)OC(=O)NCC1CCCN(C(=O)C2CCC(=O)N2CC=Cc2ccccc2)C1
RAFIKI-3217,O=C(CN1CCCCCC1)Nc1ccc(OCc2ccccc2)cc1
RAFIKI-3218,O=[N+]([O-])C1=Cc2cc(C#Cc3ccc(C(F)(F)F)cc3)ccc2OC1C(F)(F)F
RAFIKI-3219,CN(C)c1ccc(-c2nc(C3CCOC3)no2)cn1
RAFIKI-3220,CCN(CC)CC(C)NC(=O)Nc1cc(C)on1
RAFIKI-3221,Cc1c(F)cccc1C1(C(=O)NO)CCC(c2cncc(F)c2)CC1
RAFIKI-3222,Cc1ncccc1Oc1ccc(NC(=O)N2CCc3cc(F)c(Cl)cc32)cn1
RAFIKI-3223,CCN(CC)C(=O)c1cccc(-c2csc(C(C)(NC(C)=O)c3ccccc3)n2)c1
RAFIKI-3224,O=C(NS(=O)(=O)C1CC1)c1cc(C2CC2)c(CN2CCC(Oc3ccc(Cl)cc3)CC2)cc1F
RAFIKI-3225,Cc1cccc(OCC(C)C)c1-n1nc2c(c1-c1ccc(NC(N)=O)cc1)CN(CCC(C)(C)C)CC2
RAFIKI-3226,CCc1nc2c(OCCc3cccc(OC)c3)cccn2c1N(C=O)Cc1ccccc1
RAFIKI-3227,O=[N+]([O-])c1ccc(NSc2ccccc2)cc1
RAFIKI-3228,CCC1CCCCN1CCCNC(=O)Cn1ncc2c3cc(C)ccc3nc-2c1O
RAFIKI-3229,COc1ccc2nc(C)oc2c1C1CCCC(=O)N1Cc1cccc(-c2ccccc2)c1
RAFIKI-3230,O=C(COCC(F)(F)F)NCc1cn2ccccc2n1
RAFIKI-3231,CN1Cn2c3c(c4ccc(Br)cc42)CCN(C)C3C1Cc1ccccc1
RAFIKI-3232,Cc1cc(COCCn2c([N+](=O)[O-])cnc2C)ccc1[N+](=O)[O-]
RAFIKI-3233,O=C(Nc1cccc(Nc2ccc3c(-c4cn[nH]c4)n[nH]c3c2)c1)c1cccc(Cl)c1
RAFIKI-3234,c1ccc(CN2C3=NCCN3c3ccccc32)cc1
RAFIKI-3235,Cc1c(-c2c(F)cc(C(N)=O)c3[nH]c4c(c23)CCC(C(C)(C)O)C4)cccc1-n1c(=O)c2cccc(F)c2n(C)c1=O
RAFIKI-3236,O=Cc1cc(O)c2[nH]c3ccccc3c2c1
RAFIKI-3237,COc1ccc(-c2cc3c(C(=O)O)c[nH]c3cc2Cl)cc1
RAFIKI-3238,Cc1cc(CO)c2cccc(CC(=O)N3CC4(CCCOC4)C3)c2n1
RAFIKI-3239,OC(CC1CCCCN1)c1cc2ccc(C(F)(F)F)cc2c2ccccc12
RAFIKI-3240,O=C(CCc1nc(C2=CCN(Cc3ccc(Cl)cc3)CC2)no1)N1CCc2ccccc2C1
RAFIKI-3241,O=c1c2cccnc2n(Cc2cccc(F)c2)c(=O)n1Cc1ccc(F)cc1
RAFIKI-3242,Cc1c(C)c2c(c(C)c1O)C=CC(C)(COCc1cc(-c3ccccc3)no1)O2
RAFIKI-3243,COc1ccc(Cn2c(Cc3c[nH]c4ccccc34)nnc2C(Cc2c[nH]c3ccccc23)NC(=O)C(C)(C)N)cc1
RAFIKI-3244,N=C(N)Cc1c(C(=O)NCc2ccc(F)cc2)nn(-c2ccccc2Cl)c1-c1ccc(Cl)cc1
RAFIKI-3245,Fc1ccc(-c2cnnn2-c2ccccc2)cc1
RAFIKI-3246,N#CC(=Cc1cccc(O)c1)c1nc2ccccc2o1
RAFIKI-3247,CCCCCCCCC1C=Cc2c(cc(C)oc2=O)O1
RAFIKI-3248,CCCN(CCC)c1cc(C)nc2c(-c3ncc(C)cc3OC)c(C)nn12
RAFIKI-3249,CC1(c2ccccc2)Nc2ccc3c(c2N1)C(=O)c1ccccc1C3=O
RAFIKI-3250,CCn1cnnc1CC1CCN(S(=O)(=O)c2ccc3c(c2)CCC3)C1
RAFIKI-3251,O=C1C(=O)c2cccnc2-c2ccccc21
RAFIKI-3252,CNC(=O)Nc1ccc2nc(C)oc2c1
RAFIKI-3253,COc1cc(NC(=O)CCc2c(C)n(C)c3cc(-c4ccccc4C)nn3c2=O)cc(OC)c1OC
RAFIKI-3254,O=C(c1cccs1)N1CCc2c([nH]c3ccccc23)C1
RAFIKI-3255,Cc1nc(NC(=O)c2ccccc2OC(F)(F)F)c(C)c(-c2ccc3c(c2C)N(C)CCO3)c1C(OC(C)(C)C)C(=O)O
RAFIKI-3256,COc1ccc(S(=O)(=O)N2CCCC2)cc1C(=O)N1CCCCC1
RAFIKI-3257,CC(OCC(O)CN1C(C)CCCC1C)c1ccccc1
RAFIKI-3258,Cc1cccc(-c2cc(-c3cccc(C)c3)n(-c3nc(-c4ccccc4)cs3)n2)c1
RAFIKI-3259,CC(=C(CCOC(=O)c1ccccc1)SC(=O)c1ccccc1)N(C=O)Cc1cnc(C)nc1N
RAFIKI-3260,N#CC(=Cc1ccc(-c2ccccc2)cc1)c1ccc(Cl)c(Cl)c1
RAFIKI-3261,COC(=O)c1cnc2ccc(C#N)cc2c1NCCCc1ccccc1
RAFIKI-3262,Cc1ccc(C(N)=S)cc1-c1ccc(O)cc1
RAFIKI-3263,CCN1CCN(Cc2nc(-c3ccccc3)no2)CC1
RAFIKI-3264,CCC(C)C=C(C)C=CC=CC(=O)NC(CO)C(C)(O)C(C)=O
RAFIKI-3265,O=c1[nH]c(=O)n(CCc2ccccc2Cl)nc1O
RAFIKI-3266,CC(c1ccc(-c2cccc3ccccc23)nc1)n1ccnc1
RAFIKI-3267,O=C(Nc1ccc(Sc2ccc3c(=O)[nH]cnc3c2)cc1)Nc1ccc(Cl)c(C(F)(F)F)c1
RAFIKI-3268,Oc1ccc(CCNCC(O)Cn2c3ccc(Br)cc3c3cc(Br)ccc32)cc1O
RAFIKI-3269,O=C(O)c1cn(Cc2ccc(N3CCOC3=O)cc2)c2cccc(F)c2c1=O
RAFIKI-3270,CCN(c1ccccc1C)S(=O)(=O)c1cc2c3c(c1)CCC(=O)N3CCC2
RAFIKI-3271,CCc1c(C)sc(NC(=O)c2c(F)c(F)c(F)c(F)c2F)c1C(=O)OC(C)C
RAFIKI-3272,Cc1ccc(C(C)(C)C)cc1CCCC(CCCc1cc(C(C)(C)C)ccc1C)NCCNCCNCCN
RAFIKI-3273,OC1C=CC(Cn2cnc3c(NCc4cccc(Cl)c4)ncnc32)C1O
RAFIKI-3274,Cc1cc(CC(=O)N2CC3CCC(C2)N(Cc2c(C)noc2C)C3=O)on1
RAFIKI-3275,CC1(C)CN(C(=O)Cn2cc(Br)ccc2=O)CCO1
RAFIKI-3276,O=C1CN(c2cc3c(cc2F)c(=O)c(C(=O)O)cn3C2CC2)CCN1
RAFIKI-3277,Nc1nc2cc3c(cc2[nH]1)N(Cc1ccc(S(=O)(=O)N2CCOCC2)cc1)CCC3
RAFIKI-3278,O=C(NCc1ccc2c(c1)OCO2)C(=O)Nc1ccc(Br)cc1
RAFIKI-3279,O=c1c2ccccc2nc(CSc2nnc(-c3ccncc3)o2)n1N=Cc1ccccc1
RAFIKI-3280,CN(c1cccc(Cl)c1)S(=O)(=O)c1cccc(C(=O)Nc2nc3ccccc3[nH]2)c1
RAFIKI-3281,N#Cc1ccc(CN(Cc2ccc(C#N)cc2)c2ccc3[nH]c(=O)c4ccccc4c3c2)cc1
RAFIKI-3282,O=C(OCCCOC(=O)c1cc(O)c(OCc2ccc3ccccc3c2)c(O)c1)c1cc(O)c(OCc2ccccc2)c(O)c1
RAFIKI-3283,CCOC(=O)c1cccc(NC(=O)c2ccc(N(C)C)cc2)c1
RAFIKI-3284,CNC(=O)c1cccc(-c2ccc(Nc3nn(C)c4c3CN(C(C)=O)CC4)cc2)c1
RAFIKI-3285,C[N+](C)(C)CCNC(=O)c1ccc(-c2ccc(-c3cc4nc(OC5COC6C(O)COC56)[nH]c4cc3Cl)cc2)cc1
RAFIKI-3286,CS(=O)(=O)N1c2ccccc2CCC1C(=O)Nc1ccncc1
RAFIKI-3287,CC(C)N1C(=O)c2cccnc2[S+]([O-])c2cc(NC(=O)Cc3ccc(F)cc3)ccc21
RAFIKI-3288,COc1ccc(-n2cc(-c3ccccc3)c3c(NC4CCCC4)ncnc32)cc1
RAFIKI-3289,Cn1c2ccccc2n2c(=O)c(-c3ccsc3)nnc12
RAFIKI-3290,Cc1ccccc1C(CC(=O)O)NC(=O)c1cccc(-c2cccc(Cl)c2)n1
RAFIKI-3291,CC1CN(C(C)CO)S(=O)(=O)c2ccc(C#CC3CC3)cc2OC1CN(C)Cc1ccccc1
RAFIKI-3292,O=c1[nH]c(=S)nc2oc3cc(O)ccc3cc1-2
RAFIKI-3293,CN1CCC(NC2CC(=O)NC(Cc3c[nH]c4ccccc34)C(=O)NC(Cc3ccccc3)C(=O)NC(Cc3ccccc3)CNC2=O)CC1
RAFIKI-3294,O=C(CC1CCC(NC(=O)Nc2ccc3c(c2)OCO3)C(CO)O1)NCCCN1CCOCC1
RAFIKI-3295,CC(O)C(C(=O)NO)N1Cc2cc(C#Cc3ccc(-c4ccccc4)cc3)ccc2C1=O
RAFIKI-3296,CCN1CCN(Cc2cc(=O)oc3ccc(Cl)cc23)CC1
RAFIKI-3297,CCCCCC(O)c1cccc(C2CCC(=O)C2CCCCCCC(=O)O)c1
RAFIKI-3298,CC(C)OC(=O)C1=C(C(F)(F)F)Nc2nc3ccccc3n2C1c1ccco1
RAFIKI-3299,CCOC(=O)c1c2[nH]c(=N)c3ccccc3c2nn1-c1ccc(C)cc1
RAFIKI-3300,CCOC(=O)c1nn(C)c(C)c1Cl
RAFIKI-3301,COc1ccc(-c2cc3ccccc3[nH]2)cc1OC
RAFIKI-3302,CCCCN1CCC(CCC(O)c2cc(OCCC)nc3ccc(OC)cc23)C(CC)C1
RAFIKI-3303,CN(Cc1ccc(NC(=O)c2ccc(I)cc2)cc1)CC(O)(Cn1cncn1)c1ccc(F)cc1F
RAFIKI-3304,COc1cccc(C(C(=O)NC2CCCC2)N(CCC(C)C)C(=O)CCC(=O)Nc2cc(C)on2)c1
RAFIKI-3305,O=C(CCCN1CCN(C(c2ccccc2)c2ccccc2)CC1)NC1c2ccccc2SCC2CCCCC21
RAFIKI-3306,COc1cc(NC(=O)C2=C(C)Nc3nnnn3C2c2ccc(SC)cc2)c(OC)cc1Cl
RAFIKI-3307,COc1c(F)cc(Cn2ncc(NC(=O)Cc3ccc4cnn(C)c4c3)n2)cc1F
RAFIKI-3308,CCCSc1nnc(-c2cc(C(C)C)c(O)c(C(C)C)c2)s1
RAFIKI-3309,CC(=O)N1CC(=O)NC(=Cc2ccccc2Cl)C1=O
RAFIKI-3310,O=c1c2ccccc2[s+]([O-])n1-c1cccc(F)c1
RAFIKI-3311,c1ccc(Cn2ncc3c(N4CCN(c5ccccc5)CC4)ncnc32)cc1
RAFIKI-3312,CCOc1cc(C)nc(NC(=S)NC(=O)c2ccc(-c3ccccc3Cl)o2)n1
RAFIKI-3313,COc1cc(SC)ccc1C(=O)N(C)Cc1ccccc1
RAFIKI-3314,Fc1ccc(N2CCN(c3ncnc4c3cnn4Cc3ccc(Cl)cc3Cl)CC2)cc1
RAFIKI-3315,Cc1cc(C)c(S(=O)(=O)NCCOc2ccccc2)c(C)c1-n1cnnn1
RAFIKI-3316,N#Cc1ccc(Cl)c2c(COc3c(F)cc(C(N)=O)cc3F)c(C(=O)O)sc12
RAFIKI-3317,Cn1c(=O)c2c(nc(CN3CCc4ccccc4C3)n2Cc2ccc(F)cc2)n(C)c1=O
RAFIKI-3318,CNC(=O)C1CC2CN(C(=O)c3ccc(C)nc3)CC2N1C(C)C
RAFIKI-3319,CC(=O)NS(=O)(=O)c1ccc(C2=NN(C(C)=O)C(c3ccc(C)cc3)O2)cc1
RAFIKI-3320,Cc1nc(C(=O)N2CCCC2c2nc3c(Br)cc(F)cc3[nH]2)c(-c2ccccc2)s1
RAFIKI-3321,CCCCCCC(=NS(=O)(=O)c1ccc(C)cc1)N1CCCCC1
RAFIKI-3322,CCOC(=O)c1ccccc1NC(=O)n1ccc2c(N3CCNCC3)cccc21
RAFIKI-3323,CC1=CCC2C(C)CC(O)C3(O)C(CO)COC1C23
RAFIKI-3324,CN(CCCNC(=O)Nc1ccc(C(C)(C)C)cc1)CC1CCCN(C(=O)c2cnccn2)C1
RAFIKI-3325,COc1ncnc(OC)c1-n1c(NS(=O)(=O)C(C)C(OC)c2ncc(Cl)cn2)nnc1C1CCC(C(F)F)CC1
RAFIKI-3326,CC(C)N(CCOc1ccccc1N=C(Nc1ccccc1)c1ccccc1)C(C)C
RAFIKI-3327,N#Cc1ccccc1N=C1CCCN1Cc1ccccc1
RAFIKI-3328,O=C(NCC1CCCN1CC(F)(F)F)c1cc[nH]c(=O)c1
RAFIKI-3329,Cn1c(N)c(C(=O)COC(=O)c2c3c(nc4ccccc24)C(=Cc2ccc(O)cc2)CCC3)c(=O)n(C)c1=O
RAFIKI-3330,O=C(NOCCO)c1cc(CN2OCCCC2=O)c(F)c(F)c1Nc1ccc(I)cc1F
RAFIKI-3331,COc1ccc2c(ccn2CCNC(=O)c2n[nH]c3ccccc23)c1
RAFIKI-3332,COC(=O)c1ccc(COC(=O)c2cccnc2Cl)cc1
RAFIKI-3333,Cc1ccc(C(=O)NCC#N)c(O)c1C
RAFIKI-3334,CCCCN1CCCN(CCCC)C1=O
RAFIKI-3335,O=C(c1c[nH]c2ncc(Br)cc12)C(Cl)(Cl)Cl
RAFIKI-3336,NCc1cc(NCC(c2ccccn2)N2CCOCC2)ncn1
RAFIKI-3337,O=C(COc1ccc2ccc(=O)oc2c1)N1CC2CC(C1)c1cccc(=O)n1C2
RAFIKI-3338,O=C(O)CCCC(=O)Nc1ccn(-c2ccccc2)n1
RAFIKI-3339,CN(C)CCNC(=O)CCc1cc2n(n1)CCN(c1cccc(C#N)n1)C2
RAFIKI-3340,O=C(c1cnc(OCc2ccccc2)nc1)c1cccc(C(F)(F)F)c1
RAFIKI-3341,CC(=O)NCC1CN(c2cc(F)c(N3CC4C(C3)C4C(=O)Nc3nccs3)c(F)c2)C(=O)O1
RAFIKI-3342,COc1ccc2nc(C=Cc3cccc(F)c3)sc2c1
RAFIKI-3343,COc1ccc(NCC2C(=O)C34C(O)CC5C(C)(C)C(=O)CCC5(C)C3CCC2C4O)cc1
RAFIKI-3344,CC1=CC(=O)C(O)C2(C)C1CC1OC(=O)C(O)C3(O)C(C)C(O)C(O)C2C13C
RAFIKI-3345,CN1CCC1COc1cncc(N2CCCCC2)c1
RAFIKI-3346,CC1CCCCN1C(=S)NC(=O)c1cc(Br)ccc1Cl
RAFIKI-3347,O=C(O)CCC(=O)NC(CC(=O)O)Cc1ccc(-c2ccccc2Cl)cc1
RAFIKI-3348,O=c1cc(-c2ccccc2Cl)oc2c(NS(=O)(=O)c3cc(Cl)cc(Cl)c3O)ccc(O)c12
RAFIKI-3349,CC(=O)C1=C(C)OC(N)=C(C(=O)OC(C)C)C12C(=O)Nc1ccccc12
RAFIKI-3350,COc1ccc(Cl)cc1NC(=O)CNCc1cccs1
RAFIKI-3351,CC1CN(c2nc(SCCc3ccc(NC(=O)C(F)(F)F)cc3)c(C#N)c3c2COC(C)(C)C3)CC(C)O1
RAFIKI-3352,Cc1ccc(OC2(C(=O)O)CCN(C(=O)c3ccc(F)cc3)CC2)cn1
RAFIKI-3353,N#Cc1cccc(-c2c[nH]c3ncc(-c4cncc(NS(=O)(=O)c5ccccc5)c4)cc23)c1
RAFIKI-3354,COc1cc(NC(=O)c2cc3ccccc3n2C)ccc1-c1cnco1
RAFIKI-3355,COC(=O)c1ccc(CN2CCC(O)(Cn3cnc4c(-c5ccc(CN)cc5)n(C)nc4c3=O)CC2)c(Cl)c1
RAFIKI-3356,c1coc(-c2nc3c4c5c(sc4ncn3n2)CCCC5)c1
RAFIKI-3357,C=CCONC(=O)OC1C(O)C(Oc2ccc3c(O)c(NC(=O)c4ccc(O)c(CC=C(C)C)c4)c(=O)oc3c2C)OC(C)(C)C1OC
RAFIKI-3358,COC(=O)c1cc(Br)c(=O)n(-c2cccc(F)c2)c1
RAFIKI-3359,CC(C)(C)Sc1ccc2nn(CC(=O)N3CCN(c4ccc(F)cc4)CC3)c(=O)n2n1
RAFIKI-3360,CC(=O)Nc1nc(C(=O)N(C)Cc2ccc(C3CC3C)o2)cs1
RAFIKI-3361,CC1(C)SC2C(NC(=O)CSc3ccccc3)C(=O)N2C1C(=O)O
RAFIKI-3362,CC1CN(C(C)CO)C(=O)c2cc(C3=CCCC3)cnc2OC1CN(C)C(=O)c1ccc2c(c1)OCO2
RAFIKI-3363,O=C1Nc2ccccc2C1=NNc1ccc(Cl)cc1
RAFIKI-3364,O=C(C=Cc1cccc2c1N(Cc1ccc3ccccc3c1)C(=O)C2(F)F)NS(=O)(=O)c1ccc(F)cc1
RAFIKI-3365,COC1Cc2c(-c3ccccc3Cl)cccc2N(c2c(Cl)cccc2Cl)C1=O
RAFIKI-3366,CCOC(c1ccccc1)c1nc2cc(-c3noc(=O)[nH]3)nc(-c3cncc(Cl)c3)c2n1CC1CCC(C)CC1
RAFIKI-3367,O=C(c1cn(-c2cccc(Cl)c2F)nn1)N1CCCSCC1
RAFIKI-3368,COc1ccccc1N1CCN(C2CCCN(Cc3ccccc3OCCO)C2)CC1
RAFIKI-3369,C=CCNC(=S)NNC(=O)c1ccc(Br)cc1
RAFIKI-3370,CC(C)=CC(CC(C)(C)c1ccc(C(F)(F)F)cc1)N1CCC2(CCOCC2)CC1
RAFIKI-3371,COc1ccc2[nH]c(C(=O)c3cccc(OC)c3[N+](=O)[O-])cc2c1
RAFIKI-3372,COc1ccc(C2C(COC(=O)c3ccccc3)OC(=O)N2c2ccc(N3CCOCC3)c(F)c2)cc1
RAFIKI-3373,O=[N+]([O-])c1ccc(NN=C(c2ccccc2O)c2ccccc2O)c([N+](=O)[O-])c1
RAFIKI-3374,CCC(O)C1CC(C)C2(CC(=O)C3(C)C4=C(CCC32C)C2(C)CCC(=O)C(C)(CO)C2CC4)O1
RAFIKI-3375,CC(C)c1cccc(C(C)C)c1OC(=O)CCCOC(=O)CN
RAFIKI-3376,Cc1ccccc1C(=O)Nc1sc(-c2ccccc2)c(C)c1C(=O)N1CCOCC1
RAFIKI-3377,CCc1ccc2oc(-c3ccc(N)cc3Cl)cc(=O)c2c1
RAFIKI-3378,Cc1c(-c2ccc3cc(CCN4CCCC4C)ccc3n2)cnn1-c1ccccn1
RAFIKI-3379,O=C(Cn1ccccc1=O)Nc1ccc(-n2cncn2)nc1
RAFIKI-3380,Cc1ccnc(SCC(=O)Nc2sccc2C#N)n1
RAFIKI-3381,CCNC(=O)C1OC(n2cnc3c(NNC(=O)c4cc(C)on4)nc(Cl)nc32)C(O)C1O
RAFIKI-3382,CN1C(=O)C(=C2SC(N)=NC2=O)c2ccccc21
RAFIKI-3383,NC(=O)c1nc(-c2ccc(Oc3ccc(C(F)(F)F)cn3)cc2)nc(N2CCOCC2)n1
RAFIKI-3384,O=C(Cc1ccc2c(c1)CCC2)NCc1cc(C(F)(F)F)nn1-c1ccc(Cl)cc1
RAFIKI-3385,COc1ccc(C(C)=NNC(=O)CNC(=O)c2cccnc2)cc1
RAFIKI-3386,Cn1c(=NNC(=O)C23CC4CC(CC(C4)C2)C3)sc2ccc(C(F)(F)F)cc21
RAFIKI-3387,O=C(NC(=S)N1CCNC1=S)c1ccc(F)cc1F
RAFIKI-3388,Cn1cc(C(=O)Nc2sc3c(c2C#N)CCN(C(=O)Nc2ccc(F)cc2)C3)cn1
RAFIKI-3389,C=CC(C)C=CCCCCCCCCOC(C)=O
RAFIKI-3390,COc1ccc(OC)c(-c2csc(NC(=O)c3ccc(OCC4CCCO4)cc3)n2)c1
RAFIKI-3391,C#CCNc1nc(-n2cc(-c3cnccn3)cn2)nc(N)c1Br
RAFIKI-3392,c1ncc(-c2nnn3c2CCCC3)cc1OCC1CCN1
RAFIKI-3393,Cn1cc(C(=N)S)c2c(N)ncnc21
RAFIKI-3394,CC(C)CC(NC(=O)OCC=Cc1cccc(Cl)c1)C(=O)NC(C=O)CC1CCNC1=O
RAFIKI-3395,NCCCN1C(=O)N(CCCN)C(=O)C(Cc2ccc(C(F)(F)F)cc2)(Cc2cc(Br)cc(Br)c2)C1=O
RAFIKI-3396,Cc1ccc(C2=CC(=O)c3c(O)cccc3C2=O)cc1
RAFIKI-3397,CN1CC2CN(C(=O)Cn3cc(NC(=O)c4cnn5ccc(N)nc45)c(-c4cc(Cl)ccc4OC(F)F)n3)CC2C1
RAFIKI-3398,CC(NC1=NC(=O)C2(CCN(Cc3ccccc3)CC2)O1)c1ccccc1
RAFIKI-3399,CC(C)C(CN1CCC(C)(c2ccccc2)C(C)C1)NC(=O)C1Cc2ccc(O)cc2CN1
RAFIKI-3400,CCCc1ccc2c(c1)Oc1cc(Cl)ccc1N=C2N1CCN(CC(C)(C)C(=O)O)CC1
RAFIKI-3401,O=S(=O)(CCN1CCOCC1)N(Cc1ncc(-c2nnc(C(F)F)o2)s1)c1cccnc1
RAFIKI-3402,CC(C)CN(C(=O)COC(=O)CNC(=O)c1ccccc1F)C1CCS(=O)(=O)C1
RAFIKI-3403,CN1CCC(c2cc3c(-c4cc(NCc5cccc(S(C)(=O)=O)c5)ccc4F)ccnc3[nH]2)CC1
RAFIKI-3404,O=C(O)CNC(=O)c1ncc(-c2cn(Cc3ccc(I)cc3)nn2)cc1O
RAFIKI-3405,COc1cc2c(cc1-c1c(C)noc1C)[nH]c1nc(C)nc(Nc3nn(C)c4ccc(F)cc34)c12
RAFIKI-3406,CC(=O)c1cccn1C1CC(Cc2cn(Cc3ccccc3)nn2)OC1=O
RAFIKI-3407,CCN1CCN(CC(=O)N2CCCc3ccccc32)CC1
RAFIKI-3408,CCN1CCN(c2cc(-c3ccccc3)nc3cc(-c4cccc(F)c4)nn23)CC1
RAFIKI-3409,N#Cc1ccc(NC(=O)Nc2ccc(Oc3ccnc(NC(=O)C4CC4)c3)cc2F)cc1Cl
RAFIKI-3410,CCNC(=O)c1cc(Oc2ccc(NC(=O)c3nn(-c4cccc(C(F)(F)F)c4)c(=O)cc3C)cc2)ccn1
RAFIKI-3411,CCN1CCCCC1CNS(=O)(=O)CC1CCCC1
RAFIKI-3412,O=C(c1cc(N2CCNC2=O)ccc1Cl)N1CCNCC1
RAFIKI-3413,Cc1cc(C)cc(Nc2ncc(C(=O)NO)cn2)c1
RAFIKI-3414,O=C1CN(C(=O)COC(=O)c2ccc(N3CCCCCC3)c([N+](=O)[O-])c2)c2ccccc2N1
RAFIKI-3415,NC(N)c1ccc(OCCSCCOc2ccc(C(N)N)cc2)cc1
RAFIKI-3416,NC(=O)c1ccc(N2CCC(NC(=O)Cc3ccccc3)C2)c2cncnc12
RAFIKI-3417,O=C(CN1CCN(C(c2ccccc2)c2ccccc2Cl)CC1)N(c1ccccc1)c1ccccc1
RAFIKI-3418,O=C(O)Cc1cnc(C(=O)c2ccc(C(=O)NCCc3ccc(Cl)c(Cl)c3)cc2)c2ccccc12
RAFIKI-3419,CC(NS(=O)(=O)CCCOCn1ccc(=O)[nH]c1=O)c1cccc(OCC(F)(F)C(F)(F)F)c1
RAFIKI-3420,O=C1NC(=O)C(=Cc2ccc(C=CC(=O)c3cccs3)cc2)S1
RAFIKI-3421,CCCC(=NOCC)C1=C(O)CC(c2ccc(C3CC(=O)C(C(CCC)=NOCC)=C(O)C3)cc2)CC1=O
RAFIKI-3422,O=C1CC(C(=O)Nc2ccc(F)c(Cl)c2)NC(N2CCCCC2)=N1
RAFIKI-3423,Cc1nn(C)c(C)c1NS(=O)(=O)c1ccc(N2CCC(c3ccccc3)CC2)nc1
RAFIKI-3424,CC(=O)OC(CCC1(C)OC1COc1ccc(CCNC(=O)C=C(C)C)cc1)C(C)(C)OC(C)=O
RAFIKI-3425,CC(=O)NCCCc1cccc(C=Cc2c(C)cccc2C)c1
RAFIKI-3426,CN1CCCC1CCn1ccc2ccc(N=C(N)c3cccs3)cc21
RAFIKI-3427,CC(=O)Nc1ccc(C2CN3CCCCC3CO2)cc1
RAFIKI-3428,N#Cc1ccc(N2CCC(Nc3ncnc4nc(N)ccc34)CC2)cc1
RAFIKI-3429,Cc1cccnc1CCNC(=O)N(C)C(C)c1ccncn1
RAFIKI-3430,O=c1cc(CSCc2ccc(Cl)cc2)nc2scc(-c3ccccc3)n12
RAFIKI-3431,O=C(C1CCCN(c2ccc3nc(C4(c5cccnc5)CCC4)[nH]c3n2)C1)N1CCCC1
RAFIKI-3432,Cc1nc2nonc2c(N)c1Cc1ccc(Br)c(OCC(F)(F)F)n1
RAFIKI-3433,COC(=O)C12CC(CC(=O)NCCc3ccccc3OC)C(=O)N(Cc3ccc4c(c3)OCO4)C1=CC(COCc1ccccc1)OC2C
RAFIKI-3434,CC1=CC(C)(C)n2c(O)c(N=NC(=N)S)c3cccc1c32
RAFIKI-3435,Cn1cc(-c2n[nH]c3ccc(N4CCn5cnc(C(F)(F)F)c5C4)nc23)cn1
RAFIKI-3436,Cc1nn(Cc2ccc(-c3cc4ncccc4[nH]3)cc2)c(C)c1CC(=O)O
RAFIKI-3437,NCC1(c2ccc(Cl)c(Cl)c2)CC=CCC1
RAFIKI-3438,O=C(c1cccc(OCC2c3ccccc3CN2c2cn[nH]c(=O)c2C(F)(F)F)c1)N1CCN(c2ncc(C(F)(F)F)cn2)CC1
RAFIKI-3439,CCOC(=O)C1CCN(C(=O)COc2ccc(Br)cc2C)CC1
RAFIKI-3440,C=CC(=O)Nc1ccccc1C1CCNc2c(C(N)=O)c(-c3ccc(F)c(C)c3)nn21
RAFIKI-3441,c1ccc(-c2cc(Cn3ccnc3)cc3cccnc23)cc1
RAFIKI-3442,CCCCCCCn1cc(COCc2c(-c3ccccc3)nc3sc4ccccc4n23)nn1
RAFIKI-3443,COc1ccccc1CN=C(S)NCc1ccc(F)cc1
RAFIKI-3444,O=C(Nc1ccc(C(=O)N2CCN(C(=O)OCc3ccccc3)CC2)cc1)c1n[nH]c2ccccc12
RAFIKI-3445,CCc1ccccc1N1C(=O)c2cc3cccc(OC)c3cc2C1=O
RAFIKI-3446,CNC(=O)N1CCn2c(C3CC3)nc(N3CCCc4cc(-c5cnn(C)c5)c(C(F)(F)F)cc43)c2C1
RAFIKI-3447,O=C(CN1C(=O)CCC1=O)Nc1nc2c(F)cc(F)cc2s1
RAFIKI-3448,CNC(=O)c1cnc(NC(=O)C2CC2)cc1Nc1cccc(-c2ncn(C)n2)c1OC
RAFIKI-3449,Cc1ccc(CC2CCC(=O)N2)c(C)c1
RAFIKI-3450,CCOC(=O)c1nc(-c2cccnc2)cs1
RAFIKI-3451,CN(C)c1ccc(C(=C2C=CC(=[N+](C)C)C=C2)c2c(O)c(S(=O)(=O)[O-])cc3cc(S(=O)(=O)O)ccc23)cc1
RAFIKI-3452,CC(C)CCc1noc(CN(CC2CCC2)CC2CCCO2)n1
RAFIKI-3453,O=c1oc2c(ccc3occc32)c(N2CCCCC2)c1-c1ccccc1
RAFIKI-3454,CC(=O)NC1CCN(c2ncccc2C#N)CC1
RAFIKI-3455,Cc1cc(Br)c(NC(=O)C(C)Sc2nnnn2C)c(Br)c1
RAFIKI-3456,CCS(=O)(=O)Nc1cc(C(=O)NCCc2ccncc2)c2c(c1)nc(-c1ccccc1)n2C
RAFIKI-3457,CN(C)c1c2c(c(O)c3cc(CNC(C)(C)C)ccc13)C(=O)C1=C(O)C3(O)C(=O)C(C(N)=O)=C(O)C(N(C)C)C3CC1C2
RAFIKI-3458,O=C(CCc1nc2ccccc2[nH]c1=O)NCC(=O)N1CCN(C(=O)COc2cccc3c2CCCC3=O)CC1
RAFIKI-3459,Cc1cc(O)c2c(c1)C(=O)c1cc(O)ccc1C2=O
RAFIKI-3460,COC(=O)C1COC(=O)C2=C(C)CC(O)C21
RAFIKI-3461,Nc1ncnc2c1C(=O)N(c1ccc3c(ccn3-c3ccccc3C(=O)C(F)(F)F)c1)CCO2
RAFIKI-3462,CC1(C)OC(=O)C(CNc2ccc3c(c2)CCC3)C(=O)O1
RAFIKI-3463,Cc1c(-c2ccc(Oc3nccc4c3CCN4)cc2)n(C)c(=O)[nH]c1=O
RAFIKI-3464,CC(C)C(=O)Nc1cccc(C=c2[nH]c(=O)c(=Cc3nc[nH]c3C(C)(C)C)[nH]c2=O)c1
RAFIKI-3465,CCOc1ccccc1OCC(=O)Nc1ccc2[nH]c(O)nc2c1
RAFIKI-3466,O=C(O)C1CC=C(c2c(-c3ccccc3)[nH]c3ccccc23)CC1
RAFIKI-3467,Nc1noc2ccc(-c3cnc4ccc(NC5CC5)nn34)cc12
RAFIKI-3468,CC(CCNC(=O)CC1CCN(S(=O)(=O)c2ccccc2)CC1)N1CCCCCC1
RAFIKI-3469,CC(C)OC(=O)c1ccc2[nH]c(-c3ccccc3)cc(=O)c2c1
RAFIKI-3470,Cc1ccc(NS(=O)(=O)c2cccc(-c3ccc(Cl)c(Cl)c3)c2)c(S(N)(=O)=O)c1
RAFIKI-3471,Fc1ccc(Br)c(Cl)c1C1CC(c2cccc(Br)c2)Nc2nnnn21
RAFIKI-3472,Cn1c(=O)c(C(=O)O)nn(-c2ccccc2)c1=O
RAFIKI-3473,Cc1ccc(Oc2ccc(-c3cccc(C(O)CO)n3)cc2)cn1
RAFIKI-3474,CN1CCN(c2ccc(-c3ccc4c(c3)OCC3C(CO)OC(=O)N43)cn2)CC1
RAFIKI-3475,CS(=O)(=O)Nc1ccc(CCN(CCOc2ccc(NS(C)(=O)=O)cc2)S(C)(=O)=O)cc1
RAFIKI-3476,CC(=O)Nc1c(Cl)cnn(-c2ccccc2)c1=O
RAFIKI-3477,Nc1ncnc2c1c(C#Cc1cccc3ccccc13)cn2C1OC(COS(N)(=O)=O)C(O)C1O
RAFIKI-3478,CNC(=O)c1cnc(Nc2ccc(F)cn2)cc1Nc1ccccc1C(N)=O
RAFIKI-3479,CC(=O)c1ccc(NC(=O)CN2CCN(C)CC2)cc1
RAFIKI-3480,Clc1nssc1=Nc1ccccc1
RAFIKI-3481,O=C(NCc1ccoc1)NC1CCN(c2ncccn2)CC1
RAFIKI-3482,CN(Cc1ncon1)C(=O)c1cc(Cl)cn1C
RAFIKI-3483,Cc1c(NC(=O)C(C#N)=C2SCC(=O)N2c2ccccc2)c(=O)n(-c2ccccc2)n1C
RAFIKI-3484,O=C(O)c1ccc(CN2CCC(Cc3nc(C4(CNC5CC5c5ccccc5)CC4)no3)CC2)cc1
RAFIKI-3485,CC(=O)c1nn(CC(=O)N2C3CC4(COCC=CCOCc5ccc(Br)nc5NC3=O)CC24)c2ccccc12
RAFIKI-3486,COc1cccc(C2NC(c3cccc(OC)c3O)C([N+](=O)[O-])C(C)(C)C2[N+](=O)[O-])c1O
RAFIKI-3487,COC(=O)c1cc2c(C)cc(C)nc2nc1N
RAFIKI-3488,COc1ccc(NS(=O)(=O)c2cc(NC(=O)c3cccnc3Cl)ccc2N2CCCC2)cc1
RAFIKI-3489,Cc1ccc(Cn2cc(CNC3=C(Cl)C(=O)c4cccnc4C3=O)nn2)cc1
RAFIKI-3490,CC1NCCN(C(=O)OC(C)(C)C)C1C
RAFIKI-3491,N=C(NC(=O)OCc1ccccc1)c1ccc(CNC(=O)C2CCN2C(=O)C2CC(c3ccccc3)CCN2)cc1
RAFIKI-3492,CC1=CC(O)CC(C)(C)C1(O)CCC(C)OC1OC(CO)C(O)C(O)C1O
RAFIKI-3493,CS(=O)(=O)N1CCC(Nc2ncc(C(F)(F)F)c(-c3cn(-c4ccnc(N5CCOCC5)c4C#N)cn3)n2)CC1
RAFIKI-3494,COc1cc(CC2C(=O)OCC2Cc2ccc(OC)c(OC)c2)cc(OC)c1
RAFIKI-3495,COc1ccccc1C(=O)C1Nc2ccccc2-c2nnc(SC)nc2O1
RAFIKI-3496,CN1CCC(CCC(=O)NC2CC2)CC1
RAFIKI-3497,COc1ccc(OC)c(CN2CCOc3ccc(CN4CCC(O)(c5cccnc5)CC4)cc3C2)c1
RAFIKI-3498,CCc1sc(C)nc1C#Cc1cccnc1
RAFIKI-3499,O=C(CCN1CCOCC1)N1CCCC12CCCCC2
RAFIKI-3500,O=C(O)c1ccc(NC(=O)c2cc(Cl)c(Cl)cc2Oc2ccc(CO)c(F)c2)cc1
RAFIKI-3501,CCOC(=O)c1nn(-c2ccc(Cl)cc2)c(=Nc2nc(-c3ccccc3)cc(-c3ccccc3)c2C#N)s1
RAFIKI-3502,Cc1nc2c(ccc3ccccc32)c(O)c1CN(C)Cc1ccccc1
RAFIKI-3503,COC(=O)c1sc(-c2cccs2)cc1Nc1cc(OC)c(OC)c(OC)c1
RAFIKI-3504,COc1ccc(NC(=O)C(C)Sc2nc3cnc(C(F)(F)F)cc3[nH]2)cc1O
RAFIKI-3505,Nn1cc(-c2ccccc2)nc1SCC(=O)NCC1CCCO1
RAFIKI-3506,CC(C)c1cc(OCC(F)(F)F)c(I)cc1Oc1cnc(N)nc1N
RAFIKI-3507,CCn1ccc(C(=O)N2CCCC3(CCC(=O)N(CCOC)C3)C2)cc1=O
RAFIKI-3508,CC(C)CN(CCCc1ccccc1)Cc1ccc2ccccc2c1
RAFIKI-3509,CC1=CC2(CC1)C(C)CCC(C(C)C)C2NC=O
RAFIKI-3510,CC1=CCC(NC2CCCn3ncnc32)CC1
RAFIKI-3511,COC1COC(=O)CC=CC(C)C(NS(=O)(=O)c2ccc(C)cc2)COC(=O)CCCC1C
RAFIKI-3512,CCN(CCC(=O)NCCCNc1c2c(nc3ccccc13)CCCC2)C1CCCCC1
RAFIKI-3513,O=C(Nc1ccc(Cl)cc1)c1nc2ccccc2s1
RAFIKI-3514,Cc1c[nH]c(CN(C)C(=O)c2c(C)noc2C)n1
RAFIKI-3515,O=S(=O)(Nc1ccccc1Cl)c1ccc2c(c1)CCNCC2
RAFIKI-3516,Cc1cc(O)cc(C)c1CC(N)C(=O)N1Cc2ccccc2CC1C(=O)NCCCCC(N)C(=O)NCc1ccccc1
RAFIKI-3517,O=C1Nc2c(Cl)cc3nc(COC4CCOCC4)oc3c2C2(CCCCC2)N1
RAFIKI-3518,COc1ccc2c(c1)OC(C)(C)CC2=C(c1ccccc1)c1ccc(OCCN(C)C)cc1
RAFIKI-3519,O=C(O)CCN1CC(=O)N2C(CC3c4ccccc4NC3C2c2ccc(Br)cc2)C1=O
RAFIKI-3520,Cc1cccc(NC(S)=NNc2ncc(C(F)(F)F)cc2Cl)c1
RAFIKI-3521,COc1cc2c(cc1OC)CN(c1nc(CN3CCOCC3)nc3sc4c(c13)CCC(C)C4)CC2
RAFIKI-3522,O=C1C(=O)c2ccc(-c3ccccc3)cc2-c2ccccc21
RAFIKI-3523,Cc1ccc(SC(CC(=O)c2ccc(C(C)(C)C)cc2)C(=O)O)cc1
RAFIKI-3524,Cc1nc(C)c(-c2nc(Nc3ccc(CCN(C)C)cc3)ncc2Cl)s1
RAFIKI-3525,CCc1nc(NCc2ccc(-c3ccccc3-c3nn[nH]n3)cc2)c2cc(C(=O)O)ccc2n1
RAFIKI-3526,CC(C)C(C=O)C1C(NS(C)(=O)=O)CCN1C(=O)C=CCN1CCCCC1
RAFIKI-3527,COc1cc(Cc2cnc(N)nc2N)cc2c1N(C)CCC2C
RAFIKI-3528,O=C(Nc1nn(Cc2ccc(C(F)(F)F)nc2)c2ccccc12)c1ccoc1
RAFIKI-3529,CC1CCCN(S(=O)(=O)c2ccc(NC(=O)c3cccc(-n4cnnn4)c3)cc2)C1
RAFIKI-3530,COc1ccc(-c2c(Nc3ccccn3)[nH]c3c(N4CCCCC4)c(-c4ccccc4)nn3c2=O)cc1
RAFIKI-3531,CCN(CC)C(=S)SCCC1OCCCO1
RAFIKI-3532,O=C(O)C1=CC(=Cc2cc(C(c3ccc(O)c(C(=O)O)c3)c3ccc(O)c(C(=O)O)c3)cc(C(=O)O)c2O)C=CC1=O
RAFIKI-3533,O=C1NC(=O)N(c2ccc3[nH]cnc3c2)C1c1ccc(Cl)c(C(F)(F)F)c1
RAFIKI-3534,C=C(NC(=O)c1cnccn1)C(=O)NC(Cc1cn(C(=O)OC(C)(C)C)c2ccccc12)C(=O)OC
RAFIKI-3535,CNc1ncc2c(-c3ccc(N4CCNCC4)nc3)nn(Cc3cn(-c4ccccc4)nn3)c2n1
RAFIKI-3536,COc1ccc(C23Cc4ccccc4C(O2)c2c(c4ccc(OC)cc4oc2=O)O3)cc1
RAFIKI-3537,O=C(NC(CO)(CO)CO)c1cc(-c2ccccc2)[nH]n1
RAFIKI-3538,O=C(O)CNC(=O)c1ccc(-c2c(CCc3ccc4ccccc4n3)nc3c(N4CCOCC4)ccnn23)cc1
RAFIKI-3539,CCCCn1c(=O)c2nc(C=Cc3cc(OC)c(OC)c(OC)c3)[nH]c2n(CCCC)c1=O
RAFIKI-3540,CCC(C)C(NC(=O)C(CC1CCCCC1)NC(=O)c1coc(C)n1)C(N)=O
RAFIKI-3541,COc1ccc(NC2C=CS(=O)(=O)C2)cc1
RAFIKI-3542,CCS(=O)(=O)c1ccc2oc(SCC(=O)NCCc3ccccc3)nc2c1
RAFIKI-3543,Cc1n[nH]c(C2CN(CC(=O)NCc3sccc3C)CCO2)n1
RAFIKI-3544,O=C(c1ccc2c(c1)OCO2)N(Cc1cccs1)C1CCOCC1
RAFIKI-3545,CCC(Br)C(Br)C1=Cc2ccccc2C(=O)C1
RAFIKI-3546,C=C(C(=O)OC)C(c1ccccc1)C(O)Cc1ccccc1
RAFIKI-3547,Cc1ccc(SCCSc2ncccn2)cc1
RAFIKI-3548,CCCCOP(=O)(c1ccc(N(C)C)cc1)C(O)c1c(Cl)cccc1Cl
RAFIKI-3549,Cc1cc(C)nc(N2CCC(CNC(=O)c3ccccn3)CC2)n1
RAFIKI-3550,CC(C)Cn1ccc2c3c(N)nc(N)nc3ccc21
RAFIKI-3551,O=C1NC(c2ccccc2)C1N(Cc1ccccc1)Cc1ccccc1
RAFIKI-3552,CC(C)(C)NCC(O)c1cc2ccccc2c2ccccc12
RAFIKI-3553,Cn1cc(-c2cc(S(C)(=O)=O)ccc2Oc2ccccc2F)c2cc[nH]c2c1=O
RAFIKI-3554,CCOC(=O)Cc1cn(CC=C(C)CCC=C(C)C)c2ccccc12
RAFIKI-3555,NC(=O)C12CC3CC(C1)C(NC(=O)c1cccc(NS(=O)(=O)c4ccc(C(F)(F)F)c(Cl)c4)c1)C(C3)C2
RAFIKI-3556,Cc1ccc(C2CC(c3cc4ccccc4oc3=O)=NN2c2ccccc2)cc1
RAFIKI-3557,CN(C)c1cccc(CNCC(O)C(Cc2cc(F)cc(F)c2)NC(=O)C2CN(Cc3ccccc3)C(=O)N2)c1
RAFIKI-3558,O=S(=O)(Nc1ccncn1)c1ccc2c(OCc3cccc4[nH]ncc34)nccc2c1
RAFIKI-3559,CS(=O)(=O)NC(=O)c1cc(C2CC2)c(OCC2CCN(CC3(C(F)(F)F)CCCC3)CC2)cc1F
RAFIKI-3560,CCOC(=O)c1c(-c2ccccc2)nc(=O)n(Cc2ccc(Cc3cccc(C(=O)C=C(O)C(=O)O)c3)cc2)c1CC
RAFIKI-3561,COP1(=S)NCC(c2cccc(Oc3ccccc3)c2)O1
RAFIKI-3562,Cc1c(C(=O)Nc2c(O)c3ccc(O)c(C)c3oc2=O)c[nH]c1C(=O)Nc1c(O)c2ccc(O)c(C)c2oc1=O
RAFIKI-3563,Cc1ccc(Cn2cc(CN3CC(N4CCCC4)CS3(=O)=O)nn2)cc1
RAFIKI-3564,CC(NC(=O)CNC(=O)c1cccs1)c1cccc(C(F)(F)F)c1
RAFIKI-3565,N#Cc1cccc(S(=O)(=O)c2sc3ncccc3c2-c2cccc(F)c2)c1
RAFIKI-3566,COc1ccc(OC)c(CCNC(=O)c2cnn(-c3ccccc3)c2C2CCN(C(=O)OC(C)(C)C)CC2)c1
RAFIKI-3567,COc1cc(OC)c(-c2coc3cc(OCc4ccccc4C#N)ccc3c2=O)cc1OC
RAFIKI-3568,CNCc1ccc(-n2cc3c(F)c(F)cc(C(N)=O)c3n2)cc1
RAFIKI-3569,NC(=O)c1cccc(NC(=O)C=CC(=O)N2CCN(c3ccc(Cl)cc3)CC2)c1
RAFIKI-3570,COc1cccc(CNC(=O)c2cn(C)c3nc(-c4cn[nH]c4)ccc23)c1
RAFIKI-3571,CCCNC1=NC(=Cc2ccc3c(c2)OCO3)C(=O)N1c1ccccc1
RAFIKI-3572,COc1ccc(CN(CCN(C)C)c2ccc(C(=O)Nc3cc(Cl)ccc3N)cn2)cc1
RAFIKI-3573,C=C1C(=O)OC2C=C(CO)CCC=C(C)CC(O)C12
RAFIKI-3574,O=C(NO)C(=Cc1ccccc1)C(=O)NCc1ccncc1
RAFIKI-3575,COc1ccc(C(C)=C2SC(c3ccc(N)cc3)=NC2=O)cc1
RAFIKI-3576,CCC(=O)NC1CCN(S(=O)(=O)C(C)C)CC1
RAFIKI-3577,OC(CNCCC1C=Nc2ccccc21)Cn1c2ccc(Cl)cc2c2cc(Cl)ccc21
RAFIKI-3578,CCc1ccc(NC(=O)CCC(=O)Nc2nnc(C(F)(F)F)s2)cc1
RAFIKI-3579,COc1ccc(CC(O)C=CC2C(O)CC(=O)C2SCCCSCC(=O)O)cc1
RAFIKI-3580,Cc1ccccc1C=C1CN(C(=S)NCCc2ccccc2)CC(=Cc2ccccc2C)C1=O
RAFIKI-3581,CCCCn1cnc2c(cnn2-c2ccc(Cl)cc2)c1=O
RAFIKI-3582,CC(C)=CC(=O)OC1c2c(ccc3ccc(=O)oc23)OC1C(C)(C)OC1OC(C(=O)O)C(O)C(O)C1O
RAFIKI-3583,O=C(NN=Cc1ccccc1OC(=O)c1ccc2c(c1)OCO2)c1cccc(F)c1
RAFIKI-3584,CC(c1nnnn1C1CCCCC1)N(C)Cc1cccc(N(C)C)c1
RAFIKI-3585,CCC(CC)Nc1c2c(nc3c(-c4cc(C)c(OC)cc4C)c(C)nn13)CCC2
RAFIKI-3586,CCc1nn2ccc(Cl)cc2c1C(=O)NCC=C(C)CCC=C(C)C
RAFIKI-3587,Cc1ccc(N2CCN(c3ccc(C)cc3)C2c2ccccn2)cc1
RAFIKI-3588,O=C(NCc1nccc(C(F)F)n1)C(c1ccccc1)N1CCCCC1=O
RAFIKI-3589,N#Cc1ccnc(Oc2ccc3ccccc3c2)c1
RAFIKI-3590,CN(C)C1C(O)=C(C(N)=O)C(=O)C2(O)C(O)=C3C(=O)c4c(O)cc(C5CCCN5)cc4CC3CC12
RAFIKI-3591,Cc1ccc(C(=O)NC(C)(C)c2nccs2)nc1-c1cccc(Cl)c1
RAFIKI-3592,O=C(Oc1cncc(Br)c1)c1cccs1
RAFIKI-3593,COc1c(C)cc(C2OC(C)CC(CC(=O)O)O2)c2c1C(=O)OC2
RAFIKI-3594,CCc1cc(O)c(F)cc1-c1cc2[nH]nc(C(=O)NC)c2c(NCC(C)C)n1
RAFIKI-3595,O=C(Cn1cc(-c2ccc(Cl)cc2)nn1)Nc1nccs1
RAFIKI-3596,CCCN(c1cc2cc(c1)C(=O)NC(C)CCc1cccc(c1)CC(C)(N)COC2)S(C)(=O)=O
RAFIKI-3597,O=C(NCC1OC2CC(CC(=O)N3CCC(F)(F)C3)OC2C1O)Nc1cccnc1
RAFIKI-3598,COC(=O)c1cccc2c1-c1ccc(F)cc1C2(O)C(F)(F)F
RAFIKI-3599,CNCc1ccc2c(N(C)C)c3c(c(O)c2c1)C(=O)C1=C(O)C2(O)C(=O)C(C(N)=O)=C(O)C(N(C)C)C2CC1C3
RAFIKI-3600,N=C(N)NCC(=O)NCC1(Nc2ccc(Cl)c(Cl)c2)CCN(Cc2ccccc2)CC1
RAFIKI-3601,C=C(C)CNC(=O)Nc1ccc(NC(=O)C(C)C)cc1
RAFIKI-3602,Fc1ccc(Nc2nc(-c3c(Cl)cccc3Cl)cs2)cc1
RAFIKI-3603,Cc1cc(C(=O)NC2CCN(Cc3ccc(N(C)C)nc3)CC2O)no1
RAFIKI-3604,NC(=O)c1ccc(Nc2nc(C(N)c3ccccc3Cl)cs2)cc1
RAFIKI-3605,Cc1ccc(C(=O)Oc2ccc(N(C(=O)c3ccc(C)cc3)S(=O)(=O)c3ccccc3)cc2)cc1
RAFIKI-3606,COc1ccc(NC(=O)C=CC(=O)NC2Cc3ccccc3NC2=O)cc1
RAFIKI-3607,N#Cc1ccccc1OCCN1CCC(N2CCNC2=O)CC1
RAFIKI-3608,Cn1cc(C(F)(F)F)nc1-c1ccc(Cn2c(=O)n(C)c3cnc(-c4cccnc4OCC(F)(F)F)nc32)cc1
RAFIKI-3609,O=C(O)C=Cc1ccc(Cn2ccnc2)cc1OCCc1cc2ccccc2o1
RAFIKI-3610,CCOC(=O)C1CSCCS(=O)(=O)N1
RAFIKI-3611,CSCCCNC(=O)Nc1cc(C)ccn1
RAFIKI-3612,C=CCn1c(C)c(C(C)=O)c(N2CCN(C(c3ccccc3)c3ccccc3)CC2)nc1=S
RAFIKI-3613,CC(NC(=O)Nc1ccccc1)c1nc2ccsc2c(=O)o1
RAFIKI-3614,CSc1ccc(C2CN(C)Cc3cccc(Oc4ccnc(CN5CCCCC5)c4)c32)cc1
RAFIKI-3615,Cc1cc(C)c(CNC(=O)c2csc(CCNCc3nc4ccccc4[nH]3)n2)cn1
RAFIKI-3616,CCOC(CC)CNC(=O)c1ccc(CN(C)C)o1
RAFIKI-3617,CC(NC(=O)CNC(=O)C1CCCCC1)c1ccc2c(c1)OCCO2
RAFIKI-3618,C=CCn1cccc(C(=O)Nc2cc(OC)cc(OC)c2)c1=O
RAFIKI-3619,O=C(Cn1cnc2ccc(N3CCN(C(=O)C4CCC4)CC3)cc2c1=O)NCc1ccc(Cl)c(Cl)c1
RAFIKI-3620,Cc1oc2ccc(O)c(CN3CCOCC3)c2c1C(=O)Nc1cccc(Cl)c1C
RAFIKI-3621,COc1ccc(CNC(=O)NC(C)(CO)C2CC2)c(C(F)(F)F)c1
RAFIKI-3622,CN1C(CO)Cc2ccc(Cl)cc2C1c1ccccc1
RAFIKI-3623,NC1CN(c2nc3c(cc2F)c(=O)c(C(=O)O)cn3C2CC2)CC1c1ccccc1
RAFIKI-3624,O=S(=O)(c1ccc(Cl)cc1)N1C(C2CC2)CCCC1C1(Cc2nc(CN3CCCC3)no2)CC1
RAFIKI-3625,COc1cc(-c2nnc(S(=O)(=O)Cc3cccc(F)c3)o2)cc(OC)c1OC
RAFIKI-3626,CC(C)(C)C(=O)Nc1cc(C#N)ccc1COC(=O)N1CC2CN(C(=O)c3ccc(S(N)(=O)=O)cc3)CC2C1
RAFIKI-3627,COc1ccc2c(c1)C13CCCCC1C(C2)N(CC#N)CC3
RAFIKI-3628,CC(=O)NCCC(=O)NCC1Cc2cc(-c3ccc(C(C)=O)s3)cc(Cl)c2O1
RAFIKI-3629,COc1c(N2CCOC(CN(C)C)C2)c(F)cc2c(=O)c(C(=O)O)cn(C3CC3)c12
RAFIKI-3630,Cc1nc(CN(C)C(C)c2ccccn2)oc1C
RAFIKI-3631,CCCCNP(=O)(N1CC1(C)C)N1CC1(C)C
RAFIKI-3632,Cc1nn2c3c(nc2s1)CCN(C(=O)COc1ccc(C(F)(F)F)cc1Cl)C3c1cnc(N(C)C)s1
RAFIKI-3633,COc1ccc(OC)c(-c2c(C#N)c(N)nc3c2C2CCC(C3)N2)c1
RAFIKI-3634,O=C(C=C(O)C(F)(F)C(F)(F)F)c1cccnn1
RAFIKI-3635,COc1cc(-c2cncc(N(CCO)CCO)n2)cc(OC)c1OC
RAFIKI-3636,O=C1c2ccccc2NC(c2cccnc2)N1Cc1ccc2c(c1)OCO2
RAFIKI-3637,CCn1c(SCC(=O)Nc2ccccc2C(=O)OC)nc2c1c(=O)n(C)c(=O)n2C
RAFIKI-3638,O=C(c1ccc(O)c(O)c1)c1cc2ccccc2oc1=O
RAFIKI-3639,Cc1cc(C)[n+](NC(=O)c2[nH]c3ccc(S(N)(=O)=O)cc3c2-c2cccc(Cl)c2)c(C)c1
RAFIKI-3640,COc1cc(C(=O)COC(=O)Cc2cnc3sccn23)cc(OC)c1OC
RAFIKI-3641,CCOC(=O)c1c(NC(=O)C(C)Oc2ccccc2F)sc(C(C)=O)c1C
RAFIKI-3642,O=C(OCc1ccc([N+](=O)[O-])cc1)N1c2ccccc2Oc2ccccc21
RAFIKI-3643,CN1CCN(c2nccnc2-c2cccnc2)CC1
RAFIKI-3644,O=C(CCC1CCCCC1)Nc1ccccc1C(=O)N1CCOCC1
RAFIKI-3645,O=C1Oc2ccc(O)cc2C1=Cc1ccc(O)cc1
RAFIKI-3646,COc1ccc2c(c1)c(CN1CCC(CCc3noc(C4CC4)n3)CC1)cn2C
RAFIKI-3647,COc1cc2c(=O)[nH]c(-c3ccc(CNC(=O)OCc4ccccc4)cc3)nc2c(OC)c1OC
RAFIKI-3648,O=C(O)C1CC=C(c2nn(C(=O)c3c(Cl)cccc3C3CC3)c3c2CCC(C(=O)N2CC(F)(F)C2)C3)CC1
RAFIKI-3649,NC(Cc1ccc(P(=O)(O)O)cc1)C(=O)O
RAFIKI-3650,Nc1ccc2c(c1)c(-c1ccccc1)[n+](CCCCCC(=O)O)c1ccccc21
RAFIKI-3651,O=C(O)CC(Sc1ccccc1)c1ccccc1
RAFIKI-3652,CCOC(=O)c1ccccc1NC(=O)C1CSC2(C)CCC(=O)N12
RAFIKI-3653,O=S(=O)(CCc1ccccn1)NCC1CCCCCCC1
RAFIKI-3654,Cc1cnc(-n2cccc(C3CCOCC3)c2=O)cc1-n1c(C)cc(OCc2ncc(F)cc2F)c(Cl)c1=O
RAFIKI-3655,CC1CCCC(=O)CCCC=Cc2cc(O)cc(OC3OC(C(=O)O)C(O)C(O)C3O)c2C(=O)O1
RAFIKI-3656,COP(=O)(OC)C(c1cc(C(C)(C)C)c(O)c(C(C)(C)C)c1)N1CCN(c2cc3c(cc2F)c(=O)c(C(=O)O)cn3C2CC2)CC1
RAFIKI-3657,CC1CC(C)CN(C(=O)C2CCCN(S(C)(=O)=O)C2)C1
RAFIKI-3658,O=C1c2ccccc2C2(c3ccccc3)N1CC[S+]2[O-]
RAFIKI-3659,COc1cc(F)ccc1NC(=O)c1ccncc1
RAFIKI-3660,O=C(O)CCNc1ccccc1C(=O)c1ccccc1
RAFIKI-3661,CC1CN(Cc2cccc(-c3cc(CNC(=O)c4cccc(CC5CCNCC5)c4)ccc3F)c2)CCN1
RAFIKI-3662,CC1CCc2nc(NC(=O)c3ccc(S(=O)(=O)N4CCCc5ccccc54)cc3)sc2C1
RAFIKI-3663,Cc1ncc([N+](=O)[O-])n1CCOC(=O)NC(Nc1nc(Cl)c(N)c(Cl)n1)C(Cl)(Cl)Cl
RAFIKI-3664,COc1ccc(Cl)cc1NC(=O)Nc1cc(C)nc2cnccc12
RAFIKI-3665,COC1OCC2=CC3CC(C)(C)CC3C3(C)CC213
RAFIKI-3666,CC(C)(Nc1cccc(NS(C)(=O)=O)c1)C(=O)Nc1nc2c(C(F)(F)F)cc3[nH]ncc3c2s1
RAFIKI-3667,NC(=O)c1ccn(-c2ccccc2NC(=O)C2CC=CCC2)n1
RAFIKI-3668,CCC(CC)(CNC(=O)OC(C)(C)C)NC(=O)Cn1cc(C)cn1
RAFIKI-3669,COc1ccc(-c2cc3ccc(C)cc3c(=O)[nH]2)c(CO)c1
RAFIKI-3670,CNC(=O)c1ccc(Oc2ccc3c(c2)CCN(C2CCC2)CC3)cn1
RAFIKI-3671,CCC(C1CC1)n1c(=O)c(C)nc2c(-c3cc(C)c(C)cc3C)ccnc21
RAFIKI-3672,CN1CCC(O)(C#Cc2cccc(-n3nc(C(N)=O)c4cc(N5CCOCC5)cnc43)c2)C1=O
RAFIKI-3673,CS(=O)(=O)NNS(=O)(=O)c1ccc(F)cc1
RAFIKI-3674,[N-]=[N+]=Nc1cncc(Cn2ccnc2N[N+](=O)[O-])c1
RAFIKI-3675,O=C1Nc2c(Cl)cccc2C1=C1Nc2ccccc2C1=NO
RAFIKI-3676,CCn1cnnc1CC(C)c1cccc(NC(=O)c2cc(C(=O)N3CC(O)CC3C)ccn2)c1
RAFIKI-3677,COc1ccc(N=c2oc3cc(O)ccc3cc2C(=O)NC2CCCCC2)cc1
RAFIKI-3678,CCC(=O)NC(CC)c1nc2c(C(F)(F)F)cccc2c(O)c1C(=O)Nc1nccs1
RAFIKI-3679,Cc1nc(N2CCCCC2)c2[nH]c(-c3cc(F)cc(F)c3)cc2n1
RAFIKI-3680,CCOc1nc(=O)n(Cc2ccc([N+](=O)[O-])cc2)cc1C
RAFIKI-3681,CCCc1cc(C(=O)NC(C)C(O)c2ccc(O)cc2)n(C)n1
RAFIKI-3682,O=C(Cc1ccc(F)cc1)N(Cc1cccnc1)C1CCN(CCc2cccs2)CC1
RAFIKI-3683,Cc1nn(-c2cccc(Cl)c2)c(Cl)c1C=NNC(=O)c1cccs1
RAFIKI-3684,O=c1c2ccccc2n(CCCCCCCl)c2ccccc12
RAFIKI-3685,O=c1c2c3c(sc2ncn1-c1ccc(F)cc1)CCCC3
RAFIKI-3686,CCCC(C(CC(C)C)C(=O)NC(C(=O)Nc1nccs1)C(C)(C)SCCNC(=O)OCC)N(O)C=O
RAFIKI-3687,CC(C)NC(=O)NC1COC(CN2CCC(F)(F)C2)C1O
RAFIKI-3688,COc1ccccc1C1C(c2cccc(Cl)c2)=NN(c2ccccc2)C1CO
RAFIKI-3689,Cn1cc(-c2cc(-c3cn(C)c4ccccc34)on2)c2ccccc21
RAFIKI-3690,O=C(O)CCCCCC1C(CNS(=O)(=O)c2ccc(Cl)c(Cl)c2)C2CC1(c1ccc(-c3ccccc3)cc1)CO2
RAFIKI-3691,COc1ncc(-c2ccc3ncn(CCCn4ccccc4=O)c(=O)c3c2)cc1NS(=O)(=O)c1ccc(F)cc1F
RAFIKI-3692,Cn1nnnc1SCC1=C(C(=O)O)N2C(=O)C(NC(=O)C(OC=O)c3ccccc3)C2SC1
RAFIKI-3693,Cc1cc(F)c(F)cc1-c1ccc(OCc2cccc3c(=O)n(CC(=O)O)[nH]c23)cc1
RAFIKI-3694,O=S(=O)(NCCc1cn(S(=O)(=O)c2ccc(F)cc2)cn1)c1ccc(F)cc1
RAFIKI-3695,CN1CCN(C(=O)c2cc(-c3ccc(O)cc3)n(-c3ccccc3)n2)CC1
RAFIKI-3696,Cn1cc(-c2ccc(C3(c4nnc5n4CCSC(C)(CO)C5)CC3)cc2)cn1
RAFIKI-3697,CNc1ncnc2c(CNc3cc(NC(=O)c4ccc(N)c(C(F)(F)F)c4)ccc3C)cccc12
RAFIKI-3698,O=S(=O)(NC1CC1)c1ccc(-c2ccsc2)c(Nc2nc3cc(F)cc(F)c3[nH]2)c1
RAFIKI-3699,CCCC(=O)N(CCC)CC(=O)N(Cc1ccco1)CC1CCCO1
RAFIKI-3700,Nc1cc(F)c(-c2c(F)cccc2F)nc1C(=O)Nc1cnccc1C1CCCC(N)C1
RAFIKI-3701,COc1ccc(C)cc1N1CC(C(=O)Nc2nc3ccccc3[nH]2)CC1=O
RAFIKI-3702,COc1cccc(S(=O)(=O)N(Cc2cccs2)CC(O)C(Cc2ccccc2)Nc2cc(F)c(F)c(O)c2F)c1
RAFIKI-3703,CNC(=O)c1cc(C(=O)NC2CCC(O)CC2)c(C(C)c2ccc(Cl)cc2)o1
RAFIKI-3704,CCCc1cnc(-c2ccc(-c3ccc(OCC(C)(C)C(=O)O)cc3)nc2)[nH]1
RAFIKI-3705,CCn1nc(C(=O)NCc2cccnc2)c(C)c1Oc1ccc([N+](=O)[O-])cc1S(=O)(=O)NC(C)C
RAFIKI-3706,Cc1ccnc(C2CCN(C(=O)c3cc(C)ccc3F)C2)c1
RAFIKI-3707,CN(C)C(=O)c1cccc2c1nc(-c1c(F)cccc1F)n2Cc1c(F)cccc1F
RAFIKI-3708,Cc1cc(O)nc(SCC(=O)NCCCCCCc2ccccc2)n1
RAFIKI-3709,N#CC1=C(N)Oc2ccc3ccccc3c2C1c1cccc(C#CCCO)c1
RAFIKI-3710,Cc1nnc2n1-c1sc(C#CC3CCNCC3)c(Cc3ccccc3)c1COC2
RAFIKI-3711,COc1ccc(-c2nnc(S)n2N=Cc2cccn2C)cc1
RAFIKI-3712,CCCC(=O)Oc1ccc(-c2ccc(C(=O)O)cc2)cc1CNC(=O)c1ccc(C(F)(F)F)cc1F
RAFIKI-3713,Cc1cccc(CNC(=O)C(C)C2CCN(C(=O)c3ccc4oc(-c5ccccc5)nc4c3)CC2)c1
RAFIKI-3714,CCCCC1CN(CC2CCC(OCC)CC2)C(=O)OC12CCN(C1CC3CN(C(=O)c4c(C)ncnc4C)CC3C1)CC2
RAFIKI-3715,CC1CC(C(=O)N2CCc3nc(C#Cc4cccc(F)c4)sc3C2)C1
RAFIKI-3716,O=C(NCC1OC(=O)N2c3ccc(N4CCCNC4=O)cc3OCC12)c1ccc(Cl)s1
RAFIKI-3717,CNC(=O)CC1CCN(C(=O)CCC(F)(F)F)C1
RAFIKI-3718,CCC1(O)C(=O)OCc2c1cc1n(c2=O)Cc2c-1nc1ccc(OC)cc1c2C1CCC1
RAFIKI-3719,CC1Cc2c3c(c(Cl)c(O)c2C(=O)O1)OC1(C)C(O)CC2C(C)(C)C(=O)C(Cl)(Cl)CC2(C)C1C3
RAFIKI-3720,CC(c1nc(O)c2c(-c3ccccc3)csc2n1)N1CCN(CC(=O)NC2CC2)CC1
RAFIKI-3721,Cc1ccc2oc(-c3ccc(NC(=O)c4ccc(Cl)c(Cl)c4)cc3)nc2c1
RAFIKI-3722,COC1=C(N)C(=O)c2nc(C)ccc2C1=O
RAFIKI-3723,O=CC(Cc1ccccc1)NC(=O)C(Cc1cccc2ccccc12)NC(=O)OCc1ccccc1
RAFIKI-3724,COc1ccc(-c2c([N+](=O)[O-])ccn2C)cc1
RAFIKI-3725,COc1ccccc1C1(CNc2ncc(S(N)(=O)=O)s2)CC1
RAFIKI-3726,COc1c(Cl)cc(Cl)cc1CNCCSc1nnnn1C
RAFIKI-3727,Cc1ccc(C(=O)C=C2C(=O)Nc3ccccc32)cc1
RAFIKI-3728,COc1ccc(C(Cl)=CC=C(C#N)C(=O)c2c(C)[nH]c3ccccc23)cc1OC
RAFIKI-3729,Cc1c(OCCCCOc2cccc(O)c2)ccc(C(=O)CC(C)C)c1O
RAFIKI-3730,O=C(C=Cc1ccc(O)c(O)c1)Oc1cc(OC(=O)C=Cc2ccc(O)c(O)c2)cc(C(=O)O)c1
RAFIKI-3731,COc1cc(OC)c(OC)cc1CCC(C)NC(=O)Cc1ccccc1
RAFIKI-3732,O=C(CC1CCC(NC(=O)Nc2ccccc2F)C(CO)O1)NCc1ccccc1
RAFIKI-3733,N#CCC(C1CC1)n1cc(C(N)=O)c(Nc2cccc(C(F)(F)F)c2)n1
RAFIKI-3734,CCCS(=O)(=O)N1CCN(c2nc(C)cc(NCC)n2)CC1
RAFIKI-3735,CN1C(=O)C2CN(S(=O)(=O)c3ccc4c(c3)OCO4)CC2c2ccccc21
RAFIKI-3736,CCc1ccc(NC(=O)c2cccnc2)cc1
RAFIKI-3737,O=C(Nc1ccc(Cl)cc1)C1CC(=O)n2c(nc3ccccc32)N1
RAFIKI-3738,CCCCCc1ccc(C(=O)Nc2ccc3c(c2)nc(N)n3CCc2ccccc2OC)cc1
RAFIKI-3739,CCN1CCN(Cc2ccc(Nc3nc(OCCOC)c4c(-c5ccc(F)c(Cl)c5)c[nH]c4n3)cc2)CC1
RAFIKI-3740,Oc1cc(C=NNc2ccccn2)cc(O)c1O
RAFIKI-3741,Clc1ccc2nc(CN3CCNCC3)oc2c1
RAFIKI-3742,O=C1C2CCC3C(=NOCC(O)COCc4ccco4)CC(O)C(O)C3C2C(=O)N1c1cccc(Oc2ccccc2)c1
RAFIKI-3743,O=C1CCC(O)=C1NC(=O)C1=CC2=C(Cl)C(=O)c3c(O)cccc3C2(O)CO1
RAFIKI-3744,CNC(=O)c1cc(S(=O)(=O)N2CC(C)OC(C)C2)ccc1N1CCCCC1
RAFIKI-3745,O=C(Nc1c2c(nn1CCC1CC1)CC1(CCc3cc(OCC(F)(F)F)ccc31)NC2=O)c1cccnc1
RAFIKI-3746,CN(CC1CC1)C(=O)NC1C2CCCOC2C1(C)C
RAFIKI-3747,CC(C)CS(=O)(=O)N1CC2C(C1)C2(CNC(=O)c1ccc(Cl)cc1Cl)CC1CC1
RAFIKI-3748,Cc1nn(CCN2CCOCC2)c(C)c1CC(=O)NCc1cccc(Cl)c1C
RAFIKI-3749,Cc1nc(CN(C)C2CCCc3cccnc32)cc(N2CC(C)N(C)C(C)C2)n1
RAFIKI-3750,Cc1ccc(NC(=O)c2cccc3c(=O)c4c([nH]c23)CCC4)cc1Cl
RAFIKI-3751,Clc1ccc2c(c1)OC1(C=C2)CC2CCC(C1)N2
RAFIKI-3752,Cc1[nH]cnc1Cn1ccc2c(O)cc3ccccc3c2c1=O
RAFIKI-3753,Cc1cc(-n2nc3c4cc(F)ccc4[nH]cc-3c2=O)cs1
RAFIKI-3754,Cc1oc2c(C)c(O)ccc2c(=O)c1-c1nncn1-c1ccccc1
RAFIKI-3755,COC1C(OC(=O)c2ccc(C)[nH]2)C(O)C(Oc2ccc3c(O)c(NC(=O)C=Cc4ccc(O)c(Cl)c4)c(=O)oc3c2)OC1(C)C
RAFIKI-3756,COc1ccc2ccccc2c1CNc1nnnn1C
RAFIKI-3757,CN(C)CCN(C(=O)c1ccc2c(c1)OCCO2)c1nc2c(Cl)cccc2s1
RAFIKI-3758,CCOC(=O)c1ccc(-c2c(-c3ccc4c(c3)OCO4)noc2-c2ccsc2)cc1F
RAFIKI-3759,Cc1ccc2nc(CN3CCCCC3c3nc4ccccc4s3)cn2c1
RAFIKI-3760,COc1cc[n+](CC(O)(P(=O)([O-])O)P(=O)(O)O)cc1
RAFIKI-3761,CCOC(=O)c1cccc(NS(=O)(=O)c2cc(-c3noc(C(=O)N4CCCC4)n3)sc2C)c1
RAFIKI-3762,CC(C)S(=O)(=O)N1CCN(c2nc(NCCc3ccc(O)cc3)nc(N(C)CCCc3ccc(Cl)cc3)n2)CC1
RAFIKI-3763,CCOC(O)=C1C(COCCCN2CCN(C)CC2)=NC(C)=C(C(=O)OC)C1c1ccccc1Cl
RAFIKI-3764,CCCCCc1ccc(C#Cc2nc(C(N)=O)nn2COCCO)cc1
RAFIKI-3765,N#CC(C#N)=Cc1cc(CN2CCN(c3ccc(Cl)cc3)CC2)c[nH]1
RAFIKI-3766,C=C1c2cccc(C(F)(F)F)c2OC(C(=O)OCC)C1CCCCCC
RAFIKI-3767,CC(c1ccc2c(c1)OCO2)N1CCN(c2ccc(CO)cn2)CC1
RAFIKI-3768,CC(C)(O)C1CC=C(COC(=O)c2ccccc2)CC1
RAFIKI-3769,COc1ccc(-c2cnc3snc(NC(=O)C(C)(C)C)c3c2)cc1OC
RAFIKI-3770,CNc1ncc(C(=O)N2CCOC(C(=O)NC3CCCC3)C2)cn1
RAFIKI-3771,NC(=O)c1c(-c2ccc(NCC3CCCCC3)cc2)[nH]c(C(=O)c2c(F)cccc2F)c1N
RAFIKI-3772,CC1CN(CCCNC(=O)c2ccncc2)CC(C)O1
RAFIKI-3773,O=C1NC(CCc2ccccc2)(C2CCNCC2)C(=O)N1Cc1cncs1
RAFIKI-3774,Cc1ccoc1C(=O)Nc1cccc(C#Cc2cncc(C(=O)N=S3(=O)CCN(C(=O)NCCC(=O)O)CC3)c2)c1
RAFIKI-3775,O=C(NCc1cccc([N+](=O)[O-])c1)C1Cc2ccccc2CN1C(=O)c1cc(Cl)c(O)cc1O
RAFIKI-3776,Nc1cc(OCCN2CCOCC2)cc(-c2cnc3[nH]cc(-c4ccncc4)c3c2)c1
RAFIKI-3777,C[N+](C)(C)CC#CC(O)(c1cccs1)C1CCCC1
RAFIKI-3778,COc1ccc2cc3[n+](cc2c1OCC(O)CN1CCCCC1)CCc1cc2c(cc1-3)OCO2
RAFIKI-3779,COCC1CCCN1C(=O)C(C)C1CCC2(C)CCC(NC(=O)c3cncnc3)C(C)C2C1O
RAFIKI-3780,Cc1ccc(S(=O)(=O)Nc2ccc(NC3CCN(C(=O)c4cccc(Cl)c4)CC3)cc2)cc1
RAFIKI-3781,Oc1nc(S)nc(O)c1C(c1ccccn1)c1c(O)nc(S)nc1O
RAFIKI-3782,NCCCCC(NC(=O)OCc1ccccc1)C(=O)c1noc(CN2CCN(C(=O)CCc3ccccc3)CC2)n1
RAFIKI-3783,CC(Cc1cccc(C(F)(F)F)c1)NCCc1c2ccccc2nc2ccccc12
RAFIKI-3784,CCn1nc(C)c(NS(=O)(=O)c2cn[nH]c2C(C)(C)C)c1C
RAFIKI-3785,Cc1ccc(C(C)N(C)C(=O)c2cccnc2O)s1
RAFIKI-3786,O=C(Nc1ccccc1)C1Cc2c(-c3ccccc3Oc3ccccc3)ccnc2O1
RAFIKI-3787,Cc1nn(C)c(Cl)c1CNc1nn(CC(F)(F)F)cc1Cl
RAFIKI-3788,O=C1Nc2c(Cl)ccc(O)c2C2(CCCCC2)N1
RAFIKI-3789,COC(=O)C1(Cc2ccc(O)cc2)C(C)C(=O)N1Cc1ccc(OC)cc1
RAFIKI-3790,COC(=O)C12CCC(C)C(C)(O)C1C1=CCC3C4(C)CC(OC(C)=O)C(=O)C(C)(C)C4CCC3(C)C1(C)CC2
RAFIKI-3791,COc1ccc2nc(C=Nc3cccnc3Nc3ccc(F)cc3)sc2c1
RAFIKI-3792,COc1cccc(C(=O)CN2CCCCC2C(=O)NC(C(=O)OC(C)(C)C)c2cccs2)c1
RAFIKI-3793,COc1cc(C(C)(C)C)ccc1CN=C(S)NCc1ccc(NS(C)(=O)=O)cc1
RAFIKI-3794,CCC(C)C(N)C(=O)NC1(C(=O)O)CCC2C(C(=O)O)C21
RAFIKI-3795,Nc1cccc2c1C(=O)N(C1CCCN(C(=O)C(F)(F)F)C1)C2=O
RAFIKI-3796,OC1CCCC1N1CCN(CCc2ccccc2Br)CC1
RAFIKI-3797,C=CCCCCCCCCC(=O)NC1CCC(=O)NC1=O
RAFIKI-3798,Oc1ccc(C2=COc3cc(O)ccc3C2)cc1
RAFIKI-3799,COc1cc2cc(NC(C)=O)c(=O)oc2cc1OCC(=O)Nc1ccc(F)cc1
RAFIKI-3800,O=C(c1nnc(-c2ccc(OC(F)F)cc2)o1)N1CCC(Oc2ccc(CN3CCCC3)cc2)CC1
RAFIKI-3801,Cn1c(C(F)(F)c2ccccn2)nc2sc(N3CCCC3C(=O)NCc3ccccc3)nc2c1=O
RAFIKI-3802,Cc1cc(N2CCOCC2)c2cccc(OCc3c(Cl)ccc(N(C)C(=O)CNC(=O)C=Cc4ccc(C(=O)N(C)C)cc4)c3Cl)c2n1
RAFIKI-3803,COc1cccc2c1C(=O)c1c(O)c3c(c(O)c1C2=O)CC(O)(C(C)=O)CC3OC1OC(C)C(NC(=O)C(F)(F)F)C1O
RAFIKI-3804,CCCCCCCN1C(=N)NCC1CCCCN1CC(C(C)CC)NC1=N
RAFIKI-3805,O=C(CCNS(=O)(=O)c1ccc(Br)cc1)NC1CCCCC1
RAFIKI-3806,Cc1cccc(C=C2SC(NN=C3CC4CCC3(C)C4(C)C)=NC2=O)c1
RAFIKI-3807,O=C(CC1CCC2(CC1)CCN(Cc1ccncc1)CC2)N1CCCC1
RAFIKI-3808,COc1cc(O)c(C(CC(=O)N2CCCC(C)C2)c2cc(OC)c(OC)c(OC)c2)c(OC)c1
RAFIKI-3809,FC(F)(F)c1ccc(N2CCN(CCCCc3cccs3)CC2)cc1
RAFIKI-3810,CCN(CCN)c1ccc(Nc2cc(NC3CC3)n3ncc(C#N)c3n2)cc1-n1cnnc1
RAFIKI-3811,C=C1CCC2C(C)(C(=O)NC3CC3)CCCC2(C)C1CCc1ccoc1
RAFIKI-3812,COc1cnccc1-c1cc(=O)n(C)c(N2CCOC(c3ccc(F)cc3)C2)n1
RAFIKI-3813,Clc1cccc2onc(N3CCNCC3)c12
RAFIKI-3814,CCCCCC(O)CCOC1OC(CO)C(C)C(O)C1OC1OCC(C)(CO)C1O
RAFIKI-3815,CNC(=O)c1cccc(Cc2n[nH]c(=O)c3c2CCCC3)n1
RAFIKI-3816,O=[N+]([O-])c1ccc(C=Cc2cc(O)c(O)c(O)c2)cc1
RAFIKI-3817,c1coc(CNCC2OCCc3ccccc32)c1
RAFIKI-3818,CN1C(=O)C(NC(=O)c2n[nH]c(Cc3ccccc3)n2)COc2ccc(C#CC(O)C(F)(F)F)nc21
RAFIKI-3819,CN(C)S(=O)(=O)CC(=O)NC1(c2cccc(Cl)c2)CCCC1
RAFIKI-3820,N#CCC1(N2CCC(NC3CC3c3ccccc3)CC2)CN(CCO)C1
RAFIKI-3821,Cc1nn(-c2ccccc2)c(Cl)c1C(=O)Nc1ccc(N2CCOCC2)cc1
RAFIKI-3822,O=C1CSC(Nc2ccc(F)cc2)=N1
RAFIKI-3823,COC(=O)c1cc(-n2cc(-c3cc(OC)cc(OC)c3)nn2)ccc1O
RAFIKI-3824,CCCCCC(=O)OCC[N+](C)(C)C
RAFIKI-3825,Cc1cccc(N2CCN(C(=O)CCNS(=O)(=O)c3ccc4c(c3)CCC(=O)N4)CC2)c1C
RAFIKI-3826,COc1ccc(CNc2ccc3c(C)nn(C)c3c2)cc1O
RAFIKI-3827,O=C1CN(C(=O)c2ccc3c(n2)CCCC3)CN1CC1CC1
RAFIKI-3828,CCOC(=O)C1=C(N)N(Nc2ccc(Br)cc2)C2=C(C(=O)CC(C)(C)C2)C1c1cc2ccccc2nc1Cl
RAFIKI-3829,O=C(NC1CC2CCC(C1)N2S(=O)(=O)NC1CCNCC1)c1cc(C2CC2)on1
RAFIKI-3830,O=C1CCC(=O)N1CCCCN1CCN(c2cccc(Cl)c2)CC1
RAFIKI-3831,O=C(NCc1cccs1)c1nn(-c2ccccc2)c2ccccc2c1=O
RAFIKI-3832,Cc1ccc(C)c(Cn2cnc3c(nnn3-c3ccc(F)cc3)c2=O)c1
RAFIKI-3833,CCCCc1ccc(S(=O)(=O)N2CCCC(c3ccc(C(C)C)cc3)=N2)cc1
RAFIKI-3834,CC(C)Cc1nc2ccccc2n1Cc1cc(=O)[nH]c2c(F)c(F)ccc12
RAFIKI-3835,CN(C)c1cnc2ccc(-c3n[nH]c4nc(N5C6CCC5C(F)C(N)C6)c(CO)nc34)c(Cl)c2n1
RAFIKI-3836,O=C(CC1CCOCC1)NCc1ccc(F)cc1
RAFIKI-3837,COC(=O)n1c(=S)oc2cc(Cl)ccc21
RAFIKI-3838,CC(C)OC(=O)C(C)NP(=O)(OCC1OC(n2ccc(N)nc2=O)C(F)(F)C1O)Oc1ccccc1
RAFIKI-3839,N=C(N)Nc1cccc(N2C(=O)N(Cc3ccccc3)N=C(C3CCCCC3)c3ccccc32)c1
RAFIKI-3840,CN(CC1OCCc2ccccc21)C(=O)CCc1ncccn1
RAFIKI-3841,CCn1c(CNc2ccc(C(=N)N)cc2F)nc2cc(C(=O)N(CCC(=O)O)c3ccc(OC)cc3)ccc21
RAFIKI-3842,COc1ccccc1C1=C(c2cn(CCCNC(=O)OC(C)(C)C)c3ncccc23)C(=O)NC1=O
RAFIKI-3843,CCCN(CCC)c1nc(-c2ccc(OCC)cc2)c(-c2cc(OC)c(OC)c(OC)c2)s1
RAFIKI-3844,COc1ccc(C(=O)NC(CC(C)C)C(=O)NC(CC(=O)NC(CC(C)C)C(=O)C2(C)CO2)c2ccccc2)cc1
RAFIKI-3845,O=NN(CC[S+]([O-])CCCl)C(=O)NC1CCCCC1
RAFIKI-3846,OC(CN1CCC2(CCc3ccccc32)CC1)c1cccc(Br)c1
RAFIKI-3847,Cc1ccc(NC(=O)N2CCC(CC(F)(F)F)C2)cc1-c1cc(NC(C)CO)nc(-c2cn[nH]c2)c1
RAFIKI-3848,CC(=CC(=O)c1ccccc1)Nc1ccc2c(c1)OCO2
RAFIKI-3849,Clc1ccc(-n2nccc2-c2cc(Cl)sc2Cl)cc1
RAFIKI-3850,NS(=O)(=O)c1ccc(Nc2nc3nc(=O)[nH]c(-c4ccc(Cl)cc4)c3s2)cc1
RAFIKI-3851,CN(C)Cc1cncc(-c2ccc(=O)n(Cc3cccc(C(=O)Nc4nc5ccccc5[nH]4)c3)n2)c1
RAFIKI-3852,Cc1nnnn1CC(O)COCc1ccco1
RAFIKI-3853,CC1(C)CC(=O)c2cc(NC(=O)c3ccc(F)cc3)c(=O)oc2C1
RAFIKI-3854,Fc1ccc2c(c1)CCC2Nc1ncc(-c2nnc(C(F)F)o2)cn1
RAFIKI-3855,COc1ccc(Nc2ncc(-c3cnn(C)c3)c(NC3CCCCC3)n2)cc1Cl
RAFIKI-3856,CCN(CC)c1cc(C)nc(Nc2ccc(NS(=O)(=O)c3ccc(C)cc3C)cc2)n1
RAFIKI-3857,OC1CCCNC1CCCn1cnc2c(-c3cccc(F)c3)cccc21
RAFIKI-3858,O=C(Nc1ccc(Cl)c(Cl)c1)NS(=O)(=O)C1CCCCC1=O
RAFIKI-3859,CCCOC(=O)C1C2C=CC3(CN(c4ccc(Cl)c(F)c4)C(=O)C13)O2
RAFIKI-3860,NCc1csc2cc(C(=O)Nc3ccc4c(c3)CNC4)ccc12
RAFIKI-3861,CCN1CC(Oc2cc(F)ccc2OCc2cccc(Cl)c2)C1
RAFIKI-3862,CCOC(=O)C1=CCCCC1S(=O)(=O)Nc1ccc(Cl)cc1Cl
RAFIKI-3863,Cc1ccc2[nH]ncc2c1-c1ccc2c(c1)CCN2C(=O)C1(F)CCN(C#N)C1
RAFIKI-3864,CC(C)CC1NC(=O)C(CC(C)C)NC(=O)C(CC(=O)N(C)C)NC(=O)C2CCCN2C(=O)C(CC(C)C)NC(=O)C(CC(C)C)NC1=O
RAFIKI-3865,CC(C)C(Cn1cncn1)NC(=O)c1ccccc1Br
RAFIKI-3866,COC1=Cc2c(ccc3ccc(=O)oc23)OC1(C)C
RAFIKI-3867,OCC1Cc2cc(Cl)cnc2C(c2cc(F)cc(Cl)c2)N1
RAFIKI-3868,N#CN1Cc2[nH]nc(-c3cccc(N4CCOC4=O)c3)c2C1
RAFIKI-3869,Cc1cccc(Cn2c(CN3CCC(C(=O)NCc4ccccc4Cl)CC3)cc3ccccc32)c1
RAFIKI-3870,NCC(O)c1cc(Cl)c2c(c1)OCCO2
RAFIKI-3871,Nc1ccc(Br)c2c1C(=O)c1ccccc1C2=O
RAFIKI-3872,COc1ccc(SCC2c3cccc(O)c3C(=O)C3=C(O)C4(O)C(O)=C(C(N)=O)C(=O)C(N(C)C)C4C(O)C32)cc1
RAFIKI-3873,CCc1c(O)cc(=O)n(-c2ccccc2)c1-c1ccccc1
RAFIKI-3874,CN(C)CCNC(=O)Nc1ccc(-c2ccc3ncn(-c4ccc(-c5ccco5)cc4)c3c2)cc1
RAFIKI-3875,O=[N+]([O-])c1ccc(-c2noc(-c3ccccc3)c2C2=NCCN2)cc1
RAFIKI-3876,CC(=O)OCC1OC(S(=O)(=O)CC(=O)NCc2ccccc2)C(OC(C)=O)C(OC(C)=O)C1OC(C)=O
RAFIKI-3877,CCCC(=O)OCSc1ccccc1C(=O)OCC(N)=O
RAFIKI-3878,O=C1NC(C2CCCC2)Nc2ccccc21
RAFIKI-3879,CCN(CC)CCNc1nc(Nc2ccccc2)c2cnn(-c3ccccc3)c2n1
RAFIKI-3880,CC1(C)C(=O)NC(=S)NC1=Cc1ccccc1
RAFIKI-3881,CNC(=O)c1ccc(C=CC(=O)NCC(=O)N(C)c2ccc(Cl)c(COc3cccc4c(N5CCCCC5)cc(C)nc34)c2Cl)cc1
RAFIKI-3882,Clc1cc(Cl)cc(N2CCN(c3noc(-c4n[nH]cc4Cl)n3)CC2)c1
RAFIKI-3883,CC(=O)N1CN2CN(C(C)=O)CC(C(=O)c3ccc(Br)cc3)(C2)C1
RAFIKI-3884,CCOC(=O)Cc1cc(O)cc(O)c1C(C)=O
RAFIKI-3885,CC(=O)C1CCC2C1C(C(C)C)CCC2(C)O
RAFIKI-3886,O=C(O)c1cc(F)c(-c2ccccc2)cc1NS(=O)(=O)c1cc(Cl)cc(Cl)c1
RAFIKI-3887,Cc1ncc(C(CNC(=O)C2CCc3ncsc32)N2CCOCC2)cn1
RAFIKI-3888,Clc1ccc(Oc2ccc(N3CCNCC3)cc2)cc1
RAFIKI-3889,CCN(CC)c1ccc(C=C2CCc3cnn(-c4nc(-c5ccccc5)cs4)c32)cc1
RAFIKI-3890,COc1ccc(C2c3[nH]c4ccc(Cl)cc4c3CCN2C)cc1
RAFIKI-3891,O=c1[nH]c(=O)n(Cc2cccc3cnccc23)nc1O
RAFIKI-3892,Cc1ccc(O)c(C(=O)NCC(C)c2ccccc2)c1
RAFIKI-3893,CC(C)CN(c1cc2ccccc2s1)S(=O)(=O)c1ccc2c(c1)C(O)CC(C1CCOCC1)O2
RAFIKI-3894,O=c1[nH]ncc(N2Cc3cc(OCCN4CCOCC4)cnc3C2)c1C(F)(F)F
RAFIKI-3895,CC(C)(CO)Nc1nccc(CCc2c[nH]c3ccccc23)n1
RAFIKI-3896,Cc1[nH]c2ccc(OC(F)(F)F)cc2c1CCNCc1cccc([N+](=O)[O-])c1
RAFIKI-3897,C=C(C)CC1C2c3c(Br)cccc3C(CC2(C)C)N1Cc1ccc2c(c1)OCO2
RAFIKI-3898,O=C(Nc1ccc(Cl)cc1)c1ccc(-c2ccc(C(=O)Nc3ccc(Cl)cc3)o2)cc1
RAFIKI-3899,Oc1cc(O)cc(-c2c(O)cc(O)cc2O)c1
RAFIKI-3900,CCc1sc(C(=O)NNC(=O)CN2CCN(c3ccc([N+](=O)[O-])cc3)CC2)cc1C
RAFIKI-3901,COc1cc(Nc2cc(-n3ccc4c3CC(C)(C)CC4=O)ccc2C(N)=O)cc(OC)c1OC
RAFIKI-3902,COc1cc(C(=O)Nc2ncc(C)s2)nc(-c2ccccn2)c1
RAFIKI-3903,C[S+]([O-])C=Cn1cnc(-c2cccc(Cl)c2)n1
RAFIKI-3904,Cc1cc(C)c(S(=O)(=O)N(CC(=O)O)c2ccc(OC(C(=O)O)c3ccc(C(C)(C)C)cc3)c3ccccc23)c(C)c1
RAFIKI-3905,COC(=O)c1ccc(CN(C)CCN2CCCC2=O)o1
RAFIKI-3906,CN(C)C1C(O)=C(C(N)=O)C(=O)C2(O)C(O)=C3C(=O)c4c(O)cccc4CC3CC12
RAFIKI-3907,CCC1C(=O)N2C=CSC2=[N+](Cc2cccc(Cl)c2)C1=O
RAFIKI-3908,Cc1ccc2[nH]c(=O)c3c(c2c1)Nc1c(cccc1C(F)(F)F)S3
RAFIKI-3909,CC(=O)N1CCC2(CCCN(C(c3ccccc3)c3ccccc3)C2)CC1
RAFIKI-3910,CCCn1nc(Cc2ccc(OC)c(OC)c2)nc1-c1cccc(=O)[nH]1
RAFIKI-3911,COC(=O)C1c2cc3c(c(O)c2CCC1(C)O)C(=O)c1c(O)cc2c(c1C3=O)OC1OC2(C)C(O)C(N(C)C)C1O
RAFIKI-3912,CC1=C(CCCOC(=O)N2CCCCC2)C2=C(C)C3(CC3)C(C)(O)C(=O)C2=C1
RAFIKI-3913,CC1CN(C(C)CO)C(=O)c2cccc(NC(=O)Nc3ccccc3)c2OC1CN(C)C(=O)Nc1ccc2c(c1)OCO2
RAFIKI-3914,CCc1ccc(-n2nc(C)c3c(C)cc(=O)n(CC(=O)Nc4ccc(C)c(F)c4)c32)cc1
RAFIKI-3915,CN(C)CCNc1ccc(NCCCCNC(=O)OCc2ccccc2)c2c1C(=O)c1ccccc1C2=O
RAFIKI-3916,CCOC(=O)C1=C(N)Oc2ccc(-c3ccccc3)cc2C1C(=O)N1CCCCC1
RAFIKI-3917,Cc1ccc(N2C(=O)c3ccc(C(=O)N4CCN(Cc5ccccc5)CC4)cc3C2=O)cc1
RAFIKI-3918,CC(C)(C)C(=O)OCC1C=C(c2ccc(Cl)c(Cl)c2)C(=O)OC1
RAFIKI-3919,OCCN1CCOC2(CCCN(c3cccc(F)c3)C2)C1
RAFIKI-3920,CN(C)CC1(c2ccc3ccccc3c2)CCC(O)(CF)CC1
RAFIKI-3921,O=C(NN1C(=O)C2C3C=CC(C4CC34)C2C1=O)c1cc(Br)cc(Br)c1O
RAFIKI-3922,Cc1cc(C(C)(C)C)cc(C)c1N1C(=O)C=CC1=O
RAFIKI-3923,CN(C)CCC#Cc1cncc(C2NC(=O)OC2c2cccc(F)c2)c1
RAFIKI-3924,O=C(N1CCN(Cc2nc3cc(Cl)ccc3n3cccc23)CC1)n1nnc2ccccc21
RAFIKI-3925,CN(C)c1cccc(C(=O)N2CC(N(C)C)CC2CO)c1
RAFIKI-3926,CN(C)CC1CN(c2c(F)cc3c(=O)c(C(=O)O)cn(C4CC4)c3c2Cl)CCO1
RAFIKI-3927,CC(C)c1noc(CCC(=O)NCc2cccnc2)n1
RAFIKI-3928,COc1ccc(S(=O)(=O)NCCNc2nccc(-n3ccc4cccnc43)n2)cc1
RAFIKI-3929,CC(c1c(F)ccc2ccccc12)C(NS(=O)(=O)c1ccc(Br)cc1C(N)=O)c1n[nH]c(=O)o1
RAFIKI-3930,Cc1ccc2cccc(OCc3c(Cl)ccc(N(C)C(=O)CNC(=O)NCCCC(=O)O)c3C#N)c2n1
RAFIKI-3931,COc1ccc(C(c2ccc(OC)cc2)C(Cl)(Cl)Cl)cc1
RAFIKI-3932,COC(=O)C1(Cc2ccc(OS(=O)(=O)O)c(CC=C(C)C)c2)OC(=O)C(O)=C1c1ccc(O)cc1
RAFIKI-3933,Cc1ccc(C2(O)CCN(C(=O)Cn3cc(C)c(=O)[nH]c3=O)CC2)nc1
RAFIKI-3934,O=C(Nc1ccccc1)Nc1sc2c(c1C(=O)O)CCCCCC2
RAFIKI-3935,COc1cccnc1C(CNC(=O)c1c(C)c(-c2ccccc2)nc2ccc(Br)cc12)CC(=O)O
RAFIKI-3936,CC(C)n1c(=O)nc(Nc2ccc(Oc3ccccc3)cc2)n(Cc2ccc(F)cc2)c1=O
RAFIKI-3937,Cc1onc(-c2ccccc2Cl)c1C(=O)OCC(=O)c1ccccc1
RAFIKI-3938,Cc1c(NC(=O)c2sc(=S)n(-c3ccc(Cl)cc3)c2N)c(=O)n(-c2ccccc2)n1C
RAFIKI-3939,CC1OC(c2c(NC(=O)c3csc(-c4c(F)cccc4F)n3)cnn2C)CC(N)C1(C)O
RAFIKI-3940,CCOC(CCn1c(SCC(=O)NC2CCCC2)nc2ccccc2c1=O)OCC
RAFIKI-3941,COC1OC(CO)C(O)C(Nc2cccc(Cl)c2)C1O
RAFIKI-3942,O=C(Cc1c[nH]c2ccccc12)NC1CCCN2C(=O)N(Cc3ccccc3)C(=O)CC12
RAFIKI-3943,CCNC(C)C1CCN(c2c(F)cc3c(=O)c(C(=O)O)cn(C4CC4)c3c2OC)C1
RAFIKI-3944,O=[N+]([O-])c1ccc2c(c1)CC(NCC1CCN(CCNS(=O)(=O)c3cccc4ccccc34)CC1)CCC2
RAFIKI-3945,CCCC(C(=O)O)n1ccc(NC(=O)c2cncc3sccc23)n1
RAFIKI-3946,CC(=O)N1CCc2c(nc(N(C)C)nc2N(C)CCO)C1
RAFIKI-3947,CC(C)(C)OC(=O)N1CCC(CCc2nnc(C(=O)c3nc4ccc(-c5ccc(F)cc5)cc4s3)o2)CC1
RAFIKI-3948,CC(C)N(C)C(=O)N1Cc2ccccc2CC1C
RAFIKI-3949,CC1OC(=O)C2CC3CCCCC3C(CCCN3CCSCC3)C12
RAFIKI-3950,O=C(Cn1ccc2cccnc21)N1CCN(c2cccc3c2CN(C(=O)OCc2ccccc2)CC3)CC1
RAFIKI-3951,CCC(C)C(NC(=O)OC(C)(C)C)C(=O)NC1COC2CC(n3cc(F)c(=O)[nH]c3=O)OC12
RAFIKI-3952,CC(C)C1CN(CCC(=O)NC2CC2)CC1Nc1ccc(C#N)cn1
RAFIKI-3953,CCc1nc2cc(C(=O)NCC3CCN(CCO)CC3)cc(NC(=O)c3ccccc3OC)c2n1C
RAFIKI-3954,CC1CN(C=O)CC(C)N1CCN1C(C)CN(C=O)CC1C
RAFIKI-3955,Cc1ccc2cc(CNc3ccccc3)c(=O)n(CC(=O)Nc3ccc(C(C)C)cc3)c2c1
RAFIKI-3956,CC(C)(CC(F)F)C(=O)N1CCCCO1
RAFIKI-3957,CNC(=O)c1ccc(-c2cnc3nnn(C(C)c4ccc5ncc(-c6ccc(F)cc6)cc5c4)c3n2)cc1F
RAFIKI-3958,CN(C)c1cccc(C=Cc2nc(N(C)C)c3cc(Cl)ccc3n2)n1
RAFIKI-3959,CCN(c1ccccc1)S(=O)(=O)c1ccc(OCC(F)(F)F)c(NC(=O)c2ccc(O)nc2)c1
RAFIKI-3960,COc1ccc(Oc2cc(NCCC(F)(F)F)c3ncc(-c4ccc(C(=O)NC5CC5)c(C)c4)n3n2)c(F)c1F
RAFIKI-3961,O=C(NCCCN1CCCCC1)c1cnn(-c2nc(-c3cccc(C(F)(F)F)c3)cs2)c1C(F)(F)F
RAFIKI-3962,O=C(Nc1ncnc2c1cnn2CCN1CCCCCC1)C1CCOCC1
RAFIKI-3963,Cc1cnccc1-c1cnc(N)c(-c2ccc(C(=O)NCc3cccc(S(C)(=O)=O)c3)cc2)n1
RAFIKI-3964,Cc1c(Cl)c(C(=O)NCC(c2cccnc2)C(C)C)nn1C
RAFIKI-3965,COc1ccc(CCNC(=O)CCNS(=O)(=O)c2cccc3nonc23)cc1OC
RAFIKI-3966,c1ccc(Nc2ncnc3ccc(-c4cncs4)cc23)nc1
RAFIKI-3967,COc1ccc(C(C(=O)NC2CCCCC2)N2C(=O)C(I)=C(c3ccccc3)C23C=CC(=O)C=C3)cc1C
RAFIKI-3968,Nc1nccnc1C(=O)OCC(=O)NNC(=O)c1ccccc1
RAFIKI-3969,CCCCCS(=O)(=O)Cc1cc(=O)c(O)co1
RAFIKI-3970,CC(C)N(Cc1cnc[nH]1)c1ccc(F)c(Cl)c1
RAFIKI-3971,COC(C(=O)Nc1nnc(NC2CCN(c3cccnn3)C2)s1)c1ccccc1C1COC1
RAFIKI-3972,CCCOc1ccc(-c2cc(O)c3ccc(OC)cc3n2)cc1
RAFIKI-3973,CC1(C)CN(S(=O)(=O)c2cccnc2)c2c(Br)cccc21
RAFIKI-3974,Nc1nc2c3ccccc3nc(-c3ccccc3)n2n1
RAFIKI-3975,CN(C(=O)c1ccccc1Cl)C1CCCC1Nc1nc2ccc(F)cc2s1
RAFIKI-3976,O=C(NC1CCCCCC1)C(=S)N1CCOCC1
RAFIKI-3977,CCOc1ccccc1-c1nc(CNCCc2cccc(OC)c2)co1
RAFIKI-3978,CC(C)c1nccc(C(=O)N2CC(N)C(C3CC3)C2)n1
RAFIKI-3979,CC(=O)NCCCNc1nc(-c2cccc(-c3cnn(C)c3)c2)ncc1-c1cnn(C)c1
RAFIKI-3980,COc1cc2nc(C)nc(NC(C)c3cccc(C(F)(F)F)c3)c2cc1-c1ccc(C(=O)N(C)C)cn1
RAFIKI-3981,CC(=O)OCC1=COC(OC(=O)C=C(C)C)C2C1=CC(OC(=O)CC(C)C)C21CO1
RAFIKI-3982,CCc1cc(N2CC3NC(=O)CN(C)Cc4ccc(OC)c(c4)Oc4cccc(c4)COC3C2)nc(N(C)C)n1
RAFIKI-3983,CCCCC1=C(C(=O)N2CCOCC2)C2(OCCO2)C1=O
RAFIKI-3984,CCOC(=O)c1c(C)nc2c3c(C)nn(-c4ccccc4)c3ncn2c1=N
RAFIKI-3985,COc1cc2c(cc1OC)C1(CCCC1)C(=O)OC2
RAFIKI-3986,COc1ccccc1CNC(=O)C(NC(=O)C1CCCCC1)C(C)C
RAFIKI-3987,O=C(c1cccnc1)n1[nH]c(COc2cc(Cl)cc(Cl)c2)cc1=O
RAFIKI-3988,CC1CN=C(Nc2ncc(Cl)cc2Cl)N1
RAFIKI-3989,CN(C(=O)N1CCN(Cc2ccc(Br)c(Br)c2)CC1)c1ccccc1
RAFIKI-3990,CCCCCCCC(=O)NN=Cc1ccc(Sc2nccn2C)c([N+](=O)[O-])c1
RAFIKI-3991,Cc1ccc(S(=O)(=O)C(=Cc2cc(C)ccc2C)C(=O)c2ccc(Cl)cc2)cc1
RAFIKI-3992,COc1c(C)nn(-c2cc(Nc3c(C)c(-c4ccc(F)cn4)nn3C)ncn2)c1C
RAFIKI-3993,CCCC(=S)NCCCCC(NC(=O)OCc1ccccc1)C(=O)NC(Cc1c[nH]c2ccccc12)C(=O)NC(C)C
RAFIKI-3994,ClC1=C(Cl)C(Cl)=C(Cl)C1=NNC1CCCCC1
RAFIKI-3995,COCCNC=C1C(=O)N(C)c2ccc(C3CC3)cc2N(c2ccccc2)C1=O
RAFIKI-3996,Cc1cc(C)nc(OC(C(=O)O)C2(c3ccccc3)NCC(=O)N(Cc3cc(F)ccc3F)c3ccccc32)n1
RAFIKI-3997,CN(C)CC1CC1c1cccc2ccccc12
RAFIKI-3998,C=CCNC(=O)COC1=CC(=O)SC1(C)CCCCCCCC
RAFIKI-3999,COc1c(Br)cc(C=C2SC(=S)N(c3cccc(C(F)(F)F)c3)C2=O)c(O)c1Br
RAFIKI-4000,N#Cc1ccc(-c2cc(-c3ccccc3F)n(-c3ccc4c(c3)OCO4)n2)cc1
RAFIKI-4001,CCOC(=O)c1noc2ncnc(NCCc3ccccc3)c12
RAFIKI-4002,Cc1nc2cnc(C3(F)CCN(C)CC3)c(C#N)c2c(=O)n1CCOc1ccc(Cl)cc1-c1ccnc2c(C(=O)O)csc12
RAFIKI-4003,COc1ccc2c(C=Cc3cc(OC)c(OC)c(OC)c3)cc(=O)oc2c1
RAFIKI-4004,CC12CCC3C(CC(=O)C4(O)CC(O)CCC34C)C1CC(=O)OC2
RAFIKI-4005,COc1cc(-c2nc(CO)cs2)c(O)c2ccccc12
RAFIKI-4006,CCC(C)C(N)C(=O)N1CC(F)(F)CC1C#N
RAFIKI-4007,COC(=O)C(NC(=O)OC1C(=O)c2ccc(OC)cc2OC1c1ccc2c(c1)OCO2)C(C)C
RAFIKI-4008,COc1ccc2c(c1)c1c(n2C(=O)c2ccc(Cl)cc2)CC(C)(C)CC1=O
RAFIKI-4009,COc1c(C)cc(CN2CCN(c3ncccc3NC(C)C)CC2)cc1C
RAFIKI-4010,N#Cc1cnc(Nc2cc(NC3CC3)n3ncc(C=C4NC(=O)NC4=O)c3n2)c(Cl)c1
RAFIKI-4011,CC(=O)C1CCC2C3C(C)CC4=CC(=O)CCC4(C)C3CCC12C
RAFIKI-4012,CC(=O)c1cn(CC(=O)N2CC(F)CC2C(=O)NCc2cccc(Cl)c2F)c2cc(C#Cc3c[nH]c(=O)nc3N)ccc12
RAFIKI-4013,C=CCN(C)N=Nc1ccc(C(N)=O)cc1
RAFIKI-4014,Cc1c(N2CCNCC2)c(N)cc2c(=O)c(C(=O)O)cn(C3CC3)c12
RAFIKI-4015,CS(=O)(=O)N1CCC(C(O)c2cncnc2Sc2ccc(F)cc2)CC1
RAFIKI-4016,CC(=Cc1ccc(Oc2ccccc2)cc1)C(=O)O
RAFIKI-4017,Clc1ccc(Sc2ccc(C3CCC4CCCCN43)cc2)cc1
RAFIKI-4018,O=C(CN1CCN(c2cc3c(cc2F)c(=O)c(C(=O)O)cn3C2CC2)CC1)c1ccccc1Cl
RAFIKI-4019,C[N+]1(CCCC(O)(c2ccccc2)c2ccccc2)CCCCC1
RAFIKI-4020,CCCNCCCCNCCCNCc1c2ccccc2cc2ccccc12
RAFIKI-4021,O=C1OC(CO)(COC(=O)C(c2ccccc2)c2ccccc2)CC1=Cc1ccc(F)c(Br)c1
RAFIKI-4022,Cc1cc(NC(C)CO)nc(-c2ccc(Br)cc2)n1
RAFIKI-4023,COc1ccc(C(CSc2nc3[nH]c(=O)n(C)c(=O)c3[nH]2)=NO)cc1
RAFIKI-4024,COCCN1C(=O)c2oc3ccc(C)cc3c(=O)c2C1c1ccc(C(=O)OC)cc1
RAFIKI-4025,COc1cc(C)sc1C(=O)N1CCC(Nc2cccnc2)CC1
RAFIKI-4026,Cc1nn(C)c(Cl)c1S(=O)(=O)Nc1cccnc1N1CCOCC1
RAFIKI-4027,CC(C)c1ccc(COC(=O)c2cc(NCc3cc(O)ccc3O)ccc2O)cc1
RAFIKI-4028,Cc1cnc(N2CCn3nc(CNc4cnccn4)cc3C2)nc1N(C)C
RAFIKI-4029,Cc1ccc(CNc2nc(C)nc(C(F)F)n2)cc1
RAFIKI-4030,COC(=O)c1c(C(F)(F)F)nc2c(c1-c1ccc(S(=O)(=O)c3ccccc3)cc1)C(=O)CC(C)(C)C2
RAFIKI-4031,Cn1cc(NC(=O)c2cn(Cc3cccc(F)c3)c(=O)c3ccccc23)cn1
RAFIKI-4032,COc1c(C)cc(C(O)c2nc(-c3ccc(C(F)(F)F)cc3)c[nH]2)cc1C
RAFIKI-4033,CN(C)CCN(C)CC1CN(C(=O)c2ccc(F)c(Cl)c2)CC1CO
RAFIKI-4034,CC(C)(C)N1C=C(C(Nc2cc(Cl)c3ncc(C#N)c(Nc4ccc(F)c(Cl)c4)c3c2)c2cocn2)NN1
RAFIKI-4035,O=Cc1cccc(C=NNC(=O)c2ccncc2)c1
RAFIKI-4036,COC1CN(c2ncc(C)cc2-c2ncco2)CCC1NC1CCCCC1
RAFIKI-4037,CCCCCCCC1Cc2cc(O)c(C(=O)O)c3c2C(O1)C1C(OC)C=C(COC(C)=O)C2CC(C)(C)C2(O)C(O)CC1(C)O3
RAFIKI-4038,O=C1c2ccc(-c3nc4ccccc4o3)cc2C(=O)N1Cc1cccnc1
RAFIKI-4039,CC(C)CC(N)C(=O)NC(COc1cc(C(F)(F)F)cc(C(F)(F)F)c1)c1ccccc1
RAFIKI-4040,NC(=O)c1cn(CC(=O)N2CC(F)C(N)C2C(=O)NCc2cccc(Cl)c2F)c2ccccc12
RAFIKI-4041,CN1CCc2cc(Cl)c(O)cc2C(C2C=CCCC2)C1
RAFIKI-4042,Cc1ccc(Oc2nc3ccccc3n3c(C)nnc23)c(C)c1
RAFIKI-4043,COCc1noc(CCNC(=O)C(O)c2ccccc2Cl)n1
RAFIKI-4044,CC1(C)C2CCC1(C)C(O)C2NC(=O)C(O)c1ccccc1
RAFIKI-4045,CC1c2ccc(NC(=O)C(Cc3ccccc3)N(C)C)c(O)c2C(=O)C2=C(O)C3(O)C(O)=C(C(N)=O)C(=O)C(N(C)C)C3C(O)C21
RAFIKI-4046,CC(=O)c1ccc2c(c1)N(Cc1ccc3ccccc3c1)C(=O)C(C)S2
RAFIKI-4047,N#Cc1cccc(C(=O)c2ccc3c(-c4ccc(OCC(=O)O)cc4)nocc2-3)c1
RAFIKI-4048,CCC1CCc2nc3sc(C(=O)Nc4cccc(C)c4)c(N)c3cc2C1
RAFIKI-4049,Cc1cc(Cl)cc2c1N(C(=O)c1cccc3nccn13)CCC2
RAFIKI-4050,CN(CC1CCOC1)C(=O)C1CCCCC1
RAFIKI-4051,Cc1ccc(CNCC2CCC(c3nnn4cnc5[nH]ccc5c34)CC2)o1
RAFIKI-4052,Cc1ccc(NC(=O)CC2NCCNC2=O)cc1
RAFIKI-4053,CCCc1cc(C(=O)N2CCCC(C(=O)c3cc(C)c(OC)c(C)c3)C2)n(C)n1
RAFIKI-4054,CC1CC(C)CN(C(=O)C2CC(=O)N(c3ccc(F)cc3)C2)C1
RAFIKI-4055,COc1ccc(-n2ncc3c2CC(C)(C)CC3NC(=O)c2oc(C)cc2C)cc1
RAFIKI-4056,Cc1cn(C2CCCN(S(=O)(=O)c3cccc(Oc4ccccc4)c3)C2)c(=O)[nH]c1=O
RAFIKI-4057,CCCCOC(=O)NS(=O)(=O)c1sc(CC(C)C)cc1-c1ccc(Cn2cnc3ccccc32)cc1
RAFIKI-4058,CC(C)n1nnnc1C1c2ccccc2C(=O)N1CCc1c[nH]c2ccccc12
RAFIKI-4059,CC(CCNc1nccs1)N1CCN(C)CC1
RAFIKI-4060,CCCCCCCCCC1OC(=O)C(C)=CC1C
RAFIKI-4061,CC(C)c1cc(C(C)C)n(CC(OC(=O)NC2CCCCC2)C(C)C)n1
RAFIKI-4062,CN(CC(=O)Nc1sccc1C#N)S(=O)(=O)c1ccc(F)cc1
RAFIKI-4063,CC(C)CC(C(=O)NO)C(=O)N(CCCN1CCN(CCCNc2ccnc3cc(Cl)ccc23)CC1)CC(C)C
RAFIKI-4064,CS(=O)(=O)c1ccc(-n2nc(C(F)(F)F)cc2OC2CCCC2)nc1
RAFIKI-4065,O=C1C2CC=CCC2C(=O)N1c1nc2ccccc2s1
RAFIKI-4066,Cc1c(Sc2cccc(C(=O)O)n2)c2ccc(Cl)c(F)c2n1CC(=O)N1CCC(O)(C(F)(F)F)C1
RAFIKI-4067,O=C(CC1CC1)N1CCC2(CCCN(CCOc3ccccc3)C2)C1
RAFIKI-4068,O=C(O)c1cn(C2CC2)c2cc(Cl)c(F)cc2c1=O
RAFIKI-4069,O=C(NCc1ccccc1)Nc1ccc(-n2ccc(-c3ccc(Cl)cc3Cl)n2)cc1
RAFIKI-4070,CC(C)CC1Nc2ncnc(N3CCN(c4ccccn4)CC3)c2N(Cc2ccc(Br)cc2)C1=O
RAFIKI-4071,Cc1ccc2c(c1)COc1c3ccc(C(=O)O)cc3nn1-2
RAFIKI-4072,COc1ccc2c(c1)C(=Cc1ccc3c(C=Cc4cccnc4)n[nH]c3c1)C(=O)N2
RAFIKI-4073,CC(Nc1nccc(N2C(=O)OCC2C(C)C)n1)c1ncc(Oc2ccc(F)c(Cl)c2)cn1
RAFIKI-4074,COC(=O)N1CC(NC(=O)C(OC2CCCC2)c2ccccc2)C1
RAFIKI-4075,COc1c(C(=O)N2CCN(C(C)(C)C)CC2)c(C)nn1C
RAFIKI-4076,CN1CCc2nc3ccccc3c(C(=O)OCC(=O)N(CCC#N)c3ccccc3)c2C1
RAFIKI-4077,COc1cccc(-c2cncc(C(=O)N3CC(=O)Nc4ccccc43)c2)c1
RAFIKI-4078,O=C(O)c1cn(C2CC2)c2cc(N3CCN(CCCNc4ccc([N+](=O)[O-])c(C(F)(F)F)c4)CC3)c(F)cc2c1=O
RAFIKI-4079,Cc1cc(C(=O)Nc2cc(NC(=O)c3cc(C(F)(F)F)n(-c4ccccc4)n3)ccc2C)no1
RAFIKI-4080,CC(C)CC1(C(=O)O)CC(C)(C(=O)O)N1
RAFIKI-4081,CCC[n+]1ccn(COCCS(C)(=O)=O)c1C=NO
RAFIKI-4082,CN(CC(=O)NCCc1ccc(S(N)(=O)=O)cc1)CC(=O)Nc1ccc(F)c(F)c1F
RAFIKI-4083,COc1cc2[nH]c3nc(-c4cnc(Cl)nc4)ccc3c2cn1
RAFIKI-4084,NC(=O)c1cccc2[nH]c(-c3ccc(-c4nnn[nH]4)cc3)nc12
RAFIKI-4085,CCc1c(C)sc2ncnc(-c3ccc(S(C)(=O)=O)cc3)c12
RAFIKI-4086,O=C(Cc1cc(Br)cc(Br)c1OC(=O)CCCN=C=S)Nc1ccccc1[N+](=O)[O-]
RAFIKI-4087,Cc1nc(NC(=O)N2CCN(C3CCCC3)C2=O)ccc1Oc1ccnc(-c2cnn(C)c2)c1
RAFIKI-4088,CCCCN(Cc1cc(Cl)c(O)c(OC)c1)c1ccc(C(O)(C(F)(F)F)C(F)(F)F)cc1
RAFIKI-4089,Cc1cccc(-c2ccc(OCCCOc3ccc4c(c3)CCC4CC(=O)O)cc2)n1
RAFIKI-4090,CC(C)CC(N)COc1ccccc1-c1ccccc1
RAFIKI-4091,Cc1ncc2c(c1CNC(=O)c1ccc3c(c1)OCO3)CCN(C(=O)c1noc3c1CCCC3)C2
RAFIKI-4092,O=C[n+]1cccn1-c1cc2c(cc1Cl)NC(C(=O)O)n1nc(C(=O)O)cc1-2
RAFIKI-4093,O=C(COCC(=O)N1CCCCC1)Nc1ccccc1
RAFIKI-4094,CCOC(=O)c1cc2c(=O)n3ccccc3nc2n(CC2CCCO2)c1=NC(=O)c1ccc(C(C)(C)C)cc1
RAFIKI-4095,COc1ccc2c(c1)CCCC21CC(=O)N(CCN(C)C)C1=O
RAFIKI-4096,Clc1ccccc1C#Cc1[nH]nc2ccnc(OC3CCOCC3)c12
RAFIKI-4097,O=C(NCCOCC(F)(F)F)N1CCCC2CCCC21
RAFIKI-4098,NC(CC(=O)N1CCN(C(=O)c2cccc(-c3ccccc3)c2)CC1)C(=O)N1Cc2ccccc2C1
RAFIKI-4099,O=C(c1ccco1)N1CCCc2cc(N(S(=O)(=O)c3ccc(Cl)cc3)S(=O)(=O)c3ccc(Cl)cc3)ccc21
RAFIKI-4100,N=C1C(=O)c2ccccc2-c2ccccc21
RAFIKI-4101,CC(N)CNc1cnc(C(N)=O)c(-c2cc3cc(-c4cnn(C)c4)ccc3[nH]2)n1
RAFIKI-4102,CCC(=O)OCCn1c(Br)nc2c1c(=O)[nH]c(=O)n2C
RAFIKI-4103,O=C(O)CC(NC(=O)Cc1ccccc1)C(=O)O
RAFIKI-4104,COc1ccc(CNC(=NO)c2ccc(Oc3cccc4c3CCCC4)nc2)cc1
RAFIKI-4105,O=C(NCc1ccc(F)cc1F)c1ccccc1Sc1ccc2c(C=Cc3ccccn3)n[nH]c2c1
RAFIKI-4106,N#Cc1ccc(C(=O)Nc2ccc3c(c2)-c2c(c(C(N)=O)nn2-c2ccc4c(c2)OCO4)CC3)cc1
RAFIKI-4107,O=C1OC(COc2ccsn2)CN1c1ccc(C2=CCOCC2)c(F)c1
RAFIKI-4108,O=C1CCC2(CCN1)CCN(CC=Cc1ccccc1)CC2
RAFIKI-4109,CCC1(C)CCCN(CC(C#N)CCC#N)CC1
RAFIKI-4110,CCOC(=O)N1CCC(=C2c3ccc(Cl)cc3CC(F)c3cccnc32)CC1
RAFIKI-4111,O=C(NCC1=CC2CCN1CC2)c1ccc(F)cc1
RAFIKI-4112,O=C(Nn1c(-c2cccc([N+](=O)[O-])c2)nc2c(CCc3ccccc3)n[nH]c2c1=O)c1ccccc1
RAFIKI-4113,COc1ccc(C2=C(c3cc(OC)c(OC)c(OC)c3)C(=O)CC2OC(C)=O)cc1NC=O
RAFIKI-4114,CCCc1ccccc1N1C(=O)c2ccc(O)cc2C1=O
RAFIKI-4115,CCCCCn1cc(COc2ccc(F)cc2C=O)nn1
RAFIKI-4116,O=C1c2ccccc2C(=O)N1CCCCOc1cc(C(F)(F)F)nc2ccccc12
RAFIKI-4117,COC(=O)C1=CN(Cc2ccc(OC)c(OC)c2)C=C(C(=O)OC)C1c1ccc(O)cc1
RAFIKI-4118,CC(C)CCCC(C)NC(=O)OCCCc1c[nH]cn1
RAFIKI-4119,COc1ccc(-c2cc(Cl)c3c(N)ncnn23)cc1N1CCN(S(C)(=O)=O)C(C)(C)C1=O
RAFIKI-4120,COc1c(Br)cc(F)cc1CCNCc1cccc2c1OCO2
RAFIKI-4121,CC(NC(=O)NCCc1cccs1)c1ccc(-n2ccnc2)cc1
RAFIKI-4122,Cc1cc(C=C2SC(=O)NC2=O)c(C)n1-c1ccc(Oc2ccccc2)cc1
RAFIKI-4123,CCCc1c(OCCCCOc2ccc(-c3nn[nH]n3)cc2)ccc2c1cc(C)n2CC(C)(C)C
RAFIKI-4124,Cc1cc(Nc2ccc(F)cc2)c2ccccc2n1
RAFIKI-4125,O=C(NCCC1CCCc2ccc(O)cc21)c1ccc(OC(F)(F)F)cc1
RAFIKI-4126,NC1CCC(Nc2nc(Nc3ccc(N4CCCC4)cc3)c3ncn(C4CCCC4)c3n2)CC1
RAFIKI-4127,CC1CNCCC1NC(=O)C(F)(F)Oc1ccc(Cl)cc1
RAFIKI-4128,CCOC(=O)CN=C(S)N(Cc1ccco1)Cc1ccccc1Cl
RAFIKI-4129,Cc1cccc(NC(=O)CN(C)Cc2cc(Cl)cc3c2OCOC3)c1C
RAFIKI-4130,CNc1ccccc1C(=O)OC1C(C)C2(O)C3C=C(C)C(=O)C3C(O)C(CO)=CC2C2C(C)(C)C12OC(C)=O
RAFIKI-4131,CCOc1cc2c(OCC3NC(=O)C4CC34)ccnc2cc1C(N)=O
RAFIKI-4132,Cc1cc(CN2CCC(C(=O)NC(C)(C)C)CC2)cc(NC(=O)c2ccc(F)cc2)c1
RAFIKI-4133,CN(CCC1COc2ccccc2O1)c1nc(-c2cccnc2)nc2ccccc12
RAFIKI-4134,CN(CCc1noc(C2CC2)n1)C(=O)c1nc2ccccc2[nH]c1=O
RAFIKI-4135,CC1CCCN(C(=O)NCC(F)F)C1
RAFIKI-4136,COc1ccc2cc(O)c(C(=O)NN=Cc3ccc(-c4cc(C(F)(F)F)nn4C)s3)cc2c1
RAFIKI-4137,Cc1ccnc(NC(=O)Cc2ccc([N+](=O)[O-])cc2)c1
RAFIKI-4138,CCN1C(=O)c2cccc3c(NN=C(C)Cn4c([N+](=O)[O-])cnc4C)ccc(c23)C1=O
RAFIKI-4139,CC(=O)NC(C)C(=O)Nc1cccc(COC2CCCC2NC(=O)c2cc(-c3cnn(C)c3)cnc2N)c1
RAFIKI-4140,O=C(CCc1cccc2c1OCO2)NCC12CC1COC21CCC1
RAFIKI-4141,O=C1CCSC(c2ccc(O)cc2)N1CCCNc1ccnc2cc(Cl)ccc12
RAFIKI-4142,CNC(=O)C1COCC2CN(C(=O)c3ccc(OC)cc3)CC21
RAFIKI-4143,COCCOCCn1c2ccccc2c2cc(C=Cc3cc[n+](C)cc3)ccc21
RAFIKI-4144,COc1cccc2c1C(=O)c1c(O)c3c(c(O)c1C2=O)C=C(C(=O)CO)CC3OC1CC(NC(=O)C(F)(F)F)CC(C)O1
RAFIKI-4145,COc1ccc(CCNC(=O)C(CC(C)C)N2Cc3ccccc3C2=O)c(OC)c1OC
RAFIKI-4146,Cc1noc(NS(=O)(=O)c2ccc(NC=CC(=O)c3ccc(F)cc3)cc2)c1C
RAFIKI-4147,CC(C)c1ccc(C2NC(C(=O)O)CS2)cc1
RAFIKI-4148,Oc1c(C=Nc2cccc3cccnc23)sc2ccccc12
RAFIKI-4149,COc1ccc(N(CC(=O)NCc2ccccc2)C(=O)CCC(=O)Nc2cc(C)ccn2)c(OC)c1
RAFIKI-4150,COc1ccc(Cn2cccn2)nc1-c1cccc(F)c1
RAFIKI-4151,Cc1cc(NC(=O)C2OCCOC2C)nn1C1CCCCC1
RAFIKI-4152,CCCCCCCCCc1ccccc1C(=O)NS(=O)(=O)c1cccc(Br)c1
RAFIKI-4153,CC(=O)Nc1ccc(Oc2ncccn2)c(Cl)c1
RAFIKI-4154,COc1ccc2[nH]c(CNC(C)c3cccc4ccccc34)cc2c1
RAFIKI-4155,COc1ccc(C2=NN(C3CCCCCC3)C(=O)C3CC=CCC23)cc1-c1ccc(C(=O)N2CCCC2C(N)=O)cc1
RAFIKI-4156,COc1ccc(CCN(C(=O)NCc2ccccc2)C(CCSC)C(=O)NC(CC(N)=O)C2OC3OC(C)(C)OC3C2OC)cc1
RAFIKI-4157,CCn1c(=O)c(C(=O)O)c(N)c2cc(NC(C)=O)cnc21
RAFIKI-4158,CC(C)CN1C(=O)C(=O)N(CC(=O)c2ccc[nH]2)C1=O
RAFIKI-4159,O=C(C=Cc1cc2ccccc2c2ccccc12)c1ccccc1O
RAFIKI-4160,CC(=O)OC12C=C(C)C(C(C)C1)C1C(=O)N(OCCCN3CCN(c4cccc(Cl)c4)CC3)C(=O)C12
RAFIKI-4161,O=C(CN1CC(c2ccccc2)CC1=O)NN=Cc1cc(Br)ccc1O
RAFIKI-4162,CCC1OCC(=O)C1NC(=O)C(CC1(C)CCCC1)NC(=O)c1ccc(NS(=O)(=O)c2nccn2C)cc1
RAFIKI-4163,NC(=O)C(COC(Cl)Cl)C(O)c1ccc([N+](=O)[O-])cc1
RAFIKI-4164,ON=C1c2ccccc2OC(c2ccc(Cl)cc2)C1n1ccnc1
RAFIKI-4165,COc1ccc(C2CC(c3cc(OC)c(OC)c(OC)c3)=NN2)cc1
RAFIKI-4166,COc1ccccc1OCCCn1c(C2CC(=O)N(c3ccc(F)cc3)C2)nc2ccccc21
RAFIKI-4167,O=C(NC1(c2cccc(Cl)c2)CCCC1)c1cn[nH]c1
RAFIKI-4168,CC(C)=CCOc1cc(Oc2ccc(S(=O)(=O)N3CC4CCC(C3)O4)cc2)cc(C(=O)Nc2ncc(F)s2)c1
RAFIKI-4169,O=C(O)c1cc(-c2c(F)cc(F)cc2Cl)cc(Br)c1O
RAFIKI-4170,Cc1cc(-c2ccc(C(C)C)c(S(=O)(=O)Nc3cc(C)on3)c2)on1
RAFIKI-4171,COc1ccc(-c2nnnn2-c2cc(OC)c(OC)c(OC)c2)cc1OC
RAFIKI-4172,O=C(CN1CCC(F)(F)CC1)Nc1cn2nc(-c3cccc(C(=O)NCc4cc(OC(F)(F)F)ccc4F)c3F)ccc2n1
RAFIKI-4173,Cc1cc(Cl)c(OCCOc2ccc(N3C(=O)CNCC3C(=O)N(Cc3ccccc3Cl)C3CC3)cc2)c(Cl)c1
RAFIKI-4174,COc1ccc(-c2nc(NS(=O)(=O)c3ccc(C(C)(C)C)cc3)c(Oc3ccccc3OC)c(OCC(O)CO)n2)cc1
RAFIKI-4175,Cc1cc(C)nc(N2CCN(c3nc(N)nc4c3CCNC4)CC2)n1
RAFIKI-4176,CCCN(CCCCCCN1C(=O)CC2(CCCC2)CC1=O)C1COc2cccc(OC)c2C1
RAFIKI-4177,Cc1c(-c2ccccc2)[nH]c2c([N+](=O)[O-])ccc(O)c12
RAFIKI-4178,O=C(O)c1cc2c(Nc3ccc([N+](=O)[O-])cc3)ccc([N+](=O)[O-])c2[nH]1
RAFIKI-4179,COC1CC(CNc2nc3cc(F)ccc3o2)N(c2cc(C)ncn2)C1
RAFIKI-4180,COC(=O)c1[nH]c(C)cc1NS(=O)(=O)c1ccc(C2CCCCC2)cc1
RAFIKI-4181,COc1cc(C(C)C)c(Oc2cnc(N)nc2N)cc1-c1ccc(Cl)c(Cl)c1
RAFIKI-4182,CC(C)n1cc(-c2cc(-c3cc4ccccc4s3)c3[nH]ncc3c2)c2nc(N)ncc21
RAFIKI-4183,Clc1ccc(-c2nnc(SCc3ccccn3)o2)cc1
RAFIKI-4184,COc1c(C=O)c(O)cc2c1COC(C)C2
RAFIKI-4185,COC(=O)N(CC(=O)O)Cc1cc(OCc2nc(-c3ccc(C(C)(C)C)cc3)oc2C)ccc1F
RAFIKI-4186,CCN(CC)CCCNC(=O)c1nccc2c3ccccc3n(CCCc3ccccc3)c12
RAFIKI-4187,Fc1ccccc1C1c2[nH]c3ccccc3c2CCN1Cc1ccoc1
RAFIKI-4188,Nc1nc2ccccc2n2c(=O)c(-c3ccc(F)cc3)nn12
RAFIKI-4189,Cc1[nH]nc(-c2ccc(S(=O)(=O)Nc3ccccc3)s2)c1C
RAFIKI-4190,CC(CN)NS(=O)(=O)c1ccc(-c2cccn3ccnc23)c(-c2nn[nH]n2)c1S(N)(=O)=O
RAFIKI-4191,CN1C(=O)CCCC12CCCN(C(=O)c1cc(F)cc(F)c1)C2
RAFIKI-4192,NC(CCSc1ccc(C(=O)O)cc1)C(=O)O
RAFIKI-4193,Cc1ccccc1OCC(=O)NCc1cc(-c2ccccn2)nn1C
RAFIKI-4194,Cc1ccccc1N1CCN(CCS(=O)(=O)c2ccc(Br)cc2)CC1
RAFIKI-4195,CCN1CCC(N2CCN(C)C3(CCC(=O)N(CCOC)CC3)C2)CC1
RAFIKI-4196,COc1cc(OCCN(C)CCCN2C(=O)CSC2c2cc(C(C)(C)C)c(O)c(C(C)(C)C)c2)cc(OC)c1OC
RAFIKI-4197,COc1ccc2c3c1OC1CCCC4C(C2)N(C)CCC314
RAFIKI-4198,O=C(CN1CCN(c2ccccc2Cl)CC1)Nc1ccccc1
RAFIKI-4199,COc1cccc2sc(NN=C3CCCc4cccnc43)nc12
RAFIKI-4200,Cc1cc(=O)n2nc(N3CCCC(C(=O)N4CCN(C)CC4)C3)sc2n1
RAFIKI-4201,COc1ccc(CN(C(=O)CSC(=S)N2CCN(C(=O)OC(C)(C)C)CC2)c2cc(OC)c(OC)c(OC)c2)cc1OC
RAFIKI-4202,CC1OCCC1Sc1ccc2c3c(cccc13)C1=NC(=O)C(C#N)=C12
RAFIKI-4203,N#Cc1ccc(-c2cc3c(o2)-c2nncn2-c2ccc(N4CCNCC4)cc2C3)cc1
RAFIKI-4204,O=C(C=CC=Cc1ccc2c(c1)OCO2)Nc1ccc(CO)cc1
RAFIKI-4205,Cc1nnc2sc(C(=O)NC3CN(N(C)c4ccc(C(F)(F)F)nc4)C3)c(N)c2c1C
RAFIKI-4206,COc1ccc(C(=O)NC2COc3ccccc3C2)cc1OCC(=O)O
RAFIKI-4207,CNc1nc(Nc2cnc(-n3cnc(C)c3)c(OC)c2)nc2c1C(C)(C)CN2c1ccc(F)cc1F
RAFIKI-4208,O=C(Nc1c(F)cc(F)cc1F)N(Cc1cccc(-c2cc[nH]n2)c1)C1CCCCCC1
RAFIKI-4209,CC(=O)OCC1CN(c2ccc(N3CCNCC3)c(F)c2)C(=O)O1
RAFIKI-4210,CN(C)CCn1cc(Cc2ccccn2)c2c(Br)cccc21
RAFIKI-4211,Cc1ccc(NC(=O)C2C(=O)N(c3ccc(C)c(C)c3)C(=O)C2N=N)cc1C
RAFIKI-4212,COc1cccc2c1C(=O)c1c(O)c3c(c(O)c1C2=O)CC(O)(C(C)=O)CC3OC1CC(N2CCC(OC)CC2)C(O)C(C)O1
RAFIKI-4213,COCCC1(C(N)=O)CCCN(C2CCN(C(=O)NCc3ccccc3)CC2)C1
RAFIKI-4214,COCCn1c(O)nc2cc(C(=O)Nc3nnc(C)s3)ccc21
RAFIKI-4215,CC(C(=O)NC1CCCCCC1)n1cc([N+](=O)[O-])cn1
RAFIKI-4216,O=C1CC(O)CC(C=Cc2c(Cl)cc(Cl)cc2-c2ccc(Cl)cc2)O1
RAFIKI-4217,CC(C(=O)c1c[nH]c2ccccc12)N1CCOCC1
RAFIKI-4218,CCOC(=O)N1CCN(S(=O)(=O)c2cc(-c3nn4c(C)nnc4c4ccccc34)ccc2C)CC1
RAFIKI-4219,Nc1ncnc2c1c(-c1ccc3nc(OC4CC4)ccc3c1)nn2CC1(CO)COC1
RAFIKI-4220,CC(=O)OCCOCn1cc(C=O)c2ccccc21
RAFIKI-4221,Cc1ccc(-c2cc(C(F)(F)F)c3c(N)c(C(=O)c4ccc5c(c4)OCO5)sc3c2)s1
RAFIKI-4222,CC(C)CC(NC(=O)C(Cc1ccccc1)n1c(=O)[nH]c2ccccc2c1=O)C(=O)N1CCCC1C(=O)O
RAFIKI-4223,CCC(C)NS(=O)(=O)c1ccc(OCC(=O)NCc2ccc3c(c2)OCO3)cc1
RAFIKI-4224,CCN(CC)S(=O)(=O)c1cccc(C(=O)NCC2CCCO2)c1
RAFIKI-4225,Cc1ccc(S(=O)(=O)N(CC(=O)O)c2ccc(N(CC(=O)O)S(=O)(=O)c3ccc(C)cc3)c(OCC(=O)N3CCOCC3)c2)cc1
RAFIKI-4226,O=C(Nc1ccc(CN2CCC(C(=O)O)C2)cn1)c1cccc(-c2ccc3c(c2)OCCO3)c1F
RAFIKI-4227,Nc1nc2cccnc2n1Cc1nc(C2COC(c3ccc(Cl)cc3)C2)no1
RAFIKI-4228,O=C(C1CCCCC1)N1CCC(c2nnc(-c3ccccc3)o2)C1
RAFIKI-4229,Nc1cc2c3c(c1)C(c1ccccc1)=NC(NC(=O)c1ccncc1)C(=O)N3CC2
RAFIKI-4230,O=C(c1nnc(-c2ccccc2)o1)N1CC(Oc2ccc(CN3CC4(COC4)C3)c(Cl)c2)C1
RAFIKI-4231,O=C(O)c1ccc(CN2CCC(CNC3CC3c3cc(C(=O)NC4CCC(F)(F)CC4)cs3)CC2)cc1
RAFIKI-4232,O=C(Nc1cccc(C(F)(F)F)c1)Nc1cc(F)ccc1C(=O)O
RAFIKI-4233,CC1(Oc2ccc(Cl)cc2)CCN(CCOc2ccc(C(F)(F)F)cc2)CC1
RAFIKI-4234,CN(C(=O)C1CCCC1)c1cccc(C#N)c1
RAFIKI-4235,COc1cc2ncnc(Nc3cc(Cl)ccc3F)c2cc1OCC1CCN(C)CC1
RAFIKI-4236,CC(C)CN1CCOc2c(F)cc(-c3nc(Nc4ccc(N5CCOCC5)cn4)ncc3F)cc21
RAFIKI-4237,COc1ccc(C(=O)NCC(=O)NCC=CS(C)(=O)=O)cc1C(=O)C(C)(C)c1cc(Cl)cc(Cl)c1
RAFIKI-4238,C=CCNc1nc(C)c(C2=NN(C(N)=S)C(c3ccc(Cl)cc3)C2)s1
RAFIKI-4239,CN(C)CCn1ccc2c(N3CCOCC3)nc(-c3cccc(O)c3)nc21
RAFIKI-4240,COc1ccc(N2CCN(CCCNC(=O)c3ccc4nc(Cc5ccccc5)oc4c3)CC2)cc1
RAFIKI-4241,COc1ccc2cc(CCCCC(=O)C(F)(F)C(F)(F)F)ccc2c1
RAFIKI-4242,CC(C(=O)OC1CC2CCC(C1)N2)c1ccc(Br)cc1
RAFIKI-4243,Cc1ccc(CNC(=O)c2cccc(C(C)Oc3ccnc(NN4CCN(C)CC4)c3)c2)cc1
RAFIKI-4244,O=S(=O)(Nc1ccc(F)cn1)c1cc(Cl)c(Oc2ccc(C(F)(F)F)cc2C2CCNCC2)cc1F
RAFIKI-4245,O=C(Nc1ncccc1F)N1CCCC1c1ccncc1
RAFIKI-4246,Cn1c(=O)c(=O)n(C)c2cc(NC(=O)c3ccco3)c(Cl)cc21
RAFIKI-4247,Cn1cnc2nc(-c3ccc(Cl)cc3Cl)nn2c1=S
RAFIKI-4248,CC(C)CNC(=O)C(C)Nc1cccc(C(N)=O)c1
RAFIKI-4249,COc1ccc(C)cc1-n1nnnc1SCn1nnc2ccccc2c1=O
RAFIKI-4250,O=C(Nc1c(C(=O)Nc2ccc3c(c2)OCCO3)cnn1-c1ccccc1Cl)c1ccco1
RAFIKI-4251,CCN1CCN(C(=O)C2CCCN(C(=O)c3nnc(C(=O)Nc4ccc5c(c4)OCO5)s3)C2)CC1
RAFIKI-4252,CS(=O)(=O)c1ccccc1-c1ccc(N2CCc3c(C(F)(F)F)nn(-c4ccccc4S(N)(=O)=O)c3C2=O)cc1
RAFIKI-4253,CCn1ncc(-c2nc3c(OC4CCN(C(=O)c5ccnc(C)c5)C4)ncnc3n2C)c1C
RAFIKI-4254,COc1ccc(-c2oc(C3CC3)nc2C)cc1S(=O)(=O)NCCO
RAFIKI-4255,C#CCN(C(=O)CNC(=O)c1cccc(OC)c1)C1CCCC1
RAFIKI-4256,Fc1ccc(N2CCN(c3[nH]cnc4ncnc3-4)CC2)cc1
RAFIKI-4257,COC(=O)C1CCN(Cc2ccc3nc4n(c(=O)c3c2)-c2ccc(F)cc2C4=O)CC1
RAFIKI-4258,CCCC(=O)C=CC=CC=CC#CC#CCCCO
RAFIKI-4259,CN(C(=O)Nc1ccc(Cl)cc1Cl)C1c2cc(Br)ccc2OCC1CO
RAFIKI-4260,Cc1nccc(CNC(=O)CCc2c(C)nc3cc(O)nn3c2C)n1
RAFIKI-4261,C=CCOC(=O)NC(C)C(=O)SC(Cc1ccc2oc3ccccc3c2c1)C(=O)O
RAFIKI-4262,Cc1ccncc1Nc1ccc2c(=O)[nH]c(CSC3CCOCC3)nc2c1
RAFIKI-4263,N#CC1=C(C(=O)O)N2C(=O)C(NC(=O)CSc3ccccc3)CN2C1
RAFIKI-4264,CC(C)CC(NC(=O)C(CCc1ccccc1)CP(=O)(O)CNC(=O)CN1C(=O)c2ccccc2C1=O)C(=O)Nc1ccccc1
RAFIKI-4265,Cc1ccc(-c2c3c(=O)n(C)c(=O)n(C)c3c3c(-c4ccccc4)cc(C)nn23)cc1
RAFIKI-4266,N#Cc1c(-c2ccccc2)c(-c2ccccc2)nn(CC(=O)NNC(=O)Nc2ccc(Cl)cc2)c1=O
RAFIKI-4267,CCn1cc(C(C(=O)NS(=O)(=O)c2ccc(C(C)C)cc2)c2ccc3c(c2)OCO3)c2ccc(C(=O)OC)cc21
RAFIKI-4268,CC(C)(C)NCC(P(=O)(O)O)P(=O)(O)O
RAFIKI-4269,CC1CN(c2c(F)c(N)c3c(=O)c(C(=O)O)cn(C4CC4)c3c2F)C(C)CN1
RAFIKI-4270,COC(=O)c1cccc(NCC(=O)NC(N)=O)c1
RAFIKI-4271,CCn1c(SCC(=O)N2CCCC2)nc2ccccc21
RAFIKI-4272,O=C(NC(=O)c1cc(F)cc(F)c1)Nc1cccc(C2CN3CCSC3=N2)c1
RAFIKI-4273,CC1=NN(c2cccc(C(=O)O)c2)C(=O)C1=Cc1ccc(-c2ccc(S(N)(=O)=O)cc2)o1
RAFIKI-4274,Cc1[nH]c2c(=O)n(C)cc(C#CC(C)(C)O)c2c1C(=O)OCc1ccccc1F
RAFIKI-4275,CCCCCC(=O)N1CCc2cc(OC)c(OC)c3nccc1c23
RAFIKI-4276,CCOc1ccc(C2NC(=O)NC(C)=C2[N+](=O)[O-])cc1OC
RAFIKI-4277,FC(F)(Cl)c1nnc2ccc(Sc3ccccn3)nn12
RAFIKI-4278,C=CS(=O)(=O)Nc1cccc(-c2c(Cl)cc(C(N)=O)c3[nH]c4c(c23)CCC(C(C)(C)O)C4)c1
RAFIKI-4279,CC(C)c1nnc(NC(=O)C2CCN(C(=O)c3ccco3)CC2)s1
RAFIKI-4280,C=C(CCC(C(=O)O)C1C(O)CC2(C)C3=CCC4C(C)(CCC(O)C4(C)CO)C3=CCC12C)C(C)C
RAFIKI-4281,Cc1cc(I)ccc1NC(=O)COc1ccc(Cl)cc1C
RAFIKI-4282,OCCSSCCc1ccccc1Cn1nnc2c(N3CCC(F)(F)C3)nc(C(F)(F)c3ccccc3)nc21
RAFIKI-4283,CCC(c1nnc(SCC(=O)NC23CC4CC(CC(C4)C2)C3)o1)N(C)C
RAFIKI-4284,Cc1ccc(N2C(=O)CSC2c2ccc(S(C)(=O)=O)cc2)cc1
RAFIKI-4285,O=C(c1ccc2[nH]ccc2c1)N1CCC(O)(c2ccccc2)C2CCCCC21
RAFIKI-4286,O=C1C(O)=C(Cl)C(=O)c2ccccc21
RAFIKI-4287,CCC(NS(=O)(=O)c1ccccc1)c1ncnn1CC
RAFIKI-4288,CCCC(NC(=O)C1C2CCCC2CN1C(=O)C(NC(=O)C(CC1CCCCC1)NC(=O)c1cnccn1)C(C)(C)C)C(=O)C(=O)NC1CC1
RAFIKI-4289,COc1cc(N2CCN(C(=O)Cn3cnc4cc(C(F)(F)F)ccc43)CC2C)ccc1-c1cnc(C)o1
RAFIKI-4290,NC(c1ccc(O)cc1)C(F)(F)C(=O)O
RAFIKI-4291,CON=C1CN(c2nc3c(cc2F)c(=O)c(C(=O)O)cn3C2CC2)CC12CNC2
RAFIKI-4292,CC(=O)NCC1CCN(CC(=O)N(Cc2ccccc2)C2CC2)CC1
RAFIKI-4293,CCc1c(-c2nc3cc(N4CCN(C)CC4)ccc3[nH]2)[nH]c(C)c1C(C)=O
RAFIKI-4294,COc1ccc(NC(=O)CSc2nc(C)c3c(c2C#N)CCCC3)cc1
RAFIKI-4295,N#CCCn1c(SCC(=O)NCc2ccco2)nc2ccccc21
RAFIKI-4296,COc1ccc2c(c1OC)c(=O)n1c3ccc(OC(C)C(=O)NCCCN4CCOCC4)cc3c3ccnc2c31
RAFIKI-4297,CCn1c(=O)[nH]c(=O)c2c1nc(Cc1cn3cc(C)sc3n1)n2Cc1cccc(C(F)(F)F)c1
RAFIKI-4298,OC1(c2ccc(Cl)c(C(F)(F)F)c2)CCN(Cc2ccc(F)cc2)CC1
RAFIKI-4299,Cc1cnc(C)c(N2CCC(c3nnc(CN(C)C)n3C3CC3)CC2)n1
RAFIKI-4300,COc1cccc(NC(=O)CN(C)CC(=O)Nc2ccccc2-c2ccccc2)c1
RAFIKI-4301,CC(C)(CN1CCOCC1)CN1CCC(Cc2cccc(CO)c2)C1
RAFIKI-4302,O=C1CCC(=O)N1CNc1cccc(NCN2C(=O)CCC2=O)c1
RAFIKI-4303,CC(=O)NC(CO)C(=O)NC(CCCCN)C(=O)N(C)C(CC(C)C)C(N)=O
RAFIKI-4304,COc1ccc(-c2cccnc2)c2ccc(O)nc12
RAFIKI-4305,Cc1cc(NCCCNc2ccnc3cc(Cl)ccc23)nc(Cl)n1
RAFIKI-4306,CCS(=O)(=O)N(CC(F)F)c1sc2ccccc2c1Br
RAFIKI-4307,N#Cc1c(NC(=O)CCN2CCOCC2)c(C(=O)Nc2ccccc2Cl)n2c1CCC2
RAFIKI-4308,Cc1cc(Br)cc(C)c1Sc1ccnc(Nc2ccc(C#N)cc2)n1
RAFIKI-4309,O=C(O)c1cnc(Nc2c3c(cc4c2CCC4)CCC3)o1
RAFIKI-4310,Cc1nc2ccccn2c1CN(Cc1cccnc1)CC1CCCO1
RAFIKI-4311,Cc1cc(N2CCN(C)CC2)n2ncc(-c3ccc(F)cc3)c2n1
RAFIKI-4312,CN1CCN(CCCN=C2CC(c3ccc(Cl)c(Cl)c3)Cc3c2c(=O)c2cc(Cl)ccc2n3O)CC1
RAFIKI-4313,CCCCNC(=S)NS(=O)(=O)c1ccc(N2N=C(c3ccc(N(C)C)cc3)CC2c2ccc(OC)cc2)cc1
RAFIKI-4314,Oc1ncc(C=NNc2ccccc2)c(O)n1
RAFIKI-4315,CNc1cc(N)nc(-c2cccc(C)c2C)c1
RAFIKI-4316,CC1Oc2cccnc2N(C)C(=O)C1NC(=O)c1cc(Cc2ccccc2)on1
RAFIKI-4317,Cc1ncn(C)c1C(=O)NCc1ccc(N2CCCC2=O)cc1
RAFIKI-4318,O=C(NCCc1ccc(Cl)cc1)C1CCN(S(=O)(=O)N2CCC3(CC2)OCCO3)CC1
RAFIKI-4319,COc1ccc(Cn2nnc(C(=O)Nc3ccc4c(c3)OCCO4)c2N)cc1Br
RAFIKI-4320,Cc1ccc(SCCC(=O)N2CCN(S(=O)(=O)c3ccccc3)CC2)cc1
RAFIKI-4321,CC(C)(C)c1nnnn1C1CCCCC1O
RAFIKI-4322,Nc1cnc(-c2ccc(-c3ccccc3Oc3ccnc(N)n3)cc2F)cn1
RAFIKI-4323,O=C(O)Cc1ccc(OCC(F)(F)F)c(-c2ccc(F)c3c2CN(C(=O)CC2OCCc4ccccc42)CC3)c1
RAFIKI-4324,CCOC(=O)CCN(Cc1ccccc1)SN(C)C(=O)ON=C(C)SC
RAFIKI-4325,CCCCOc1ccc(-n2cncn2)cc1
RAFIKI-4326,CSc1ccc(-n2ncc(-c3ccc(Cl)cc3)n2)cc1
RAFIKI-4327,Clc1ccc(-n2c(Cc3cccnc3)nc3ccncc32)cc1
RAFIKI-4328,O=P(O)(O)Oc1ccc2cc(OP(=O)(O)O)ccc2c1
RAFIKI-4329,COc1ccc(S(=O)(=O)n2cc(CCN)c3ccccc32)cc1
RAFIKI-4330,O=C1NCc2nc(-c3c(F)cccc3F)cc(Nc3ccc(N4CC(O)C4)cn3)c21
RAFIKI-4331,Cn1cnc(S(=O)(=O)N(CC(N)=O)C2CCCC2)c1Cl
RAFIKI-4332,Cc1cc(C)c(C#N)c(NC2COCC2N2CCCC2)n1
RAFIKI-4333,COc1ccc(CCc2cnc3c(N)nc4cc(C=CP(=O)(O)O)ccc4c3c2)c(C)c1
RAFIKI-4334,CCOC(=O)C(C)c1c(C)nc(S)nc1O
RAFIKI-4335,Cc1ccc(CCn2ccc(=S)c(O)c2C)cc1
RAFIKI-4336,COCC1C(C)n2cc(-c3nnc(Cc4ccc(F)cc4)s3)c(=O)c(O)c2C(=O)N1C(C)C
RAFIKI-4337,Oc1ccc(C2OCC3C(c4ccc5c(c4)OCO5)OCC23)cc1O
RAFIKI-4338,CCc1nn(C2CCCC2)c2c1CCn1c(-c3cccs3)nnc1-2
RAFIKI-4339,Cn1ncc(NC(=O)c2nc(-c3cncc(C#N)c3)sc2N)c1N1CCC(N)C(F)CC1
RAFIKI-4340,O=C1OCC(Nc2ccc(Cl)cc2)=C1c1ccc(Br)cc1
RAFIKI-4341,Cc1cc(C)nc(NC(=O)CN2C(=O)c3ccccc3S2(=O)=O)n1
RAFIKI-4342,CCn1c(S)nnc1C(c1ccccc1)c1ccccc1
RAFIKI-4343,COc1ccc(C=CC(=O)Nc2ccc(-n3nncc3-c3ccc(Br)cc3)cc2)cc1OC
RAFIKI-4344,N#Cc1cccc(N2CC3CC3(C#Cc3ccccn3)C2)n1
RAFIKI-4345,OC(COc1cccc2[nH]ccc12)CN1C2C=C(c3ccc4ccccc4c3)CC1CC2
RAFIKI-4346,Cc1cc(C#N)cc(C)c1Oc1nc(NC2CC3CCC(C2)N3Cc2ccncc2)nc2ccsc12
RAFIKI-4347,CCCN(CC(=O)N(C)C)Cc1ccc(C#N)cc1
RAFIKI-4348,CCN(CC)CCNC(=O)c1c(C)[nH]c2c1CCCC2=C1C(=O)Nc2ccc(S(=O)(=O)N(CC)CC)cc21
RAFIKI-4349,CCCCOc1ccc(C(=O)n2c(C)c(CCC(=O)O)c3cc(OC)ccc32)cc1
RAFIKI-4350,CCCCCCN1CC(=O)N(c2ccc(S(=O)(=O)Nc3ccc(CCNCC(O)c4cccnc4)cc3)cc2)C1=O
RAFIKI-4351,COc1ccc(NC(C)=O)cc1S(=O)(=O)NCCc1ccccn1
RAFIKI-4352,O=C(CN1CCC(Cc2ccccc2)CC1)c1ccc(-c2ccccc2)cc1
RAFIKI-4353,COc1cc(O)c(C(=O)C=Cc2ccccc2)cc1CN1CCSCC1
RAFIKI-4354,CC(=O)Oc1ccccc1C(=O)OC1COC2C(OC(=O)c3ccnn3C)COC12
RAFIKI-4355,Clc1cc(Cl)c(-c2ccccc2)c(Cl)c1
RAFIKI-4356,OC1CCC(Nc2nc(Nc3ccc(C(F)(F)F)cc3)ncc2-c2ccc(CN3CCCC3)cn2)CC1
RAFIKI-4357,CC1(C)CCC23CCC4(C)C5(C)CCC6C(C)(C)C(O)CCC6(C)C5CC(O)C4(OC2=O)C3C1
RAFIKI-4358,Nc1ccc(S(=O)(=O)c2ccc(N)cc2)cc1
RAFIKI-4359,CC(C)c1ccc(NC(=O)c2ccc(C(=O)O)cc2)cc1C(C)C
RAFIKI-4360,CCCCCCSc1ncc(C(=O)NO)c(N(Cc2ccccc2)S(=O)(=O)c2ccc(OC)cc2)n1
RAFIKI-4361,CCC(NCCO)=C1C(=O)NC(=O)N(c2ccc(Cl)cc2)C1=O
RAFIKI-4362,CCc1cc(C)nc(NCC2(OC)CCS(=O)(=O)C2)n1
RAFIKI-4363,CCNC(=O)c1noc(-c2cc(C(C)C)c(O)cc2O)c1NC(=O)c1ccc(N2CCN(C)CC2)cc1
RAFIKI-4364,Cc1cccc(-c2nc(Cn3cncn3)no2)c1
RAFIKI-4365,COc1cc2c(cc1NC(=O)COC(=O)C=Cc1ccc([N+](=O)[O-])cc1)oc1ccccc12
RAFIKI-4366,CCOc1cc(CNCc2ccc(C(=O)O)cc2)ccc1OC
RAFIKI-4367,CCN(CC)CCCCNc1nc(C)c(OC)c(C)n1
RAFIKI-4368,Nc1c2ncn(C3OC4COP(=O)(O)OC4C3O)c2nc[n+]1[O-]
RAFIKI-4369,COc1ccc(C2C3=C(OCC2[N+](=O)[O-])C(=O)c2ccccc2C3=O)cc1OC
RAFIKI-4370,C=CCn1c(Cc2cccs2)nnc1SCC(=O)NCc1ccco1
RAFIKI-4371,Fc1ccc(-n2cc(COc3ccc(C(F)(F)F)cn3)nn2)cc1C(F)F
RAFIKI-4372,Cc1nc(CNC(C)Cn2cncn2)cs1
RAFIKI-4373,Cc1[nH]c2ccc(-c3noc(C4CN(C)CCO4)n3)cc2c1C
RAFIKI-4374,O=C(O)c1noc(Cc2ccc(NC(=O)c3cc(Br)c(Br)[nH]3)cc2)n1
RAFIKI-4375,Clc1cc(-c2nc3ccccn3c2C=NNC2=NCCN2)c(Cl)s1
RAFIKI-4376,CCC(=O)N1CCC(Oc2ccc3c(c2)N(c2cncc(S(=O)(=O)N4CCN(C)CC4)c2)CCO3)C1
RAFIKI-4377,COc1cc(C)c(Cl)cc1C1=NN(c2ccc(S(N)(=O)=O)cc2)C(C=Cc2ccccc2)C1
RAFIKI-4378,COc1ccc(NC(C)=O)cc1-n1ccnc1-c1ccc(Cl)s1
RAFIKI-4379,COCC1CC(c2cccnc2)N(C)C1
RAFIKI-4380,O=C(OCC1CCCC(C2CC2)N1S(=O)(=O)c1ccc(Cl)cc1)N1CCN(CCO)CC1
RAFIKI-4381,CCC(=O)Nc1ccc(C(C)=NNC(=O)c2c(-c3ccccc3Cl)noc2C)cc1
RAFIKI-4382,COc1cccc(C(=O)N2c3ccc(C)cc3C(C)(c3ccccc3)CC2(C)C)c1
RAFIKI-4383,O=C(O)CCCC1CC2CC(C=Cc3ccccc3)(Oc3cc4c(c(O)c32)C(=O)CC(c2ccccc2)O4)O1
RAFIKI-4384,COc1ccc(-c2cn3nc(Cc4noc5ccccc45)sc3n2)cc1
RAFIKI-4385,CCC1CCCCC1N(C)c1ccc(C#N)cn1
RAFIKI-4386,CC(CC(=O)Nc1ccc(N(C)C)cc1)=NNC(=O)c1ccc(Cl)cc1
RAFIKI-4387,O=C(COc1ccc(F)cc1)Nc1cccc2[nH]ccc12
RAFIKI-4388,CCCCCCC(=O)N1CCc2c(c(-c3ccc(C(C)(C)C(=O)O)cc3)nn2C)C1
RAFIKI-4389,CN(C)CCNC(=O)Nc1ccc(-c2ccc3ncn(-c4ccc(-c5ccccc5)cc4)c3n2)cc1
RAFIKI-4390,CNN1CCN(Cc2ccnc(Nc3nc4ccc(C(=O)Nc5c(C)cccc5Cl)cc4s3)c2)CC1
RAFIKI-4391,COc1ccc2c3c(n(C)c2c1)C(CO)N(Cc1ccncc1)CC31CN(C(=O)Nc2cccc(F)c2)C1
RAFIKI-4392,CC(Oc1ccc2ncc(-c3cnn(CCO)c3)nc2c1)c1c(Cl)ccc(F)c1Cl
RAFIKI-4393,c1ccc2cc(Cn3cc[n+](CCCCCCCn4cc[n+](Cc5ccc6ccccc6c5)c4)c3)ccc2c1
RAFIKI-4394,CC(C)CCSC(=O)OCC[N+](C)(C)C
RAFIKI-4395,COc1cc(F)ccc1-c1c(CN(C)Cc2ccccc2)[nH]c2c(N)cc(F)cc12
RAFIKI-4396,CC(C)(C)c1noc(-c2c(NC(=O)C3=C(C(=O)O)C4CCC3CC4)sc3c2CCCC3)n1
RAFIKI-4397,COc1cc(OC)c2c(N3CCOCC3)nc(-c3cc(C)c(OCC(=O)NO)c(C)c3)nc2c1
RAFIKI-4398,COc1nc(OC)nc(Sc2ccc(C(=O)O)c(C(F)(F)F)c2)n1
RAFIKI-4399,COc1ccc2cc3n(c2c1)CCNC3
RAFIKI-4400,O=C(CCC1CCCC1)N1CCC(c2cc3ncccc3c(O)n2)CC1
RAFIKI-4401,COc1ccc(N2CC(C(=O)N(C)CC3CCCN4CCCCC34)CC2=O)cc1
RAFIKI-4402,COc1ccc(C=CC(=O)C=C(O)C=Cc2ccc(OCCF)c(OC)c2)cc1OC
RAFIKI-4403,CCCCN(Cc1ccccc1)C(=O)CCN1C(=O)C2C3C=CC(C3)C2C1=O
RAFIKI-4404,O=CC(CC(=O)O)NC(=O)C(CCCCNS(=O)(=O)c1cccc(-c2nn[nH]n2)c1)c1ccccc1
RAFIKI-4405,Cc1oc(C(=O)O)cc1COc1ccc2c3c(c(=O)oc2c1C)CCC3
RAFIKI-4406,Cc1cc(C(C)(C)C)cc(C)c1COC(=O)c1cccnc1
RAFIKI-4407,O=C(Cc1ccc(Cl)cc1)N1CCc2nc(NCc3cccc(Oc4ccccc4)c3)ncc2C1
RAFIKI-4408,CN(C)C1C(O)=C(C(N)=O)C(=O)C2(O)C(O)=C3C(=O)c4c(c(F)c5ccc(CNC(C)(C)C)cc5c4O)CC3CC12
RAFIKI-4409,CC(=O)c1ccc(NC(=O)CSc2ccc3nnc(CCNS(=O)(=O)c4ccc(C)cc4)n3n2)cc1
RAFIKI-4410,CCCc1c(C(C)C)nc(C(C)C)c(C(C)O)c1-c1ccccc1O
RAFIKI-4411,Cc1n[nH]c(C(C#N)=Cc2ccc([N+](=O)[O-])o2)n1
RAFIKI-4412,CC(CO)NC(=O)NCc1cnn(-c2ccccc2)c1
RAFIKI-4413,COc1cc2c3c(c1OCC1CC1)-c1cc(NC(C)=O)ccc1CC3N(C)CC2
RAFIKI-4414,CC1(N)CCN(c2cnc(-c3ccc(C#N)cc3)c(N)n2)CC1
RAFIKI-4415,O=C(NC(c1ccccn1)C(F)(F)F)c1ccc(C2CC2)c(Cc2ccc(F)cc2)n1
RAFIKI-4416,CC(C)CC(=O)N1CCc2cc(CNS(=O)(=O)c3ccc(C4CCCCC4)cc3)ccc21
RAFIKI-4417,Oc1cccc(-c2ccc3c(O)c(O)ccc3c2)c1
RAFIKI-4418,Cc1cnc(C(=O)NCCc2ccc(Cl)cc2)cn1
RAFIKI-4419,Cc1ccc(NS(=O)(=O)c2ccc(Cl)c(C(=O)Nc3ccccc3-c3nc4ccccc4[nH]3)c2)cc1C
RAFIKI-4420,COc1c(Cl)c2c(c(OC)c1OC)-c1ccc(OC)c(=O)cc1C(NC(=O)c1ccccc1C#N)CC2
RAFIKI-4421,CCN1CCN(Cc2ccc(NC(=O)COc3ccc(-c4cccnc4)cc3)cc2C2CC2)CC1
RAFIKI-4422,Cc1cc(NC(=O)C(C)SCC(=O)Nc2ccccc2N2CCCCC2)no1
RAFIKI-4423,O=C(Nc1cccc(C(F)(F)F)c1)N(Cc1ccccc1)Cc1ccccc1
RAFIKI-4424,Cc1ccc(C(=O)NCC2CCN(Cc3cccnc3)C2)cc1Cl
RAFIKI-4425,COc1ccc2c(c1)C1CNC2Cc2ccccc21
RAFIKI-4426,Cc1nc(C)c(C=CC(=O)C=Cc2cccc([N+](=O)[O-])c2)nc1C
RAFIKI-4427,NCc1cc(=O)c2cc(-c3cncnc3)ccc2[nH]1
RAFIKI-4428,CC(C)c1cc2c3c(c1OC(=O)c1cccnc1)OC(=O)C31CCCC(C)(C)C1CC2
RAFIKI-4429,COC(=O)C(C)(C)NP(=O)(OCC1C=CC(n2cnc3c(NC4CC4)nc(N)nc32)C1)Oc1ccccc1
RAFIKI-4430,COc1ccc(CN2CCCC(OCc3ccc(F)c(C)c3)C2)cc1F
RAFIKI-4431,CC(C)=CCCC(C)=CCc1cc(C2CC(=O)c3c(cc(O)c(CC=C(C)C)c3O)O2)cc(O)c1O
RAFIKI-4432,CC(=O)Oc1ccc2c(=O)cc(C(N)=O)oc2c1
RAFIKI-4433,NC(=O)CCSCc1ccn(-c2ccccc2)n1
RAFIKI-4434,O=C(O)C1CCCCN1C(=O)CCCc1c[nH]c2ccccc12
RAFIKI-4435,O=C(O)c1csc(-n2nc(N3CCCCC3)c3ccccc32)n1
RAFIKI-4436,CC(C)OC(=N)c1nc2ccc3ncn(C(C)C)c(=O)c3c2s1
RAFIKI-4437,N#Cc1ccc2[nH]cc(C=Cc3cccnc3)c2c1
RAFIKI-4438,COc1ccc(-c2nn(-c3ccccc3)cc2C(c2c(O)c3cc(F)ccc3oc2=O)c2c(N)n(C)c(=O)n(C)c2=O)cc1
RAFIKI-4439,CC(C)=CC(=O)Nc1nnc(-c2cccnc2)s1
RAFIKI-4440,CN1CCN(c2ccc3c(c2)OCO3)CC1
RAFIKI-4441,COC(=O)c1cnn(-c2nn3c(F)ccc3c(=O)[nH]2)c1C1CC1
RAFIKI-4442,O=C(CSCc1cnn(-c2ccccc2)c1-n1cccc1)NCc1ccc(F)cc1
RAFIKI-4443,Cc1ccc(CCc2ccc3c(CC(=O)O)csc3c2)c(C)n1
RAFIKI-4444,CC(C)CNc1ccnc(NCc2csc(-c3ccccc3)n2)n1
RAFIKI-4445,Cc1cc(C(C)N(Cc2ccccc2Cl)c2ccc(C#N)c(Cl)c2)on1
RAFIKI-4446,CCCCCCC=CC(O)C(O)C1OC(=O)CC1O
RAFIKI-4447,COCCn1cnnc1C(C)Nc1nc(C)nc2ccsc12
RAFIKI-4448,COc1c(O)cc(O)c2c1C(=O)c1ccccc1C2=O
RAFIKI-4449,Cc1cc(N2C(=O)CCCC2=O)c2oc(-c3ccc(O)c(O)c3)c(O)c(=O)c2c1
RAFIKI-4450,Cc1ccc(C(C(=O)O)N2CCCN(Cc3ccccn3)CC2)c(F)c1
RAFIKI-4451,Cc1ccccc1-c1nnc(SSc2nnc(-c3ccccc3C)[nH]2)[nH]1
RAFIKI-4452,CCN(C(=O)Cn1c(=O)n(Cc2ccc(F)cc2)c(=O)c2ccccc21)c1cccc(C)c1
RAFIKI-4453,O=S(=O)(c1cccc(CCCCOCCCCCCNCC(O)c2ccc(O)c(CO)c2)c1)N1CCCCC1
RAFIKI-4454,OC1(c2ccccc2)CCN(CCc2ccc(COc3ccc4c(c3)CCCC4)cc2)CC1
RAFIKI-4455,CCCc1ccc(C(=O)N2C(c3nccs3)C(C(N)=O)CC2(CC(C)C)C(=O)O)cc1
RAFIKI-4456,CCOC(=O)C1C(=O)NC(NC(C)=O)=NC1c1ccc(Cl)cc1Cl
RAFIKI-4457,CN(C)c1ccc(-c2cc(O)c3ncccc3c2)cc1
RAFIKI-4458,CCCC(O)CC=CC1=C(CO)C2OC(C)(C)C(O)CC23OC3C1O
RAFIKI-4459,O=C1CCN(C(=O)c2ccc3ccccc3n2)CC1
RAFIKI-4460,CCn1c(C(=O)Nc2ccsc2C(=O)OC)cc2sc(Cl)cc21
RAFIKI-4461,CCCCC(=O)Nc1ccc(C(=O)NNC(=O)CCc2ccccc2)cc1
RAFIKI-4462,O=C1C=C(c2ccc(Cl)cc2)C(=O)c2ccccc21
RAFIKI-4463,COc1ccc(-c2ccccc2)c2nc(Cc3ccc(Cl)cc3)c(O)c(C(=O)O)c12
RAFIKI-4464,CCOC(=O)C(=O)c1cc(-c2ccc(S(C)(=O)=O)cc2)n(-c2ccc(F)cc2)c1C
RAFIKI-4465,Cc1nc(N2CCC(C)(O)CC2)nc2ccc(NC(=O)COc3ccc(Cl)cc3)cc12
RAFIKI-4466,N=C(N)c1cccc(OCC(=O)Nc2ccc(C(=O)N3CCCC3)cc2)c1
RAFIKI-4467,O=C(NCCCOc1ccc(S(=O)(=O)C2(C(=O)NO)CCOCC2)cc1)c1ccc(OC(F)(F)F)cc1
RAFIKI-4468,Cc1nc(N2CCN(CCO)CC2)c2c(-c3ccccc3)csc2n1
RAFIKI-4469,CC(C)c1cc(C(=O)NN=C(S)NCc2ccco2)c(O)c(C(C)C)c1
RAFIKI-4470,CCCN=C1N(C)CC2C3C(=O)N(C)C(=O)C3C(CC)(C(=O)OC)N12
RAFIKI-4471,COc1cc(CN2CCC(O)C(NC(C)=O)CC2)ccc1F
RAFIKI-4472,O=C(NNC(=S)NC(=O)c1ccccc1)c1cccc(Br)c1
RAFIKI-4473,COc1cc([N+](=O)[O-])ccc1NC(=O)Oc1ccc(NC(C)=O)cc1
RAFIKI-4474,COCCCCn1cc(C(C)N(C(=O)C2CNCCO2)C2CC2)c2nccc(C)c21
RAFIKI-4475,O=C(CCC1(Cc2cccc3ccccc23)CCC(=O)N1)NCCCN1CCCC1=O
RAFIKI-4476,CC(C)c1nc(CN(C)C(=O)C2CC(=O)N(Cc3ccncc3)C2)cs1
RAFIKI-4477,Cc1oc(-c2ccccc2)nc1CCOc1cccc(CC2C(=O)N(c3ccc(C(C)(C)C)cc3)C2C(=O)O)c1
RAFIKI-4478,O=C(COC(=O)c1ccccn1)NC(=O)c1ccccc1
RAFIKI-4479,Cc1cc(-c2ccccc2C(F)(F)F)cc2c3ccccc3c[n+](C)c12
RAFIKI-4480,O=C(NN=Cc1ccccc1O)c1cc(Cl)c[nH]1
RAFIKI-4481,CC12CCCC1C1CC(O)C3(O)C(CCCC3(C)C)C1(C)CC2
RAFIKI-4482,Cc1cc(=O)[nH]c2cc(N3C(=O)CSC3c3ccc(F)cc3)ccc12
RAFIKI-4483,O=C(COC(=O)C=Cc1cccs1)NC1CC1
RAFIKI-4484,COc1ccc(C2=NN(C(C)C)C(=O)C2(C)C)cc1OCc1ccccn1
RAFIKI-4485,Cc1ccc(C#Cc2ccc(C(=O)N3CCC(c4cccc(CN)c4)CC3)o2)cc1
RAFIKI-4486,CCCSc1ccc(C#N)c(OC)c1
RAFIKI-4487,COc1cc(-c2ccc(O)cc2)c(OC)c(OCCN2CCCC2)c1-c1ccc(O)cc1
RAFIKI-4488,CC(=Cc1ccccc1)Cn1cc(CCCCCc2nc(N)[nH]c2-c2ccc(-c3ccccc3)cc2)nn1
RAFIKI-4489,COc1ccccc1N1CCN(c2cc(-n3cccn3)nc(NCCC(=O)O)n2)CC1
RAFIKI-4490,NNc1nc2c(Cl)c(Cl)ccc2s1
RAFIKI-4491,Fc1cncc(N2CC3CC3(C#Cc3ccccn3)C2)c1
RAFIKI-4492,CSCCC(NC(=O)C1Cc2ccccc2CN1C(=O)C(NC(=O)C(CC1CCCCC1)NC(C)=O)C1CCN(C(=N)N)CC1)C(N)=O
RAFIKI-4493,COc1ccccc1N1C(=O)CSC1c1cccc(Cl)c1
RAFIKI-4494,Cc1c(C)c2ccc(OS(N)(=O)=O)c(C)c2oc1=O
RAFIKI-4495,COCCNC(=O)CNS(=O)(=O)c1ccc(Br)c(C)c1
RAFIKI-4496,CC(C)c1cccc(NC(=O)CC2CCC3C(COc4ccc(NS(=O)(=O)c5ccccc5Cl)cc4C(=O)N3C)O2)c1
RAFIKI-4497,O=C(Nc1ccc(OC(F)(F)F)cc1)NC1CCN(C(=O)C2(C(F)(F)F)CC2)CC1
RAFIKI-4498,C=CCn1nnc2cc3c(=O)n(C(C)Cn4ncnn4)nnc3cc2c1=O
RAFIKI-4499,Cc1cc(-n2[nH]c(C)c(C)c2=O)nc(-c2ccccc2O)n1
RAFIKI-4500,CC(C(=O)NCc1ccc(C(F)(F)F)nc1N(Cc1ccc(F)cc1)S(=O)(=O)c1ccccc1)c1ccc(NS(C)(=O)=O)c(F)c1
RAFIKI-4501,COc1cccc(NC(=O)c2cccc(N3C(=O)C4CCC(C)CC4C3=O)c2)c1
RAFIKI-4502,CC(C)N1C(=O)C(NC(=O)C(Cc2cccc(C(F)(F)F)c2)NC(=O)OC(C)(C)C)CCc2ccccc21
RAFIKI-4503,COc1ccc(-n2nc(C(=O)Nc3ccc(C)cn3)c3c4ccccc4n(C)c3c2=O)cc1
RAFIKI-4504,Cc1ccsc1C1Nc2ccccc2C(=O)N1O
RAFIKI-4505,Nc1cc2nc(NCc3cccnc3)nc(C(=O)c3cccs3)c2s1
RAFIKI-4506,Cn1c(=O)n2n(c1=O)C([S+]([O-])c1ccccc1)C2
RAFIKI-4507,COc1ccc(OS(=O)(=O)C=Cc2ccc(Cl)cc2)cc1
RAFIKI-4508,CCC(=O)Nc1ccc(NC(=S)NC(=O)C=Cc2ccccc2)cc1
RAFIKI-4509,CCCn1c(=O)n(C)c(=O)c2[nH]c(-c3ccsc3)nc21
RAFIKI-4510,Cc1c(Cl)ccc2cc(C=C3NC(=O)N(C(C(=O)NC(CO)CO)c4ccc(F)c(F)c4)C3=O)[nH]c12
RAFIKI-4511,Cc1ccccc1OCC(=O)N(C)Cc1nc2ccsc2c(=O)[nH]1
RAFIKI-4512,C=C1C=CC(=O)N(C)CC(=O)OC(CCCCCCCCCCC(C)CC)C(C)C(=O)C(C)(O)C(=O)NCC(=O)N1
RAFIKI-4513,O=Cc1ccc(N2CCC(C(=O)N(Cc3ccc([N+](=O)[O-])cc3)C3CC3)CC2)cc1
RAFIKI-4514,NCC1OC(CC2CCCC2)Cc2c1ccc(O)c2O
RAFIKI-4515,COC(=O)C1=C(C)N(C)C(=O)NC1c1ccc(C)cc1
RAFIKI-4516,CN(C)c1cc[n+](CC(=O)Nc2cc(C(F)(F)F)ccc2Cl)cc1
RAFIKI-4517,CCC(NC(=O)C1CC(O)CN1C(=O)C(c1cc(C)no1)C(C)C)c1ccc(-c2scnc2C)cc1
RAFIKI-4518,CCOCCn1nc(C)cc1C(=O)N1CCC(O)(COC)C(C)(C)C1
RAFIKI-4519,COC(=O)c1cccc2cc(S(=O)(=O)Nc3ncns3)ccc12
RAFIKI-4520,CCOC(=O)c1cc(Cl)[n+]([O-])c2ccc(F)cc12
RAFIKI-4521,C=C1C2CCC3CC2(CCC2(O)C1CC(O)C2(C)C)CC3(C)O
RAFIKI-4522,CC(C)(O)C#Cc1ccc(C(=O)N2CCCC2C(=O)O)s1
RAFIKI-4523,COc1cccc(CNC(=O)c2cc3ccc(-c4cn[nH]c4)cc3n2CCN(C)C)c1
RAFIKI-4524,O=C(O)CCCC(=O)Nc1cc(Nc2ccc(Cl)cc2)ncn1
RAFIKI-4525,O=C(NCc1cc(F)cc(C(F)(F)F)c1)C(CCN1CCC2(CC1)OCCc1ccccc12)c1ccc(F)cc1
RAFIKI-4526,COCC(C)N1CCN(C(C)=O)CC1
RAFIKI-4527,Clc1ccc(-c2ccnc(Oc3cc(Cl)ccc3Cl)n2)cc1
RAFIKI-4528,O=S(=O)(NCc1ccco1)c1cnc(Cl)c(Br)c1
RAFIKI-4529,CNC1CCN(c2ccc(C(=O)Nc3cc(F)c4nc(C)cn4c3)nn2)C1
RAFIKI-4530,CC1=NN(C(C#N)c2ccc(F)cc2)C(C)(C)C1
RAFIKI-4531,O=C(c1cc(Cl)c[nH]1)N1CCCC1c1cccs1
RAFIKI-4532,O=C(CC1CCCC1)N1CCCC(c2n[nH]c(=O)n2-c2ccccc2)C1
RAFIKI-4533,CC1CC1C(=O)N1CC2CNCC(C2)C1
RAFIKI-4534,Cc1nc2cc(CN(C)CCF)c(OC(F)F)c(C#N)c2c(=O)n1CCOc1ccc(Cl)cc1-c1ccnc2c(C(=O)O)csc12
RAFIKI-4535,CCOc1ccc(C2=Nn3c(nnc3-c3ccccn3)SC2)cc1
RAFIKI-4536,CN1CCN(Cc2ccc(-c3cnc4[nH]cc(-c5ccccc5)c4c3)cc2)CC1
RAFIKI-4537,CS(=O)(=O)Nc1cc2c(cc1OC1CCCC1)C(=O)CC2
RAFIKI-4538,O=C(CN1CCCCC1)Nc1nc(C23CC4CC(CC(C4)C2)C3)cs1
RAFIKI-4539,O=c1c2cccnc2sn1-c1ccccc1
RAFIKI-4540,Cc1[nH]c2ccccc2c1CCn1nnnc1N(C)CC1CCOC1
RAFIKI-4541,Cc1cc(C)n(-c2ccc(Oc3ccccc3)c(S(=O)(=O)O)c2)n1
RAFIKI-4542,CN1CCN(C(=O)c2ccc3c(c2)Oc2ccccc2C3(C)O)CC1
RAFIKI-4543,CC(CC(C)(CS(=O)(=O)N1CCC(CCc2ccc(C(F)(F)F)cc2C2CC2)CC1)N(O)C=O)c1ncc(F)cn1
RAFIKI-4544,CC(C)(C)OC(=O)Nc1ccc(-c2nc(N3CCOCC3)c3ncn(CCC4OCCO4)c3n2)cc1
RAFIKI-4545,N#Cc1c(-c2ccc(Cl)cc2)nc(SCc2ccc(C(=O)O)cc2)[nH]c1=O
RAFIKI-4546,CCCCCN(C)CCC(O)(P(=O)(O)O)P(=O)(O)O
RAFIKI-4547,CC(C)(C)n1cc(C(=O)O)c(=O)c2cc(F)c(-c3ccccc3Cl)cc21
RAFIKI-4548,CC(CS)C(=O)N(CC(=O)O)C(C)C
RAFIKI-4549,Nc1ncnc2c1c(Sc1cccc(Cl)c1)nn2C1OC(COS(N)(=O)=O)C(O)C1O
RAFIKI-4550,COCCN(C(=O)COc1ccc(Cl)cc1)c1nnc(-c2cccnc2)s1
RAFIKI-4551,COc1ccc(Cc2cn(C)c3ccc([N+](=O)[O-])cc23)cc1C(=O)NS(=O)(=O)c1cccc([N+](=O)[O-])c1
RAFIKI-4552,O=P(O)(O)C(c1ccccc1)P(=O)(O)O
RAFIKI-4553,COc1cc2c(Nc3cc(CC(=O)Nc4ccc(F)cc4)[nH]n3)ncnc2cc1OCCCN1CCC(CO)CC1
RAFIKI-4554,O=CC(Cc1c[nH]cn1)NCC1CC2CCCCC2CN1C(=O)c1ccc(Br)cc1
RAFIKI-4555,CSc1nc(O)c(Nc2ccc(C)c(C)c2)c(O)n1
RAFIKI-4556,COc1ccc(NC(=O)c2cn3c(nc4ccccc43)c(C#N)c2C)cc1
RAFIKI-4557,CCOc1ccc(C(=O)OCC(=O)Nc2nc(OC)cc(OC)n2)cc1OCC
RAFIKI-4558,Clc1cnc(NC2CCC(NCC3CCCO3)CC2)cc1-c1nc(NCC2CCOCC2)ccc1Cl
RAFIKI-4559,CC(O)(c1nc(-c2ccncc2Br)no1)C1CC1
RAFIKI-4560,CC(=O)Nc1c(-c2ccccn2)nsc1C(=O)NCc1ccccc1C
RAFIKI-4561,CCC1CCc2cc3c(C(F)(F)F)cc(=O)oc3cc2N1
RAFIKI-4562,CC(C)Cc1ccc(C(C)c2nc3cc(OCC(=O)O)ccc3n2Cc2ccccc2Cl)cc1
RAFIKI-4563,COc1ccccc1-n1nc(-c2cccs2)nc1Cc1ccc(C(=O)NO)cc1
RAFIKI-4564,CCCC(=C(C#N)C(N)=O)c1ccccc1
RAFIKI-4565,O=C(CSCc1ccc([N+](=O)[O-])cc1)NN=C1CCCCCC1
RAFIKI-4566,C=C(c1cn(-c2c(F)cccc2Cl)c(=O)c2ccc(-n3nc(CO)n(CC)c3=O)cc12)C(F)(F)F
RAFIKI-4567,COc1ccc(-c2nc(-c3ccccc3)oc2NC2CCCCC2)cc1
RAFIKI-4568,COc1cc2[nH]c(C)c(-c3ccc(-c4ccc(OC(F)(F)F)cc4)nc3)c(=O)c2cc1Cl
RAFIKI-4569,COCC1(C(=O)NCCC2CCOC2)CCC1
RAFIKI-4570,CN1CCN(Cc2ccc(C(=O)Nc3cnn4ccc(N5CCCC5c5cc(F)ccc5F)nc34)cc2)CC1
RAFIKI-4571,CCN(CC)CCCN1C(=O)C(O)=C(C(=O)c2ccc(C)cc2)C1c1ccccn1
RAFIKI-4572,Nc1ncnc2c1ncn2C1OC(CNS(=O)(=O)NC(=O)CCCCC2SCC3NC(=O)NC32)CC1O
RAFIKI-4573,CN1C(C(=O)C=Cc2cn(CC(=O)Nc3ccccc3)nn2)=C(O)c2ccccc2S1(=O)=O
RAFIKI-4574,CC(=O)NC(C)c1ccc(OC2CCN(c3nc(N(C)C4CCCC4)ncc3C#N)C2)cc1
RAFIKI-4575,N#Cc1c(O)ccc2cc(-c3ccc(O)cc3)ccc12
RAFIKI-4576,Cc1c(C)c2c(c(C)c1O)CCC(C)(C(=O)NCCS)O2
RAFIKI-4577,CCc1cc(=O)oc2nc(C3CC3)[nH]c(=O)c12
RAFIKI-4578,O=C1C=C2CCN(S(=O)(=O)c3ccc(N4CCOCC4)cc3)CC2(Cc2ccccc2)CC1
RAFIKI-4579,CC1CCC(C)(N=Nc2ccccc2)c2ncc(C(=O)O)c(=O)n21
RAFIKI-4580,COc1ccc(CCNCC(=O)Nc2ccc(C)c(S(=O)(=O)N(C)C)c2)cc1OC
RAFIKI-4581,N#Cc1c(N(CCO)CCO)nc(N)c2c(N)nc3c(c12)CC(=O)N3Cc1cccs1
RAFIKI-4582,COc1ccc(-c2cnc3[nH]c(=O)n(-c4cnc5[nH]ccc5c4)c3n2)cc1OC
RAFIKI-4583,CC1=C2C(=O)CC(C)C2CC2C(C1)OC(=O)C2C
RAFIKI-4584,CC[n+]1ccn(C)c1P(c1ccccc1)c1ccccc1
RAFIKI-4585,Cc1ccc2c(Nc3ccc(F)c(Cl)c3)nccc2c1NC(=O)c1csc2c(N)ncnc12
RAFIKI-4586,CCCCCCS(=O)(=O)c1cc(Cl)c(C(=O)CCN2CCN(C(C)=O)CC2)c(Cl)c1
RAFIKI-4587,CCOc1c(N2CCCC(N)C2)c(F)cc2c(=O)c(C(=O)O)cn(C3CC3)c12
RAFIKI-4588,Cc1nc(C)c(S(=O)(=O)n2cc(C3=CCCNC3)c3ccccc32)o1
RAFIKI-4589,O=C1Nc2ccc(Cl)cc2C(C#CC2CC2)(C(F)(F)F)C1OCc1ccccc1
RAFIKI-4590,COc1ccc(-c2nc3ccc(F)cc3c3c2-c2ccc(OC)cc2C3=NOCCN2CCCCC2)cc1
RAFIKI-4591,COCCN1CCC2(COCc3cnc(N(C)C)nc32)C1
RAFIKI-4592,Nc1nc(Nc2cc(Cl)c(-c3ccc(OC4CCNCC4)cc3)c(C(F)(F)F)c2)n[nH]1
RAFIKI-4593,CC(C)(C)c1ccc(C(CC(=O)O)NC(=O)c2c(Cl)cccc2Cl)cc1
RAFIKI-4594,Cc1[nH]c(-c2ccc3c(c2)OCO3)nc1C(=O)O
RAFIKI-4595,COc1ccc(-n2c(N)c(C#N)[nH]c2=O)cc1
RAFIKI-4596,O=C(C=Cc1cccc(Cl)c1)c1ccccc1O
RAFIKI-4597,CC1CN(c2cccc3c2cnn3-c2ccccc2F)C(=O)N1Cc1ncco1
RAFIKI-4598,COc1cc(C2C(C(=O)OC3CCN(C)CC3)C(c3ccc(O)c(OC)c3)C2C(=O)OC2CCN(C)CC2)ccc1O
RAFIKI-4599,CC(C)C(NC(=O)c1cc(C(F)(F)F)ccc1F)C(=O)N1CCC2(CC1)C(=O)N(C)C(=O)N2c1ccc(NC2CNC2)cc1
RAFIKI-4600,N#Cc1c(N2CCc3ccccc3C2)cc(-c2ccc(Cl)cc2)oc1=O
RAFIKI-4601,CCC(=O)Oc1cccc2c1C(=O)C=CC2=O
RAFIKI-4602,COc1ccc(N2C(=O)CC(n3c(CCCCO)nc4ccccc43)C2=O)cc1
RAFIKI-4603,CC1(C(=O)N2CCC(N3CCC(C(=O)N4CCCC4)CC3)CC2)CCCCC1
RAFIKI-4604,Cc1c(N2CCN(Cc3cnccn3)CC2)c(=O)n(CC(N)c2ccccc2)c(=O)n1Cc1c(F)cccc1C(F)(F)F
RAFIKI-4605,O=C(CCc1ccccc1)n1nc(-c2ccco2)nc1SCc1ccccc1
RAFIKI-4606,CC(Cc1ccsc1)NC(=O)C(C)N1C(=O)CCC1=O
RAFIKI-4607,O=C(O)c1cn(C2CC2)c2cc(Nc3nccc(Cc4ccc(Cl)c(Cl)c4)n3)ccc2c1=O
RAFIKI-4608,CC(C)CN(c1cccc(Cl)c1)S(=O)(=O)c1ccc(-c2ccc(C(N)=O)cc2)cc1
RAFIKI-4609,Cc1ccc(NC(=O)NNC(=O)c2sccc2-n2cccc2)cc1
RAFIKI-4610,CCCCCCCCCCCCCCCC(=O)NC(Cc1ccc(OP(=O)(O)O)cc1)C(=O)O
RAFIKI-4611,COc1ccc(NC(=O)C2CCN(C(=O)c3ccccc3C)CC2)c(OC)c1
RAFIKI-4612,CN(C)S(=O)(=O)N1CCCC(c2cccc(Cc3ccccc3)n2)C1
RAFIKI-4613,N=C(Cc1c(Cl)cccc1Cl)NC(=S)Nc1ccc(Cl)cc1
RAFIKI-4614,Cc1c(C#Cc2cccc3cc(C(C)NC(=O)c4c(N)nn5cccnc45)n(-c4ccccc4)c(=O)c23)cnn1C
RAFIKI-4615,COCCN1CCCN(C(=O)NC(C)Cn2ccnc2)CC1
RAFIKI-4616,CC(c1cc2ccccc2s1)N(O)C(=N)S
RAFIKI-4617,CS(=O)(=O)c1ccc(CCNCc2ccc(-c3ccc(CN(C(=O)c4ccco4)C4CCN(Cc5ccccc5)CC4)cc3)nc2)cc1
RAFIKI-4618,COc1cccc2c1C(=O)c1c(O)c3c(c(O)c1C2=O)CC(O)(C(O)CO)CC3OC1CC(NC(=O)C(F)(F)F)C(O)C(C)O1
RAFIKI-4619,Cc1cc(OCc2ccc(-c3ccccc3C(=O)O)cc2)c2ccccc2n1
RAFIKI-4620,COc1cc(OC)nc(-n2c(N)c(C#N)c3ccc([N+](=O)[O-])cc3c2=O)n1
RAFIKI-4621,CS(=O)(=O)NC1CCC(CCN2CCN(Cc3cccc(C(F)(F)F)c3)CC2)CC1
RAFIKI-4622,CCc1ccc(-n2c(=O)c3c(CN(C)C)c(-c4ccc(NC(=O)NOC)cc4)sc3n(Cc3c(F)cccc3F)c2=O)nn1
RAFIKI-4623,Cc1cc(NS(=O)(=O)c2ccc(NC(=O)C(C)Oc3cccc(C)c3C)cc2)nc(C)n1
RAFIKI-4624,Cc1c(Cc2c(CO)nc3c(-c4ncc[nH]4)cc(N4CCOCC4)nn23)cccc1C(F)(F)F
RAFIKI-4625,CCOc1ccc(-c2nc(S(=O)(=O)c3ccccc3)c(NC)o2)cc1
RAFIKI-4626,N#CC(=C(N)Sc1ccccc1N)c1cccc(C(O)c2cccc(C#N)c2)c1
RAFIKI-4627,O=C(Nc1ccncn1)N1CCN(Cc2ccc3c(c2)OC(F)(F)O3)CC1
RAFIKI-4628,O=C(NC1CCCCCCC1)c1cc2ccccc2s1
RAFIKI-4629,Cc1c(Cl)c(=O)oc2cc(OCCCCS(=S)N3CCCCC3C)ccc12
RAFIKI-4630,Cc1nc(-c2cccnc2)nc2c1CC(=O)N2C(C)C
RAFIKI-4631,NC1CC1c1ccc(NC(=O)c2ccnc(-c3cc(C(=O)O)ccn3)c2)cc1
RAFIKI-4632,COC(=O)NCC1CCC2C(C1)CC1C(=O)OC(C)C1C2C=Cc1ccc(-c2cccc(F)c2)cn1
RAFIKI-4633,Clc1ncnc2c1ncn2Cc1cccc(Cn2cnc3c(Cl)ncnc32)c1
RAFIKI-4634,COc1ccc(S(=O)(=O)N2CCCC2C(=O)N2CCCC2C(=O)NCc2ccccn2)cc1C
RAFIKI-4635,COc1cc(-c2cn(C3CC3)c3ncnc(N)c23)ccc1NC(=O)Nc1cc(C2(C(F)(F)F)CC2)no1
RAFIKI-4636,Fc1ccc(N2CC(Nc3nc(NC4CCC(F)(F)C4)nc(-c4cccc(C(F)(F)F)n4)n3)C2)cc1
RAFIKI-4637,CN1CCN(c2nc3c(Br)c(Br)c(Br)c(Br)c3[nH]2)CC1
RAFIKI-4638,CC=C(C)c1c(Cl)c(OC)c(C)c2c1Oc1c(Cl)c(O)c(Cl)c(C)c1C(=O)O2
RAFIKI-4639,CC(C)CCOc1ccccc1-c1ccccc1OCc1cn(C(CCCNC(=N)N)C(=O)Nc2cccc(F)c2)nn1
RAFIKI-4640,CCCCC(Oc1cc(O)c(C(=O)O)cc1C#CC1CCCC1)C(=O)NC1CCCCCCC1
RAFIKI-4641,COc1c(N2CCCCC2)c2c(=O)c3ccccc3oc2c2c3ccccc3n(C)c12
RAFIKI-4642,CC(C)n1ncc2nc(-c3ccc(N4CCN(C(=O)Nc5cccc(N(C)C)c5)CC4)cc3)[nH]c21
RAFIKI-4643,CC(C)NC1Cc2cc(O)c(O)cc2C1
RAFIKI-4644,Cc1cc(C)n2nc(C(=O)OCC(=O)c3ccc(F)cc3)nc2n1
RAFIKI-4645,Cc1cccc(Cn2ncc3c(Cl)c(C(=O)Nc4ccc(Cl)cc4)cnc32)n1
RAFIKI-4646,CC1=C(OC2OC(COC(=O)CC(=O)O)C(O)C(O)C2O)C(=O)C(C)O1
RAFIKI-4647,Cc1c(-c2ccncc2)c[nH]c1C(N)=O
RAFIKI-4648,COc1ccccc1C(c1c(O)ccc2ccccc12)N1CCCC1=O
RAFIKI-4649,Cc1ccc(S(=O)(=O)N2CCCCC2)cc1C(=O)N1CCN(c2ccccn2)CC1
RAFIKI-4650,CC(C)C1C(O)=C(C(N)=O)C(=O)C2(O)C(O)=C3C(=O)c4c(O)ccc(N(C)C)c4CC3CC12
RAFIKI-4651,CC(=O)Nc1ccc(-c2cn3c(n2)SCC3)cc1
RAFIKI-4652,Cc1ccc(-c2ccc(C(=O)C3CCCN(CC4CC4)C3)cc2)cc1
RAFIKI-4653,O=C(Nc1cccc(C(F)(F)F)c1)Nc1ccc(N2CCCC2)c(S(=O)(=O)Nc2ccccc2Cl)c1
RAFIKI-4654,Cc1nnsc1CN1CC2CCC(C1)N(Cc1c(C)noc1C)C2=O
RAFIKI-4655,c1ccc(-c2nnc(CSc3nnc(-c4ccncc4)n3Cc3ccco3)o2)cc1
RAFIKI-4656,CCOc1nc2ccccc2nc1C(=O)Nc1ccc(O)c(CN2CCOCC2)c1
RAFIKI-4657,Cc1cnn(Cc2ccc(Cn3cc(C(=O)NCc4cc(Cl)ccc4C(F)(F)F)c(C(F)(F)F)n3)cc2)c1
RAFIKI-4658,Cc1cc(Nc2ccc(C)c(Br)c2)n2nc(C)nc2n1
RAFIKI-4659,CC1=CC(CC(C(=O)O)C2CN(CC(O)CCO)C(=N)N2)OC1=O
RAFIKI-4660,Cc1nc2ccccc2nc1CN1CCOc2ccc(C3(O)CCN(c4ccccc4F)CC3)cc2C1
RAFIKI-4661,c1ccc2c(c1)[nH]c1ccnc(NCC3CC3)c12
RAFIKI-4662,Cc1cc(F)ccc1C1NCCNC1=O
RAFIKI-4663,Cc1ccc(Nc2nnc(SCC(=O)NCCN3C(=O)CSC3=O)s2)cc1
RAFIKI-4664,OCc1cc2n(n1)CCN(c1ncc(C(F)(F)F)cc1Cl)C2
RAFIKI-4665,CC1CC(O)(CC(=O)O)c2cc(Cl)ccc2O1
RAFIKI-4666,Cc1sc2ncnc(Sc3nnc(C(F)(F)F)n3C)c2c1C
RAFIKI-4667,C[N+](C)(CCO)CCCCC#CI
RAFIKI-4668,CC=CC1CC(C(=O)O)NC1C(NC(C)=O)C(C)O
RAFIKI-4669,CC(C)(C)c1oc(C(=O)O)cc1CN1CCCC1
RAFIKI-4670,CN(c1ccccc1C(N)=O)S(=O)(=O)c1ccc(F)cc1F
RAFIKI-4671,CCCc1ccccc1NC(=O)Nc1ccc([N+](=O)[O-])cc1O
RAFIKI-4672,C=CCNC(=O)c1sc(=S)n(-c2ccc(C(=O)OCC)cc2)c1N
RAFIKI-4673,COc1c2ccoc2cc2oc(-c3cccnc3)c(CN(C)C)c(=O)c12
RAFIKI-4674,O=c1[nH]c2cc(Nc3cccc(C(F)(F)F)c3)ccc2n1CC1CCCCC1
RAFIKI-4675,COc1ccc(C(=O)O)c(NC(=O)c2ccccc2NC(=O)c2ccccc2F)c1
RAFIKI-4676,C=CCN1CC(C)N(C(c2cccc(O)c2)c2cccc(C(=O)N(C)c3ccccc3C(F)(F)F)c2)CC1C
RAFIKI-4677,CCC(C)(C)NC(=O)c1ccc(NCc2cc(=O)n3ccsc3n2)cc1
RAFIKI-4678,O=C(CSc1nnc(O)n1C1CC1)c1c[nH]c2ccccc12
RAFIKI-4679,CC1=CC2=NCC(C(=O)c3ccc(-c4ccc(O)cc4)cc3)CN2C=C1
RAFIKI-4680,CCCc1nc(C)c(C(=O)NC2CCN(CC(N)=O)CC2)s1
RAFIKI-4681,Nc1cc(N2CCNCC2)nc(NCc2ccc(CNCCCNC3CCCCC3)cc2)n1
RAFIKI-4682,O=C(NCCC1=CCCCC1)c1cccc2sc(N3CCCc4ccccc43)nc12
RAFIKI-4683,CCC(=O)Oc1cc(O)c2c(c1)OC(c1ccc(OC)c(OC)c1)CC2=O
RAFIKI-4684,CCCC(=O)c1nnc2nc(SCc3ccccc3)nn2c1CCC
RAFIKI-4685,O=C(O)c1cc(-c2ncc[nH]2)ccc1O
RAFIKI-4686,C(CCc1nn[nH]n1)CCc1nn[nH]n1
RAFIKI-4687,O=C(O)c1cccc(Sc2ccc(Br)cc2C(=O)O)c1
RAFIKI-4688,O=C(C1CC1)C(c1ccccc1F)N1CCc2sc(O)cc2C1
RAFIKI-4689,CCc1nc2c(OCCOc3ccc(F)cc3)cccn2c1N(C)C(=O)c1ccccc1F
RAFIKI-4690,CCOc1ccc(CN(C)Cc2ccccc2)cc1CNC(=O)C(N)Cc1c(C)cc(O)cc1C
RAFIKI-4691,CCOC(=O)c1cnc2c(C)cc(C)cc2c1Nc1ccc(S(=O)(=O)Nc2ncccn2)cc1
RAFIKI-4692,N#CCCOC(=O)C1CC2(COCc3ccccc3)C(=O)N(CCCCc3ccccc3)CC(=O)N2C1c1ccco1
RAFIKI-4693,O=C(Nc1noc2ccccc12)N1CC2CC1CN2c1nc(-c2ccccc2)ns1
RAFIKI-4694,CCOC(=O)c1ccc(-c2cc(-c3ccncc3)c(-c3ccccc3)[nH]2)cc1
RAFIKI-4695,N=C(N)c1ccc(C2=NOC(CC(=O)N3CCCCCC3CC(=O)O)C2)cc1
RAFIKI-4696,CC=C(C)C(=O)OC1CCC2(CO)C3(CC(c4ccoc4)OC3O)C(CO)CC(O)C2(CO)C1(CO)CC(=O)O
RAFIKI-4697,CN(C)C(=O)NC(=O)C1C(C)(C)C1(C)C
RAFIKI-4698,O=C1NC(=O)c2c1c(-c1ccccc1C(F)(F)F)cc1[nH]c3ccc(O)cc3c21
RAFIKI-4699,O=S(=O)(c1ccc(Cl)cc1Cl)N1CCC=C(c2ccccc2)CC1
RAFIKI-4700,CC(=NNCCc1ccc(Cl)cc1)C(=O)O
RAFIKI-4701,O=C(Nc1cc(O)nc2ncnn12)c1ccc(Cl)cc1Cl
RAFIKI-4702,CC(O)(CSc1ccccc1)C(=O)Nc1ccc(C#N)c(Cl)c1
RAFIKI-4703,O=C1C(c2cccc(F)c2)CCN1c1ccc(-c2cn[nH]c2)cc1
RAFIKI-4704,CC1CN(c2cccc3c2CN(c2ccc(C#N)cc2)CC3)CCN1C(=O)Cn1cnc2cccnc21
RAFIKI-4705,CCNC(=O)C1OC(n2cnc3c(NNC(=O)c4cccnc4)ncnc32)C(O)C1O
RAFIKI-4706,CN1Cc2sc(Cl)cc2C(c2ccc(Cl)cc2)C1
RAFIKI-4707,COc1cccc2c1C(=O)c1c(O)c3c(c(O)c1C2=O)CC(O)(C(=O)CO)CC3OC1CC(N2CCCCC2)C(O)C(C)O1
RAFIKI-4708,O=[N+]([O-])c1cc(NC2CCCNC2)ccc1CO
RAFIKI-4709,COc1ccc(C(=O)c2cc(F)c(F)c(OC)c2F)cc1OC(=O)CCl
RAFIKI-4710,FC(F)(F)c1cc(-c2cccs2)nc(NCc2ccco2)n1
RAFIKI-4711,COc1ccc(CCNC(C)C(O)c2ccc(O)c(NS(C)(=O)=O)c2)cc1
RAFIKI-4712,CC1(C)CC(=O)c2c(ccc(C(=O)C=CCO)c2N)O1
RAFIKI-4713,COc1ccc(C2C3CCc4ccc(OC)cc4C3=NN2C=O)cc1
RAFIKI-4714,CCn1c(=S)sc2c(NC(=S)Nc3ccccc3OC)ncnc21
RAFIKI-4715,Cc1cc(C)nc(SCc2nnc(SCC(=O)Nc3ccc(C(F)(F)F)cc3)n2-c2ccc(Cl)cc2)n1
RAFIKI-4716,Cc1cc(C)n(CC(O)COc2ccccc2C)n1
RAFIKI-4717,CCOc1ccc(NC=CC(=O)c2ccc3ccccc3c2)c([N+](=O)[O-])c1
RAFIKI-4718,O=C(Nc1cccc(-c2cccnc2)c1)c1cc([N+](=O)[O-])c(F)cc1Cl
RAFIKI-4719,CC(=O)Nc1ccc2cc3ccc(NC(=O)c4ccc(F)cc4)cc3nc2c1
RAFIKI-4720,CNC(=O)OCCCn1c(-c2cc3ccccc3s2)c(C2=C(C#N)C(=O)NC2=O)c2ccccc21
RAFIKI-4721,COc1n[nH]c2cc(NC(=O)NC(C)c3cccc(Cl)c3)nc(CO)c12
RAFIKI-4722,Cc1cccc(CNC2=NC(=Cc3c[nH]c4ncccc34)C(=O)N2)c1
RAFIKI-4723,CC1(C)CC(=O)C2=C(C1)Nc1n[nH]c(C(F)(F)F)c1C2c1ccccc1F
RAFIKI-4724,O=C(O)CNS(=O)(=O)c1c(Cl)cccc1Cl
RAFIKI-4725,CCCCCCOC(=O)CCCCCNC(=N)N
RAFIKI-4726,CSc1ccc(OCc2nnc3sc(-c4ccccc4Cl)nn23)cc1
RAFIKI-4727,Cn1ccnc1-c1ccc2c(c1)N(c1nc3c(s1)C(=O)NC(C)(C)C3)CCO2
RAFIKI-4728,COc1ccc(Cn2cncc(-c3cc4cc(Cl)ccc4n3S(=O)(=O)c3cc(F)cc(F)c3O)c2=O)cc1
RAFIKI-4729,OCC1=CC2c3cccc4[nH]cc(c34)CC2NC1
RAFIKI-4730,COc1ccc2nc(O)c(CN(Cc3cccnc3)C(=O)Nc3ccccc3)cc2c1
RAFIKI-4731,O=C(O)C1CCCCN1C(=O)CCc1cc(Cl)cs1
RAFIKI-4732,Cn1cc(C(=O)NCC2CCN(C(=O)NC3CC3)CC2)cn1
RAFIKI-4733,O=C(C(=O)n1ncc(Cl)c(Cl)c1=O)n1ncc(Cl)c(Cl)c1=O
RAFIKI-4734,CC1(C(=O)O)CCC2(C)CCC3(C)C(=CC(=O)C4C5(C)CCC(=NO)C(C)(C)C5CCC43C)C2C1
RAFIKI-4735,CC1CCC23CCC4(C)C5(C)CCC6C(C)(C)C(O)CCC6(C)C5C=CC4(OC2=O)C3C1C
RAFIKI-4736,Cc1cccc(OCC(O)CNc2ncccc2F)c1
RAFIKI-4737,COC1(C)CC(OC2C(C)C(=O)OC(C(C)=O)C(C)C3OC(C)(CC3C)C(OC3OC(C)CC(N(C)C)C3O)C2C)OC(C)C1O
RAFIKI-4738,CC(=O)ON=C1C(c2c(O)n(C)c3c(Cl)cccc23)=Nc2ccccc21
RAFIKI-4739,CC(C)(C)C(=O)n1nc(-c2ccccn2)cc1NCc1ccccc1
RAFIKI-4740,CCC1(c2cccc(OC(=O)c3c(C)cccc3N)c2)CCCCN(C)C1
RAFIKI-4741,CC1CCCC=CC(=O)c2c(O)cc(O)cc2CC(=O)O1
RAFIKI-4742,COc1nc(-c2ccc3c(c2)S(=O)(=O)c2ccccc2C3=O)no1
RAFIKI-4743,COC(=O)c1ccnc2cc(OCc3ccc(Cl)c(OCC4CC4)c3)[nH]c12
RAFIKI-4744,Cc1ccc(C(C)CCCC(C)C(=O)O)c(O)c1
RAFIKI-4745,CC(C)CC(NC(=O)C1(CC2CCC2)Cc2ccccc2N1)C(=O)NC(CC(F)F)C(=O)C(=O)O
RAFIKI-4746,CCOc1nc2cc(C(=O)N3CCC(COCCOC)C3)ccc2[nH]1
RAFIKI-4747,COc1cc(C(C)C)c(Oc2cnc(N)nc2N)cc1-c1ccc(OC(F)(F)F)cc1
RAFIKI-4748,N#Cc1cccc(Nc2nc3nonc3nc2Nc2cccc(C#N)c2)c1
RAFIKI-4749,CC(=O)N1CCc2c(c(-c3ccc(C(F)(F)F)c(SCCN4CCC(F)CC4)c3)nn2CC(O)CN2CCCCC2)C1
RAFIKI-4750,Cc1ccc(Cl)c(OCC(=O)Nc2ccccc2C(=O)NC2CC2)c1
RAFIKI-4751,CCc1nn(C(C)C(=O)N2CCc3ccccc3C2)c(=O)c2cc3occc3n12
RAFIKI-4752,CC1=C2CC(C)(CO)CC2Cc2coc(C(=O)O)c21
RAFIKI-4753,COc1ccc(N(C(=O)c2cnc(-c3cccc(C)c3C)cn2)C(C)C)cn1
RAFIKI-4754,COc1ccc(S(=O)(=O)N2CCCC2CNC(=O)C(=O)NCc2ccccc2Cl)cc1
RAFIKI-4755,CN(Cc1ccc(Cl)cc1)c1cc(C(F)(F)F)nc(NCCN2CCCCC2)n1
RAFIKI-4756,COc1ccc(CN2CC(COc3cccc(F)c3)CC(C(=O)NCCN(C)C)C2)cc1OC
RAFIKI-4757,O=C(COC(=O)CC1c2ccccc2CCN1S(=O)(=O)c1ccccc1)Nc1ccccc1
RAFIKI-4758,CC1NC(=O)N(c2cc(Cc3n[nH]c(=O)c4c3NCCC4)ccc2F)C1=O
RAFIKI-4759,Cn1cc(-c2cc3cc(NC(=O)C4CC4F)ncc3c(N)n2)cn1
RAFIKI-4760,Oc1nccc2nc(C3CC3)n(Cc3ccc(-c4ccccc4-c4nn[nH]n4)cc3)c12
RAFIKI-4761,C=CCN(C(=O)c1csnn1)C(C(=O)NC1CCCC1)c1ccccc1F
RAFIKI-4762,COc1cccc(CN(C)C(=O)C2CCCN(C(=O)c3ccc(Cl)cc3)C2)c1
RAFIKI-4763,CC(NS(=O)(=O)c1cc2c(c(C(=O)Nc3ccc(F)c(Cl)c3)c1)OCCO2)c1ccncc1
RAFIKI-4764,COc1ccc(CCC(=O)C=C(O)C(F)(F)C(F)(F)F)cc1
RAFIKI-4765,N#Cc1cc(Cl)cc(Oc2c(C(F)(F)F)ncn(Cc3cc(-c4cc(F)c(F)c(F)c4)c(=O)[nH]n3)c2=O)c1
RAFIKI-4766,COc1cccc(OCc2nn3c(=O)c(-c4ccccc4)nnc3s2)c1
RAFIKI-4767,O=C(NCC1(N2CCCCC2)CCCCC1)c1ccc(O)nc1
RAFIKI-4768,CCC1C(C)CC2C1C=CC1C3CC=CC(=O)NCCC(O)C4NC(=O)C(=C4O)C(=O)C=CC3CC12
RAFIKI-4769,O=C1N(Cc2c[nH]c3ccccc23)CCCC12CCN(c1cc3nccnc3cn1)CC2
RAFIKI-4770,Cc1ccc(C=Nn2nnnc2N)cc1[N+](=O)[O-]
RAFIKI-4771,CC1CCC(C)N1CCCNC(=O)C(c1ccccc1)c1ccccc1
RAFIKI-4772,COc1cc(OC)cc(C(=O)NC(=S)NCCc2ccccc2)c1
RAFIKI-4773,NS(=O)(=O)c1cn(CC(=O)NS(=O)(=O)c2ccccc2Cl)ccc1=O
RAFIKI-4774,Cc1ccc2c(=O)c(C(=O)Nn3c(C)csc3=S)c[nH]c2n1
RAFIKI-4775,CN(C)c1ccc(C2CC(c3ccc(-n4ccnc4)cc3)=NN2C(=O)c2cc(Cl)cc(Cl)c2)cc1
RAFIKI-4776,CCCCc1nnc(OCCc2ccccc2)n1Cc1ccc(NC(=O)c2ccccc2-c2nnn[nH]2)cc1
RAFIKI-4777,CN1CCN(C2CCN(CCOc3cccc(Cl)c3)CC2)C1=O
RAFIKI-4778,Cc1cnc(C(C)CNC(=O)NCCc2cn3c(n2)CCCC3)s1
RAFIKI-4779,Cn1c(-c2cc(-c3ccc[nH]3)no2)cc(Br)c1Br
RAFIKI-4780,COc1ccc(CCC(=O)Nc2cc(-c3ccn[nH]3)sc2C)cc1
RAFIKI-4781,O=C1c2ccccc2C(=O)N1CCSC(=S)N1CCCC1
RAFIKI-4782,CCC(C)(CC(=O)OC)NC(=O)c1ccc2[nH]ccc2c1
RAFIKI-4783,CCOC(=O)N1CC(S(=O)(=O)c2ccc(-c3cccc4[nH]c(N)nc34)c(-c3nn[nH]n3)c2S(N)(=O)=O)C1
RAFIKI-4784,CCCn1c(=O)c2nc(C(C)(C)CCC)[nH]c2n(CCC)c1=O
RAFIKI-4785,O=C(CCN1C(=O)C(=Cc2ccccc2Cl)SC1=S)Nc1ccccc1O
RAFIKI-4786,COc1cc(C(=O)NC(=N)Nc2ccc(C)c(NC(=O)c3ccc(-c4ccc(F)cc4)cc3)c2)cc(OC)c1OC
RAFIKI-4787,COC(=O)Nc1ccc2c(c1O)C(=O)C1=C(O)C3(O)C(O)=C(C(N)=O)C(=O)C(N(C)C)C3C(O)C1C2C
RAFIKI-4788,CC(NS(=O)(=O)OCC(Cl)(Cl)Cl)c1ccc(C(C)(C)C)cc1
RAFIKI-4789,CCC(C)(C)Cc1c[nH]c(CCc2ccc(-c3ccncc3)cc2)n1
RAFIKI-4790,[C-]#[N+]c1cccc(C=Cc2ccncc2)c1
RAFIKI-4791,NCC=CCn1cnc2c(=O)[nH]c(N)nc21
RAFIKI-4792,CC(=O)Nc1ccn(Cc2c(F)cccc2Cl)n1
RAFIKI-4793,Cc1cc(C)c(CNC(=O)N2CCCC2c2cc(C)on2)c(=O)[nH]1
RAFIKI-4794,COCC(NC(=O)Nc1cc2[nH]nc(-c3ccc(C(F)(F)F)nc3)c2cn1)c1ccc(F)cc1
RAFIKI-4795,CC(=O)c1ccc(OC2Cc3c(ccc(C(C)=O)c3O)O2)cc1O
RAFIKI-4796,CC1(C(=O)O)CCC(O)C2(C)C1CC(O)C13CC(CCC12)C(CO)C3=O
RAFIKI-4797,CCC(CC1COC(N)=N1)c1cc(Cl)ccc1F
RAFIKI-4798,CN(C)CCCn1cc(CNc2c3ccccc3nc3c2oc2ccccc23)nn1
RAFIKI-4799,O=C1c2cccnc2C(=O)N1Cc1ccc(F)cc1S(=O)(=O)NCc1ccco1
RAFIKI-4800,CCOc1cccc(-c2[nH]c(C3CCN(c4ncnc5[nH]c(-c6ccc(C#N)cc6)cc45)CC3)nc2C)c1
RAFIKI-4801,COc1ccc(-c2nnc(Nc3ccc(C)cc3)s2)c(OC)c1
RAFIKI-4802,O=c1c(O)c(Nc2cc(Cl)c(Oc3ccc(O)c(Cc4ccccc4)c3)c(Cl)c2)c1=O
RAFIKI-4803,CNc1nc2c(Cl)cc(Cl)cc2n1COCCO
RAFIKI-4804,Cc1ccccc1NCC(=O)NN=CC=Cc1cccc([N+](=O)[O-])c1
RAFIKI-4805,CC(C)(C)OC(=O)NC(CCNCC(O)C(Cc1ccccc1)NC(=O)OC(C)(C)C)Cc1ccccc1
RAFIKI-4806,Nc1ncc(C2CCOC2)nc1-c1ccc(C(=O)NC(CO)c2ccccc2)cc1
RAFIKI-4807,C=C1CC23OC2(c2ccccc21)C1CC(OC(=O)C(O)C(NC(=O)NC(C)(C)C)c2ccccc2)C3(C)C1(C)C
RAFIKI-4808,CN1CCN(c2ccc([N+](=O)[O-])cc2NC(=O)c2cccc3ccnn23)CC1
RAFIKI-4809,Oc1cccc2c(NC(S)=Nc3ccc(SC(F)F)cc3)cccc12
RAFIKI-4810,CC(=O)C1(O)CCC2(O)C3(O)CC=C4CC(OC(=O)C=Cc5ccc(F)cc5)CCC4(C)C3CC(OC(=O)C=C(C)C(C)C)C12C
RAFIKI-4811,COC(=O)Nc1cccc(NCc2ncc(C(C)(C)C)o2)c1
RAFIKI-4812,COC(=O)c1c(C(C)(C)C)[n+]([O-])c2cc(Cl)c(Cl)cc2[n+]1[O-]
RAFIKI-4813,NC(CCC(=O)NC1=CC(=O)C(=O)C=C1)C(=O)O
RAFIKI-4814,c1ccc(C(c2ccccc2)c2ccccc2)cc1
RAFIKI-4815,NC(=O)c1cccc(C2CC2C(=O)N2CCN(C3CCC3)CC2)c1
RAFIKI-4816,COc1ccc(S(=O)(=O)NC(=O)C2(C)CCN2C(=O)Cc2ccccc2Cl)cc1
RAFIKI-4817,CCn1c(COC(=O)c2sc(C)nc2C)nc2cc(S(=O)(=O)N(C)C)ccc21
RAFIKI-4818,O=C(O)c1cccc(CCc2ccccc2NS(=O)(=O)c2ccccc2)c1
RAFIKI-4819,Cc1ccc2c(c1)c1c(n2CC(=O)O)CCC(N(C)c2ncc(Cl)cn2)C1
RAFIKI-4820,COc1ccc2c(c1)CCN(CCCc1c[nH]c3ccc(Br)cc13)C2
RAFIKI-4821,O=S(=O)(Nc1c(O)ccc2c1CCCC2C1=NCCN1)c1ccccc1
RAFIKI-4822,COC(=O)c1cccnc1N=C(S)NC(C)C
RAFIKI-4823,Cc1ccc(-c2c(C)c3c(c(C)c2C(OC(C)(C)C)C(=O)O)CN(CC(=O)N2CCCCC2)C3)cc1
RAFIKI-4824,CN(C)CCCNC(=O)c1cc(C(=O)C2CCCCC2)c[nH]1
RAFIKI-4825,Cc1[nH]cnc1Cn1ccc2c(O)nc3ccccc3c2c1=O
RAFIKI-4826,COC(=O)c1ccc(COc2ccc(-c3nn[nH]n3)cc2)cc1
RAFIKI-4827,Nc1ccc2ccc(OCC3OC(n4cc(Br)c5c(N)ncnc54)C(O)C3O)cc2n1
RAFIKI-4828,COc1ccc(-c2[nH]c(=S)nc(Nc3ccc(-c4nc5cc(C(=O)O)ccc5[nH]4)cc3)c2C#N)cc1
RAFIKI-4829,Cc1cc(C)c2[nH]c(C)c(CC(=O)NCc3nnc(C)o3)c2c1
RAFIKI-4830,CC(C)Nc1cc(Nc2ccc3ncsc3c2)ncc1C(=O)NC1CCC(NC(=O)c2cccnc2)CC1
RAFIKI-4831,CCCCN(CCCC)C(=O)c1nn(-c2ccc(OCC(=O)OCC)cc2C(=O)N2Cc3ccccc3CC2CO)c(C)c1Cl
RAFIKI-4832,Fc1cc(F)cc(OCc2ccc3[nH]nc(C=Cc4ccccn4)c3c2)c1
RAFIKI-4833,COC(=O)C(CO)NC(=O)C1Cc2c([nH]c3ccccc23)CN1C(=O)OC(C)(C)C
RAFIKI-4834,Cc1ccc(C(c2c(C)[nH][nH]c2=O)C2C(=O)NC(=O)NC2=O)cc1
RAFIKI-4835,O=C1c2cccc(O)c2C(=O)c2c(O)cc(CN3CCCCC3)cc21
RAFIKI-4836,CN(C)c1cc(CNCC(C)(C)C)c(O)c2c1CC1CC3C(N(C)C)C(O)=C(C(N)=O)C(=O)C3(O)C(O)=C1C2=O
RAFIKI-4837,Cc1ccc(-c2noc(C3CCN(C(=O)NCc4ccco4)CC3)n2)cc1
RAFIKI-4838,CN(C)Cc1cc(CC2(NCc3ccc(C#N)cc3)COC2)no1
RAFIKI-4839,Cc1ccc(C(=O)N(C)CCc2noc(-c3ccc(C(=O)NCCN(C)C)cc3)n2)cc1
RAFIKI-4840,CCc1nc(C(=O)N2CC(C)CN(C)c3ccccc32)c[nH]1
RAFIKI-4841,CCC=CC=CC1(C)OC(CC2CC3OC(C)C(C)c4c(C)c(O)c(C(=O)O)c(c43)O2)=C(C(=O)O)C1=O
RAFIKI-4842,NS(=O)(=O)c1ccc(C(=O)Nc2ccc(Cl)nc2)cc1
RAFIKI-4843,Cc1ccccc1OCCn1c(S)nc2c(N)ncnc21
RAFIKI-4844,CCn1nncc1C(=O)N1CCOCC2(CCCC2)C1
RAFIKI-4845,O=C1CC2(CN(C(=O)C(F)(F)c3ccccc3F)C2)NCCN1
RAFIKI-4846,CC(C)c1ncc(NC(=O)COCC2CC2)cn1
RAFIKI-4847,CCCn1c(=O)c2nc(-c3cc(OCC(=O)Nc4ccc(C(C)CC)cc4)nn3C)[nH]c2n(CCC)c1=O
RAFIKI-4848,CCCOc1cc(N2CC3=C(CCCC3)C2=O)c(Cl)cc1Cl
RAFIKI-4849,CCN(CC)CCCC(C)N=C(N)NC(=O)c1cccc(F)c1CCc1cc(Br)ccc1Cl
RAFIKI-4850,O=C(Nc1cccc(C(F)(F)F)c1)N1CCC(c2nnn3cnc4[nH]ccc4c23)CC1
RAFIKI-4851,CS(=O)(=O)CCOc1cncc(-c2cnc(NCc3cccc4c3CCO4)n3cnnc23)c1
RAFIKI-4852,O=C(O)c1ccc(C=Cc2ccccc2)cc1C(=O)O
RAFIKI-4853,CN(C)C(=O)c1cc2cnc(Nc3ccc(-c4cncn4C)cc3Cl)cc2n1C(=O)OC(C)(C)C
RAFIKI-4854,CCCC(C)Nc1nc(N)nc2ccccc12
RAFIKI-4855,Cc1c(Cl)cccc1-c1noc(C2CCCN2C(=O)c2cc(F)ccc2-n2nccn2)n1
RAFIKI-4856,COc1ccc(NC(=O)CN2C(=O)SC(=Cc3ccc(Cl)cc3)C2=O)cc1
RAFIKI-4857,COc1ccc(C(=O)Oc2ccc(C=C3C(=O)Nc4ccccc43)cc2)cc1OC
RAFIKI-4858,COC(=O)CSc1nnc(Cc2csc(NC(=O)CCl)n2)n1NC(=O)c1ccc(Cl)cc1
RAFIKI-4859,CC(C)=C1C2CCC1C(C(=O)Nc1cc(C)cc(C)c1)C2C(=O)O
RAFIKI-4860,COc1cc(-c2cc3nn(C)cc3c(OC(C)C3CNC(=O)C3)n2)ccc1OC(C)C
RAFIKI-4861,CC(C)(C)C1CCC(N(C(=O)Nc2ccc(OC(F)(F)F)cc2)C2CCc3cc(C(=O)NCCC(=O)O)ccc32)CC1
RAFIKI-4862,O=C(O)CC1(O)CC(CCCCCCc2ccc(Cl)cc2-c2ccccc2)OC1=O
RAFIKI-4863,COC(=O)c1ccc(NC(=O)Nc2cccc(C#N)c2)c(CN2CCC(Cc3ccc(F)cc3)CC2)c1
RAFIKI-4864,O=S(=O)(OCCCl)c1ccc(F)cc1
RAFIKI-4865,Cc1cc(C)n2nc(SCc3nc(-c4ccccc4)cn3CC(N)=O)nc2c1
RAFIKI-4866,O=C(NCc1ccc2c(c1)OCO2)c1cc(-c2ccccc2)c(N2CCOCC2)s1
RAFIKI-4867,O=[N+]([O-])c1cc2c(cc1CN1CC=C(n3c(O)nc4ccccc43)CC1)OCO2
RAFIKI-4868,Cc1c(Sc2cccc(C(=O)O)c2)c2ccc(Cl)c(F)c2n1CC(=O)N1CCC(c2cnn(C)c2)CC1
RAFIKI-4869,CC(NS(=O)(=O)c1ccc(-c2sc(-c3cccc(CC(C)(C)OC=O)n3)nc2CC2CCC2)c2ccncc12)C(F)(F)F
RAFIKI-4870,ON=Cc1cc(Br)ccc1OCc1ccc(F)cc1
RAFIKI-4871,COC(=O)C(C)NP(=O)(OCC1OC(C)(C)OC1C(=O)NO)Oc1ccccc1
RAFIKI-4872,CCc1noc(C)c1C(=O)OCC(=O)Nc1ccccc1SC
RAFIKI-4873,CC(C)COC(=O)C(C#N)=Cc1c[nH]c2ccccc12
RAFIKI-4874,CC(=O)OC1CCC2N3CCC2(c2cc4c(cc2C3)OCO4)C1O
RAFIKI-4875,Cn1cnc(C2=NCC(=O)N3CCc4c(cccc4-c4ccncc4)C3=C2)c1
RAFIKI-4876,Cc1cccc(C)c1C(=O)NNC(=O)C1(C(=O)NC2CC(=O)OC2O)CCCCC1
RAFIKI-4877,COCc1c(C(=O)N2CCCC(C)C2)cnn1-c1nccc(-c2cc(C)sc2C)n1
RAFIKI-4878,[N-]=[N+]=Nc1ccccc1Oc1ccccc1
RAFIKI-4879,Cn1c(COC(c2ccc(C#N)cc2)c2c[nH]cn2)c(-c2cccc(Cl)c2)cc(C#N)c1=O
RAFIKI-4880,COc1cc(C)c2c(=O)c3c(O)cc(OC)c(Cl)c3oc2c1
RAFIKI-4881,CC(C)n1ccnc1CN1CCOC(CCc2ccccc2)C1
RAFIKI-4882,COc1cccc(ON=C2CCN(c3c(F)cc4c(=O)c(C(=O)O)cn(C5CC5)c4c3OC)CC2N)c1OC
RAFIKI-4883,COc1cc(OC)cc(-c2nc3ccc(OCCN(C)C)c(C#N)c3[nH]2)c1
RAFIKI-4884,O=c1ccc(=NNc2ccccc2)c(=O)c1=NNc1ccccc1
RAFIKI-4885,Cc1ccc(CN2C(=O)c3ccccc3C2(O)c2ccc3c(c2)NC(=O)CO3)cc1C
RAFIKI-4886,CC(C)OC(=O)c1c(F)c(F)c(N2CCOCC2)c(F)c1F
RAFIKI-4887,CCCCCCOC(=O)C(C(=O)OC1CC2C3OC3C(C1)[N+]2(C)C)c1ccccc1
RAFIKI-4888,COc1ncccc1-c1csc2ncnc(N3C4CCC3CC(COCCN3CCCC3)C4)c12
RAFIKI-4889,CCCC(=O)OC1CC(C)=CC2OC(=O)C3(C)OC23C(OC(C)=O)C2C(C)=CC(O)C(OC(C)=O)C2(C)C1OC(C)=O
RAFIKI-4890,C=CCNC(=O)CSc1nc(O)c2c(C)c(C)sc2n1
RAFIKI-4891,Cc1ccc(-c2c(C)nn3c2NC(=O)CCC3=O)cc1S(=O)(=O)Nc1cccc(F)c1
RAFIKI-4892,Cc1sc2ncn(CC(=O)NC3CCCCC3)c(=O)c2c1C
RAFIKI-4893,CC1(C)CC(COS(C)(=O)=O)C(=O)O1
RAFIKI-4894,Cc1cc(C(O)(c2ccc3c(cnn3-c3ccc(F)cc3)c2)C(F)(F)F)ccc1F
RAFIKI-4895,CC1(C)CC2=C(CC3(CC3)C(C)(O)C2=O)C1=O
RAFIKI-4896,COc1cc(CC(=O)c2cccc(-c3ccnc(Cl)c3)c2)c(C(=O)O)c(O)c1CC=C(C)C
RAFIKI-4897,Nc1nc(O)c2ncn(CC3CC3(CO)CO)c2n1
RAFIKI-4898,Cc1cnc(CCNC(=O)Nc2ccnn2C2CCCCC2)s1
RAFIKI-4899,O=C(NCCc1ccccc1)n1cc(F)c(=O)[nH]c1=O
RAFIKI-4900,CC(=O)OCCc1c(C)nc2ncnn2c1O
RAFIKI-4901,Cc1ccccc1CN1CCC=C(CCC(=O)NO)C1=O
RAFIKI-4902,CCCCCCCCCCC1(C)SC(O)=C(Cc2ccccc2)C1=O
RAFIKI-4903,COc1ccc2c(c1OC)Oc1c(OC)ccc3c1C(=C2)N(C)C3=O
RAFIKI-4904,COc1ccc(S(=O)(=O)N2CCOC2CNC(=O)C(=O)NCCN2CCOCC2)cc1
RAFIKI-4905,O=[N+]([O-])c1ccc(SC(=S)N2CCN(c3ccccc3)CC2)c([N+](=O)[O-])c1
RAFIKI-4906,CON=C(CN1CCN(c2cc3c(cc2F)c(=O)c(C(=O)O)cn3C2CC2)CC1)c1ccc(Cl)cc1Cl
RAFIKI-4907,CC(C(=O)OCCCN1CCCC1)(c1ccccc1)c1ccccc1
RAFIKI-4908,COc1ncnc(N)c1CNCCc1ccc(-n2cccn2)cc1
RAFIKI-4909,CCc1ncnc(-c2ccc(C(=O)N3CCN(CC4CCCO4)CC3)c(F)c2)c1C#Cc1ccc(N)nc1C
RAFIKI-4910,O=C(O)CSCc1cc(Br)cc2nc(O)c(O)nc12
RAFIKI-4911,NC(=O)c1cccc(-c2cc(Cc3n[nH]c(=O)c4c3CCCC4)ccc2F)c1
RAFIKI-4912,CCn1cc(NC(=O)c2cc3c(F)cccc3s2)cn1
RAFIKI-4913,CCN1CCN(S(=O)(=O)c2ccc(Cl)c(C(=O)Nc3sc4c(c3-c3nc5ccccc5[nH]3)CCCC4)c2)CC1
RAFIKI-4914,COc1c(N2CC3=C(CN(C)CC3)C2)c(F)cc2c(=O)c(C(=O)O)cn(C3CC3)c12
RAFIKI-4915,O=C(O)c1cn(C2CC2)c2cc(N3CCN(c4nnc(SCc5ccc([N+](=O)[O-])cc5)s4)CC3)c(F)cc2c1=O
RAFIKI-4916,COc1ccc(NN=C2C(=O)N(c3nc4ccc(Cl)cc4s3)N=C2C)cc1
RAFIKI-4917,Cn1nccc1C(=O)N1CCN(c2ccnc(-c3cnc4ccc(C(F)(F)F)cn34)n2)CC1c1cn[nH]c1
RAFIKI-4918,O=C(NC1CC1)C1CCCN1c1ncnc2ccsc12
RAFIKI-4919,COc1cc(CCc2ccc(C(C)(F)F)cc2NC(=O)CN)cc(OC)c1OC
RAFIKI-4920,COc1cc2oc(-c3ccccc3)cc(=O)c2c2c1OCCCO2
RAFIKI-4921,Cc1ccc2cccc(OC(=O)N3CCCC3)c2n1
RAFIKI-4922,Cn1cc(NC(=O)c2cnn3ccc(NC4CCC(F)(F)CC4N)nc23)c(C(F)F)n1
RAFIKI-4923,Cc1cc(CNC(=O)N2CCCN(Cc3ccccc3)CC2)no1
RAFIKI-4924,CCCCC1(CCCC)CC(CNCCCn2ccnc2)C(C)(OC)OO1
RAFIKI-4925,Cc1cccc(CSC2=C(O)CC(c3ccccc3)CC2=O)c1
RAFIKI-4926,NCCC(=O)Nc1ccc(-n2nc(C(F)(F)F)cc2-c2ccc(-c3ccc(C(F)(F)F)cc3)cc2)cc1
RAFIKI-4927,Nc1ccc(N2CCOCC2)c2nonc12
RAFIKI-4928,COC(=O)c1ccc(C(=O)Nc2ccncc2NC(=O)c2ccc(C(=O)OC)cc2)cc1
RAFIKI-4929,CNC1=NC(c2cccc(NC(=O)c3ccco3)c2)CN1C(=O)OC(C)(C)C
RAFIKI-4930,O=C(OC(C(F)(F)F)C(F)(F)F)N1CCC2(CCCN2Cc2cccc(N3CCC4(CCOCC4)C3)c2Cl)CC1
RAFIKI-4931,CN1C(=O)c2ccc(F)cc2CN2CC1C1(CC1)C2
RAFIKI-4932,Cc1nc(C2OC(CO)C(O)C(n3cc(-c4ccc(Cl)c(F)c4)nn3)C2O)n(-c2cc(Cl)ccc2C2CC2)n1
RAFIKI-4933,COc1cc2[nH]c3ccc(Nc4cccc(OC(F)(F)F)c4)cc3c(=O)c2cc1Cl
RAFIKI-4934,CS(=O)(=O)Oc1coc2cc(O)cc(O)c2c1=O
RAFIKI-4935,O=C(Nc1cc(C2CC2)[nH]n1)c1ccccc1Br
RAFIKI-4936,CC(C)Cc1nc(N2CCOCC2)c(C#N)c2c1CCC2
RAFIKI-4937,CCC(CC)OC1C=C(C(=O)NCc2cn(Cc3ccccc3Br)nn2)CC(N)C1NC(C)=O
RAFIKI-4938,Cc1nc(CN2CCCC(CCc3cccc(C(F)(F)F)c3)C2)co1
RAFIKI-4939,O=C(C=Cc1cccc2c1ccn2S(=O)(=O)c1ccccc1)NO
RAFIKI-4940,CCNC(=O)NNC(=O)Cn1nc(C)cc1C
RAFIKI-4941,COc1ccc2c(N3CCC(CCNS(N)(=O)=O)CC3)ncnc2c1
RAFIKI-4942,CCCC(=O)c1cnc2ccc(-c3cc(Cl)c(O)c(Cl)c3)cc2c1Nc1ccc(N2CCNCC2)nc1
RAFIKI-4943,Ic1ccc(-c2csc(NN=Cc3cc4ccccc4s3)n2)cc1
RAFIKI-4944,Cc1cc[n+](Cc2ccc(C=Cc3ccc(C[n+]4ccc(N)c5ccccc54)cc3)cc2)c2ccccc12
RAFIKI-4945,CN(C)C(=O)NC1COC2(CCN(Cc3ccco3)CC2)C1
RAFIKI-4946,Cc1ccc(Cn2ncc(NC(=O)Cc3ccc(C4(F)COC4)cc3)n2)cc1C#N
RAFIKI-4947,Cc1ccc2c(c1)C=C(CC1CN=C(N)O1)CC2
RAFIKI-4948,CS(=O)(=O)c1ccc(-c2cnc3ccc(-c4cccc(C(=O)N5CCCCC5)c4)nn23)cc1
RAFIKI-4949,CN1CCN(Cc2cccc3nc(N)oc23)CC1
RAFIKI-4950,Cc1nc(COCc2ccccc2)c(C(=O)O)c(C(=O)O)c1O
RAFIKI-4951,COC(=O)C=CC(=O)Nc1ccc(Cl)c(Cl)c1
RAFIKI-4952,Cc1cccnc1NC(=O)N(C)CCCOCc1ccccc1
RAFIKI-4953,CCCCCCCOc1cccc2c1cnc1ncnn12
RAFIKI-4954,CC1CCCN(C(=O)CC(c2ccc3c(c2)OCO3)c2cc(-c3ccccc3)ccc2O)C1
RAFIKI-4955,Cc1ccc(C(=O)NC(=O)c2ccccc2O)cc1
RAFIKI-4956,CC1CC(F)(F)CN1C(=O)c1nc(C(=O)NC(C)C(C)(C)O)sc1-c1cnc(NC(C2CC2)C(F)(F)F)cc1C(F)F
RAFIKI-4957,O=C(O)c1cncc(-c2ccc(N3CC(CO)OC3=O)cc2F)c1
RAFIKI-4958,CC(OC(=O)CCC1CCCCC1)C(=O)Nc1ccc2c(c1)OCCO2
RAFIKI-4959,COc1cnccc1-c1cccnc1Oc1ccc(Nc2nc3ccccc3s2)cc1
RAFIKI-4960,N#CC(C#N)=NNc1ccccc1Cl
RAFIKI-4961,C=CCCCCP(=O)(O)OCC1COC(C)(C)O1
RAFIKI-4962,Fc1ccccc1N1CCN(c2ncnc3onc(-c4cccc(Cl)c4)c23)CC1
RAFIKI-4963,COCCCNC(=O)CC1CC(C(=O)N2CCOCC2)C2(C)c3[nH]c4cc(CCC(=O)N(C)C)ccc4c3CCN2C1=O
RAFIKI-4964,CCCCN(CCCC)CCCOc1ccc(-c2cn3cccnc3n2)cc1
RAFIKI-4965,CCn1ccc2ccc(CN3CCC(O)CC3C(=O)OC)cc21
RAFIKI-4966,CC(=O)NCC1CN(c2ccc(N3CCN(C(=O)C(=O)C=Cc4ccco4)CC3)c(F)c2)C(=O)O1
RAFIKI-4967,O=C(O)c1ccc(N2C(=O)C(=Cc3c(Cl)cccc3C3CC3)c3ccccc32)cc1O
RAFIKI-4968,Cc1ccc2nc(-c3ccccc3)c(CN3CCOCC3)c(O)c2c1
RAFIKI-4969,O=C1OC(c2ccccc2)OC(=O)C1=Cc1cc(Cl)c(O)c(Cl)c1
RAFIKI-4970,COC(=O)C(Cc1ccccc1)NS(=O)(=O)c1cc(NC(C)=O)ccc1-c1cnc(-c2ccc(NC(=S)NC(C)C)cc2)s1
RAFIKI-4971,CCC(C)(C(=O)OC)C(=O)C1=COC(OC)C1C(C)C(C)=O
RAFIKI-4972,Fc1ccc(OCc2nc3c(OCCCNCc4cccnc4)cccc3o2)c(F)c1
RAFIKI-4973,Oc1noc(O)c1-c1ncc(C(F)(F)F)cc1Cl
RAFIKI-4974,O=C1NCCc2nc(-c3cccc(-c4cccc(O)c4)c3)cc(Nc3cccc4ncccc34)c21
RAFIKI-4975,CC(C)(C)c1ccc(CN(CC(=O)O)Cc2ccc(C(=O)O)c(C(=O)O)c2)cc1
RAFIKI-4976,Cc1cc(C)cc(-n2ccn(CC(=O)Nc3cc(C)ccc3C)c(=O)c2=O)c1
RAFIKI-4977,Cc1cccnc1NC1=NS(=O)(=O)c2ccccc21
RAFIKI-4978,COc1ccc(C2=Cc3ccccc3C(CC(=O)C3CC3)N2c2ccc(C#CCCO)cc2)cc1
RAFIKI-4979,Cc1nn(C)c(C)c1S(=O)(=O)NC1CCCC1
RAFIKI-4980,CCN1CCN(C(=O)c2nc(-c3ccc4c(c3)N(C3CC3)C(C)C(=O)N4C)n(-c3ccc(C)cc3C)n2)CC1
RAFIKI-4981,CC(C)(N)Cc1ccc(Br)cc1
RAFIKI-4982,CS(=O)(=O)N1CCOc2ccc(F)cc2C1
RAFIKI-4983,Cc1ccc(C(=O)NC2CC2)cc1-c1ccc(C(=O)NCCCN2CCOCC2)cc1
RAFIKI-4984,Cn1nc(CC#N)c2c(=N)n(N)cnc21
RAFIKI-4985,C#CCC(C)(C)COC(=O)c1ccnc(C)c1
RAFIKI-4986,Cc1ncc(-c2cccn3c(-c4cccc(F)c4F)c(CO)nc23)cc1C(=O)Nc1ccc(F)cc1
RAFIKI-4987,COc1ccccc1CNCCC(O)COc1cccc2c(=O)c3ccccc3oc12
RAFIKI-4988,CC1CCC2(CC1)NC(=O)N(CC(=O)Nc1cccc(S(=O)(=O)N3CCCC3)c1)C2=O
RAFIKI-4989,COc1c(O)cc2c(oc3c4cc(O)ccc4ccc23)c1CC=C(C)C
RAFIKI-4990,CN(C)CCNS(=O)(=O)c1ccc2c(c1)CCC2
RAFIKI-4991,COCCOc1cc(C(=O)O)cc2c1nc(Cc1cc(F)c(-c3cccc(OCc4ccc(C#N)cc4F)n3)cc1F)n2CC1CCO1
RAFIKI-4992,CC(NC(=O)c1c[nH]c2ncc(C3CC3)nc12)C1CCCCC1
RAFIKI-4993,Cc1cc2c(cc1C(F)(F)F)NC(=O)CC(c1cccc(Oc3ncccn3)c1)N2
RAFIKI-4994,CC(=O)OCC1OC(CC=NOC(C)CN2CCCCc3nc(C)c(C)cc32)C=CC1OC(C)=O
RAFIKI-4995,Fc1cccc(CSc2nc(NC3CC3)c3nn[nH]c3n2)c1F
RAFIKI-4996,COc1ccccc1-c1ncc(CN2CCCC2c2ccc(C(N)=O)s2)cn1
RAFIKI-4997,COC(=O)C(NC(=O)C(C)NC(=O)c1ncn2c(=O)n(CCCl)nnc12)C(C)C
RAFIKI-4998,Cc1ccccc1CN1N=C(C=Cc2ccccc2)CCC1=O
RAFIKI-4999,O=C1CCC(CCN2CC(N3CCOCC3)C2)(c2ccc(Cl)c(Cl)c2)CN1Cc1ccc(F)cc1
RAFIKI-5000,COc1cc(C2CC(=O)c3c(cc(O)c(CC=C(C)CCC=C(C)C)c3O)O2)cc(OC)c1O
RAFIKI-5001,CCCCNc1nc(Cl)nc2c1ncn2Cc1ccc(C(=O)Nc2ccccc2N)cc1
RAFIKI-5002,CC1(c2nc(NC(=O)c3ncc(C(F)F)nc3N)ccc2F)N=C(N)OCC1(F)F
RAFIKI-5003,COc1c(C=C2NC(=O)NC2=O)ccc(OC(C)(C)C)c1Cl
RAFIKI-5004,COc1cc(CNC(=O)C=Cc2ccccc2OCc2nc(C)c(C)nc2C)ccc1OCc1nc(C)c(C)nc1C
RAFIKI-5005,O=C(c1ccccc1S(=O)(=O)NCc1ccccc1)N1CCCC1
RAFIKI-5006,COc1ccc(-c2cc3c(s2)Cc2c(-c4ccc(OC)cc4)n[nH]c2-3)cc1
RAFIKI-5007,Cc1ccc(CNC(=O)CCS(=O)(=O)c2ccc3c(c2)oc(=O)n3C)cc1
RAFIKI-5008,CC(O)(C(=O)N1CCC(Cc2ccccc2)CC1)C(F)(F)F
RAFIKI-5009,O=C(NCCCC(NC(=O)c1ccccc1)C(=O)O)c1ccccc1
RAFIKI-5010,O=C(O)CC1Cc2ccc(-c3cc(F)cc(C(F)(F)F)c3)cc2N1S(=O)(=O)c1cccc(C(F)(F)F)c1
RAFIKI-5011,Nc1cc(C=Cc2ccc([N+](=O)[O-])o2)nc2ccccc12
RAFIKI-5012,CCN(CC)CCON=C(c1ccc(OC)cc1)c1cccc2ccccc12
RAFIKI-5013,c1ccc(OCCCN2CCC(Cc3c[nH]cn3)CC2)cc1
RAFIKI-5014,O=C(ON=C(Cn1ccnc1)c1ccc2ccccc2c1)c1cccc(Br)c1
RAFIKI-5015,Cc1nn(C)cc1C=NCCOCc1ccccc1
RAFIKI-5016,Cc1ccc(CNCc2ccc(N3CCC(CO)CC3)nc2)c(C)c1
RAFIKI-5017,CCCn1c(=O)c2nc(-c3ccc(NC(=O)Nc4cccc(OC)c4)cc3)[nH]c2n(CCC)c1=O
RAFIKI-5018,O=C(Nc1nnc2ccccn12)c1c[nH]nc1-c1ccccc1
RAFIKI-5019,c1ccc2c(c1)CCN1c3nc4ccccc4nc3N(CCCN3CCOCC3)CC21
RAFIKI-5020,CN1CCC(Oc2ccc(CN3CCC(NC(=O)c4ccc(Cl)c(Cl)c4)C3)c3ccccc23)C1
RAFIKI-5021,CC(=Cc1ccccc1)CN1CCOCC1
RAFIKI-5022,Nc1ccc(NS(=O)(=O)c2ccccc2)c(O)c1
RAFIKI-5023,NC(Cc1cc(I)c(Oc2ccc(O)c(CC3CCCCC3)c2)c(I)c1)C(=O)O
RAFIKI-5024,O=c1[nH]nc(Cc2ccc(F)c(Cl)c2)c2ncccc12
RAFIKI-5025,CC(O)(COc1ccc(C#N)cc1)C(=O)Nc1ccc(C#N)c(I)c1
RAFIKI-5026,CC(=O)NC(C)(C)C(=O)N1CC(N)C(C2CC2)C1
RAFIKI-5027,CN(C)CCCOC(=O)Nc1cccc(Cn2nc(-c3ccc(F)cc3)ccc2=O)c1
RAFIKI-5028,c1ccc(-n2ncc3c2ncn2nc(-c4ccco4)nc32)cc1
RAFIKI-5029,O=C(Nc1ccc(Cl)cc1)Nc1cccc(-c2ccsc2)c1
RAFIKI-5030,Cc1c(N=C(S)N2CCN(c3ccc(F)cc3)CC2)c(=O)n(-c2ccccc2)n1C
RAFIKI-5031,O=C1CN(C(=O)CN2CCCC2c2ccc3c(c2)OCCCO3)c2ccccc2N1
RAFIKI-5032,O=C(C=Cc1ccc(-c2cccnc2)cc1Cl)NO
RAFIKI-5033,CC(C)n1cnnc1-c1cccc(NC(=O)c2cc3c(cc2F)CCN(C(=O)OCC(F)(F)F)C3)n1
RAFIKI-5034,Cc1cc(C#N)sc1-c1ccc2c(c1)C(C)CC(C)(C)N2
RAFIKI-5035,Cc1ccccc1-c1ccc(S(=O)(=O)NCCc2c[nH]c3ccccc23)cc1
RAFIKI-5036,Cn1ccc2cc(C(=O)N3CCOCC3)ccc21
RAFIKI-5037,Cc1ccsc1C=NNC(=O)c1ccc2ccccc2c1
RAFIKI-5038,CN1CCN(C2=Nc3cc(F)ccc3Nc3c2ncn3C)CC1
RAFIKI-5039,COc1ccccc1C1CC(O)=Nc2c1ncn2-c1cc(F)cc(F)c1
RAFIKI-5040,COC(c1ccc(F)cc1Br)c1cnc2n1CCN(c1cn[nH]c(=O)c1Cl)C2
RAFIKI-5041,Cc1ccc(CC2CCN(CC(O)COc3cccc4ccccc34)CC2)cc1
RAFIKI-5042,CC1OCC2(CCN(c3ncc(Sc4ccnc5c(C(=O)O)cccc45)c4nccn34)CC2)C1N
RAFIKI-5043,Cc1cc(C(=O)Nc2ccc(-c3ccccc3S(N)(=O)=O)cc2F)n(-c2cccc(CN)c2)n1
RAFIKI-5044,COC(=O)C1(Cc2cc3ccccc3[nH]2)N=C(c2ccccc2)N(Cc2ccccc2)C1c1ccccc1
RAFIKI-5045,O=C(c1ccc(Cl)cc1)c1c(C(F)(F)F)[nH]n(-c2ccccc2)c1=O
RAFIKI-5046,O=Cc1ccccc1Oc1no[n+]([O-])c1-c1ccccc1
RAFIKI-5047,OC(CC1c2cc(F)ccc2-c2cncn21)C1CCCCC1
RAFIKI-5048,CCCN(CC)C(=O)C(NC(=O)C1CCN(C(=O)c2ccccc2-c2ccc(C(F)(F)F)cc2)CC1)c1ccccc1
RAFIKI-5049,CC(C)C(NC(=O)C(NC(=O)CC(c1ccccc1)c1cccc(Cl)c1)c1ccccc1)C(=O)C(F)(F)C(=O)NCC(F)(F)F
RAFIKI-5050,Oc1nc2ccccc2c(O)c1CCCOc1ccccc1
RAFIKI-5051,CCC1CN(Cc2cc(C(CC(=O)O)c3ccn4c(C(F)(F)F)nnc4c3)ccc2C)S(=O)(=O)c2cccnc2O1
RAFIKI-5052,CN1C(=Cc2cc(C(C)(C)C)c(O)c(C(C)(C)C)c2)C(=O)N=C1NC#N
RAFIKI-5053,CCCCC1CN(CC2CCOCC2)C(=O)OC12CCN(C1CCN(C(=O)c3c(C)ncnc3C)CC1)CC2
RAFIKI-5054,CCc1c(C(=O)NCc2cnn(C)c2)csc1C
RAFIKI-5055,FC(F)(F)c1cc(Br)cc(Nc2ncc(Br)c(Nc3cc(C4CC4)n[nH]3)n2)c1
RAFIKI-5056,CC1CCC(C(C)C)C(OC(=O)NS(=O)(=O)Oc2c(C(C)C)cccc2C(C)C)C1
RAFIKI-5057,O=C(O)c1cccc(-c2ccc3ncccc3c2)c1
RAFIKI-5058,CCOC(=O)C1CCN(C(=O)C2CCN(C3=NS(=O)(=O)C(c4ccc(C)cc4)=C3CC)CC2)CC1
RAFIKI-5059,Nc1nc(NCCc2ccccc2)c2c(n1)-c1ccccc1CC2
RAFIKI-5060,O=C(NC1CCC1)C1C(CO)C2Cn3c(cccc3=O)C1N2Cc1cc(F)ccc1F
RAFIKI-5061,CCc1nc2ccc(C(=O)NCCCn3ccnc3)cn2c1N(C)Cc1ccc(N(C)C)cc1
RAFIKI-5062,CC(C)N(CCCNC(=O)Nc1ccc(C(C)(C)C)cc1)CC1CCCN(c2cc(C#N)ccn2)C1
RAFIKI-5063,Cc1cc(S(=O)(=O)NC2CCCCC2)ccc1OCC(=O)NCC1CCCO1
RAFIKI-5064,CNC(C)C(=O)NC(C(=O)N1c2ccccc2CC1C(=O)Nc1ccccc1C(=O)c1ccccc1)C(C)C
RAFIKI-5065,COC(=O)C(Cc1ccccc1)n1cc(C2=CC34CCC5C(C)(C(=O)OC)CCCC5(C)C3CCC2(C)C4)nn1
RAFIKI-5066,CCc1cnc(CN(C(C)=O)C2CCN(CCc3ccccn3)C2)o1
RAFIKI-5067,CC(=O)Nc1ccc2c(c1)N(c1cc(NC3CC3)n3ncc(C#N)c3n1)CCO2
RAFIKI-5068,COC(=O)C1CCN(Cc2ccc3c(c2)CN(C(=O)c2cc(-c4ccc(C)o4)n[nH]2)CCO3)CC1
RAFIKI-5069,Cc1ccc(CNC(=O)C2CN(c3ncnn4cc(-c5ccc(Cl)cc5)cc34)C2)cc1
RAFIKI-5070,Nc1ncnc2c1ncn2Cc1cc(-c2ccc(F)c(F)c2)ncc1N1CCC(O)C(N)(CC(F)F)C1
RAFIKI-5071,O=C(NCC(NC(=O)C1CCOC1)C1CCCCC1)C1CCOC1
RAFIKI-5072,COc1nc(C(=O)c2cc(OC)c(OC)c(OC)c2)c2sccc2n1
RAFIKI-5073,C(=CC1CCCN(CCc2ccccc2)C1)c1ccccc1
RAFIKI-5074,CCCCCc1cc(OC(=O)c2c(O)c(Cl)c(O)c(Cl)c2CCCCC)cc(OC)c1C(=O)O
RAFIKI-5075,CC(C)OC1CC(C)(O)Cc2cc3c(c(O)c21)C(=O)c1c(O)cc2c(c1C3=O)OC1OC2(C)C(O)C(N(C)C)C1O
RAFIKI-5076,N#CC(=NNc1cc(C(F)(F)F)cc(C(F)(F)F)c1)C(=O)c1cc(-c2ccccc2)on1
RAFIKI-5077,CCCc1ccc(Oc2ccc(CN3CCC(O)=C(C(=O)NCC(=O)O)C3=O)cn2)cc1
RAFIKI-5078,CCn1cnnc1CN(C)Cc1nc(COC)no1
RAFIKI-5079,CCCCCc1ccc2cc(C#N)ccc2n1
RAFIKI-5080,CC(C1CCN(Cc2ncc[nH]2)CC1)N1CCOCC1
RAFIKI-5081,CN(c1ccc(C(=O)Nc2ccon2)cc1)c1nc2ccccc2n(C)c1=O
RAFIKI-5082,Oc1ccc(C=Nn2c(-c3ccc(-c4ccccc4)cc3)n[nH]c2=S)c(O)c1
RAFIKI-5083,CCOC(=O)c1nc2c(O)nc3ccccc3n2n1
RAFIKI-5084,CC1(C)CC(=O)C2=C(C1)OC1=C(C(=O)CC(C)(C)C1)C2c1ccccc1
RAFIKI-5085,O=C(COC(=O)c1ccc(O)cc1O)Nc1nnc(-c2ccccc2)o1
RAFIKI-5086,CC(C)C(NC1=CC(=O)c2ccccc2C1=O)C(=O)O
RAFIKI-5087,NC(=O)CCc1nc(CCc2ccccc2)no1
RAFIKI-5088,COC1=CC2C3Cc4ccc(OC)c(OCc5cn(Cc6ccccc6F)nn5)c4C2(CCN3C)CC1=O
RAFIKI-5089,Cc1c(C(c2ccc(Cl)cc2)n2cncn2)no[n+]1[O-]
RAFIKI-5090,Nc1ccncc1C(=O)NC1c2ccccc2CC1NC(=O)c1cc2ccccc2[nH]1
RAFIKI-5091,COC(=O)c1cc(CC2Cc3cc4c(cc3C2=O)CCC4)cc2c1CCC2
RAFIKI-5092,Cc1cc(C)cc(NC(=O)NC2CCN(c3cnccn3)CC2)c1
RAFIKI-5093,Cc1cc(NC(=O)NCc2nccn2C)ccc1OC(C)C
RAFIKI-5094,O=C(O)CCNc1sc2c(c1Cc1nnc(SCC(=O)NNC(=O)c3ccccc3)n1NC(=O)c1ccc(Cl)cc1)CCCC2
RAFIKI-5095,Cc1noc(C)c1CN1CCN(Cc2nccn2C)CC1
RAFIKI-5096,CCc1cc(-c2ccc3c(c2)CCC3=O)ccc1O
RAFIKI-5097,c1ccc(-c2ccc(C3CN4CCC3CC4)cc2)cc1
RAFIKI-5098,O=C(Nc1cc(Cl)c(Cl)c(Cl)c1)c1cc(Cl)cc(Cl)c1O
RAFIKI-5099,O=C1C(=Nc2ccccc2)c2cccc3cccc1c23
RAFIKI-5100,CS(=O)(=O)c1ccc(Cl)cc1NS(=O)(=O)c1ccc(I)cc1
RAFIKI-5101,N#Cc1ccc(C(=O)C=Cc2c[nH]c3ccc(Cl)cc23)cc1
RAFIKI-5102,CC1CCCN1c1c(C#N)c2c(N)nccc2n1C
RAFIKI-5103,CN(C)C1CCc2cc(Cl)c(O)cc2C1
RAFIKI-5104,CC(Cc1ccc2c(=O)[nH]cnn12)OCP(=O)(O)OP(=O)(O)OP(=O)(O)O
RAFIKI-5105,O=C(c1cc2n(n1)CCN(Cc1nc3c(s1)CCCC3)C2)N1CCCC1
RAFIKI-5106,N#Cc1cncc(Nc2nn(C3CCCCC3C#N)cc2C(N)=O)c1
RAFIKI-5107,CCCCCC(=O)CCC1C(O)CC(=O)C1CC=CCCCC(=O)O
RAFIKI-5108,CCCCCCCCC=C1C=C(C(F)(F)F)c2cc(OC)c(OC)cc21
RAFIKI-5109,CC(C)(CO)Nc1ccc(C(=O)Nc2cccc(S(=O)(=O)C3CCC3)c2)c(N2CCC3(CC2)CC3)n1
RAFIKI-5110,NC1=NC23CCC(NC(=O)c4cccc(Cl)c4)CC2C(COC3)S1
RAFIKI-5111,CC(C)Nc1sc(C(=O)c2ccc(-c3cccc(O)c3)s2)c(N)c1C#N
RAFIKI-5112,Cc1cccc(NC(=O)N2CC=C(c3c[nH]c4ccccc34)CC2)c1C
RAFIKI-5113,COc1ccccc1-c1nnc(S)[nH]1
RAFIKI-5114,CC(C)CCNC(=O)C(Cc1c[nH]c2ccccc12)NC(=O)C(CCCCN)N1C(=O)CCC(C)(C)C(=O)NC(Cc2ccccc2)C1=O
RAFIKI-5115,CC1CC2C(C)Oc3c(-c4ccc(O)cc4)c[nH]c(=O)c3C2C(C)C1O
RAFIKI-5116,Cc1ccc(OCCNC(=O)CNC(=O)Cc2cccc3ccccc23)cc1
RAFIKI-5117,CN(C)CCNc1cc2c(NC3Cc4ccccc4C3)ncnc2cn1
RAFIKI-5118,CC(C)(C)c1ccc(C(=O)Nc2cc(Cl)c(Br)cc2C(=O)O)cc1
RAFIKI-5119,CCN(CCNC)c1cc(F)cc(CCc2cc(C)cc(N)n2)c1
RAFIKI-5120,COc1cc2c(C)nc(O)c(NC(=O)Nc3ccc(C(=O)O)cc3)c2cc1OC
RAFIKI-5121,Cc1cc(C)c(-n2c(Cl)cn3c(CN4CCCCC4C)c(C(F)(F)F)nc23)c(C)c1
RAFIKI-5122,Cc1ccc(S(=O)(=O)N(CC(O)COc2ccccc2)c2c(F)c(F)cc(F)c2F)cc1
RAFIKI-5123,Cc1ccc(CN2C(=O)CCC2C(=O)NC2CCCC2)cc1
RAFIKI-5124,CNS(=O)(=O)c1cc(-c2nnc(N3CCOCC3)c3ccccc23)ccc1C
RAFIKI-5125,NC(=O)c1nnc(N2CCCC(NC(=O)C3CCN(C4CC4)CC3)C2)nc1Nc1ccc(C(=O)N2CCOCC2)cc1
RAFIKI-5126,C=CC1(C)CC23CC(C(OC(=O)c4ccccc4)c4ccnc5ccccc45)N2CCC13
RAFIKI-5127,CC1(C)NC(N)=NC(=N)N1OCCc1ccc(N)cc1
RAFIKI-5128,Cc1cccc(NC(=O)C2CC3OC2C(c2ccc(O)cc2)=C3c2ccc(O)cc2)n1
RAFIKI-5129,O=C(Nc1nc2cc3c(cc2s1)OCCO3)C1CCCCC1
RAFIKI-5130,COC(=O)CCCCS(C)(=O)=NC(=O)c1cnc(N)c(C#Cc2cccc(NC(=O)c3ccc(OC)c(OC)c3)c2)c1
RAFIKI-5131,N#CC1CCC(NCC(c2ccco2)N2CCCC2)C1
RAFIKI-5132,CC(C)(NC(=O)c1cncc2c1cnn2-c1ccc(F)cc1)c1ccnc(S(C)(=O)=O)c1
RAFIKI-5133,CC(C)(C)C(N)C(=O)NCc1ccc(OCc2cccc(F)c2)cc1
RAFIKI-5134,CN1CCN(c2ccc(Nc3nccc(-c4cccc(Cl)c4)n3)cc2C(F)(F)F)CC1
RAFIKI-5135,CC=CC(=O)C1=CC(=C2C=CCCN2)SCC(NC(C)=O)C(=O)O1
RAFIKI-5136,O=C(O)CC(CNC(=O)CNC(=O)c1ccc(NC(=O)NCc2ccccc2)o1)NC(=O)OCc1ccccc1
RAFIKI-5137,C=CCN(C)C(=O)c1cnn2c3c(cnc12)CCCCCC3
RAFIKI-5138,COC(=O)c1cnc(Br)s1
RAFIKI-5139,O=C1CCC(N2C(=O)c3cccc(NCCCCN(C(=O)CCl)C(C(=O)NCc4ccccc4)c4cccs4)c3C2=O)C(=O)N1
RAFIKI-5140,COc1ccc(C)cc1NC(=O)C1CCCCC1C(=O)O
RAFIKI-5141,CCc1cc(O)c(F)cc1-c1ccc2c(-c3nc4c([nH]3)CCN(C3CNC3)C4)n[nH]c2c1
RAFIKI-5142,COC(=O)c1c(C)nc(OCc2cn(CCNc3ccnc4cc(Cl)ccc34)nn2)nc1-c1ccccc1
RAFIKI-5143,CCOC(=O)C(CC)Oc1ccc(NC(=O)CSc2ccc3ccccc3c2)cc1
RAFIKI-5144,CC1(C)CC2=NOC(=O)C2=C(c2ccccc2Cl)O1
RAFIKI-5145,CNC1C(O)C2Oc3c(cc(O)c4c3C(=O)c3cc5c(c(O)c3C4=O)C(OC)CC(C)(O)C5)C(C)(O2)C1O
RAFIKI-5146,O=C(C1CCN(CC(F)(F)F)CC1)N1Cc2cccnc2Nc2cc(F)c(C3COCCO3)cc21
RAFIKI-5147,Cc1oc2c(c1C(=O)Oc1cccnc1)C(=O)c1ncccc1C2=O
RAFIKI-5148,Nc1nc(Cl)cc(OCC2(CO)CC=CC2)n1
RAFIKI-5149,CN1c2ccccc2CC1CC1=NCCN1
RAFIKI-5150,Cc1ccc2cccc(C)c2c1-n1c(C)nnc1SCC(=O)Nc1ccccc1Br
RAFIKI-5151,CCOc1ccc(N2C(=O)CC(N3CCN(c4ccccc4OC)CC3)C2=O)cc1
RAFIKI-5152,O=[N+]([O-])C(CN1CCOCC1)=NNc1ccc(Br)cc1
RAFIKI-5153,CCN(Cc1ccncc1)C(=O)NCC1CCCCC1
RAFIKI-5154,Cn1cc(-c2cc(-c3ccc(N4CCN(CCN5CCOCC5)CC4)nc3)c3c(C#N)cnn3c2)cn1
RAFIKI-5155,CC1CCc2c(sc3nnnc(O)c23)C1
RAFIKI-5156,Oc1ccc(NC2OCC(O)C(O)C2O)cc1
RAFIKI-5157,CCNCC(=O)Nc1cc(OC)ccc1C(=O)c1ccc(OC)c2c1C=CC(C)(C)O2
RAFIKI-5158,CC1CN(C(C)CO)S(=O)(=O)c2ccc(C#CCN(C)C)cc2OC1CN(C)S(=O)(=O)c1cccc(F)c1
RAFIKI-5159,CCc1cccc(NC(=O)N2CCc3nc(-c4cccnc4)nc(OC4CCN(C)CC4)c3C2)c1
RAFIKI-5160,OCCNc1cc(-c2ccc3ncn(Cc4cncc(F)c4)c3c2)c(Cl)cn1
RAFIKI-5161,COC1CC(Nc2nc(-c3ccncc3)nc3cnccc23)C1
RAFIKI-5162,CN1CCCN(CCCCN2CCCN(C)C(c3ccccc3)CC2=O)C(=O)CC1c1ccccc1
RAFIKI-5163,Cc1cc(Oc2cnc(NC(=O)C(OC3CCOCC3)c3ccc(S(=O)(=O)C4CC4)cc3)s2)ccc1C(=O)O
RAFIKI-5164,COc1ccc(-c2nc3cccnc3o2)cc1
RAFIKI-5165,COc1cc(C=CC(=O)C=C(O)C=Cc2ccc(OC3(C)C=CC(C(C)CC(=O)C=C(C)C)CC3O)cc2)ccc1O
RAFIKI-5166,O=S(=O)(c1ccc(F)cc1)N1CCc2nc(N3CCCC3)nc(Oc3ccc(F)cc3)c2C1
RAFIKI-5167,Cc1c(-c2ccc(C(N)=O)c3[nH]c(C4=CCN(S(C)(=O)=O)CC4)cc23)cccc1N(C(=O)c1ccc(C(F)F)cc1)C1COC1
RAFIKI-5168,COc1cc2cc(Cn3cc(CN4CCCc5ccccc54)nn3)c3cc(OC)c(OC)cc3c2cc1OC
RAFIKI-5169,Cn1c(-c2ccc(CN3CCOCC3)cc2)cc2onc(-c3ccccc3)c2c1=O
RAFIKI-5170,N#CC=C1c2ccccc2N=C(NCCN)c2ccccc21
RAFIKI-5171,O=C(OCc1ccc(F)cc1Cl)N1CCOC(c2nc3cncnc3[nH]2)C1
RAFIKI-5172,COc1ccc(CNC(=O)C2Cc3c(-c4cccc(C(C)=O)c4)ccnc3O2)cc1OC
RAFIKI-5173,NCc1cc(NCc2cccc(C(=O)Nc3ccccc3)c2)ncn1
RAFIKI-5174,COC1C2CCC1CN(c1nc(C)nc3ccsc13)C2
RAFIKI-5175,CN(C)C(=O)CSc1ccccc1C(=O)OCC(=O)NC1CC1
RAFIKI-5176,O=C(O)CC(c1cccc(O)c1)N1Cc2ccccc2C1=O
RAFIKI-5177,CCOc1ncc2cc(-c3ccc4nn5c(c4c3)CN(C)CC5)c(=O)n(-c3ccc(OC(F)F)cc3)c2n1
RAFIKI-5178,COC(=O)NC(C(=O)N1CCCC1c1nc(Cl)c(-c2ccc(-c3ccc(C(F)(F)F)cc3)cc2)[nH]1)C(C)C
RAFIKI-5179,CC(O)Cn1nc(C2CCN(S(=O)(=O)C(F)(F)F)CC2)c2cc(C(c3ccc(Cl)cc3)c3ccc(Cl)cc3)ccc21
RAFIKI-5180,C=CCSCC1=CC(C)(C)Nc2ccc(-c3cc(OC)ccc3OC)cc21
RAFIKI-5181,Cc1cc(F)cc2c1NCCC2C(=O)n1nc(N)c2c1CN(S(C)(=O)=O)CC2
RAFIKI-5182,Cc1cccc(NC(=O)C(CC(C)C)NC(=O)C2CCC(C)CC2)n1
RAFIKI-5183,Cc1ccc(Nc2nc3ccccc3c(=O)n2N)cc1
RAFIKI-5184,CCn1nc(C)c2c(-c3ccccc3)cc(=O)n(C(C)C(=O)NCc3ccc(C)cc3)c21
RAFIKI-5185,N#CN1CCC(F)(C(=O)N2CCc3cc(-c4ccnn4Cc4ccc(Cl)cc4)ccc32)C1
RAFIKI-5186,O=C1NC2CCCCC2N1C1CCN(CCC(c2ccccc2)c2ccccc2)CC1
RAFIKI-5187,O=C1CCCN1CCC1CCCCN1Cc1nc(COc2ccccc2)no1
RAFIKI-5188,CN(C(=O)Cn1ncn(C)c1=O)c1ccccc1-c1ccccc1
RAFIKI-5189,O=c1oc2cc(O)c(O)cc2c2c(-c3ccc(O)c(O)c3)c3c4cc(O)c(O)cc4ccn3c12
RAFIKI-5190,CCNC(=O)c1c(C)c(Cl)cc(C(C)n2nc(-c3ccc4oc(N)nc4c3)c3c(N)ncnc32)c1OCC
RAFIKI-5191,Cc1ncsc1CCOc1ncccc1C(F)(F)F
RAFIKI-5192,C=CC(=O)N1CCCC(n2cc(C(N)=O)c(-c3ccc(OCCOC)cc3)n2)C1
RAFIKI-5193,N#Cc1c(-c2ccc(N3CCCC3)c(NC(=O)CCN3CCCCC3)c2)cc(-c2ccccc2O)nc1N
RAFIKI-5194,CN1N=C(c2ccncc2)OC1c1ccc(Cl)c(Cl)c1
RAFIKI-5195,O=C(C1CCCCCC1)N1CCC(n2cc(-c3ccccc3)nn2)CC1
RAFIKI-5196,CNC(=O)Nc1cn(C)c2c1C(=O)N(c1cc(C)c3nnc(C(F)F)n3n1)C2c1ccc(Cl)cc1
RAFIKI-5197,COc1cc2c(-c3ccc4cc[nH]c4c3)c(-c3ccsc3)oc(=O)c2cc1OC
RAFIKI-5198,CN(C)c1ncc(CN2CCC(Cc3ccccc3)CC2)s1
RAFIKI-5199,COc1ccc(-n2nnc(C(=O)NCC3CCCCC3)n2)cc1
RAFIKI-5200,CCOP(=O)(OCC)C(NC(=O)c1ccccc1F)c1ccccc1F
RAFIKI-5201,Cc1cccc(C)c1-c1cc(C)c2nc(Nc3cccc(OCCCN4CCN(C)CC4)c3)nnc2c1
RAFIKI-5202,CCN(CC)Cc1cc(C(=O)Nc2c(O)c3ccc(OC4OC(C)(C)C(OC)C(OC(N)=O)C4O)c(C)c3oc2=O)cc(CC=C(C)C)c1O
RAFIKI-5203,COc1cc(-c2ccnc3c2ccn3C)nc(N)n1
RAFIKI-5204,O=C(O)c1ccn(COc2ccc(Br)cc2)n1
RAFIKI-5205,CC(=O)NCC1CN(c2ccc(N3CCC4(CC3)NCCO4)c(F)c2)C(=O)O1
RAFIKI-5206,COc1cc(Nc2cc(Nc3ccc(Cl)cc3)ncn2)cc(OC)c1OC
RAFIKI-5207,O=S(=O)(Nc1cccc(OCc2nc3ccccc3s2)c1)C(F)(F)F
RAFIKI-5208,O=C(COCC(=O)Nc1ccc(Cl)cc1C(=O)O)Nc1cccc(-n2cccc2)c1
RAFIKI-5209,NC(=O)NCCCC(NS(=O)(=O)c1ccc(OCc2cc(Br)cc(Br)c2)cc1)C(=O)NO
RAFIKI-5210,O=C(O)c1ccc(CC2c3cc(Cl)ccc3-c3ccc(Cl)cc32)cc1
RAFIKI-5211,CN(C)C(=O)OC(c1cnccc1C(F)(F)F)c1c(Cl)ccc2c1OCO2
RAFIKI-5212,Cc1cc(NC(=O)c2ccc(CN3CCOCC3)cc2)nn1Cc1cc(Cl)ccc1OCC(C)C
RAFIKI-5213,CNC(=O)CC(C)N(C)C(=O)c1cc(C)c(C)[nH]c1=O
RAFIKI-5214,CC(N)c1cccc(NC(=O)C2C3CCCCCC3C2NC(=O)OCc2ccccc2)c1
RAFIKI-5215,CN(C)C1(c2ccccc2)CCC2(CC1)CN(c1ccc(C(N)=O)cc1)C(=O)N2CC1(O)CCC1
RAFIKI-5216,COc1c(N2CCN(CC(=O)Nc3nc4ccc(C)cc4s3)C(C)C2)c(F)cc2c(=O)c(C(=O)O)cn(C3CC3)c12
RAFIKI-5217,CN1CC2CC1C(=O)NCC1OC(CCOc3cc(-c4ccccc4)ccc3C(=O)N2)CCC1O
RAFIKI-5218,Nc1ncccc1C(=O)NCc1ccc(Oc2cccc(F)c2)s1
RAFIKI-5219,Cc1cc(-c2cccc(C(F)(F)F)c2)c(OCc2cccc(F)c2)nn1
RAFIKI-5220,Cc1ccc(C(Nc2ccccn2)c2c(C)[nH]c3ccccc23)cc1
RAFIKI-5221,Cc1ccc2c(c1)c1c3n2CCN(CC(O)CN2CCN(C(=O)c4ccco4)CC2)C3CCC1
RAFIKI-5222,Cn1cc(C(O)CNC(=O)c2cc(Br)ccc2Cl)cn1
RAFIKI-5223,O=C(Cn1c(-c2cccs2)cc2ccccc21)NCc1cccnc1
RAFIKI-5224,CN1CCC2CN(C(=O)C(C)(C)Oc3ccc4c(c3)CCC4)CC2(C(=O)O)C1
RAFIKI-5225,Cc1noc(-c2ccc3c(c2)OCO3)c1C(=O)NCCC(c1ccccc1)c1ccccc1
RAFIKI-5226,CCCn1c(C)c(CC(=O)NCC(C)O)c2c1CC(C)(C)CC2=O
RAFIKI-5227,Cc1cc(-c2cccc(C(=O)O)c2)n2nc(SCc3ccc(Br)cc3)nc2n1
RAFIKI-5228,CCCCCCCCCCCCc1ccc(CN2CCCC2CO)c(C)c1
RAFIKI-5229,Cc1ccc(-n2c(=O)c3c(n2C)C2(C)CCC3C2(C)C)cc1
RAFIKI-5230,O=C(Nc1ccc(C(=O)N2Cc3cccn3Cc3ccccc32)cn1)c1c(F)cccc1Cl
RAFIKI-5231,COc1ccc(C2=NN(c3ccc(S(N)(=O)=O)cc3)C(c3ccccc3Cl)C2)c(OC)c1
RAFIKI-5232,Cc1c(O)nc(SCc2ccc([N+](=O)[O-])cc2)nc1Cc1c(Cl)cccc1Cl
RAFIKI-5233,CC12CCC3C(CCC4C(C)(C(=O)OCc5cn(CCCc6ccccc6)nn5)CCCC34C)(CC1=O)C2
RAFIKI-5234,Cc1cccc(Cn2ccc(NC(=O)c3ccc4c(c3)OCO4)n2)c1
RAFIKI-5235,O=C(O)CN(CC(=O)O)C1CCCCC1N1CC(=O)OC(=O)C1
RAFIKI-5236,C=CC1(C)COC(=O)C12OC(C(C)CC)=CC2=O
RAFIKI-5237,COc1cc2c(c(O)c1Cl)C(=O)c1c(cc3cc(O)cc4c3c1OC41C(C)=C(C(=O)O)C(Cl)=C1Cl)C2(C)C
RAFIKI-5238,O=C1c2c(O)cc(O)cc2OC(c2cc(O)c(O)c(O)c2)C1O
RAFIKI-5239,CC(C)CS(=O)(=O)C1=NN2C(=N)C(=Cc3ccc(OC(=O)c4ccco4)cc3)C(=O)N=C2S1
RAFIKI-5240,COc1ccc(Cl)cc1NS(=O)(=O)c1cc(-c2noc(C(=O)N3CCOCC3)n2)cs1
RAFIKI-5241,Oc1cc(Br)cc(Br)c1O
RAFIKI-5242,Cn1c(=O)oc2cc(C(O)CN3CCN(Cc4ccc5c(c4)OCO5)CC3)ccc21
RAFIKI-5243,COc1ccc(-c2cc(C(F)F)nc(N3CCN(Cc4ccccn4)CC3)n2)cc1OC
RAFIKI-5244,CC(=O)c1sc(-c2ccc(F)cc2F)nc1C
RAFIKI-5245,N=C(NOC(=O)COc1ccccc1)c1ccncc1
RAFIKI-5246,O=c1c2ccccc2c(Cc2ccccc2Cl)nn1-c1ccccc1
RAFIKI-5247,O=C(CC1CCC2NCC(O)COCC2O1)Nc1ccc(-c2ccccc2)cc1
RAFIKI-5248,COC(=O)c1ccccc1N=c1ssnc1Cl
RAFIKI-5249,CC1(C)CN(CCc2nc3c4ccc5c(c4nc(N)n3n2)OC(F)(F)O5)C1
RAFIKI-5250,CN(C)C(=O)CN1CCC(CO)(Nc2cc(-c3cnc(N)nc3)nc(N3CCOCC3)n2)C1
RAFIKI-5251,O=C(NCc1ccc(F)c(Cl)c1)Nc1csc([N+](=O)[O-])c1
RAFIKI-5252,Nc1ncc2c(n1)c(-c1cc(-c3cc4ccccc4s3)c3[nH]ncc3c1)cn2CCCO
RAFIKI-5253,CC(C)Sc1c2c(nn1Cc1ccc(-c3cccc(F)n3)cc1)N1CC(C)(C)N=C1N(C)C2=O
RAFIKI-5254,CCOC(=O)C1CCN(C(=O)Nc2ccc3nc(-c4ccco4)c(-c4ccco4)nc3c2)CC1
RAFIKI-5255,COc1cccc(NC(=O)Cc2cn(OC)c3ccccc23)c1
RAFIKI-5256,COc1ccc(NC(=O)N(Cc2ccco2)C2CCN(C(C)=O)CC2)c(OC)c1
RAFIKI-5257,O=C(O)CCOc1ccc([N+](=O)[O-])cc1
RAFIKI-5258,COCCN(CCc1nc(-c2ccc3c(c2)OCO3)no1)C(=O)Cc1ccc(F)cc1
RAFIKI-5259,CC(=O)NC(C(=O)Nc1cc(F)ccc1C)C(C)C
RAFIKI-5260,NCC1(F)CCC(SCc2nc3cc(OCC4CCC4)cc(F)c3c(=O)[nH]2)CC1
RAFIKI-5261,O=C1CC2CCC(C1)N2c1cc(F)c(CNC(=O)Nc2cccc3[nH]ncc23)cc1F
RAFIKI-5262,COCCCNC(=O)c1ccc(CN2C(=O)CCn3nc(-c4ccc(OC)cc4)cc32)cc1
RAFIKI-5263,CCCCc1ccc(NC(=S)NN2CCN(C)CC2)cc1
RAFIKI-5264,OCCCNc1nnc(NCCCO)c2cc3ccccc3cc12
RAFIKI-5265,O=C(CN1CCCCC1)Nc1c2c(nc3ccccc13)N(Cc1ccccc1)CC2
RAFIKI-5266,O=C(CN(Cc1ccc(C(=O)NO)cc1)C(=O)c1ccccc1)NC1CCCCC1
RAFIKI-5267,CCCN1C(=O)COc2ccc(-c3noc(-c4cc(OC)c(OC)c(OC)c4)n3)cc21
RAFIKI-5268,COc1ccc(CN2CCCCC2COc2ccc(C(=O)C=NO)cn2)cc1OC
RAFIKI-5269,CN(C)c1ccc(-c2csc(N=C(N)N)n2)cc1
RAFIKI-5270,O=C(Oc1ccc(Cl)cc1OC(=O)c1ccccc1O)c1ccccc1O
RAFIKI-5271,CCOc1ccc(Oc2c(C)oc3cc(OC(C)c4ccccc4)ccc3c2=O)cc1
RAFIKI-5272,N=C(N)Nc1ccc(C(=O)Oc2ccc(CCC(=O)NCc3ccccc3C(=O)O)c(Cl)c2)cc1
RAFIKI-5273,CC1CC2CSC(N)=NC2(c2nc(NC(=O)c3cc(C4CCC4)nn3C)cs2)CO1
RAFIKI-5274,Cc1ccc(NC(=O)C2CC(=O)N(c3ccc(OC(C)C)cc3)C2)cc1
RAFIKI-5275,CC=C1C2C=C(C)CC1(Nc1cc(F)ccc1OC)c1ccc(=O)[nH]c1C2
RAFIKI-5276,CCn1cc(CN2CC3CCCN3CC2C)c(C)n1
RAFIKI-5277,CCCCCCCCCCCC(O)CC1OC(=O)C1CCCCCC
RAFIKI-5278,O=C(NCC(=O)N1CCC(c2noc3cc(F)ccc23)CC1)Nc1cccc(F)c1
RAFIKI-5279,CC(=CCCC(C)=CC(=O)CC1(C)C=Cc2cc(O)cc(C)c2O1)CO
RAFIKI-5280,CCOC(=O)CCCCON=C(c1cccnc1)c1cccc(CNS(=O)(=O)c2ccc(Cn3c(C)nc4cnccc43)cc2)c1
RAFIKI-5281,O=C(O)c1cc(Br)cnc1N1CCC(NC2CCCCC2)CC1
RAFIKI-5282,CC(=O)Nc1ccc(-c2[nH]cnc2-c2cccc(Br)c2)cc1
RAFIKI-5283,CC(=O)c1ccsc1-c1c(C)cc2oc(=O)cc(-c3ccccc3)c2c1C
RAFIKI-5284,CC(C)COc1ccc(NC(=S)Nc2ccc(-c3ccccn3)cc2)cc1
RAFIKI-5285,CC[n+]1c(C=Cc2ccc(Cl)cc2)ccc2ccccc21
RAFIKI-5286,COc1ccc(-c2cnc(-c3ccc(N4CCCC4)nc3)o2)cc1
RAFIKI-5287,CC(C)(C)c1nnc(C(=O)NCC2CCCS(=O)(=O)C2)s1
RAFIKI-5288,OC1(CNC2CCN(Cc3ccncc3)CC2)CCc2ccccc21
RAFIKI-5289,C=Cc1cccc(C=c2[nH]c(=O)c(=Cc3ncoc3C(C)(C)C)[nH]c2=O)c1
RAFIKI-5290,Cc1ccc(CNC(=O)c2nc(SCc3ccc(F)cc3)ncc2Cl)cc1
RAFIKI-5291,CC(CCC(N)=O)C1CCC2C3C(OC=O)CC4CC(OC=O)CCC4(C)C3CCC12C
RAFIKI-5292,CN(C)CCNC(=O)c1ccc(NCc2ccncc2)c2c(=O)c3ccccc3[nH]c12
RAFIKI-5293,C[S+]([O-])CC1C2CCC3(CCC4C(C)(C(=O)O)CCCC4(C)C3C2)C1O
RAFIKI-5294,CNC(=O)C1(CCCc2ccccn2)CN(Cc2scnc2C)C1
RAFIKI-5295,O=C(O)C1CC23C(Cl)C(Cl)C(Cl)C(Cl)C2(CC1c1c2ccc(=O)c(O)c-2oc2c(O)c(O)ccc12)C3(Cl)Cl
RAFIKI-5296,COc1cc(OC)c(C2COc3c(ccc4c3C=CC(C)(C)O4)C2=O)cc1OC
RAFIKI-5297,COc1cc(C(=O)NC2(C(=O)NC(C)c3ccc(-n4[nH]c(=O)c5ccccc54)cc3F)CC2)on1
RAFIKI-5298,Cc1cc2c(OC3OC(CO)C(O)C(O)C3O)c(-c3cc(O)c(O)c(O)c3)oc3cc(=O)cc(o1)c32
RAFIKI-5299,CCON=C1CC(NC)CN(c2c(F)cc3c(=O)c(C(=O)O)cn(C4CC4)c3c2F)C1
RAFIKI-5300,COc1cc(C(=O)O)ccc1NC(=O)C1NC(CC(C)(C)C)C(CN)(c2ccc(Cl)cc2F)C1c1ccccc1Cl
RAFIKI-5301,O=C(c1ccc([N+](=O)[O-])cc1)N1CCCC(c2ccc(Cl)cc2)=N1
RAFIKI-5302,CN(CCC(c1ccc(Cl)cc1)c1ccccn1)C(=O)CCc1c[nH]cn1
RAFIKI-5303,O=C(O)c1ccc(NC(S)=Nc2ccccc2)cc1O
RAFIKI-5304,CCN(CC)CCOc1ccc(Nc2cc3c(cn2)cc(-c2ccc(SC)cc2)c(=O)n3CC)nc1
RAFIKI-5305,Cc1ccc(C(=O)NC(C)C(C)(C)C)cc1S(=O)(=O)N1CCOCC1
RAFIKI-5306,CCC(C=CC(O)C(O)C=C(C)C)CCC(=O)c1c(O)c(C)cc2c1C(=O)C1=C(NC(=O)CC=C1C)C2=O
RAFIKI-5307,Cc1c(C(N)C(=O)OCCCO[N+](=O)[O-])cc(-c2ccc(S(C)(=O)=O)cc2)n1-c1ccc(F)cc1
RAFIKI-5308,O=C(Nc1ccccc1C(F)(F)F)NC(CO)(CO)C(F)(F)F
RAFIKI-5309,CC(CO)CCNc1ncnc2ncn(C3OC(CO)C(O)C(O)C3O)c12
RAFIKI-5310,CC(=O)NC1=NN(C(C)=O)C2(S1)C(=O)N(C(C)C)c1ccc(C)cc12
RAFIKI-5311,N=C(N)c1ccc(-c2ccc(-c3ccccc3)o2)o1
RAFIKI-5312,Nc1ncc(-c2ccc(C(=O)N3CCOCC3)cc2)nc1-c1ccsc1
RAFIKI-5313,COc1cccc(C=CC(=O)c2ccco2)c1
RAFIKI-5314,CC(=O)NC(Cc1cc(F)cc(F)c1)C(O)CNC1(c2cnn(CC(C)(C)C)c2)CC1
RAFIKI-5315,Oc1cnnc(NN=CC2CC=CCC2)n1
RAFIKI-5316,O=C(NCC12CC(CO1)C2)Nc1cc(Cl)c(OCC(F)(F)F)c(Cl)c1
RAFIKI-5317,CCC(=O)N1CCC(NC(=O)NC2CCCCC2)CC1
RAFIKI-5318,Cc1ccc(C2=NN(C3=NC(=O)CS3)C(c3ccccc3Cl)C2)cc1C
RAFIKI-5319,O=c1ccc(C2CC2)nn1Cc1c(Cl)oc2ccccc12
RAFIKI-5320,COc1ccccc1N1C(=O)C2ON(c3ccccc3)C(c3ccc(N(C)C)cc3)C2C1=O
RAFIKI-5321,COc1cc(NCC(C)C(=O)O)cc(OC)c1OC
RAFIKI-5322,COc1ccc2oc(-c3csc4ccccc34)c(O)c(=O)c2c1
RAFIKI-5323,CC(=O)NCC1CN(c2ccc(N3CCN(C(=O)Cn4c([N+](=O)[O-])cnc4C)CC3)c(F)c2)C(=O)O1
RAFIKI-5324,O=S(=O)(O)Oc1ccc2ccc3ccccc3c2c1
RAFIKI-5325,Cc1cc(-c2ccnc(Nc3cnn(C4CN(C)C4)c3)n2)ccc1CN1CCN(CC(C)(C)C)CC1=O
RAFIKI-5326,CN1CCN(CCCc2c[nH]c(-c3ccc(F)cc3)c2-c2ccncc2)CC1
RAFIKI-5327,CCOc1cccc(C(=O)NCCC(=O)Nc2ccncc2)c1
RAFIKI-5328,Cc1cccc(C2CCCN2CCCn2nnc(-c3ccc(Cl)cc3)n2)c1
RAFIKI-5329,CCOc1ccccc1NC(=O)COn1nnc2ccccc21
RAFIKI-5330,O=C(CCCNC(=O)C1CCCO1)Nc1ccc(Cl)cc1
RAFIKI-5331,FCCCN1CCN(CCc2ccc(Cl)c(Cl)c2)CC1
RAFIKI-5332,Cn1cc(CCC(=O)Nc2ccc(-n3c4c(c5ncnc(N)c53)CCC4)cc2)c2ccccc21
RAFIKI-5333,CSc1ccc(CN(C(=O)c2cc(=O)[nH]c(=O)[nH]2)C2CC2)cc1
RAFIKI-5334,COc1cccc(-c2ccc3ncc(-c4cccc(NC(C)=O)c4)n3n2)c1
RAFIKI-5335,COC(=O)c1ccc(C2N=C(S)N(c3ccccc3)C(C)=C2C(=O)Nc2ccccc2OC)cc1
RAFIKI-5336,COc1ccc(-c2nc3ccc(F)cc3o2)c(OC)c1
RAFIKI-5337,C=C(c1cc(OC)nc(OC)c1)c1ccc(OC)c(O)c1
RAFIKI-5338,Cc1ccc(O)cc1Nc1ccnc2ccc(-c3cccc(CN(C)C)c3)cc12
RAFIKI-5339,COc1ccc(Oc2ccccc2C#N)cc1
RAFIKI-5340,NC(Cc1cccc(O)c1)C(=O)N1CCCC1C(=O)NC1C2CC3CC(C2)CC1C3
RAFIKI-5341,CC#CCn1c(=O)c2c(ncn2C(C)C(=O)Nc2csc(-c3ccc(N4CC5CC5C4)nc3)n2)n(C)c1=O
RAFIKI-5342,NS(=O)(=O)c1cccc(Nc2ncc3c(n2)CCCC3)c1
RAFIKI-5343,COc1cccc(-c2cc3nc(-c4ccco4)nn3c(N)n2)c1
RAFIKI-5344,CSc1nccc(N2CCN(c3ccc(F)cc3)CC2)n1
RAFIKI-5345,CCOC(=O)c1ccn2c(c1)c(C#N)c1nc3ccccc3nc12
RAFIKI-5346,CC(C)CC(C=O)NC(=O)C(NC(=O)c1ccco1)C(C)C
RAFIKI-5347,CS(=O)(=O)c1ccc(C(CCNC(=O)c2ccc(C#N)cc2)c2ccc(F)cc2)cc1
RAFIKI-5348,Cc1ccc(C)c(N2CCN(C(=O)C3CCN(S(=O)(=O)c4ccc5[nH]c(=O)oc5c4)CC3)CC2)c1
RAFIKI-5349,Cn1nc2c(=O)n(CC3(O)CCN(C(=O)CCC4CCC4)CC3)cnc2c1-c1ccc(CN)cc1
RAFIKI-5350,COc1cc(C=CC(=O)O)cc(S(=O)(=O)Nc2ccc(S(=O)(=O)N3CCCCC3)cc2)c1OC
RAFIKI-5351,COc1cncc(C(NC(=O)c2cncc(Cl)c2)C2CC(O)C2)c1
RAFIKI-5352,CS(=O)(=O)Oc1ccc(CC(=O)OCCCc2ccc(CC(SCCc3ccc(F)cc3)C(=O)O)cc2)cc1
RAFIKI-5353,CC(C)CC1CNC(=N)N1CC(Cc1ccc(O)cc1)NS(=O)(=O)c1ccccc1Cl
RAFIKI-5354,CCOc1cc(CNC(=O)C2(c3ccc(F)cc3)CCCNC2)ccc1O
RAFIKI-5355,CCCCCCCCCCCCCCCC(=O)OCC(O)COC1OC(CO)C(O)C(O)C1O
RAFIKI-5356,COc1ccc2[nH]c3c(c2c1)C1CCCN(C1)C3C(=O)O
RAFIKI-5357,CCc1cn(C2CC(O)C(CNC(=O)Cc3ccccc3C(F)(F)F)O2)c(=O)[nH]c1=O
RAFIKI-5358,CCCCCCC(O)CCCCCCC=CC(O)C(O)C(O)C(N)C(=O)O
RAFIKI-5359,Oc1c(Cl)cccc1Cc1cc(Cl)cc(Cl)c1O
RAFIKI-5360,CC(C)n1nc(Nc2ccc(C(F)(F)F)cn2)cc1C1CCNCC1
RAFIKI-5361,Cn1cccc1C(=O)C(=O)N1CC2CCC1CN(Cc1ccccn1)C2
RAFIKI-5362,COc1c(Br)cc(F)cc1CCNCc1ccccc1O
RAFIKI-5363,COc1cc(NC(=O)c2cc(Br)cc(C)c2OC)ccc1NC(=O)C(C)C
RAFIKI-5364,CN1CCN(C(=O)c2cc(Br)cc([N+](=O)[O-])c2NC2CCCC2NC(=O)c2cc(=O)[nH]c3c(F)cccc23)CC1
RAFIKI-5365,CCc1nnc2sc(-c3cccc(NC(=O)c4ccc(C)c([N+](=O)[O-])c4)c3)nn12
RAFIKI-5366,CNc1ccnc2sc3c(=O)n(-c4ccc5scnc5c4)ccc3c12
RAFIKI-5367,CC(C)c1ccc(SC(F)(F)C(=O)N2CCOCC2)cc1
RAFIKI-5368,Cc1cc(C(F)(F)F)nc(CNC(=O)C2CCCCCN2C)n1
RAFIKI-5369,CN1CCN(c2ccc3c(Nc4n[nH]c5ccc(Cc6cc(F)cc(F)c6)cc45)ncnc3c2)CC1
RAFIKI-5370,CCn1ccc(NS(=O)(=O)c2cccc(COC)c2)n1
RAFIKI-5371,O=C(NCc1ccc(CS(=O)(=O)C2CC2)cc1C(F)(F)F)c1ccc2c(ccn2S(=O)(=O)c2cccc(F)c2)c1
RAFIKI-5372,Cc1ccc2cccc(OS(=O)(=O)CCCN)c2n1
RAFIKI-5373,Cc1nnsc1C(=O)Oc1ccc(C(C)C)cc1
RAFIKI-5374,CN=C(S)Nc1ccc(-c2nc(N)n(C(S)=NC)n2)cc1
RAFIKI-5375,O=C(Nc1ccc(F)cc1)N1CCCC1c1ncc(-c2ccccc2)s1
RAFIKI-5376,CN(C)C1C(O)=C(C(N)=O)C(=O)C2(O)C(O)=C3C(=O)c4c(O)ccc(Cl)c4C(O)C3CC12
RAFIKI-5377,CN(CC(F)(F)F)C(=O)CNc1cc(-c2cnc(NC(=O)C3CC3)cn2)cnc1C#N
RAFIKI-5378,Cc1cc(NC(=O)COC(=O)CNS(=O)(=O)c2c(F)cc(F)cc2Br)no1
RAFIKI-5379,Cc1ccc(NC(=O)c2ccc(S(=O)(=O)c3ccc(Cl)cc3)o2)cc1
RAFIKI-5380,CCCCN1C(=O)CC2(C1=O)C(=O)N(Cc1ccc(Br)cc1F)C(=O)c1ccc(F)cc12
RAFIKI-5381,Cc1cc(CCCN(Cc2ccccc2)c2ccc(C(=O)O)c(O)c2)cc(C)c1Cl
RAFIKI-5382,O=C(c1ccc(C(F)(F)F)cc1)N1CCC(=O)N(C(CO)Cc2ccccc2)CC1
RAFIKI-5383,Cc1c(-n2cc(C(=O)c3cc(F)ccc3O)cc(C#N)c2=O)c(=O)n(-c2ccccc2)n1C
RAFIKI-5384,Cc1n[nH]c(NC(=O)c2cc(F)ccc2F)c1-c1cccc(Cl)c1
RAFIKI-5385,O=C(CSc1nc2nccnc2c(=O)n1Cc1cccs1)Nc1ccccc1
RAFIKI-5386,Cc1cc(C)cc(N=C2NC(=O)C(=Cc3ccc(O)cc3)S2)c1
RAFIKI-5387,COCc1cccc2c(C3=C(c4coc5cc(CO)ccc45)C(=O)NC3=O)cn(C)c12
RAFIKI-5388,O=C(C1CC(N2CCN(c3nc4ccccc4o3)CC2)CN1)N1CCSC1
RAFIKI-5389,N#Cc1ccc(CN2CCC(Oc3ccc(NC(=O)c4cccs4)cc3)C2)cc1
RAFIKI-5390,Cn1c(-c2cnc(NC(=O)c3ccccc3Cl)s2)cc2ccccc21
RAFIKI-5391,Cc1ccc(C(F)(F)F)c(COc2cc(NC(=O)c3cccc(C(=N)N)c3)ccc2N(C)S(=O)(=O)C(F)(F)F)c1
RAFIKI-5392,CCC(C)C(NC(=O)C(CC1CCCCC1)NC(=O)c1ccno1)C(=O)Nc1cccc(C(=O)N2CCC(CN)CC2)c1
RAFIKI-5393,Cc1cc2ncc3c(n2n1)CCN(C(=O)c1ccc2nsnc2c1)C3
RAFIKI-5394,CC1CN(Cc2ccccc2)CC(C)C1NC(=O)N1CCC(CO)CC1
RAFIKI-5395,CN(C)CC=CC(O)(c1ccccc1)c1ccccc1
RAFIKI-5396,N#Cc1cc(F)ccc1Cn1ccc2c3c(ncc21)C(=O)N(O)CC3
RAFIKI-5397,CC(C)(C)S(=O)(=O)c1cn2c(-c3cc(N)nc(Cl)c3)cnc2cc1OC1CC1
RAFIKI-5398,Cc1ccc(C(CC(=O)O)c2ccc(Cl)cc2C)cc1CN1CC(C)Oc2ccccc2S1(=O)=O
RAFIKI-5399,Cc1nn(C(C)C)c2c(NCc3cnn(C)c3)cc(N3CCN(C(C)(C)C)C3=O)nc12
RAFIKI-5400,CCCn1c(=O)n(C)c(=O)c2c1ncn2CC
RAFIKI-5401,CCOc1ccc2cc(C3CC(c4ccc([N+](=O)[O-])cc4)=NN3C(=O)CCCC(=O)O)c(Cl)nc2c1
RAFIKI-5402,Cc1c(-c2cc3ccccc3n2Cc2ccc(C#N)cc2)nc2cc(C(=O)N3CCCC(N)C3)ccn12
RAFIKI-5403,CC1=C(C(=O)OC(C)C(F)(F)F)C(c2cccs2)n2c(nc3ccccc32)N1
RAFIKI-5404,C=C(CO)C1CCC(=C)C2CCC(=C)C2C1O
RAFIKI-5405,O=C(O)c1cc(-n2[nH]c(=O)c3ccccc3c2=O)ccc1Cl
RAFIKI-5406,CCCCC(=O)NC(NC(=O)CCCC)c1ccc(OCCC)c(OC)c1
RAFIKI-5407,CN(C)C(=O)Oc1ccc(C(N)CCOc2ccc([N+](=O)[O-])cc2)cc1
RAFIKI-5408,COc1cccc2cc(C(C)N(CCCN3CCOCC3)C(S)=Nc3cc(C)cc(C)c3)oc12
RAFIKI-5409,Cc1ccccc1-n1cc(CN2CCNC(=O)C2c2ccccc2Cl)nn1
RAFIKI-5410,COc1ccc2c(c1)C(=Nn1c(-c3ccc(C)cc3)nc3ccccc3c1=O)C(=O)N2
RAFIKI-5411,CCOC(=O)C(Cc1ccc(O)cc1)NC(=O)C(Cc1ccc(N(CCCl)CCCl)cc1)NC(C)=O
RAFIKI-5412,NC(Cc1ccc2nc3c4ccccc4c(=O)cc-3oc2c1)C(=O)O
RAFIKI-5413,O=C(NCc1ccco1)C1CCOC2CCN(CC3CC3)CC21
RAFIKI-5414,CS(=O)(=O)Nc1ccc(CCNC(=O)c2ccc(O)c3[nH]c(C4CC4)nc23)cc1
RAFIKI-5415,Cc1cc2cc(NC(=O)c3nnc(-c4ccccc4N)o3)ccc2[nH]1
RAFIKI-5416,CC(C)N1CCOC(CC(=O)NCc2csc(N)n2)C1
RAFIKI-5417,O=C(COc1ccccc1)NCC(=O)NC1CCCc2ccccc21
RAFIKI-5418,Cc1ccc(NC(=S)N2N=C(c3ccc(O)cc3)CC2c2cccs2)cc1
RAFIKI-5419,Oc1ccccc1CNc1ccc(Oc2ccc(Cl)cc2O)c(Cl)c1
RAFIKI-5420,CC(C)(C)CC(C)(C)NC1=Nc2ccccc2NC12CC1CCCC(=O)N3CCC(C2)C13
RAFIKI-5421,CC(=O)N1CCCc2sc(C(=O)Nc3ccc(C)nc3)nc21
RAFIKI-5422,CCCC=CCCCc1ccc(O)cc1
RAFIKI-5423,CCOC(=O)C=Cc1ccc2c(c1)Nc1ccccc1O2
RAFIKI-5424,O=c1c2cccc(F)c2ncn1C1CCS(=O)(=O)CC1
RAFIKI-5425,COCCCN(Cc1c(-c2ccccc2)noc1N1CCCCC1C)C(=O)Cc1ccccc1
RAFIKI-5426,CCc1noc(CC)c1CC(=O)N1CC(OC)CC1c1nc(C)n[nH]1
RAFIKI-5427,CC(OC(=O)c1[nH]nc2ccccc12)C(=O)Nc1ccccc1[N+](=O)[O-]
RAFIKI-5428,COc1cc(N2CCC(C(Cn3nc(C(F)(F)F)cc3C)NC(=O)CO)CC2)ccc1Cl
RAFIKI-5429,O=C(NC1(C(=O)O)Cc2ccccc2C1)c1cccc(OCc2cccnc2)c1
RAFIKI-5430,O=C(NS(=O)(=O)CC1CCOCC1)c1conc1-c1ccc(Cl)cc1
RAFIKI-5431,Cc1ncccc1CNCCn1cccn1
RAFIKI-5432,CNCCOc1cnc(Cl)c(Br)c1
RAFIKI-5433,CC(COc1ccccc1)=NNc1nc(-c2cccs2)cs1
RAFIKI-5434,O=C(O)c1ccc(Nc2c3ccccc3nc3ccccc23)c(O)c1
RAFIKI-5435,CCCOCc1cccc(CC2CS(=O)(=O)CC(NCc3cccc(C(C)C)c3)C2O)c1
RAFIKI-5436,Cc1ccc(N=Nc2ccc(O)c(C=NNC(=O)c3ccc(N)cc3)c2)cc1C
RAFIKI-5437,Cc1nc(NC(C)c2cccc3c2CCC3(F)F)c2cn(C3(C)CC3)c(=O)cc2n1
RAFIKI-5438,CCOc1cc(C=C2C(=O)N(Cc3ccco3)C(C)=C2C(=O)OC)ccc1O
RAFIKI-5439,Cc1cc(C)cc(CC2(O)CC3CN(CC(=O)c4ccc(O)cc4)CC3C2)c1
RAFIKI-5440,O=C1NC(=O)C(=Cc2ccc3[nH]ccc3c2)S1
RAFIKI-5441,Cc1ccc(C(OC(=O)c2ccco2)C(=O)NC(C)(C)C)cc1
RAFIKI-5442,COc1c(N2CCN(C)C(c3ccccc3)C2)c(F)cc2c(=O)c(C(=O)O)cn(C3CC3)c12
RAFIKI-5443,O=C(O)c1c(NC(=S)N2CCOCC2)sc2c1CCCC2
RAFIKI-5444,O=c1cc(O)nc(-c2ccccc2)n1Cc1ccccc1
RAFIKI-5445,NCCC1CCC(Cc2ccccc2)O1
RAFIKI-5446,Cc1c(CN2CCC2)ccc(F)c1-c1cc2c(-c3cnn(C)c3)n[nH]c2cn1
RAFIKI-5447,CCOCC(=O)N(C)Cc1nc(C(F)(F)F)cs1
RAFIKI-5448,COC(=O)C(=Cc1ccccc1Cl)CSC#N
RAFIKI-5449,COC(CC(Nc1ccccc1)=C1C(=O)NC(=C(C)C)C1=O)CC(C)O
RAFIKI-5450,Brc1cccc(-c2ncc(OCC3CCNCC3)nc2-c2cccc(Br)c2)c1
RAFIKI-5451,Fc1ccc(C(c2nnnn2Cc2cccs2)N2CCN(C3CCCC3)CC2)cc1
RAFIKI-5452,COc1ccccc1NS(=O)(=O)c1ccccc1C#N
RAFIKI-5453,COC(=O)c1cccc(NC(=O)C=Cc2ccc([N+](=O)[O-])cc2)c1
RAFIKI-5454,NC(=O)COc1ccc2c(c1)S(=O)(=O)N=C(c1c(O)c(-c3cccs3)nn(Cc3ccccc3)c1=O)N2
RAFIKI-5455,O=C(Cc1ccncc1)N1CCNCC1
RAFIKI-5456,CCCc1cccc(-c2cc(NC(=O)C3CNC(=O)C3)nn2-c2cccc(C)c2C)c1
RAFIKI-5457,COc1ccc(OC)c(NC(=O)C(=O)NCc2ccncc2)c1
RAFIKI-5458,O=C(c1cc(O)c(O)c(O)c1)c1ccc(O)c(O)c1O
RAFIKI-5459,CSc1nnc(-c2cccc(O)c2N)o1
RAFIKI-5460,CCNC(=O)c1nc2cccnc2n1-c1cncc(Cl)c1
RAFIKI-5461,CCC(=NNC(=S)NC12CC3CC(CC(C3)C1)C2)c1ccccn1
RAFIKI-5462,N#CCCn1c(=O)c(-c2ccc(F)cc2)nc2cnc(Oc3cccc(Cl)c3)nc21
RAFIKI-5463,COC(=O)c1[nH]c2cccc(OC)c2c1NC(=O)CN1CC2(C)CC1CC(C)(C)C2
RAFIKI-5464,COc1ccccc1C1CC(=O)C(=CNCCN(C)C)C(=O)C1
RAFIKI-5465,COc1cc(=O)n2c(c1C(=O)N(C)Cc1nonc1C)CCN(C(=O)CCC1CCCCC1)CC2
RAFIKI-5466,COc1nc(C#CC2CCCC2)c(Cl)cc1-n1c(=O)ccc2cc(S(=O)(=O)Nc3cccnn3)ccc21
RAFIKI-5467,O=C1CCOc2ccc(-c3ccc(N4CC(CO)OC4=O)cc3F)cc2N1
RAFIKI-5468,COCC1(C2CC2)CN(c2nc(C)nc3c2cnn3-c2ccccc2)C1
RAFIKI-5469,Cc1nc(C)c(CCNC(=O)NCc2nc(C3CC3)no2)s1
RAFIKI-5470,COC(=O)c1ccc2[nH]c(-c3nonc3N)nc2c1
RAFIKI-5471,CC1Oc2ccccc2C(=NNc2ccccc2)C1n1ccnc1
RAFIKI-5472,O=C1Nc2ccc(Cl)cc2C(CNC(=O)c2ccccc2F)(C(F)(F)F)O1
RAFIKI-5473,COCCOCC1(CNC(=O)c2ccc(OC)cc2)CC(O)C(O)C1
RAFIKI-5474,O=C(NCC1CCCO1)c1cn2c3c(cc(Br)cc3c1=O)CC2
RAFIKI-5475,COc1cc(C=C2C(=N)N3N=C(S(C)(=O)=O)SC3=NC2=O)ccc1OCCOc1ccc(C)cc1
RAFIKI-5476,O=C(Oc1ccc(F)cc1)c1cccnc1
RAFIKI-5477,CC(C)Cc1noc(CN(C)C2CCN(Cc3ccccc3)CC2)n1
RAFIKI-5478,Cc1c(F)cccc1C1(C(=O)NO)Cc2nc(-c3ccccc3F)sc2C1
RAFIKI-5479,COc1ccc(C=CC(=O)NCCCNc2ccnc3cc(Cl)ccc23)cc1
RAFIKI-5480,CCOC(=O)C1=CN(Cc2ccccc2)C=CC1c1cccc(C(F)(F)F)c1
RAFIKI-5481,Cn1cc(CN2CC(N3CCCC3=O)C3OCCCC32)cn1
RAFIKI-5482,Cc1nnc(C(C)N2CCCC2Cn2cccn2)o1
RAFIKI-5483,C#CCNC1=C(Cl)C(=O)c2ccc(C)nc2C1=O
RAFIKI-5484,Cc1cc(-c2nc(-c3cccc(Cl)c3)n3c2CCOC(C)C3)cc(C)n1
RAFIKI-5485,CC(C)(C(=O)NC(N)=O)C1c2ccc(-c3ccc(N4CCOCC4)nc3)nc2Oc2c(F)cccc21
RAFIKI-5486,CN(C)NC1CC(=O)N(c2ccccc2)C1=O
RAFIKI-5487,CCNC(=O)CN(CC)S(=O)(=O)c1ccc2c(c1)OCCCO2
RAFIKI-5488,NC1(C(=O)Nc2cncc(C(F)F)c2)CCc2cc(Br)ccc2C1
RAFIKI-5489,COc1ccc2c(c1)c(-c1nc(-c3cn(C)c4ncccc34)cs1)cn2CCN1CCCCC1
RAFIKI-5490,CC1CCC(NC(=O)c2ccc(C#Cc3ccccc3)nc2)CC1
RAFIKI-5491,Cc1nc(O)c2cc(-c3ccc(Cl)c(OCC4CCC4)c3)c(C(C)C)cc2n1
RAFIKI-5492,O=C(CN1C(=O)NC2(CCCC2)C1=O)N1CCN(c2ccc(C(F)(F)F)cc2[N+](=O)[O-])CC1
RAFIKI-5493,Cc1cc(-n2cnnn2)ncc1CC(=O)N1CCN2CC(c3ccc4c(c3)CCOC4=O)OCC2C1
RAFIKI-5494,O=S(=O)(N1CCCCCC1)N1CCN(Cc2ccc(F)cc2Br)CC1
RAFIKI-5495,COc1ccc(-c2[nH]c3ccc(-c4ccc(C5=CCNCC5)cc4)cc3c2C)cc1OC
RAFIKI-5496,Cc1c[n+](CCC(=O)O)ccc1C=Cc1cccc2ccccc12
RAFIKI-5497,O=C(C1CCCc2c1[nH]c1ccccc21)N1CCC(O)(CN2CCCC2)CC1
RAFIKI-5498,CC1=C2CCC(C)(O)C(O)C2OC12OC(C)(C)CC2=O
RAFIKI-5499,CC(=O)c1c(Nc2ccc(Cl)cc2Cl)[nH]c2c(C(F)(F)F)cc(Cl)cc2c1=O
RAFIKI-5500,CN(c1ncnc2[nH]ccc12)C1CC2CN(C(=O)CC#N)CC2C1
RAFIKI-5501,NCCCCC1(C(=O)O)CN(CC2CCCCC2)CCP1(=O)O
RAFIKI-5502,CCN(CC(C)(C)O)C(=O)C1CC1c1cccc2ccccc12
RAFIKI-5503,CN(CCNC(=O)OC(C)(C)C)c1ccc(C(=O)Nc2ccc(O)cc2)cc1
RAFIKI-5504,CC1CCC(Cn2c(N(C)c3ccccc3)nc3cc(-c4noc(=O)[nH]4)nc(-c4cncc(Cl)c4)c32)CC1
RAFIKI-5505,CC(=O)NC1CCN(c2cc3c(NC(C)c4ccc(-c5ccccc5CN(C)C)s4)nc(C)nc3cn2)C1
RAFIKI-5506,COc1cc(C=CC(C)=O)cc(OC)c1O
RAFIKI-5507,c1ccc(-c2ncn(CCc3c[nH]cn3)c2-c2cnc3ccccc3c2)cc1
RAFIKI-5508,COc1cccc2nc(CCCN3CCC(c4ccccn4)CC3)sc12
RAFIKI-5509,Cc1nc(N)ccc1CNC(=O)C(C)NC(=O)C1CC(Cc2nc3cc(Cl)ccc3s2)CN1
RAFIKI-5510,O=C(Nc1cccc(O)c1)c1cccc(S(=O)(=O)Nc2cccc(O)c2)c1
RAFIKI-5511,COc1ccc(-c2nc(CCCCC3COC(C)(C(=O)O)OC3)c(C)o2)cc1
RAFIKI-5512,CNC(=O)Cc1ccc(-c2cc(C)cc(-c3ccc(CC(=O)NC)cc3)c2OCCO)cc1
RAFIKI-5513,CC(C)Cc1ccc(-c2nc(-c3ccc(CN4CC(C(=O)O)C4)c(F)c3)no2)cc1
RAFIKI-5514,CNC(=O)C1CCCN1c1cc2c(cn1)-c1nc(-c3ncnn3C(C)C)cn1CCO2
RAFIKI-5515,COc1cc(C)c(-c2cc(O)cc3cc4c(c(O)c23)C(=O)c2c(O)cc(O)cc2C4(C)C)c(O)c1
RAFIKI-5516,COc1cccc2c1C(=O)c1c(O)c3c(c(O)c1C2=O)CC(O)(C(C)=O)CC3OC1OC(C)C(O)C(O)C1I
RAFIKI-5517,CCNc1nc(NC(C)C)nc(N2CC(=O)N(CC(=O)OCC)C2=N)n1
RAFIKI-5518,O=C(O)c1ccccc1C(=O)c1ccc(-c2ccccc2)cc1
RAFIKI-5519,CC(=O)N1CC(Oc2ccc3oc(-c4cc5sccc5cn4)cc(=NO)c3c2)C1
RAFIKI-5520,CCS(=O)(=O)Nc1cccc(OCc2cc3ccccc3s2)c1
RAFIKI-5521,CCc1cc2c(=O)c(-c3ccc4c(c3)OCCCO4)coc2cc1OC(=O)N1CCOCC1
RAFIKI-5522,COC1=CC(=O)c2c(cc(COP(N)(=O)N(CCBr)CCBr)n2C)C1=O
RAFIKI-5523,COc1ccc(-c2cn(Cc3cc(C(F)(F)F)cc(C(F)(F)F)c3)nn2)cc1
RAFIKI-5524,Cc1ccc(C#N)cc1-c1cc2nnc(Nc3ccc(S(=O)(=O)NCCN4CCCC4)cc3)nc2cc1C
RAFIKI-5525,CCOC(=O)CCCCc1ccc2ccccc2c1O
RAFIKI-5526,CCS(=O)(=O)NCCNc1c(C#N)cnc2c(C)cc(F)cc12
RAFIKI-5527,Cc1ccc(CNCc2nc3c(s2)CCCC3)s1
RAFIKI-5528,CC(=O)c1ccc(CNC(=O)C2C(C(=O)NCCCCN3CCCC3)C3CCC2C32CC2)o1
RAFIKI-5529,COc1ccc2[nH]c(-c3ccc(OCC(=O)N4CCOCC4)c(OC)c3)nc2c1
RAFIKI-5530,CC1=C(c2ccccc2)C1C(=O)NC1(C(=O)O)CCCC1
RAFIKI-5531,CCCCN1CC(N2CCCCC2)CS1(=O)=O
RAFIKI-5532,OCC1OC(Oc2ccc3cc2Oc2ccc(cc2)CCC(O)CCCC3)C(O)C(O)C1O
RAFIKI-5533,CN(C)C1CCN(c2ccc3[nH]c(C(=O)c4ccc(C#N)c(-c5cncc6ccccc56)c4)nc3n2)CC1
RAFIKI-5534,O=C1C(=Cc2cc(Br)c(O)c(Br)c2O)SC(=S)N1c1cccc(C(F)(F)F)c1
RAFIKI-5535,CS(=O)(=O)C1CCCCN(C(=O)c2cc(C#N)ccn2)C1
RAFIKI-5536,COc1cc(CCC(=O)OC2CCC(N(C)C3CCC(OC(=O)c4cc(OC)c(OC)c(OC)c4)CC3)CC2)cc(OC)c1OC
RAFIKI-5537,CCN(CC)C(=O)N1CCN(S(=O)(=O)c2ccc(C)c(C)c2)CC1
RAFIKI-5538,CC(=O)N1CCN(c2ccc(Nc3ncc4ccn(-c5cccc(NS(=O)(=O)C(C)(C)C)c5)c4n3)cc2)CC1
RAFIKI-5539,CS(=O)(=O)N(CC(=O)Nc1cccnc1)c1ccc2c(c1)OCCO2
RAFIKI-5540,CCN(C(=O)CO)C1CN(C(=NC#N)Nc2cc(OC(F)(F)F)ccc2OC)N=C1c1ccc(Cl)c(Cl)c1
RAFIKI-5541,CCCCOc1ccc(OCCNS(=O)(=O)N(C)C)cc1
RAFIKI-5542,CCn1c(CNc2ccc(C(=N)N)cc2F)nc2cc(C(=O)N(CCC(=O)O)c3ccc(Cl)cc3)ccc21
RAFIKI-5543,CCCCCCOc1ccc(CCNc2ncnc3ccc(N)cc23)cc1
RAFIKI-5544,O=C(NC1CCCCN(Cc2cc(C(F)(F)F)cc(C(F)(F)F)c2)C1=O)c1ccc(OP(=O)(O)O)cc1
RAFIKI-5545,O=S(=O)(O)Oc1ccc2ccccc2c1
RAFIKI-5546,N#Cc1ccc2[nH]c(-c3ccc(F)cc3)c(CCNC(=O)NS(=O)(=O)c3ccccc3Cl)c2c1
RAFIKI-5547,COc1ccc(-n2cc(-c3ccc4nc(N)nc(N)c4c3)nn2)c([N+](=O)[O-])c1
RAFIKI-5548,CC1(C)OC(=O)C(OCC2CC2)=C1c1ccc(S(C)(=O)=O)cc1
RAFIKI-5549,O=C(c1ccccc1C(F)(F)F)N1CC2CC1C(=O)N2c1ccccc1Cl
RAFIKI-5550,CN(C)CCCC(=O)Nc1ccc(C(=O)NC2CCCC(Nc3ncc(Cl)c(-c4c[nH]c5ccccc45)n3)C2)cc1
RAFIKI-5551,CCOC1CCCN(C(=O)c2nn(-c3ccccc3F)cc2O)C1
RAFIKI-5552,COc1ccc(C(=O)Nc2ccc3ccccc3c2)c(OC)c1
RAFIKI-5553,CC(=O)c1cccc(S(=O)(=O)NC(=O)Nc2c3c(cc4c2CCC4)CCC3)c1
RAFIKI-5554,COc1ccc(C=CC(=O)c2ccc(-n3cnnn3)cc2)cc1
RAFIKI-5555,COCC(C)(C)CNC(=O)c1c(C)ncnc1C
RAFIKI-5556,CC(C(=O)NC(C)(C)C)N1CCCC(C(=O)N2CCCCCC2)C1
RAFIKI-5557,CCC(=O)N(CCNC(=N)N)C1CCN(CCc2ccccc2)CC1
RAFIKI-5558,Cc1c(CCO)sc[n+]1CCCCCCCCOc1ccc(C(N)=NO)cc1
RAFIKI-5559,CCCCC(C)CC(C)C(=O)N1CCCC1C(=O)OC(C(=O)OC(C(=O)O)C(C)CC)C(C)CC
RAFIKI-5560,N#CC(CCc1ccc(Cl)cc1)(Cn1cncn1)c1ccccc1
RAFIKI-5561,NNc1nc2cc(Cl)c(Cl)cc2s1
RAFIKI-5562,COc1ccc(CNC(=O)CCn2c(C)csc2=O)cc1
RAFIKI-5563,CC(=O)OCC(=O)C1CCC2C3CCC4=CC(=O)CCC4(C)C3C(O)=CC12C
RAFIKI-5564,FC(F)Oc1ccc(C2COc3cc(Cn4cnc5cccnc54)ccc3O2)cc1
RAFIKI-5565,CCCCC1OP(=O)(OCC2C=CC(n3cc(C)c(=O)[nH]c3=O)O2)Oc2cccc(Cl)c21
RAFIKI-5566,CC(C)OP(=O)(O)OC1C(O)CC(O)CC1OCCCCc1ccccc1O
RAFIKI-5567,OC(CCN1CC=C(Cc2ccccc2)CC1)c1ccc2c(c1)CCO2
RAFIKI-5568,C=CC(=O)N1CC(C)N(c2nc(=O)n(-c3c(C)ccnc3C(C)C)c3nc(-c4cccc5cc[nH]c45)c(Cl)cc23)CC1C
RAFIKI-5569,N#Cc1cccc(C2CCCN(CC3CC3)C2)c1
RAFIKI-5570,Cc1c(C(=O)N2CCN(C3CC3)CC2)cnn1-c1nn2cccc2c(=O)[nH]1
RAFIKI-5571,N#CC(=Cc1ccc(F)cc1)c1n[nH]c(Cn2cncn2)n1
RAFIKI-5572,Cc1cc(C)c2c(c1)c(C)cc1nnc(SCC(=O)c3cccs3)n12
RAFIKI-5573,OC1(Cc2ccc3ccccc3c2)c2ccccc2C2=NCCCN21
RAFIKI-5574,CN(Cc1c(-c2ccccc2)c2ccccc2c(=O)n1C)C(=O)Cc1cc(C(F)(F)F)cc(C(F)(F)F)c1
RAFIKI-5575,O=C(Nc1ccc(Cl)cc1Cl)N1CCC(Nc2ncnc3[nH]ncc23)CC1
RAFIKI-5576,CCC(C(=O)NC1CC(=O)Nc2c1c(C)nn2-c1ncnc2nc[nH]c12)c1ccccc1
RAFIKI-5577,COc1cc(CNC2CCCCCCC2)cc(Cl)c1OC
RAFIKI-5578,C=C(C)C(=O)c1ccc(OCc2nc(C)no2)cc1Br
RAFIKI-5579,CC(C(O)c1ccc(O)cc1)N1CCCCC1
RAFIKI-5580,CN1c2ccccc2Sc2ccc(S(C)(=O)=O)cc21
RAFIKI-5581,O=[N+]([O-])c1ccc(C2NC(c3ccc([N+](=O)[O-])cc3)C3CCCC2C32NNC(=S)N2)cc1
RAFIKI-5582,O=C(Nc1cc(Cl)ccc1C(=O)O)c1ccc(-c2ccccc2)c(Oc2ccccc2)c1
RAFIKI-5583,CC(O)C1C(=O)N2C(C(=O)O)=C(CNC(=O)c3ccc4ccccc4c3)C(C)C12
RAFIKI-5584,CC(C)(C)c1cc(C(=O)N2CCC3(CC2)CC3CNC(=O)c2cc3ccncc3o2)[nH]n1
RAFIKI-5585,CN(C)CCN(C)CC(=O)Nc1ccc(Sc2c(O)nc3ccc(C(F)(F)F)cc3c2-c2cc(Cl)ccc2O)cc1
RAFIKI-5586,OC(CN1CCN(Cc2nnc(C3CC3)o2)CC1)c1ccccc1
RAFIKI-5587,Cc1nc(-c2ccc(N3CCC(Oc4ccccc4)CC3)nn2)no1
RAFIKI-5588,CN(Cc1n[nH]c(=O)n1CC1CCCCC1)S(C)(=O)=O
RAFIKI-5589,O=C(Nc1cc(Cl)c(Cl)cc1Cl)c1cc(Br)ccc1O
RAFIKI-5590,CCOC(=O)c1c(NC(=O)CCc2ccccc2)sc2c1CCN(C(=O)OCC)C2
RAFIKI-5591,COc1cc2c(cc1OC)CN(C(=O)Cn1c(C(F)(F)F)ccc(C(N)=O)c1=O)CC2
RAFIKI-5592,CCOCCCn1c(=N)c(C(=O)NCC2CCCO2)cc2c(=O)n3cccc(C)c3nc21
RAFIKI-5593,O=C(CCc1ccc(F)cc1)NN=Cc1cc(F)cc(Cl)c1O
RAFIKI-5594,CNC(=O)c1ccccc1Nc1c(Br)cnc2[nH]c(-c3ccc(F)cc3)nc12
RAFIKI-5595,CN1CCN(C2=Nc3ccc(Cl)cc3Oc3cc(F)ccc32)CC1
RAFIKI-5596,c1ccc(Cc2cccc(N3CCC4(CC3)CNCCO4)c2)cc1
RAFIKI-5597,OCCNCc1cnc2c(N3CCc4c(-c5ccccc5)cccc43)ncnc2c1
RAFIKI-5598,CC1=C(C)C(=O)OC(C(C)C2CC(O)C3C4C5OC5C5(O)CC=CC(=O)C5(C)C4CC(O)C23C)C1
RAFIKI-5599,CC1CCC(N(CC(=O)NC(N)=O)C2CC2)CC1
RAFIKI-5600,c1ccc(-n2cc(-c3ccc(CN4CCOCC4)cc3)cn2)nc1
RAFIKI-5601,CCC(C)CN(CC(=O)N1CCc2sccc2C1COc1ccc(Cl)cc1)C(=O)Cc1ccccc1
RAFIKI-5602,CC1(N)CCN(c2nc3[nH]nc(-c4cccc(Cl)c4Cl)c3nc2-c2cc[nH]n2)CC1
RAFIKI-5603,O=C(OCCS(=O)(=O)c1ccccc1)N1c2ccc(OCCO)cc2C23OC24CCCC3C#CC=CC#CC14
RAFIKI-5604,COC(=O)c1ccc(Cn2ncc3c2NC(=O)CC32C(=O)Nc3ccc(Cl)cc32)cc1
RAFIKI-5605,N#CCN1CCCC1C1CCCCC1O
RAFIKI-5606,O=C(c1ccnnc1)N1CC2CCCC2(COCC2CCOCC2)C1
RAFIKI-5607,C=C1CC(O)CC(C)(C)C1CCC(C)=CC(=O)O
RAFIKI-5608,Clc1ccc2c(ccn2CCc2c[nH]c3ccccc23)c1
RAFIKI-5609,O=C(O)Cc1ccc(C(=O)c2ccc(Oc3ccccc3)cc2)cc1
RAFIKI-5610,O=C(CSCc1ccc(Cl)cc1)c1ccco1
RAFIKI-5611,COC(=O)c1cncc(-n2ncc3cc(F)ccc32)c1
RAFIKI-5612,Cn1ncc2c3c4c(c(-c5c[nH]nc5C(F)(F)F)nc3ccc21)CCCC4
RAFIKI-5613,Cc1cc(C(=O)N(CC2CCCO2)c2nc3c(C)ccc(Cl)c3s2)on1
RAFIKI-5614,CCCCN(C(=O)NCCC)S(=O)(=O)c1ccc(Cl)cc1
RAFIKI-5615,CNc1cc(F)c(F)c2c1[nH]c1ncc(-c3cnc(OC)nc3)c(N3CCC4(CC4N)C3)c12
RAFIKI-5616,COc1ccc(CNS(=O)(=O)c2csc(C(N)=O)c2)cc1OC
RAFIKI-5617,CN(C)C(=O)c1ccc(-c2ccc(O)c(C=O)c2)cc1
RAFIKI-5618,CC(C)COc1cccc(F)c1-n1nc2c(c1-c1cc(F)c(NC(N)=O)cc1F)CN(c1ncc(Cl)cc1Cl)CC2
RAFIKI-5619,COc1ccc(-c2ccc3nc[nH]c3c2)c(C)c1
RAFIKI-5620,CCC(C)C(N)C(=O)N1CCCN1C(=O)Nc1cccc([N+](=O)[O-])c1
RAFIKI-5621,O=S(=O)(Nc1ccc(C(F)(F)F)cc1Cl)c1ccc(Cl)cc1
RAFIKI-5622,Cc1nc(C(=O)N2CCCC2(C)c2nc3cc(OC(F)(F)F)ccc3[nH]2)c(-c2ccccc2C)s1
RAFIKI-5623,CCOc1cc(C(=O)NC2CCCN(CCOC)C2)n[nH]1
RAFIKI-5624,Cn1cc(C(=O)Nc2cc(-c3[nH]c4c(c3Nc3ccccc3)C(=O)CC(C)(C)C4)ccn2)cn1
RAFIKI-5625,CC(C)NC(C)C(O)c1ccc2c(c1)OCO2
RAFIKI-5626,CC1(C)CC(O)C23C(O)CC4(C)C5(C)CCC6C(C)(C)C(O)CCC6(C)C5CCC4(OC2O)C3C1
RAFIKI-5627,N#Cc1nc(NCCSCCCO)ccc1Cl
RAFIKI-5628,O=C(NC1CCOCC1OCc1ccccn1)c1ccncc1O
RAFIKI-5629,Cc1ccc(-c2csc(NC(=S)NC(=O)C=Cc3ccco3)n2)cc1
RAFIKI-5630,C=C1c2cc(C)ccc2NC(=O)N1c1ccc(C)cc1
RAFIKI-5631,CC(C)N1CCN(C(=O)CCC(NC(=O)C=Cc2cc(Cl)ccc2-n2cnnn2)C(=O)Nc2ccc(C(=O)O)cc2)CC1
RAFIKI-5632,COCCn1nnnc1CN(CCCN1CCOCC1)Cc1cc2c(C)ccc(C)c2nc1O
RAFIKI-5633,Cc1ccc(-c2c[nH]c3ncc(-c4cccc(C#N)c4)cc23)cc1
RAFIKI-5634,COC(=O)c1ccc(O)c2ncc(-c3ccc(C(=O)NCCCN(C)C)cc3)cc12
RAFIKI-5635,O=C(O)C(CCN(CCCCc1ccc2c(n1)NCCC2)CCOc1ccccc1)Nc1nc(-c2cccnc2)nc2ccccc12
RAFIKI-5636,O=c1c2cnccc2ncn1Cc1c(F)cccc1F
RAFIKI-5637,CCC(C(=O)NCC1=CCCN(C)C1)c1ccccc1
RAFIKI-5638,COc1cccc(F)c1-c1ccc(C(CC(=O)O)NC(=O)C2(C)CCCN2S(=O)(=O)c2cc(Cl)cc(Cl)c2)cc1
RAFIKI-5639,CN1C(=CC(=O)c2cccnc2)C(C)(C)c2ccccc21
RAFIKI-5640,CCn1cc(CNc2nc3[nH]cnc3c(=O)[nH]2)nn1
RAFIKI-5641,COCCOCCOCCOCC(=O)Oc1ccc(O)cc1
RAFIKI-5642,O=C1C(=C(c2ccccc2)c2ccccc2)Nc2ccccc21
RAFIKI-5643,CCOC(=O)c1c2c(n3cccc(Br)c13)C(=O)c1nccnc1C2=O
RAFIKI-5644,CN(CCCn1c(N)nc2cc(Br)ccc21)CCCn1c(N)nc2cc(Br)ccc21
RAFIKI-5645,COCOc1ccc(C=CCCCOc2cc(C=Cc3cc(OC)c(OC)c(OC)c3)ccc2OC)cc1
RAFIKI-5646,Cc1noc(C2OCCC2NC(=O)C(C)Oc2cnc3ccccc3c2)n1
RAFIKI-5647,N=C(N)c1cccc(C(=O)NC(C(=O)NCc2ccccc2)c2ccccc2)c1
RAFIKI-5648,NS(=O)(=O)c1ccc(NC(=S)Nc2ccc3c(c2)CCC3)cc1
RAFIKI-5649,O=C(O)c1ccc(-c2ccccc2)cc1NS(=O)(=O)Cc1ccc(C(F)(F)F)cc1Br
RAFIKI-5650,CSc1ccc(Oc2cc(C(=NO)NC3CCc4ccccc43)ccn2)cc1
RAFIKI-5651,CC(CCCC(C)C1CCC2C3C(O)CC4CC(O)CCC4(C)C3CC(=O)C12C)C(=O)O
RAFIKI-5652,O=C(NC1(CO)CSC2=C1C(=O)c1ccccc1C2=O)c1ccc(Cl)cc1
RAFIKI-5653,CC(=O)c1cccc(-n2c(=O)c3ccccc3n(CC(=O)NCCN3CCCC3)c2=O)c1
RAFIKI-5654,O=C(C(=O)N1CCN(C(=O)c2ccccc2)CC1)c1c[nH]c2cc(C(F)(F)F)ccc12
RAFIKI-5655,NCC1CCC(C(=O)N2CC(N3CCN(S(=O)(=O)C4CC4)CC3)CC2C(=O)Nc2ccc(C(=O)O)cc2)CC1
RAFIKI-5656,CN(C)C1C(=O)C(C(N)=O)=C(O)C2(O)C(O)=C3C(=O)c4c(O)cccc4C(C)(O)C3C(=O)C12
RAFIKI-5657,NC(=O)N1CCCCCC1C1CCN(c2nccc(C(F)(F)F)n2)CC1
RAFIKI-5658,CC1CN(C(=O)N2CCOCC2)CCN1C(=O)N1CCOCC1
RAFIKI-5659,COc1ccccc1CNC(=O)C(c1ccccc1)c1ccccc1
RAFIKI-5660,CCc1sc(C(=O)CCc2cc(C)c(OCC(O)CO)c(C)c2)c2c1CC(C)(O)CC2
RAFIKI-5661,O=C1CCC(=O)N1CCc1ccccc1Cl
RAFIKI-5662,CC(C)CNC(=O)c1cccc(CN2CCc3c(ncn3C)C2)c1
RAFIKI-5663,O=C(C1=C(O)C(=O)N(CCCn2ccnc2)C1c1cccnc1)c1ccc(F)cc1
RAFIKI-5664,CC(C)COC(=O)NC(CCC(=O)N1CCN(c2cccc(NC3=NCC(O)CN3)c2)CC1)C(=O)O
RAFIKI-5665,CCN1C(=O)CC2(C1=O)C(=O)N(CCc1cccs1)c1ccc(Cl)cc12
RAFIKI-5666,CC(C)n1cc(-n2cc3nc(N4CCOCC4)[nH]cc-3c2=O)cn1
RAFIKI-5667,Cc1nc(CCNC(=O)C2CCCN(C(=O)c3cccs3)C2)cs1
RAFIKI-5668,CC(C)=CCCC(C)=CCc1c(-c2ccc(O)cc2O)oc2c(CC=C(C)C)c(O)c(OC3OC(C(=O)O)C(O)C(O)C3O)cc2c1=O
RAFIKI-5669,CCCCCn1c(=O)c(-c2nc3ccccc3[nH]2)c(O)c2ccccc21
RAFIKI-5670,Cn1c(-c2ccc(O)c(F)c2)nnc1C1(c2ccc(Cl)cc2)CCC1
RAFIKI-5671,Cc1cnc2c(F)c(Nc3cc(C)[nH]n3)nc(NC3CC4CCCC(C3)N4CCC#N)c2c1
RAFIKI-5672,Cc1ccc(O)c(C2=NNC(c3ccc(Cl)cc3)C2)c1
RAFIKI-5673,NS(=O)(=O)c1ccccc1NS(=O)(=O)C(F)(F)C(F)(F)C(F)(F)C(F)(F)C(F)(F)C(F)(F)C(F)(F)C(F)(F)F
RAFIKI-5674,CC(C)(C)OC(=O)c1ccccc1CNc1nc(Nc2cc(Cl)cc(Cl)c2)n[nH]1
RAFIKI-5675,CC(C)=CCN1CCN(CCCOc2ccccc2)C2CS(=O)(=O)CC21
RAFIKI-5676,COCCNc1nc(Oc2cccc3ccccc23)c2sccc2n1
RAFIKI-5677,CC(C)C1CN(C(=O)Nc2ccc(Cl)cc2)CCN1C(=NC#N)Nc1cccc2ncccc12
RAFIKI-5678,Cn1nc(-c2ccccc2)cc1-c1cnc(NC(=O)c2ccccc2Cl)s1
RAFIKI-5679,NCC1CN(c2c(F)cc3c(=O)c(C(=O)O)cn(C4CC4)c3c2F)CCCO1
RAFIKI-5680,CC(C)C(=O)OC1N=C(c2ccccc2)c2cc(Cl)ccc2NC1=O
RAFIKI-5681,CCOc1ccc(OCC)c(NC(=O)CCc2nc3cccnc3n2-c2ccccc2)c1
RAFIKI-5682,COC(=O)c1cc(-c2c(C)nn(-c3ccccc3)c2C)[nH]n1
RAFIKI-5683,CCNC(=O)CC1C(=O)N(C)C(=S)N1NC(=O)c1ccc(Cl)cc1
RAFIKI-5684,CCCCCCSCC1c2cccc(O)c2C(=O)C2=C(O)C3(O)C(O)=C(C(N)=O)C(=O)C(N(C)C)C3C(O)C21
RAFIKI-5685,Cc1cccc(-c2ncc(N)c(=O)n2CC(=O)NC(Cc2ccccc2)C(=O)C(F)(F)C(=O)NCC(=O)N2CCCCCC2)c1
RAFIKI-5686,O=C(O)c1cnc2cc(OCCOc3ccc(Br)cc3)ccc2c1O
RAFIKI-5687,N#Cc1c(-c2ccc(F)cc2)nc(N)nc1-c1ccc2c(c1)OCO2
RAFIKI-5688,Cc1[nH]c(=O)[nH]c(=O)c1CN1CCCC(CCc2ccc(F)cc2F)C1
RAFIKI-5689,CNc1ccc(C(=O)NC2CCC(CO)CC2)cn1
RAFIKI-5690,Cc1cc2c(cc1Cl)SC(N=C(N)Nc1ccc(N3CCOCC3)cc1)=NS2(=O)=O
RAFIKI-5691,CN(c1ccccc1-c1ccc2cnc(Nc3ccc(C4CCN(CC(N)=O)CC4)cc3)nn12)S(C)(=O)=O
RAFIKI-5692,COc1cccc(-c2nc3ccc(Br)cn3c2NCCN2CCOCC2)c1OC
RAFIKI-5693,C#CCn1c(=O)c2[nH]cnc2n(C)c1=O
RAFIKI-5694,COc1ccc(OC)c(N(C)c2ncnc3ccsc23)c1
RAFIKI-5695,CCCCn1c(=O)c(CCC(=O)OC(C)C(=O)Nc2cccc(Cl)c2Cl)nc2ccccc21
RAFIKI-5696,CC(C)C(C(=O)O)N1C(=O)C(=Cc2cccc(Oc3ccc(Cl)c(Cl)c3)c2)SC1=S
RAFIKI-5697,COc1ccccc1C(=O)N1CCN(Cc2sc(C)nc2C)CC1
RAFIKI-5698,CCOc1cc(C=NNC(=O)NN(C)c2ncc(C(F)(F)F)cc2Cl)ccc1O
RAFIKI-5699,Cc1ccc2[nH]c(-c3cc(-c4ccc(CO)cc4)cnc3N)nc2c1
RAFIKI-5700,Cc1ccc2oc(C(=O)NCc3ccccc3)cc(=O)c2c1
RAFIKI-5701,COc1ccccc1OCc1nnc(S)n1Cc1ccccc1
RAFIKI-5702,CCCN(CCC)c1c(C)nc(-c2ccc(OC)cc2OC)n(C)c1=O
RAFIKI-5703,CCn1c(C(=O)c2cc(C)cc(C#N)c2)c(C(C)C)c(=O)[nH]c1=O
RAFIKI-5704,CC(OC(=O)CCNC1=NS(=O)(=O)c2ccccc21)C(=O)Nc1ccc(F)cc1Cl
RAFIKI-5705,C=CCN1C2CCC1CC(OC(=O)C(O)(c1ccccc1)c1ccccc1)C2
RAFIKI-5706,Cn1cnc(-c2cc(Cl)c(F)c(C(=O)NNS(=O)(=O)c3cccc(OCc4ccccc4)c3F)c2)c1
RAFIKI-5707,O=C(O)CCc1nc2cc(Cl)ccc2s1
RAFIKI-5708,CC(C)(C)c1[nH]cnc1C=c1[nH]c(=O)c(=Cc2cccc(C(=O)Nc3ccc(F)cc3)c2)[nH]c1=O
RAFIKI-5709,CC1(C)C(Cc2c(Cl)cccc2Cl)C(=[N+]2CCCC2)C=CN1Cc1ccc(Cl)cc1
RAFIKI-5710,Fc1ccccc1-n1nnc2cc(Cl)cnc21
RAFIKI-5711,Cc1cc(C)n(-c2nnc(N3CCN(c4ccc(F)cc4)CC3)nn2)n1
RAFIKI-5712,CC(C)Oc1ccc(N=c2[nH]c(N3CCCC3=O)nc(=O)n2Cc2ccc(Cl)cc2)cc1Cl
RAFIKI-5713,CN(C)CCCCCCCCCCCC(=O)NCC(O)c1ccncc1
RAFIKI-5714,Cc1ccc(C(=O)NCC(=O)N(C)Cc2ccc(Cl)cc2Cl)s1
RAFIKI-5715,O=c1[nH]c2c(Cl)cc(C(F)(F)F)cc2n(O)c1=O
RAFIKI-5716,CCN(CC)c1nc2ccccc2nc1C(C#N)C(=O)NCCc1ccccc1
RAFIKI-5717,c1cncc(-c2csc(Nc3ccc4ccccc4c3)n2)c1
RAFIKI-5718,CCC1=NC2(CCN(C(=O)C(C)Oc3ccc4c(c3)OCO4)CC2)C(=O)N1
RAFIKI-5719,Cc1cc(N(CCCl)CCCl)ccc1N=Nc1ccccc1C(=O)O
RAFIKI-5720,Cn1cc(-c2cc(F)c3nnc(Sc4ccc5ncc(N6CCOCC6)cc5c4)n3c2)cn1
RAFIKI-5721,CCNC(=O)C[N+](C)(C)CCCn1c(-c2ccc(N(C)C)cc2)nc2c3ccccc3c3ccccc3c21
RAFIKI-5722,CCNC(=O)c1ccc2c(c1)C1(CCC(Oc3ncc(C#N)cc3C#N)CC1)C(=O)N2
RAFIKI-5723,CN(C)CC(=O)Nc1ncc(-c2ccccc2)c(C(C)(C)C)n1
RAFIKI-5724,CC1=CC(c2c(O)cccc2O)C(C(=O)c2ccc3c(c2O)C=CC(C)(C)O3)C(c2ccc(O)cc2O)C1
RAFIKI-5725,COc1cc(S(=O)(=O)c2ccc(N)cc2)ccc1N
RAFIKI-5726,COc1ccccc1C=CCN1CCCC(CCC(=O)N2CCN(c3ccccn3)CC2)C1
RAFIKI-5727,CC(C)C1(O)CCC2=C(C1)C(=O)CC1C(C)(C)CCC(O)C21C
RAFIKI-5728,CC1(C)C=C2C(CO)C(CO)CCC(C)(O)C2C1
RAFIKI-5729,O=C(O)C1(OCc2cccc(-c3ccc(OC(F)(F)F)cc3)c2)CC(O)C(O)C(O)C1
RAFIKI-5730,O=C(O)COc1cc2c(c(Cl)c1Cl)S(=O)(=O)C(C1CCCCC1)=C2
RAFIKI-5731,O=C1C=CC(=O)N1c1ccc2c(c1)OCO2
RAFIKI-5732,CC(C)(F)c1cc(NS(=O)(=O)c2cncc(F)c2)no1
RAFIKI-5733,Cc1ccc(C2(c3ccc(C)cc3)CC(=O)N(CC(O)CN3CCC(C#N)(c4ccccc4C)CC3)C2=O)cc1
RAFIKI-5734,COc1nn2cc(-c3ccc(O)cc3)nc2s1
RAFIKI-5735,Cc1[nH]c2ccc(C(=O)N3CC(O)C(N4CCOCC4)C3)cc2c1C
RAFIKI-5736,COc1ccc(-n2nc(C(N)=O)cc2C(=O)NC2CCN(N3CCOCC3=O)C2)cc1
RAFIKI-5737,Cc1c(F)cc(-c2cc(C(F)(F)F)c3c(N)ncnn23)cc1C(=O)NC1CN(C(=O)CC(C)C(F)(F)F)CC1F
RAFIKI-5738,O=C(O)c1ccc2c(c1)C1C=CCC1C(c1ccc(Cl)cc1Cl)N2
RAFIKI-5739,CC1(C(=O)O)CC(c2cn(-c3cccc(C(F)(F)F)c3)c3ccccc23)=NO1
RAFIKI-5740,CC(Oc1ccc(F)c(F)c1)c1nc(C2CCCC2)no1
RAFIKI-5741,CCNC(=O)N1CCCc2cc(ccn2)-c2nc(cs2)C(=O)Nc2cn(C3CCOCC3)nc2C(=O)NCC1
RAFIKI-5742,COc1ccnc(CNC(C)c2ccc(C#N)cc2)c1OC
RAFIKI-5743,Cc1ccc(N2CCc3ncnc(NC(C)c4ccc(C)c(S(C)(=O)=O)c4)c3C2)c(C#N)c1
RAFIKI-5744,CN(C)C(=O)CNC1CCCCC1C(C)(C)C
RAFIKI-5745,Cc1ccc(N2CCC3(CCCN3Cc3ccn(C)n3)CC2)nn1
RAFIKI-5746,NC(N)=NC(=O)c1nc(Cl)c(N2CCc3ccccc3C2)nc1N
RAFIKI-5747,NC(=O)c1ccc(-c2cnc(N)c(-c3ccc(O)cc3)c2)cc1
RAFIKI-5748,CCC(C)C(C(=O)NCCCCCCCCCCC(=O)N1CCNCC1)n1cc(CCCCCN)nn1
RAFIKI-5749,O=c1cc(C2=CCN(S(=O)(=O)C(F)(F)F)CC2)c2cc(C(c3ccc(Cl)cc3)c3ccc(Cl)cc3)ccc2[nH]1
RAFIKI-5750,CCOc1cc(COc2ccc3c(c2)NCCN(C(CCCC(=O)OC)C(=O)NO)S3(=O)=O)cc(OCC)c1
RAFIKI-5751,Cc1ccc2oc(=O)c(-c3cccc(OCc4ccccc4)c3)cc2c1
RAFIKI-5752,O=C(c1nc(-c2ccc3cc[nH]c3c2)no1)N1CCCC1
RAFIKI-5753,CNC(=O)C1CCCN1C(=O)c1ccc2c(c1)C(O)(C(F)(F)F)c1ccccc1-2
RAFIKI-5754,CCn1c(SCc2ccccc2)nc2c(c1=O)SCC2
RAFIKI-5755,Cc1nc2scc(C)n2c(=O)c1S(=O)(=O)Nc1ccc(N2CCOCC2)c(Cl)c1
RAFIKI-5756,CC(C)N(CC(=O)N1CCCC1)CC(C)(C)O
RAFIKI-5757,COc1cc(C=C2Cc3ccc(OC(C)C)cc3C2=O)ccc1O
RAFIKI-5758,CC(=O)Nc1ccc(C(=O)CSc2nnc(-c3ccccc3F)n2CCc2ccccc2)cc1
RAFIKI-5759,CC(C)CN1CCC(CN2CCOCC2)CC1
RAFIKI-5760,CCc1ccc(C(=O)Nc2n[nH]c3ccccc23)cc1
RAFIKI-5761,CC(C)C(C)C=CC(C)C1CCC2(O)C3C(=O)CCC4(C)C3C(=O)CC23C4CCC13C
RAFIKI-5762,O=C(NN1C(=O)CSC1=S)c1cccnc1
RAFIKI-5763,CC(C)N(CC(=O)N1CCN(C2CCN(C)CC2)CC1)C(=O)c1nc2ccccc2n1Cc1ccccc1
RAFIKI-5764,C=C1C(=O)OC2CC(C)=C(C(C)CCCOC(C)=O)C(O)C12
RAFIKI-5765,CCOc1ccccc1N(C)C(=O)Cn1cnc2onc(-c3ccc(F)cc3)c2c1=O
RAFIKI-5766,Nc1ccccc1NC(=O)c1ccc(CNC(=O)c2cc3ccc(OCc4ccc(Cl)c(Cl)c4)cc3oc2=O)cc1
RAFIKI-5767,CCc1ccc2c(CC(=O)NNC(=O)c3ccncc3)coc2c1
RAFIKI-5768,N#CCC1=CCN(c2ccc(N3CC(Cn4ccnn4)OC3=O)cc2F)CC1
RAFIKI-5769,Nc1ccccc1NC(=O)C1CCC(=O)N1c1ccc(-c2noc(C(F)(F)F)n2)cc1
RAFIKI-5770,CC(=NNC(=O)c1ccccc1)C1C(=O)NC(=O)NC1=O
RAFIKI-5771,COc1cc(OC)c(S(=O)(=O)N(c2ccccc2)C(C)C)cc1NC(C)=O
RAFIKI-5772,CC(C)CC(OP(=O)(O)C(Cc1ccccc1)NC(=O)OCc1ccccc1)C(=O)NC(C)C(=O)O
RAFIKI-5773,CCc1c(C(=O)NCc2ccc(OC)c(F)c2)sc2nnc(C)c(C)c12
RAFIKI-5774,CN(C)C1C(O)C2Oc3c(cc(O)c4c3C(=O)c3cc5c(c(O)c3C4=O)C(OCCBr)CC(C)(O)C5)C(C)(O2)C1O
RAFIKI-5775,CC1CN(CCCN2CCCC2=O)CCN1c1ccc2nncn2n1
RAFIKI-5776,Cc1cc(NS(=O)(=O)c2ccc(N3C(=O)C4C5C=CC(C5)C4C3=O)cc2)nc(C)n1
RAFIKI-5777,Cc1nn(-c2ccccc2)c(Oc2ccc(F)cc2)c1C=C1SC(=S)N(C(Cc2c[nH]c3ccccc23)C(=O)O)C1=O
RAFIKI-5778,Cc1cc(C(=O)CSc2nc(N)cc(O)n2)c(C)n1-c1ccc(OC(F)F)cc1
RAFIKI-5779,COc1ccc(N2CCN(c3[nH]cnc4ncnc3-4)CC2)cc1
RAFIKI-5780,c1ccc2c(c1)OCC(c1nc(-c3ccc(-n4cccn4)nc3)no1)O2
RAFIKI-5781,O=C1C2=C(NC(=S)NC2c2cccc(CO)c2)c2ccccc21
RAFIKI-5782,COc1cccc2c1OC1(C)CC2NC(=O)N1c1cccc(C(=O)N2CCN(c3ccccc3)CC2)c1
RAFIKI-5783,COCCN(C)c1ncc2ncnc(Nc3cc(C(=O)Nc4cc(C(C)(C)C)nn4C)ccc3C)c2n1
RAFIKI-5784,CCOC(=O)N1CCCC(N2CCC(n3cccn3)CC2)CC1
RAFIKI-5785,O=CN1CCN(C(=O)c2ccc(Cl)c(Cl)c2)C1=S
RAFIKI-5786,Cn1cc2cc(-c3cc4[nH]nc(C5CC5)c4n(-c4ccc(CCO)cc4)c3=O)ccc2n1
RAFIKI-5787,CCON=c1[nH]cnc2c1ncn2C1OC(C(C)(O)c2ccc(Cl)c(C)c2)C(O)C1O
RAFIKI-5788,Cc1[nH]c(C2Cc3ccccc3CN2C(=O)C(N)Cc2ccc(F)cc2)nc1-c1ccccc1
RAFIKI-5789,O=C(CN1CCC(C(=O)c2ccc3c(c2)OCCO3)CC1)NCc1ccccc1
RAFIKI-5790,Clc1ccc(C=NC23CC4CC(CC(C4)C2)C3)c(Cl)c1
RAFIKI-5791,CN(c1ccccc1)S(=O)(=O)c1ccc(NC(=O)c2ccccc2C(=O)O)cc1
RAFIKI-5792,CCCCn1c(N)c(N(CCOC)C(=O)c2nn(CC)c(=O)c3ccccc23)c(=O)[nH]c1=O
RAFIKI-5793,Fc1cccc(-c2nc(CNC3CCN(Cc4ccccc4)C3)co2)c1
RAFIKI-5794,Cc1ccc(NC(=S)Nc2cccc(C(F)(F)F)c2)c(C)c1
RAFIKI-5795,O=C(O)c1cccc(NC(=O)C2CCCCC2C(F)(F)F)c1
RAFIKI-5796,CCC(=O)NC(Cc1ccc2ccccc2c1)C(=O)NC(C(=O)NC(CCCCN)C(=O)NC(CC(C)C)C(N)=O)C(C)CC
RAFIKI-5797,CC1c2ccsc2CCN1C(=O)c1ccc(Cl)c(N2CCCC2=O)c1
RAFIKI-5798,Cn1c(=O)oc2cc(-c3coc(=O)n3-c3ccccc3)ccc21
RAFIKI-5799,CC(C)CS(=O)(=O)N1CC2CC(C(=O)NCc3ccccc3)C(C1)O2
RAFIKI-5800,Cc1cccc(-c2ccc(C3C4CN(C(=O)c5ccncc5)CC3N4)cc2)c1
RAFIKI-5801,CC(Cl)=CCSc1nc2c(c(=O)n(Cc3ccccc3)c(=O)n2C)n1Cc1ccccc1
RAFIKI-5802,c1ccc(-c2nc(-c3ccco3)[nH]c2-c2ccccc2)cc1
RAFIKI-5803,NC(=Nc1ccc(Cl)c(Cl)c1)Nc1nc(Nc2ccc(O)c(CN3CCCC3)c2)cc(C(F)(F)F)n1
RAFIKI-5804,CCn1nnn(CCN2CCC(N(C(=O)COC)c3ccccc3F)C(C)C2)c1=O
RAFIKI-5805,CC(C)C(=O)N1CCN(c2ccccc2NC(=O)c2ccc([N+](=O)[O-])o2)CC1
RAFIKI-5806,CCn1ccnc1CNCc1ccc(C)cc1OC(C)(C)C
RAFIKI-5807,COC1OC(C)(c2ccc(-c3ccccc3)cc2)C(=O)CC1N1CCOCC1
RAFIKI-5808,COc1ccc(C2C=C(c3c(C)oc4c(OC)c5occc5c(OC)c4c3=O)ON2)cc1OC
RAFIKI-5809,CC1C(=O)N2CCCc3cc(S(=O)(=O)NCc4ccc(Cl)cc4)cc1c32
RAFIKI-5810,CC#CC(=O)Nc1ccccc1-c1n[nH]c2c1CCC(c1c(Cl)c(OC)cc(OC)c1Cl)C2
RAFIKI-5811,Cc1cccc(CCC(=O)CC(O)CCc2cccnc2)c1
RAFIKI-5812,COc1cc(-c2cc(=O)c3c(CN(C)Cc4ccccc4)c(O)ccc3o2)cc(OC)c1OC
RAFIKI-5813,O=C(C=Cc1cccc(Br)c1)c1ccc2ccccc2c1
RAFIKI-5814,Brc1cccc(CNn2cnnc2)c1
RAFIKI-5815,Clc1cnc(NC2=NCC3(CN4CCC3CC4)N2)nc1
RAFIKI-5816,Cn1ccc(-c2cc(Cl)c(Cl)c3[nH]c4c(c23)CC2(CC4)CN(C(=O)CO)C2)n1
RAFIKI-5817,CCCCOC(=O)c1cc(C=Cc2cccc(OC)c2)on1
RAFIKI-5818,COc1ccc(NC(=O)C2(C)CCN(c3ncccc3C)CC2)cc1Cl
RAFIKI-5819,ON=Cc1cc(O)cc(-c2ccccn2)n1
RAFIKI-5820,CCOC(=O)C=Cc1cc(=O)c(O)co1
RAFIKI-5821,O=C(CNC1(c2ccc(-c3cccc(F)c3)cc2)CCN(C2CCCC2)CC1)Nc1ccc(F)c(Cl)c1
RAFIKI-5822,OC1COC2C1OCC2n1nnnc1-c1ccc(-c2ccccc2)cc1
RAFIKI-5823,O=C(Nc1ccc2c(c1)CCN(C1CCC1)CC2)c1ccc(-c2cn3ccccc3n2)cc1
RAFIKI-5824,COC(=O)c1ccc(-c2ccc(Cl)cc2Nc2snc(O)c2C#N)o1
RAFIKI-5825,O=C(NCCS(=O)(=O)NC1CCCCC1)c1ccc2c(c1)OCO2
RAFIKI-5826,CC1=C(C(=O)N[n+]2cnc3cccc(F)c3c2N)Sc2ccccc2N1
RAFIKI-5827,Cc1nc(C2CCCN2CC(=O)N(Cc2ccsc2)C2CC2)no1
RAFIKI-5828,CCN(CC(O)(CNC(=O)c1cnn(-c2ccc(F)cc2)c1N)C(F)(F)F)C(=O)c1c(F)cccc1Cl
RAFIKI-5829,Cc1cn(C2CC(N=[N+]=[N-])C(COP(=O)(CCl)N(C)C)O2)c(=O)[nH]c1=O
RAFIKI-5830,CN(Cc1cccnc1)C(=O)C12CCCC=C1N(c1ccccc1)C(=O)CC2
RAFIKI-5831,C=C(Br)C(C)(Cl)CCC(Br)C(C)(C)Br
RAFIKI-5832,Cc1cc(Oc2cccc(CN3CCCC3)c2)nc(NCCc2ccccc2)n1
RAFIKI-5833,CCCCN(CCCC)CC(O)c1cc(-c2cccc(O)c2)nc2c(Cl)cc(Cl)cc12
RAFIKI-5834,Cc1c[nH]nc1C(=O)Nc1ccc(F)cc1Cl
RAFIKI-5835,COC(=O)Cc1ccc(NC(S)=NC2CC2)cc1
RAFIKI-5836,CC1C(=O)C(C#N)=CC2(C)c3nc(-c4ccnc(CO)c4)nc(-c4ccccc4F)c3CCC12
RAFIKI-5837,COc1cc2[nH]cc(C(=O)OCC34CCN(CC3)CC4)c2cc1F
RAFIKI-5838,O=C(Nc1cccc(Cl)c1)Nc1cccc(-c2cnc3c(NC(=O)c4ccccc4)cccn23)c1
RAFIKI-5839,CN1C(=O)N(C)C2(c3ccccc3)N(C(C)(C)C)C(=O)NC12c1ccccc1
RAFIKI-5840,Cn1cc(-c2ccccc2OCC2CC2)c2nn(CC3CCN(S(C)(=O)=O)CC3)cc2c1=O
RAFIKI-5841,O=C1NC2(CCCC2)C(=O)NC(Cc2cccc(Cl)c2)C(=O)NCC=Cc2ccccc2OCCNC1Cc1ccc(O)cc1
RAFIKI-5842,CC1CC2OC2CC(O)CCC(=O)Cc2c(Cl)c(O)cc(O)c2C(=O)O1
RAFIKI-5843,O=C1NC(=O)C(=Cc2cnn3c(NC4CC4)nc(NCc4cccc5c4OCCO5)nc23)N1
RAFIKI-5844,C=CC(CCC(C)C1CCC2C3CC(=O)C4=CC(=O)CCC4(C)C3CCC12C)(OO)C(C)C
RAFIKI-5845,N#CC1CCC(NC(=O)c2nc(-n3ccnc3)nc3cc[nH]c23)CC1
RAFIKI-5846,CN(C)CCN(Cc1ccccc1)C(=O)c1cc(Cl)ccc1NS(=O)(=O)c1ccc(Oc2ccccc2Cl)cc1
RAFIKI-5847,Clc1ccc2nc(-c3ccc(N4CCOCC4)cc3)n(CC3CCCCC3)c2c1
RAFIKI-5848,Cc1ccc(C=CS(=O)(=O)NCc2ccc(F)cc2)cc1
RAFIKI-5849,O=C(C1CCC1)N1CC(c2ccsc2)C2CN(C3CCCCC3)CCC21
RAFIKI-5850,COc1ccc(S(=O)(=O)NCc2cc(=O)n(C)c(=O)n2C)cc1F
RAFIKI-5851,COc1ccc2c(c1)CN(S(=O)(=O)CC1CC(N(C)c3ncnc4[nH]ccc34)C1)C2
RAFIKI-5852,CC(C)CC(NC(=O)Nc1ccc(Br)cc1)C(=O)NCc1cc(O)no1
RAFIKI-5853,O=C(C1CCCN(c2nnc(-n3cccc3)s2)C1)N1CCN(c2ccccc2)CC1
RAFIKI-5854,C[n+]1c2ccccc2nc2ccc(NCCc3cnc[nH]3)cc21
RAFIKI-5855,O=C1NC(=O)C(c2ccc(Oc3ccc(Br)cc3)cc2)(N2CCNCC2)C(=O)N1
RAFIKI-5856,CCCCNC(=O)CCCCCCCCCCOc1ccc(C(=O)OC)cc1
RAFIKI-5857,O=C(NCc1ccc(O)cc1O)c1ccc(O)cc1O
RAFIKI-5858,CCCCCCCCCCCCCCCCOOC(C)(C)OC
RAFIKI-5859,CC1=CC2=C(Cc3c(O)cc(C)oc3=O)C(=O)C(C)(O)C(O)C2=CO1
RAFIKI-5860,CC(C)(C)NC(=O)Nc1ncccc1OCc1ccc(F)cc1
RAFIKI-5861,CC(Nc1nccc(N2C(=O)NC3(COC3)C2C(C)C)n1)c1cn(-c2ccc(C(F)(F)F)cc2)cn1
RAFIKI-5862,Cc1cccc2c1nc(N)c1ncn(CC(C)C)c12
RAFIKI-5863,Cc1nc(N)nc(-c2cc(C(C)(C)O)cnc2Nc2cncc(S(C)(=O)=O)c2)n1
RAFIKI-5864,CCC(c1ccc(Cl)c(Cl)c1)n1c(S)nc(C(=O)NC)c1C(=O)NC
RAFIKI-5865,CCOc1cccc(C(=O)N2CCC(c3n[nH]c(C4CC4)n3)CC2)c1
RAFIKI-5866,COc1ccc(C2=NN(C(C)C)C(=O)C3CC=CCC23)cc1C#CC(=O)NCC1CCCO1
RAFIKI-5867,COc1cccc2c1c(C(=O)C(=O)Nc1cn[nH]n1)cn2Cc1ccc(F)cc1
RAFIKI-5868,NS(=O)(=O)c1ccc(F)c(C(F)(F)F)c1
RAFIKI-5869,Cc1c(C(=O)Nc2ccc(Oc3ccnc4cc(OCC(C)(C)O)ccc34)cc2)c(=O)n(-c2ccccc2)n1C
RAFIKI-5870,Nc1c(CCO)cccc1C(O)c1ccc(Cl)cc1
RAFIKI-5871,CN(Cc1cccc(-n2cccn2)c1)c1cc(N2CCCC2)nc(N)n1
RAFIKI-5872,Cn1cc(S(=O)(=O)N2CCc3ccccc32)cc1C(=O)NC(C)(C)C
RAFIKI-5873,N#Cc1cccc(Nc2c(C(N)=O)cnc3ccc(S(=O)(=O)c4ccccc4)cc23)c1
RAFIKI-5874,CN(C)C1C(O)=C(C(N)=O)C(=O)C2(O)C(O)=C3C(=O)c4c(O)c(NC(=O)c5ccccc5)cc(F)c4CC3CC12
RAFIKI-5875,c1coc(-c2cc(-c3cccc4ccccc34)nc3nncn23)c1
RAFIKI-5876,CN(c1ccc(O)cc1CNc1nc(-c2cc(F)c(O)cc2CC(F)(F)F)nc2[nH]nc(-c3nc4c([nH]3)CCNC4)c12)S(C)(=O)=O
RAFIKI-5877,CCC1Oc2ccc(C)cc2N(CC(=O)N(Cc2cccnc2)Cc2ccc(C)o2)C1=O
RAFIKI-5878,Cc1ccc(-c2nn(Cc3ccc(C(F)(F)F)cc3)c3ccccc23)o1
RAFIKI-5879,O=C(Nc1ccccc1C(F)(F)F)c1ccc2cnc(N3CC4CCC3CN4)nn12
RAFIKI-5880,COc1cccc(Cn2nc(C(=O)O)cc2NC(=O)c2ccc(C)cc2)c1
RAFIKI-5881,Cc1ccnc(NC(c2ccccn2)c2ccc3ccc(C)nc3c2O)c1
RAFIKI-5882,O=C(O)c1cc(-c2ccc(-c3ccc(Cl)cc3Cl)cc2)nn1Cc1cccnc1
RAFIKI-5883,CCOc1c(Cl)cc(CNCCc2c[nH]c3ccccc23)cc1OC
RAFIKI-5884,COCCOc1cc2ncc(C(N)=O)c(Nc3cc(C)ccc3F)c2cc1N1CCN(C)CC1
RAFIKI-5885,Oc1ccc(C(=C2C3CCCC2CCC3)c2ccc(F)cc2)cc1
RAFIKI-5886,NC(=NO)c1cccc(-c2ccc3c(c2)c2cc(-c4cccc(C(N)=NO)c4)ccc2n3S(=O)(=O)c2ccccc2OC(F)(F)F)c1
RAFIKI-5887,CCOCCc1c(-c2ccc(N(CC)CC)nc2)cnc2ccccc12
RAFIKI-5888,CC(C)CCn1cc(C(C(=O)O)N2CCC(c3ccncc3)CC2)cn1
RAFIKI-5889,CN1C2CCC1CC(OC(=O)c1cc(-c3ccccc3)nc3ccccc13)C2
RAFIKI-5890,COc1ccccc1C(=O)NCCOc1ccc(C(C)(C)C)cc1
RAFIKI-5891,COCCn1c(NC(CO)c2ccc(OC)c(OC)c2)nc2c1c(=O)n(C)c(=O)n2C
RAFIKI-5892,CC(=O)Nc1ccc(Cc2c(OC3OC(CO)C(O)C(O)C3O)n[nH]c2C(C)C)cc1
RAFIKI-5893,CCc1ccc(C2CCCCCN2Cc2nnc(C3CC3)o2)o1
RAFIKI-5894,CC(C)=C(c1ccncc1)c1ccc(-c2cccc(N)c2)cc1
RAFIKI-5895,COc1cc(-c2cc(=O)c3c(CN4CCCCC4)c(O)ccc3o2)cc(OC)c1OC
RAFIKI-5896,O=C1OC(CNS(=O)(=O)c2cccc(Cl)c2)CN1c1ccc(N2CCSCC2)c(F)c1
RAFIKI-5897,CCOc1ccccc1-c1nc(C(=O)NCC=CS(C)(=O)=O)c(C)[nH]1
RAFIKI-5898,N#Cc1cc(-c2ccccc2)n(-c2ccc(Cl)cc2)c1N
RAFIKI-5899,O=C1c2ccccc2C(Nc2ccc(S(=O)(=O)N3CCOCC3)cc2)N1c1cccnc1
RAFIKI-5900,O=C(Nc1cccc(Br)c1)c1cccc(OC(=S)N2CCOCC2)c1
RAFIKI-5901,CN1CCC2=C(C3CCC2CC3)C1Cc1ccc(O)cc1
RAFIKI-5902,COc1ccc(OC)c(NC(=O)c2ccc(C#N)cc2)c1
RAFIKI-5903,Cc1ccc(C(=O)NC2CC2)cc1-c1cnn(-c2cncc(C(=O)N(C)C)c2)c1
RAFIKI-5904,CCCCc1c(Cl)nc(N)nc1Cl
RAFIKI-5905,CN(C)C(=O)n1cc(C(=O)C2CSC(c3cccnc3)N2)c2ccc(-c3cccnc3)cc21
RAFIKI-5906,Cn1c(NC(=O)c2ccco2)cc(=O)n(C)c1=O
RAFIKI-5907,CCCS(=O)(=O)N1CCCC(C(=O)NCCOC)C1
RAFIKI-5908,O=C(Nc1ccc(-c2cc(C(F)(F)F)nn2-c2ccccc2)cc1)c1cccc(F)c1
RAFIKI-5909,O=C(CNc1ccc(OC(F)(F)F)cc1)NC12CC3CC(CC(C3)C1)C2
RAFIKI-5910,CC(C)N(CCN(C)C)c1ccc(C(F)(F)F)nn1
RAFIKI-5911,O=C(O)C1CSc2c(-c3cccc(C(F)(F)F)c3)c(Cc3cccc(OCc4ccc(F)cc4)c3)cc(=O)n21
RAFIKI-5912,O=C1Nc2cc(C(F)(F)F)ccc2N2CCCCC12
RAFIKI-5913,O=c1[nH]c(CCl)nc2sc3c(c12)CCCC3
RAFIKI-5914,CN1C(=O)NC2(O)c3ccccc3C(=O)C12O
RAFIKI-5915,O=C1C(=Cc2ccc([N+](=O)[O-])cc2[N+](=O)[O-])C(=O)c2ccccc21
RAFIKI-5916,CCOC(c1ccc2sccc2c1)C(SC(C)(C)C)n1ccnc1
RAFIKI-5917,COc1ccc(C(=O)C2=C(O)C(=O)N(CCCC(=O)O)C2c2ccc(OC)c(OC)c2)cc1
RAFIKI-5918,COc1ccc(Cl)cc1-c1c(N2CCCC2)cn[nH]c1=O
RAFIKI-5919,CCCCOc1ccc(S(=O)(=O)N2CCC(NCC(O)COc3cccc4[nH]c5ccccc5c34)C2)cc1
RAFIKI-5920,COc1ccc(C=CCCC=CC=C(C)CCC(O)c2ccco2)c(OC)c1
RAFIKI-5921,O=C(Nc1ccc(C(F)(F)F)cc1)N1CCOC2(CCN(C(=O)c3ccc(Cl)cc3)CC2)C1
RAFIKI-5922,Cc1cc(OCCCNc2nc(NCCc3ccc(O)cc3)nc(N3CCNCC3)n2)c(Cl)c(C)c1Cl
RAFIKI-5923,CNC(=O)C(CC(=O)C(CC(C)C)C(CSc1ccccc1)C(=O)NO)Cc1ccccc1
RAFIKI-5924,COc1ccc(OCCCCN)c(C2Sc3ccccc3N2C(C)=O)c1
RAFIKI-5925,CC1(C)CCC2(NC(=O)NCCN)CCC3(C)C(=CCC4C5(C)CCC6OC(C)(C)OCC6(C)C5CCC43C)C2C1
RAFIKI-5926,CCc1nc2c(N)nc3ccccc3c2n1Cc1ccccc1
RAFIKI-5927,CC(C)c1noc(CN(C)Cc2ccccc2-c2ccco2)n1
RAFIKI-5928,COC(=O)C12CCCN1C(=O)C(Cc1ccccc1)(NC(=O)OC(C)(C)C)CC2
RAFIKI-5929,CCc1ccc(-c2cc(C)no2)cc1S(=O)(=O)NCc1ccc(OC)c(OC)c1
RAFIKI-5930,O=C(O)c1cn(Cc2ccc(Cl)c(Cl)c2)cc(O)c1=O
RAFIKI-5931,CC(C)(C)C1=NC(=P(c2ccccc2)(c2ccccc2)c2ccccc2)C(=O)O1
RAFIKI-5932,CC(C)Cc1ccc(C(C)C(=O)N2CCN(C(=O)Nc3ccc(C(C)(C)C)cc3)CC2)cc1
RAFIKI-5933,O=c1c2ccc([N+](=O)[O-])cc2ncn1CCOc1ccccc1
RAFIKI-5934,CCNC(C)CNC(=O)c1ccccc1
RAFIKI-5935,NC1CC2COCc3c(c(F)cc4c(=O)c(C(=O)O)cn(C5CC5)c34)N2C1
RAFIKI-5936,COc1ccc(C2=CC(c3ccccc3Cl)NC(=S)N2)cc1
RAFIKI-5937,O=C(NC(=S)NCC1CCCO1)c1ccc(Cl)cc1
RAFIKI-5938,O=C(NCc1ccccc1)C(C1CC1)n1c(-c2cccs2)nc2ccccc21
RAFIKI-5939,COC(=O)CNC(=O)c1c2ccccc2nc2c1[nH]c1ccccc12
RAFIKI-5940,N#CC(C#N)=C1C=C(C=Cc2ccc(N)cc2)Oc2ccccc21
RAFIKI-5941,CC(C)c1nc(Nc2cccc3c2CC(O)CC3)oc1-c1ccc(C(F)(F)F)cc1
RAFIKI-5942,COc1ccc(OC)c(CCNC(=O)c2cc3c(=O)n(C)c4ccccc4c3n2C)c1
RAFIKI-5943,CC1SC(c2ccccc2)N(Nc2c3ccccc3nc3ccccc23)C1=O
RAFIKI-5944,Cn1cc(-c2cc(C(N)=O)nc3cc(Cc4ccc(F)c(C(F)(F)F)c4)ccc23)cn1
RAFIKI-5945,Cc1ccc(-c2noc(-c3ccc(N4CCN(C)CC4)c([N+](=O)[O-])c3)n2)cc1
RAFIKI-5946,CC(C(=O)O)c1ccc(Cc2ccco2)cc1F
RAFIKI-5947,CN(c1cc(-c2ccc3nc(Nc4cc(CN5CCN(C(=O)CC(F)(F)F)CC5)ccn4)[nH]c3c2)ncn1)C1CCC1
RAFIKI-5948,O=C(CCCc1ccccc1)NC1CC(O)C(CO)C1
RAFIKI-5949,COc1cc2cc(Cn3ccnc3[N+](=O)[O-])c(=O)oc2cc1OC
RAFIKI-5950,COc1ccc(C(=O)c2nccc3c2[nH]c2ccccc23)cc1
RAFIKI-5951,CC1(C(=O)NC2CCCCCC2)Cn2nc(C3CC3)cc2C(=O)N1Cc1cccc(Cl)c1
RAFIKI-5952,COc1ccc(OCC=CCN(C)C)cc1
RAFIKI-5953,CC(O)C1C=CC=CC(=O)OC2CC3OC4C5CC5(C)C(O)CC4(COC(=O)C(O)C(C)CCO1)C2(C)C31CO1
RAFIKI-5954,CC1(C)Cc2c(C#N)c(NCCc3ccccc3)nc(-c3ccco3)c2CO1
RAFIKI-5955,COc1cc(Nc2ncc3ccn(-c4cccc(C(=O)NCCN)n4)c3n2)cc(OC)c1OC
RAFIKI-5956,CCOc1ccc(C(=O)c2ccc3ccccc3n2)cc1
RAFIKI-5957,CCCCCCc1ccc(N(S(=O)(=O)c2ccc(O)c(O)c2)S(=O)(=O)c2ccc(O)c(O)c2)cc1
RAFIKI-5958,CNC(=O)C(=NOC)c1ccccc1COc1ccc(Cl)c(Cl)c1
RAFIKI-5959,COc1cc2[nH]cc(CCN(C)C(C)C)c2cc1OC
RAFIKI-5960,C[n+]1nn(Cc2ccccn2)c2c1C(=O)c1ccccc1C2=O
RAFIKI-5961,O=S1(=O)N=C(Sc2ccc3c(c2)OCCO3)c2ccccc21
RAFIKI-5962,CCCCN=CC12CCC(O)CC1(O)CCC1C2CCC2(C)C(C3C=CC(=O)O3)CCC12O
RAFIKI-5963,C=C1C(=O)OC2C1CC(OC(C(=O)OCC)c1ccccc1)C(C)=CCCC1(C)OC21
RAFIKI-5964,CNC(=O)C(c1ccccc1)N1CCCC1C(=O)NCc1cccnc1
RAFIKI-5965,Nc1nc(-c2ccccn2)nn1C(=O)C1CCOCC1
RAFIKI-5966,Cc1cc(N2CCC(C)CC2)nc2ccc(NC(=O)c3c(F)cccc3F)cc12
RAFIKI-5967,CCOc1ccccc1N1CCN(CC(CN2C(=O)N(C)C(=O)C2(c2ccccc2)c2ccccc2)OC(C)=O)CC1
RAFIKI-5968,CSc1cccc(NS(=O)(=O)c2ccc3c(c2)NC(=O)C(C)C(=O)N3)c1
RAFIKI-5969,FC(F)(F)c1ccc(COc2cccc(Nc3ncnc4cc5c(cc34)OCCOCCO5)c2)cc1
RAFIKI-5970,O=c1[nH][nH]c(=O)n1Cc1ccccc1Cn1c(=O)[nH][nH]c1=O
RAFIKI-5971,O=C(O)CC1CCN(c2nc(-c3ccccc3)nc3c2CSC3)CC1
RAFIKI-5972,Oc1cc(-c2ccc(F)cc2)ccc1Oc1ccc(Cl)cc1Cl
RAFIKI-5973,CCOC(=O)C=CC(CC(C)C)NC(=O)C(CC(C)C)NC(=O)C1Cc2ccccc2CN1C(=O)c1cccc(O)c1C
RAFIKI-5974,N#Cc1cccc(NC2=Nc3ccc(Cl)cc3C(C#CC3CC3)(C(F)(F)F)N2)c1
RAFIKI-5975,CC(=O)NC(CCCCNC(=O)OCc1ccccc1)C(=O)N(c1ccc2ccccc2c1)C(C)C=O
RAFIKI-5976,O=C(CCCCCC(NC(=O)c1ccc(Br)cc1)C(=O)Nc1ccc(-c2ccccc2)cc1)NO
RAFIKI-5977,Cc1nc(-c2ccc(C(F)(F)F)cc2)sc1C(=O)Nc1cccc(C(=O)O)c1
RAFIKI-5978,CCc1nc(N)nc(N)c1-c1ccc2c(c1)N(CCNC(C)=O)C(=O)C(C)(c1cccc(C(F)(F)F)c1)O2
RAFIKI-5979,CCOc1ccc2cc(-c3nn(CC4(C#N)CCN(C)CC4)c4ncnc(N)c34)ccc2n1
RAFIKI-5980,CC(OC(=O)c1ccc2c(=O)n3c(nc2c1)CCCCC3)C(=O)Nc1ncc(Cl)cc1Cl
RAFIKI-5981,CC(=O)NCCCNc1ccc([N+](=O)[O-])cc1
RAFIKI-5982,CC(=O)Nc1ccc(C2=CC3CC4(CN3Cc3ccccc3)OC(=O)C=C24)cc1
RAFIKI-5983,C[n+]1c2c(c(N)c3ccccc31)C(=O)C(=Cc1cccc(Cl)c1)CC2
RAFIKI-5984,Nc1nc2c(cnn2CCN2CCN(c3ccc(F)cc3F)CC2)c2nn(Cc3cccc(Cl)c3)c(=O)n12
RAFIKI-5985,CC(NC(=O)C(C)NC(=O)c1ccc(S(=O)(=O)Oc2ccc(C=C[N+](=O)[O-])cc2)cc1)C(=O)O
RAFIKI-5986,FC(F)(F)c1cccc(ON=Cc2ccccc2C(F)(F)F)c1
RAFIKI-5987,O=C1CCCN1C1CCN(Cc2coc3cc(Oc4nc5ccccc5s4)ccc23)CC1
RAFIKI-5988,CC1(C)NC(=O)c2ccc(N3CCc4cncnc43)c(=O)n21
RAFIKI-5989,CCC1(O)C=C(C(=O)NCc2cnc3cc4c(cc3c2)OCO4)COC1=O
RAFIKI-5990,CCS(=O)(=O)c1ccc(N(c2ccnc(N)n2)C(C)C)c(OC(F)(F)F)c1
RAFIKI-5991,CN(C)C(=S)N=c1ssc(=S)n1C1CCCCC1
RAFIKI-5992,CN1CCN(c2nc3ccccc3cc2C=CC(=O)c2ccc([N+](=O)[O-])cc2)CC1
RAFIKI-5993,CC(=O)N1CCN(c2nc(NC(c3ccccc3)c3ccccc3)c3c(n2)C(=O)N(C(C)C)C3)CC1
RAFIKI-5994,CC1C(=NCCCN(C)C)c2c(nc3ccc(Cl)cc3c2O)CC1c1ccc(C(F)(F)F)cc1
RAFIKI-5995,O=C(Nc1ccc2ccccc2c1[N+](=O)[O-])c1ccccc1
