smiles,growth_inhibition
O=C(Cn1nnc2ccccc21)c1ccc[nH]1,-9.7
Cc1ccc(-n2cnnc2)c(C(=O)N2CCN(C(=O)c3cccnc3)CC2)c1,-19.6
Cc1nc([C@@H]2CCCN2C(=O)c2ccsc2)no1,-0.8
Cc1nc([C@@H]2CN(Cc3ccccc3Cl)CCO2)no1,7.2
CN(C)C(=O)CSc1nnc2c(=O)n(Cc3ccc(F)cc3)ccn12,6.15
COCCn1ccc(C(=O)N2C[C@@H](C(C)C)Nc3ccccc32)n1,-22.8
COc1ccc(C2CC(c3c(O)[nH]c(=O)n(C4CCCCC4)c3=O)=NN2C(C)=O)cc1,52.85
Cc1ccc(CNC(=O)Cn2cc(-c3nc(C4CC4)no3)ccc2=O)cc1,2.1999999999999997
Cc1noc(C)c1CN(C)C(=O)NC[C@H]1CCN(c2ccccc2)C1,7.8
OB(O)c1ccc(-c2ccc(B(O)O)cc2)cc1,61.85
COc1ccc(CN2CCC[C@H](Cc3nccn3C)C2)c(OC)c1,-17.6
C[C@]1(c2ccc3c(c2)OCO3)NC(=O)N(CC(=O)Nc2ccccc2)C1=O,15.3
CC(C)Oc1ccc(C(=O)C2=C(O)C(=O)N(CCCN3CCOCC3)C2c2cccs2)cc1,5.3
O[C@H]1CCN(Cc2nc3cc(F)ccc3o2)C12CCCC2,-8.15
CCCn1nc(C)c(CN2CCC[C@H](Cc3nccn3C)C2)c1C,-0.1500000000000003
CCCCn1c(=O)c2sccc2n2c(=O)n(CC(=O)NC(C)C)nc12,-5.45
CCN(CC)S(=O)(=O)c1ccc2c(c1)C(=O)Nc1cc(C)ccc1O2,58.45
CCOc1ccccc1OCc1nnc2n(CC)c(=O)c3ccccc3n12,-8.95
Cn1cc(Br)c(=O)c(NC(=O)Cc2ccc(O)cc2)c1,-9.6
Cn1cc(C2CCN(C(=O)N[C@H]3CCCOc4cc(F)ccc43)CC2)cn1,15.25
O=C(CCCn1cccn1)N[C@H]1COC[C@@H]1N1CCCCC1,1.0
CCc1nccn1[C@H]1CCCN(C(=O)CCc2ccco2)C1,-10.5
CC(=O)c1cc(C(=O)Nc2cccc(-c3ccnc(C)n3)c2)n(C)c1,22.15
COCCN1C(=O)c2[nH]nc(-c3ccccc3O)c2C1c1ccccc1F,4.55
Cc1ccc(NC(=O)N2CCC(n3cnc4ccccc4c3=O)CC2)cc1F,8.200000000000001
COCCn1cc(NC(=O)NC[C@H]2CCN(c3ccccc3)C2)cn1,4.6000000000000005
COCc1cccc(CN2CCCC[C@H]2C(=O)N2CCOCC2)c1,-0.6000000000000005
NS(=O)(=O)c1ccc(CCNC(=O)c2ccc(Br)s2)cc1,-9.65
O=C(c1ccnc(-n2ccnc2)c1)N1CC[C@@](CO)(Cc2ccc(F)cc2)C1,-14.75
COc1ccc(NC(=O)c2cc(-c3ccccc3O)n[nH]2)cc1,6.95
CN(Cc1ccc(Cl)cc1)Cc1cc(=O)oc2cc(O)ccc12,91.9
O=C(Nc1nccs1)[C@@H]1CCCN1C(=O)c1cccc2oc(=O)[nH]c12,6.3
CCC(=O)Nc1ccc(NC(=O)N2CC(C)(C)O[C@@]3(C[C@@H]4CC[C@H]3C4)C2)cc1,-4.6
COc1ccc([C@H](CNC(=O)c2cccnc2SC)N2CCOCC2)cc1,-16.066666666666666
CN(C)C[C@H](O)Cn1cc(NC(=O)Nc2ccc(Br)cc2Cl)cn1,29.25
CC(C)n1ncc2cc(C(=O)N3CCOCc4ccccc43)cnc21,-3.8000000000000007
CCCCOCCCNC(=O)Nc1c(C)ccn(C)c1=O,8.7
O=C(O)C(=O)O.c1ccc2c(OCCN3CCCCCC3)cccc2c1,102.5
Cc1ccc(C2(O)CC(C)N(C)CC2C)cc1,9.8
Cc1cc(C)c([C@H]2NC(=O)N(CC3(CO)COC3)C2=O)c(C)c1,18.7
Cc1cc2c(N3CCN(C(=O)[C@H]4CCc5nncn5C4)CC3)ncnc2s1,-10.466666666666669
N[C@H]1CC[C@H](Nc2cc(-c3cccc(NCc4cccc(F)c4)n3)c(Cl)cn2)CC1,96.6
O=C(c1sccc1S(=O)(=O)N1CCCC1)N1CCN2C(=O)OCC2C1,14.8
COc1cccc2c1OC[C@@H](NC(=O)c1ccnc3c1ncn3C)C2,-15.5
COc1ccc(-c2noc(-c3cccn(CC(=O)Nc4ccccc4)c3=O)n2)cc1OC,12.25
c1ccc(Cn2c(-c3ccc(OC[C@H](C4CCNCC4)n4c(-c5ccccc5)nc5ccccc54)cc3)nc3ccccc32)cc1,99.45
CC[C@H](C)C(=O)NCc1nc(C)cs1,-2.85
Cc1ccc(C(=O)Nc2cc(S(=O)(=O)N3CCOCC3)ccc2N2CCCC2)cc1,-2.05
Cc1cccc(N2CCN(C(=O)CSc3n[nH]c(=O)n3Cc3ccccc3)CC2)c1,5.75
CC(C)NS(=O)(=O)Cc1ccccc1CNC(=O)CCn1[nH]c(=O)c2ccccc2c1=O,9.15
COc1ccccc1N1CCN(C(=O)[C@@H]2CC=CCC2)CC1,-16.45
CCOc1ccc2cc(C(=O)N(CC)C[C@H]3CCCO3)[nH]c2c1,-23.549999999999997
O=C1N[C@@]2(CCOc3ccccc32)C(=O)N1Cc1cccc(F)c1,0.0500000000000007
COc1ccc2c(CC(=O)Nc3ccc4c(c3)CCN4C(C)=O)coc2c1,7.45
O=C(Nc1ccc2c(c1)OCCO2)N1CCCC1Cc1noc(-c2cnccn2)n1,45.86666666666667
CCN(C(=O)c1ccc2c(c1)C[C@H](C)N2S(C)(=O)=O)c1ccccc1,-4.6
CC(=O)NCCCCCC(=O)N1CCN(Cc2nc(-c3ccc(Cl)cc3)no2)CC1,-10.0
Cc1cc(C(=O)N2CCN(C)C[C@H]2c2ccccc2)n(C)n1,11.8
CS(=O)(=O)c1ccc(NC(=O)c2ccc3c(c2)S(=O)(=O)N=C2CCCCCN23)cc1,-2.5
CCn1c(SCc2cc(=O)n3cc(C)ccc3n2)nc2ccsc2c1=O,27.85
COCCN(C(=O)c1ccc2c(c1)CCC=C2)[C@H]1CCS(=O)(=O)C1,2.45
COc1ccccc1C(=O)N1CCN(S(=O)(=O)c2cc3c(cc2Cl)NC(=O)CO3)CC1,14.75
Cc1occc1-c1cc(NC(=O)N2CC[C@H](CN3CCCC3)C2)no1,10.35
Cl.O=C(Nc1ccccc1-c1cn2c(CN3CCNCC3)csc2n1)c1cnc2ccccc2n1,99.8
CC#CCCn1cc(CCO)c(C(F)(F)F)n1,9.6
COc1cc(NC(=O)Cn2cnc3c(sc4ncccc43)c2=O)cc(OC)c1OC,18.5
O=C(Cn1ccn2nc(-c3ccccc3)c(CO)c2c1=O)Nc1ccc(Cl)cc1,11.4
CCS(=O)(=O)c1ccc(N2CCC[C@H](c3nccs3)C2)cc1,-15.2
CCC1(O)CCC12CCN(C(=O)COCc1ccccc1)CC2,14.9
CCc1ccc(C(=O)N(C)Cc2ccc(O)c(OC)c2)cc1S(=O)(=O)N1CCOCC1,-4.45
COCCOCc1cnc(C)nc1C1CCCN(C(=O)c2cccnc2)C1,-13.1
COCCN1C(=O)CC[C@]2(CNC(=O)Cc3c[nH]c4ccccc34)CCC[C@@H]12,0.5
O=C(c1ccccc1)N1CC[C@@H](n2c(=O)n(Cc3ccccc3)c3cccnc32)C1,12.65
CC(C)N(CCOCCO)c1ncncc1Br,6.75
CCn1ccnc1[C@@H]1OCC[C@H]1c1nc(-c2cnc3cnccn23)no1,9.25
CC(=O)COc1ccc2c(c1F)CCC2=O,-19.8
CCc1nc([C@H]2CCCN(C(=O)C3CC=CC3)C2)no1,-3.850000000000001
C[C@H]1CN(C(=O)c2cccc(NC(=O)NC3CC3)c2)CCN1c1ccccc1F,-10.3
CC(=O)N1CCCc2cc(S(=O)(=O)N3CCC(C(=O)NC4CCCCC4)CC3)ccc21,-15.15
CN(C(=O)Nc1ccccc1)C1CCN(c2ccccn2)CC1,9.7
O=C(CN1Cc2ccccc2C1=O)N1CCO[C@H](c2nccs2)C1,6.8500000000000005
O=C(CN1CCN(CC(=O)N2c3ccccc3SC[C@H]2c2ccccc2)CC1)NC1CC1,2.7
Cc1cccc(N2CCN(C(=O)C[C@H](C)c3cnn(C)c3)CC2)c1,-9.55
COc1ccc(OC)c(-c2csc(NC(=O)c3cccc(S(=O)(=O)N4CCOCC4)c3)n2)c1,17.3
Cc1c(NC(=O)c2cc(-c3ccccc3O)on2)c(=O)n(-c2ccccc2)n1C,11.45
COc1ccc(OC2CCN(S(=O)(=O)c3ccc(OC)c(OC)c3)CC2)cc1,17.6
C[C@H]1CCCN1S(=O)(=O)Nc1ccc2c(c1)C(=O)CCC2,-15.45
COc1ccccc1NC(=O)N(C)C[C@H](O)COc1ccc2c(c1)OCO2,-24.05
CC(C)Oc1ccc(-c2cnc3c(-c4ccnc5ccccc45)cnn3c2)cc1,13.0
Cc1nn(C)c(N(C)C)c1CN[C@@H](C)Cn1cccn1,-25.2
COc1ccc(-c2noc(Cn3cnc4ccsc4c3=O)n2)c(OC)c1,4.0
CC(=O)N1CCCN(Cc2cnoc2C)c2ccccc21,-5.2
Cc1ccc(S(N)(=O)=O)cc1NC(=O)NCCC1CCCOC1,6.1499999999999995
CSCC1CCCN(C(=O)c2ccc(N3CCCC3=O)cc2)C1,15.6
CCCn1cc(C(=O)Nc2cccc(F)c2)c(=O)c2ccc(C)nc21,20.35
COc1cccc(S(=O)(=O)N2CCC3(CC2)C(OC)C(=O)N3c2cccc(F)c2)c1,-11.6
COc1cc(S(=O)(=O)N2CCN(c3ccccc3OC)CC2)c(C)cc1C,8.75
NNc1cc(Sc2ccccc2)ncn1,15.6
C[C@H]1CCCCN1C(=O)NC1CCN(c2ccc(C#N)cn2)CC1,-1.0999999999999996
Cc1ccc(N2C(=O)CN(CCC(C)C)[C@H]3CS(=O)(=O)C[C@H]32)cc1C,11.15
COc1ccccc1N(C)C(=O)COc1cccc2c1OC(C)(C)C2,-4.85
CN(C[C@H](O)C1CC1)C(=O)c1cccn1-c1ccc2c(c1)OCCO2,-3.45
CCc1nnc2cc(N3CCN(C(=O)Nc4cc(C)ccc4C)CC3)cnn12,-23.75
O=C1OCCN1c1cccc(Nc2nc3ccccc3o2)c1,15.05
CC(=O)NC[C@H]1CCCN(Cc2ccn(-c3ccc(F)cc3F)n2)C1,6.5
C[C@@](CO)(NC(=O)c1ocnc1-c1ccccc1)C1CC1,10.85
COc1cc(F)ccc1NC(=O)C1CCN(C(=O)c2ccc(F)cc2)CC1,8.4
CN(C[C@H]1COc2ccccc2O1)C(=O)Nc1ccccc1N(C)C,-2.4
CC(C)Cc1ccc(-c2c[nH]c(N)n2)cc1,6.72304
CCCNC(=O)NC(=O)CN1CCN(Cc2ccccn2)CC1,-2.65
CCC(NS(=O)(=O)c1cccc2c1OCCO2)C1CC(O)C1,15.3
Oc1ccc(-c2ccn[nH]2)cc1Br,2.6999999999999997
CCCn1cc(C(=O)NCc2ccc(OC)cc2)c2nn(-c3ccccc3)c(=O)c-2c1,4.1
C[C@H]1CN(C(=O)CN2CCCC2=O)c2cccc(Cl)c2O1,-24.2
CN1CC(=O)N(C[C@H]2CCN(C(=O)c3ccccc3)C2)C1=O,3.5999999999999996
Cc1[nH]c(=O)[nH]c(=O)c1S(=O)(=O)N1CCC(C(=O)NCCC(C)C)CC1,9.15
Cc1ccc2ncc(C(=O)Nc3cccc(S(=O)(=O)N4CCCCC4)c3)c(=O)n2c1,-3.75
CCOc1ccc(Cc2cc([C@]34OC[C@](CO)(O3)[C@@H](O)[C@H](O)[C@H]4O)ccc2Cl)cc1,13.6
CCOc1ccc(C(=O)Nc2cccc(C(=O)N(CC)CC)c2)cc1,10.25
CC(C)N(C)c1ccc(CN2CCO[C@H](c3nccs3)C2)cn1,-59.45
COc1ccc(OC)c(NC(=O)N2CCN(c3nc4ccccc4n4cccc34)CC2)c1,-12.2
O=C(Cc1ccc(O)cc1)c1ccc(O)cc1O,7.95
CCOC(=O)c1cc(C#N)c(N2CCC(C(=O)NS(=O)(=O)Cc3ccccc3)CC2)nc1C,15.1
Cc1cc(C)n(CC(=O)Nc2ccccc2C(=O)N2CCN(c3ccccn3)CC2)c(=O)c1C#N,16.7
COc1ccc(N(C)C(=O)c2cccn2Cc2cccs2)cn1,15.55
COc1ccc(C(=O)NCC(=O)Nc2cccc(-c3ccn[nH]3)c2)cc1OC,6.75
Cc1ccccc1-c1noc(CN2CCN(C(=O)[C@@H]3CCCO3)CC2)n1,-11.95
CCNS(=O)(=O)c1ccc2c(c1)N(Cc1csnn1)CC2,2.8999999999999995
O=C(CC1CCN(S(=O)(=O)c2ccc(Cl)cc2)CC1)NCCCN1CCCC1,1.85
CCS(=O)(=O)N1CCN(c2nc3sc4c(c3c(=O)n2C)CCCC4)CC1,8.0
CCN1C(=O)C2CC3(CCN(C(=O)COc4ccc(F)cc4)CC3)CN2C1=O,-14.0
CC1(C)NC(=O)N(Cc2nnc(-c3ccc(Br)cc3)o2)C1=O,4.2
COc1ccc(-c2nn(CCCC(=O)N3CCN(c4ccccn4)CC3)c(=O)c3noc(C)c23)cc1,52.6
COc1c(Br)cc(Cl)cc1S(=O)(=O)N1CCNC[C@@H]1C,13.7
Cc1ccc(-n2ncc3c(=O)n(Cc4ccco4)cnc32)cc1,10.55
CC(C)CCCNC(=O)[C@@H]1Cc2ccccc2C(=O)O1,1.6500000000000004
Cl.NCCOCCOCCNC(=O)Cc1ccc(Nc2nc(NCc3ccc(F)cc3)nc(NCC3CCCCC3)n2)cc1,100.35
Cc1cc(C)n(C[C@@H](C)CNC(=O)c2cccs2)n1,-11.4
CN(CC(=O)Nc1ccccc1)S(=O)(=O)c1cc2c(cc1Cl)NC(=O)CO2,23.9
CNC(=O)CC1C(=O)NCCN1Cc1ccc(OC)cc1OC,9.95
c1ccc(-c2ccc(C(c3ccccc3)n3ccnc3)cc2)cc1,101.3
O=C(CN1C(=O)COc2ccc(S(=O)(=O)N3CCCC3)cc21)NCc1ccccc1Cl,16.35
COc1cc(NC(=O)CN2CCCC[C@H]2C(N)=O)cc(OC)c1OC,19.033333333333335
CC1(C)C=Cc2c(ccc3c2OC[C@@H](c2ccc(O)cc2O)C3)O1,99.5
CC(C)Cn1cc(CNC[C@H]2CC(=O)N(C3CC3)C2)cn1,1.2
Cc1ncn(C)c1C(=O)N(C)Cc1cc2ccccc2s1,17.450000000000003
CC(=O)c1ccc(S(=O)(=O)N2CCC(C(=O)N(Cc3ccccc3F)C3CC3)CC2)cc1,7.2
CCc1ccc(N(C)S(=O)(=O)c2ccc3[nH]cc(C(=O)NCCOC)c(=O)c3c2)cc1,32.05
CC(C)OCCCNC(=O)C1CCN(S(=O)(=O)Cc2ccccc2)CC1,12.05
C[C@@H](C(=O)Nc1ccc(NC(=O)c2cccc3cn[nH]c23)cc1)n1cncn1,3.25
CCc1cc(N2CCC(N3CCSCC3)CC2)n2nccc2n1,15.8
CC1=NNc2nc3c(c(=O)n(CC(C)C)c(=O)n3C)n2C1,10.35
CNC[C@@H]1CCCN(C)[C@H]1c1cnn(C)c1,13.0
Cc1nc2c(c(N(C)C)n1)CCN(C(=O)c1ccc3[nH]nnc3c1)C2,7.55
O=C(NCc1nccnc1Cl)Nc1ccc(OC2COC2)cc1,18.0
Cc1nc(C)n(C[C@H]2CCCCN2Cc2cnc(C)s2)n1,1.4
CN(C(=O)c1ccc(-c2ccco2)[nH]c1=O)[C@H]1CCc2ccccc21,-15.0
Oc1c(I)cc(I)c2cccnc12,100.35
O=C(NCc1ccn2ccnc2c1)N1CCS(=O)(=O)c2ccccc2C1,-5.566666666666667
CC(C)n1ccc(C(=O)N2CC[C@H](Oc3cccnc3)C2)n1,-6.7
CC(C)c1c(O)cc(/C=C/c2ccccc2)cc1O,97.6
CCn1ncc(N2CCCC(CC(=O)Nc3cccc(OC)c3)C2)cc1=O,13.5
Cc1ccc(C)c(OCC(=O)N2CCNC(=O)C2)c1,-17.4
COCCn1nnc2c1CCN(C(=O)c1cn(C)c3ccccc13)C2,10.1
O=C1CN(C2CCCC2)[C@H]2CS(=O)(=O)C[C@H]2N1c1ccc(Cl)cc1,9.65
C=C1c2cccc(O)c2C(=O)C2=C(O)[C@]3(O)C(=O)C(C(N)=O)=C(O)[C@@H](N(C)C)[C@@H]3[C@@H](O)[C@H]12.Cl,100.85
CCOc1ccc(N(C(=O)c2ccncc2)S(=O)(=O)c2ccc3c(c2)n(C)c(=O)n3C)cc1,21.5
CC1(C)OCC[C@@H]1NC(=O)c1ccc(C(=O)NC2CC2)cc1,-8.75
O=C1NC2=C(C(=O)N(CCCc3ccccc3)C2)[C@@H](c2ccccc2)N1,8.95
CC(=O)C[C@H]1COCCN1S(=O)(=O)c1c(C)cc(C)cc1C,-18.55
CC(C)OCCCNC(=O)c1cn(Cc2ccccc2)cc2c(=O)n(-c3ccccc3)nc1-2,23.4
Cc1ncc(C(=O)NC[C@H]2CCN(CCc3ccccc3)C2)c(C)n1,6.5
C[C@H](Sc1ccccn1)C(=O)Nc1ccc(N(C)C)cn1,-8.75
COc1ccc(CN2C(=O)N[C@@H](CC(=O)NCCn3cnc4ccccc43)C2=O)cc1,8.8
Cc1cc(Br)ccc1NC(=O)CN1CCN(S(=O)(=O)Cc2ccccc2)CC1,101.15
O=C(Nc1ncc(-c2ccccc2)s1)c1ccccn1,96.65
Cc1cccc(-c2nc(=O)c(-c3ccccc3)n[nH]2)c1N,19.5
COCC(C)NC(=O)c1ccc2c(c1)CCN2S(C)(=O)=O,15.3
CC(C)(O)CCc1ccc(C(=O)N2CCCn3cncc3C2)cc1,2.5
Cc1noc(C)c1CN(C)C(=O)N[C@H]1CCCc2c1cnn2CCO,14.25
COc1ccc(OC)c(CNC(=O)c2cn3nc(OC)ccc3n2)c1,11.0
Cc1cc(NC(=O)Nc2ccc3c(c2)oc(=O)n3C)ccc1O,-3.4
Cc1nc(C(=O)N2CCC([C@H](O)c3ccccc3)CC2)c(C)o1,-4.199999999999999
COc1cccn(CC(=O)NCC2CCCCC2)c1=O,12.65
CNC(=O)CCc1nc(-c2ccc(F)cc2)no1,1.2000000000000002
Cc1noc([C@H]2CCCN(C(=O)CCc3c(C)noc3Cl)C2)n1,-20.6
CSCC[C@@H]1NC(=O)c2cc(NC(=O)c3ccc(-n4cnnn4)cc3)ccc2NC1=O,8.75
C[C@@H](CNC(=O)CCn1cccn1)N1CCOCC1,-12.3
CONC(=O)Cc1csc(-c2cc(Br)cs2)n1,5.699999999999999
Cn1ncc2c(=O)n(Cc3coc(-c4c(F)cccc4F)n3)cnc21,-8.7
Cc1nc([C@@H]2CN(Cc3c(F)cccc3Cl)CCO2)no1,-0.5499999999999998
O=C(Nc1ccc(C(=O)N2CCCC2)cc1)[C@@H]1CC=CCC1,16.05
COc1ccc(-c2nc(Cn3c(=O)oc4ccccc43)co2)cc1,0.6000000000000001
Cc1noc(C)c1[C@@H](C)CNC(=O)c1conc1C(C)(C)N,22.1
Cc1ccc(NC(=O)c2ccc3c(c2)OCC(=O)N3)cc1,-7.555208499999999
CS(=O)(=O)c1ccc(C(=O)NC[C@@H](c2ccco2)N2CCCCC2)cc1,6.966666666666666
Cc1noc([C@H](C)N2CCN(c3ccccn3)CC2)n1,-8.55
COc1cccc(S(=O)(=O)NC2CCN(c3ccc(C)cc3)C2=O)c1,10.45
CCCc1n[nH]c([C@@H]2CN(Cc3ccc(C#N)cc3)CCO2)n1,-22.3
COc1cc(OC)cc(C(=O)N2CCN(c3nnc4c(Cl)cccn34)CC2)c1,10.433333333333335
CCN1CC[C@H](CNC(=O)N2CCN(c3ncccn3)CC2)C1,3.4000000000000004
O=C(CN1CCc2ccccc2C1)Nc1ccccc1Cl,41.3
CCCCc1c(C)nn(-c2nc3ccccc3[nH]2)c1O,93.75
Cn1nncc1CN1C[C@@H](c2ccccc2Cl)OCC1(C)C,1.5000000000000002
CCc1n[nH]c([C@@H]2CN(C(=O)c3c[nH]c(C(C)C)n3)CCO2)n1,-27.299999999999997
COc1ccc(NC(=O)N2CCN(c3cc(-n4ccc(C)n4)ncn3)CC2)cc1Cl,56.15
Cc1ccc(CC(=O)N2CCC[C@H](c3cc(C)[nH]n3)C2)cn1,-11.55
CCCCNC(=O)CCc1ccc(-c2ccccc2)o1,51.85
COc1ccc(C(=O)NC2CCN(c3nnc4ccc(Cl)cn34)CC2)cc1,-17.15
CC(C)Cn1ccnc1NC(=O)COc1ccc2ccccc2c1,101.2
COc1ccc(CNC(=O)CN2C(=O)N[C@@H](CC(C)C)C2=O)cc1OC,1.15
COc1ccc(CCCC(=O)N2CCC[C@H](n3cccn3)C2)cc1,-18.3
CN(Cc1ccccc1N1CCCC1)S(=O)(=O)c1ccc(F)cc1,-12.186829
CC(=O)NC(C)(C)C(=O)N1CCC2(CC1)CC(c1ccccc1)C(=O)N(C)C2,10.4
COc1ccc(C(C)=O)cc1CC(=O)N(C)Cc1ccc2c(c1)OCO2,7.75
O=C(c1cc(C2CC2)nn1-c1ccccc1)N1CCN(S(=O)(=O)c2ccc3c(c2)OCCO3)CC1,0.4499999999999997
Cc1nc(C)c(C(=O)NCC2CCCN(S(=O)(=O)c3ccccc3)C2)s1,18.1
CN(CC(=O)N1CCOCC1)C(=O)[C@@H]1Cc2[nH]cnc2C2(CCCC2)N1,9.15
Cc1cc(C)n(C[C@@H](C)CNC(=O)c2sccc2C)n1,-1.2000000000000002
O=C(Nc1nc2c(F)cccc2s1)c1ccc(S(=O)(=O)N2CCOCC2)cc1,8.05
CC(C(=O)Nc1ccc(C(N)=O)cc1)N1C(=O)c2ccccc2C1=O,5.1
CN1c2ccccc2Oc2nnc(Cl)cc21,19.1
Cc1noc(C)c1Cc1ccc(C(=O)NCC23CCC=C2N(C)C(=O)CC3)o1,17.0
COc1ccc([C@@H](NS(=O)(=O)c2ccc3c(c2)OCCO3)c2nccn2C)cc1,0.3000000000000007
CC(C)c1ccc(C(=O)N2CCOC[C@H]2C(F)(F)F)c(=O)[nH]1,-1.75
CC(C)SCC(=O)Nc1ccc2c(c1)NC(=O)[C@H](C)O2,-17.4
CCNC(=O)CSC1=Nc2ccccc2CS1,-0.7000000000000002
CN1CCC(COc2cnc(-c3cccc(Cn4nc(-c5cccc(C#N)c5)ccc4=O)c3)nc2)CC1,4.95
O=C1CCCN2N=C(SCC(=O)Nc3ccc(Br)cc3)SC2=N1,10.05
Cc1nc(N[C@@H](C)C(=O)N2CCCCC2)nc(C)c1CC(C)C,13.35
CCCc1nnc(NC(=O)N2CCN(C)C[C@H]2c2ccccc2)s1,15.15
CC(C)(O)c1ccccc1CC[C@@H](SCC1(CC(=O)[O-])CC1)c1cccc(/C=C/c2ccc3ccc(Cl)cc3n2)c1.[Na+],61.3
CCS(=O)(=O)Nc1ccc(C(=O)NCc2ccc(OC)c(OC)c2)cn1,-45.8
CSCC[C@H](NC(N)=O)C(=O)N1CCN(S(=O)(=O)c2ccc(C(F)(F)F)cc2)CC1,0.0499999999999998
COc1ccccc1CC(=O)N1CCC[C@@H]1CN1CCCC1,-8.85
COc1coc(CNc2ccccc2C(N)=O)cc1=O,3.6
CC12CCC(O)CC1CCC1C2CCC2(C)C(C(=O)CO)CCC12,4.1
Cc1ccc(-c2nc(CNC(=O)CCC(F)(F)F)no2)cc1,24.3
CCc1n[nH]c(=O)c(C(=O)N=[S@]2(=O)CCc3ccccc32)c1CC,4.95
CN(C)C(=O)[C@H](Sc1nc2cc(Br)cnc2[nH]1)c1ccccc1,-12.05
CCC(=O)Nc1ccc(NC(=O)c2cccnc2N2CCCCC2)cc1,11.35
O=C(NCc1ccc(Cn2cccn2)cc1)N1CCOCCN1,-14.85
N=C(N)c1ccc(OCCCCCOc2ccc(C(=N)N)cc2)cc1.O=S(=O)(O)CCO.O=S(=O)(O)CCO,98.6
CCNc1nc(N)nc(ON=C(C)C)n1,17.200000000000003
COCC(=O)N1CCCCC[C@H]1C1CCN(c2nn3cc(C)nc3s2)CC1.Cl,4.55
C[C@H]1CCCCN1CC(=O)N1CC(=O)Nc2ccccc21,1.6
CC1CCN(C(=O)[C@@H]2CCOc3ccccc32)CC1,7.25
CCOCCNC(=O)N1CCCC(c2ccncn2)C1,0.5
CCS(=O)(=O)N[C@@H](Cc1nccn1C(F)F)c1ccccc1,-1.5666666666666664
Cc1cccc(CC2(NC(=O)CC3CCCOC3)CC2)c1,16.15
CC(=O)N1CCC[C@H](C(=O)N2CCN(c3cnccn3)CC2)C1,-10.7
CO/N=C1\CN(c2nc3c(cc2F)c(=O)c(C(=O)O)cn3C2CC2)CC1CN.CS(=O)(=O)O,100.4
CC(=O)N1CCc2cc(S(=O)(=O)N[C@H](c3cccc(F)c3)c3nccn3C)ccc21,8.8
COc1ccc(S(=O)(=O)Nc2cccc(S(=O)(=O)NC3CC3)c2)cc1,15.9
CCOCCNC(=O)c1nnn(-c2ccc3ncccc3c2)c1C,5.1
CCOc1ccc2c(c1)cc(C(=O)NCC(C)C)n2C,23.8
O=C(Cc1cccc(F)c1)NCCOc1ccccc1F,-15.55
COc1ccc(OC)c(S(=O)(=O)N2CCN(c3ccccc3OC)CC2)c1,-9.75
Cc1csc([C@H]2CCCN(C(=O)c3c[nH]c(C(C)C)n3)C2)n1,7.35
CN(C)c1ncnc2c1CCN(C(=O)CCSCc1ccccc1)C2,9.5
NC(=O)c1cccc(C(=O)Nc2ccc(F)c(C(N)=O)c2)c1,12.7
CN(c1ccccc1)S(=O)(=O)c1ccc2c(c1)CCN2S(C)(=O)=O,9.0
COCCC1(NC(=O)C2CCOCC2)CCN(C(=O)C2CC2)C1,10.8
COCC(C)n1c(CCCC(=O)N2CCC(C#N)CC2)nc2cccnc21,16.1
CN1CC(=O)N(c2cccc(NC(=O)Cn3cnc4ccccc43)c2)C1=O,3.05
Cc1ccoc1C(=O)Nc1ccccc1N1CCN(C)CC1,8.75
CCC[C@@H]1NC(=O)N(CC(=O)Nc2cccc(C)c2)C1=O,-7.2
CC(=O)c1cccc(S(=O)(=O)NC[C@H](C)N2CCOCC2)c1,-12.3
C[C@H]1C(=O)Nc2ccccc2CN1C(=O)Nc1cnn(C2CCC2)c1,7.5
CNC(=O)c1cc2cc(Cl)cc(Cl)c2oc1=O,15.3
COc1ccc(-c2nc(C(=O)N3CCC3(C)C)cs2)cc1,-3.5
Cc1cc(Br)oc1C(=O)N1CCC[C@@](O)(C(F)(F)F)C1,8.55
Cc1cn2c(=O)cc(COc3ccccc3NC(=O)C(C)C)nc2s1,6.1499999999999995
O=C(CCN1CCC[C@H](O)C1)N1CCN(c2ccc(F)cc2)CC1,4.65
COc1ccc(C(=O)Nc2ccc(C(=O)NC3CC3)cc2)cc1OC,9.5
Cc1ccc2nc(SCC(=O)NC(C)(C)C)n(C)c(=O)c2c1,-2.3
Cc1cccc2nc(C(=O)Nc3ccc(C(=O)c4nccn4C)cc3)cn12,-0.2999999999999998
O=C(c1ccc2sccc2c1)N1CCN([C@H]2CCS(=O)(=O)C2)CC1,13.7
COCc1cn(C2CN(C(=O)c3sc(C)nc3C)C2)nn1,2.3999999999999995
CCC(=O)Nc1ccc(C)c(NC(=O)C2CCN(C3CCS(=O)(=O)C3)CC2)c1,5.800000000000001
CN1CCN(S(=O)(=O)c2ccc(NC(=O)c3ccc4c(c3)OCO4)cc2)CC1,-7.65
Oc1cccc2cccnc12,97.3
Cc1ccc(OCc2nc(C(=O)NC(C)C)cs2)cc1,-13.9
CC1CCN(S(=O)(=O)c2ccc(-c3nc(C#N)c(N4CCC(C(N)=O)CC4)o3)cc2)CC1,21.0
Cc1ccc(C(=O)N[C@H]2CCc3nnc(C(C)C)n3C2)c(C)n1,10.55
N#Cc1ccc(NCCc2csc(N)n2)nc1,9.0
CN(C)C(=O)CN1CCC(N2CCn3ccnc3C2)CC1,12.05
CN(Cc1ccc2c(c1)OCO2)c1cn[nH]c(=O)c1Cl,10.85
C[C@]1(CNC(=O)c2cccc(-n3cnnn3)c2)CCCCO1,17.549999999999997
CC[C@@](C)(CCO)NC(=O)C1CCCCCC1,-1.4
Clc1snnc1CN1CCCC[C@@H]1Cn1cncn1,-2.2
O=S1(=O)C[C@H](NCc2cccnc2)[C@@H](S(=O)(=O)c2ccc(Cl)cc2)C1,-11.2
CC(C)n1ncc2cc(C(=O)N3C[C@@H](C(=O)N(C)C)Oc4ccccc43)cnc21,5.2
CCCNc1c(NS(=O)(=O)c2ccc3[nH]c(=O)oc3c2)c(=O)oc2ccccc12,8.75
COc1ccc(S(=O)(=O)N2CCN(CC(=O)Nc3cccc(F)c3)CC2)cc1,8.950000000000001
Cc1[nH]ncc1C(=O)NC[C@H]1CCCN(Cc2cccs2)C1,-0.8500000000000005
CC(C)NC(=O)Cn1ccc2c(NS(C)(=O)=O)cccc21,9.5
O=C(C1CCN(Cc2ccccc2)CC1)N1CCC[C@H](OCCO)C1,7.8
CCN(Cc1ccc(OC)c(OC)c1)C(=O)c1ccc(OCc2nccn2C)cc1,-0.9500000000000002
CC(=O)Nn1ccc2c(nnc3c(-c4ccc(F)cc4)cnn32)c1=O,18.75
Cc1nc(CNC(=O)NC[C@H]2CCN(CC(F)(F)F)C2)cs1,-19.55
O=C(NCCCn1cccn1)C1CCN(C(=O)N2C[C@H]3C[C@@H](C2)[C@H]2CCCC(=O)N2C3)CC1,12.15
COc1ccc2nc(C)c(C(=O)N3CCN(C(=O)Nc4ccc(F)cc4)CC3)cc2c1,4.7
CC(=O)Nc1ccccc1CN(C)C(=O)c1cc2ccccc2o1,-21.366666666666664
O=C(NC(NC(=S)Nc1ccc(F)c([N+](=O)[O-])c1)C(Cl)(Cl)Cl)C(c1ccccc1)c1ccccc1,94.6
Cc1nn(C)c(N2CCN(c3ncc(Br)cn3)CC2)c1N,-0.0499999999999998
CC(C)C[C@@H]1NC(=O)N(CC(=O)Nc2ccccc2C(F)(F)F)C1=O,-4.050000000000001
CC(C)c1cc(C2CCCN2C(=O)c2ccnn2C)on1,11.2
O=C(Nc1cccc2cnccc12)N(C[C@H]1CCCO1)C1CCCC1,2.1999999999999993
CC(C)Oc1cccc(CNC(=O)Nc2ccccc2)c1,-10.1
Cc1ccc([C@@H]2O[C@H](CO)[C@@H](O)[C@H](O)[C@H]2O)cc1Cc1ccc(-c2ccc(F)cc2)s1,3.1500000000000004
O=C(Nc1ccccc1N1CCCC1=O)c1cn(Cc2cccc(F)c2)nn1,-3.45
CC(=O)c1cccc(NC(=O)CN2c3ccccc3C[C@@H]2C)c1,1.85
CC(=O)N1CCC(CC(=O)NCCc2ccc(F)cc2)(N2Cc3ccccc3C2=O)CC1,6.6
CC(=O)N1CCC(C(=O)N2CCO[C@H](c3ccc(F)cc3)C2)CC1,-19.25
CCOc1ccc2nc(Nc3nccc(C)n3)nc(C)c2c1,11.55
Cc1noc(Cl)c1CC(=O)N1CCN(C)C[C@@H]1C,10.2
O=C(N[C@@H]1C[C@H]2CC[C@@H]1C2)N(Cc1ccc(O)cc1)Cc1cccnc1,5.35
Cc1sccc1C(=O)N1CCC[C@@]12CCOC2,-1.7
Cc1nc(-c2cc(C(=O)N3CCC[C@](C)(F)C3)co2)cs1,6.4
CN(C)[C@@]1(C(=O)NCc2cnn(-c3ccccc3)c2)CCCSC1,-5.800000000000001
CN1C(=O)c2cc(C(=O)N3CCN(c4ccccc4F)CC3)nn2CC1(C)C(=O)NC1CCCC1,11.85
Cc1cnn(C[C@H]2CN(Cc3ncc(C(C)(C)C)o3)CCO2)c1,3.5999999999999996
COCCc1noc(C2CCCCN2C(=O)CCn2cnc3ccccc3c2=O)n1,16.700000000000003
Cc1cc(CCNC(=O)[C@H]2CC(=O)N(c3cnn(C)c3)C2)nn1C,8.15
CN(C)CCCOc1ccc(-c2ccc3ncc4c(c3c2)n(C2CCOCC2)c(=O)n4C)cn1,22.5
NC(=O)N1CCCN(c2nccc3cc(C(F)(F)F)ccc23)CC1,-10.0
CCNC(=O)c1cc(S(=O)(=O)NCC2CCCO2)ccc1OC,5.6
Cc1ccc(OCC(=O)N2CCC[C@H](c3nc(C)no3)C2)cc1,14.75
CCc1noc(CN(Cc2ccc(F)cc2)C2CC2)n1,-7.133333333333333
Cc1cc(=O)[nH]c(-c2ccc(NC(=O)c3cccc(C(=O)N(C)C)c3)cc2)n1,9.45
O=C(C1CCC1)N1CC(Oc2ccccc2-c2nc(-c3cnccn3)no2)C1,6.3500000000000005
O=C(CNC(=O)c1cccc(Oc2ccncc2)c1)Nc1cccnc1,4.55
CC(C)c1nc(CNc2cnccn2)c[nH]1,-1.0
CCCCC(=O)Nc1nnc(SCc2cc(=O)n3nc(C)sc3n2)s1,22.85
CC1(C(=O)N2CCC(CN3CC(COc4cnccn4)CC3=O)CC2)CCCCC1,1.3
Cc1ccc(CNc2ncnc3nc(N)ccc23)c(N(C)C)c1,11.3
Cc1cc(NC(=O)NC[C@@H](c2ccc(C)o2)N2CCOCC2)no1,1.8333333333333333
Cc1nc(C)n([C@H]2CCCN(C(=O)c3c(C)noc3C)C2)n1,-1.5245900000000008
CC(NC(=O)CCc1nc(-c2ccccc2)no1)c1cn2ncsc2n1,19.95
CC12CCC(=O)C=C1CCC1C2CCC2(C)C1CC[C@]2(O)C(=O)CO,3.2499999999999996
CCc1ccccc1-n1nnnc1SCC(=O)NC(C)C,5.699999999999999
Cc1nc([C@H]2CCCN(C(=O)CCc3ccc(C#N)cc3)C2)no1,-12.5
CN(Cc1ccccc1Cl)C(=O)c1n[nH]c(=O)c2ccccc12,11.966666666666669
CN1CCC(OCCCNC(=O)C2(C)COC2)CC1,14.6
COc1ccccc1SCc1cc(=O)n2ccccc2n1,3.9
Cc1nc(CN2CCN(C(=O)[C@H](C)n3cccn3)CC2)cs1,-3.65
CCc1nn(C)cc1C(=O)N1CCN(C(C)(C)C)c2ccccc21,-9.35
CCc1cc(C(=O)Nc2ccccc2OC)nc2ccnn12,12.75
CO[C@@H](CS(=O)(=O)Nc1nn2c(=O)cc(C)nc2[nH]1)c1ccc(F)cc1,3.5
Cc1ccc(S(=O)(=O)N2CCN(C(=O)c3cnn4c(-c5cccs5)ccnc34)CC2)s1,-6.45
CCOc1ccccc1NC(=O)Nc1c(NC)c2ccccc2oc1=O,12.9
O=c1cc(-c2ccc(O)c(-c3c(O)cc(O)c4c(=O)cc(-c5ccc(O)cc5)oc34)c2)oc2cc(O)cc(O)c12,51.2
COCCCN1C(=O)c2oc3ccccc3c(=O)c2C1c1ccccc1,-0.2999999999999995
CCN1CCN(c2ccc(Cl)cc2NC(=O)c2cn3c(C)cccc3n2)CC1,1.7000000000000002
O=C(Nc1c(-c2ccccc2)nc2sccn12)c1ccncc1,5.550000000000001
COc1ccc(-n2ncc3c(=O)n(CC(=O)Nc4ccc5c(c4)OCO5)cnc32)cc1,8.55
O=C(CCCn1cnc2ccccc2c1=O)N1CCCCCC1,1.2999999999999998
Cc1ccc(-n2c(C)cc(=O)cc2C)cc1C,-9.25
CC(C)Cc1cc(C(=O)N2CCC[C@H]2c2cnn(C)c2)[nH]n1,4.7
CC(C)(C)[C@@H](O)CN1CCN(C(=O)c2sccc2C#N)CC1,7.85
Cc1cc(CS(=O)(=O)N(C(C)C)C2COC2)on1,-24.700000000000003
CCc1nnc2c(N3CCN(C(=O)c4ccco4)CC3)nc3ccccc3n12,25.35
CCN(CC)C(=O)c1ccc(NC(=O)c2cn(C)nc2SC)cc1Cl,16.35
CCN(Cc1ccccc1)C(=O)C1CC(=O)N(c2ccc(OC)cc2OC)C1,-3.65
O=C1CC[C@@H](CN(Cc2ccncc2)C(=O)NCc2cccs2)N1,10.8
COc1cccc(C2CCN(C(=O)c3ccncc3F)C2)c1OC,7.8
N#CC1(CS(=O)(=O)N2CCOCC(F)(F)C2)CCCC1,5.300000000000001
O=C(CN1CCCc2cccc(F)c21)Nc1cccc(F)c1,-11.0
CCCOc1ccc(C2OC(Cn3cnc4c(=O)n(C)c(=O)n(C)c43)=NN2C(C)=O)cc1OC,14.5
O=C(Nc1cccc(-n2ccnc2)c1)c1ccc(-c2ccco2)[nH]c1=O,7.9
COc1ccc(-c2nc(C(=O)N3CCN(S(=O)(=O)c4ccccc4)CC3)cs2)cc1,3.85
O=C(NCc1cccc(OCCN2CCOCC2)c1)N[C@H]1CCc2[nH]ncc2C1,3.05
CC(=O)NC(C)(C)c1noc(-c2sccc2Br)n1,4.8999999999999995
COCC(C)n1c(CCCC(=O)N2CCC(C)(C)CC2)nc2cccnc21,4.800000000000001
C[C@@H](CNC(=O)Nc1cc2c(cc1F)NC(=O)CC2)c1nccs1,11.95
COc1ccccc1N1CCC(NC(=O)Nc2ncccc2C)CC1,1.7999999999999998
CN1CCC(NC(=O)c2ccc(N(Cc3ccccc3)S(C)(=O)=O)cc2)CC1,9.25
CC(=O)N1c2ccc(S(=O)(=O)N3CCC(C(=O)N4CCOCC4)CC3)cc2CC1C,11.85
CC(C)CC(=O)NCC(c1ccco1)S(=O)(=O)c1ccc(F)cc1,12.6
C[C@@]1(C2CC2)COCCN1C(=O)c1ocnc1C(F)F,1.5
CCN1CCC[C@@H]1CNC(=O)c1ccc(-c2nc(C)no2)cc1,18.700000000000003
Cc1nnc(NC(=O)NCc2ccc(N3CCO[C@@H](C)C3)nc2)s1,10.35
COc1ccc(NC(=O)[C@@H]2CCCN2Cc2nnsc2Cl)cc1,17.35
CC(C)COc1ccc(C(=O)N2CCN(Cc3cc(=O)n4ccsc4n3)CC2)cn1,-6.9
Cc1ccc(Cl)cc1S(=O)(=O)N1CCC[C@H](N)C1.Cl,6.95
O=C(N[C@@H](CN1CCOCC1)c1ccccc1)c1n[nH]c2ccccc2c1=O,10.1
CCC(=O)Nc1cc2c(cc1Br)n(C)c(=O)n2C,25.1
N#Cc1ccc(N2CCC3(CC2)CN(C(=O)CC2CC2)CC3CO)cc1C(F)(F)F,18.15
CCNc1cc(C)nc(N2CCN(C(=O)Nc3ccc(OC)cc3OC)CC2)n1,9.4
Cn1cc(-c2cccc(CNC(=O)c3ccn4ccnc4c3)c2)cn1,-14.3
CCN(CC)C(=O)c1cccc(NC(=O)c2cc(C)ccc2O)c1,19.700000000000003
CN(C)C(=O)c1cnn(-c2cccc(F)c2)c1-n1cccc1,-4.4
COc1ccc(NC(=O)c2ccc(OC)nc2OC)cc1,15.0
CC[C@H](O)CN1CCN(C(=O)NCc2ccc(-n3ccnc3)nc2)CC1,3.55
CCOCc1cnc(C)nc1C1CCCN(C(=O)c2ccncc2F)C1,-11.4
O=C([O-])c1ccc2c(c1)nc(Nc1cccc(Cl)c1)c1ccncc12.[Na+],15.0
CC(=O)c1ccc(NC(=O)CSc2nnc3c(=O)n(-c4cccc(F)c4)ccn23)cc1,-9.1
CCCC(=O)NCc1nc(-c2ccc(C)cc2)no1,15.5
CO[C@@H]1[C@@H](OC(N)=O)[C@@H](O)[C@H](Oc2ccc3c(O)c(NC(=O)c4ccc([O-])c(CC=C(C)C)c4)c(=O)oc3c2C)OC1(C)C.[Na+],100.65
O=C(c1ccc(-c2ccccn2)[nH]c1=O)N1CCN(C(=O)c2cccc3ccccc23)CC1,-9.15
CCC1(Cn2cc(-c3nc(-c4ccccc4F)no3)nn2)COC1,-4.15
O=C(Cn1cc(S(=O)(=O)N2CCCCC2)ccc1=O)N1CCCCC1,28.6
O=C(NCc1ccco1)c1ccc2c(c1)CCN2S(=O)(=O)c1ccccc1,20.75
Cc1nc(C2CCCN(C(=O)Nc3cc(F)c4c(c3)NC(=O)CO4)C2)no1,4.5
O=C(NCCCc1nc2cc(F)ccc2[nH]1)C(O)c1cccc(F)c1,2.25
COc1ccc2oc(C)c(C(=O)N(C)Cc3nnc4ccccn34)c2c1,3.6666666666666665
COc1ccc2c(c1)CCN2C(=O)Cn1cc(C(N)=O)c2ccccc21,-10.0
Cc1ccccc1C(=O)NC1CCN(C(=O)[C@H](C(C)C)N2CCCC2=O)CC1,15.35
CC(C)(C)c1nnc2c(-c3nc4ccccc4s3)c(N)[nH]n2c1=O,99.03333333333336
Cc1nc2ncc3c(=O)n(NC(=O)C(C)C)c(C)cc3n2n1,11.45
O=C(Nc1n[nH]c(Cc2cccc(F)c2)n1)[C@@H]1CCCc2[nH]ncc21,-2.4499999999999997
CC(=O)NC(SCc1ccccc1)C(=O)c1ccccc1,0.4999999999999999
Cc1c(C(=O)N(C)Cc2cnc3ccccn23)ccn1C,12.5
CCN(CC)c1nc2nc(SCC(N)=O)n(C(C)C)c(=O)c2s1,14.65
Cc1cc(C)cc(-n2nc(NC(=O)c3cn(CC(=O)N(C)C)nn3)cc2C)c1,0.1499999999999999
CCc1c(C)nc(-n2nc(C)cc2NC(=O)c2ccc(OC)cc2)[nH]c1=O,91.55
CC[C@@H](N)CNc1ccnc(-c2cc(-c3cnn(C)c3)ccc2O)n1.Cl.Cl,19.7
O=C(NCc1cccc(N2CCOC2=O)c1)c1nccc2ccccc12,-5.9
CN1CCC(N(C)c2ccccc2CN[C@H]2CCC(=O)N(C)C2)CC1,11.65
O=C(c1ccc(O[C@H]2CCOC2)cc1)N1CCc2ccncc21,-8.9
Cc1cc(C)cc(C(=O)N2CCCC2c2cc(C)on2)c1,-0.5
CCCc1cc(=O)n2nc(N(C)CC(=O)NCCc3cccs3)sc2n1,4.9
COCCN(CCOC)C(=O)Nc1cccc2cc(C)oc12,5.25
COCCNC(=O)c1cc(S(=O)(=O)N2CCc3ccccc32)ccc1OC,7.550000000000001
CCc1cccc(C)c1NC(=O)c1cnc2sccn2c1=O,13.5
Cc1cc(NC(=O)CCN2CCOC[C@@H]2C)no1,9.2
Cc1cnc(NC(=O)Nc2cccc(Cl)c2C)s1,52.5
Cn1ncnc1SCc1nc(=O)[nH][nH]1,11.1
Cc1cc(C)n(CCCC(=O)NC2C3CN4CCN(C3)CC2(c2ccccc2)C4)n1,13.8
O=C(CC1CCC2(CC1)OCCO2)N[C@H]1CN(c2ccccc2)C1=O,0.7
CCN(CCC(F)(F)F)C(=O)COc1ccc(F)cc1,7.35
CN(c1ccc(Cl)cn1)S(=O)(=O)c1ccc(F)c(C#N)c1,83.85
Cn1c(=O)n(Cc2ccc(F)cc2)c(=O)c2cnc(-c3cccnc3)nc21,-0.5499999999999999
Cc1cc(C)cc(C(=O)NCc2ccc3c(c2)OCO3)c1,7.05
COc1ccc([C@H]2C[C@@H](c3ccccc3)Nc3nnnn32)cc1,10.85
CC(=O)Nc1cccc(OCCNc2nc(C)cc(C)c2C#N)c1,-20.45
COc1ccc(-c2nc(C(=O)Nc3ccncc3)cs2)cc1OC,35.8
CCc1nc2c(C)cc(N3CCN(CC(=O)N4CC(O)C4)CC3)cn2c1N(C)c1nc(-c2ccc(F)cc2)c(C#N)s1,20.0
Cc1sc2ncn(CC(=O)N3CCCC(C)(C)[C@H]3C#N)c(=O)c2c1C,-34.84323
CCN(CC)C(=O)Cc1c(C)nc(-c2ccccn2)[nH]c1=O,12.433333333333332
CN(C)c1nc2c(c(=O)[nH]c(=O)n2C)n1Cc1cccc2ccccc12,-6.6
C[C@H]1CN(c2nc3cc(C(F)(F)F)ccc3s2)CCCO1,-7.550000000000001
CN(C(=O)N1CCN(c2cc(C3CC3)n[nH]2)CC1)[C@H]1CCS(=O)(=O)C1,15.6
Cc1n[nH]c([C@@H]2CN(C(=O)c3cccnc3OCC(C)C)CCO2)n1,0.5499999999999998
Cc1ccc(NC(=O)c2cccc(F)c2Cl)cc1O,-20.0
CC(C)Cn1cc(C(=O)Nc2ccc(NC(=O)NC(C)C)cc2)cn1,-15.35
Cc1cn2c3c(=O)[nH]c(=O)n(C)c3nc2n1CC(C)O,0.0500000000000002
C#C[C@H]1CCCN(C(=O)c2ccc3c(c2)OCO3)C1,-16.35
COc1ccc(NC(=O)c2nnc(CCC(=O)NCCCN3CCOCC3)s2)cc1,28.75
O=C(c1cc(-c2cccc(Cl)c2)n[nH]1)N(CCN1CCCC1)C1CCOCC1,55.2
Cc1ccccc1N(CC(=O)Nc1ccc(-c2cn3cccnc3n2)cc1)S(C)(=O)=O,-7.4
Cc1ncnc(N2CCN(C(=O)CCCn3cnc4ccccc4c3=O)CC2)c1C,13.85
COc1ccccc1CCNC(=O)[C@H]1CC(=O)N(CC(F)(F)F)C1,0.2999999999999998
Cc1ccc([C@H](CNC(=O)Cc2cccs2)N2CCOCC2)o1,-15.4
COc1ccc(Cc2cnc(N)nc2N)cc1OC,98.6
Cc1ccc(C(=O)Nc2cccc(-c3nccn3C)c2)cc1O,-9.9
CN1CCCC1=NS(=O)(=O)c1cccc(NC(=O)[C@H]2CCc3nccn3C2)c1,2.0
CCCCc1nc(CN2CCO[C@@H](CNc3cccnn3)C2)cs1,98.8
Cc1cccc(N/N=C(\C(=O)c2cccs2)C(=O)C(F)(F)F)c1,91.9
COC1(C(F)(F)F)CN(Cc2ccc(OCC#N)cc2)C1,5.65
CCN(CC)C(=O)N1CCC(Cc2ncc(C)n2Cc2ccccc2)C1,-13.25
O=C(COc1cccc(C(F)(F)F)c1)N1CCOC[C@H]1c1ncon1,-1.1999999999999995
CCc1ccc(-c2cc3c(=O)n(CC(=O)NCCN4CCOCC4)nc(C)n3n2)cc1,1.1
CC(=O)N[C@H]1[C@H]([C@H](O)[C@H](O)CO)OC(C(=O)O)=C[C@@H]1NC(=N)N,18.700000000000003
N#CCNc1nc(-c2ccccc2)nc2ccccc12,-1.4999999999999998
CC(C)[C@@H](C(=O)N1CCN(C(=O)c2ccc3[nH]cnc3c2)CC1)c1ccccc1,-5.75
COCC#CCN(c1ccc(C(C)=O)cc1)S(C)(=O)=O,-23.75
CSCCC(=O)N1CCN(c2cc(C)nc(C(C)C)n2)CC1,7.800000000000001
O=C(Nc1cc(F)cc(F)c1)N1CCN(c2cc(-n3cccn3)ncn2)CC1,51.8
CCCn1cc(CNc2nnc(C(C)C)o2)cn1,-9.6
N#Cc1ccc(O)c(NC(=O)c2cccc3cc[nH]c23)c1,99.85
CCc1n[nH]c(=O)c(CNC(=O)[C@@H]2CN(C)CCO2)c1CC,7.05
N#CCCCN1CCO[C@H](c2noc(-c3ccccc3)n2)C1,4.05
CCc1nc(C)cc(NCCn2cccn2)n1,-26.0
CCc1nn(C)cc1CN(C)[C@@H](C)c1ccccn1,5.25
CCc1noc([C@@H]2CC(F)(F)CN2C(=O)c2ccn(CC)n2)n1,15.05
C[C@H]1CN(C(=O)c2cccnc2N2CCOCC2)CCN1CC(C)(C)O,8.0
C[C@H]1Cc2[nH]ncc2CN(c2ncnc3c(F)cccc23)C1,8.549999999999999
COCC(C)(C)C(=O)Nc1cccc2c(C)nccc12,10.35
Cc1nc(CN2CCO[C@@H](CNc3cccnn3)C2)oc1C,9.133333333333333
CCN1CCN(C(=O)N[C@@H](C(=O)N[C@@H]2C(=O)N3[C@@H]2SC(C)(C)[C@@H]3C(=O)[O-])c2ccccc2)C(=O)C1=O.[Na+],97.45
O=C(Nc1ccc(N2CCCC2=O)c(F)c1)[C@@H]1CCCO1,11.45
Cc1cc(C(=O)N2CCCCC[C@H]2c2noc(C)n2)[nH]n1,0.5
COc1ccc(Cc2nc3ccsc3c(=O)[nH]2)cc1OC,4.25
COCC(=O)N(Cc1cccnc1)C1CCCN(C(=O)C2CCOCC2)C1,9.2
CCC(=O)N1CCc2cc(C(=O)NCc3ccccc3)ccc21,20.8
CCn1cnc2c(c1=O)CCN(C(=O)c1cnn(-c3cccc(Cl)c3)c1)C2,6.733333333333333
c1ccc2c(CCN3CCNCC3)c[nH]c2c1,72.65
CN(CC(=O)NC(C)(C)C)Cn1nc(-c2ccccc2)oc1=O,3.45
Cc1cc(O)c(C(C)C)cc1C(=O)N1CCC[C@H](c2n[nH]c(N)n2)C1,1.1
O=C(c1ccc(-c2ccco2)[nH]c1=O)N1CCCN(Cc2ccc(Cl)cc2)CC1,-1.25
CC(NC(=O)CCCn1cccn1)c1cn2ccsc2n1,15.15
COc1ccc(C(=O)Nc2ccc3nccnc3c2)cc1,3.25
COc1ncccc1C(=O)N1CCC[C@H]1c1c(C)nn(C)c1Cl,14.3
COc1cccc(-c2cc3n(n2)CCCN(C(=O)c2ccncc2)C3)c1,-18.4
COCc1ccc(CNc2cccc(C[S@](C)=O)c2)cc1,15.35
Cc1ccn2c(=O)cc(COc3ccc(NC(=O)C(C)(C)C)cc3)nc2c1,31.15
CCCc1nc(CN2CCC[C@@H]2Cn2cncn2)cs1,-1.1999999999999995
CCN(CC)S(=O)(=O)c1ccc(=O)n(CC(=O)NC[C@@H](c2ccc(C)o2)N2CCOCC2)c1,5.2
Cc1cccc(N2C[C@@H](C(=O)N(CCO)CC(F)F)CC2=O)c1C,11.3
Cn1nc(-c2csc(S(=O)(=O)N3CCc4ccccc4C3)c2)ccc1=O,26.4
COc1ccc(Cl)cc1CNCC1CCN(C[C@H](C)O)CC1,-23.71392
O=C(Nc1ccccc1)N1CCCCC1c1noc(COCc2ccccc2)n1,28.700000000000003
O=C(Nc1ccc(-c2nc3c(F)cccc3[nH]2)cc1)c1cc[nH]c(=O)c1,13.25
Cc1cc(Cl)ccc1OCC(O)CN1CCN(c2ccccc2F)CC1.Cl.Cl,62.4
COc1ccccc1C1CC(=O)Nc2cc(OC)c(OC)c(OC)c21,5.95
O=C(NCC1CCC(=O)N(Cc2ccccc2)CC1)C1CCCCC1,10.8
CCCCc1nc(-c2ccc(OCCCN(CC)CC)cc2)cn1-c1ccc(Oc2ccc(Cl)cc2)cc1,102.45
CCS(=O)(=O)c1ccccc1C(=O)N(C)c1ccccc1,-15.3
Cc1c(NC(=O)Nc2nccs2)c(=O)n(-c2ccccc2)n1C,-14.35
CNC[C@H]1CCCN(S(=O)(=O)c2cc(C)ccc2Br)C1.Cl,-5.25
CCOc1ccc(NC(=O)c2ccccc2S(=O)(=O)N2CCCCC2)cc1,16.05
Cc1cnc(CCNC(=O)N2CCN(C3CC3)C[C@H](C)C2)cn1,2.6
CCN(CC)C(=O)c1ccc(NC(=O)c2cn3c(C)cccc3n2)cc1,-19.2
CN[C@@H](C)c1ccc(N2CCCS2(=O)=O)cc1,0.95
Cc1ccccc1OCC(O)CN1C(=O)NC(C)(C)C1=O,8.65
CN(Cc1ccc2c(c1)OCCO2)C(=O)[C@H]1CCCN(S(N)(=O)=O)C1,-12.0
O=C(NCc1ccc[nH]1)c1cc(N2CCOCC2)ccn1,8.9
CN(CC(N)=O)CC(=O)N(C)Cc1cc(Cl)cc(Cl)c1,-10.55
Cc1nc2ccc(C(=O)NC[C@H]3CCN(C(C)C)C3)cc2nc1C,18.2
C#CCN1CCC(N(C)CC(=O)NC(C)C)CC1,1.2666666666666668
O=S1(=O)N=C(NCc2ccc(Cl)cc2)Nc2ccccc21,55.6
COc1cc(C)sc1C(=O)N[C@H]1CCc2nc(C)cn2C1,7.1
CCOCCCNC(=O)C1CCN(S(C)(=O)=O)c2cc(Cl)ccc2O1,25.799999999999997
CCOc1ccc(Cl)c(C(=O)N2CCCC[C@@H]2Cn2cccn2)n1,2.6000000000000005
CCc1ncc(C(=O)N2CCCC[C@@H]2Cn2cccn2)s1,-15.15
O=C([C@H]1CCCN(S(=O)(=O)c2cc(F)cc(F)c2)C1)N1CCOCC1,13.4
Cc1cc(C)c(C(N)=O)c(SCC(=O)N(CCC#N)c2ccc3c(c2)OCCO3)n1,86.46666666666665
Cc1cnc(C)n1CCNC(=O)c1n[nH]c(=O)c2ccccc12,11.65
CCc1ccc(N2CC(C(=O)NCC3CCCO3)CC2=O)cc1,-2.7
O=C(COCC(F)(F)F)NS(=O)(=O)c1ccc2c(c1)OCCCO2,16.45
Cc1cc(SCC(=O)N(C)C)n2c(nc3ccccc32)c1C#N,19.85
COCCCN1CCO[C@@H](CN(C)C)C1,8.6
O=C(NC[C@H]1CCN(c2ccccc2)C1)c1cccc2c1OCCO2,8.15
CC(C)Cc1ccc([C@@H](N)c2cccs2)cc1.Cl,26.3
CN(CCc1nccs1)[C@H]1CCCN(c2ccn(C)n2)C1=O,1.45
Cc1c(C(=O)Nc2cc(S(=O)(=O)N(C)C)ccc2O)oc2ccccc12,54.4
CC(C)NC(=O)CN1C(=O)N[C@]2(CCCc3sccc32)C1=O,6.5
CCCNC(=O)N(CCC(C)C)CC(=O)N1CCCN(c2ccc(-c3ccc(OC)cc3)nn2)CC1,6.8
CC(=O)Nc1nc2ccc(NC(=O)c3ccc(C)nc3)cc2s1,17.75
CCC(c1ccccn1)N(C)C(=O)c1c(C)nc2ccc(Cl)cn12,11.65
O=C(C1CCN(c2cnn(Cc3ccccc3)c(=O)c2)C1)N1CCc2ccccc21,14.8
CCOC(=O)[C@H](O)CCc1ccccc1,17.200000000000003
C[C@H](OCC1CC1)C(=O)Nc1ccccc1Sc1nncs1,3.5
Cc1cccc(C(=O)N2CCC(C3CCN(S(C)(=O)=O)CC3)C2)c1,19.25
O=C(NCc1cccs1)N[C@H]1CCCc2c1cnn2CCO,-12.4
CCN(CC(=O)N1CCCN(c2ccc(-c3ccc(OC)cc3)nn2)CC1)C(=O)C(C)C,-5.199999999999999
CC(=O)c1cccc(NC(=O)C2CCCN(C(=O)c3ccccc3F)C2)c1,19.15
NC(=O)c1sc2nc(-c3ccncc3)ccc2c1N,8.4
CNC(=O)[C@H](CC(C)C)NC(=O)c1cc(C)n(Cc2ccco2)c1C,-4.000000000000001
O=C(Cc1cscn1)N1CCc2nc[nH]c2[C@H]1c1cccnc1,13.8
CCOCC(=O)N1CC[C@H](C)Sc2ccccc21,5.1499999999999995
CC(C)CNC(=O)CCc1ccc2cc[nH]c2c1,3.65
Cc1nc2ccccc2c(=O)n1NC(=O)c1cnc2ccccc2n1,15.733333333333334
NC(=O)NC(=O)CCn1ccc(-c2ccccc2)n1,14.033333333333331
CCC[C@H](NC(=O)C1CC1)c1nc(-c2ccc3c(c2)OCO3)c[nH]1,-21.0
O=C(Nc1cccc(C(=O)N2CCCC2)c1)c1cc(F)cc(F)c1,8.25
CCOCCC(=O)Nc1nnc(C)n1C,-8.4
O=C(NCC(F)(F)F)N[C@@]1(CO)CCOC1,-4.8999999999999995
Cc1ncccc1C(=O)NCC1CCN(C(=O)CC[C@@H]2NC(=O)NC2=O)CC1,6.05
CC(C)(C)[C@@H]1NC(=O)CC[C@H]1NC(=O)c1n[nH]c2ccccc12,1.9666666666666668
Cn1ncc(CN2CCN([C@H](C#N)c3ccc(F)cc3)CC2)n1,-5.75
CCN(CC)C(=O)c1ccc2c(c1)C1(CCN(c3ccccc3)CC1)C(=O)N2C,1.25
O=C(c1ccon1)N1CCN(Cc2cnn3cccnc23)CC(O)C1,16.4
Cc1csc(NC(=O)CN2CCC[C@@H]2Cn2nc(C)nc2C)n1,12.35
COc1ccccc1C1=NN=C(N2CCOCC2)SC1,8.65
Cc1cccc2c1O[C@H](C(=O)Nc1ccnn1C1CCC1)C2,-8.6
CCc1ccc(C(=O)NC[C@H](CC)N2CCCC2)o1,7.95
N#Cc1ccc(Oc2ccc3c(c2)COB3O)cc1,71.5
CC(C)Cn1cc(NC(=O)N(Cc2ccco2)CC2CCCO2)c2ccccc2c1=O,6.7
Cc1ccc2c(n1)OCCN2CC(=O)N(C)Cc1ccccc1C,4.0
C[C@H](Oc1ccccc1Cl)C(=O)NCCCc1nc(C2CC2)n[nH]1,18.9
COc1ccc(-n2c(CCN)n[nH]c2=O)cc1OC,12.55
COCc1ccccc1CS(=O)(=O)NC[C@H]1CCNCC1(F)F,8.75
NC(=O)Nc1ccc(NC(=O)c2ccccc2NC(=O)c2ccco2)cc1,10.4
CCn1cc(CC(=O)N2CCCC[C@H]2C(N)=O)cn1,4.050000000000001
COc1ccc2c(c1)C1(SCCN1C(C)=O)C(=O)N2Cc1cccc(F)c1,6.899999999999999
CCC(CC)(CN)NC(=O)c1cc(C)n(Cc2ccncc2)c1C,6.1
O=C(Nc1cccc2ccccc12)NC1(CO)CCOCC1,-15.9
CCCc1cc(=O)n2nc(N3CCC(C(=O)NCCN4CCCCC4)CC3)sc2n1,11.4
CN(C)C(=O)CCCSc1nncn1-c1cccc(Cl)c1,8.1
Cc1ncc2n1CC[C@H](C(=O)N1CCC13CCC3)C2,-11.6
O=C(NCc1cccc(O)c1)Nc1nc(-c2ccncc2)cs1,15.1
Cc1oc(NC(=O)CN2CCC[C@H](Cn3cncn3)C2)c(C#N)c1C,-3.0
O=C(Nc1ccccc1)c1cc(=O)[nH]c2ccccc12,11.35
COCCNC(=O)CSCc1cc2c(cc1Br)OCCO2,-9.3
Cc1nn(C)c(C)c1[C@@H]1CCCN1CC(=O)Nc1nccs1,13.5
Cc1ccc(C(=O)NCc2cc3n(n2)CCN(C(=O)C2CCC2)C3)cn1,7.65
CCCCn1nnnc1CN1CCC[C@H]1c1ccsc1,7.35
O=C([C@H](Cc1ccccc1)n1cnnn1)N1CCn2c(nnc2C(F)(F)F)C1,16.2
Cc1noc2nc(-c3ccccc3)cc(C(=O)NCCCC(N)=O)c12,-13.627873
CC(c1ccc2c(c1)OCCO2)N(C)C(=O)c1ccccc1N1CCC(=O)NC1=O,10.95
Cl.Cl.N[C@H]1CCc2nnc(-c3ccccc3F)n2C1,8.9
NC(CO)(CO)CO.O=C(c1ccccc1)c1ccc2n1CCC2C(=O)O,16.049999999999997
CC(C)Oc1ccc(Cn2c(=O)oc3ccccc32)cc1,12.8
Cc1noc([C@H]2CCCN(Cc3c(C)noc3C)C2)n1,-5.8500000000000005
Cn1nc(-c2ccc(C(F)(F)F)cc2)nc2c(=O)n(C)c(=O)nc1-2,98.05
Cc1cc(CN2CCC[C@H]2c2c(C)nn(C)c2Cl)on1,11.1
COc1cccc(N2CCN(c3ncnc4cc(OC)c(OC)cc34)CC2)c1,61.8
O=C(NCc1ccc(C(F)(F)F)cc1)c1ccccc1O,95.25
O=C(NCCCOCc1ccco1)[C@@H](c1ccccc1)n1cccn1,-6.1499999999999995
CCNc1nc(C)c(C(=O)N2CCCC(c3noc(C)n3)C2)s1,18.0
CC[C@@H](C(=O)Nc1cc(C)on1)N1CCN(c2cnccn2)CC1,-10.1
CCCNC(=O)CCC1CCN(C(=O)c2ccccc2Cl)CC1,25.9
CCC(=O)N1CCN(c2ccccc2NC(=O)COc2ccc(C)cc2C)CC1,50.1
COc1ccc(OC)c(CN2CCN(C(=O)c3cccc(Nc4ncccn4)c3)CC2)c1,24.7
COc1ccc(C(=O)NCCN(C2CCOCC2)C2CCCN(C(=O)C3CC3)C2)c(C)c1,7.050000000000001
CCCN(C(=O)c1ccc(C)c(S(=O)(=O)NC2CCCC2)c1)[C@H]1CCNC1.Cl,-0.3000000000000002
CCOc1ccccc1CN1CCNC(=O)C1CC(=O)NCC(N)=O,14.3
CCn1nc(C)c(S(=O)(=O)Nc2nsc3ccccc23)c1C,7.4
C[C@@H]1Nc2ncnn2[C@H](c2ccccc2)[C@H]1C(N)=O,-14.8
CC(=O)N1CCN(c2ccc(OC[C@@H]3CO[C@@](Cn4ccnc4)(c4ccc(Cl)cc4Cl)O3)cc2)CC1,72.55
CC(=O)Nc1cn(-c2ccc(C(=O)Nc3ccccc3)cc2)cn1,22.6
Cc1c(NC(=O)c2cc(CC(C)C)on2)c(=O)n(-c2ccccc2)n1C,9.3
Cn1c(N2CCOC[C@H]2c2nnc(-c3ccccc3)o2)c(C#N)c(=O)n(C)c1=O,-20.0
Cc1cnn(CCNCc2cnn(-c3ccccc3)n2)c1,-8.9
Cc1cccc(OCCc2noc(C3CCN(C(=O)NC(C)C)C3)n2)c1,17.299999999999997
CCCNC(=O)c1cccc(CNC2CCN(OCC)CC2)c1,-3.950000000000001
CC(C)c1cc(-c2nc(-c3cnccn3)no2)n[nH]1,-5.550000000000001
O=C(Nc1nc2cc3c(cc2s1)OCCO3)[C@H]1CCCN(C(=O)c2ccoc2)C1,-9.3
O=C(CSCc1ccn(-c2ccccc2)n1)NCC(F)(F)F,13.466666666666669
Cc1cc(C)n(C(=O)COc2ccc3oc(=O)cc(C)c3c2)n1,25.700000000000003
CCNC(=O)CN1CCc2nnc(Cc3ccccc3)n2CC1,-10.6
CC(=O)c1ccc(C(=O)Nc2sccc2C#N)s1,66.55000000000001
COc1ccc(S(=O)(=O)N(C)c2ccc(OCC(=O)Nc3cc(C)on3)cc2)cc1,7.5
Cc1nc(C(C)C)sc1C(=O)N1CCCC(OCc2ccccn2)C1,16.85
CCOc1ccccc1CNC(=O)Cn1c2cc(OC)c(OC)cc2c2nc(=O)cc(C)n21,18.05
COCCOc1cccc(NC(=O)N2CC[C@H](N3CCCC3)C2)c1,-7.9
Nc1nc(C2CCOC2)cc(N2CC(Oc3ccccc3F)C2)n1,17.200000000000003
CC(NS(=O)(=O)c1cc(C(N)=O)cs1)c1ccccc1-n1cccn1,17.2
COCCCNC(=O)C1CCN(S(=O)(=O)Cc2ccccc2)CC1,22.9
Cc1nc2ccccc2c2c1C(=O)N(c1ccc(C(N)=O)cc1)C2=O,10.05
Cc1nn(CCCC(=O)NCc2ccccc2)c(=O)c2cc3sccc3n12,12.6
COc1ccc(C(=O)N2CC[C@]3(OC)CC[C@@H](O)C[C@H]23)c(F)c1,20.75
CC(C)N1C(=O)N[C@]2(CCN(C(=O)Nc3ccccc3N3CCCCC3)C2)C1=O,-13.1
CN(Cc1ccsc1)C[C@](C)(O)c1ccc(S(C)(=O)=O)cc1,8.55
CN(CC(=O)NCc1ccc(-n2cncn2)cc1)[C@H]1CCS(=O)(=O)C1,-5.4
CC1CCN(C(=O)c2c(-c3ccc(F)cc3)nc3n2CCS3(=O)=O)CC1,-20.45
CCOCC(=O)NCc1ccccc1OC,4.3999999999999995
COc1cc(/N=c2\ssnc2Cl)cc(OC)c1OC,81.8
O=C(Nc1ccc(N2CCN(Cc3ccc(F)cc3)C2=O)nc1)c1cccnc1,2.5999999999999996
CCc1nnc(S(=O)(=O)CC(=O)N(CC)CC)[nH]1,-8.799999999999999
CC1CN(C(=O)c2ccc(CN3CCS(=O)(=O)CC3)cc2)CCCO1,5.9
C[C@H]1CCCN(CC(=O)Nc2ccc(C#N)c(Cl)c2)C1,-18.75
Cc1cc(C)nc(NCCNc2ncccc2C#N)n1,10.85
COCc1ccc(C(=O)N2C[C@H]3CC[C@@H]2CN(Cc2ccc(F)cc2)C3)o1,-1.75
O[C@H](c1c(F)cncc1Br)C1CCCCC1,5.809815
CC(C)(C)[C@@H](O)CN1CCN(Cc2cn3ccccc3n2)CC1,18.3
O=c1[nH]c(O)c(C2=NNC(c3ccc(O)cc3)C2)c(=O)n1-c1cccc(Cl)c1,3.4999999999999996
COc1cccc(CN2CCO[C@@H](CNc3cccnn3)C2)c1,99.45
CN(C)c1nc(N(C)C)nc(N(C)C)n1,14.75
CCN1C(=O)Cc2cc(NS(=O)(=O)c3ccc(Br)cc3)ccc21,-1.9000000000000004
O=C(N[C@H]1CCS(=O)(=O)C1)c1ccsc1,2.4499999999999993
O=C(Cn1ncc2ccsc2c1=O)NCCCN1CCN(Cc2ccccc2)CC1,10.65
C=CC[C@@H]1/C=C(\C)C[C@H](C)C[C@H](OC)[C@H]2O[C@@](O)(C(=O)C(=O)N3CCCC[C@H]3C(=O)O[C@H](/C(C)=C/[C@@H]3CC[C@@H](O)[C@H](OC)C3)[C@H](C)[C@@H](O)CC1=O)[C@H](C)C[C@@H]2OC.O,10.55
CCn1ncc(C(=O)N2CCC3C(=O)N(Cc4cccc(F)c4)CC(=O)N3CC2)c1C,18.1
CCOc1cccc(CS(=O)(=O)Cc2ncc(C)s2)n1,-20.55
Cc1ccc(NC(=O)Nc2cc3c(cc2N2CCOCC2)n(C)c(=O)n3C)cc1F,22.3
Nc1ncnc2oc(-c3ccccc3)cc12,5.1499999999999995
CCC(CC)(NC(=O)C(C)C)C(=O)N[C@@H](CCCNC(=N)N)C(=O)NC1(C(=O)NC(c2ccc(F)cc2)c2ccc(F)cc2)CCCC1.O=C(O)C(F)(F)F,100.45
O=C(NCCc1ccncc1)c1ccc(N2CCCCS2(=O)=O)cc1Cl,25.35
CN(Cc1cc(=O)n2ccsc2n1)c1c(F)cccc1F,9.964686
CN(Cc1csc(-c2ccccc2)n1)C(=O)c1ccn(C)n1,15.6
COc1ccc(C(=O)NCC(=O)N(C)[C@@H](C)c2nc3ccccc3s2)cc1OC,5.800000000000001
CO[C@H]1Cc2ccccc2N(C(=O)CCCc2ccc3c(c2)CC(=O)N3)C1,7.000000000000001
Cc1ccc(NC(=O)N2CCN(c3cc(-n4cccn4)ncn3)CC2)c(C)c1,7.1
N#Cc1cn(CC(=O)Nc2cccc(F)c2)c2ccccc2c1=O,12.35
CCCn1c(=O)n(CCC(=O)N2C[C@@H](N)[C@H](c3ccnn3C)C2)c2ccccc21,-2.0
O=C(C1CCCC1)N1CCC[C@H](S(=O)(=O)NCCc2ccco2)C1,6.9
CCOCCCNC(=O)C1CCN(C(=O)c2cnn(-c3ccccc3)c2-n2cccc2)CC1,13.05
CCOc1cc(C)c(Cl)cc1S(=O)(=O)N1CCOC(CN)C1.Cl,27.5
Cc1ccc(F)cc1NC(=O)c1nnc2ccccc2c1N,-3.5
Cc1cccc(CN2CC(=O)N3CCN(C(=O)CCc4ccccc4)CCC3C2=O)c1,-8.4
CC(=O)Nc1nc(CN2CCC[C@H](Cn3cncn3)C2)cs1,4.6
COCC[C@@H](CO)NC(=O)c1cccnc1Oc1ccc(F)cc1Br,8.9
CCN(CC)C(=O)Cn1ccn2nc(-c3ccc(OC)c(OC)c3)cc2c1=O,24.8
COCCCNC(=O)C1CCCN(c2cnn(C)c(=O)c2)C1,-9.8
Cc1nc(-c2cc3c(s2)CCN(C(=O)C2=COCCO2)C3)cs1,0.0499999999999998
Cc1cc(S(=O)(=O)N2CC(C)OC(C)C2)ccc1Cl,15.55
Cc1ccc(OC2CN(C(=O)NCCCN3CCCC(C(N)=O)C3)C2)cc1,12.35
COc1nc(OCc2cccc(-c3ccccc3)c2C)ccc1CNCCNC(C)=O,100.55
Cn1ncc2cc(C(=O)Nc3ccn(Cc4ccncc4)n3)cc(O)c21,21.85
COc1ccc(-n2ccc(C(=O)Nc3cnccc3O)n2)cc1,-0.25
CCc1ccc(C(=O)N2CCCC(OCc3cccnc3)C2)[nH]1,10.85
O=C(Nc1cccc(Cl)c1)N1C[C@H]2COCC[C@@]2(O)[C@@H]2COCC[C@@H]21,12.85
COCCNC(=O)Cn1nc(-c2ccc(F)cc2)ccc1=O,19.0
CCCNC(=O)N(C)CC(=O)N1N=C(c2ccc(OC)cc2OC)CC1c1ccc2c(c1)OCO2,53.8
CSc1ccccc1NS(=O)(=O)c1ccc2c(c1)NC(=O)CO2,3.4499999999999997
Cc1ccc(NC(=O)Cn2nc3c(N4CCN(c5ccccc5)CC4)nccn3c2=O)c(C)c1,14.95
CCOCc1ccc(CNC(=O)N2CCC[C@H]2c2cc(C)no2)cc1,4.25
CN(Cc1ccc2c(c1)OCO2)C(=O)[C@H]1CCNC1,0.8999999999999999
COc1cc(NC(=O)c2ccc3ccccc3n2)ccc1NS(C)(=O)=O,-0.5500000000000007
O=C(Nc1ccc(O)cc1F)c1ccn2cncc2c1,-21.65
Cc1ccc(S(=O)(=O)Nc2ccc3c(c2)oc(=O)n3C)cc1,2.3499999999999996
COCCN(Cc1cnn(C)c1)C(=O)NCC1CC12CCCCC2,15.95
CO[C@H]1C[C@H]2CN(S(=O)(=O)c3cccc4cccnc34)CC(=O)N2C1,13.35
C[C@H](NC(=O)c1cccc(N2CCCC2=O)c1)c1nnc2ccccn12,-4.1
Cc1cc(OCc2cccc(F)c2)ccc1NC(=O)[C@H](C)NC(N)=O,7.65
CCNC(=O)c1ccccc1NC(=O)c1ccn(-c2ccc(OC)cc2)n1,-10.6
Cc1noc(C2(F)CCCN(C(=O)c3cn(C)cn3)C2)n1,13.7
O=C(NC1CCCCC1)C1CCCN(S(=O)(=O)c2cccs2)C1,9.3
COc1ccc(NC(C)=O)cc1NC(=O)N1CCC(c2ccncc2)CC1,12.2
CC[C@@H](CNC(=O)c1ccco1)N1CCCC1,-22.95
COC(=O)C1=C(C#N)NC(C)=C(C(=O)OC(C)C)C1c1cccc([N+](=O)[O-])c1,8.2
O=C(c1ccc(-n2cccn2)cc1)N1CCN(S(=O)(=O)c2ccc(Cl)cc2)CC1,3.233333333333332
COc1cccc(CN(C)CC(=O)N[C@@]2(C)CCS(=O)(=O)C2)c1OC,-15.95
Cc1ccc(CC(=O)NC[C@@H](c2cccs2)N2CCOCC2)cc1,-15.85
CNC[C@H]1CCN(C(=O)c2ccc(OC)cc2OC)C1,-10.0
C[C@H]1CN(c2ccc(CNC(=O)N3CCSCC3)cn2)CCO1,19.0
CCOc1ccccc1NC(=O)c1ccc(CC)cc1,49.75
Cc1ccn2cc(C(=O)N3CCCC[C@@H]3C)nc2c1,-27.55
CNc1ccccc1-c1ccccc1NC,-7.500000000000001
Oc1cc(Cl)ccc1Oc1ccc(Cl)cc1Cl,97.1
CCN1C(=O)c2cccc3c(S(=O)(=O)NC)ccc1c23,10.3
C[C@H]1CN(C(=O)CCc2nc(Cc3ccccc3)no2)CC(C)(C)O1,-11.3
Cn1cc(C(=O)N2CCC(C(=O)Nc3ccccn3)CC2)c2ccccc21,-6.249999999999999
Cc1noc([C@H](C)N2CCN(Cc3nc(C)c(C)o3)CC2)n1,2.25
COc1ccc(-c2nnc(N3CCC(C(=O)NCc4ccncc4)CC3)o2)cc1,10.9
CCn1c(=O)c2ccnn2c2ccc(C(=O)Nc3ccc(OC)cc3)cc21,-1.1999999999999995
CC(C)CCNC(=O)C1(C)CCC(=O)N1Cc1cccc(Br)c1,2.0500000000000003
CCOc1ccc(C(=O)Nc2ccccc2SC)cc1,12.05
COc1ccccc1C(=O)Nc1ccnn1C1CCN(C(=O)c2ccccn2)CC1,5.0
CC(=O)N1N=C(c2c(O)[nH]c(=O)n(C)c2=O)CC1c1ccc(C(C)C)cc1,68.85
CCOCCCn1c(C)cn2c3c(=O)n(Cc4ccc(C)cc4)c(=O)n(C)c3nc12,0.4500000000000002
CCCCN(CC(=O)N1CCCN(c2ccc(-c3ccc(OC)cc3)nn2)CC1)C(=O)NC(C)C,0.0499999999999998
CC(C)N1CC(NC(=O)N2CCC(OCc3ccccn3)CC2)CC1=O,21.75
CCc1ccc(O)c(NS(=O)(=O)c2cc(OC)ns2)c1,43.45
Cc1nc(N2CCN(C)CC2)ncc1C(=O)NCc1ccc(Cl)cc1,13.75
Cc1cc(C)cc(Oc2ccc(CNC(=O)[C@H](C)N)cc2C)c1,7.85
COc1ccc(NC(=O)c2cnc3c(c2)c(=O)n(C)c(=O)n3C)cc1,19.25
O=C(NCc1ccc(N2CCOC2=O)cc1)N[C@H]1CCC[C@H]1F,5.000000000000001
CCN(CCCNC(=O)c1ccc(CN2CC(=O)N3CCCC3C2=O)cc1)c1cccc(C)c1,8.4
CC(C)[C@H](NCC(=O)c1c(N)n(C)c(=O)n(C)c1=O)c1ccccc1,2.9
Cc1ccc(NC(=O)N2CC(C(=O)N(C)C)C3(CCOCC3)C2)cc1C,4.95
COc1ccccc1CCC(=O)N1CCN(Cc2ccccc2F)C(=O)C1,16.55
CCc1ccc(CCNC(=O)c2cnn3c2NCCC3)cc1,1.5
CCNC(=O)C1CCN(S(=O)(=O)Cc2ccccc2)CC1,20.4
O=C(NS(=O)(=O)N1CCOCC1)[C@@H]1CCCc2sccc21,-8.25
O=C(Nc1ccc(F)c(Cl)c1)C1CC2CCC1C2,17.15
CC[C@H]1CCCCN1CC(=O)Nc1ccc(S(=O)(=O)C(F)F)cc1,0.6999999999999997
CCOc1ccc(-c2nnc3n(CC)c4c(=O)n(C)c(=O)n(C)c4n23)cc1,2.6
N=C(NCCCCCCNC(=N)NC(=N)Nc1ccc(Cl)cc1)NC(=N)Nc1ccc(Cl)cc1,100.85
COc1cc(Nc2ncnc3onc(C)c23)ccc1N1CCCC1=O,2.25
CCOc1ccnc(N2CCN([C@@H](C)c3nc(C)no3)CC2)n1,3.5999999999999996
CCc1ccc(NC(=O)CCc2ccc3c(c2)OCO3)cc1,9.5
Cn1cc(C(=O)Nc2cnn(Cc3cn4ccccc4n3)c2)ccc1=O,13.85
Cc1onc(-c2ccccc2)c1C(=O)Nc1cnn(C)c1,7.65
CNC[C@H]1CCCN1C(=O)c1ccc(Br)cc1C,12.4
Cc1nc(CNC[C@H](O)c2ccccc2C(F)(F)F)[nH]c1C,7.5
O=C1CN(c2ccc(NC(=O)[C@H]3CCc4[nH]ncc4C3)cn2)CCN1,5.45
N#Cc1ccnc(N2CCN(C(=O)C[C@H]3CCCO3)CC2)c1,14.75
Cc1cccc(-c2nn3c(CN4CCCCC4)nnc3s2)c1,10.0
CC1(C(=O)NCc2nc(-c3cccnc3)no2)CCCCO1,6.95
CCNc1nccnc1N1CCCO[C@@H](C)C1,8.15
Cc1cc(NC(=O)[C@H](C)Sc2nnnn2CCc2cccs2)on1,-10.6
CN(Cc1ccccc1C(F)(F)F)Cc1cnn2cccnc12,14.85
CCN(CC)[C@@H](C)CNC(=O)Cn1cnc2c(cnn2C)c1=O,20.700000000000003
CCC(NC(=O)Nc1cccc(N2C(=O)CN(C)C2=O)c1)c1nc(C)c[nH]1,13.15
CCc1nn(CC(=O)N2CCN(c3ccccc3)CC2)c(=O)c2cc3sccc3n12,8.35
O=C1CC2(CCN(C(=O)CC3CCOC3)CC2)CC(=O)N1,11.85
O=C(NCC(=O)N1CCCC1)Nc1ccc2cnccc2c1,9.85
CCc1ccccc1NC(=O)CN(C)S(=O)(=O)c1ccc2c(c1)CC(C)N2C(C)=O,1.6
COCCCNC(=O)CN(c1ccc(C)cc1)S(=O)(=O)c1ccc(OC)cc1,6.55
Cc1cc(NC(=O)[C@H](C)N2CCN(c3cc(Cl)ccc3C)CC2)no1,0.9
CC(C)Cc1csc(-c2c[nH]cn2)n1,-15.7
Cn1cnn(Cc2cc(-c3ccccc3)on2)c1=O,-11.85
Cc1cc(NC(=O)Cn2c(C)nc3ccc(F)cc3c2=O)n(C2CCS(=O)(=O)C2)n1,-10.15
CCn1nccc1C(=O)N1CCCC1c1c(C)noc1C,12.6
CN(C(=O)CNC(=O)c1cccc(F)c1)[C@H]1CCCc2c1cnn2C,8.0
Cn1cc(Cl)cc1C(=O)N1CCN(Cc2ccccc2F)C(=O)C1,16.7
CC(C)(C)n1cc(CNC2CCN(C3CCCCC3)CC2)nn1,-3.85
Cc1cc(NC(=O)c2cccc(NS(=O)(=O)c3ccc4c(c3)OCCO4)c2)no1,-13.3
COc1ccc(C2=NS(=O)(=O)N(C)C(C(=O)N3CCC4(CC3)OCCO4)=C2)cc1,0.55
NC(=O)c1ccc(NC(=O)c2ccc(N3CCOCC3)nc2)cc1,21.6
COc1cccc(NS(=O)(=O)c2ccc3c(c2)CC(=O)N3C)c1,9.85
CN(C)S(=O)(=O)c1ccc2c(c1)CCN2C(=O)c1ccc(OCc2cscn2)cc1,4.0
Cn1ccnc1-c1cccc(NC(=O)c2cnc3c(c2)c(=O)n(C)c(=O)n3C)c1,1.7
COc1ccc(-n2ccn3c(SCC(=O)Nc4cc(OC)cc(OC)c4)nnc3c2=O)cc1,-12.8
C[C@@](O)(C(=O)N1CCC2(CCNCC2)CC1)C1CCC1.O=C(O)C(F)(F)F,7.4
Cc1cccc(NC(=O)CN2C(=O)COc3ccc(S(=O)(=O)N4CCCCCC4)cc32)n1,-1.55
Cc1cc(=O)c(C(=O)N2CC(=O)Nc3ccccc32)nn1-c1ccccc1F,-8.65
CN(C)S(=O)(=O)Nc1cccc(NC(=O)NCCCc2ncc[nH]2)c1,9.15
CC[C@H]1CN(c2ccccc2)CCN1C(=O)c1cc(COC)on1,1.65
CCOc1ccc(C(=O)N(C)Cc2ccc(OC)cc2OC)cc1OCC,0.9500000000000002
CC[C@H](C)c1csc(NC(=O)N2CCN(c3cnccn3)CC2)n1,5.95
N#C[C@@H](NC(=O)C1CCN(CC(F)F)CC1)C1CCCCC1,4.15
Cc1cc(C(=O)N2CCN(Cc3ccccc3)C(C)(C)C2)c2c(=O)[nH]n(C)c2n1,-4.1000000000000005
Cc1c(C(=O)N(C)Cc2ccccc2)sc2ncn(CC(=O)N3CCN(c4ccccn4)CC3)c(=O)c12,6.4
COCCN1CCC(N2CCN(C(=O)c3ccc(C)c(C)c3)CC2)C1=O,8.049999999999999
COc1ccc2[nH]cc(C3=CCNCC3)c2c1,12.0
CN(CCCC1CCCO1)C(=O)NCCCn1ccc2ccccc21,9.05
CCOc1ncccc1C(=O)N1CCN(CCO)[C@@H]2CS(=O)(=O)C[C@@H]21,10.4
COc1c2occc2c(OC)c2c(=O)cc(C)oc12,11.55
CC(=O)N1CCN(c2cc3c(cc2F)c(=O)c(C(=O)Nc2cccnc2)cn3C2CC2)CC1,60.7
COc1ccccc1[C@@H](NC(=O)CC(C)C)c1nccn1C,11.75
CN(C)c1ccc(C(=O)N2CCC[C@@H]2Cn2cccn2)nn1,-4.1
Cc1ccc(C(=O)Nc2nc(-c3ccc(S(=O)(=O)N(C)C)cc3)cs2)cn1,4.4
COc1cccc(OCCCN(C)C(=O)C(c2ccccc2C)N(C)C)c1,18.65
CCCCOc1c(Cl)cc(C(=O)N[C@@H]2C=C[C@H](CO)C2)cc1OCC,74.15
CCNC(=O)NCc1ccc(Cn2ccccc2=O)cc1,3.649999999999999
Cn1c(CCC(N)=O)nnc1SCC(=O)N1c2ccccc2OC[C@H]1c1ccccc1,7.949999999999999
NC(=O)c1ccc(CN2CCC(COc3ccccc3)CC2)cc1,10.833333333333334
O=C(c1ccc(N2C(=O)C3C4C=CC(C4)C3C2=O)cc1)N1CCCCC1,6.15
C[C@@H](CN1CCCC1=O)Nc1cnn(C)c(=O)c1Br,-0.4000000000000001
COC(C(=O)N(C)Cc1cc(C(C)(C)C)n[nH]1)c1ccccc1,0.35
CCN(C)C(=O)[C@H](C)NC(=O)c1ccc(N(C)c2ccccc2)nc1,-19.65
CCC(=O)N1CCCN(S(=O)(=O)c2ccccc2CC)CC1c1nc(C)no1,6.3
Cc1c(C(=O)N2CCC[C@@H]2CC2CCCCC2)nnn1C1CCNCC1,5.25
Cc1nc2c(=O)n(C)c(=O)nc-2n(C)n1,86.15
O=C(NC[C@]1(O)CCOC1)c1[nH]ccc1C1CC1,-10.35
CC[C@@H](C(=O)NC(C)(C)c1nccs1)c1ccc(OC)cc1,5.9
CC(=O)N1CCC(c2nc(CCOc3ccc(F)cc3)no2)C1,12.65
CS(=O)(=O)c1cccc(C(=O)N2CCCC[C@@H]2Cn2cccn2)c1,-4.8
Cc1cc([C@H]2CCCN(C(=O)c3c[nH]c(C(C)C)n3)C2)n[nH]1,7.45
Cc1ccc(Sc2ccccc2N2CCNCC2)c(C)c1,67.8
CCc1nccn1[C@H]1CCCN(C(=O)CCn2nc(C)cc2C)C1,17.55
CCCCC(=O)NC(NC(=O)CCCC)c1ccc(Cl)cc1,-0.6499999999999995
Cn1cccc(C(=O)NCc2ccc3c(c2)CCS3(=O)=O)c1=O,-16.5
O=c1oc2cc(OCc3nnn[nH]3)c(Cl)cc2c2c1CCC2,20.4
COc1cccc(CNC(=O)Cn2cnc3c(oc4ccccc43)c2=O)c1,10.3
COc1cccc(CNCCN2CCCCC2CO)c1OC,-3.6
Cc1cc(C(=O)N(Cc2ccccn2)C(C)(C)C)on1,26.35
CC1(C)CC1(C(=O)N1CCN(C2CCCC2)C(=O)C1)c1cccs1,15.9
CCOc1ccc(CCC(=O)NC2=NCC(=O)N2)cc1,12.65
Cc1cnn(C[C@H]2CCCN2CC(=O)Nc2nnc(C)s2)c1,-1.1
COc1cc(Br)cc2cc(C(=O)N3CCCCC3C)c(=O)oc12,9.9
Cc1cc(C)cc(OCC(=O)Nc2nc(C)ns2)c1,10.566666666666668
Cc1nnc(CN2CCc3c(ncn3CCc3ccccc3)C2)o1,9.1
CC(C)(O)CC(=O)NOc1ccc(F)cc1,13.7
Cn1cc(C(N)=O)cc1C(=O)N1CCN([C@H]2CCCN(c3ccccc3)C2=O)CC1,7.949999999999999
Cn1cc(Br)cc(NC(=O)CCc2ccc(Cl)cc2)c1=O,-17.299999999999997
C[C@H](Sc1nnc(-c2ccc3c(c2)OCO3)o1)C(=O)Nc1ccc2c(c1)OCCO2,4.9
CCc1nc2c(NC(=O)Cc3cccnc3)cccn2n1,18.15
O=C(c1noc2ccc(S(=O)(=O)Nc3ccccc3F)cc12)N1CCCC1,7.0
C[C@H](O)CN1CCN(C(=O)c2ccccc2-n2cnnn2)CC1,5.0
CCS(=O)(=O)c1ccccc1C(=O)Nc1cc(OC)cc(OC)c1,5.45
CCC(=O)N1c2ccc(S(=O)(=O)CCC(=O)Nc3ccc(OC)c(OC)c3)cc2CC1C,4.75
Cn1cc(C(NS(=O)(=O)c2ccc(F)cc2)C2CC(O)C2)cn1,16.8
CC(C)N1C[C@@H](C(=O)Nc2ccc(OCC(F)(F)F)nc2)CC1=O,3.75
CCn1cc(Br)cc1C(=O)N1CCN(C[C@H](C)O)CC1,1.2
Cn1c(N2CCCC(C(=O)NCCN3CCN(c4ccccc4)CC3)C2)cc(=O)n(C)c1=O,1.95
CN[C@H]1CCCN(C(=O)c2ccc(-n3cc(C)cn3)cc2)C1,-5.75
CCc1nc(C)c(C(=O)NC(CC)c2ncnn2CC)o1,10.0
COc1ccc(-c2noc(-c3ccc4nccn4c3)n2)cc1OC,3.8
CCOc1ccc(OCCCOc2cccc(OC)c2)cc1,8.35
Cc1cccc2nc(C(=O)N(C)[C@H]3CCN(c4ccccc4)C3=O)cn12,0.25
O=C(NCCn1nnc2cc(C(=O)NC3CCCC3)ccc21)Nc1ccccc1,10.25
NS(=O)(=O)N1C[C@H]2CCC[C@@]2(c2nc(-c3cnccn3)no2)C1,-16.75
CO[C@@]12CC[C@@H](Oc3ccccn3)C[C@@H]1N(C(=O)CCc1cnn(C)c1)CC2,12.75
Cc1nc([C@H]2CCCN(C(=O)c3ccc4c(c3)COC4)C2)no1,-13.3
CNc1snc(C)c1C(=O)N1CCC[C@H](C(F)(F)F)C1,-0.6
Cc1cccc([C@@H]2NC(=O)c3cccnc3N2)c1,3.5
COc1cc(NS(=O)(=O)c2ccccc2)cc(OC)c1OC,11.1
COc1ccc(OCC(=O)Nc2cccnc2)cc1,-7.75
CC(C)SCCN1CCC(Cc2nccn2C)CC1,-15.3
Cc1ccc(C(=O)N2CCN(c3ncccn3)CC2)c(=O)[nH]1,-15.45
O=c1cc(-c2ccc(O)c(O)c2)oc2cc(O[C@@H]3O[C@H](CO)[C@@H](O)[C@H](O)[C@H]3O)cc(O)c12,21.6
C[C@@H](CC(C)(C)c1ccccc1)NC(=O)N1CCC(C(N)=O)CC1,5.5
COc1nn(C)cc1CNC(=O)N[C@H]1CCCc2c1ccc(=O)n2C,-11.85
Cc1n[nH]c([C@@H]2CN(CC(=O)NC3(C#N)CCCCCC3)CCO2)n1,8.899999999999999
COCCOc1ccc(-c2cnn(CCO)c2)cc1,14.65
CNC(=O)[C@@H]1CN(C(=O)c2cccc(OC)c2)C[C@H]1COC,26.299999999999997
CN(C(=O)c1cc[nH]c1)c1ccc(F)cc1,4.45
N#Cc1ccc(S(=O)(=O)N2CCC[C@H](n3ccnn3)CC2)c(F)c1,-0.5
Cc1ccc(Cc2cnc(NC(=O)NC[C@H](C)CN3CCN(C)CC3)s2)cc1,-8.4
CC(=O)N1N=C(c2c(O)[nH]c(=O)n(C)c2=O)CC1c1ccccc1,1.6
COc1ccc(C(=O)Nc2cc(NC(=O)c3ccco3)ccc2OC)cc1,8.7
Cc1ccc(CNC(=O)CN2CCO[C@@H](Cn3cncn3)C2)s1,5.699999999999999
CC(=O)Nc1ccc(NC(=O)c2ccc(NC(=O)c3ccco3)cc2)cc1,13.55
O=C(CCc1ccccn1)N1CCCC[C@H]1c1nccs1,-13.4
Cc1cccc(OCC(O)Cn2c(NCCN)nc3c2c(=O)n(C)c(=O)n3C)c1,100.25
CC(C)Cc1nc2cccnc2n1C1CCN(C(=O)Nc2ccccc2)CC1,0.6
CCC(=O)c1ccc(Cl)c(NC(=O)[C@H]2CC(=O)N(CC)C2)c1,-12.4
Cc1nc([C@@H]2CCCN2C(=O)c2cc(S(C)(=O)=O)ccc2C)no1,14.85
CN1CCCN(C(=O)c2ccc(-c3ccccc3)cc2)CC1,-0.0999999999999999
CCNC(=O)c1ccccc1N(Cc1ccccc1)S(C)(=O)=O,6.35
CCCCN(C)C(=O)Cn1cnc2onc(-c3ccc(F)cc3)c2c1=O,7.3
Cc1sc2c(c1C)C(=O)N1CCC[C@H]1C(=O)N2,14.15
C[C@@H](CNC(=O)c1cnn(C)c1-n1cccc1)N1CCOCC1,10.3
Cc1cc(C)n(CCCN(C)C(=O)C2C3C(=O)N(CCC(C)C)C[C@@]34C=C[C@@H]2O4)n1,8.2
C#CCNC(=O)C1CC1c1ccc2c(c1)OCCO2,-13.1
CCN(CC)C1(c2nnnn2C2CCCC2)CCN(C(=O)c2ccc3[nH]ccc3c2)C1,51.45
CCN1C(=O)c2cccc3c(S(=O)(=O)NCc4ccco4)ccc1c23,73.69999999999999
COc1ccccc1CN(CN1C(=O)N[C@]2(CCSC2)C1=O)C1CC1,-6.1
Cc1ccn(C)c(=O)c1NC(=O)N1CCN(C(=O)[C@@H]2CCCO2)CC1,4.45
Cc1nccc(C(=O)N2CCC[C@H](n3cncn3)C2)n1,-6.1000000000000005
Clc1ccc(COC(Cn2ccnc2)c2ccc(Cl)cc2Cl)c(Cl)c1.O=[N+]([O-])O,102.0
O=C(Nc1nnc2ccccn12)c1ccc(F)c(Cl)c1,93.1
Cc1nn(C)c2ncc(C(=O)NCc3ccccc3Cn3ccnc3)cc12,9.9
O=C(CNc1ccc(-c2nnnn2C2CC2)cc1)NCC(F)(F)F,7.0954844999999995
CN(Cc1ccc2c(c1)OCO2)C(=O)[C@@H]1COCCN1,8.95
COc1ccc(NC(=O)Cn2c(=O)n(C3CC3)c(=O)c3nscc32)cc1OC,-5.85
Cc1nc(NC(=O)c2ccc(C)c(Br)c2)n(C)n1,99.15
Cc1nn(C)c(C)c1[C@@H]1CCCN1C(=O)CN(C)c1cnccn1,2.3500000000000005
CCC(CC)C(=O)NCCNC(=O)c1nonc1N,17.2
Clc1ccc2c(c1)Nc1ccccc1S2,12.4
CCCCc1ccc(-c2cnn3cccnc23)cc1,88.44999999999999
OC1=NN=CC=C2C1=CNc1c(-c3ccc(F)cc3)cnn12,98.0
CCOc1cc(=O)c(C(=O)NCc2cccnc2)nn1-c1ccc(F)cc1,24.0
COc1ccc([C@@H]2CCCN2C(=O)CCn2cncn2)c(OC)c1,-12.65
CC(=O)NCC1CCN(C(=O)c2ccc(-c3cnco3)cc2)CC1,-3.750000000000001
CN(CC(=O)N(Cc1ccc(C2CCCCC2)cc1)c1ccc(C(=O)O)cc1)S(=O)(=O)c1c(F)c(F)c(F)c(F)c1F,100.05
O=C(Nc1ccc(C(=O)N2CCOCC2)cc1)c1cc(Cl)ccn1,23.05
CN(C)[C@H]1CCCN(S(=O)(=O)c2ccccc2Br)C1,-0.55
Cc1ccoc1C(=O)Nc1ccc(-n2ncc3c(=O)[nH]cnc32)cc1,21.45
CCCCc1noc(CN2CCC(NC(=O)c3cnn(C)c3)CC2)n1,-9.8
Cc1ccccc1C1(O)CCN(C(=O)c2cccc(-c3cncn3C)c2)C1,7.7
Cn1cc(NC(=O)[C@H]2CC(=O)N(c3ccc4c(c3)CCC4)C2)cn1,4.3999999999999995
COc1ccc(-c2noc(C(C)NS(=O)(=O)c3ccc(NC(C)=O)cc3)n2)cc1,4.1
COc1ccccc1N1C(=O)N(c2ccc(Cl)cc2)C2CS(=O)(=O)CC21,1.6000000000000003
COc1ccc2nc(SCC(=O)N3CCC[C@H](C)C3)[nH]c2c1,-2.9999999999999996
C[C@@H](CNC(=O)Nc1cnn(-c2ccccc2)c1)Cn1cccn1,15.25
CN(C)CCCN1C(=O)C(O)=C(C(=O)c2ccc(F)cc2)C1c1ccc(F)cc1,8.4
Cc1nc(-c2cc(S(=O)(=O)Nc3cccnc3)cn2C)sc1C(=O)N1CCCC1,4.6
Cn1c(Cn2c(C(F)(F)F)nc3ccccc32)cc(=O)n(C)c1=O,-23.95
Cc1ccc(C(=O)Nc2ccc(N3CCCC3)c3ncccc23)c(=O)n1C,97.9
CC[C@H]1CN(C)c2ccccc2CN1S(=O)(=O)CCCCOC,-14.0
CCn1nccc1CN1CCC[C@H](Cn2nc(C)nc2C)C1,-34.0
CC(=O)N1CC(NC(=O)[C@]2(O)CCc3ccccc3C2)C1,15.1
COc1cn(-c2ccccc2)nc1C(=O)N1CCN(CC(F)(F)F)[C@@H](C)C1,-19.55
O=C1CCCc2cc(SC(F)F)ccc21,5.5
CCNc1cc2c(nn1)CCN(C(=O)[C@H](C)c1c(C)nn(C)c1C)C2,-18.6
Cc1cc(C)n(C(C)CC(=O)NCc2ccc(OC(C)C)cc2)n1,18.85
NC(=O)[C@H](NC(=O)c1ccn(-c2cccc(F)c2)n1)c1ccccc1,25.200000000000003
COc1cc(C)ccc1CNCc1n[nH]c(C(C)(C)C)n1,0.6
Cc1nc([C@@H]2CCCCCN2C(=O)c2ccc(N(C)C)nc2)no1,-8.850000000000001
COc1cc2oc(=O)cc(C)c2cc1CCC(=O)Nc1cc(OC)c(OC)c(OC)c1,21.4
O=c1ccc2cc(S(=O)(=O)Nc3cccnc3)ccc2o1,2.75
C[C@H](O)c1cn(C2CN(C(=O)Cc3ccc(Cl)c(Cl)c3)C2)nn1,12.75
CC(C)OCC(=O)Nc1cc(S(=O)(=O)NC2CC2)ccc1Cl,-3.75
CCCc1nn(-c2ccc(Cl)cc2)c(=O)n1CC(=O)N1CCC(C#N)CC1,18.95
Cl.Cl.NC[C@H]1CCN(C(=O)CCNc2ncc(C(F)(F)F)cc2Cl)C1,0.2
COc1cccc(-n2cc(CNC(=O)N3CCCC4(CCNC4)C3)cn2)c1,53.3
COc1ccc(F)cc1C(=O)N1CCC[C@H](c2nc(C)cs2)C1,12.25
COCCN1C(=O)c2ccc(C(=O)Nc3ccc(O)cc3)cc2C1=O,7.25
CC1CN(CCCOc2ccccc2Br)CC(C)O1.O=C(O)C(=O)O,11.45
CCN(CC)S(=O)(=O)c1ccc(S(=O)(=O)N2CCN(CC(=O)NC3CC3)CC2)cc1,3.75
COCCNS(=O)(=O)c1ccc(C#N)cc1N1CC=CCC1,10.266666666666666
O=C(Cn1cc2ccccc2n1)N[C@H]1CCCS(=O)(=O)C1,-22.549999999999997
Cc1oc2ncn(C)c(=O)c2c1C(=O)N(Cc1ccccc1)C(C)C,2.2
CN1CCN(CCOc2ccc(NC(=O)c3cccc(NC(=O)c4cccnc4)c3)cc2)CC1,7.449999999999999
Cc1ccc(S(=O)(=O)N2CC[C@@H](N)C2)c(F)c1,-4.5
CS(=O)(=O)CCN1CCCn2nc(C(O)C3CC3)cc2C1,17.6
CCS(=O)(=O)c1ncc(Br)c(C(=O)Nc2ccc(C)cc2)n1,36.6
CCCNC(=O)NC(=O)Cn1c(-c2cnccn2)noc1=O,4.0
CCOc1ccc(OCC(=O)Nc2cccc(F)c2)cc1,51.95
CCN1CCN(C(=O)c2sc3cc(F)ccc3c2Cl)CC1,9.65
CCN1CCN(C(=O)Cn2c(C)ccc(NC(=O)c3ccc(C)cc3)c2=O)CC1,8.75
CS(=O)(=O)N1CCc2cc(C(=O)NC3CCCC3)ccc21,19.15
Cc1c(C(=O)NC2CCCC2)sc2nc3n(c(=O)c12)CCCC3,11.75
O=c1c2ccccc2sn1CN1CCN(c2ccc(C(F)(F)F)cn2)CC1,79.25
Cc1cccc(CN2CC(=O)N3CCN(C(=O)c4ccccc4)CCC3C2=O)c1,-18.9
COc1ccc(NC(=O)Cn2cnc3ccccc32)cc1Cl,0.6499999999999999
COc1cc(OC)c(NC(=O)NCc2cccc(CN(C)C)c2)cc1Cl,13.1
CCCNC(=O)CNC(=O)C1c2ccccc2Oc2ccccc21,16.5
Cc1cnccc1C(=O)N1CCC(=O)N(C)c2ccccc21,1.1500000000000004
CN(C)[C@@H]1[C@@H](NC(=O)CCc2nc(Cl)n[nH]2)[C@H]2CCO[C@H]21,4.6
Cc1cc(N)n(S(=O)(=O)c2oc(-c3ccccc3)nc2C#N)n1,100.5
C=C[C@@H]1C[C@]1(NC(=O)[C@@H]1C[C@@H]2CN1C(=O)[C@H](C(C)(C)C)NC(=O)O[C@@H]1C[C@H]1CCCCCc1nc3ccc(OC)cc3nc1O2)C(=O)NS(=O)(=O)C1CC1,57.099999999999994
COCCNC(=O)c1ccc(NC(=O)NC2C=CS(=O)(=O)C2)c(C)c1,7.15
Cc1cccc(NCCn2c(C)cn3c4c(=O)[nH]c(=O)n(C)c4nc23)c1,13.05
Cc1ccc2c(n1)OCCN2C(=O)c1cc(C)n(C2CC2)c1C,17.95
Cc1noc([C@H](C)N2CCN(Cc3cccc(C(N)=O)c3)CC2)n1,1.8666666666666665
COc1ccc(S(=O)(=O)n2cccn2)cc1C,13.8
COc1ccc(F)cc1CN1CCN(C(=O)c2ccccc2S[C@H]2CCS(=O)(=O)C2)CC1,2.0999999999999996
CSc1ccc(NC(=O)[C@@H]2Cc3ccccc3CN2C(C)=O)cc1,24.55
COc1ccc(C(=O)Nc2ccccc2Cl)cc1,5.9
Cc1cn2c3c(=O)n(Cc4cccc(Cl)c4)c(=O)n(C)c3nc2n1CCO,4.7
CN(CCN1CCCC1=O)C(=O)c1ccc(C#N)cc1,13.0
Cc1ncc(C(=O)N2CCCC(OCc3cccnc3)C2)s1,18.25
Cc1ccc(NC(=O)CCN2C(=O)CSc3ccccc32)cc1,-5.6
CNC(=O)CN1CCC(NC(=O)N2CCC[C@H]2c2cccc(F)c2)CC1,-6.3999999999999995
Cc1nn(CC(=O)NCC2CCCO2)c(=O)c2c(-n3cccc3)n(-c3cccc(F)c3)nc12,28.15
CN1CC(=O)N(Cc2ccc(C(N)=O)cc2NC(=O)CNC(=O)c2cccc(F)c2)C1=O,-9.55
CCCc1nc(Nc2ccccc2)[nH]c(=O)c1Br,93.95
COc1ccc(C(=O)N(C)Cc2ccc3c(c2)OCCO3)cc1OC,14.0
CC(=O)Nc1ccc(-n2c(C)nc3ccccc3c2=O)cc1C,16.65
CCCCN1CCc2ccc(NC(=O)c3cccnc3)cc21,7.75
COCCN1CCC(CN(C)C2CCNCC2)C1.Cl.Cl,7.35
COc1cccc(C(=O)NC[C@H]2CCN(c3ccccc3OC)C2)c1,-2.1666666666666656
COCCOCCC(=O)N1c2ccccc2N(C)CC[C@@H]1C,-3.85
CSc1nc2ccc(NC(=O)c3cnn(C)c3)cc2s1,0.05
CC(C)NC(=O)c1cc(=O)c2ccccc2o1,12.1
CN(C)C(=O)C1CN(C(=O)c2ccc(F)c(F)c2)CC12CCOCC2,-2.05
COc1ccccc1CCC(=O)Nc1cc(C(N)=O)ccc1N1CCCC1,8.85
CN1CC[C@H](NC(=O)c2ccc(N3CCCC3)nn2)CC1=O,-6.1
C[C@@H](CN1CCOCC1)NS(=O)(=O)c1cc(F)cc(F)c1,-7.699999999999999
COc1ccc(Cl)cc1C(=O)N[C@@H]1CN(c2ncccn2)C[C@H]1CN(C)C,-0.0500000000000002
Cc1ccc(NC(=O)COc2ccccc2C)cc1,6.566666666666666
CCC[N+](CCC)(CCO)Cc1ccccc1.[Cl-],3.5500000000000003
CN(C)c1cc2c(nn1)CCN(C(=O)c1cc3ccccc3[nH]c1=O)C2,23.2
O=C(Cc1ccccc1F)Nc1nc2ccccc2[nH]1,12.25
COc1ccccc1-c1nnc(CN2CCc3c(cccc3NC(C)=O)C2)o1,12.666666666666666
Cn1ccnc1CNC[C@H]1CCCn2ccnc21,7.1000000000000005
O=C(CC1CCCOC1)N1CCC(Cc2cccnc2)CC1,13.15
CCn1c(N2CCN(C(=O)CSC)CC2)nc2sc3c(c2c1=O)CCCC3,14.15
CCCc1cc(O)nc(SC(C)C)n1,-20.2
CCn1c(C)cn2c3c(=O)[nH]c(=O)n(C)c3nc12,16.25
Cc1cc(=O)c2ccccc2n1CC(=O)N1CCC[C@H]1C(=O)N1CCOCC1,4.25
CCNc1cc(N2CCN(C(=O)c3ccccc3F)CC2)nc(C)n1,6.75
CCC1(O)CCOC2(CCN(C(=O)c3ccc(C#N)cc3)CC2)C1,11.65
CCNC(=O)c1cc2c(n(-c3ccc(F)cc3)c1=O)CCCC2=O,9.3
CCNc1cc2c(nn1)CCN(C(=O)[C@@H](C)Cn1cccn1)C2,13.1
O=C(NCC(=O)N1CCCc2ccccc21)c1ccccc1,11.0
CN(C)S(=O)(=O)c1ccccc1NC(=O)c1ccn(-c2ccccc2)n1,-9.75
CNC(=O)CCOc1ccc(NC(=O)NCCc2cccs2)cc1,25.85
Cc1nc(C(=O)N[C@@H]2CCOC[C@H]2Oc2ccc(CO)cc2)cs1,9.05
COc1cc2nc(N3CCN(C(C)C)C(=O)C3)nc(N)c2cc1OC,0.65
Cc1ncn(-c2cc(NCCNC(=O)C(C)C)ncn2)c1C,11.0
CCCSCCCNC(=O)c1cc2cc(S(=O)(=O)N(CC)CC)ccc2n1C,55.05
COc1ccc(NC(=O)c2c(O)c3cccnc3[nH]c2=O)c(OC)c1,19.049999999999997
Cc1cccc(C(=O)NCc2ccc(-n3cccn3)nc2)c1,1.7000000000000002
C[C@H]1COc2ccc(C(=O)N3CCCC3)cc2CN1C(=O)Cc1ccccc1F,4.2
O=C(c1cc(=O)[nH]c2cc(F)ccc12)N1CCC1c1cccs1,13.0
Cn1cnc(CCNc2ccncc2C(F)(F)F)c1Br,7.1
CN(C)S(=O)(=O)c1ccc(CN[C@@H](C(=O)NC2CC2)c2ccccc2)s1,-5.8
CN(C)C(=O)C[C@]1(O)CCCN(C(=O)NCc2nnc3ccccn23)C1,-9.1
O=C(Cc1ccccc1)Nc1nc2c(s1)CCC2,1.85
CN(C(=O)c1cc2c(cc1Br)NC(=O)CO2)[C@H]1CCCN(c2cccnn2)C1,2.3
CCN(CC)c1ccc(C(=O)N2CCC[C@H](c3nc(C)no3)C2)cn1,-1.95
CN(C)C(=O)c1ccnc(NS(=O)(=O)c2ccc(C(F)F)cc2)c1,15.15
Cl.O=S(=O)(NCC[C@H]1CCNC1)c1c(Cl)cccc1Cl,-3.25
Cc1nccn1-c1cc(N2CCN(C(=O)Nc3cccc(F)c3)CC2)ncn1,53.95
COCC1(S(=O)(=O)N[C@@H](C)c2ccc3c(c2)CCCC3)CC1,-20.1
CCC[C@H](NC(C)C)C(=O)NCCCOCC1CC1,4.8
O=C(c1ccncc1)N(Cc1nnc(-c2ccc(Cl)cc2)o1)C1CC1,-2.4
COc1ccccc1OCC(O)CN1CCN(c2ccccc2F)CC1.Cl.Cl,-1.0
C[C@H](NC(=O)N1CCC(Cc2cccnc2)CC1)c1nccs1,2.7500000000000004
NC[C@H](NS(=O)(=O)c1ccccc1C(F)(F)F)C1CCCC1,-1.2000000000000002
Cc1nc(-c2ccncc2)[nH]c(=O)c1CCC(=O)NCc1ccccc1,-17.1
CCOc1cc(NC(=O)c2ccccc2)c(OCC)cc1NC(=O)COC,38.3
Cc1cc(C)cc(N(C)C(=O)c2cn3ccccc3n2)c1,-11.6
CCOCCn1c(=O)[nH]c2cc(C(=O)N3CCC(F)CC3)ccc21,18.450000000000003
CN(CC(=O)Nc1ccccc1Br)S(=O)(=O)c1ccc(F)cc1,2.8
CN1CCCN(C(=O)Cn2nnc(N)n2)c2ccc(F)cc21,-3.75
CCc1nn(C)cc1C(=O)N1CCn2cccc2[C@@H]1C,3.65
Cn1ccc(C(=O)CSc2ccc(C(F)(F)F)cn2)c1,7.550000000000001
COc1cnc(CSc2nnnn2C)cc1OCC(=O)Nc1ccc(NC(C)=O)cc1,13.8
COCCOc1ccc(NC(=O)[C@H](C)c2ccnn2C)cc1Cl,7.5
COCCn1cc(C(=O)Nc2nc3ccccc3[nH]2)c2ccccc21,-1.35
CC1(NC(=O)Cn2nc(C(F)(F)F)c3c2CCOC3)COC1,-1.9
COc1ccc(OC)c([C@@H](O)CNC(=O)Nc2ccccn2)c1,6.3
O=C(Cc1csc2nccn12)N1CCCC[C@H]1c1cn[nH]c1,10.05
C#CCNC(=O)CSc1nnc(-c2ccc(Cl)cc2)n1CC,-4.550000000000001
CCCOc1cccc(C(=O)Nc2ccc3c(c2)N(C)C(=O)C(C)O3)c1,-6.550000000000001
Cc1cccc(F)c1S(=O)(=O)N1c2ccncc2N2CCC1C2,18.8
O=C1NC(=O)[C@@H]2CN(C(=O)NCc3sccc3Br)C[C@H]12,3.15
CN(C)c1cc(C(=O)N2CCC[C@@H]2CN2CCCC2)ccn1,-13.05
CCCN1CCC[C@H]1CNC(=O)c1nc(C)sc1Br,0.8999999999999995
CC(C)[C@H](NC(=O)Cn1ccc2ccccc21)c1nnc2n1CCC2,16.150000000000002
CC1Oc2ccc(S(=O)(=O)N3CCN(C(=O)C4CC4)CC3)cc2NC1=O,4.05
CC(C)COc1ccc(C(=O)N2CCN(c3ccccn3)CC2)cn1,10.75
CCCn1nccc1C(=O)NC[C@H]1CCN(c2ccccc2OC)C1,-0.7000000000000001
CCn1ncc(C(=O)N2CCN(c3ccccc3OC)C(=O)C2)c1C,16.45
Cl.Fc1ccc([C@@H]2CCNC[C@H]2COc2ccc3c(c2)OCO3)cc1,8.5
O=C(N[C@@H]1[C@@H]2CCO[C@@H]2[C@@H]1C1CCCC1)c1c[nH]c(=O)c2ccccc12,6.1499999999999995
C[C@@H](CNC(=O)c1cnn(C)c1)N1CCOCC1,6.3
CC1CCN(CN2C(=O)NC3(CCCCC3)C2=O)CC1,11.25
CC[C@@](C)(CO)C(=O)Nc1n[nH]c(Cc2cccc(F)c2)n1,7.55
Cc1cccc([C@@H]2CCCN2C(=O)NCCc2cccc(C(N)=O)c2)n1,1.4
CCCN1CCN(CCNC(=O)c2cn3ccnc(-c4ccc(OC)cc4)c3n2)CC1,-2.1500000000000004
Cc1nc(CNC(=O)N[C@H]2CCCS(=O)(=O)C2)sc1C,-12.25
CNc1snc(C)c1C(=O)N1CCC[C@@H]1Cn1nc(C)cc1C,-6.25
O=C(Nc1cnns1)c1ccc(Cl)s1,58.2
CCOCCN1CCN(CCCS(C)(=O)=O)C[C@@H]1C,-7.7
S=C(Nc1ccccc1)Nc1nccs1,62.85
CCC(Oc1cc(C)ccc1C)C(=O)NCC1CCCO1,3.05
O=C1COc2ccc(S(=O)(=O)N3CCOCC3)cc2N1Cc1noc(C2CCC2)n1,10.9
Cc1c(C)n2c3c(=O)[nH]c(=O)n(C)c3nc2n1-c1ccc(O)cc1,-3.1999999999999997
COc1cc2nc(-c3cc(F)ccc3O)nc(N[C@@H]3CNC[C@H]3C(C)(C)O)c2cc1OC.Cl,95.25
Cc1cc(NC(=O)CN2CCC[C@@H]2Cn2cccn2)no1,-3.6999999999999993
Cc1nnc(CSc2nc(N)n[nH]2)o1,-0.8500000000000005
CN(C)Cc1ccc(CNC(=O)N2CCc3ccccc3C2)cc1,6.6499999999999995
CN(C)C(=O)c1ccc(NC(=O)c2cc3ccccc3o2)cc1,14.4
Cc1cc(O)c2c(c1)C(=O)c1cc(O)cc(O)c1C2=O,96.85
CCC(C)(C)NC(=O)CCc1ccc2c(c1)OCO2,7.05
CC(C)c1ccc(NC(=O)CC2CCCCN(C)C2=O)cc1,4.85
CSc1nc(C)cc(Nc2ccc(NC(C)=O)cc2)n1,21.15
Cc1nc(CNC(=O)c2ccccn2)sc1C,0.1499999999999999
O=C(NCc1cccc(-c2ccccn2)c1)N1CC[C@]2(CCOC2)C1,-23.8
COCCNC(=O)N1CCC[C@H](c2nc(-c3cccc(F)c3)no2)C1,16.2
O=c1ccsn1-c1ccc(F)cc1F,80.5
O=C(NCCc1cn2ccccc2n1)[C@@H]1COCCN1CC1CCC1,-12.866666666666667
Cc1cc(CC(C)NC(=O)N2CCOC3(CCCC3)C2)[nH]n1,9.2
Cn1cc(-c2cccc3ccncc23)cn1,10.6
Cn1ccnc1SCc1nc2c(cnn2-c2ccccc2)c(=O)[nH]1,1.5666666666666675
Cc1cnc(NC(=O)c2cccc(S(=O)(=O)N(C)C)c2)s1,-1.8999999999999997
COCCN1CCN(Cc2nc3ccccc3nc2C)C[C@@H]1C,-6.750000000000001
CC(=O)N1c2ccc(S(=O)(=O)N3CCCC3)cc2CC1C(=O)NCCN1CCCC1,13.75
CCN([C@H]1CCS(=O)(=O)C1)S(=O)(=O)CCn1cnc2ccccc21,-1.3000000000000005
CC(C)C(=O)Nc1ccc(C(=O)CN2C(=O)N[C@@]3(CCOc4ccccc43)C2=O)cc1,1.2333333333333334
COc1ccc(OC)c2c1CN(Cc1conc1C)C[C@@H]2O,6.0
CC(F)(F)c1ccccc1NC(=O)NC[C@H]1CCC2(CCCC2)O1,-2.3000000000000003
O=C(NC(NC1CCS(=O)(=O)C1)C(=O)c1ccc(Cl)cc1)c1ccco1,-2.5999999999999996
COc1cccc(C(=O)Nc2cccc(S(=O)(=O)NC(C)(C)C)c2)c1OC,0.8999999999999995
CCOCCCNC(=O)Nc1cc(OC)c2nc(NC(=O)CC)sc2c1,16.1
CCN(CC)[C@@H](CNC(=O)c1cccnc1OC)c1ccsc1,0.3500000000000001
CC[C@H](NCc1c(C)nn(C)c1OC)c1ccc2c(c1)OCCO2.Cl,-21.2
NS(=O)(=O)c1ccc(N2CCCCS2(=O)=O)cc1,12.95
Cl.Cl.OC(COC1CCCCC1)CN1CCN(c2ccccc2F)CC1,2.45
CCCCn1c(SCC(N)=O)nc2cc(S(N)(=O)=O)ccc21,14.65
COc1ccc(CC(=O)N2CCC[C@H]2c2ccc3c(c2)OCCCO3)cc1,-3.9
O=C(Nc1cccnc1)c1cccc(NS(=O)(=O)c2ccc3c(c2)OCCCO3)c1,13.3
C#Cc1cccc(N(C(C)C)S(=O)(=O)c2ccc(C(N)=O)cc2)c1,13.25
COc1ccc(S(=O)(=O)N2CCCC(C(N)=O)C2)cc1,31.0
COc1cc(NC(=O)c2ccccn2)ccc1Cl,5.699999999999999
C[C@H](NC(=O)c1ccc(=O)n(C)n1)C(c1ccccc1)c1ccccc1,4.050000000000001
CCCCNC(=O)CSc1nc2ccccc2s1,20.700000000000003
COc1ccc(C(=O)N2CCCCC2CCn2cc(C(=O)N3CCCC3)nn2)c(OC)n1,-11.8
COc1ccc(CCS(=O)(=O)NC[C@@H](C(C)C)N2CCOCC2)cc1,11.2
O=S(=O)(N[C@@H]1CCCOC1)c1ccccc1C(F)(F)F,-27.4
CCNc1cc(N2CCN(C(=O)c3ccc(C)cc3)CC2)nc(C)n1,7.1
O=C(N1CCCC1)N1c2ccccc2Sc2ccccc21,4.699999999999999
Cc1sc2c(c1C)C(c1ccc(Cl)cc1)=N[C@@H](CC(=O)OC(C)(C)C)c1nnc(C)n1-2,12.8
COc1ncccc1NC(=O)NCc1ccc(S(C)(=O)=O)cc1,7.6
Cn1c(=O)ccn(CC(=O)Nc2ccc(-c3nc4c(F)cccc4[nH]3)cc2)c1=O,4.95
O=C(NCc1ccc(F)cc1)[C@@H]1CSCN1C(=O)Nc1ccc(F)cc1,-0.7000000000000002
CC(C)[C@H](CNC(=O)NCc1ccc(Cl)cc1)N1CCOCC1,2.7
COc1cccc(C(=O)N(C)C)c1OCc1nc2ccccc2n1C,-4.700000000000001
Cc1nc(NC(=O)C2CC2)sc1-c1ccccn1,5.35
CCNC(=O)N1CCCC(Cn2c(C)cnc2-c2ccncc2)C1,0.8500000000000001
CNC(=O)[C@@H]1CCCCN1C(=O)Cc1nc(-c2cccs2)oc1C,0.1499999999999999
CCOc1ccc(NC(=O)CSc2nnc(C)n2C)cc1,-8.1
CCc1cccc(NC(=O)[C@H]2CCCN(C(=O)N3CCCC3)C2)c1,4.2
Cc1cc2c(cc1S(=O)(=O)N1CCC(C(=O)NCc3ccccn3)CC1)OC(C)C(=O)N2,8.850000000000001
CCCN1CCC[C@H](C(=O)N2CCN(c3cc(C#N)ccn3)CC2)C1,-26.05
COc1cccc(N2C(=O)CN(CCC3=CCCCC3)[C@H]3CS(=O)(=O)C[C@H]32)c1,7.85
CCNS(=O)(=O)c1ccc(NC(=O)C2CC(=O)N(c3ccc(OC)cc3)C2)cc1,5.449999999999999
CC1(NC(=O)NCc2ccccc2OCCO)Cc2ccccc2C1,14.8
COc1ccc(S(=O)(=O)NC2CC2)cc1NC(=O)C[C@@H]1C=CCC1,3.266666666666667
O=C(Cn1nc2c3ccccc3ncn2c1=O)Nc1ccccc1F,2.7
O=C(NCc1ccco1)c1cc2cccnc2n(Cc2ccccc2)c1=O,23.55
Cc1c(C(=O)NC[C@H]2CCS(=O)(=O)C2)oc2ccc(Cl)cc12,-13.7
O=C(CCN1C(=O)COc2ccccc21)Nc1cccc2cccnc12,6.45
CC1(C)CCCN1C(=O)c1c(F)cc(C#N)cc1F,-20.2
Cc1cccc(-c2cccc(C(=O)N3CCN4C(=O)OCC4C3)c2)c1,3.8
CCC(C)n1c(C)c(C)n2c3c(=O)n(CC)c(=O)n(C)c3nc12,-0.4500000000000002
O=C(Cc1c[nH]c2ncccc12)N1CCC[C@H](N2CCNCC2=O)C1,-0.6500000000000004
COc1ccc(S(=O)(=O)N2CCC[C@H](N(C)C)C2)cc1C,7.1
CC(=O)Nc1ccc2c(c1)N(C(=O)CN(C)C)c1ccccc1CC2,9.25
CCS(=O)(=O)N1CCc2cc(C(=O)Nc3ccc(OC)cc3OC)ccc21,17.35
CCN(CCNC(=O)[C@H]1C[C@@H]1c1ccccc1)CC(F)F,7.800000000000001
O=C(NC[C@H](O)c1ccc(F)cc1F)c1nccc2ccccc12,-9.25
COc1ccc(S(=O)(=O)NC(=O)c2ccccc2C)cc1OC,2.1000000000000005
Cc1cc(C(=O)NCC2CCCO2)nn1C,-5.35
CN1CCN(C(=O)CN2C(=O)COc3ccc(S(=O)(=O)N4CCCCCC4)cc32)CC1,6.8
O=C(Nc1ccccc1)N[C@H]1CN(c2ccccc2)C1=O,22.25
OCCCc1cccc(Nc2ncnc3c(F)cccc23)c1,4.45
C[C@@H](C(=O)N1CCN(c2ncccn2)CC1)N1CCc2c(ncn2CCc2ccccc2)C1,4.949999999999999
Cl.Cl.c1ccc2c(N3CCNCC3)cccc2c1,13.25
CS(=O)(=O)c1ccccc1C(=O)Nc1nc(-c2ccccn2)cs1,9.65
C#CCOCCC(=O)[C@H](C#N)c1nc2cc(Cl)ccc2c(=O)[nH]1,55.3
O=C(Cc1ccc(N2CCCC2=O)cc1)Nc1ccc(N2CCCC2=O)cc1,-27.9
CCCc1n[nH]c([C@@H]2CN(C(=O)c3cnns3)CCO2)n1,1.2
Cc1ccc(S(=O)(=O)Nc2ccc(-n3nc(C(F)(F)F)cc3C(F)(F)F)cc2)cc1,67.55
C[C@H](NC(=O)NCc1cccc(OC2CC2)c1F)c1nnc2ccccn12,-3.45
O=C(Nc1nccs1)[C@@]12CCCC[C@H]1CNC2,-6.2
Cc1cc(N2CCN(C(=O)NCc3ccc4[nH]c(C)cc4c3)CC2)nc(N)n1,19.85
CC1(C(=O)NCc2cccc(F)c2)CCCCC(=O)N1,1.15
CCOc1cc(C(C)(C)C)ccc1C1=N[C@@](C)(c2ccc(Cl)cc2)[C@@](C)(c2ccc(Cl)cc2)N1C(=O)N1CCN(CCCS(C)(=O)=O)CC1,93.25
CCC(=O)N1CCc2cc(C(=O)NCc3ccc(CS(=O)(=O)NC)cc3)ccc21,9.65
CCCCn1c(=O)[nH]c(O)c(C2=NNC(c3ccc(O)c(OC)c3)C2)c1=O,2.1500000000000004
CN(C)C[C@@H]1CC(F)(F)CN1C1CN(C(=O)c2cc(F)cc(F)c2)C1,-0.4499999999999997
Cn1cc([C@@H]2CCCN2Cc2ccc(F)cc2)cn1,14.1
COCCCn1c(C(=O)Nc2ccc(OC)cc2OC)cc2c(=O)n3ccccc3nc21,9.65
CC(=O)Nc1ccc(S(=O)(=O)N2CCN(c3ccc(=O)n(-c4ccc(C)cc4)n3)CC2)cc1,14.25
CNC(=O)N1CCCC1c1nc(CCOc2ccc(F)cc2)no1,11.2
COc1ccc(S(=O)(=O)NC(=O)Cn2ccc3ccccc32)cc1OC,0.1999999999999993
CCOc1ccccc1CCC(=O)N[C@H]1CCc2nccn2C1,3.95
CSc1nc2ccccc2c(=O)n1-c1cc(C)ccn1,-2.0500000000000003
Cc1ccc(NC(=O)N[C@H]2CCc3[nH]ncc3C2)c(C)n1,-14.2
Cc1ccc(NS(=O)(=O)c2ccc3c(c2)CCN3C(=O)CCC(=O)N2CCOCC2)cc1C,7.8
O=C(NCCc1cccs1)c1ccc(CN2CC(=O)N3CSCC3C2=O)cc1,10.15
O=C(Nc1ccncc1O)[C@@H]1SCCc2sccc21,24.0
O=C(Nc1cc(S(=O)(=O)N2CCOCC2)ccc1O)c1ccccc1OCc1ccccc1,-4.38176
CCNC(=O)c1cccc(NC(=O)c2cncn2-c2ccc(F)cc2)c1,4.0
Cc1ccc([C@@H]2C(C(=O)c3ccc4c(c3)OCCO4)=C(O)C(=O)N2CCCN(C)C)cc1,-7.771796500000001
CCCNC(=O)N1CCc2cc(S(=O)(=O)N3CCN(Cc4ccc5c(c4)OCO5)CC3)ccc21,8.700000000000001
COCCCCCn1ccc(=O)c2ccccc21,-3.850000000000001
Cc1nccn1CCNC(=O)C1CCN(c2cnn(Cc3ccccc3)c(=O)c2)C1,12.75
Cc1ccnn1-c1ccccc1NC(=O)c1ccnc(N2CCN(C)CC2)c1,-18.85
COc1ccc(CN(C)c2cc(O)ncn2)cc1OC,15.2
Cc1cc(NC(=O)c2cccnc2)c2cc(F)cc(F)c2n1,-13.65
O=C(CN1CCC(F)(F)[C@@H](CO)C1)N1CCC(Cc2ccccc2)CC1,-7.6
Cc1ccc(N[C@@H](C)Cn2cc(Br)cn2)cc1C(N)=O,-21.9
CC(C)(C[C@H]1CN(S(=O)(=O)c2cccc(C(F)(F)F)c2)c2cc(-c3cc(F)cc(OC(F)F)c3)ccc2O1)C(=O)O,75.69999999999999
CC(C)OC(C)C(=O)NCc1cc(-c2ccccc2Cl)on1,12.15
O=C(c1ccc(F)c2cccnc12)N1CCOC[C@H]1c1nnn[nH]1,2.1500000000000004
Fc1cccc(Cl)c1CCN1CCO[C@@H](Cn2cncn2)C1,8.45
CN(C)CCCC(=O)NC1CC(=O)N(Cc2ccccc2C(F)(F)F)C1,20.4
CCNC(=O)N(C1CC1)C1CCOC2(CCN(C(=O)CCc3cccc(OC)c3)CC2)C1,5.6
Cc1sc2nc(CCNC(=O)C3CCCCn4nnnc43)[nH]c(=O)c2c1C,7.4
CCn1c(=O)oc2ccc(C(=O)Nc3cc(OC)c(OC)c(OC)c3)cc21,19.9
Cc1nn(C)c(N(C)C)c1CNC[C@H](O)c1ccc(F)c(F)c1,4.5
Cc1ccc(NCCCNC(=O)C2CC(=O)OC23CCCC3)nc1,9.8
CNC[C@H]1CCCN(S(=O)(=O)c2cccc(S(C)(=O)=O)c2)C1.Cl,-9.2
CCOc1ccc(OCC)c(NC(=O)CN2CCC[C@H](C(F)(F)F)C2)c1,-18.55
O=C(CN(CCO)c1ccccc1)Nc1ccc(F)cc1F,1.25
O=C(c1conc1C1CCCC1)N1CCC[C@H](C2CCOCC2)C1,-6.3999999999999995
COc1cc(CN(C)CCC2CCCCO2)cc(Cl)c1OCC(N)=O,3.5
CCCn1nc(C(=O)N[C@@H](C)c2ccc(S(=O)(=O)N(CC)CC)cc2)ccc1=O,-11.55
O=c1ccc2[n+]([O-])c3ccc([O-])cc3oc-2c1.[Na+],38.15
O=C(CCCOc1ccccc1)Nc1ccc2c(O)ccnc2c1,15.15
Cc1cccc(N2CCN(C(=O)c3cccc(N4CCCS4(=O)=O)c3)CC2)c1C,24.4
COc1cccc(N2CCNCC2)c1F.Cl,5.75
Cc1cn2c3c(=O)n(Cc4c(F)cccc4Cl)c(=O)n(C)c3nc2n1CCO,-2.05
CC[C@H](O)CN1CCN(C(=O)CCOc2ccccc2F)CC1,1.5499999999999998
O=C(Cc1ccc(F)c(F)c1)N1CC[C@H](c2cc(=O)[nH]c(=O)[nH]2)C1,3.7
CCN(Cc1ccc(C#N)cc1F)C(=O)CN1CC[C@@](O)(C(F)(F)F)C1,11.3
O=C(CCCSc1nc2ccccc2[nH]1)N1CCN(c2ccccc2)CC1,5.566666666666667
CCCCn1c(=O)[nH]c(=O)c2c1nc(Cn1c(-c3ccncc3)noc1=O)n2CC,7.449999999999999
COc1ccc(NC(=O)c2ccoc2C)c2cccnc12,10.35
CCc1ccc(NC(=O)c2nc(S(C)(=O)=O)ncc2Br)cc1,58.400000000000006
COc1ccc(N2C(=O)CCC2=O)cc1S(=O)(=O)Nc1cccc(NC(C)=O)c1,3.05
CCOc1ccc(NC(=O)c2cn(-c3cc(N4CCSCC4)ncn3)cn2)cc1,12.45
C[C@H]1CCCCN1CC(=O)N1CCc2sccc2C1,-11.35
O=C(Cn1cnc2ccccc2c1=O)Nc1cnc2ccccc2c1,-4.35
N#Cc1ccc(N2CC(C(N)=O)C3(CCN(C(=O)N4CCCC4)CC3)C2)cc1C(F)(F)F,17.6
CN(C)C(=O)Cn1ccc(NC(=O)N2CCC[C@@]23CCNC3)n1,13.85
Cc1cnc2c(c1)N(C(=O)[C@@H](C(C)C)N1Cc3ccccc3C1=O)CC2,4.6
COc1ccc(-n2c(SC)nc3sc4c(c3c2=O)CCN(C(C)=O)C4)cc1,8.75
Cc1ccc(O)c(C(=O)c2cc(C#N)c(=O)n(C3CCCCC3)c2)c1,16.756311999999998
O=C1C(=O)c2cc([N+](=O)[O-])ccc2-c2ccccc21,95.65
O=c1[nH]cnc2c(-c3ccccc3)c[nH]c12,24.0
COc1ccc(OC)c(NC(=O)[C@H](C)N2CCN(c3nccs3)CC2)c1,-2.0500000000000003
COc1ccc(C(=O)NCC23CCC=C2N(C)C(=O)CC3)cn1,14.8
Cc1n[nH]c([C@@H]2CN(Cc3nc(C)c(C)o3)CCO2)n1,-16.8
COc1ccc(NC(=O)C[C@@H]2SC(N3CCCCC3)=NC2=O)cc1OC,17.85
O=C(Nc1ccc(F)cc1)c1cccc(N2CCCCS2(=O)=O)c1,9.4
OC(COc1ccc(Br)cc1)CN1CCOCC1,11.7
Cc1coc(-c2ccc(C)c(NC(=O)N3CCC[C@@H]3CN3CCCC3)c2)n1,13.05
CC[C@H]1C(=O)NCCCN1C(=O)c1cc(Cl)c2c(c1)OCCO2,6.05
O=C1NC2(CCCCC2)C1Oc1ccc(F)cc1,2.6499999999999995
C[C@@H](c1ccco1)N(C(=O)c1cn2ccccc2n1)C1CC1,6.049999999999999
N#Cc1nccnc1Sc1nnc(COc2ccc(Cl)cc2)o1,100.1
CN(C)c1cnn(Cc2cccnc2C(F)(F)F)c(=O)c1,15.133333333333333
Cc1ccc(NC(=O)Nc2cc(C(C)C)n[nH]2)cc1C(=O)N(C)C,-13.15
COc1ccc(S(=O)(=O)[C@H]2CS(=O)(=O)C[C@@H]2NC2CC2)cc1C,11.3
O=C(NCCCOCC1CC1)[C@H]1CC(=O)N(c2ccc(Br)cc2)C1,0.8333333333333334
Cc1cc(N)c2ccccc2[n+]1CCCCCCCCCC[n+]1c(C)cc(N)c2ccccc21.[Cl-].[Cl-],101.1
N#Cc1c(CN2C(=O)CN(c3ccccc3)C2=O)cn2ccccc12,-23.2
CCC(=O)N1CCOc2ccc(C(=O)NCc3ccccc3)cc2C1,12.9
Cc1ccc(-n2nnc(C(=O)NC3CCS(=O)(=O)C3)c2C)cc1,3.25
O=C(c1cn(-c2ccccc2)nn1)N1CCC[C@@H]1Cn1cccn1,-7.4
CCOc1ccc(CNS(=O)(=O)c2ccc3c(c2)-c2oncc2CO3)cc1OC,12.4
Cc1c(Cl)cccc1S(=O)(=O)NC[C@H](C)N1CCOCC1,3.0
CC(C)(C)NC(=O)C1CCN(C(=O)c2ccco2)CC1,4.6499999999999995
Cc1nc(CCC2CCN(S(=O)(=O)c3ccc(Cl)s3)C2)no1,13.5
NS(=O)(=O)c1cccc(NS(=O)(=O)c2ccc3c4c(cccc24)C(=O)N3)c1,6.6
CC1(C)CN(C(=O)C2CCCCCC2)CCCO1,9.55
O=S(=O)(NCc1ccc[nH]1)c1cc(F)ccc1Br,9.75
Cn1cc([C@@H]2C[C@H]2C(=O)NCc2ccc(N3CCCS3(=O)=O)c(F)c2)cn1,3.65
O=C(CN1C(=O)CN(C(=O)NCc2ccccc2)c2ccccc21)N1CCCCCC1,12.25
CSc1cccc(NC(=O)N2CCN(c3nc4cccnc4n(C)c3=O)CC2)c1,6.6
CCC(CN1CCOCC1)NC(=O)c1nc(-c2nn(-c3ccc(C)cc3)c(=O)n(CC)c2=O)no1,17.0
COCCn1cc(C(=O)NCCCOC(C)C)c2c3ccccc3n(C)c2c1=O,2.95
Cc1ccc(C(=O)N2CCCC[C@@H]2CNS(C)(=O)=O)c(C)c1,21.39008
Cc1c(-c2ccc(NS(C)(=O)=O)cc2)nc2ccccn12.Cl,-17.95
N#Cc1cccc(-c2c[nH]c3ncnc(N4CCOCC4)c23)c1,17.049999999999997
CCOCCNC(=O)[C@H]1CC(=O)N(Cc2ccc(OC)cc2)C1,15.1
CS(=O)(=O)CC1(CC(=O)N2CC[C@H]2c2ccccc2)CC1,15.4
CC(C)(NC(=O)c1ccc(CNC(N)=O)cc1)c1ccc2c(c1)OCCO2,3.1
O=C(Nc1ccc(-c2ccn[nH]2)cc1)NC1CCN(CC2CCCO2)CC1,9.05
CO[C@@H](C)CCNC(=O)CCCc1nc2ccccc2c(=O)[nH]1,-2.8500000000000005
COc1ccccc1OCC(=O)Nc1ccc2c(c1)OCCO2,1.3499999999999996
Cc1ccc(S(=O)(=O)N2CCS[C@H]2C)cc1,-1.25
Cc1csc(N2CCN(C(=O)[C@H]3CC(=O)N(c4ccc5c(c4)CCC5)C3)CC2)n1,8.3
CS(=O)(=O)N1CCc2cc(NS(=O)(=O)c3ccc(N4C(=O)CCC4=O)cc3)ccc21,1.3
CNC(=O)C1CCCN(c2nc3ncn(CC(=O)Nc4ccc(F)cc4F)c(=O)c3s2)C1,16.200000000000003
CCCNc1ccc(CNC(=O)N2CCCCO2)cc1,8.350000000000001
CC1CCC(C(C)C)C(OC(=O)Cn2c(-c3ccc(Br)cc3)[n+](C)c3ccccc32)C1.[Cl-],101.05
CC(C)CCNC(=O)N1CCCC1CCc1noc(-c2cccnc2)n1,-2.95
Cc1oc2ncn(Cc3ccccc3)c(=O)c2c1C(=O)Nc1ccc(S(N)(=O)=O)nc1,4.55
CCn1nccc1C(=O)N1CCCC(CC2CC2)(c2noc(C)n2)C1,7.6
C[C@@H](Cn1cncn1)NC(=O)c1ccc(-c2ccccc2)[nH]c1=O,13.7
CS(=O)(=O)Nc1cccc(C(=O)Nc2cccc(NC(=O)c3ccco3)c2)c1,22.7
Cc1ccc(-n2cnnn2)cc1NC(=O)NCc1ccccc1CN(C)C,-17.15
Cc1nc2ccccc2c(=O)n1NC(=O)c1cncc(Br)c1,-8.85
Cc1ccc(CNC(=O)c2ccccc2NC(=O)CNC[C@H]2CCCO2)cc1,-15.4
CCN(CC)S(=O)(=O)c1ccc(=O)n(Cc2csc(-c3ccc(OC)c(OC)c3)n2)c1,-5.15
CCC(=O)Nc1ccc(-n2cnc(C(=O)N3CCN(c4cccc(OC)c4)CC3)c2)nc1,12.5
C[C@@]1(c2ccccc2)CN(C(=O)c2cccn3nnnc23)CCO1,17.25
CC(C)COc1ccccc1NC(=O)N[C@@H](C)Cn1ccnc1,-3.8
Nc1c(C(=O)CN2CCC[C@H]2C(=O)NCc2ccco2)c(=O)[nH]c(=O)n1C1CC1,-6.0
COc1ccc(OC2CCN(c3ccc(C)nn3)CC2)cc1,16.950000000000003
Cc1cn2c3c(=O)n(Cc4ccc(F)cc4)c(=O)n(C)c3nc2n1CCCN(C)C,-0.9500000000000002
COc1ccc(NC(=O)c2cn(-c3cc(N4CCOCC4)ncn3)cn2)c(OC)c1,14.9
CCc1nccn1[C@H]1CCCN(C(=O)c2ccnc(N(C)C)c2)C1,-8.9
O=C(CCc1ccco1)Nc1ccc(NS(=O)(=O)c2ccc3c(c2)OCCCO3)cc1,9.85
Cc1c(Cl)cccc1NC(=O)Nc1ccccc1C(N)=O,0.3500000000000001
CC(=O)Nc1ccc(C(=O)N2CCN(C)c3nc4ccccc4nc32)cc1,-15.85
COCc1ccc(C(=O)N2CCC[C@H](S(=O)(=O)N3CCOCC3)C2)cc1,12.466666666666669
CC(C)c1noc(-c2cccn3c(CNC(=O)C4CCC4)nnc23)n1,5.7
CC(C)CC(=O)N1CCC(CCc2noc(-c3cccnc3)n2)C1,3.0
CCN(c1ccc(NC(=O)CN(C)c2ccc(C#N)cn2)cc1)C(C)C,-14.45
CC(C)[C@@H]1CN(C(=O)c2ccnn2C2CCCC2)CCCO1,13.7
COc1ccc(CN2CCN(c3ncnc4sccc34)CC2)cc1OC,0.4499999999999999
COc1ccc(CN(C)C(=O)c2cc(=O)n(C)c(=O)n2C)c2cccnc12,14.4
CC(C)c1ccccc1NC(=O)C1=NN([C@H]2CCS(=O)(=O)C2)C(=O)CC1,-6.9
Cc1ncc(CNc2ccc(S(=O)(=O)CCO)cc2)s1,-5.35
Cc1n[nH]c(-c2ccc(NC(=O)N(C)Cc3ccc(F)cc3)cc2)n1,1.6000000000000003
Cn1c(=O)c(N2CCN(C(=O)Nc3ccccc3)CC2)nc2cccnc21,20.65
Cc1ccc(N2CCCN([C@@H](C)C(=O)NCC(F)(F)F)CC2)nn1,9.55
COc1ccc(C(=O)N(C)Cc2ccccn2)cc1-c1ccccn1,18.25
CC[C@H]1c2ccsc2CCN1C(=O)CN1CCN(c2cc(C3CC3)n[nH]2)CC1,-9.2
Cc1noc(C)c1CC(=O)N1CC2(CC(N3CCOCC3)CO2)C1,10.45
O=C(Nc1ccnc2ccnn12)c1ccc2ccccc2n1,102.75
O=C(CCc1nc(-c2ccsc2)no1)Nc1ccc(F)cc1,9.1
C[C@H]1CN(CC(F)(F)F)CCN(C(=O)c2cn[nH]c(=O)c2)C1,-4.95
CN(C)c1cccc(C(=O)N2CCN(S(=O)(=O)c3cc4c(cc3Cl)NC(=O)CO4)CC2)c1,9.85
COc1ccc(C(=O)Nc2ccccc2O)cc1S(=O)(=O)N(C)OC,6.0
CCCCN(CC)c1ccc(C(=O)N2CCO[C@H](c3nc(C)n[nH]3)C2)cc1,-3.0500000000000007
O=C(NCCCNc1ccccc1)c1scnc1Cl,10.75
COc1cccc(N2CCC(NCCN3CCCCC3CO)CC2)c1,8.0
Cc1ccccc1NC(=O)c1c[nH]c2ccc(N)cc12.Cl,-5.15
CCOCCCNC(=O)CCC(=O)N1CCOc2ccccc21,5.95
Cl.NCC(O)CC(=O)N1CCC2(CC1)CC(=O)N(Cc1cc(F)cc(F)c1)C2,10.05
COc1ccccc1C[C@H]1CCCN1C(=O)Nc1nccn(C)c1=O,-7.1000000000000005
CCC(=O)NCC[C@@H]1CCc2ccc3c(c21)CCO3,16.55
CC(C)n1cnc(S(=O)(=O)Nc2nnc(-c3ccccc3)o2)c1,18.45
CCO[C@H]1COC[C@@H]1NC(=O)Nc1cccc(Cl)c1,12.15
OCC[C@H]1COCCN1Cc1nnc(-c2ccco2)o1,-10.3035755
Cc1ccc(S(=O)(=O)O)cc1.Cn1cc(-c2ccc(F)c(C(F)(F)F)c2)nc1C1CCN(c2ncnc3[nH]ncc23)CC1,9.9
Cc1cccc(F)c1S(=O)(=O)N1CC(C)(C)[C@H]1c1nccn1C,9.05
Cc1noc([C@H]2CCCN(Cc3ccc(Cl)s3)C2)n1,-10.2
CN(C)S(=O)(=O)c1ccccc1CNC(=O)c1ccc2c(c1)C(=O)N(Cc1ccco1)C2=O,-31.1
O=C(COc1ccccc1)Nc1cccc(OCc2cc(=O)n3ccccc3n2)c1,14.95
CCC(C)NC(=O)C1CCN(S(=O)(=O)Cc2cccc(C)c2)CC1,19.950000000000003
C[C@H]1CN(C(=O)C2=CCCCCC2)CC(=O)N1C,-6.549999999999999
COCc1nn(CCc2c(F)cccc2Cl)c(=O)o1,12.65
COc1cc(C)c(NC(=O)[C@H]2CCCN(C(=O)N3CCCC3)C2)cc1OC,-15.4
O=C(c1ccsc1)N1CCC[C@H](C(F)(F)F)C1,19.3
NC1=N[C@@H](c2coc3ccccc3c2=O)N2C(=N1)Oc1ccccc12,8.3
NCCN1CCN(c2cccc(C(F)(F)F)c2)CC1,57.5
O=C(COc1ccc(F)cc1F)N1CCC[C@H](n2cncn2)C1,28.6
O=C([C@@H]1CCCCN1C(=O)c1ccco1)N1CC(O)(C(F)F)C1,-12.9
C[N+](C)(CCOc1ccccc1Br)C1CCCC1.[Cl-],-13.15
O=C(Nc1cnc2c(c1)CCC2)c1cccc(F)c1,7.050000000000001
CC1=NS(=O)(=O)NC(C)=C1CCC(=O)NCc1ccc(NC(=O)c2ccco2)cc1,-21.55
NC[C@H]1CCCN1C(=O)c1ccc(Br)cc1F,-5.866666666666667
Cc1nccn1C[C@@H](C)CNC(=O)CCCn1c(=O)oc2ccccc21,-6.0645050000000005
CO[C@@]12CC[C@@H](OCC3CC3)C[C@@H]1N(C(=O)c1c(C)[nH]c(C(C)=O)c1C)CC2,14.6
CC(=O)NCCC(=O)N1CC[C@H](C)Sc2ccccc21,4.15
Cc1cc(C)n2nc(C)c(C(=O)NC(C)c3n[nH]c(C)n3)c2n1,6.3999999999999995
COc1ccc(Cl)cc1NC(=O)c1cc(C2CC2)on1,3.7
Cc1oc2ncn(CC(C)C)c(=O)c2c1C(=O)Nc1ccccc1,5.0
CC(=O)c1cnccc1NS(=O)(=O)c1cnn(-c2ccccc2)c1,6.75
CN(CC(=O)Nc1ccc(Cl)cc1)S(=O)(=O)c1cc2c(cc1Cl)NC(=O)CO2,15.35
CCn1nc(CN2CCC(CNC(=O)C3(C)CC3)CC2)c2c1CCOC2,11.9
CN1C(=O)C[C@@H](C(=O)NCC(C)(C)CCCO)[C@@H]1c1cccnc1,8.8
Cc1ccc(CNC(=O)c2cn3nc(Cl)ccc3n2)cc1,7.6
CCN(CC)S(=O)(=O)c1c(C)nn(CC(=O)Nc2cc(OC)c(Cl)cc2OC)c1C,5.019424999999999
N#Cc1ccc(N2CC[C@@H](C(F)(F)F)C3(CCC3)C2)cn1,-18.8
CCS[C@H]1CCCCN(C(=O)c2cnc(Cl)n2C)C1,20.35
Cc1cnc(CCN(C)C(=O)Cc2cccc(O)c2)s1,12.9
CCCCNC(=O)CN1CCN([C@@H](C)C(=O)Nc2cccc3ccccc23)CC1,7.550000000000001
COc1ccc(S(=O)(=O)Nc2nc3ccc(S(C)(=O)=O)cc3s2)cc1,8.25
CC(=O)N1c2ccc(C(=O)Cn3nnn(-c4cccs4)c3=O)cc2C[C@@H]1C,1.2
CN(C)Cc1ccccc1CN(C)c1nc(-c2cccnc2)nc2c1CNC2,22.799999999999997
CCCn1c2c(=O)[nH]c(=O)n(C)c2n2c(-c3ccc(Br)cc3)nnc12,10.0
Cc1c(CC(=O)NC2(c3ccccc3)COC2)cnn1C,16.5
Cc1cc(-c2c(C)sc(C)c2S(=O)(=O)N2CCN(C(=O)c3ccco3)CC2)on1,5.3
CC1CC(C)CN(C(=O)Cc2csc(-c3ccccn3)n2)C1,8.799999999999999
CCCC[C@@H]1C[C@@H]1C(=O)N1CCC(n2cc(C3CCCC3)nn2)CC1,7.65
Cc1onc(-c2c(Cl)cccc2Cl)c1C(=O)NC1C(=O)N2C1SC(C)(C)C2C(=O)[O-].[Na+],98.5
CC[C@H](C)C(=O)Nc1cccc(C2SCCS2)c1,5.7
CCOc1ccc(NC(=O)c2cc(C(C)C)n3nccc3n2)cc1,16.2
O=C(CN1CCC[C@H]1c1ccc2c(c1)OCCO2)NCc1ccccc1F,-11.45
COCCN1COc2c(cc(Cl)c3cccnc23)C1,104.2
CCCCN(C)S(=O)(=O)N[C@@H](C)c1ccc2c(c1)NC(=O)CO2,-18.5
O=C(CCc1nc(-c2ccco2)no1)N[C@H]1CCCN(c2cccnc2)C1=O,1.9499999999999993
CC(C)N(C)S(=O)(=O)c1ccc(NS(=O)(=O)c2ccc3c(c2)OCCO3)cc1,-9.0
CCCCNc1nc(-c2cc(C)ccn2)cs1,99.9
Cc1c(NC(=O)NCc2ccccc2)c(=O)n(-c2ccccc2)n1C,7.1000000000000005
Cc1cccn2c(CC(=O)N3C[C@@H]4CCC[C@H](C3)C(=O)N4)cnc12,27.85
CCN(Cc1ccccn1)C(=O)C1Cc2ccccc2S(=O)(=O)N1,2.65
O=C([C@@H]1CCCO1)N1CCN(Cc2coc(-c3ccccc3)n2)CC1,8.65
Cc1ccc(S(=O)(=O)N[C@@H](Cc2ccccc2)C(=O)CCl)cc1,96.5
Cc1cc(Oc2ccc(C#N)cc2)ccc1NC(=O)NCCN(C)C,-5.8500000000000005
CN1CCC(Oc2ccc(NC(=O)c3ccc(N(C)S(C)(=O)=O)cc3)cc2)CC1,6.5
Cc1ccc(Br)cc1S(=O)(=O)N1CCC[C@H](N)C1.Cl,8.35
CC(=O)N1c2ccc(S(=O)(=O)NCCC(=O)NCc3ccc(F)cc3)cc2CC1C,-5.25
O=C(Cc1ccccc1)N1CCCCC1c1nc(-c2cnccn2)no1,10.55
O=S(=O)(c1ccc2c(c1)CCO2)N1CC[C@H](Oc2cccc(F)c2)C1,-1.1666666666666667
CN(C)C[C@H]1CN(CC(=O)N2CCc3ccccc32)CCO1,16.65
CCOCC(=O)Nc1nc(SC(F)(F)F)n[nH]1,1.8999999999999984
CC(C)n1c(=O)c2nscc2n(CC(=O)Nc2ccc(F)cc2)c1=O,3.0
CCn1nc(C)c(C(=O)N[C@@H](C2CCOCC2)C2(CO)CCC2)n1,12.75
Cc1nn(C)cc1C(=O)N1CCC[C@H]1c1cccnc1,-9.35
Cc1nccn1[C@H]1CCCN(C(=O)Cc2csc(C(C)(C)C)n2)C1,-19.0
O=C1Nc2cc(Cl)ccc2Oc2ccc(S(=O)(=O)N3CCOCC3)cc21,0.4000000000000003
C[C@H]1COC2=C1C(=O)C(=O)c1c2ccc2c1CCCC2(C)C,13.8
COc1ncc(C(=O)N[C@H]2CC23CCNCC3)cc1Br,-7.4
COCCNC(=O)c1cnn2c1C[C@H](NC(=O)CC1CC1)C2,31.950000000000003
CC(=O)Nc1ccc(C(=O)Nc2cccc(-c3nccn3C)c2)cc1,19.25
Cn1cnc2c(NCc3ccccc3)ncnc21,-2.95
CC(C)NC(=O)NCc1ccc(C(=O)NCCCN2CCN(C)C[C@H]2c2ccccc2)cc1,1.4
COc1ccc(N(C)C(=O)c2cccc(S(C)(=O)=O)c2)cn1,1.1
C[C@@H](c1nc(N)nc(N(C)C)n1)N(C)CCOc1ccc(F)cc1,13.55
CC[C@H](C)C(=O)O[C@H]1C[C@H](O)C=C2C=C[C@H](C)[C@H](CC[C@@H](O)C[C@@H](O)CC(=O)[O-])[C@H]21.[Na+],5.949999999999999
COc1ccc(OC)c([C@@H]2CCCN2C(=O)c2scnc2C)c1,15.35
O=C([C@@H]1COc2ccccc2C1)N1CCN(S(=O)(=O)c2ccc3c(c2)OCCCO3)CC1,10.1
CCN(Cc1nc2cc(OC)c(OC)cc2c(=O)[nH]1)C(=O)Cc1noc2ccccc12,36.849999999999994
COc1cccc(NC(=O)NC2CCN(CC3CCCO3)CC2)c1,16.5
O=C(O)c1cccnc1Nc1cccc(C(F)(F)F)c1,65.45
CCN1CCO[C@@H](CNc2cc(C)nc3ncnn23)C1,19.15
CC(=O)NC[C@@H]1CC(F)(F)CN1C1CN(C(=O)c2ccc(O)nc2)C1,-23.15
CCCn1c(=O)[nH]c(=O)c2cc(C(=O)NCCc3cc(F)cc4c3OCOC4)cnc21,5.1
O=c1[nH]c(CO)nc2sc(-c3ccccc3)cc12,-3.3000000000000003
O=C([C@@H]1CCCN1C(=O)Nc1ccccc1)N1CCn2c(CC3CC3)nnc2C1,13.2
CCOCCn1c(C)c(C)n2c3c(=O)n(C)c(=O)n(C)c3nc12,6.6
O=C(Cn1cnc2scc(-c3ccc(Br)cc3)c2c1=O)N1CCOCC1,7.75
COc1cc(C(=O)Nc2noc3ncccc23)cc(OC)c1OC,18.15
Cc1ccc(S(=O)(=O)[C@H]2CS(=O)(=O)C[C@@H]2NC2CCCC2)cc1,5.6499999999999995
Cn1ccc2cc(C(=O)NCCc3ccc(O)cc3)ccc21,6.75
CN(C)C(=O)Nc1ccc(Cl)c(Cl)c1,4.05
CCc1ocnc1C(=O)N[C@@H]1CCOC[C@H]1OCC1CCC1,12.05
O=C(Nc1ccc(-n2cccn2)c(F)c1)[C@@H]1COCCN1C1CCCC1,-6.6
CCCCN1CC(C(=O)N(C)c2ccccc2)CC1=O,7.05
Cc1c(N[C@@H](C)C(C)C)cccc1C(=O)Nc1nnc[nH]1,-12.6167315
C[C@@H](C(=O)N1CCC(Nc2cccnn2)CC1)N1CCOCC1,4.3
O=C(NCc1ccc(C(F)(F)F)cc1F)[C@H]1CCC[C@H](O)C1,-0.8000000000000003
CCCc1noc(CN2CCC(NC(=O)c3ccc(C)s3)CC2)n1,8.5
Cc1ccc(S(=O)(=O)NCCC(=O)NCc2nn(C)c3ccccc23)cc1,13.75
CS[C@@H](C)C(=O)NCc1c(C)cc(C)[nH]c1=O,16.3
CC(=O)c1ccc(N2CCN(C(=O)CCc3nnc4n(CCCOC(C)C)c(=O)c5ccccc5n34)CC2)cc1,19.299999999999997
Cc1ccc(C(=O)N2CCc3c(nc4cc(-c5ccccc5Cl)[nH]n4c3=O)C2)cn1,2.9499999999999997
CC(C)Oc1ccc(C#N)cc1NCc1cc[nH]n1,-6.8
CC(=O)NCCc1ccc(S(=O)(=O)N(C)[C@@H](C)CC(C)C)s1,-2.1000000000000005
Cc1ccc(N2C(=O)CCS2(=O)=O)cc1S(=O)(=O)N1CCN(c2ccccc2)CC1,13.3
CCN(CC)CCNC(=O)CCn1nc(C)c2c(C)onc2c1=O,10.05
N#Cc1ccc2[nH]c(O)c(-c3ccc(CN4CCOCC4)cn3)c2c1,18.0
CC(Oc1ccc(C(C)C)cc1)C(=O)N1CCN(c2ccccn2)CC1,3.65
Cc1ccc(CN(CC2CCCO2)C(=O)c2cc(=O)c3cc(F)ccc3o2)o1,-7.966666666666666
Cc1ncsc1C(=O)NCC(=O)N(C)C,6.35
COCCn1c(=O)c2c(nc3n(-c4ccc(F)cc4)c(C)cn23)n(C)c1=O,8.65
O=C(Cc1cccs1)N1CCN(C(=O)c2cc(-c3ccccn3)[nH]n2)CC1,19.55
COc1ccc(N(C)c2nc(-c3ccc(OC)c(OC)c3)no2)c(OC)c1,24.8
NC(=O)NC(=O)CN1CCC[C@H]1c1ccsc1,13.55
Cc1cc(C)n(CCCN(C)CCC2CCS(=O)(=O)C2)n1,14.4
CCN(CC(=O)NC)C(=O)c1cc(C(C)C)nc2c1c(C)nn2C,-7.249999999999998
Cn1c(=O)c2c(ncn2CC(=O)Nc2nc(-c3ccc4c(c3)OCCO4)cs2)n(C)c1=O,14.833333333333334
CC1CN(S(=O)(=O)c2ccc(Br)s2)CCO1,-14.366666666666667
Cc1cc(-c2cc(O)ccc2Cl)cc2nnc(Nc3ccc(OCCN4CCCC4)cc3)nc12.Cl,55.5
O=C(Nc1ccc2c(c1)OCO2)c1cc(O)nc2ccccc12,3.65
CCn1cc(C#N)c(=O)n(C[C@H](O)COCc2ccc(Cl)cc2)c1=O,2.0500000000000003
CC(C)c1cnc2c(c1SCCN1CCOCC1)c(=O)n(C)c(=O)n2C,4.6
COc1ccc(CN(C)CC(=O)N[C@H]2CCS(=O)(=O)C2)cc1OC,11.25
CC[C@@H](CNC(=O)Cc1c(C)nn(C)c1C)c1ccccc1,10.3
Cc1ccc(OCc2nc(C(=O)Nc3cccnc3)cs2)cc1,9.95
CN(Cc1cccc2ccccc12)C(=O)C1(C#N)CCOCC1,-11.45
CC[C@H](NC(=O)NCc1nncn1CC)c1ccccc1OC,-9.7
CCOc1ccc(C)cc1S(=O)(=O)N1CCCC(OC)C1,10.7
CC(C)(C)SCC(=O)N(Cc1ccsc1)c1cccnc1,11.1
CN(CCN(C1CCOCC1)C1CCCN(C(=O)C2CC2)C1)C(=O)c1ccc(F)cc1F,12.4
CN([C@H]1CCNC1)S(=O)(=O)c1ccc(F)cc1Cl.Cl,-8.600000000000001
CC(C)CNC(=O)CCC1CCCN(S(=O)(=O)c2ccccc2)C1,11.4
CCOCc1cnc(C)nc1C1CCCN(C(=O)c2ccncn2)C1,-15.75
Cc1ccn(-c2ccc(N3CCN(C(=O)Nc4ccccc4F)CC3)nn2)n1,5.4
Cc1cccc(NC(=O)N[C@H]2CCCc3c2cnn3C)c1C(=O)N1CCCC1,15.25
CC[C@@H](Cn1cncn1)NCC1(C)COC1,-10.7
Cc1ccc(C)c(N2CCN(C(=O)CN(C)S(=O)(=O)c3ccc4c(c3)CCC(=O)N4)CC2)c1,2.9
COc1ccc(OC)c2c1CN(Cc1nc(C)n[nH]1)C[C@@H]2O,11.55
Cn1cc(C(=O)Nc2c(F)cccc2Oc2ccccc2)ccc1=O,9.55
C[C@H](O)CN1CCN(Cc2ccc(-n3cccn3)cc2)CC1,-6.6000000000000005
CN(C(=O)c1cccnc1)c1nc2ccccc2o1,0.8999999999999999
Cc1[nH]cnc1CC(=O)N1CCOC[C@H]1C1CCC1,3.649999999999999
CCc1nccn1[C@H]1CCCN(C(=O)CCc2nc(C(C)C)no2)C1,7.633333333333333
N#Cc1ccc(CN2CCC[C@H](CNS(N)(=O)=O)C2)cc1,13.15
CN(CCCN(C)C(=O)c1cc(Cl)cn1C)Cc1ccncc1,-16.4
COc1ccc(C2(C(=O)N3CC4(C3)CC(C)(O)CO4)CC2)cc1,7.35
O=C(O)CCc1cccc2c1B(O)OC2,62.45
N#Cc1ccc(OC[C@@H](O)Cn2nnc(-c3cccnc3)n2)cc1,-1.9999999999999996
Cc1ccc(S(=O)(=O)Nc2cnc3c(c2)c(=O)n(C)c(=O)n3C)c(C)c1,-6.25
CN1N=C(c2ccccc2)Cn2c1nc1c2c(=O)n(C)c(=O)n1C,2.55
CNC(=O)NC1CCN(c2nc3cccnc3n(Cc3ccccc3)c2=O)CC1,12.1
NC[C@H]1CCN(C(=O)CCOc2ccc(Cl)cc2Br)C1,3.75
CC1(C)O[C@@H]2C[C@H]3[C@@H]4CCC5=CC(=O)CC[C@]5(C)[C@@]4(F)[C@@H](O)C[C@]3(C)[C@]2(C(=O)CCl)O1,10.45
Ic1ccn(-c2ccccc2)n1,2.2
COc1cc(OC)c2c(C)c(CC(=O)N3CCCC3)c(=O)oc2c1,20.9
COc1ccc(-c2nc(C)c(C(=O)N(C)C)s2)cc1OC,11.75
c1nc(N2CCN(CCn3cncn3)CC2)c2sccc2n1,-10.9
O=C(Nc1ccccc1)c1cc(Cl)ccc1OCC(=O)N1CCN(C(=O)c2ccco2)CC1,62.849999999999994
Cc1csc(CCNC(=O)c2ccc(Br)c(O)c2)n1,-0.4500000000000002
N#C[C@@H]1C[C@H]2C[C@H]2N1C(=O)[C@@H](N)[C@@]12C[C@@H]3C[C@@H](C[C@@](O)(C3)C1)C2,17.0
Cc1oc2ncn(C)c(=O)c2c1C(=O)NCC1CCN(Cc2ccccc2F)CC1,7.2
CCCCn1c(CN2CCCC2)nc2cc(NC(=O)CC)ccc21,18.55
Nc1cc(Cl)c(Cl)cc1NCCCO,35.85
Nc1cccc2c(-c3cnn(-c4ccccc4)c3)n[nH]c12,-22.549999999999997
CC(=O)c1ccc(N2CCN(C(=O)c3[nH]c(C)c(S(=O)(=O)N4CCC(C)CC4)c3C)CC2)cc1,51.55
CC(C)COc1cc(=O)n2c(c1C(=O)N1CCN(c3ccccn3)CC1)CCCCC2,15.7
O=C(COCc1cc(-c2ccc3c(c2)OCO3)on1)N(CC1CC=CCC1)CC1CCCO1,53.35
COc1cc(C(=O)Nc2ccccn2)ccc1OCc1cscn1,2.0999999999999996
Cc1nc(N[C@H]2CCCn3ncnc32)nc(C)c1CC(C)C,-9.6
COCCCNC(=O)c1cc2c(=O)[nH]c(-c3ccccc3)cn2n1,16.65
COCc1noc(CSc2nnc(C3CCCNC3)n2C)n1.Cl,-1.7000000000000002
Cc1ccc(N2CCCN(C(=O)c3ccc(Cl)c(Cl)c3O)CC2)nn1,7.55
COc1ccc(-n2nc(C(=O)Nc3ccc(OC)c(OC)c3)c(=O)n(C)c2=O)cc1,24.6
O=C(c1ccccc1)N1CCOC2CCCCC21,-15.849999999999998
COc1cccc(C(=O)Nc2cc(Cl)ccc2OC)c1,6.25
Cc1nc(-c2ccccc2)cc2nn(CC(=O)N3CCC(C)CC3)c(=O)n12,7.2
CCN1CCC(N(Cc2ccco2)C(=O)Nc2ccc(OC)cc2)CC1,9.0
CCOc1ccccc1NC(=O)c1ccc(NC(=O)C(C)C)cc1,5.3999999999999995
CCc1ccccc1NC(=O)c1cnc2scc(C)n2c1=O,14.25
CCN(CC)CCNC(=O)CCc1cc2ccc(C)cc2nc1O,20.0
CNC(=O)[C@@H]1Cc2ccccc2CN1C(=O)c1c(C)cc(C)n(CC2CCCO2)c1=O,12.45
COc1ccc(CC(=O)N(C)[C@H]2CCS(=O)(=O)C2)cc1F,6.05
O=S(=O)(Cc1ccccc1)N1CCN(c2ccc(Nc3cccnc3)nn2)CC1,12.15
O=C(CCc1ccccc1)N1CCN(C(=O)c2cc(-c3cccnc3)[nH]n2)CC1,23.1
Cc1cnn(C[C@H]2CCCN2C(=O)c2c[nH]nc2-c2ccncc2)c1,4.0
O=C(NC[C@H]1CCN(CC(F)(F)F)C1)Nc1cccnc1-n1cccn1,2.5333333333333328
C[C@H](O)CNc1nc2ccccc2n1CCCOCC(F)(F)F,7.75
CCN1C[C@@H](C(=O)NCc2cc3c([nH]c2=O)CCC3)[C@H](c2cn(C)cn2)C1,3.4000000000000004
COc1ccc(-c2nc(C3CC(=O)N(Cc4ccccc4)C3)no2)cc1,27.799999999999997
COc1cc(S(=O)(=O)N2CC[C@@H](N)C2)ccc1Br.Cl,-2.6500000000000004
COc1cccc(CN2CCN(Cc3cccc(OC)c3)C(CCO)C2)c1,11.65
O=C(NCc1ccccc1)C1CC(=O)N(C2CN(C(=O)NCc3ccccc3)C2)C1,11.25
CNC[C@H](O)c1cccc(O)c1.Cl,5.95
CC(C)(NCC#N)c1c(Cl)cccc1Cl,-6.35
O=C(Nc1cc2n(n1)CCCC2)[C@@H]1CCc2ccccc2O1,-1.5333333333333323
CCCc1nn2c(=O)cc(COc3cccc(NC(=O)CC)c3)nc2s1,9.95
COc1ccc2nc(SCc3nc4ccccc4c(=O)n3C)[nH]c2c1,23.137765
c1ccc2c(N3CCN(c4nccs4)CC3)ncnc2c1,-25.15
CN1CCCN(C(=O)c2cccc(-c3ccc(/C=C4/C(=O)Nc5ccc(Cl)cc54)o3)c2)CC1,54.599999999999994
CC[C@H](SC)C(=O)N1CCCc2c(NC(C)=O)ccc(C)c21,-13.9
Cc1ccc(C(N)=O)c(OCC(=O)N[C@@]2(C)CCS(=O)(=O)C2)c1,8.55
Cn1cc(CCNC(=O)[C@@H]2CCCCN2C(=O)c2ccco2)cn1,9.85
COc1ccccc1CN1CCCC1c1c(C)noc1C,13.8
O=C(N[C@H]1CCCCNC1=O)c1ccc2c(c1)OCCCO2,6.449999999999999
CCc1nc(CC(=O)N2CCC[C@H](n3cncn3)C2)cs1,5.9
CCc1nc(CN2CCC[C@@H]2Cn2cncn2)no1,8.2881205
CS(=O)(=O)N1CCCC(OCc2nc(-c3ccccc3)no2)C1,2.75
COCCN1CC(C(=O)NCCn2nc(-c3ccccc3)ccc2=O)CCC1=O,8.149999999999999
COc1ccc(C(=O)Nc2ccc(C(=O)N3CCCC3)cc2)cc1F,7.300000000000001
CCn1c(=O)c(N2CCC(NC(=O)NC(C)C)CC2)nc2cccnc21,18.25
CN(Cc1cnn(-c2ccccc2)c1)C(=O)NCc1noc(C2CCCO2)n1,7.9
O=C(c1cnns1)N1CCc2cc(-c3ccccc3)oc2C1,-2.9
COCCN(C)c1ccc(NCc2cscn2)nc1,6.699999999999999
COc1ccc(CCC(=O)N2CCC(c3nn(C)c(=O)n3C3CCCC3)CC2)cc1,11.0
O=C(c1ccc(Nc2nccc(-c3cc4ccccc4s3)n2)cc1)N1CCC(N2CCCC2)CC1,101.4
CCS(=O)(=O)N1CCC[C@H](C(=O)Nc2conc2C)C1,0.2333333333333331
CCN(Cc1ccc2c(c1)OCO2)C(=O)Nc1ccc(COC)cc1,3.95
COc1cc(OC)c2c(C)c(CC(=O)NCc3ccccc3)c(=O)oc2c1,13.9
Cc1nc(N[C@H]2CCCN(c3nccn(C)c3=O)C2)cc(-c2cccnc2)n1,-7.7
CN(CC1CCCCO1)C(=O)CCC1(Cc2ccc3ccccc3c2)CCC(=O)N1,8.35
CC1CCCN(c2nn3c(=O)c(C(=O)NC4CCCCC4)cnc3s2)C1,19.0
C[C@]1(CNC(=O)NCCCc2nnc3ccccn23)CCCS1,1.7000000000000002
Cn1cc(I)c(N)n1,-19.55
O=C(c1ccc2c(c1)CCN2C(=O)C1CC1)N1CCc2ccccc21,20.6
C[C@H]1COCCN1CC(=O)N1CCN(c2ncccn2)CC1,-14.4
CCCCNc1nc2ccccc2s1,3.8
Cc1ccccc1-n1cc(CN(C)C(=O)C2CCCCn3nnnc32)cn1,4.8999999999999995
COCCn1c(C)c(C)n2c3c(=O)n(Cc4ccccc4)c(=O)n(C)c3nc12,17.7
O=C(NCCc1ccnn1-c1ccccc1)N[C@H]1CC12CCOCC2,2.6
O=C(CCc1nnc2ccc(N3CCCC3)nn12)NCCN1CCCC1,10.5
O=C(NCCCn1cccn1)c1ccc(F)cc1Cl,3.8
O=C(c1cccnc1)N1CCC(Oc2cccc(C(F)(F)F)c2)CC1,9.65
C[C@H]1CCCN(C(=O)C2CCN(Cn3ncc(Cl)c(Cl)c3=O)CC2)C1,-4.6000000000000005
CC(C)Oc1ccc(S(=O)(=O)N2CCOCC2)cc1NC(=O)c1ccc(Cn2cccn2)cc1,4.45
CS(=O)(=O)N(CCCN1CCCC1)C1CCN(S(=O)(=O)c2cccs2)C1,8.75
N#CCSc1n[nH]c(COc2ccc(Cl)cc2)n1,22.4
O=C(CC1C(=O)NCCN1Cc1cccc(F)c1F)NC(CO)CO,6.25
CCN1CCN(CCCNC(=O)c2c(N3CCCC3=O)c3cc(F)ccc3n2CC)CC1,13.55
CC(=O)N1CCC(C2CCN(Cc3ccc(Cl)cc3)C2)CC1,11.85
CC(C)CNC(=O)NC1CCN(c2nc3cccnc3n(Cc3ccccc3)c2=O)CC1,9.0
CSc1cc(C(=O)NC(C)(C)CCCN(C)C)c(C)o1,-14.7
CN(CC1Cc2ccccc2CN1C)C(=O)NCCOc1ccccc1.O=CO,5.95
Cc1ccc(NC(=O)[C@@H]2Cc3ccccc3O2)cc1,-12.9
COc1cc(NC(=O)C2CC2)ccc1S(=O)(=O)Nc1ccccc1S(C)(=O)=O,-17.85
CN1C[C@H]2CN(C(=O)CCCc3ccccc3)C[C@@]2(C(=O)N2CCCC2)C1,13.85
COc1ccc(CN2CCN(C(=O)c3ccc(-n4cccn4)cc3)CC2)cc1F,-3.25
CC1(C)CCC(C)(C)c2cc(NC(=O)c3ccc(C(=O)O)cc3)ccc21,6.0
CC1CN(CCCCOc2ccc(Cl)cc2)CC(C)O1.O=C(O)C(=O)O,10.1
CCCOc1ccccc1NC(=O)c1ccc2c(c1)CCN2C(C)=O,-1.8499999999999996
CCc1nccn1[C@H]1CCCN(C(=O)CCc2c(C)noc2C)C1,-2.6499999999999995
O=C(CSCc1ccco1)N[C@H](c1ccccc1)c1nccs1,-8.0
CCn1c(=O)c2ccnn2c2ccc(C(=O)N3CCC(C)CC3)cc21,2.45
CC(=O)N[C@@H](C)C(=O)Nc1ccccc1Oc1cc(F)cc(F)c1,-4.099999999999998
CC(=O)Nc1ccc(O[C@@H](C)C(=O)Nc2cccc(C(C)=O)c2)cc1,0.15
COc1ccc(C(=O)Nc2ccc3[nH]ccc3c2)c(OC)c1,-32.6
CC(C)NC(=O)CCCCn1c(=O)c2ccccc2n(CC(=O)Nc2ccccc2F)c1=O,7.05
Oc1cccc(-c2nc(N3CCOCC3)c3oc4ncccc4c3n2)c1,12.8
CNC(=O)[C@@H]1CN(C(=O)c2ccc(F)cc2C)CCO1,6.3
Cc1cc(C)n(C[C@H]2CN(Cc3nc(C(C)C)ns3)CCO2)n1,10.45
COC[C@H](C)NC(=O)COc1ccc(N2CCCC2=O)cc1,0.0500000000000002
Cc1cnn([C@H]2CCCN(C(=O)CCc3c(C)noc3C)C2)c1,15.45
CC(C)(C)C(=O)NCCNCc1ccc(Cl)c2cccnc12,-12.1
CC[C@]1(C)NC(=O)N(CC(=O)Nc2cc(C)ccc2OC)C1=O,-29.0
Cc1cc(C(=O)N2CCS(=O)(=O)C[C@@H](C)C2)nc2ccccc12,3.5
CCc1nc(C)ncc1C(=O)N1CCC[C@H](n2nc(C)nc2C)C1,11.05
O=C(Nc1cccc2cnccc12)c1cccc(N2CCCC2=O)c1,63.4
C[C@](O)(CNC(=O)c1cccc2[nH]c(CO)nc12)C1CC1,10.3
COc1cc(NC(=O)CN2C(=O)N[C@@H](C(C)C)C2=O)cc(OC)c1,-2.9499999999999993
CN(CC(=O)N1CCC[C@H](n2ccnc2)C1)Cc1ccccc1,-18.3
C[C@@H](Cc1ccccc1F)C(=O)NC1(c2ncccn2)CCOCC1,1.75
CCN(C[C@H](C)C#N)C(=O)c1ccc2c(c1)OCCCO2,1.6
Cc1noc([C@H](C)N2CCN(CC(=O)NC3CCCC3)CC2)n1,12.3
COc1ccccc1CN1CCN(C(=O)c2cccnc2)CC1.O=C(O)C(=O)O,5.35
CN(Cc1csc(-c2ccccc2)n1)C(=O)NC(c1nccn1C)C1CC1,13.2
CCCS(=O)(=O)Nc1ccc2c(c1)C(=O)N(C)c1cc(C)ccc1O2,8.85
COc1ccc(CC(=O)N2CCC[C@H]2c2ccc(OC)cn2)cc1,5.15
O=S1(=O)C[C@@H]2[C@H](C1)N(Cc1noc(C3CC3)n1)CCN2c1ncccn1,11.3
Cc1cccc(C)c1N1CCN(C(=O)N2CCCCC2)CC1,50.1
CCOc1ccc(NC(=O)Cn2c(=O)c3c(OCC)c(CC)cnc3n(C)c2=O)cc1,1.700000000000001
CCN(C)c1cccc(NC(=O)N2CCN(S(=O)(=O)N3CCOCC3)CC2)c1,-3.4
CN(C)C(=O)CCN1CCC[C@H]1c1ccc2c(c1)OCCO2,22.5
C[C@H]1CN(C(=O)Nc2cccc(-n3ccnn3)c2)CCS(=O)(=O)C1,0.2999999999999998
O=C(Cn1cnc2cc(Cl)ccc2c1=O)N1CCN(C(=O)[C@@H]2COc3ccccc3O2)CC1,2.1
CCCCS(=O)(=O)Cc1nc2ccc(C)cc2c(=O)[nH]1,10.866666666666667
CC(C)C(=O)N1CCC(N2C[C@@H]3CC[C@H]2CNC3)CC1.Cl.Cl,4.7
CNC(=O)N1CCC(C2CCN(C(=O)c3ccccc3OC)C2)CC1,16.25
CCc1nccn1[C@H]1CCCN(C(=O)c2cnccn2)C1,10.65
Fc1cc2c(c(CN3CCN(c4ccccc4)CC3)c1)OCOC2,1.0499999999999998
O=C([C@@H]1CN(C(=O)CCn2ncc(=O)c3ccccc32)c2ccccc2O1)N1CCOCC1,15.4
C[C@H](O)C1(NC(=O)c2cc(=O)n(C)cc2Br)CC1,5.35
Cn1cnc([C@@H]2CN(C(=O)c3coc4c3C(=O)CCC4)C[C@H]2C(=O)NC2CC2)c1,8.4
CN(C(=O)c1ccc2c(c1)CCO2)c1ccccc1,-16.3
COc1ccc(NS(=O)(=O)c2cc(N3C(=O)C(C)(C)CS3(=O)=O)ccc2OC)cc1OC,-1.7000000000000002
Cc1nn(C)c(Oc2ccccc2)c1CN[C@@H](C)C(=O)N(C)C,-2.4000000000000004
NC(=O)COc1cc2oc(=O)c3c(c2cc1Cl)CCCC3,18.65
COc1c(-c2ccco2)oc2ccc(C)cc2c1=O,-12.4
COc1cc(C)c(CN2CC[C@]3(OC)CC[C@@H](O)C[C@H]23)cc1C,10.0
CCN(CC)C(=O)CS(=O)(=O)C1CCC(C)(C)CC1,-12.25
Cc1ccc(-c2nc(CN3CCCC[C@H]3C(N)=O)cs2)o1,14.8
COC(=O)[C@H](CC(C)C)NC(=O)c1ccc(NC[C@@H](N)CS)cc1-c1cccc2ccccc12.O=C(O)C(F)(F)F,100.25
CSc1nc2ccccc2c(C)c1N,7.45
Cc1ccc(C(=O)NCCNC(=O)C[C@](C)(O)C2CC2)cc1F,-2.6
N#Cc1ccc(C(=O)N2CCCCC2CCN2CCOCC2)cn1,8.0
COc1ccccc1-c1ncccc1N,7.9
CC(=O)N1CCCCC1C(=O)Nc1cc(-c2ccc(=O)[nH]n2)ccc1C,4.75
COc1ccc(NC(=O)NCc2ccc(OC)c(OC)c2)cc1,-0.6499999999999999
COc1cccc(NS(=O)(=O)c2ccc3oc(=O)c4ncn(C)c4c3c2)c1,15.1
Cc1cn2c(n1)CC[C@H](NC(=O)c1csnn1)C2,50.400000000000006
CS(=O)(=O)N1CCC[C@H](NC(=O)Nc2ccc(F)c(F)c2)C1,14.8
O=C1C(=O)N(CCc2ccccc2)c2ccc(Br)cc21,93.25
CCOc1ccc(CNC(=O)C2CCN(c3nn4c(=O)c5c(nc4s3)CCCC5)CC2)cc1,13.2
CC1(C)[C@@H](NC(=O)c2cnn(C3CCC3)c2)CS1(=O)=O,-0.2999999999999998
CCOc1ccc(CN2CCN(C(=O)c3cnn(C)c3C)CC2)cc1,6.699999999999999
CCN(Cc1cccc(F)c1)C(=O)CN1CC[C@H](CO)C[C@@H]1C,11.433333333333332
CC(NC(=O)CNC(N)=O)c1ccc2c(c1)OCCCO2,-3.4000000000000004
O=S(=O)(c1ccc2c(c1)CCO2)N1CC2(CCC2)[C@@H]1C1CCOCC1,-9.05
CNC(=O)NC(=O)CN1CCN(Cc2ccc3c(c2)OCO3)CC1,10.05
CNS(=O)(=O)c1ccc(C(=O)Nc2ccc(-n3ccnc3C)c(F)c2)o1,-2.9499999999999997
O=C(Cn1cnnn1)N1CCCn2ccnc2C1c1ccccc1,11.6
CN(C)S(=O)(=O)c1ccccc1CNC(=O)Cn1cc(-n2cccc2)cn1,-2.8000000000000003
Cc1nc2ccccc2c(=O)n1NC(=O)CCc1cccc(F)c1F,-10.9
CN(c1ccc(C#N)cn1)[C@H]1CCN(CC(F)(F)F)C1=O,-22.25
NC(=O)COc1ccc(C(=O)N2CCC[C@H]2C2CCCC2)cc1,15.366666666666664
CC[C@H](Oc1ccccc1F)C(=O)N1CCNC(=O)c2ccccc21,-6.95
CCn1cc(C(=O)N2CCN(c3cc(C)ccc3C)CC2)c(=O)c2cc(S(=O)(=O)N3CCOCC3)ccc21,10.7
C#CCNC(=O)[C@H]1CC(=O)N(c2ccc(C)cc2F)C1,-20.05
CCNc1cc(C)nc(N2CCN(C(=O)c3cccc(Cl)c3)CC2)n1,23.65
O=C(NCc1cccnc1)c1nc(N2CCOCC2)c2oc3ccccc3c2n1,14.75
COc1c(Br)cc(Cl)cc1S(=O)(=O)NCC[C@H]1CCNC1.Cl,4.35
CCOCC(=O)N1CCC2(CC1)CN(c1ccc(C#N)c(C(F)(F)F)c1)CC2C(N)=O,10.7
O=C1NCC(=O)N2CC3(CCN(S(=O)(=O)c4ccccc4)CC3)CC12,13.6
Cc1cc(C(=O)N2CCN(C[C@H](O)c3ccccc3)CC2)c(C)o1,-0.3500000000000001
Cc1c(NC(=O)NCc2ccccc2)n(C)c(=O)n1-c1ccccc1,2.0
O=S(=O)(Nc1cccc2cccnc12)c1ccc2c(c1)OCCO2,62.15
CNC(=O)c1ccc(=O)n(Cc2cc(=O)oc3cc(C)ccc23)c1,-1.55
CC(=O)Cn1c(C)cc(=O)c2cc(F)ccc21,13.05
Cc1ccc(NC(=O)[C@H]2CC(=O)N(C3CCCC3)C2)c(O)n1,-1.25
COc1cc(NCc2ccc3nc(N)nc(N)c3c2C)cc(OC)c1OC,99.95
CCCn1c(=O)n(C)c(=O)c2c(S[C@@H](C)C#N)nc(C(C)C)nc21,-10.85
NC(=O)COc1ccc(OCc2cc(F)cc3cccnc23)cc1,0.25
FC(F)(F)c1ccnc(NOCc2ccccc2)n1,3.8
O=C(Oc1c(Cl)cc(Cl)c2cccnc12)c1ccco1,100.05
CC[C@]1(C)NC(=O)N(N=C2CCCOc3ccc(F)cc32)C1=O,-5.0
O=C(CCCc1cccs1)N[C@@H]1COCC[C@H]1Oc1ccc(CO)cc1,8.15
CNC(=O)NC(=O)CCN1CCC[C@H]1c1ccc2c(c1)OCCO2,-17.15
COc1cc([C@@H]2c3cc4c(cc3[C@@H](O[C@@H]3O[C@@H]5CO[C@@H](C)O[C@H]5[C@H](O)[C@H]3O)[C@H]3COC(=O)[C@H]23)OCO4)cc(OC)c1O,67.55
Cn1ncc(N2CCC[C@H](CO)C2)c(Cl)c1=O,19.299999999999997
Cc1n[nH]c(C)c1[C@@H]1COCCN1Cc1ccc(C#N)cc1F,-1.099999999999999
Cn1c(SCC(=O)c2ccc3c(c2)NC(=O)CO3)nc2ccccc2c1=O,4.15
C[C@@H](Cc1nc(-c2ccc(N3CCOC3=O)cc2)no1)n1cccn1,-5.15
COc1ccc(CN(C(=O)c2ccc(NC(C)=O)cc2)C2CC2)cc1,-11.3
O[C@@H]1CN(C2CCCCC2)CC[C@H]1c1ccc2c(c1)OCO2,3.649999999999999
COc1ccc(C(=O)NCCS(=O)(=O)N2CCN(c3ccccn3)CC2)cc1,10.8
Cc1nc([C@@H]2CN(Cc3ccccc3C)CCO2)no1,-11.05
CC1CN(CC(=O)C(C#N)c2ccccc2)CC(C)O1,4.45
O=c1nc(SCc2ccc(F)cc2)c2c(n1C1CCS(=O)(=O)C1)CCC2,12.1
CC(=O)c1cc(CCC(=O)N(C)C)oc1C,-8.4
O=C(O)c1ccc2cc(-c3ccc(O)c(C45CC6CC(CC(C6)C4)C5)c3)ccc2c1,101.05
COc1cccc(NC(=O)N2CCN(c3cc(-n4cccn4)nc(C)n3)CC2)c1,8.95
CC[C@H](NC(=O)N1CCC(OC2CCC2)CC1)C(=O)N1CCOCC1,-0.8
CCN1CCN(c2ccc(C(=O)N[C@H]3CS(=O)(=O)c4ccccc43)cc2)CC1,8.75
Cc1ccc(CNC(=O)[C@H]2CCCN(c3cnccn3)C2)n1C,5.199999999999999
Cn1nc(C2CC2)nc1CN1CCC[C@H]1C(=O)NCc1ccco1,12.7
O=C(c1ccncn1)N1CCC2C(=O)N(Cc3ccccc3)CCN2CC1,-6.85
COc1cc(-c2nnc(CSc3nc4nc(C)cc(C)n4n3)o2)cc(OC)c1OC,20.5
CCOc1ccc(S(=O)(=O)N[C@H]2CN(C)C[C@@H]2C(=O)NC)cc1,16.55
CCOC[C@H](NC(=O)NCCc1c[nH]c2cccc(OC)c12)C(C)C,-16.7
O=C(Cn1c2ccccc2c(=O)c2ccccc21)NCCc1cccnc1,3.25
Cc1nn(CC(=O)NCCN2CCOCC2)c(=O)c2c(-n3cccc3)n(-c3ccccc3)nc12,7.9
CS(=O)(=O)Cc1ccc(C(=O)Nc2ccccc2N2CCOCC2)cc1,6.2
CN(CC(=O)N(C)[C@H]1CCc2ccccc21)c1ncnc2nc[nH]c12,-5.45
O=C(Nc1ccncc1)c1cc2ccccc2o1,-6.0
C[C@H](NCc1cccc(N2CCCS2(=O)=O)c1)c1ccc(C(F)F)nc1,2.5
CCN(CCCNC(=O)[C@H]1CC(=O)N(c2cccc(OC)c2)C1)S(C)(=O)=O,4.5
O=C(Nc1nc(C2CC2)cs1)N[C@H]1CCCc2occc21,-27.75
Cn1nc(C(=O)N2CCC3(CC2)CN(C2CCSC2)CCO3)ccc1=O,11.8
CN(C)c1ccc(NC(=O)C2=Cc3ccccc3OC2)cn1,-2.6
O=C(C[C@@]1(O)C(=O)Nc2cc(Br)ccc21)c1cccs1,11.95
Cc1cc(SCC(N)=O)n2c(nc3ccccc32)c1C#N,39.9
CCc1nc2nc3c(cn2n1)C(=O)CC(C)(C)C3,14.25
Cc1csc(NC(=O)CN2CC[C@H](O)C2)n1,10.5
CN1C(=O)C[C@H](C(=O)NCC(=O)C2(C)CCCC2)[C@H]1c1nccn1C,1.3
O=C(O)CCCCCCCC(=O)O,16.3
O=C(c1ccc(OC[C@H]2CCCO2)cc1)N1CCC(O)(C(F)F)CC1,4.199999999999999
N#Cc1ccc(Cn2cnc3ccccc3c2=O)cc1,1.1
CC1CCN(c2nn3c(=O)c(C(=O)NCc4ccccn4)cnc3s2)CC1,17.9
CCOc1ccccc1C(=O)N1CC(N2CC(F)(F)C[C@H]2CO)C1,-15.55
COc1ccc2nc(C(=O)N3CCN(c4cc(C)ccc4C)CC3)cn2n1,24.1
CCNc1cc2c(nn1)CCN(C(=O)CCOCC(F)(F)F)C2,-7.85
O=C([C@H]1CCc2n[nH]c(=O)n2C1)N(Cc1ccccc1F)CC1CC1,-16.1
CC(C)c1cccc(S(=O)(=O)NC[C@](C)(O)c2ccco2)c1,11.1
CN(C)C(=O)Cc1ccccc1NC(=O)NCCCNc1cccnc1,21.35
Cc1c(Cl)cccc1S(=O)(=O)Nc1nc(CC(=O)N2CCN(C)CC2)cs1,19.8
O=C(Nc1ccc(F)cc1)N1CCC(n2cnc3cc(F)ccc3c2=O)CC1,4.35
CC[C@H](NC(=O)c1ccc2c(c1)OCCCO2)c1cccs1,-6.45
Cc1nn(CC(=O)N(Cc2cccs2)c2ccc3c(c2)OCCO3)c(=O)c(C#N)c1C,-25.049999999999997
Cn1c(=O)c2c(ncn2CCCC(=O)Nc2cccc3ncccc23)n(C)c1=O,24.45
CCc1cc(-n2cnc(C#N)n2)ncn1,19.65
Cn1cc([C@]2(CNC(=O)N3CCc4ccccc43)CCCO2)cn1,6.9
Nc1ccc2c(c1)C(=O)C(=O)c1ccccc1-2,95.1
CN1C(=O)C(CC(=O)Nc2ccccc2)=C2CCCCC21,-11.65
Cc1ccc(CN(C)C(=O)NC2CN(C)S(=O)(=O)c3ccsc32)o1,7.9
c1ccc(Oc2ccc(CNC[C@H]3CNc4ccnn4C3)cn2)cc1,12.4
Cc1ccc(C(=O)N2CCOc3ccc(NC(=O)C4CC4)cc3C2)s1,6.7
Cc1nc2n(n1)C[C@@H](NCc1cccs1)CC2,2.95
Nc1ccccc1CN(C[C@H]1CCCCO1)C1CC1,-22.55
COc1ccccc1CNC(=O)Cn1c(C)ccc(NS(=O)(=O)c2ccccc2)c1=O,9.6
Cc1ccc2nc(Nc3ccccc3)c(/C=N/O)c(=O)n2c1,50.6
CCN(C[C@H](C)C#N)Cn1nc2ccccn2c1=O,18.75
COCCCNC(=O)CCc1nc(C2CCCN2C(=O)c2ccccc2)no1,4.55
CN(C)CCCN1C(=O)c2oc3ccccc3c(=O)c2C1c1ccccc1F,16.05
CC(C)[C@@H](CO)NC(=O)Nc1c(C(F)(F)F)nn(C)c1Cl,7.1
CC(C)(Cc1ccc(O)cc1)C(=O)NCc1ccc2cncn2c1,-7.050000000000001
C[C@@H](c1ccccc1F)N(C)CC(=O)N1CCN(c2cnccn2)CC1,-18.049999999999997
N#Cc1ccnc(N2CCN(c3cc(=O)n4ccccc4n3)CC2)c1,7.050000000000001
COc1cc2nc3n(c2cc1OC)C(O)C=C(c1ccccc1)S3,12.25
O=C(COc1ccc(I)cc1)NCCc1ccc2c(c1)OCCO2,-11.45
Cc1nccn1CCCNC(=O)[C@@H](NC1=NS(=O)(=O)c2ccccc21)C(C)C,3.9499999999999993
COc1cccc(N2CC(C(=O)NCCCOC(C)C)CC2=O)c1,6.6000000000000005
Cc1cc(C)c(CNC(=O)[C@H](C)OCCC(C)C)c(=O)[nH]1,9.45
COc1ccc(Br)cc1S(=O)(=O)N1CCC[C@H]1C(N)=O,13.45
COc1ccc(NC(=O)N(C)[C@H]2CCS(=O)(=O)C2)c(Cl)c1,9.6
O=C(N1CCOCC1)N1CCC[C@H]1c1cccnc1,2.75
NCC(=O)Nc1ccc(-n2nc(C(F)(F)F)cc2-c2ccc3c(ccc4ccccc43)c2)cc1,99.7
O=C(Cn1ccc(=O)c2ccccc21)N1CCC[C@H]1C1CCCCC1,-7.877535000000001
COc1cc(C(=O)Nc2ccccc2N2CCN(S(C)(=O)=O)CC2)cc(OC)c1OC,13.45
CC(C(=O)N1Cc2c(C(=O)NC3CC3)nn(C)c2C1)c1ccccc1,15.7
O=C(NOCC1CC1)c1ccc(F)c(F)c1Nc1ccc(I)cc1Cl,26.85
Cc1nc(NC(=O)[C@@H]2CCCN2C(=O)c2ccco2)sc1-c1nccn1C,-9.75
Cc1cccc2[nH]c(CCNC(C)CNS(=O)(=O)C3CC3)nc12,13.8
CCCCc1nc(NCCO)c(C#N)c2c1CCCC2,51.75
CCCN(C(=O)c1cc(OC)ccc1Br)[C@H]1CCS(=O)(=O)C1,8.2
CSc1cccc(NC(=O)CC(C)n2ccnc2)c1,25.05
Cc1ccc(C)c(-n2ncc(C(=O)N3CCC[C@@H]3CN3CCOCC3)c2C)c1,-20.6
Cc1c(Cl)c(C(=O)N2CCC2c2cccs2)nn1C,15.8
COc1ccc(S(=O)(=O)N(C)c2ccccc2)cc1Cl,2.1499999999999995
C[C@@H]1C(=O)O[C@H]2[C@H]1CC[C@@]1(C)C(=O)C=C[C@@](C)(O)[C@H]21,3.0
CCCCCCNC(=O)n1cc(F)c(=O)[nH]c1=O,92.35
COc1ccc(S(=O)(=O)N2CCC[C@@H]2CN)cc1OC.Cl,-2.6
CC(=O)Nc1ccc(S(=O)(=O)NCc2ccc3c(c2)CCN3C(=O)CC(C)C)cc1,-16.4
Nc1nccc(-c2ccccc2OCCOCC(F)(F)C(F)F)n1,4.3
CCN(C[C@H]1CCCO1)S(=O)(=O)c1cccc(C#N)c1,-10.3
Cc1noc(C)c1CN(C)C(=O)NC[C@H]1CCCO1,23.2
CCC(NC(=O)c1ccc2cccc(F)c2n1)C1CC(O)C1,5.0
COc1ccc(OC)c(CNCc2ccc(CS(C)(=O)=O)cc2)c1,-14.96554
Cc1ccc2c(c1C)OC[C@@H]2NC(=O)NCCCCn1ccnc1C,-2.7
Cc1cnn(CCC(=O)N[C@H]2CCCc3[nH]c(=O)ccc32)c1,3.75
CCc1ccc(CN2CCCNC(=O)[C@@H]2Cc2ccccc2)o1,12.2
CCc1cccc(OCCCNC(C)(C)C)c1.O=C(O)C(=O)O,6.2
COc1ccccc1Cc1noc([C@H]2CC23CCOCC3)n1,1.1
COc1ccc(OCC(=O)N2CCC(c3nc(-c4ccc(NC(C)=O)cc4)no3)CC2)cc1,27.5
CCn1cc(C(=O)N2CCC(c3nc(N(C)C)ncc3C(=O)NC(C)C)C2)cn1,-10.3
CCc1cccc(NC(=O)Cn2c(N3CCOCC3)nc(C)cc2=O)c1,52.4
CN(C(=O)Cn1ccccc1=O)[C@H]1CCCc2ccccc21,-9.25
CCOC[C@H]1CCCN(C(=O)c2cc(N3CCCC3=O)ccc2F)C1,-2.15
Cc1ccc(Oc2ccc(NC(=O)N3CCC(c4nc(=O)[nH][nH]4)CC3)cn2)cc1C,1.65
COc1ccc2ccn(CC(=O)Nc3ccc(F)cc3F)c(=O)c2c1,17.25
COc1ccc(C(N)=O)c(OCc2cc(=O)oc3cc(OC)ccc23)c1,12.7
CNC(=O)[C@@H]1CCCCN1C(=O)CSc1nc(C)cc(C)n1,7.05
COc1ccc(OC(C)C(=O)N2CCCCCC2)cc1,1.2000000000000002
Cc1ccncc1C(=O)N1CCC2(CCc3ccccc3O2)CC1,3.05
Cc1noc(C)c1CN(C)C(=O)NC[C@H]1CCOC1,-18.5
CCN(CC)S(=O)(=O)c1cccc(C(=O)Nc2cccc3ncccc23)c1,-2.5
CCCC(C)N1CC2(CCN(C(=O)CCN3CCCCC3=O)CC2)OC1=O,10.4
Cc1ccc(CC(=O)N2CCN(C(=O)[C@@H]3CCCCO3)CC2)cc1,13.3
N#Cc1c(CN2C(=O)N[C@]3(CCSC3)C2=O)cn2ccccc12,-9.9
Cc1ccccc1NC(=O)CNC(=O)c1ccc(Br)cc1,6.05
COc1cccc(C(=O)Nc2nc3ccc(S(=O)(=O)N4CCOCC4)cc3s2)c1OC,-15.1
COc1ccccc1[C@H](C)N(C)C(=O)c1ccn(C)c(=O)c1,-7.25
CC(C)c1cc(C(=O)NCCNc2ncccn2)nn1C(C)(C)C,11.1
CCC(CC)N1C[C@@H](C(=O)NCc2cscn2)CC1=O,-76.9
CC(O)c1cc2n(n1)CCCN(Cc1nc3c(cnn3C)c(=O)[nH]1)C2,14.45
O=C(CCn1cnc2ccsc2c1=O)N1CCN(c2ccccn2)CC1,3.9
CCn1cc(C(=O)NCCCOC)c2nn(-c3ccccc3)c(=O)c-2c1,18.75
C[C@@H](Cn1cncn1)NC(=O)CCNC(=O)c1[nH]nc2ccccc12,5.800000000000001
CCN(C(=O)Nc1cccc2c1CCO2)c1ccc(OC)c(OC)c1,0.6500000000000004
O=C(N[C@H]1CC(=O)N(CCN2CCOCC2)C1)c1ccc2c(c1)CCC=C2,-16.4
CCc1c(Cl)nc(C)nc1NCCC(=O)NCc1ccncc1,1.4000000000000004
Cc1c(C(=O)N(C)C)sc2ccsc12,-9.0
COc1ccc(Cl)cc1CC(=O)N1CCC[C@@H]1Cn1cc(C)cn1,-1.3000000000000007
N#Cc1ccc(C(=O)N2CCS(=O)(=O)C[C@H]2C2CCC2)s1,-5.8
Cc1cc(F)cc2c(=O)c(C(=O)N3CCC[C@](C)(O)CC3)c[nH]c12,-0.2999999999999998
O=C(NC1CCN(C(=O)N2C[C@H]3C[C@@H](C2)[C@H]2CCCC(=O)N2C3)CC1)c1cccs1,9.8
COc1ccc(OC)c(S(=O)(=O)N2CCN(c3cc(N4CCCC4)nc(C)n3)CC2)c1,5.25
CC(=O)N1CCN(c2cccc(N)c2C)C1=O,6.1932754999999995
CC(c1ccccc1)c1ccc(O)cc1O,8.75
C[C@H](NC(=O)c1cccc(NS(C)(=O)=O)c1)c1ccc(-n2ccnc2)cc1,-7.4
Cc1ccc(C(=O)N2CC(N3CC(F)(F)C[C@H]3CN(C)C)C2)cn1,4.3
CC(C)NC(=O)c1ccc(NC(=O)C(C)N2CCN(C)CC2)cc1,16.549999999999997
O=C(NCCc1ccccc1)c1nnc(-c2ccc(S(=O)(=O)N3CCCC3)cc2)o1,6.05
CCC(C)(C)NC(=O)CSc1nc(=O)cc(O)n1C1CCCC1,3.6999999999999993
CC[C@H](O)CN(CC1CCNCC1)c1ccccc1.Cl,8.6
Cc1nc(COc2cccc(-c3nc([C@H]4CCOC4)no3)c2)no1,-8.6
O=C(NCCOc1ccccc1F)c1cc2ccccc2cc1O,23.950000000000003
C[C@H]1CN(C(=O)COc2ccc(Cl)cc2Br)CCN1CC(C)(C)O,-7.2
CN(c1ncnc2c1cnn2CCC#N)C1CCCCC1,21.5
O=C(CCC(=O)N1CCOC[C@@H]1CC1CC1)N1CCC(O)CC1,7.75
CC1(C)[C@H]2CC=C(CCNC(=O)N3CCC(O)(Cn4ccnc4)CC3)[C@@H]1C2,8.55
Cc1ccc(NC(=O)CN2C(=O)N[C@@H](CC(C)C)C2=O)cc1,-1.9333333333333336
CCS(=O)(=O)N1CCc2cc(C(=O)NCc3ccco3)ccc21,14.7
O=C(CC1CCc2nnc(C3CCOCC3)n2CC1)Nc1ccccc1,8.2
O=S(=O)(Nc1csc(-c2ccccn2)n1)c1ccc2c(c1)OCCCO2,4.25
O=C(NC1CCNCC1)[C@@H]1COc2ccccc2O1,4.75
c1ccc([C@@H](NCc2ccc3occc3c2)c2nnc[nH]2)cc1,11.0
CC(C(=O)Nc1ccnn1C1CCCC1)n1cnc2ccccc2c1=O,9.4
O=C1COc2ccc(-c3csc(-c4ccccn4)n3)cc2N1,5.949999999999999
CC[C@@H](CO)N1CCN(CC2(CCOC)CCCCC2)CC1,14.5
Cc1nc2cc(C(=O)N3C[C@H]4CC[C@@H]3CN(C(=O)N(C)C)C4)ccc2s1,6.199999999999999
CCOc1ncccc1CNC(=O)N1CCC[C@H](n2cc(C)cn2)C1,3.850000000000001
Cc1ccc(C)c(CS(=O)(=O)[C@@H](C)C(=O)NC2CC2)c1,-15.2
Cc1cc(C(=O)N[C@H]2CCS(=O)(=O)C2)c2cnn(C(C)C)c2n1,19.95
CCCC(C)N1CC2(CCN(C(=O)c3ccc(F)c(F)c3)CC2)OC1=O,12.65
O=C(c1ccc(=O)[nH]c1)N1CCN(S(=O)(=O)c2ccc(Cl)cc2)CC1,-5.1
Cn1ncc(C(=O)N2CCC[C@H](S(=O)(=O)N3CCOCC3)C2)c1-n1cccc1,-8.9
CC(=O)N1CCc2cc(NC(=O)c3ccc(-c4nnn[nH]4)cc3)ccc21,24.549999999999997
Cn1nc2n(Cc3cccs3)c(=O)c3sccc3n2c1=O,10.75
CS(=O)(=O)N[C@H]1CCCN(C(=O)NCCc2ccccn2)C1,-18.200000000000003
CCCCc1noc(CNc2ccc(C(N)=O)c(Cl)c2)n1,7.3
Cc1c(F)cccc1NC(=O)N1CCC(O)(Cn2cc(C(=O)NC3CCCC3)nn2)CC1,36.233333333333334
O=C(N[C@H]1CCc2nccn2C1)C1=COCCC1,-7.9
CC[C@H](O)CN1CCN(C(=O)c2cn(-c3cccc(C)c3)nn2)CC1,-5.0
Cc1ccc(C)n1NC(=O)c1ccccc1,15.1
C[C@H](NCCOc1ccc(Br)cc1)c1cnccn1,-5.5
COc1cccc(NC(=O)CN2CCCN(Cc3cccc(F)c3)S2(=O)=O)c1,11.45
COc1cccc([C@@H]2C(C(=O)c3ccc(OC)cc3O)=C(O)C(=O)N2CCCN(C)C)c1,11.55
Cc1ccc2cc(C(=O)N3CCN(C[C@H](C)O)CC3)c(C)nc2c1,-14.75
Cc1sc(NC(=O)c2cccnc2)nc1-c1ccc2c(c1)N(C)C(=O)CO2,31.5
CSc1ccc(OCc2cc(=O)n3ccc(C)cc3n2)cc1,12.85
COc1ccc(C(=O)NCCN2CCN(S(=O)(=O)c3ccc(OC)cc3)CC2)cc1,2.6500000000000004
Cc1ocnc1C(=O)N1CCc2c(Br)ccc(F)c2C1,-7.55
Cc1nc2ccc(C(=O)N3CCC[C@H](OC(C)C)C3)cc2nc1C,-3.5500000000000003
COCc1ccccc1C(=O)N1CCC[C@H](n2cncn2)C1,-0.65
Cc1cc(NC(=O)N2CCN(C[C@H](O)c3ccccc3)CC2)n(C)n1,8.149999999999999
COCCn1cnnc1CCNC(=O)C1(c2ccccc2)CC12CCCC2,19.6
COC[C@H]1CC[C@H]1NC(=O)CCCc1csc(C)n1,11.85
CC[C@H]1CN(C(=O)CCc2nc(-c3ccccn3)no2)CCN1CCOC,-2.65
CC(C)(C)c1cc(CN2CC(=O)NC[C@H]2c2ccccc2)no1,-4.75
COc1ccccc1N1CCN(C2OC(=O)c3c2ccc(OC)c3OC)CC1,9.2
CC(C)Oc1ccc(CCNC(=O)c2cc3n(n2)CC(O)CNC3=O)cc1,8.3
O=C(NCc1ccc(F)cc1)c1ccc2c(c1)OCCO2,-3.1000000000000005
O=C(Nc1ccn(Cc2ccccn2)n1)c1cc2ccccc2oc1=O,-15.373805
CC(C)(C)c1cc(CNCc2n[nH]c(=O)[nH]2)n[nH]1,-0.25
COc1cc(F)cc(CNC(=O)N2CCC[C@H]2c2cccc3c2OCCO3)c1,-55.650000000000006
COc1cc(C)c(S(=O)(=O)NCc2cccc(CS(N)(=O)=O)c2)c(C)c1,-7.2
O=C(COCC1CCCO1)NCc1nc(Cc2ccccc2)no1,13.15
Cc1ccc(C)c(C(=O)CCC(=O)NC2CCN([C@H]3CCOC3=O)CC2)c1,17.2
O=C(CNC(=O)c1ccc(F)cc1)Nc1ccc(N2CCCC2=O)c(Cl)c1,24.265795
CC(=O)Cn1c(=O)c2c(nc3n2CCCN3c2cccc(C)c2C)n(C)c1=O,14.85
COc1ccc(CC(=O)N2CCC[C@H](n3cc(C)cn3)C2)c(OC)c1,-4.9
C[C@@H](C(=O)Nc1ccc(Cl)cc1F)N1CCN(CC(=O)N2CCCC2)CC1,28.05
COc1cc2ncc(=O)n(Cc3ncc(C(C)(C)C)o3)c2cc1OC,-5.5
CCCCN(CC)CCCNC(=O)c1cc2c(=O)n(C)c3ccccc3c2n1C,18.85
NC(=O)N1CCC[C@H](C(=O)N2CCc3sccc3C2)C1,9.2
CCC1CN(C(=O)N2CCC(C(=O)NCc3cc(OC)c(OC)c(OC)c3)CC2)c2ccccc2O1,17.85
CCCN1C(=O)NC(CC(=O)NCc2csc(N3CCCC3)n2)C1=O,9.95
CCCNC(=O)c1ccc2c(c1)C1(CCN(C(=O)C(C)C)CC1)C(=O)N2C,5.6499999999999995
CCN(CC)[C@@H](CNC(=O)c1ccccc1S(=O)(=O)CC)c1ccsc1,-7.9
CCC(=O)N1CCN(Cc2nc3cc(NC(=O)C4CCCCC4)ccc3n2C)CC1,10.9
CN(C)[C@@H]1NC(=O)c2cc(-c3ccccc3)sc2N1,-15.1
CC[C@H]1C(=O)NCCN1C(=O)c1ccc(C)c(F)c1,-11.55
Cc1noc2ncnc(NCCc3ccc(Cl)cc3)c12,4.85
O=C(c1ccccc1)N1CCC(OCC2CC2)C1,7.6
COc1ccc(C(=O)Nc2ccccc2NS(C)(=O)=O)c(F)c1,-13.3
CCOC(=O)c1ccc(OC(=O)CCCCCNC(=N)N)cc1.CS(=O)(=O)O,14.95
COc1ccc(Nc2cc(C)ncn2)cc1,0.7000000000000002
CCc1ccc([C@@H]2C3=C(COC3=O)Nc3c2c(=O)n(C)c(=O)n3C)cc1,15.1
C[C@@H](C1CC1)N(C)S(=O)(=O)NCc1nnc2ccc(Cl)cn12,-21.25
Cc1cc(=O)n2nc(N[C@@H](C)c3ccccc3)sc2n1,68.6
O=C(Cc1ccc(F)cc1)NC[C@H]1COc2ccccc2O1,-4.3500000000000005
C[C@@H](C(=O)N1CCCN(c2cccnn2)CC1)n1ccnc1,-17.2
CN(CCc1ccc(Cl)cc1)CC1(O)CCS(=O)(=O)CC1,15.0
COc1ccccc1N1CCC(NC(=O)N[C@@H](C)c2nc[nH]n2)CC1,18.85
Cc1ccc(Nc2ccn3c(=O)n(CC(=O)N(C)c4ccccc4)nc3n2)cc1,16.150000000000002
C[C@@](CO)(CNC(=O)c1ccc(F)cc1)Cc1ccccc1,-10.0
c1ccc(-n2ncnc2CN2CCCC[C@H]2c2nccs2)cc1,7.75
CCn1cc(NC(=O)c2cccnc2SCc2cc(C)on2)ccc1=O,-19.45
Cc1ccccc1CN1CCC(NC(=O)N2CCC[C@@H]2C)CC1,15.5
Cc1cccc2c(CC(=O)N3CCOC[C@@H]3CCO)c[nH]c12,-2.3
Cc1nn(-c2ccccc2)c(C)c1CN(C)C(=O)c1ccccn1,5.8
Nc1cccc(Nc2ccc3ccccc3c2)c1,57.35
COCC(C)N(Cc1ccccc1C)C(=O)c1ccc(C(C)C)nc1O,12.55
CCS(=O)(=O)c1cccc(S(=O)(=O)N2CCC[C@H](CNC)C2)c1.Cl,8.75
COc1cc(OC)c(OC)cc1CNC(=O)COc1ccccc1-n1ccnc1,9.7
Cc1ccc(-n2cnnn2)cc1NC(=O)N1CC[C@]2(C1)CC2(F)F,-25.4
Cc1n[nH]c(C)c1C(=O)C1=C(O)C(=O)N(CCN(C)C)C1c1cccnc1,14.15
Cc1cccn2c(=O)cc(CN3CCOc4ccccc43)nc12,7.0
CC(=O)c1cn(CC(=O)N2CCC[C@H]2c2cccs2)nn1,-0.7999999999999998
Clc1ccc([C@@H]2CCN2Cc2cncs2)cc1,-2.133333333333334
N#Cc1nc(C2CC2)oc1N1CCN(C(=O)NCc2ccco2)CC1,-5.6
CCS(=O)(=O)c1ccc(-c2ccccc2N(C)C)s1,6.8500000000000005
COc1ccc(C(=O)N2CCS(=O)(=O)c3ccccc3C2)cc1Br,13.75
COc1ccc(C(O)CN2CCN(c3cccc(Cl)c3)CC2)cc1OC,13.25
Cc1noc(C(C)C)c1C(=O)N1CCC[C@H](c2ccn[nH]2)C1,6.1
CCOCCn1c(=O)c2c(nc3n2CCN3c2ccc(CC)cc2)n(C)c1=O,8.399999999999999
Cc1cc(C(=O)N2C[C@H](NC(=O)Cn3nnnc3N)[C@@H](C3CC3)C2)c(C)o1,19.1
CCn1nccc1N1CCC[C@H](NC(=O)c2ccn(-c3cccc(F)c3)n2)C1=O,13.15
COc1ccccc1N(C)C(=O)C1CCN(c2ccc(Cl)cn2)CC1,-2.6999999999999997
CCc1ccc(NC(=O)CN2C(=O)N[C@@H](CC(C)C)C2=O)cc1,5.95
Cc1cc(SCC(=O)N(C)C)nc2ccccc12,0.9500000000000002
CC(C)c1noc(CCC(=O)N[C@@H](C)c2ccccn2)n1,29.5
CCCN(Cc1ccccc1)CN1C(=O)C[C@H]1c1ccccc1,-5.699999999999999
Cc1cc(C)n(C[C@@H](C)CNC(=O)c2ccc(O)nc2)n1,2.5999999999999996
CC(C)(CNC(=O)c1ccc2c(c1)CCC(=O)N2)[C@@H]1COCC12OCCO2,9.8
CCOc1ccc(N2C[C@@H](C)Cn3c2nc2c3c(=O)n(CC)c(=O)n2C)cc1,7.700000000000001
Cc1cccc(C)c1CN(C)C(=O)c1cncc(N2CCCC2=O)c1,-17.95
CC(C)n1ncc2cc(NC(=O)c3ccccc3)cnc21,-3.75
Cc1cc(C(=O)N2CCn3nc(C(O)C4CC4)cc3C2)c2c(C)nn(C)c2n1,5.15
Cc1cc(C)c(Nc2nnc(C)s2)c(C)c1,10.75
COC[C@H](C)NC(=O)CSc1nc2nn(-c3ccccc3)c(=O)c-2c2n1CCCCC2,6.228731999999999
Cc1cc(OCC(=O)O)cc(C)c1Cc1ccc(O)c(C(C)C)c1,12.4
COc1ccccc1-c1ccc(O)cc1,3.649999999999999
C[C@@H]1NC(C(=O)N(C)Cc2cnn(Cc3ccccc3)c2)=NN(c2ccccc2)C1=O,3.0
Cc1cc2ccccc2n1CCN(C)C(=O)[C@@H]1CCCN1S(C)(=O)=O,15.1
Cc1ccccc1CN1CCN(C2CCCC2)C(CCO)C1,14.85
O=C(NCc1ccc(-n2cccn2)nc1)c1cnn(-c2ccccc2)n1,-14.55
COc1ccccc1N1CCN(C(=O)Nc2ccc3c(c2)OCCCO3)CC1,-1.1500000000000004
COc1ccc(CNC(=O)Cn2c(=O)n(-c3ccc(OC)cc3)c3ncccc32)cc1,8.2
O=C(NCCN1CCCC(CO)C1)c1cccc(C(F)(F)F)c1,14.55
CC(C)C[C@H]1C(=O)NCCN1C(=O)c1cnc(C#N)s1,7.35
Cc1ccccc1NC(=O)[C@H](C)N1CCN(c2nccs2)CC1,25.75
CNC(=O)Cn1c2ccccc2c(=O)c2ccccc21,-9.056883
CCOC(=O)C1=C(C)NC(C)=C(C(=O)OC)C1c1cccc(Cl)c1Cl,99.45
CCCN1C(=O)CN(S(=O)(=O)c2ccccc2)CC1(C)C(=O)NCc1ccc(C)cc1,19.1
CCn1cc(C#N)c(=O)n(C[C@H]2CN(c3ccccc3)C(=O)O2)c1=O,-5.1
CC(C)C(=O)N1CCC[C@H](C(=O)NCc2nnc3ccccn23)C1,25.9
C[C@H]1c2ccsc2CCN1C(=O)C1CCCCC1,-3.9
Cc1ccc2[nH]c(S[C@H]3CCCCNC3=O)nc2c1,-13.1
CC(=O)NCCNC(=O)N1CCC[C@H]1c1ccc2c(c1)OCCO2,8.600000000000001
Cc1sc2ncc(C(=O)N(Cc3ccccc3)Cc3ccccc3)c(=O)n2c1C,21.2
Nc1ccc2nc(NCCc3ccc(F)cc3)oc2c1,9.25
COc1ccc(C(=O)N2CCC3(CC2)CCC3(C)O)c(OC)c1,5.45
COc1ccc2c(c1)c(=O)ncn2Cc1ccc(S(C)(=O)=O)cc1,14.666666666666666
CC(C)NC(=O)CN1CCN(C(=O)c2ccsc2)CC1,27.55
O=C(NC1CCCCC1)c1cc(S(=O)(=O)N2CCOCC2)ccc1F,14.9
CCc1ccc(OCC(=O)NCCc2ccc3c(c2)OCCO3)cc1,0.6500000000000001
CC(=O)N1CCN(C(=O)CSc2nnc3cc(C)c4ccccc4n23)CC1,7.2885755
Cc1[nH]ncc1C(=O)N(C)[C@@H](C)c1ccccc1Br,-45.8
Cc1sc2ncn(CC(=O)N3CCN(c4ccccn4)CC3)c(=O)c2c1S(=O)(=O)N1CCOCC1,11.7
Cc1ccc(-c2ccc(F)cc2COc2ccc(CCC(=O)O)cc2)cc1,49.099999999999994
Cc1ccc(F)cc1S(=O)(=O)N[C@@H](C)CN1CCOCC1,0.4000000000000003
COc1cc(CC(=O)N2CCN(S(=O)(=O)c3ccc4c(c3)oc(=O)n4C)CC2)cc(OC)c1,9.1
CCNC(=O)C1CCN(C(=O)c2cccc(F)c2)CC1,-14.1
Cn1c(C(=O)NCC(=O)c2ccccc2)cc2c(=O)n3ccccc3nc21,-17.650000000000002
COc1ccc(Cl)c(CN2CCC[C@H]2c2cnn(C)c2)c1,-15.966666666666669
N#Cc1ccccc1N(C(=O)[C@H]1CCCO1)C1CCC1,-1.3499999999999996
O=C(N[C@@H](CCO)C1CCCCC1)c1ccc2c(c1)OCCO2,-9.95
COC[C@H]1CNCCN1CCCc1nc(-c2ccccc2)no1,4.45
Cn1nnc(-c2ccc(OCC(=O)N3CCC(O)(c4ccc(Cl)cc4)CC3)cc2)n1,54.9
O=C(C[C@H]1CC(=O)NC1=O)NCc1cc2c(s1)CCCC2,7.75
CCN1CCC[C@@H]1CNC(=O)c1nn(-c2ccccc2)nc1C,2.1500000000000004
Cc1ncsc1C(=O)NCC1CCN(C(=O)C(C)Sc2ccccn2)CC1,15.75
COc1cccc(NC(=O)CCOc2cc(C)ccc2C)c1,-16.36666666666667
CC(C)[C@H](CNC(=O)c1cnn(C)c1-n1cccc1)N1CCOCC1,1.6
Nc1nc2c(s1)CN(c1nccc(C(F)(F)F)n1)CC2,6.35
CC(C)(C)c1cc(C=C(C#N)C#N)cc(Br)c1O,86.0
CCn1ncnc1C(NC(=O)c1cnc2ccccn2c1=O)C1CC1,10.45
Cc1csc(N(C)C(=O)c2cccc(C#N)c2)n1,6.949999999999999
CC(=O)N1CCN(Cc2nc3cc(NC(=O)c4ccc(F)cc4)ccc3n2C)CC1,4.2
Cc1ccc(NC(=O)CCN(C)CC2CCN(C)C2(C)C)cc1F,6.55
OCCC1CN(Cc2ccc(F)c(F)c2)CCN1Cc1ccccc1F,16.15
COc1cc(-c2ccc3nc(C)nn3c2)cc(OC)c1OC,22.4
CC(C)c1nnc(CN(C)[C@H]2CCN(c3ccccc3F)C2=O)o1,0.25
CN(C)C1(CNC(=O)C2CC23CCNCC3)CCCCC1.Cl.Cl,11.5
Cc1csc(NC(=O)C2CCCN(S(=O)(=O)c3c(C)nn(CC(=O)N4CCc5ccccc54)c3C)C2)n1,51.3
CC(C)N(CCC(=O)c1ccc2ccccc2c1)Cc1ccccc1.Cl,89.25
Cc1oc(-c2cccs2)nc1Cn1nc2cnccn2c1=O,-15.05
Cc1nc(-c2cccnc2)ncc1C(=O)Nc1ccc2c(c1)N(C)C(=O)C(C)O2,9.6
Cn1ncc(CNC(=O)N2Cc3ccccc3[C@H](c3ccccc3)C2)n1,-12.135242
CCN(CC)S(=O)(=O)c1ccc(Cc2cc(C)n[nH]c2=O)cc1,18.6
CN1CCC(c2c[nH]c3ccc(O)cc23)CC1,11.4
CN1CCN(CCOc2ccccc2CN2CCc3[nH]cnc3C2c2cccnc2)CC1,-0.4500000000000002
Cc1cc(C(=O)N2CCOC[C@H]2c2c(C)n[nH]c2C)oc1C,-19.85
Cc1noc2nc(C)n(CC(=O)NCCc3ccccc3Cl)c(=O)c12,9.9
Cc1oc(-c2cccs2)nc1CC(=O)N1CCO[C@@H](C)C1,2.1499999999999995
CN(Cc1cnc(N(C)C)nc1)C(=O)c1ncn(C(C)(C)C)n1,14.95
CCc1nocc1CN(C)C(=O)c1c(C)c(C)n[nH]c1=O,5.65
CC(C)N(C(=O)c1cnc(-c2ccc3c(c2)OCO3)s1)C(C)C,6.1
CC(C)N1CCCC[C@H]1C(=O)NCc1ccccc1N1CCOCC1,-2.2
CC1(O)CCOC2(CCN(C(=O)c3c(F)cccc3Cl)CC2)C1,-3.0999999999999996
Cc1nc(C)n(C[C@H]2CN(Cc3ccccc3OC(C)C)CCO2)n1,-11.1
COc1cc(C2CC(=O)Nc3c2c(C)nn3C)ccc1O,7.550000000000001
Cc1cnc(C2CN(C(=O)Cc3cccc(F)c3)C2)n1Cc1cccnc1,25.3
O=C(Nc1ccc(C(=O)NCCc2cn3ccccc3n2)s1)c1ccco1,20.25
COc1ccc(OC)c([C@@H]2CCCN2C(=O)Cn2cncn2)c1,3.55
CNC(=O)CN(C)C(=O)c1cc2ccccc2cc1O,7.550000000000001
O=C(NC1CCN(CCCCC2(C(=O)NCC(F)(F)F)c3ccccc3-c3ccccc32)CC1)c1ccccc1-c1ccc(C(F)(F)F)cc1,100.45
COc1ccc(C(=O)C2=C(O)C(=O)N(CCCN(C)C)C2c2ccc(Cl)cc2)cc1,11.4
COc1cc(NC(=O)Cn2nc3n(CCC(C)C)c(=O)c4ccccc4n3c2=O)cc(OC)c1,14.55
Cc1nc(CCNC(=O)[C@@H]2CCCN2C(=O)c2ccccc2O)sc1C,15.6
Cc1cc(-n2nc(C)cc2C)nc(N)n1,10.9
C[C@H](NC(=O)Cn1nnc(-c2cccs2)n1)c1cccs1,2.1
Cc1cnc(-c2ccccc2)n1CC1CCN(C(=O)c2ccoc2)C1,-4.449999999999999
Cc1cc(Cn2cnc3c2C[C@@H](C(=O)O)N(C(=O)C(c2ccccc2)c2ccccc2)C3)ccc1N(C)C.O=C(O)C(F)(F)F.O=C(O)C(F)(F)F,13.0
CCc1nnsc1C(=O)N1CCN(c2nc(C)cc(OC)n2)CC1,15.55
Cc1[nH]c2ccccc2c1C(=O)NCC(C)C,-8.25
C[C@H]1CN(S(=O)(=O)c2ccccc2C(F)(F)F)CCO1,-23.85
COc1cccc(CN(Cc2cccnc2)C(=O)c2ccon2)c1OC,16.0
C[C@@H](CC1CCCC1)C(=O)NCCc1cn[nH]c1,11.0
CC(C)c1noc([C@H](C)N2CCN(Cc3ccncc3)CC2)n1,0.5499999999999998
CCn1nccc1CCN1CCO[C@@]2(CCc3ccccc32)C1,-14.133333333333336
Cc1ccccc1OCc1n(CC(=O)OC2CC(C)CCC2C(C)C)c2ccccc2[n+]1C.[Cl-],96.35
C[C@@H](c1ccccc1)N1CC(=O)N(c2ccc(-n3ccnn3)cc2)C1=O,10.55
O=C(N1CCCN(c2nccs2)CC1)C1(c2ccc(F)cc2)CC1,5.75
COc1ccc(-n2nc(C(=O)NCC(=O)NCCN(C)C)c3ccccc3c2=O)cc1,11.5
O=C1CC(C(=O)N2CC(Oc3ccccc3Cl)C2)C2(CCCCC2)O1,3.5999999999999996
CCc1cnc(NC(=O)[C@H]2CC(=O)N(CC(C)C)C2)o1,4.6
COc1ccc(-c2c(C)noc2NC(C)=O)cc1S(=O)(=O)Nc1ccc2c(c1)OCCO2,13.1
CS(=O)(=O)N[C@H]1CCCN(C(=O)c2ccco2)C1,16.85
CCOc1c(Br)cc(C(=O)NCC(C)(C)CN(C)C)cc1OC.Cl,-17.05
COCCCNC(=O)c1ccc(Cl)o1,0.4500000000000002
O=C(COc1ccc(F)cc1)N1CCC(n2nc(-c3ccsc3)ccc2=O)CC1,7.199999999999999
Cc1cc([C@H](C)NC(=O)N(C)Cc2cnn(C)c2)c(C)o1,11.35
Cc1ccc(C(=O)N(c2ccccc2)C(C)C)cn1,11.85
O=C(c1ccc2c(c1)COC2)N1CCC[C@H](n2ccnc2)C1,-4.45
Cc1ccc(C(=O)/N=c2\nc3cccc(C)n3s2)cc1,15.7
Cn1ccc2cc(C(=O)Nc3ccncc3)ccc21,10.4
C[C@]1(NC(=O)Cn2nc3n(c2=O)CCCC3)CCOc2ccccc21,9.75
Cc1ccc([C@H](CNC(=O)c2ccc(S(=O)(=O)N(C)C)cc2)N2CCOCC2)o1,11.85
Cc1ncc(CN2CCO[C@@H](Cn3cncn3)C2)s1,6.6
COc1cccc(CN(C)C(=O)c2cccc3ncccc23)c1OC,-0.35
O=S(=O)(CCCc1cn[nH]c1)Cc1csc(Br)c1,15.25
Cl.O=C(Nc1cc2[nH]c(=O)[nH]c2cc1N1CCCC1)c1cn(CC2CCCNC2)nn1,14.65
Cc1ccc2c(CSc3nccn3C)cc(=O)oc2c1,0.9999999999999996
CC(C(N)=O)n1cc(-c2cccc(C(=O)N3CCS(=O)(=O)CC3)c2)cn1,15.85
Cc1ccc2c(CC(=O)N(C)Cc3cc(C)on3)cc(=O)oc2c1,-4.300000000000001
COCCNC(=O)CN1CCN([C@@H](C)c2nnc(CC(C)C)o2)CC1,24.8
Cc1nc2ccc(N(C)C[C@@H]3C[C@H](F)CN3Cc3scnc3C)nn2n1,-21.2
Nc1nc(=O)[nH]cc1F,11.4
CN(CC(=O)N[C@H]1CCc2c(F)cccc21)c1ncnc2nc[nH]c12,-0.4000000000000003
CS(=O)(=O)N(CCN1CCCCC1)C1CCCN(Cc2ccc3ccccc3n2)C1,3.55
C[C@@H](CNC(=O)N(C)Cc1nc2ccccc2c(=O)[nH]1)N(C)C,14.6
COc1ccc(C2C(C(=O)c3ccc(Br)cc3)=C(O)C(=O)N2CCCN(C)C)cc1,51.75
Cc1nc2cc(NC(=O)c3ccc(N4CCCC4=O)cc3)ccc2o1,-3.3333333333333335
Cc1nc(=O)c2cnn(-c3ncccn3)c2[nH]1,-5.6
Cc1nn(C)c(C)c1CCC(=O)N[C@@H](C)Cn1ccnc1,-12.8
CC[C@H]1CN(C)c2ccccc2CN1CC#N,5.95
CN(C)c1ncc(C(=O)N2CCOCC2)c(C2CCN(C(=O)C3CC3)C2)n1,-12.65
CSc1ccc(NC(=O)Nc2ccc3c(c2)N(S(C)(=O)=O)CC3)cc1,3.15
COCCN1CCCN(C(=O)c2cc(C)on2)CC1,4.65
CN1CCN(CCNC(=O)c2ccccc2NC(=O)C2=CSCCO2)CC1,16.4
CCCCc1nc(C)c(C(=O)N2CCC[C@H](n3cncn3)C2)s1,0.0999999999999996
O=C(CCN1C(=O)C2C3C=CC(C3)C2C1=O)Nc1cccc(F)c1,14.6
CCN([C@H]1CCS(=O)(=O)C1)S(=O)(=O)c1ccc(Br)cc1,7.6
Cc1ccc(S(=O)(=O)N2CCN(C(=O)c3ccc(-c4cnco4)cc3)CC2)cc1,7.699999999999999
COc1ccc([C@@H](NC(=O)c2c[nH]c(=O)n2C)C2CCC2)cc1,-13.2
CN(CCCNC(=O)Cn1c(=O)c2cccn2c2ccccc21)Cc1ccccc1,16.35
CCCn1nccc1C(=O)N1CCOC[C@H]1c1c(C)nn(C)c1C,19.35
CCc1ccccc1NC(=O)N1CCN(c2ccc(-n3ccc(C)n3)nn2)CC1,9.75
CCN1CCc2ncnc(N3CCC(c4nc(C)no4)CC3)c2C1,-2.05
Cc1cc(=O)[nH]cc1C(=O)Nc1ncccc1O,11.0
O=C(c1ccc(-n2ccnc2)cc1)N1CCC[C@H](n2cccn2)C1,-18.55
COc1ccc(CCC(=O)NCC2CCCN(CCS(C)(=O)=O)C2)cc1,2.5
C[C@@H](c1nc(N)nc(N(C)C)n1)N(C)Cc1cccc(Cl)c1Cl,5.5
COc1cc2c(cc1Cc1cccc(Cl)c1F)c(=O)c(C(=O)O)cn2[C@H](CO)C(C)C,101.1
N#Cc1cc2cc(CN3CCC(Nc4ncnc5sc(CC(F)(F)F)cc45)CC3)ccc2[nH]1,96.7
CC[C@H]1CCCCN1C(=O)c1cccc(S(=O)(=O)N2CCOCC2)c1,-14.2
COCCC1(CO)CCCN(C(=O)Cc2cnc[nH]c2=O)C1,12.55
O=S(=O)(Cc1ccccc1)N1CCN(c2ccc(Nc3ccncc3)nn2)CC1,1.4499999999999995
Cc1ccc(C(=O)Nc2ccccc2-n2cccn2)s1,12.65
Cc1nc(C(=O)N2CCN(C(=O)N(C)C)[C@@H]3CS(=O)(=O)C[C@@H]32)cs1,13.8
CC(NC(=O)C1CCN(S(=O)(=O)N2CCC3(CC2)OCCO3)CC1)c1ccccc1,14.45
CCn1c(=O)c(N2CCC(C(=O)NCc3ccc(C)cc3)CC2)nc2cccnc21,11.1
CNC(=O)[C@@H]1C[C@H](Oc2ccccc2)CN1C1CCN(C(=O)NCc2ccccc2)CC1,5.700000000000001
COc1ccccc1CC(=O)NCCN1CCC[C@H](C)C1,-8.25
Cn1nc2n(c1=O)CC(C(=O)NCc1n[nH]c3c1CCCCC3)CC2,-4.15
OB(O)c1cc2ccccc2s1,57.95
CCCCOc1ccc(-c2nnc(SCC(N)=O)n2C)cc1,3.2
O=C(Nc1ccc(-n2cnc(C(=O)N3CCN(Cc4ccccc4)CC3)c2)nc1)C1CC1,12.25
COCCNCc1ccc(-c2cc3nccc(Oc4ccc(NC(=O)C5(C(=O)Nc6ccc(F)cc6)CC5)cc4F)c3s2)nc1,68.4
Cc1cc(C(=O)N2CCO[C@@H](C)C2)sc1C,3.3500000000000005
O=C(NC[C@H]1CCCS1(=O)=O)Nc1ccc(OCC2CCCCC2)cc1,10.599999999999998
CNc1nc(Nc2cccc(NC(C)=O)c2)nc2ccccc12,53.35
CCCn1nnnc1CN1Cc2c(OC)ccc(OC)c2[C@@H](O)C1,-15.0
COc1ncccc1C(=O)N(C)Cc1ccc(C)o1,9.6
c1ccc([C@H]2N(c3ncnc4[nH]ccc34)CC23CCOCC3)cc1,-12.6
COCCCN1COc2ccc3c(=O)c(Oc4ccccc4OC)coc3c2C1,-8.35
CCc1nn(C)c(CC)c1CC(=O)N1C[C@@H]2CS(=O)(=O)C[C@@H]2C1,7.5
CC[C@H]1CCCCN1C(=O)c1ccc(-c2cccs2)[nH]c1=O,23.35
CC(C)S(=O)(=O)c1ccc(C(=O)N2CCC(C(N)=O)CC2)cc1,-1.4999999999999996
CC(C)(C)n1nccc1NC(=O)N[C@H]1CS(=O)(=O)c2ccccc21,11.7
Cc1noc(C)c1S(=O)(=O)N1CCN(C(=O)[C@H](C)c2ccccc2F)CC1,3.0
COc1ccc(S(=O)(=O)Nc2ccc3nc(S(C)(=O)=O)sc3c2)cc1,25.0
CCN(CC)Cc1ccccc1CNc1cc(Br)cnc1C(N)=O,13.45
CNC(=O)C1CCN(Cc2nc(-c3cccc(Cl)c3)no2)CC1,-3.9
COCCC1(C(N)=O)CCN(C2CCN(S(=O)(=O)c3cc(F)cc(F)c3)CC2)CC1,12.65
CSCc1ccc(NC(=O)c2c(C)c[nH]c2CC(N)=O)cc1,6.85
O=C1Nc2ccc(Cl)cc2[C@@](C#CC2CC2)(C(F)(F)F)O1,98.6
CCCCN1CCn2nc(CNC(=O)[C@@H](N)Cc3ccc(O)cc3)cc2C1,17.35
Cn1cnnc1SCC(=O)Nc1ccc(F)cc1,2.85
Cn1c(=O)[nH]c(=O)c2c1nc(CN1CCN(c3ccccc3F)CC1)n2CC(N)=O,16.200000000000003
OCC1(CO)COC(COc2ccccc2)=N1,11.85
Cn1c(NC(=O)c2cccc3cc[nH]c23)nc2ccccc21,80.94999999999999
Cn1cc(Nc2cccc(NC(=O)CCC(F)(F)F)c2)cn1,14.05
CCc1ccc(Cl)c(CC)c1NC(=O)N1CC[C@@](F)(CO)C1,3.85
Cc1ccc(C)c(N2C(=O)N(C)c3ccccc3S2(=O)=O)c1,8.3
Cc1cccc(F)c1S(=O)(=O)N[C@H]1CCN(c2ccccn2)C1,18.299999999999997
Cc1nc2c(NC(=O)Nc3ccc(F)cc3)cccn2n1,4.6
Cc1ccc(CNC(=O)CC[C@H]2CCCO2)cn1,-20.875326
CC(=O)NC1=NN(C(C)=O)C2(S1)C(=O)N(CC(C)C)c1ccc(Br)cc12,3.8
Cc1cccc(OCCc2noc(C3CCN(C(=O)C(C)C)C3)n2)c1,13.1
Cc1ccc(NC(=O)c2cnc3onc(C(C)C)c3c2)nc1,-10.55
O=C(NCc1nnc(-c2ccccc2)s1)Nc1cnn(C[C@H]2CCCO2)c1,8.15
O=C(CCN1CCN(C(=O)OCc2cc(Cl)cc(Cl)c2)CC1)c1ccc2[nH]c(=O)oc2c1,22.15
CC(C)CC[C@H](C)NC(=O)c1ccc(=O)n(C)c1,12.25
Cc1ccc(NC(=O)N2CC(N3CC(C(=O)N4CCCC4)CC3=O)C2)cc1C,-2.4
CCOc1cc(CN(CCOC)CC2CCN(Cc3ccccc3F)CC2)ccc1O,13.95
Cc1cccc2c3c(ccc12)C1=C(C(=O)C3=O)[C@@H](C)CO1,72.1
CCN(CC)CCCN1CCC(C#N)CC1,0.8000000000000003
O=C(CN1CCCCCC1=O)NC(c1ccccn1)C(F)(F)F,12.25
CN(C(=O)NCc1ccccc1)[C@H]1CCS(=O)(=O)C1,-2.25
CC(C)Oc1cccnc1C(=O)N1CCS(=O)(=O)[C@@H](C)C1,10.1
COc1cc(Cl)ccc1CNC(=O)N1CC[C@H](N2CCCC2)C1,-1.55
Cc1ccccc1CCc1cc(NC(=O)c2ccc(=O)n(C)n2)[nH]n1,-8.4
CC(C(N)=O)N1CCC2(CC1)CC(=O)N(Cc1cc(F)cc(F)c1)C2,4.0
O=C1c2ccccc2C(=O)N1CCSc1nnc(-c2ccc3c(c2)OCO3)o1,-4.8500000000000005
COc1ccc(NC(=O)CN(C)S(=O)(=O)N2CCCCCC2)cc1,20.9
CC(C)(NC(=O)COc1ccccc1Cc1ccccc1)C(N)=O,-5.25
COC[C@@H]1CN(S(=O)(=O)c2ccc(C)cc2C)C[C@H]1C(N)=O,5.35
Cc1ccc(-c2ncc3c(=O)n(CC(=O)N4CCOCC4)c(=O)n(C)c3n2)cc1,6.8999999999999995
CCC(=O)Nc1cc(NC(C)=O)ccc1OC,6.1
O=C1NCCN2CCN(C(=O)C3(S(=O)(=O)c4ccc(Cl)cc4)CC3)CCC12,50.13333333333333
COCCCC(=O)Nc1cc(-c2ccccc2OC)n[nH]1,-2.1500000000000004
Cc1nc(NC[C@H]2CCN(CCc3ccccc3)C2)c2cnn(C)c2n1,8.333333333333332
CC1Cc2nc(SCC(=O)N3CCOCC3)n(-c3ccccc3)c(=O)c2S1,12.25
COc1cccc(CCC(=O)NC2CCCN(c3ccc(=O)n(CC4CC4)n3)C2)c1,7.1499999999999995
COc1nn(C)c2nc(C)c(CCC(=O)N[C@@H](C)C3CC3)c(C)c12,14.800000000000002
CCC(C)(C)CN[C@@H](C)c1ccc(S(=O)(=O)CC(N)=O)cc1,11.25
Cc1cccc(NC(=O)N2CCC3(CC2)NC(=O)c2ccccc2O3)c1,13.65
Cc1cc(C(=O)Nc2cc([C@H]3CCCOC3)nn2C)c2cnn(C(C)C)c2n1,10.85
Cc1cc(C)n(C[C@@H](C)CNC(=O)Nc2ccncc2)n1,4.8500000000000005
CN1CCC[C@H](N(C)c2nc(C(F)F)nc3ccccc23)C1,8.65
CC(C)N(CC(C)(C)O)C(=O)NCc1cc(=O)[nH]c2ccccc12,-2.7
c1ccc(SCCc2ccncc2)nc1,-1.0499999999999998
NC(=O)c1cnc2scc(-c3ccccc3)n2c1=O,20.0
COc1ccc(NC(=O)NC2CCN(C)CC2)cc1-n1nnnc1C,-6.65
Cc1noc(C)c1Cn1ccc2ccn(Cc3cccnc3)c2c1=O,4.15
COc1ccc(NC(=O)C(C)C)c(NC(=O)CCn2ccc(C)n2)c1,10.65
O=C(CCCn1cnc2ccccc2c1=O)N1CCc2cc(S(=O)(=O)N3CCCCC3)ccc21,-3.7
CC(C)C(=O)NCc1ccnc(-n2cccn2)c1,1.75
CC(C)Cc1nc(CN(C)S(=O)(=O)C2CCS(=O)(=O)C2)no1,1.5
Cl.Nc1ccccc1NCCc1ccccc1,57.76666666666667
COc1ccc(NC(=O)C2CCN(c3cnn(Cc4ccccc4)c(=O)c3)C2)cc1,0.4500000000000002
COc1ccc(-n2c(=O)c(C(=O)NC3CCCC3)c(O)c3cccnc32)cc1,13.55
O=C(C1CCCN(c2cnn(Cc3ccccc3)c(=O)c2)C1)N1CCCCC1,7.050000000000001
N#Cc1ccc(N(CCO)CCCO)cc1Cl,4.949999999999999
CNC(=O)NC(=O)CN1CCN(Cc2ccccn2)CC1,-9.65
Cc1ccc(NC(=O)c2ccc3[nH]cnc3c2)cc1,-14.1
COc1ccc(CCNC(=O)CN2CCN(C)C[C@@H]2C)cc1OC,-8.1
O=C(Nc1cnn(CCN2CCOCC2)c1)c1ccccc1O,1.3499999999999996
Cc1nc(COc2ccc(C(=O)N3CCOC[C@@H]3C)cc2)no1,14.1
O=C(NCCc1ccc(C(F)(F)F)cc1)C1=COCCO1,-18.700000000000003
Cc1nc2ccc(NC(=O)c3cn4ccccc4n3)cc2s1,12.3
Cc1ccc(C)c(-n2sc3cc(F)ccc3c2=O)c1,97.3
CCn1ccc(C(=O)Nc2cc(OC)ccc2OC)n1,-6.2
CS(=O)(=O)Cc1ccc(C(=O)NC[C@@H](c2ccco2)N2CCCC2)cc1,-5.0
CCOCCCNC(=O)C12CCCC=C1N(c1ccccc1)C(=O)CC2,-0.7000000000000002
COc1ccccc1-c1nc2cc3c(cc2[nH]1)OCCO3,-2.5500000000000007
Cc1nnc(S[C@@H](C)c2nnc(-c3cccs3)o2)n1C1CC1,8.8
C[C@@H](CNC(=O)Nc1ccc(C(F)(F)F)cc1)CN1CCN(C)CC1,55.1
C[C@](N)(Cc1ccc(O)c(O)c1)C(=O)O,15.65
Cn1cccc1C(=O)N1CCC[C@H](n2c(=O)n(Cc3ccccc3)c3cccnc32)C1,6.45
COc1ccccc1N1CC[C@H](NC(=O)NCCN2C(=O)CNC2=O)C1,10.7
COc1cc(C)c(-c2c(OC)nn3cccnc23)cc1C,8.1
Cc1ccc(NC(=O)N2CCN(c3nc4cccnc4n(C)c3=O)CC2)cc1C,4.8999999999999995
O=C1COc2cc(C(=O)Nc3ccc(OCC4CCCCO4)cc3)ccc2N1,7.05
COc1ccc(S(=O)(=O)NC[C@H]2CCCCN2)cc1Cl.Cl,21.9
CC(C)c1ccc(N2C(=O)CN(C3CCCCC3)[C@H]3CS(=O)(=O)C[C@H]32)cc1,5.250000000000001
COc1cc2c(cc1OC)CN(C(=O)Cn1c(=O)[nH]c(=O)c3ccccc31)CC2,-1.4
COCCn1c(SCC(C)=O)nc2c1c(=O)[nH]c(=O)n2C,4.8999999999999995
CCN(CC)C(=O)CCCC(=O)N[C@@H](C)c1ccc(OC)c(Cn2cccn2)c1,9.1
CCn1c(=O)c2c(nc3n(CCOC)c(C)cn23)n(C)c1=O,8.25
CCn1nc(C)c(CN2CCN(CCCc3ccccc3)C(CCO)C2)c1C,7.6
C[N+](C)(C)CC(O)COc1ccccc1.[Cl-],10.45
OCc1cc(C(O)CNCCCCCCOCCCCc2ccccc2)ccc1O,7.550000000000001
CCC(C)NC(=O)c1cc(-c2ccccc2OC)on1,4.75
CC(=O)N1CCC(C(=O)N[C@H]2CCc3ccccc32)CC1,10.45
CCCN(CCC)CCNC(=O)CNC(=O)c1nn(-c2ccc(OC)cc2)c(=O)c2ccccc12,13.15
N#Cc1cccc(NC(=O)CCNS(=O)(=O)c2ccc3c(c2)CCN3C(=O)C2CC2)c1,-17.15
O=C(NCCOc1ccc(F)cc1)N1CCCCC1CCO,8.7
Cc1onc(-c2ccccn2)c1C(=O)N[C@H]1CC(=O)N(c2ccccc2)C1,-6.6499999999999995
CCNC(=O)CN1CCN(C(=O)NC[C@H]2Cc3ccccc3O2)CC1,3.3
CC1CCN(C(=O)Cn2c(=O)ccn(Cc3ccc(F)cc3)c2=O)CC1,21.3
COc1ccc(CN2CCN(c3ccc(F)cc3)CC2)cc1OC,6.1
Cn1cc(N2CCC[C@H](Nc3cc(C(F)(F)F)ccn3)C2)cn1,8.233333333333333
CCC(C)NC(=O)c1ccc2c(=O)n(C3CC3)c3nn(CC(=O)NC(C)C)c(=O)n3c2c1,23.1
c1ccc(C(NC2CC2)c2ccccc2)cc1,25.4
COc1cccc(CC(=O)N2CCC[C@H](c3nncn3C)C2)c1,-14.7
Cc1cc(NC(=O)C[C@H]2CCCCO2)nc(=O)[nH]1,18.5
C#CCNC(=O)CN1C(=O)N[C@@]2(CCCCc3ccccc32)C1=O,-20.35
CC(=O)N(CCN1CCOCC1)C1CCN(C(=O)c2cccc(C)c2)C1,4.1
CN(Cc1ccsc1)C(=O)Nc1ccc(N2CCCC2)nc1,-5.3999999999999995
Cc1ccc2c(c1)S[C@H](C(=O)NC1CCC3(CC1)OCCO3)C2,-1.1999999999999995
Cc1noc(C)c1S(=O)(=O)NC[C@H]1CCCO1,11.066666666666665
CCCNc1c(NS(=O)(=O)c2cccc(C#N)c2)c(=O)oc2ccccc12,23.8
COc1cc(CO)c(OCC2CCC2)c(CO)c1,18.2
CC(=O)N1CC2(CCN(c3nc(C)cc(C)n3)CC2)[C@H]2COC[C@H]21,-15.65
O=C(NCc1ccc(F)cc1)c1cc(=O)nc2sc(N3CCCCCC3)nn12,13.3
C[C@@H]1Oc2ccc(NC(=O)c3cnn(C)c3)cc2NC1=O,7.25
Cc1ccccc1CC(C)(C)NC(=O)[C@H]1CC12CCS(=O)(=O)CC2,15.2
Cc1cnn(CC(=O)N2CCC[C@H](c3noc(C)n3)C2)c1,-14.3
O=C(c1ccco1)N(Cc1cccc(F)c1)Cc1ccco1,-3.95
Cn1cc(C(=O)Nc2ccc(-c3nc4ccccc4[nH]3)cc2)cn1,11.5
Cc1nn(-c2ccccc2)nc1C(=O)N1CCOC[C@@H]1C,-12.0
C[C@@H](CNC(=O)c1cccc(N(C)C)c1)N1CCCC1,-5.65
CCc1ccc(OC(C)C(=O)N2CCN(c3ccccn3)CC2)cc1,2.5999999999999996
COCCN1C(=O)CCC2(CNC(=O)COc3ccccc3)CCCC=C12,22.35
COc1ccc(CN(C)c2nc3ccccc3o2)cc1OC,0.1999999999999993
Clc1cnccc1N1CCN(C[C@H]2CCCO2)CC1,-9.3
Cc1nc2ccccc2c(=O)n1CC(=O)NC(C)(C)c1cn(C)nn1,6.249999999999999
c1ccc(CNC[C@H]2CCCN2c2cccnn2)nc1,8.649999999999999
CN(C)[C@@H]1C(O)=C(C(N)=O)C(=O)[C@@]2(O)C(O)=C3C(=O)c4c(O)ccc(Cl)c4[C@@](C)(O)[C@H]3C[C@@H]12.Cl,100.85
CCOc1cccc(N2CCC(NC(=O)N(C)C(C)C)CC2)n1,16.400000000000002
COc1ccc(C(=O)N2CCN(c3nccs3)CC2)c(OC)c1OC,-4.5
COCCN1C(=O)CC[C@@H](C(=O)NCCCn2cccn2)[C@@H]1c1ccc(F)cc1,21.15
CCc1noc(-c2cn(C3CCN(C(=O)Cc4ccc(Cl)cc4)CC3)nn2)n1,19.049999999999997
CC(C)c1nc(CNC(=O)C2COc3ccccc3C2)cs1,6.85
Cc1cc(C)cc([C@@H](O)CNC(=O)NCC2(N3CCOCC3)CC2)c1,8.65
CCSc1cc(C(=O)N2CCC[C@H]2c2cc(C)no2)ccn1,-3.5
O=S(=O)([C@H]1CCCN(c2ccnc(C3CC3)n2)C1)N1CCOCC1,-19.0
Cc1ccnc(N)c1,11.85
CCCS(=O)(=O)N1CCN(c2nc3sc4c(c3c(=O)n2CC)CCCC4)CC1,11.7
CC(C)[C@H](Nc1ncc(Cl)cn1)c1nnc2n1CCC2,-8.9
COc1ccc(S(=O)(=O)NC(C)(C)C)cc1C(=O)N1CCCCC1,5.95
Cn1ncc2c3ccccc3n(CC(=O)NCCN3CCN(c4ccccc4F)CC3)c2c1=O,12.2
CCN(CC#N)C(=O)c1ccc(-c2noc(C(F)(F)F)n2)cc1,10.1
CO[C@H]1CCCN(Cc2cn(C)nc2-c2ccccc2)C1,5.75
COc1ccc(C(=O)Nc2cccc3ncccc23)cc1S(=O)(=O)N(C)C,6.6
O=S(=O)(N[C@@H]1COCC[C@@H]1OCC1CC1)c1c(F)cccc1F,14.15
Cc1noc(C)c1CCC(=O)N[C@H]1CCc2nccn2C1,7.45
CC(C)N(C(=O)CCN1C(=O)c2ccccc2N2C(=O)CC[C@]12C)c1ccccc1,-25.8
Cl.Cl.c1ccc(COCCCN2[C@@H]3CC[C@H]2[C@H]2CNC[C@H]23)cc1,16.049999999999997
Cc1ccc(NC(=O)N2CCCC2c2cc(C)on2)c(C)c1,-0.8500000000000005
Cc1cccc(NS(=O)(=O)c2ccc(N3CCCCC3=O)cc2)c1,16.450000000000003
CCCS(=O)(=O)c1nc(S(=O)(=O)c2ccc(C)cc2)c(NCCN(C)C)s1,10.85
Cc1nc(CNC[C@H]2CCCN2c2cccnn2)no1,4.35
CC1(c2ccccc2C(=O)NCc2ncccc2O)CC1,15.65
O=C(NC1CCN(C(=O)c2ccco2)CC1)[C@@H]1CC=CCC1,2.25
CCNC(=O)CCC1CCCN(S(=O)(=O)c2ccc(C)cc2)C1,7.4
CCOC[C@@H]1CC(F)(F)CN1C1CN(C(=O)c2ccc(C)c(F)c2)C1,0.75
O=C1[C@@H]2CCCN2S(=O)(=O)N1CC1CCC2(CC1)OCCO2,0.65
CCSCCN1CC[C@](C(N)=O)(c2ccccc2)C1,9.5
O=C(COc1ccc(Cl)cc1)N1CCN(Cc2cc(=O)c3ccccc3[nH]2)CC1,11.7
O=C1CCCCCN1CCC(=O)N1CCn2cccc2C1c1ccccc1,11.3
COc1ccc(C2=NOC(C(=O)Nc3ccc(C#N)cc3)C2)cc1,4.85
CCN1CCO[C@@H](CNCc2ccc(Cl)o2)C1,-13.35
CCC(=O)N1c2ccccc2CC1C(=O)NCCCN1CCC(N2CCCCC2)CC1,10.05
CCN1N=C(C)[C@H](C)n2c1nc1c2c(=O)n(Cc2ccc(F)cc2)c(=O)n1C,-4.550000000000001
N#Cc1ccnc(N2CCN(C(=O)c3cn(Cc4ccccc4)nn3)CC2)c1,2.9
Cc1cccc(C)c1NC1=NCCCS1.Cl,11.95
C[C@H](NC(=O)c1csc2ccccc12)c1ccccn1,2.05
CC(C)n1ccc(C(=O)N2CC(c3ccccc3)C(C)(C)C2)n1,11.2
Brc1cc2c(cc1Cn1cncn1)OCCCO2,-9.5
Cc1cc([C@H]2CCCN(C(=O)c3c(C)noc3C(C)C)C2)n[nH]1,-24.700000000000003
COc1ccc(N(C)S(=O)(=O)c2cccc(C(=O)Nc3ncc(C(N)=O)s3)c2)cc1,-6.75
CO[C@@]1(NC(=O)Cc2cccs2)C(=O)N2C(C(=O)[O-])=C(COC(N)=O)CS[C@@H]21.[Na+],63.25
O=S(=O)(c1ccc(F)cc1)N1CCN(c2cncc3ccccc23)CC1,53.45
CCCNC(=O)c1cnn(-c2ccccc2F)c1C,-10.15
CN1CC[C@H](NC(=O)Nc2ccc(N3CCOCC3)nc2)C1,7.85
COC[C@@H]1CN(C(=O)C2(c3ccc(OC)cc3)CC2)C[C@H]1c1nnc(C)o1,10.65
CN(CCC#N)C(=O)CN(C)[C@H]1CCN(c2ccccc2Cl)C1=O,26.35
COc1ccc(N2CC(C(=O)Nc3ccc(NC(C)=O)cc3)CC2=O)c(OC)c1,7.950000000000001
CCC(C)NC(=O)C1CCN(c2nc(-c3ccc(OC)c(OC)c3)no2)CC1,-5.6499999999999995
COc1cc2ccccc2cc1C(=O)NC1CCN(CC(N)=O)CC1,-7.7
O=C1CC[C@@H](CN(Cc2ccncc2)C(=O)CCSc2ccc3c(c2)OCCO3)N1,11.7
Cc1c(NC(=O)N2CC[C@H](Nc3ccccc3)C2)cnn1-c1ccccc1,4.8
c1ccc(CC(Cc2ccccc2)=NN2CCOCC2)cc1,7.1
CS(=O)(=O)c1ncc(Cl)c(C(=O)Nc2ccc(Cl)cc2)n1,54.45
C#CCN(CCc1ccncc1)Cc1cccc(C)n1,-10.25
COc1ccc(NC(=O)c2ccc3c(c2)C(=O)N(C)C3=O)c(OC)c1,1.45
C[C@@H](CNS(=O)(=O)c1ccc(C#N)c(Cl)c1)N1CCOCC1,-8.700000000000001
Cc1cc(N2CCC(c3nccn3Cc3cccnc3)CC2)nc(N(C)C)n1,8.65
COc1ccc2oc(CNC(=O)CCn3c(C)cccc3=O)nc2c1,100.35
O=S1(=O)CC[C@H](Cc2nnc(SCC3CCCCCC3)o2)C1,4.15
Cc1cc(C(=O)N2CCC[C@H](c3cc(C)[nH]n3)C2)on1,-3.0
Cn1c(CNC(=O)c2ccc(-c3ccco3)[nH]c2=O)nc2ccccc21,3.5999999999999996
Cc1cc(O)c(C(=O)NC(C)CC(C)(C)c2ccccc2)cn1,9.85
CN(C)c1ccc(C(=C2C=CC(=[N+](C)C)C=C2)c2ccc(N(C)C)cc2)cc1.[Cl-],88.1
COc1ccccc1N1CCN(c2nc(N(C)C)c3ccccc3n2)CC1,52.3
CCC(C)NC(=O)N1CC(n2cc(C(=O)NCC3CC3)nn2)C1,17.1
COc1ccc(S(=O)(=O)N2CCCCCC2)cc1C(=O)Nc1ccc2c(c1)OCO2,11.266666666666666
Cc1cccc(NC(=O)c2cc3ccc(O)cc3oc2=O)c1,50.1
O=C(c1ccc(Cl)s1)N1CCCC[C@H]1c1nc[nH]n1,-22.799999999999997
CN(CCCc1nccn1C)C(=O)Cn1nccc1C1CCCNC1.Cl.Cl,10.4
CC(C)NC(=O)c1cnc(N(C)C)nc1C1CCN(C(=O)c2cscn2)C1,15.2
Cc1cc(C)c(NC(=O)CSc2nnnn2C)c(Cl)c1,-3.1999999999999993
CCC1(C(N)=O)CCCN(C(=O)c2ccsc2)C1,10.45
CCn1cc(C(=O)Nc2nc(C)c(C)s2)c(=O)c2cc(OC)ccc21,11.6
Cc1nccn1CCCNC(=O)Nc1ccc2c(c1)OCO2,13.166666666666666
CC1=C(C(N)=O)[C@H](c2ccccc2Cl)n2ncnc2N1,14.4
C[C@H](O)CN(CC(=O)Nc1ccc(F)c(Cl)c1)C1CCS(=O)(=O)CC1,5.15
CC(C)c1nc(S[C@@H](C)c2ccc(F)cc2)n[nH]1,-0.1999999999999997
CCCNC(=O)c1cnn(-c2cc(-c3nc(C4CC4)no3)ccn2)c1C,5.95
N#CC1(NC(=O)CSC2=NCCS2)CCCC1,10.4
Cc1cccc(Cc2sc(NC(=O)Cn3cn[nH]c3=O)nc2C)c1,3.1
c1ccc2c(c1)[nH]c1nc(SCCCN3CCCCC3)nnc12,1.4
Cc1nc([C@H]2CCCN(C(=O)CCc3ccncc3)C2)no1,1.9000000000000004
O=C(Cn1oc(-c2ccccc2)nc1=O)N1CCN(C(=O)Nc2ccccc2)CC1,7.35
Cc1ccc(NC(=O)N2CC[C@H]3N(C)S(=O)(=O)CC[C@]3(C(=O)N3CCCC3)C2)cc1C,12.8
O=C(Nc1nnc(-c2ccsc2)s1)N[C@H]1CCN(c2ccccn2)C1,-0.3499999999999998
O=S(=O)(Cc1ccccc1F)N1CCCCC1c1noc(COCC2CC2)n1,11.9
C[C@@H](c1nc(N)nc(N(C)C)n1)N(C)CCOc1ccccc1,-0.0999999999999998
O=C(c1cc2occc2s1)N1CCC2(CC1)C[C@@H](O)CCO2,8.35
CCS(=O)(=O)N1C[C@@H]2CN(C(=O)CCCc3ccccc3)C[C@]2(c2nc(C)no2)C1,7.6
COc1ccc(CN2C[C@H](CCN3CCCC3=O)c3ccccc32)cc1F,-10.15
CCn1cc(CC(=O)N2CCN(C[C@H](C)O)CC2)c2ccccc21,-9.0
N#Cc1c(CN2CCN(c3ccccn3)CC2)cn2ccccc12,1.1500000000000004
CC(=O)Nc1ccc(C(=O)NN2C(=O)N[C@@](C)(c3ccco3)C2=O)cc1,3.200000000000001
COc1ccc2[nH]c(SCC(=O)NCc3ccccc3)nc2c1,0.4500000000000002
O=C(Nc1ccc(-c2ccccc2)cn1)[C@@H]1CCCN1C(=O)C1CC1,-22.76666666666667
COc1ccc(Nc2ncc(C)s2)cc1,-3.15
CCCN1CC(NC(=O)c2ccccc2N(C)C(=O)c2cccs2)CC1=O,6.15
N#CCN1CCC(CNC(=O)CCCOc2ccc(Cl)cc2)CC1,-3.1999999999999997
CCc1nc([C@@H]2CCCN2C(=O)c2cnns2)no1,-14.45
COc1ccccc1NC(=O)C1CCCN(S(=O)(=O)c2ccc3c(c2)CC(C)N3C(C)=O)C1,12.5
CCCC(=O)Nc1ccc2c(c1)nc(CN1CCN(C)CC1)n2C,13.35
O=c1nc(/C=C/c2ccc(Br)cc2)oc2ccccc12,83.5
Cc1nc([C@@H]2CN(Cc3ccccc3C(C)(C)C#N)CCO2)no1,-2.599999999999999
Cc1cnc2c(c1)N(C(=O)c1nn(C(C)C)c(=O)c3ccccc13)CCO2,-29.4
CC1=C(C(=O)O)N2C(=O)[C@@H](NC(=O)[C@H](N)c3ccccc3)[C@H]2SC1,16.1
CN(C)CCn1ccc(NC(=O)[C@@H]2CCCN2C(=O)CC(C)(C)C)n1,-13.45
CCCCc1ccc(O)cc1O,17.65
CCOc1cc(CNC(=O)N2CCC[C@H](c3nc(C)no3)C2)ccc1OC,-20.45
O=c1c2ccccc2sn1-c1ccccc1,98.2
CN(C)c1ccc(C(=O)Nc2ccc(Oc3cccnc3)nc2)cc1,2.8000000000000003
COc1cnccc1[C@H](C)NC(=O)Nc1ccc(C)c(OCC(F)F)c1,2.6
COc1ccc(OCC(=O)N[C@H]2CCS(=O)(=O)C2)c(C(C)=O)c1,3.45
C[C@](C#N)(NC(=O)CSc1ccc(Cl)cc1)C1CC1,-11.1
C[C@@](CO)(NC(=O)Cc1ccoc1)c1cccc(Br)c1,4.15
Cn1cccc1[C@@H]1CCCCCN1C(=O)c1cccnc1,2.15
Cc1noc([C@H]2CCCN(C(=O)c3sc(C(C)C)nc3C)C2)n1,-0.5999999999999996
CC(C)CCc1nc(CSc2nc(N)cc(N)n2)cs1,101.5
CCCC(=O)Nc1ccc(-n2c(C)nc3ccccc3c2=O)cc1,11.75
Cc1ccc(Nc2nccc(N(C)c3ccc4c(C)n(C)nc4c3)n2)cc1S(N)(=O)=O,10.9
COc1ccc(C(=O)Cn2c(=O)oc3cc(S(=O)(=O)N4CCOCC4)ccc32)cc1F,11.35
CC1(C(=O)N2CCC(c3ccc(S(N)(=O)=O)cc3)CC2)COC1,-6.65
COc1ccc(C(=O)Nc2sc(C)c(C)c2C(N)=O)cc1,34.9
COc1cc2ncnc(Nc3cccc(Cl)c3)c2cc1OC,24.15
CCN(CC(=O)NCc1cccs1)S(=O)(=O)c1ccc2ccccc2c1,20.15
CCn1cnnc1S[C@@H](C)C(=O)c1[nH]c(C)c(C(C)=O)c1C,-16.45
COc1ccc(CN2CCO[C@H](c3nc(C)cs3)C2)c(OC)c1,-30.7
COc1ccc(-c2ncc3c(=O)n(CC(=O)Nc4ccccc4OC)c(=O)n(C)c3n2)cc1,14.05
CC[C@H](NCc1nnc(C)n1CC)c1ccc2c(c1)OCCO2.I,-2.9499999999999997
Cc1nn(CC(=O)N[C@@H](C)c2ccccc2)c(C)c1S(=O)(=O)N(C)C,4.066666666666666
CCc1cc(C(=O)NC2=C(C)N(Cc3ccccc3C)NC2C)no1,12.35
COC1CN(C2CCN(C(=O)CC3CCCC3)CC2)C12CCOCC2,-6.500000000000001
O=C(NC[C@H]1CCCS1(=O)=O)c1cc2ccccn2c1,13.9
CCN(CC)CCN[C@@H](C)c1ccc(Br)o1,-12.95
COc1ccc(OC)c(S(=O)(=O)N(C)C2CCc3nn(CC4CC4)c(=O)n3CC2)c1,4.05
CN(C)CC(=O)N1CCN(C(=O)[C@@H]2CCCN2C(=O)Cc2ccccc2)CC1,-17.95
Cc1csc([C@@H](C#N)C(=O)CCc2ccc(Cl)s2)n1,102.65
CN(C)S(=O)(=O)c1ccc2c(c1)oc(=O)n2Cc1nc2ccccc2o1,5.0
Cc1cc(C(C)(C)C)cc(S(=O)(=O)NC2CCN(C)C2=O)c1C,7.25
C[C@H](CCC(=O)O)[C@H]1CC[C@H]2[C@@H]3CC[C@@H]4C[C@H](O)CC[C@]4(C)[C@H]3C[C@H](O)[C@]12C,9.7
COc1ccccc1N1CC[C@H](NC(=O)N2CCOCC2)C1,-6.966666666666666
COc1ccc(CN(C(=O)[C@H](C)S(=O)(=O)C2CCOCC2)C2CC2)cc1,7.45
CCOc1ccccc1NC(=O)N1CCC2(CC1)C(OC)CN2c1cccc(F)c1,52.85
CN(Cc1ccncc1)C(=O)Nc1ccc(C#N)cc1,24.950000000000003
O=C1CCCN1c1ccc(OCC(=O)N2CCC[C@H]2c2ncc[nH]2)cc1,11.8
CCOc1ccc(S(=O)(=O)N(C)Cc2cccc(F)c2)cc1,13.4
Cc1cc(C(=O)Nc2cccc3cccnc23)c(C)o1,-14.65
Cc1nc(C)c(S(=O)(=O)Nc2ccc3[nH]c([C@@H]4CCCO4)nc3c2)s1,11.3
O=C(Nc1ccccc1)C1CCN(S(=O)(=O)c2ccc3c(c2)OCCCO3)CC1,4.75
CCOc1ccc(NC(=O)CN2C(=O)CC3(CCCCC3)C2=O)cc1,8.25
O=C(COc1cccc(NC(=O)c2ccco2)c1)Nc1cccnc1-n1cccn1,6.75
CN1C[C@@H]2CN(C(=O)C3(c4ccccc4)CCC3)C[C@@H]2C1,5.85
CN(CCN(C1CCOCC1)C1CCN(S(C)(=O)=O)C1)C(=O)C1(c2ccccc2)CC1,30.666666666666668
CC(C)N1CCC(CCNC(=O)CC2CCCN(c3cn[nH]c(=O)c3)C2)CC1,19.049999999999997
CS(=O)(=O)Nc1ccc(CS(=O)(=O)c2ccc(F)c(F)c2)cc1,10.45
CCOCCC(=O)NS(=O)(=O)c1cnc2n1CCC2,13.2
CC(=O)NC[C@@H]1CC(F)(F)CN1C1CN(C(=O)c2cccnc2C)C1,10.3
CC(C)CNC(=O)[C@H](C)Nc1cnn(-c2ccccc2)c1,-18.7
CS(=O)(=O)O.Cn1cc(C2=C(c3cn(CCCSC(=N)N)c4ccccc34)C(=O)NC2=O)c2ccccc21,100.55
C[C@@H](C1CC1)n1nccc1NC(=O)N1CCC(c2nccs2)CC1,21.6
O=C(Nc1ccc(NC(=O)c2ccco2)cc1)c1cc(Cl)c[nH]1,-3.0500000000000003
Cc1ccc(OCCN(C)S(=O)(=O)c2ccc3c(c2)oc(=O)n3C)cc1,-6.45
O=c1c2c(F)cccc2ncn1[C@@H]1C[C@@H]2CC[C@H]1C2,10.85
COc1cccc(CN(C)C(=O)c2cc(=O)[nH]c3ccccc23)c1OC,7.15
CCn1nncc1CN(C[C@H]1CCCO1)C1CCCC1,10.65
COc1cccc(C[C@H](C)NC(=O)NCc2sc(C)nc2C)c1,17.099999999999998
O=C(NCCc1ccc(-n2cccn2)cc1)N1CCC([C@@H]2CCCCO2)CC1,9.7
CCS(=O)(=O)N1CCC(NCc2cnn(C)c2)CC1,-11.8
O=C(NC[C@@H](c1cccs1)N1CCOCC1)c1n[nH]cc1F,12.15
CCOCCn1c(=O)[nH]c2cc(C(=O)NCC(=O)NC(C)C)ccc21,10.35
C[C@H]1CCCN(C(=O)Nc2ccc3c(c2)CCC3)C1,7.75
Cn1ncc(Br)c1CNC[C@H]1CCCS(=O)(=O)C1,4.8999999999999995
Cc1cccc(C(=O)N2CCN(C(=O)[C@@H]3CCCO3)CC2)c1C,6.5
COCCN1C(=O)C(O)=C(C(=O)c2ccc(OC)cc2)[C@H]1c1ccc(OC)cc1,-0.1
Cc1cc(C(=O)N2CCN3C(=O)OCC3C2)c(=O)n(C)c1C,11.65
COc1ccc(-c2nnc3n2CC(C)(C)CC3)cc1OC,4.55
COCCC1(NC(=O)C2CCOCC2)CCN(C(=O)CCCc2c[nH]c3ccccc23)C1,3.0999999999999996
C[C@H]1CN(C)CCN1C(=O)c1cc(Br)c[nH]1,12.4
COc1ccc(C(=O)NCCn2c(C)cnc2-c2ccncc2)c(OC)c1,1.1999999999999993
Cc1cc(C)cc(NC(=O)Nc2ccc3c(c2)N(S(C)(=O)=O)CC3)c1,-4.8
COc1cc(NC(=O)c2cc3ccccc3[nH]2)c(C(=O)N(C)C)cc1OC,-2.95
CC(C)COCCC(=O)Nc1ccc2nc(CN3CCOCC3)[nH]c2c1,-18.885685
Cc1ccc(N2CC(=O)C(c3nc4ccccc4[nH]3)=C2N)cc1O,6.35
COCCSc1nnnn1CC(F)(F)F,18.200000000000003
Cc1ccc(S(=O)(=O)N2CCC[C@@H]2CN2CCCC2)cc1C(F)(F)F,2.65
COCCC(=O)N1CCCC(c2[nH]ncc2-c2ccc(C)cc2)C1,12.5
O=C1[C@@H](Sc2nnnn2Cc2ccco2)CCN1C1CCOCC1,1.2999999999999998
C[C@@H](C(=O)Nc1ncccn1)N1CCN(c2nccs2)CC1,19.4
CCOc1ccc(NC(=O)NCCc2ccc(OC)c(OC)c2)cc1,2.0999999999999996
CCCc1cc(C(=O)Nc2ccccc2C(=O)N=S(C)(C)=O)no1,7.3
COc1cc(C)c(S(=O)(=O)N2CC(C)OC(C)C2)cc1C,7.9
Cc1cnc(CC2CCN(C(=O)C3CC3)C2)n1Cc1ccccc1,-5.3999999999999995
CS(=O)(=O)N1CCCc2cc(C(=O)N3CCC[C@H](C(F)(F)F)C3)ccc21,2.8499999999999996
O=C(c1cc(C2CC2)on1)N1CCC[C@H]1c1ccc2c(c1)OCCO2,-16.700000000000003
CSc1nc(C)c(CCC(=O)N(C)[C@H]2CCc3ccccc32)c(=O)[nH]1,-18.25
CCCCNC(=O)c1ccc(C2SCCS2)cc1,7.65
Cc1ccc(NC(=O)c2nn(-c3ccccc3)ccc2=O)cc1,18.1
O=C1NC(c2cccc([N+](=O)[O-])c2)=CCN1c1ccccc1O,83.55
CC(=O)N(C[C@H]1CCCN1C(=O)Cn1c(C)cc2ccccc21)C1CC1,3.3
CN1Cc2cc(NC(=O)c3ccc(S(=O)(=O)Nc4ccccc4)cc3)ccc2NC1=O,12.6
COc1ccc(C2CC(=O)Nc3[nH]nc(C)c32)c(OC)c1OC,20.35
NC(=O)C1CCN(c2ccc3nnc(C(F)(F)F)n3n2)CC1,5.3
COc1cccc2cc(C(=O)N3CC[C@H](C4CCN(C)CC4)C3)oc12,-8.45
CCOc1ccc(NC(=O)c2ccc(OC)nc2OC)cc1,8.15
CCCNC(=O)CCc1nc(C2CCCN2C(=O)c2ccccc2)no1,3.1500000000000004
COc1ccc(OCCCC(=O)NC[C@@H](c2cccs2)N2CCCC2)cc1,1.0499999999999998
C[C@H](NC(=O)c1ccoc1)C(=O)Nc1cccc(-c2nncn2C)c1,-1.9
CCN(CC)CCCNC(=O)C1=CC(c2ccccc2OC)=NS(=O)(=O)N1C,0.55
Cc1cc(C)n(C[C@H]2CN(C(=O)c3ccc4[nH]c(=O)n(C)c4c3)CCO2)n1,3.85
CC1(C)OC[C@H](CNC(=O)NCc2ccncc2)O1,-11.45
Cc1cc(Cl)ccc1OCC(=O)NC[C@H]1CCS(=O)(=O)C1,-2.0999999999999996
COc1ccccc1-n1cnc2cc(C(=O)NC(C)C)ccc2c1=O,14.95
COc1cc(C#N)ccc1Cn1ccc2sccc2c1=O,14.2
COc1ccc(CC(=O)Nc2cc3c(cc2N2CCCC2)n(C)c(=O)n3C)cc1,18.15
O=C(NCc1ccccc1-n1ccnc1)[C@H]1CCCN(C(=O)c2ccncc2)C1,8.4
Cc1cccc(C(=O)N[C@H]2CCCCNC2=O)c1I,6.249999999999999
CO[C@H]1CC[C@@]2(OC)CCN(C(=O)c3cccc(C(F)(F)F)c3)[C@H]2C1,7.55
Cc1cc(C)n(CCCNc2cc(Cl)nc(N)n2)n1,-3.3499999999999996
CN(CC1=CCCOC1)C(=O)NC[C@H]1CCCN(c2nccn3cnnc23)C1,2.75
CNS(=O)(=O)c1ccc(C(=O)NCc2ccc(OC)cc2)o1,-6.65
CCCSc1nc(N[C@@H]2C[C@H]2c2ccc(F)c(F)c2)c2nnn([C@@H]3C[C@H](OCCO)[C@@H](O)[C@H]3O)c2n1,102.75
CN(c1ccccc1)S(=O)(=O)c1ccc(C(=O)Nc2ccn(C)n2)cc1,6.55
COc1cc(OC)c(NC(=O)c2c(OC)cc(=O)n3c2CCCC3)cc1Cl,14.75
CNCC1CCN(Cc2ccc(OC)cc2OC(C)C)CC1.Cl,-3.95
O=C(Cn1cnc2cnccc2c1=O)N1CCC(CCc2ccccc2)CC1,105.55
COc1cc(Cl)cc2cc(C(=O)N3CCOCC3)c(=O)oc12,-2.2499999999999996
Cc1ccc(-n2cnnn2)cc1NC(=O)NC[C@H]1CCN(c2ccc(F)cc2)C1,8.6
Cc1cccc2nc(CN(C)C(=O)NCC3CCCN(C(=O)C4CC4)C3)[nH]c12,12.4
CCOc1ccccc1NC(=O)c1cc2c(=O)n3cccc(C)c3nc2n1C,4.85
Cn1cc(NC(=O)c2cccc3cccnc23)ccc1=O,3.3000000000000007
COCC1CCCN1S(=O)(=O)N1CCCN(c2nc3ccccc3s2)CC1,18.45
C[C@H]1CCCN(S(=O)(=O)NCc2ccc(C(N)=O)cc2)C1,-3.6
CNS(=O)(=O)Cc1ccc(CNC(=O)c2ccc(O)nc2)cc1,8.95
N#Cc1cn[nH]c1NCc1ccc(Cl)s1,11.3
CC1CC1C(=O)N1CCN(c2ccc(Cl)c(Cl)c2)CC1,52.3
CCS(=O)(=O)N1CCCC(C(=O)NCc2nc(-c3ccccc3)no2)C1,-7.5
CCC1(C)CC(=O)c2cc(NC(=O)N(Cc3cnn(C)c3)C3CC3)ccc2O1,13.1
CCN(CC)Cc1ccc(NC(=O)Cc2ccc(N3CCCC3=O)cc2)cc1,-9.3
C[C@H](O)CN1CCC(CN(C)Cc2ccc(C#N)cc2)CC1,12.0
CN(C)C(=O)c1nc(CSc2nnc(C3CCCNC3)n2C)no1.Cl,17.95
CC(C)c1c(C(=O)N2CCCC2)cnn1-c1ccccc1,3.5500000000000003
CNCCN1C(=O)CC[C@H]2CN(C(=O)C3(COC)CCC3)CC[C@H]21.Cl,17.950000000000003
Cc1nn(C(=O)c2ccc(F)cc2)c(C)c1S(=O)(=O)N1CCCCC1,21.15
COc1ccc2c(NC(=O)c3ccc(Cn4ccnc4)cc3)n[nH]c2c1,-10.65
CCCNC(=O)CCCCn1c(=O)c2ccccc2n(CC(=O)Nc2cccc(F)c2)c1=O,14.0
CS(=O)(=O)N1CCC(C(=O)NCc2ccc3c(c2)OCO3)Oc2ccc(Cl)cc21,13.7
CCc1cccc(NC(=O)CCS(=O)(=O)c2nc3c(=O)n(C)c(=O)n(C)c3n2C)c1,9.1
COc1ccccc1-n1cc(S(=O)(=O)N2CCCN(C)c3ccccc32)cn1,-13.4
N#Cc1ccc(NC(=O)CCS(=O)(=O)c2ccc3c(c2)CCN3C(=O)C2CC2)cc1,8.15
C[C@H](NC(=O)c1cnc2[nH]c(=O)[nH]c2c1)c1cc(F)ccc1N1CCC(O)CC1,11.85
Cc1ccsc1CNc1ncccc1CO,-12.95
CCn1cc2c(n1)c(=O)n(Cc1ccccc1)c(=O)n2CC(=O)N1CCN(c2ccc(F)cc2)CC1,14.9
CC(Oc1ccccc1Cl)C(=O)NCCN1CCOCC1,6.8500000000000005
COC1(C(F)(F)F)CCN(c2ncnc3c2NC(=O)CN3C)CC1,-0.1499999999999994
Cn1cc(S(N)(=O)=O)cc1C(=O)N[C@@]1(Cc2ccc(Cl)cc2)CCOC1,-3.9
Cc1nc2ccccc2c(=O)n1-c1ccc(C(=O)Nc2ncccc2O)cc1,0.0500000000000002
C[C@H]1CS(=O)(=O)C[C@H]1NC(=O)c1ccc2oc(=O)[nH]c2c1,0.3500000000000005
Cc1ncc(COCC2CC2)c(C2CCCN(C(=O)c3ccncc3F)C2)n1,-13.15
CC(=O)Nc1cc(-c2ccccc2)nn(CC(=O)Nc2ccc(C)cc2)c1=O,16.9
Cc1cccc(C)c1OCC(=O)N1CCC[C@H](n2cncn2)C1,9.4
COc1ccc(COc2ccc(Cc3cnc(N)nc3N)cc2OC)cc1,95.6
CC(=O)N1CSC[C@H]1C(=O)Nc1cccc(Nc2ccccc2)c1,-1.1
COc1ccc(-c2ccc(N3CCN(C(=O)CN(CC(C)C)C(=O)C(C)C)CC3)nn2)c(OC)c1,-0.0999999999999996
CCc1ccc(C(=O)N2CCO[C@@H](C)C2)s1,-7.799999999999999
CCCOc1ccc(NC(=O)C[C@H]2C(=O)Nc3ccccc3N2CCC#N)cc1,5.2
Cc1cc2c(cc1S(=O)(=O)N1CCN(C(=O)c3ccc(F)cc3)CC1)OC(C)C(=O)N2,4.1
CC(=O)Nc1ccc(N2C(=O)CN(S(C)(=O)=O)CC2(C)C(=O)NC2CCCC2)cc1,7.25
Cc1noc(C)c1CCc1nnc(C2SCCCS2)o1,-6.7
C[C@@H](c1nc(N)nc(N(C)C)n1)N(C)Cc1cccc(Cl)c1,-7.5
COc1ccc(NC(=O)N2C[C@@H]3CN(C(=O)c4ccccc4)C[C@]3(C(=O)N(C)C)C2)cc1,11.55
O=C(O[C@@H]1Cc2c(O)cc(O)cc2O[C@@H]1c1ccc(O)c(O)c1)c1cc(O)c(O)c(O)c1,75.8
CC[C@]1(C)NC(=O)N(NC(=O)COc2ccccc2OC)C1=O,6.25
O=C(CNc1ccccc1OCC(F)F)N1CCOCC1,-8.2
CCC(=O)N1CCc2cc(Br)c(S(=O)(=O)NCCN(C)C)cc21,11.4
CN(Cc1cnc(NCC2CCCO2)nc1)Cc1n[nH]c2c1CCCCC2,11.8
COc1ccc(NS(=O)(=O)c2cc(-c3[nH]ncc3C(=O)N(C)C)oc2C)c(C)c1,28.4
Cn1cc([C@@H]2CCCN2C(=O)Cc2csc(C(C)(C)C)n2)cn1,-0.9666666666666662
O=C(CC[C@H]1CCCO1)N1CCC(Nc2cccnn2)CC1,-12.85
CCOc1ccc([C@@H]2CCCN2C(=O)c2cccc3c2OCO3)cc1,-3.85
O=C(C[C@H]1NC(=O)c2ccccc2NC1=O)Nc1nc(-c2cccs2)n[nH]1,-13.1
O=C(CNC(=O)N[C@H]1COc2ccccc21)Nc1cccc(F)c1,11.25
COc1ccccc1N1C[C@@H](C(=O)NC(C)C)CC1=O,6.1499999999999995
C[C@H]1CCc2ccccc2N1CC(=O)N1CCCc2cc(S(=O)(=O)N(C)C)ccc21,-9.35
CCN1CC(CN(C)C(=O)Nc2ccc(OCc3ccco3)cc2)CC1=O,14.05
COc1ccc(OC)c(C(O)CN2CCN(c3cccc(Cl)c3)CC2)c1,12.6
Cc1ccc([C@H](C)NC(=O)N2CCN(c3cnccn3)CC2)o1,11.85
OCC1CCCCN1CCNCc1cccc(C(F)(F)F)c1,15.0
CC(=O)NCc1ccc(-n2cccn2)nc1,-1.4
Cc1cc(C2CCN(S(=O)(=O)[C@@H](C)C(=O)N(C)C)CC2)[nH]n1,1.65
C=CCN(C)CCCCCCOc1ccc(C(=O)c2ccc(Br)cc2)c(F)c1.O=C(O)/C=C/C(=O)O,100.45
COc1ccc(C(=O)N2CCN(C[C@H]3CCOC3)CC2)nn1,10.75
Cc1cc(C)n(C[C@H]2CCCCN2C(=O)c2cc(C)on2)n1,13.25
COc1ncccc1CNC(=O)NC[C@H]1CCCO1,-41.3
CCCS(=O)(=O)N1CCCc2ccc(NS(=O)(=O)c3ccc(OCC)cc3)cc21,3.5500000000000003
COc1ccccc1OCCNc1ncnc2cc(F)ccc12,-4.200000000000001
COc1ccc(-c2c3c(=O)n(C)c(=O)n(C)c3cn2NC(C)=O)cc1,10.2
Cc1cc(C(=O)NC(c2nccn2C)C2CC2)c(C)n1C,23.95
Cl.NC[C@H]1CCN(S(=O)(=O)c2cc(F)ccc2F)C1,2.7
N#CN/C(=N\c1ccncc1)NCCCCCCOc1ccc(Cl)cc1,95.5
COc1ccc(NC(=O)c2[nH]c(C)c(S(=O)(=O)N3CCCC3)c2C)cc1,19.0
CNC(=O)[C@@H]1CCCN1C(=O)CNC(=O)Nc1cc(F)cc(F)c1,11.45
O=C(/C=C/c1ccc(O)c(O)c1)OCCc1ccccc1,55.05
COc1c([C@@H]2CCCN2Cc2cc(C)no2)c(C)nn1C,-4.750000000000001
CCC(C)(C)NC(=O)c1ccc2c(c1)NC(=O)[C@H](C)S2,-28.55
CCc1noc2ncc(C(=O)N3CCCNC(=O)[C@@H]3CC)cc12,11.55
COc1cc(NC(=O)NCCC2CCCOC2)cc(OC)c1,-0.6000000000000001
CN(C)S(=O)(=O)c1cc(C(=O)NC[C@H]2CC(C(N)=O)=NO2)ccc1Br,5.95
COc1ccc(CN2CCN(Cc3ccccc3)C(CCO)C2)cc1,24.799999999999997
Cc1cc(NC(=O)CN2CCC[C@@H]2Cn2nc(C)cc2C)on1,-0.95
COc1ccc(OC)c(CN2CCN(C3CCCC3)C(CCO)C2)c1,5.550000000000001
CC(C)c1nc([C@H]2CCCN(C(=O)c3ccc(Cl)cn3)C2)no1,12.2
O=C(NCCCn1ccnn1)NCc1cc(=O)[nH]c2ccccc12,-2.8000000000000003
N[C@@H]1CCN(C(=O)CCOc2cccc(Br)c2)C1,-5.999999999999999
O=C1[C@@H](Sc2cnn[nH]2)CCN1c1ccc(F)c(Cl)c1,-8.7
CCn1cc(-c2nc(-c3ccccn3)no2)c(=O)c2cc(F)c(N3CCOCC3)cc21,7.9
Cn1c(C(=O)N2CCCN(S(=O)(=O)N3CCCCC3)CC2)cc2cccc(Cl)c21,1.9
O=C1CCC[C@H](CC(=O)N2CCc3ccc(Cl)cc32)N1,-1.1
Cc1ccc(C(=O)N2CCC[C@H](C3OCCO3)C2)c(O)c1,11.7
O=C(CN1CCN(C(=O)CCc2ncc(-c3ccc(Cl)cc3)o2)CC1)NC1CC1,8.35
CN(CCO)C(=O)CC1C(=O)NCCN1Cc1ccc(F)c(F)c1,10.7
C[C@@H]1NC(C(=O)NCCN2CCc3ccccc3C2)=NN(c2ccccc2)C1=O,-2.5
O=C(N1CCCN(Cc2ccccc2)CC1)N1CCc2ccccc2C1,-10.8
COc1ccc(Cl)cc1CNC(=O)N[C@H]1CCCCNC1=O,28.299999999999997
Cc1nc2ccccc2nc1Cn1c(C)nn(C(C)(C)C)c1=O,-9.2
Cc1ccccc1CCNC(=O)[C@H](C)N1CCC(C)(C)C1,12.05
CC(C)(C)c1ccc(C(=O)NCC(=O)N[C@@H]2COC(=O)C2)cc1,-8.933333333333335
Cc1noc(-c2ccnc(-n3ncc(C(=O)NC4CCCC4)c3C)c2)n1,32.95
CC(=O)NCCc1ccc(C(=O)Cn2ncc(Cl)c(Cl)c2=O)s1,7.3
COCC(=O)N1CCc2cc(NC(=O)N3CCOC[C@H]3c3nc[nH]n3)ccc21,-0.7500000000000004
O=C(Cc1cccc(F)c1)N1CCCN(C(=O)C2CC2)c2ccccc21,15.95
Cc1csc2ncc(C(=O)N3CCO[C@@H](Cc4ccccc4)C3)c(=O)n12,-5.199999999999999
Cc1ccc(S(=O)(=O)N2CCN(C(=O)Nc3cccc(-n4cccn4)c3)CC2)s1,-3.35
COc1ccc2c(C)c(C(=O)NC(c3cnn(C)c3)C3CC(O)C3)oc2c1,16.35
COC1(C)CN(C(=O)c2cnns2)C1,-6.550000000000001
N[C@@H]1CCCN(c2c(/C=C3\SC(=O)NC3=O)cccc2-c2ccccc2)C1,9.6
CC(C)(Cc1ccc2ccccc2c1)NC[C@@H](O)COc1cccc(Cl)c1C#N.Cl,101.35
NC(=O)C1CCN(c2nc3c(c(=O)[nH]2)C(CC(=O)Nc2ccc4c(c2)OCCO4)C(=O)N3)CC1,-5.6000000000000005
O=c1[nH]c(CN(Cc2ccco2)[C@H]2CCS(=O)(=O)C2)nc2sc3c(c12)CCC3,1.8999999999999997
C[C@]1(NC(=O)CNc2cc(Cl)ccc2F)CCS(=O)(=O)C1,-12.45
CCCNC(=O)c1nc(-c2ccc3c(c2)OCC(=O)N3CCC)no1,26.7
CN(C[C@H](O)CN1CCOCC1)c1ccc(C#N)cc1F,6.9
CCOc1ccc(-c2cc3n(n2)CCCN(C(=O)c2ccccn2)C3)cc1,-24.3
O=C(C[C@@H]1C=CCC1)Nc1cccc(S(=O)(=O)C2CCCC2)c1,1.1
CCCN(CCC)C(=O)c1cc2c(=O)n3cccc(C)c3nc2n1C,2.9000000000000004
Cc1nn(C)c2c1C(c1ccccc1OC(C)C)CC(=O)N2,4.75
Cc1cccc(-c2noc(CNC(=O)N3C[C@H]4CC[C@@H](C3)NC4)n2)c1,20.95
CCOc1cc2c(cc1CN1C[C@@H]3CC[C@H](C1)C(=O)N3)CCC2,8.25
Cc1noc([C@H]2CCCN(C(=O)c3ccccc3C(F)(F)F)C2)n1,2.4
O=C(c1ccc(-c2ccccc2)[nH]c1=O)N(Cc1ccccn1)C1CC1,-2.3500000000000005
Cc1nccn1[C@H]1CCCN(C(=O)c2ccc3c(c2)OCO3)C1,-24.6
CN(CCNC(=O)c1cc2c(=O)n(C)c(=O)n(C)c2s1)Cc1ccccc1,14.75
O=C(c1ccnc(C2CCCC2)n1)N1CC[C@H]1C(F)(F)F,-6.9
COc1ccc(CN(C)C(=O)CC2CCOC2)cc1OC,20.05
O=C(NCc1ccc(CN2CCCC2)cc1)c1cnc2n(c1=O)CCS2,12.266666666666666
O=C(Nc1nccs1)[C@@H]1CCCN1C(=O)Cc1csc(-c2ccccn2)n1,25.299999999999997
Cc1c(C(=O)NC2CCS(=O)(=O)C2)nnn1-c1ccc(F)cc1,8.85
N#Cc1ccnc(NS(=O)(=O)c2cnn(-c3ccccc3)c2)c1,13.9
O=C(NCCCSCc1ccccc1F)N1CCOC(C2CC2)C1,17.35
C[C@@H]1Oc2ccc(NC(=O)c3cc(S(N)(=O)=O)cn3C)cc2NC1=O,-8.55
CC(=O)c1c(C)[nH]c(C(=O)N[C@@H](C)c2cnn(C)c2C)c1C,0.8267220000000002
O=C(Cn1ccc2c(=O)[nH]ccc21)Nc1ccc(Cl)cc1F,55.75
COc1ccc(OC)c(NS(=O)(=O)c2ccc3[nH]c(=O)ccc3c2)c1,-15.3
Cc1cnc(CC(=O)Nc2c[nH]nn2)s1,-12.533333333333331
Cc1nc(CC2CCN(C(=O)N[C@H]3CC34CCOCC4)CC2)no1,9.3
O=C(NC1CCCC1)N[C@H]1CCCN(c2ncccn2)C1,-19.0
CC(=O)Nc1ccc(S(=O)(=O)Nc2ccccc2Cl)cc1,9.5
CN(Cc1cccc(F)c1)C(=O)c1cccnc1,1.25
COc1ccc(CN2CCN(C(=O)c3ccccc3SCC(=O)N3CCCC3)CC2)cc1F,12.3
CC(=O)N1CCc2cc(C(=O)NC[C@@H](CO)C(C)C)ccc21,19.75
CCS(=O)(=O)N(C)CC(=O)N1CCN(C)c2ccc(Cl)cc21,-8.5
CCCN(C(=O)c1ccc(C(=O)N(C)C)cc1)[C@H]1CCNC1,-1.0999999999999996
COc1ccc(OCC(=O)Nc2ccc(OCc3cc(=O)n4oc(C)cc4n3)cc2)cc1,5.4
COCC1CN(C(=O)c2ccc3ccccc3n2)CCC1(F)F,-3.15
O=C(Nc1ccc(N2CCCC2)cc1)c1ccc(Br)o1,49.3
Cc1ccc(CC(=O)N(C)c2cc(C#N)ccn2)cn1,24.700000000000003
CCCn1ncc(C(=O)N2CC[C@H](S(=O)(=O)NCC)C2)c1C1CC1,7.65
Cc1cccc(C(=O)Nc2cnccc2-n2ccnc2)c1Cl,7.2
Cc1ccc(N2C(=O)CCS2(=O)=O)cc1S(=O)(=O)NCc1ccc(F)cc1,-2.0
O=C(CN1C(=O)COc2ccc(S(=O)(=O)N3CCOCC3)cc21)NCCCN1CCOCC1,2.3
C[C@H](NC(c1cccc2nc([O-])c([O-])nc12)P(=O)([O-])[O-])c1ccc(Br)cc1.O.[Na+].[Na+].[Na+].[Na+],19.1
N#Cc1cnn2c(O)cc(CSc3n[nH]c(=O)n3CCc3ccccc3)nc12,-5.300000000000001
Cc1nn([C@H]2CCS(=O)(=O)C2)c(C)c1CN(C)Cn1nc2ccccn2c1=O,7.75
C[C@H](NCc1csc(Br)c1)c1nnc2n1CCCC2,12.7
CCOc1ncccc1C(=O)N1CCCN(c2ccccc2C)CC1,4.7
CS(=O)(=O)NCC(=O)N1CCc2onc(-c3ccc(F)c(F)c3)c2C1,16.05
CCC[C@]1(C)NC(=O)N(Cc2cc(-c3ccccc3)on2)C1=O,-5.5
CC(=O)c1ccccc1NC(=O)c1cc(S(=O)(=O)N(C)C)ccc1Cl,11.766666666666667
CON(Cc1ccccc1)Cc1cc2ccccc2c(=O)[nH]1,-2.1999999999999997
NNc1nc2ccc(Br)cc2s1,75.8
CCS(=O)(=O)c1ccccc1C(=O)Nc1ccnc(C)n1,12.6
Cc1nn(C)c(Cl)c1[C@@H]1CCCN1C(=O)c1ccc[nH]1,8.75
CC(=O)c1ccc(NC(=O)CN2C(=O)COc3ccc(S(=O)(=O)N4CCCCCC4)cc32)cc1,9.95
CCCC(=O)N1CCC2(CC1)OCCN2S(=O)(=O)c1c(C)cc(C)cc1C,-18.6
CC[C@H]1CN(C)c2ccccc2CN1C(=O)Nc1cncnc1OC,26.25
Cc1cc(CN(C)C(=O)N[C@@H](C)c2ccc3c(c2)OCCO3)no1,-9.15
COc1ccc(-c2nsc(NC(=O)COc3ccccc3OC)n2)cc1OC,58.2
CN(Cc1cc2c(cc1Br)OCCO2)[C@H]1CCS(=O)(=O)C1,18.6
O=C(NCCc1ccccc1O)c1ccc(Oc2cccnc2)cc1,-19.1
O=C(NC1CCCCC1)[C@H]1CCCN(c2cnccn2)C1,-2.1500000000000004
COc1ccccc1N1CC(c2nc3ccccc3n2CC(=O)NC(C)C)CC1=O,17.75
CN1C(=O)c2ccc(C(=O)Nc3ccccc3N3CCCC3=O)cc2C1=O,14.2
Cc1ccc(S(=O)(=O)NCCCN2CCC[C@H](C)C2)cc1F,20.15
COC[C@H]1CN(Cc2cn(-c3ccc(F)c(Cl)c3)nn2)CCO1,-19.45
COc1ccc(C(=O)Nc2cc(S(=O)(=O)Nc3cccc(Cl)c3)ccc2O)c(O)c1,97.45
CN[C@H]1CCCN(C(=O)c2cc(C(N)=O)cs2)C1.Cl,-6.8
Cc1noc(C)c1CN1CCN(C[C@H](O)c2ccccc2)CC1,-3.55
CNC(=O)[C@H]1CCN(c2nnc(-c3scnc3C)n2Cc2ccccc2)C1,4.700000000000001
CCO[C@H]1COC[C@@H]1NC(=O)Nc1cc(Cl)ccc1OC,12.05
O=C(CSCC(=O)N1CCC[C@H](C(F)(F)F)C1)c1ccccc1,8.5
CC(O)CNC(=O)c1cnn2c(-c3ccc(C(C)C)cc3)ccnc12,4.8
C[C@@H]1CCCN1CCc1cc2cc(-c3ccc(C#N)cc3)ccc2o1,20.35
COc1ccc(C(=O)N2CCC(CN3CC(C(=O)NCC4CC4)CC3=O)CC2)c(OC)n1,13.4
Cc1ccccc1NC(=O)Cc1ccc(F)cc1,12.2
CCCC(=O)N1CCN(S(=O)(=O)N=S(C)(C)=O)CC1,-20.6
C[C@@H](CNC(=O)NCc1cc(=O)[nH]c2ccccc12)c1nccs1,8.45
CCOc1ccccc1NC(=O)[C@H](C)N1CCN(c2nccs2)CC1,2.45
CCOc1ccc(C(=O)N(Cc2ccco2)C2CCS(=O)(=O)C2)cc1,12.0
CC(C)OCCCNC(=O)c1cc(-c2ccc(Br)cc2)n[nH]1,50.3
Cc1ccc(C(=O)NC2CC2)cc1NC(=O)Cc1ccc(=O)[nH]c1,-14.65
Cc1cc(Cl)ccc1NC(=O)NC[C@H]1CCS(=O)(=O)C1,5.6
CN(C)CCCN1c2ccccc2CCc2ccc(Cl)cc21.Cl,9.55
CC(C)N1CCCC(C(=O)N2CCC(Cc3cccnc3)CC2)C1,-7.9
O=C(NCc1ncc[nH]1)Nc1cccc(F)c1,15.85
O=C(NCc1nncn1-c1ccccc1)Nc1ccc2[nH]nnc2c1,24.5
CCCC(C)C(=O)N1CCN(C(=O)c2ccco2)CC1,3.75
O=C(NCc1nc2c(s1)COCC2)N[C@H]1CC12CCCCC2,-1.65
O=C(NC[C@H]1CCOC1)N1CCN(Cc2cccs2)CC1,-0.2000000000000001
Cc1nnc(NCc2ccc(S(C)(=O)=O)cc2)c(C#N)c1C,9.7
O=C(c1csc(COc2ccc(F)cc2)n1)N1CCN(Cc2cc(=O)n3ccsc3n2)CC1,2.95
Cc1ccc(C)c(S(=O)(=O)NCCCN2CC(C)CC(C)C2)c1,7.0
COCC(=O)N1CCC(Nc2ccc3ccc(F)cc3n2)CC1,-5.050000000000001
Cc1nc2c(-c3ccncc3)nsc2c(=O)n1CC(=O)Nc1ccc2c(c1)OCO2,7.7
CCn1c(CCC(=O)NC2=NCCS2)nc2cc(S(=O)(=O)N(C)C)ccc21,-4.75
COc1ccc(CN2CCC(NC(=O)CNc3nc(C)cc(C)n3)CC2)cc1OC,15.05
Brc1csc(CNC[C@H]2COc3ccccc3O2)c1.Cl,4.05
COc1ccc(CCNC(=O)c2cc(=O)[nH]c3ccccc23)cc1,17.85
CC(=O)c1cccc(OCCCC(=O)NC[C@H](O)COCC2CC2)c1,1.5499999999999998
CCC(Oc1ccccc1)C(=O)N1CC(=O)Nc2ccccc21,4.15
CC[C@H]1OC(=O)[C@H](C)[C@@H](O[C@H]2C[C@@](C)(OC)[C@@H](O)[C@H](C)O2)[C@H](C)[C@@H](O[C@@H]2O[C@H](C)C[C@H](N(C)C)[C@H]2O)[C@](C)(O)C[C@@H](C)C(=O)[C@H](C)[C@@H](O)[C@]1(C)O,87.0
CCOCc1ccccc1CNC(=O)c1cccc(F)c1,-12.25
COc1cccc(CCC(=O)N(C)c2cccnc2N2CCCC2)c1F,1.5500000000000005
Cc1cc(C(=O)N2CCN(CC(C)(C)O)C[C@@H]2C)c2cnn(C(C)C)c2n1,12.866666666666667
O=C(Cn1c(C(F)(F)F)nc2ccccc21)Nc1nccs1,-4.1
CC(C)NC(=O)Nc1cc(-c2ccccc2)nn1CCO,-6.800000000000001
COc1ccccc1CNC(=O)c1ccc(OC(C)C)cc1,0.8499999999999996
CC(C)c1nc([C@@H]2CCCN2C(=O)c2cc(C(N)=O)cs2)no1,11.35
Cc1cc(S(=O)(=O)N[C@@H]2CCOC[C@H]2OCCO)c(Cl)cc1F,-8.05
CNC(=O)C1CN(c2ccc(C#N)c(C(F)(F)F)c2)CC12CCN(C(=O)COC)CC2,11.9
CCc1nocc1CN(C)[C@@H](C)C(=O)Nc1cc(C)no1,-7.450000000000001
COc1cc(=O)[nH]cc1C(=O)N1CCC[C@H](CN2CCCCCC2)C1,0.7999999999999989
O=C(NCC(c1cccnc1)N1CCCCC1)c1c[nH]nc1-n1cnnn1,51.900000000000006
Cc1cc(C[C@H](C)NC(=O)Nc2ccc(F)cc2C#N)n[nH]1,31.299999999999997
CCCn1c(=O)c2ccccc2n2c(=O)n(CC(=O)NCc3cccc(OC)c3)nc12,16.8
C[C@]1(c2cccc(-n3cnnn3)c2)NC(=O)N(CC(=O)c2ccc3c(c2)CCN3S(C)(=O)=O)C1=O,-17.1
Cc1nnc(-c2cccc(C(=O)N(C)[C@@H](C)c3ccccn3)c2)o1,-0.8000000000000003
Cc1nnsc1C(=O)Nc1nnc(C(C)C)s1,42.95
CC(C)n1ncnc1CNS(=O)(=O)C[C@H]1CCCO1,-1.15
COc1ccccc1C[C@H](NCC#N)C(C)C,8.049999999999999
O=C1NCCN1CCN1CCC(c2cn(-c3ccc(F)cc3)c3ccc(Cl)cc23)CC1,100.1
CCc1cc2c(SCC(=O)c3ccc(Cl)s3)ncnc2s1,9.9
O=c1c(O)c(-c2ccccc2)oc2cc(O)cc(O)c12,82.85
O=C(NCc1sccc1Br)NC[C@H]1CCCO1,-18.05
CC(=O)NCCNc1ncnc2sc3c(c12)CC[C@H](C)C3,4.8999999999999995
COc1cccc(CC(=O)N2CCN(Cc3nc[nH]n3)CC2)c1,9.3
O=C(Nc1cccc(F)c1)C1Cc2ccccc2O/C1=N\O,14.7
O=C(NCc1ccccn1)N1CCN(C[C@H]2CCCO2)CC1,3.0
O=C(c1ccnc2cc(Cl)ccc12)N1CCC(O)(C(F)F)CC1,-0.3499999999999996
CC1CCCCC1NC1=C(C(=O)N2CCOCC2)S(=O)(=O)c2ccccc21,16.55
C[C@H](NC(=O)C1CCN(C(=O)C(C)(C)C)CC1)c1ccc(-n2cncn2)cc1,0.9999999999999996
C[C@@H](CNC(=O)c1cc(Cl)c2c(c1)OCO2)N1CCN(C)CC1,2.0999999999999996
CC1N(Cc2ccccc2)CC12CCCCC2.Cl,9.05
CCN(Cc1cc2cccc(C)c2nc1O)C(C)=O,10.1
COCc1cccc(CC(=O)N[C@H]2CCN(C3CCC3)C2=O)c1,7.75
CC[n+]1c(-c2ccccc2)c2cc(N)ccc2c2ccc(N)cc21.[Br-],101.5
CC1(c2noc(C3CCOCC3)n2)CCCN(C(=O)CCS(=O)(=O)c2ccccc2)C1,6.5
Cc1cc(C)c(Nc2ccnc(Nc3ccc(C#N)cc3)n2)c(C)c1,88.1
O=C(Nc1cc(Cl)ccc1-n1cncn1)c1ccc(F)c(S(=O)(=O)N2CCOCC2)c1,11.666666666666666
COc1ccc(NC(=O)Nc2ccc(C)n(CC(=O)NC(C)c3ccccn3)c2=O)cc1,10.4
CN1CCN(c2ccc(-c3ccncc3-c3cc(F)c(O)c(F)c3)cc2)CC1,23.05
CNC(=O)c1ccc(CS(=O)(=O)NC(=O)c2ccn(C)c2C)cc1,1.8666666666666671
COc1ccccc1CNC(=O)CCn1cnc2cc(OC)c(OC)cc2c1=O,10.9
O=C(Nc1nnc(S(=O)(=O)N2CCOCC2)s1)c1cccc(Br)c1,59.45
O=C(CC1CCN(Cc2ccccc2)CC1)N[C@@H]1COCC[C@H]1O,-1.75
Cn1c(SCc2ccccc2C#N)nc2c(=O)[nH]cnc21,17.25
CCOc1ccc(NC(=O)c2cc3ccccc3[nH]2)cc1S(=O)(=O)N(C)C,-10.6
COc1ccc([C@@H]2CCCN2c2nnc(C)o2)cc1F,13.85
COc1ccc(OC)c(S(=O)(=O)/N=c2\sccn2S(=O)(=O)c2cc(OC)ccc2OC)c1,-16.0
Cc1noc(C)c1S(=O)(=O)N[C@@H]1C[C@H]1c1ccc(F)cc1,-16.099999999999998
COC[C@@H]1CC(F)(F)CN1C1CN(C(=O)c2ccncc2)C1,6.199999999999999
O=C1/C(=C/c2ccc([N+](=O)[O-])cc2)CS(=O)(=O)C/C1=C\c1ccc([N+](=O)[O-])cc1,101.05
CN(C)C(=O)[C@@H]1CCCN1C(=O)c1cccc(Cl)c1,6.3110535
O=C(NCCCC(=O)N1CCn2ccnc21)c1ccccc1,11.2
CC(=O)NCCOc1ccc(C(=O)N(C)CCc2ccncc2)cc1,14.75
O=C(Nc1ccccc1)Nc1ccc(-c2ccc(C(=O)[C@@H]3CCC[C@H]3C(=O)O)cc2)cc1,61.05
O=C(NC1CC1)c1cccc(NS(=O)(=O)c2ccc(Cl)cc2)c1,100.4
COc1cc(C)ccc1C(=O)N1CCc2nc[nH]c2[C@H]1c1cccnc1,4.8
CCOCCOCCN(C)C(=O)N(CC(F)(F)F)c1ccncc1,-3.35
CC(C)(Sc1ccc(CCN(CCCCC2CCCCC2)C(=O)NC2CCCCC2)cc1)C(=O)O,84.30000000000001
CCCN(Cc1cccc(C#N)c1)[C@H]1CCS(=O)(=O)C1,-2.9499999999999997
CN1CCN(c2ncccc2CNC(=O)N[C@H]2CC23CCCCC3)CC1,17.8
CC(=O)N1CCN(C(=O)c2cc(C)n([C@@H](C)c3ccccc3)c2C)CC1,2.5500000000000007
O=C(Nc1nc2ccccc2s1)C1CC(=O)N(c2ccccc2)C1,4.9
CCN1C[C@H](CN(C)C(=O)Cc2cccc(F)c2)Oc2ccccc21,8.25
CCCCNC(=O)Cn1nc2c(cc1=O)CCCC2,10.65
Cc1cccc(N2CCN(C(=O)c3c[nH]c(=O)c4ccccc34)CC2)c1C,0.5499999999999998
Cc1ccc(-c2nn3c(C)nnc3c3ccccc23)cc1S(=O)(=O)NCCO,15.35
CCc1nc(N2CCCC2=O)sc1C(=O)NCc1ccc(OC)cc1,7.65
CCc1onc(C)c1C1CCCN1Cc1ccc(O)c(OC)c1,14.15
CN1C(=O)CC[C@@H]1C(=O)Nc1cc2c(cn1)CCCC2,7.1
CCn1nc(CN2CCC(NC(=O)c3cc(C)on3)CC2)c2c1CCOC2,11.4
CN(C(=O)c1cnn(Cc2ccccc2)c1)c1ccccc1,8.25
Cc1cc(N2CCOCC2)nc(Nc2ccc(NC(=O)C(C)(C)C)cc2)n1,19.549999999999997
N#CCCN(CCC(F)(F)F)C(=O)Cn1nc2n(c1=O)CCCCC2,-5.05
COc1ccc([C@H](CCO)Nc2nc(C(C)C)nc(N(C)C)n2)cc1,-32.2
O=C1CCCOc2c(Br)cccc21,8.1
CN1C[C@H]2CN(C(=O)c3nccc4ccccc34)C[C@@]2(C(=O)N2CCCC2)C1,11.5
Cc1ccc(C(=O)N2CCCC[C@@H]2CNS(C)(=O)=O)o1,8.350000000000001
Cc1cc(C(=O)Nc2ccc(S(=O)(=O)Nc3nccs3)cc2)no1,-7.65
Cc1cccc(C)c1NC(=O)Cn1ncc2c(c1=O)N(C)C(=O)CS2,14.15
COCCNC(=O)Cc1csc(NC(=O)Nc2ccccc2OC)n1,14.05
O=C(CCCn1cnnn1)N[C@@H]1COCC[C@@H]1OCC1CCC1,-1.15
Cc1noc([C@H](C)N(C)C(=O)CNC(=O)c2cc(F)cc(F)c2)n1,1.1
COc1ccc(S(=O)(=O)N2CCc3nc(NC(=O)c4ccc5c(c4)OCO5)sc3C2)cc1,36.3
COc1ccc(C)cc1CN(C)[C@H]1CCS(=O)(=O)C1,6.3999999999999995
COc1ccnc(N2CCN(C[C@H](O)c3ccccc3)CC2)n1,-7.35
CN1CCCCC(CC(=O)NCc2ccccc2F)C1=O,17.05
CCN(CC)C(=O)CN(C)S(=O)(=O)c1cccc2c1N=S=N2,-18.25
COc1cc(CN2CCN(Cc3ccc(C)cc3)C(CCO)C2)ccc1F,7.0
CS(=O)(=O)Nc1cc(F)ccc1NC(=O)c1cccc2cc[nH]c12,38.95
Cc1nccc(C(=O)N[C@H]2CCc3nnc(C)n3C2)n1,17.700000000000003
Cc1ccc2c(c1)c(=O)n(CCC(=O)NC(C)C)c1nnc(SCC(N)=O)n21,7.800000000000001
COCc1cccc(C(=O)NCCN2CCCC[C@@H]2C)c1,5.8500000000000005
CO[C@H]1CN(C(C)C)C[C@@H]1NC(=O)c1ccc(C(C)=O)s1,9.95
COc1cccc(-n2c(SCc3cc(=O)oc4cc(O)c(O)cc34)nc3ccccc3c2=O)c1,57.95
CCS(=O)(=O)CC(=O)N1CCC[C@@H]1Cn1cc(C)cn1,-7.199999999999999
Cc1c(Cl)c(C(=O)NCCN(C)CCc2ccccc2)nn1C,11.35
CS(=O)(=O)C1(C(=O)N2CC[C@H](OCc3ccncc3)C2)CC1,2.65
O=S(=O)(N[C@H]1[C@@H]2COC[C@@H]21)c1sc2ccccc2c1Cl,3.9
CC(=O)c1cc(F)ccc1OCC(=O)N1CCN(c2ccc(F)cc2)CC1,15.55
Cc1cccc(N2CCN(C(=O)NCCCn3cc(Cl)cn3)CC2)c1C,8.45
O=C1CN(c2ccc(NC(=O)C[C@@H]3C=CCC3)cn2)CCN1,2.2
COc1ccc(OCCN2CC(=O)N(c3ccc(Br)cc3)[C@@H]3CS(=O)(=O)C[C@@H]32)cc1,8.65
Cn1c(C(=O)N2CCN(C(=O)C(C)(C)C)CC2)cc2ccccc21,9.95
CN(Cc1noc(C2CCC2)n1)C(=O)C1(C)CCCCO1,8.35
CCc1ccccc1N(C)C(=O)c1cc2c(=O)n(C)c(=O)n(C)c2s1,19.1
Cc1cc([C@H]2CCCN(C(=O)Cc3csc(C(C)C)n3)C2)n[nH]1,-11.3
CCOc1ccccc1N1C(=O)C2CCCCC2C1=O,3.2
O=C(O)c1cc(-c2ccc(Br)cc2)nc2ccc(Cl)cc12,64.3
Fc1ccc2ccnc(N3CCC[C@@]4(CCOC4)C3)c2c1,-0.5
CCc1[nH]ncc1C(=O)N1CCC[C@H](n2cc(C)cn2)C1,6.207004999999999
CCNS(=O)(=O)[C@H]1CCN(Cc2cccn2C)C1,16.2
O=C(Nc1ccc(Oc2ccc(Cl)cc2)c(Cl)c1)c1cc(I)cc(I)c1O,100.95
CCNc1ncc(CN(C)CCc2c(C)n[nH]c2C)cn1,24.5
CCCNC(=O)COc1cccc2c(=O)n(CCC)ccc12,-10.35
CSc1cncc(N2CCC[C@H](C(=O)N3CCOCC3)C2)n1,4.050000000000001
CCCc1cc(=O)n2nc(N3CCC(C(=O)NC(C)c4ccccc4)CC3)sc2n1,10.9
CCCO[C@H]1CCCN(C(=O)c2cc[nH]n2)C1,-2.05
COc1cccc(C2(CNC(=O)N3CCO[C@@]4(CCCOC4)C3)CCCC2)c1,2.700000000000001
O=C(C[C@@H]1NC(=O)N(c2ccccc2)C1=O)NCCNc1ncccn1,14.75
CCNC(=O)c1ccc(-c2ccc3c(c2)CCN3C(C)=O)cc1,6.35
O=C(O)c1cn(C2CC2)c2cc(N3CCNCC3)c(F)cc2c1=O,99.35
COc1ccc(CC(=O)N2CCC[C@H](N3CCNC3=O)C2)c(OC)c1,0.1
O=C(Cn1c(=O)oc2ccccc21)N1CCC(c2nc(CCOCc3ccccc3)no2)C1,2.3
O=C(c1ccn(-c2ccccc2)n1)N1CCC(n2c(=O)[nH]c3ccccc32)CC1,12.5
CCn1c(=O)n(CC(=O)N2CCC[C@H](C(N)=O)C2)c2ccccc21,15.05
CC[C@@H](C#N)NC(=O)c1cc(Br)c2c(c1)OCCO2,-12.65
COCCN(C(=O)CCc1nnc(Cc2cccc(C)c2)o1)C(C)C,17.0
CCOCCn1nc(C)cc1C(=O)N1CCCC(OCc2cccnc2)C1,13.9
N[C@@H](Cc1cc(I)c(Oc2cc(I)c(O)c(I)c2)c(I)c1)C(=O)O,82.7
Cc1cnn(C[C@H](C)NCc2cc(C)no2)c1,24.9
Cc1ccsc1CN(C)c1ccc(S(=O)(=O)NC(C)C)cn1,-6.5
COc1ccccc1N1CCN([C@@H](C)C(=O)N2CCCc3ccccc32)CC1,22.95
CSCC(=O)N1CCN(S(=O)(=O)c2ccc3c(c2)OCCO3)CC1,-9.45
CC(Oc1ccccc1Cl)C(=O)NC1CC2CCC1C2,12.9
CC(C)n1nccc1NC(=O)[C@H](C)Sc1nnc2[nH]c3ccccc3n12,6.199999999999999
CC[C@H](NC(=O)N(C)Cc1c(C)noc1C)c1cccs1,-5.550000000000001
O=C(NCc1ccccc1)NCc1ccnc(N2CCCC2)c1,-3.4000000000000004
Cc1cccc2c(=O)n(CCCC(=O)N(Cc3nc4ccccc4c(=O)[nH]3)C[C@H]3CCCO3)cnc12,7.15
CSCc1nc(NC(=O)[C@@H]2COCCO2)ccc1Cl,9.9
C[C@@H](OC[C@@]1(c2ccccc2)CC[C@]2(CCC(=O)N2)CN1)c1cc(C(F)(F)F)cc(C(F)(F)F)c1,102.35
N#Cc1ccc(NC(=O)C2CC(=O)N(C3CCCCC3)C2)cc1Cl,57.6
CN(CCOc1ccccc1F)C(=O)c1c[nH]c2ccccc12,-5.9
Cc1sc2ncn([C@@H]3CCNC[C@H]3O)c(=O)c2c1-c1ccc(F)cc1.Cl,10.2
CCCn1c(=O)c(C(=O)Nc2cccnc2)c(O)c2ccccc21,9.4
CCCC(C)C(=O)Nc1nnc(C(C)(C)C)s1,0.3499999999999998
CS(=O)(=O)c1cccc(NC(=O)N2CCC[C@H](Cn3ccnn3)C2)c1,21.15
CC(=O)N1CCC(CN2CCC(c3nc(C)n[nH]3)N(Cc3ccccc3)CC2)CC1,-11.1
O=C(CCS(=O)(=O)c1ccc2c(c1)CCN2C(=O)C1CC1)Nc1ccc(F)cc1,7.8
Cc1ccccc1CCNC(=O)CSc1ncc2ccccn12,-4.05
Cc1cc(=O)oc(C)c1C(=O)Nc1cccc(-c2cnco2)c1,6.050000000000001
Cc1[nH]c(=O)c(C(=O)N[C@H]2CCCN(c3cnn(C)c3)C2)cc1-c1ccccc1,-5.199999999999999
COc1ccc(S(=O)(=O)[C@H]2CS(=O)(=O)C[C@@H]2N2CCCCC2)cc1,-0.8500000000000005
Cc1sc2ccccc2c1S(=O)(=O)NC[C@](C)(O)CN(C)C,-6.8
CSc1ccc2c(c1)C(N1CCN(C)CC1)Cc1ccccc1S2,71.55
O=C(CCNC(=O)Nc1ccc(Br)cc1)NC1=NCCS1,-12.4
CC(=O)N1CCOC[C@H]1c1c(C)nn(-c2ccccc2F)c1C,2.1500000000000004
CC(C)CCNC(=O)C1CCCN(S(=O)(=O)c2ccc(F)cc2)C1,23.7
CONC(=O)CCc1c(C)nn(CC(C)C)c1C,16.200000000000003
COc1ccc(C(N)=O)cc1NC(=O)Cc1cccc2cccnc12,-5.25
COCCCNC(=O)c1sc2nc(-c3ccccc3)cn2c1C,9.6
CCOc1ccc(-n2c(=O)[nH]cc(C(=O)Nc3cccc(C(C)=O)c3)c2=O)cc1,12.35
O=C(Cn1c(=O)cnc2ccccc21)NC[C@H]1CCCO1,-1.9499999999999995
NC(=O)NCC(=O)N1CCC2(CCC(=O)N(Cc3ccccn3)C2)CC1,1.1
CCCC(=O)N1CCN(c2ccc(Nc3cccc(C)n3)nn2)CC1,2.4
CC1(C)C[C@@H]1C(=O)NCC1(N2CCOCC2)CCCCC1,-8.5
O=S1(=O)CC[C@H](NS(=O)(=O)CC2CCCCC2)C1,-9.7
COCc1nc(NCc2ccc3[nH]c(=O)[nH]c3c2)cc(C2CCOC2)n1,17.05
CC(C)(C)n1ncc2c(NCc3cccc4c3OCO4)ncnc21,1.8500000000000003
CCCNC(=O)c1ccc2[nH]cc3c(=O)n(-c4ccccc4)nc-3c2c1,15.75
CCc1nc(-c2c3n(c(=O)n(CC(=O)Nc4ccccc4F)c2=O)CCCC3)no1,17.700000000000003
COc1ccc(C(=O)N2CC[C@@](O)(C(F)(F)F)C2)nn1,10.65
Cc1noc(C)c1CS(=O)(=O)CC(=O)N[C@@H](C)CCCC(C)C,-12.6
C[C@@H](CNC(=O)c1cnn2c1CCC2)N(C)c1ccccc1,16.05
CNC(=O)[C@@H]1Cc2ccccc2CN1Cc1noc(C(C)(C)C)n1,-3.5
CCN(CC)S(=O)(=O)c1ccc(C)c(C(=O)N2C[C@@H](C(=O)N(C)C)Oc3ccccc32)c1,16.85
COc1ccc(C(=O)C2=C(O)C(=O)N(CCCn3ccnc3)C2c2cccnc2)c(OC)c1,4.1000000000000005
C[C@H]1CN(Cc2ccc3c(c2)nnn3C)CCN1S(C)(=O)=O,3.8
C[C@H](NC(=O)Nc1ccc(F)cc1F)C(=O)NC1CCCC1,6.2
c1ccc(Nc2nc(-c3ccccc3)nc3ccccc23)cc1,100.4
CCNC(=O)c1ccc(OCC2CCCO2)c(Br)c1,10.85
O=C(CCCNC(=O)c1cccs1)Nc1cccc(Cl)c1,-16.35
Cc1csc([C@@H]2CCCCN2C(=O)c2cn(C)nc2C)n1,7.199999999999999
Cc1cc(C(=O)N2CCC[C@H](c3noc(C)n3)C2)c(C)o1,1.85
Cc1nnnn1-c1ccc(C(=O)N2CCCS(=O)(=O)C[C@@H]2C)cc1,3.0999999999999996
CC[C@H](C)[C@@H]1NC(=O)N(Cc2ccccc2Cl)C1=O,-7.95
O=C(O)c1ccccc1Nc1cccc(C(F)(F)F)c1,68.44999999999999
O=c1c2ccccc2ncn1C1CCN(S(=O)(=O)c2ccc(F)cc2)CC1,4.85
Cc1cc2c(cc1NC(=O)N1CCC(c3ccsc3)CC1)OCO2,-19.15
CCN(CC)C(=O)N1CCn2nc(C(=O)NC(C)C)cc2C1,27.13333333333333
Cc1ccc(C(=O)Nc2ccccc2Cl)cc1,15.8
Cc1noc([C@H]2CCCN(C(=O)c3cc(Cl)sc3Cl)C2)n1,-20.2
CC(=O)c1c[nH]c(C(=O)NCCCOc2cccc(C)c2)c1,5.35
Cc1ncc(C(=O)N[C@@H](CC(C)C)C(=O)Nc2cc[nH]n2)c(N)n1,1.0999999999999996
CS(=O)(=O)c1ncc(Cl)c(C(=O)Nc2ccc(Br)cc2)n1,73.30000000000001
Cc1noc(-c2ccc(-c3ccc(CC(=O)O)cc3)cc2)c1NC(=O)O[C@H](C)c1ccccc1Cl,65.05
COCCN1CCCn2nc(C3CCCN(Cc4cccc(OC)n4)C3)cc2C1=O,8.2
CS(=O)(=O)NC[C@H]1CCCN(C(=O)c2cc3ccccc3[nH]2)C1,-6.122334
Cl.NC[C@H]1CCCN1S(=O)(=O)c1cc(F)cc(F)c1,11.1
C[C@](O)(CC(=O)Nc1cccc(N2CCNC2=O)c1)C(F)(F)F,-12.8
CCOc1cccc(-c2cccc(C(=O)N(C)C)n2)c1,15.4
CCCN1CCN(C(=O)C2CCN(S(=O)(=O)c3ccc4c(c3)NC(=O)CO4)CC2)CC1,12.3
Cc1ccc(CNC(=O)N[C@H]2CCCN(c3ncccn3)C2)n1C,-5.800000000000001
O=C(c1cccc(N2CCOC2=O)c1)N(Cc1ccccc1)CC(F)F,-7.8
Cc1ccn(CCCS(=O)(=O)C(C)C)c(=O)c1,22.65
CC(C)Cc1nnc([C@H](C)Sc2ncc3ccccn23)o1,-21.049999999999997
N#Cc1cnn(C(=O)c2ccc(SC(F)F)cc2)c1N,18.35
CCn1c(=O)c(-c2ccc(-c3cncs3)cc2Cl)cc2cnc(Nc3ccc(N4CCN(C)CC4)cc3)nc21,12.1
Cc1occc1-c1nnc(SCC(=O)N(C)C(C)C)o1,7.833333333333333
COCCn1c(=O)c2cc(C(=O)N3CCN(c4ccccc4C)CC3)nn2c2ccccc21,-2.0
CCc1ccc(-n2c(C)c(C)n3c4c(=O)n(CCCO)c(=O)n(C)c4nc23)cc1,80.7
CCn1c(=O)c2c(nc3n2C[C@H](C)CN3c2ccc(C)cc2)n(C)c1=O,2.65
CC(C)n1nnnc1-c1ccccc1NC(=O)N(C[C@H]1CCOC1)C1CC1,0.4
COCCCn1c(SCC(=O)c2c(N)n(C)c(=O)n(C)c2=O)nnc1-c1ccc(Cl)cc1,6.366666666666667
CCCCn1nnnc1Cn1ccn(-c2ccc(C)cc2)c1=O,-14.3
CC(=O)c1ccc(CN2CCC3(CCC(=O)N(CCO)C3)CC2)cc1,8.8
CC(NC(=O)CN1CCCCCC1=O)c1cn2ncsc2n1,8.350000000000001
CCCNC(=O)CCc1ccc2c(c1)OCO2,6.7
CCN(CC)CCNC(=O)c1ccc(NC(=O)C2CCN(c3cnn(C)c(=O)c3)C2)cc1,14.8
CC(=O)Nc1ccc(S(=O)(=O)N2CCC(CC(=O)NCCN3CCCCC3)CC2)cc1,20.15
COc1ccc(NC(=O)c2cn(-c3cc(N(C)C)ncn3)cn2)cc1OC,14.1
O=[N+]([O-])c1ccc(CSc2ncnc3c2ncn3C2O[C@@H](CO)[C@H](O)[C@@H]2O)cc1,10.9
Cc1cc(C(=O)NC[C@H]2CCOC2)c2cnn(C(C)C)c2n1,-3.8
Cc1cc(NC(=O)N2CCOC[C@@H]2C)no1,-3.0
CN1CCO[C@@H](CN(CC2CC2)C(=O)c2cc3cccn3cn2)C1,-13.5
CCSc1ccc(C(=O)N2CCCC[C@H]2C(=O)NC(C)(C)C)cn1,2.1999999999999997
CCn1nccc1NC(=O)c1ccc(S(=O)(=O)N(C)c2ccccc2OC)cc1,14.05
CN(Cc1ccc(-n2cccn2)cc1)C(=O)c1cnn2ccccc12,2.05
CC(C)N(CCNC(=O)[C@@H]1CC(=O)N(C)[C@H]1c1cccnc1)C1CC1,20.7
Cc1cc2nnc(SCCO)n2c(C)n1,-29.75
Cc1cnc(CS(=O)(=O)Cc2ccc(F)cc2)cn1,3.95
CCC[C@H](C)NC(=O)c1ccccc1NS(=O)(=O)c1ccc2[nH]c(=O)[nH]c2c1,-1.75
CCn1c(=O)n([C@@H]2CCN(C(=O)c3ncoc3-c3cccc(C)c3)C2)c2ncccc21,16.6
Cc1cccc(N2C(=O)CN(CCc3ccccc3F)[C@H]3CS(=O)(=O)C[C@H]32)c1,6.5
Cc1ccc(C(=O)NCC(c2ccc(C)o2)N(C)C)cc1.Cl,10.15
Cl.Cl.NCCc1ccc(C(=O)N2CCC(Cc3cccnc3)CC2)cc1,1.0500000000000005
NCC1CCN(c2nccc(-c3ccc4ccccc4c3)n2)CC1,101.05
CCC(=O)Nc1cc(NC(=O)NCCn2cc(Cl)cn2)ccc1OC,12.15
NC(=O)c1c(NC(=O)C2CCC2)sc2c1CCCC2,-23.25
CCCc1nccn1CC(=O)N(CCC)c1c(N)n(Cc2ccccc2)c(=O)[nH]c1=O,7.85
Cc1c(Cl)cccc1Nc1nc(N)nc(CSCCO)n1,-3.866666666666667
O=C(Nc1ccc(N2CCNC2=O)cc1)c1ccccc1-n1cccn1,16.8
Cn1nccc1S(=O)(=O)N1CCC[C@H]1COc1ccc(F)cc1,-9.2
CSc1nc2ncnc(SC[C@@H](C)CO)c2s1,-11.25
CN(CCO)Cc1nc2cc(C(F)(F)F)ccc2[nH]1,6.550000000000001
CCO[C@H]1CN(C)C[C@@H]1NC(=O)c1c(C)oc2c1C(=O)CCC2,21.9
CCC(C)(C)NC(=O)c1ccc2c(c1)N(C(=O)NC)CC2,12.9
CCN(CCCNS(=O)(=O)c1ccc2[nH]c(=O)ccc2c1)Cc1ccccc1,10.7
C[C@@H](CN1CCOCC1)NC(=O)N1CCN(c2ncccn2)CC1,-22.25
Cc1nn(C)c(C)c1CCNc1cc(N2CCC[C@@H]2CO)ncn1,12.05
O=C([C@@H]1COCCO1)N1Cc2ccccc2C2(CCC2)C1,8.05
CCN(CC)C(=O)c1ccc(-n2ccnc2)c(S(=O)(=O)Nc2ccc(OC)cc2)c1,-13.8
CC(C)c1ccc(S(=O)(=O)N2CCN(C(=O)Cn3c(=O)n(C)c4ccccc43)CC2)cc1,-3.0999999999999996
COc1ccccc1-c1cc(C(=O)Nc2ccc3c(c2)C(=O)N2CCC[C@H]2C(=O)N3)[nH]n1,61.5
CCCn1c(CN2CCOCC2)nc2cc(NC(=O)CC(C)C)ccc21,23.1
CN(CC(=O)N1CCCC(C(=O)c2cccs2)C1)C(N)=O,12.7
CN(C)CCNC(=O)Cn1nc(N2CCN(c3ccccc3)CC2)ccc1=O,-0.2500000000000002
CCCCN1CC2(CCCN(C(=O)c3cccn(C)c3=O)C2)CCC1=O,2.3
CN(C)c1cccc(C(=O)N[C@@H]2CCN(Cc3cscn3)C[C@H]2O)c1,8.25
CCC(C)C1OC2(CCC1C)CC1CC(C/C=C(\C)C(OC3CC(OC)C(OC4CC(OC)C(O)C(C)O4)C(C)O3)C(C)/C=C/C=C3\COC4C(O)C(C)=CC(C(=O)O1)C34O)O2,61.45
CC(=O)c1ccc(NC(=O)[C@H](C)N2CCN(C(=O)C(C)C)CC2)cc1,-17.4
COc1ccc2[nH]c(SCC(=O)Nc3cccc(NC(C)=O)c3)nc2c1,101.6
CCCCn1c(=O)[nH]c(=O)c2c1nc(CN1CCN(S(=O)(=O)c3ccc(C)cc3)CC1)n2C,-13.6
COCCC1(C(N)=O)CCCN(C2CCN(C(=O)c3cc(C)on3)CC2)C1,13.0
CCCC(=O)N1CCC(c2nc(CCOCc3ccccc3)no2)C1,15.6
Cc1cc(=O)[nH]c(SC(C)C(=O)NCc2ccccc2-n2cncn2)n1,21.85
Cc1cc(-c2ccc(/N=N/c3ccc4c(S(=O)(=O)[O-])cc(S(=O)(=O)[O-])c(N)c4c3O)c(C)c2)ccc1/N=N/c1ccc2c(S(=O)(=O)[O-])cc(S(=O)(=O)[O-])c(N)c2c1O.[Na+].[Na+].[Na+].[Na+],53.35
CCc1ccccc1NC(=O)Nc1ccc2c(c1)N(S(C)(=O)=O)CC2,7.750000000000001
CCS(=O)(=O)c1ccc(C(=O)N2CCSc3ccccc32)cc1,6.55
O=c1cccc2n1C[C@@H]1CNC[C@H]2C1,18.200000000000003
CCN(CC)C(=O)[C@@H]1CC(=O)Nc2cc(F)ccc21,-0.833333333333333
CC(C)c1cc(NS(=O)(=O)c2ccc3c(c2)OCCO3)no1,-12.7
O=S(=O)(NCCc1ccc(C(F)(F)F)cn1)c1ncc[nH]1,-10.3
COc1cccc2cc(C(=O)NCc3ccc(NC(N)=O)cc3)c(=O)oc12,18.8
CCSCc1cc(C(=O)N2CCCC[C@H]2c2ncon2)no1,7.85
CCOc1cccc(CNC(=O)C2CCCCC(=O)N2C)c1,7.85
COc1cc(Cc2ccc(N)nc2N)cc(OC)c1OC,87.15
CC(C)c1ccc(OCC(=O)NCC(c2ccco2)N2CCOCC2)cc1,18.7
CC(C)(C)n1cc(C(=O)N2CCn3c(nn(CC(F)F)c3=O)C2)nn1,-4.6
CCc1nc2n(n1)C[C@@H](NCc1cccs1)CC2,-12.8
COc1ccc(C)cc1N1CC(C(=O)NC(C)C)CC1=O,0.5
CCOc1cccc(-c2nn3c(CN4CCCCC4)nnc3s2)c1,68.6
CCOCC1CCN(C(=O)CCn2cnc3sccc3c2=O)CC1,-8.6
CCOc1ncccc1C(=O)N1CCN(c2ccc(OC)cc2)C(=O)C1C,12.5
Cn1ccc2cccc(NC(=O)N3CCNC(=O)[C@@H]3c3ccccc3)c21,21.700000000000003
CNc1nc2[nH]c(=O)c(Br)c(O)c2s1,10.55
Cc1cn2cc(CC(=O)N3CC[C@H](Cc4nccs4)C3)nc2s1,4.55
Cc1cc(F)ccc1N1CCC(N[C@H]2CCC[C@@H](CO)C2)CC1,14.75
Cl.O=S(=O)(NC[C@H]1CCCCN1)c1ccccc1Br,9.7
Cc1c(S(=O)(=O)c2ccc(F)cc2)c(N)n(C(C)C)c1C,-7.7
Cc1cccc(OCC(=O)NC[C@H]2CCN(CC(F)(F)F)C2)c1,1.6
CNC(=O)N1CCC(C2CCN(C(=O)c3cccc(C#N)c3)C2)CC1,18.9
CNC(=O)C1CN(C(=O)Nc2cccc(C(F)(F)F)c2)CC12CCOCC2,23.35
COc1ccc(OCCN2CC(=O)N(c3cccc(C)c3)[C@@H]3CS(=O)(=O)C[C@@H]32)cc1,8.600000000000001
COc1ccc(C(=O)N[C@H]2CCOc3ccccc32)c(OC(C)C)c1,19.65
Cc1c(C(=O)NCc2ccn3ccnc3c2)c(=O)oc2ccccc12,8.05
O=C1CN(C(=O)Cn2cnc3scc(-c4ccccc4)c3c2=O)c2ccccc2N1,8.799999999999999
COc1cccc(C(=O)N2C[C@@H]3CN(C(=O)C(C)C)C[C@]3(C(=O)N3CCCC3)C2)c1OC,14.65
CC(C)Oc1cccc(C(=O)N2CC[C@H](N3CCN(C)CC3)[C@H](CCCO)C2)c1,6.1
OCC1(CNC[C@H](O)c2cc(F)ccc2F)CCC1,4.2
O=C1CC[C@H](C(=O)N2CCN(C3Cc4ccccc4C3)CC2)N1,15.1
COc1ccc([C@H]2CCN(C(=O)Cc3cn4cccc(C)c4n3)C2)cc1,-0.8499999999999999
Cc1cc(C[C@H](C)NC(=O)Nc2cnc(C3CC3)nc2)n[nH]1,-4.95
C[C@H]1CN(Cc2cc(C#N)ccc2F)CCN1Cc1nccn1C,-6.333333333333335
CC(C)Oc1cccc(C(=O)NCc2ccc(F)cc2)c1,-0.3499999999999998
Cc1cnn(C[C@H]2CCCN2Cc2c(C)noc2C)c1,-18.2
CCOc1cc(C)nc(N2CCN(C(=O)[C@H](C)NC(C)=O)CC2)n1,-5.35
O=C(CCn1c(=O)[nH]c2ccccc21)NC1C2CN3CCN(C2)CC1(c1ccccc1)C3,8.45
CN(C)C(=O)C1CCN(S(=O)(=O)c2ccc3c(c2)OCCCO3)CC1,19.95
Cc1nc(-c2ccncc2)[nH]c(=O)c1CC(=O)N1CCC[C@H](C(C)C)CC1,-20.15
CC[C@@H](CO)NC(=O)c1ccc(NC(=O)c2ccn(-c3ccccc3F)n2)cc1,-13.5
Oc1c(I)cc(Cl)c2cccnc12,99.95
CN(Cc1ncon1)C(=O)C(C)(C)Cc1ccc(O)cc1,4.15
COCCNC(=O)N(C)C1CCN(c2ccccn2)CC1,14.2
Cc1ccccc1C(=O)Nc1cccc2c1C(=O)NC2=O,-4.15
CN[C@H]1CCCN(S(=O)(=O)c2cccc(C)c2)C1.Cl,-9.85
C[C@@H](C(=O)Nc1ccccc1)N1CCCCCC1,5.95
CCS(=O)(=O)N1CCc2cc(C(=O)NC(C)(C)C)ccc21,17.950000000000003
O=C(Nc1cccnc1-n1cccn1)N1CCC[C@H](C(F)(F)F)C1,7.15
C[C@H](O)CN1CCN(C(=O)Cc2noc3ccccc23)CC1,10.4
COc1ccc(CNC(=O)CCc2nc3ccc(C)cc3c(=O)n2C)cc1,8.3
CCCN(CC1CC1)C(=O)[C@@H]1CC(F)(F)CN1C1CN(S(C)(=O)=O)C1,11.5
CC[C@H](NC(=O)COc1ccc(C#N)cc1)c1ncc[nH]1,-1.4
NC(=O)Cc1ccc(NC(=O)c2cc3ccccc3oc2=O)cc1,11.966666666666669
OB(O)CCc1ccccc1,25.85
CNC(=O)CC1C(=O)NCCN1Cc1ccc(OC)c(C)c1,8.85
CN(C)C(=O)c1ccc2c(c1)N(CC(=O)NCc1cccc(Cl)c1)C(=O)C1CCCCN21,13.85
COc1cc(NC(=O)CCCN2C(=O)c3ccccc3C2=O)cc(OC)c1,9.1
CON(C)S(=O)(=O)c1cccc(C(=O)NCC(=O)Nc2cn[nH]c2)c1,1.2000000000000002
C[C@]1(Cn2ccnn2)[C@H](C(=O)O)N2C(=O)C[C@H]2S1(=O)=O,51.25
c1onc(C2CC2)c1-c1nc(C[C@H]2CCC3(CCOCC3)CO2)no1,8.1
COCCCn1c(-c2ccc(OC)cc2)cn2c3c(=O)n(C)c(=O)n(C)c3nc12,11.55
COc1cc(NS(=O)(=O)c2cc3n(c2)CCCN(C)C3=O)cc(OC)c1,4.6499999999999995
Cc1cccc(N2CCN([C@@H](C)c3nc(N)nc(N(C)C)n3)CC2)c1C,17.7
COCCC(=O)N(C)Cc1c(C)nc2sc(C)cn12,2.2
CC(C)Cc1ccc(CCC(=O)N2C[C@@]3(CO)C[C@@]3(CO)C2)cc1,-18.4
Cc1nc(N2CCN(S(=O)(=O)c3ccccc3C(F)(F)F)CC2)cc(-n2ccnc2)n1,59.75
Cc1ccc(NC(=O)c2cc(S(=O)(=O)N3CCOCC3)cn2C)cc1Cl,-4.15
N#Cc1ccc(S(=O)(=O)NC(=O)CC[C@H]2CCCO2)cc1,-3.3500000000000005
Cc1noc(C)c1CO[C@@H]1COCC[C@H]1NC(=O)c1ccc2c(c1)CCO2,12.0
Cc1ccccc1[C@H](CO)N(C)C(=O)c1ccnnc1C,-4.800000000000001
CCS(=O)(=O)N1CCCC(C(=O)NC(C)(C)Cc2ccccc2)C1,9.35
CCc1ccc(OCC(=O)Nc2ccc(S(=O)(=O)N(CC)CC)cc2)cc1,17.4
N#Cc1cc(NC(=O)[C@H]2CCCN(C(=O)C3CC3)C2)ccc1F,9.75
CN1CCN(C(=O)C[C@@H](O)CC(C)(C)C)Cc2ccccc21,-4.466666666666667
O=C(CSc1nc2nn(-c3ccccc3)c(=O)c-2c2n1CCCCC2)N1CCOCC1,1.9000000000000004
Cc1ccc(S(C)(=O)=O)cc1S(=O)(=O)NC[C@H]1CCCNC1.Cl,17.5
CCCN1C(=O)CCc2cc(NC(=O)COC[C@H]3CCOC3)ccc21,3.8
CCNc1c(NS(=O)(=O)c2ccc(OC)c(OC)c2)c(=O)oc2ccccc12,2.25
CCOc1ccc(Cn2c(=O)oc3ccc(C)cc32)cc1,6.199999999999999
COc1ccc(S(=O)(=O)N2CCC(C(=O)N3CCCC3)CC2)cc1,11.0
Cc1cccc(OCc2nnc(SC(C)C)o2)c1,-31.2
COc1ccc(S(=O)(=O)N2CCC(C(=O)N3CCN(c4ccc(F)cc4)CC3)CC2)cc1C,55.35
CO[C@@H]1CC[C@@]2(OC)CCN(Cc3ccc(OCCO)cc3)[C@H]2C1,5.95
COCC(=O)Nc1cccc(N2CCCC2=O)c1,2.5999999999999996
O=C1NCCc2ccc(S(=O)(=O)N[C@H]3CCc4ccccc4OC3)cc21,16.35
Cc1nc(COC2CCCN(C(=O)NCCc3ccccc3)C2)no1,15.9
COCCNC(=O)COc1ccc(-c2nnn(C)n2)cc1,17.1
CCc1nc([C@H]2CCCN(C(=O)c3cnns3)C2)no1,1.8
Cc1cc(C(=O)N2CCC[C@H](C(F)(F)F)C2)on1,2.8000000000000003
COc1ccc(N2CCCCS2(=O)=O)cc1S(=O)(=O)Nc1cc(OC)c(OC)c(OC)c1,37.7
C[C@H]1CN(C(=O)Cc2cc3ccccc3[nH]c2=O)C(C)(C)CO1,17.4
CCOc1ccccc1NC(=O)Cn1cnc2nc(N3CCCC(C(=O)NC(C)C)C3)sc2c1=O,18.1
COc1ccc(N2C[C@@H](C(=O)N3CCn4c(nnc4-c4cccnc4)C3)CC2=O)cc1OC,10.8
CCN(C1CCCCC1)S(=O)(=O)c1ccc(Cc2cc(C)n[nH]c2=O)cc1,13.65
CC(=O)c1ccc(NC(=O)Cn2c(=O)c3ccccc3n3nc(C)cc23)cc1,17.35
COc1ccc(Cl)cc1NC(=O)CC1CCCCN(C)C1=O,19.75
CC(Oc1ccc(Cl)cc1)C(=O)NC1CCCC1,9.0
Cc1nn(-c2ccccn2)c(C)c1CNC[C@H]1CC(=O)N(C2CC2)C1,7.699999999999999
COc1ccc(-c2cnc3ccc(N4CCCC4)nn23)cc1OC,8.5
O=C(NCCCCn1ccnc1)c1cc2ccccc2cc1O,-14.685761
COc1cc(C2c3c(oc4ccc(C)cc4c3=O)C(=O)N2CCCN2CCOCC2)ccc1O,0.55
Cc1cn2c(CN[C@H]3CCS(=O)(=O)C3)c(C)nc2s1,-11.9
C[C@H]1CCCN(S(=O)(=O)NCc2ccnc(OCc3ccc4c(c3)OCO4)c2)C1,-0.9
CS(=O)(=O)N[C@H]1CCCN(C(=O)c2cnc3ccccc3n2)C1,13.433333333333332
CCCc1cc(O)nc(SCC(=O)N2CCN(S(=O)(=O)c3ccc(F)c(F)c3)CC2)n1,8.2
CNc1snc(C)c1C(=O)N1CCC[C@H](n2nc(C)nc2C)C1,10.5
O=C(NCc1ccccn1)C1CCc2sc(C(=O)N3CCCC3)cc2C1,-6.549999999999999
C[C@H]1CN(C(=O)c2cnn(Cc3ccccc3)c2C2CC2)CCO1,-27.80317
CCn1c(N2CCN(CCc3ccccc3)CC2)nc2c1c(=O)[nH]c(=O)n2C,0.55
CC(=O)N1CCC(NC(=O)c2cnc3cc(C)ccn3c2=O)CC1,14.4
CCn1ncnc1CNc1ccc(C(=O)NC(C)(C)CC)cc1,6.6
O=C(NC[C@@H](c1cccs1)N1CCOCC1)c1ccc(Cl)o1,-6.75
Nc1nc(CN2CCC(CN3CCOCC3)CC2)nc2ccccc12,20.55
Cc1cc(=O)n(CC(=O)Nc2ccc(C)c(C)c2)c(N)n1,25.4
CCN1CCO[C@@H](CNCc2ccc(C)s2)C1,2.1
COc1ccc(N(C)C(=O)[C@@H]2COc3ccccc3O2)cc1OC,6.0
CCc1nc(C)c(C(=O)N2CCC3(CC(=O)c4ccccc4O3)C2)s1,10.55
O=C(O)CCc1ccc(NCc2cccc(Oc3ccccc3)c2)cc1,-3.0500000000000003
OCCn1ncc2c(N3CCN(CC(F)(F)F)CC3)ncnc21,-27.45
Cc1cnn(C[C@H]2CN(Cc3ccc(C(C)C)nc3C)CCO2)c1,-11.95
Cc1cc(C)c(S(=O)(=O)N2CC[C@H](CN)C2)c(C)c1,-1.7999999999999998
CCCCc1ccc(C(=O)N2CCN(C)CC2)cc1,4.550000000000001
COc1c([C@@H]2CCCN2C(=O)Cn2cc(C)cn2)c(C)nn1C,-6.6
COc1ccc(OCC(O)Cn2c(NCCCn3ccnc3)nc3c2c(=O)[nH]c(=O)n3C)cc1,-6.2
Cn1cccc1C(=O)Nc1cnn(-c2ccccc2S(C)(=O)=O)c1,16.099999999999998
CCc1ccnc(C(=O)N2CCN(C3CC3)c3ccccc32)c1,1.2999999999999998
CN1C(=O)Cc2cc(S(=O)(=O)N3CC4(CC(N5CCCCC5)CO4)C3)ccc21,21.25
COc1cc(C(F)(F)F)ncc1NC(=O)CC[C@H]1CCCOC1,12.45
COc1ccc(C(=O)N2C[C@@H]3CN(C(=O)c4ccncc4)C[C@]3(C(=O)N(C)C)C2)c(C)c1,13.8
O=C(CNc1ccc(Cl)cc1)N1CCN(c2ccccc2)CC1,1.0
COc1ccc([C@@H](NC(=O)CCn2c(=O)oc3ccccc32)c2nccn2C)cc1,-24.995015
Cc1nccc(C(=O)N2CCC[C@H](n3ccnc3C(C)C)C2)n1,-0.1666666666666666
Cc1noc([C@H]2CCCN(C(=O)c3c(C)noc3C(C)C)C2)n1,2.1
Cc1csc(-c2cccc(NC(=O)N3CCC[C@@H]3CO)c2)n1,-2.05
Cn1ncc2c(N3CCC(NC(=O)c4ccncc4)CC3)ncnc21,-28.3841605
COc1cccc(C(=O)N[C@@H]2CN(S(C)(=O)=O)C[C@H]2CN(C)C)c1C,-9.65
CCCNC(=O)[C@H](C)SCc1cc(=O)n2cc(C)ccc2n1,-19.2
COc1ccc(S(=O)(=O)c2c(C(=O)N3CCOCC3)cnc3ccc(F)cc23)cc1,14.55
O=C(c1ccncc1)N1CC(Oc2ccc(-c3noc(C4CCOCC4)n3)cc2)C1,6.8999999999999995
O=C(Nc1cccc(N2CCCCC2=O)c1)Nc1nccs1,3.35
CSc1nc2sc(C)cc2c(=O)n1Cc1ccco1,6.1
CN1CCc2nc(NC(=O)[C@]3(c4ccccc4)CCCO3)sc2C1,-13.05
CCCn1c(=O)c2c(nc3n2CCN3c2ccc(Cl)cc2)n(C)c1=O,13.75
CCCN1C(=O)NC(CC(=O)NCCCc2ccncc2)C1=O,8.0
CC(=O)Nc1nc(C(=O)N2CCCC[C@@H]2Cn2cc(C)cn2)cs1,10.35
O=C1COc2ccc(S(=O)(=O)Nc3ccc(-n4cccn4)nc3)cc2N1,3.9
Cc1cccc(NC(=O)[C@@H]2COCC(=O)N2Cc2ccc(F)cc2)c1,9.4
COCC(=O)N(Cc1cccnc1)C1CCCN(C(=O)c2ccco2)C1,10.3
CC(C)[C@@H]1NCC12CCS(=O)(=O)CC2.Cl,21.35
CC(C(=O)NC1CCN(Cc2cccs2)CC1)c1n[nH]c(=O)c2ccccc12,-1.3000000000000005
Cc1cc(C(=O)CN(C)[C@@H](C)c2cccc(S(N)(=O)=O)c2)c(C)[nH]1,2.7999999999999994
CN1CC(=O)N(CC(=O)Nc2cccc(C(F)(F)F)c2)c2ccccc2C1=O,18.2
O=C(NCCN1CCc2ccccc2C1=O)c1cc2ccccn2c1,-3.4
Cc1ccc(S(=O)(=O)Nc2ccc3[nH]c(=O)oc3c2)cc1C,-3.45
Cc1cc(CNC(=O)Nc2cccc(Cl)c2)on1,-6.0
Cc1ccc(Cl)cc1NC(=O)CN1C(=O)N[C@@H](CC(C)C)C1=O,-6.25
O=C(c1ccc(SC(F)F)cc1)N1CCN(C(=O)[C@@H]2CCCO2)CC1,-25.15
COc1ccc(S(=O)(=O)NCCCN2CC(C)CC(C)C2)cc1NC(C)=O,8.8
O=C(N[C@H]1CCCCC12CCCC2)c1cc[nH]n1,12.75
Cc1ccc(C(=O)N2CCC(C3CCN(S(C)(=O)=O)CC3)C2)cn1,12.25
Nc1ncc(Br)cc1CNC(=O)NCC(F)(F)F,-18.2
C[C@]12CCC(=O)C=C1CC[C@@H]1[C@@H]2CC[C@]2(C)C(c3cccnc3)=CC[C@@H]12,82.80000000000001
O=C(O)[C@@H](O)[C@H](O)C(=O)O.Oc1ccc2c(c1)CC[C@H](c1ccccc1)[C@@H]2c1ccc(OCCN2CCCC2)cc1,99.85
COc1ccc(-c2csc(NCC(C)C)n2)cc1OC.Cl,27.450000000000003
CC(=O)c1c(C)[nH]c(C(=O)N2CCCC[C@H]2c2nc[nH]n2)c1C,-11.15
O=C1COCCN1CC(=O)N1CCC[C@H]1c1cccc2ccccc12,11.15
CNC(=O)c1ccc2c(c1)CCN2S(C)(=O)=O,14.6
Cc1n[nH]c(C)c1NC(=O)NC[C@@H](c1cccs1)N(C)C,-2.1
O=C1CN(C2CCCCC2)[C@H]2CS(=O)(=O)C[C@H]2N1c1ccc(Cl)cc1,1.35
C[C@]1(c2ccc3c(c2)OCCO3)NC(=O)N(CC(=O)Nc2cccc(F)c2)C1=O,3.25
COc1ccc(S(=O)(=O)N2CCC[C@@H]2CN)c(C)c1,0.25
O=C1COc2ccc(S(=O)(=O)N3CCC(C(=O)Nc4ccccc4)CC3)cc2N1,12.8
CCCc1nc(C)c(CN2CC[C@@H](N(C)CCO)[C@H]2C)o1,10.6
CC(=O)N1CCC(c2noc(COc3ccc(C)cc3)n2)C1,11.75
O=C(c1cc2cc(Br)ccc2[nH]1)N1CCOC[C@H]1c1ncon1,9.2
CCc1nc([C@@H]2CCCN2C(=O)c2ccc(S(C)(=O)=O)o2)no1,-2.6
CC(=O)N1CCN(C(=O)c2cc(-c3cccs3)nc3c2c(C)nn3C)CC1,-9.25
CNc1snc(C)c1C(=O)N[C@H]1CS(=O)(=O)c2ccccc21,-21.0
COc1nn(C)cc1NC(=O)NCC1CCC=CCC1,1.95
Cc1ccn2c(C(=O)N3CCC4(CN(C)C(=O)CO4)C3)c(C)nc2c1,7.050000000000001
COc1ccc(C2=NOC(C(=O)NCC(C)C)C2)cc1OC,7.65
O=C(Nc1ccc(S(=O)(=O)N[C@H]2CCS(=O)(=O)C2)cc1)c1ccc(-c2nnn[nH]2)cc1,-4.5
CCCCn1c(N)c(N(CC(C)C)C(=O)c2nn(C)c(=O)c3ccccc23)c(=O)[nH]c1=O,-0.85
O=C(C1=C(O)C(=O)N(CCCN2CCOCC2)[C@@H]1c1ccc(F)cc1)c1ccc2c(c1)OCCO2,13.2
O=S1(=O)CCC[C@H](CN(CCO)C2CC2)C1,-1.5
CCOCCn1c(=O)[nH]c2cc(C(=O)NCC(C)(C)CO)ccc21,14.85
CC(=O)N1c2ccc(S(=O)(=O)N3CCC(C(=O)NCc4cccnc4)CC3)cc2CC1C,16.05
CCc1ccc([C@@H](C#N)N(C)C(=O)CC2CCCC2)cc1,4.9
CN(C)C(=O)[C@@H]1CCCN1C(=O)c1ccccc1F,13.6
CC(=O)c1cc(C(=O)N2CCCCC[C@H]2c2noc(C)n2)n(C)c1,-8.9
Cc1ccc(-c2nc(C)c(C(=O)NCCN3CCCS3(=O)=O)s2)c(C)c1,-11.8
Cc1cc(Cl)ccc1OCCCC(=O)N1CCOCC1,13.95
CC(CO)(CO)Nc1cccc(C#N)n1,-4.049999999999999
CC[C@H]1CN(C(=O)c2ccsc2)CCO1,-6.199999999999999
CCCSc1ccccc1C(=O)N1CCCCC1C,18.1
CCN(CC)C(=O)c1ccc2c(c1)OCCCO2,12.5
Cc1cc(F)ccc1NC(=O)CC(C)S(=O)(=O)c1ccc2c(c1)NC(=O)CO2,12.1
CC1(C)NC(=O)N(CCN2CCN(c3nccs3)CC2)C1=O,-2.9000000000000004
COc1ccccc1NC(=O)CC1NCCNC1=O,-2.6500000000000004
Cc1ccc(NC(=O)N2CC[C@H](CN3CCOCC3)C2)c(C)n1,2.0999999999999996
CC(C)c1nc(CN[C@@H](C)c2nnc3n2CCCC3)cs1,1.95
COc1ccccc1N1CCN(C(=O)Cn2c(C)cc(=O)n3nc(-c4ccccc4)nc23)CC1,50.7
CCCCc1ccc(-n2nnnc2SCC(C)=O)cc1,-40.1
Cn1cc(-c2c[nH]cc2C(=O)N[C@H]2CCCOCC2)cn1,10.2
CCN1C(=O)C[C@H](C(=O)N2CCC(c3ccn[nH]3)CC2)[C@H]1c1nccn1CC,19.6
CC(C)CN1CC(=O)N2CCN(C(=O)CCCc3nc4ccccc4s3)CCC2C1=O,12.4
CSc1ccccc1[C@@H](C)NC(=O)NCC(F)F,-4.7
CC(C)c1nnc(Cn2cc(F)ccc2=O)o1,13.25
CN(C)c1nc(-c2ccncc2)nc2c1CCN(C(=O)Cc1cccc(O)c1)C2,-0.4000000000000003
Cc1cccc(CSc2cc(N)ncn2)c1,-1.4500000000000002
COCc1nc(C2CCCN(C(=O)c3ccccn3)C2)no1,12.75
COc1ncc(Cl)c(NCc2cccc(S(N)(=O)=O)c2)n1,10.25
CCN1CCC[C@@H]1CNC(=O)c1nc(C)n(-c2ccc(F)cc2)n1,1.200000000000001
O=C(c1n[nH]c2c1CCCC2)N1CCN2C(=O)OCC2C1,-4.7
Cc1c(Cl)sn(-c2ccc(Cl)cc2)c1=O,99.2
N#Cc1ccc(N2CCC[C@H](CS(N)(=O)=O)C2)c(F)c1,-2.65
CC1(C)CCC[C@H](C(=O)NC2CCN(Cc3cccnc3)CC2)C1,-19.15
COCCCN(C)S(=O)(=O)c1ccc(-c2coc(C)n2)cc1,-1.85
CN(Cc1cnn(C)c1)C(=O)CN1CCC[C@H](Cn2cncn2)C1,-1.4
O=C(CCc1nnc(-c2ccc3c(c2)OCO3)o1)NCc1ccc(F)cc1,14.5
COc1ccccc1NCC(=O)NCc1c(O)nnc(C)c1C,7.95
COc1ccc(-c2nsc(N)n2)cc1OC,-10.666666666666666
CCN[C@H]1CN(CCCOC)S(=O)(=O)c2sc(S(N)(=O)=O)cc21,18.7
CN(C[C@H](O)CN1CCOCC1)c1ncc(Br)cc1F,-4.8
O=C(c1ccccc1C(F)(F)F)N1C[C@@H](CN2CCCCC2)[C@@H](CO)C1,18.35
Cn1cc(Cl)c(C(=O)N(CCO)Cc2cccs2)n1,-0.1500000000000003
COCCN1C(=O)C(CC(=O)NCCCN2CCCC2)=C2CCCCC21,8.0
Cc1ccn(-c2cc(N3CCN(C(=O)Nc4cccc(F)c4C)CC3)ncn2)n1,53.2
Cn1ncc(C(=O)NCc2cnn(-c3ccccc3)c2)c1-n1cccc1,0.2999999999999998
CC(C)SCC(=O)N1CCN(c2nc3sc4c(c3c(=O)n2C)CCCC4)CC1,5.55
COc1ccc(C(=O)Nc2nccn2Cc2ccccc2)cn1,23.1
O=C(CCC1NC(=O)c2ccccc2NC1=O)NCc1nnnn1-c1ccccc1,28.25
CCCC[C@@H](CN)NS(=O)(=O)c1sc(C)nc1C.Cl,-2.1499999999999995
COCCN1C(=O)CCC2(CNC(=O)c3cccc4nccnc34)CCCC=C12,17.35
CNC(=O)NC(=O)CSc1nnc(NC2CC2)s1,-13.2373
Cc1oc2ncn(C)c(=O)c2c1C(=O)Nc1ccccc1C(N)=O,5.55
O=C(NCc1ccccc1)N1CCC2(CC1)CN(c1ccccc1)C2=O,15.35
CC(C)C(=O)Nc1nc(O)c2ncn(C3OC(CO)C(O)C3O)c2n1,12.55
COc1ccccc1N1CC(C(=O)N2CCNCC2)CC1=O.Cl,8.7
CCNC(=O)C1CCN(S(=O)(=O)c2cc(Cl)c(C)cc2OCC)C1,25.450000000000003
CCCCC1C(=O)N(C)CCN1C(=O)c1cc(=O)cc(C)o1,8.45
CCc1ccc(-c2noc(CN3CCN(c4cnccn4)CC3)n2)cc1,6.8999999999999995
Cc1n[nH]c(=O)c(C(=O)Nc2cc(-c3c(F)cccc3F)[nH]n2)c1C,11.85
Cc1cc(C)n(CC(=O)NCC2CCN(CCC(C)c3ccc(C)o3)CC2)n1,11.55
COCCN1CC[C@H](CNC(=O)c2cc3ccc(C)cc3[nH]2)C1,-6.85
Cc1ccc(Cl)c(OCC(=O)NCC2CCCO2)c1,24.85
Cc1ccccc1C1=CCN(C(=O)[C@@H]2CS(=O)(=O)CC(=O)N2)CC1,-15.45
COc1ccc(C(=O)N[C@@H]2CN(c3ncccn3)C[C@H]2CN(C)C)cn1,3.75
O=C(NS(=O)(=O)C[C@H]1CCCCO1)c1cccs1,-6.15
CN(Cc1cccc(C(N)=O)c1)c1cnn(C(C)(C)C)c(=O)c1Cl,3.0
O=C(CCc1ccoc1)N1CCN([C@H]2CCN(c3ccccc3)C2=O)CC1,20.950000000000003
C[C@@H](O[C@H]1OCCN(Cc2n[nH]c(=O)[nH]2)[C@H]1c1ccc(F)cc1)c1cc(C(F)(F)F)cc(C(F)(F)F)c1,100.2
COCCN1CCN(CCOc2ccc(F)cc2)C[C@@H]1C,-13.25
CC(C)NC(=O)c1nc(-c2ccccc2)n2c1C[C@@H]1CC[C@H](C2)N1C(=O)c1cncn1C,-27.25
Cc1ccc(C(=O)N2CCC[C@H](n3cncn3)C2)n1C,13.9
CSCC1CCCN(C(=O)NCc2cnn(C)c2C)C1,13.65
CNC(=O)N1CCC(C2CCN(C(=O)c3ccc(F)cc3F)C2)CC1,15.25
CC(C)(C)c1nnc2sc(C3COc4ccccc4O3)nn12,-7.949999999999999
COc1cc(C)c(NC(=O)N2CCC[C@H]2c2nncn2C)cc1F,-4.5
O=C(CCn1c(=O)[nH]c2ccsc2c1=O)NCCSCc1ccccc1,13.05
O=C(NCC1CCN(Cc2ccoc2)CC1)c1ccsc1,7.9
Cc1nn(C(=O)c2ccccc2Br)c(C)c1S(=O)(=O)N1CCOCC1,20.9
COc1cccc2c(=O)c(CN(C)C)c(C)[nH]c12,10.55
CCn1c(=O)c(-c2ccc(Cl)cc2Cl)cc2cnc(Nc3ccc(N4CCNCC4)c(F)c3)nc21,98.65
COc1ccc(-n2ncc3c(=O)n(CC(=O)Nc4ccccc4OC)cnc32)cc1,4.95
COc1ccc(NC(=O)Cn2ccn3nc4c(c3c2=O)CCCC4)c(OC)c1,15.45
C#CCOc1ccc(C(=O)Nc2ccc(OC)cc2OC)cc1,5.1
COc1ccc(NS(=O)(=O)c2cnn(-c3ccccc3)c2)cc1S(=O)(=O)N1CCOCC1,-8.233333333333334
O=C(Nc1cc(CCc2ccccc2)ccn1)C1=COCCO1,-0.6
CCC(=O)N1CCN(c2ccc(-n3ccc(C)n3)nn2)CC1,2.3
CC(C(=O)NCCN(C)C)C1CCN(C(=O)c2cc3cc(Cl)ccc3[nH]2)CC1,52.5
COCCC1CCOC2(CCN(C(=O)c3cccc(C)c3)CC2)C1,13.3
CN(CCC(O)c1ccccc1)C(=O)Nc1ccnn1C1CCCCC1,6.25
O=C(Nc1nccs1)c1ccccc1S[C@H]1CCS(=O)(=O)C1,15.8
O=C(CC1C=CS(=O)(=O)C1)NCCc1nc(C2CC2)no1,10.95
CCCN(C(=O)c1ccc(C#N)cc1)[C@H]1CCNC1,-1.4
CN(Cc1cnn(-c2ccccc2)c1)C(=O)c1ccc(S(C)(=O)=O)cc1,12.3
CCOc1nnc(CN2CCC[C@H]2c2cnn(C)c2)s1,-5.2
Cc1nn(C)c(Cl)c1CN1CCc2nn(C(C)C)c(=O)cc2C1,-0.3000000000000002
O=C(NC1CCCC1)C1CCN(c2cnn(Cc3ccccc3)c(=O)c2)CC1,20.55
C[C@]1(CNC(=O)N2CCN(Cc3cccnc3)CC2)CCCS1,5.6
CCN(CC)S(=O)(=O)c1ccc(C(=O)Nc2nc3cc4c(cc3s2)OCO4)cc1,-12.25
CC(C)OC(=O)N1CCC(Oc2ncnc3c2cnn3-c2ccc(S(C)(=O)=O)cc2F)CC1,13.7
COc1cccc2c1N(C(=O)Cc1ccc(NC(C)=O)cc1)CC[C@@H]2C,-3.85
O=C(CN1CCN(Cc2ccc3c(c2)OCO3)CC1)Nc1ccccc1F,1.5
CCCN1CCN(CCCNC(=O)c2sc3nc4n(c(=O)c3c2C)CCCC4)CC1,16.55
N[C@@H]1CC[C@@H]1NC(=O)c1cnc(-c2cccnc2)nc1,4.45
CCn1ncc2c1CCC[C@@H]2NCc1c(C)nn(CCO)c1C,7.85
CC(C)NC(=O)C1c2ccccc2Oc2ccccc21,-0.9500000000000012
NCc1ccc(-c2cccnc2)o1,10.8
OCCCc1cn(-c2ccccc2)c2ccccc12,54.5
Cc1ccc(Sc2ccc3n[nH]c(=O)n3n2)cc1,7.7
Cc1nc(C#N)c(NCc2ccc(F)cc2)o1,3.9
CCc1nccn1[C@H]1CCCN(C(=O)c2cc(Cl)c[nH]2)C1,-2.1500000000000004
N#Cc1ccc(CNC2(C(N)=O)CC2)c(Br)c1,1.7999999999999998
CO[C@H]1/C=C/O[C@@]2(C)Oc3c(C)c(O)c4c(O)c(c(/C=N/N5CCN(C)CC5)c(O)c4c3C2=O)NC(=O)/C(C)=C/C=C/[C@H](C)[C@H](O)[C@@H](C)[C@@H](O)[C@@H](C)[C@H](OC(C)=O)[C@@H]1C,98.95
CCN(CC)CCCN1C(=O)C(O)=C(C(=O)c2ccc(C)cc2)[C@@H]1c1cccs1,9.3
CNC[C@H]1CCCN(C(=O)CCCOc2ccc(F)cc2F)C1,0.2
CCCCSCCC(=O)N[C@H]1COc2cc(F)cc(F)c21,-13.15
N#CCCS(=O)(=O)CCc1c(F)cccc1Cl,9.2
CC(C)CC(=O)Nc1nc(-c2ccc3c(c2)N(C)C(=O)C(C)O3)cs1,9.1
CCc1ccc(NC(=O)c2cc(CC)n3nccc3n2)cc1,15.85
CCOC(=O)CCNc1cc(N2CCc3ccccc3CC2)nc(-c2ccccn2)n1,101.7
Cn1cnc(-c2ccc(NC(=O)N3CCC[C@H](OCCO)C3)cc2)n1,12.8
C[C@H]1CNCCN1CCOc1ccccc1F,-7.4
Cc1ccc2nc(C(=O)NC3COC4(CCCCC4)C3)cn2c1,12.1
CC(=O)Nc1ccc(NC(=O)c2cc(=O)n(C)c3ccccc23)cc1,25.049999999999997
CCCCC1C(=O)N(C)CCN1C(=O)c1cc2c(cc1OC)CCC2,-0.5
CCN(C(=O)COc1ccc(Br)cc1F)[C@H]1CCS(=O)(=O)C1,-2.9
O=C(Nc1ccc2c(c1)OCCCO2)c1cc(-c2cccnc2)on1,22.1
COc1ccc(OC)c(CNc2cc[nH]n2)c1,-6.766666666666666
Cn1c(=O)c2c(nc(NCc3ccco3)n2CC(O)COc2ccccc2)n(C)c1=O,-2.25
CCCCC(=O)Nc1nonc1-c1ccc(C)cc1,10.0
COc1ccccc1N(C)CCCN1C(=O)c2ccccc2C1=O,13.266666666666666
CCS(=O)(=O)c1cccc(CNC(=O)c2cccc3c2OCC3)c1,9.75
O=C(c1ccco1)N1CCc2nc3cc(-c4ccccc4Cl)[nH]n3c(=O)c2C1,1.0
Cc1ncsc1CNC(=O)N1CC[C@H](COCc2ccccc2)C1,-2.95
CO[C@H]1C[C@H](c2nc(C)no2)N(S(=O)(=O)Cc2cc(C)no2)C1,-2.0
CCCCNC(=O)c1cc2c(=O)n3cccc(C)c3nc2n1C,-0.2
CCCn1c(CN2CCOCC2)nc2cc(NC(=O)COc3ccccc3OC)ccc21,22.45
CCn1cc(CCn2nc(C(C)(C)C)ccc2=O)cn1,-8.95
O=C1CCC(NCCn2ccnn2)CCN1CC1CC1,15.35
Cc1cc(OCC(=O)N2CCCC[C@H]2c2nccs2)no1,-13.7
Oc1ccc(Cl)cc1-c1c[nH]nn1,59.3
Cc1ccc(CCNC(=O)NC(C)(C)c2ncc(C)s2)cn1,2.5999999999999996
CCCOc1cc(F)ccc1NC(=O)N1CCC[C@H]1c1nncn1C,3.066666666666668
CCN(CC(=O)N[C@H]1CCS(=O)(=O)C1)Cc1cc(C)ccc1OC,-17.65
COc1ccc2c(C)nc(NC(=N)N)nc2c1,53.45
CC(O)CCC(=O)NCCc1nc2ccccc2n1Cc1ccccc1,17.15
CCN1CCN(C(c2ccc(C(F)(F)F)cc2)c2ccc3cccnc3c2O)CC1,101.3
O=C1CN(C(=O)c2ccn(-c3cccc(F)c3)n2)c2ccccc2N1,7.15
CCCCC(CC)CNC(=O)CN(C)S(=O)(=O)c1cccc2nsnc12,7.15
COc1cccc(C(=O)N(C)C)c1OCc1cnc(Cl)s1,-5.1
Cc1c(S(=O)(=O)N2CC[C@@H](n3c(=O)n(C)c4cccnc43)C2)cnn1C(F)F,9.85
O=C(NCC(=O)N1CCCc2ccccc21)C1CCCCC1,-19.64284
CCCn1c(=O)[nH]c2nc(-c3ccc(S(=O)(=O)N4CCN(c5ccc(Cl)cc5)CC4)cc3)[nH]c2c1=O,12.0
COCCNC(=O)Nc1cccc(C(=O)N2CCc3sccc3C2)c1C,8.7
NC(=O)C1CCN(C2CC(=O)N(c3cccc(Cl)c3Cl)C2=O)CC1,18.6
Cn1cc([C@@H]2CS(=O)(=O)CCN2Cc2cc3ccccc3o2)cn1,12.75
Cn1c(CN2CCOCC2)nc2cc(NC(=O)c3ccc(F)cc3)ccc21,4.6
CO[C@H]1C[C@H](c2nc(C)no2)N(C(=O)[C@@H]2C[C@H](C)CC(=O)N2)C1,14.3
Cc1n[nH]c(-c2ccc(S(=O)(=O)NC3CCS(=O)(=O)C3)o2)c1C,2.35
O=C(Nc1ccccc1-n1ccnc1)c1ncccc1Cl,-32.150000000000006
Cc1nn([C@H]2CCS(=O)(=O)C2)c(C)c1CN(C)C(=O)c1ccc(Cl)c(N2CCCC2=O)c1,-15.15
COc1ccc2c(c1)CN(C(=O)Nc1ccc(F)cc1OC)CC2,-11.65
CCOc1ccccc1NC(=O)c1cnc2sc(C)c(C)n2c1=O,13.2
CN(C)C(=O)CSc1nnc(-c2ccc3c(c2)OCO3)n1-c1ccccc1,-4.800000000000001
CCN([C@H]1CCS(=O)(=O)C1)S(=O)(=O)c1ccc(Cl)c(Cl)c1,9.6
CC(C)[C@H]1C(=O)NCCN1C(=O)Nc1ccccc1C(F)(F)F,1.9000000000000004
CN(CCC#N)C(=O)Cn1nnn(-c2ccccc2Cl)c1=O,-3.8
Cc1cccc(CN2CCCC2c2c(C)noc2C)c1,13.95
COc1cc(NC(=O)c2cccc(N3C(=O)C(C)(C)CS3(=O)=O)c2)cc(OC)c1OC,10.1
CN(CC(=O)N(CCC(N)=O)c1ccccc1)Cc1cccc(Cl)c1,10.408128
O=C(NCCCOCc1ccccc1)c1ccc2ncsc2c1,13.4
Cc1nc(C)n([C@H]2CCCN(C(=O)c3ccc(CN(C)C)cc3)C2)n1,-5.749999999999998
CCn1c(=O)c2sccc2n(CC(=O)N2CCCc3ccccc32)c1=O,13.15
COc1ccc(-c2noc(=O)n2CCc2ccnn2C)cc1OC,10.6
CCC#CCN1CCCC(CNC(=O)c2c(C)ncnc2C)C1,11.4
CN(CCOc1ccccc1F)c1snc(Cl)c1C#N,6.9
CNC(=O)NC(=O)[C@H](C)N1CCCN(c2ccc(C(F)(F)F)cn2)CC1,4.2
CCCCNC(=O)c1cn(C)c2ccc(S(=O)(=O)N(CC)CC)cc2c1=O,0.15
NC(=O)C[C@]1(O)CCCN(Cc2csc(C(F)(F)F)c2)C1,-7.9
CN(CCC(O)c1ccccc1)C(=O)NCc1nc(C2CC2)no1,4.85
CC(=O)c1[nH]c(C)c(C(=O)Nc2ccc(Cl)cc2)c1C,6.249999999999999
O=C(CC1CCOC1)N1CCC(Cc2ccccc2)CC1,8.2
COc1ccc(C(=O)N2CCN(S(=O)(=O)c3cccc(C)c3)CC2)cc1,3.899999999999999
Cc1ccc(-n2nc(C)c(C(=O)NCC(=O)NCC3(C#N)CC3)n2)c(C)c1,7.85
O=C(Nc1cccc(C(F)(F)F)c1)C1CCN(S(=O)(=O)c2cccnc2)CC1,19.549999999999997
O=c1cc(C2CCC2)ncn1C[C@H]1CCOC1,14.333333333333334
CCOC(=O)c1ccccc1S(=O)(=O)NC(=O)Nc1nc(Cl)cc(OC)n1,10.75
CCN1CC2(CCN(S(=O)(=O)c3cnn(C(C)C)c3)CC2)[C@H]2COC[C@H]21,3.7
CN(C)S(=O)(=O)c1ccc(C(=O)Nc2ccc3ccccc3n2)cc1,16.2
CC(C)C[C@@H]1NC(=O)N(CC(=O)NCc2ccc(F)cc2)C1=O,-19.0
Cc1c(C(=O)N2CCCCCO2)c(O)nc2ccccc12,-6.6
CN(Cc1cccc(C(N)=O)c1)Cc1nnc(C2CC2)o1,-25.8
Cn1ccnc1[C@H](NC(=O)c1ccc(S(=O)(=O)N2CCCC2)cc1)c1ccc(F)cc1,2.15
CC(=O)c1cccc(N(CC(=O)Nc2ccccc2C(=O)NCc2ccco2)S(C)(=O)=O)c1,22.5
Cc1cccc2c(=O)n(CCC(=O)Nc3ccc(OCC(N)=O)cc3)cnc12,9.733333333333334
O=C(NCCCN1CCOCC1)c1nc(Cn2nc(-c3ccccc3)ccc2=O)no1,12.55
CO[C@H]1CN(C2CCN(C(=O)Cn3c(=O)oc4ccccc43)CC2)[C@H]1c1cccnc1,8.0
CN(Cc1cnccn1)C(=O)NCC(c1ccccc1)N1CCCCCC1,10.85
CN(CC(=O)NC1CC1)S(=O)(=O)[C@H]1CCCN(C(=O)C2CCCC2)C1,-5.366666666666666
CC(=O)N1CCc2cc(NC(=O)CCc3nc(-c4ccccn4)no3)ccc21,15.8
CCCN(CCC)CCCNS(=O)(=O)c1cccc2nsnc12.Cl,3.75
Cc1ccccc1NC(=O)CCCc1nc(-c2ccncc2)no1,22.6
O=c1c2cccnc2ncn1C[C@H](O)COc1ccc(F)cc1,18.200000000000003
COCCNC(=O)N1Cc2ccccc2N(C)C[C@@H]1C,11.95
Cc1cc(F)cc(S(=O)(=O)NC2CCN(CC(N)=O)CC2)c1,1.1999999999999993
Cc1cc(C(=O)N2CCN(C(=O)Nc3ccc(C(=O)N4CCOCC4)cc3)CC2)c(C)o1,-12.7
COc1ccc(OC(C)C(=O)NCCCN2CCCC2)cc1,7.1
CCCCS(=O)(=O)NCC(=O)N1C[C@H](C)Oc2cc(F)ccc21,18.55
O=C(Nc1ccc(C(=O)NC2CCCCC2)cc1)c1ccncc1,8.85
CNC[C@H]1CCN(C(=O)CCOc2ccc(Br)cc2F)C1,-11.65
O=C(Cn1[nH]c(=O)ccc1=O)N1CCC[C@H]1c1ccncc1,-22.299999999999997
CCCc1cc(=O)n2nc(N3CCC(C(=O)NCCc4ccccc4)CC3)sc2n1,9.45
O=C(NCc1ccco1)c1cc(S(=O)(=O)Nc2ccc(Cl)cc2)ccc1O,31.5
CC(C)c1ocnc1C(=O)N1CC[C@@H]2OCc3cnnn3[C@H]2C1,5.65
Cc1[nH]c(C)c(S(=O)(=O)N2CCC(C(=O)NC3CCCCC3)CC2)c1C(=O)N1CCCCC1,27.05
CCN1C(=O)c2cccnc2Sc2cc(NC(C)=O)ccc21,8.1
Cc1cc(OCC(=O)NCCC(C)C)nc(-c2ccc(F)cc2)n1,17.15
CCN(CC)Cc1ccc(C(=O)N[C@H]2CCc3nc(C)cn3C2)cc1,-6.300000000000001
CC(C)(C)c1ncc(C(=O)NC2CCN(C(=O)c3ccncc3)CC2)s1,9.6
CCN(CC)CCCC(C)Nc1c2ccc(Cl)cc2nc2ccc(OC)cc12.Cl.Cl,20.299999999999997
Cc1csc([C@@H]2CCCCN2C(=O)c2ccc(C)n2C)n1,11.8
CCC(C(=O)N1CCN(c2cc(=O)n(C(C)C)c(=O)n2C(C)C)CC1)c1ccccc1,6.0
CC[C@@H]1OC2(CCN(C(=O)c3cc4c([nH]c3=O)CCCC4)CC2)NC1=O,16.95
O=C(NCCc1nccs1)C1CC(=O)N(c2n[nH]c3cc(Br)ccc23)C1,50.9
CCOc1ccc([C@@H]2CCCN2C(=O)Cn2[nH]c(=O)ccc2=O)cc1,8.85
Cc1ccn2cc(C(=O)N(C)CCOc3ccccc3)nc2c1,17.4
C#CCNC(=O)[C@@H](NC(=O)c1ccc(CN(C)C)cc1)[C@@H](C)O,4.550000000000001
CN(c1ccc(NC(=O)Nc2ccc(OC(F)(F)F)cc2)cc1)c1ccnc(Nc2cccc(S(N)(=O)=O)c2)n1,98.9
O=C(Nc1ccc(Cl)cn1)N[C@@]1(CO)CCOC1,-0.4000000000000003
CC(C)(C#N)c1ccccc1Cn1cc(CCO)cn1,-7.3
Cl.O=S(=O)(NCC(F)(F)F)NC1CCNCC1,-5.1
COc1ccc(C(=O)Nc2ccc(SC)cc2)c(OC)c1,3.8000000000000007
Cc1cc(C(=O)N(C)CC2CCOC2)nc(C)n1,15.5
COc1ccccc1N(C)S(=O)(=O)c1ccc(C(=O)NCc2ccco2)cc1,-13.55
COc1ccc([C@@]2(C)NC(=O)N(CC(=O)NCC(F)(F)F)C2=O)cc1,-5.05
O=C(Nc1ccccc1OCc1cscn1)c1cccnc1O,14.35
CCOCCCNC(=O)c1cc(-c2ccccc2)nc2c1c(C)nn2C,16.066666666666666
Cc1cc(C)cc(-n2ncc3c(OCC(=O)N4CCN(C(=O)c5ccco5)CC4)ncnc32)c1,-17.85
Cc1ccccc1NC(=O)Cn1c(C)cc(C)c(C(N)=O)c1=O,7.15
Cc1ccc(NC(=O)C2CCCC2)cc1S(N)(=O)=O,14.15
COc1cc2c(cc1OC)C(NC(=O)c1n[nH]c3c1CCC3)CC2,17.45
Cc1ccnc(NC(=O)CN(C)C(=O)[C@H](C)c2c(F)cccc2F)c1,4.95
O=C1NC(=O)C(c2c[nH]c3ccccc23)=C1c1c[nH]c2ccccc12,56.55
CCOCCN1CCN(C(=O)NCC2CCCN(Cc3ccccc3)C2)CC1,4.050000000000001
Cc1ccc2[nH]c(C(=O)N3CCCC[C@@H]3CS(N)(=O)=O)cc2c1C,-11.7
COc1ccccc1N1CC[C@H](CNC(=O)c2ccc(F)cc2F)C1,-2.75
Cc1cc(NC(=O)COc2ccccc2Br)c[nH]c1=O,19.15
Cl.Fc1ccc(CCNC2CCCC2)cc1,-5.75
O=C(CSC1=N[C@@H]2CS(=O)(=O)C[C@@H]2N1c1ccc2c(c1)OCO2)c1ccccc1,7.45
Cc1cnn(C[C@H]2CCCN2C(=O)c2cc(C)no2)c1,17.6
COc1ccccc1N1CCN(C(=O)c2cc(-c3ccncc3)[nH]n2)CC1,11.4
Cc1ccc(S(=O)(=O)N[C@H]2CCS(=O)(=O)C2)cc1C(F)(F)F,8.2
C[C@H]1COCCN1CCOc1ccc(C#N)cc1,15.433333333333332
Cc1cc(=O)nc(SCCOc2ccccc2C)[nH]1,0.4500000000000002
Cc1ccc(C(=O)NCc2cccs2)cc1NC(=O)C1=CSCCO1,21.75
Cc1cc(OCCCS(C)(=O)=O)cc(C)c1-c1cccc(COc2ccc3c(c2)OC[C@H]3CC(=O)O)c1,46.1
CCCn1c(=O)n(CCC(=O)N2CC[C@H](N3CCCC3)C2)c2ccccc21,-0.25
c1ccc(CCN2CC[C@H](NCC3(c4ccccc4)CC3)C2)cc1,102.7
C[C@H](NC(=O)Nc1cccn(C)c1=O)c1ccc(-n2ccnn2)cc1,19.9
O=C(Nc1ccccc1O)c1cccc(NC(=O)c2cccs2)c1,9.2
CC1CCCCN1S(=O)(=O)c1ccc(Br)cc1,6.7
COCCn1c(C(=O)N[C@@H]2C=CC(C(C)=O)=CC2)cc2c(=O)n(C)c(=O)n(C)c21,7.85
CCCCOc1ccc(S(=O)(=O)Nc2cc(OC)ccc2OC)cc1,-1.9000000000000004
CCOc1ccc(NC(=O)C2CCN(S(=O)(=O)c3ccc4c(c3)OCCCO4)CC2)cc1,1.5999999999999996
Cn1ncc(C(=O)Nc2ccnc3ccnn23)c1-n1cccc1,8.75
CCc1nc(C)sc1C(=O)N1CCCCC1C(=O)NC,11.0
C[C@H]1CN(C(=O)c2cc(Cl)c3c(c2)OCCO3)CCO1,2.4499999999999997
CCOCCNS(=O)(=O)c1ccc(OCCS(=O)(=O)CC)cc1,6.5
CCN1CC(=O)N([C@H]2CCCOc3cc(Cl)ccc32)C1=O,5.05
CC1CN(S(=O)(=O)c2ccc3c(c2)C(=O)Nc2ccccc2O3)CC(C)O1,52.6
Cn1ncc2c(N3CCC[C@H](C(F)(F)F)C3)ncnc21,-16.2
C[C@H]1CCCCN1CCNC(=O)c1cc(Cl)c[nH]1,24.0
CCC(CC)C(=O)N1CCOCC1(C)C,7.35
N#CCC(=O)c1ccc(Cc2ccccc2)cc1,69.85
c1ccc(Nc2ccc(N3CCCCC3)nn2)cc1,5.550000000000001
CC(C)Oc1ccc(CNC(=O)c2cnc3sc(N4CCCCCC4)nn3c2=O)cc1,14.45
O=C(Nc1cccc(N2CCNC2=O)c1)c1ccc(-n2cccc2)nc1,17.25
CCCCNC(=O)C1CCN(S(=O)(=O)Cc2ccccc2)CC1,14.45
CC1(C#N)CCCN(CC(=O)NCCc2ccc(F)cc2)C1,8.85
CN1C(=O)CC(C(=O)N2CCN(C3Cc4ccccc4C3)CC2)C1(C)C,13.85
O=C(NC1CCN(S(=O)(=O)C2CC2)CC1)[C@]1(O)CCc2ccccc2C1,12.2
Cc1ccn(-c2cc(N3CCN(C(=O)Nc4ccc(C)c(F)c4)CC3)ncn2)n1,53.05
Nc1nnc(SCC(=O)NCCNC(=O)CSc2nnc(N)s2)s1,1.5500000000000007
C[C@@H](C(=O)Nc1ccc(N2CCOCC2)nc1)n1cncn1,9.25
CCOc1ccc(OCC)c(NS(=O)(=O)c2ccc3c(c2)CCCN3C(C)=O)c1,-11.3
COC[C@H]1CCCCN1C(=O)c1cc2n(n1)CCN(C)S2(=O)=O,8.05
CCCn1c(=O)c2ccc(C(=O)NC(C)C)cc2n2c(=O)[nH]nc12,13.5
COCCCn1c(C)c(C)c(C#N)c1NC(=O)CSc1ccc(S(=O)(=O)N(C)C)cn1,-4.75
O=C(NCCN1CCCCC1)C1CCN(c2cnn(Cc3ccccc3)c(=O)c2)C1,5.0
Cc1nc(CCNC(=O)c2ccc(Cl)cc2)cs1,-18.95
CC(=O)N[C@@H]1[C@@H](NC(=O)Cc2cccs2)[C@H]2CCO[C@H]21,0.0499999999999998
CCn1c(C2CCN(C(=O)c3ccc(OC)c(OC)c3)C2)nc2cccnc21,2.3999999999999995
Cc1cc(=O)n2nc(-c3ccccc3)nc2n1CC(=O)N1CCN(c2ccccc2)CC1,1.0
O=C(C1CCCO1)N1CCN(Cc2ccc(Cl)cc2)CC1,2.85
COc1ccc2cc(C(=O)N3CCn4c(C)nnc4C3)[nH]c2c1,20.4
OCCn1nc(-c2ccncc2)nc1[C@@H]1C[C@H]1c1ccccc1,12.85
Cc1cc2c(cc1S(=O)(=O)N1CCCC(C(=O)Nc3ccc(F)cc3)C1)OCC(=O)N2,6.1
CCc1nn(C)cc1C(=O)N1CCN(c2ccccc2)C[C@@H]1CC,-14.6
Fc1cc(Br)cc2c1N(Cc1cccnc1)CC2,3.05
CC(C)[C@@H](CO)NC(=O)Nc1cccc2[nH]c(=O)ccc12,22.3
Cc1[nH]ncc1CCCNC(=O)N1CCC(CC(N)=O)CC1,7.8
COc1c(C(=O)N[C@H]2CCCN(c3ncccn3)C2)cnn1C,2.4
Cn1ccc2ccc(NC(=O)c3cccc4cnccc34)cc2c1=O,22.3
CCNC(=O)C[C@@H]1N=C(c2ccc(Cl)cc2)c2cc(OC)ccc2-n2c(C)nnc21,4.15
O=C1C(Cl)=C(NCCN2CCOCC2)C(=O)c2ncccc21,61.7
CC(=O)N1CCc2cc(S(=O)(=O)N3CCc4ccccc4C3)ccc21,8.7
Cc1ccc(-c2nnc(CN3CCc4cncnc4C3)o2)cc1,-40.85
CCCOc1ccc(/C=C2/SC(=O)NC2=O)cc1,83.35
COc1ccc(OC)c([C@@H]2CCCN2C(=O)C2CCCC2)c1,0.45
O=C(NCC1CCN(Cc2ccccc2)CC1)N1CC(Oc2ccccc2)C1,15.25
CN1CCc2c(NC(=O)N3CC[C@H](Oc4cccnc4)C3)cccc21,1.9
COc1ccc(C[C@H](C)NCc2ccccc2)cn1,-14.1
Cc1ccc(C(=O)N2CCN(C(=O)c3ccc4c(c3)OCO4)CC2)cc1,-15.25
CO[C@@H](C)C(=O)NCc1cn2ccsc2n1,16.75
CCC(C)c1ccccc1NS(C)(=O)=O,15.35
CCn1cnc(S(=O)(=O)N2CCCC(C(=O)Nc3ccccc3OC)C2)c1,1.5500000000000007
O=C(NCc1noc(C2CCCO2)n1)Nc1cccc(Cn2cncn2)c1,16.0
NC(=O)[C@H](Nc1cccc(COCC2CC2)c1)c1ccccc1,4.499999999999999
NC(=O)c1ccc(Cn2cnc3ccc(Cl)cc3c2=O)cc1,-7.166666666666667
CSc1ccc(Cl)cc1NCc1cn2cccnc2n1,-27.1
COc1cccc(Cn2c(=O)c3c(C(=O)N4CCCCC4)cc(C)nc3n(C)c2=O)c1,16.15
Cc1ccc(CC(=O)N2CCC[C@H](n3cncn3)C2)s1,-14.4
CCn1c(=O)c(-c2nc(-c3ccccn3)no2)c(O)c2ccccc21,59.45
O=C(Cn1ncn2c(cc3cc(F)ccc32)c1=O)NCCN1CCOCC1,15.05
COc1cc2c(cc1OC)C(=O)C(CC1CCN(Cc3ccccc3)CC1)C2,10.0
Cc1noc(CN2CCO[C@H](c3ccc(F)cc3)C2)n1,4.4
Cn1cc(NC(=O)c2cn(-c3ccccc3)c(=O)c3ccccc23)cn1,1.1000000000000003
Cc1ccc(CC(=O)N2CCC[C@H](c3nc(C)no3)C2)cn1,-2.55
CCOc1ccc2oc(=O)cc(CN3CCN(CC(=O)N(C)c4ccccc4)CC3)c2c1,54.45
Cc1ccc(F)c(NC(=O)c2ccc(F)cc2)c1,13.8
O=C(CCNS(=O)(=O)c1ccc2ccccc2c1)N1CCN(CCN2CCCC2)CC1,-10.15
CN(CC(=O)NC(C)(C)C)C(=O)Nc1nc2ccccc2s1,-3.55
O=C(NC[C@H]1CCCO1)NOCc1ccc(F)cc1Br,0.8500000000000001
CCN(CCNC(=O)N1CC(=O)N[C@@H](C)C1)C1CC1,-10.0
CCc1nc(CNc2cc(N3CCCS3(=O)=O)ccc2F)n[nH]1,4.7
Cc1nc([C@@H]2CCCCCN2C(=O)c2cccc(CN(C)C)c2)no1,5.733333333333333
CN(Cc1cccc2ccccc12)S(C)(=O)=O,-2.6500000000000004
CN(Cc1ccc(O)cc1)C(=O)c1ccc(-c2cnco2)cc1,0.0999999999999996
CCOc1ccc(N(CC(=O)Nc2c(C)n(C)n(-c3ccccc3)c2=O)S(C)(=O)=O)cc1,8.25
CN(C(=O)CCOc1ccc(Cl)cc1)[C@H]1CCS(=O)(=O)C1,1.15
CCn1ccc(CN(C)C(=O)NC[C@H]2CCN(c3ccccc3)C2)c1,-21.4
C[C@]1(Cc2cccc(F)c2)CCCN1C(=O)Cc1cncs1,4.85
CN1CCN(C(=O)[C@@H]2CCc3ccccc3N2C(=O)Cc2cscn2)CC1,-15.75
CC1(C)SCC(C(=O)NCc2cccc(-c3nnn[nH]3)c2)NC1=O,14.7
COc1ccc(C2=NS(=O)(=O)N(C)C(C(=O)NCC(C)C)=C2)cc1,-9.55
O=C(NCC(F)(F)F)[C@H]1CCCN(c2ncccn2)C1,3.1500000000000004
COc1cccc(C(=O)N2CCCN(c3ccc(C(F)(F)F)cn3)CC2)c1OC,-29.85
CCc1csc([C@H]2CCCN(C(=O)c3c[nH]c(C(C)C)n3)C2)n1,4.55
CC(C)c1nc([C@H]2CCCN(C(=O)c3cscn3)C2)no1,-0.7499999999999996
COc1ccccc1CNC(=O)Cn1c(=O)c2cc(C3CC3)nn2c2ncccc21,19.15
Cc1c2ccncc2c(C)c2c1[nH]c1ccccc12.Cl,99.65
CC(C)N(C)C(=O)CN1C(=O)[C@H](C)Oc2ccccc21,-2.05
COc1ccc(-c2cc(C(=O)Nc3ccc4c(c3)OCO4)on2)cc1OC,11.1
Cn1cnc2[nH]c(=O)cc(C(=O)N[C@H](c3ccccc3)C3CC3)c21,12.9
CCCc1cc(N2CCN(CCO)CC2)n2ncc(-c3ccccc3)c2n1,56.75
CCOc1ccc(S(=O)(=O)N2CCC(C(=O)NC3CC3)CC2)cc1C,-3.2
CC(C)c1ccc([C@@H](NC(=O)NCc2ncn(C)n2)C(C)C)cc1,15.6
CCOCc1cnc(C)nc1C1CCCN(C(=O)c2noc(C)c2COC)C1,-8.75
CCCCN(CCCC)C(=O)c1cn(CCOC)c(C)cc1=O,-4.3
Cn1nc2c(c1C(=O)N1CCCN([C@H]3COC[C@@H]3O)CC1)CCCC2,11.65
COc1ccc(C(=O)N2CCN(C(=O)c3ccccc3)CC2)cc1OC,11.9
Cc1cccnc1CN1CCN(C(=O)c2cccc(-c3cncn3C)c2)CC1,17.549999999999997
COc1ccc(NC(=O)NCCC2CCN(S(=O)(=O)c3ccc(F)cc3)CC2)cc1,8.549999999999999
CN(CCOc1ccc(CC2SC(=O)NC2=O)cc1)c1ccccn1,34.25
COc1ncccc1C(=O)Nc1ccccc1,8.208791
CCOc1ccc(NC(=O)Cc2cccs2)cc1S(=O)(=O)N1CCCCC1,-6.15
O=C(NCCn1ccn2nc(-c3ccc(F)cc3)cc2c1=O)c1ccc2c(c1)OCO2,13.55
Cc1cc(C(=O)N(c2cccnc2)C(C)C)ccc1-n1cncn1,24.6
COc1ccc(NS(=O)(=O)c2ccc3c(c2)-c2oncc2CO3)cc1,11.85
COc1ccc(CN2CC[C@@H]2CNC2CCN(CC3CC3)CC2)cc1,4.2
C#CCN(C1CCCCC1)S(=O)(=O)c1ccc(C)c(C(N)=O)c1,2.2
Cc1noc(C)c1CSCC(=O)N1Cc2ccccc2C1,-3.6999999999999993
C=Cc1cc(O)cc2nc(-c3ccc(O)c(F)c3)oc12,54.7
COc1cccc(/C=C2\SC(=O)NC2=O)c1,83.25
COc1cc2c(cc1CN1CCc3[nH]cnc3C1c1cccnc1)OCCCO2,9.5
O=C(c1cc(-c2ccco2)on1)N1CCc2ccccc21,6.4
COc1cc(/C=C2\SC(=O)NC2=O)ccc1Oc1ccc(C#N)cc1C(F)(F)F,102.1
CCN(Cc1cc(COC)on1)[C@H]1CCN(c2ccccc2)C1=O,12.15
COc1ccc(CN2CCC(NC(=O)Cc3ccc(F)cc3)C2)cn1,21.9
CO[C@H]1C[C@@H](c2n[nH]c(C)n2)N(C(=O)C2CC2)C1,41.266666666666666
O=C(c1ccc(C(F)(F)F)cc1)N1CCN(c2nnc3ccccn23)CC1,-7.1000000000000005
Cc1noc([C@H](C)N2CCN(Cc3ccc(C(N)=O)cc3)CC2)n1,0.1499999999999999
CC(C)CC(=O)NCCc1cc(Cl)c2c(c1)OCCO2,3.15
Cn1ccnc1[C@H]1OCC[C@@H]1NC(=O)c1c[nH]c(=O)c(Br)c1,-1.5
Cc1nc(C)c(C(=O)Nc2ccnc(-c3ccccc3)n2)o1,-1.1
O=c1cnnc(SCc2cc(Cl)ccc2Cl)[nH]1,52.2
CC(=O)N1CCc2cc(C(=O)NC[C@H]3CCOC3)ccc21,-1.1
CC(=O)N(C)c1nc(CN2CCC[C@@H]2Cn2nc(C)nc2C)cs1,-5.7
Cc1noc([C@]23C[C@H](NC(=O)Cc4cccc(F)c4)C[C@H]2CN(C(=O)C(C)C)C3)n1,15.55
Cc1nonc1CC(=O)NC(Cn1ccnc1)C(C)(C)C,21.4
CC(C)Oc1cccc(NC(=O)C2COc3ccccc3O2)c1,1.95
CN(C)C(=O)C1CCN(CCn2c(=O)oc3ccccc32)CC1,15.95
CCCCCCCCCc1ccc(B(O)O)cc1,102.05
COCCOc1ccccc1NC(=O)N1CCC(OCc2ccccc2)CC1,17.549999999999997
CS(=O)(=O)c1ccc(S(=O)(=O)Nc2ccc3cn[nH]c3c2)cc1,9.05
CCOc1ccc(NC(=O)N2CCN3CCCCC3C2)cc1,10.6
Cc1cnn([C@H]2CCCN(C(=O)Cc3c(C)nn(C)c3C)C2)c1,7.449999999999999
Cc1noc(C)c1-c1ccc(S(=O)(=O)NCCc2noc(C3CCCO3)n2)s1,14.85
C[C@H]1CN(S(=O)(=O)c2ccccc2Br)CCN1,19.6
CC(C)Oc1ccc(C#N)cc1NC(=O)N[C@@H](C)C(=O)NC(C)(C)C,-1.3000000000000007
Cl.NCCCCCc1nc(-c2ccc(Cl)cc2)no1,2.299999999999999
O=C(NCCCN1CCCCC1)c1cc2n(n1)CCCN(Cc1ccc(F)cc1)C2=O,10.05
CC(C)NC(=O)Nc1cc(C#N)ccc1OC(C)C,20.6
O=C(Nc1ccncc1)c1cc2c(ccc3ccccc32)oc1=O,-1.6499999999999986
Cc1cccc(NC(=O)[C@H]2CC(=O)N(CC(F)(F)F)C2)n1,-19.85
CN(C(=O)CCC(=O)Nc1ccc2[nH]c(=O)[nH]c2n1)[C@H]1CCN(c2ccccc2)C1=O,5.65
O=C(CNC(=O)NC[C@H]1CC[C@@H](c2ccccc2)O1)NC1CC1,19.1
CN(C)CCCN1C(=O)C(O)=C(C(=O)c2ccc(S(=O)(=O)N(C)C)cc2)C1c1ccc(F)cc1,2.25
Cc1cnn(C[C@H]2CCCN2C(=O)c2cccc(S(C)(=O)=O)c2)c1,6.35
COc1cccc2cc(C(=O)C3=C(O)C(=O)N(CCCn4ccnc4)C3c3cccnc3)oc12,1.5500000000000005
O=C(N[C@@H]1CCOC[C@H]1OCC1CC1)c1cnc(Nc2ccccc2)nc1,13.45
COc1ncccc1CN1CCC[C@H]1c1cnn(C)c1,-10.5
CCONC(=O)c1csc(-c2ccc(OC(C)C)cc2)n1,9.55
CN(C)[C@@H](CNC(=O)C1CCN(C(N)=O)CC1)c1cccs1,0.1999999999999999
C[C@H]1CCCN(C(=O)c2cnn3c(-c4cccnc4)ccnc23)CC1,15.4
NS(=O)(=O)[C@H]1CCCN(C(=O)Cc2ccc3c(c2)CCCC3)C1,-16.3
Cc1ccc(N2C[C@@H](C(=O)N3CCC(C(=O)c4ccc(O)cc4)CC3)CC2=O)cc1F,-10.55
Clc1ccc(COC(Cn2ccnc2)c2ccc(Cl)cc2Cl)cc1.O=[N+]([O-])O,96.65
Cc1cc(C(=O)N2CCC(Oc3cccc(F)c3)C2)n(C)n1,0.25
CCn1c(CN2CCN(C(C)=O)CC2)nc2cc(NC(=O)c3cccc(C)c3)ccc21,14.65
CC(C)c1nnnn1CC(=O)N1CCC[C@H]1c1cccs1,3.7190350000000008
COc1ccc(C2=NS(=O)(=O)N(C)C(C(=O)N3CCCCC3)=C2)cc1,-0.45
CCOc1ncccc1CNC(=O)N[C@H]1CCS(=O)(=O)C1,6.3
COc1ccc(CCCC(=O)N2CCC[C@H](n3ccnc3)C2)cc1,-12.3
COc1ccccc1OCC(=O)N1CCCc2cccc(C)c21,1.6499999999999997
CCC(=O)Nc1ccc(C)c(NC(=O)NCCn2c(C)cc(C)nc2=O)c1,18.65
OCCCN1CCC(C(F)(F)F)CC1,-18.3
CC[C@H]1CCCCN1C(=O)c1cc(C)oc1C,3.3999999999999995
COc1ccc(CCC(=O)N2CCC(c3nc(-c4cccn4C)no3)CC2)cc1,-0.0500000000000002
CC(C)Cn1ccnc(N2CCC[C@H](c3n[nH]c(-c4ccccc4)n3)C2)c1=O,13.3520265
O=C(C(c1ccccc1)c1ccccc1)N1CC(=O)N(C2CC2)C1,3.6666666666666665
CCc1ccc(NC(=O)Nc2cc(Br)c[nH]c2=O)cc1,8.549999999999999
CCOc1cccc(C(=O)N2CCN(CCO)[C@@H]3CS(=O)(=O)C[C@@H]32)c1,1.0499999999999998
CCc1ccc(NC(=O)c2nnc(CN(CC(C)(C)O)C(C)C)s2)cc1,4.6
COCCCNC(=O)Cn1nc(-c2ccc(C)cc2)ccc1=O,11.0
Cc1ccc(NC(=O)c2ccnc(-n3cncn3)c2)cc1C(=O)N1CCOCC1,-18.2
Cc1nn(C(C)C)c(C)c1NC(=O)COCCOc1ccccc1,-0.7
O=C(CN1C(=O)c2cccnc2Oc2ccccc21)N1CCN(c2ccccc2)CC1,7.25
COc1ncnc(N(C)C)c1NC(=O)N[C@H]1CCc2[nH]ncc2C1,-11.733333333333334
Cc1nnc(CN2CCC[C@H](c3cc(C(N)=O)[nH]n3)C2)o1,12.0
O=C(CN1C(=O)CN(C(=O)NCc2ccccc2)c2ccccc21)NCc1cccnc1,19.9
COc1cc(-n2nnc(C(=O)NCc3ccco3)c2N)ccc1Cl,12.3
COc1cccnc1NC(=O)Cc1csc(-c2ccc(C)o2)n1,13.65
O=C1[C@@H](N2CCCN(CC(F)(F)F)CC2)CCN1c1ccc(Cl)cc1,-0.7
COc1cccc2sc(NC(=O)[C@@H]3CN(C(C)=O)c4ccccc4O3)nc12,-6.25
Cc1onc(N)c1S(=O)(=O)NC[C@H]1COCCO1,22.6
Cc1cn2c3c(=O)[nH]c(=O)n(C)c3nc2n1[C@@H](C)c1ccccc1,-21.9
COc1ccc(CN2C(=O)COC[C@H]2C(=O)Nc2cccc(C)c2)cc1,1.9
CCOCCN1CCN(Cc2nnc(-c3ccccc3)o2)C[C@@H]1C,-0.8
COc1ccc(-c2c3c(=O)n(CCCN(C)C)ccc3nc3ncnn23)cc1,5.199999999999999
COCCCNC(=O)CN1CCc2cc(OC)c(OC)cc2[C@@H]1c1cccs1,-14.2
Cc1cc([C@@H]2CCCN2Cc2nnc(C)o2)on1,8.3
COc1cccc(CN2C[C@]34C=C[C@H](O3)C(C(=O)N3CCN(C)CC3)C4C2=O)c1,18.2
CCCn1c(=O)n(C[C@H](O)COc2ccc(OCC)cc2)c2ccccc21,-11.4
CS(=O)(=O)c1ccc(S(=O)(=O)NC[C@H]2CCCNC2)cc1F.Cl,-18.8
CC(C)CN1C[C@@H](C(=O)Nc2cccnc2)CC1=O,-12.3
CCNC(=O)NC1CCN(c2nc3cccnc3n(Cc3ccc(C)cc3)c2=O)CC1,10.9
CC(=O)N1CCc2cc(CNC(=O)c3cc4ccccc4[nH]3)ccc21,13.35
NC(=O)CCn1ccc(NCc2ccsc2)n1,13.4
CCN(Cc1ccccc1Br)[C@H]1CCS(=O)(=O)C1,-4.95
Cn1cc([C@@H]2CSCCN2C(=O)c2cc3sccc3[nH]2)cn1,-5.0
CS(=O)(=O)CCOc1cccc(NC(=O)N2CCCCCC2)c1,-0.5999999999999996
Cc1ccc(S(=O)(=O)N2CCN(CC(=O)N3CCC(C)CC3)CC2)c(C)c1,-13.9
CC1=NNc2nc3c(c(=O)n(Cc4ccc(Cl)cc4)c(=O)n3C)n2[C@H]1C,10.3
CCOCc1nnc(NC(=O)CCCc2ccccc2)s1,9.2
CC(=O)NCc1ccc(C(=O)N(C)CCOc2ccccc2F)cc1,9.6
Cc1cnn(C[C@H]2CCCN2C(=O)Cc2cccc(OC(C)C)c2)c1,-14.1
CNC(=O)C1(C)CCCN(C(=O)c2n[nH]c(=O)c3ccccc23)C1,5.95
Cc1cc(C(=O)N(CC(F)F)c2cccc(Cl)c2)no1,8.1
CCC[C@H](NC(=O)CN1CC(=O)N(CC)C1)c1ccccc1,14.15
CCn1ncc(C(=O)N2CC[C@@H](n3c(=O)[nH]c4cccnc43)C2)c1C,16.1
COc1ccc2c(c1)c(C(=O)N1CCn3c(nnc3C(F)(F)F)C1)cn2C,13.4
Cc1ccc(/N=c2\ssnc2Cl)nc1,65.25
C[C@]1(c2ccc3c(c2)CCC3)NC(=O)N(CC#N)C1=O,18.75
Cc1cccc(NC[C@H]2CCN(c3cc(=O)n4oc(C)cc4n3)C2)n1,-7.949999999999999
COc1ccc2nc(NC(=O)c3ccc4c(c3)OCC(=O)N4)sc2c1,-8.1
CCCc1n[nH]c([C@@H]2CN(C(=O)c3cc(C)n[nH]3)CCO2)n1,12.25
O=C(Nc1ccc(C2CC2)c(F)c1)N1CCCN(C(=O)c2cccs2)CC1,-2.2
COc1ccccc1NC(=O)c1ccc(C)cc1,2.1
O=C1NC(=O)c2cc(NC(=O)c3cncn3-c3ccccc3)ccc21,5.366666666666667
COc1cccc(CN(C)C(=O)c2cccc(CSC)c2)c1OC,20.75
CCc1cc(C(=O)Nc2ccc(OC)cc2)nc2ccnn12,18.35
O=C(NCc1ccco1)N[C@H]1CCCS(=O)(=O)C1,11.6
CC(=O)c1cccc(S(=O)(=O)NCc2ccccc2-n2ccnc2C)c1,7.65
Cc1cc(CN(C)C(=O)[C@H]2CC(=O)N(CC(F)(F)F)C2)no1,-30.5
COCCN1C[C@@H](C(=O)Nc2ccc3cn(C(C)C)nc3c2)CC1=O,-0.0499999999999989
O=C(CCCn1cnc2ccccc2c1=O)NCCn1ccc2ccccc21,12.55
CCC(CC)S(=O)(=O)NC(=O)[C@H]1CC12CCS(=O)(=O)CC2,-4.55
O=C1NCCN2CC3(CCN(S(=O)(=O)c4cccs4)CC3)CC12,8.4
CN(C)[C@@H]1CN(C(=O)c2ncccc2F)C[C@H]1CO,8.8
COc1ccc([C@@H]2CCCN2Cc2ncc(Cl)n2C)c(OC)c1,-4.3
COc1ccccc1N1CCN(C(=O)Cc2cc(OC)c(OC)c(OC)c2)CC1,4.05
CNC(=O)c1ccc(NC(=O)c2cc3ccccc3cc2O)cc1,8.3
COc1ccc2nc(C(=O)N(C)Cc3cnn(C)c3)ccc2c1,11.65
O=C(NCc1ccc(CO)c(F)c1)Nc1ccccc1,4.366666666666666
CC(C)(C)c1cccc(NS(=O)(=O)c2ccc3c(c2)OCCO3)c1O,80.85
COc1ccc(CCC(=O)N2CCOC3CCCCC32)cc1OC,4.550000000000001
Cn1nc(C(=O)Nc2cccc(F)c2)c2c1CCN(C(=O)CCC(=O)N1CCCCCC1)C2,12.5
O=C1CCC2(CCCN(C(=O)c3ccc(F)c(F)c3)C2)CN1CCO,11.5
COc1cc2nc(CN3CCOCC3)n(CCOc3ccccc3C(C)=O)c(=O)c2cc1OC,18.4
COc1cc(Br)cc(OC)c1OCC(F)F,8.7
Cc1nn(CCCSCc2ccccc2)c(N)c1C#N,2.75
CCc1cc(=O)c2cc(NC(=O)c3ccccc3COC)ccc2[nH]1,-17.35
Cc1ccc(NC2(C(=O)N3C[C@H](O)[C@@H](N4CCCC4)C3)CCCCC2)cc1,13.15
CNS(=O)(=O)c1ccc(NC(=O)c2ccc3ccccc3n2)cc1,24.450000000000003
O=C(c1n[nH]c2ccccc12)N1CCC(OCCOc2ccccc2)CC1,50.95
CNC(=O)NC(=O)CCN1CCn2c(nc(C)c2C)C1,-10.2
CCn1c(=O)n(C[C@H](O)c2cc(OC)ccc2OC)c2ccccc21,-0.25
Cc1noc([C@H]2CCCN(C(=O)c3cc(Cl)cn3C)C2)n1,7.85
CCN(CC)S(=O)(=O)c1ccc(C)c(C(=O)Nn2cnc3ccccc32)c1,8.85
CC1C(=O)N(C)CCN1C(=O)NCCCc1nc2cc(F)ccc2[nH]1,17.55
Cc1noc(C)c1CC(=O)NC[C@@H](c1ccccc1Cl)N(C)C,7.8
COCCCNC(=O)c1cc2n(n1)CCCN(Cc1cccc(C)c1)C2=O,-3.1000000000000005
COc1ccc(S(=O)(=O)N2CCN(c3cc(N4CCCC4)nc(C)n3)CC2)cc1,7.6
C[C@H](NC(=O)C1=NN(C)C(=O)CC1)c1ccc(S(C)(=O)=O)cc1,22.25
COc1ccc(C(=O)Nc2ccc(S(=O)Nc3nccs3)cc2)cc1,6.0
C[C@H](OCC(F)(F)F)C(=O)NCC(=O)N1CCCc2ccccc21,15.6
CN(C)C1(CNc2c(F)cc(C#N)cc2F)CCOCC1,4.2
CCc1cccc(OCCN2CCO[C@H](C)[C@H]2C(N)=O)c1,-0.8
Cc1c(N2CCN(C(=O)c3cc4ccccc4oc3=O)CC2)c(=O)n(C)c(=O)n1-c1ccccc1,5.35
Cc1cc(C)n(C[C@H]2CN(Cc3ncc(C(C)(C)C)o3)CCO2)n1,-6.7
O=C(NC[C@H]1CN(c2ccc(N3CCOCC3=O)cc2)C(=O)O1)c1ccc(Cl)s1,51.05
Cc1sc2nc(CN3CCO[C@H](C)[C@H]3C(N)=O)[nH]c(=O)c2c1C,7.9
CCOCCn1ccc2c(OCC(=O)Nc3ccccc3)cccc2c1=O,-14.7
C[C@H]1C(=O)NCC2(COC2)N1C(=O)c1scnc1Cl,-3.1499999999999995
CC(C)c1nc2cc(NC(=O)c3nccn4ccnc34)ccc2o1,-20.35
COc1ccc(OC[C@@H](O)CN2CCc3ncnc(OC)c3C2)cc1,7.3
CN(CC1Cc2ccccc2O1)C(=O)CCN1Cc2ccccc2C1=O,29.549999999999997
CC1(NC(=O)[C@H]2CC23CCNCC3)CCC1,15.25
COc1ccc(C(=O)NC[C@@H](c2cccs2)N2CCOCC2)cc1OC,10.15
C[C@@H](C(=O)NCC1(c2ccc(F)cc2)CCC1)n1cccc1,-24.65
CC(C)c1nnc2n1C[C@@H](NC(=O)c1cccn1C)CC2,6.95
CC(C)CCCNCc1ccc(CSC(F)F)o1,-5.699999999999999
C#CCNC(=O)NC(c1ccccc1)c1ccccc1,-5.199999999999999
CCN1CCN(c2ccc(S(=O)(=O)N(CC)CC)cc2NC(=O)c2cccs2)CC1,-14.55
O=[N+]([O-])c1ccc(NN=Cc2sc(N3CCOCC3)nc2-c2ccccc2)c(S(=O)(=O)Nc2ccccc2Cl)c1,22.55
COc1ccc(-c2cc(C(=O)N3CCN(S(C)(=O)=O)CC3)c3ccccc3n2)cc1OC,24.5
CCCNC(=O)c1ccc(NC(=O)[C@@H]2COCCN2CC2CCC2)cc1Cl,2.0
Cl.Cn1c(=O)c(Oc2ccc(F)cc2F)cc2cnc(NC3CCOCC3)nc21,12.35
CC(C)Oc1ccc(CNc2cc(N3CCC[C@@H]3CO)ncn2)cn1,14.833333333333334
Cc1cccn2cc(CC(=O)N3C[C@@H]4CS(=O)(=O)C[C@@H]4C3)nc12,8.1
COc1ccc(C(=O)NCCc2nc(-c3cccs3)no2)cc1,-2.8499999999999996
CC(C)n1ncc(C(=O)N=c2cc[nH]n2C(C)C)c1N,9.55
O=C1CCc2cc(C(=O)N3CCO[C@@H](Cc4ccccc4)C3)c(F)cc2N1,15.6
C[C@H]1CCCCN1CC(=O)Nc1cccc(S(N)(=O)=O)c1,-26.633333333333336
C[C@@H](Cn1cccn1)NCc1cnc(C(C)(C)C)s1,-16.85
Cc1ccc(C(=O)N2CCN(c3cc(=O)n(C(C)C)c(=O)n3C(C)C)CC2)cc1,8.7
COc1ccc(C(=O)NCC2Cn3cccc3C(=O)N2Cc2cccnc2)cn1,-8.3
CN(C)c1ncc(CN[C@H]2CCCN(c3cccnn3)C2)n1C,-0.9499999999999992
Cc1cc(C)n(Cc2ccc(C(=O)N3CCOC[C@@H]3CCO)cc2)n1,5.7
Cc1cc(CC(C)NC(=O)c2ccc(-c3ccc(=O)n(C)n3)cc2)[nH]n1,15.4
CNC(=O)[C@H]1CCCN(Cc2ccn(-c3ccc(F)cc3F)n2)C1,-5.5
CC1Oc2ccc(NC(=O)c3ccccc3Cl)cc2NC1=O,-2.8499999999999996
COC(=O)Nc1nc2ccc(C(=O)c3cccs3)cc2[nH]1,14.8
O=c1cc(Cn2ccnc2)c2cc(O)c(-c3ccccc3)cc2o1,53.8
CCCN(C[C@H]1COc2ccccc2O1)S(=O)(=O)c1ccc2c(c1)OCCO2,18.3
Cc1nc(C)n([C@H]2CCCN(C(=O)c3ccc(Cl)s3)C2)n1,10.3
CCCc1cc(O)nc(SCC(=O)Nc2ccccc2C)n1,7.55
Cc1nc(N[C@@H](C)c2ccc3c(c2)OCCCO3)c2cnn(C)c2n1,-14.9
CNC(=O)CN1CCCC(N2CCN(Cc3ccc4c(c3)OCO4)CC2)C1.Cl.Cl,10.2
CCc1nc(C)c(C(=O)NC2C3CN4CCN(C3)CC2(c2ccccc2)C4)o1,17.85
CCc1ccc2c(CN3CCC[C@@]34CCNC4=O)cc(=O)oc2c1,11.7
CC(=O)N1N=C(c2c(O)cc(C)oc2=O)CC1c1ccc(Br)cc1,100.25
Cn1c(C(=O)N2CCN(C(=O)c3ccncc3)CC2)cc2ccccc21,6.45
CC(=O)N1CCN(c2oc(-c3ccco3)nc2S(=O)(=O)c2ccc(C)cc2)CC1,-10.45
O=C(c1cscn1)N1CCC[C@H](n2cncn2)C1,16.15
C[C@@H](C(=O)N1CCN(S(=O)(=O)Cc2ccon2)CC1)c1cccs1,-3.5500000000000003
CCNC(=O)[C@H](C)NS(=O)(=O)c1cccc2c(Cl)ccnc12,5.9
Cc1ccc(NC(=O)N(C)C)c(C(=O)N[C@@H](C)c2ccc(C)s2)c1,1.8500000000000003
COc1coc(CN(C)CC(C)(C)CO)cc1=O,12.0
Cc1cc2n(n1)CCCN2C(=O)CCC(=O)NCCCN1CCN(c2ccc(F)cc2)CC1,6.4
O=S(=O)(Nc1ccc(-c2ccccc2)cn1)c1cccnc1,-2.5999999999999996
Cc1noc2nc(C(C)C)cc(C(=O)N[C@]3(CO)COc4ccccc4C3)c12,-10.766666666666666
COc1ccc(F)cc1C[S@@](=O)Cc1cn2cccc(C)c2n1,-14.55
CCn1nccc1C(=O)N1CCC(n2c(C)cnc2COC)C1,-9.6
CCOc1cc2c(cc1NC(=O)CCc1ccco1)O[C@@H](C)C2,5.299250000000001
CCCCOCCOCCOCCS(=O)(=O)N(C)c1cc(F)ccc1F,6.8999999999999995
Cc1ccc(-c2nc(C)c(C(=O)N(C)C)s2)o1,-9.45
CC1(c2noc(C3CCOCC3)n2)CCCN(C(=O)c2cc[nH]n2)C1,6.699999999999999
CCc1[nH]ncc1C(=O)N1CCC[C@H](n2ccnc2CC)C1,17.95
C[C@H]1CN(C)c2ccccc2N(Cc2ccc(N3CCCC3)nc2)C1,6.55
O=S(=O)(c1c[nH]cn1)N1CCC(c2nc(CCOc3ccc(F)cc3)no2)C1,51.6
CCn1nc(C)cc1C(=O)N1CCCC[C@H]1c1nc(C)cs1,16.5
O=C(NC1CC1)C1CCN(S(=O)(=O)c2cc(C(=O)N3CCCCCC3)cs2)CC1,5.35
COc1ccc(C(=O)NCc2nnc3c(-c4nc(C)no4)cccn23)cc1,12.95
O=S1(=O)CCC(NC2CCN(Cc3ccco3)CC2)C1,14.6
CC(C)CC(=O)Nc1nonc1-c1ccc(F)cc1,11.15
CN(C)c1ncccc1CNC(=O)NC[C@H]1CCCO1,-20.200000000000003
Cc1[nH]nc(-c2ccc(O)cc2O)c1-c1ccccc1,24.2
Cc1cc(C(=O)N2CCN(Cc3c(C)noc3C)CC2)c(C)s1,-6.8500000000000005
CCCN1C(=O)c2oc3ccccc3c(=O)c2[C@H]1c1ccc(O)c(OC)c1,11.7
O=C1CCCC[C@@H](C(=O)NCc2cccc(-c3ccccn3)c2)N1,11.966666666666669
O=C(NCCN1C(=O)CCCC1=O)c1cncc(Br)c1,17.25
CC[C@H](C)C(=O)N1CCN(Cc2nc(-c3ccc(Cl)cc3)no2)CC1,1.8500000000000003
Cc1cccc(=O)n1CCCNC(=O)COCC1CCCO1,10.45
COc1ccc(CNC(=O)c2cnn(-c3ccccc3)c2)cc1,5.05
CCN1CCN(c2cc3c(cc2S(=O)(=O)N(CC)CC)C(=O)Nc2ccccc2O3)CC1,10.0
Cc1n[nH]c([C@@H]2CN(C(=O)c3ccc(N(C)C)nn3)CCO2)n1,17.15
CCn1cc(S(=O)(=O)N2CCC(N3CC(OCC4CC4)C34CCOCC4)CC2)cn1,-25.6
COc1ccccc1NC(=O)CSc1nc([C@@H]2CCCO2)n[nH]1,-5.9
COc1ccc(CNC(=O)CCn2cnc3cc(OC)c(OC)cc3c2=O)cc1OC,16.05
O=C(CN1C(=O)CSc2ncccc21)NCCc1ccccc1,7.25
Cn1ccc2cc(C(=O)Nc3nc4ccccc4[nH]3)ccc21,11.6
COc1cccc(CN(C)C(=O)c2ccc(C)nc2)c1OC,19.05
CCSCCSCc1cn(C)cn1,11.05
CCOc1ccccc1OCCCCN1CC(C)OC(C)C1.O=C(O)C(=O)O,11.7
Cc1nn(CC(=O)NCCCN2CCOCC2)c(=O)c2ccccc12,13.5
Cc1cc(F)c(S(=O)(=O)N2CC[C@@H](N)C2)cc1F.Cl,-10.05
Cn1c(C(=O)NCc2ccccn2)cc2c(=O)n3ccccc3nc21,-4.7
O=C1COc2cc(S(=O)(=O)N3CCN(C(=O)c4cccc(F)c4)CC3)c(Cl)cc2N1,14.65
Cc1cc(NC(=O)[C@@H]2CC(c3cccnc3)=NO2)cc(N2CCN(C)CC2)c1,-5.25
Cc1nn(-c2ccc(N3CCOCC3)nn2)c(C)c1CCC(=O)NCc1cccnc1,14.25
COc1ccc(NC(C)=O)cc1NC(=O)c1ccc(C)o1,23.4
CCN(CC)CCCNC(=O)[C@H]1CC(=O)N(c2ccccc2Cl)C1,-3.5999999999999996
CC1CCCN(CCCNC(=O)COCc2cc(-c3cccs3)on2)C1,13.35
O=C(c1ccccc1)N1CCC[C@H](S(=O)(=O)NCc2ncccc2F)C1,-10.3
OCC1CCN(c2ccc3c(Cl)ccnc3c2F)CC1,19.4
Cc1cn2c3c(=O)n(CCN4CCCCC4)c(=O)n(C)c3nc2n1CCO,5.95
CC(=O)N(CCN1CCCCC1)C1CCCN(C(=O)NCC(C)C)C1,9.666666666666666
CC(=O)N1CCCc2cc(S(=O)(=O)N3CCC(C(=O)NC4CCCC4)CC3)ccc21,-16.4
O=C(Nc1ccnnc1)N[C@H]1CC12CCCCC2,2.5500000000000003
CNC(=O)c1ccc(OC)c(-c2ccccc2N(C)C)c1,10.95
CCCC(C)N1CC2(CCN(C(=O)c3cncc(C)c3)CC2)OC1=O,17.55
CCn1c(C)cc(C(=O)N2CCC[C@@H]2Cn2cccn2)c1C,12.7
c1ccc(-c2cccc(-c3ccccn3)n2)nc1,70.05
CNC(=O)c1cn2c3c(cccc3c1=O)CC2C,14.05
Nc1nc(Nc2ccc3c(c2)CC[C@@H](N2CCCC2)CC3)nn1-c1cc2c(nn1)-c1ccccc1CCC2,79.25
CC(C)c1nc(S(=O)(=O)NC(=O)[C@H]2CC2(F)F)cn1C,-0.6499999999999995
CN(C)c1ccc(-c2noc(C(=O)NC3CCCC3)n2)cc1,12.35
CN1CCC(=O)Nc2cc(C(=O)N3C[C@H](F)C[C@H]3C(N)=O)ccc21,0.3
CNC[C@H]1CCCN(S(=O)(=O)c2ccc(F)c(Br)c2)C1.Cl,-11.65
Cc1cc(C(=O)NCc2ccc(F)cc2)c(C)n1C1CC1,19.4
COc1ccc(-c2nnc(N3CCC(C(=O)NCCN4CCCC4)CC3)o2)cc1,9.25
Cc1ocnc1CNC(=O)NC[C@H]1CCCO1,-4.35
COc1cc(CN2CCCC2c2c(C)noc2C)ccc1O,11.0
CC(C)Nc1nc(C#N)nc(NC(C)C)n1,-24.35
CCN(CC)C(=O)Nc1ccc(C#N)cc1,10.4
O=C(NC[C@H]1CCCCS1(=O)=O)c1ccsc1,1.8500000000000003
Cc1noc([C@H](C)N2CCN(C(=O)c3ccc(F)cc3)CC2)n1,5.699999999999999
CC1=C(C(=O)Nc2cccc(C)c2C(N)=O)Cn2nnnc2N1C,-1.25
Cc1nc(CN2CCN(C(=O)[C@H](C)n3ccnc3)CC2)cs1,5.2
COc1ccc(-c2nc(-c3cccs3)[nH]c2-c2ccc(OC)cc2)cc1,98.95
Cc1nnc(CN2CCCC[C@H]2C2(O)CC2)s1,12.3
CC[C@@H](C(N)=O)N1CCC(c2nc3ccccc3o2)CC1,-20.6
CC(CCN1CCC2(CC1)C(=O)N(C)C(=O)N2Cc1ccccc1)c1ccccc1,12.5
CN1C(C(=O)NCc2ccccn2)=CC(c2ccc3c(c2)OCO3)=NS1(=O)=O,-7.25
CCS(=O)(=O)c1ccccc1C(=O)N[C@@H](C)CN1CCOCC1,5.3999999999999995
C[C@H](NS(=O)(=O)N1CCOCC1)C(=O)N(C)C,-6.427677
COCCn1c(C)cc(C(=O)N2C[C@@H](COC)[C@H](c3ccccn3)C2)c1C,19.450000000000003
Cc1ccc(NC(=O)N2CCCC2c2c(C)noc2C)cc1,15.7
C#CCN(CC#N)C(=O)Cc1ccsc1,5.8
COc1cc(C(=O)N[C@H]2CN(C(C)C)C[C@@H]2OC)cc(OC)c1OC,7.1
CS(=O)(=O)c1ccc(OCCCN2CCC[C@H](O)C2)cc1,13.4
CC1(C)CC1(C(=O)NCc1nc(-c2cnccn2)n[nH]1)c1ccccc1F,11.35
CCCc1n[nH]c([C@@H]2CN(C(=O)c3ccncc3F)CCO2)n1,-11.6
CN(CC#N)S(=O)(=O)CCCCS(=O)(=O)NCC1CC1,-6.5
N#Cc1cccc(NC(=O)c2ccccc2O)c1,90.2
Cc1cc(C)c(C(=O)N2CC[C@H](N(C)Cc3ccccc3)C2)c(=O)[nH]1,3.233333333333333
CC(C)NC(=O)c1ccc(N(C)S(=O)(=O)c2cccs2)cc1,7.7
CN(C)C(=O)c1ccc(N(C)C)c(NC(=O)c2ccc(F)cc2)c1,6.4
Cc1ccc(N2CC(C(=O)N3CCCCC3)CC2=O)cc1,9.65
CCOc1cccc(CNC(=O)CC2=C3CCCCC3N(C)C2=O)c1,5.85
COCCN(C(=O)Nc1cc(C)on1)c1ccc(OC)c(OC)c1,3.0
CCc1c(C)cc(C(=O)NC2C=CS(=O)(=O)C2)c(=O)n1C,10.15
Cc1cccc(C(=O)n2nc(C)c(S(=O)(=O)N3CCCCC3)c2C)c1,21.4
CCC(C)(C)OCC(=O)N1CCC[C@H](c2nnc3ccccn23)C1,-8.0
COc1ccc(CN(C2CC2)S(=O)(=O)c2cc(OC)ccc2OC)cc1,4.15
NC(=O)c1ccc(CNC(=O)N[C@@H](c2ccccc2)c2cccnc2)cc1,-8.3
CCCCNC(=O)CCC(=O)N1CCCC1c1nc2ccccc2s1,0.5499999999999998
CC(C)(Oc1ccc(F)cc1)C(=O)N1CCC[C@H](N2CCCC2)C1,17.05
Cn1c(=O)n(CC(=O)Nc2ccn(Cc3ccncc3)n2)c2ccccc21,9.7
CC(=O)NCCNc1ccc(S(=O)(=O)N2CCCC2)cn1,20.75
N#Cc1cccnc1Nc1ccccc1O,11.85
Cc1cc2cc(NC(=O)N(CCC#N)Cc3ccccn3)ccc2[nH]1,2.6
CCOc1ccc(NC(=O)CCn2cnc3ccccc3c2=O)cc1,16.6
Oc1cc2c(cc1C(c1ccc(C(F)(F)F)cc1)N1CCOCC1)OCO2,99.7
Cc1cccc(C)c1OCCn1ccn(C)c1=O,0.5
O=S1(=O)CC[C@H](CNc2ccc3c(Cl)ccnc3c2F)C1,-4.8
Cc1n[nH]c(C)c1CNC(=O)c1cnc(N(C)C)nc1C1CCN(C(=O)C2CC2)C1,41.56666666666667
O=C(Nc1ccccc1N1CCOC1=O)c1ccc(=O)n(-c2ccc(F)cc2)c1,-5.4
CCOc1cn(-c2ccccc2)nc1C(=O)N1CCNC[C@@H]1C.Cl,8.15
O=C(c1cccc(Cl)c1)N1CCN(c2nnc3ccccn23)CC1,-22.95
CN(Cc1ccc(-c2ccc(Cl)cc2)o1)C(=O)CN1CCN([C@H]2CCS(=O)(=O)C2)CC1,23.15
O=C(Nc1cnn(C[C@H]2CCCO2)c1)c1ccc(N2CCNC2=O)cc1,7.1499999999999995
CC(C)=CCC/C(C)=C/CC/C(C)=C/CSc1ccccc1C(=O)O,99.85
Cc1cn2c(n1)CC[C@H](NC(=O)CCc1cn(C)nc1C)C2,-12.4
C[C@H](O)CN1CCN(C(=O)COCc2ccccc2Cl)CC1,0.1999999999999999
CC(=O)N1C[C@H](CCC(=O)NCCS(=O)(=O)NCC2CCC2)c2ccccc21,-7.4
C[C@@H](C(=O)N1CCC(C(N)=O)CC1)N(C)Cc1ccc(Cl)s1,-2.9000000000000004
COCCn1c(=O)c2c(nc3n(-c4ccccc4C)c(C)c(C)n23)n(C)c1=O,5.4
Cn1ncc(CNC(=O)NCc2cccc(OC3CC3)c2F)n1,2.6
CCCS(=O)(=O)[C@@H](C)C(=O)N1CCCN(c2cccnn2)CC1,3.65
CCCNC(=O)c1nc(CS(=O)(=O)c2ccccc2)no1,20.55
CN(Cc1cc(O)nc2ccccc12)C(=O)c1ccc2c(c1)OCCO2,12.85
CCCCn1c(C)cn2c3c(=O)n(C)c(=O)n(C)c3nc12,-2.5
O=C(Cn1ncc2ccccc2c1=O)N1CCCCC1CCn1ccnc1,9.0
CCN1C(=CC(C)=Cc2sc3ccccc3[n+]2CC)Sc2ccccc21.[I-],100.85
CC(=O)c1c(C)[nH]c(C(=O)Nc2ccccc2N=S(C)(C)=O)c1C,-10.1
CN1CC(=O)N2C[C@H](NC(=O)c3ccc(CSc4ccccn4)cc3)C[C@H]2C1=O,5.95
O=C(NC1CC1)c1cnc2scc(-c3ccccc3)n2c1=O,1.4500000000000002
CCN(C)C(=O)c1ccc(-c2cccnc2)nc1,12.35
CCCN(CCC)S(=O)(=O)c1ccc(NS(=O)(=O)Cc2ccccc2)cc1,61.0
CC[C@H](C)N1CCN(C(=O)Cc2cc3ccccc3[nH]c2=O)CC1,6.8500000000000005
CC(C)(C)C(=O)N1CCC[C@H](C(=O)NCc2ccc(-n3ccnc3)nc2)C1,-1.75
O=C(NCc1cnn(Cc2ccccc2)c1)[C@@H]1C[C@@H]2C=C[C@H]1C2,3.5000000000000004
O=C(CCN1CCN(c2cnccn2)CC1)Nc1cccc(Cl)c1,-33.35
Cc1ccc([C@H](CNC(=O)c2ccco2)N2CCOCC2)o1,2.0500000000000003
COc1cc(C(=O)Nc2ccc(OCc3cc(=O)n4oc(C)cc4n3)cc2)cc(OC)c1OC,14.55
CCCC[C@@H](C(=O)Nc1nc(-c2ccc[nH]2)cs1)N1CCCS1(=O)=O,13.4
COc1ccc2oc(C(=O)N3CCN(S(=O)(=O)c4ccc5c(c4)OCCO5)CC3)c(C)c2c1,15.45
CC(C)c1nc(CC(=O)N2CCC[C@H](C(N)=O)C2)cs1,-8.8
O=C1N(Cc2ccccc2F)C2CS(=O)(=O)CC2N1c1ccc(F)cc1,14.8
CC(C)N(CCNC[C@H](O)COCc1ccccc1Cl)C(C)C.O=C(O)C(=O)O,8.4
CN(C)C(=O)c1cc(NC(=O)c2ncsc2C(F)(F)F)ccn1,-2.75
CN(C)c1ncccc1CNC(=O)N1CCC[C@H]1c1ccsc1,6.8
CCn1nccc1C(=O)NCc1cccnc1Oc1ccccc1,17.85
C[C@H](O)CN(C)S(=O)(=O)c1cnc2ccccc2c1,-12.0
CN1C(=O)COc2ccc(C(=O)N(CCn3ccnc3)Cc3cnn(C)c3)cc21,6.4
CC(C)(C)C(=O)Nc1ccc2c(c1)C(=O)C(=O)c1ccccc1-2,72.85
COc1ccccc1-c1nn(Cc2ccccc2)cc1C(=O)N1CCN(CCO)CC1,-4.8500000000000005
COC[C@H](C)NS(=O)(=O)c1c(Br)cc2[nH]c(=O)oc2c1Cl,60.05
Cn1cnnc1[C@H]1CCCN(C(=O)CCOc2ccc(F)cc2)C1,-38.4
CC(C)C[C@H](N)C(=O)N1CCC(N(C)c2ccccc2)CC1.Cl,20.799999999999997
COc1cccc([C@@H](O)C(F)(F)F)n1,-15.95
O=C(NCCOc1ccccc1)[C@H]1CC(=O)N(c2ccc3c(c2)OCCO3)C1,3.9
O=C(CCn1cncn1)NC1CCCN(c2ncccn2)C1,3.6
CCn1c(=O)c2ccccc2n(CC(=O)Nc2ccccc2F)c1=O,0.6500000000000001
Cc1ccc(-n2c(C)cn3c4c(=O)n(CCCO)c(=O)n(C)c4nc23)cc1,1.0499999999999998
CC(C)N(C[C@H]1O[C@@H](n2cnc3c(N)ncnc32)[C@H](O)[C@@H]1O)[C@H]1C[C@@H](CCc2nc3cc(C(C)(C)C)ccc3[nH]2)C1,17.75
Cc1ccc2nc(Cn3cnc4c3c(=O)n(C)c(=O)n4C)cn2c1,2.6500000000000004
COc1ccc2nc(CNC(=O)[C@H]3C[C@@H]4C=C[C@H]3C4)[nH]c2c1,20.0
CCN1CCC(CNC(=O)c2cc(=O)[nH]c3ncn(C)c23)CC1,4.2
CN(C)C(CNC(=O)N1CCN(C2CCCC2)C(=O)C1)c1cccs1,2.0
COCCn1c(CCCC(=O)NCc2ccc(OC(C)C)cc2)nc2cccnc21,14.95
Cc1cnn([C@H]2CCCN(C(=O)COc3cccnc3)C2)c1,4.5
CC(C)n1cc(NC(=O)c2cc3ccccc3cc2N)cn1.Cl,9.6
O=C(Nc1ccc(Cl)cc1-n1cccc1)[C@@H]1COCCO1,9.65
CC1(S(=O)(=O)N2CCC[C@H](c3c[nH]nn3)C2)CC1,-12.45
CCN(C[C@H]1CCOC1)C(=O)c1ccc(-n2cncn2)cc1,8.3
COCCCNC(=O)CCn1cnc2cc(S(=O)(=O)N3CCCC3)ccc21,25.45
CCCNc1nc(-c2cccc(OC)c2OC)no1,17.15
CCN([C@H]1CCS(=O)(=O)C1)S(=O)(=O)c1c(F)cccc1F,-0.6000000000000005
COc1ccc(CN(CCC2=CCCCC2)C(=O)c2cccn(C)c2=O)cc1,8.55
CCOCCCN1CC2=C(C1=O)[C@@H](c1ccc(F)cc1)NC(=O)N2,5.2
NC(=O)CSc1n[nH]c(=O)n1C1CC1,-12.5
CCc1oc(C(N)=O)cc1CN1[C@@H]2CC[C@H]1[C@H]1CNC[C@H]12.Cl.Cl,16.15
O=S(=O)(c1ccc2c(c1)OCCCO2)N1CCc2ccccc21,-16.4
COc1ccc(NC(=O)CCN2C(=O)C3CC=CCC3C2=O)cc1OC,11.2
O=c1nc([C@H]2CCCN(c3ncnc4c(F)cccc34)C2)[nH][nH]1,22.5
CC(C)OCCCNC(=O)CCNC1=NS(=O)(=O)c2ccccc21,-0.6499999999999999
CC(C)CNC(=O)Nc1sc2c(c1C(N)=O)CC(C)(C)OC2,0.2000000000000001
COc1ccc(Cl)cc1C(=O)N1CCN(c2cc(-n3cccn3)nc(C)n2)CC1,58.55
O=C(CCn1ccnn1)N1CCCC[C@H]1c1nccs1,-4.15
CCn1cnc(S(=O)(=O)N2CCCC(C(=O)NCc3ccc(C)cc3)C2)c1,6.3500000000000005
CN(CC1CCN(c2ccccc2)C1)C1CCN(Cc2ccco2)CC1,15.2
Cc1nnc2sc(-c3cnn(-c4ccccc4)c3)nn12,16.25
CCc1nnc(CN(C(=O)c2c(C)nn3c(C)cc(C)nc23)C(C)C)o1,8.35
O=C(c1cccc(S(=O)(=O)Nc2ccc(Cl)cc2)c1)N1CCN(C(=O)N2CCCC2)CC1,21.2
CN(C)C(=O)c1cc(NC(=O)N[C@H]2CCc3ncnn3C2)ccn1,-9.1
O=C(CS(=O)(=O)C1CCCC1)N[C@H]1[C@@H]2COC[C@@H]21,4.85
COc1ccc(-c2c[nH]c3nccc(-c4ccsc4)c23)c(OC)c1,12.8
O=C(CSc1nc(=O)[nH]c2c1CCCC2)NCc1ccc(Cl)cc1,24.7
Cn1c(=O)c(C(=O)N[C@H](CO)Cc2ccccc2)cc2ccccc21,14.2
CC(=O)N[C@H]1CCCc2[nH]c(=O)ccc21,1.0
CCc1c(C(=O)N2CCOc3ccc(F)cc3C2)cnn1CC(C)C,0.0333333333333338
Cc1n[nH]c(C2CCCN(C(=O)c3ccc(Oc4ccccc4)o3)C2)n1,11.1
NS(=O)(=O)c1ccc(CCC(=O)O)cc1,15.55
Cc1nc([C@H]2CCCN(C(=O)C3=COCCC3)C2)no1,1.5
CCC(C)n1ncn(-c2ccc(N3CCN(c4ccc(OC[C@H]5CO[C@](Cn6cncn6)(c6ccc(Cl)cc6Cl)O5)cc4)CC3)cc2)c1=O,18.5
CCCSCC(=O)NCC1CCN(c2cnn(C)c(=O)c2)C1,13.8
COCc1ccc([C@@H]2CCCN2C(=O)Nc2nccs2)o1,-0.25
Cc1nc([C@@H]2CCCN2C(=O)CCc2c(C)noc2Cl)no1,-16.75
CCOc1ccccc1C(=O)N1CC2(C1)CN(C(=O)C(C)C)CC2c1nncn1C,9.85
CCc1cnccc1[C@H](C)NC(=O)c1sccc1F,18.6
COc1ccccc1Cc1noc([C@@H]2CCCN(C)C2=O)n1,-26.1
CCc1onc(C)c1C1CCCN1Cc1cccnc1,12.9
COc1cccc(OC)c1C(=O)NCc1ccccc1-n1cccn1,12.55
O=C(c1cc(N2CCCC2)ccn1)N(Cc1ccccc1)C1CC1,-10.8
Cc1nc(C(=O)Nc2cccc(OCC(F)F)n2)ccc1C#N,-0.25
O=C1CC(C(=O)NCC2(c3cccc(F)c3)CCOCC2)C2(CCCC2)O1,13.0
O=C(c1cccs1)N1CCC2(CC1)NC(=O)N(Cc1ccc(Cl)cc1)C2=O,13.7
Cc1cnc(N[C@H]2CCC(=O)NC2=O)nc1,10.95
CCNc1cc(N2CCN(S(=O)(=O)c3ccc(CC)cc3)CC2)nc(C)n1,51.7
Cc1cc(CN2CCN(Cc3nccn3C)[C@@H](C)C2)on1,12.7
COc1ccc(C(=O)Nc2ccccc2-n2ccnc2)cc1OC,8.8
Nc1cc(C(=O)NCc2ccc(F)cc2)c2[nH]ncc2c1,12.75
Cc1ccc([C@H]2CN(C(=O)c3cc(C4CC4)n[nH]3)[C@@H]3C4CCN(CC4)[C@H]23)cc1,5.75
CC(=O)CSc1nnnn1-c1ccc(C)cc1,3.5515624999999997
COCCN1CCc2nc(SCc3ccc(C(C)(C)C)cc3)[nH]c(=O)c2C1,54.45
COC[C@H](C)N(C)C(=O)Cn1ccc(=O)n(C)c1=O,-9.5
CCCOc1ccc(C(=O)C2=C(O)C(=O)N(CCN(C)C)C2c2ccc(C)cc2)cc1,2.3666666666666667
C[C@H](NC(=O)Nc1cccc2ccccc12)C(C)(C)CN(C)C,9.0
CCN1CC(CN(C)C(=O)Nc2cccc(-c3ccn[nH]3)c2)CC1=O,12.3
Brc1c(Br)c(Br)c2[nH]cnc2c1Br,84.4
CCOc1ccc(CC(=O)N2CCCC2c2cc(CC)no2)cc1,9.25
CC(C)C[C@H]1C(=O)NCCCN1Cc1nnc(C(F)(F)F)s1,26.35
Clc1ccc(OCCN2CCO[C@H](c3nccs3)C2)c(Cl)c1,101.15
O=C([C@@H]1COCCN1)N1CCN(c2ccccc2F)CC1,6.95
Cl.Cn1ccnc1[C@@H]1CNCCN1S(=O)(=O)Cc1noc2ccccc12,24.45
Cc1cc2nc3n(c(=O)c2n1CC(=O)Nc1ccccc1)CCC3,3.8
O=C([C@@H]1CCCN1C(=O)C1CC1)N1CCC(OCc2ccccn2)CC1,6.1
Cc1noc(-c2ccc(CSCCC(=O)O)cc2)c1NC(=O)OC(C)c1ccccc1Cl,24.9
COc1cccc(C(=O)N2CCC(c3nccn3Cc3ccccn3)CC2)c1,4.1000000000000005
CCC(C)NC(=O)Cn1c(=O)cc(-c2nc(C3CC3)no2)c2ccccc21,21.9
COc1ccc(C(=O)N2CC[C@H](c3cccnc3OC)C2)cc1,14.35
NC(=O)c1cccc(Cn2cnc3cc(F)ccc3c2=O)c1,22.3
COc1ccc(Nc2n[nH]c(N)c2NC(=O)c2ccccc2)cc1,0.25
Cc1ccc(-c2nnc3c4ccccc4c(C)nn23)cc1S(=O)(=O)NCCO,-0.6000000000000001
O=C(O)c1cc(/N=N/c2ccc(S(=O)(=O)Nc3ccccn3)cc2)ccc1O,8.3
C[C@@H](C(=O)NC(C)(C)C)N1CCC(O)(C(F)(F)F)CC1,10.866666666666667
O=c1c2ccccc2ncn1CCN1CCC(n2c(=O)[nH]c3ccccc32)CC1,2.9499999999999997
CCSc1nc(=O)c2c(n1C)NC(=O)CC2c1ccccc1OC,1.2
COCCN1CCCC(CNC(=O)N2CCN(c3ccc(F)cc3)CC2)C1,10.3
CC[C@H]1CN(C(=O)NCc2ccccc2N2CCOCC2)CCN1CCOC,5.7
CC(C)CC[C@H](C)NC(=O)CN1C=Nc2ccccc2S1(=O)=O,2.85
CC(C)CC(=O)C1CCCN(S(C)(=O)=O)C1,2.15
CCCNS(=O)(=O)c1ccc(C(=O)N2[C@@H]3CC[C@H]2C[C@@H](OC)C3)cc1,14.45
CN1CCN(C2COC3(C2)CN(C(=O)Cc2ccccc2F)C3)CC1,6.8999999999999995
CCCNc1cc(N2CCC(CCC(=O)N3CCN(C4CCCCC4)CC3)CC2)ncn1,-16.1
Cc1n[nH]c([C@@]23CCN(C(=O)c4cccs4)C[C@@H]2CN(C(=O)C(C)C)C3)n1,31.049999999999997
COc1ccc2nc(O)c(CN(C)C(=O)C(C)C)cc2c1,2.65
CNC(=O)[C@H]1O[C@@H](n2cnc3c(NCc4cccc(I)c4)nc(Cl)nc32)[C@H](O)[C@@H]1O,13.15
O=C(O)c1cc(C(=O)O)c(C(=O)N(Cc2cccc(Oc3ccccc3)c2)[C@H]2CCCc3ccccc32)cc1C(=O)O,6.55
Cc1noc([C@@H]2[C@@H](C)OCCN2C(=O)Cn2ccc3ccc(Cl)cc32)n1,0.5
Cc1ccc(NC(=O)N2C[C@@H]3CN(C(=O)C(C)C)C[C@]3(C(=O)N3CCCC3)C2)cc1F,5.3
CCOc1cc(NC(=O)NC[C@H](C)CN2CCN(C)CC2)ccc1C,-5.4
CCN(Cc1ccc(OC(C)C)c(CO)c1)Cc1nccn1C,13.5
COCCO[C@H]1C(=O)N(C2CCN(Cc3cccn3C)CC2)[C@H]1c1ccncc1,13.05
CCn1cc(C(=O)N2CCC(CNC(C)=O)CC2)c2ccccc21,-0.2000000000000001
CC1CSc2ccc(S(=O)(=O)N3CCCC3)cc2N(CC(=O)N(C)Cc2ccccc2)C1=O,16.6
O=C(NCCCN1CCN(c2ncccn2)CC1)Nc1ccc(-c2nnco2)cc1,-15.740735
CCn1c(=O)c(C(=O)Nc2nc3ccccc3[nH]2)c(O)c2ccccc21,76.43333333333334
O=C(c1ccc2c(=O)n3c(nc2c1)CCCC3)N1CCN(c2ccccn2)CC1,13.0
CCn1cc(C(=O)O)c(=O)c2cc(F)c(N3CCNCC3)cc21,97.95
CCCCOc1cccc(N2/C(=N/C(C)=O)S[C@@H]3CS(=O)(=O)C[C@@H]32)c1,9.75
Cc1ccc(NC(=O)CN(C)S(=O)(=O)c2c(C)noc2C)cc1,4.85
CCc1ccc2sc3nc(=O)c(C#N)c(C)n3c2c1,-15.75
CC(C)(C)[C@H]1CC[C@H](N(Cc2ccc(C(=O)NCCC(=O)O)cc2)C(=O)Nc2ccc(OC(F)(F)F)cc2)CC1,94.6
Cn1nc(C2CCN(C(=O)c3ccccc3)CC2)n(CCc2ccccc2)c1=O,8.2
O=C(NCc1cccnc1OCC(F)(F)F)c1cncc(-c2ccc(Cl)cc2)c1,8.35
Cc1c[nH]c(CNCC2(N(C)C)CCCCC2)n1,12.35
CCN1C(=O)CCc2cc(NC(=O)c3ccc(C)s3)ccc21,6.949999999999999
Cc1cccc(C(=O)NC2CCN(CC3(O)CCCCC3)CC2)c1F,-24.700000000000003
CCCc1nc(C)c(CNC(=O)C(C)S(=O)(=O)CC)s1,11.65
CC[C@@H](CO)NC(=O)C1(c2ccccc2F)CC1,-2.3999999999999986
CC1=C(c2ccccc2)S(=O)(=O)N=C1N1CCC(NC(=O)NC2CCCCC2)CC1,-5.95
CC(=O)Nc1ccc(S(=O)(=O)Nc2ccccc2C)cc1,5.0
Cc1cc(NC(=O)C2CCN(c3ccc(Cl)cn3)CC2)n(C)n1,-5.8
Cn1ccc(NC(=O)c2ccccc2NC(=O)c2ccco2)n1,2.2
CCc1cc(C(=O)Cc2ccc(OC(C)C)cc2)c(O)cc1O,102.36666666666667
CN(CCc1ccccn1)C(=O)C1CCN(C(=O)N2C[C@H]3C[C@H](C2)[C@H]2CCCC(=O)N2C3)CC1,13.55
C[C@H](CNC(=O)N1CCN(c2ncccn2)CC1)Cc1cccs1,6.65
CNC(=O)c1ccc(CN(C)C(=O)c2cc(-c3ccccc3)[nH]n2)cc1,1.25
CCOc1ccc(NC(=O)CN2C(=O)N[C@@H](CCSC)C2=O)cc1,-7.9
O=C(N[C@H]1CCN(c2ccccc2)C1=O)c1cccn1C1CCCC1,5.550000000000001
N#Cc1ccc(NC(=O)CN2CCC(C(=O)N3CCCCCC3)CC2)cc1,6.65
CC(=O)Nc1cccc(NC(=O)Cc2csc(NC(=O)c3ccco3)n2)c1,14.55
COc1ccc(-c2nnc(SCCn3ccnc3C)o2)cc1OC,8.833333333333334
Cc1ccccc1C(=O)N1CCOC2CCCCC21,8.55
COc1ccnc(N2CCN(C(=O)C[C@H]3CCCO3)CC2)n1,4.85
COc1ccc(C(=O)Nc2cccc(F)c2)cc1S(=O)(=O)NC(C)C,1.7499999999999998
Cc1nn(CC(=O)Nc2cc(=O)[nH]n2-c2ccccc2)c(C)c1Cl,1.5
COc1ccccc1N(Cc1cc(=O)n2ccsc2n1)S(=O)(=O)c1cccs1,-8.35
NC(=O)c1ccnc(NC[C@H](O)c2ccc(Cl)cc2Cl)c1,4.95
COc1cc(SC)ccc1C(=O)Nc1nccs1,15.4
Cc1ccc(Nc2cc(=O)[nH]c(=O)[nH]2)cc1Cl,67.6
C[C@H]1CCCCN1C(=O)CON=C(N)c1cc(Br)cs1,-20.0
C#CCNC(=O)c1ccc(NS(=O)(=O)c2ccc3[nH]c(=O)[nH]c3c2)cc1,10.6
COc1ccc(S(=O)(=O)N(C)Cc2ccc(F)c(F)c2)cc1,-35.55
COCc1ccccc1C(=O)N1CC[C@H](C)S(=O)(=O)CC1,-13.75
Cc1ccc(-c2cc(C(=O)Nc3cc(Br)cn(C)c3=O)on2)cc1,-4.85
COc1ccc(NC(=O)Cn2nc3c4cc(F)ccc4ncn3c2=O)cc1OC,19.8
Cn1c(C(=O)NCCc2ccccc2)cc2c(=O)n3ccccc3nc21,14.6
COc1ccc(CCNC(=O)[C@@H]2CC=CCC2)cc1OC,-2.5999999999999996
O=C(CCC(=O)c1ccc(F)cc1)N[C@H]1CCS(=O)(=O)C1,4.6
Cc1cc([C@H]2CCCN(C(=O)c3cc(C)n(C(C)C)c3C)C2)n[nH]1,5.85
Cc1cccc(NS(=O)(=O)Cc2ccccc2F)c1C,1.0
CCN(CC)S(=O)(=O)c1cc(C(=O)N2CCC[C@H]2c2ccc3c(c2)OCCO3)ccc1OC,10.4
CC(=O)N1c2ccc(S(=O)(=O)N3CCCC(C(=O)NC4CCCCC4)C3)cc2CC1C,14.3
Cc1cccc(N(C)C(=O)c2sccc2S(=O)(=O)N2CCCC2)c1,12.75
CC(CO)(CO)CNc1nccc2ccccc12,-24.15
Cc1oc2ccccc2c1CN[C@@H]1CCC(=O)N[C@H]1c1cncn1C,-0.3499999999999996
CCN(CCNC(=O)c1ccc(OC)c(OC)c1OC)C1CC1,6.85
CC(C)Cn1c(C(=O)N2CCCC2)nnc1N1CC[C@]2(CNC(=O)C2)C1,5.0
O=c1oc2ccccc2n1CCCN1CCC[C@H]1c1ccc(O)cc1,-0.1499999999999999
CCCc1cc(C(=O)N2CCCC[C@@H]2Cn2cccn2)[nH]n1,-13.65
Cc1ccccc1CSCC(=O)N1CCN(C)C(CCO)C1,3.45
CN[C@H]1CCCN(S(=O)(=O)c2ccc(F)cc2Br)C1,-3.4
Cc1csc([C@@H]2CCCCN2C(=O)c2cc(C(C)C)[nH]n2)n1,4.300000000000001
O=C(c1cc(=O)n(-c2ccccc2)[nH]1)N1CCC(C(O)c2cccs2)CC1,30.8
Cc1ccc(C(=O)Nc2ccc(CN3CCN(C)CC3)c(C(F)(F)F)c2)cc1C#Cc1cnc2cccnn12,100.35
CCCCOc1ccc(C(=O)N2CCN(c3cc(-n4ccnc4)ncn3)CC2)cc1,8.6
CCN1CCC[C@@H]1CNS(=O)(=O)c1ccc(C(C)(C)C)cc1.Cl,-11.15
CCNC(=O)C1Cc2ccccc2N2CCN(c3ccccc3)CC12,12.266666666666666
Cc1cc([C@]2(C)NC(=O)N(Cc3ncnn3C(C)C)C2=O)c(C)o1,4.1
CCN(CC)CCN1C(=O)C(O)=C(C(=O)c2ccc(OC)c(OC)c2)[C@H]1c1ccc(C)cc1,9.65
Cc1cnc([C@@H](C)CNC(=O)Nc2ncnn2C)s1,-7.3
Cn1ncc2c(=O)n(Cc3ccc(C(N)=O)cc3)cnc21,11.6
CCCc1nnsc1C(=O)Nc1nc2ccccc2[nH]1,15.0
O=C(Cc1nn[nH]n1)NCCNC(=O)c1nn[nH]n1,1.0499999999999998
Cc1cnc(Nc2ccc(F)cc2Cl)nc1-c1c[nH]c(C(=O)N[C@H](CO)c2cccc(Cl)c2)c1,86.5
CCCCN1C(=O)c2ccccc2C(C(=O)NCC2CCOCC2)C12CCCC2,6.2
Cl.Clc1ccc(OC[C@H]2CCN2)cn1,5.5
Cc1ccc(Cn2c(=O)c(N3CCC(NC(=O)NCC4CCCO4)CC3)nc3cccnc32)cc1,12.85
COc1cccc(Cn2nccc2NC(=O)CCN2C(=O)c3ccccc3C2=O)c1OC,25.0
Cn1c(=O)c2nc(Br)n(Cc3cccnc3)c2n(C)c1=O,11.5
C[C@H]1CN(C(=O)Nc2ccc(OCCc3ccccc3)nc2)CCCO1,6.1
COc1ccc(OCCN(C)c2cc(C#N)ccn2)cc1,12.2
COCC(=O)O[C@]1(CCN(C)CCCc2nc3ccccc3[nH]2)CCc2cc(F)ccc2[C@@H]1C(C)C.Cl.Cl,63.9
CCNC(=O)C1CCN(c2nc(-c3ccc(OC)cc3)no2)CC1,14.55
CCOC[C@@H]1CC(F)(F)CN1C1CN(C(=O)c2ccc(C)cn2)C1,8.3
COc1cc2c(cc1OC)CC(=O)N(CC(=O)NCCn1cnc3ccccc31)C=C2,5.9
CC(=O)N1CCN(C(=O)c2cc(-c3ccc(C)o3)nc3ccccc23)CC1,0.2000000000000001
C[C@H](Sc1nnc2n1CCCCC2)C(=O)N1CCN(C(=O)c2ccco2)CC1,-4.35
CN(Cc1ccco1)C(=O)CSc1nc2ccccc2n1C(F)F,-2.6500000000000004
COc1ccccc1CC(=O)Nc1cc(OC)c(OC)c(OC)c1,-0.5
CN(C)C(=O)CCc1ccc(CC2CCN(C(=O)c3cnccn3)CC2)cc1,9.9
CCC(=O)N1N=C(c2c(O)cc(C)oc2=O)CC1c1ccccc1,99.2
O=c1c2[nH]c3ccccc3c2ncn1Cc1ccc(F)cc1,21.6
CCOc1ccc(CN2CCN([C@@H](C)c3nc(C)no3)CC2)cc1,-0.3499999999999996
CC(C)(C)c1n[nH]cc1CN1C[C@@H]2CCS(=O)(=O)[C@@H]2C1,1.5499999999999998
Cc1cccc(C)c1NC(=O)C1c2cccc[n+]2CC(=O)N1CCO.[I-],18.05
O=C([C@@H]1CCCO1)N1CCN(S(=O)(=O)c2ccc(Cl)cc2F)CC1,2.433333333333333
COc1ccc(NC(=O)c2ccnc(N(C)C)c2)c2cccnc12,11.5
Cc1occc1C(=O)N1CCN(C[C@H](O)C(C)(C)C)CC1,6.2
Cc1cc(CNC(=O)NC[C@@H](C(C)C)N2CCOCC2)ccc1F,-6.9
COC1CN(c2ccc(C#N)c(Br)c2F)C1,-1.25
COCCN(C)CCNC(=O)C(C)(C)c1ccc(OC)c(OC)c1,-5.550000000000001
C[C@H]1CC(=O)N(C)c2ccc(NC(=O)Cn3c(=O)n(C)c4ccccc43)cc21,3.549999999999999
CNC(=O)[C@@H]1CN(C(=O)CC(C)(C)C)c2ccccc2O1,6.1
CCn1c(=O)n([C@@H]2CCN(S(=O)(=O)c3cc(OC)ccc3OC)C2)c2ncccc21,18.35
CCC[C@H]1CN(CC(=O)NCc2ccccc2OC)C[C@@H]1NC(C)=O.Cl,2.35
COc1ccccc1OCCC(=O)Nc1cc(F)ccc1C,12.7
CCOc1ccccc1OCC(=O)Nc1ccccc1F,3.4333333333333336
CCN1CCCn2cc(S(=O)(=O)N(C)c3ccc(C)cc3)cc2C1=O,6.4
CC1=C(C(=O)Nc2ccc(C(=O)NCCN3CCN(c4ccccc4F)CC3)cc2)SCCO1,10.3
O=C(NC(=O)N1CCN(c2ccc(F)cc2)CC1)c1ccccc1,23.799999999999997
CCc1oc(C(=O)N2CCOC(c3ccccc3)C2)cc1CN1CCCC1,9.5
O=C1c2ccccc2-n2c1nc1ccccc1c2=O,69.15
CC(C)c1ccc(CN(CCCN(C)C)CCCN(C)C)cc1,2.8000000000000003
Cc1nc2n(n1)C(C(=O)Nc1cccc3ccccc13)CC(=O)N2,6.45
CN(C[C@H]1COc2ccccc2O1)C(=O)c1snnc1C(C)(C)C,-5.4
COCCn1nc(-c2nc([C@@H](C)c3cccs3)no2)ccc1=O,17.799999999999997
O=C(CCN[C@H](c1ccc(F)cc1)c1c[nH]nn1)N1CCN(c2ccccc2)CC1,-1.5
CN(C[C@H]1CCCO1)C(=O)NCCc1ccc(F)cc1,5.3
C[C@@H](CC(=O)Nc1ccnc2ccncc12)NC(=O)C1CCCC1,2.0999999999999996
Cc1noc(C)c1S(=O)(=O)N1CCCN(C(=O)c2ccc(I)cc2)CC1,10.85
CC1(C)CC(=O)C2=C(C1)NC(=S)NC2c1cccc(O)c1,10.4
Cn1cnnc1-c1cccc(NC(=O)c2cccc(C#N)c2)c1,15.75
Cc1cc(S(=O)(=O)N2CC[C@H](N)C2)c(Cl)cc1F,-14.2
CC(C)(C)c1nnc(N2CCOC[C@@H](C3CCC3)C2)s1,-11.95
O=C(NCC1CC1)C1CC(=O)N(C2CN(S(=O)(=O)c3ccc4c(c3)CCC4)C2)C1,15.75
CNC[C@H]1CCCN1C(=O)c1cc(S(N)(=O)=O)c(C)o1.Cl,3.2
Cc1cc2n(n1)[C@H](C(F)(F)F)CCN2C(=O)c1cccc(=O)n1C,-13.75
C[C@H](NC(=O)Nc1ccc(C(F)(F)F)cc1)C(=O)N1CCCC1,100.15
COc1cn(-c2ccccc2)nc1C(=O)Nc1ccc(C(N)=O)cc1,16.35
COc1ccccc1NC(=O)C1CCN(S(C)(=O)=O)c2cc(C)ccc2O1,13.0
Cn1c(=O)c2c(ncn2CC(=O)Nc2cccc3ccccc23)n(C)c1=O,13.0
C[C@H](NC(=O)c1ccoc1)C(=O)NCCS(=O)(=O)Cc1ccccc1,3.7
O=C(CC1NC(=O)N(CCc2ccccc2)C1=O)Nc1ccc2cc[nH]c2c1,27.5
CCN(CC)S(=O)(=O)c1ccc(N(C)C)c(NC(=O)c2cccc(F)c2)c1,-3.05
CCN1CCN(C(=O)c2ccc(CN(c3ccccc3F)S(C)(=O)=O)cc2)CC1,-2.6000000000000005
COc1ccc(-n2ccnc(NC(=O)c3ccco3)c2=O)cc1Cl,12.25
Cc1cnc(CC2CCCN(C(=O)c3ccoc3)C2)n1CC1CC1,-0.1500000000000003
Cc1noc(C)c1S(=O)(=O)N1CCN(CN2C(=O)N[C@@](C)(c3ccco3)C2=O)CC1,20.5
COc1ccc(CCC(=O)N2C[C@@H]3CN(C(=O)C(C)C)C[C@]3(C(=O)N3CCCC3)C2)cc1,10.25
CC(=O)c1c(Nc2ccc(S(=O)(=O)Nc3nccs3)cc2)oc(C)cc1=O,50.95
CC1(C)CC1C(=O)N(CCc1ccccc1)Cc1ccccn1,14.0
COCCc1noc(CN2CCO[C@@H](CN(C)c3cccnn3)C2)n1,2.799999999999999
COc1cc(CC(=O)N2CCCN(C(=O)c3ccccc3F)CC2)ccn1,25.25
NC(=O)CCN(C(=O)CSc1ncc2ccccn12)c1ccccc1,18.55
CCN(CC)S(=O)(=O)c1cccc(C(=O)CN2C(=O)c3ccccc3OC(C)C2=O)c1,9.85
CC1(C)COC[C@@H]1NC(=O)c1ccc(CN2CCNC(=O)C2)cc1,-5.133333333333334
O=C(Nc1nnc(C(F)(F)F)s1)c1ccc2c(c1)N=S=N2,93.05
CCCCNC(=O)Cn1nc(-c2ccc(C)cc2)ccc1=O,13.6
Cc1cc(=O)[nH]cc1C(=O)NC[C@@]1(C)CCCN1Cc1ccccc1,-5.65
Cc1cc([C@H]2CCCN(C(=O)CCCc3ccccn3)C2)n[nH]1,19.35
COc1ccc(OCCNc2ncnc3cc(OC)c(OC)cc23)cc1,5.15
Cc1cc(=O)[nH]c(SC(C)C(=O)NCCCc2nc3ccccc3[nH]2)n1,10.9
COc1ccc(-c2nnc(SCC(=O)Nc3cc(C)on3)[nH]c2=O)cc1,1.8000000000000005
C[C@H](O)CN1CCN(C(=O)c2cc(Cl)c[nH]2)CC1,3.2
C[C@@H](C(=O)Nc1ccc(CCN2CCOC2=O)cc1)c1cccs1,-5.2
COCc1nc(C(=O)N2CCC[C@H](c3cc(C(N)=O)[nH]n3)C2)cs1,-1.9000000000000004
CC(C)n1ncnc1NC(=O)c1cccc(C(F)(F)F)c1O,97.75
CNC(=O)CCSc1ccccc1Br,2.45
O=C(c1cccc(S(=O)(=O)NCc2cccs2)c1)N1CCOCC1,20.1
CC(C)Cc1cc(CNC(=O)N2CCN3C(=O)CN(C)C(=O)C3C2)on1,4.35
COc1cc(CNC(=O)C2CCN(c3ccc(=O)n(-c4ccc(F)cc4)n3)CC2)cc(OC)c1OC,1.8499999999999996
Cc1cccc(NC(=O)C2CCN(S(=O)(=O)c3cn(C(C)C)cn3)CC2)c1,-2.3500000000000005
Cc1cccc(N2CCN(C[C@H]3CCCN3)CC2)c1,8.0
CCCc1noc(CN2CCC[C@H]2c2c(C)nn(C)c2OC)n1,6.85
CCn1cc(C(=O)Nc2cccnc2)c(=O)c2cc(OC)ccc21,26.15
CCCn1c(C)c(C(=O)N2C[C@H]3CN(C)C[C@H]3C2)c2cc(OC)ccc21,-1.6000000000000003
CC[C@H](NC(=O)c1c(C)c(-c2ccccc2)nc2ccccc12)c1ccccc1,13.25
O=C(c1ccc(=O)[nH]n1)N1CCC[C@@H]1Cc1cccc2ccccc12,10.45
O=S(=O)(CCc1cccs1)N[C@H]1CCN(CC2CCCC2)C1,3.25
CC(C)c1noc(CN2CCC[C@H](c3cc(C(N)=O)[nH]n3)C2)n1,-3.5000000000000004
C[C@H](NC(=O)[C@@H]1C[C@H]1c1cnn(C)c1)c1cncs1,-0.4500000000000002
O=C(NC1CC1)c1ccc2c(c1)CCN2S(=O)(=O)c1ccccc1,3.25
Cc1ccccc1-c1noc([C@H](C)Sc2cnn[nH]2)n1,-7.9
OC[C@H]1NC[C@H](O)[C@@H](O)[C@@H]1O,13.3
COc1ccc(CNC(=O)c2cccc(NS(C)(=O)=O)c2C)cc1,10.25
COc1cccc(CN[C@H]2CCCN(c3ncccn3)C2)c1OC,3.0
COc1ccc(NC(=O)c2c(C)nc3ncccn23)cc1C(=O)N(C)C,9.7
COc1cccc(N(C)C(=O)c2ccccc2)n1,11.35
C[C@@H](c1ccccn1)N(C)C(=O)C1CCN(c2cnccn2)CC1,-0.3999999999999999
O=C(CN1CCC(C(=O)N2CCCCCC2)CC1)Nc1ccc(Br)cc1,-13.75
Cc1nc(-c2ccccc2)oc1C(=O)N1CCNC[C@H]1c1nccn1C,-12.75
O=C1CN(C(=O)c2ccc(Cn3cccn3)cc2)CCN1Cc1cccc(F)c1,-4.1000000000000005
COc1ccc(NC(=O)NCCN2CCC[C@H](C)C2)cn1,-1.85
N#CCc1ccc(NC(=O)C2CCCN(S(=O)(=O)Cc3ccccc3)C2)cc1,16.45
N#C[C@H](c1ccccc1)N1CCN(C(=O)c2ccc(Cl)cc2)CC1,12.0
CNC(=O)[C@@H]1C[C@H](Oc2ccccc2)CN1C1CCN(C(=O)NCCc2ccccc2)CC1,6.8999999999999995
O=C(c1ccc2n[nH]c(=O)n2c1)N1CCOC[C@@H]1CC1CC1,8.25
CCCc1nc(CN(CC)C(=O)NC(C)c2ccc(O)c(F)c2)no1,9.5
Cc1c(NC(=O)NC[C@@H]2CCCN2)cccc1C(N)=O,1.0499999999999998
CCCN(C(=O)c1ccccc1OC)[C@H]1CCNC1,-7.6
Cc1csc(NC(=O)CN2CCO[C@@H](Cn3cccn3)C2)n1,-10.8
C[C@@H](CC(=O)c1cccs1)NC(=O)Cc1ccc2c(c1)NC(=O)C2,-0.8500000000000001
CCN(CC)[C@@H](CNC(=O)c1[nH]c(C)c(C(C)=O)c1C)c1ccco1,0.75
CC(C)NC(=O)c1cc(Br)c2c(c1)OCCO2,-9.545255
CCCn1nnnc1CN(C)[C@H]1CCN(c2ccccc2Cl)C1=O,19.65
COc1cc(C)c(S(=O)(=O)N2CCO[C@@H](C)C2)cc1OC,2.8
Nc1nc(SCC(=O)NCCc2ccccc2)n[nH]1,5.75
CCC[C@@H]1NC(=O)N(CC(=O)Nc2ccc(C)cc2)C1=O,5.45
Cc1ccc(CCN(C[C@H]2CCCO2)S(=O)(=O)C2COC2)cc1,9.55
O=C(C1CCN(Cc2ccccc2)CC1)N(Cc1ccco1)Cc1ccco1,-7.433333333333334
O=C(c1cn(C[C@@H]2CC(F)(F)CN2C(=O)c2ccc3[nH]cnc3c2)nn1)N1CCOCC1,9.05
CC1(C(=O)NC2CCCCC2)CN(S(C)(=O)=O)CC(=O)N1c1ccc(F)cc1,16.25
CCn1c([C@@H]2CCCN2C(=O)NC(C)C)nc2ccccc21,9.7
C[C@@H]1Oc2ccccc2N(CC(=O)Nc2nc(-c3ccccn3)cs2)C1=O,101.5
Cc1nn(C)c(-n2cccn2)c1C(=O)Nc1c(C)n(C)n(-c2ccccc2)c1=O,6.55
CC1CN(CCOc2ccc(C#N)cc2)CCN1,16.1
O=C1CCCCN1CC(=O)N1CCc2c(-c3ccccc3)cccc21,-1.2999999999999998
O=C(NCc1nc(-c2cnccn2)n[nH]1)C1CC12CCCCC2,-6.35
C#CCNC(=O)c1ccc(NCc2ccc(OC(C)C)nc2)nc1,8.75
CC(C)CCOc1ccc(S(=O)(=O)Nc2cnsn2)cc1,57.599999999999994
Cc1ccccc1CCNC(=O)CC[C@@H]1NC(=O)NC1=O,21.7
NS(=O)(=O)c1ccc(CCNC(=O)c2cccc(N3CCCC3=O)c2)cc1,-5.65
CC(C)NC(=O)c1cnc(N(C)C)nc1C1CCN(C(=O)c2ccco2)C1,-9.7
O=C(Nc1ccc(Cl)cc1)Nc1ccc(Cl)c(Cl)c1,98.75
Cc1ccc(Oc2nc3cc(Cl)c(-c4ccc(-c5ccccc5)cc4)cc3[nH]2)cc1C(=O)O,99.8
Cl.N#Cc1ccc(S(=O)(=O)NC[C@H](N2CCNCC2)C(F)(F)F)c(Cl)c1,-16.599999999999998
COc1cc(CC2(CCC(=O)NCCCOc3cccnc3)CCC(=O)N2)ccc1F,0.4000000000000003
O=C(Nc1ccn(-c2ncccc2Cl)n1)c1cccnc1,-5.8500000000000005
Cc1nnc(SCC(=O)NC2CCCN(c3ncccn3)C2)o1,8.9
COc1ccc(NC(=O)NC(C)c2ccc(C)cc2)cc1,8.899999999999999
COc1ccc(NC(=O)N[C@H](CO)Cc2ccccc2)c(Cl)c1,16.0
Cc1cccc(NC(=O)C2CC(=O)N(C(C)(C)C)C2)n1,2.0999999999999996
CNC[C@H]1CCN(S(=O)(=O)c2ccc(F)c(F)c2)C1,13.8
CN(C)C(=O)Cn1ccc2cc(NC(=O)c3cc(O)nc4ccccc34)ccc21,19.6
O=C(NCc1ccccc1)c1cn(C[C@@H]2CCCN2C(=O)Cc2cccnc2)nn1,25.15
CCCc1cc(=O)n2nc(N3CCC(C(=O)NCCc4ccco4)CC3)sc2n1,12.1
COc1ccccc1C(=O)NCc1ccc(S(=O)(=O)N2CCOCC2)s1,2.05
O=C1C[C@@H](C(=O)Nc2ccc(N3CCOCC3)nc2)c2ccc(F)cc2N1,6.95
CCSc1ccc(NC(=O)NCCNS(C)(=O)=O)cn1,6.45
COc1cc(NC(=O)CCN2CCC(COc3ccccn3)CC2)cc(OC)c1OC,-2.8500000000000005
O=C([C@@H]1CCCN1C(=O)C1CCCC1)N1CC(S(=O)(=O)NC2CCCC2)C1,9.5
CNCC(=O)Nc1ccc(C)cc1C(=O)N(C)C.Cl,11.3
CCn1c(=O)c2ccnn2c2ccc(C(=O)NCCc3ccccn3)cc21,9.85
NC1CCN(c2c(F)cc3c(=O)c(C(=O)O)cn(C4CC4)c3c2Cl)C1,100.35
CCc1ccc(CN2CCC(C(O)Cc3ccccc3)CC2)nc1,17.1
O=C(c1cccc2nccn12)N1CCC[C@H](S(=O)(=O)NC2CCCC2)C1,21.9
CCOc1ccc(C(=O)NCC(c2ccc(C)o2)N2CCCC2)cc1.Cl,8.7
Cc1c(OCC(=O)N(C)C)ccc2c3c(c(=O)oc12)CCC3,11.3
O=S1(=O)CCC(NS(=O)(=O)c2ccc(-c3cc(C(F)(F)F)on3)o2)C1,20.4
Cc1nc(-c2cccnc2)[nH]c(=O)c1CC(=O)N[C@@H](C)c1ccco1,2.75
C[C@H]1CN(Cc2nc3c(cnn3C)c(=O)[nH]2)CCO1,15.8
COc1cc(CNC(=O)C(C)(C)C)ccc1OCc1cccnc1,12.45
O=C(NC(=O)N1CCCCCC1)c1ccc(F)cc1,-0.4500000000000002
O=C(C[S@](=O)Cc1nnnn1C1CC1)N1CCCc2ccccc21,15.95
CN(C[C@H]1COc2ccccc2O1)C(=O)C1(CN)CCOCC1.Cl,-12.55
CCOc1cccc(CC(=O)N[C@H]2CCN(CC(F)(F)F)C2=O)n1,1.9
Cc1ccsc1CN(C)C(=O)c1ccc(N2CCCC2=O)cc1,-17.85
CCS(=O)c1nc(-c2cccc(OCc3ccccc3)c2)cc(C(F)(F)F)n1,50.099999999999994
CC(C(=O)Nc1ccccn1)N1CCCN(C)C2(CCNCC2)C1.Cl.Cl,14.0
C[C@H]1CN(CCC(=O)Nc2sccc2C#N)CCO1,-8.399999999999999
O=C(c1ccco1)N1CCN(S(=O)(=O)c2ccc(-n3[nH]c(=O)c4ccccc4c3=O)cc2)CC1,16.05
COc1ccc(NS(=O)(=O)c2c(C)[nH]c(C)c2-c2nnc(C)o2)cc1F,16.700000000000003
Clc1nss/c1=N\c1ccc(Br)cc1,94.6
CC[C@H]1OC(=O)[C@H](C)[C@@H](O[C@H]2C[C@@](C)(OC)[C@@H](O)[C@H](C)O2)[C@H](C)[C@@H](O[C@@H]2O[C@H](C)C[C@H](N(C)C)[C@H]2O)[C@](C)(O)C[C@@H](C)/C(=N\OCOCCOC)[C@H](C)[C@@H](O)[C@]1(C)O,93.6
CCOc1ccc(NS(=O)(=O)c2ccc3c(c2)CCN3C(=O)CCC(=O)N2CCCCCC2)cc1,7.3
NC(=O)CCS(=O)(=O)CCN1CCC[C@H]1c1cccs1,-16.549999999999997
COc1ccc(OC)c(S(=O)(=O)NC2CCN(c3ccccc3)C2=O)c1,8.9
Cn1cc(-c2nc(C(=O)Nc3ccc4c(c3)OCCCO4)cs2)cn1,4.65
CS(=O)(=O)c1cc(CNC(=O)c2cn[nH]c2)cc(C(F)(F)F)c1,-11.25
CCCn1ccc2c(OCC(=O)NC(C)C)cccc2c1=O,-15.95
Cc1cc(NC(=O)[C@H](C)Sc2nnc(NC(C)(C)C)s2)no1,-6.65
CC[C@H]1CN(S(=O)(=O)c2ccc(OC)c(Cl)c2)CCO1,3.7
CC(C)n1nccc1C(=O)N1CCC[C@H]1c1cccnc1,1.299999999999999
C[C@H]1CCCN(C(=O)c2nc[nH]n2)CC1,-3.95
CCOc1ccc(NS(=O)(=O)c2ccc3oc(=O)ccc3c2)cc1S(=O)(=O)N(C)C,12.05
CCN(Cc1ccc(-n2ccnc2)cc1)[C@H]1CCOC(C)(C)C1,17.6
CCc1noc(C)c1C(=O)N1CCC[C@H](n2ccnc2CC)C1,-3.9
COc1ccc(OCCN2CCN(C(=O)Cc3ccc(N4CCCC4=O)cc3)CC2)cc1,6.85
COc1ccc(CCC(=O)N2CCC3C(=O)N(Cc4cccc(C)c4)CC(=O)N3CC2)cc1,2.95
Cc1cccc(NC(=O)c2cn(C)cc3c(=O)n(-c4ccccc4)nc2-3)c1,13.05
CC1(C)CN(C(=O)C2CCN(C(=O)COc3ccccc3)CC2)CC[S@@]1=O,-0.5
Cc1cc(C)n(C[C@H]2CCCCN2Cc2nc(C)no2)n1,-0.05
CC(=O)Nc1nc(CN2CCO[C@@H](Cn3cc(C)cn3)C2)cs1,17.05
Cc1nc(CN2CCN(C(=O)[C@]3(C)CCCCN3C(=O)c3ccccc3)CC2)n[nH]1,6.699999999999999
O=C(c1ccc(OCC2CCCN2C(=O)c2ccc(F)cc2)cc1)N1CCCC1,17.05
CC(C)CCNS(=O)(=O)c1ccc2c(c1)CCN2C(=O)CCC(=O)N1CCOCC1,14.7
CS(=O)(=O)N1CCC(N2CC(OCC3CC3)C23CCCCC3)CC1,12.9
Cc1cc(C)c(OCCNC(=O)N2C[C@H](O)[C@@H](N3CCCCC3)C2)c(C)c1,20.15
CCCCN(Cc1ccc(C)s1)C(=O)C1CCc2nn(C)c(=O)n2C1,14.9
O=C(Cc1cccs1)N1CC(F)(F)C[C@H]1c1nncn1CC1CC1,39.36666666666667
CCC(=O)N1CCc2cc(N3CC(C(=O)Nc4ccc(C)cc4)CC3=O)ccc21,13.3
O=C1CCC[C@@H](C(=O)Nc2c(-c3cccc(F)c3)n[nH]c2C2CC2)N1,11.1
CCN1C[C@@H](C(=O)N2CCN(C(=O)c3cccc(C(F)(F)F)c3)CC2)CC1=O,-4.5
COc1ccc(-c2noc(N3CCC(C(=O)NCCN4CCOCC4)CC3)n2)cc1OC,-13.0
Cn1cc(-c2ccccc2)c(NC(=O)N2CCC[C@H](CCO)CC2)n1,-37.8
COC[C@@H]1CN(C(=O)c2ccc(OC)c(F)c2)C[C@H]1C(N)=O,16.45
O=C(CCCC(=O)c1ccc(F)cc1)N[C@H]1COc2ccccc21,-4.2
COCCN(Cc1nccs1)C(=O)CC1C(=O)N(C)C(=O)N1C,10.3
CCCN1C(=O)[C@H]2CC[C@@H]1CN(c1cc(C3CC3)ncn1)C2,8.8
COc1cc(CN(C)[C@H]2CCCN(c3cccnn3)C2)on1,20.35
Cc1ccc(CN[C@@H](C)c2nnc3n2CCCC3)o1,-28.4
C[C@]1(NC(=O)COc2ccccc2F)CCS(=O)(=O)C1,18.85
CC(=O)N1c2ccc(S(=O)(=O)N3CCC(C(=O)N4CCn5c4nc4ccccc45)CC3)cc2CC1C,52.0
COc1cc(CN2CCOC[C@H]2c2nc(C)cs2)cc(Cl)c1OC,0.5499999999999998
Cc1cnn(C[C@H]2CCCN2CC(=O)Nc2c(C)nn(C)c2C)c1,-15.65
CCN(Cc1cccc(OC)c1OC)C(=O)Nc1ccc(OC)cc1OC,8.0
Cl.Cl.Oc1ccc(-c2cn3c4ccccc4n(CCN4CCOCC4)c3n2)cc1,54.25
OCCCCOc1ccccc1CNC[C@H]1CSCCS1,-8.200000000000001
O=C(CC1C=CS(=O)(=O)C1)NCc1ccc2c(c1)OCCCO2,15.2
Cn1cc([C@@H]2CCCN2C(=O)c2cc(Cl)cn2C)cn1,1.8333333333333333
O=C(c1ccc(F)c(C(F)F)c1)N1CCC[C@H](n2cncn2)C1,-2.05
Cc1ccc(F)c(S(=O)(=O)NC[C@H]2CC[C@@H](CO)O2)c1,4.0
COc1cc(C2SCCS2)ccc1O,6.966666666666666
O=C(c1csc(C(F)(F)F)n1)N1CC2(CCC2)[C@@H]1C1CC1,-16.95
Cc1ccc(NC(=O)COc2ccc(S(C)(=O)=O)cc2)cc1C,-24.25
COc1ccc(-c2csc(CC#N)n2)cc1OC,7.449999999999999
COc1ccc(-c2n[nH]c3c2C(c2ccc(O)c(OC)c2)NC3=O)cc1,59.05
CN(C)C(=O)CN(C)C(=O)Cn1cnc2ccc(Cl)cc2c1=O,-9.6
CC(C)(C)NC(=O)C1CCN(S(C)(=O)=O)c2cc(Cl)ccc2O1,9.05
COc1ccc(F)c(NC(=O)c2cc(=O)n(-c3ccc(C)cc3)[nH]2)c1,15.65
Cc1nc(NCCC2CCOC2)c2c(C)nn(C)c2n1,15.0
CCOc1cc(CN2CCN(c3ccccc3C)CC2)ccc1O,7.3
COc1cccc(C(=O)Nc2cccc(N3CCCC3=O)c2)c1OC,-1.9
Cc1nc(CN2C(=O)N(CC(N)=O)C(C)(C)C2=O)sc1C,11.1
COc1cccc(C(=O)N2CCCC(N(CCCN3CCOCC3)C(=O)C3CC3)C2)c1C,2.65
CCn1nc(C)n2cc(S(=O)(=O)N3CCN(c4cc(C)ccc4C)CC3)cc2c1=O,8.75
CCN(C(=O)c1ccc2c(c1)[nH]c(=O)n2C)c1ccc2[nH]ccc2c1,18.066666666666663
Cc1ccc(CNC(=O)CN2c3ccc(S(N)(=O)=O)cc3C[C@@H]2C)cc1,3.8
CC(C)c1ccc(C(=O)N(C)[C@H]2CCS(=O)(=O)C2)cc1,12.333333333333334
COc1ccc(C(=O)N2CCC(Cn3c(C)cnc3C3CCC3)C2)c(OC)c1,12.6
CC(=O)c1ccccc1OCCn1cnc2ccc(Cl)cc2c1=O,4.4
CCn1cc(S(=O)(=O)N2CCC(Cc3nnc(-c4ccccc4)o3)C2)cn1,15.65
Cc1ccc(C)c(N2CCN(CCCNC(=O)CC3Oc4ccccc4NC3=O)CC2)c1,52.35
CC[C@H](O)CN1CCN(C(=O)c2ccc(-n3cc(C)cn3)cc2)CC1,7.966666666666666
CCOc1ccc(C2c3c(-c4ccccc4O)n[nH]c3C(=O)N2CCCO)cc1,55.6
COc1ccccc1N1CCN(C(=O)c2ccc3c(c2)n(C)c(=O)c2ccnn23)CC1,-14.650000000000002
O[C@H]1CCCN(Cc2ccn(-c3ccc(F)cc3F)n2)C1,2.1
COc1ccccc1-n1ccc2c(cnc3nc(C)nn32)c1=O,2.9
COCC(C)NC(=O)C1=CC(c2ccc(OC)c(OC)c2)=NS(=O)(=O)N1C,7.45
COCc1ccc(C(=O)Nc2cccc(C(=O)N3CCCC3)c2)cc1,16.45
CS(=O)(=O)N1CCC[C@H]1C(=O)Nc1ccc(I)cc1,-10.05
Cc1cn2c(=O)c(S(=O)(=O)Nc3ccccc3)c(C)nc2s1,15.0
O=C(c1cc(CN2CCOCC2)on1)N1CCCC(c2nc(C3CCOCC3)no2)C1,6.8
C[C@H](NC1=NS(=O)(=O)c2ccccc21)C(=O)N1CCN(c2ccccn2)CC1,2.45
COC[C@]1(C)NC(=O)N(Cc2cccc(C)c2)C1=O,11.95
Cc1nc(C)c(CCC(=O)NOCc2ccccc2)c(=O)[nH]1,5.2
O=C(c1ccccc1Cl)N1CCCC[C@H]1C1OCCO1,-8.05
CCN(CC)c1ccc(C(=O)NCc2ccco2)cc1,6.35
O=C(Nc1cc(S(=O)(=O)Nc2cccc(Cl)c2)ccc1O)c1ccccc1O,100.7
O=C(C1CCCC1)N1CCC[C@H](S(=O)(=O)NC2CCN(C3CC3)CC2)C1,6.55
O=C(COc1ccc(F)cc1F)N1CCn2c1nc1ccccc12,15.1
CCOC1(C(F)(F)F)N=CNc2ccnc(C)c21,9.75
CC(Cn1cncn1)C(=O)N1CCN(c2ccccc2F)CC1,0.25
C[C@H]1CN(S(=O)(=O)CCCN2C(=O)c3ccccc3C2=O)CCO1,18.85
CCN(CC)C(=O)c1ccc(NC(=O)NCc2c[nH]c(=O)[nH]c2=O)c(C)c1,7.4
Cc1nc2cc(N[C@@H](C)C(=O)NC(=O)NCC(C)C)ccc2o1,-13.35
COc1cc(S(=O)(=O)n2ccnc2)c(OC)cc1Cl,5.05
COc1cc2c(c(OC)c1)N(C(=O)c1cc3ncccc3o1)CCC2,-28.4
CC(=O)c1ccc(S(=O)(=O)N(C)Cc2cc(-c3ccco3)on2)cc1,-4.1
COc1ccc(C(C)(C)C)cc1NC(=O)N[C@H]1CN(C(C)C)C[C@@H]1OC,8.15
O=C1c2ccccc2C(=O)c2oc(-c3ccccc3)nc21,61.599999999999994
Cc1nn(C)c(C)c1CC(=O)N[C@@H](C)c1ccc(Cl)s1,-16.6
CN(c1ccc(C(N)=O)cc1)S(=O)(=O)c1ccc(Cl)cc1,30.1
Cc1nc([C@@H]2CCCN2C(=O)Cc2csc(C(C)C)n2)no1,-2.85
COCCCC(=O)[C@H](C#N)c1nc2cc(F)ccc2s1,63.45
CN(C)C[C@]1(O)CCCN(C(=O)Nc2cc(F)cc(F)c2)C1,13.0
Cc1cc(C)c(OCC(O)C[NH+]2CCOCC2)c(C)c1.[Cl-],4.9
CCn1nccc1CN(C)S(=O)(=O)CCOCCOC,4.0
COc1ccc(NC(=O)CN2C(=O)[C@H](C)Oc3ccccc32)cn1,-3.9
CCn1c(-c2cccc(S(=O)(=O)N3CCOCC3)c2)cs/c1=N/c1ccccc1,0.1333333333333334
CCc1cccc2ccc(CN3CCS(=O)(=O)C[C@@H](C)C3)nc12,-17.5
C[C@@H](C(=O)Nc1cccc(S(N)(=O)=O)c1)N1CCCCCC1,-34.35
COCc1cc(C(=O)N[C@H]2CCc3nc(C)cn3C2)ccc1F,11.0
Cc1ccc(C(CNC(=O)c2ccc(OC(C)C)cc2)N(C)C)o1.Cl,9.25
Clc1cccc(N2CCN(C[C@H]3CCC4(CNC4)O3)CC2)c1,100.2
COc1ccc(NC(=O)Cn2nc3nc(N4CCCC4)ccn3c2=O)cc1F,12.25
O=C([C@@H]1CCCO1)N1CCN(Cc2cc(-c3ccccc3)no2)CC1,11.6
CNC[C@H]1CCCN1S(=O)(=O)c1cc(OC)c(OC)cc1F.Cl,10.1
CC(C)Cc1ccc(C(C)C(=O)O)cc1,2.9999999999999996
Cc1n[nH]cc1CCCNC(=O)[C@@H](C)CN.Cl.Cl,-26.7
CCCC(=O)Nc1nonc1-c1ccc(OC)cc1,17.15
COc1cccc(CNC(=O)C2CCCN(c3ncnc4onc(C)c34)C2)c1,24.35
Cc1cc(C)cc(NC(=O)N2CCCC2c2cc(C)no2)c1,14.05
CCc1nccn1[C@H]1CCCN(C(=O)c2cc(C)n(CC)c2C)C1,15.333333333333334
O=C(C1CC1)N1CCc2ccc(S(=O)(=O)NCC3CCCO3)cc2C1,9.95
Cc1noc(C)c1C1CCCN1C(=O)Cc1ccc(F)cc1,7.5
Cc1noc([C@@H]2COCCN2C(=O)Cc2cccc(OCc3cccnc3)c2)n1,-5.050000000000001
Cc1cc(C)n(C[C@@H](C)CNC(=O)c2cc(C)on2)n1,-3.5
COc1ccccc1N(CCC#N)C(=O)CSc1ccc(F)cc1,-3.1333333333333333
Cc1ncc(CN(C)c2nc3c(cnn3C(C)(C)C)c(=O)[nH]2)s1,1.2000000000000002
Cc1nn(CC(=O)N[C@@H](C)C(C)C)c(C)c1S(=O)(=O)N1CCCCC1,5.3
CNC[C@H]1CCCN(S(=O)(=O)c2cc(C#N)ccc2C)C1,13.1
COc1cc(OC)cc(C(=O)NCc2nc3ncc(Br)cc3[nH]2)c1,11.95
CC(C)[C@H](NC(=O)c1cccc(=O)[nH]1)c1cccc(C(F)(F)F)c1,-4.3
Cc1ccc(Cn2cnc3ccccc32)cc1,10.4
Cc1ccc(F)c(S(=O)(=O)N[C@H]2[C@@H]3COC[C@@H]32)c1,11.9
CCCO[C@H]1CCCN(C(=O)c2cc(Cl)c[nH]2)C1,4.7
O=C([C@@H]1CCCN1C(=O)C1CCCC1)N1CCN(c2cc(C3CC3)n[nH]2)CC1,-3.049999999999999
Cc1cc(N2CCN(CC(=O)N[C@@H](C)c3ccc(F)cc3)CC2)nc(C(C)C)n1,3.3
Nc1nonc1C(=O)N1CCN(C(=O)Nc2ccc(F)c(Cl)c2)CC1,18.3
C[C@]1(O)CCN(CC2(O)CCOCC2)C1,1.7500000000000002
O=c1ccn(CCO[C@@H]2CCCCO2)c2ccsc12,6.45
CCNC(=O)c1cc(NC(=O)c2ccon2)nc2ccccc12,26.0
COc1ccsc1S(=O)(=O)N1CCN[C@@H](C)C1.Cl,-18.05
CN(C)c1ccc(NC(=O)c2ccc(=O)n(Cc3ccccc3Cl)c2)cn1,12.45
Cc1cc(C)cc(CSc2nncn2C)c1,18.15
CCN1C[C@H](CN(C)c2nc3ccccc3o2)Oc2ccccc21,-6.3999999999999995
CN(Cc1cnn(Cc2ccccc2)c1)C(=O)CCn1nc(-c2cccs2)oc1=O,-7.0532405
C[C@@H](C(=O)N1CCC(C(N)=O)CC1)N1CCCc2occc2C1,6.5
CCCNC(=O)C1(C)COCc2nnc(C(C)C)n21,10.633333333333336
CCC/N=C1\S/C(=C\c2ccc(OC[C@H](O)CO)c(Cl)c2)C(=O)N1c1ccccc1C,99.8
Cc1nnc(N2C(=O)c3oc4ccccc4c(=O)c3C2c2ccco2)s1,6.85
O=C([O-])c1c(Cl)c(Cl)c(Cl)c(Cl)c1-c1c2cc(I)c(=O)c(I)c-2oc2c(I)c([O-])c(I)cc12.[Na+].[Na+],97.3
CC(=O)NC[C@@H]1CC(F)(F)CN1C1CN(C(=O)c2cnc(C)nc2)C1,-6.699999999999999
CCc1nc([C@@H]2CCCN2C(=O)c2ccnc(N(C)C)c2)no1,-17.05
COc1ccc(-c2cn3nc(N4CCC(C(=O)NCCN(C)C)CC4)sc3n2)cc1,19.65
C[C@H]1CCCN(CCCNS(=O)(=O)c2ccc(F)c(F)c2)C1,7.1000000000000005
O=C(c1ccc(=O)[nH]n1)N1CCN(S(=O)(=O)N2CCCC2)CC1,-7.5
CCNC(=O)C1(NS(=O)(=O)N2CCCCC2)CCCCC1,4.1
CCn1c(CN2CCN(S(C)(=O)=O)CC2)nc2cc(NC(=O)CC(C)C)ccc21,18.45
COCC1CCCN1S(=O)(=O)N1CC(Oc2ccccc2)C1,2.6
CCCNC(=O)NCCn1nnc2cc(S(=O)(=O)NC(C)C)ccc21,19.4
COC[C@@H]1[C@H](C(=O)N2CCN(c3cccc(C)c3)CC2)CCCN1C,12.0
Cc1nc(C)n(CCSc2ncccn2)n1,17.45
COCCN1CCCN(C(=O)NCCN2c3ccccc3C[C@@H]2C)CC1=O,-17.433333333333334
COC[C@@H]1[C@H](C(=O)NCCCN2CCCC2)CCCN1Cc1ccccc1,14.25
COc1ccc(OC)c(NC(=O)COc2ccc(C)cc2)c1,2.2
Cc1ccc(NC(=O)c2ccco2)c(NC(=O)C(C)C)c1,-1.3
COc1ccc(Nc2nnc(S[C@@H](C)C(=O)NC3CC3)s2)cc1,-5.1
O=C(N1CCC(O)(c2ccccc2)C1)C1(c2ccc(F)cc2)CC1,4.1499999999999995
CCCCn1c(=O)c2c(nc3n(C(C)CC)c(C)cn23)n(C)c1=O,-0.95
CC(=O)N(c1nc(C)c(C(=O)Nc2ccc3oc(=O)ccc3c2)s1)C(C)C,-11.0
Cn1cc(C[C@H]2CCN(C(=O)NCc3ccc(F)c(Cl)c3)C2)cn1,-4.3
Cc1ccc(Cl)c(NC(=O)N2CC[S@](=O)C(C)(C)C2)c1,-4.8999999999999995
Cc1ccn2cc(C(=O)N3CC[C@H]4OCc5cnnn5[C@H]4C3)nc2c1,14.5
CN(C)C(=O)C1CN(C(=O)Nc2cc(F)cc(F)c2)CC12CCOCC2,14.55
CCCN1CCN(CCCNC(=O)Cn2nc(-c3ccc(Cl)cc3)ccc2=O)CC1,10.8
COc1ccc(OC)c(S(=O)(=O)Nc2cnc3c(cnn3C(C)C)c2)c1,17.9
CCN(CC)S(=O)(=O)c1ccc2c(c1)c(=O)c(C(=O)N1CCN(c3ccccc3)CC1)cn2C,4.55
Cc1ccc(-n2nc(C(=O)N(C)CCCN3CCN(C)CC3)c3c2CCC3)cc1,10.8
O=C(Nc1nc2c(s1)COCC2)c1cc(F)cc(Cl)c1O,73.3
O=C(NCCCn1ccnc1)c1cc2c(=O)n3ccccc3nc2s1,-0.95
C[C@@H](CNC(=O)c1ccc(-c2ccccn2)[nH]c1=O)N(C)c1ccccc1,-1.8500000000000003
O=C(N[C@H]1CC(=O)N(C2CC2)C1)c1ccc(N2CCCCCC2)nc1,27.6
O=C(Nc1ccc2c(c1)N(C(=O)c1cccnc1)CCC2)C1CC1,20.55
COc1ccc(OCCNC2CCCC(C)C2C)cc1.O=C(O)C(=O)O,10.15
Cc1ccc(OCc2occc2C(=O)NC(C)c2n[nH]c(C)n2)cc1,1.25
Cc1ccc(S(=O)(=O)Nc2ccc3c(c2)OCCO3)cc1C(=O)N1CCOCC1,-2.45
COc1ccccc1CNC(=O)CCC(=O)c1cc(C)sc1C,3.2
Cn1cnnc1[C@@H]1CCCN1C(=O)Cc1cccc(OCC(F)(F)F)c1,-15.25
CCCN1C(=O)NC(CC(=O)N2CCc3[nH][nH]c(=O)c3CC2)C1=O,16.15
Cc1ccc(C)c([C@@H]2CCCN2CCN2C(=O)CCC2=O)c1,-18.55
C[S@](=O)c1nncn1Cc1ccc(Cl)cc1Br,8.0
CCOc1c(Cl)cc(C(=O)Nc2ncnn2C(C)(C)C)cc1OC,97.45
Cc1cccc(OC(C)C(=O)N2CCN(c3ncccn3)CC2)c1C,8.1
O=C(CCNCC(F)(F)F)N1CCC[C@H](n2cccn2)C1,8.95
Cc1nn(C)c(C)c1NC(=O)CN1CCC[C@H]1c1cnn(C)c1,-9.95
O=C(CC[C@H]1CCCO1)Nc1n[nH]cc1I,-5.0
CC(=O)Nc1cccc(NC(=O)c2nc(C)sc2CC(C)C)c1,-4.9
O=c1oc(-c2ccco2)nn1C[C@H](O)COCc1cccs1,-1.25
CCN(Cc1ccc(OC)c(F)c1)C(=O)[C@@H]1Cc2ccccc2C(=O)O1,0.1499999999999994
O=C(NCC1CCCO1)C1CCN(c2ccc(=O)n(-c3cccc(Cl)c3)n2)CC1,-15.75
Cc1cc2c(cc1S(=O)(=O)N1CCN(C(=O)c3ccco3)CC1)OCC(=O)N2,-11.8
O=C(CN1CCO[C@H](c2nccs2)C1)Nc1nccs1,1.7666666666666668
CCOc1ccc(-c2noc(N3CCC(C(=O)N4CCOCC4)CC3)n2)cc1OC,25.799999999999997
COCCS(=O)(=O)N[C@@H](C)c1ccc(NC(=O)C2CC2)cc1,5.8999999999999995
CN(C(=O)c1ccc2c(=O)n(C)c(=O)n(C)c2n1)c1ccccc1,-3.95
COc1ccc(OC)c(-n2nc(C(C)=O)c(C(C)=O)c2C)c1,13.55
CCCS(=O)(=O)N1CC(=O)N(c2ccc(F)cc2)C(C)(C(=O)NC2CCCCC2)C1,12.45
CC(C)Oc1ccc(C(=O)NCC(c2ccco2)N2CCCC2)cc1.Cl,26.2
CN1C(=O)CC(C(=O)N2CCN(c3ccc4nccn4n3)CC2)C1(C)C,12.1
Cc1nc(N2CCN(C(=O)Nc3cccc(F)c3)CC2)cc(-n2cccn2)n1,56.5
CN(C[C@H]1COc2ccccc2O1)C(=O)Nc1ccccc1,-5.4
Cc1cccc(C(NC(=O)c2ccc(-n3cnnc3)cc2)C2CC2)n1,21.700000000000003
COc1ccc(-c2ccccc2NC(=O)N2C[C@@H]3CC[C@H](C2)C(=O)N3)cc1,12.25
COc1cc(F)c(C(=O)N2CCC[C@H](Cn3nc(C)nc3C)C2)cc1OC,-3.8333333333333335
NS(=O)(=O)c1ccc(CNC(=O)CC[C@H]2CCCO2)cc1,7.5
CCN(CCCN(C)C)C(=O)Nc1ccc2c(c1)NC(=O)[C@H](C)O2,-12.9
Cc1cccc(S(=O)(=O)N2CCN(S(=O)(=O)c3ccc(C)c(C)c3)CC2)c1,6.75
Cc1c(-c2ccc3c(c2)CN(C2CC2)C3=O)nnn1-c1cccnc1F,7.5
COCCCNC(=O)c1ccc2ncnc(N3CCCC3)c2c1,12.85
O=C(c1ccsc1C(F)F)N1CCC[C@H](n2cncn2)C1,6.4
CC(C)C1(C(=O)N[C@@H](C)c2ccc(N3CCNC3=O)cc2)COC1,1.5500000000000005
COc1ccc(CC(=O)Nc2ccc(C)cc2C)cc1,14.2
CN1CCN(C(=O)c2oc3ccccc3c2NC(=O)c2ccco2)CC1,20.75
CC1(C)C[N+]2(CCS(=O)(=O)CC2)C[C@@H]1c1ccccc1.[Cl-],17.55
Cn1ccnc1[C@H]1CCN(C(=O)c2ccc3c(c2)[nH]c(=O)n3C)C1,18.299999999999997
C[C@H](Nc1ccc(N)cc1Cl)c1ccccc1,5.1
Cc1nc(SCC(=O)N[C@](C)(C#N)C2CC2)nc(C)c1C,7.4
COc1ccc(S(=O)(=O)N2CCN(Cc3cc(=O)oc4cc(C)ccc34)CC2)cc1,-2.5000000000000004
CCOc1ccc(CN2CCNC(=O)C2CC(=O)N2CCN(C)CC2)cc1,8.1
CCC(=O)N1N=C(c2c(O)[nH]c(=O)n(C)c2=O)CC1c1ccc(C(C)C)cc1,100.65
CCC(CC)(CNC(=O)c1cnoc1-c1ccccc1OC)OC,1.9499999999999995
CC(C)N1C(=O)C2(CCN(C(=O)COc3ccc(F)cc3)CC2)C1c1ccccc1,13.25
C[C@@H](CN1CCOCC1)NC(=O)c1cnn(C)c1-n1cccc1,-9.55
Cn1nc(-c2nc(Cc3ccccc3Cl)no2)ccc1=O,-1.4999999999999996
CN1CCN(c2ccc(CNC(=O)C[C@@H]3C=CCC3)cn2)CC1,8.033333333333333
Cc1cc(N2C(=O)C(C)CS2(=O)=O)ccc1S(=O)(=O)Nc1ccc2c(c1)OCCO2,13.4
COc1ccc(C2=NS(=O)(=O)N(C)C(C(=O)Nc3cnn(C(C)C)c3)=C2)cc1,-9.9
CCn1c(C)cc(C(=O)N2CCC[C@H]2c2cnn(C)c2)c1C,14.7
Cc1ccc(CC(=O)Nc2ccccc2C)cc1,9.1
CNC(=O)[C@H]1CCCN(c2ccccc2S(=O)(=O)C(F)(F)F)C1,14.2
Cc1cc(CN2CCCC[C@@H]2Cn2nc(C)cc2C)on1,6.549999999999999
CC(C)c1ccc(S(=O)(=O)N(C)c2ccccc2)cc1,11.05
CCc1nc2n(n1)C[C@@H](NCc1cnc(N(CC)CC)s1)CC2,22.65
CCN1CCN(C(=O)c2ccccc2OC)CC1,-28.299999999999997
Cc1noc(C2CCN(C(=O)[C@@H]3CC(=O)Nc4ccccc43)CC2)n1,5.5
Cc1nnc2ccc(N3CCC[C@H](CN4CCCCCC4)C3)nn12,4.9
CCn1c(=O)c2c(nc3n2CCCN3c2cccc(C)c2)n(C)c1=O,4.5
CN(CCOc1ccc(F)cc1)C(=O)Nc1ccccc1N1CCCC1,-13.1
O=c1cccccc1O,93.45
Cc1nc(C)c(C(=O)NC[C@@H](c2cccs2)N(C)C)s1,-1.2333333333333332
O=C1[C@@H](N2CCC(CO)(NCC3CC3)CC2)CCN1c1ccccc1,4.1
CC(C)N1C[C@@H](C(=O)Nc2ccc(F)cc2Cl)CC1=O,8.766666666666666
O=C(CCn1cnc2onc(-c3ccc(F)cc3)c2c1=O)N1CCN(c2ccccc2)CC1,52.3
Cc1noc(C)c1S(=O)(=O)N[C@@H](C)C(=O)NCCc1cnc(C2CC2)nc1,-12.8
COc1ccccc1-c1nc(CN2CCN(S(=O)(=O)c3ccc(NC(C)=O)cc3)CC2)c(C)o1,13.6
Cc1cc(Oc2cnn(C)c(=O)c2Cl)ccc1C#N,1.1500000000000004
CCn1nccc1C(=O)N1CCCC(COc2ccccc2C(=O)N2CCOCC2)C1,11.75
Cc1cnc(NC(=O)c2c(O)c3cccc4c3n(c2=O)CC4)s1,78.73333333333333
Cl.Cl.Nc1ccc(O)c2ncccc12,51.5
CCn1c(=O)c2ccccc2n(CC(=O)Nc2cccc(NC(=O)c3ccco3)c2)c1=O,-18.5
CC(C)OCCCNC(=O)N1CCN(S(=O)(=O)c2cccc3c2N=S=N3)CC1,1.3499999999999996
CCCn1c(Cn2c(C)nn(C(C)(C)C)c2=O)nc2cc(S(=O)(=O)N(C)C)ccc21,17.03333333333333
CCn1ccc2cc(S(=O)(=O)N3CCC(C(=O)NCc4ccccn4)CC3)ccc21,3.0500000000000007
CC(C)C[C@H](NC(=O)[C@H](Cc1ccccc1)NC(=O)CNC(=O)[C@@H](C)NC(=O)[C@@H](N)Cc1ccc(O)cc1)C(=O)O,12.8
CC1CCN(CCNC(=O)c2c(O)c3sccc3n(Cc3ccccc3)c2=O)CC1,26.05
CCN1C(=O)[C@@H]2CN(Cc3cnc(-c4ccccc4)o3)CCN2C1=O,-3.85
O=C([O-])/C=C/c1ccc(Cn2ccnc2)cc1.[Na+],13.1
CCN(C)Cc1cccc(CNC(=O)N[C@@H](C)c2nncn2C)c1,9.65
CCC(C)N1CC(=O)N(c2cc(C)cc(C)c2)[C@@H]2CS(=O)(=O)C[C@@H]21,-10.866666666666667
O=C(Nc1nccs1)[C@@H]1CCCN1C(=O)c1cc(-c2ccccc2)on1,2.1
Cc1nc(C)n([C@H]2CCCN(C(=O)c3cnc(C)s3)C2)n1,11.4
COC[C@@H]1[C@H](NC(=O)c2cc(C(C)(C)C)nc(=O)[nH]2)[C@@H]2CCO[C@H]12,5.2
CCOCCCNC(=O)CCCn1c(=O)[nH]c2cc(OCC)c(OCC)cc2c1=O,24.05
COc1ccc2c(c1)OC(C)(C)CN(C(=O)Nc1nc(C)no1)C2,93.05
O=C(CN1C(=O)COc2ccccc21)Nc1ccccc1C(=O)Nc1ccc2c(c1)OCO2,1.65
CN(C)C(=O)[C@@H]1CCCN1S(=O)(=O)c1cccc(Br)c1,12.5
COC[C@@H]1CN(C(=O)c2ccc(F)cc2F)C[C@H]1C(N)=O,19.5
Cc1noc(C)c1S(=O)(=O)N1CCN(C(=O)c2nn(-c3ccccc3)c(=O)c3ccccc23)CC1,-9.05
CNC(=O)COc1ccc(S(=O)(=O)NC(C)c2ccccc2)cc1,6.05
Nc1nnc(SCC(=O)N2CCC2)s1,5.25
Cl.NCCOc1ccc(NC(=O)[C@@H]2CCCCN2)cc1,-6.5
C[C@@H](CNC(=O)c1cc(Cl)ccc1I)N1CCCC1,2.3
Cc1nn(-c2ccccc2)c(O)c1CCC#N,7.95
Cn1cnc(C(=O)N2CCOC[C@@]2(C)C2CC2)cc1=O,-10.8
CC(C)Nc1ccc(C(=O)N2CCC(CCn3cccn3)CC2)cn1,17.45
Cn1ncnc1NCc1cc(F)cc(F)c1,2.1499999999999995
O=C(NCc1ccc2c(c1)COC2)N[C@H]1[C@@H]2COC[C@@H]21,-9.05
Cn1ccc(C(=O)N2CCN(C[C@H](O)C(C)(C)C)CC2)cc1=O,-8.75
Cc1cc(F)c(S(=O)(=O)N2CCNC[C@@H]2C)cc1F.Cl,20.85
CCOC(=O)CCC(=O)O[C@H]1[C@H](O[C@@H]2[C@@H](C)[C@H](O[C@H]3C[C@@](C)(OC)[C@@H](O)[C@H](C)O3)[C@@H](C)C(=O)O[C@H](CC)[C@@](C)(O)[C@H](O)[C@@H](C)C(=O)[C@H](C)C[C@@]2(C)O)O[C@H](C)C[C@@H]1N(C)C,100.2
CNC(=O)c1cc(Oc2ccc(NC(=O)Nc3ccc(Cl)c(C(F)(F)F)c3)c(F)c2)ccn1,75.35
CNC(=O)c1ccc(CN(C)C(=O)CCc2c(C)nc(SC)nc2C)cc1,21.75
COc1cc([C@@H]2c3cc4c(cc3[C@@H](O[C@@H]3O[C@@H]5CO[C@@H](c6cccs6)O[C@H]5[C@H](O)[C@H]3O)[C@H]3COC(=O)[C@H]23)OCO4)cc(OC)c1O,98.95
Cc1cccc(NC(=O)c2ccc(F)cc2F)c1,-14.3
Cc1cc(CS(=O)(=O)N2CCN(CC(F)(F)F)C[C@H](C)C2)on1,2.75
O=C(NCc1ccc(N2CCCC2)nc1)N1CCOCCN1,25.0
CON(C)CCCOc1ccc(S(C)(=O)=O)cc1,-0.1
CCCCNC(=O)c1nc(-c2nn(-c3ccc(F)cc3)c(=O)n(C)c2=O)no1,10.65
CC(=O)NCCNC(=O)c1cnc(C(F)(F)F)nc1,1.0
COc1cc(C(=O)N2CCC(c3nnc4ccccn34)CC2)cc(OC)c1C,-14.4
COc1c(O)cc2c(c1O)[C@@H]1O[C@H](CO)[C@@H](O)[C@H](O)[C@H]1OC2=O,17.9
CC(C)CNC(=O)C1CCN(c2nnc(N3CCCC3=O)s2)CC1,20.65
Fc1ccc2[nH]c(CNC3CSCCSC3)cc2c1,10.25
O=C(Nc1cccc(Cl)c1O)c1sccc1Br,35.7
O=C(c1nccc2occc12)N1CCC[C@H](N2CCCCC2=O)C1,5.050000000000001
CN(C(=O)Cn1nnn(-c2cccs2)c1=O)c1nc2ccccc2s1,-9.95
CO[C@H]1C[C@@H](N(C)C(=O)[C@H](C)NC(N)=O)C1,2.4
CCn1cnnc1CNC(=O)N[C@@H](C)c1ccc(OC)c(F)c1,-14.95
C[C@@H](C(=O)Nc1ccc(F)c(Cl)c1)N1CCOCC1,1.1500000000000004
OC1CCN(Cc2cc(-c3ccco3)on2)CC1,-15.8
Cc1ccccc1C(=O)N1CCC(C(=O)N2CCN(S(=O)(=O)c3ccccc3F)CC2)CC1,-8.75
O=C(Nc1nccs1)[C@H]1CCCN(C(=O)NCC2(c3ccccc3)CCOCC2)C1,-1.4
COc1ccc(C(=O)N2CCC[C@H](S(=O)(=O)Nc3ccccc3)C2)cn1,11.7
COCCCNC(=O)CSc1nc2ccsc2c(=O)n1NC(=O)c1ccccc1,5.6
O=C(COc1ccc(Oc2ccccn2)cc1)NC[C@H]1CCCC1=O,12.55
CCCN1C(=O)c2cc(S(=O)(=O)NCC(C)C)ccc2Oc2cccnc21,7.8
CS(=O)(=O)N1CCOc2ccc(CCC(=O)NCCCN3CCCC3=O)cc2C1,16.5
O=C(NCCN1CCOCC1)c1nnc(Cc2ccc3c(c2)OCO3)o1,5.4
Cc1ccc(C)c(C(=O)N2CCC[C@H]2C(=O)N(C)C)c1,6.0
N#Cc1cccc(C#N)c1-c1nc2c3ccccc3c3cc(Cl)ccc3c2[nH]1,61.650000000000006
CC(C)(C)c1ccc(S(=O)(=O)NC[C@H]2CCN(C(N)=O)C2)cc1,4.15
COCCOCC(=O)N1CCCC1c1nccs1,7.1000000000000005
CC(C)CCNC(=O)[C@H]1CCCN(C(=O)c2ccoc2)C1,2.8500000000000005
O=C(CSc1ccccn1)Nc1ccc(Cl)cn1,-2.45
CCN(CC)C(=O)CN1CCN(S(=O)(=O)c2ccc3c(c2)CCC3)CC1,-2.7
COc1ccc2cc(C(=O)Nc3ccccc3O)ccc2c1,15.2
Cc1nnc(-c2cccc(NC(=O)c3cc4ccccn4c3)c2)n1C,7.5
CCCn1cc(C(=O)N2CCCCc3c(OC)cccc32)cn1,-19.75
O=C(Nc1ccc(O)cc1)C1CC(=O)N(c2ccccc2F)C1,9.8
COc1cccc(NC(=O)c2ccc3c(c2)CCN3S(C)(=O)=O)c1,16.950000000000003
CCN(CC)CCOc1ccc(CNS(=O)(=O)c2cn(C)c(=O)n(C)c2=O)cc1,-9.6
Cc1n[nH]c(C(=O)N2CCC[C@H](C(F)(F)F)C2)c1O,17.5
COC1CCC12CCN(C(=O)c1ccccn1)CC2,0.7
CC(C)(O)CC(=O)NCCn1ccc2ncnc(Nc3ccc(Oc4cccc(C(F)(F)F)c4)c(Cl)c3)c21,102.25
Cc1csc2nc(Cn3nc(-c4ccccc4)ccc3=O)cc(=O)n12,-5.933333333333334
CCC[C@@H](C#N)NC(=O)c1cc(I)c[nH]1,7.1
CCC(=O)N1c2ccccc2CC1C(=O)NCCCN1CCN(C)CC1,14.5
Cc1ccc(CC(=O)Nc2ccc(NS(C)(=O)=O)c(Cl)c2)cc1,19.95
Cc1ccccc1C(C(=O)NC1CCCCC1)N(C(=O)Cn1ccnc1C)c1cccc(F)c1,12.75
O[C@@H](CN1CCN(Cn2cc(Cl)cn2)CC1)c1ccccc1,4.300000000000001
CCCNC(=O)Cn1nc2cc(-c3ccc(OC)cc3)nc(C)n2c1=O,12.35
CNC(=O)C1CN(C(=O)Nc2ccc(C(F)(F)F)cc2)CC12CCOCC2,90.8
CCOc1ccc([C@H](C)NC(=O)c2cn3nc(C)cc3[nH]c2=O)cc1OC,5.9
Br.COc1ccc2c3c1O[C@H]1C[C@@H](O)C=C[C@@]31CCN(C)C2,12.3
Cn1nc(C(=O)N2CC[C@@H]3CN(S(C)(=O)=O)[C@@H]3C2)c2ccccc21,10.6
Cn1nccc1CCC(=O)N1CCCC(OCc2ccccn2)C1,16.05
COCCN1C(=O)CCc2cc(NS(=O)(=O)c3ccccc3F)ccc21,9.4
COc1ccc(C)c2c1N(C(=O)c1ccc3nnc(C)n3c1)CCC2,20.1
O=C(N[C@H]1CCCN(c2ccccc2)C1=O)c1cc(=O)c2ccccc2o1,6.3500000000000005
CC[C@H]1C(=O)NCCN1Cc1cccc(C#N)n1,-3.6
CCOc1ccccc1NC(=O)CN(C)S(=O)(=O)c1cc2c(cc1C)NC(=O)CO2,-18.8
CC1(C)CC(Nc2nccc(C(F)(F)F)n2)CC(C)(C)N1,5.1499999999999995
O=C(C1CCOCC1)N1CC2(CC(N3CCCC3)CO2)C1,7.1
O=C(c1cc(-c2ccco2)n[nH]1)N1CCN(c2ccc(F)cc2)CC1,4.550000000000001
OCCCCSc1nnnn1-c1ccc(Br)cc1,2.999999999999999
CNS(=O)(=O)c1cc(C(=O)NC[C@H](C)Cn2nc(C)cc2C)n(C)c1,-4.95
Cc1nn(-c2ccccc2)c(Cl)c1C=NO,-9.05
OC[C@@H]1CCCN1CCOc1cccc(F)c1,16.799999999999997
O=C(CCN1CCCS1(=O)=O)N[C@H](c1cccs1)C1CC1,12.9
O=C(COc1cccc(Cl)c1)NC[C@H]1CCS(=O)(=O)C1,12.95
CCOc1ccccc1CN1CCN(Cc2ccc(C)cc2)CC1CCO,18.1
O=C(c1cc(-c2ccccc2)on1)N1CCCCCC1,0.6499999999999999
COc1cc(C(=O)Nc2ccccc2NC(=O)CN(C)C)c2ccccc2n1,13.8
Cc1cnc(CNCc2cccc3[nH]ccc23)o1,-6.75
Cn1c(=O)c2cc(C(=O)N3CCC[C@H]3c3ccccc3)cnc2n(C)c1=O,24.65
C[C@H](NS(=O)(=O)CC1CCCC1)c1nc(C2CCCC2)no1,-26.366666666666664
CC(=O)c1ccc(N2CCN(C(=O)Cn3ccc4c(c(C)nn4-c4ccccc4)c3=O)CC2)cc1,21.65
COc1ccccc1NC(=O)NCCCc1nc2ccccc2[nH]1,15.2
CO[C@@]12CC[C@@H](OCC3CC3)C[C@@H]1N(C(=O)CCCn1cncn1)CC2,13.6
CC(=O)N[C@H](CC1CCC1)C(=O)N1CCN(C2CCC2)CC1,-14.4
Cc1noc(C2(F)CCCN(C(=O)c3cc(Cl)ccc3F)C2)n1,4.35
CCOCCCNC(=O)[C@H]1CCCN(C(=O)c2ccco2)C1,11.55
COCCNS(=O)(=O)c1ccc(C(=O)N2CCN(C(C)=O)CC2)cc1,9.35
CC1=NN(C)c2nc3c(c(=O)n(Cc4ccccc4Cl)c(=O)n3C)n2[C@H]1C,2.2
CC(C)Cc1ccc(C(=O)Nc2ccc3[nH]c(=O)[nH]c3c2)cc1,-13.05
CC(C)C(=O)N1CCC([C@@H]2CN(C(=O)C(C)C)C[C@H]2COc2ccccc2)CC1,-6.4
COCCNC(=O)C1CN(c2ccc(C#N)c(C(F)(F)F)c2)CC12CCN(C(C)=O)CC2,14.05
C/C(=C\C(=O)OCCCCCCCCC(=O)O)C[C@@H]1OC[C@H](C[C@@H]2O[C@H]2[C@@H](C)[C@H](C)O)[C@@H](O)[C@H]1O,87.05
COc1cccc(C(=O)NCC(c2ccco2)N2CCCCC2)c1.Cl,13.2
Cc1cccc(Nc2cn[nH]c(=O)n2)c1C,1.4
O=C(O)c1cc(I)c(I)c(I)c1,59.150000000000006
CCOc1ccccc1CCC(=O)N(CC)[C@H]1CCS(=O)(=O)C1,2.4
COc1cccc(CNC(=O)Nn2cnc3ccccc32)c1,11.15
Cc1ccc(CCN(C)S(C)(=O)=O)nc1,-1.0499999999999998
COCCN1CC(CNC(=O)c2ccc(-c3ccc(F)cc3C)cc2)CC1=O,12.5
CCc1nocc1CN[C@](C)(CO)Cc1ccc(Cl)cc1,9.1
C[C@H](NC(=O)C1CCCC1)c1cccs1,-15.55
O=C(CC(CSc1ccccc1)C(=O)O)c1ccc(-c2ccc(Cl)cc2)cc1,100.1
CC(=O)c1ccc(NC(=O)[C@H](C)N2CCNC(=O)C2)cc1,11.466666666666669
Cc1cnn(-c2ccc(NC(=O)N[C@@H]3C=C[C@H](CO)C3)cc2F)c1,-3.35
COc1ccccc1C(=O)Nc1nc2ccc(S(=O)(=O)N(C)C)cc2s1,21.95
C[C@H]1COCCN1C(=O)c1cn2cccnc2n1,-1.75
Cc1nc([C@H]2CCCN(C(=O)C3=COCCC3)C2)sc1C,-3.9
COc1ccc(NS(=O)(=O)c2ccc(O)c(NC(=O)c3ccc(C)nc3)c2)cc1,23.3
NC(=O)c1cc(C(=O)c2ccccc2O)cn2c1nc1ccccc12,12.6
CC[C@@H](C(=O)Nc1nccc(C)n1)N1CCCC1=O,10.35
O=C1CC[C@@H](C(=O)N2CCN(Cc3ccc(Cl)cc3)C(=O)C2)c2ccccc21,5.933333333333334
CN(Cc1ccc2c(c1)OCO2)C(=O)CNC(=O)c1ccccc1Cl,-27.8
O=C(c1cnc2cc(Cl)ccc2c1O)N1CCN(CCc2ccccn2)CC1,13.85
COc1ccc(OC)c(C(=O)Nc2ccccc2C(=O)N2CCCCC2)c1,-15.55
CSc1ccc(Cl)cc1NC(=O)NCC1CS(=O)(=O)C1,-8.25
CO[C@@](C)(CS(=O)(=O)NNc1ncccn1)c1ccccc1,-9.55
O=C1CCC(C(=O)N2CCCC(CNC(=O)c3cn4ccsc4n3)C2)=NN1,-1.35
O=C(Nc1ccc(S(=O)(=O)N2CCCC2)cc1)c1ccc(Cl)c(N2CCCC2=O)c1,-12.25
Cn1cc(C(=O)NCCCSC2CCCCC2)c(=O)c2cc(S(=O)(=O)N3CCOCC3)ccc21,9.3
COc1ccc(C(C)=O)cc1CS(=O)(=O)[C@@H](C)c1nnnn1-c1ccccc1,-16.2
CCNC(=O)CN1CCC[C@](C)(F)C1,-8.850000000000001
COc1ccc(-c2csc(NC(=O)CN3CCN(S(C)(=O)=O)CC3)n2)c(OC)c1,22.65
Cc1c(C(=O)N2C[C@H]3CNC(=O)C[C@H]3C2)cc(-c2ccccc2)n1C,6.9
Cc1oc(-c2ccno2)cc1S(=O)(=O)Nc1ccc2c(c1)OCCO2,5.800000000000001
Cc1cc2nc(COc3ccc(NC(=O)Cc4ccccc4)cc3)cc(=O)n2o1,13.05
COCCOc1ccc(NS(=O)(=O)c2ccc(C)c(N(C)C)c2)cn1,4.199999999999999
CNC(=O)c1noc(CN2C[C@@H]3CC[C@H](C2)N(Cc2ccccc2)C3=O)n1,11.8
CCC1CN(C(=O)N2CCC(C(=O)NCCN3CCN(CC)CC3)CC2)c2cc(C)ccc2O1,1.3000000000000005
COc1ccc(S(=O)(=O)NC(C)c2nncn2C(C)C)cc1Cl,16.55
O=c1n(CN2CCN(c3ccccn3)CC2)nc2ccccn12,-22.75
COc1ccccc1N(C)S(=O)(=O)c1ccc2c(c1)N(C(C)=O)CCO2,13.55
Cc1nc(C#Cc2ccnc(Cl)c2)c(C)n1-c1ccc(OC(F)(F)F)cc1,87.5
CCS(=O)(=O)N1CCCc2cc(C(=O)Nc3ccccc3F)ccc21,19.8
CN(Cc1ccccc1)S(=O)(=O)NC(=O)C1CCC(F)(F)CC1,-7.400000000000001
Cc1cccc(C)c1OC1CCN(C(=O)CN2CSCC2=O)CC1,11.3
O=S(=O)(c1cccs1)N1CCC[C@H]1C(F)(F)F,-2.049999999999999
Cc1cc(C(=O)NCCCN2CC(C)CC(C)C2)ccc1N(C)S(C)(=O)=O,8.35
O=C1CN2C(=C1c1ccccc1)NC(=O)c1cc(Br)ccc12,53.05
CC(=O)O.CC[C@H](C)C1NC(=O)[C@H](Cc2ccc(O)cc2)NC(=O)[C@@H](N)CSSC[C@@H](C(=O)N2CCC[C@H]2C(=O)N[C@@H](CC(C)C)C(=O)NCC(N)=O)NC(=O)[C@H](CC(N)=O)NC(=O)[C@H](CCC(N)=O)NC1=O,3.0
CC[C@@H]1C(=O)NCCCN1C(=O)c1nn(C)c2c1CCCC2,14.8
Cc1cccc(NC(=O)CN2C(=O)CCc3cc(S(=O)(=O)N4CCOCC4)ccc32)c1,1.4000000000000004
CCCc1nc(CN(C)[C@@H](C)c2ccc(S(C)(=O)=O)cc2)cs1,5.35
COc1cc(CN(C)C(=O)Nc2cccc3cccnc23)ccc1O,-21.9
CCc1noc(CN2CCN(C[C@H](O)c3ccccc3)CC2)n1,-17.55
Cc1ccc2[nH]c(CCNC(=O)CC[C@@H]3NC(=O)NC3=O)nc2c1C,2.15
CNC(=O)NC(=O)[C@H](C)Sc1nnc(Nc2ccccc2)s1,-12.8
CC(C)Oc1ccccc1CC(=O)N[C@H]1CCN(Cc2ccccc2)C1=O,9.6
CC(C)C[C@H](C)NC(=O)c1cccc(Nc2cnccn2)c1,-24.0
CCn1nc(C)cc1C(=O)N1CCC[C@H](n2cncn2)C1,10.55
Cc1ccc(C(=O)N2C[C@H]3CC[C@@H]2CN(Cc2ccccn2)C3)cc1O,10.95
COCCn1nnnc1C1(N(C)C)CCN(C(=O)c2cc(Cl)ccc2F)C1,-4.45
COc1cccc(CC(=O)N(C)C[C@H]2COc3ccccc3O2)c1,-18.8
Cc1nc(C)n([C@H]2CCCN(C(=O)c3c(F)cccc3Cl)C2)n1,5.750000000000001
CC(=O)c1ccc2c(c1)CCN(S(=O)(=O)c1ccnn1C)CC2,3.6
COc1ccc(OCC(F)(F)C(F)F)c(C(=O)NC[C@H](C)O)c1,5.35
Cc1nc(C(=O)N2[C@H]3CCNC[C@@H]2CC3)c(C)s1.Cl,22.950000000000003
O=C(CSc1nc(O)c2ccccc2n1)Nc1ccc(F)cc1,24.35
Cc1csc(C(=O)N(C)[C@H]2CCS(=O)(=O)C2)c1Br,16.8
COc1ccc(OC)c([C@H](C)NC(=O)Nn2cnc3ccccc32)c1,-8.75
C[C@]12CCC(=O)N1c1cc(F)ccc1-c1nc(=O)c(-c3ccccc3)nn12,-10.05
CO[C@@H](C(=O)NCC1CCN(C(=O)Cn2nc(C)cc2N)CC1)c1ccccc1,14.45
N#Cc1c(N)nc2c(c1N)CC(=O)N2c1ccc(Cl)cc1,12.75
CON(C)C(=O)CSc1ncc2c(n1)CC(C)(C)CC2=O,3.85
COc1ccc([C@@H]2CCCN2C(=O)c2ccc(S(=O)(=O)NC3CC3)cc2)c(OC)c1,0.6500000000000004
CN1CCCN(C(=O)c2ccccc2Oc2cccc(Br)c2)CC1,-8.85
O=C(c1cnn(CCC(F)(F)F)c1)N1CCO[C@H](c2ccccc2Cl)C1,-7.25
COc1ccc(C(=O)N2CCN(Cc3ccccc3Br)CC2)cc1,4.25
CCCC1(C(=O)NCC[S@](=O)C(C)(C)C)CCC1,-7.533333333333334
COc1ccc(C(CCN)c2ccc(F)cc2)cc1,102.7
CCNC(=O)c1cc(NC(=O)c2ccncc2F)nc2ccccc12,-2.0
COCCC1(NS(=O)(=O)c2ccccc2)CCN(C(=O)C2CCC2)C1,3.8
Cc1cc(S(=O)(=O)N2CCN(C3CCN(CCC(C)C)C3=O)CC2)ccc1Cl,5.8
Cc1nn(-c2ccc(Cl)cc2)c(C)c1CC(=O)N1CC(CC(N)=O)C1,-2.1999999999999997
CC(C)Oc1ccc(NC(=O)CCn2c(=O)n(C)c3ccccc32)cc1,6.8
Cc1cc(C)n(Cc2cccc(C(=O)N3CCN[C@@H](C)C3)c2)n1,14.4
O=C1C[C@H](Nc2ccncc2Cl)CN1C1CC1,9.55
CCc1noc(C)c1C(=O)N(CC)[C@@H](C)c1ccc(F)cc1,10.2
COc1cccc(N(CC(=O)Nc2ccc(I)cc2)S(C)(=O)=O)c1,51.4
CCNC(=O)c1cccc(NC(=O)c2cc(=O)c3ccccc3o2)c1,8.35
CC(C)OC[C@H]1CN(NC(=O)c2ccccc2)C(=O)O1,-21.95
CCN1CCC(N2CC[C@H](CO)[C@H](N(C)C)C2)CC1,12.85
CCc1cc(/C(C)=N/OCc2ccc(C3CCCCC3)c(C(F)(F)F)c2)ccc1CN1CC(C(=O)O)C1,58.9
COc1ncccc1CNC(=O)N1CCC[C@H]1c1cc(C)no1,13.4
COc1ccc([C@H](C)NC(=O)N(C)Cc2cc(C)on2)cc1OC,1.0
Cc1ccc(C(=O)Nc2c(C)n(C)n(-c3ccccc3)c2=O)o1,9.85
CCN(CC)C(=O)COc1ccc(NC(=O)Nc2cc(C)on2)cc1Cl,2.5
COc1cccc(C(=O)N2CCN(S(=O)(=O)c3ccc4ccccc4c3)CC2)c1OC,11.2
CNC1CCN(C(=O)CC2(Cc3ccccc3)C(=O)N(C)c3ccccc32)CC1.Cl,10.8
CC(=O)N1CCC([C@@H]2CN(C(=O)c3ccsc3)C[C@H]2COc2ccccc2)CC1,-7.6
O=C(NCCCc1ccccc1)N1CCN(S(=O)(=O)c2ccc(F)cc2)CC1,-2.3000000000000003
CCc1ccc(-c2cc3c(=O)[nH]ccn3n2)cc1,9.65
COc1ccc(-c2nc(-c3ccc4c(c3)oc(=O)n4C)no2)cc1,10.95
Cc1nn(C)c(C)c1[C@@H]1CCCN1C(=O)c1ccc(C(N)=O)s1,13.55
N#Cc1c[nH]c(C(=O)N2CCn3cccc3[C@H]2c2ccccc2)c1,-17.55
CCOc1ccccc1N(C)C(=O)c1cn(CC(C)C)c(=O)c2cc(OC)c(OC)cc12,-7.549999999999999
CC(=O)Nc1cccc(C(=O)N2CCC(n3cc(-c4nc(C)no4)nn3)C2)c1,2.95
COc1ccc(NS(=O)(=O)c2ccc3c(c2)C(=O)NC3=O)cc1,8.4
NC(=O)c1ccc(C(=O)N2CCCCC[C@H]2c2noc(-c3ccccc3)n2)nc1,19.9
Cl.N=C(N)NN=Cc1c(Cl)cccc1Cl,18.45
CCN(CC)S(=O)(=O)c1ccc(NC(=O)COC)cc1,22.9
Cc1ccc(C(=O)Nc2ccc3c(c2)OCO3)cc1S(=O)(=O)N1CCCCC1,-1.3500000000000003
CC[C@H]1CCCCN1S(=O)(=O)c1ccc(F)cc1F,5.050000000000001
CN(C)C(=O)Cn1nc2n(c1=O)CCNC2,15.0
CCn1cc(NC(=O)c2ccc3nccc(C)c3c2)ccc1=O,2.2
Cc1ccc(Cl)cc1N1CCN(C(=O)c2snc3c(=O)n(C)c(=O)[nH]c23)CC1,5.9
CCCCSc1ncc(CN2CC[C@@H]3OCc4cnnn4[C@H]3C2)cn1,16.4
CCc1cc(=O)[nH]c(Nc2ccc(C)cc2)n1,-4.35
CCN(CC)S(=O)(=O)c1ccc(C(=O)Nc2cc(C)nn2-c2nc3c(c(=O)[nH]2)CCC3)cc1,21.0
C[C@@H](c1cccs1)N(C)C(=O)NCc1ccc(N2CCCC2)nc1,11.9
Nc1ccn([C@@H]2CS[C@H](CO)O2)c(=O)n1,12.1
CC(=O)N(C)[C@@H](c1ccc(F)cc1)c1ncccn1,5.449999999999999
CN1C(=O)c2cccc3c(S(=O)(=O)NCCCCC(N)=O)ccc1c23,14.3
Cc1ccc(F)cc1C(=O)N1CC[C@@](O)(C(F)(F)F)C1,-10.15
Cc1ccc2c(c1)NC(=O)c1cc(S(=O)(=O)N3CCOCC3)ccc1O2,8.6
CC(=O)N1C[C@H]2CN(C(=O)C3(c4ccccc4)CCCC3)C[C@@]2(C(=O)N2CCCC2)C1,13.05
CN(C)C(=O)[C@H]1CCCN(S(=O)(=O)c2ccc(F)cc2Cl)C1,-1.1
C[C@@H](CNC(=O)c1cnn2c1CCC2)N1CCCCC1=O,3.55
Cc1cc(C)c2c(c1)N(Cc1cn(C(C)(C)C)nn1)CCO2,6.949999999999999
C[C@H]1CN(c2nccn(C3CC3)c2=O)CCN1S(C)(=O)=O,9.5
Cc1ccc(C(=O)N2CCC[C@@H]2CF)o1,6.4
C[C@@H](C#N)Oc1ccc(CNCCNS(=O)(=O)N(C)C)cc1,8.65
COCC(=O)N1CCC[C@H](S(=O)(=O)N2CCc3ccccc32)C1,11.2
CCC(CC)C(=O)Nc1ccc(OCc2cc(=O)n3cccc(C)c3n2)cc1,-25.75
COc1cc(OC)cc(C(=O)Nc2ccc(S(=O)(=O)NCc3ccco3)cc2)c1,31.933333333333337
C[C@H]1CCCCN1CCNC(=O)c1ccc(Cl)s1,-25.2
CCc1ocnc1C(=O)N1CCC[C@H](c2cc(C)[nH]n2)C1,-10.1
CCc1nc([C@@H]2CCCN2C(=O)CCn2ccnn2)no1,18.3
CCCN(C(=O)c1ccc(-c2ccccc2F)o1)[C@H]1CCNC1.Cl,-4.049999999999999
CCOc1ccc(N[C@@H](C)c2ccc(S(C)(=O)=O)c(F)c2)cn1,14.85
CC(=O)Nc1ccccc1CNc1cc(C(F)(F)F)n(C)n1,-12.7
COc1ccc(S(=O)(=O)NC2CCN(C(=O)Cc3ccc(Br)cc3)CC2)cc1,6.35
CC(C)C(=O)N1CCC(NC(=O)N2CC3(CCC3)[C@@H]2C(C)C)CC1,-1.1000000000000003
CCOc1ccc(C(=O)Nc2c(C)nc3ccc(Cl)cn3c2=O)cc1,11.05
CC(C)(C)c1nnc(NCCCSCc2ccco2)o1,17.5
Cc1cc(C(=O)N2CCCC(CCc3ccc(F)cc3)C2)c(=O)n(C)c1C,4.55
COc1ccc(CCNC(=O)CC2CCNC2)cc1OC.Cl,20.1
CC(C)S(=O)(=O)c1ccccc1NC(=O)C1=NN(C)C(=O)CC1,-8.35
COC1C(=O)N(c2cccc(F)c2)C12CCN(C(=O)C1CCCCC1)CC2,-0.3499999999999996
CN1CCOCC(CNC(=O)c2cccc3c2NCCC3)C1,8.45
CS(=O)(=O)c1cccc(C(=O)Nc2ccc3c(c2)OC2(CCCC2)O3)c1,-6.6
CCOc1ccc(NC(C)=O)cc1S(=O)(=O)N(Cc1ccco1)CC(F)(F)F,-22.55
O=C(c1ccnc(OCC(F)F)c1)N1CCC[C@H](c2ccn[nH]2)C1,-12.55
Cc1cc(CS(C)(=O)=O)c(C)s1,0.0666666666666664
CCc1ncc(C(=O)N2CCN(C[C@H](O)c3ccccc3)CC2)s1,8.399999999999999
COCCC(=O)N1CC(CO)C2(CCN(c3ccc(C#N)c(C(F)(F)F)c3)CC2)C1,13.65
Cc1cnc(C(=O)N2CCN(CC(C)C)[C@@H]3CS(=O)(=O)C[C@@H]32)cn1,6.75
COc1ccc(CN(C)CC2CC(=O)N(C(C)(C)C)C2)c(F)c1,16.700000000000003
COc1cccc(CNC(=O)C2CCN(c3cnn(Cc4ccccc4)c(=O)c3)C2)c1,14.95
COc1cc([C@H](C)NC(=O)c2ccc(=O)n(-c3ccccc3)n2)cc(OC)c1OC,-17.45
CC(C)Cn1cc(NC(=O)NCC[C@@H]2C(=O)Nc3ccccc32)cn1,6.4
CCCN1CCN(C(=O)Cn2nc(C)n3c(cc4c(OC)cccc43)c2=O)CC1,8.7
CCc1cc(=O)[nH]c(-n2nc(C)cc2NC(=O)COc2ccc(OC)cc2)n1,72.05
O=C(c1cc[nH]n1)N1CCC[C@H](c2cc(C(F)(F)F)[nH]n2)C1,5.5
CS(=O)(=O)N[C@H]1CCCN(C(=O)c2ccoc2)C1,-13.8
COc1ccc(C2OC(c3cccs3)=NN2C(C)=O)cc1,1.6
CN(CCc1ccccn1)C(=O)C1CCN(C2CCS(=O)(=O)C2)CC1,16.25
O=C(CCc1nc(-c2ccccc2)no1)N1CCN(c2cnn(-c3ccccc3)c(=O)c2Cl)CC1,-14.15
Cc1nc([C@@H]2CCCN2CC(=O)Nc2nnc(C)s2)no1,10.35
COc1cc2c(cc1OC)CN(CCS(C)(=O)=O)CC2,-0.7000000000000011
N#Cc1nccc2ccc(Br)cc12,58.25
Cc1ccc(C(=O)N2CCC[C@@H]2CN)cc1C,12.1
Cc1ccc2nc(NC(=O)CCCc3nc4ccccc4s3)sc2c1,-4.4
Cc1cccc(NC(=O)Cn2nc3c(N4CCCC4)nc4ccccc4n3c2=O)c1,1.25
CCN1CCCCC1C(=O)N(CCOC)Cc1c(C)nn(C)c1C,12.7
CCCCCC(=O)CC(=O)N[C@H]1CCOC1=O,8.75
COc1cc(NC(=O)[C@H](C)N2CCN(C(=O)C3CC3)CC2)cc(OC)c1,2.65
O=C(C1=COCCO1)N(Cc1ccsc1)c1cccnc1,-1.7
O=C(N[C@H]1CCCCC12OCCO2)c1c(Cl)nc2ccccn12,-7.550000000000001
O=S(=O)(CC[C@H]1CCCC1(F)F)NCc1nc(C2CC2)no1,-0.6499999999999999
CN(C)C[C@@H]1CC(F)(F)CN1C1CN(C(=O)c2cccnc2O)C1,-3.0
C[C@H]1CN(C)c2ccccc2N(C(=O)CCCN)C1.Cl,-8.95
COCc1nc(C2CCCN(C(=O)c3cccnc3)C2)no1,9.75
Cc1nc(C(=O)N2CCC[C@H]2c2nc3ccccc3n2C(C)C)c(=O)[nH]c1C,11.05
CC1Cc2cc(C(=O)C3=C(O)C(=O)N(CC4CCCO4)C34C(=O)N(C)c3ccccc34)ccc2O1,-0.1000000000000002
CCCn1cnc2cc(NC(=O)N(CCN(C)C)CC3CCCO3)ccc21,9.45
O=C(NCCCN1CCCc2ccccc21)C1CCN(c2cn[nH]c(=O)c2)C1,12.0
COCCCN(C(=O)Cc1ccc(F)cc1)c1c(N)n(Cc2ccccc2)c(=O)[nH]c1=O,3.1999999999999997
CCCCOCCN(c1cccc(Br)c1)S(=O)(=O)c1cn[nH]c1C,-14.95
COc1coc(C(=O)N2CCCC[C@H]2c2cccn2C)cc1=O,9.55
NC[C@H]1CCN(S(=O)(=O)c2cccc(F)c2)C1,-15.3
CN1C[C@@H](N(C)C(=O)c2csc3ccccc23)CCC1=O,9.1
CCCCNC(=O)C1CCCN(c2cnn(Cc3ccccc3)c(=O)c2)C1,-11.7
Cc1ccc2c(c1)N(C(=O)Cn1nc3n(Cc4ccco4)c(=O)c4sccc4n3c1=O)CCO2,8.25
O=C(Cn1nc(-c2ccco2)oc1=O)c1ccc(F)cc1,12.35
CC(C)C[C@@H]1NC(=O)N(CC(=O)Nc2ccc(F)c(F)c2)C1=O,14.4
O=C(NCC1CCCN(C(=O)Cc2cc(=O)[nH][nH]c2=O)C1)c1cccs1,18.75
CCOc1ccc(C(=O)N(C)[C@@]2(C)CCS(=O)(=O)C2)cc1,10.4
Cc1nn(-c2c(C)c3cc4c(cc3[nH]c2=O)OCO4)c(C)c1S(=O)(=O)N(C)Cc1ccco1,7.05
CNC(=O)[C@@H]1CCCCN1C(=O)c1ccsc1,-3.4000000000000004
CC(=O)Nc1cccc(C(=O)Nc2cc3c(cc2Cl)OCO3)c1,11.95
O=C(COc1ccc2ccc(=O)oc2c1)N1CCCc2ccccc21,-1.5
OCCOc1cccc(CN2CCC(N3CCCCC3)C2)c1,7.25
Cc1ccc(C(=O)NCCCCCC(=O)Nc2ccccc2N)cc1,8.35
CCn1ncc(C(=O)N(C)Cc2csc(C(C)(C)O)n2)n1,-0.0999999999999996
COc1cc(CN2CCO[C@H](c3noc(C)n3)C2)ccc1SC,9.133333333333333
C[C@H]1CN(C(=O)c2cc(C3CC3)n(C)n2)c2cccnc2O1,12.0
COc1ccc(C(C)C)cc1S(=O)(=O)Nc1cccc(C)n1,13.6
COc1cc(NCCCNC(C)=O)c(C#N)cn1,-5.1
COc1ccccc1N1CCC(N2C(=O)N3CCC[C@@]3(C)C2=O)CC1,-8.9
CC(C)[C@@H](C(=O)Nc1ccn(C)n1)n1cnc2cc(F)c(F)cc21,5.15
CC(C)Oc1cc(O)c2c(=O)c(-c3ccc(O)cc3)coc2c1,65.5
CN(C(=O)CSc1ccc2c(c1)OCCCO2)c1ccccc1,-7.65
NS(=O)(=O)c1ccc(NC(=O)COc2ncnc3sccc23)cc1,-3.35
COc1ncccc1CNC(=O)Cc1c[nH]c2ccccc12,13.8
CC1CCN([C@@H](C)c2nc3ccccc3c(=O)[nH]2)CC1,6.6
Cc1cnc(NC(=O)c2ccc(F)cc2NS(C)(=O)=O)s1,75.85
COCC(=O)Nc1ccc(-n2nc(C)cc2C)nc1,8.65
Cc1ccc(C(=O)NCCC2CCN(C)CC2)cc1N(C)S(C)(=O)=O,10.1
CCn1cc(NC(=O)c2sc(-c3ccc(C)o3)nc2C)ccc1=O,5.8
CC(C)(C)C(=O)N1CCC(c2nc3cc(F)ccc3[nH]2)CC1,0.6499999999999999
COc1ccc(OC)c(N2CC(C(=O)NC(C)C)CC2=O)c1,7.6
CCCc1noc(CCC(=O)N2CCN(C)C[C@H]2c2ccccc2)n1,-12.733333333333334
COc1ccc(CNC(=O)C2CCN(S(=O)(=O)c3ccccc3)CC2)cc1,6.95
CCOc1cc(CN2CCCC2c2cc(C)on2)ccc1O,22.35
O=C(N1CCCSCC1)[C@]12CCC[C@H]1[C@@H]2Br,18.75
NC(=O)N1CCC(C(=O)N2CCC[C@H]2c2ccsc2)CC1,8.799999999999999
CC(=O)c1cccc(OCC(=O)c2cc(C)n([C@H]3CCS(=O)(=O)C3)c2C)c1,20.95
Cc1noc(C)c1-c1ccc(S(=O)(=O)NC2CCCCNC2=O)s1,15.75
C[C@@]1(C2CCN(Cc3cc(-c4ccccc4)on3)CC2)NC(=O)NC1=O,20.1
CN(C)c1ncccc1CNC(=O)c1nc2ccccc2c(=O)[nH]1,7.950000000000001
O=C(CNc1ccc(S(=O)(=O)N2CCCCC2)cc1)N1CCN(c2ccccc2)CC1,-4.7
O=C1CN(CCc2cccs2)[C@H]2CS(=O)(=O)C[C@H]2N1c1ccc(Br)cc1,-0.4499999999999999
COc1cccc(-c2cc(CNC(=O)[C@H]3[C@@H](N)[C@H]4C=C[C@@H]3C4)on2)c1.Cl,9.65
COc1ccc2nc(C(=O)NCc3ccc(C)cc3)cn2n1,3.9
Cc1cc(C(C#N)c2ccc(Cl)cc2)c(Cl)cc1NC(=O)c1cc(I)cc(I)c1O,99.9
CSc1ncccc1C(=O)NC[C@@H](c1ccc(C)o1)N1CCOCC1,-8.2
C[C@H]1CCCCN1S(=O)(=O)c1ccccc1Br,-6.45
CC(C)(C)n1nnnc1SCc1c[nH]c(=O)c2ccccc12,11.7
O=C(CNCC(F)(F)F)N1CCC[C@H]1c1ccc2c(c1)OCCO2,30.05
Cc1cnc(-c2cccnc2)n1CC1CCN(C(=O)C2COc3ccccc3O2)CC1,-0.3499999999999998
Cc1ccc(Cl)cc1NC(=O)CCc1c(C)nc(N2CCOCC2)[nH]c1=O,4.6
Cc1cc(C)n(C(C)CC(=O)NCCc2cccs2)n1,12.45
O=C(NC[C@H]1CN(Cc2ccccc2)CCO1)C1CCCCC1,-2.75
CN(Cc1ccccc1)C(=O)CCC1CCN(c2cc(NC3CC3)ncn2)CC1,3.649999999999999
Cc1noc([C@H](C)N2CCN(Cc3ccc(F)cc3Cl)CC2)n1,18.4
Cc1cc(N)nc(S[C@H]2CCCCNC2=O)n1,-7.9
C[C@H](OC1CCCCCC1)C(=O)Nc1nncn1-c1ccccc1,1.2000000000000002
CCC(=O)N1CCC(Cc2nnc(-c3ccccc3)[nH]2)CC1,4.4
COc1ccccc1NCC(F)(F)F,5.199999999999999
CCc1ccccc1N1C(=O)N(c2ccc(F)cc2)C2CS(=O)(=O)CC21,22.6
COc1cc(NC(=O)Cn2ccn3nc(-c4ccc(OC)c(OC)c4)cc3c2=O)cc(OC)c1,6.450000000000001
CC(C)(N)C(=O)N1CCC2(CCC(=O)N(CCc3c[nH]cn3)C2)CC1.Cl.Cl,6.999999999999999
O=C1CC(C(=O)N2CCCC2)CN1CC1CCN(C(=O)c2ccc(F)c(F)c2)CC1,8.3
COc1ccc(N(Cc2ccccc2)S(=O)(=O)c2cn(C)c(=O)n(C)c2=O)cc1,-5.866666666666667
Cc1cnn(C[C@H]2CN(c3ncccc3C#N)CCO2)c1,19.3
CC(C)CNC(=O)c1ccc2c(=O)n(C)c3nn(CC(=O)NCc4ccccc4)c(=O)n3c2c1,27.1
Cc1ccn(CC(=O)N2CCCC(CC3CC3)(c3noc(C4CCOCC4)n3)C2)n1,6.25
COc1ccc(C(=O)N2CCN(S(=O)(=O)c3ccc4c(c3)NC(=O)C(C)O4)CC2)c(OC)c1,7.5
CN[C@H]1CCCN(C(=O)c2cc(C)sc2C)C1,-8.399999999999999
Cc1c(Cl)cccc1Nc1ccccc1C(=O)O,70.75
C[C@@H]1C(=O)Nc2ccc(S(=O)(=O)Nc3cccc(C(=O)NC4CC4)c3)cc21,-14.75
CC(=O)c1c(C)[nH]c(C(=O)N[C@H]2CCN(Cc3ccccc3)C2)c1C,2.25
O=C1NCC2(CCN(C(=O)NCCC(c3ccccc3)c3ccco3)CC2)O1,4.25
CCNc1cc2c(nn1)CCN(C(=O)C[C@H](C)n1cccc1)C2,-9.2
COc1cccc(CC(=O)N2CCC[C@@H]2CN2CCCC2)c1,-16.55
C[C@@H](C1CCCCC1)n1c(-c2cc3c(cc2Br)OCO3)nc2cc(C(=O)Nc3ccc(C#N)cc3)ccc21,19.450000000000003
CC(=O)N1CCN(C(=O)[C@H](C)Oc2c(CO)cc(F)cc2CO)CC1,-5.000000000000001
Cc1nnc(NC(=O)C(C)N2CCN(c3ccccc3F)CC2)s1,8.8
N#CCNC(=O)c1cc2cc(F)ccc2[nH]1,-6.9
CNC(=O)c1ccc(Cl)cc1NC(=O)[C@@H]1Cc2ccccc21,-5.95
Cc1ocnc1C(=O)N1CCC(CNC(=O)c2cn(C)c3ccccc23)CC1,5.2
COc1cccc(-n2cc(C(C)NC(=O)c3cc(=O)cc(C)o3)cn2)c1,7.6
C[C@@H](c1cccs1)N(C)C(=O)Cn1ncc(=O)c2ccccc21,22.75
CCn1c2c(c(=O)n3ncc(C(=O)Nc4cccnc4)c13)CN(Cc1ccccc1)CC2,10.8
CCOc1ccc(NC(=O)C2COc3ccccc3C2)cc1,4.35
Cc1ccc2c(c1)c(=O)n(C)c1nnc(CN3CC[C@H](OCc4csc(C)n4)C3)n21,2.1499999999999995
CCN1C(=O)C2(SC(NC(C)=O)=NN2C(C)=O)c2ccccc21,7.9
Cc1ccc(C#N)cc1NC(=O)NOCC(C)(C)O,-8.85
CCN(CCCNC(=O)CCS(=O)(=O)c1cc2c(cc1Br)CCN2C(C)=O)c1ccccc1,21.3
Cc1ccc([C@H](CNC(=O)CCn2cccn2)N2CCOCC2)o1,5.7
CN1CCN(Cc2ccc(-c3cnc4[nH]cc(-c5ccc6[nH]ccc6c5)c4c3)cc2)CC1,32.85
Cc1c(C(=O)Nc2cc(Br)cn(C)c2=O)cnn1-c1ccccn1,13.7
COc1ccc(S(=O)(=O)NCC2CCCO2)cc1C(C)C,0.65
Cc1cc(C(=O)N2CCC[C@H]2c2ccc3c(c2)OCCO3)no1,16.2
CC(=O)Nc1ccc(S(=O)(=O)N2CCN(c3ccc(O)cc3)CC2)cc1,11.0
COc1ccc(NS(=O)(=O)c2ccc3c(c2)C(=O)N(C)c2ncccc2O3)cc1,13.8
CCc1cc(-c2ccnn2C)nc(N(C)C)n1,21.9
CC(=O)NC(c1ccccc1)c1cc(Cl)c2cccnc2c1O,97.85
CC(C)c1cc(C(=O)NC2CCN(C[C@H]3CCOC3)CC2)cc(O)n1,3.9
CCCn1c(=O)n(CCC(=O)N[C@@]2(C)CCS(=O)(=O)C2)c2ccccc21,5.25
CN(C(=O)CC1(C)CCCCC1)C1CCN(S(C)(=O)=O)CC1,-8.6
O=S(=O)(NCc1ccco1)c1cccc(NS(=O)(=O)c2cccs2)c1,-7.1000000000000005
Cc1ccc(C2Cn3nnc(C(=O)N4CCC(C(=O)NCCN5CCCC5)CC4)c3CO2)cc1,11.8
Cc1ccc(C(=O)Nc2sc(C)c(C)c2C(N)=O)o1,10.85
CCc1ccc([C@@H]2COCCN2C(=O)c2ccn(CCN(C)C)n2)o1,-9.6
CNC(=O)[C@@H]1CCCCN1C(=O)c1ccoc1C,14.15
Cc1cccnc1NC(=O)c1ccc(-n2cccn2)c(F)c1,2.5
NC[C@H](CC(=O)O)c1ccc(Cl)cc1,12.45
Cc1ccc(S(=O)(=O)N2CC[C@H](N)C2)cc1F,-9.2
COc1ncccc1C(=O)N[C@H]1CC[C@@H](CO)C1,-2.7
CCN1CCO[C@@H](CNCc2c[nH]nc2-c2ccc(C)o2)C1,-1.9
Cc1cc(=O)n2nc(N3CCC(C(=O)NCCCc4ccccc4)CC3)sc2n1,16.75
COc1ccc(F)cc1[C@H](C)NC(=O)c1cn(C2CCNCC2)nn1.Cl,-0.5
CC(C)c1ccc(O)c(C(=O)N[C@H]2CCS(=O)(=O)C2)c1,-9.2
CCCCN1C(=O)c2ccc(C(=O)NC[C@@H](c3cccs3)N3CCOCC3)cc2C1=O,-6.050000000000001
CCNc1nc2c(s1)C(c1ccc(OC)c(O)c1)CC(=O)N2,10.55
Cc1cccc2c(C(=O)NC[C@@H]3C[C@H](F)CN3Cc3ccnn3C)coc12,-7.300000000000001
O=S(=O)(NC[C@H]1CCCO1)c1c(F)cccc1F,-5.85
Nc1ncc(-c2ccc(Cl)cc2)c(N)n1,-9.6650205
CC(C)Cn1cncc1CNC(=O)C1COc2ccccc2C1,16.5
Cc1nc2ccccc2nc1CSCCCS(=O)(=O)C(C)C,-3.5
CC1CCCN(CC(=O)Nc2ccc(F)cc2F)C1,2.95
Cc1nc(-c2ccccc2)oc1C(=O)Nc1cccc(C(=O)N(C)C)c1,-2.1
CC(=O)c1ccc(S(=O)(=O)N2CCOC[C@@H]2C)cc1,2.55
Cc1nnnn1-c1ccc(NC(=O)NCC[C@@H]2C[C@@H]3C=C[C@H]2C3)cc1,8.1
CCCNC(=O)[C@H](C)NC(=O)c1ccc(-n2cccc2)cc1C,-12.55
CCCC(=O)Nc1nc2ccc(S(C)(=O)=O)cc2s1,26.25
Cc1noc([C@H](C)N2CCN(Cc3csc(C(C)C)n3)CC2)n1,3.9
C[C@H]1CN(S(=O)(=O)c2c(F)cc(F)cc2F)CCN1.Cl,5.4
O=C(CCCCCn1sc2ccccc2c1=O)Nc1ccc2c(c1)OCO2,99.7
Cc1c(C)n2c3c(=O)n(C)c(=O)n(C)c3nc2n1CC(=O)c1ccc(F)cc1,3.8
COc1ccc(CC(=O)NCC(C)C)cc1,0.2999999999999998
O=c1[nH]c(NC2CCCCC2)nnc1-c1ccccc1,6.2
O=C(Nc1cccc(Cl)c1)N1CCC[C@H](Cn2cncn2)C1,1.4000000000000004
COc1ccc(OC)c(NC(=O)Cn2ccn3nc(-c4ccc(OC)c(OC)c4)cc3c2=O)c1,-2.55
COc1ccccc1CC(=O)N1CCN(C)CC1,6.95
CC(C)(C)CC(=O)NCCc1noc(-c2ccccc2)n1,11.35
CCN(C)Cc1nc2cc(Br)ccc2[nH]1,-5.949999999999999
Cc1cccc(OCc2nn(C)c3c2CN(C(=O)Cn2c(=O)oc4ccccc42)CC3)n1,8.05
CCC(CC)C(=O)N1CCC(Nc2ncnc3[nH]ccc23)CC1,18.35
CCS(=O)(=O)N1C[C@@H]2CN(C(=O)c3ccc4[nH]cnc4c3)C[C@]2(c2nc(C)no2)C1,36.23333333333333
OCCCNC(c1ccccc1)c1ccc(O)cc1,19.0
c1cc2n(n1)CCN(CCCN1CCCCC1)C2,1.2999999999999998
O=C(Nc1ccncc1)c1cc2cccnc2n(Cc2ccccc2)c1=O,20.05
Cc1cccc(C(=O)Nc2cccc(OCCn3ccnc3)c2)c1,-11.2
C#CCNS(=O)(=O)c1ccc(C(=O)N(C)Cc2ccc(F)cc2F)cc1,-5.7
O=C1CCN(C(=O)[C@@H]2COc3ccc(Cl)cc3C2)CCN1,5.8
COc1cc(NC(=O)c2ccc3c(c2)C(=O)N(Cc2ccco2)C3=O)ccc1N1CCCC1=O,18.15
CC(=O)N[C@H]1CCCN(C(=O)CN2CC3(CCCC3)c3c(F)cccc32)C1,-5.733333333333333
CN(C)c1nc(N)nc(Cn2nnn(-c3ccccc3)c2=O)n1,2.75
Cc1ccc(C(=O)N2CCC[C@@H]2CN)cc1Cl,-0.1500000000000003
CNC(=O)CCCNC(=O)c1ccc(-c2nc(C)nn2C)cc1,15.6
C[C@@H](Cn1cccn1)NC(=O)NCCN1CCOCC1,13.35
CCc1onc(C)c1C1CCCN1Cc1ccc(OC)c(OC)c1OC,14.3
CCc1cccc(CC)c1NC(=O)[C@@H]1C[C@@H](C)CCO1,11.65
CCc1cc(C(=O)N[C@H]2CCCc3occc32)[nH]n1,10.3
CCN(Cc1ccc(Cl)s1)C(=O)c1cnc2ccccn12,1.0499999999999998
Cc1occc1C(=O)N1CCN(c2ccccc2O)CC1,-21.5
O=C(Nc1cccc(CNc2cncc(-n3cccn3)n2)c1)c1ccco1,4.0
CN(C)CCN(Cc1ccccn1)C(=O)N(C)c1ccc(Br)cc1F,0.1499999999999999
Cl.Clc1ccccc1CN1CCc2sccc2C1,3.35
COC(=O)N[C@@H](C)CNc1nccc(-c2cn(C(C)C)nc2-c2cc(Cl)cc(NS(C)(=O)=O)c2F)n1,18.65
CCCc1noc(CCC(=O)N2CCC[C@H](c3nc(C)cs3)C2)n1,2.8000000000000007
CC(C(=O)Nc1ccc(Br)cc1)N1Cc2ccccc2C1=O,2.95
Cn1ccc(Nc2ccccc2NS(=O)(=O)CCCCF)n1,7.95
C[C@H]1COCCN1Cn1nc(-c2ccc(F)cc2)oc1=O,19.35
C[C@H](NCc1nnc(-c2ccccc2)n1C)c1ccc2c(c1)OCO2,-8.350000000000001
COCCOc1cccc(NC(=O)N[C@@H]2C[C@@H](CO)N(C)C2)c1,2.85
Cc1ccc(NC(=O)c2ccco2)cc1NC(=O)c1ccco1,8.25
CCC(=O)Nc1c(S(=O)(=O)c2ccc(OC)cc2)c(C)c(C)n1CCOC,10.6
COCCCCNC(=O)N[C@@H](C)c1ccc2c(c1)NC(=O)CO2,15.15
O=C(NCCCCC1CCCO1)c1ccncc1F,18.95
COc1ccc(-c2nnc([C@H](C)N3CCC(OC)CC3)o2)cc1,6.8500000000000005
COCCCN1C(=O)C(O)=C(C(=O)c2ccc(S(=O)(=O)N3CCCCC3)cc2)C1c1ccc(O)cc1,21.7
CN(CC(O)CN)CC(O)CN1CCOCC1.Cl.Cl.Cl,8.0
Cc1cc(C)c(CNC(=O)N2C[C@H](C)OC(C)(C)C2)c(=O)[nH]1,-10.45
CCNC(=O)N1CCc2cc(S(=O)(=O)Nc3ccccc3)ccc21,11.3
COc1cc(OC)c(C(=O)NCc2ccc3c(c2)OCO3)cc1OC,11.15
C[C@@H](c1ccncc1)N(C)S(=O)(=O)CCCC#N,-15.05
CCN(CC)S(=O)(=O)c1ccc2nc(O)cc(C(=O)Nn3cnc4ccccc43)c2c1,3.3999999999999986
CC(C)n1ncc2cc(C(=O)N3CCCC[C@@H]3CNS(C)(=O)=O)cnc21,3.3
COc1ccccc1NC(=O)c1ccc2c(N(C)C)ncnc2c1,-4.4
O=C(NOCc1ccccc1)Nc1ccccc1Br,-7.6
CSc1ncccc1C(=O)Nc1ccc2c(c1)OCCO2,6.166666666666667
CS(=O)(=O)c1ccc(CN[C@H]2CCCN(c3cccnn3)C2)cc1,1.4
O=C1Nc2ccc(I)cc2/C1=C/c1cc(Br)c(O)c(Br)c1,98.1
Cl.Cl.O=C(C[C@H]1CCCN1)N1CCN(c2ncccn2)CC1,11.0
Cc1n[nH]c([C@@H]2CN(C(=O)c3ccc(C(C)C)cc3O)CCO2)n1,4.75
Nc1nccnc1C(=O)NCCCOC1CCCCC1,7.55
COc1cccc(C(=O)N2CCC(c3nc(C)no3)N(C(C)=O)CC2)c1C,14.9
CC(C)c1noc(CCC(=O)N2CCC[C@H](c3nncn3C)C2)n1,9.1
Cc1ccc(C)c(S(=O)(=O)NC(=O)c2sc3nccn3c2C)c1,-6.45
COc1ccccc1-c1nnc(-c2ccccc2O)o1,52.75
COc1cc(NC(=O)c2cc(C)n(C3CC3)c2C)ccc1N1CCCC1=O,-30.2
CC(C)n1c(=O)n(CC(=O)Nc2cccc(F)c2)c2cc(S(=O)(=O)N3CCCC3)ccc21,7.6
O=C(Nc1ccnn1-c1cccc(F)c1)c1ccnc(-n2cncn2)c1,11.7
CCCCNC(=O)Nc1cc(S(C)(=O)=O)ccc1C,20.95
O=C(c1ccc(-n2ccnc2)cc1)N1CC[C@@H]2OCc3cnnn3[C@H]2C1,10.65
CCn1ncc2c1CCC[C@@H]2NCc1cc(OC)cc(OC)c1,9.9
Cc1ccsc1C(=O)N1CCCC[C@@H]1C,-12.45
O=C(CC1C=CS(=O)(=O)C1)N1CCC(Cc2ccccc2F)CC1,14.6
CCN(CC)S(=O)(=O)N[C@@H](C)c1ccc2c(c1)NC(=O)CO2,1.45
O=C(NCc1ccc2c(c1)OCO2)c1cc(Cl)c[nH]1,-10.15
C[C@H](NC(=O)NCC(C)(C)N(C)C)c1noc(Cc2ccccc2)n1,-12.45
O=C(NCc1ccccc1N1CCCCC1)[C@@H]1CN(Cc2ccccc2)CCO1,17.966666666666665
COc1ccc(C(=O)N2C[C@@H](CO)[C@H](N(C)C)C2)c(OC)c1,10.8
CCN(CC)C(=O)c1ccc(NC(=O)[C@@H]2Cc3ccccc3O2)cc1,3.5999999999999996
O=C(CCN[C@@]1(CO)CCOC1)Nc1cccc(F)c1,9.2
COc1ccc2c(c1)OCC(CNC(=O)c1ccc3c(=O)n(C)cnc3c1)C2,18.7
CC(C)(C)NC(=O)CN1CCCN(CC(=O)Nc2ccc3c(c2)OC2(CCCCC2)O3)CC1,102.15
CCCOc1ccc(C(=O)N2CCN(c3ccccc3)CC2)cc1,-14.35
CCn1nc(C)cc1C(=O)Nc1nc2cc(C#N)ccc2n1CC,96.9
COc1ccc(C)cc1-n1ccc(C(=O)N2CCCC[C@@H]2CN)n1,6.5
O=C(CC[C@@H]1NC(=O)NC1=O)NCc1cccc(Cn2cccn2)c1,-2.6499999999999995
CN(C)S(=O)(=O)c1ccc(C(=O)Nc2sc3c(c2C(N)=O)CCC3)cc1,5.05
CC(C)[C@@H]1CN(C(=O)C2=NN(CCO)C(=O)CC2)c2ccccc21,-8.05
CCOC[C@@H](O)CN1CCN(C(=O)c2ccc(C)o2)CC1,-10.28497
CCCOC1CCCN(C(=O)NCc2nc3ccccc3n2C)C1,12.8
CCNC(=O)c1cnc2scc(-c3ccc(C)cc3)n2c1=O,18.25
COc1ccc(C(=O)N2CCC[C@H](c3nc(C)cs3)C2)cc1OC,30.049999999999997
Cc1nc(N2CCCCC2)cc(N2CCN(C(=O)Nc3ccc4c(c3)OCCO4)CC2)n1,-3.5
CN(Cc1ccccc1Cl)Cc1cc(=O)oc2cc(O)ccc12,79.45
O=C([C@@H]1CCCO1)N1CCN(Cc2coc(-c3ccc(F)cc3)n2)CC1,-4.529515
CC(=O)Nc1ccc(NC2=NC(=O)CS2)cc1,-3.3
Cc1ccc(Nc2ncnc3c2cnn3C)cc1Cl,93.35
NC(=O)N1CCC[C@H](C(=O)NCc2ccc3c(c2)OCCO3)C1,16.1
CN(Cc1ccc(O)cc1)C(=O)c1cncn1-c1ccccc1,-16.95
Cc1ccc(OCCOCCN2CC(C)OC(C)C2)c(Br)c1.O=C(O)C(=O)O,13.7
CCCc1cc(=O)n2nc(N3CCC(C(=O)NCc4ccc(OC)cc4)CC3)sc2n1,15.65
Cc1nc(-c2ccc(S(=O)(=O)N3CCOCC3(C)C)cc2)co1,13.7
Cc1noc2nc(-c3ccco3)cc(C(=O)Nc3ccc(N)nc3)c12.Cl,-6.700000000000001
CO[C@@]12CC[C@H](O)C[C@@H]1N(Cc1ccc(OCCO)cc1)CC2,13.55
CCCN1CCN(C(=O)C2COc3ccccc3O2)CC1,8.0
COCCNC(=O)CCc1nc(-c2ccc(F)cc2)no1,3.1000000000000005
Cc1nn(CCCC(=O)NCCCN2CCCCCC2)c(=O)c2cc3sccc3n12,6.85
CCn1nnnc1NCc1ccccc1C(F)(F)F,13.1
CCc1cc(Br)cc2c(CN(C)C)c[nH]c12,102.2
O=S(=O)(N[C@H]1CCCc2cn(C3CCCC3)nc21)C1CC1,28.700000000000003
CCNc1ccc(Br)cc1NC(=O)c1ccc(C#N)[nH]1,102.2
Cc1ccc(C(=O)OCC(=O)Nc2ncc(C(F)(F)F)cc2Cl)cc1NC(=O)c1ccco1,16.1
COc1cc(C(=O)Nc2ccc(-c3csc(C)n3)cc2)ccc1OCC(=O)N1CCOCC1,-0.6000000000000005
Cc1ccn(C)c(=O)c1NC(=O)N1CCC[C@H](c2n[nH]c(C3CCCCC3)n2)C1,-12.750000000000002
c1cc(C2(NCCO[C@@H]3CCCCO3)CCC2)ccn1,-2.5999999999999996
O=C(CCC(=O)N1CCNC(c2ccccc2)C1)Nc1nncs1,6.449999999999999
CCN(CC)[C@@H](CNC(=O)c1ccc(COC)cc1)c1ccco1,10.6
CCn1nnc(C)c1C(=O)N[C@H]1CCN(c2ccccc2OC)C1=O,13.95
CON(C)C(=O)c1cc(-c2ccncc2)nc2ccccc12,-23.6
CC(C)(C)C[C@H]1N[C@@H](C(=O)N[C@H]2CC[C@H](O)CC2)[C@H](c2cccc(Cl)c2F)[C@@]12C(=O)Nc1cc(Cl)ccc12,86.65
Cc1nc(N)nc(-c2cccc(O)c2)c1Cl,2.0
CC(C)CN(C)c1ccc(C(=O)N2CCC[C@H]2c2cnn(C)c2)cn1,-4.35
Cn1c([C@@H]2CCCN2C(=O)c2ccc3c(c2)NC(=O)CO3)nc2ccccc21,8.3
Cl.O=C(NCC1(c2ccc(F)cc2)CCCC1)N[C@@H]1CCNC[C@H]1O,15.25
CC[C@@](C)(CNS(=O)(=O)c1ccc(C#N)cc1)N1CCOCC1,20.85
CCN(CC)C(=O)c1cc(-c2ccc(OC)cc2)n[nH]1,-0.1
Cc1cnc(C(=O)NC[C@H](C)N2CCc3sccc3C2)cn1,-1.0
C[C@H]1c2cccn2CCN1C(=O)C1=COCCO1,2.9499999999999997
CCN(CC(=O)NC(C)(C)C)C(=O)c1sc(-c2ccccc2)nc1C,-13.75
Cn1c(SCC(=O)Nc2ccccn2)nc2ccccc21,15.3
Cn1cc(S(=O)(=O)N2CCc3sccc3[C@H]2c2ccccc2)c(=O)n(C)c1=O,0.9
Cc1nc(C(F)(F)F)ncc1CSc1nnc(CN)n1C.Cl,7.7
CCNC(=O)N1CCC[C@H](c2nc(-c3ccc(Cl)cc3)no2)C1,3.4000000000000004
CCc1ccc(CN(CCOC)C(=O)[C@@H](N)Cc2cscn2)cc1.Cl,-0.5499999999999998
O=C(NCC1CC1)c1cccc(Oc2ccccc2)c1,-7.9
CC(C)c1n[nH]c([C@@H]2CN(C(=O)c3ccnc(N(C)C)c3)CCO2)n1,2.5
CC(C)c1nc([C@@H]2CCCN2C(=O)NCc2cccc3c2OCCCO3)no1,3.7
Nc1ccc(-c2ccc(Cl)s2)nc1,-18.24933945
OCc1cn([C@H]2CCCN(Cc3nnc4n3CCCCC4)C2)nn1,13.15
CN1CCCN(C(=O)N[C@H]2CCCOc3ccc(F)cc32)CC1,17.200000000000003
COc1ccc([C@@H](O)c2cc(-c3ncnc4cc(N5CCOCC5)ccc34)c(F)cc2Cl)nn1,24.0
CC[C@@]1(O)C(=O)OCc2c1cc1n(c2=O)Cc2cc3ccccc3nc2-1,12.25
O=C(c1cccc(S(=O)(=O)Nc2ccc(Br)cc2)c1)N1CCC1,-11.1
CCN(CC)C(=O)c1cccc2c1CCN2C(=O)Nc1cccc(C)c1,10.9
CC(C)C[C@@H]1NC(=O)N(CN(Cc2nnc(-c3ccc(Cl)cc3)o2)C2CC2)C1=O,15.75
COCC(=O)N(C)CC(=O)N1N=C(c2ccc(OC)cc2)CC1c1ccc(OC)cc1,12.0
CN(C)S(=O)(=O)c1cccc(-n2sc3ccccc3c2=O)c1,96.1
C[C@H](O)CN1CCC(CNCc2cccc(C(N)=O)c2)CC1,11.95
CC(C)[C@](C)(CO)NC(=O)c1csc(-c2ccsc2)n1,-16.0
CC[C@@](NC(=O)c1csc(-c2ccoc2)n1)(C(N)=O)C(C)C,-16.4
CCn1c(C)nnc1COc1ccc(I)cc1,3.4
COc1cccc(CN2CCCC[C@H]2c2nc(=O)[nH][nH]2)n1,6.249999999999999
CCN(CC(=O)NC(C)C)S(=O)(=O)c1ccc(-n2cc(C)cn2)c(F)c1,-3.899999999999999
Cc1ccc(NC(=O)[C@H](C)N2CCN(Cc3ccsc3)CC2)cc1F,-2.5500000000000007
COCc1cc(C(=O)N2CCC[C@H](n3cncn3)C2)c(C)o1,18.65
Cc1cc(C2CCCN2C(=O)NCc2noc(C(C)C)n2)on1,53.3
c1ccc(CN2CCCO[C@@H](CNCc3ccc4cn[nH]c4c3)C2)cc1,-11.8
N#Cc1ccc(N2CCN(C(=O)c3ccccc3O)CC2)cn1,17.45
CCc1ccc(CC)c(NC(=O)N2CCC[C@H](n3cncn3)C2)c1,18.8
CSc1ncccc1C(=O)NCCN1CCCC[C@@H]1C,-3.2
COc1ccccc1N1CN(CC2CCCO2)Cn2c1nc(C)c(Cc1ccccc1)c2=O,8.799999999999999
Cc1c(-n2ccnn2)c(=O)[nH]c2ccc(Br)cc12,4.05
COCC(=O)N1CCc2cc(N[C@@H](C)c3nnc(-c4ccccc4)o3)ccc21,2.1500000000000004
COCCN(C)c1ccc(CN(C)C[C@H]2CCN(C(C)=O)C2)cn1,3.3000000000000003
O=C(Nc1nc(-c2ccccn2)cs1)[C@H]1CC(=O)N(c2ccccc2F)C1,-19.25
COc1cc(C(=O)Nc2ccc(C#N)cc2)cc2c1OCCO2,20.9
COc1ccc(CN2CCN(C[C@H](C)O)CC2)cc1Br,4.25
C[C@@H](C(=O)NC(C)(CO)CO)n1cccc1,12.7
CCCc1n[nH]c([C@@H]2CN(C(=O)c3cc(C)sc3C)CCO2)n1,8.6
N#CCNC(=O)c1cc(N2CCCC2=O)cc(C(F)(F)F)c1,-21.9
CC(=O)c1ccc(NC(=O)[C@H](C)N2CCC(C(N)=O)CC2)cc1,-9.4
COc1ccc(CNS(=O)(=O)c2cc3c(=O)n(C)nc(C)n3c2)cc1,21.05
Cc1nc(N2CCOCC2)ncc1-c1cc(=O)[nH]c(N2CCN(C)CC2)n1,-1.0999999999999996
O=C(CN1CCN(S(=O)(=O)c2ccc(Br)cc2Cl)CC1)N1CCCC1,-8.5
COc1cc(OC)c(N=C2CCCCCN2)cc1Cl,10.1
CC(=O)Nc1ccc(S(=O)(=O)N2CCN=C2C)cc1,-14.1
c1ccc2oc(N3CCN(C4CCCC4)CC3)nc2c1,2.3
Cn1ccnc1-c1cccc(C(=O)NC2CCN(C(=O)C3CCCC3)CC2)c1,16.35
COC[C@@H]1[C@H](NC(=O)C2(Cn3ccnc3)CC2)[C@@H]2CCO[C@H]12,1.25
COc1cc(-c2cc(=O)c3cc(OCC(=O)N4CCCCC4)ccc3o2)cc(OC)c1OC,18.049999999999997
Cc1cccc(CC2(O)CCN(C(=O)c3cn(C)c(=O)[nH]3)CC2)c1,-8.399999999999999
COc1ccc(OC(C)C(=O)NC2CCCC2)cc1,4.15
COc1cccc(OC2CN(Cc3ccsc3)C2)c1,9.6
O=C(c1cc[nH]n1)N(Cc1ccccc1)C[C@H](O)c1cccs1,15.85
CC(C)(C)NC(=O)COc1ccc(F)cc1,0.0500000000000002
CC(=O)Nc1nc(C(=O)N(CC(C)C)CC(F)(F)F)cs1,6.700000000000001
O=C1O[C@@H](CN2CCC=C(c3ccco3)C2)CC12CC2,-33.25
CC(C)OC[C@@H](O)CN1CCN(S(=O)(=O)c2ccccc2)CC1,8.933333333333334
CN(C)[C@@H](CNC(=O)Cn1ccc(C(F)(F)F)n1)c1ccsc1,22.549999999999997
C[C@@H](CNC(=O)C1CCCC1)N(C)c1ccccc1,5.3
COc1ccc(C(=O)NC2CCN(CC(=O)N(C)C)CC2)cc1-c1ccccn1,1.9000000000000004
CCNc1cc2c(nn1)CCN(C(=O)CCc1cccs1)C2,12.45
CC(=O)N(CC1CCCO1)c1nc(C)c(C(=O)Nc2nc(C)c(C)s2)s1,16.6
CC1(C)CCCN(Cc2ccc3c(c2)OCCO3)[C@@H]1C#N,-19.3
O=C(NCc1ccccc1)C1CCCN(S(=O)(=O)c2ccc3[nH]c(=O)oc3c2)C1,22.75
CC(C)CN1CCN(C(=O)c2cccnc2)[C@H]2CS(=O)(=O)C[C@H]21,16.0
O=c1c2nnc3c(-c4ccccc4)cnn3c2ccn1CC1CCCO1,7.65
C#CCN(C(=O)c1cccc2cc[nH]c12)c1nccs1,-7.85
COc1cccc(-n2nc(C)c([C@@H]3COCCN3C(=O)c3cnccn3)c2C)c1,17.099999999999998
Cc1ccc(Nc2cc(N3CCNCC3)ncn2)cc1,-1.299999999999999
CC(C)n1c(N2CCN(C(=O)c3ccc(Br)o3)CC2)cc(=O)n(C(C)C)c1=O,8.700000000000001
COc1ccc(-n2ccc(=O)c(C(=O)Nc3nnc(C)s3)n2)cc1,13.1
CCn1c(=O)cc(OCC(=O)Nc2ccc(OC)c(OC)c2)c2ccccc21,12.45
COC[C@@H]1CC(F)(F)CN1C1CCN(C(=O)c2cncc(C)c2)CC1,17.1
C[C@@H](C1CC1)n1cc(NC(=O)N2CCCN(c3nccs3)CC2)cn1,3.75
Cc1ccc(NC(=O)C2CC(=O)N(Cc3cccnc3)C2)cc1NC(=O)CN(C)C,12.45
Cc1c[nH]c(=O)n1-c1ccc(C(=O)Nc2ccccc2N2CCCC2=O)cc1,5.3
COCCn1ncc(N2CCC(C(=O)N(C)CC(=O)N3CCN(Cc4ccccc4)CC3)C2)cc1=O,5.55
Cc1cccc(N2CCN(C(=O)NC[C@H]3CC(C(N)=O)=NO3)CC2)c1,-22.15
COc1cc(CC(=O)N2CC=C(c3ccccc3)CC2)cc(OC)c1OC,0.2000000000000001
CC(Oc1ccc(Br)cc1Cl)C(=O)NCC1CCCO1,2.0500000000000003
CCOCCO[C@@H](C)C(=O)Nc1cccc(-n2nccc2C)c1,11.24051935
CC(=NNC(=N)N)c1cc(NC(=O)CCCCCCCCC(=O)Nc2cc(C(C)=NNC(=N)N)cc(C(C)=NNC(=N)N)c2)cc(C(C)=NNC(=N)N)c1.Cl.Cl.Cl.Cl,96.3
CCC[C@@H]1C[C@@H](C(=O)N[C@@H]([C@H]2O[C@H](SC)[C@H](O)[C@@H](O)[C@H]2O)[C@H](C)Cl)N(C)C1.Cl,99.9
CCc1nnc(NC(=O)C2CCN(S(=O)(=O)c3cccs3)CC2)s1,1.7999999999999996
CC(C)(C)c1noc(CCC(=O)N2CCC[C@H]2c2ccsc2)n1,11.1
CCOCCC(=O)N(CCO)S(=O)(=O)N1CCOCC1,5.35
Cc1ccc(NC(=O)NC2COC3(CCCC3)C2)cc1N1CCCC1=O,12.1
Cn1c(=O)c2cn(S(=O)(=O)c3ccc(Cl)s3)nc2n(C)c1=O,20.6
CN(C)C(=O)[C@]12CN(C(=O)c3ccccc3)C[C@H]1CN(C(=O)c1ccco1)C2,6.3500000000000005
CC(C)(C)NC(=O)c1ccc2c(c1)C(=O)N(Cc1ccco1)C2=O,3.6
O=C(C1CC1)N1CCCN(S(=O)(=O)[C@H]2CCOC2)CC1,14.5
CCN(Cc1ccc2c(c1)OCO2)C(=O)[C@H](C)Oc1ccc(OC)cc1,-5.0
CCOc1ccc(S(=O)(=O)Nc2cccc(C(=O)N3CCN(c4ccccn4)CC3)c2)cc1,-15.25
COc1cc(OC)c(C(=O)N2CC[C@H](CO)[C@@H](O)C2)cc1OC,12.35
CCCCN(CC)C(=O)C[C@@H]1Sc2ccc(Cl)cc2NC1=O,2.4000000000000004
CN[C@H]1CCCN(C(=O)CCOc2ccc(C)cc2OC)C1.Cl,-0.4
C[C@H]1CCCN(Cc2csc(NC(=O)c3ccncc3)n2)C1,-5.8
CC(C)N(C)c1ccccc1CNC(=O)[C@H]1CCc2[nH]nnc2C1,15.6
O=C(CCOc1ccc(F)cc1)N1CCC[C@H](C(F)(F)F)C1,-8.2
COc1ccc(-n2c(C)nnc2SCC(=O)N(C)CCN(C)CC(F)F)cc1,-9.8
O=C(NCCc1cnc(C2CC2)nc1)[C@@H]1CCCN1C1CCCC1,-1.8000000000000005
CS(=O)(=O)c1cc(-c2nc([C@H]3CC(=O)N(CC4CC4)C3)no2)cs1,15.75
CCN1C[C@@H](C(=O)Nc2ccc(Sc3nncs3)cc2)CC1=O,-7.05
C[C@H](O)CC(C)(C)CNC(=O)C(C)(C)c1cccc(C#N)c1,-30.049999999999997
COc1cc(C2=NOC(C(=O)N3CCCC3)C2)cc(OC)c1OC,13.75
O=C(c1cc2cccn2cn1)N1CC[C@H](OCCN2CCOCC2)C1,9.7
CC(C)c1nc2cc(NC(=O)N(CCCO)C(C)C)ccc2o1,-1.8
O=C(Nc1cccc(-c2ncco2)c1)N1CCC(OC[C@H]2CCCO2)CC1,0.25
CS(=O)(=O)CCN1CCN(c2nc3ccccc3s2)CC1,0.9500000000000002
Cn1ncc2c(N3CCSCC3)nc(C(=O)NCCc3ccncc3)nc21,7.800000000000001
COc1ccccc1NC(=O)N1CCN(c2cc(C)nc(N3CCCC3)n2)CC1,1.6500000000000004
C[C@@H](CNC(=O)c1c(F)cncc1F)N1CCOCC1,7.0
CCOc1cccc([C@@H]2C(C(=O)c3ccc(OC)cc3O)=C(O)C(=O)N2CCN(C)C)c1,-5.0
O=C(CN1CCC[C@H](C(=O)N2CCn3nccc32)C1)Nc1ccccc1,18.45
Cc1nn(C)c(Cl)c1[C@@H]1CCCN1C(=O)Cc1cccs1,-6.45
Cn1c(C(=O)N2Cc3ncccc3N3CCC[C@H]3C2)c[nH]c1=O,4.9
Cc1ccc(C2SCC(=O)N2c2ccccc2)cc1,-2.65
CCCCN(C(=O)c1cc(OC)c(OC)c(OC)c1)c1ccccc1,7.699999999999999
O=C(c1cccc2sc(C(F)(F)F)nc12)N1CC[C@H]1C1CC1,3.35
C[C@H](NC(=O)C1(S(C)(=O)=O)CCCC1)c1ccc2c(c1)OCO2,11.7
Cc1cccc(N2CCC(NC(=O)CCC3NC(=O)NC3=O)CC2)c1,4.5
CC(C)(C)c1ccc(SCC(=O)Nn2cncn2)cc1,-10.95
Cc1ncc(CN2CCc3nn(C)c(=O)cc3C2)n1C,-4.6
Cc1ccc(C(=O)N2CCCC[C@H]2c2nc[nH]n2)c(C)c1,10.35
COCc1cccc(CNC(=O)Cn2nccc2C(N)=O)c1,4.95
Cc1c(C(=O)Nc2ccc3c(c2)NC(=O)[C@H](C)O3)[nH]c2c1C(=O)CCC2,17.35
CC1(C)C(=O)Nc2ccc(C(=O)N3CCCC[C@H]3c3nc(=O)[nH][nH]3)cc21,-0.0499999999999998
CC(=O)c1ccc(NC(=O)N2CCC[C@H](N3CCNC3=O)C2)cc1,-4.75
CO[C@@]12CC[C@H](O)C[C@@H]1N(C(=O)c1ccc(N(C)C)nc1)CC2,7.5
Cc1ccn2cc(C(=O)N(C)CC3CCOC3)nc2c1,12.65
CCS(=O)(=O)N1CCc2cc(C(=O)NC)ccc21,11.85
CCCC(=O)Nc1ccc(OC)c(Cl)c1,12.7
COc1ccc(NC(=O)c2nc3cc(C)ccn3c2F)cc1C(=O)N(C)C,-0.5
COCCn1ncc(N2CCC(C(=O)Nc3ccc(C)c(F)c3)C2)cc1=O,7.0
O=C(Nc1nc(-c2ccc3c(c2)OCO3)cs1)c1ccccc1O,32.85
CC(C)Oc1cccnc1C(=O)N(C)Cc1ccccc1N1CCCC1,-17.9
Cc1noc(C)c1S(=O)(=O)N(CC(N)=O)CC(C)C,5.8
CCOCCCNC(=O)NC(=O)CN1C(=O)N[C@](C)(c2cc(F)ccc2F)C1=O,-2.15
CNC(=O)CCNC(=O)CCN1C(=O)[C@H](C)Oc2ccccc21,20.049999999999997
CCc1noc(-c2ccc(-n3cnc(C(=O)NCC(C)C)c3)nc2)n1,12.25
CCC[C@H](N)C(=O)N1CCC2(CC1)CC(=O)N(Cc1cc(F)cc(F)c1)C2,8.4
Cc1c(O)ccc(-c2csc(N)n2)c1O,6.5
O=C(NCc1cccnc1-n1cccn1)c1cccc(Nc2ncccn2)c1,-6.0
CCOc1ccc(NC(=O)N[C@H]2CCc3[nH]ncc3C2)cc1OC,3.6
O=C(NC[C@H]1CCCO1)N1CCOCC1,1.4499999999999995
CC(=O)NC[C@H]1CCCN(Cn2c(=O)n(C)c3ccccc32)C1,8.05
COc1ccc(N2C(=O)CC(N3CCC(C(N)=O)CC3)C2=O)c(OC)c1,-9.9
CCSc1nnc(S[C@@H](C)C(=O)Nc2cc(C)no2)s1,-0.4499999999999993
CC[C@H]1CN(C(=O)CCc2nnc(-c3ccccc3)o2)CCO1,-2.5
N#CCSc1ccccc1NC(=O)CN1CCN(c2ccc(O)cc2)CC1,11.6
Cc1nc(CNC(=O)NC[C@@H](c2ccco2)N(C)C)cs1,-23.5
Cc1cnn([C@H]2CCCN(C(=O)c3ccc(OC(C)C)nc3)C2)c1,5.6
CC(=O)Nc1nnc(CCCOc2ccccc2)s1,8.4
O=C(N[C@H]1CCCc2[nH]c(=O)ccc21)c1cc(N2CCNC2=O)ccc1F,1.4000000000000004
COCc1cc(C(=O)N2CCC[C@H](c3noc(C(C)C)n3)C2)c(C)o1,-22.75
CC[C@@H](Cn1cncn1)NCc1ccc(N2CCCS2(=O)=O)c(F)c1,-7.2
N#Cc1cc(N2CCC[C@H](C(=O)N3CCOCC3)C2)ncn1,-18.25
CC[C@H](C)NC(=O)C1CCN(C(=O)c2cccs2)CC1,3.15
CS(=O)(=O)N(C1CCOCC1)C1CCCN(C(=O)CC2CCCCC2)C1,10.45
CCO[C@@]1(c2nc(C3(c4ccccc4)CCC3)no2)CCOC1,15.0
CN1CCN(C(=O)c2ccc3c(c2)OCO3)[C@H](c2ccccc2)C1,-13.9
Cc1ccncc1C(=O)N1CCC(CCOc2ccccc2)C1,0.8500000000000005
Cc1cc2[nH]c(=O)[nH]c2cc1NS(=O)(=O)c1ccc(F)cc1,23.4
COc1ccc(C(=O)Nc2ccccc2S[C@H]2CCN(C)C2=O)c(F)c1,7.699999999999999
N#Cc1ccc(N2CC[C@H](Nc3ccc4c(c3)OCC(=O)N4)C2=O)cc1,10.9
O=C(NN1C(=O)NC(c2ccccc2)(c2ccccc2)C1=O)C1CCN([C@H]2CCS(=O)(=O)C2)CC1,13.0
Cn1ncc(NCCc2nc3cc(F)ccc3[nH]2)c(Cl)c1=O,0.3999999999999999
CN1CC(=O)N(CCCC(=O)N[C@H]2CC(C)(C)c3ccccc32)C1=O,3.3000000000000003
CC(C)C[C@@H]1NC(=O)N(CC(=O)Nc2cccc(C(F)(F)F)c2)C1=O,3.233333333333333
O=C(CN1CCN(S(=O)(=O)c2ccc(F)cc2)CC1)NC1CCCCCC1,2.95
COc1ccc(S(=O)(=O)[C@H]2CS(=O)(=O)C[C@@H]2N2CCCC2)cc1,10.2
Cc1ccc2ncn(C[C@H](O)COCc3ccccc3F)c(=O)c2c1,-0.3499999999999996
COc1cccc(C(=O)N2CCN(C(=O)c3ccoc3)CC2)c1,10.65
O=C(c1c[nH]nc1-c1ccc(F)cc1)N1CCC2(CC1)CC(Oc1cnccn1)CCO2,55.0
O=C1NCCN(Cc2cc(F)cc3c2OCOC3)[C@H]1c1ccccc1,9.3
Cc1ccc(S(=O)(=O)N2CC(C)CC(C)C2)cc1C,23.35
Cc1ccnc(N2CCN(S(=O)(=O)[C@@H](C)C(=O)N(C)C)CC2)c1,1.3999999999999997
Cc1cc(C)n(CC(C)NCC2(CN3CCOCC3)CC2)n1,19.15
c1ccc(-c2nnc(CN3CCC[C@H](Cn4cncn4)C3)o2)cc1,-15.499999999999998
O=C(C(c1ccccc1)n1cnnn1)N1CCN(c2ccc(F)cc2)CC1,8.2
COCCN1C[C@@H](C(=O)NCc2ccnc(N(C)C)c2)CC1=O,-9.6
Cc1nc(CCC(=O)N2CC(=O)NC[C@H]2c2ccccc2)cs1,10.2
Cc1cc(C(=O)N(C)[C@H]2CCCN(Cc3ccccc3)C2)co1,16.7
CCN(CC)S(=O)(=O)c1cc(-c2n[nH]c(=O)c3c2CCCC3)ccc1C,12.4
CN(CCCNC(=O)COCc1cc(-c2cccs2)on1)Cc1ccccc1,16.65
COCCNS(=O)(=O)c1ccc2c(c1)N(C(C)=O)CCCS2,10.35
O=C(CCn1cnc2ccccc2c1=O)N1CCCCC1c1nccs1,-1.25
O=C(c1ccc(Nn2ccnc2)cc1)N1CCC([C@H]2CCOC2)CC1,6.0
C[C@@H](CN1CCCC1=O)NC(=O)NC1CCN(CC(N)=O)CC1,-1.9000000000000004
Cc1nc2n(n1)C[C@@H](NCCS(=O)(=O)c1ccccc1)CC2,-7.2
O=C(c1ccc(F)c(Cl)c1)N1CCN(CCO)[C@@H]2CS(=O)(=O)C[C@@H]21,11.0
Cn1c(=O)n(CC(=O)N2CCN(S(=O)(=O)c3ccc(C#N)cc3)CC2)c2ccccc21,-4.5
CC(C)SCCn1nc(C#N)c2ccccc21,-13.9
O=C(Nc1cccc(-n2ccnn2)c1)N[C@H]1CCCN(c2ccccc2)C1,-6.733333333333334
O=C(c1ccc(OCC(F)F)nc1)N1CCN(C(=O)[C@H]2CCS(=O)(=O)C2)CC1,4.3999999999999995
Cc1cc(C(F)(F)F)n(-c2nc(C(=O)N(C)[C@@H]3CS(=O)(=O)C[C@H]3O)cs2)n1,4.25
CN(CC(=O)N1CCCC1)C(=O)COc1ccc(Cl)c2ccccc12,5.35
CNC(=O)c1ccc(NC(=O)N2CCC[C@H]2c2cccc(OC)c2)cc1,14.35
Cc1nc2scc(C)n2c(=O)c1NC(=O)c1ccccc1,10.7
C[C@@H](C(=O)N1CCN(c2cc(C#N)ccn2)CC1)n1cncn1,-28.2
CCOc1ccc(C(=O)Nc2onc3c2CCCC3)cc1,14.75
CCCn1ncnc1C(C)NC(=O)c1cnn(CC)c1C,14.6
Cc1cccc(NC(=O)CCNC(=O)Cc2cnc3ccccc3c2)n1,-8.700000000000001
CCC(=O)C[C@@H]1OC(=O)c2c1ccc(OC)c2OC,-14.3
Cl.N#Cc1ccc(S(=O)(=O)NC[C@H]2CCCNC2)c(F)c1,-16.5
O=C(Nc1nc2ccc(F)cn2n1)[C@@H]1C[C@]12CCOc1ccccc12,-12.400000000000002
COc1cc(C)ccc1OCCC(=O)N1CCC[C@H](N)C1.Cl,0.4333333333333335
CC(C)(C)Oc1ccc(CNC(=O)[C@H]2CCc3cncn3C2)cn1,9.3
CN(C)c1ccnc(C(=O)Nc2cnccc2CO)c1,-9.2
Cc1cc(C(=O)Nc2cnn(Cc3ccccc3C)c2)no1,1.5499999999999998
CSc1nc2nc(C)c(CC(=O)NCc3ccc(F)cc3)c(C)n2n1,13.15
OCC[C@H]1CN(Cc2nc(-c3ccccc3)no2)CCN1,5.45
O=C(NCC[C@H]1CCCO1)Nc1cccc(COCc2ccco2)c1,-19.2
CCc1nccn1[C@H]1CCCN(C(=O)CCc2ccncc2)C1,0.6
COc1nc2ccc(Br)cc2cc1[C@@H](c1ccccc1)[C@@](O)(CCN(C)C)c1cccc2ccccc12,70.6
CCNc1cc2c(nn1)CCN(C(=O)[C@@H](NC(C)=O)C1CCCC1)C2,-15.85
CCOCCn1ccc2c(OCC(=O)Nc3cccc(OC)c3)cccc2c1=O,-12.45
C[C@H]1CN(S(=O)(=O)c2ccc(F)cc2F)CCN1.Cl,17.85
O=C(O)c1cc([N+](=O)[O-])ccc1NCCCc1ccccc1,75.1
COc1ccc(CN([C@H]2CCS(=O)(=O)C2)S(=O)(=O)c2cc(C)sc2C)cc1,-5.25
CN(C)[C@H]1CCCN(CC(=O)N2CC(=O)Nc3ccccc32)C1,5.15
C[C@H]1CN(CC(=O)Nc2ccc(I)cc2)CCO1,-8.799999999999999
CN(CC(=O)N1CCOc2ccccc2[C@@H]1CO)C(=O)C1CC1,1.4999999999999996
COCCN1CC(CNC(=O)N2CCN(Cc3ccco3)CC2)CC1=O,15.5
COc1cccc(NC(=O)CN(C)S(=O)(=O)c2cc3c(cc2C)NC(=O)C(C)O3)c1,4.3500000000000005
CSCCc1ccc(NC(=O)N[C@@H](C)Cn2cncn2)cc1,-0.8
CNC(=O)CSCc1c(C)noc1C,1.6999999999999995
CCCNC(=O)N1C2CCC1Cn1c(nn(Cc3ccccc3)c1=O)C2,-14.1
CCc1ccc(C(=O)N2CCCC[C@@H]2Cn2cccn2)o1,-9.3
O=C(c1ccc(F)cc1)N1CCN(c2nnc3ccccn23)CC1,-4.249999999999999
Cc1cc(C)n(-c2cccc(NC(=O)c3ccc(N(C)C)nc3)c2)n1,-14.6
O=C(Nc1nccs1)c1cc2ccccc2cc1O,48.8
C[C@H]1CN(C(=O)Cc2ccc(-n3cnnn3)cc2)CCN1CC(F)(F)F,-0.35
Cc1c(NC(=O)c2ccccc2OC(C)C)c(=O)n(-c2ccccc2)n1C,1.45
O=C(CN1C(=O)CSc2ccc(S(=O)(=O)N3CCOCC3)cc21)NCCCN1CCCC1=O,9.0
Cc1nn(C)c(C)c1CC(=O)N1CCC[C@H](c2ccn[nH]2)C1,-3.55
CCNCc1ccc(OCc2ccc3c(c2)OCCO3)cc1.Cl,13.05
O=C(Nc1ccccc1)c1c(O)c2ccccc2oc1=O,102.3
CCOc1ccc(C(=O)C2=C(O)C(=O)N(CCN(CC)CC)C2c2ccc(OCC)cc2)cc1,-5.399999999999999
CN1CC[C@H](N(C)C(=O)CC2(CC(=O)c3ccc(Cl)s3)CCCCC2)C1=O,-2.6999999999999993
C[C@H]1CCCN(S(=O)(=O)c2cccs2)C1,3.65
C[C@@H](c1nc(N)nc(N(C)C)n1)N1CCN(C(=O)c2ccco2)CC1,1.3499999999999996
CCc1n[nH]c(=O)c2cc(S(=O)(=O)NC(C)c3ccccc3)cn12,6.800000000000001
CC1(C)Cc2c(sc(NC(=O)NCc3cccnc3)c2C(N)=O)CO1,12.1
CCOc1ccc(S(=O)(=O)N2C[C@H](C)Oc3cc(F)ccc32)cn1,8.8
CCc1cccc(OCC(=O)Nc2cc(NC(C)=O)ccc2OC)c1,9.65
Cc1cc(NC(=O)CN2C(=O)N[C@@]3(CCCc4ccccc43)C2=O)no1,21.549999999999997
Cc1cn2c3c(=O)[nH]c(=O)n(C)c3nc2n1CCc1ccccc1,-5.750000000000001
Cc1ccccc1OCCSc1nc(N)cc(O)n1,-4.6
CCOCCCN1CC2=C(C1=O)[C@@H](c1ccc(OC)cc1)NC(=O)N2,-11.05
Cc1nc(-c2ccncc2)[nH]c(=O)c1CC(=O)N(C)C1CCCC1,15.1
Cc1ccc(SC2(CN)CCCC2)cc1,-10.3
Cc1noc(C)c1CCC(=O)N1CCCC[C@H]1c1nccs1,26.05
CN1CCC(NC(=O)c2ccc(CN(c3ccccc3F)S(=O)(=O)N(C)C)cc2)CC1,8.3
C#C[C@@H](NC(=O)c1ccnc2nn[nH]c12)C1CCOCC1,3.5999999999999996
CS(=O)(=O)c1ccc(NCCCO)c(S(C)(=O)=O)c1,21.25
CCOc1ccc(C(=O)Nc2cccc3ncccc23)cc1,-3.1
CC(C)OCc1ccc(CNC(=O)c2ccc(O)nc2)cc1,11.0
Cc1nc(C)n(C[C@H]2CCCN(Cc3cc(C#N)cs3)C2)n1,-10.4
COc1ccc(S(=O)(=O)Nc2ccccc2C(=O)Nc2ccccc2O)cc1,64.19999999999999
CCn1c(C)cc(C(=O)N[C@H]2CCc3nc(C)cn3C2)c1C,-49.25
COc1ccc(Nc2cc(C)nc(SC)n2)cc1,20.75
Cc1ccc(N(C)Cc2nncn2C)c(C)c1,-2.0999999999999996
CCCN1CCC(N(C)C(=O)NCc2ccn(CC)n2)CC1,11.25
O=C(NC[C@H]1CCCN(Cc2cccs2)C1)c1ccon1,-3.75
Cc1noc(C)c1CN1CCn2ccnc2C1,6.65
Cl.Nc1nc(NC[C@H]2CC[C@H](CNS(=O)(=O)c3cccc4ccccc34)CC2)nc2ccccc12,96.55
CCc1c(-c2ccccc2)c(-c2ccccc2)nn1-c1ccccc1-c1cccc(OCC(=O)O)c1,98.05
CN(C(=O)c1noc2c1CCCCC2)c1ccccc1F,7.5
CN(C(=O)c1cccc(NC(=O)C2CC2)c1)[C@@H](CO)c1cccc(Br)c1,-12.25
O=C(c1csc(C(F)(F)F)n1)N1CCN(C2CC2)c2ccccc21,-5.050000000000001
COc1ccc(C(=O)Nc2ccc3nc(NC(C)=O)sc3c2)cc1OC,-3.85
COc1cc(C#N)ccc1Cn1ccnn1,11.2
Cc1noc(C)c1S(=O)(=O)N[C@H](c1cccs1)C(C)C,11.45
O=C(CN1CCC[C@H](Cn2ccnn2)C1)N1CCN(Cc2ccsc2)CC1,-5.7
C[C@@H](CN1CCCC1=O)NC(=O)N1CC(C)(C)OC2(CCCC2)C1,-12.966666666666669
Cc1cc(C)n(CCC(=O)N2C[C@@H](F)C[C@H]2Cn2cc(C(=O)N3CCCC3)nn2)n1,24.3
O=C1NCCN(C(=O)c2cncc(F)c2)[C@H]1c1ccccc1Cl,-1.7000000000000002
Cc1n[nH]c([C@@H]2CN(S(=O)(=O)N3CCCCC3)C[C@H]2C2CC2)n1,1.0499999999999998
O=c1ccc(-c2csc(S(=O)(=O)NC3CCCC3)c2)n[nH]1,7.5
COc1ccccc1NC(=O)N(C(C)C)C1CCN(C(C)=O)CC1,11.25
CN(C)S(=O)(=O)c1cccc(NC(=O)CNc2ccccc2N2CCCCC2)c1,-9.3
O=C(COCC(F)(F)F)NCCNS(=O)(=O)Cc1ccccc1,-2.3
CCCCN(C)CCNC(=O)C1CCN(S(=O)(=O)c2cccc3nsnc23)CC1,8.55
O=C(CCCc1nnc2c(=O)n(-c3cccc(F)c3)ccn12)NCc1ccccc1,11.6
Cc1oc(C)c(C(=O)NC[C@@H](c2cccs2)N2CCOCC2)c1C,-9.95
COc1ccc(NC(=O)CN2C(=O)CN(C)C(=O)c3ccccc32)cc1Cl,13.4
NC(=O)CO[C@H]1CCN(C(=O)CCc2nc(-c3ccc(Cl)cc3)no2)C1,6.85
CCNC(=O)NCCN=[S@@](=O)(c1ccccc1)C(F)(F)F,2.75
CN(C[C@H]1CCCOC1)C(=O)C1(O)CCOCC1,9.65
Cn1ccnc1CN(CCO)C(=O)NC1CC(=O)N(c2ccccc2Cl)C1,4.55
C[C@H]1CO[C@@H]2Cn3cc(C(=O)NCc4ccc(F)cc4F)c(=O)c(O)c3C(=O)N12,42.3
Cc1ncc(CO)c(CNC2C3CN4CCN(C3)CC2(c2ccccc2)C4)c1O,14.95
CS(=O)(=O)N[C@@H]1[C@@H](NC(=O)CCc2ccc(F)c(F)c2)[C@H]2CCO[C@H]21,6.6000000000000005
CCn1ccc2ccc(CN3C[C@H]4CC[C@@H](C3)[C@H]4OC)cc21,21.15
COc1ccc(NC(=O)Cn2cnc3nc(N4CCC(C(=O)NC5CC5)CC4)sc3c2=O)cc1,11.95
O=C(Nc1cccc(-c2cnco2)c1)c1ccc(CN2C(=O)CCC2=O)cc1,-15.8
COc1ccccc1-c1c[nH]cc1C(=O)Nc1ccc(NC(C)=O)cc1,-2.95
Cc1ccc(Cn2c(=O)c(N3CCN(C(=O)NCc4ccco4)CC3)nc3cccnc32)cc1,12.8
Cc1ccc(C2CC(=O)C=C(NCC(C)C)C2)cc1,5.9
CN(c1cccc2ncccc12)S(=O)(=O)c1ccc2c(c1)OCCCO2,-7.9
CCc1ccc(C(=O)N2CCC[C@H](C)C2)o1,-36.85
COc1cccc([C@@H]2C(C(=O)c3ccc(C)o3)=C(O)C(=O)N2CCCn2ccnc2)c1,-14.45
Cc1ccc(C(=O)Nc2ccc3c(c2)C(=O)N(C)C3=O)s1,6.5
CN(C)S(=O)(=O)NCc1nc(Cc2cccc(Cl)c2F)no1,12.05
CCCc1ncncc1C(=O)N(C)Cc1c(C)nn(C(C)C)c1C,14.9
CC[C@H]1CN(Cc2csc(-c3ncccn3)n2)CCO1,-4.6499999999999995
CC(C)CCn1c(N2CCC(C(N)=O)CC2)nc2c1c(=O)[nH]c(=O)n2C,0.4666666666666668
FC(F)(F)c1cc(-c2nc(C3CC3)no2)[nH]n1,52.8
Cc1cccc(CNC(=O)C2CCN(c3cnn(CC4CC4)c(=O)c3)C2)c1,11.25
CC(=O)Nc1c(O)n(-c2ccccc2)c(SCC(=O)NC(C)c2ccccc2)nc1=O,8.3
CS(=O)(=O)O.O=C(Nc1cccc(Cl)c1)Nc1ncc(CCNc2ncnc3ccsc23)s1,96.4
O=C1CCCc2nn(-c3ccccc3)nc21,-3.0
COc1ccc(-c2nc(N3CCOCC3)c3sc(CN(C)c4ncc(C(=O)NO)cn4)cc3n2)cn1,33.3
N#Cc1cccc(S(=O)(=O)NC2CCc3nn(CC4CC4)c(=O)n3CC2)c1,7.2
COCc1ncc(C)n1C1CCCN(C(=O)CCc2c[nH]c3ccccc23)C1,-4.0
CC(C)OCCCNC(=O)CC1CCN(S(=O)(=O)c2ccc3c(c2)oc(=O)n3C(C)C)CC1,2.4
N#Cc1cccc(C(=O)Nc2ccc(-n3ccnc3)nc2)c1,37.25
CC(C)CCC(=O)N1CC2(CC(CC(=O)N3CCOCC3)CO2)C1,9.7
COc1ccc(OCCN(C)Cc2ccccc2F)cc1,-11.25
O=C(CN1C(=O)c2ccccc2C1=O)NC1CCN(Cc2ccccc2)CC1,9.8
CC(=O)N[C@H]1CCCN(C(=O)NCCc2cn3ccccc3n2)C1,5.0
O=C(NCc1ccc(-n2ccnc2)c(F)c1)c1cc2ccccc2c(=O)[nH]1,17.866666666666667
COc1ccccc1N1CC[C@H](NC(=O)N2CCC(CC(=O)N(C)C)CC2)C1,-15.2
COc1ccc(CNC(=O)C2CCN(c3cnn(CC4CC4)c(=O)c3)C2)cc1OC,7.300000000000001
O=S(=O)(CCN1CCCC1)N[C@H]1CCCOc2ccccc21,7.5
CCN(CC)S(=O)(=O)c1c(C)nn(S(=O)(=O)c2ccc(C(C)C)cc2)c1C,17.2
COc1ccc(NC(=O)c2nn(C)c(=O)c3ccccc23)cc1OC,-21.95
CC1(C)CCC(C)(C)c2cc(C(=O)Nc3ccc(C(=O)O)cc3)ccc21,19.15
O=C(Nc1ccc(Cl)c(Cl)c1)N1C[C@H]2C[C@@H](C1)c1cccc(=O)n1C2,12.7
C[C@H]1COc2ccccc2CN1C(=O)CN1C(=O)c2ccccc2C1=O,6.6
O=C1CC(=O)c2c(Cl)c(Cl)c(Cl)c(Cl)c21,101.6
COc1cccc(NC(=O)CCN2C(=O)c3ccccc3S2(=O)=O)c1,9.55
COc1ccc(Cl)cc1NCCC(=O)NC[C@H]1CCCO1,-15.6
CCc1ccc([C@H](C)NC(=O)CN(CC(N)=O)C(C)C)cc1,9.444937
COc1cn(-c2ccccc2)nc1C(=O)Nc1ccc2c(c1)CCN2C(C)=O,-2.450000000000001
C[C@@H](C(N)=O)N1CCN(Cc2cn(C)nc2-c2ccccc2)CC1,1.15
CC(=O)N[C@@H]1CN(C(=O)c2ccc(F)c(F)c2)C[C@H]1CO,17.95
CCN1CCN(Cc2ccc(C(=O)Nc3ccc(C)c(Oc4ccc5c(c4)CC(=O)N5)c3)cc2C(F)(F)F)CC1,99.85
CC(=O)c1cccc(NC(=O)c2cccn(Cc3ccccc3)c2=O)c1,-19.5
CCc1nn(C)cc1CN1CCC[C@H](C(=O)Nc2ccc(C)cn2)C1,3.25
COc1cccc(-c2ccc(C(=O)N3CC[C@@H]4OCc5cnnn5[C@H]4C3)o2)c1,13.7
Cc1cc(-n2cncn2)ccc1C(=O)NC1CCN(C(=O)c2ccncc2)CC1,-6.8500000000000005
Cc1cc2c(cc1CN1CC(Oc3ccccc3)C1)OCO2,18.6
O=C(Nc1ccc(Cl)cc1)N[C@@H](Cc1ccccc1)C(=O)N1CCOCC1,4.65
CCCc1n[nH]c([C@@H]2CN(Cc3ncc(CC)o3)CCO2)n1,5.250000000000001
O=C(Cn1cnc2c(nc3n2CCCCC3)c1=O)N1CCN(C2CCCCC2)CC1,12.15
O=C(NCCc1n[nH]c(=O)[nH]1)Nc1ccc(F)cc1,-2.8999999999999995
C[C@H](N)c1ccc(NC(=O)C2CC2)cc1.Cl,1.35
CCC(C)NC(=O)C1=CC(c2ccc(OC)cc2)=NS(=O)(=O)N1C,9.2
C[C@H](O)CN(c1ccccc1)S(=O)(=O)c1ccc(S(N)(=O)=O)cc1,13.7
O=C([C@H]1CCN(c2ccccc2F)C1)N1CCOCC12CCC2,-8.466666666666667
CC[C@H](c1ccccc1)c1nnc(SCN2CCCCC2=O)o1,-7.15
CNS(=O)(=O)c1ccc(C(=O)N2CCC[C@H]2c2cnn(C)c2)o1,-9.75
Cc1ccoc1C(=O)N1CCC[C@H](C)C1,-36.4
Cc1nc(C)n([C@H]2CCCN(C(=O)c3ccc(F)c(F)c3)C2)n1,5.85
Cn1cc(C(=O)Nc2cccc(Cl)c2)c(S(=O)(=O)N2CCCCC2)n1,22.7
CC(C)(C)NC(=O)N1CCCC1c1nc(CCOc2ccc(F)cc2)no1,14.1
O=C(Nc1ccccn1)c1ccc(=O)n(CCOc2ccccc2)n1,4.6000000000000005
CCC[C@H](C)NC(=O)Cn1cnc2sccc2c1=O,-1.700000000000001
C=C(c1ccc(C(=O)O)cc1)c1cc2c(cc1C)C(C)(C)CCC2(C)C,48.85
COc1ccccc1-c1nc(C(=O)Nc2ncccc2O)cs1,19.45
O=C(Nc1ccc(O)cc1)c1ccc(C(=O)c2ccccc2)o1,8.1
Cc1cnc2c(S(=O)(=O)N3CCN(C(=O)c4ncccc4O)CC3)cccc2c1,-5.033333333333333
Cc1ccc(S(=O)(=O)[C@H]2CS(=O)(=O)C[C@@H]2NC2CCCCCC2)cc1,8.100000000000001
COc1ccc(C)cc1NC(=O)COc1ccccc1NC(C)=O,-2.1500000000000004
CCN(CC)CCCNC(=O)c1cc(-c2cccc(Cl)c2)on1,12.0
Cc1nn(CCO)c(NC(=O)NCC(C)C)c1C,12.6
CC(=O)O/N=C1/C(=C2/C(=O)Nc3cc(Br)ccc32)Nc2ccccc21,99.35
CCNC(=O)N(C)CCc1noc(-c2ccc(C(=O)N3CCOCC3)cc2)n1,11.55
CCOc1ccccc1C1CC(=O)Nc2c1cnn2C(C)C,14.15
O=C(CC[C@@H]1NC(=O)NC1=O)NCCCOC1CCCCC1,2.4
Cc1cc(C)c(NC(=O)Cn2cnc(Cl)n2)c(C)c1,9.75
O=C1NC(=O)[C@H](CCC(=O)N(Cc2ccc(O)cc2)Cc2cccnc2)N1,13.3
CCCCN(CC)S(=O)(=O)c1cc(-c2nnc(C(=O)N3CCCCC3)o2)cs1,55.3
Cc1cc(N2CCN(C(=O)c3ccco3)CC2)nc(-c2ccncc2)n1,-7.85
Cn1cncc1C(=O)N1CCCC(N(Cc2cccnc2)S(C)(=O)=O)C1,6.5
COCCc1noc(CNC(=O)N2CCCC(OCc3cccnc3)C2)n1,11.9
O=C(CC1COC2(C1)CN(C(=O)CCc1nc3ccccc3s1)C2)N1CCOCC1,10.05
CCc1nnsc1C(=O)N(C)C[C@H]1COc2ccccc2O1,2.3
COc1cccc(N2CCN(C(=O)CC3c4ncccc4C(=O)N3c3ccccc3)CC2)c1,3.45
O=C(c1snnc1C1CC1)N1CCC[C@H](N2CCCS2(=O)=O)C1,1.7
O=C([C@H]1CCS(=O)(=O)C1)N(Cc1cccnc1)c1ccc(F)cc1,-3.9
Cc1cnc2c(NC(=O)N3CCC(O)CC3)cccc2c1Cl,-3.2500000000000018
Cc1cccc(C(=O)NCCC(=O)Nc2cnn(C)c2)c1,4.8
Cc1cc(C(=O)CN2CCN(S(=O)(=O)c3cccs3)CC2)c(C)n1[C@H]1CCS(=O)(=O)C1,9.2
O=C(c1ccco1)N1CCN(c2cnn(Cc3ccccc3)c(=O)c2Cl)CC1,14.0
COc1ccccc1C(=O)Nc1nc(CN2CCC[C@H](C)C2)cs1,1.85
N#Cc1cccc(CN2CCC(NS(=O)(=O)c3cccs3)CC2)c1,1.65
CCCNC(=O)C1CCN(S(C)(=O)=O)c2ccccc2O1,7.95
Cn1ncc(N2CCOc3c(F)cccc3C2)c(Cl)c1=O,14.8
CC[C@H](O)CN1CCN(C(=O)c2sccc2OC)CC1,-17.05
CCOc1ccccc1CNC(=O)N1CC[C@H](Cc2cnn(C)c2)C1,-18.35
CCCC[C@H](ON=C(C)C)C(=O)NCCCN1C(=O)CCC1=O,12.4
Cc1c(C(=O)NCCCN)cnn1-c1ccc(C(F)(F)F)cn1,-27.0
CC[C@@H](CNC(=O)N1CCn2nc(C)nc2C1)Oc1cccc(F)c1,2.4
C[C@@H]1NCCc2cc(Cl)cc(Cl)c21.Cl,-6.65
COCCN1CCC(NC(=O)c2cncc(-c3cccc(C)c3)c2)CC1,3.95
CNC[C@H]1CCCN1C(=O)Cc1ccc(C)nc1,1.1999999999999993
CCCS(=O)(=O)c1ccccc1C(=O)N[C@H]1CCCS(=O)(=O)c2ccccc21,9.0
O[C@H](COc1ccccc1C(F)(F)F)Cn1cccn1,0.1499999999999985
CC1(Cn2cc(C(=O)NCc3cc(Cl)cc4c3OCC4)nn2)COC1,-3.4499999999999997
CCn1c(SCC(N)=O)nnc1-c1ccc(Br)cc1,5.15
Cc1ccc(NC(=O)C2CCCN(S(=O)(=O)c3cn(C)cn3)C2)cc1Cl,-2.6999999999999997
O=C1N[C@H]2CCC[C@@H]1CN(C(=O)Nc1ccc(OCc3ccco3)cc1)C2,18.3
CN(C(=O)Cc1ccc(S(=O)(=O)C(F)F)cc1)c1nccs1,-9.15
O=C(c1cccc(-c2cn[nH]c2)c1)N1CCCC(c2cc(O)ncn2)C1,18.3
O=C(Nc1ccn(Cc2cccc3cccnc23)n1)c1ccc(O)nc1,-5.7
C[C@H]1CCCCN1CC(=O)Nc1sccc1C(N)=O,-22.55
COC[C@H](NC(=O)c1nc2ccccc2s1)c1ccc(C)o1,-9.2
CCCC(C)C(=O)NCCc1nc2cccnc2n1C,11.05
Cc1ccccc1OCCN(C)C(=O)[C@@H]1CNCCO1,-2.1999999999999993
COCCCNC(=O)NCc1c(-n2cccc2)sc2c1CCN(C)C2,5.6000000000000005
O=C(CS[C@H]1CCS(=O)(=O)C1)NCCCn1cccn1,13.6
COCCCN1C(=O)C(O)=C(C(=O)c2ccc(S(=O)(=O)N(C)C)cc2)C1c1ccc(Br)cc1,-16.450000000000003
COc1ccc(Cc2nc(NC(=O)C[C@@H]3NC(=O)c4ccccc4NC3=O)n[nH]2)cc1,14.8
O=C1CC[C@H](C(=O)Nc2ccc(-c3cc[nH]n3)cc2)CN1,-18.0
Cc1cn2c3c(=O)n(Cc4ccccc4)c(=O)n(C)c3nc2n1CCO,4.5
O=C(c1ccco1)N1CCN(C(=O)c2nn(Cc3ccccc3)c(=O)c3ccccc23)CC1,-0.3500000000000001
Cc1cccnc1CNC(=O)[C@@H]1CCCN1C(=O)c1ccc2c(c1)OCO2,10.05
COc1cccc(C(=O)N2CCN(C(=O)c3nnn4c3COC(c3ccc(F)cc3)C4)CC2)c1,7.2
COc1cccc(OC)c1-c1ccc(C[C@H](NC(=O)c2c(Cl)cccc2Cl)C(=O)O)cc1,21.549999999999997
Cc1nnc(NC(=O)C2CCN(S(=O)(=O)c3ccc(Cl)cc3)CC2)o1,-23.5
Cc1ccc(-c2cc(C(=O)N3CCC[C@H](n4ccnc4)C3)on2)cc1,13.65
COCCNC(=O)C1(C)CCC(=O)N1Cc1ccc(OC)cc1OC,9.15
Cl.Cl.Fc1ccc(C(CCNC[C@@H]2[C@H]3CNC[C@@H]23)c2ccco2)cc1,78.25
COc1cc2ncnc(Nc3cc(Br)c(O)c(Br)c3)c2cc1OC,14.05
CCc1c(NC(=O)NCCNC(C)=O)cnn1-c1ccccc1C,3.3500000000000005
Cc1ccc(NC(=O)N2CCCCC2CCn2cc(C(=O)N(C)C)nn2)cc1C,12.866666666666664
Oc1c(Cl)cc(Cl)cc1Sc1cc(Cl)cc(Cl)c1O,99.55
Cc1ccc(CN2C(=O)c3ccccc3O[C@@H](C)C2=O)cc1,-0.5000000000000004
CCc1noc(C)c1C(=O)N1CCC[C@@H]1Cn1nc(C)cc1C,7.6
CC(C)n1ccc(CNC(=O)[C@H]2CCCC(=O)N2)n1,3.0
CC1CCN(S(=O)(=O)N2CCC(C(=O)N3CCCC3c3nc(C4CCOCC4)no3)CC2)CC1,12.6
COc1ccc(NC(=O)C2CC2)cc1OCc1cn2ccccc2n1,6.0
O=C1COc2cc(C(=O)N[C@H]3COC[C@@H]3N3CCCCC3)ccc2N1,10.5
O=C(NC1CCN(C2CC2)CC1)N1CCC[C@@H]1Cc1ccc(F)cc1,-15.4
O=C(NC[C@H]1CCOC1)c1cccnc1N1CCOCC1,2.3
COc1ccc(NC(=O)c2oc3c(c2C)C(=O)CCC3)cc1N1CCCC1=O,4.8999999999999995
Cc1ccc(S(=O)(=O)N2CCNC[C@@H]2C)c(Br)c1.Cl,10.2
CN(C)C(=O)c1cc2cnc(Nc3ccc(N4CCNCC4)cn3)nc2n1C1CCCC1,14.4
O=C(c1ccc2[nH]nnc2c1)N1CCN(c2ccc(C(F)(F)F)cn2)CC1,-9.95
Cc1ccc(N2N=C(C(=O)N3CCCC3)S(=O)(=O)c3cccnc32)cc1,17.2
Cc1ccc(OCc2ccccn2)nc1,10.4
Cc1noc(C2CC2)c1NC(=O)N1Cc2ccccc2OC[C@@H]1C,-13.65
COc1cc(NC(=O)COc2ccccc2)ccc1NC(=O)c1ccco1,6.75
Cc1noc(C(C)C)c1C(=O)N1CCC[C@H](n2ccnc2)C1,15.7
CCCN(Cc1ccc(CC)cc1)C(=O)NCCc1nncn1C,12.65
Br.Nc1nc(-c2ccc(Cc3ccccc3)cc2)cs1,77.15
Cc1ccc(C(=O)NCC2CC2)cc1NC(=O)NCC(F)F,-2.5
CC(C)c1ccc2c(c1)C(O)C(N)CCO2.Cl,15.9
CC1(C)NCC[C@@H]1NS(=O)(=O)c1ccc(C#N)cc1,15.45
O=C(Nc1ccc2[nH]nc(-c3ccncc3)c2c1)[C@@H]1CCN(CC(=O)N2CCN(c3ccc(-c4ncccn4)cc3)CC2)C1,28.25
Cc1cc(C(=O)N2CCC(c3nc(N(C)C)ncc3C(=O)NC(C)C)C2)no1,-11.45
CN(Cc1csc(-c2cccs2)n1)C(=O)c1cnn2ccccc12,9.15
COc1ccc([C@@H](NC(=O)C2CCN(c3ncccn3)CC2)C(C)C)cc1,-5.5
Cc1cccc(C(=O)Nc2nc3ccccc3[nH]2)n1,31.0
CCC(=O)c1ccc(OCCOCCN2CC(C)OC(C)C2)cc1.Cl,-2.8
CCCS(=O)(=O)N1CCc2ccc(NC(=O)NCc3ccc(OC)cc3)cc21,-4.25
Cc1nc(N2CCC(C)CC2)ncc1-c1cc(=O)[nH]c(N2CCN(C)CC2)n1,8.45
COc1ccc(-n2nc3nc[nH]c(=O)c3n2)cc1,-0.8500000000000014
CCCCC(=O)N1CCN(c2cc(-n3nc(C)cc3C)ncn2)CC1,8.55
CCNc1ccc(Cl)cc1C(=O)N1CCO[C@H](c2nc(C)n[nH]2)C1,20.35
Cn1c(=O)[nH]c(=O)c2nc(Cl)[nH]c21,-12.45
Cc1noc(C)c1CN1CCO[C@@H](Cn2cccn2)C1,-26.6
COc1ccc(C(=O)N(C)C)cc1NC(=O)c1ccc(C(N)=O)cc1,-5.699999999999999
C[C@H]1CN(C(=O)CCc2ccc(=O)[nH]c2)CCN1c1ccccc1,16.46666666666667
Cc1ccc(C(=O)NCCNc2ccc(C(F)(F)F)cn2)c(=O)[nH]1,-5.65
C[C@@H](C(=O)NC(=O)NC(C)(C)C)N1CCN(c2ccccc2O)CC1,16.5
O=S(=O)(c1ccccc1)N(CC(F)(F)F)c1ccc(C(O)(C(F)(F)F)C(F)(F)F)cc1,100.3
CC(C)c1ccc([C@@H](O)CN2CCN(c3ncccn3)CC2)cc1,2.25
COc1ccccc1CCNC(=O)N[C@@H](C)c1nncn1C,-0.2000000000000001
Cc1nnc(N2CCC(N(C)C(=O)c3ccc(C(F)(F)F)cc3)CC2)o1,8.799999999999999
Cc1cc(C)n([C@H]2CCCN(C(=O)c3cc(C)on3)C2)n1,-12.25
Cc1cc2cc(NC(=O)c3cc(C#N)cn3C)ccc2o1,-12.9
COCc1nn2c(c1-c1ccc(F)cc1)NC=C1C2=CC=NN=C1O,13.2
COc1ccc(NC(=O)C2=CCN(Cc3ccccc3F)CC2)cc1,7.2
COCCS(=O)(=O)N(Cc1ccc(C(C)C)cc1)C1CC1,-13.6
Cc1cc(C2CCCCC2)n(O)c(=O)c1,98.75
O=C(Nc1cccc(F)c1)C1CC(=O)N(C2CCCCC2)C1,1.5
CCN(CCn1cccn1)C(=O)C1C2C(=O)N(C(C)(C)C)C[C@@]23C=C[C@@H]1O3,9.6
CCC(=O)N1N=C(c2ccccc2C)C[C@H]1c1ccco1,-0.5499999999999998
Cc1cccc(N2CCN(C(=O)CN3CCN(Cc4ccc(Cl)cc4)C3=O)CC2C)c1,54.3
N#Cc1ccc(O[C@@H]2CCOC[C@H]2NC(=O)CCN2CCCCO2)cc1,14.55
Cc1ccc(-n2cccn2)cc1S(=O)(=O)NC1CCS(=O)(=O)C1,10.75
Cn1cc([C@]2(CNC(=O)c3cnc4ccsc4c3)CCCO2)cn1,3.5
CC(C)N1N=C(C(=O)N[C@H]2CCc3nccn3C2)CCC1=O,24.049999999999997
COc1cc2c(cc1OC)CC(=O)N(CC(=O)NCCSc1ccccc1)C=C2,5.4
Cl.N[C@H]1CCN(C(=O)CCCOc2ccc(Br)cc2)C1,4.95
CN(Cc1nccn1C(F)F)C(=O)N[C@H](c1nccs1)C1CC1,8.1
Cc1cc(C)n(-c2ccc(C(=O)NC3CCCC3)cn2)n1,27.5
CCOc1ncccc1CNC(=O)N1CCC[C@H]1c1cccs1,10.35
COc1ccc(NC(=O)c2ccccc2NS(=O)(=O)c2cccs2)cn1,61.599999999999994
Cc1nn(C)c(Cl)c1CN1CCCC[C@@H]1Cn1cccn1,14.5
OCCCN[C@@H](Cc1cccnc1)c1ccc(Cl)cc1,-4.6
CCCSCC(=O)N(C)[C@H](c1cccc(F)c1)c1cnn(C)c1,-11.4
Cc1nn(C)c(C)c1CN1C[C@@H](CF)[C@H](c2nc(C3CC3)n[nH]2)C1,30.833333333333332
CN(C)[C@@H](CNC(=O)c1ccc(NC(=O)C2CC2)s1)c1ccccc1,-8.049999999999999
Cc1cc(C(=O)N2CCC[C@H](c3nncn3C)C2)no1,8.3
CCc1nc(-c2cc(S(=O)(=O)N3CCC(C(=O)N4CCOCC4)CC3)c(C)s2)no1,15.05
COc1ccc(CCC(=O)Nc2ccc(S(=O)(=O)N(C)C)cc2)cc1,2.0
COc1ncccc1CNC(=O)NC[C@H]1CCS(=O)(=O)C1,-5.7
CNC(=O)c1ccc(C(=O)N2CCCC[C@@H]2Cn2cc(C)cn2)cn1,-13.166666666666666
Cc1cc(C)n(C[C@H]2CN(Cc3cnc(N(C)C)nc3)CCO2)n1,-6.1
CC(C)[C@H](NC(=O)N1CCN(c2ccccc2)CC1)c1cccs1,8.95
COc1ccc(Br)cc1S(=O)(=O)N[C@@]1(C)CCS(=O)(=O)C1,-8.450000000000001
CCCCC(=O)N1CCN(c2cc(Oc3ccccc3Cl)ncn2)CC1,10.1
COCc1cccc(NC(=O)c2cn(C)c3ccccc23)c1,-1.15
CCn1nc(CN2CCC(CNC(=O)NCCC(C)C)CC2)c2c1CCOC2,5.5
CC(=O)OCC1=C(C(=O)[O-])N2C(=O)[C@@H](NC(=O)Cc3cccs3)[C@H]2SC1.[Na+],100.1
CCN1CN(CCCCCF)CC1=O,8.15
COCCOCc1cnc(C)nc1C1CCCN(C(=O)c2ccccn2)C1,-0.15
CCN(CC)C(=O)N1CCN(C(=O)c2cc3c([nH]c2=O)CCC3)CC1,-4.15
CCN(CC)c1ccc(CNC(=O)c2ccc(C(C)=O)s2)cn1,-7.6
CC1(C)CCC(CNCc2ccc(S(=O)(=O)N3CCOCC3)cc2)CC1,5.449999999999999
COc1ccccc1OCC(=O)Nc1noc(-c2ccccc2)n1,9.0
COc1ccccc1NS(=O)(=O)c1ccc(O)c(NC(=O)c2c[nH]c3ccccc3c2=O)c1,5.6499999999999995
CC1(C)CC[C@]2(C(=O)O)CC[C@]3(C)[C@H](C(=O)C=C4[C@@]5(C)C=C(C#N)C(=O)C(C)(C)[C@@H]5CC[C@]43C)[C@@H]2C1,84.3
CCN(C[C@H]1CCOC1)C(=O)c1cn2ccc(C)cc2n1,-10.5
Cn1c(CCNC(=O)C2CCCN(c3nnc4ccccn34)C2)nc2ccccc21,12.800000000000002
O=C(c1ccc(Cl)c(N2C(=O)CCS2(=O)=O)c1)N1CCN(c2ncccn2)CC1,12.2
CN(C[C@H](O)c1ccccc1)S(=O)(=O)c1ccc2ccccc2c1,-3.8
Cn1cc(-c2nc(C(=O)N3CCC(NS(=O)(=O)c4ccc(F)cc4)CC3)cs2)cn1,14.6
CN(CCN1CCCC1)S(=O)(=O)C[C@H](C#N)C1CCOCC1,1.4
Cn1nnnc1I,8.25
COCc1nnc(-c2cccc(C(=O)NCCOCC(C)C)c2)o1,-0.2
COc1ccc(OC)c(-c2cc(C(=O)N(CC(=O)N3CCOCC3)Cc3ccccc3)no2)c1,54.7
C[C@@H](c1ccc(-n2cncn2)cc1)N(C)C(=O)CCn1cnc2sccc2c1=O,-13.5
N#CCCN1CCN(c2ncc(Cl)cc2Cl)CC1,11.6
C#CCN1CCC(C(=O)N[C@H](C#N)c2cccc(OC)c2OC)CC1,-11.3
CN(C)C(=O)c1cccc(CN2CCC[C@H](Cn3cncn3)C2)c1,-2.25
COc1ccc(S(=O)(=O)N(C)CC(=O)N2CCc3ccccc3C2)cc1Cl,25.1
COc1ccc(C(=O)N2CC[C@@H](n3c(=O)n(CC4CC4)c4cccnc43)C2)c(C)c1,13.15
COc1ccc(C(=O)NC2(C(F)(F)F)NC(=O)N(C)C2=O)cc1OC,-7.300000000000001
C[C@H]1c2cccn2CCN1C(=O)c1ccc(OCC(N)=O)cc1,-22.8
O=C([C@@H]1CSCN1C(=O)C1CC1)N1CCc2ccccc21,5.15
COc1ccc(CN(C)C(=O)CCN2C(=O)NC(C)(C)C2=O)cc1F,16.25
CCCCNC(=O)c1nnn(-c2ccc(Cl)cc2)c1C,-2.8
O=C(Cc1ccccc1OCc1ccccc1)N[C@@H]1CS(=O)(=O)C[C@H]1O,14.6
Cc1n[nH]c([C@@H]2CN(C(=O)CCCc3nc4ccccc4s3)C[C@H]2C(N)=O)n1,11.65
CN(C)c1ccc2nc3ccc(=[N+](C)C)cc-3sc2c1.[Cl-],92.1
O=C(Cn1cn[nH]c1=O)N[C@H]1CCCN(c2cccc(F)c2)C1,-16.4
Cc1c(C)n(CCCN(C)C)c2ncn3nc(-c4ccco4)nc3c12,4.6
Cc1ccc(Cn2c(N)cc(=O)[nH]c2=O)cc1,8.6
CCOc1cc(CNC(=O)N[C@H]2CCCN(c3ncccn3)C2)ccc1OC,4.750000000000001
NC[C@H]1CCN(S(=O)(=O)c2ccccc2Br)C1,-15.85
CN(CCCC1CCCO1)Cc1cc(C(N)=O)oc1C(C)(C)C,6.05
COc1ccccc1-c1nnc(NC(=O)COCCOc2ccccc2)[nH]1,7.85
CC[C@@H](C)[C@@H](CO)NC(=O)Cn1ncc2ccccc2c1=O,-20.0
CON(C)C(=O)CN1CCOCC1(C)C,18.4
COc1ccccc1NC(=O)N1CCCC1c1ccccc1C,7.4
CC(C)[C@H](C)NC(=O)CN1C(=O)CSc2ccccc21,16.3
CC(=O)c1ccc(C(=O)NCCc2ccnn2C)s1,16.55
Cc1ccc2c(c1)[C@@H](NC(=O)N1CCC[C@H]1Cn1ccnn1)CCC2,10.4
CC(C)NC(=O)c1cc2n(n1)C[C@@H](NC(=O)c1ccc3[nH]cnc3c1)C2,11.0
O=[N+]([O-])c1ccc(O)c2ncccc12,100.1
C[C@H](NC(=O)Nc1ccc(C#N)cc1)C(=O)NC1CCCC1,-20.25
COc1ncccc1CN(C)C(=O)c1ccc(C(F)(F)F)s1,15.15
COc1ccc(NC(=O)c2nnc(CSCC(=O)NCCN3CCOCC3)s2)cc1,23.75
O=C(NCc1ccoc1)N[C@H]1CCCN(c2ncccn2)C1,6.25
O=C(c1ccc(O)nc1)N1CCC[C@H]1c1ccc2c(c1)OCCCO2,13.55
CN(C)CCN(CC1CCCO1)S(=O)(=O)c1ccc(F)c(F)c1,-12.1
Cc1cc[nH]c1C(=O)N1CCO[C@@H](CF)C1,-3.45
Cc1ccc(CNC(=O)c2ccc(S(C)(=O)=O)cc2)n1C,7.5
CCCN1C(=O)COc2cc(-c3noc(C(=O)NCCc4cccs4)n3)ccc21,18.05
Cc1ccc(C(=O)c2cc(O)c(O)c([N+](=O)[O-])c2)cc1,98.65
CC(C)N1CCCC(CN(C)C(=O)c2cncnc2)C1,10.7
Cc1ccc(S(=O)(=O)[C@H]2CS(=O)(=O)C[C@@H]2N2CCN(c3ncccn3)CC2)cc1,10.3
CCOc1ccc(NC(=O)c2cc(S(=O)(=O)NC)cn2C)cc1OC,-6.6499999999999995
CNC(=O)c1cnn(-c2nc(N)c3ncn([C@@H]4O[C@H](CO)[C@@H](O)[C@H]4O)c3n2)c1,13.65
CC(=O)Nc1cccc(NC(=O)CCc2nc(-c3ccncc3)no2)c1,1.4000000000000004
COc1cc2c(cc1F)C(c1ccccc1Cl)=NC1=C(C)NNC1=N2,100.5
CN(C)c1noc(Cn2nc(C(C)(C)C)ccc2=O)n1,-10.5
Cc1cccc(NC(=O)NCc2cc(C)no2)c1,2.2
N#Cc1ccc(CS(=O)(=O)CC(=O)N(Cc2ccc(F)cc2)C2CC2)cc1,0.3500000000000001
CC(C)c1cnc2c(c1SCCN1CCCC1)c(=O)n(C)c(=O)n2C,18.05
Cn1c(CNCC(F)(F)F)cnc1Br,18.8
O=C(Cn1nnnc1-c1ccsc1)N1CCCC[C@@]12CCOC2,6.5
Cc1noc(Cl)c1CCC(=O)N[C@H]1CCc2nccn2C1,-14.5
Cn1c(=O)oc2cc(S(=O)(=O)N3CCCC(C(=O)NCCCN4CCOCC4)C3)ccc21,-4.500000000000001
CN(CC(O)c1ccccc1)C(=O)CC1(c2ccccc2)CC(=O)N(CCc2ccccn2)C1=O,2.9499999999999997
CCN1CCCCC1CNCc1ccc2cc(O)ccc2c1,62.3
COc1ccc(C(=O)N2CCC[C@H](n3cc(C)cn3)C2)c(F)c1,-6.3500000000000005
C[C@H](NC(=O)N(C)Cc1ccon1)c1cc(F)ccc1N(C)C,10.15
CN(C(=O)CSCc1ccc(C#N)cc1)[C@H]1CCS(=O)(=O)C1,1.0
COc1cc(S(=O)(=O)Nc2ccccc2C(N)=O)c(OC)cc1C,1.4500000000000002
CCCNC(=O)[C@H](C)NC(=O)c1cccc(N2CCCC2=O)c1,8.1
O=c1cc(N2CCC(CN3CCc4ccccc43)CC2)nc2ccccn12,31.85
Cn1nc(C2CC2)nc1CN1CC[C@@H](Oc2ccncc2)C1,-11.0
N#CCN(CCC(F)(F)F)C1CCCCC1,16.4
COCCOCc1cnc(C)nc1C1CCCN(C(=O)c2ccccc2)C1,-11.1
C[C@H](NC(=O)Cc1ccc(F)cc1)C(=O)N1CCOCC1,-0.1999999999999999
COc1ccc(O[C@@H](C)C(=O)N2CCC(n3cccc3)CC2)cc1,14.15
O=C(NCc1ccco1)N1CCN(c2ccccc2)CC1,-15.8
Cc1cnn(C[C@H]2CCCN2C(=O)c2cc(Br)c[nH]2)c1,4.0
Cc1cccc(NC(=O)CN2C(=O)COc3ccc(S(=O)(=O)N4CCOCC4)cc32)c1,12.6
Cc1ccc(NC(=O)N2CCN(c3ccnc(N4CCOCC4)n3)CC2)cc1Cl,54.9
CC1CCCN(C2(O)C(=O)N(Cc3ccccc3)c3ccccc32)C1,55.900000000000006
O=C(O)CC(Cc1ccccc1)C(=O)O,13.15
CCN1CCC[C@@H]1CN(C)C(=O)CCc1c(C)nc(-c2cccnc2)[nH]c1=O,1.1999999999999995
Fc1cccc2[nH]cc(Br)c12,68.4
Cc1cc(NC(=O)N2CC[C@H](CN3CCOCC3)C2)nnc1C,-0.1000000000000005
COc1ccc(F)c(CNC[C@H]2CC(=O)N(C3CC3)C2)c1,-3.7
CC(C)c1cncc(NC(=O)c2c[nH]c(=O)n2C)c1,-1.5
Cn1c(=O)oc2cc(S(=O)(=O)N3CCN(C(=O)c4ccccc4F)CC3)ccc21,5.6000000000000005
CC(C)CN1CCN(S(=O)(=O)CCOc2ccccc2F)C(C)C1=O,18.700000000000003
CNC[C@H]1CCN(C(=O)c2cc(Cl)ccc2Cl)C1.Cl,6.0
COc1ccc(C(=O)C2=C(O)C(=O)N(CCN(C)C)[C@@H]2c2ccc(OC)cc2)cc1,-6.3500000000000005
Cc1c[nH]nc1C(=O)N[C@@](C)(CO)c1cccc(Br)c1,8.100000000000001
Cc1csc([C@@H]2CCCCN2C(=O)CCn2ccnn2)n1,2.4499999999999997
CCCN1CC[C@H](CNC(=O)NCc2c(C)cc(C)[nH]c2=O)C1,5.95
N#Cc1ccc(NC2CCN(CC(F)F)CC2)c(F)c1,3.0500000000000003
Cc1ccc(OCCNC(=O)Nc2ccc(C)c(-n3cnnn3)c2)cc1,-2.4000000000000004
COc1cc(CNC(=O)[C@H]2CCCN(c3ncccn3)C2)ccc1C,23.55
CCN(CC)S(=O)(=O)c1ccc2oc(Nc3ccc(OC)cc3OC)nc2c1,3.15
CN(Cc1cnn(C)c1)C(=O)C1CC(=O)OC12CCCC2,15.65
CCOc1ccc2c(n1)CCN(C(=O)c1cccc(C)c1)C2,6.3
Cc1cccc(F)c1NC(=O)Nc1ccc2c(c1)N(C)C(=O)CO2,16.15
CCn1cc(NC(=O)c2ccc(OC)cc2O)ccc1=O,-10.45
CCC(Oc1ccc(C)cc1)C(=O)Nc1ncccc1C,3.3499999999999996
CC(C)(C)C(=O)C[n+]1cccc(/C=N/O)c1.[Br-],-7.35
COc1ccc(/C=C/C(=O)Nc2ncc(Cc3cccc(C(F)(F)F)c3)s2)cc1,10.65
COc1ccc(C2=NOC(C(=O)NCc3ccco3)C2)cc1OC,1.9
CCOc1ccc(S(=O)(=O)Nc2cc(OC)c3nc(NC(C)=O)sc3c2)cc1,6.3
CC(C)n1cc(Br)cc1C(=O)N1CCNC[C@@H]1C,14.05
O=C1C[C@H](N(C(=O)c2cccn2C2CCCC2)C2CC2)C(=O)N1,2.55
CC(C(=O)NCC1(C)COC1)c1n[nH]c(=O)c2ccccc12,8.95
N#Cc1cccc(C(=O)NC2CCN(CC3CCCO3)CC2)c1,5.75
N#Cc1cccc(CS(=O)(=O)NC(=O)C2=CCCCCC2)c1,-6.45
O=S(=O)(NCCc1nnc(-c2ccccc2)o1)c1c[nH]cn1,10.5
CCOc1cccc2cc(C(=O)Nc3c(C)n(C)n(-c4ccccc4)c3=O)c(=O)oc12,30.45
Cc1ccc(OC[C@H](C)NC(=O)N2CCC(C(N)=O)CC2)cc1,6.75
O=C(c1ccccn1)N1C[C@@H]2CC[C@H](C1)N(C(=O)c1ccc3[nH]nnc3c1)C2,14.2
CNC(=O)c1cc(S(=O)(=O)Nc2cc(C)ccc2O)cs1,14.95
CC(C)N1CC[C@H](NS(=O)(=O)CC2CCCCC2)C1=O,19.75
CN(C(=O)c1cccnc1-n1cccn1)[C@H]1CCCN(c2ccccc2)C1=O,6.65
CO[C@@H]1CN(C(=O)Cc2csc(-c3ccccn3)n2)CCO1,13.8
CC(=O)c1c[nH]c(C(=O)N2CCC[C@H](N3CCCC3)C2)c1,-15.25
COc1cc(F)c(F)c(Nc2ccc(I)cc2F)c1NS(=O)(=O)C1(C[C@H](O)CO)CC1,89.65
CCCc1cc(=O)n2nc(N(C)CC(=O)NC(C)CCc3ccccc3)sc2n1,5.8
O=C(Nc1ccc2c(c1)CNCC2)[C@H]1NCC12CCOCC2,-3.8
COc1ccc(NC(=O)[C@H](C)NC(=O)N2CCN(c3ccccc3)CC2)cn1,25.049999999999997
Cc1ccccc1NC(=O)CCc1ccc2c(c1)OCCO2,-2.066666666666668
O=C(O)CCC/C=C\C[C@@H]1[C@@H](/C=C/[C@@H](O)COc2cccc(Cl)c2)[C@H](O)C[C@@H]1O,11.3
COc1ccc(C#N)cc1NC(=O)NC(C)C,16.4
COc1cccc(COC[C@@H](O)CN2CCOC3(CCCCC3)C2)c1,-27.75
O=C(COc1ccc(Br)cc1)N1CCOc2ccccc21,-3.4000000000000004
CCN1CCN(C(=O)c2ccc(-c3cc(F)ccc3C(C)=O)cc2)CC1,1.8000000000000005
O=C(CC1NC(=O)c2ccccc2NC1=O)NC1CCN(Cc2nc3ccccc3[nH]2)CC1,9.3
O=C(Nc1ccc2c(c1)OCCCO2)c1cc2cc(F)ccc2[nH]1,-6.35
Cn1ccnc1CCNCc1cn(-c2ccc(F)c(Cl)c2)nn1,2.4000000000000004
COc1cc(NC(=O)c2cc(=O)[nH]c3ccccc23)cc(OC)c1OC,19.95
Cc1ccc(S(=O)(=O)NC[C@H]2CCCNC2)cc1F.Cl,2.6000000000000005
COc1ccc(Nc2nnc(S[C@@H](C)C(C)=O)s2)cc1,-14.15
CCC1=C(c2ccc(C)cc2)S(=O)(=O)N=C1N1CCC(C(=O)N2CCN(c3ncccn3)CC2)CC1,10.4
CCCS(=O)(=O)N1CCC[C@H]1C(=O)NC1CCN(Cc2cccnc2)CC1,5.1
Cc1nc2cc(NC(=O)c3ccc(-n4c(C)c[nH]c4=O)cc3)ccc2o1,-4.25
COc1ccc(CN2C(=O)N[C@@H](CCC(=O)Nc3nccs3)C2=O)cc1OC,14.85
COc1ccc(S(=O)(=O)N2CCC(C(=O)c3ccc4c(c3)NC(=O)CO4)CC2)cc1OC,13.75
CC1CC(C)CN(CCOc2ccc(Br)cc2)C1.O=C(O)C(=O)O,7.65
O=C1OCCN1CCCSc1ccc2c(c1)OCCCO2,20.95
Cc1nn(-c2ccccc2)nc1C(=O)Nc1ccc2c(c1)C(=O)N(C)C2=O,9.0
CC(C)CN1CCO[C@@H](CNC(=O)NCc2ccnc(N(C)C)c2)C1,-5.65
CC[C@H](C)n1nc(C(=O)N2CCN(c3ccnc(C)n3)CC2)cc1C,8.3
CC(=O)c1cccc(C(=O)N2C[C@H]3CC[C@@H]2CN(C(=O)c2cccnc2)C3)c1,7.85
C[C@]1(c2ccc3c(c2)OCCCO3)NC(=O)N(CC(=O)Nc2ccc(CC#N)cc2)C1=O,17.5
CCOCCCNC(=O)Cn1nc(C)n2nc(-c3ccc(CC)cc3)cc2c1=O,3.75
Cc1ccc(CN2C[C@@H](C(=O)NN3CCOCC3)CC2=O)cc1,-6.1499999999999995
O=S(=O)(c1ccc2c(c1)OCO2)N1CCN(c2cccc3cccnc23)CC1,-0.85
Cc1cc(NCc2ccc(C(N)=O)cc2)nc(-c2ccncc2)n1,-6.85
O=C(Cn1c(=O)[nH]c2ccccc2c1=O)Nc1ccc2oc(=O)ccc2c1,9.6
COc1cccc2c1C(=O)c1c(O)c3c(c(O)c1C2=O)C[C@@](O)(C(C)=O)C[C@@H]3O[C@H]1C[C@H](N)[C@H](O)[C@H](C)O1.Cl,94.95
O=C(NCC1CCC1)[C@@H]1CCCN1C(=O)c1ccccc1O,11.55
Cc1nc(C)n(C[C@H]2CCCN(Cc3cnn(C)c3)C2)n1,2.9000000000000004
O=C(c1cnc[nH]1)N1CCC[C@H](C(F)(F)F)C1,-14.266666666666666
CN1CCN(S(=O)(=O)N2CCN(C(=O)CCn3cccn3)CC2)CC1,-22.65
CC(=O)N1CCC(C2CCN(Cc3cccc(Cl)c3)C2)CC1,15.2
COc1ccc(CCN2CCC(Nc3nc4ccccc4n3Cc3ccc(F)cc3)CC2)cc1,86.75
Cc1nc(C)n([C@H]2CCCN(C(=O)c3ccn(C(C)C)n3)C2)n1,-3.3499999999999996
Cc1ccc(NC(=O)NC[C@H](C)N(C)c2ccccc2)cc1,-51.4
CN1CCN(C(=O)c2cncc(N(C)CC3CC(=O)N(C4CCCC4)C3)n2)CC1,7.75
COc1cccc(CC(=O)N2CCCCC2CCn2cc(C(=O)NCC3CC3)nn2)c1,-20.3
CN(CC1CC(=O)N(C2CCCC2)C1)C(=O)NCCCn1ccnn1,15.8
O=C(c1ccn(CC(F)F)n1)N1CCCC[C@H]1c1nc[nH]n1,8.5
O=C(Nc1cccc(C(F)(F)F)c1)N1CCN(c2cnn3c(C4CC4)nnc3c2)CC1,100.3
O=C(NCc1ccccc1F)C1CCN(c2ccc3nncn3n2)CC1,2.95
CCCn1c(=O)n(CCC(=O)N2CCN(S(=O)(=O)c3cccc(F)c3)CC2)c2ccccc21,15.6
CN(CC(=O)Nc1nnc(C(F)F)s1)S(=O)(=O)c1ccc(Cl)cc1,54.55
CN(Cc1ccncc1)C(=O)CNC(=O)c1ccc(OCc2nccn2C)cc1,16.9
C[C@@H]1CN(C(=O)COc2ccccc2)c2ncnn2C1,9.25
Cn1c(=O)[nH]cc(C(=O)N(C2CC2)[C@H]2CCCc3ccccc32)c1=O,13.4
CCC1(C(=O)N[C@]2(C(F)(F)F)CCc3ccccc32)COC1,12.8
Cc1ccc(C)c(N2CCN(Cc3ccn[nH]3)CC2)c1,9.85
CCOc1ccccc1CNC(=O)c1cccn1-c1cccnc1,10.9
CCN(CC)C(=O)[C@@H]1CCCN1C(=O)c1ccc(N(C)C)nc1,8.45
CSCc1ccnc(NCc2ncc[nH]2)c1,2.05
COc1cc(Cn2nc3ccccn3c2=O)ccc1SC(F)F,-13.7
O=C(NC[C@@]1(CCO)CCOC1)c1cccnc1C1CC1,5.65
CC[C@H]1CN(C(=O)NCCCn2ccnc2)CCO1,1.9
CSc1cccc(NC(=O)Cn2nc3n(CC4CCCO4)c(=O)c4sccc4n3c2=O)c1,5.45
CC(Oc1ccc(F)cc1)C(=O)NC1CCCC1,2.0500000000000003
Cc1ccc(C)c(-n2ccc3nc4ccn(N)c(=O)c4cc3c2=O)c1,6.65
CCOc1ccc(C2CC(=O)Nc3c2cnn3C(C)(C)C)cc1,5.0
O=C(c1ccc(Cl)cc1)N1CC(OCc2ccc(F)cc2)C1,9.85
CC(C(=O)N1CCC2(CC1)CC(=O)N(Cc1cc(F)cc(F)c1)C2)N(C)C,8.6
CC(C)N1C[C@@H](C(=O)Nc2ccc3ccn(CCN(C)C)c3c2)CC1=O,7.800000000000001
CCC(C)n1nc(C)cc1NC(=O)CN(c1cccc(F)c1)S(C)(=O)=O,3.65
O=C(NCCc1ccco1)N[C@H]1CCN(c2ccccc2)C1,11.5
COc1ccc(NC(=O)CCCn2cccc2)cc1-c1nnc(C)o1,14.05
CCN(CC)C(=O)Cn1c(=O)n(Cc2ccc(F)cc2)c(=O)c2sccc21,7.5
COc1ccc([C@@H]2CCCCCN2C(=O)Cn2ncc(C)cc2=O)cc1,-3.249999999999999
CC(C)C(=O)N1CCC[C@H](C(=O)NCc2ccc(N3CCCC3)nc2)C1,-1.4000000000000004
CN1C(C(=O)N2CCCCCC2)=CC(c2ccc3c(c2)OCO3)=NS1(=O)=O,1.6
C[C@H](NC(=O)CCc1ccccc1O)C(=O)N1CCOCC1,-11.5
O=C1CN(C(=O)c2ccc(=O)n(CCOc3ccccc3)n2)c2ccccc2N1,-12.4
O=C(Nc1nccnc1C1CC1)[C@H]1CCCOCC1,14.6
Cc1c(CC(=O)N2CCOCC2)c(=O)oc2cc(O)c(Cl)cc12,22.85
CCCc1cc(O)nc(SCC(=O)Nc2oc(C)c3c(C)n[nH]c(=O)c23)n1,16.0
CCOc1ccccc1NC(=O)Cn1c(=O)c2ccccc2n2nc(C)cc12,2.9000000000000004
NC(=O)CC[C@H]1CCCN(c2ncnc3c2ncn3C2CC(CO)(CO)C2)C1,0.2999999999999999
Cc1cc(C)n(Cc2cccc(NC(=O)c3ccccn3)c2)n1,8.15
C[C@H]1CN(c2nnc(-c3ccon3)s2)CC2(CCOCC2)O1,6.35
CC(C)CNC(=O)C1CCN(C(=O)N2C[C@H]3C[C@H](C2)[C@H]2CCCC(=O)N2C3)CC1,12.4
COc1ccc(CN2CCN(C(=O)[C@H](C)n3cncn3)CC2)cc1,-10.25
Cc1noc([C@H]2CCCN(C(=O)CCc3nccs3)C2)n1,34.1
Cc1nc(CC2CC2)oc1C(=O)Nc1ccc(N2CCOC[C@@H]2C)cc1,4.9
CN(Cc1cnc2ccccc2c1)C(=O)c1cccn1C1CC1,5.5
COc1ccc(S(=O)(=O)N2CCCC(C(=O)N3CCN(Cc4ccccc4)CC3)C2)cc1Cl,1.7000000000000002
CN(c1cccc(C#N)c1)S(=O)(=O)c1c[nH]c2nccc(Cl)c12,13.35
CC(C)CN1C[C@H]2CN(C(=O)c3csc(-c4nnc[nH]4)n3)CCN2C1=O,4.2
C#CCNS(=O)(=O)c1ccc(C(=O)N2CCC[C@H]2c2ccc3c(c2)OCCCO3)cc1,15.0
O[C@@H](COCc1ccc(Cl)cc1)CSc1nnc(-c2ccco2)o1,-15.5
Fc1cccc(CSc2nnnn2CC(F)(F)F)c1F,7.0
O=c1nc([C@@H]2CCCCN2Cc2ccc(Cl)s2)[nH][nH]1,-7.2
CCOc1ccc(-n2c([C@@H](C)N(Cc3cccnc3)C(=O)Cc3ccc(OC(F)(F)F)cc3)nc3ncccc3c2=O)cc1,11.55
Cc1nc(C)n(C[C@H]2CCCN2Cc2nc(C)c(C)o2)n1,12.801105
CN1C(=O)C[C@@H](C(=O)N[C@@H](CO)CCO)[C@@H]1c1cccnc1,-2.3000000000000003
COCCCNC(=O)c1cn(CCOC)cc2c(=O)n(-c3ccccc3)nc1-2,15.75
CS(=O)(=O)c1ccc(CC(=O)N2CC(OCc3ccccc3)C2)cc1,15.35
CN(C)CCCN1C(=O)C(O)=C(C(=O)c2ccc3c(c2)OCCO3)[C@H]1c1ccc(F)cc1,-13.7
COc1ccc2c(c1)CCCN2C(=O)c1ccc(Cn2ccccc2=O)o1,-1.75
COCCCC(=O)Nc1nc(-c2cc(F)ccc2F)cs1,0.0499999999999998
O=c1cc(-c2ccc([N+](=O)[O-])cc2)oc2ccccc12,5.25
CCOc1ccc(S(=O)(=O)Nc2ccc(Cl)cc2)cc1,9.1
CS(=O)(=O)c1cccc(S(=O)(=O)N2CCC[C@@H]2CN)c1.Cl,22.8
COCCN(C)S(=O)(=O)c1cc2c(cc1Oc1cccnc1)Oc1ccc(C)cc1NC2=O,51.75
Cc1ccc(CNc2ccc3nnnn3n2)cc1,2.0
CCc1n[nH]c(=O)c2cc(S(=O)(=O)NCc3ccccc3)cn12,13.8
O=C(c1ccsc1)N1CCC(Cc2nnc(-c3ccccc3)o2)C1,-5.25
O=C(NC[C@H](O)CN1CCCCC1)Nc1ccc(C(F)(F)F)cc1,-2.7
CC[C@@H](c1ccncc1)N(CC)C(=O)C1CCN(C(=O)N(C)C)CC1,-5.1
CN(Cc1ccc(F)cc1F)C(=O)c1cc(O)nc2ccc(S(=O)(=O)N3CCOCC3)cc12,13.45
CCOc1cc(NC(=O)N2CCN3CCCC[C@H]3C2)ccc1OC,11.5
Cn1c(CN2CCCC2)nnc1C1CCN(C(=O)c2ccccc2)CC1,7.5
CC(C)(C)c1cc(C(C)(C)C)c(NC(=O)c2c[nH]c3ccccc3c2=O)cc1O,98.65
Cc1noc(C)c1S(=O)(=O)Nc1ccccc1C(=O)N1CCCCC1,3.65
Cc1cc(C)c2c(n1)SCCN2C(=O)Nc1cccc(C(=O)NCCN(C)C)c1,9.0
CC(C)[C@@](C)(C#N)NC(=O)CN1CCCN(c2ccc(C(F)(F)F)cn2)CC1,-11.7
CNC(=O)c1ccc(CN(C2CC2)S(=O)(=O)c2cccs2)cc1,-19.049999999999997
CC(C)n1c(N2CCN(C(=O)c3cccc(Cl)c3)CC2)cc(=O)n(C(C)C)c1=O,2.3
CN(C[C@H]1CCS(=O)(=O)C1)S(=O)(=O)c1ccnn1CCc1ccccc1,4.300000000000001
CCCn1nc(C(=O)N[C@@H](C)c2ccc(C)o2)ccc1=O,32.25
CC(C)[C@@H](C(=O)NCCCOCCc1ccccc1)N1CCCS1(=O)=O,13.766666666666667
N#Cc1ccc(-c2cnc3[nH]cc(NC(=O)c4cccnc4)c3c2)cc1,31.85
CC1(C)C[C@@H](O)CCN(C(=O)Cc2cccc(N3CCCC3=O)c2)C1,4.7
Cc1nc2ncc3c(=O)n(-c4ccc(F)cc4)ccc3n2n1,8.0
O=C(CNC(=O)c1cc2ccccc2[nH]1)N[C@H]1COc2ccccc21,-30.75
CNC[C@H]1CCN(S(=O)(=O)c2cccc(C)c2)C1.Cl,8.6
CON(C)C(=O)Nc1cnn(C[C@H]2CCCO2)c1,7.1000000000000005
CCn1cc(C2=NOC(C(=O)N3CCC(C(N)=O)CC3)C2)c(C)n1,13.3
O=C1c2c(O)cccc2Cc2cccc(O)c21,77.3
Cc1ccsc1CN(C)C(=O)c1ccc2c(c1)OCCCO2,1.9000000000000004
CCOCCn1c(=O)c2c(nc3n(C(C)CC)c(C)c(C)n23)n(C)c1=O,11.8
COCCC(=O)N1CCC2(CC1)CN(c1ccc(C#N)c(C(F)(F)F)c1)CC2C(=O)N1CCCC1,13.15
CCc1cccc(CC)c1NC(=O)N1Cc2[nH]nc(NC(=O)c3ccc(N4CCN(C)CC4)cc3)c2C1,18.049999999999997
CCCNC(=O)N1CCN(c2nc3ccccc3n3cccc23)CC1,51.4
CN(C)CCCNC(=O)C1CCN(S(=O)(=O)c2cccs2)CC1,2.4
Cc1c(C(=O)N[C@H]2CCCN(c3ncccn3)C2)cnn1C(C)(C)C,7.549999999999999
O=C(Cn1ccc(=O)c2ccccc21)N1CCC(Oc2ccccc2)CC1,1.75
O=C(O)[C@]1(Cc2cccc(Nc3nccs3)n2)CC[C@@H](Oc2cccc(Cl)c2F)CC1,91.75
Cc1ccoc1C(=O)N1CC(N2CC(F)(F)C[C@H]2CO)C1,-0.1500000000000003
COc1ccc(OC)c(NC(=O)C2CCN(S(C)(=O)=O)c3ccccc3O2)c1,5.2
CCN(CC(=O)NC(C)C)C1c2ccccc2-c2ccccc21,5.133333333333334
Cn1ccc(NC(=O)CC[C@H]2CCCO2)n1,-7.300000000000001
O=C(/C=C/c1ccc2ccccc2n1)c1ccncc1,98.5
CC(C)c1ocnc1C(=O)N[C@H]1CCc2nccn2C1,-28.75
C[C@H](NC(=O)c1cccs1)C(=O)N(Cc1nccn1C)C1CC1,-1.2000000000000002
O=S1(=O)CCC(CN[C@@H](c2ccccc2)c2ccc(F)cn2)CC1,22.55
CC(C)Cc1ccc(CNCC2(O)CCOCC2)cc1,11.8
CCS(=O)(=O)NCc1ccc(C(=O)N[C@H]2CCC(=O)NC23CCC3)cc1,4.75
CS(=O)(=O)c1ccc(C(=O)N2CCOc3ccccc32)cc1,24.6
COc1ccc(S(=O)(=O)Nc2ccc(C(N)=O)cc2)cc1Cl,2.95
N#Cc1cccc(S(=O)(=O)NCc2ccccn2)c1,-25.433333333333337
O=S(=O)(c1c[nH]c2ncc(Cl)cc12)N1CC[C@]2(CCNC2)C1,-1.95
CN1CC2(CCCN(Cc3cc(=O)c4cccc(F)c4[nH]3)C2)OC1=O,12.0
O=C(Nn1cnc2scc(-c3ccco3)c2c1=O)c1ccc(=O)[nH]c1,1.0
CCN(C(=O)[C@H](C)Sc1nc(N)cc(N)n1)c1ccccc1,18.6
CCc1onc(C)c1NC(=O)[C@H]1CC(=O)N(CCOc2ccccc2Cl)C1,-5.5
CCn1c(C)cc(=O)c2cc(C(=O)Nc3nc(C)cs3)ccc21,22.5
O=C(Nc1ccc(-c2ccccn2)cn1)c1cccc2cn[nH]c12,-0.1
C[C@H](Sc1ccccc1Cl)C(=O)NCC1(O)CCC2(CC1)OCCO2,4.050000000000001
CCOc1ccc(S(=O)(=O)N2CCCN(C(=O)C(C)C)C(c3nc(C)n[nH]3)C2)cc1,13.75
Cc1cc(C(=O)Nc2ccc(C(=O)Nc3nccs3)cc2)no1,4.3
CC(C)CN1CCN([C@@H](C)c2nc3ccccc3c(=O)[nH]2)CC1,17.7
COc1ccc(Cl)cc1NC(=O)CN(c1ccc(C)cc1)S(C)(=O)=O,51.0
COc1cccc(C(C)(C)CNC(=O)N(C)Cc2cscn2)c1,-6.199999999999999
CC(C)n1ccc(CN2C(=O)[C@@H]3CCCCN3C2=O)n1,-4.050000000000001
O=C(Cn1ccc2ccccc21)N1CCN(CCc2ccccn2)CC1,12.4
Cc1nc(C(=O)N2CCn3c(nn(CC(C)C)c3=O)C2c2ccccc2)co1,14.1
C[C@@]1(C2CC2)COCCN1C(=O)c1cncc(N2CCCC2)n1,-2.2
CCCCn1c(CN2CCOCC2)nc2cc(NC(=O)CCC)ccc21,20.65
N#CCSc1nc(S(=O)(=O)c2ccccc2)c(Cl)s1,10.95
CC(C)c1nnc(C2CN(C(=O)COc3ccc(F)cc3)CC23CCOCC3)o1,6.7
Cc1ccc(NC(=O)CN2C(=O)C3C4C=CC(C4)C3C2=O)cc1,2.9000000000000004
CC(=O)N1CCN(c2nc(C)nc(Oc3ccccc3)c2N)CC1,7.199999999999999
Cc1c(-c2ccc(N3CCc4cccc(C(=O)Nc5nc6ccccc6s5)c4C3)nc2C(=O)O)cnn1CC12CC3CC(CC(C3)C1)C2,54.75
O=S(=O)([C@H]1CCOC1)N1CC(COc2ccccc2)C1,-13.55
Cc1cc(CCCOc2c(C)cc(-c3noc(C(F)(F)F)n3)cc2C)on1,12.2
CCN1C(=O)c2cccc3c(S(=O)(=O)NCCCn4ccnc4)ccc1c23,-2.45
O=C(Nc1ccc(S(=O)(=O)Nc2nccs2)cc1)C(c1ccccc1)c1ccccc1,5.55
Cn1c(=O)n(C)c2cc(S(=O)(=O)NCCc3cc4ccccc4o3)ccc21,17.900000000000002
FC(F)C(F)(F)c1cc(-c2ccccc2)[nH]n1,-2.05
C[C@H]1CCCN(C(=O)Nc2ccc(-n3cccn3)nc2)C1,-21.549999999999997
CCc1cc(C(=O)Nc2ccc(C)cc2F)nc2ccnn12,24.15
Cc1cc(CN2C[C@@H](F)C[C@H]2CN(C)C(=O)c2ccc(=O)n(C)n2)on1,12.45
CCc1n[nH]c([C@@H]2CN(C(=O)c3cc(C)no3)CCO2)n1,-6.65
O=C(c1cnn(Cc2ccccc2)c1)N1CC[C@@H]2OCc3cnnn3[C@H]2C1,6.85
CCN(CC)CCCNC(=O)CCc1cc2cc(OC)ccc2nc1O,8.45
CCc1ccc(CNC(=O)N2CCC[C@H]2c2cc(C)no2)s1,12.25
Cc1ccc(O)c(CNC[C@H]2CC(=O)N(C3CC3)C2)n1,-5.65
Cc1ccc(N2N=C(C(=O)N[C@@H](C)Cc3ccco3)NCC2=O)cc1,-9.45
Cn1ncc(N2CCN(c3ncccc3F)CC2)c(Cl)c1=O,2.95
CC[C@H](C)n1ncc(C(=O)NCCC2(O)CCC2)c1C1CC1,-16.25
CC[C@@H](c1ccccc1)N1CCC(Cc2nncn2C)CC1,-10.2
CCCNC(=O)c1ccc(C)c(NC(=O)c2ccncc2F)c1,19.85
CCS(=O)(=O)c1nc2ccc(NS(=O)(=O)c3cc(OC)ccc3OC)cc2s1,13.75
O=C(Nc1ccc([N+](=O)[O-])cc1Cl)c1cc(Cl)ccc1O,98.45
Cc1ccnc(CC(C)N(C)C(=O)NCC(C)(C)CN(C)C)c1,10.4
CC(=O)c1ccc(S(=O)(=O)Nc2cccc3cccnc23)cc1,100.2
CCO[C@@H](CS(=O)(=O)N1CCc2cccc(Cl)c21)C1CC1,8.799999999999999
CS(=O)(=O)NCCCNC(=O)c1cc2cc(F)ccc2[nH]1,8.0
O=C(c1ccc2c(c1)OCO2)N1CCc2ccccc2C1,6.8500000000000005
COc1ccc(C(=O)/N=c2\nc3ccc(Cl)cn3s2)cc1,-2.95
Cn1c(CNC(=O)[C@@H]2COCCN2C2CCCC2)nnc1C1CCC1,-8.2
Cc1nn(CC(=O)N2CCCC[C@@H]2C)c(=O)c2ccccc12,20.0
Cc1cccc2nc(CNC(=O)c3cc(=O)c4ccccc4o3)cn12,13.0
CCOc1ccccc1C(=O)NCCCC(=O)Nc1cccc(C#N)c1,1.5
N#Cc1cccc(C(=O)NC[C@H]2CCN(CCc3ccccc3)C2)c1,2.3499999999999996
C[C@@H](C1CC1)N(C)C(=O)CCc1ccc2[nH]ccc2c1,20.049999999999997
CC/C(=C(/CC)c1ccc(O)cc1)c1ccc(O)cc1,92.25
Cc1ccc(S(=O)(=O)N2CCN(Cc3nc4cc(Cl)ccc4c(=O)[nH]3)CC2)cc1,-23.03333333333333
CCOc1ccc(C(=O)C2=C(O)C(=O)N(CCN(C)C)[C@@H]2c2ccc(O)cc2)cc1Cl,-0.4000000000000003
Cc1cc([C@@H]2CCCN2C(=O)Cn2nc(C)c(Cl)c2C)on1,11.9
Cc1c(NC(=O)Nc2ccc(Cl)cc2)c(=O)n(-c2ccccc2)n1C,6.75
CC(C)(C)OC(=O)Nc1ccc(-c2cc(C(=O)NCCCCCCC(=O)NO)no2)cc1,39.75
O=C(CCc1ccsc1)N[C@H]1CCc2nccn2C1,17.65
CS(=O)(=O)N1CCC(CC(=O)NCc2ccc(F)cc2)C1,19.2
CCn1c(=O)cc(N2CC[C@H](CNc3ccccn3)C2)[nH]c1=O,8.8
Cc1cc(C)n([C@H]2CCCN(C(=O)c3ccc(C(N)=O)cn3)C2)n1,11.1
O=S(=O)(NCc1noc(C2CCCO2)n1)N1CCCCCC1,28.799999999999997
Cc1cc(NS(=O)(=O)Cc2c(F)cccc2F)ccn1,6.5
CCc1nc([C@H]2CCCN(C(=O)c3cc(C)n(C(C)C)c3C)C2)no1,-6.0
CCCNC(=O)c1ccccc1NC(=O)CCc1cc(C(C)=O)c(C)o1,9.25
O=C(COc1ccccc1C(F)(F)F)Nc1n[nH]c2c1CNCC2,-13.4
CC(=O)c1ccccc1OCCN1C(=O)c2ccccc2S1(=O)=O,11.15
COc1ccc(C(=O)NCc2nc(-c3ccc(OC)c(OC)c3)no2)cc1,17.7
CCc1noc([C@H](C)N2CCN(Cc3nnsc3Cl)CC2)n1,25.242735000000003
O=C(Nc1ccc(N2CCOCC2)nc1)N1CC[C@H](O)C1,18.73333333333333
CSc1nsc(NC(=O)c2ccccc2Br)n1,51.650000000000006
C[C@@H](NCCCc1cccc(C(F)(F)F)c1)c1cccc2ccccc12.Cl,98.65
CCN(CC)CCCNC(=O)C1CC(=O)N(c2ccc(F)cc2)C1,9.55
CCOc1ccc(-n2ccnc(NC(=O)Nc3cc(OC)cc(OC)c3)c2=O)cc1,8.05
CN1CCN(CC(=O)N2c3ccccc3C(=O)Nc3cccnc32)CC1.Cl.Cl,10.7
COc1cc(NS(=O)(=O)CCCCF)c(C(N)=O)cc1OC,-21.049999999999997
Nc1nnc(C(NC(=O)c2c[nH]nc2-n2cnnn2)c2ccccc2)s1,2.9000000000000004
Cc1nc(CN2CCN(C(=O)Cn3nccc3C3CCCNC3)CC2)no1.Cl,10.4
COc1ccc(C2=NO[C@@H](CN)C2)cc1F.Cl,-18.159365
COc1ccc(S(=O)(=O)N2CCN(C(=O)c3ccco3)CC2)c(C)c1C,1.0
NCC1CCC(CNc2nc(NCc3ccccc3OC(F)(F)F)ncc2[N+](=O)[O-])CC1,13.95
C[C@]1(c2nc(-c3ccc(N4CCCC4)nc3)no2)CCC(=O)NC1,-1.9
CN(CC(=O)Nc1cccc(Cl)c1)S(=O)(=O)c1ccc2c(c1)OCCO2,5.3
C[C@H]1CCCN(CCNC(=O)c2cccnc2OCCO)C1,12.45
COc1ccc(C)cc1NS(=O)(=O)c1ccc(S(C)(=O)=O)cc1,1.833333333333332
CCOC[C@@H]1CC(F)(F)CN1C1CN(C(=O)c2cccnc2C)C1,11.55
Cc1nn(C)c(Cl)c1C(=O)NC[C@H](C)N1CCc2ccccc21,-32.85
CN1CCO[C@@H](CNCc2cccc(Cl)c2)C1,-3.2
CCOc1ccc(C(=O)N2CCC(NS(=O)(=O)c3ccc(F)c(F)c3)CC2)cc1,-5.75
CC(=O)NCCNC(=O)CSc1nc(C2CC2)nc2ccccc12,3.4499999999999993
O=C(NCCN1CCCCC1)NC[C@H]1CSCCS1,-4.050000000000001
CCCCn1c(NC)nc2c1c(=O)[nH]c(=O)n2C,3.85
COc1c(C)cc(NC(=O)c2nn(Cc3ccc(F)cc3)c3c2CN(C(=O)c2ccc[nH]2)C[C@]3(C)C(N)=O)cc1C,76.75
C[C@H]1CN(C(=O)c2cnc(-c3cnn(C)c3)s2)CCN1,11.45
Cn1cc2c(n1)c(=O)n(Cc1ccccc1)c(=O)n2CC(=O)N1CCN(c2ccccc2F)CC1,8.5
CCCCOc1ccc2c(C)c(CC)c(=O)oc2c1,7.2
CNC(=O)c1ccc(NC(=O)Cn2c(=O)c3ccccc3n3nc(C)cc23)cc1,-10.7
C[C@H]1CN(Cc2ccccc2)CCCN1CCCCCO,-7.699999999999999
CC(C)c1csc(NC(=O)Cc2ccccc2O)n1,-7.45
Cc1cccc(O)c1NS(=O)(=O)c1cnn(C(C)C)c1,-7.0
COc1ccc(OCc2nc(C3CCOC3)no2)cc1,19.05
COCCCN1C(=O)C(O)=C(C(=O)c2cc3cccc(OC)c3o2)C1c1cccnc1,7.35
COc1ccc(-c2nnc(N3CCC(C(=O)N4CCCN(C)CC4)CC3)o2)cc1,7.0
COc1ccc(C(C)(C)C)cc1S(=O)(=O)N1CCN(c2nc(C)cc(N(C)C)n2)CC1,50.3
Cl.O=C(NCC1CNCC12CCCCC2)C1CC1,15.5
Cc1ccc(Sc2cccc3nc(N)nc(N)c23)cc1,38.45
COc1ccc(N2CCN(C(=O)c3n[nH]c4c3CCC4)C(C)C2=O)cc1,6.9
CS(=O)(=O)c1cccc(OCc2ccc(F)c(C#N)c2)c1,6.4
CN(CC(=O)N1CCN(c2cnccn2)CC1)C[C@H]1CCn2ccnc2C1,-22.799999999999997
CCC(C)NC(=O)NCCC1CCN(S(=O)(=O)c2ccc(C)cc2)CC1,5.4
CONC(=O)CC(c1ccccc1)c1ccccc1,-11.612085
CCn1cc(-c2n[nH]cc2C(=O)Nc2cnn([C@@H](C)C3CC3)c2)cn1,10.5
O=C(C[C@@H]1NC(=O)NC1=O)NCc1ccc(-n2ccnc2)cc1,-2.8000000000000007
CN(C)c1ncc(CNC(=O)Nc2ccc(C(F)(F)F)cc2)n1C,89.75
C[C@H](NC(=O)c1cc(Cl)ccc1F)C(=O)N1CCOCC1,17.299999999999997
COc1ccc(S(N)(=O)=O)cc1C(=O)Nc1ccccc1,-0.55
COc1ccc(C(=O)c2coc3ccc(OCC(N)=O)cc23)cc1OC,17.0
O=S(=O)(C1COC1)N1CCO[C@H](c2cccs2)C1,18.8
CC(C)(C)c1cnc(CN(Cc2cccnc2)C[C@H]2CCCO2)o1,6.0
Cc1ccc(N2CCC[C@H](N(C)CC#N)C2=O)cc1,-0.7000000000000002
COc1ccc(F)cc1C(=O)N1CC(=O)N(c2ccc(C#N)cc2)CC1C,11.8
COc1ccc(CN(C)C(=O)CN2CCO[C@H](C(F)F)C2)cc1,8.05
Cc1ccc(-n2sc3ccccc3c2=O)cc1,100.4
CN[C@H]1CCCN(C(=O)c2ccn(-c3cc(C)ccc3OC)n2)C1,-3.0999999999999996
CCC(CC)(CO)NCc1nnnn1-c1cc(C)ccc1F,13.466666666666669
CCCCn1c(S(=O)(=O)Cc2ccccc2OC)nc(C)c1C,1.35
CCn1c(CN(C)C(=O)Nc2cccc(OC)c2)nc2ccccc21,-21.5
Cc1nnc(COc2ccc(F)c(F)c2)o1,0.25
Cc1ccc2c(C3=CCNCC3)c[nH]c2c1,100.9
O=C(c1cccnc1)N1CCC(N[C@@H]2CCC[C@H]2OCc2ccccc2)CC1,6.75
CCOc1cccc(C(=O)N(Cc2ccco2)c2ccccn2)c1,18.2
CC(C)(C)C(=O)/N=C1\S[C@@H]2CS(=O)(=O)C[C@@H]2N1c1ccc2c(c1)OCO2,0.3499999999999996
CCOc1ccc(NC(=O)Nc2ccc3c(c2)N(S(=O)(=O)CC)CC3)cc1,9.35
CC1(C)CN[C@H]1C1CCN(C(=O)c2ccc(-n3ccnc3)nn2)CC1,9.466666666666669
COc1ccc(-c2cn3nc(N4CCC(C(=O)NCCCN5CCN(C)CC5)CC4)sc3n2)cc1,12.1
CCn1nc(CO)c2c1CCN(S(=O)(=O)N(C)Cc1ccccc1)C2,7.45
CS(=O)(=O)N[C@H]1CCCN(C(=O)C2(c3ccc(F)cc3)CC2)C1,-11.55
CN(C(=O)c1cc2cc(F)ccc2[nH]1)c1ccccc1,3.2
CCNC(=O)N1CCN(C(=O)[C@@H]2CCCN2C(=O)Cc2ccccc2)CC1,15.1
Cc1occc1C(=O)N[C@@H](C)c1ccc(-n2c(C)c[nH]c2=O)cc1,-3.0500000000000007
CCNC(=O)c1cc(NC(=O)c2cnc3sccn3c2=O)nc2ccccc12,11.866666666666667
CN(C(=O)NCC1CCC1)C1CCN(c2ccccn2)CC1,3.6
Cc1c(NC(=O)CN2C(=O)COc3ccc(Cl)cc32)c(=O)n(-c2ccccc2)n1C,-21.15
CN1CCN(CCCNC(=O)c2noc3c2CCc2sccc2-3)CC1,10.4
COc1cccc2c(NCc3ccccc3)nc(-n3c(N)nc4ccccc43)nc12,54.95
CCc1nnsc1C(=O)NCCn1ccnc1,18.049999999999997
COc1ccc(C(=O)N2CCC(CCOc3ccccc3)C2)cc1OC,3.3
Cc1cc(Sc2ncccn2)ccc1NC(=O)Nc1cnn(C)c1,8.05
CC(=O)N(Cc1noc(C)n1)[C@H]1CCN(Cc2ccon2)C1,18.25
O=C(c1ccoc1)N1C[C@H]2CC[C@@H]1CN(Cc1ccc(F)cc1)C2,7.0
COc1cccc([C@@H](O)CNC(=O)COc2ccccc2F)c1,-2.9333333333333336
CC(C)OCCC(=O)Nc1cc(F)ccc1Sc1nccn1C,0.3499999999999996
CC#CCOc1cc(OC)c(C(C)=O)cc1OC,-1.25
COc1ccc(C(=O)NC2CCN(C(=O)c3cc4c(=O)[nH]c(C)cn4n3)CC2)cc1,8.600000000000001
COc1ccc(NC(=O)CN2CCCN(Cc3ccc(F)cc3)S2(=O)=O)cc1,2.9
Cc1c(C(=O)NC(C)(C)[C@H](O)C(F)(F)F)[nH]c(=O)c2ccccc12,-15.25
COc1ccc(NC(=O)c2cnc3ccccn3c2=O)cn1,2.1500000000000004
COc1cccc(N2CCN(c3ccc4nnc(CCC(=O)NCc5cccnc5)n4n3)CC2)c1,11.45
CSc1nc2nc(C)c(CCC(=O)NC[C@@H](c3ccc(C)o3)N3CCOCC3)c(C)n2n1,14.25
N#Cc1ccc(OCC(=O)N[C@H]2CCCCNC2=O)cc1,-2.05
Cc1ccccc1C(=O)Nc1cc(C#N)c2[nH]c3ccccc3n2c1=O,77.44999999999999
CN1CCO[C@@H](CNC(=O)c2cn(-c3ccccc3C(F)(F)F)nn2)C1,-5.15
O=C(NCCc1ccccc1F)N1CCN(S(=O)(=O)c2cccc3c2N=S=N3)CC1,7.25
O=C(CN1CCOc2ccc(CO)cc2C1)Nc1ccc(F)cc1,7.1
O=C(CCn1sc2ccccc2c1=O)NCCc1c[nH]c2ccccc12,88.75
CCN(CC)S(=O)(=O)c1cc(-c2ccc(=O)[nH]n2)cc(C)c1C,13.8
Nc1nc(-c2ccccc2)nc2ccccc12,3.75
CC(=O)NCC1CN(c2ccc(C(C)(C)C)cc2)C(=O)O1,81.9
CN(C)C(=O)c1cc2cccnc2n(Cc2ccc(F)cc2)c1=O,9.9
CCN(C)Cc1cccc(CNS(=O)(=O)c2ccc3c(c2)n(C)c(=O)n3C)c1,-25.6
O=C(Nc1cccc(F)c1)N[C@H]1CCCS(=O)(=O)C1,7.15
CCCn1c(=O)c2c(nc3n(CCN4CCOCC4)c(C)c(C)n23)n(C)c1=O,5.449999999999999
COc1cc(N2CCN(C)CC2)ccc1Nc1ncc2c(n1)N(C)c1ccccc1C(=O)N2,7.5
CS(=O)(=O)Cc1cccc(C(=O)NCC#Cc2ccccc2)c1,13.85
C[C@]1(c2ccccn2)NC(=O)N(Cc2ccc(C#N)cc2)C1=O,2.5999999999999996
Cc1nc(C)n(C[C@H]2CN(Cc3cscn3)CCO2)n1,-0.6000000000000001
CC(C)NC(=O)CCC(=O)N1CCN(S(=O)(=O)c2cccc3nsnc23)CC1,13.5
O=C(c1cn(C2CN(C(=O)c3cccs3)C2)nn1)N1CCCC1,18.3
O=C(CC1CCCN(c2cn[nH]c(=O)c2)C1)Nc1cccc(Cl)c1,16.1
CCOc1ccc(NS(=O)(=O)c2ccc3c(c2)NC(=O)C(CC)S3)cc1,84.6
O=C(C1=Cc2cc(Cl)ccc2OC1)N1CCN(S(=O)(=O)c2ccc(F)cc2)CC1,9.1
CCC(=O)N(C)c1ccccc1C(=O)Nc1c(CC)noc1C,-4.4
Cc1cc(=O)n2nc(N3CCN(CC(=O)NCc4ccccc4)CC3)sc2n1,5.95
O=C(NCc1ccc(Cl)cc1)c1cnc2n(c1=O)CCS2,-5.9
O=C(COc1ccc(F)cc1)N1CCC(n2cc(-c3nc(C4CC4)no3)nn2)C1,8.7
CS(=O)(=O)NC[C@H]1CCCCN1Cc1nc2c(oc3ccccc32)c(=O)[nH]1,-1.3999999999999997
CCCOc1ccc(CNC(=O)N[C@@H](C)c2nncn2C)cc1,16.75
O=C1CCCc2cc(C(=O)CSc3ncc4ccccn34)ccc2N1,11.05
CCOc1cccc(C(=O)N(Cc2ccc(C)o2)C2CCS(=O)(=O)C2)c1,10.5
C[C@H]1CN(C)CCN1C(=O)Nc1nccs1,-0.1
Cc1cc(NC(=O)N[C@H]2CCc3ncnn3C2)ccc1OC(C)C,20.4
COCC(=O)NCC1CCC2(CCNCC2)O1,4.0
Cc1nc(C)n(C[C@H]2CCCN(c3ncccc3C#N)C2)n1,9.15
CCn1nc(C)c(CCN(C)C(=O)c2cc3n(n2)C[C@@H](Oc2ccncc2)C3)c1C,31.733333333333334
Cc1ccc(N2CC(C(=O)NCCC(C)C)CC2=O)cc1,10.25
Cc1ccc(C(=O)N(CCCN)[C@@H](c2nc3cc(Cl)ccc3c(=O)n2Cc2ccccc2)C(C)C)cc1,99.7
C[C@H]1CN(C(=O)c2ccnc3[nH]c(CC4CC4)nc23)C2(CCC2)CO1,16.049999999999997
Cc1nc(NC(=O)N2CCC[C@H]2C(N)=O)sc1-c1ccnc(C(C)(C)C(F)(F)F)c1,13.6
COCCN1C[C@@H](C(=O)Nc2cc(C)ccc2C)CC1=O,8.95
COc1ncnc(N(C)C)c1NC(=O)c1csc(-c2ccc(F)cc2)n1,8.95
CC(=O)N1CCc2ccc(S(=O)(=O)N3CCCCCC3)cc2C1,11.9
Cc1ccncc1C(=O)N1CC(N2CC(F)(F)C[C@H]2CO)C1,-1.7000000000000002
CN(CC1CCCO1)C(=O)NCc1nc(-c2ccccn2)no1,9.85
COc1cccc(C(=O)Nc2ccc3[nH]c(=O)oc3c2)c1,24.450000000000003
CCC1C(=O)N(C)CCN1C(=O)c1ccccc1OCc1ccccc1,15.6
Cc1ccc(NC(=O)c2ccc(=O)n(C)c2)cc1C(=O)N1CCOCC1,-17.85
O=C1O[C@H](C(=O)Nc2ccc(S(=O)(=O)N3CCOCC3)cc2)Cc2ccccc21,-6.799999999999999
CCOc1ccc(C(=O)N2CCC[C@H]2c2c(C)nn(C)c2Cl)cn1,4.65
Cc1cc(N2CCN(Cc3ccccc3C#N)CC2)n2nccc2n1,14.8
CC1(O)CCOC2(CCN(C(=O)c3ccc(F)cc3F)CC2)C1,-10.5
CCC(=O)N1CCCN(CCN(C)C)c2ccccc21,18.3
C[C@@H](c1cccc(O)c1)N(C)CCCCC#N,-3.649999999999999
O=C(Nc1ccccc1)c1csc(-c2ccc(N3CCOCC3)nc2)n1,20.1
CC(C)CCC(=O)N(Cc1ccco1)c1nc2nc[nH]c(=O)c2s1,0.0499999999999998
C[C@@H](COC1CCCC1)CS(=O)(=O)N1CCN(C(=O)c2ccccn2)CC1,20.1
COCCN(Cc1nccs1)C(=O)C1COc2ccccc2C1,18.35
CCN(CC)CCSc1ccc(C(=O)Nc2ccccc2)nn1,-15.1
Cc1ccccc1CNC(=O)C1CCN(S(=O)(=O)c2cc(C(=O)N3CCCC3)n(C)c2)CC1,9.5
CC(C)n1ccnc1CN[C@@H](C)c1ccc2c(c1)OCO2,-15.25
CCCCOc1cc(C)ccc1S(=O)(=O)N1CCC(C(N)=O)CC1,-3.4000000000000004
COc1ccc([C@@H]2CCCN2CCc2cccnc2)cc1OC,-16.45
CN(C(=O)c1ccc(S(=O)(=O)N(C)C)cc1)[C@H]1CCCc2ccccc21,25.1
O=C(NC1CN(C(=O)C[C@H]2CCCCNC2=O)C1)C1CC1,8.299999999999999
Cc1cc(S(=O)(=O)[C@H]2CS(=O)(=O)C[C@@H]2NCCCOC(C)C)ccc1F,15.55
Cc1nc(C)c(F)c(NC[C@@H](C(F)F)n2cccn2)n1,-1.1
Cc1cc(OCC(=O)N2Cc3ccccc3NC(=O)[C@@H]2C)no1,4.1000000000000005
COCCCNC(=O)c1nccnc1N,-10.0
Cc1nc([C@@H]2CCCN2S(=O)(=O)C2(C)CC2)[nH]c1C,-12.3
COc1cccc(OC)c1C(=O)N1CCOC2CCCCC21,-21.9
COc1ccc(O)c(C(=O)c2cnc3cc(OC)c(OC)cc3c2)c1,10.55
Cc1ccc([N+](=O)[O-])cc1S(=O)(=O)N(C)/N=C/c1cnc2ccc(Br)cn12.Cl,16.5
Cn1c(=O)[nH]c(=O)c2c1nc(N1CCOCC1)n2CCN1CCCCC1,-8.266666666666667
COc1ccc(OC)c(CC2C(=O)N(C)c3ccccc32)c1,17.9
O=C1COc2cc(S(=O)(=O)N3CCC(C(=O)NCCc4ccccc4)CC3)c(Cl)cc2N1,6.05
CN(C)CC(=O)Nc1cccc(NC(=O)CN(C)C2CCS(=O)(=O)C2)c1,4.55
CCN1c2cc(C(=O)Nc3ccc(OC)cc3)ccc2C(=O)N2CCCC21,1.0499999999999998
CSc1ccc(C2CC(=O)Nc3[nH]nc(C)c32)cc1,15.4
COc1ccc(-c2oc3cc(O)cc(O)c3c(=O)c2O)cc1,27.9
COc1ccc(OCCNC(=O)c2cc(C)ccc2O)cc1,-6.6
CC[C@H]1C(=O)NCCCN1C(=O)c1cc(C2CC2)nc2onc(C)c12,-4.4
COc1ccc(S(=O)(=O)N[C@H](C)c2nnc3n2CCCCC3)cc1F,10.7
O=C(NCc1nc2ccccc2[nH]1)c1ccccc1O,-1.2000000000000002
CCN(CC)S(=O)(=O)c1ccc(N(C)C)c(NC(=O)Nc2ccc(C)cc2)c1,-9.7
CCCNC(=O)CSc1nc2ccccc2c(=O)n1[C@@H](C)COC,9.85
CN(Cc1nc(-c2ccccc2)c[nH]1)C(=O)CC(F)(F)F,12.2
O=C(c1noc2ccc(S(=O)(=O)Nc3cccc(F)c3)cc12)N1CCCC1,6.6
Cc1cc(=O)n2nc(N3CCCC(C(=O)NCCC(C)C)C3)sc2n1,11.25
COc1ccc(S(=O)(=O)N2CCC(C(=O)NCCCO)CC2)cc1C,7.4
Cc1sc2nc(CS[C@@H](C)C(=O)NC(C)C)[nH]c(=O)c2c1C,11.65
COc1ccccc1S(=O)(=O)N(C)[C@H]1CCNC1,5.5
CCCOc1ccc(C(=O)Nc2ccccc2N2CCN(C)CC2)cc1OC,-5.0
Cc1cc(-c2csc(CN3C(=O)CCC3=O)n2)c(C)s1,-11.75
O=C(c1cn(-c2ccc(F)cc2)nn1)N1CCN(c2ccccc2O)CC1,-8.5
CC#CC(=O)N1CCN(C(=O)c2sc3ccccc3c2C)CC1,7.05
CCO[C@H]1COC[C@@H]1NC(=O)Nc1ccc(Cl)cc1,8.5
COc1ccc(C(=O)Nc2ccc(Cl)cn2)cc1S(=O)(=O)N1CCCC1,8.5
CN(C)S(=O)(=O)c1cccc(NC(=O)c2ccc3ncsc3c2)c1,-1.3333333333333333
COc1ccc(NC(=O)c2cccc(C)c2)cc1N1CCCCC1=O,8.600000000000001
Cc1cnccc1NC(=O)N1CC[C@H](CN2CCCCC2)C1,9.15
O=C([C@@H]1CCCO1)N1CCN(Cc2cccc(Cl)c2)CC1,12.6
O=C(NCc1ccco1)c1ccc(-c2ccc(F)cc2)o1,5.45
CCC(=O)N1CCN(c2cc(S(=O)(=O)N3CCc4cc(OC)c(OC)cc4C3)ccc2OC)CC1,13.2
CC(C)c1noc([C@H](C)N2CCN(c3cc(C#N)ccn3)CC2)n1,-14.25
O=C(CCCc1ccc(F)cc1)N[C@@H]1COCC[C@@H]1OCC1CC1,7.5
CC(=O)N1CCCC[C@H]1c1nc(-c2ccccc2)no1,8.799999999999999
O=C(CCN1CCCCC1=O)N[C@@H]1COCC[C@@H]1OCc1ccccc1,7.200000000000001
COc1ccc(C(=O)Nc2cccc(-c3noc(=O)[nH]3)c2)c(O)c1,4.3
COCCn1cc(C(=O)N2CCN(c3ccc(F)cc3)CC2)c2nn(-c3ccccc3)c(=O)c-2c1,13.5
CN[C@H]1CCCN(S(=O)(=O)c2ccccc2C(F)(F)F)C1.Cl,16.25
O=C(CC[C@H]1NC(=O)c2ccccc2NC1=O)NCc1ccc(F)cc1,20.15
O=C(CCS(=O)(=O)Cc1ccccc1)N1CCN(c2ccccc2)CC1,14.35
CC(C)COC[C@H](C)NC(=O)c1ccc2c(c1)OCCCO2,-19.4
COCCN(CCOC)CC(=O)Nc1cc(C)c2c(=O)oc3ccccc3c2n1,21.8
CN(Cc1cnn(C)c1)C(=O)c1nn(-c2ccccc2)c(=O)c2ccccc12,-13.6
C[C@H](NC(=O)CC1CC(F)(F)C1)c1cc2cc(F)ccc2o1,11.7
COc1ccc(NC(=O)N2CCc3c(nc4cc(-c5ccccc5)[nH]n4c3=O)C2)c(OC)c1,11.4
COc1ccc(CC(=O)N(C)Cc2cccnc2OC)c(Cl)c1,3.95
CN(C)[C@@H](CNC(=O)Cn1cnnn1)c1ccsc1,10.15
Cc1ccccc1-n1c(SCC(N)=O)nc2ccccc2c1=O,23.3
CC(C)C(NC(=O)CN1CCN(c2ncccn2)CC1)c1cccnc1,23.299999999999997
CCOc1ccc(CNC(=O)c2c(C)nc(C(C)C)[nH]c2=O)cc1C,20.35
C#CC1CCN(Cc2c(C)nn(C)c2OCC(F)(F)F)CC1,4.85
CCC(C)C(=O)Nc1ccccc1C(=O)NCC(C)(C)N1CCOCC1,6.550000000000001
Nc1nc2c(s1)c(=O)[nH]c(=O)n2-c1ccc(Cl)cc1,-5.449999999999999
Cc1ccc(S(=O)(=O)N2CCC(C(=O)Nc3ccc4c(c3)OCCO4)CC2)cc1,10.85
CCc1cc(NC(=O)CCC(F)(F)F)nc(C)n1,6.95
CCn1c(=O)c(C)nc2cc(C(=O)NCCC3=CCCCC3)ccc21,8.799999999999999
CNS(=O)(=O)c1ccc(CCC(=O)NCc2c[nH]c(=O)[nH]c2=O)cc1,9.6
CCc1cc(CC)n(-c2nc3c(c(=O)n(CCOC)c(=O)n3C)n2CC)n1,5.9
CC(C)c1nccn1[C@H]1CCCN(C(=O)CCCn2cncn2)C1,-5.5
Cc1ccc(NC(=O)Nc2cc(C(F)(F)F)ccc2F)cc1Nc1ccc2c(c1)NC(=O)/C2=C\c1ccc[nH]1,98.2
CC(C)(C)c1ncc(C(=O)N2CCC[C@H]2c2ccncc2)s1,-6.8
Cc1nc(O)cc(-c2ccc(C(C)N(C)C)cc2)n1,16.4
CC(C)[C@@H]1N(C(=O)Cc2c[nH]c3cc(F)ccc23)CC12CCOCC2,-18.5
O=C(Nc1cccc(N2CCCC2)c1)c1cnc2ccccc2n1,-10.2
CC1=C(C(=O)N2CCCC(O)(CO)CC2)OCCO1,17.65
CC(C)(C(=O)c1cccnc1)c1cccnc1,15.6
O=C(NC1CCCCC1)N1CCC(OCc2noc(C3CCCO3)n2)CC1,14.05
CCn1cc(CN(CCO)C(=O)c2cnnn2CC)cn1,26.55
COc1ccc(CN(C)CCC2CCOC2)cc1OC,18.35
COc1ccc2nc(-c3ccc4c(c3)OCO4)[nH]c(=O)c2c1,1.45
CC(=O)Nc1cc(NC(=O)NCc2scnc2C)c(F)cc1F,-1.1
COc1ccc(CN2C(=O)c3ccccc3C2=O)cc1C(=O)N1CCCC1,-3.65
O=S(=O)(CCC1CCCCC1)N1CCC[C@H](c2nnc3n2CCCCC3)C1,1.2
COc1ccc(N(C(C)C(=O)Nc2cccnc2)S(C)(=O)=O)cc1OC,13.95
COc1cccc(CNC(=O)Cn2nc(C(=O)N3c4ccccc4CC3C)ccc2=O)c1,53.55
CCc1noc(C)c1C(=O)NC[C@@H](c1ccc(C)cc1)N(C)C,4.05
CN(CC(=O)N1CCCC(C)(Cc2ccc3c(c2)OCO3)C1)C(N)=O,9.8
CCCn1c(C)cnc1CC1CCN(C(=O)c2ccc(OC)cc2OC)C1,-15.8
Cc1cc(F)ccc1N1CCC(NCC(O)c2cccc(O)c2)CC1,90.6
CCc1onc(C)c1CN1CC[C@H]2[C@@H](C1)NC(=O)N2C,-20.3
Cc1cccc(NC(=O)CN2CCN(C(=O)c3ccc(O)nc3)CC2)c1C,3.8
COc1ccc(Cn2cnc3sccc3c2=O)cc1,-11.85
CN(CC1CCOC1)C(=O)CCN1CCCC1=O,13.1
CN(CCO)S(=O)(=O)c1ccc(C(=O)Nc2ccc(CS(N)(=O)=O)cc2)cc1,-10.3
COc1cc(C(=O)Nc2ccc3c(c2)OCO3)c(OC)c2c1OCO2,9.1
CCCC(=O)Nc1ccc2nc(SCC(=O)N3CCCC3)sc2c1,4.1
CN1C(=O)c2ccc(C(=O)Nc3cccc(Cn4ccnc4)c3)cc2C1=O,19.5
C[C@H]1CCCN(CCNC(=O)c2ccc(=O)[nH]n2)C1,-0.6000000000000001
CN(CCCO)C1CCN(C(=O)Cc2cn(C)nc2Cl)CC1,-0.3500000000000001
CC(C)c1nccn1CCC(=O)N1CCC[C@@H]1COc1ccc(F)cc1,2.7
CCOCCCNC(=O)CC1CCN(S(=O)(=O)c2ccc(Cl)s2)CC1,7.6
Cc1cccc2c(=O)n(CC(=O)N3CCC[C@H](C)C3)cnc12,-18.15
CC1=NOC(C(=O)N2CCCn3nc(C(=O)NCCN(C)C)cc3C2)C1,18.95
Cc1cn2cc(NC(=O)[C@@H]3CC(c4cccc(F)c4)=NO3)ccc2n1,-16.549999999999997
Cc1csc([C@@H](C#N)C(=O)c2ccnc(OCC(F)(F)F)c2)n1,75.5
CCCn1nnnc1CS[C@@H](C)CO,-14.35
CC(C)c1nc(C(=O)N2CCN(C(=O)[C@@H]3CCCO3)CC2)c[nH]1,10.2
COCCN(Cc1cccnc1)C(=O)[C@@H](c1cc(Br)cs1)N(C)C,0.3999999999999997
O=C(Nc1cc(Cl)ccc1F)c1ccc2nccn2c1,-1.3000000000000005
CCN1CCN(c2nc(-c3cnc(N4CCOCC4)nc3C)cc(=O)[nH]2)CC1,2.1500000000000004
COc1ccc(-c2cc(N3CCN(C(=O)c4cccc(OC)c4OC)CC3)[nH]n2)cc1,2.0
Cn1cccc1C(=O)CN1C(=O)c2ccccc2S1(=O)=O,0.5
Fc1ccc(-c2nnc(CN3CCc4cncnc4C3)o2)cc1,-1.4
CNC(=O)c1c(-c2ccc(F)cc2)nc2n1CCS2(=O)=O,2.95
O=C(NC1CCN(C(=O)c2ccccc2)CC1)[C@H]1CCCN(CC(F)(F)F)C1,23.15
COc1ccc2nc(O)c(CCC(=O)NCCCOC(C)C)cc2c1,13.0
Cc1ccc([C@H](CC(F)(F)F)NC(=O)Nc2ncn(C)n2)cc1,-19.9
COc1ccc(C(=O)N2CCN(C(=O)c3nnn4c3COC(c3ccc(Cl)cc3)C4)CC2)cc1,14.1
CC[C@@H]1C[C@H]1NC(=O)C(C)(C)NS(C)(=O)=O,-0.1499999999999999
CC(=O)c1c(C)[nH]c(C(=O)Nc2ccc3c(c2)CCN3C(C)=O)c1C,10.8
CC(C)N(Cc1ccccc1)C(=O)CN(C)S(=O)(=O)c1ccc2c(c1)C(C)(C)C(=O)N2C,2.6999999999999997
COCC1(C(=O)N(C)[C@H]2CCNC2=O)CCC1,2.65
Cl.NCC(F)(F)CNS(=O)(=O)c1ccc(OC2CCOCC2)c(F)c1,1.8000000000000007
COCCOc1ccc2c(n1)CCN(C(=O)c1ccc(OC)cc1)C2,15.650000000000002
CCN1C(=O)c2cccc3c(S(=O)(=O)Nc4ccc(OC)cc4)ccc1c23,55.0
Cc1nc(C)c(C(=O)Nc2cccn(Cc3ccccc3)c2=O)s1,-12.8
COc1ccc(S(=O)(=O)n2cc3c(=O)n(C)c(=O)n(C)c3n2)cc1OC,21.6
C[C@@H](CNC(=O)C1=NN(C)C(=O)CC1)c1ccccc1,16.5
CNc1ccc(Nc2ncc(Cl)cn2)cn1,2.1999999999999993
O=C(CCc1ccccc1)Nc1ccc2nc(CN3CCOCC3)[nH]c2c1,-12.1
Cn1nnc(-c2ccc(C(=O)N3CCC(C(O)c4cccs4)CC3)cc2)n1,-1.7
COc1cccc(CN2CCn3c(C)nnc3C2C(=O)N2CCCC2)n1,36.46666666666666
CCn1cc(CN(C)C(=O)CCc2ccc3c(c2)CN(C(=O)NC(C)C)CCO3)c(C)n1,14.7
CCCOc1cccc(CC(=O)N[C@H]2CCc3nnn(C)c3C2)c1,13.95
CCCn1nc(C(=O)NCCC(C)C)c2ccccc2c1=O,-3.95
COC[C@@H]1CN(C(=O)c2ccc(F)cc2)C[C@H]1C(N)=O,14.4
COc1cnccc1[C@H](C)NC(=O)N(C1CCCC1)C1CC1,-2.866666666666667
CCn1nc(-c2csc(S(=O)(=O)Nc3cccc(C)n3)c2)ccc1=O,8.4
O=C(NC[C@H](O)C(F)(F)F)c1cnncc1O,-13.3
O[C@@H](CNC1CCOCC1)COc1ccc(F)cc1,-12.25
NC(=O)[C@@H]1CCCCN1Cc1nc(-c2ccc(F)cc2)no1,18.1
CCn1nccc1C(=O)N1CCN(C2CC2)c2c(C)cccc21,-5.85
Cc1ccccc1OCCN(C)C(=O)[C@@H]1CCCN1.Cl,6.35
C[C@@H](C(=O)Nc1ccc(F)cc1F)N1CCN(S(=O)(=O)Cc2ccccc2)CC1,9.2
O=C(Cn1ncc(Cl)c(Cl)c1=O)N1CCC[C@H]1c1ccc2c(c1)OCCCO2,0.1999999999999993
CCN(CC)S(=O)(=O)c1ccc2c(c1)CC(C(=O)NCCc1ccc(C)cc1)N2C(C)=O,11.9
COc1cc(C(=O)N(C)S(=O)(=O)c2ccc3c(c2)OCCO3)ccn1,13.45
COc1ccccc1-n1cc(C(C)NC(=O)c2cnc(N)nc2C)cn1,16.200000000000003
CN(CC(=O)N1CCC(c2ccc(O)cc2)CC1)S(=O)(=O)c1ccc(C#N)cc1,-9.0
C[C@H]1COc2ccc(C(=O)N3CCCC3)cc2CN1C(=O)c1ccccn1,16.6
O=C(Nc1ccccc1-c1nc2ccccc2[nH]c1=O)c1ccc(F)cc1,18.2
CCOc1ccc(CCC2CCN([C@H]3CCS(=O)(=O)C3)CC2)cc1,17.0
Cc1noc(C)c1NS(=O)(=O)c1ccccc1C(F)(F)F,3.65
CC[C@H]1CN(C(=O)c2cc(C)on2)CCO1,6.0
O=C(Nc1nc2ccccc2[nH]1)c1cc2ccccc2oc1=O,4.7
CCC(=O)N1CCCN(C2=NS(=O)(=O)C(c3ccc(Cl)cc3)=C2C)CC1,13.1
NC1=C(c2nc3ccccc3s2)C(=O)CN1NC(=O)c1c[nH]c2ccccc12,5.75
Cc1cc(C(=O)N2CCC3(CC2)CC(CCOCC2CC2)CCO3)nn1C,11.8
CCCC(=O)Nc1ccc(OCC)c(S(=O)(=O)N(C)C)c1,6.25
CCCC(=O)Nc1cccc(-c2ncn(C)n2)c1,-23.15
COc1c(N2CCNC(C)C2)c(F)cc2c(=O)c(C(=O)O)cn(C3CC3)c12,100.95
CCCn1c(=O)c(C(=O)Nc2ccc(Cl)cn2)c(O)c2ccccc21,-4.75
CC(C)c1noc([C@@]23CCC[C@@H]2CN(Cc2cccnc2N(C)C)C3)n1,7.4
COc1cccc(NC(=O)N2CCN(c3ccnc(N4CCCCC4)n3)CC2)c1,51.650000000000006
COCCN(CCOC)C(=O)c1cc(-c2ccccc2Cl)[nH]n1,17.8
O=C(C[C@@H]1C=CCC1)Nc1ccc2c(c1)OC1(CCCC1)O2,-6.5
Cc1cc(NC(=O)CN(C)c2ccc(Oc3ccccn3)cc2)no1,17.45
CCN(c1cc(C#CCN2CCOCC2)cc(C(=O)NCc2c(C)cc(C)[nH]c2=O)c1C)[C@H]1CC[C@H](N(C)CCOC)CC1,7.25
Cc1cnc(CN2CC[C@@]3(C2)NC(=O)N(C(C)C)C3=O)cn1,0.25
CNS(=O)(=O)c1ccc(C(=O)NCC(=O)N(C)Cc2c(C)nn(-c3ccccc3)c2C)cc1,3.65
C#CCCCS(=O)(=O)Nc1ccc([S@@](=O)(=NC)N(C)C)cc1,-18.55
COc1cccc(CC(=O)N2CCC(CC(=O)N(C)Cc3ccccc3)C2)c1,15.15
C[C@H]1Cc2c([nH]c3cc(Cl)c(F)cc23)[C@@]2(N1)C(=O)Nc1ccc(Cl)cc12,100.25
Cc1ccc(CN2CCN(CC3CC=CCC3)CC2)cc1,12.45
CCC(C)n1c(C)c(C)n2c3c(=O)n(CCOC)c(=O)n(C)c3nc12,1.15
COc1ccc(-c2ccc(N3CCCN(C(=O)CN(C(=O)CC(C)C)C4CC4)CC3)nn2)cc1OC,7.4
CCN(CC)CCC[C@H](C)NC(=O)C1CCN(c2ncccn2)CC1,6.25
CN1CC2(CC1c1noc(-c3ccccc3)n1)CN(C(=O)C1CCOCC1)C2,9.3
CCN(CC)c1ccc2nc(C)c(CN3CCOCC3)c(O)c2c1,0.0999999999999996
COc1ccc(F)c(NC(=O)NC(C)(C)C(=O)NCC(C)(C)C)c1,-15.55
CCn1nc(CN2CCC(NC(=O)c3cccs3)C2)c2c1CCOC2,7.450000000000001
CC(C)(C)C(=O)NCCc1noc(-c2ccccc2)n1,4.1
CCCS(=O)(=O)N1CC(=O)N(c2cc(OC)cc(OC)c2)C(C)(C(=O)NC2CCCCC2)C1,14.35
CC(=O)c1ccc(=O)n(Cc2cc(C)sc2C)n1,-6.8
CCCNC(=O)NC(=NO)c1ccc(NC(=O)C2CC2)cc1,-14.95
O=C(Nc1ccc2oc(=O)ccc2c1)c1ccncc1Cl,3.8
O=C(NCC1CC12CCCCC2)N1CCN(C(=O)c2ccc[nH]2)CC1,11.6
CCOc1ccc2c(c1)C=C(C(=O)NCCN1CCOCC1)CO2,-3.2
Cc1cnccc1N1CCCN(C(=O)[C@H]2[C@@H]3C=C[C@@]4(CN(C)C(=O)[C@@H]24)O3)CC1,9.9
Cc1cc(CNC(=O)c2cc(C)n(C3CC3)c2C)ccn1,12.7
CCOc1ccc(N2C(=O)CCS2(=O)=O)cc1S(=O)(=O)N1CCN(C(C)=O)CC1,1.85
COc1ccc(C(=O)Nc2ccc(S(=O)(=O)Nc3ncccn3)cc2)cc1OC,6.55
Cc1cc2c(cc1S(=O)(=O)N(C)CC(=O)N(Cc1ccco1)C1CCCC1)OC(C)C(=O)N2,55.35
CCOc1ccc(N2CC(C(=O)NCc3ccc4c(c3)OCO4)CC2=O)cc1,4.75
CC(=O)c1cccc(S(=O)(=O)NCc2ccccn2)c1,1.25
CCC(C(=O)NC1CCCCC1)n1ccc2ncccc2c1=O,12.8
CN1CCN(CCCNC(=O)CCC(=O)N2CC(=O)Nc3ccccc32)[C@H](c2ccccc2)C1,6.0
CCOc1nnc(CN2CCN(Cc3nccn3C)[C@@H](C)C2)s1,-1.0
CCN1C[C@@H](C(=O)Nc2cccc(-c3ccc4c(c3)CCO4)c2)CC1=O,-10.35
CN(C(=O)[C@@H]1COc2ccccc2O1)C1CCCC1,1.1999999999999993
CCCNC(=O)CSc1nnc(-c2cccs2)o1,5.699999999999999
COc1cc(NC(=O)N2CCC[C@@H]2CN2CCCC2)ccc1NC(C)=O,-10.0
O=C1NC(=O)/C(=C/c2cccc(Br)c2)S1,90.1
COc1ccc(C(=O)N2CCC3(CC2)NC(=O)c2cc(F)ccc2N3C)cc1OC,7.9
COc1cc2c(=O)n(CCC(=O)NCC3CCCO3)c(=O)n(CC(=O)Nc3ccc(C)cc3)c2cc1OC,16.8
CCC[C@H](C)N1Cc2cccc(N)c2C1,-8.450000000000001
CC1CN(C(=O)N2CCC(C(=O)NCc3ccco3)CC2)c2cc(Cl)ccc2O1,4.65
CCCNC(=O)NC1CCN(c2ccc(C)c(C)c2)C1=O,10.05
c1ccc(-c2noc(CCCN[C@H]3CCc4ncnn4C3)n2)cc1,3.65
Cc1nc(C2CC2)oc1C(=O)N[C@H]1CCCN(c2cccnn2)C1,-6.35
Cc1ncc(CNCc2ccco2)c(C)n1,-20.7
Cc1cccc(N(CC(=O)Nc2ccc3[nH]c(C(C)O)nc3c2)S(C)(=O)=O)c1,3.95
CC(=O)N1CCCc2cc(S(=O)(=O)N(C)Cc3ccccc3)ccc21,-7.300000000000001
COc1cc2c(c(OC)c1OC)-c1ccc(OC)c(=O)cc1[C@@H](NC(C)=O)CC2,5.05
CCc1nnc(CNC[C@H]2CCCN2c2cccnn2)o1,18.75
O=C(NC(Cn1cccn1)c1ccccc1)c1cccn1C1CC1,-1.5
O=C(CCn1cnc2ccccc2c1=O)N(CC(F)F)c1ccc(F)cc1,-12.45
O=C(NCc1ccccc1Cn1ccnc1)c1ccc2c(c1)OCCCO2,7.7
COCCNC(=O)N1CCCN(C2=NS(=O)(=O)C(c3cccc(Cl)c3)=C2C)CC1,-1.9000000000000004
CCc1ccc2occ(C(=O)NC[C@H]3CCCS3(=O)=O)c2c1,3.2
FC(F)(F)[C@H]1CCCN(Cc2nc(-c3ccsc3)no2)C1,3.5
Cc1[nH]c(=O)c(C#N)c(C)c1CCC(=O)Nc1ccc(N(C)C)nc1,0.6000000000000001
O=C1CCC(c2ccccc2)=C1CC(=O)N1CCCC2(CCOC2)C1,4.9
COC[C@@H]1CC(F)(F)CN1C1CN(C(=O)c2ccncc2F)C1,6.95
Cc1ccn2cc(C(=O)Nc3ccc(-c4cc[nH]n4)cc3)nc2c1,1.566666666666667
C#CCOCC(O)CN(CCOC)Cc1c(-c2ccccc2)nn(C)c1Oc1ccccc1,26.100000000000005
CCS(=O)(=O)N1CCC(C(=O)N2c3ccccc3C[C@@H]2C)CC1,-3.0
Cn1cnc(C(=O)N2CC[C@@H](n3c(=O)n(Cc4ccccc4)c4cccnc43)C2)c1,20.450000000000003
COc1ccc([N+](=O)[O-])c(S(=O)(=O)c2ccc(Cl)cc2)n1,94.6
c1cnc2cc(CSC3=NCCS3)ccc2n1,5.0
NS(=O)(=O)CCOCCNC(=O)c1ccc2c(c1)OCCCO2,-8.05
COc1ccc(CCNS(=O)(=O)c2c(C)cc(N3C(=O)CCS3(=O)=O)cc2C)cc1,14.55
O=C(c1ccc2c(c1)OCO2)N1CCC([C@H](O)c2ccccc2)CC1,8.533333333333333
COc1ccc(NC(=O)C2CCN(C(=O)c3cc(-c4ccccn4)[nH]n3)CC2)cc1,19.8
C[C@H]1CN(S(=O)(=O)c2cccc(S(N)(=O)=O)c2)CCN1.Cl,8.2
Cn1nc(C(=O)Nc2ccccc2N2CCCC2)c(=O)c2ccccc21,2.8
O=C(Nc1cccc(-c2nnn[nH]2)c1)C1=Cc2ccccc2OC1,-1.0
CN(Cc1nc(-c2ccccc2)c[nH]1)C(=O)[C@@H]1CCCCN1C1CCCC1,6.15
CC[C@H](Sc1nc2ccsc2c(=O)n1C)C(=O)Nc1cc(C)on1,-4.7
COc1ccc(-c2cc3c(=O)n(CC(=O)NCc4ccc5c(c4)OCO5)ccn3n2)cc1OC,4.7
Cc1ccc(C2=NS(=O)(=O)N(C)C(C(=O)NC(C)C)=C2)cc1,4.95
CCOc1ccc(S(=O)(=O)N2CCC[C@H](C)C2)cn1,3.95
Cc1ccc(C)c([C@@H](O)Cn2nc(C(N)=O)ccc2=O)c1,6.000000000000001
CC[C@H]1c2ccsc2CCN1C(=O)CN1C(=O)CC2(CCCC2)C1=O,1.6
Cc1cc(C)c(NC(=O)NCc2ccoc2C)c(C)c1,17.65
CCN(CCOc1ccc(OC)cc1)C(=O)c1ccc(COC)o1,4.85
Cc1ncc(CN[C@H]2CCc3ncnn3C2)s1,2.133333333333334
Cc1ccc(C(=O)N2CCC3(C2)C(=O)N(C)c2ccccc23)cc1,16.85
Cc1cn2nc(C(=O)N3CCC(NC(=O)c4ccco4)CC3)cc2c(=O)[nH]1,11.2
COc1ccc(Nc2nc(NCCCO)c3ccccc3n2)cc1,11.55
C#CCNC(=O)NCc1ccc2c(c1)OCCO2,5.04451
Cc1cccc(C)c1NC(=O)Cn1nc2c(cc1=O)CC(C)CC2,14.0
CC(NC(=O)c1cc2sccc2[nH]1)c1n[nH]c(=O)[nH]1,11.7
Cc1noc2nc(-c3ccco3)cc(C(=O)N[C@H]3CCCNC3=O)c12,15.05
CCOCc1cnc(C)nc1C1CCCN(C(=O)c2cc(C)oc2C)C1,40.96666666666667
CCCCNC(=O)CNc1cc(C)nc2nc(-c3cccnc3)nn12,12.6
COc1ccc(C2C(C(=O)c3ccc4c(c3)OCCO4)=C(O)C(=O)N2Cc2cccnc2)cc1,3.2
COc1ccc(CCN2C(=O)NC(CCC(=O)Nc3ccc4c(c3)ncn4C)C2=O)cc1,11.2
O=C1CSc2sc3c(=O)n(CCc4cccs4)cnc3c2N1,2.5999999999999996
O=C(CSc1nc(=O)c2sccc2[nH]1)c1ccc(F)cc1,8.35
O=C(c1ccc(C(F)F)c(F)c1)N1CCC[C@H](Cn2cncn2)C1,-12.0
COc1cc(NC(=O)C2CCN(S(=O)(=O)c3ccc4c(c3)CC(C)N4C(=O)C3CC3)CC2)cc(OC)c1OC,9.65
CCC(=O)N1CCC2(CCCN(CC3CCCCC3)C2=O)C1,15.85
C[C@H]1CN(C(=O)Cc2ccc(N3CCCC3=O)cc2)CCO1,9.1
CCc1cc(C(=O)N[C@H]2CCc3nccn3C2)sc1C,0.2000000000000001
NC(=O)CSc1ccccc1NCc1nc2ccccc2o1,-26.200000000000003
COc1cc(C(C)=O)ccc1SCc1c(Cl)ncnc1N(C)C,23.5
Cc1ccc(C2=NS(=O)(=O)N(C)C(C(=O)NCCN3CCOCC3)=C2)cc1,7.949999999999999
Cc1c(CN[C@@H](C)c2nc(C3CCCC3)no2)c(=O)n(-c2ccccc2)n1C,-0.8
Cc1c(C(=O)Nc2ccc(N3CCCC3)nc2)cnn1-c1ccccn1,27.0
O=C(Cn1ccnc1)Nc1ccccc1Nc1ccc(F)cc1F,5.9
COc1ccc(CCN2CC[C@H](CNc3ncccc3C#N)C2)cc1,6.95
CC(C)(C)N1CCN(C(=O)c2ccc(=O)n(-c3ccccc3)n2)CC1,-6.8
Cc1ccc(Cl)cc1N1CCN(C(=O)c2cc3n(n2)CC(O)CNC3=O)CC1,5.950000000000001
COc1cc2c(=O)n(Cc3ccc(C(=O)NCc4ccco4)cc3)c(=O)n(CC(=O)NC(C)C)c2cc1OC,24.95
CC(=O)N1CCC([C@@H]2CN(C(=O)NC3CCCC3)C[C@H]2COc2ccccc2)CC1,21.1
NC(=O)[C@@H]1CCCCN1CC(=O)Nc1ccc(I)cc1,8.600000000000001
N#Cc1ccc(N2CCN(C(=O)c3ccco3)CC2)c(F)c1,0.8
O=C(NCc1cn2cc(Cl)ccc2n1)c1cc(=O)c2ccccc2o1,-7.6
CC(=O)c1oc2ccccc2c1NC(=O)c1cnc2c(c1)nnn2C,12.6
O=C(NS(=O)(=O)c1cccc(C(F)(F)F)c1)c1cscn1,-0.8500000000000001
O=C(Nc1ccccc1O)c1ccc(CN2CCCCC2)cc1,22.200000000000003
Cc1cccc(NC(=O)N[C@H]2CCCC23OCCO3)n1,9.4
Cc1cc(C(=O)N2CCC[C@H](c3nc(C)cs3)C2)on1,8.1
CCn1nc(C)cc1C(=O)NCC1CCCN(CCn2cnc3ccccc32)C1,13.15
O=C(NCCc1csc(-c2cccnc2)n1)NC1CCCCC1,-1.2
Cc1noc(C)c1S(=O)(=O)Nc1ccccc1C(=O)Nc1ccc2c(c1)OCO2,84.0
CN1CCN(C(=O)CCC2CCCN(Cc3ccc(-n4ccnc4)cc3)C2)CC1,13.0
O=C(c1cc(=O)nc2sccn12)N1CCCC(c2ccn(CCO)n2)C1,9.35
O=C(NOCc1ccccc1)N1CCN(c2ccccc2O)CC1,13.5
Cc1nn(C)c(C)c1C(=O)NC[C@H]1CCCN(Cc2cccs2)C1,3.25
Cc1cccc(-n2c(=O)c(C#N)cc3c(=O)n4cccc(C)c4nc32)c1,9.8
C[C@H]1CN(CCCN2C(=O)CNC2=O)CCCO1,5.15
CC1CCN(c2nn3c(=O)c(C(=O)NCc4ccccc4Cl)cnc3s2)CC1,21.35
O=C(Nc1cccc(C(=O)N2CCOCC2)c1)c1ccccc1Cl,25.7
O=c1c(NCC2CCCO2)csc2ccccc12,8.6
CCN(C)c1cccc(NC(=O)[C@H]2CCCN(C(=O)c3cccs3)C2)c1,3.1
CCCS(=O)(=O)NCc1cccc(C(=O)N(C)C)c1,-3.1000000000000005
COc1ccc(NC(=O)c2ccc(=O)n(-c3ccccc3)n2)cn1,13.7
Cc1nc(CSc2nnc(C3CCCNC3)n2C)no1.Cl,6.5
CCN(CC(=O)NC)CC(=O)N1c2ccccc2NC(=O)C[C@@H]1C,6.9
O=C(C1CCN(S(=O)(=O)c2ccc3c(c2)CCCN3C(=O)C2CCC2)CC1)N1CCCCC1,-19.9
CCc1cc2c(=O)n(CC(=O)N3CCCC[C@@H]3C)cnc2s1,-10.9
Cc1nn(Cc2ccc(C(=O)N3CCN(c4ccccn4)CC3)cc2)c(C)c1S(=O)(=O)N(C)C,10.05
CCc1nn2c(=O)cc(CN3CCCCC3CCn3cccn3)nc2s1,6.45
CNc1snc(C)c1C(=O)N1CCCCO1,26.5
CCCn1c(=O)n(CC(=O)N[C@@H](C)c2nc3ccccc3[nH]2)c2ccccc21,18.35
CCN(CC)CCNC(=O)c1cnn(-c2ccc(F)cc2)c1-n1cccc1,14.4
COc1ccc(C(=O)Nn2ccc3c(nnc4ccnn43)c2=O)cc1,2.2000000000000006
COC1CCC12CCN(C(=O)c1cccnc1)CC2,2.9000000000000004
CC(=O)N1CC(C)(C)c2cc(S(=O)(=O)NC(C)Cc3ccco3)ccc21,23.2
COc1ccc(NC(=O)c2nc(-n3ccnc3)ncc2Br)cc1,-1.4500000000000002
CN1CCO[C@@H](CNCc2ccccc2F)C1,-22.8
CCc1ccc(CNC(=O)[C@@](C)(c2ccccc2)N(C)C)s1,-2.45
COc1c(C)c2c(c(O)c1C/C=C(\C)CCC(=O)O)C(=O)OC2,50.2
Cc1ccc2cc(C(=O)Nc3ncccc3O)[nH]c2c1,-3.996065
CCNC(=O)C1=Cc2cc(OCC)ccc2OC1,-14.05
COc1ncnc(OC)c1C(=O)N[C@H]1CCCNC1,17.066666666666666
COc1ccccc1N1CCC[C@H](Oc2ccc(C(N)=O)cc2)C1=O,-11.95
CC(C)Oc1ccc(Cn2cnc3sccc3c2=O)cc1,3.4
COc1ccc(NS(=O)(=O)c2cnc(N)nc2)cc1OC,-15.4
N#CCc1ccc(NC(=O)CNc2ccc(-n3cnnn3)cc2)cc1,16.45
CCCCN(C)C(=O)CSc1nc2ccc(NS(C)(=O)=O)cc2s1,9.6
Cn1c(C(=O)N2CCC[C@@]23CCOC3=O)cc2cc(C(F)(F)F)ccc21,-12.15
CCc1nnc2cc(N3CCN(C(=O)Nc4ccc(F)cc4)CC3)cnn12,-9.6
N#Cc1cccc(OCC(=O)N2CC(=O)Nc3ccccc32)c1,-0.4000000000000003
CCN(Cc1ccoc1)C(=O)NCC[S@](=O)Cc1ccccc1,-16.3
O=C(NCCN1CCOCC1)c1cc2n(n1)CCCN(Cc1cccc(F)c1)C2=O,1.1500000000000004
COc1ccccc1NC(=O)Cn1cccc(-c2nc(-c3ccccc3)no2)c1=O,14.8
CCO[C@H]1CCCN(C(=O)c2cccc(Cn3nc(C)cc3C)c2)C1,6.449999999999999
Cc1cccc2nc(C(=O)N(Cc3ccsc3)CC(C)C)cn12,11.1
CCOc1ccc2c(c1)[C@@H](NS(=O)(=O)CCCF)CCO2,3.466666666666667
O=C(c1cc(-c2cccnc2)on1)N1CCN(Cc2ccc(Cl)s2)CC1,13.85
Cc1ccc(CN2CCO[C@H](c3noc(C)n3)C2)cc1,6.233333333333333
CC(=O)Nc1ccc(NC(=O)c2nc(S(C)(=O)=O)ncc2Cl)cc1,17.85
Cc1noc(-c2ccc(N3CCN(C(=O)c4ccc(F)cc4F)CC3)nc2)n1,10.85
Cn1c(Cl)cnc1CN1CCCN(C(=O)[C@@H]2CC=CCC2)CC1,-31.8
O=C(CN1C(=O)N[C@]2(CCOC2)C1=O)N1CCC(c2ccccc2)=N1,5.3
COCCN(C)CCCNC(=O)c1ccc(Br)cc1Cl,30.6
CC(C)Cn1cc(N[C@@H](C)c2ccc(S(C)(=O)=O)cc2)cn1,-5.8
CC(C(=O)NCCCc1cnn(C)c1)c1n[nH]c(=O)c2ccccc12,5.949999999999999
Cc1occc1C(=O)Nc1ccc2c(ccn2CCN(C)C)c1,8.4
CN1Cc2c(Cl)cc(Cl)cc2[C@H](c2cccc(S(=O)(=O)NCCOCCOCCNC(=O)NCCCCNC(=O)NCCOCCOCCNS(=O)(=O)c3cccc([C@@H]4CN(C)Cc5c(Cl)cc(Cl)cc54)c3)c2)C1,26.4
Cc1cc(C(=O)NCCCCC2CCCO2)cc(C)n1,4.449999999999999
COc1ccc(OC)c2[nH]c(C(=O)NCCCC(=O)Nc3ccc4c(c3)OCCO4)cc12,10.35
CCOc1ccc(S(=O)(=O)N2CCC(C(=O)NCCCOC)CC2)cc1Cl,22.9
Cc1c([C@H]2[C@H](Nc3ncnc4c3ncn4C3CC3)CC(=O)N2C)cnn1C,-0.6999999999999993
CN(C)[C@@H]1[C@@H](NS(=O)(=O)c2cc(Cl)c(Cl)s2)[C@H]2CCO[C@H]21,-0.2999999999999998
Cc1n[nH]c2c1C(c1ccc(O)cc1)SCC(=O)N2,16.5
C[C@H]1COc2ccccc2CN1C(=O)c1cc(=O)[nH]c2c1CCCC2,-5.75
CCc1noc(CN(C)C(=O)N[C@H]2CCCN(c3ncccn3)C2)n1,24.1
Clc1ccc(CSC(Cn2ccnc2)c2ccc(Cl)cc2Cl)cc1.O=[N+]([O-])O,101.95
CCOc1ccc(CN2CCc3nn(C)c(=O)n3CC2)cc1OC,-9.45
O=C(Nc1nc2c(s1)CCC2)c1c(Cl)nc2ccccn12,23.95
COCCn1ncc(N2CCCC(CC(=O)NCC3CC3)C2)cc1=O,15.55
O=C(CCOc1ccccc1Cl)N1CCC[C@H](c2ccn[nH]2)C1,-2.4333333333333336
CNc1c(NS(=O)(=O)c2cccc3nsnc23)c(=O)oc2ccccc12,10.85
CCCC(=O)N1CCC[C@H](CN2CCN(c3ccccn3)CC2)C1,10.25
COCC[C@H](Nc1nc(-c2cccnc2)nc2c1CCC2)C(N)=O,13.466666666666669
CCc1nc(CC(=O)N2CCC[C@H](n3cccn3)C2)cs1,-8.766666666666667
Cc1csc(NC(=O)CCn2cncn2)n1,-5.299999999999999
CCN(CC)c1ccc(NC(=O)c2cn3c(C)cccc3n2)cn1,-5.39771
CO[C@@H]1C[C@@H](c2ncn[nH]2)N(C(=O)c2[nH]c(C)cc2C)C1,8.8
Cn1c(=O)c2c(nc(NCCN)n2Cc2ccc(Cl)cc2)n(C)c1=O,56.05
C[C@@H](CNC(=O)Nc1ccc(OC2COC2)cc1)N1CCN(C)CC1,-2.3
CN(C)C(=O)C[C@]1(O)CCCN(C(=O)NCc2cn(C)nc2C(F)(F)F)C1,8.15
CCN1CCO[C@@H](CNCc2cccnc2C)C1,-13.95
CCc1nc([C@H]2CCCN(C(=O)c3ccc(OC)cc3)C2)no1,6.499999999999999
Cc1ccc(F)cc1CN1CCC[C@H](n2cncn2)C1,-9.55
Cc1cccc(OC[C@@H](O)CN2CCN(c3nccs3)CC2)c1,-4.7
CC(C)CC(NC(=O)c1cc(Cl)cn1C)c1ncnn1C,14.45
CC(=O)c1cc(C(=O)N2CCC[C@H](C)C2)n(C)c1,6.25
Cn1c(=O)c2c(nc(CN3CCN(CCO)CC3)n2CCCc2ccccc2)n(C)c1=O,8.2
CC1Cc2ccccc2N1C(=O)C1CCCN(S(C)(=O)=O)C1,16.55
COc1ccc2oc(C)c(C(=O)N(CCC#N)Cc3cccnc3)c2c1,-3.2
Cc1ccccc1S(=O)(=O)N1CCCC(CCC(=O)N(C)Cc2cccnc2)C1,28.15
CC(C)Oc1ccc(NC(=O)CN2CCc3[nH]cnc3C2)cc1,11.6
O=C(NC1CCCCC1)c1ccc(Br)c(S(=O)(=O)N2CCOCC2)c1,2.5500000000000003
CCn1ncc(Cl)c1C(=O)N1CCCC1c1ccc(OC)cc1,18.55
C[C@H](NC(=O)c1ccsc1)c1nnc2n1CCC2,10.266666666666667
CCn1nccc1C(=O)N1CCC(Cc2noc(-c3ccccc3)n2)C1,7.1
Cc1ccc(C(=O)N2CCC(n3c(=O)[nH]c4ccccc43)CC2)cc1,-1.4500000000000002
COc1cc2ncn(CC(=O)N[C@@H](C)C(=O)N3CCN(Cc4ccccc4)CC3)c(=O)c2cc1OC,7.15
CC(C)NC(=O)C1CC2(CN(C(=O)C3(c4ccccc4)CC3)C2)CN1C,-4.266666666666668
O=C1CC(C(=O)N2CCc3ccc(Br)cc32)CC(=O)N1,8.55
CCNC(=O)CN1CCCN(C(=O)COc2ccc(C(C)C)cc2)CC1,-1.55
Cc1cn(-c2cncc(Br)c2)cn1,9.2
CCOc1ncccc1C(=O)N(CC)Cc1ccc2c(c1)OCO2,1.2999999999999998
OCCOc1cccc(CN2CCN(Cc3ccccc3F)C(CCO)C2)c1,13.85
Cn1ccc(NC(=O)Cn2c(-c3cscn3)nc3ccccc32)n1,12.0
O=C1NC[C@H]2CN(S(=O)(=O)c3ccc4scnc4c3)CCN12,6.85
CNC(=O)C1CN(Cc2ccccc2)CC12CN(C(=O)c1ccc3ncccc3c1)C2,13.0
C[C@H]1CN(S(=O)(=O)c2cccc(Cl)c2)CCN1.Cl,12.75
CCC[C@@]1(C2CC2)NC(=O)N(Cc2ncnn2C)C1=O,8.8
Cc1nccc(-c2cccc(N[C@H]3CCN(c4cnn(C)c4)C3=O)c2)n1,9.55
COc1cc(Cl)c(C)cc1NC(=O)CC1CCCCN(C)C1=O,11.9
CC(=O)[C@@H]1CCCCN1C(=O)Cc1csc(-c2ccccn2)n1,4.15
CCn1ccnc1CN1CCC[C@@H]1Cn1cncn1,-6.35
CCc1ccc(C(=O)NC[C@H](C)N2CCc3sccc3C2)o1,14.8
COc1ccc(CCN(C)C(=O)Nc2ccc3c(c2)OCO3)cc1OC,-0.4666666666666674
COc1ccccc1NC(=O)CN1C(=O)N[C@@H](CC(C)C)C1=O,13.8
CCN(CC)S(=O)(=O)c1ccc(N2C[C@@H](C(=O)N3CCCc4ccccc43)CC2=O)cc1,-8.3
CN1CCN(n2ccc3c(cnc4c(-c5ccc(Cl)cc5)cnn43)c2=O)CC1,1.4500000000000002
CC[C@H]1CCCCN1S(=O)(=O)c1ccccc1F,0.4
Cc1ccc(C(=O)N2CCC(C(=O)N3CCCC(c4nnc(CO)n4C)C3)CC2)cc1,9.35
Cc1nc(-c2ccc(F)cc2)n(CC(=O)Nc2ccc(F)cc2)c(=O)c1CCO,4.15
COc1ccc(-c2cc(C#N)n(C(F)F)c2)c(OC)n1,9.6
CCN1C(=O)Cc2cc(NC(=O)c3ccc(Br)cc3)ccc21,16.4
Cc1ccc(CS[C@@H](C)C(=O)Nc2cc(C)on2)cc1,13.6
N#Cc1ccc(NC(=O)c2cc(-c3ccc(O)cc3)on2)cc1,14.55
Cc1n[nH]c([C@@H]2CN(C(=O)Cc3csc(C(C)(C)C)n3)CCO2)n1,8.45
Cc1nc2ccc(N(C)C)cc2c(O)c1CN1CCN(C)CC1,5.5
CCS(=O)(=O)n1nc(-c2ccc(Cl)cc2)nc1SC,-0.6
CS[C@@H](C)C(=O)N1CCC=C(F)C1,5.1499999999999995
O=C(Nc1cccc(C(F)(F)F)c1)Nc1cc(S(=O)(=O)NC2CC2)ccc1-c1ccsc1,84.35
CN(Cc1ccco1)S(=O)(=O)C1CCS(=O)(=O)C1,-9.7
CCCS(=O)(=O)NCCc1ccc(-n2cccn2)cc1,22.55
Cc1cc(Nc2ncc(Cl)c(Nc3ccccc3S(=O)(=O)C(C)C)n2)c(OC(C)C)cc1C1CCNCC1,96.4
CC(C)CNC(=O)c1ccc(F)cc1-n1cnnn1,8.4
CCCOc1ccc(C2C(C(=O)c3ccc(C)cc3)=C(O)C(=O)N2CCN(C)C)cc1,5.0
CC(=O)Nc1ccc(NC(=O)C2CCN(C(=O)c3cc(-c4cccnc4)[nH]n3)CC2)cc1,18.4
CC(=O)c1ccccc1NC(=O)c1cn(-c2ccccc2)nn1,27.15
C[C@H](NC(=O)Nc1nnc2ccccn12)c1ccc(-n2cccn2)cc1,-14.75
Cn1cc(-c2cc(CN3C[C@@H]4CCS(=O)(=O)[C@@H]4C3)on2)cn1,14.0
N#Cc1ccc2ncc(CNc3cccc(CO)c3)n2c1,9.75
CCS(=O)(=O)c1ccc(CCC(=O)N2CCC[C@H](c3nc(C)no3)C2)cc1,-4.6000000000000005
CC(C)[C@H](CNc1cnccn1)N1CCOCC1,-1.9
CC(=O)c1ccc(NC(=O)c2cc3occc3n2C)cc1,9.2
Cc1nc(C)c(C(=O)N2C3CCC2Cn2c(nn(CC4CC4)c2=O)C3)s1,11.7
CN(C)C(=O)CCc1nc(C2CCCN2C(=O)c2ccccc2)no1,-2.75
Cc1cc(C)c(C#N)c(N2CCN(CC(=O)N(C)C)CC2)n1,-11.7
CN(C)c1ccc(C(O)(c2ccc(N(C)C)cc2)c2ccc(N(C)C)cc2)cc1,62.4
CCn1cc(C(=O)NCCCN2CCCC2=O)c(=O)c2cc(S(=O)(=O)N3CCC(C)CC3)ccc21,-9.8
Cc1cnccc1CN1CCC(N2CC(COc3ccc(F)cc3)OCC2=O)CC1,16.8
CCN(Cc1ccccc1)S(=O)(=O)c1ccc2c(c1)CCCC(=O)N2,3.450000000000001
CCC(CC)C(=O)Nc1nnc(SCc2cc(=O)n3cc(C)ccc3n2)s1,14.75
O=C1NC(=O)C(c2ccccc2)Oc2ccccc21,13.25
C[C@H]1OCCN(C(=O)c2ccc(N(C)C)cc2F)[C@@H]1C(N)=O,3.5
CCc1csc([C@H]2CCCN(C(=O)c3cc(OC)ccn3)C2)n1,8.899999999999999
COCc1nnc(C2CC3(CCN(C(=O)COc4ccc(F)cc4)CC3)CN2C)o1,-5.3999999999999995
CNCCN1C(=O)CC[C@H]2CN(C(=O)c3coc4ccccc34)CC[C@H]21.Cl,-0.0499999999999999
CCN1CCC(CC(=O)N2CC3(C2)CN(S(=O)(=O)CC)CC3c2nc(C)no2)CC1,12.8
O=C(CSc1nnnn1C[C@H]1CCCO1)c1c[nH]c2ccccc12,8.950000000000001
CCc1cc(N(C)CCC(=O)NC)n2nccc2n1,15.15
CCCCN(C)c1ccc(C(=O)N2CCC(c3nnc[nH]3)CC2)cc1,6.05
Cn1cnnc1[C@H]1CCCN(C(=O)c2ccc(Cl)o2)C1,-12.35
CCN(CC)C(=O)c1ccc2c(c1)N(CC(=O)Nc1ccc(C)cc1)C(=O)CO2,6.3999999999999995
O=C(c1csc(-c2ccccc2F)n1)N1CCC[C@H](Cn2ccnn2)C1,2.6
COC[C@@H]1[C@@H](NC(=O)CCC2=NNC(=O)CC2)[C@@H]2CCO[C@H]12,6.0
COCCCCn1cnc(Br)n1,-13.75
Clc1snnc1CN1CCC(c2cn[nH]c2)CC1,-6.85
CCc1nncn1CCNC(=O)Nc1ccc(-c2csnn2)cc1,8.7
CC(=O)c1c(C)nc(-c2ccco2)[nH]c1=O,11.35
CCC(=O)c1ccc(OCC(=O)Nc2ccc(OC)cc2OC)cc1,8.6
O=C(c1ccccc1)C1CCN(C(=O)Cn2ccccc2=O)CC1,0.5499999999999999
O=C(c1c(F)cccc1Cl)N1CCOC2CCCCC21,4.35
Cc1ccc(NC(=O)c2cc(S(=O)(=O)N3CCOCC3)cn2C)cc1F,5.550000000000001
COc1cccc(F)c1NC(=O)N[C@H]1CCCC12CCOCC2,17.95
COc1ccccc1OCc1ccc(C(=O)NCc2ccco2)o1,18.15
O=C1NCCN(C(=O)[C@@H]2CCCc3cccnc32)c2ccccc21,28.95
CC(=O)N1CCN(c2cc3c(cc2F)c(=O)c(C(=O)NCc2ccc(F)cc2)cn3C2CC2)CC1,97.45
O=C(N[C@H]1CCOc2ccccc21)c1cccc(CN2CCCC2=O)c1,3.35
CS(=O)(=O)CCC(=O)N1CCOC(c2ccccc2)C1,13.5
Cc1nccn1-c1ccc(NC(=O)c2cnn(CC(C)C)c2C)cn1,-13.55
CN(c1ccccc1)S(=O)(=O)c1cccc(NC(=O)Cn2ccnc2)c1,0.2999999999999998
CCc1ncc2c(n1)CN(CC(=O)Nc1ccccc1C(=O)NC(C)C)CC2,12.95
CCn1c(=O)c(N2CCN(C(=O)Nc3cccc(Br)c3)CC2)nc2cccnc21,7.549999999999999
Cc1noc(C)c1C(=O)NC[C@@H](c1ccccc1)N1CCOCC1,-1.45
COc1ccc(NC(=O)Cn2c(C)cc(C)c(S(=O)(=O)c3ccccc3)c2=O)cc1OC,11.6
COc1c(N2C[C@@H]3CCCN[C@@H]3C2)c(F)cc2c(=O)c(C(=O)O)cn(C3CC3)c12,100.05
O=C(CSc1nc2ccccc2c(=O)n1CCCO)NCc1ccccc1,-4.0
CC(C)(C)[C@H](Cc1ccccc1C(F)(F)F)NC(=O)CCN1CCCS1(=O)=O,-3.3
CCCNC(=O)[C@H]1CCCN(CC(=O)N2CC(=O)Nc3ccccc32)C1,8.0
COc1cc(Cl)ccc1C(=O)N1CC[C@@H](n2c(=O)n(C)c3cccnc32)C1,18.85
Cl.Cn1cc(CNC[C@H](O)c2ccc(F)cc2)c(-c2ccncc2)n1,-9.0
COc1cc(C(=O)N(c2ccccc2)C2CCC2)nn1C,4.4
CC1=CC(=O)c2ccccc2C1=O,60.15
Cc1cnc(S(=O)(=O)CCn2cc(Br)cn2)nc1,19.1
COc1ccc(NC(=O)c2ccc(=O)n(Cc3cccc(F)c3)c2)cc1OC,14.85
COc1ccc(N2C(=O)CCS2(=O)=O)cc1S(=O)(=O)N1CCN(c2ccccc2F)CC1,-2.05
C[C@]1(CNC(=O)c2c[nH]nn2)CCCO1,-14.5
CC1=C(C(=O)N2CCCCC2)C(c2ccc3c(c2)OCO3)C2=C(CCCC2=O)N1,6.5
Cc1ccc(Cn2c(=O)c(N3CCC(C(=O)NCCCN4CCCC4)CC3)nc3cccnc32)cc1,6.25
CNC[C@H]1CCCN(C(=O)CCCOc2ccccc2C)C1.Cl,-2.1999999999999997
COc1ccc2cc(C(=O)N[C@H]3CCN(c4cnn(C)c4)C3=O)c(C)nc2c1,2.3
Oc1cccc2ccc(Nc3ccccn3)nc12,98.3
COc1ccc(C(C)=O)cc1Cn1ccccc1=O,-0.8
O=C(Nc1ccc(Cl)c(Cl)c1)Nc1ccc(Cl)c(Cl)c1,99.0
Cn1cc(CC(=O)N[C@H](c2cncc(Br)c2)C2CC2)cn1,9.4
O=C(CN1CCN(c2ncccn2)CC1)N[C@@H]1CCOC[C@H]1O,16.6
O=C(Cn1ccc2ccc(F)cc21)N1CCOC[C@@H]1CCO,-0.7000000000000002
CC(C)(C)C1CCN(S(=O)(=O)N2CCC[C@H](c3n[nH]c(C4CC4)n3)C2)CC1,-0.3999999999999994
CC(=O)/N=C1\SC2CS(=O)(=O)CC2N1c1ccc2c(c1)OCO2,16.35
Cc1[nH]c(C(=O)NCc2cccs2)c(C)c1S(=O)(=O)N1CCC(C)CC1,46.75
O[C@@H](CN1CCC(c2ccn[nH]2)CC1)C(F)(F)F,-0.3499999999999996
CCCn1c(=O)c2ccc(C(=O)NC(C)C)cc2n2c(SCC(=O)NC(C)(C)C)nnc12,21.8
O=C(O)c1ccc(/C=C2\SC(=S)N(Cc3cccc(C(F)(F)F)c3)C2=O)cc1,92.0
Cn1c(SC[C@@H]2OCCc3ccccc32)n[nH]c1=O,1.15
COc1ccc(-c2noc(N3CCC(C(=O)NCCCN(C)c4ccccc4)CC3)n2)cc1,-8.899999999999999
O=C1CCC(CCC(=O)NC(Cn2cccn2)c2ccccc2)=NN1,15.9
Cc1ccc([C@H]2CN(C(=O)[C@H]3CC[C@@H](O)CC3)[C@@H]3C4CCN(CC4)[C@H]23)cc1,11.45
CN(CCc1ncon1)C(=O)c1cn2cc(Cl)cnc2n1,12.75
CCN(Cc1cccc(Nc2ncnc3c(F)cccc23)c1)C(C)=O,5.3
O=C(Cc1ccc(S(=O)(=O)NCc2ccc(F)cc2)s1)N1CCOCC1,5.7
CCc1ccc(C2(C)SC(NC(C)=O)=NN2C(C)=O)cc1,11.5
CNC(=O)Cc1noc(-c2ccnc(SC(C)(C)C)c2)n1,3.649999999999999
O=C(Nc1ccccc1)c1cc2ccccc2oc1=O,0.8
COc1ccc(CN(C)Cc2n[nH]c3c2CCCC3)cn1,7.7
CCCCNC(=O)CSc1nnc(C(=O)Nc2ccc(C)cc2)s1,1.85
CC(C)[C@H](CNC(=O)c1ccccc1C(F)(F)F)N1CCOCC1,0.8499999999999996
CCN(CCOc1ccc(Cl)cc1)C(=O)CC1C(=O)N(C)C(=O)N1C,14.15
CCOc1ccc([C@@H]2C(C(=O)c3ccc(OC)c(F)c3)=C(O)C(=O)N2CCCN2CCOCC2)cc1,10.2
Cc1ccc(NC(=O)CN2C(=O)c3ccccc3C2=O)c(C)c1,5.0
CCN1c2cc(C(=O)N3CCN(c4ccccc4F)CC3)ccc2C(=O)N2CCCCC21,2.6999999999999997
CN(C)CCCNC(=O)c1cn(-c2ccccc2)nc1-c1cccs1,-8.05
CCN(C(=O)c1ccccc1OC)c1cc2c(cc1N1CCNC[C@H]1C)n(C)c(=O)n2C,16.65
CCC(=O)N1c2ccccc2CC1C(=O)NCc1ccc(F)cc1,10.2
Cc1cccc(-c2noc(-c3ccc(N4CCN(C)CC4)nc3)n2)c1,101.05
CN(C)c1ccc(C(=O)N2CCN(C(=O)c3ccco3)CC2)cc1,7.0
CNC(=O)[C@@H]1CN(C(=O)c2ccc(F)c(Cl)c2)C[C@H]1COC,12.1
CNC(=O)c1ccc(Cl)c(NC(=O)NCCN2CCCC(CO)C2)c1,17.15
CN(C)C(=O)CN1CCC(N2CCC3(CCCC3)C2)CCC1=O,9.35
Cc1ccccc1CCNC(=O)N(C)CCn1cnnc1,11.5
O=C(Cn1ccc(=O)[nH]c1=O)N[C@H](c1cc2ccccc2o1)C1CC1,-0.5999999999999996
COc1cc(OC)nc(-c2ccc(OC)c(C)c2)n1,13.3
NC(=O)[C@H]1CCCN(C(=O)CCCc2ccc(Cl)c(Cl)c2)C1,8.2
CC(=O)c1ccc(NC(=O)Cn2nc3c(Oc4ccccc4C)nccn3c2=O)cc1,8.25
Cc1ccc2nc3c(cc(C(=O)Nc4ccc5c(c4)OCCO5)n3C)c(=O)n2c1,7.65
CCC[C@H](C)NC(=O)CN1CCC(C(=O)Nc2cc(C)ccn2)CC1,4.05
CNC[C@H]1CCCN1S(=O)(=O)c1cc(OC)c(OC)cc1Br,-6.800000000000001
O=c1c2ccccc2cnn1CN1CCCc2cc(S(=O)(=O)N3CCCC3)ccc21,-6.649999999999999
O=C1CN(CCC2=CCCCC2)[C@H]2CS(=O)(=O)C[C@H]2N1c1ccc(Cl)cc1,4.8500000000000005
Cc1ccc(CNC(=O)c2nccnc2NC(=O)c2ccccc2)o1,18.0
CC(=O)N(CCc1noc(C2CC2)n1)C1CCN(S(=O)(=O)c2ccc(F)c(F)c2)C1,1.8
COc1ccc(CC(=O)N2CCC[C@H](n3cc(C)cn3)C2)cc1F,-2.4333333333333336
Cc1cn2cc(NC(=O)c3c(C)noc3C)ccc2n1,-9.2
COc1ccc(Nc2nc3ccccc3n3cnnc23)cc1,-6.2
COc1cc(C2CC(c3c(O)n(C)c(=O)n(C)c3=O)=NN2C(C)=O)cc(OC)c1OC,16.1
Cc1cccc(Cn2c(=O)c3c(nc4n(CCCn5ccnc5)c(C)cn34)n(C)c2=O)c1,10.6
Oc1cc(CN2CC3(CCC3)[C@@H]2C2CCOCC2)nc(C2CC2)n1,9.0
CCOc1ccc(C(=O)N2CCC[C@H](c3ccn[nH]3)C2)cc1,8.0
CCNc1cc(N2CCN(C(=O)c3ccc(C)cc3C)CC2)nc(C)n1,8.15
CCc1oc2ccccc2c1C(=O)c1cc(Br)c(O)c(Br)c1,95.3
COc1ccc2oc(C(=O)NCc3ccco3)c(C)c2c1,-0.5
COc1ccccc1N1CCN(C(=O)Cn2nc(C(=O)Nc3ccccc3)ccc2=O)CC1,2.9
Cn1cnnc1[C@H]1CCCN(C(=O)NCc2cc[nH]n2)C1,-10.2
CCN(c1ccccc1)S(=O)(=O)c1cc(-c2[nH]ncc2C(=O)N2CCOCC2)oc1C,15.55
O=C(c1ccnc(-n2ccnc2)c1)N(Cc1ccsc1)C1CC1,1.1000000000000003
COCCCn1c(-c2ccc[nH]2)nnc1N1CCC[C@H](N2CCCS2(=O)=O)C1,6.1
CCCN(CCC)S(=O)(=O)c1ccc2c(c1)C(=O)Nc1ccccc1O2,17.55
Cc1ccn2c(=O)c(C(=O)NCC(C)C)c(O)nc2c1,9.6
CCN(CC)C1=NC(=O)[C@H](CC(=O)Nc2cccc(C(=O)NCc3nnc4ccccn34)c2)S1,-10.75
Cn1ncnc1COCC(=O)N1CCOc2cccc(F)c2C1,-13.1
CN(CC1CCCCC1)[C@H]1CCOC1=O,-3.500000000000001
O=C(Nc1ccc(F)cc1F)C1CC2CCC1C2,3.0
Cc1ccc(C(=O)N2CCC(NCc3ccco3)CC2)cc1,4.3
CCOc1ccc(NC(=O)c2cccn3c(I)cnc23)cc1,11.7
COc1ccc(C(=O)Nc2ccc(C(=O)Nc3cccnc3)cc2)cn1,21.45
Cc1cc(CN2C[C@@H]3CN(C(=O)c4ccccc4)C[C@]3(c3nc(C)n[nH]3)C2)n(C)n1,5.3500000000000005
Cl.Cl.NC[C@H](NC(=O)c1cccc(Oc2ccncc2)c1)C1CC1,7.75
CC1(O)CCC12CCN(C(=O)c1ccc(F)c(Cl)c1)CC2,4.95
NC(=O)CSc1nnc(-c2cc3ccccc3[nH]2)o1,12.95
COc1ccc(OC)c(NC(=O)CN2CC(C)OC(C)C2)c1,2.4
O=C(Nc1ccc(S(=O)(=O)N[C@H]2CCS(=O)(=O)C2)cc1)c1cc(N2CCOCC2)ccn1,-5.2
Cc1ccc(NC(=O)c2cncn2-c2ccc(F)cc2)nc1,5.3
CC(C)[C@@H]1N(C(=O)c2ccnc3c2nnn3C)CC12CCCC2,9.2
COCc1cccc(C(=O)N[C@H]2CCc3nc(C)cn3C2)c1,1.25
Cc1cc(C)c(C#N)c(N(C)Cc2ncc[nH]2)n1,16.85
Cc1ccc([C@H](C)NC(=O)NCc2ccnc(N3CCCC3)c2)o1,-18.85
COCCn1cnnc1S[C@@H](C)c1cn(-c2ccccc2)nn1,-7.4
CCc1nc(CC(=O)N2CCC[C@H](c3ccn[nH]3)C2)cs1,9.8
Cc1ccc(NC(=O)c2ccc(CN3CCN(C)CC3)cc2)cc1Nc1nc(-c2cccnc2)cs1,25.6
Cc1ccc(C(=O)N2CCN(c3ccnc(-c4ccccc4)n3)CC2)n1C,12.0
O=C(N[C@H]1CCS(=O)(=O)C2(CCC2)C1)c1cc(F)cnc1O,6.15
CCS(=O)(=O)N1CCC(C(=O)Nc2c(C)n(C)n(-c3ccccc3)c2=O)CC1,-14.3
Cc1noc(Cl)c1CC(=O)N1CCC[C@H]1c1cnn(C)c1,1.4999999999999998
c1cncc(-c2noc(CN(C[C@H]3CCCO3)C3CCCC3)n2)c1,-15.0
O=C(c1ccc(-n2ccnc2)cc1)N1CCc2sccc2C1,20.15
C[C@H]1CN(S(=O)(=O)c2ccc(C#N)cc2F)CCN1,-46.9
CC(=O)Nc1ncc(S(=O)(=O)N2CCCC(C)C2)s1,10.75
COc1cccc(C(=O)N2CCCN(S(=O)(=O)c3ccc(F)cc3)CC2)c1,-12.1
COc1ccc(-c2nn3c(NN)cc(C)nc3c2C)cc1,55.65
Cn1ccc(C(=O)N2CCCC(N(Cc3cccnc3)S(C)(=O)=O)C2)n1,10.4
O=c1cc(C[S@@](=O)CCCC2CCCC2)nc2ccccn12,20.9
CC(C)CCn1cc(C(=O)N2C[C@@H]3CS(=O)(=O)C[C@@H]3C2)nn1,-2.0
O=C(NCc1nc(-c2ccco2)n[nH]1)[C@H]1CCCN(C(=O)C2CC2)C1,21.7
Cc1cc(=O)c(C(=O)NC2CCCCCC2)nn1-c1ccccc1,-26.4
CCOc1ccc2nc(C(=O)Nc3ccc(OC)cc3OC)cn2n1,16.65
C[C@H]1CN(C)c2ccccc2N(C(=O)c2cc(-c3ccncc3)on2)C1,6.55
COc1ccc2[nH]c(C(=O)Nc3ccc(F)cc3)cc2c1,-9.65
COCC(=O)Nn1ccc2c(cnc3ccnn32)c1=O,22.25
COc1ccc(F)cc1CNCC1CCN(C[C@H](C)O)CC1,-2.4
O=C(CSc1ccccn1)Nc1ccc(Cl)cc1,-1.25
Cn1cccc1C(=O)N1CCC[C@H](n2cccn2)C1,-14.05
CCN1CCN(C(=O)Cc2ccccc2F)CC1,5.45
N#Cc1ccc([C@H]2CCc3cncn32)c(F)c1,7.4
Cc1ccc(-n2sc3ccccc3c2=O)cc1,97.4
COc1cnc(N(C)C(=O)c2sc(C)nc2C)nc1,1.9499999999999995
Cc1nc([C@@H]2CCCCCN2C(=O)c2ccc(C(N)=O)cc2)no1,-26.45
COCCn1nc2n(c1=O)CCN(C(=O)Cc1ccsc1)C2c1ccccc1,6.8
CCc1nccn1[C@H]1CCCN(CCOc2cccc(C)c2)C1,3.95
Cc1ccc(N2CC(C(=O)Nc3ccc(S(N)(=O)=O)cc3)CC2=O)cc1Cl,7.199999999999999
COc1cc(C(F)(F)F)ccc1-c1ncnc2cc(S(=O)(=O)Nc3nccs3)ccc12,19.2
Cc1cc(C)c(S(=O)(=O)N2CCCCC2)c(C)c1N(C)S(C)(=O)=O,14.25
Cc1nn(C)c(Oc2cccnc2)c1CN1CC[C@@]12CCOC2,18.25
CC(=O)N1CCC(NC(=O)NCCc2ccc3c(c2)OCO3)CC1,-13.65
CC(C)CCN(C)C(=O)c1nc(S(N)(=O)=O)c2ccccn12,6.4
O=C1CCS(=O)(=O)N1c1ccc(S(=O)(=O)N2CCc3ccccc32)cc1,8.950000000000001
O=C(NCc1ccccc1F)N1C[C@@H]2CC[C@H](C1)N(CC1CC1)C2=O,6.5
O=C(C[C@@H]1C=CCC1)NCc1cccc(C(=O)Nc2ccncc2)c1,-22.299999999999997
O=C(c1ccccc1C(F)(F)F)N1C[C@H]2C[C@H](O)[C@@H](O)C[C@H]2C1,14.05
Cc1cc(C(=O)N(CCc2ccccc2)Cc2ccncc2)n(C)n1,5.2
Cc1nc2c(NCc3cnc(N(C)C)nc3)cccc2o1,-5.199999999999999
Cn1ncc(C(=O)N2CCN(S(=O)(=O)c3ccc(F)cc3)CC2)c1-n1cccc1,6.75
Cn1c(COc2ccccc2)nnc1SCC(=O)Nc1cccc(O)c1,6.5
O=C(CCc1n[nH]c2c1CCCC2)N[C@@H]1COCC[C@H]1Oc1ccccn1,13.1
O[C@H](COc1ccc(Cl)cc1)CN1CCN(c2ncccn2)CC1,-6.0
C[C@@H](CCc1ccccc1)CNc1cccc(CO)c1,1.4499999999999995
CC(=O)Nc1ccc(S(=O)(=O)NC2CCN(c3ccc(F)cc3)C2=O)cc1,0.1999999999999999
O=C(Nc1ccccc1-n1cccn1)N1CC[C@H](c2ccccc2)C1,13.15
Cc1ccn(C(C)CC(=O)Nc2ccccc2F)n1,19.45
CN(Cc1ccc(O)cc1)C(=O)[C@@H]1COCCN1CC(F)F,7.35
Cc1csc(C(=O)NCc2[nH]nc(C)c2C)c1Br,9.05
COc1ccc(S(=O)(=O)NCC2CCCO2)cc1F,6.800000000000001
Cc1cnc2c(S(=O)(=O)N3CCOCC3)cccc2c1,3.4999999999999996
CC[C@H](NC(=O)Nc1ccc2cc[nH]c2c1)c1nccs1,-16.200000000000003
CCCc1noc(-c2ccc(-n3ncc(C(=O)N4CCCC4)c3C)nc2)n1,29.65
COc1ccc(C2(C(=O)N3CCN(c4ccc(C)cc4)C(=O)C3)CC2)cc1,19.15
CC(=O)Nc1ccc(C(=O)Nc2nnc(CC(C)C)s2)cc1,13.3
COc1ccc(CC(=O)NC2CCS(=O)(=O)C2)cc1,-5.866666666666666
Cc1c(NC(=O)C2=C(c3ccccc3)S(=O)(=O)CCO2)c(=O)n(-c2ccccc2)n1C,14.95
O=C(CC(F)(F)F)NC1CC(=O)N(Cc2ccccc2C(F)(F)F)C1,14.05
Cc1nnc(CN2CCC(C(O)c3ccccn3)CC2)o1,17.4
COc1cccc(-c2nsc(NC(=O)c3cc(C)no3)n2)c1,78.35
O=c1[nH]c2ccccc2n1C1CCN(CCCC(c2ccc(F)cc2)c2ccc(F)cc2)CC1,96.25
Cl.Clc1ccc(OCC2CCCNC2)c2ccccc12,101.95
Cc1noc([C@H]2CCCN(C(=O)Cc3ccc(OCC(C)C)cc3)C2)n1,-33.3
N#CCCN1CCC(Nc2ccccc2)CC1,-5.75
CC(C)C[C@H](NC(=O)[C@@H](NC(=O)c1cccc(-c2ccccc2)n1)[C@@H](C)O)B(O)O,55.2
Cc1cc(COc2cccc(NC(=O)c3ccccc3)c2)on1,9.5
CC1CN(c2cccc(Cl)c2)c2nc3c(c(=O)n(C)c(=O)n3C)n2C1,14.05
CCOc1cccc(CN2CCn3nc(C(O)CC(=O)N(C)C)cc3C2)c1,9.6
O=C(CN1C(=O)CN(C(=O)NCc2ccccc2)c2ccccc21)NCc1ccccc1,22.0
CN(C)C(=O)CSc1nc2ccccc2c(=O)n1Cc1ccc(F)cc1,-4.1000000000000005
C[C@H](NC1CCN(C)CC1)c1ccc(C(C)(C)O)cc1,14.1
CC(C)CCN1CC2=C(C1=O)[C@@H](c1ccc(O)cc1)NC(=O)N2,9.25
C[C@@H](c1ccsc1)N1CCN(Cc2nccn2C)CC1,-6.811495000000001
Cc1ccc(Cn2c(=O)n(CCNC(=O)C3CC3)c3ncccc32)cc1,0.6000000000000001
COCCC1(c2noc(C)n2)CCCN(C(=O)c2cncnc2)C1,12.6
CC(=O)c1ccc(NS(=O)(=O)c2cc(-c3noc(C)n3)cs2)cc1,19.0
Cc1c(C)n2c3c(=O)n(C)c(=O)n(C)c3nc2n1CCN1CCCCCC1,7.699999999999999
Cc1cc(F)ccc1NC(=O)Cn1cccc(S(=O)(=O)N2CCCCCC2)c1=O,33.2
COc1ccc(NC(=O)c2ccc3c(c2)n(C)c(=O)c2ccnn23)cc1,-6.3500000000000005
CN(C)CC1COCCN(Cc2cnc3c(-c4ccccc4)cnn3c2)C1,-0.3999999999999994
Cc1ncc(-c2ccc(C)c(S(=O)(=O)N3CCC4(CC3)OCCO4)c2)o1,17.85
CC(Cc1cccnc1)NC(=O)c1ccccc1N1CCS(=O)(=O)CC1,11.05
COc1ccc2sc(C(=O)N3C[C@@H](O)C[C@H]3CO)c(C)c2c1,0.7333333333333343
CC(C)[C@H](CNC(=O)c1cccc(S(=O)(=O)N2CCOCC2)c1)N(C)C,-0.9499999999999996
CC(C)c1noc(CN2CCN(c3ncccn3)CC2)n1,1.1
Cc1cc(F)ccc1CCNC(=O)[C@@H]1COCCN1C1CCCC1,11.9
O=C(CN1CCCSc2ccccc21)N[C@H]1CCCCNC1=O,5.75
O=C(OC(C(F)(F)F)C(F)(F)F)N1CCC(C(O)(c2ccc3c(c2)OCO3)c2ccc3c(c2)OCO3)CC1,21.0
Cc1cc(NC(=O)[C@H](C)N2CCN(c3cnccn3)CC2)on1,-27.4
CNC[C@H]1CCCN1S(=O)(=O)c1cccc(C#N)c1,1.5
CCn1c(C)cc(C(=O)Nc2ccc(N3CCCS3(=O)=O)cc2)c1C,-13.05
CN(Cc1cc(-c2ccco2)on1)S(=O)(=O)c1ccc(F)cc1,15.05
O=C(CCn1ccc(=O)[nH]c1=O)N[C@H]1CCC[C@H]1Cc1ccc(F)cc1,18.4
COCCC1(N(C)C)CCN(S(C)(=O)=O)CC1,10.1
O=C(Cn1nc(C(=O)N2CCc3ccccc32)ccc1=O)N1CCCc2ccccc21,25.7
COc1ccc(S(=O)(=O)N2CC[C@H](N)C2)cc1C.Cl,12.55
COCCN1C[C@@H](C(=O)N2CCN(c3cc(F)ccc3F)CC2)CC1=O,18.5
COc1ccc(O)c(C(=O)c2cnc3nc4ccccc4n3c2)c1,18.75
CC[C@@H]1/C=C(\C)C[C@H](C)C[C@H](OC)[C@H]2O[C@@](O)(C(=O)C(=O)N3CCCC[C@H]3C(=O)O[C@H](/C(C)=C/[C@@H]3CC[C@@H](O)[C@H](OC)C3)[C@H](C)[C@@H](O)CC1=O)[C@H](C)C[C@@H]2OC,72.85
COc1ccc(-c2cc3c(=O)n(CC(=O)N4CCN(c5ccccn5)CC4)nc(C)n3n2)cc1,10.75
CCOc1ccc(N(CC(=O)NC(C)C)S(=O)(=O)c2ccccc2)cc1,14.0
COc1ccc(C(=O)N2CCC(n3c(C)cnc3-c3cccnc3)C2)cc1F,0.25
CC(=O)c1c(C)nn(CC(=O)N2CCCCC2c2nccs2)c1C,-3.85
Cc1ccc(CNC(=O)c2cnc3sc4c(n3c2=O)CCC4)cc1,1.1500000000000004
COc1ccc(C2CC(=O)Nc3c2c(=O)[nH]n3C(C)C)cc1,7.25
CCOc1ccc(C2C(C(=O)c3ccco3)=C(O)C(=O)N2Cc2cccnc2)cc1OC,8.8
CCOc1ccc(-n2nnnc2CNC(=O)COc2ccc(OC)cc2)cc1,11.95
Cc1ccc(S(=O)(=O)NCc2ccccc2)cc1C(N)=O,24.200000000000003
CCc1nc(-c2cc(S(=O)(=O)N3CCC(C(=O)NCc4ccccn4)CC3)c(C)s2)no1,22.8
CCc1c(C(=O)N(C)Cc2ccoc2C)cnn1C(C)(C)C,-25.7
O=C1Nc2ccccc2Oc2cc(N3CCOCC3)c(S(=O)(=O)N3CCCCC3)cc21,11.55
CCNS(=O)(=O)[C@H]1CCN(Cc2cccs2)C1,11.65
Cc1ccc(CNC[C@H]2CCCN2c2cccnn2)s1,8.05
Cc1noc([C@H]2CCCN(C(=O)Cc3c(C)nn(C)c3C)C2)n1,-3.0
CCCCc1nc(CN(C)Cc2cnccn2)c(Cl)[nH]1,6.5
CCC1CCCCN1C(=O)c1cccs1,7.85
CCOc1cccc([C@@H]2c3c(oc4ccc(F)cc4c3=O)C(=O)N2C)c1,6.3
COCc1ccccc1CNC(=O)C[C@@H]1C=CCC1,16.6
Cc1cccc(NC(=O)CNC(=O)[C@@H]2CC=CCC2)c1C,0.7666666666666667
Cc1cc(N2CCCC2)nc(N2CCN(C(=O)c3ccccc3C)CC2)n1,-18.55
Cn1ccnc1COc1ccc(NC(=O)C2CCCCC2)cc1,0.2666666666666669
COc1cc(C)c(C(=O)Oc2cc(C)c(C(=O)O)c(O)c2C)c(OC)c1C,68.05
O=C(c1cccc(Cl)c1Cl)N1CC[C@@](O)(C(F)(F)F)C1,0.3000000000000002
CCc1nc[nH]c1C(=O)N1CCCN(Cc2ccccc2)C[C@@H]1C,1.75
O=C(Cc1cncc(O)c1)N[C@@H]1CCCc2c(F)cc(F)cc21,6.949999999999999
Cc1ccc(NC(=O)CC2NC3CCCCC3NC2=O)cc1,-6.15
O=C(Cc1csc(N2CCCC2=O)n1)NC[C@H]1CN(C2CC2)CCO1,-6.35
CCCc1nc(C(=O)NCC(c2ccc(C)o2)N2CCOCC2)cs1,18.15
Cc1ccc(NC(=O)c2cnc3sccn3c2=O)cc1S(=O)(=O)N(C)C,-13.0
CC(C)(C)NC1=Nc2ccccc2NC12CCNCC2,9.45
C[C@H](Oc1cccnc1)C(=O)NC1(c2ccccc2)COC1,-16.45
Cc1nnsc1C(=O)N(Cc1cccnc1)c1ccc(F)cc1,5.0
COCCCNC(=O)CC[C@H]1NC(=O)c2ccccc2NC1=O,24.25
O=C(Cn1nnc2ccccc21)NCc1cccc(OCC(F)F)c1,7.6
O=C(NCCc1cn[nH]c1)C1(c2ccccc2)CC12CCCC2,17.55
Cc1noc(C2(F)CCCN(C(=O)c3nccn3C)C2)n1,11.0
CCn1ncc(C)c1NC(=O)[C@@H](N)Cc1ccc(OC)cc1.Cl,1.0499999999999998
CCOc1ccc(NC(=O)c2cn(CCOC)cc3c(=O)n(-c4ccccc4)nc2-3)cc1,6.15
Cc1ccc(S(=O)(=O)C[C@H]2CCCO2)cc1C,-13.35
COc1ccc(C)cc1-n1cnc(C(=O)N[C@H]2CC23CCNCC3)c1,12.55
CCOc1ccc(CN2CCCC2c2cc(C)no2)cc1,4.3500000000000005
Cc1c[nH]c(=O)n1-c1ccc(C(=O)NCc2cccc(NC(=O)c3ccco3)c2)cc1,1.0
Cc1cccc(N(C)C(=O)Cn2cnc3oc(C)c(C)c3c2=O)c1,19.35
COc1ccc(Cn2ccc3nc(C)c(C(=O)N4CCOCC4)cc3c2=O)cc1,13.0
CCC(=O)Nc1ccc(OCc2cc(=O)n3c(C)csc3n2)cc1,9.45
Cc1cc(NC(=O)[C@H]2CC(=O)N(c3ccc(Br)cc3)C2)no1,10.1
COc1cc(C(C)=O)ccc1O[C@@H](C)C(=O)N1CCCCCC1,6.5
CN(C)c1c(Cl)cccc1NS(=O)(=O)c1ccc2c(c1)OCCO2,6.2
Cc1ccccc1OCCC(=O)N[C@H]1CCS(=O)(=O)C1,8.25
Cc1ccc2c(CN3C(=O)c4ccccc4S3(=O)=O)cc(=O)oc2c1,15.733333333333334
CCN(CC)CCN1C(=O)c2oc3ccccc3c(=O)c2[C@H]1c1ccc(OC)c(OC)c1,7.4
CCCNC(=O)N1CCOC[C@H]2CN(Cc3cn(C)nc3C)CC[C@H]21,20.549999999999997
O=C1c2ccccc2N[C@@]2(CCSC2)N1c1ccc2c(c1)OCO2,5.133333333333334
Cc1cccc(C(=O)Nc2ccccc2F)c1,2.8
COCCn1cc(NC(=O)N2CCN(Cc3cc(C)no3)CC2)cn1,-3.0500000000000007
Cc1nn(C)c(Cl)c1CN(C)C(=O)c1sccc1CN(C)C,15.65
CC(=O)c1ccc(N2CCN(CCc3ccccn3)CC2)cc1,14.8
Cl.Oc1cc2c(cc1O)C(c1ccccc1)CNCC2,14.3
Cc1ccc2[nH]c(N)nc(=O)c2c1Sc1ccncc1.Cl.Cl,85.6
CCS(=O)(=O)c1ccc(NC(=O)CN2c3cccc4cccc(c34)S2(=O)=O)cc1,12.7
COCC(=O)Nc1ccc2c(c1)CN(C(=O)C1COc3ccccc3O1)CCO2,2.6000000000000005
CCCc1ncc(-c2cc(OC)ccc2OC)[nH]1,10.85
Cc1ccccc1-n1nc(C(=O)NC2CC3CCC2C3)nc1C,6.8
Cc1c(C)n(Cc2ccncc2)c2ncnc(NCCCN3CCOCC3)c12,11.4
CC(C)[C@H](NC(=O)NCCCn1cccn1)c1ccccc1,-17.700000000000003
O=C(CC[C@@H]1NC(=O)NC1=O)NCc1nc2ccc(Cl)cc2[nH]1,6.3500000000000005
COCCn1ncc(N2CCC(C(=O)NCC3CCN(Cc4cccc(C)c4)CC3)C2)cc1=O,15.0
O=C(NCCN1CCc2ccccc2C1=O)N1CC[C@]2(CCOC2)C1,-8.433333333333334
Cc1ccccc1OCC(O)CN1CCN(C)CC1.Cl.Cl,13.1
CC(=O)Nc1cccc(N[C@@H](C)CS(=O)(=O)N(C)C)c1,-4.65
Cl.O=C1C[C@H](c2nc(C3CC3)no2)CN1C1CNC1,-4.75
COc1ccc(S(=O)(=O)Nc2nccc(N(C)C)n2)c(NC(=O)C(C)(C)C)c1,-25.7
CCCCCCCCCCCCCCCC(=O)NCCO,5.85
CCCNC(=O)c1ccc(C)c(NS(=O)(=O)c2ccccc2)c1,9.8
COc1cc(C2C(C(=O)c3ccc4c(c3)OCCO4)=C(O)C(=O)N2Cc2ccco2)cc(OC)c1OC,5.366666666666667
CCCNC(=O)NC1CC(=O)N(Cc2ccccc2C(F)(F)F)C1,14.35
CC(=O)Nc1ccc(C(=O)Cn2c(-c3cccs3)noc2=O)c(F)c1,19.200000000000003
O=C(CCc1cc(F)ccc1F)NC[C@H]1CCS(=O)(=O)C1,-9.9484075
Cc1cccc(C2(NC(=O)C3CC(=O)N(C(C)(C)C)C3)CC2)c1,12.5
Cc1cn2c(n1)CC[C@H](NC(=O)c1ccc(C(F)(F)F)cn1)C2,-10.65
CCCNC(=O)NC(=O)CSc1nc2ccccc2[nH]1,3.05
Cc1cnn(CCC(=O)N2CCCC[C@H]2c2nc(C)cs2)c1,9.1
O=C(NCc1ccccc1)N1CCC(N2C(=O)C3(CCCC3)C2c2ccccc2)CC1,12.0
COc1ccc(F)cc1CN1CCC[C@H](c2ccn[nH]2)C1,-5.6000000000000005
O=C(c1cccc(Cl)c1)N1CCN(S(=O)(=O)c2cccc3nsnc23)CC1,13.05
CN1CCN(C(=O)c2cccc(NC(=O)Nc3ccc(Cl)cc3)c2)CC1,9.6
CCC(C(=O)NC1CCN(c2ccc(F)cc2)C1=O)c1ccccc1,26.5
CCN(CC)c1ncc(CN[C@H]2CCc3ncnn3C2)s1,-14.3
CCCCNC(=O)C1CCN(S(=O)(=O)c2cccc3nsnc23)CC1,10.8
CN(Cc1noc(C2CCCC2)n1)C(=O)C(c1ccccc1)n1cnnn1,16.3
Cn1ncc2cc(C(=O)Nc3cc(-c4cccnc4)nn3CCO)cnc21,9.8
CC(C)NC(=O)Cn1c(CO)cnc1SCc1cccc(Cl)c1,15.6
O=C(Cn1[nH]c(=O)c2ccccc2c1=O)NCCSCc1ccc(Br)s1,-9.3
COc1ccc(S(=O)(=O)NC[C@H](C)N2CCOCC2)cc1C,24.566666666666663
O=C(NC1CCN(c2nnc3ccccn23)CC1)c1ccco1,-7.5
O=C(NCc1cccnc1)c1ccc(CN2C(=O)CSc3ncccc32)cc1,16.0
Cc1cn2cc(C(=O)N3CCCC(OCc4ccccn4)C3)ccc2n1,12.75
CC(C)Oc1ccc(C(=O)N2CCN(S(=O)(=O)c3ccc4c(c3)OCCCO4)CC2)cc1,-23.7
Cc1ccccc1OCCC(=O)Nc1cccc(S(=O)(=O)N2CCCC2)c1,-6.133333333333334
CCOc1cccc(CNC(=O)CC2=C3CCCCC3NC2=O)c1,9.55
O=C(c1ccc(-n2ccnc2)cc1)N1CCCN(C(=O)c2ccco2)CC1,6.85
COc1ccc(NC(=O)c2cc3c(=O)n(Cc4ccco4)ccc3nc2C)c(OC)c1,16.4
CCn1c(=O)c2ccnn2c2ccc(C(=O)NCc3ccc4c(c3)OCO4)cc21,-10.6
CCN1N=C(C)C(C)n2c1nc1c2c(=O)n(Cc2ccccc2)c(=O)n1C,14.45
CCS(=O)(=O)NCc1ccc(OC)c(OC)c1,-1.545295
O=S(=O)(Cc1cccc(F)c1)N(CCN1CCOCC1)C1CCNC1,26.799999999999997
CCOc1ccc(CN2CC[C@]3(OC)CC[C@H](OC)C[C@H]23)cc1Cl,8.45
COc1cccc(-c2cc(F)ccc2[C@H]2Cc3nc(N)nc(C)c3C(=O)N2)n1,14.15
COc1ccc(OC)c(C(O)CN2CCN(c3cccc(C)c3C)CC2)c1,-2.45
CC(C)Cc1nc2ccccc2n1C(C)C(=O)NCCCn1ccccc1=O,13.7
Cc1cc(O)cc(=O)n1CC(=O)N1CCC[C@@H]1Cc1ccccc1,-20.35
CCS(=O)(=O)N1CCc2ccc(NC(=O)Nc3cccc(Cl)c3)cc21,9.2
COCCNC(=O)c1nc(Cn2c(C)nc3ccccc3c2=O)no1,19.200000000000003
CN(CC(=O)N1CCOc2ccc(CO)cc2C1)C1CCS(=O)(=O)C1,8.2
COCCCNc1nc(NCc2ccccc2OC)c2cnn(C)c2n1.Cl,18.6
COc1cccc(-c2noc(-c3ccc(NCCCO)nc3)n2)c1OC,13.55
N#C/C(=C\c1ccc(O)c(O)c1)C(=O)N1CCc2ccccc21,56.55
Nc1nnc(C2CCN(C(=O)Nc3cc(F)cc(F)c3)CC2)o1,9.45
O=C(N[C@H]1COc2ccccc21)N1CCCc2ccccc2C1,-9.0
CCCS(=O)(=O)Nc1ccc(NCc2cc(C#N)n(C)c2C)cc1,2.05
O=C(CCc1cnn(-c2ccccc2)c1)Nc1ccc(S(=O)(=O)N[C@H]2CCS(=O)(=O)C2)cc1,8.6
OC[C@H]1CN(Cc2cn(-c3ccc(F)c(Cl)c3)nn2)CCO1,-23.5
C[C@@H](Oc1cc(NS(=O)(=O)N2CCC2)nc(SCc2cccc(F)c2F)n1)[C@@H](O)CO,5.25
CC(C)(C)C(=O)NC1CC(=O)N(CCc2cccc(Cl)c2)C1,4.8999999999999995
CN1CCCn2cc(S(=O)(=O)Nc3ccc(Cl)cc3)cc2C1=O,4.85
CCn1nccc1CN[C@@H](C(C)C)C(C)(C)O,-10.0
O=C1N[C@H]2CC[C@@H]1CN(C(=O)NCc1nc(-c3ccccc3)n[nH]1)C2,7.35
CCCC(NC(=O)CCCN1CCCC1=O)c1cccs1,3.8
CC[C@H]1CCCCN1CC(=O)Nc1cccc(C)c1,10.05
Cc1cc(N2CCC[C@H](NCc3ccc(-c4ccn[nH]4)o3)C2)n(C)n1,-1.35
C[C@@H](C(=O)N(C1CC1)C1COC1)n1nnnc1C(C)(C)C,6.050000000000001
NC(=O)c1c(N)c(C(=O)c2ccccc2)n2ccccc12,17.2
CC(C)CC1(NC(=O)CC2C(=O)NCCN2C2Cc3ccccc3C2)CC1,7.65
Cc1cc(NC(=O)NC[C@@H](c2ccco2)N2CCCCC2)n(C)n1,-13.4
Cc1ccccc1CS(=O)(=O)N1CCC(C(=O)NC2CC2)CC1,18.0
COc1cc(/C=C2\SC(S)=NC2=O)ccc1O,80.55
Cc1oc2ncnc(N3CCOCC3)c2c1C(=O)N1CCN(c2ccccc2F)CC1,16.2
C[C@H]1CCN(C(=O)CN(C)Cc2nc3ccccc3c(=O)[nH]2)c2ccccc2S1,-7.45
COc1cccc(NC(=O)c2cccnc2-n2cccn2)c1,-18.55
CCc1nnc(-c2cccnc2N2CCN(C(=O)COc3ccc(F)c(F)c3)CC2)o1,12.85
COc1ccccc1NC(=O)c1ccc2c(c1)CCCN2S(C)(=O)=O,8.75
Cc1cccc(C)c1OCCC(=O)Nc1nnc(CCO)s1,-7.366666666666666
CN1C(=O)c2ccc(C(=O)N(Cc3ccccc3F)C3CC3)cc2C1=O,4.033333333333334
COCCn1cnnc1C(C)NC(=O)C1(N2CCCC2)CCCC1,11.7
O=C(Nc1ccc2c(c1)OCCCO2)c1ccccc1S[C@H]1CCS(=O)(=O)C1,89.56666666666666
O=c1[nH]ncn1C1CCN(Cc2c(F)cccc2Cl)CC1,15.45
Cc1cnn(CCC(=O)N2CCC[C@H](n3ccnc3C)C2)c1,12.1
CC(=O)N1CCC(NC(=O)CN2CCn3ccnc3C2)CC1,-8.565125
Cc1cc(C)cc(N2C(=O)CN(C3CCCC3)[C@H]3CS(=O)(=O)C[C@H]32)c1,-4.166666666666667
Cn1cnnc1C1CCN(C(=O)Nc2cccc(C(C)(F)F)c2)CC1,10.6
CN(Cc1cccc(NC(=O)C[C@H]2CCCO2)c1)Cc1cscn1,7.05
CC(=O)c1cnc(NC(=O)c2ccc3nc(C)ccc3c2)s1,14.95
Cc1cc(OCC(=O)N[C@@H](C)c2ccc(Cl)cc2)n2ccnc2n1,-5.1499999999999995
CC(=O)c1ccccc1OCC(O)CN1CCCCC1.Cl,3.65
COc1cc(CC(=O)Nc2ccc(NC(C)=O)cc2)cc(OC)c1OC,-4.75
O=C(C[S@](=O)Cc1ccc(Br)cc1)Nc1ccc2c(c1)C(=O)NC2,5.500000000000002
CC(C)CCNC(=O)C1CCCN(c2ccc3nncn3n2)C1,7.35
CCn1nc(CN2CCC(NC(=O)Cc3ccc(OC)cc3)CC2)c2c1CCOC2,11.9
CN1CCN(C2(CNC(=O)C3CC34CCNCC4)CCCC2)CC1.Cl.Cl,9.7
CC(=O)C1(c2ccccc2)CCN(C[C@H]2[C@@H]3CNC[C@@H]32)CC1.Cl.Cl,12.0
CC(C)c1ocnc1C(=O)Nc1cccc(NC(=O)c2ccco2)c1,15.933333333333335
COc1ccc(CC(=O)N2CCN(c3ccccc3C)CC2)cc1S(=O)(=O)N1CCOCC1,-2.3000000000000007
CCO[C@@H](CC)C(=O)NS(=O)(=O)c1ccc2c(c1)OCCCO2,1.75
O=C(c1ccccc1Nc1ccc(F)cc1)N1C[C@@H]2CCS(=O)(=O)[C@@H]2C1,-19.15
COc1cccc(C(=O)N(C)[C@@H](C)c2ccc(-n3cncn3)cc2)c1,6.050000000000001
CNc1snc(C)c1C(=O)N1CCO[C@@H](C)C1,-43.6
CCN(C[C@H]1CCOC1)C(=O)c1nn(-c2ccccc2)nc1C,-1.4500000000000002
CC1(C(=O)N2CC3(CC(CC(=O)NCC4CC4)CO3)C2)CCCCC1,13.2
CS(=O)(=O)O.CS(=O)(=O)O.N=C(N)Nc1ccc(C(=O)Oc2ccc3cc(C(=N)N)ccc3c2)cc1,86.30000000000001
CN(c1ccccc1)c1ccccc1NC(=O)Cn1cnc2c1c(=O)n(C)c(=O)n2C,0.1499999999999999
Cc1ccccc1C(=O)N1CC(C(=O)N(C)C)C2(CCOCC2)C1,5.0
N#Cc1ccc(NC(=O)COc2cccc3cccnc23)cc1,-6.45
CCNC(=O)c1cnn(-c2cc(-c3nc(C4CC4)no3)ccn2)c1C,12.4
CCOc1ccccc1NC(=O)Cn1nc2c3ccc(F)cc3ncn2c1=O,-2.5000000000000004
CC1CCCN(CCCOc2cccc(Br)c2)C1.O=C(O)C(=O)O,10.35
CC(C)Oc1ccc(CCNC(=O)[C@@H]2CCN(C)S2(=O)=O)cc1,-0.0999999999999996
COc1cc(C)ccc1OCCC(=O)N1CCC[C@@H]1CN,7.699999999999999
CCC1Oc2cc(S(=O)(=O)N3CCCC(C(=O)N4CCCCC4CC)C3)c(C)cc2NC1=O,2.8999999999999995
CC1(C)COC[C@H](CS(=O)(=O)N(CC#N)C2CC2)O1,0.75
Cc1ccc(C)c(S(=O)(=O)N2CCC(C(=O)N[C@@H](C)C(C)C)CC2)c1,0.3999999999999994
COc1ccc(NC(C)=O)cc1NC(=O)c1ccc(Cl)cc1,-8.4
COc1ccc(C(=O)N[C@@H]2CCN(Cc3cscn3)C[C@H]2O)cc1F,9.2
CCc1cccc2c(C3CCNCC3)c[nH]c12,-6.6499999999999995
Cn1ccc2cc(S(=O)(=O)N3CCN(C(=O)NCCc4ccccc4)CC3)ccc21,5.45
Cc1ccncc1S(=O)(=O)N(C)C(C)(C)C#N,4.0
CCn1ccc(C(=O)N2CCC(N3CC(OCCOC)C34CCCCC4)CC2)n1,-13.45
O=[N+]([O-])c1ccc(Sc2cccc[n+]2[O-])c2nonc12,88.35
CN(Cc1ccc(Cl)s1)C(=O)c1ccn(C)c(=O)c1,-5.95
CCN(Cc1ccc2c(c1)OCO2)C(=O)Cc1cc(OC)c(OC)c(OC)c1,-21.85
Cc1noc(C)c1C[C@H](C)NC(=O)c1cc2c(=O)[nH]cnc2cn1,-36.829675
COCn1ncc(C)c1CN[C@H]1CCCN(c2ncccn2)C1,8.0
COc1cccc(F)c1NC(=O)CCc1cscn1,9.4
CCCNC(=O)c1cn(-c2cccc(F)c2)nn1,7.9
Cn1cnnc1[C@@H]1CCCN1S(=O)(=O)C1CN(C(=O)c2cccc(Cl)c2)C1,-5.1499999999999995
COc1ccc(OC)c([C@@H]2CCCN2C(=O)CNC(=O)c2ccccc2F)c1,3.5500000000000007
CC(NC(=O)c1sc2ncccc2c1N)c1ccccc1,-0.25
COc1ccc(-c2nc3c([nH]2)CCNC3)cc1F,-7.05
COc1cccc(C(=O)NCCc2cc3cc(OC)cc(OC)c3[nH]c2=O)c1,-1.15
COCCC(=O)N1CCC2(CC1)CC(c1ccccc1)C(=O)N(C)C2,2.55
COCc1cc(CNC(=O)c2scc3c2OCCO3)n[nH]1,14.9
Cc1ncc(CN2CCO[C@@H](CN(C)c3cccnn3)C2)s1,7.9
[O-][n+]1ccccc1S,98.45
CCN1CC[C@H]2OCCN(C(=O)c3cc(C4CC4)[nH]c(=O)c3)[C@H]2C1,-12.5
CN1CCN(C(=O)CN(C)C[C@H]2CCC3(CCCC3)O2)CC1,15.75
Cc1nn(C(C)C)cc1C(=O)N1CCC[C@@]12CCOC2,3.65
COc1cc(CCC(=O)N2CCC[C@H]2c2cccnc2)cc(OC)c1,11.8
C[C@H]1CN(C(=O)C2CCN(c3ccc(C#N)cn3)CC2)CCO1,3.05
COCC1(NC(=O)C2=C(C)OCCO2)CCCC1,12.75
COCCNC(=O)c1ccc(F)c(S(=O)(=O)N2CCOCC2)c1,3.75
CCc1ccc(C(=O)N[C@H]2CCCCNC2=O)cc1,-4.949999999999999
COc1ccc(N(C(=O)c2ccncc2)[C@@H](C)C2CC2)cc1,3.05
O=C1COc2c(cccc2C(=O)N2C[C@@H]3CCS(=O)(=O)[C@@H]3C2)N1,5.1
Cc1ccsc1CN(C)c1nc2c(cnn2C(C)(C)C)c(=O)[nH]1,7.1000000000000005
Cc1cc(N2CCC[C@@]3(C=Cc4ccccc4O3)C2)n2ncnc2n1,6.6499999999999995
COc1ccccc1NC(=O)Cc1ccc(NC(C)=O)cc1,11.55
O=C(CCC1NC(=O)c2ccccc2NC1=O)NCCn1cnc2cc(Cl)ccc21,-13.9
C[C@@H](C(=O)NCC1CCCCC1)S(=O)(=O)CCCc1ccccc1,-2.8
CC(=O)Nc1ccc(CNC(=O)CN2CCC3(CCC(=O)N3C)CC2)cc1,6.3
CCC[C@H](C)N(C)C(=O)c1nnn(-c2cccc(OC)c2)c1C,-10.95
O=C(Nc1ccc(O[C@@H]2CCCC[C@H]2O)cc1)c1conc1C1CC1,-2.7499999999999996
Cc1noc(C)c1CC(=O)N[C@H]1CCCc2ccccc21,-13.55
CCc1cc(C2CCCN2C(=O)c2c(C)noc2C)on1,12.5
CC[C@H](O)CN(Cc1ccccc1)C(=O)C1CCC(F)(F)CC1,-9.3
O=C(c1cn2ccccc2n1)N1CC[C@@H](C(F)(F)F)C2(CCC2)C1,-15.6
COc1ccc(C(=O)N2CCC(Cc3noc(-c4ccncc4)n3)C2)cc1F,10.9
COCC(=O)N1CCN(Cc2noc(-c3cccc(C)c3)n2)CC1,12.75
O=C(Nc1cccc(CN2CCCC2=O)c1)[C@@H]1CSCN1C(=O)c1ccccc1,-9.8
COc1ccc(C(=O)Nc2cnc3oc(-c4ccccc4)nn3c2=O)cc1,16.65
COc1ccc(OCC(=O)Nc2ccc(OC)c(OC)c2)cc1,9.4
O=S(=O)(N[C@H]1[C@@H]2COC[C@@H]21)c1csc2ccccc12,13.55
CCCn1c(=O)c2c(nc3n(CCOC)c(C)c(C)n23)n(C)c1=O,0.4
Cc1ccc(Cn2nc3ccc(S(=O)(=O)N4CCCC4)cn3c2=O)cc1,17.45
CCn1cnnc1-c1cccc(NC(=O)Cc2ccc(F)cc2)c1,-2.05
CC(=O)N1CCc2cc(N3CC(C(=O)NCc4ccncc4)CC3=O)ccc21,10.4
O=C1C[C@@H](C(=O)Nc2ccc(I)cc2)c2ccccc2N1,1.0500000000000007
Cc1nn(C)c(C)c1[C@@H]1CCCN1C(=O)CCc1cscn1,22.05
Cc1cc(C(=O)N2CCCC2c2c(C)noc2C)on1,12.9
O=C(Nc1ccc(S(=O)(=O)Nc2ccccn2)cc1)c1cccnc1,7.6
CC(C)OC[C@H](N)C(=O)Nc1cccnc1,7.7
Cn1c(-c2ccccc2)ccc1-c1nc(-c2cn(C)c(=O)[nH]c2=O)no1,2.75
CC(=O)c1ccc(N2CCN(C(=O)c3cn(-c4ccc(S(=O)(=O)N(C)C)cc4)cn3)CC2)cc1,15.8
C#CC(C)(CC)OCC(O)CN1CC(C)CC(C)C1.Cl,10.6
CCc1nnc(CN(CC)C(=O)Nc2cc(OC)cc(-n3cnnn3)c2)o1,10.5
COCc1nocc1C(=O)N(C)[C@H]1CCCc2nc(C)sc21,14.0
COc1cccc(NC2CCN(C(=O)c3cn(CCN)nn3)CC2)c1,9.35
Cc1ccc([C@H](CNC(=O)C2CCN(c3ncccn3)CC2)N(C)C)cc1,-6.6
CCN(C)C(=O)[C@H](C)NC(=O)NCc1ccc(OCc2ccccc2)cc1,-10.6
Cc1ccc(CN(C)C(=O)c2ccc(N3CCCCCC3)nc2)o1,-7.1000000000000005
O=C(Nc1cccc(F)c1)N1CCN(c2ccc(-n3cccn3)nn2)CC1,7.95
COc1ccc2ccc(C(=O)N3CC(=O)N[C@H](CO)C3)cc2c1,1.033333333333334
CC(=O)Nc1ccc(NC(=O)Cn2nnc(-c3ccccc3C)n2)cc1,6.6499999999999995
CCc1ccc(N2C[C@@H](C(=O)Nc3nccs3)CC2=O)cc1,11.15
O=C(c1ccc(Cl)c2occc12)N1CCC[C@H](N2CCCC2=O)C1,12.7
CCOc1ccc(NC(=O)N2CC(=O)N(CC(=O)N(C)Cc3ccccc3)c3ccccc32)cc1,23.5
Cc1cccc(CC(=O)N2CC[C@@H](n3c(=O)n(CC4CC4)c4cccnc43)C2)c1,17.3
CNC(=O)CN(C)c1nc(-c2ccccc2C(F)(F)F)cs1,-3.1
Cc1ccccc1C(=O)NC(C)c1ccc2c(c1)OCCO2,9.65
COc1ccc(N(C)C(=O)c2ccn(-c3ccccc3)n2)cn1,-0.3
CCc1ccc(CNC[C@H]2CN(C)CCO2)cc1,-9.55
O=C(Nc1ccccc1)N1CCC[C@@H]1CN1CCCC1,12.7
Cc1nc2cc(NC(=O)Nc3ccc(O)cc3C)ccc2o1,-1.4
Cc1sc(C(=O)N[C@H]2CCC(=O)N(C)C2)cc1-c1ccc(F)cc1,9.9
COc1ccc(CCNC(=O)[C@H](C)Sc2nncn2C)cc1,20.95
COC1CCN(C(=O)[C@@H]2COc3ccc(Cl)cc3C2)CC1,-11.65
CC(C)NC(=O)N1CCC[C@H](C(=O)Nc2ccc3c(c2)OCO3)C1,6.049999999999999
Cn1cc(C(=O)NC[C@H]2CCCS2)ccc1=O,11.55
O=C1C(=O)c2ccccc2-c2ccccc21,94.35
CC(C)CCCC(C)NC(=O)C1CCN(C(=O)c2ccco2)CC1,0.1499999999999999
Cl.NC[C@H]1CN(S(=O)(=O)c2cc(F)ccc2F)CCO1,-4.9
CCOc1ccccc1C1CC(c2c(O)[nH]c(=O)n(C3CCCCC3)c2=O)=NN1C(C)=O,58.599999999999994
CC(Cc1ccco1)NC(=O)c1nnc(-c2ccc(S(=O)(=O)N3CCOCC3)cc2)o1,16.6
CCn1ccc2c(cnc3c(-c4ccc(F)cc4)c(COC)nn32)c1=O,7.55
COCCOCc1cnc(C)nc1C1CCCN(C(=O)c2ccncc2F)C1,-14.25
Cc1cc(C)nc(NCCC(=O)N2CCc3ccccc3C2)n1,8.7
COc1ccc(CN2C(=O)N[C@@H](CCC(=O)NCCc3ccc(O)cc3)C2=O)cc1OC,8.9
Cc1ocnc1C(=O)Nc1nc(-c2ccc(S(=O)(=O)N(C)C)cc2)cs1,-8.3
CNS(=O)(=O)c1ccc(NC(=O)N(C)CC2(c3ccccc3)CC2)nc1,15.0
O=C1C[C@H](C(=O)N(Cc2ccco2)Cc2ccco2)CN1CC1CC1,15.35
CCN(C(=O)[C@H](C)N1CCC(N2CCCCC2=O)CC1)c1ccccc1,5.6
CCCNC(=O)c1cc(-c2cccs2)on1,7.300000000000001
CCn1nc2n(c1=O)CCN(C(=O)c1cscn1)C2c1ccccc1,6.699999999999999
O=C(CC1CCCOC1)N1CCN(c2cnccn2)CC1,16.75
CSc1ccc(CNC(=O)c2cc(=O)nc3sc(N4CCCC4)nn23)cc1,2.0
Cc1ccc(CCN(C[C@H]2CCCO2)C(=O)c2cscn2)cc1,9.35
C[C@H](NC(=O)NCCCO)c1ccc2c(c1)NC(=O)CO2,-0.0500000000000007
COc1ccc(CNC(=O)N2CC[C@H](n3c(=O)n(C)c4cccnc43)C2)cc1,13.65
COc1ccc(CN(C)C(=O)c2ccc3c(c2)CCN3C(C)=O)cc1,-3.85
COc1cccc(NC(=O)Cn2cc(S(=O)(=O)N3CCCCC3)ccc2=O)c1,14.5
O=C(N[C@H]1CCOc2ccccc21)c1ccc(-c2ccncc2)[nH]c1=O,6.700000000000001
O=C1c2ccccc2CN1CCC(=O)N1CCCCC1CN1CCOCC1,4.9
CC(C)(C)c1ccc(S(=O)(=O)CCNC(=O)c2cc[nH]n2)cc1,-5.2
O=C([C@@H]1CN(C(=O)CCCn2c(=O)oc3ccccc32)c2ccccc2O1)N1CCOCC1,-27.7
CCc1ccc(N2C(=O)CN(CCc3ccc(OC)cc3)[C@H]3CS(=O)(=O)C[C@H]32)cc1,6.75
Cc1c(NC(=O)c2ccncc2)c(=O)n(-c2ccccc2)n1C,30.15
CCC1CN(C(=O)c2ccc(Cn3nc(C)cc3C)cc2)CCN1C(C)C,13.35
Cc1cccc(CNC(=O)C2CCN(c3ccc4nncn4n3)CC2)c1,12.35
COc1cccc(CN2C(=O)CCC2(C)C(=O)NCCc2ccc(OC)c(OC)c2)c1,-3.05
CCN(Cc1ccccc1)C(=O)C[S@](=O)Cc1cc(Cl)c2c(c1)OCO2,-24.72285
CNc1ccc(Br)cc1N,103.5
O=S(=O)(c1ccc(Br)cc1F)N1CCC[C@H](O)C1,-4.5
CCCC(C)N1CC2(CCN(C(=O)c3cccc(C)c3)CC2)OC1=O,13.2
Cc1cccc([S@@](=O)Cc2cn3cccc(C)c3n2)c1,-0.6333333333333333
CCCCSCCC(=O)N1CCN(c2ccc(C#N)cn2)CC1,0.1333333333333328
Cc1nc([C@@H]2CCCCN2C(=O)CSc2n[nH]c(=O)[nH]2)n[nH]1,-11.3
CC1CN(c2ccc(Br)cc2)c2nc3c(c(=O)n(CCCO)c(=O)n3C)n2C1,5.699999999999999
O=C(NCc1ccccc1)Nc1c(O)c2ccccc2oc1=O,2.1
O=C(c1c(-c2ccccc2)cc(=O)n2c1CCCC2)N1CCCCC1,3.2500000000000004
O=C(CN1C(=O)CNC1=O)NCCC(c1ccccc1)c1ccco1,17.3
CC(C)n1nccc1NC(=O)Nc1cccc(OCCF)c1,19.4
Cc1occc1C(=O)NC1CCN(CCC(=O)c2ccccc2)CC1,10.35
COCCN1C(=O)C(NC(=O)c2ccccc2)=CC[C@]1(O)C(F)(F)F,-17.2
O=C(Nc1cccc2ncccc12)[C@H]1CC(=O)N(c2ccc3c(c2)OCCO3)C1,-4.9
CC(=O)Nc1ccc(S(=O)(=O)N2CCCN(c3nc4cccnc4s3)CC2)cc1,12.75
Cc1ccc(OCc2nc(C(=O)Nc3ccncc3)cs2)cc1,17.0
Cn1cnnc1[C@H]1CCCN(C(=O)COCc2ccccc2)C1,-3.35
Cn1c(=O)c2c(ncn2Cc2nc3ccccc3n2C(F)F)n(C)c1=O,6.5
Cc1nn(C(C)(C)C)cc1C(=O)N1CCCC[C@H]1c1ncon1,12.35
CN(C(=O)NCCCc1ccccn1)[C@H]1CCN(Cc2ccccc2)C1,8.85
O=C1CN(C(=O)CN2C(=O)CC3(CCCCC3)C2=O)c2ccccc2N1,15.1
Cc1cccc(C(=O)N2CCCC(c3nc(C4CCOCC4)no3)C2)c1,2.1
O=C(c1cnsn1)N(Cc1ccccc1)C[C@H](O)c1ccsc1,-8.5
COc1ccc(NC(=O)N2CCN(c3ccc(=O)n(-c4ccc(C)c(C)c4)n3)CC2)cc1,19.1
CN1[C@@H]2CCN(C(=O)CCc3ccccc3)C[C@@]2(C(=O)N2CCCC2)CCS1(=O)=O,9.0
Cn1c(CNC[C@H]2Cc3ccccc3O2)cc(=O)n(C)c1=O,7.666666666666667
CS(=O)(=O)N1CCc2ccc(NC(=O)Nc3ccc(F)cc3F)cc21,22.95
CCN1CCN(CCCNC(=O)C2CCN(c3c(C)n(-c4ccccc4)c(=O)n(C)c3=O)CC2)CC1,-4.3999999999999995
N#Cc1c(N)n(Cc2ccco2)c2nc3ccccc3nc12,0.9499999999999996
COCCN(C)C[C@H]1CCCN1S(=O)(=O)c1c(C)cc(C)cc1C,-0.7631150000000009
C[C@H](N)C(=O)N1CCCN(Cc2ccc(F)cc2)CC1.Cl.Cl,-3.8716935
CCOc1ccc(S(=O)(=O)NCCCN2CCCC(C)C2)cc1,8.149999999999999
COc1cc(C(=O)N2CCCCC2CCN2CCCCCC2)cc(OC)c1OC.Cl,20.9
CC(C)n1nccc1NC(=O)CCC1NC(=O)c2ccccc2NC1=O,16.099999999999998
CN(Cc1ccc(Cl)c(F)c1)C(=O)c1cnc2c(cnn2C)c1,-6.75
Clc1ccc(CN2CCCC[C@@H]2Cn2cncn2)s1,-1.3269650000000004
CO[C@@H]1C[C@@H](c2nc(C3CC3)n[nH]2)N(S(=O)(=O)c2cccc3ccccc23)C1,-3.0000000000000004
CCC(=O)Nc1cc(NC(=O)NC(Cn2ccnc2)C(C)(C)C)ccc1C,14.25
CN(Cc1cnccn1)Cc1ccc(C#N)cc1Br,18.95
Oc1c(Br)cc(Br)c2cccnc12,95.5
COc1ccccc1CNC(=O)C1CCN(c2ccc3nnnn3n2)CC1,14.85
CC1=C(/C=C/C(C)=C/C=C/C(C)=C/C(=O)Nc2ccc(O)cc2)C(C)(C)CCC1,72.05
CC(C)CCNC(=O)NC(=O)CSc1ncccn1,-4.8999999999999995
Cc1nn(CC(=O)NCCc2ccc(OC(C)C)cc2)c(=O)o1,-8.9
Cc1ccccc1S(=O)(=O)CCO,-12.9
CCN(Cc1ccc2c(c1)OCO2)C(=O)[C@@H](C)Cc1c(C)nn(C)c1C,3.25
Cn1c(=O)[nH]c2c(C(=O)N3CCN(c4ccccc4F)CC3)snc2c1=O,8.6
O=C(C[C@@H]1OC(=O)c2ccccc21)Nc1ccccc1Cn1cccn1,13.1
CCCN(CC(=O)NC1CCC2(CC1)OCCO2)[C@H]1CCc2ccccc2C1,-7.35
C[C@@]1(C2CC2)COCCN1C(=O)Cc1noc2ccccc12,-8.8
NCCOc1ccc(Cl)cc1C(=O)N1CCCCC1CCn1cccn1,16.450000000000003
COc1ccc(OC)c(NS(=O)(=O)c2cc3c(s2)CCN(C(C)=O)C3)c1,16.200000000000003
CC(=O)N1CCc2cc(S(=O)(=O)N3CCc4cnccc43)ccc21,-1.35
COc1ccc([C@@H]2CN(S(=O)(=O)N3CCCC3)[C@@H]3C4CCN(CC4)[C@@H]32)cc1,9.0
CCN(c1ccc(C(=O)N2CCC[C@H]2c2noc(C)n2)cn1)C(C)C,-6.75
COc1ccc(C(=O)N2CCC3(CCC3OC)CC2)cc1OC,-0.8500000000000001
Cc1cc(NC(=O)NC[C@H](C)N2CCOCC2)no1,5.6
Cc1n[nH]c(C)c1[C@@H]1COCCN1S(=O)(=O)N1CCCCCC1,-4.3
CCC(=O)Nc1ccc(S(=O)(=O)Nc2nccc(C)n2)cc1,5.25
CCc1ccc(NC(=O)Nc2cc3c(cc2N2CCOCC2)n(C)c(=O)n3C)cc1,19.2
Cc1ncsc1CN(C)C(=O)c1occc1CN1C(=O)Cc2ccccc21,-13.95
COCCN1CCN(Cc2cc(=O)n3cccc(C)c3n2)C[C@@H]1C,1.65
Cn1cnc2c(C(=O)N3CC[C@H](c4ccccc4)C3(C)C)ccnc21,-10.3
CC(C)OCC(O)Cn1c(NCCCO)nc2c1c(=O)[nH]c(=O)n2C,-13.2
Cc1occc1C(=O)Nc1ccc(F)cc1,-2.35
O=C(Cc1ccccc1F)N[C@H]1CCCCNC1=O,8.3
Cc1ccc(C)c(NS(=O)(=O)c2ccc(N3C(=O)CCS3(=O)=O)cc2)c1,10.2
O=C(Cc1csc(-c2cccc(F)c2)n1)N1CCN(C(=O)c2ccco2)CC1,-1.25
CS(=O)(=O)N[C@H]1CCCN(C(=O)Nc2cccc(N3CCOC3=O)c2)C1,23.4
Cc1cn2cc(NC(=O)[C@H](C)OCC3CC3)ccc2n1,4.699999999999999
COc1ccccc1N1CC[C@H](NC(=O)Nc2nccn(C)c2=O)C1,-0.8499999999999996
COCc1nc2n(n1)C[C@@H](NC(=O)c1ccnc(OCC(F)F)c1)CC2,-17.1
Cc1ccc(C)c(S(=O)(=O)N2CCN(C(=O)Cc3c(C)nn(C)c3C)CC2)c1,-7.249999999999999
COc1ccccc1CCNC(=O)c1ccc2c(=O)[nH]c(=O)n(C)c2n1,17.400000000000002
CCOc1ccc(C(=O)CCC(=O)NCc2ccccc2S(=O)(=O)N2CCOCC2)cc1,15.85
CN(Cc1ccco1)C(=O)c1ccccc1NS(=O)(=O)c1ccc2[nH]c(=O)[nH]c2c1,-4.249999999999999
Cc1cccc(-n2nnnc2SC[C@H]2CNC(=O)O2)c1C,-9.6
CC(=O)N(CCCN1CCOCC1)C1CCCN(C(=O)c2nccc3ccccc23)C1,-0.85
COc1ccc(N2CCCn3c2nc2c3c(=O)n(CCC(C)C)c(=O)n2C)cc1,23.25
CCN1CCC[C@@H]1CNC(=O)C1CCN(S(=O)(=O)c2ccccc2C(F)(F)F)CC1,-1.9
CNC(=O)NC(=O)CN1CCC[C@H](c2nc3ccccc3o2)C1,1.5
O=C(NCCN1CCCC(CO)C1)Nc1cc(C(F)(F)F)ccc1F,11.0
Cc1nn(C)c(N(C)C)c1CN[C@@H](C(=O)N(C)C)c1ccccc1,-20.1
CCCc1ccc(C(=O)NC[C@H](C)N2CCN(C)CC2)cc1,1.35
COc1ccccc1NC(=O)C1CCN(S(=O)(=O)Cc2ccccc2F)CC1,17.0
CCc1n[nH]c([C@@H]2CN(C(=O)Cc3ccn(C(C)C)n3)CCO2)n1,9.65
CC(C)c1nnc2n1C[C@@H](NC(=O)Nc1cnc(N(C)C)nc1)CC2,9.9
O=C([C@@H]1CCCS1(=O)=O)N(Cc1ccc2c(c1)OCO2)C1CCCC1,7.0
O=C(O)Cc1cc(I)c(Oc2ccc(O)c(I)c2)c(I)c1,67.6
CCCCn1c(=O)[nH]c(O)c(C2=NN(C(C)=O)C(c3ccc(OC)cc3)C2)c1=O,77.69999999999999
Cc1c(C)n2c3c(=O)n(CC(N)=O)c(=O)n(C)c3nc2n1-c1ccccc1Cl,4.2
CCSc1nnc(NC(=O)c2cc(F)ccc2F)s1,54.150000000000006
O=C(CSc1nnc(-c2ccc(F)cc2)o1)Nc1nccs1,16.200000000000003
CC(C)CN1CC[C@H](C(=O)N2CCN(S(=O)(=O)c3cccc4c3N=S=N4)CC2)C1,-3.95
CN(C)Cc1cccc(C(=O)N2CCC[C@H](c3nccs3)C2)c1,11.6
Cc1ccc(NC(=O)Cn2nc3nc(N4CCCCCC4)ccn3c2=O)cc1,12.15
CC(CNS(=O)(=O)C1CC1)NCc1nccn1C(C)C,14.6
CCNC(=O)c1ccc(NC(=O)c2ccc3nc(C)c(C)nc3c2)cc1,30.0
Fc1cc(F)c(SCc2nnc(C3CC3)o2)c(F)c1,7.2
CC(C)c1cc(C2CCCN2C(=O)c2ccn(C)n2)on1,17.1
Cc1noc(CN2CCN(C[C@H](O)c3ccccc3)CC2)n1,15.35
CC(=O)c1c(C)[nH]c(C(=O)NC(C)(C)CCCO)c1C,7.449999999999999
CCN(CC)CCN(Cc1ccc(-c2ccc(C(F)(F)F)cc2)cc1)C(=O)Cn1c(SCc2ccc(F)cc2)nc(=O)c2c1CCC2,98.4
Cl.O=C(Cc1ccc(F)cc1)NCC(c1ccc2c(c1)OCO2)N1CCCC1,5.65
Cc1[nH]ncc1C(=O)N1CCC[C@H](c2ccn[nH]2)C1,14.45
CNC(=O)c1c(Cl)nc(Br)n1-c1ccc(OC)cc1,15.326635
Cc1cc([C@H]2CCCN(Cc3ncc(C)o3)C2)n[nH]1,12.2
COc1ccc(S(=O)(=O)NCc2ccccc2CN2CCOCC2)cc1,-7.25
Cc1cccc(C)c1NC(=O)CN1CCN(C(=O)c2ccc(CCNS(C)(=O)=O)s2)CC1,11.5
COCC(=O)N1CC[C@H](C)Sc2ccccc21,-8.4
CCN(C(=O)c1cccc(S(C)(=O)=O)c1)[C@H]1CCS(=O)(=O)C1,5.8999999999999995
Cc1nc(-c2ccc(Br)cc2)nn1CCC#N,21.5
Cc1cc(C)n(CCCN(C)C(=O)Cn2c(C)nn(-c3ccccc3)c2=O)n1,5.5
COc1ccccc1NC(=O)c1sc2ncccc2c1N,-16.95
COc1ccc(OC)c(CN2CCN(C(=O)Cc3ccsc3)CC2)c1,2.3499999999999996
CCCCN1C(=O)c2ccc(C(=O)NCc3ccccc3CS(=O)(=O)NC)cc2C1=O,2.2
CN(C)CCCSC(=N)N.Cl.Cl,13.5
O=C(Nc1ccc2[nH]ccc2c1)N1CCN(c2ccc(O)cc2)CC1,-2.7500000000000004
Cc1cc(NC(=O)CONC(=O)c2cccc(C(F)(F)F)c2)no1,13.6
Cc1csc([C@@H]2CCCCN2C(=O)c2cc(C(C)C)no2)n1,-6.449999999999999
CCC(=O)N1N=C(c2ccccc2)CC1c1cccc(F)c1,52.4
CCC[C@H](C)NC(=O)Cn1c(=O)oc2ccccc21,-4.4
CCc1cc2c(-c3ccccc3)cc(=O)oc2cc1O,-8.799999999999999
C[C@@H]1Nc2ncnn2[C@H](c2cccc(O)c2)[C@H]1C(=O)Nc1ccccc1,2.15
CN(C)C(=O)c1cc(NC(=O)N2CCC[C@H]3C(=O)NC[C@H]32)ccc1F,-9.6
Cc1cnccc1N1CCCN(C(=O)c2cccc(NC(=O)C3CCCO3)c2C)CC1,10.4
COc1cccc(CC(=O)Nc2ccc(N3CCN(c4ccccc4)C3=O)nc2)c1,-4.1
CCc1ccc2occ(C(=O)N(CC)C3CCN(C)CC3)c2c1,-11.627286
CS(=O)(=O)c1ccc(OCc2csc(Br)c2)cc1,-3.1
O=C1CN(C(=O)CN2CCC[C@H](C(F)(F)F)C2)c2ccccc2N1,12.0
Cc1ccc(CN2CCC(NC(=O)Nc3ccccc3)CC2)cc1,6.85
COc1c(C(=O)N[C@H](c2c(C)nn(C)c2C)C(F)(F)F)cnn1C,-8.8
Cc1coc2c1C(=O)C(=O)c1c-2ccc2c1CCCC2(C)C,61.4
Cc1ncc(C(=O)N(C)Cc2cc3ccccc3o2)s1,-15.85
CC(C)c1nn(C)c(N(C)C)c1CNCc1ccc([C@H](C)O)cc1,7.1
COc1ccc(NC(=O)c2ccco2)cc1NC(=O)c1cccnc1,9.4
COc1csc(C(=O)N2CCC[C@H]2c2noc(C)n2)c1,11.8
O=C(COC[C@H]1CCCO1)Nc1nc(O)c2c(n1)CCCC2,6.85
COc1ccc(-c2nc(C)cc3nn(CC(=O)Nc4ccc(C#N)cc4)c(=O)n23)cc1,30.85
O=C(NCCNc1cncc(Br)c1)c1ccc(O)cc1,6.0
COCCCC1CCCN(C(=O)NCCc2ccc(Cl)cc2)C1,-9.05
O=C(NCc1cc(-c2cccc(Cl)c2)no1)N1CCN2C(=O)OCC2C1,18.6
Cc1csc2nc(CN(C)[C@@H](C)C(C)(C)C)cc(=O)n12,-14.95
CCN1C[C@H](CN(C)c2ccc(C(=O)NC3CC3)cn2)Oc2ccccc21,-4.35
O=C(Nc1ccccc1O)c1ccc2ncsc2c1,16.7
CN(C)c1ccc(-c2ccc(N(C)C)cc2)cc1,7.8
O=C(Nc1cccc2nccn12)c1cc2ccccc2c(=O)o1,-3.65
CCCCCCCCc1ccc(CCC(N)(CO)CO)cc1.Cl,100.85
CC(=O)Nc1ccc(S(=O)(=O)NCCCN2CC(C)CC(C)C2)cc1,11.95
COc1ccc(CN2CCCN(CC(=O)Nc3ccc(C)cc3)S2(=O)=O)cc1,13.0
O=C(Cn1cnc2c(oc3ccccc32)c1=O)Nc1ccc(F)cc1,17.2
Cc1csc(S[C@@H](C)C(=O)N2CCN(c3ccccc3)CC2)n1,9.166666666666666
COc1ccc(C(=O)NC[C@H](C)N2CCN(C)CC2)c(OC)c1,3.233333333333334
Cc1cn2c3c(=O)[nH]c(=O)n(C)c3nc2n1CCCN(C)C,4.3
O=C(CCn1ccnc1)N1C[C@H]2CCCC(=O)N(Cc3ccccc3)[C@H]2C1,7.9
CCCCNC(=O)C1=CC(c2ccc3c(c2)OCO3)=NS(=O)(=O)N1C,-5.6499999999999995
CCC(C)NCc1nc(-c2cccs2)no1.Cl,17.65
CCCn1c(NC(=O)c2ccncc2)nc2ccccc21,-2.5
Cc1occc1C(=O)NCc1ccnc(-n2ccnc2C)c1,-10.85
CC[C@H](O)CN1CCN(C(=O)Cc2ccccc2OC(C)C)CC1,-11.65
Cc1cccc(Cl)c1C(=O)NC1CCN(CC2CCCO2)CC1,12.3
O=C(COc1ccccc1)N1CCCCC1c1ccccn1,13.75
Cc1ccc(-n2c(=O)n(CC(=O)NCc3cccnc3)c3cccnc32)cc1,6.3
Cc1nc(C)n(C[C@H]2CCCN2Cc2nnsc2Cl)n1,17.4
O=C1Nc2ccccc2Oc2cc(N3CCCCC3)c(S(=O)(=O)N3CCCC3)cc21,7.050000000000001
NC(=O)c1ncn2c(C(=O)NC[C@H](O)C3CCCCC3)cc(-c3ccco3)nc12,-19.15
CCCOc1ccc(C2C(C(=O)c3ccc4c(c3)OCCO4)=C(O)C(=O)N2CCN(CC)CC)cc1,-9.366666666666667
Cc1noc(-c2cc(S(=O)(=O)N3CCN(C(=O)c4ccco4)CC3)c(C)s2)c1C,20.299999999999997
C[C@H]1CN(C(=O)c2ccccc2OC2CC2)c2ccccc2C(=O)N1,-5.5
CC1CCN(c2ccc3nnc(CCC(=O)NCCN4CCOCC4)n3n2)CC1,12.0
CCC1(O)COC2(CN(C(=O)c3noc(C)c3COc3ccccc3)C2)C1,12.6
CCCS(=O)(=O)N1CCc2ccc(NC(=O)Nc3ccc(OCC)cc3)cc21,4.75
Cc1ccc(C)c2sc(NC(=O)C[C@H]3CCS(=O)(=O)C3)nc12,-1.25
C[C@@H](C(=O)Nc1nncs1)N1CCN(c2ccc(F)cc2)CC1,-7.85
O=C(Cc1noc2ccccc12)N1CCN(c2ccccc2)CC1,6.1499999999999995
O=C(NCc1cn2c(n1)C(=O)N(Cc1ccccc1)CC2)c1ccoc1,-5.199999999999999
COc1cc(F)cc(CNC(=O)N2CC[C@H](N3CCCC3)C2)c1,-8.850000000000001
Cc1nn(C)c(C)c1[C@@H]1CCCN1C(=O)c1ccc(Cl)cn1,-15.4
O=C1c2ccccc2C(=O)N1Cc1cn2cc(F)ccc2n1,6.0
Cc1cc(=O)c(C(=O)N(C)Cc2ccc3c(c2)OCO3)nn1-c1ccccc1,1.95
CN(C)c1cc(C(=O)N2CCC[C@H]2c2cnn(C)c2)ccn1,-4.1000000000000005
N#Cc1cc(NC(=O)C(=O)O)c(Cl)c(NC(=O)C(=O)O)c1,14.1
Cc1nn(C)c(C)c1C(=O)NC(C)c1ccccc1-n1cccn1,5.2
CC1=C(C(=O)N2CCN(c3ncnc(C)c3C)CC2)OCCO1,8.85
COc1cccc(C(=O)NCC(=O)Nc2cc(OC)cc(-n3cccn3)c2)c1,8.15
COC[C@@H]1CC(F)(F)CN1C1CN(C(=O)c2cn(C)cn2)C1,5.949999999999999
CCn1ccc(C(=O)N2CCC(OCC3CC3)C2)n1,5.7
Oc1cccc(OCc2cccc(C(F)(F)F)c2)c1,51.25
COc1cccc(C(=O)Nc2ccc3c(Cl)ncnc3n2)c1,-0.7000000000000001
Cc1ccc(CNC(=O)CNC(=O)C2(C)Cn3c(nc4ccccc43)C(=O)N2C)cc1,11.2
COc1ccccc1NC(=O)Cn1c(=O)n(CCCCC(=O)NCc2ccco2)c(=O)c2ccccc21,11.7
Cc1ccsc1C(=O)OCC(=O)N1CCOCC1,5.45
CCNC(=O)CN1C(=O)CN(C(=O)NCc2ccccc2)c2ccccc21,19.9
O=C(Nc1cccc(N2CCS(=O)(=O)CC2)c1)N1CCC[C@H]1C1CCCC1,24.9
CN1C(=O)c2ccc(NC(=O)NCc3cccc(NC(=O)C4CC4)c3)cc2C1=O,-15.098202
CCSc1cccc(NC(=O)N2CC[C@H](CN3CCCC3)C2)c1,-9.35
CCn1cc(CN(C)C(=O)CC2CCOC3(CCN(S(C)(=O)=O)CC3)C2)c(C)n1,3.4
CC(C)c1nc(CNC(=O)CNC(=O)c2ccc(F)cc2)cs1,21.0
O=C(CCc1nc2ccccc2n1-c1ccccc1)NCCO,-2.6406235
Cc1ccoc1CNC(=O)c1cc(C)c2c(=O)[nH]c(O)nc2n1,-21.25
CCCC(=O)N1CCN(c2ccc(=O)n(-c3ccc(C)cc3)n2)CC1,16.1
CC(C)C(=O)N(CCCN1CCCC1)C1CCCN(C(=O)C2CCOCC2)C1,-3.95
C[C@@H](Cn1cccn1)NC(=O)N1CCSCC1,-6.5250995
O=C(Cn1ccnc1)N1CCC2(CC1)C(=O)N(c1cccc(F)c1)C2c1ccccc1,100.45
Cc1c(-n2cc(S(=O)(=O)N3CCCC3)ccc2=O)c(=O)[nH]c2cc3c(cc12)OCO3,10.9
C[C@H]1CCOCCN1C(=O)c1coc2c1C(=O)CCC2,10.15
CNC[C@H]1CCN(C(=O)CCOc2ccc(C)cc2Br)C1,-2.9000000000000004
CCC(CC)(NS(=O)(=O)c1ccccc1)c1ccccc1,-10.15
COc1ccc(CNC(=O)c2cc3ccccc3o2)cc1OC,-1.15
Cn1ccnc1C[C@H]1CCCN(S(=O)(=O)C2CN(C(=O)c3ccccc3)C2)C1,8.45
N#Cc1cccc2c1-c1ccccc1/C2=N\O,23.299999999999997
COCCNC(=O)c1cc2n(n1)C[C@@H](NC(=O)NCCC(C)C)C2,27.950000000000003
Cc1c(NC(=O)c2ccc(OC(C)C)cc2)cccc1C(N)=O,4.75
CCN(CC)C(=O)N1CCC(C(=O)Nc2ccc(S(=O)(=O)N3CCCCC3)cc2)CC1,7.65
C[C@@H](C(=O)Nc1cccc(C#N)c1)N1CCN(CC(=O)N2CCCC2)CC1,0.1499999999999999
Cn1c(=O)n(C)c2cc(NC(=O)c3sc4ncccc4c3N)ccc21,-6.0
CC(=O)Nc1ccc(NC(=O)CCn2c(=O)n(C)c3ccccc32)cc1,2.8000000000000003
CN(Cc1cc(=O)n2cccc(O)c2n1)CC1(c2ccccc2)CC1(C)C,99.25
Cc1onc(C(=O)N2CCC3(CC2)CC(Oc2cnccn2)CCO3)c1CN1CCCC1,-9.65
Cn1ncc(C#N)c1NC(=O)c1cccc(Oc2ccccc2)c1,-2.133333333333333
CN(Cc1cn(Cc2ccccc2)nc1-c1cccnc1)[C@@H]1CCC[C@H]1O,5.1000000000000005
CCNC(=O)CSc1nc2ccccc2c(=O)n1-c1cc(OC)ccc1OC,3.1
COc1ccc(C(=O)Nc2ccc(N3CCN(c4ccccc4)C3=O)nc2)cn1,-13.15
O=C(CCc1ccc(S(=O)(=O)N2CCCCC2)cc1)NCc1c[nH]nn1,-10.15
Cc1nn(C)c(C)c1[C@@H]1CCCN1Cc1ccc(C(N)=O)cc1,11.8
O=C(Nc1c(O)c2ccccc2oc1=O)c1ccc(Br)o1,15.95
CCOc1cc(NC(=O)N(C)Cc2ccc(OC)c(F)c2)ccc1OC,-7.8
CCc1cnc(CNC(=O)NCCc2ccc(O)cc2)s1,9.45
COc1cccc(C[S@@](=O)Cc2nsc(N(C)C)n2)c1,3.85
COc1ccc(NC(=O)Cn2ccccc2=O)cc1NS(=O)(=O)c1ccc(F)cc1,-12.0
COc1ccc(C(=O)N2CCC[C@H](C3OCCO3)C2)c(O)c1,1.0
Cc1ccn2c(=O)c(NC(=O)c3cccc(F)c3)c(C)nc2c1,17.45
Cc1cccc(NC(=O)c2cc(S(=O)(=O)N3CCCCC3)cn2C)c1,7.85
Cc1ncsc1C(=O)N1CCC[C@@H]1Cn1cccn1,-14.433333333333332
COc1cccc(C#Cc2cccc(C)n2)c1.Cl,5.6499999999999995
COc1ccc(S(=O)(=O)NCCN2CCCCC2CO)cc1C,6.4
COCCCNC(=O)c1c[nH]c2ccc(S(=O)(=O)Nc3cccc(OC)c3)cc2c1=O,11.5
O=C(Nc1ccc(OC2CCCC2)nc1)[C@@H]1CCCc2[nH]ncc21,0.5666666666666664
Cc1cc(C)n(-c2ccc(C(=O)Nc3ccc(N(C)C)nc3)cn2)n1,-13.2
CO[C@H]1COC[C@H]1S(=O)(=O)NCc1cccc2nsnc12,10.8
Cc1nc([C@@H]2CCCN2C(=O)Cc2c(C)noc2C)no1,7.3209975
CCSCCCN1CCC[C@H]1c1ccc2c(c1)OCCO2,6.05
Cn1ncc(CNC(=O)C2=NN(c3ccc(F)cc3)C(=O)CC2)n1,16.6
CN(Cc1nn(C)c2cccc(Cl)c12)CC1COCCO1,10.7
COCCn1c(S[C@H]2CCCCNC2=O)nc2cc(Cl)ccc21,-8.65
CC(C)c1noc([C@H](C)N2CCN(c3ccc(O)cc3)CC2)n1,5.3
COCCNC(=O)NC1CCN(c2nc3cccnc3n(Cc3ccccc3)c2=O)CC1,11.75
COc1ccc(C(=O)N2CCN(c3nc(-c4ccccc4)no3)CC2)cc1OC,-17.5
COCCNC(=O)c1ccc(C2SCC(=O)N2CCc2ccccc2)cc1,19.25
CC(C)(C)c1ccc(S(=O)(=O)NC(=O)[C@H]2CC2(F)F)s1,66.95
Cc1ccc([C@H](CNC(=O)Nc2ccccn2)N2CCOCC2)o1,-2.3500000000000014
COCCNS(=O)(=O)c1c(C)cc(N2C(=O)CCS2(=O)=O)cc1C,8.600000000000001
O=C(CCn1cc(Br)ccc1=O)Nc1cnccc1O,7.199999999999999
COc1ccc(-c2nc(-c3nc(C)cs3)no2)c(F)c1,-0.9500000000000002
CS(=O)(=O)N1CCN(C(=O)CCCCCNc2ncccn2)CC1,15.35
CCN(CC)S(=O)(=O)c1cccc(C(=O)Nc2nc(C)c(C(C)=O)s2)c1,-16.65
CCN(C(=O)C1CCN(C(=O)c2ccccc2)CC1)[C@H]1CC(=O)NC1=O,-3.3999999999999995
CN(Cc1ccco1)C(=O)c1ccc(OCc2cn3ccccc3n2)cc1,-17.299999999999997
COc1ccccc1NC(=O)c1c(C)noc1C,2.5
O=C(CN1CCCC1=O)N1CCN(Cc2ccc3c(c2)CCO3)CC1,14.5
N#C/C(=N/O)c1nc2ccccc2s1,70.45
CCNS(=O)(=O)c1ccc(OC)c(NC(=O)c2ccccc2C)c1,4.75
CCN(CC)[C@@H](CNC(=O)c1ccccc1COC)c1ccco1,-4.7
Cc1cc(Cl)ccc1OCCN1CCN(C(=O)[C@H]2CCC[C@@H](O)C2)CC1,13.15
C#Cc1cccc(NC(=O)c2cccnc2)c1,-1.8500000000000003
O=C(Cn1cnc2nc(N3CCCC(C(=O)NC4CC4)C3)sc2c1=O)Nc1ccccc1,8.35
O=C(NCc1ccc(Cl)cc1)c1cc(=O)nc2sc(N3CCCCC3)nn12,-3.65
COc1cccc(C(=O)N2C[C@@H](CO)[C@H](N(C)C)C2)c1,5.9
O=C(NCC(=O)N1CC[C@H](N[C@H]2CC[C@@](O)(c3ccc(-c4ncccn4)cn3)CC2)C1)c1cccc(C(F)(F)F)c1,3.8
CN1CCn2cc(S(=O)(=O)NCc3cc(F)cc(F)c3)cc2C1=O,9.6
CC(=O)Nc1ccc(S(=O)(=O)N2CCC(CC(=O)NCCCN3CCCC3)CC2)cc1,6.8
CCOc1ncccc1C(=O)N[C@H]1CCCN(c2ncccn2)C1,-0.0499999999999998
Cc1ncc(CN(C)c2ncc(S(N)(=O)=O)s2)s1,-12.8
Cn1cc(C(C)(C)C(=O)N2CC(C)(C)[C@@H]2C2CC2)cn1,-0.2
O=C([C@@H]1CN(C(=O)c2ccc(N3CCCCC3=O)cc2)c2ccccc2O1)N1CCOCC1,1.7000000000000002
O=[S@@](CCNS(=O)(=O)N1CCCCCC1)Cc1ccccc1,-16.5
COc1ccc(OC)c(CN(C(=O)c2ccccn2)C2CC2)c1,-6.449999999999999
Cc1cnn(CCC(=O)N2CCC[C@H]2c2noc(C)n2)c1,1.8500000000000003
O=C(NOCc1ccc(C(F)(F)F)cc1)c1cnns1,14.0
CC(C)c1ccccc1OCC(=O)NC1CC2CCC1C2,56.85
O=C(Cc1ccc2cn[nH]c2c1)N1CCOC[C@@]12CCOC2,-21.35
COc1cc(C(=O)C2CC(=O)Nc3[nH]nc(C)c32)ccc1F,11.0
COc1ccc(Cl)cc1NC(=O)NCCn1nnc2cc(S(=O)(=O)N(C)C)ccc21,3.8
CN(Cc1ccns1)C(=O)[C@H](O)c1ccc(C(F)(F)F)cc1,4.35
CC1(C)CC[C@]2(C(=O)O)CC[C@]3(C)C(=CC[C@@H]4[C@@]5(C)C[C@@H](O)[C@H](O)C(C)(C)[C@@H]5CC[C@]43C)[C@@H]2C1,91.25
Cc1cc(N2C(=O)CCS2(=O)=O)cc(C)c1S(=O)(=O)NCCN(C)C.Cl,22.25
COc1ccc(OCCN(C)S(=O)(=O)c2ccc(NC(=O)c3ccncc3)cc2)cc1,4.05
CCOc1ccc(CC(=O)N2CCC(CN3CC(C(=O)NCC4CC4)CC3=O)CC2)cc1,12.55
COC1CCN(C(=O)[C@@H]2Cc3ccccc3O2)CC1,0.05
CCCc1nc(C)c2c(=O)[nH]c(-c3cc(S(=O)(=O)N4CCN(CC)CC4)ccc3OCC)nn12.Cl,19.95
COc1ccc(NC(=O)N2CCN(C(=O)Cc3ccc(Cl)cc3)CC2)cn1,-10.35
CCOc1cc(C(=O)N[C@H]2CCCN(c3cnn(C)c3)C2)ccc1C,-23.1
Cc1cn2c(n1)CC[C@H](NC(=O)Cc1cccc(OC(C)C)c1)C2,3.8
O=C(c1cccc(F)c1)N1CCSCC1,18.05
O=C(NCCN1CCCS1(=O)=O)[C@@H]1CCCc2ccccc21,-9.95
Cc1ccc2oc(SCC(=O)Nc3ccccc3F)nc2n1,9.45
Cc1cccc(-n2ccc(=O)c(C(=O)Nc3cccnc3)n2)c1,20.049999999999997
CCN(CC)S(=O)(=O)c1ccc(C(=O)N(C)Cc2cccc(OC)c2OC)cc1,-3.85
CNC[C@H]1CCN(C(=O)c2cccc(F)c2F)C1.Cl,-3.899999999999999
CCNC(=O)c1nn(-c2ccccc2F)nc1CO,-0.6000000000000001
COc1ccc(NC(=O)C2CCN(c3cnn(C)c(=O)c3)C2)cc1,16.85
COc1ccc(CNC(=O)N[C@@H](CC(N)=O)C2CCOCC2)cc1OC,-10.2
C[C@H](OC1CCCCCC1)C(=O)Nc1nc2ncccc2[nH]1,-3.6
COc1ccc(Nc2nc(OC)nc(OC)n2)c(OC)c1,3.35
COCc1ccccc1NC(=O)[C@H]1CCCN(C(=O)N2CCCC2)C1,-14.8
COc1nc(C)ccc1CNc1cc(N2CCC[C@@H]2CO)ncn1,-29.200000000000003
Cn1c(=O)ccn(CC(=O)NC[C@H]2CCCO2)c1=O,1.4000000000000004
CCn1nc(CN2CCC(NC(=O)COc3cccc(C)c3)CC2)c2c1CCOC2,12.55
CC(C)Cc1cc(C(=O)Nc2cnns2)cc(O)n1,16.5
CONC(=O)c1cc(-c2ccccc2)nn1-c1ccccc1,25.5
COc1cncc(C(=O)N2CCN(C3CC3)c3cc(Cl)ccc32)n1,19.75
COC[C@H](C)NC(=O)N1CCN(c2nnnn2-c2ccccc2)CC1,12.9
CCc1noc(-c2cn(C3CCN(C(=O)c4cc(C5CC5)n[nH]4)C3)nn2)n1,15.35
CN(Cc1ccc(O)cc1)C(=O)c1ccc(NC(=O)c2ccccn2)cc1,1.95
O=C(c1cc(-c2ccco2)n[nH]1)N1CCN(c2ccccc2F)CC1,24.65
CCn1ncc(N2CCCC(CC(=O)Nc3cc(OC)cc(OC)c3)C2)cc1=O,8.15
COc1cc(C(=O)Nc2ccncc2)ccc1OCc1cscn1,-3.0500000000000007
COc1ccc(CNC(=O)c2cnn(-c3ccccc3)n2)cc1OC,-18.85
CC(=O)CCc1ccc(OC[C@@H](O)CN2CCC(C(N)=O)CC2)cc1,9.05
O=S1(=O)C=C[C@@H](N(Cc2ccccc2)S(=O)(=O)c2cc(F)cc(F)c2)C1,-6.0
COc1ccc(-c2cc3c(=O)n(Cc4noc(CN5CCCC5)n4)ccn3n2)cc1,18.9
COc1c([C@@H]2CCCN2C(=O)c2ccc[nH]2)c(C)nn1C,-4.8
N#CCc1ccc(N[C@@H](C(N)=O)c2ccc(Br)cc2)cc1,17.65
C[C@H]1CCCCN1C(=O)NCCOc1ccc(S(C)(=O)=O)cc1,17.65
O=C(c1ccc(C(=O)N2CCN(CCO)CC2)cc1)c1cc[nH]c1,8.1
COc1cccc(CNC(=O)Cn2ccn3nc(-c4ccc(OC)c(OC)c4)cc3c2=O)c1,5.15
CNC(=O)NCCNc1nc(C)ns1,4.85
CS(=O)(=O)c1cccc(CNc2nc(Nc3ccc4c(c3)CCC(=O)N4)ncc2C(F)(F)F)c1,23.85
Cc1cc(NC(=O)[C@H](Cc2ccccc2)NS(=O)(=O)c2c(C)noc2C)no1,10.1
CC(=O)NCCc1csc(-c2ccc(Cl)cc2)n1,2.7
CC1Cc2cccc3c(=O)c(C(=O)NC4CC4)cn1c23,19.45
CCCc1cc(=O)n2nc(N3CCC(C(=O)NCCN4CCOCC4)CC3)sc2n1,12.85
Cc1oc(-c2cnn(C)c2)nc1-c1nc(-c2ccc(C(=O)N(C)C)cc2)no1,-15.1
O=C(Nc1ccccn1)c1cnn(-c2ccccc2)c1C1CC1,-18.3
Cc1cnn(C[C@H]2CN(CC(=O)Nc3nccs3)CCO2)c1,9.3
Cc1ccc(S(=O)(=O)N2CCC(NC(=O)[C@H](C)S(C)(=O)=O)CC2)cc1,-23.55
O=C(CSCC(=O)NCc1ccc2c(c1)OCO2)NCc1ccc2c(c1)OCO2,13.300000000000002
Cn1ncc(N2CCCC(CC(=O)NCc3ccccc3F)C2)cc1=O,10.7
COc1ccccc1[C@H](C)N(C)C(=O)c1cc(-c2ccco2)on1,-17.2
CC[C@@H](c1ccccc1OC)N(C)c1ncncc1Br,65.9
CNC(=O)N1CCC(C2CCN(C(=O)c3ccc(C#N)cc3)C2)CC1,24.15
Cc1noc(C)c1C(=O)Nc1cccc(-n2cccc2)c1,4.25
Cc1nccn1CCNC(=O)C[C@@H]1NC(=O)N(CCc2ccccc2)C1=O,13.55
CN(C)S(=O)(=O)c1ccc(NC(=O)[C@H](C#N)c2nc3ccccc3s2)cc1,99.05
COc1ccccc1C(=O)N1CCN(Cc2nc(N)c3ccccc3n2)CC1,21.1
O=C(C1CC1)N1CCN(S(=O)(=O)c2cccc3c2N=S=N3)CC1,-1.0
Cc1cccc(N(C)C(=O)c2cnc3c(c2)c(C(F)(F)F)nn3C)n1,-14.2
CS(=O)(=O)N1CCC[C@H](C(=O)NCCOc2cccc(Cl)c2)C1,-11.0
Cc1cc(NC(=O)c2cc(-c3ccccc3O)on2)no1,10.2
Cc1cc(S(=O)(=O)Nc2ccc(S(C)(=O)=O)cn2)sc1C,-3.2
O=C1CN(C(=O)CSc2nc3c(cnn3-c3ccccc3)c(=O)[nH]2)c2ccccc2N1,7.449999999999999
O=C1Nc2cc(Br)ccc2/C1=C1/Nc2ccccc2/C1=N\O,70.85
CNC(=O)NC(=O)CCSCc1csc(Br)c1,-5.85
CCCn1c(=O)c2sc(N3CCCC3)nc2n(CC(=O)Nc2ccc(OC)cc2OC)c1=O,16.65
O=S(=O)(C1CC1)N1CC[C@@]2(CCCOC2)C1,5.35
COCCN(Cc1cccc(C#N)c1)Cc1nc(C)no1,-8.95
Cc1nc(NC(=O)c2ccc(N3CCCCC3=O)cc2)sc1C,10.85
COc1ccc(CCC(=O)NC[C@H]2CCS(=O)(=O)C2)cc1OC,5.6000000000000005
CNC[C@H]1CCN(C(=O)CCOc2ccc(C)cc2C)C1.Cl,-10.75
CN(C[C@H]1COCCO1)C(=O)c1ncc(C(F)(F)F)cc1Cl,1.1499999999999997
Cn1c(C(=O)NCCN2CCOCC2)cc2c(=O)oc3ccccc3c21,5.15
Cc1nn(CCC(=O)N2CCN(c3ccccn3)CC2)c(=O)c(C#N)c1C,2.5
Cc1cnc(NC(=O)c2ccc(Br)cn2)[nH]1,0.0999999999999996
Cc1nc(C(F)(F)F)ccc1C(=O)N1CCC[C@H](n2ccnc2)C1,17.166666666666668
CCc1ccc(S(=O)(=O)N(C)c2cccc(OC)n2)cc1,-15.0
COc1cccc(CN2C(=O)c3ccccc3S2(=O)=O)c1,-9.15
CCc1csc([C@H]2CCCN(C(=O)CCc3ccncc3)C2)n1,2.65
Cn1c(=O)c(CN2CCN(Cc3ccco3)CC2)nc2ccccc21,-1.5
Cc1ccc(OCc2nc(C3CCN(C(=O)c4cc(C)n(C)n4)C3)no2)cc1,0.7999999999999999
O=C(NCCCOc1ccccc1)c1cccn1Cc1cccnc1,-27.25
O=C1c2ccccc2C(=O)N1CC(=O)N1CCSc2ccc(Cl)cc21,-0.8500000000000001
CSCCN1CCC(NC(=O)c2cc(C(F)(F)F)n[nH]2)CC1,12.65
O=C(N[C@H](c1nccs1)C1CC1)c1nccn2ccnc12,-5.4
CCOc1ccc(C(=O)C2=C(O)C(=O)N(CCCN(C)C)[C@@H]2c2ccc(OC)cc2)cc1C,-17.4
CCCCN(CC(=O)N1CCCN(c2ccc(-c3ccc(OC)cc3)nn2)CC1)C(=O)NCC,-4.1
O=C(Nc1ccc(I)cc1)C1CC2CCC1C2,52.95
COc1ccc2c(c1)CCN2C(=O)c1nc(SC)n2ccccc12,-0.7500000000000004
Cn1c(C(=O)N2CCN(C(=O)c3ccco3)CC2)cc2c(=O)n3ccccc3nc21,0.7999999999999999
CCCn1cnc2sc3c(c2c1=O)CCC(C)C3,-13.85
CCn1ccc2oc(C)c(C(=O)NCc3cccc(F)c3)c2c1=O,9.35
Cc1ccc(NC(=O)[C@H]2CC(=O)N(c3ccc4c(c3)OCCO4)C2)cc1F,8.9
CC(C)C(=O)NCCNC(=O)c1sc(N2CCCC2)nc1Cl,4.3999999999999995
Cc1cc(C)n2nc(CC(=O)N3CCNC(=O)C3c3cccc(F)c3)nc2n1,6.8
CN1C(=O)C[C@H](C(=O)NCc2nc3ccccc3[nH]2)[C@H]1c1nccn1C,5.3
COc1ccc(-c2nnc([C@H](C)N3CCC(C)CC3)o2)cc1,-4.45
Cc1ccccc1NC(=O)N1CCN(c2cc(-n3cccn3)ncn2)CC1,14.7
CCN(C(=O)Cn1nc2ccc(SC(C)(C)C)nn2c1=O)c1cccc(C)c1,5.95
CCOc1ccc(NC(=O)c2ncccc2O)cc1,21.450000000000003
CCn1ccc(C(=O)N2CCC(c3nc(-c4cccn4C)no3)C2)n1,3.1
Cn1nccc1CNS(=O)(=O)c1ccc(C#N)cc1,0.1999999999999997
O=C(CCCn1c(=O)oc2ccccc21)N1CCSc2ccccc21,1.6000000000000003
COc1ccc2[nH]c(CNC(=O)[C@H]3[C@@H]4CC[C@@]5(CN(CCN)C(=O)[C@@H]35)O4)cc2c1,-2.1500000000000004
CCOC[C@@H](O)CN1CCN(C(=O)Cc2ccc(C)cc2)CC1,-15.55
O=C1NCCN(C(=O)NCc2ccc(Cl)cn2)[C@H]1c1ccccc1,14.7
COc1ccccc1NC(=O)c1cc(Br)cc2nn[nH]c12,91.8
Cc1cncc(-c2cc(C(=O)N3CCN(C)CC3)ccn2)c1,10.75
O=C(NCc1nncn1-c1ccccc1)[C@@H]1COCCN1CC(F)F,7.8
O=C(Nn1ccc2c(cnc3ccnn32)c1=O)c1ccc(Cl)cc1,6.75
COc1cccc(CN2CCCC2c2cc(C)no2)c1OC,18.25
CCN(CC)Cc1ccc(C(=O)N2CCN3CCCC[C@H]3C2)cc1,-11.55
CC(C)C[C@@H]1NC(=O)N(CC(=O)Nc2cc(Cl)cc(Cl)c2)C1=O,1.4499999999999995
CN(CC(=O)NC[C@@H](c1ccco1)N1CCCC1)S(C)(=O)=O,8.2
Cn1cc(N2CCC[C@H](Nc3cncc(Cl)n3)C2)cn1,11.800000000000002
Cc1cc(F)ccc1[C@H]1C(=O)NCCN1Cc1nc2ccccc2c(=O)n1C,3.5
CO[C@H]1C(=O)N(C(C)C)[C@H]1C1CCN(Cc2c[nH]nc2-c2ccccc2)CC1,11.8
CCc1ccc(C(=O)N2CCN(C)Cc3ccccc32)o1,14.05
CO[C@@H](C)C(=O)Nc1ccc(-c2noc(C(F)F)n2)cc1,2.2
COc1ccc(S(=O)(=O)N(C)CCCC(=O)Nn2cnc3ccccc32)cc1,0.5500000000000003
Cn1cc(C(=O)N2CCCCCC2)c(=O)c2cc(S(=O)(=O)N3CCOCC3)ccc21,5.75
O=C(CN1CCN(C(=O)c2cnc3ccccc3c2)CC1)Nc1ccc(F)cc1,-5.9
CCC(NS(=O)(=O)c1cc(C(N)=O)cs1)C1CC(O)C1,5.85
Cc1nc(NC(=O)CCCOC(C)C)n[nH]1,-17.7
Cn1ccnc1CN1CCCN(C(=O)C2(C#N)CCCCC2)CC1,-38.7
COc1cccc(CN2CC(C(=O)N(C)Cc3ccccc3)CC2=O)c1,-8.600000000000001
CC(C)c1ccc(OCC(=O)NCCCC(=O)Nc2cn[nH]c2)cc1,-2.6
Cc1ccc(C)c(C2CCN(C(=O)C[C@H]3CCCS3(=O)=O)CC2)c1,4.8
Cc1ccc(C(=O)NC[C@]2(N3CCOCC3)CCSC2)cn1,-18.15
CCN(C)CCNC(=O)[C@H]1CC(=O)N(c2cc(C)ccc2OC)C1,12.5
O=C(NC[C@H]1CCCO1)N1CCN(c2nccs2)CC1,-13.15
O=C(NCCCN1CCCCCC1=O)[C@@H](c1cccc(Br)c1)N1CCCC1,3.25
Cc1noc(C)c1C(=O)N1CCCC[C@@H]1CNS(C)(=O)=O,7.699999999999999
COCc1nc(C)c(CNC(=O)CCNC(=O)c2ccc(F)cc2)s1,2.65
CCOCC(=O)N1CCCC(c2nc(CCOc3cccc(C)c3)no2)C1,0.1000000000000005
C[C@H]1CCN(CCn2ccc3cc(Cl)ccc32)CCS1(=O)=O,-7.949999999999999
Cc1noc([C@H]2CCCN(C(=O)Nc3ccc(OC(C)C)cc3)C2)n1,-14.25
CC(Cc1ccco1)NS(=O)(=O)c1cc(-c2nnc(C(=O)N3CCCCC3)o2)cs1,17.9
CCCCOc1ccccc1C1C(C(N)=O)=C(C)Nc2ncnn21,5.2
COc1ccc(NC(=O)COc2ccc3ccc(=O)oc3c2)cc1,11.8
CC(C)n1nnc2cc(S(=O)(=O)N(C)CC(=O)N3CCN(c4ccccn4)CC3)ccc21,8.6
CN(Cc1ccc2c(c1)OCCO2)C(=O)c1ccc2c(c1)OCCO2,12.833333333333334
CCNC(=O)c1ccc(N2CCCN(Cc3ccccc3C)C2=O)cc1,10.6
NC[C@H]1CCCCN1S(=O)(=O)c1ccccc1C(F)(F)F,-6.75
CCN(Cc1ccncc1)C(=O)c1cc(OC)c(OC)cc1OC,-3.65
CCOc1ccc(OCC(=O)N2CCOCC2)cc1,4.55
CCC(c1ccccn1)N(C)C(=O)CCn1c(C)cccc1=O,16.6
CSc1ccc(C(=O)Nc2cccc(C(=O)N3CCCC3)c2)cn1,22.6
CN1CCNc2cc(Br)ccc21,38.2
Cc1ccc2c(c1)cc1c(=O)n(CC(=O)NCCCN3CC(C)CC(C)C3)nc(C)n12,10.9
COc1ccc(NS(=O)(=O)c2ccc3c(c2)NC(=O)C(C)S3)cc1,60.8
COc1cc(C(C)C)c(Oc2cnc(N)nc2N)cc1I,97.9
CCCCn1c(SC[C@H]2CSc3nnc(-c4cccnc4)n32)n[nH]c1=O,18.0
Cc1cc(C)n(Cc2cccc(C(=O)Nc3ncccc3O)c2)n1,0.5
COC1CCN(c2cc(C(C)=O)ccn2)CC1,9.75
COc1cc(OC)c(C2=CCN(C(=O)Cn3ccccc3=O)CC2)c(OC)c1,0.2999999999999998
O=C(NC1CCN(C(=O)N2C[C@H]3C[C@@H](C2)[C@H]2CCCC(=O)N2C3)CC1)c1n[nH]c2ccccc12,15.05
COCCC1(c2noc(C)n2)CCCN(C(=O)CCc2conc2-c2ccccc2)C1,5.8
CC(C)(C)c1cc(CN2CCCC[C@H]2c2nc(=O)[nH][nH]2)no1,13.1
COc1ccccc1OC1CCN(C(=O)c2c(C)noc2C)CC1,4.699999999999999
CCc1noc([C@H](C)N(C)Cc2ccc(OC)c(OC)c2)n1,12.55
O=C1CCCC(=O)C1C(=O)c1ccc(C(F)(F)F)cc1[N+](=O)[O-],87.05000000000001
CC(C)C(CNCCc1cnccn1)C(C)C,-3.15
Cc1ccc(CN(C)C(=O)[C@H]2CCCN(C(=O)Cc3ccccc3)C2)o1,-0.25
CCOc1ccccc1CNS(=O)(=O)c1cc2c(s1)CCN(C(C)=O)C2,4.9
Cc1cc(F)c(CNC(=O)[C@H]2CCc3nncn3CC2)c(F)c1,-2.5
NC(=O)c1ccc(NC(=O)Cn2c(=O)oc3ccccc32)cc1,18.9
CCCC(=O)Nc1ccc2c(c1)nc(CN1CCN(C(=O)c3ccco3)CC1)n2CC,9.6
CC[C@H]1CN(C(=O)c2cnn3c(C)cc(C)nc23)CCO1,20.75
O=C(NCCc1ccc(O)cc1)N1CC[C@H](Oc2cccc(F)c2)C1,9.9
CCc1cnc(CN2CCC[C@H](c3cc(C)[nH]n3)C2)o1,2.65
COc1ccc(Cl)cc1NC(=O)[C@@H](NC(C)=O)C1CCCC1,6.1499999999999995
Cc1cc(C)c(CNC(=O)NC[C@@H]2CC=CCC2)c(=O)[nH]1,2.3999999999999995
O=C(NCCc1nnc[nH]1)Nc1cccc(SC(F)F)c1,8.066666666666666
CCCOc1ccc(C2c3c(oc4ccccc4c3=O)C(=O)N2CCN(C)C)cc1OC,-1.9
CCn1ncnc1C(NC(=O)c1ccc2[nH]nnc2c1)C1CC1,11.7
CCC(CC)NC(=O)C1CCCN(c2cnn(Cc3ccccc3)c(=O)c2)C1,2.4000000000000004
COc1cccc(CCC(=O)N2CCCN(C)c3ccccc32)c1,1.25
Cc1nc(C)c(C(=O)N2CCCC(OCc3noc(-c4cccnc4)n3)C2)s1,15.1
Cc1c(F)ncnc1NCCOc1ncccc1Cl,3.25
CC[C@H](C)NC(=O)c1ccc(CNc2c(C#N)c(=O)n(C)c(=O)n2C)cc1,-9.95
C[C@@H](C(=O)NC1CC1)S(=O)(=O)c1nc(-c2ccccc2)cs1,1.9499999999999995
CC[C@H](C)C(=O)Nc1cccc(S(=O)(=O)N2CCOCC2)c1,15.3
CC(C)CN1CC(=O)N(c2ccc(C(C)C)cc2)[C@@H]2CS(=O)(=O)C[C@@H]21,1.9000000000000004
Cc1csc([C@H]2CCCN(C(=O)CCCc3ccccn3)C2)n1,6.85
C=CCNc1c(O)cc2c(O)c1C[C@@H](C)C[C@H](OC)[C@H](O)[C@@H](C)/C=C(\C)[C@H](OC(N)=O)[C@@H](OC)/C=C\C=C(/C)C(=O)N2.Cl,26.700000000000003
COc1cc(-c2cc(N3C(=O)Nc4ccccc4N3O)on2)cc(OC)c1OC,20.15
Cc1ccc(CS(=O)(=O)N2CC3(CCNCC3)[C@H]3COC[C@H]32)cc1F,-18.45
CCS(=O)(=O)c1ccc(OCc2cc(=O)n3oc(C)cc3n2)c(NC(=O)c2ccco2)c1,10.4
Cn1c(=O)c2ccccc2n1C(=O)[C@H]1CCS(=O)(=O)C1,-3.55
COCC1CN(C(C)=O)CC12CCN(Cc1ccccc1OC)CC2,-5.65
CC(C)(C)c1cc(C(=O)N2CCCC3(CCNC3)C2)[nH]c(=O)n1.Cl,22.7
CON(C)CCNCc1c(C)nc2sc(C)cn12,6.3999999999999995
CCC(=O)N1CCN(Cc2nc3cc(NC(=O)COc4ccccc4)ccc3n2C)CC1,26.6
COCCCn1c(C(=O)NCCCO)cc2c(=O)n3ccccc3nc21,5.85
COCC1(O)CCOC2(CCN(C(=O)c3ccc(F)cc3F)CC2)C1,9.25
C#CCNS(=O)(=O)c1ccc2c(c1)CCN2C(C)=O,-2.75
CCC(CC)C(=O)Nc1c2c(nn1-c1ccc(F)cc1)CS(=O)(=O)C2,30.7
Cc1ccc(NC(=O)c2csnn2)cc1C,28.35
Cc1noc(C2(F)CCCN(C(=O)c3cccn3C)C2)n1,9.3
CC(C)(C)C(=O)N1CCOc2ncccc2C1,-16.25
C[C@H](NC(=O)c1ccccn1)c1nnc2n1CCCCC2,-8.4
O=C(Nc1nc(-c2ccncc2)cs1)c1cnc2sccn2c1=O,16.05
CCn1c(-c2ccccc2)cc(C(=O)NC)c1C,18.5
CCCOc1ccc2c(C)c(CC)c(=O)oc2c1,53.85
Cc1ccccc1OCCN(C)S(=O)(=O)c1c(Cl)nc2ccccn12,-2.3000000000000003
CCCc1noc(CN(C)[C@@H](C)c2ccc(S(C)(=O)=O)cc2)n1,4.800000000000001
O=C([C@@H]1COCCN1C1CCCC1)N1CCC2(CCC2)S(=O)(=O)CC1,-63.7
Cc1noc(C)c1C(=O)N1CCC[C@H]1c1c(C)nn(C)c1Cl,22.049999999999997
COc1cc(NCc2cc(OC)c(OC)c(OC)c2)ncn1,15.65
COc1ccc(N(C)C(=O)[C@H]2CCCN(C(=O)N3CCCC3)C2)nc1,-9.95
O=C(Nc1ccnn1CC1CC1)c1ncoc1[C@@H]1CCCO1,-18.6
O=C(c1cnc(C2CC2)[nH]c1=O)N1CCCCC1CN1CCOCC1,17.05
CCn1c(CN2CCN(C(C)=O)CC2)nc2cc(NC(=O)C3CCCCC3)ccc21,21.7
CC(C(N)=O)N1CCC2(CC1)CC(=O)N(Cc1ccc(Cl)cc1)C2,11.15
CCCNC(=O)c1cccc(NC(=O)CCc2c(C)c3c(=O)[nH]n(C)c3[nH]c2=O)c1,10.033333333333331
COc1cccc(CN(CC(C)C)C(=O)c2c(C)nc3ncccn23)c1,20.7
Cc1cccc(-c2ncc(CN3CCc4c(c(CO)nn4C)C3)cn2)c1,5.3999999999999995
Cc1ccc(CN2CCCn3c2nc2c3c(=O)[nH]c(=O)n2C)cc1,15.7
CC(C)C(=O)Nc1cccc(NC(=O)[C@H](C)N2CCN(C)CC2)c1,0.0999999999999996
O=C(NCCc1ccccc1)c1ccc(CN2CC(=O)N3CSCC3C2=O)cc1,16.95
COc1cc2c(cc1OC)CN(C(=O)c1oc(C3CC3)nc1C)CC2,19.55
Cc1nc(N2CCCC2)cc(N2CCN(S(=O)(=O)c3ccccc3Cl)CC2)n1,57.7
Cc1ccc(C(=O)Nc2cc3c(cc2Cl)OCCO3)cn1,-1.7
NC(=O)COc1ccc(C(=O)N2CCCCC[C@H]2c2ccncc2)cc1,3.8
Cc1cc(OCC(=O)N2CCOCC2)nc2c1c(C)nn2-c1ccccc1,21.65
C[C@@]1(c2cccs2)NC(=O)N(Cc2nnc(-c3ccccc3)o2)C1=O,1.6499999999999997
C[C@H](SCc1cccc(S(=O)(=O)N(C)C)c1)C(=O)N(C)c1ccccc1,-7.65
CC[C@H]1CCCCN1C(=O)Cn1ccc(=O)[nH]c1=O,8.35
CC(C)NS(=O)(=O)c1ccc2c(c1)nnn2CCNC(=O)NC(C)(C)C,17.7
COCCNS(=O)(=O)c1ccc2c(c1)CCN2C(=O)CCC(=O)N1CCCCCC1,15.4
CCc1csc([C@H]2CCCN(C(=O)c3cn(CC(N)=O)nn3)C2)n1,16.9
COCCCNC(=O)C1CC(=O)N(c2ccc(OC)cc2OC)C1,-3.05
Nc1c(N=Nc2ccc(-c3ccc(N=Nc4cc(S(=O)(=O)[O-])c5ccccc5c4N)cc3)cc2)cc(S(=O)(=O)[O-])c2ccccc12.[Na+].[Na+],57.849999999999994
O=S(=O)(c1ccc2c(c1)OCCO2)N1CCc2cc3ccccc3nc21,6.9
CCN(C)[C@H]1CCN(c2cc(C)nc(C)c2C#N)C1,2.25
CCc1ccc(N2C(=O)N(c3ccccc3OC)C3CS(=O)(=O)CC32)cc1,14.05
Cc1ccc(O[C@@H](C)C(=O)N2CCNC(=O)C2)cc1,-5.8
CCc1sc([C@H](C)NC(=O)Cn2cc(CO)nn2)cc1C,3.85
CCOc1ccccc1NC(=O)c1cnc2ccccc2n1,5.050000000000001
CCn1c(SCC(=O)NCC(F)(F)F)nc2ncccc2c1=O,20.549999999999997
CC(C)n1ncc2c(=O)n(CN3CCCCC3=O)cnc21,-12.85
CCCn1c(SCCC(C)C)nc2c1c(=O)[nH]c(=O)n2C,-4.8999999999999995
NC(=O)c1cccc(Oc2ccc(NC(=O)c3ccco3)cc2)c1,16.65
O=S1(=O)N=C(NCCO)c2ccccc21,1.65
CC(C)(C#N)CC(=O)N=[S@@](C)(=O)c1ccc(F)cc1,-2.3
Cn1ccnc(NC(=O)N2CCC[C@H]2c2cccc3ccccc23)c1=O,-32.4
Cc1cc(S(=O)(=O)N2CCN(C3CCN(C)C3=O)CC2)ccc1Cl,-0.6500000000000004
CCc1ccc(NC(=O)N2CCN(c3cc(-n4ccnc4)nc(C)n3)CC2)cc1,51.45
CN(Cc1ccc(-n2cccn2)cc1)C(=O)c1ncoc1C1CC1,10.15
Cc1nc(CN2CCC[C@@H]2Cn2cncn2)no1,16.35
O=C(c1ccccc1F)N1CCC(F)(F)C(COc2ccccn2)C1,17.8
Cc1ncc(CN(C)Cn2nnn(-c3cccs3)c2=O)s1,1.85
COc1ccc(C(=O)Nc2cc3c(cc2C#N)OCO3)cc1S(=O)(=O)Nc1cccnc1,4.0
CC(C)Oc1cnc(C(=O)N2CC3(CCOCC3)[C@@H]2C2CC2)cn1,-10.97852
Cn1c(N2CC(C)(C)O[C@@]3(C[C@@H]4CC[C@H]3C4)C2)nc2c1c(=O)[nH]c(=O)n2C,1.0
O=S(=O)(N[C@H]1COc2ccccc21)c1cnn(-c2ccccc2)c1,3.85
Cc1cccc(NC[C@H]2CCN(c3cncc(C)n3)C2)n1,-4.0
CCC1(C(N)=O)CCCN(C(=O)c2c(C)nn(C)c2C)C1,38.2
CCc1cc2c(CN3CCN(Cc4ccccc4)CC3)cc(=O)oc2cc1O,1.9
CC(C)[C@H](CO)Nc1nc(Nc2cccc(Cl)c2)c2ncn(C(C)C)c2n1,56.25
COCC(C)n1c(CCCC(=O)N2CCSCC2)nc2cccnc21,14.0
CC(C)c1ccc2c(c1)CCCN2C(=O)CC[C@H](C)N,-7.300000000000001
CC[C@H](NS(=O)(=O)Cc1noc2ccccc12)c1ccc2c(c1)OCCO2,-29.75
CC(C)[C@H](NC(=O)C1=CCCC1)C(C)(C)O,3.9499999999999993
CCN1CN(C(=O)NCCc2ncc(C)s2)CC1=O,-6.699999999999999
CN(Cc1cnnn1C)C[C@H]1COc2ccccc2O1,5.5
Cc1noc([C@]23CN(C(=O)Nc4cccc(F)c4C)C[C@H]2CN(C2CCOCC2)C3)n1,52.70000000000001
O=C(CN1CCCCCC1)N1CCC2C(=O)N(Cc3ccccc3)CC(=O)N2CC1,15.4
CC(C)Cn1ncnc1CN1CC[C@H](CNc2ccccn2)C1,-1.15
COc1ccc(CN(C(=O)c2cnc3c(c2)ncn3C)C2CC2)cc1,9.3
Cc1c(Cl)cccc1NC(=O)C[C@@H]1SC(N2CCOCC2)=NC1=O,11.933333333333332
O=C(c1ccc(N2CCCC2)nc1)N1CCN(c2cc(F)ccc2F)CC1,-23.25
Cc1cc(CN2CCCC[C@@H]2Cn2nc(C)nc2C)on1,-3.649999999999999
O=C(N[C@@H](Cc1ccccc1)C1CC1)N1CCC(OC2CCCC2)CC1,7.250000000000001
CCOCCCNC(=O)C1CC(=O)N(c2cccc(OC)c2)C1,7.55
CC(C)Oc1cncc(C(=O)N2CCOCC23CCC3)c1,10.166666666666666
CCS(=O)(=O)NCCNC(=O)N(Cc1ccccc1)C(C)C,1.0
CCCCN1CCN(C(=O)c2ccc(-c3cccs3)nc2)CC1,14.55
CC(C)(F)CNC(=O)N1CCO[C@@H](CS(C)(=O)=O)C1,-4.45
CC(C)(C)CCNC(=O)c1ccc(Cl)c(NS(C)(=O)=O)c1,12.65
Cc1nc(CN2CCN(C(=O)[C@H](C)n3cncn3)CC2)cs1,20.75
Cc1cc(C)n(C[C@H]2CCCN2CC(=O)Nc2nnc(C)s2)n1,6.05
Cc1nc(CN2CC[C@@H](NC(=O)c3ccc(C#N)nc3)[C@H](O)C2)cs1,7.65
COc1cc(C)c(NC(=O)[C@H]2CC(=O)N(C3CCCC3)C2)cc1OC,17.2
Cc1ccc(C(=O)Nc2c(C)nc3scc(C)n3c2=O)cc1,11.45
COC[C@H](C)NC(=O)NC(=O)CN1CCOc2ccccc21,11.85
COc1ccc(CNC(=O)Cn2c(=O)n(C)c3ccccc32)cc1OC,-19.85
COc1ccc(CCC(=O)N2CCC3(CC2)CC(c2nc(C)no2)N(C)C3)cc1,13.35
CN(CC1COc2ccccc2O1)C(=O)CCn1cnnn1,14.1
CCOc1ccc(C(=O)N(C)C)cc1NCc1ccc(O)cc1,-15.9
C[C@H](NS(=O)(=O)N1CCOCC1)c1ccc(C#N)cc1,5.15
CCOc1ccc(NC(=O)CCN2C(=O)c3ccccc3S2(=O)=O)cc1,10.95
CCc1ccc(C(=O)N2CCC[C@H](n3nc(C)nc3C)C2)s1,9.95
CC(C)NCC(O)COc1cccc2ccccc12.Cl,12.75
C[C@H](NC(=O)NC1CCN(c2ncccn2)CC1)c1nncn1C,13.4
C[C@H]1COCCN1C(=O)CN1C(=O)COc2ccc(Cl)cc21,7.5
CCc1ncnc(NCCCc2n[nH]c(N)c2C#N)c1F,-10.70138
CCn1cc(C#N)c(=O)n(Cc2cc(-c3ccc(C)cc3)no2)c1=O,11.15
CCN(CC)CCOc1ccc(C(=O)N2CCO[C@H](c3nc(C)n[nH]3)C2)cc1,3.7
CCOc1ccc(C(=O)Nc2ccc(OC)cc2OC)cc1,0.7
CC(=O)N1C[C@@H]2CC[C@H](C1)N(C(=O)c1nn3cc(C)cnc3c1Cl)C2,5.15
CCS(=O)(=O)CCNC(=O)Cc1cncn1Cc1ccccc1,-19.35
O=c1n(CCSc2nccn2Cc2ccccc2)nc2ccccn12,-0.2000000000000001
Cc1nc(C)n([C@H]2CCCN(C(=O)c3ccccc3F)C2)n1,-20.0
CCCN1C[C@]23C=C[C@H](O2)[C@H](C(=O)NCCc2csc(N)n2)[C@@H]3C1=O,16.1
COc1nc(C(=O)Nc2cccc(C(=O)N3CCOCC3)c2)cc2ccccc12,24.25
C[C@]1(NC(=O)COc2ccc(Br)cc2F)CCS(=O)(=O)C1,8.3
Cc1nnc(CC(=O)N2Cc3ccccc3N(C)C[C@@H]2C)o1,0.5333333333333327
CC(C)CCNC(=O)c1cccc(S(=O)(=O)N2CCOCC2)c1,-0.1500000000000003
CCC(Oc1cc(C)ccc1Cl)C(=O)NCC1CCCO1,4.45
CN1C(=O)COc2ccc(C(=O)N3CCCNC(=O)[C@@H]3Cc3ccccc3)cc21,10.0
CCCN1C(=O)[C@H]2CC[C@@H]1CN(C(=O)Cc1csc(SCC)n1)C2,12.6
Nc1nc(=S)c2ncn(C3OC(CO)C(O)C3O)c2[nH]1,79.30000000000001
O=C(CC1CCCC1)NCC1CCCN(C(=O)C2CC=CC2)C1,10.5
Cc1oc2ncn(C)c(=O)c2c1C(=O)Nc1ccc(-c2ccno2)cc1,4.949999999999999
CC(C)(N)C(=O)N1CCCC(N2CCN(c3cccc(Cl)c3)CC2)C1.Cl.Cl,8.049999999999999
CC(C)[C@H](NC(=O)NCC(C)(C)N1CCOCC1)c1ccc(F)cc1,4.6499999999999995
COc1cccc2c1ccn2CCNC(=O)C1CCC1,-0.4500000000000002
CCCNC(=O)CN1CCN(c2cnn(Cc3ccccc3)c(=O)c2Cl)CC1,-3.85
COCCC(=O)N1CCCC(c2nc(CCOc3ccc(F)cc3)no2)C1,16.0
CC1CCN(c2nnc(SCC(=O)NC(N)=O)n2Cc2ccco2)CC1,-19.55
NC(=O)CCOc1ccc(NC(=O)NCc2ccc(C3CC3)cc2)cc1,-3.4000000000000004
CONC(=O)c1ccc(Cn2nnc3ccccc32)cc1,16.9
COCc1cccc(C(=O)N2CCC[C@H](S(=O)(=O)N3CCOCC3)C2)c1,-1.6
Cc1n[nH]c([C@@H]2CN(C(=O)CCc3c(C)noc3C)CCO2)n1,15.433333333333335
CN(C(=O)c1cnn(-c2ccccc2)n1)c1ccccc1,12.0
Cc1nc2c(c(N3CCN(CCOCCO)CC3)n1)Cc1ccccc1OC2,15.65
CN(C(=O)c1csc(Cc2ccccc2)n1)c1nccs1,5.300000000000001
CCc1ccc(C(=O)N2CCC(C3CCN(S(C)(=O)=O)CC3)C2)cc1,17.950000000000003
CCNC(=O)C(C)N1CCN(c2ccc(Cl)cc2)CC1,10.55
O=C(c1cc2ncccn2n1)N1CCCC2(CCCO2)CC1,15.6
O=C1NC2(CCCCC2)C(=O)N1Cc1ccc(Br)cc1,-1.0
CCc1ccccc1NS(=O)(=O)c1cc2c(cc1C)n(C)c(=O)n2C,9.95
Cc1nn(C)c2ncc(NC(=O)NC[C@H]3CCCO3)cc12,6.1
CN(C(=O)CN1CN(c2cccc(F)c2)c2ncccc2S1(=O)=O)c1ccccc1,12.85
CNC(=O)c1ccc(S(=O)(=O)Nc2cccc(S(=O)(=O)Nc3ccccc3OC)c2)cc1,-0.5500000000000003
COCc1cccc(C(=O)N2Cc3ccccc3C[C@H]2c2nnc(C)o2)c1,2.6999999999999993
Cc1cccc(N2CCN(C(=O)COc3ccc(F)cc3)CC2)c1,-2.8
NC(=O)CCOc1ccccc1NC(=O)c1cc(Cl)ccc1F,17.0
CC[C@H](C)c1ccc(NC(=O)CN2CCC(C(=O)N3CCCCCC3)CC2)cc1,102.8
COc1ccc(-c2noc(CN3CCCCC3CCNC(C)=O)n2)cc1,16.85
C[C@H](NC(=O)N1CCN(c2ccccc2)CC1)c1nncn1C,-22.15
COc1cc(OC)c2cc(CCCNC(=O)[C@@H]3CSCN3C(=O)C3CCC3)[nH]c2c1,-14.55
C[C@H](NC(=O)c1cn(C2CCNCC2)nn1)c1ccccc1Br,-14.3
COc1ccc(C(=O)NCc2ccc3c(c2)CCN3C(C)=O)cc1,10.45
Cn1ncc(N2CCC(C(=O)Nc3ccc4nc(-c5ccccc5)oc4c3)C2)cc1=O,15.95
C#Cc1cccc(N(C(=O)c2ccccn2)C(C)C)c1,15.5
CC(C)c1ccc(NC(=O)c2cccc(N3CCCS3(=O)=O)c2)cc1,16.95
CC(C)Oc1cncc(C(=O)NC2(c3ccccc3)COC2)c1,0.5
Cc1cccc(NC(=O)c2cc(-c3cccnc3)on2)c1,12.2
COc1ccc(CN2CCNC(=O)C2CC(=O)N(C)C)c(OC)c1,9.2
CCC(=O)N1CCc2cc(CNC(=O)c3ccc(OC)c(OC)c3)ccc21,11.95
COc1ccc(S(N)(=O)=O)cc1C(=O)Nc1cccc(Br)c1,-4.75
CN(C)c1nsc(N2CCCn3nc(C(O)c4ccnn4C)cc3C2)n1,5.1000000000000005
CN(C)S(=O)(=O)N1CCC[C@H](S(=O)(=O)N2CCc3ccccc32)C1,-15.5
Cc1ccc(F)cc1S(=O)(=O)N1CCCC[C@@H]1CN.Cl,-2.6500000000000004
CCCNC(=O)c1cc2nc(-c3ccc(OCC)cc3)cc(C)n2n1,9.8
Cc1csc([C@@H]2CN(Cc3nnsc3Cl)CCO2)n1,-10.5
CC(C)[C@H](C)NS(=O)(=O)c1ccc2c(c1)OCCCO2,-3.25
Cc1nocc1COc1cccc(C(=O)NCCO)c1,-23.75
CCN(Cc1cccs1)C[C@H]1CN(c2ccccc2)C(=O)O1,-2.7
CCCCNC(=O)C1CCN(C(=O)c2ccc(NC(=O)C(C)C)cc2)CC1.O=C(O)C(F)(F)F,10.65
Cc1ccc(NC(=O)N2CCC(N3CCN(Cc4ccc(F)cc4)C3=O)CC2)cc1F,3.45
COc1ccc(S(=O)(=O)N(C)CC(=O)N2CCCc3cc(OC)ccc32)cc1,-17.099999999999998
CCOc1ccc(-n2ccc(=O)c(C(=O)Nc3c(C)n(C)n(-c4ccccc4)c3=O)n2)cc1,19.6
CC(C)c1ccc(CNCCN2CCCCC2CO)cc1,59.45
COc1ccc(S(=O)(=O)N(C)c2ccc(C(N)=O)cc2C)cc1,9.25
CN1CC(=O)N(C[C@H](O)COc2ccc(Cl)cc2Cl)C1=O,5.9
Cc1ccc2c(c1)N(C(=O)Cn1cccc(S(=O)(=O)N3CCCC3)c1=O)CCO2,1.15
Cc1ccc(N2CCN(C(=O)c3cnn(C)c3)CC2=O)cc1,12.45
CC(=O)Nc1ccc(-n2ccc3c(cnc4nc(C)nn43)c2=O)cc1,7.05
CC(C)C(=O)NCCNc1ccc(-c2ccccc2)nn1,-14.2
N#C[C@@H](C(=O)CN1C(=O)CCc2ccccc21)c1nc2ccccc2o1,103.3
Cc1nc(-c2ccc(S(=O)(=O)N[C@H]3CCN(C)C(=O)C3)cc2)co1,14.1
O=C(CCCN1C(=O)c2ccccc2C1=O)Nc1cccc(-c2cnco2)c1,-1.5000000000000002
C[C@@H](C(=O)Nc1cccc(NC(=O)c2ccc3c(c2)OCO3)c1)n1cccc1,-44.5
O=C(C1=C(O)C(=O)N(CCCN2CCOCC2)[C@@H]1c1ccc(F)cc1)c1ccc(F)cc1,-2.9
COc1cc(S(=O)(=O)N(C)Cc2ccccc2)ccc1NC(C)=O,7.45
CCOc1ccc(C2CC(=O)Nc3c2cnn3C(C)C)cc1,4.75
Cc1cccc(C)c1OC[C@H](O)CSc1nnc(N)[nH]1,-4.9
CCCCn1c(=O)[nH]c(O)c(C2=NN(C(C)=O)C(c3ccc(OCC)cc3)C2)c1=O,24.6
CCN(CCO)CCNC(=O)Cc1csc(-c2ccccn2)n1,3.0999999999999996
Cn1ccc(CN[C@@H](C(N)=O)c2cccc(Br)c2)c1,4.5
CC(C)=CCC[C@]1(C)C=Cc2c(O)c3c(c(CC=C(C)C)c2O1)O[C@]12C(=C[C@@H]4C[C@H]1C(C)(C)O[C@@]2(C/C=C(/C)C(=O)O)C4=O)C3=O,99.65
CC(C)NC(=O)CCc1ccc2c(c1)OCO2,-3.45
Cc1ccc(C(C(=O)N2CCN(c3ccncc3)CC2)N(C)C)cc1,17.900000000000002
Cc1cccc(OCCN2CCCn3c2nc2ccccc2c3=O)c1,12.45
COc1ccccc1CCNS(=O)(=O)N1CCC[C@H](C)C1,-1.3
CCCCNC(=O)C1(NC(=O)c2cc(N(C)CCOC)ccn2)CCCCC1,3.1500000000000004
COC1(C(=O)N2CCO[C@H](c3ccccc3C)C2)CS(=O)(=O)C1,13.55
CC(C)c1nccn1[C@H]1CCCN(C(=O)c2ccc(N(C)C)nn2)C1,3.05
CC(=O)N1CCN(CCNC(=O)C(C)(C)NC(=O)Nc2ccccc2)CC1,-3.566666666666667
Cn1c(=O)c2c(nc(Cl)n2Cc2cn3cc(Cl)ccc3n2)n(C)c1=O,-5.15
Cc1cn2c(=O)cc(CN3CCNC(=O)C3c3ccc(F)cc3)nc2s1,5.2
CCCc1cc(NCCCN2CCOCC2)n2ncc(-c3ccccc3)c2n1,55.85
CCS(=O)(=O)c1ccccc1N(C)Cc1nc(C)cs1,-1.35
CC(=O)N1CCN(C(=O)N[C@@H](C)c2ccccc2)CCC12CCOCC2,11.05
O=S1(=O)[C@H](c2ccccc2)CCN1Cc1nc(C(F)(F)F)cs1,17.0
CCN1C(=O)C2CC3(CCN(C(=O)CN4CCCC4=O)CC3)CN2C1=O,12.65
O=C(NCc1ccc(S(=O)(=O)N2CCCC2)s1)c1ccc(Cl)cc1,-10.4
C[C@H](NC(=O)CC(C)(F)F)c1ccc2c(c1)CCC(=O)N2,-0.7000000000000002
O=C(Nc1cccc(Cl)c1)N1CCN(c2cnn3c(C4CC4)nnc3c2)CC1,83.2
CC(C)n1ccc(N[C@@H](C)c2ccccc2)n1,11.15
Cc1ccnc(NC(=O)CN2Cc3ccccc3C2=O)c1,12.5
O=C(Nc1ccc2c(c1)OCO2)c1ccc(NS(=O)(=O)c2ccc3c(c2)OCCO3)cc1,15.05
Cc1nc(SCC(=O)NCC(C)(C)N2CCOCC2)n(C[C@H]2CCCO2)c1C,4.85
COc1ccc(CN(C)C(=O)c2cccc(S(=O)(=O)N(C)C)c2)c(OC)c1,-12.366666666666667
COCCNC(=O)C1(C)CCC(=O)N1Cc1cccc(OC)c1OC,7.550000000000001
Cc1ncccc1C(=O)N1Cc2ccccc2OC2(CCN(C(C)C)CC2)C1,13.7
Cc1cc(CNC[C@H]2CC(=O)N(C3CC3)C2)cs1,-2.45
O=C(Nc1ccccn1)c1ccc(Cn2cc(Br)cn2)o1,8.149999999999999
CC1CCCCN1CCCNC(=O)Cn1c2ccccc2c2cnn(C)c(=O)c21,2.25
CN(C)S(=O)(=O)N1CC[C@@](O)(c2ccccc2)[C@H]2CCCC[C@@H]21,11.75
COc1ccnc2c1c(=O)n(CC(=O)Nc1cccc3ccccc13)c(=O)n2C,21.950000000000003
Cc1sc2nc(SCC(=O)c3ccc(O)cc3O)[nH]c(=O)c2c1C,57.099999999999994
N#Cc1cnn(C(=O)c2ncncc2Cl)c1N,0.5499999999999998
COc1cc(OC)c(C(=O)N2C[C@H]3CN(C)C[C@H]3C2)cc1OC,-13.0
Cc1nc(-c2ccccn2)sc1C(=O)Nc1ccc(N2CCOCC2)nc1,13.8
Cc1cc(NC(=O)CN2CCC[C@@H]2Cn2cccn2)n(C)n1,7.6
COCCN(CC(=O)N1CCN(c2ccc(-c3cccc(OC)c3)nn2)CC1)C(=O)c1ccc(F)cc1,16.75
CCCn1c(=O)n(CC(=O)N(C2CC2)[C@@H](C)C(C)C)c2ccccc21,-21.75
CCCO[C@H]1CCCN(c2cn[nH]c(=O)c2Cl)CC1,17.65
Cc1ccccc1NC(=O)CCN1C(=O)CSc2ccccc21,-13.61373
CCC1(N(C)C)CCN(c2nc(N)c3cc(OC)c(OC)cc3n2)CC1,7.35
CC(=O)Nc1nc(C(=O)N2CCCC[C@@H]2Cn2cccn2)cs1,-10.8
O=C(c1csc(S(=O)(=O)N2CCN(c3ccccc3)CC2)c1)N1CCOCC1,10.55
CC(C)C[C@H](N)c1nc2ccccc2o1.Cl,9.2
CCn1c(=O)c2c(nc3n(CCO)c(C)cn23)n(C)c1=O,9.75
COc1cc(C2C(C(=O)c3cnn(-c4ccccc4)c3C)=C(O)C(=O)N2CCCN2CCOCC2)cc(OC)c1OC,-4.833333333333333
COc1ccc(OCC(=O)N2CCN(c3ccccc3OC)CC2)cc1,8.75
CCNC(=O)N1CCC(c2nc(CCOc3cccc(C)c3)no2)C1,9.05
Nc1ncnc2c1c(COc1cccc(Cl)c1)nn2C1CCOCC1,13.5
COCCNC(=O)N1CCc2cc(S(=O)(=O)Nc3cccc(C)c3)ccc21,-13.65
CC1(C(=O)N2CCN(CCOc3ccccc3)CC2)CCCCO1,15.3
CCCCc1nnc(SCc2nnc(C)o2)n1N,-6.55
Cc1cc(F)ccc1S(=O)(=O)NCC[C@H]1CCNC1.Cl,-13.6
Cc1c(C(=O)NC[C@H]2C(C)(C)C2(F)F)c2ccccc2[nH]c1=O,-17.15
COCCNC(=O)[C@H](C)SCc1ccc(C(=O)N2CCCC2)cc1,11.25
CCn1ccnc1CN1CCN(c2nc(C)cs2)[C@@H](C)C1,15.6
Cl.O=S(=O)(NCC[C@H]1CCNC1)c1c(F)cccc1F,12.1
Cn1c(=O)n(CC(=O)N2CCN(S(=O)(=O)c3ccc(Cl)cc3)CC2)c2ccccc21,6.75
CCN(CC(=O)Nc1ccc(NC(C)=O)cc1)C(=O)c1ccc(Br)cc1,-11.066666666666668
Cc1cc(C)c2c(c1)CCN([C@H]1CCN(c3cnn(C)c3)C1=O)C2,1.25
CCNC(=O)c1cc(NC(=O)c2cccn3c(=O)[nH]nc23)nc2ccccc12,18.7
CC(C)(C)c1ccc(Cn2nccc2NC(=O)[C@H]2CCC(=O)N2)cc1,-10.3
CCOc1cc(S(=O)(=O)N2CC(C)OC(C)C2)ccc1Cl,7.199999999999999
CNS(=O)(=O)c1cc(C(=O)Nc2nc3ccc(OC)cc3s2)ccc1OC,12.4
COc1cc(NC(=O)NCc2cccnc2)ccc1N1CCCC1=O,22.4
C[C@@]1(C2CC2)NC(=O)N(Cc2ccc(Br)cc2)C1=O,1.85
COCc1cccc(CC(=O)N2CCCCC[C@H]2c2ncon2)c1,9.15
Cn1cc(-c2ncc(C(=O)Nc3ccccc3Cl)s2)cn1,7.3
CC(C)(C)CCC(=O)NCc1cnc2cnccn12,11.25
CC(C)Oc1ccccc1CN1C[C@@H](C(=O)N2CCOCC2)Oc2ccccc21,-3.95
CC(=O)c1cccc(NC(=O)Cn2nc3c(Oc4ccccc4C)nccn3c2=O)c1,4.25
C[C@]1(NC(=O)CNc2cc(F)cc(F)c2)CCS(=O)(=O)C1,13.45
Cc1cn2c(n1)CC[C@H](NC(=O)Cn1ccc(C(F)(F)F)n1)C2,15.95
Cc1nn(C)c(N)c1C(=O)N1CCNC(=O)[C@@H]1c1ccccc1,-19.85
COCC[C@H]1COCCN1C(=O)Cc1ccc2c(c1)OCCO2,-1.6499999999999997
COc1ccc(S(=O)(=O)N2CC(C)OCC2(C)C)cc1OC,-6.966666666666666
Cc1ccoc1C(=O)N1CCC[C@H]1c1c(C)nn(C)c1C,7.7
CCC(=O)Nc1cccc(NC(=O)COc2cc(C)ccc2C)c1,10.85
COc1cc(C(=O)NCCC2=CCCCC2)cc(OC)c1OCC(N)=O,-5.25
O=C(NN1C(=O)NC2(CCCCC2)C1=O)c1ccc(Br)cc1,0.1499999999999999
CN(CCC#N)S(=O)(=O)N1CCc2ccccc21,-9.5
CNC(=O)CCc1nc2ccccc2n(CC(=O)Nc2ccc(F)c(Cl)c2)c1=O,55.4
CSCC[C@@H]1NC(=O)c2cc(NC(=O)Cc3ccc4c(c3)OCC4)ccc2NC1=O,55.15
O=C([C@@H]1CSCN1C(=O)C1CCCC1)N1CCCc2n[nH]cc21,3.3
COCCNC(=O)c1cccc(NC(=O)N2CCSc3nc(C)cc(C)c32)c1,10.55
COc1cccc2cc(-c3ccc(O)cc3)c(=O)oc12,11.45
O=C(N[C@@H]1CC[C@@H](c2cccc(F)c2F)CN(CC(F)(F)F)C1=O)N1CCC(n2c(=O)[nH]c3ncccc32)CC1,7.949999999999999
O=S(=O)(Nc1ccccc1)[C@H]1CCCN(c2ccc3nccnc3n2)C1,-9.55
CO[C@@H](C)CCC(=O)Nc1ncc(C#N)s1,-6.25
Cc1ccc(NC(=O)N[C@H]2CCCN(S(C)(=O)=O)C2)cc1C,0.7999999999999998
C[C@H](NC(=O)NC1CCN(Cc2ccncc2)CC1)c1ccccc1F,0.75
Cc1ccc(Cl)cc1NC(=O)c1cc(S(=O)(=O)N2CCOCC2)cn1C,2.7
CSc1ccc(NC(=O)c2ccn(C)c(=O)c2)cc1Cl,9.066666666666666
CC(C)Oc1cccc(Cn2c(=O)[nH]c3ccccc3c2=O)c1,-0.7
COc1ccc(Br)c(OCC(=O)N(C)c2ccccc2)c1,5.800000000000001
CC(NC(=O)C1CCN(c2cnn(Cc3ccccc3)c(=O)c2)CC1)c1cccs1,7.9
NC(=O)c1cnc2[nH]ccc2c1N[C@@H]1[C@@H]2C[C@@H]3C[C@H]1C[C@@](O)(C3)C2,7.45
Cc1nc(-c2ccc(CCO)cc2)no1,0.25
C[C@H]1CN(c2cccc(F)c2)CCN1C(=O)c1cn2cccnc2n1,12.2
CCN(CC)S(=O)(=O)N1CCN(C(=O)c2n[nH]c3ccccc23)CC1,4.949999999999999
O=S(=O)(Nc1cccc2cccnc12)c1ccccc1F,101.35
Cn1c(-c2ccc(Cl)cc2F)nnc1N1C[C@@H]2[C@@H](CF)[C@@H]2C1,4.7
Cn1cc(S(=O)(=O)N2CCC(C(=O)NCc3cccs3)CC2)cc1C(=O)N1CCCC1,6.35
Cc1nn(CC(C)C)c(C)c1CC(=O)N1CCC[C@H](n2cncn2)C1,5.0
CC(=O)N1N=C(c2c(O)cc(C)oc2=O)CC1c1ccccc1,92.65
O=C(COc1cccc(N2CCCC2=O)c1)N1CCC[C@H](c2nnn[nH]2)C1,10.75
COc1ccccc1S(=O)(=O)N1CCC(n2c(C)ccc2C)CC1,3.3
COc1ccc(-c2cc3nn(CC(=O)Nc4cc(OC)cc(OC)c4)c(=O)n3c(C)n2)cc1,16.7
Cc1cc2c(cc1S(=O)(=O)N1CCC(C(=O)N3CCN(C4CCCCC4)CC3)CC1)OCC(=O)N2,5.75
COc1ccc(C(=O)N2CC(N3CC(F)(F)C[C@H]3CN(C)C)C2)cn1,-6.35
CC(C)n1cc(NC(=O)N2CCCC[C@H]2c2cn[nH]c2)cn1,6.5
CCN(CC)S(=O)(=O)c1ccc2c(c1)CC(C(=O)NCCSCc1ccco1)N2C(C)=O,19.15
COCCn1nc(C(=O)N[C@@H](C)c2ccc(S(C)(=O)=O)cc2)ccc1=O,2.3499999999999996
CCCC(=O)Nc1cccc(-c2nc3ncccc3o2)c1,8.45
Cc1oc(-c2ccccc2)nc1C(=O)N1CCN(S(=O)(=O)c2ccc3c(c2)OCCCO3)CC1,1.5999999999999996
CCOc1ccccc1OC1CCN(C(=O)Nc2cccc(OC)c2)CC1,6.6000000000000005
Cc1ccc2[nH]c3c(=O)n(CC(=O)NCCCN4CCCC4)ncc3c2c1,6.5
Cc1nn(C)c(C)c1[C@@H]1COCCN1C(=O)Nc1ccc(F)cc1,3.266666666666667
O=C(COC[C@H]1CCCO1)N1CCN(c2cnccn2)CC1,9.55
CC(C)c1ccc(C(=O)Nn2cnc3ccccc32)c(O)c1,83.35
Cn1ccnc1C(O)C1CCN(C(=O)c2cc3c([nH]c2=O)CCCC3)CC1,5.800000000000001
Cc1nccn1-c1ccc(NC(=O)c2cc(O)nc3ccccc23)cn1,7.9
CC(=O)Nc1cccc(NC(=O)C(C)Oc2ccc(C)cc2)c1,-6.85
COc1ccccc1[C@H](CNC(=O)CNC(=O)c1ccc2c(c1)OCO2)N1CCCCC1,9.1
O=C(CC1CCN(c2ccc3nnnn3n2)CC1)N1CCCC1,-8.85
c1ccc(-c2nn3c(c2-c2ccnc4cc(OCCN5CCOCC5)ccc24)CCC3)nc1,6.65
CC(C)c1nc(CC(=O)N2CCC[C@H](c3ccn[nH]3)C2)cs1,4.8
Cc1nn(C)c(C)c1[C@@H]1CCCN1C(=O)CCc1nccs1,9.35
CC(=O)N1CCCc2cc(S(=O)(=O)Nc3ccc(C)cc3)ccc21,-10.35
COc1c(C)[nH]cc(CN(C)[C@@H](C)c2cccc(C)c2)c1=O,12.0
CCOc1ccnc(N2CCN(C(=O)[C@H]3CCN(C)C3)CC2)n1,14.85
O=C(Nc1nccc(C(F)(F)F)c1Cl)[C@H]1CCCO1,11.8
CN(C)C1CCN(C(C)(C)CNCc2cccc(Cl)c2N)CC1,11.6
Cn1c(=O)oc2ccc(N[C@H]3CCc4cccnc4CC3)cc21,-0.8499999999999996
CN1CCC(N2CC[C@H](N(C)C(=O)NCC(F)(F)F)C2)CC1,11.75
CN(Cc1cccc(=O)[nH]1)C(=O)c1cc2c(cn1)OCCO2,-0.2999999999999989
Cc1nn(C)c(=O)c(C(=O)Nc2cnn([C@@H](C)c3ccccc3)c2)c1C,18.35
CC(=O)c1ccc(N2CCN(S(=O)(=O)c3ccc4c(c3)-c3oncc3CO4)CC2)cc1,13.7
COc1cccc(NC(=O)C2CCCCN2S(=O)(=O)c2ccc(F)cc2)c1,5.1
COc1ccc(CNC(=O)c2cc3c(N4CCCC4)nc(C)cn3n2)cc1,58.15
C[C@](O)(CC(=O)N1CCC(Cc2cccnc2)CC1)c1ccccc1,-11.1
COCCN1CCN(CCc2nc3ccccc3c(=O)[nH]2)C[C@@H]1C,1.8
COCCNC(=O)CS(=O)Cc1nc(-c2cccc(C)c2)oc1C,10.7
CCOc1ccc(N2C(=O)C3C4CCC(C4)C3C2=O)cc1,10.85
Cc1c(C(=O)Nc2ccc(-n3ncn(C)c3=O)cc2)cnn1-c1ccccn1,0.3999999999999999
COc1ccc(-c2coc3cc(O[C@@H]4O[C@H](CO)[C@@H](O)[C@H](O)[C@H]4O)ccc3c2=O)cc1,22.799999999999997
CC(C)CN1CCC[C@H]1C(=O)N1CC(n2cncn2)C1,1.95
CCC(=O)c1ccccc1OCCN1CC(C)OC(C)C1.Cl,-4.25
Cn1cc(C2=NN=C(Nc3ccc(Cl)cc3)SC2)cn1,97.0
Cc1ccc(C)c(S(=O)(=O)CCN2CCN([C@H]3CCS(=O)(=O)C3)CC2)c1,-20.435174999999997
Cn1cc(C(=O)N(C)[C@H]2CC[C@@H](C(F)(F)F)CC2)[nH]c1=O,18.799999999999997
COCCn1cc(NC(=O)N(C)C[C@H](O)C2CC2)cn1,-0.4499999999999993
CCOc1cc(CN2CCN(c3ccccc3OCC)CC2)ccc1OC,8.75
O=c1oc2ccccc2c(O)c1Cc1c(O)c2ccccc2oc1=O,83.35
O=C(CC1CCCC1)N1CCC2(CC1)CC(Cc1nc(-c3ccncc3)no1)CCO2,-3.899999999999999
CO[C@@]12CC[C@H](OCCO)C[C@@H]1N(C(=O)c1ccc(N(C)C)cc1)CC2,6.15
CCCN1CCN(C(=O)c2cncnc2C)[C@H]2CS(=O)(=O)C[C@H]21,10.0
O=C(Nc1ccncc1)Nc1ccc(NC[C@H]2CCCO2)c(F)c1,-0.5
NC(=O)c1cnc(NCCc2ccc(O)c(Cl)c2)nc1NCc1ccccc1,65.85
COC[C@H](NC(=O)CCc1c(C)nc(-c2ccncc2)[nH]c1=O)c1ccc(C)o1,4.800000000000001
CC(=O)c1nn[nH]c1Nc1nc(C)cc(C)n1,-0.3666666666666647
CCSc1nnc(NC(=O)C2CCN(S(C)(=O)=O)CC2)s1,6.5
Cc1cccc(NC(=O)COc2ccccc2C#N)c1,-16.0
Cc1cccc(N2CCN(C(=O)C3CCCN(S(=O)(=O)c4ccc5c(c4)oc(=O)n5C)C3)CC2)c1C,18.5
Nc1ccccc1S(=O)(=O)C1CCCC1,5.6
C[C@H]1CCCN(C(=O)c2ccsc2Cl)C1,-9.8
CCOc1cccc2[nH]cc(CC(=O)N[C@H](c3nccn3C)C3CC3)c12,-5.199999999999999
CN(c1ccccc1)S(=O)(=O)c1ccc(N)cc1,18.75
CCOc1ccc(CC(=O)N2CCCC(F)(c3nc(C)no3)C2)cc1,11.7
CCC(=O)N1CCN(c2ccc(Nc3cccc(C)n3)nn2)CC1,12.8
Cc1cnn(C[C@H]2CN(Cc3nc(-c4ccccn4)no3)CCO2)c1,4.15
COCCCN1C(=O)C(O)=C(C(=O)c2ccc(F)cc2)C12C(=O)N(C)c1ccccc12,13.25
CCN(C(=O)c1cc(C)cc(C)c1)[C@H]1CCS(=O)(=O)C1,-1.4500000000000002
COc1cc(-c2nc3nccc(-c4ccncc4)n3n2)cc(OC)c1OC,29.450000000000003
COc1cc(C)c([C@H](C)NC(=O)CN2CCCc3occc3C2)cc1OC,-8.35
CCOc1ccc(C(=O)N[C@@H](C)c2nnc3n2CCC3)cc1OCC,-13.6
O=C1C[C@@H](NCc2ccc(C(=O)N3CCOCC3)cc2)CCCN1,10.15
Cc1ccc(OCC(=O)NC2CCN(Cc3ccccc3)CC2)cc1,8.15
CC(C)c1cc(C(=O)Nc2ccc(F)cc2)nn1C1CCS(=O)(=O)C1,9.95
Oc1ccc(Nc2nc(-c3ccc(Cl)cc3)cs2)cc1,99.25
O=C(CCC(=O)N1CCCC(C(=O)c2ccccn2)C1)Nc1nncs1,15.05
CN(Cc1cc(-c2ccccn2)no1)C(=O)c1cccc2c1OCCO2,18.1
CS(=O)(=O)N1CCc2cc(C(=O)NCCc3cccnc3)ccc21,-1.95
Cc1c(C(=O)N(C)C)nnn1-c1cccc(Cl)c1,-3.499999999999999
O=C(c1ccc2[nH]c(C(F)F)nc2c1)N1CCOC[C@@H]1CC1CCC1,-6.95
Cc1ccc(NC(=O)Cn2nc3cc(-c4ccncc4)nc(C)n3c2=O)cc1C,2.4
O=C(COc1cccc2cccnc12)N1CCc2ccccc21,8.8
Cc1csc([C@@H]2CN(c3cc(C(C)(C)C)ncn3)CCO2)n1,10.55
C[C@@H](c1nc2ccccc2c(=O)[nH]1)N1CCSCC1,12.15
O=C(CCN1CCCO1)N1CCOC(Cc2ccc(F)cc2)C1,17.450000000000003
C#CCN1CCC(C(=O)NCc2ccc(OC(C)C)c(F)c2)CC1,20.55
COC[C@H](C)NC(=O)Nc1ccc(Br)c(OC)c1,9.1
Cc1nn(C)c(Cl)c1CN1CCC[C@H](Cn2cncn2)C1,12.15
CCN(CC)C(=O)N[C@H]1CCCOc2ccccc21,12.4
CC(C)NC(=O)CNC(=O)c1ccc2c(c1)C(=O)N(CCc1ccccc1)C2=O,11.3
Cc1cnn([C@H]2CCCN(C(=O)CN(C)c3ccc(C#N)cn3)C2)c1,0.7333333333333337
O=C(NC1=NCCS1)[C@@H]1CC(c2ccc(Cl)s2)=NO1,2.5
O=C1CC(c2nc3ccccc3n2CCN2CCOCC2)CN1c1ccc(F)cc1,14.0
CCCn1nc(C(=O)N[C@@H](CN2CCCC2=O)c2cccc(C(F)(F)F)c2)ccc1=O,-34.6
O=C(c1coc(COc2ccc3c(c2)OCO3)n1)N1CCCC1,5.65
COc1ccc(C(C)NC(=O)c2nnn3cc(C)[nH]c(=O)c23)cc1,11.05
O=C(O)c1ccc(/C=C2\SC(=S)N(c3cccc(C(F)(F)F)c3)C2=O)cc1,60.0
C/C(=N\NC(=O)c1cccc(S(=O)(=O)N2CCOCC2)c1)c1cc(Cl)ccc1O,56.349999999999994
Cc1ccc2c(NC(=O)c3cccs3)nn(C)c2n1,9.2
CCC(CC)C(c1ccc(Nc2nc3ccccc3s2)cc1)n1cncn1,77.75
O=C(NCc1ccc(Cl)s1)NC[C@H]1CCOC1,-1.8500000000000003
CC[C@]1(CO)CCCN(c2cc(C(F)F)ncn2)C1,-6.8999999999999995
CCC(CC)C(=O)N[C@H]1CCN(Cc2ccccc2)C1=O,1.1
COCc1csc(-c2ccccc2S(=O)(=O)N(C)C)n1,-12.9
CCCN(CC#N)C(=O)c1ccc(-c2nc(C)cs2)cc1,-7.25
CC[C@]1(CO)CCCN1C(=O)NCc1ccc(-n2ccnc2)nc1,14.4
CC(C)NC(=O)N1CCOc2ccc(CCC(=O)NCCCN3CCCC3=O)cc2C1,14.6
Cc1occc1CN(C)S(=O)(=O)CCO[C@H]1CCOC1,-1.5
Cc1ccc(S(=O)(=O)Nc2cc(S(C)(=O)=O)ccc2OCCCO)cc1,-3.1499999999999995
CNC(=O)c1nc(-c2ccccc2)n2c1CCN(C(=O)Cc1ccc(OC)cc1)CC2,-20.7
COc1ccc(NC(=O)C(C)(C)C)cc1-n1cnnn1,13.15
COc1ccc(C(=O)Nc2nc3ccc(S(C)(=O)=O)cc3s2)cc1,7.05
O=C(Nc1cc2c(cc1Cl)OCCO2)c1ccn2cncc2c1,-3.35
O=C(Nc1ccc(CNC(=O)n2ccnc2)cc1)c1ccco1,0.9000000000000004
CCC(=O)N1c2ccccc2CC1C(=O)NCCCOC,12.6
O=C(CN1CCC[C@H](O)C1)N1CCc2sccc2C1,-4.3999999999999995
COc1ccccc1N1CCN(C(=O)c2cccc(S(=O)(=O)N3CCCCCC3)c2)CC1,13.4
CC(C)(Cc1ccc(O)cc1)C(=O)Nc1csc(C(N)=O)c1,12.5
CC(=O)N[C@H](C(=O)Nc1nc(C)c(C)s1)C1CCCC1,-7.3
O=C(NCC(c1cccs1)N1CCOCC1)c1ccc(F)cc1,15.15
O=C(CO)N1CCC[C@H](S(=O)(=O)N2CCc3ccccc32)C1,-1.4
COc1cc(SC)ccc1NC(=O)c1ccc2nccn2c1,12.7
Cc1ccccc1Cn1ccc(=O)n(CC(=O)NCc2ccccc2)c1=O,11.2
CC(C)n1ccc(CC(=O)N[C@H]2CC23CCOCC3)n1,2.9
O=S(=O)(N[C@H]1CCOC2(CCCC2)C1)c1cnn2c1OCCC2,9.95
CCOc1ccc(-c2nnc(SCC(=O)NCCOC)o2)cc1,16.25
Cc1nn2c(Nc3ccccc3)n[nH]c2nc1=O,6.999999999999999
COc1ccccc1NC(=O)c1ccc2nc(C)cc(O)c2c1,0.35
C[C@H]1CCCN(S(=O)(=O)N2CCN(Cc3ccccn3)CC2)C1,-7.449999999999999
CC(=O)c1ccc(SCC(=O)Nc2ccn(C)n2)c(F)c1,-23.65
Cn1c2c(c(=O)n(C)c1=O)[C@@H](c1cccs1)C1=C(COC1=O)N2,4.3
CCOc1ccc(S(=O)(=O)N2CCCC(C(=O)N3CCN(c4ccccc4)CC3)C2)cc1,50.65
COc1cccc2c1c(O)c(C(=O)N(C)c1ccc(C(F)(F)F)cc1)c(=O)n2C,73.15
Cc1ccn(C(C)CC(=O)Nc2ccc(F)cc2)n1,11.6
CCn1c(SCc2cc(=O)n3ccsc3n2)nc2sc(C)c(C)c2c1=O,-9.05
CCNCCNC(=O)c1c(O)c2cc(OC)c(OC)cc2[nH]c1=O.Cl,-9.966666666666669
Cc1cccn2c(=O)c3cc(C(=O)NCc4cccs4)n(C)c3nc12,10.45
CN1CCO[C@@H](CNCc2ccc(Br)cc2F)C1,-8.319514999999999
CCc1nc([C@H]2CCCN(C(=O)c3c[nH]c(C(C)C)n3)C2)no1,19.166666666666668
COc1cc2ncn(CCC(=O)NCc3ccccc3)c(=O)c2cc1OC,-1.2
Nc1ccc(Oc2ccc(C(c3ccc(Oc4ccc(N)cc4)cc3)(C(F)(F)F)C(F)(F)F)cc2)cc1,95.6
O=c1cnc2ccccc2n1CCSc1ccccc1F,10.85
CCCOC1CCCN(C(=O)c2nn(C)cc2Cl)C1,7.2
Cc1cccc(-n2cc(C(=O)N3CCN[C@@H](C)C3)nn2)c1.Cl,16.05
O=C(c1cnn2ccccc12)N1CCCC1c1ccc(F)cc1,15.35
CS(=O)(=O)N[C@H]1CCCN(Cc2csc(-c3ncccn3)n2)C1,-9.6
Cc1nc(C)n([C@H]2CCCN(C(=O)c3ccc(F)cc3Cl)C2)n1,4.0
COc1ccc(C(=O)Nc2ccc(C)cn2)c(OC)c1,16.1
Cc1ccsc1-c1cccc(NS(=O)(=O)CCCC#N)c1,-20.05
Cc1cc(=O)n(CC(=O)NCC2CC(=O)N(C3CCCC3)C2)nc1C,1.8499999999999996
CCCCN(C)S(=O)(=O)NCc1nc(-c2ccccc2F)cs1,4.55
C[C@@H](CNC(=O)c1ccnc(N(C)C)c1)N1CCc2sccc2C1,-3.3499999999999996
C[C@@H](c1cccc(NC(=O)c2ccccc2)c1)N(C)C(=O)C1=COCCO1,12.2
COc1ccnc(Nc2c(C)nn(-c3ccccc3)c2C)n1,-13.4
Cc1oc(C(C)C)cc1C(=O)N1CCCC(OCc2ccccn2)C1,18.15
O=C(COc1ccc(F)cc1)N[C@H]1Cc2c(C(=O)NCc3ccccc3)cnn2C1,23.200000000000003
CC[C@H]1c2ccsc2CCN1CC(=O)N1CCNC(=O)C1,3.95
c1cncc([C@H]2NCCc3nc[nH]c32)c1,2.95
Cc1csc(N(C(=O)c2ccc3c(c2)OCCO3)C2CC2)n1,2.6500000000000004
Cc1cccc(-n2ncc3c(NCCCOC(C)C)ncnc32)c1,1.2
CCOc1cccc(NS(=O)(=O)c2ccc3c(c2)OCCO3)c1,11.0
O=S1(=O)CCC(S(=O)(=O)Nc2ccc(Br)cc2)C1,20.4
CCNC(=O)c1cccc(NC(=O)c2ccc(CSC)o2)c1,15.733333333333334
Cc1nc(C)n(C[C@H]2CCCN(Cc3cscn3)C2)n1,-23.39867
COCCN1C(=O)CC(CC(=O)N2CCN(c3nc(C)cnc3C)CC2)(c2ccccc2F)C1=O,6.5
CC(=O)C(C)Sc1nc2c(c(=O)n(C)c(=O)n2C)n1Cc1ccc(C)cc1,-16.85
O=C(CSc1nnc(N2CCOCC2)n1Cc1ccccc1)NCc1ccc2c(c1)OCO2,0.6499999999999999
CCOc1nnc(CN2CCC[C@H]2c2c(C)nn(C)c2C)s1,5.55
CCC(=O)Nc1ccc(-n2cnc(C(=O)N3CCN(c4ccc(C(C)=O)cc4)CC3)c2)nc1,15.9
Cc1csc([C@@H]2CCCCN2C(=O)c2cn[nH]c2C)n1,-11.1
CC(CCc1ccco1)N(C)S(=O)(=O)c1ccc2[nH]c(=O)ccc2c1,14.05
CCn1c(N)c(C(=O)CN(C)[C@@H](C)c2cccs2)c(=O)[nH]c1=O,-21.2
O=C(Nc1ccncc1)c1cccc(CNC(=O)c2ccc(Cn3ccccc3=O)o2)c1,12.6
C[C@H]1CN(C)c2ccccc2CN1C(=O)c1ccc(-n2cnnc2)cc1,15.3
CCN(C(=O)CN1CCC[C@H](c2nc(=O)[nH][nH]2)C1)c1nc2ccccc2s1,12.95
CCCOc1ccc(C(=O)C2=C(O)C(=O)N(CCCN(C)C)C2c2ccc(OCC)cc2)cc1,-18.1
C[C@H]1CN(c2cn[nH]c(=O)c2Cl)Cc2ccccc2O1,-4.949999999999999
COc1ccc(S(=O)(=O)N2CCOCC2)cc1C(=O)NC(C)(C)C,15.3
O=C1CC(CNC2CCN(c3ccccc3Cl)CC2)CN1C1CCCC1,24.25
CCOc1cc(C(=O)N[C@H]2CCCN(c3ncccn3)C2)on1,8.3
COc1ccc(C(=O)N2CC(c3ncc(C)n3Cc3cccnc3)C2)c(OC)c1,11.95
CCN(CC)C(=O)Cn1cnc2c(cnn2-c2ccccc2)c1=O,-2.766666666666667
COc1ccc(OCCNC(=O)CN(C)Cc2nnc(C)n2C)cc1,2.35
CC(C)c1nnc(C2CC3(CN(C(=O)C4(C)CC4)C3)CN2C)o1,14.0
O=C(Nc1ccc(-c2csc(N3CCOCC3)n2)cc1)c1ccncc1,-1.3000000000000005
CS(=O)(=O)CCN1CCC[C@H](c2nc3ccccc3o2)C1,-10.65
CN(CC1CCN(CCO)CC1)C[C@H](O)Cn1cccn1,-23.136584999999997
CSc1nc(-c2ccccc2)ccc1C#N,0.1
CCc1nc2ccccc2n1CC(=O)NCCC(=O)N(C)C,-3.65
CC(=O)N1c2ccccc2C2(O)N=C(c3ccccc3)SC12,3.85
COc1ccc2c(c1)c1nc(SCC(=O)N3CCC(C)CC3)n(C)c(=O)c1n2C,14.1
CNC(=O)[C@@H]1CCCCN1C(=O)Cc1csc(-c2ccccn2)n1,-0.5499999999999999
COc1ccc(Cn2nccc2NC(=O)COc2ccc(C#N)cc2)c(OC)c1OC,6.75
Cn1cc(NC(=O)c2cn(Cc3ccccc3)c(=O)c3ccccc23)cn1,12.3
O=C(COc1ccc2ccccc2c1Br)Nc1ncccc1O,58.349999999999994
COc1c([C@@H]2CCCN2C(=O)c2ccoc2)c(C)nn1C,-37.35
Cn1ncc(Cl)c1-c1cc(C(=O)N[C@H](CN)Cc2cccc(F)c2)sc1Cl,51.900000000000006
COc1ccc(CN2CCCC(CN3CCOCC3)C2)c(Cl)c1OC,15.25
Cc1cnn(C[C@H]2CCCN2C(=O)c2cc(CC(C)C)n[nH]2)c1,1.5999999999999996
CNC(=O)c1cc(S(=O)(=O)NCc2ccc(-n3cccn3)cc2)cn1C,20.6
CN(Cc1ccc(C(F)(F)F)cc1)C(=O)c1csc2cncn12,11.0
Cn1ncc(Cl)c1C(=O)NC1CCCN(c2ncccn2)C1,10.1
CC(=O)N1N=C(c2ccco2)C[C@H]1c1ccc(C)cc1,-7.15
CCc1nn(Cc2cc(=O)c(O)co2)c(=O)c(C#N)c1CC,5.0
COc1ccc(-c2nn3c(CN4CCCCCC4)nnc3s2)cc1OC,11.1
CCN1N=C(c2ccccc2)Cn2c1nc1c2c(=O)n(CC)c(=O)n1C,-6.0
COC[C@H](C)NC(=O)Nc1ccc(OC)c(OC)c1,-3.25
O=C(NCC1(Cn2ccnc2)CC1)N1C[C@H]2C[C@H](O)[C@@H](O)C[C@H]2C1,6.85
CC(C)C[C@H](C)N(C)Cc1nc2c(cnn2C)c(=O)[nH]1,-3.3499999999999996
CCC(=O)c1ccc(OCC(O)CN2CCN(c3ccc(C)cc3C)CC2)cc1,52.2
CCc1noc(C)c1NC(=O)N1CCCC[C@H]1c1cn[nH]c1,2.1
C[C@H]1CCN(C)c2ccccc2N1C(=O)c1ccc2nccn2c1,-6.95
COc1ccccc1C1=NS(=O)(=O)N(C)C(C(=O)Nc2ccc(C(C)=O)cc2)=C1,15.7
CNC(=O)c1ccc(S(=O)(=O)N2CCCCC2CC(N)=O)cc1,16.35
COCCCNc1ccc(S(C)(=O)=O)cc1S(C)(=O)=O,2.9000000000000004
COc1ccsc1C(=O)N1CCC[C@H](n2nc(C)cc2C)C1,-9.8
COc1cc(OC)c(C2=CCN(C(=O)c3cnn(C)c3)CC2)c(OC)c1,2.0999999999999996
COc1cc(Br)ccc1CCCN(C)CC#N,-7.300000000000001
COc1cc(CN2C[C@@H](C)CN(C)c3ccccc32)cc(OC)c1OC,-0.5
O=C(CCn1cnnn1)N1CCCC(OCc2cccnc2)C1,15.35
CCS(=O)(=O)N1CCc2ccc(NC(=O)NCCc3ccccc3)cc21,12.1
CN1C(=O)CCN(C(=O)Cc2cccc(F)c2F)c2ccccc21,-8.7
CC(C)CN1CC(=O)N2CCN(C(=O)c3n[nH]c(=O)c4ccccc34)CCC2C1=O,11.05
CS(=O)(=O)c1ccc(CNC(=O)N[C@H]2CCc3ncnn3C2)cc1,-10.95
CC(C)C(=O)N1C[C@H]2CN(C(=O)C3CCOCC3)C[C@@]2(C(=O)N2CCCC2)C1,44.93333333333334
O=C1CC(NS(=O)(=O)N2CCCCC2)CN1CCCc1ccccc1,9.2
CCOc1ccc(C2C(C(=O)c3ccccc3)=C(O)C(=O)N2CCN2CCOCC2)cc1,-3.1666666666666665
COc1ccc(-c2nccn3cc(C(=O)NCCCN4CCN(C)CC4)nc23)cc1,-27.450000000000003
CCOc1ccc(NC(=O)c2cnc3c(c2)c(=O)n(C)c(=O)n3C)cc1,8.85
CCn1nc(CN2CCC(CNC(=O)CC3CCCCC3)CC2)c2c1CCOC2,11.55
CC(=O)N[C@@H]1CN(C(=O)c2ccc(C)cc2)C[C@H]1CO,8.9
COc1cc(CC(=O)N2CC3(C2)CC(C)(O)CO3)cc(OC)c1,15.85
O=C1C2CCCCC2C(=O)N1c1ccccc1F,12.65
CCC[C@@H]1NC(=O)N(CC(=O)N(c2ccccc2)C(C)C)C1=O,1.1999999999999995
CC(=O)Nc1ccc(S(=O)(=O)N2CCC(CC(=O)NCCCOC(C)C)CC2)cc1,18.299999999999997
COc1cc(NC(=O)c2ccc3c(c2)CCN3C(C)=O)cc(OC)c1OC,21.45
Cc1nc(C(=O)NC2CCCN(Cc3cccs3)C2)cs1,6.75
O=C(NCCCOCC(F)(F)F)Nc1ccccc1F,13.25
O=S(=O)(c1cccc(C(F)(F)F)c1)N1CCn2nncc2C1,-0.8499999999999996
Cn1nc2ccccc2c1C(=O)N1CC[C@H](O)CC12CCC2,-3.1500000000000004
CCOCC(=O)N1CCN(c2nc3c(s2)c(C)nn3-c2ccc(OC)cc2)CC1,63.349999999999994
COc1ccc(C)cc1NC(=O)n1ncc2ccccc21,3.4
COc1ccc(C(=O)Nc2cccc(NC(=O)c3ccco3)c2)cn1,4.133333333333334
CNC(=O)C1CCN(S(=O)(=O)Cc2ccccc2C)CC1,10.3
CCC(=O)c1ccc(OCC(O)CN2CCOCC2)cc1,9.9
Cc1nc([C@@H]2CCCN2Cc2csc(CC(=O)N(C)C)n2)no1,-31.7
Cc1cc(C)n(C[C@H]2CCCCN2C(=O)c2ccco2)n1,-1.6999999999999995
COCCCN1CCC[C@H]1c1cccs1,12.05
O=C(O)/C=C/c1ccc(O)c(O)c1,14.35
C[C@H](NC(=O)NCc1ccn(C)c1)c1ccc(-n2ccnn2)cc1,9.5
C[C@H]1CCCCN1Cc1ccccc1CNC(=O)CCC(=O)N1CCOCC1,-5.399999999999999
Cc1nc(C)c(CCC(=O)Nc2ccccc2Cl)c(=O)[nH]1,11.45
CC(C)[S@](=O)c1ccc(C(=O)Nc2cc(Cl)c(=O)n(C)c2)cc1,-14.55
CCCn1cc(NC(=O)NCC(c2ccc(C)o2)N2CCOCC2)nn1,13.85
C[C@@H](C(=O)Nc1ccccc1Br)N1CCCCC1,-3.75
COc1ccccc1N1CCN(C(=O)CN2C(=O)COc3ccc(S(=O)(=O)N4CCCC4)cc32)CC1,8.35
COc1ccc(-c2nc3c([nH]2)CCN(C(=O)CCCNC(C)=O)C3)cn1,6.65
CCOc1ccc(CC(=O)N(C)c2nccs2)cc1,-7.699999999999999
Cc1cnn([C@H]2CCN(C(=O)c3cncnc3-c3ccccc3)C2)c1,-18.25
CNC(=O)NC(=O)COc1ccc(Br)cc1Cl,8.15
CNC(=O)c1ccc(Nc2nn3c(=O)c4ccccc4nc3s2)cc1,12.5
O=C(c1ccco1)N1CCN(c2cc(=O)n3nc(-c4ccccc4)sc3n2)CC1,36.15
CN(C(=O)c1cccc2ncccc12)c1ccccc1S(C)(=O)=O,-30.8
Cl.O=S(=O)(NC[C@H]1CCCN1)c1cccc(F)c1,17.4
CCn1cnnc1CNC(=O)N[C@@H](C)c1cc(OC)ccc1OC,16.3
O=C(CNC(=O)C1CC1)N[C@H](c1ccncc1)c1cc2ccccc2o1,-1.0
NCCOB(c1ccccc1)c1ccccc1,101.1
CC(C)S(=O)(=O)c1ccc(C(=O)Nc2nccc3ccncc23)cc1,1.45
CCNC(=O)N1CCCC[C@H]1c1nc(-c2ccccc2)no1,-10.4
COCC1CCCN(S(=O)(=O)N2CCC(Cc3ccccc3)CC2)C1,4.6499999999999995
COc1cccc(CNC(=O)N2CC(OCc3ccccc3F)C2)c1OC,36.4
COc1ccc(-c2noc(CNC(=O)N3CCCC(C#N)C3)n2)cc1OC,11.65
O=C1CN(C(=O)Cc2ccc(F)cc2)CCN1,-14.05
Cc1ccc(C(=O)N2CCc3nc4cc[nH]n4c(=O)c3C2)s1,2.5
CN(CC1CCOC1)S(=O)(=O)c1ccccc1,5.35
CCCNS(=O)(=O)c1ccc2c(c1)CCN2C(=O)CCC(=O)N1CCOCC1,1.6499999999999997
CC(C)c1nccn1[C@H]1CCCN(C(=O)CCc2ccncc2)C1,-10.15
Cc1cc(N2CCN(C(=O)c3ccc([S@](C)=O)cc3)CC2)nc(C(C)C)n1,-22.1
Cc1ccc(C)n1-c1c(C(=O)Nc2cnn(C(C)C)c2)cnn1C,4.1499999999999995
C[C@@H](C(=O)N1CCc2nc(N(C)C)sc2C1)c1ccccc1,-10.85
O=C1OCCN1c1cccc(C(=O)N2CCc3ccccc32)c1,3.8
CCC1CCN(CCNc2ncc(C#N)c(N)n2)CC1,4.1
O=C1NCCCN1c1cccc(C(=O)N2CCOC[C@@H]2CC(F)F)c1,3.55
Cc1c(CC(=O)N2CCN(c3cccc(Cl)c3)CC2)c2c(=O)n(C)c(=O)n(C)c2n1C,18.1
Cc1nn(C)c2nc(-c3cccs3)cc(C(=O)N[C@@]3(C)CCS(=O)(=O)C3)c12,4.6
Cc1ccc(-n2cnnc2S[C@@H](C)C#N)c(C)c1,13.9
C[C@@H](CNC(=O)Cc1cccc(F)c1)CN1CCN(C)CC1,2.3000000000000007
O=C(Nc1ccc2nccn2c1)c1ccn(-c2ccc(F)cc2)n1,-15.75
CC1CCCC(C)N1CCCNC(=O)c1ccc(CN2CC(=O)N3CSCC3C2=O)cc1,21.6
NS(=O)(=O)Nc1cccc(CNC(=O)CCCc2nc3ccccc3c(=O)[nH]2)c1,7.35
C[C@H]1Cc2ccccc2N1Cc1ccoc1C(=O)N1CCCNCC1,-7.7
CN([C@@]1(C#N)CCOC1)S(=O)(=O)c1ccccc1Br,0.1499999999999999
O=S(=O)(Nc1ccn(Cc2cccnc2)n1)c1cccc(Cl)c1,10.1
Cc1nnc(NCCc2cccnc2)c(C#N)c1C,6.25
COc1cccc2c1N(Cc1oc(=O)oc1C)CCC2,3.1999999999999997
O=C(CC1COC2(C1)CN(C(=O)Cn1cccn1)C2)N1CCCC1,4.800000000000001
CC(C)CN1CCO[C@@H](CNC(=O)Nc2ccc3c(c2)OCO3)C1,-1.7
CCc1ccc([C@H](CO)Nc2ncccn2)cc1,7.2
C[C@H]1CN(C(=O)c2ccc(-n3ccnc3)nc2)CC(C)(C)O1,11.75
Cc1cc(NC(=O)c2cnn(-c3ccc(F)cc3)c2C)n(C)n1,6.3
O=C([C@@H]1[C@H]2[C@@H]3CC[C@@H](C3)[C@@H]12)N1CCN(c2nc[nH]n2)CC1,4.1
CC(C)C(=O)NCC(=O)N1CCN(c2ccc(Cl)cc2)CC1,-0.8000000000000003
CCn1cc(NC(=O)c2cc(-c3cccc(Cl)c3)no2)ccc1=O,7.35
NC(=O)Nc1cccc(NC(=O)c2ccn(-c3ccc(F)cc3)n2)c1,13.15
CN(CC#N)C(=O)Cc1ccc2c(c1)CCC2,-14.25
CNC(=O)c1ccc(NC(=O)NC[C@@H](O)Cc2cccc(Cl)c2)c(OC)c1,23.4
CC(C)[C@@H]1N(C(=O)c2ccnn2CC(F)F)CC12CCOCC2,8.6
N#Cc1ccc(NS(=O)(=O)c2ccc(F)cc2F)cc1,55.55
COc1ccc(C(=O)N2CCC[C@H](S(=O)(=O)N3CCOCC3)C2)cn1,-3.1333333333333333
CS(=O)(=O)N(c1ccc(OCCNC(=O)c2ncccn2)cc1)S(C)(=O)=O,8.266666666666666
CCc1cccc(NC(=O)N2CCC3(CC2)CN(c2ccccc2)C3=O)c1,53.95
COc1cccc([C@@H](O)C(=O)Nc2cc(C)ccc2NC(C)C)c1,-7.25
CCc1nc(CCNC(=O)c2ccccc2OC)sc1C,3.85
COCCN(C)CCNC(=O)[C@H]1CC(=O)N(c2cccc(Cl)c2)C1,-1.25
Cc1nc[nH]c1CNCCCc1ccc(C(C)C)cc1,101.3
Cc1nc(CN2CC[C@@H](NC(=O)c3ccncc3)[C@H](O)C2)cs1,8.6
CO[C@@]12CC[C@H](OCCO)C[C@@H]1N(C(=O)c1ccc(Cl)cc1C)CC2,-5.25
COc1cccc(CN2C[C@@H](Oc3ccccc3)C[C@H]2C(N)=O)n1,10.95
Cc1ccc(CNC(=O)N2CCCN(c3ccncc3C)CC2)cc1,20.8
Cc1nn(C)c(C)c1[C@@H]1COCCN1S(=O)(=O)CCC1CC1,1.7999999999999998
Cc1ccc2c(NS(=O)(=O)c3ccccc3Cl)cccc2c1Oc1ncccc1-c1ccnc(N[C@H]2CCCNC2)n1,58.2
CC(C)C[C@@H](C#N)NC(=O)c1csc(-c2cnn(C)c2)n1,13.5
CCN(CC)S(=O)(=O)c1nnc(NC(=O)c2cccc(Br)c2)s1,73.05
CC(C)N1CCCC(C(=O)NCCc2ccc(S(N)(=O)=O)cc2)C1,15.8
CCc1cccc(OCc2ccc(C(N)=O)cc2)c1,-8.45
CNC(=O)Cn1cnc2c(c(C)c(C)n2-c2ccc(C)cc2)c1=O,9.1
Cc1nn(C)c(C)c1CNC(=O)N1CCO[C@@H](Cc2ccccc2)C1,-5.2
COc1ccc(CC(=O)Nc2ccc(C#N)cc2)cc1OC,0.3333333333333333
Cc1nn(CCCCCn2cnc3ccccc32)c(=O)c(C#N)c1C,-26.6
O=C(NCCc1cccs1)c1ccc(S(=O)(=O)NCc2ccco2)cc1,2.45
COc1ccccc1N1C[C@@H](C(=O)NN2CCOCC2)CC1=O,-0.9500000000000002
Cc1nn(C)c2[nH]c(C(=O)NC[C@@H]3OCCN(C)[C@H]3c3ccccc3)cc(=O)c12,-3.65
Cc1ccc(S(=O)(=O)N(C)c2ccc(C(=O)NCCCN3CCCC3)cc2)cc1,32.2
COc1ccc(O)c(NC(=O)c2cc(C#N)c[nH]2)c1,1.866666666666667
CN1CCCC[C@@H]1CN1CCN(c2ccc(C#N)cn2)CC1,-9.45
Cc1noc(CN2CCCn3nc(C(O)C4CCC4)cc3C2)n1,8.3
O=C(Nc1cccc2ncccc12)c1ccsc1,4.6
NC(=O)Cc1csc(NC(=O)c2c[nH]c3ccc(Br)cc23)n1,84.4
CC(C)N(C)S(=O)(=O)c1ccc(C(=O)NCc2c[nH]cn2)cc1,-5.550000000000001
COc1c(Cl)c(/C(Cl)=N/O)c(OC)c2c1OCO2,-3.45
COCc1cc(C(=O)N(C)[C@@H](C)c2ccc3ccccc3c2)no1,-9.75
COc1ccc(NC(=O)c2ccc3c(c2)N(C)C2CCCN2C3=O)cc1OC,0.7
CCc1ccc2nc(NC(=O)[C@H]3CCS(=O)(=O)C3)sc2c1,-14.25
Cc1ccc(CN2CCC([C@H](O)c3nccn3C)CC2)nc1,-4.8999999999999995
O=C(NC[C@H]1CCCO1)N1CCN(Cc2ccco2)CC1,-3.1999999999999997
Cc1nc2scc(C3CC3)n2c1CN[C@H](CCO)c1ccccc1,3.15
CCOc1ccc(S(=O)(=O)N2CCC(C(=O)NCCOC)CC2)cc1Cl,25.05
CCN(CC(=O)NC[C@@H]1CC=CCC1)C1CC1,-0.9500000000000002
O=S(=O)(Nc1ccc(C(O)(C(F)(F)F)C(F)(F)F)cc1)c1cccs1,38.05
O=c1oc2cc(Cl)ccc2n1CN1CCN(Cc2ccc3c(c2)CCO3)CC1,-4.450000000000001
C[C@H](NC(=O)N1CCN(c2cccc(Cl)c2)CC1)C(=O)NCc1ccccn1,12.6
N#Cc1cccc(S(=O)(=O)N[C@H]2CCN(CC(F)(F)F)C2)c1,1.6
CC(=O)N1c2ccc(S(=O)(=O)N3CCCCC3)cc2CC1C(=O)NCc1ccccc1F,10.1
CCN(C(=O)c1ccc(F)cc1F)[C@H]1CC(=O)NC1=O,17.35
Cc1nc(C#N)c(N)nc1NCc1cccc(Cl)c1,2.55
O=C(NCc1ccc(F)cc1)N[C@@H]1c2ccccc2C[C@@H]1O,12.033333333333331
COCCOCc1nc(C2CCCN2C(=O)c2ccccc2F)no1,7.2
CCn1ncc(C(=O)N2CCCC(N(CCCN3CCOCC3)C(C)=O)C2)c1C,-3.4000000000000004
O=C(Nc1ccc2c(c1)OCCO2)N1CCC(CCOc2ccc(F)cc2)C1,-0.5
O=C(CN1CCCS1(=O)=O)N[C@H](c1ccccc1)c1cc2ccccc2o1,-0.5499999999999998
CCN1CCN(C(=O)[C@H](C)N2CCC3(CCOCC3)CC2)CC1,-4.766666666666667
O=C(NC1(c2ccccc2)CC1)c1c(CN2CCC(N3CCCCC3)CC2)c(-c2cccc(C(F)(F)F)c2)nc2cc(Br)ccc12,85.9
COc1ccc(NC(=O)Cn2sc3ccccc3c2=O)cc1OC,100.9
CS(=O)(=O)N(Cc1cccnc1)C1CCCN(C(=O)C2(c3ccccc3)CC2)C1,6.9
Cc1cc2ncc(C(=O)N(C)Cc3ccccc3)c(C)n2n1,3.4000000000000004
O=c1c2ccccc2sn1-c1nccs1,100.85
Cc1ccc(C)c(OC(C)C(=O)NC2CCCC2)c1,14.75
COc1ccc(-c2ncc(C(=O)N3CCCC3)s2)cc1,-0.1500000000000003
CN(C)S(=O)(=O)c1ccc2c(c1)CCN2Cn1ncc(Cl)c(Cl)c1=O,-10.5
COc1cc2c(cc1C(=O)Nc1ccc(C(C)=O)cc1)OCCCO2,19.200000000000003
COc1ccc(-c2cnc(COc3cccc(C(=O)NC[C@H](C)O)c3)o2)cc1,-3.65
O=C(c1csc(Cl)c1)N(c1ccccn1)C1CCCC1,11.7
CCN1CCN(C(=O)c2nc(-c3nn(-c4ccc(C)cc4)c(=O)n(C)c3=O)no2)CC1,21.85
COc1cccc(N2CC(C(=O)NC3CCCCC3)CC2=O)c1,27.5
CN(Cc1ccc2c(c1)OCO2)Cc1cscn1,6.6000000000000005
NS(=O)(=O)c1ccc(NC(=O)CCC(=O)[O-])cc1,100.65
Nc1ncn(CC(=O)N[C@H]2CCCOc3ccccc32)n1,2.3
CNC[C@H]1CCCN1C(=O)c1cccn(Cc2cccc(C)c2)c1=O,-2.8000000000000003
CN1CC2(CCN(C(=O)C3CCCN3C3CCNCC3)CC2)OC1=O.Cl.Cl,14.0
COc1ccc(C(=O)Nc2ccc(-n3cnnn3)cc2)cc1,18.35
O=C(Nc1ccc2[nH]c(=O)[nH]c2c1)c1cncn1-c1ccc(F)cc1,4.300000000000001
CCOc1ccnc(N2CCN(C(=O)[C@H](C)n3cncn3)CC2)n1,5.45
CCn1c(=O)[nH]c(=O)c2cc(C(=O)N3CCN(C(=O)N4CCCCC4)CC3)cnc21,1.4000000000000004
COC[C@@H]1CCCN1C(=O)NCc1nc(-c2ccc(OC)c(OC)c2)no1,7.5
CCOCCCNC(=O)NC1CCN(c2nc3cccnc3n(Cc3ccc(C)cc3)c2=O)CC1,8.7
Cc1nccc(N2CCCC[C@H]2C(=O)NC(C)(C)C)n1,-17.25
CC(C)c1ccc(OCC(=O)Nc2ccc3c(c2)N(C)C(=O)CO3)cc1,5.15
Cc1cc(C)n(C[C@@H](C)CNC(=O)c2cccnc2O)n1,2.9499999999999997
Cl.N[C@@H]1[C@H](C(=O)NCc2nc(Cc3ccccc3)no2)[C@@H]2C=C[C@H]1C2,-1.9499999999999993
NC(=O)[C@H]1CCN(C(=O)c2cc(Br)cnc2C2CC2)C1,13.25
CC(C)NC(=O)CCCc1nc(-c2ccccc2)no1,23.95
O=C(NCCCN1CCCCCC1)C1CCN(S(=O)(=O)c2cccc3nsnc23)CC1,9.7
Fc1ccc2c(c1)OCCN2Cc1noc(-c2ccsc2)n1,6.85
COc1cccc(Cn2c(=O)c(C#N)c3n(c2=O)CCC3)c1,3.2
O=C(CN1C[C@H](O)C[C@H](O)C1)N1CCC(Cc2ccccc2)CC1,-2.0999999999999996
Cc1noc(C)c1CCC(=O)N[C@H]1CCOc2ccccc21,-3.0999999999999996
CC1(C)C[C@]1(C#N)NC(=O)C1CC(F)(F)C1,9.6
CC1(C)CC(NC(=O)CCc2nc(-c3ccncc3)no2)CCO1,9.25
O=C(N[C@H]1CCc2ccccc21)N1CCOCC1,11.7
CC(C)(C)c1cnc(CN2CCC[C@@H]2Cn2cccn2)o1,-18.3
CC(C)CN(CCc1ccccc1)C(=O)CCc1nccn1C,6.1
O=C(Nc1cccc(Oc2cccnn2)c1)c1cnn2ccccc12,0.6499999999999999
CC(C)(C)[C@H](NC(=O)CN1CCCS1(=O)=O)c1cccs1,19.3
COCc1nc(C2CCCN(C(=O)Nc3ccc(OC)cc3C)C2)no1,5.1
CCn1cnc2cc(NC(=O)c3cc(OC)c(OC)c(OC)c3)ccc2c1=O,-1.75
Cc1ccc(N2CC(C(=O)Nc3nnc(CC(C)C)s3)CC2=O)cc1,12.35
CC(=O)Nc1ccc(F)c(NC(=O)c2cc(N(C)C)ccn2)c1,-14.55
COc1cc(OC)c2[nH]c(C(=O)NCc3ccc(OC)nc3)cc2c1,1.3
CSc1cccc(NC(=O)c2cc(S(=O)(=O)N3CCCC3)cn2C)c1,13.2
COC1CCOC2(CCN(C(=O)NCc3ccc(F)cc3)CC2)C1,10.35
Cc1cc(N2CCN([C@@H](C)C(=O)NCc3ccc(F)cc3)CC2)nc(C(C)C)n1,10.25
O=C(Nc1ccccc1Cl)N1CCN(c2cc(-n3ccnc3)ncn2)CC1,12.1
COCCCNC(=O)Cn1nc(-c2ccc(SC)cc2)ccc1=O,24.65
O=C(Nc1cccc(-c2ccccc2)c1)N1CCC(C(=O)N2CCCC2)CC1,1.95
C[C@H](NC(=O)CNC(=O)c1ccccc1F)c1ccc(-n2ccnc2)cc1,-2.3499999999999996
CC(C)(C)c1cc(C=C(C#N)C#N)cc(C(C)(C)C)c1O,86.05
O=C(Nc1ccccn1)c1cncn1-c1ccccc1,-11.1
CCc1ccc(NC(=O)CN2CCCN(Cc3cccc(F)c3)S2(=O)=O)cc1,14.75
CS(=O)(=O)c1cccc(NC(=O)CN2CCC[C@H]2c2ccc3c(c2)OCCCO3)c1,6.05
O=C(N[C@@H](Cc1ccccc1)CN1CCOCC1)c1ccc2nncn2c1,-1.5
COc1ccc([C@@H]2CCCN2C(=O)c2cc(OC)c(OCC(N)=O)c(OC)c2)c(OC)c1,-2.9
C[C@@]1(C2CC2)COCCN1C(=O)CN1CCCCS1(=O)=O,7.6
CC(C)[C@H](CNC(=O)c1csnn1)N1CCOCC1,4.5
CCN(CCNC(=O)CN1C(=O)COc2ccc(S(=O)(=O)N3CCCCCC3)cc21)c1ccccc1,6.25
COc1ccc(CN(C)Cc2ccc(C(=O)N3CCCC3)cc2)c(OC)c1,-1.5
O=C(Cc1ccc2c(c1)OCCO2)NC[C@H]1CCCO1,8.05
CCN1CCC[C@@H]1CNC(=O)c1cc(O)nc2ccccc12,5.25
CN(Cc1ccc(Cl)cc1Cl)C(=O)c1ccn(C)c(=O)c1,5.5
O=C(c1cc(=O)[nH]c2ccccc12)N1CCN(c2ccccn2)CC1,22.6
COc1ccc(OC)c(NS(=O)(=O)c2cc(CN3C(=O)c4cccnc4C3=O)ccc2OC)c1,5.5
Cc1ccccc1C(=O)Nc1ccc(C(=O)N2CCCC(N(C)C)c3ccccc32)cc1,11.1
Cc1occc1-c1nnc(SCC(=O)c2cccc(N3CCCC3=O)c2)o1,12.35
CCC(=O)Nc1ccc(Nc2ncnc3ccc(S(C)(=O)=O)cc23)cc1,0.0499999999999998
CC[C@H](NC(=O)NCc1nncn1CC)c1cccc(Cl)c1,-1.7000000000000002
Cc1ccc2c(c1)N(CC(=O)NCCCN1C(C)CCCC1C)C(=O)c1cccnc1O2,10.2
NC(=O)c1ccc(NC(=O)c2cc3ccccc3oc2=O)cc1,4.9
Cc1cnc(NS(=O)(=O)c2cccc3ncccc23)s1,-4.9754795
CONC(=O)CN1C(=O)N[C@@]2(CCCc3ccccc32)C1=O,0.7
COc1ccc2c(C)c(CC(=O)Nc3ccc4c(c3)C(=O)N3CCC[C@H]3C(=O)N4)c(=O)oc2c1OC,4.85
O=C(Nc1ccc(Cl)cc1)N1CCN(c2cc(-n3cccn3)ncn2)CC1,51.35
CS(=O)(=O)N(CC(=O)Nc1ccc(F)c(Cl)c1)c1ccc2c(c1)OCO2,9.95
COCCOc1ccccc1C(=O)N1CCC[C@H](c2ccn[nH]2)C1,-17.9
Cc1n[nH]c(C)c1SCC(=O)Nc1cccc(F)c1,2.6
CC[C@H](CO)Nc1nc(NCc2ccccc2)c2ncn(C(C)C)c2n1,12.85
COc1ccc(C)cc1NC(=O)NCCSc1nncn1C,12.4
Cc1csc([C@@H]2CCCCN2C(=O)c2cn(CC(N)=O)nn2)n1,-9.55
CN[C@H]1CCCN(S(=O)(=O)c2ccccc2Br)C1.Cl,-13.266666666666666
Cn1cc(N2C[C@@H](C(=O)N3CCC34CCOCC4)CCC2=O)cn1,11.8
Cc1cc(N2CCN(C(=O)Cc3ccc(F)cc3)CC2)nc(N2CCCCC2)n1,7.050000000000001
Cn1cc(CCC(=O)N2CCC[C@H](n3cccn3)C2)cn1,-7.65
CNS(=O)(=O)c1ccc(N2CCC[C@H](c3noc(C)n3)C2)nc1,13.85
Fc1ccc(-c2cnn3c4c(cnc23)CCC4)cc1,4.5
C[C@@H](c1cnccn1)N1CCC(Nc2cccnn2)CC1,11.9
N#Cc1ccc(CSCC(=O)Nc2ccccc2CN2CCC(O)CC2)cc1,-11.7
O=C(N[C@H]1CCS[C@H]2CCC[C@@H](C(=O)O)N2C1=O)[C@@H](S)Cc1ccccc1,21.6
Br.Cc1ccc(C(=O)Cn2c(NCCCO)nc3ccccc32)cc1,0.4000000000000003
Cc1c(C(=O)NCC2CC(=O)N(C3CCCC3)C2)n[nH]c1-c1ccccc1,7.5
Cc1ccc2c(c1)NC(=O)c1cc(S(=O)(=O)N3CCOCC3)c(N3CCOCC3)cc1O2,13.75
Cc1cnn(CCC(=O)N2CCC[C@H]2c2cnn(C)c2)c1,5.15
CS(=O)(=O)NC[C@H]1CCCCN1Cc1cc(=O)n2cc(Cl)ccc2n1,6.65
CC[C@H](O)CN1CCN(C(=O)c2coc(Br)c2)CC1,-0.7000000000000002
CCN(Cc1nc(C2CC2)no1)Cc1ccc(C#N)cc1F,13.8
Cc1nn(CC(C)C)c(C)c1S(=O)(=O)N(C)C[C@H](O)C1CC1,3.5
CC(=O)N[C@@H](c1cccc(S(C)(=O)=O)c1)c1ccc(F)cc1F,-33.75
Cc1nnc(C2CCCCCN2C(=O)c2cccnn2)o1,8.7
COc1ccc(C(=O)N[C@@H]2CN(c3ncccn3)C[C@H]2CN(C)C)cc1OC,4.05
O=C(c1ccccc1)N(c1ccccn1)c1ccccn1,-9.2
CCN(CC)S(=O)(=O)c1ccc2nc(NC(=O)c3ccc4c(c3)OCO4)sc2c1,-0.3500000000000005
O=C(C1=C(O)C(=O)N(CCCN2CCOCC2)C1c1ccc(Cl)cc1)c1ccco1,10.15
CNS(=O)(=O)c1cc(-c2cc(C(=O)Nc3ccccc3)n[nH]2)ccc1OC,1.6
Cn1c(=O)[nH]c(=O)c2c1nc(NCCO)n2CC(O)COc1ccccc1Cl,-14.95
CC(C)NC(=O)C1CCN(c2nc3ncn(CC(=O)Nc4ccc5c(c4)OCO5)c(=O)c3s2)CC1,11.0
Cl.O=S(=O)(NC[C@H]1CCCNC1)c1cccc(Cl)c1Cl,10.35
CCNC(=O)c1ccc2c(c1)n(Cc1cccc(OC)c1)c(=O)c1ccnn12,4.9
Cc1ccc(-n2ccnc2)c(C(=O)Nc2ccc3c(c2)N(C(N)=O)CC3)c1,10.95
O=C(Nc1cccc(N2CCOC2=O)c1)c1ccc2ccccc2n1,4.766666666666667
CN1[C@@H](CS(=O)(=O)NCCNc2ccccc2)CCS1(=O)=O,-13.2
CCCCN1C(=O)c2ccc(C(=O)Nc3ccc(S(C)(=O)=O)cc3)cc2C1=O,17.3
COc1ccc(CNC(=O)c2nn(C)c(=O)c3ccccc23)cc1OC,22.55
CS(=O)(=O)c1ccc(NC(=O)c2cc(Cl)c3c(c2)OCO3)cc1,-1.3
CC[C@H](NCC1(C)OCCCO1)c1ccc(F)cc1,-15.7
C[C@@H](c1nc(N)nc(N(C)C)n1)N(C)Cc1ccccc1Cl,-2.5
Cc1cccc(NC(=O)[C@H]2CCCN(Cc3nc(C)c(C)s3)C2)n1,13.3
Cn1cc(N2CCN(c3ncnc4c(F)cccc34)CC2)cn1,3.899999999999999
Cc1ccc2oc(=O)n(S(C)(=O)=O)c2c1,5.45
C[C@H]1CNCCN1S(=O)(=O)c1ccc(F)cc1Br.Cl,-2.8999999999999995
COc1ccc(-c2cc(C(=O)NCCc3ccncc3)n(C3CCS(=O)(=O)C3)n2)cc1,10.15
CCCCn1c(CCNC(=O)CCC)nc2ccccc21,18.549999999999997
COc1c(Br)cc(Cl)cc1S(=O)(=O)NC[C@H]1CCCO1,-15.587962
COc1cc(N2CCC(N)CC2)ccc1Nc1ncc(Cl)c(-c2c[nH]c3ccccc23)n1,100.65
Cc1cc(C)c(CNC(=O)NC[C@H]2CCCN2C)c(=O)[nH]1,-15.3
O=C(Cn1nc2c(cc1=O)CCCC2)N1CCC(c2noc3cc(F)ccc23)CC1,17.2
CCS(=O)(=O)N1CCC(NC(=O)c2ccccc2C(=O)c2ccc(C)cc2)CC1,-0.7000000000000001
CCOc1ccc(CN2CCN(S(=O)(=O)c3ccc4c(c3)OCCO4)CC2)cc1,-1.1500000000000004
Cc1cccc2nc(C(=O)N3CCOc4ccccc4[C@@H]3CO)cn12,-1.5
CN[C@@H](C)C(=O)N[C@H](C(=O)N1CCC[C@H]1C(=O)N[C@H]1c2ccccc2C[C@H]1OCC#CC#CCO[C@@H]1Cc2ccccc2[C@@H]1NC(=O)[C@@H]1CCCN1C(=O)[C@@H](NC(=O)[C@H](C)NC)C1CCCCC1)C1CCCCC1,65.05
CN(C)S(=O)(=O)c1ccc(C(=O)Nc2ccccc2C(=O)NCc2ccco2)cc1,23.7
COCCC1(c2noc(-c3cccnc3)n2)CCCN(C(=O)c2ccoc2)C1,8.05
Cn1cc(C(N)=O)cc1C(=O)NCc1cccnc1OCC(F)F,-13.4
CN1CCN(CCNC(=O)c2nn(-c3ccc(Cl)cc3)c3c(=O)n(C)cnc23)CC1,24.45
Cc1nc(C(=O)N2CCN(C3CC3)c3ccc(Cl)cc32)co1,8.8
C[C@H](NC(=O)c1ccc(CCNS(C)(=O)=O)cc1)c1ccccc1F,9.9
Cc1c(CN(C)C(=O)/C=C/C2=CNC3=NC(=O)CCC3=C2)oc2ccccc12,96.55
CCNc1c(NC(=O)Nc2ccc(OC)cc2)c(=O)oc2ccccc12,13.65
CN1CCCC[C@@H]1CCC(=O)Nc1ccc(-n2cncn2)nc1,11.85
Cn1c(C(=O)NCCNC(=O)C2CC(=O)N(c3ccccc3F)C2)cc2ccccc21,12.55
CCn1cc(NC(=O)c2cc(NC(=O)C(C)C)ccc2Cl)c(C(N)=O)n1,2.4499999999999997
C[C@H](NCc1c(Br)nc2n1CCOC2)C1CCC1,5.85
Cc1ccc(F)c(C(=O)N2CCOCC(CN(C)C)C2)c1Cl,-5.15
CCN(CC)CCNC(=O)[C@H]1CCCN(C(=O)c2ccco2)C1,10.8
O=C(NCC1CN(CC2CCN(CC3CC3)CC2)C(=O)CO1)c1ccc(F)cc1,10.2
CC(C)(CNC(=O)N[C@H]1CCC(=O)NC12CCC2)c1ccncc1,12.4
O=C(CSc1nc2ccccc2[nH]1)NC(=O)NC1CC1,3.65
CC[C@H](C)NC(=O)CCc1nc2ccccc2c(=O)[nH]1,2.25
CCCCC(=O)Nc1nonc1-c1ccc(OCC)cc1,14.3
Cc1cc([C@H]2CCCN(C(=O)c3cccnc3NC(C)C)C2)n[nH]1,-4.9
Cc1cccc(NC(=O)c2ccc3c(c2)N(C)C2CCCCN2C3=O)c1,1.75
O=C(Cn1nc2c(cc1=O)CCCCC2)Nc1ccc(Cl)cc1,11.0
COCCNc1ccc(CNC(=O)N2C[C@H](C)OC3(CCCCC3)C2)cc1,12.0
CCS(=O)(=O)c1ccc(Cl)c(C(=O)N2CCN[C@@H](C)C2)c1,12.65
CC(C)c1ccc(OCC(O)CN2CCN(c3ccccc3F)CC2)cc1.Cl.Cl,50.1
Cc1ccc(CNC(=O)CN2N=C(c3ccccc3)CCC2=O)cc1,9.1
N#CCc1ccc(NC(=O)C2CCCN(S(=O)(=O)c3cccs3)C2)cc1,19.2
CC(=O)Nc1ccc(S(=O)(=O)[C@H]2CS(=O)(=O)C[C@@H]2NCC(C)C)cc1,10.6
Cc1nn(CCC(=O)NCCn2[nH]c(=O)c3ccccc3c2=O)c(C)c1C,8.3
CCOCCCNC(=O)Cn1ncn2c(cc3cc(F)ccc32)c1=O,12.4
COc1ccc(S(=O)(=O)N(C)c2ccsc2C(=O)NCc2ccc3c(c2)OCO3)cc1,2.0
COc1ccccc1CN(C)C(=O)c1ccccc1NC(=O)c1ccco1,-17.3
CC(=O)N1CCCc2cc(S(=O)(=O)N3CCCC(C(=O)NC(C)C)C3)ccc21,-14.5
O=C(c1cc2c(=O)n3ccccc3nc2s1)N1CCN(Cc2ccc3c(c2)OCO3)CC1,9.2
COC1([C@H](C)NC(=O)c2cnn3c2CCC3)CCC1,-11.0
CC(C)COc1ncccc1C(=O)N1CCC[C@H](n2cncn2)C1,-8.533333333333333
Cc1cccc(NC(=O)c2ccc(=O)n(CCOc3ccccc3)n2)n1,-2.0500000000000007
COc1cc(NC(=O)N2CCN(c3cc(-n4ccc(C)n4)ncn3)CC2)cc(OC)c1,53.5
CO[C@H]1CC[C@@]2(OC)CCN(C(=O)C3(c4ccc(Cl)cc4)CCC3)[C@H]2C1,13.35
CCn1ncc2cc(Br)cnc21,3.649999999999999
COCCCn1c(C(=O)NCc2ccccc2)cc2c(=O)n3ccccc3nc21,17.2
Cc1nc(-c2ccccc2)oc1C(=O)Nc1ccc(N2CCN(C)CC2)cn1,-5.65
COc1ccc(NC(=O)C2CCCN(S(=O)(=O)c3cn(C(C)C)cn3)C2)cc1,7.050000000000001
CCN(CC)c1ccc(NS(=O)(=O)c2cnc3ccc(F)cc3c2)cn1,9.7
Cc1cc(C)n(CC(=O)N2CCC[C@H]2c2c(C)nn(C)c2C)n1,15.25
COCCN1CCN(CCOc2cccc(F)c2)C[C@@H]1C,-0.4000000000000003
O=C(NC1CCCC1)N1C2CCC1Cn1c(nn(Cc3ccccc3)c1=O)C2,42.06666666666667
Cc1csc(N(C(=O)c2ccc(-n3cncn3)c(F)c2)C2CC2)n1,9.0
O=C(NCCc1cccc(F)c1)N[C@H]1CCS(=O)(=O)C1,-9.55
O=C(Cn1ccnc1)N[C@H]1CCCOc2c1ccc(Cl)c2Cl,14.766666666666667
Cc1cc(CN2CCCC(N(CCN3CCOCC3)C(=O)C3CC3)C2)n(C)n1,10.4
O=C(Nc1ccc(-n2cc[nH]c2=O)cc1)c1occc1-c1ccccc1,-1.9499999999999995
Cn1c(CN(C[C@H]2CCOC2)C2CC2)cc(=O)n(C)c1=O,4.7
O=C(c1cnn2cccnc12)N1CCO[C@H](c2ccccc2)CC1,5.050000000000001
O[C@@H](CN1CCN(Cc2ccc(-n3ccnc3)nc2)CC1)C1CC1,9.25
CCOCc1cccc(NC(=O)c2cc(C)nc(NC)n2)c1,6.75
O=C(NCCCCn1ccccc1=O)Nc1cccc(Cl)c1F,24.5
COCCOc1ccc(S(=O)(=O)Nc2cccc(C(=O)Nc3ccccn3)c2)cc1,10.45
C[C@H](NC(=O)NC1CCCC1)c1ccc(S(C)(=O)=O)cc1,0.6499999999999999
Cc1ccc(N2CCn3c2nc2c3c(=O)n(CCCO)c(=O)n2C)cc1,4.75
Cl.O=C(NCCc1nccc(-c2ccccc2)n1)N1C[C@H]2CC[C@@H](C1)NC2,21.549999999999997
CCc1nc([C@@H]2CCCN2C(=O)Cc2cnn(C)c2)no1,23.85
CCNC(=O)C1CCN(c2nc3ncn(CC(=O)Nc4ccc(OCC)cc4)c(=O)c3s2)CC1,9.3
CCOc1ccc(NC(=O)CCn2c(=O)n(C)c3ccccc32)cc1,16.1
Cn1ccnc1C(NC(=O)CCCc1cn[nH]c1)C1CC1,5.7
CCn1ccc(C(=O)N2CCCC(C)(c3noc(C4CCOCC4)n3)C2)n1,8.45
COCC1(CNC(=O)N2CC[C@H](N3CCCS3(=O)=O)C2)CCC1,-12.35
C[C@H](NC(=O)c1cccc2c1OCO2)c1nnnn1C1CC1,-7.2
COc1ccc(NC(=O)CN(C)S(=O)(=O)c2ccc3c(c2)C(C)(C)C(=O)N3C)cc1,13.85
Cc1nnc(C(C)C)n1[C@@H]1C[C@H]2CC[C@@H](C1)N2CC[C@H](NC(=O)C1CCC(F)(F)CC1)c1ccccc1,8.05
C[C@H]1CN(C(=O)Cc2ccsc2)CCO1,4.85
Cc1nc(CN2CCC[C@H](NCc3csc(C)n3)C2)no1.Cl,-0.7500000000000004
COc1ccc(OC)c(CNC(=O)Nc2ccc(NC(=O)c3ccco3)cc2)c1,-11.85
O=C(N[C@@H]1COCC[C@@H]1OCC1CC1)c1c[nH]c2c(F)cccc2c1=O,19.55
Cc1ccc(C)c(Cn2cc(S(=O)(=O)N3CCCC3)ccc2=O)c1,7.65
NS(=O)(=O)Cc1cccc(C(=O)N2CCC[C@H]2C2CCCC2)c1,-9.85
Cl.Cl.c1ccc2sc(CN3[C@@H]4CC[C@H]3[C@H]3CNC[C@H]34)nc2c1,-1.4500000000000002
Cc1cc(C)n(-c2ccc(C(=O)N3CCC[C@H]3c3ccccn3)cn2)n1,-29.549999999999997
Cc1c(C(=O)NC2CC2)sc2nc3n(c(=O)c12)CCCCC3,-17.65
COc1ccccc1-n1c(=O)[nH]c(O)c(C2=NNC(c3ccc(OC)c(OC)c3OC)C2)c1=O,15.35
O=C(NCc1n[nH]c2c1CCCCC2)c1nc2ccccc2[nH]c1=O,16.0
COc1cccc(C(=O)N2CCN(c3nc4ncccc4o3)CC2)c1,15.1
COc1ccc(N2CC(C(=O)N(C)C)CC2=O)cc1,7.9
Cc1nc(-c2ncccn2)sc1C(=O)NC[C@H]1CCCO1,-10.6
CC1Cc2cc(NC(=O)c3ccc4c(=O)n(C)cnc4c3)ccc2O1,17.6
O=C(CN1CCN(CCO)CC1)N1CCC[C@H]1c1cccs1,-12.65
CC(=O)c1ccc(N(CN2C(=O)c3ccc(Br)cc3C2=O)C(C)=O)cc1,12.85
COCC(C)NC(=O)C1=CC(c2ccc(F)cc2)=NS(=O)(=O)N1C,12.0
COc1ccc(C)cc1NC(=O)c1ccc(N2C(=O)C(C)CS2(=O)=O)cc1,11.55
Cc1cc(NC(=O)[C@]2(c3ccccc3)CCCO2)c[nH]c1=O,0.6499999999999999
Cc1ccsc1CN1CCC(CN2CC(C(=O)N3CCOCC3)CC2=O)CC1,6.5
CCCC(NC(=O)c1cc(Cl)ccc1OC)c1nccn1C,21.0
Nc1nc(C2CCOC2)cc(N2CCC(CCN3CCCC3=O)CC2)n1,15.65
Cc1ccc(-c2nnc3sc(NC(=O)C(C)C)nn23)cc1F,78.25
CC(=O)c1ccc(N2CCN(C(=O)NC(C)C3=CCCCC3)CC2)cc1,17.450000000000003
COC[C@@H]1CN(C(=O)c2ccc(F)c(F)c2)C[C@H]1C(N)=O,5.1
O=[S@@](Cc1ccc(-n2cccn2)cc1)C1CCCCC1,7.85
CNC[C@H]1CCCN(S(=O)(=O)c2cccc(Br)c2)C1.Cl,5.5
CNC(=O)CCN1CCC=C(c2ccccc2)C1,-8.55
O=C(Nc1nnc(-c2ccccc2)o1)c1cccc(S(=O)(=O)N2CCOCC2)c1,54.9
COc1ccccc1-c1nnc(CN2c3ccccc3OC[C@@H]2C)o1,6.9
COc1cccc(C2C(C(=O)Nc3ccc4cc[nH]c4c3)CC(=O)N2C)c1,19.049999999999997
NS(=O)(=O)NCCNc1nonc1/C(=N/O)Nc1ccc(F)c(Br)c1,9.65
CC(C)(C)c1nnc(NC2CCCC2)[nH]c1=O,-10.55
Cc1ccc2cccnc2c1S(=O)(=O)NC(=O)[C@H]1CC1(C)C,6.9
CCCN(Cc1ccc(Br)cc1)[C@H]1CCS(=O)(=O)C1,-13.75
Cc1nc(C)c(CCC(=O)N(C)CCOc2cccc(Cl)c2)c(=O)[nH]1,-2.0
CNC(=O)[C@@H]1CN(CCOc2ccccc2OC)c2ccccc2O1,6.4
CONC(=O)[C@H](C)SCc1nc2scc(-c3ccccc3)c2c(=O)[nH]1,-19.15
CNC[C@H]1CCCN(S(=O)(=O)c2ccc(Cl)c(C(F)(F)F)c2)C1.Cl,-6.3
CC[C@H](NC(=O)C1=NN(C)C(=O)CC1)c1ccc(OC)cc1,1.3
Cc1ccc(CNC(=O)c2cc(Cl)c3c(c2)OCO3)n1C,-12.45
CCCCn1c(=O)[nH]c(O)c(C2=NN(C(C)=O)C(c3ccc(Br)cc3)C2)c1=O,65.05
Cc1cc(NC(=O)NC[C@@H](c2ccco2)N2CCCCC2)no1,-13.0
Nc1ncc(S(=O)(=O)NCCCOC[C@H]2CCCO2)cn1,-23.0
COc1ccc(NC(=O)Nc2ccc(F)cc2F)cc1,-2.4
Cc1sc(NC(=O)CN2CCOCC2)nc1-c1ccccc1,7.199999999999999
COc1ccc(C2=NN(C(=O)Cn3cnc4c3c(=O)n(C)c(=O)n4C)[C@H](c3ccco3)C2)cc1,10.1
Cn1cnc2c1CCN(C(=O)c1cccc(CO)c1)C2,5.55
O=C(NC[C@@H](c1cccs1)N1CCOCC1)c1ccoc1,21.1
Cn1c(=O)c(N2CCN(C(=O)Nc3cccc(C(F)(F)F)c3)CC2)nc2cccnc21,97.05
Cc1noc([C@@H]2CN(Cc3c(Cl)n[nH]c3C)CCN2C)n1,-9.9
O=C(c1cn(-c2ccccc2)nc1-c1ccccc1)N1CCN(C(=O)N2CCCC2)CC1,3.55
FC(F)CN1CCN(Cc2nc(-c3cccs3)no2)CC1,-1.75
Cc1ccnc(NC(=O)c2sc(-n3cccc3)nc2C)c1,41.4
COc1ccccc1CNC(=O)c1ccc2c(c1)OCC(=O)N2,-0.75
Cc1cc(C)n(C[C@H]2CN(c3ncnc(N)c3Cl)CCO2)n1,11.8
Cc1nc(NC(=O)CC[C@H]2CCCO2)sc1C,-29.3
COc1ccc(C(=O)Nc2cccc(OCc3cc(=O)n4oc(C)cc4n3)c2)cc1OC,6.25
CCCCNC(=O)C1Cc2cc(S(=O)(=O)N(CC)CC)ccc2N1C(C)=O,17.1
Cc1ccc(CN(CCO)C(=O)Cc2cc(F)c(C)cc2F)o1,-16.75
O=C(C1CCS(=O)(=O)C12CCN(S(=O)(=O)c1ccccc1)CC2)N1CCOCC1,11.9
O=C(Nc1ccc(O)cc1F)c1cc[nH]c1,-10.7
CC(C)[C@@H](C(=O)Nc1ccc2nnc(C3CCC3)n2c1)N1CCCS1(=O)=O,10.15
COc1cc(C(=O)Nc2cc(C)c3nc(N)sc3c2)ccn1,22.65
Nc1ccc(-c2coc3cc(O)ccc3c2=O)cc1,4.65
NC(=O)c1cc2ccccc2o/c1=N\c1ccccc1,14.7
COc1ccc(N(Cc2cccs2)C(=O)c2ccc(O)nc2)cc1,22.9
Cc1cc(O[C@@H](CCC(F)(F)F)c2ccc(C(=O)NCCC(=O)O)cc2)cc(C)c1-c1ccc(C(C)(C)C)cc1,99.45
Cc1ncsc1C(=O)Nc1cncc(Cl)c1Cl,-4.7
COc1ccccc1NC(=O)Cn1nc2c3cc(F)ccc3[nH]cc-2c1=O,19.3
CCOc1ccccc1NC(=O)c1ccc(S(=O)(=O)NC2CC2)cc1,10.55
Cc1ccc([C@H](CNCc2c(C)nn(C)c2N(C)C)N(C)C)cc1,8.766666666666667
O=C(C[C@@H]1C(=O)Nc2c(Br)cccc21)NCC1CCC1,99.55
O=C1c2ccccc2C(=O)N1Cc1cn2ccccc2n1,18.200000000000003
Cc1cc(S(=O)(=O)N2CCC[C@H](Oc3ncccc3F)C2)sc1C,7.0
CN1C(=O)Cc2cc(S(=O)(=O)N3CCCC(c4nnc(C(=O)Nc5ccccc5)s4)C3)ccc21,58.8
C[C@@H]1C[C@@H](NC(=O)CCn2cnccc2=O)c2ccccc2O1,12.7
CC(CCNC(=O)N(C)Cc1ccc(-n2cccn2)cc1)N1CCN(C)CC1,11.05
CCCC(=O)N(CC)Cc1cc2cc(C)ccc2nc1O,8.8
COc1ccc(OC)c(NC(=O)Cn2ncc3c(c2=O)N(C2CC2)C(=O)CS3)c1,11.45
CCCS(=O)(=O)Nc1ccc(Nc2nc(C)cc(N(CC)CC)n2)cc1,53.15
CCn1cc(S(=O)(=O)N(C[C@H]2CCCO2)C2CCCC2)cn1,0.7000000000000002
COc1ccc(-c2nn(C)c3ncnc(N)c23)c(F)c1,9.3
CN(CC1COCCO1)C(=O)CC1(c2ccc(-c3ccccc3)cc2)CC(=O)N(C)C1=O,2.5
Cc1sc(NC(=O)[C@H]2CC(=O)N(CC(F)(F)F)C2)c(C#N)c1C,15.9
Cc1nc(-c2ccc(S(=O)(=O)N(CCN(C)C)CC3CCCO3)s2)cs1,1.1500000000000004
Cc1nc2c(s1)[C@@H](N(C)C(=O)c1ncn(C(C)(C)C)n1)CCC2,-7.55
CN(Cc1ccsc1)C(=O)[C@H]1CCCN(c2cnccn2)C1,0.5
C[C@@H](C1CC1)n1cc(NC(=O)C2CCN(CC(F)(F)F)CC2)cn1,19.9
CC1CN(S(=O)(=O)c2ccccc2C(F)(F)F)CC(C)O1,3.75
COc1cccc(C(=O)N2CCC(CN3CC(C(=O)N4CCCC4)CC3=O)CC2)c1OC,-2.4
CC(=O)N(CC(C)C)c1nc(C)c(C(=O)Nc2ncc(C)s2)s1,12.2
Cc1nn2c(CN3C[C@@H]4C[C@H](C3)c3cccc(=O)n3C4)c(C(C)C)nc2s1,-20.5
CCNC(=O)NCC(=O)N1CCc2ccccc21,5.35
Cc1cc(Nc2ccc(NC(=O)c3ccc(Nc4ccnc5ccccc45)cc3)cc2)nc(N)n1,72.9
CC1(C)C(CNC(=O)CS(C)(=O)=O)C1(C)C,10.5
Cc1noc([C@H]2CCCN(C(=O)Nc3ccc(C(F)(F)F)cc3)C2)n1,99.2
CNC(=O)[C@H](CC(C)C)NC(=O)c1ccc(=O)[nH]n1,-2.4
COc1cc(C(=O)Nc2nnc(C(C)C)s2)ccc1C,10.4
Cc1cnn([C@H]2CCCN(C(=O)Cc3nc(C)sc3C)C2)c1,-1.6666666666666667
CCn1c(=O)oc2cc(NS(=O)(=O)c3ccc4c(c3)c(=O)n(C)c(=O)n4C)ccc21,13.8
COc1cc(OC)cc(C(=O)Nc2ccccc2C(N)=O)c1,26.299999999999997
Cc1ccc([C@@H](O)CN(C)Cc2cnn(C)c2)cc1C,4.85
CSc1cccc(CN(C(=O)c2cn(C)c(C)cc2=O)C(C)C)c1,9.55
Cc1ccc(N2CCC[C@H](NCc3cnc(C)s3)C2)nn1,-3.85
OCc1nc2ccccc2n1C[C@H](O)c1ccc(Cl)cc1,82.2
C[C@H]1CN(C)CCN1Cc1ccc(C#N)cc1,11.5
N#CC1(C(=O)Nc2cnccc2O)CCCCC1,2.5500000000000003
CC(=O)N1c2ccc(S(=O)(=O)N3CCCCC3)cc2CC1C(=O)NCCCN1CCOCC1,10.5
CC(=O)N1CCN(c2ncccc2CNC(=O)CCCS(N)(=O)=O)CC1,9.35
COc1ccc(C(=O)CCC(=O)Nc2cccc3cccnc23)cc1OC,8.75
CS(=O)(=O)N(CC(=O)N[C@H]1CCCc2ccccc21)Cc1ccccn1,10.7
COc1ccc(CCNC(=O)CC(C)n2cccn2)cc1OC,22.6
COc1ccccc1N1CC[C@H](NC(=O)Cn2c(=O)n(C)c3ccccc32)C1=O,10.95
Cc1cc(C)c(CNC(=O)CS[C@H]2CCS(=O)(=O)C2)c(C)c1,5.1499999999999995
Cn1c(=O)c2c(ncn2CC(=O)Nc2ccc3c(c2)OCCCO3)n(C)c1=O,-10.85
CC(=O)O.COc1cc(OC)cc(C(=O)NN2C(=O)N(c3ccc(F)cc3)C(=O)C2CC(N)=O)c1,14.6
Cn1cc(Br)c2cnccc21,-12.85
O=S(=O)(CCN1CC[C@@H](O)C1)c1cccc(Br)c1,13.2
CCCCOc1ccc(-c2cc3c(N4CCC(C(=O)N5CCOCC5)CC4)nccn3n2)cc1,54.0
Cc1ccc(N)cc1NC(=O)c1ccc(N)cc1,-3.25
Oc1c(Cl)cc(Cl)c(Cl)c1Cc1c(O)c(Cl)cc(Cl)c1Cl,101.0
COC[C@H](C)N(C)C(=O)c1ccc2noc(-c3ccccc3)c2c1,-20.0
O=C(O)C(F)(F)F.O=C(O)C(F)(F)F.O=C1COc2c(CCNCCN(C(=O)CCNCCc3ccc(Cl)c(Cl)c3)C3CCCCC3)ccc(O)c2N1,99.8
Cc1ccc(O)c(Nc2nc(NCCCO)c3ccccc3n2)c1,55.95
CCN(CC)S(=O)(=O)c1ccc2nc(N3CCN(c4ccccn4)CC3)cnc2c1,15.15
N#C[C@H](c1ccc(F)cc1)N1CCN(C(=O)CN(Cc2ccco2)C2CCCC2)CC1,-26.1
CCc1n[nH]c([C@@H]2CN(C(=O)c3ncoc3CC)CCO2)n1,12.2
C[C@H](O)CN1CCN(C(=O)Cc2ccc(-n3cnnn3)cc2)CC1,-3.0999999999999996
Cc1ccnc(C(NC(=O)c2ccc3c(c2)ncn3CCO)C2CC2)c1,17.9
Cc1ccc(NC(=O)CN2C(=O)CSc3ccc(S(=O)(=O)N4CCCC4)cc32)cc1F,52.55
CC(C)N1CCO[C@H](C(=O)N2CCN(CCOc3ccccc3)CC2)C1,-14.3
CS[C@@H](C)CC(=O)N1CCNCC1.Cl,-3.95
CCONC(=O)c1nn(-c2cccc(C(F)(F)F)c2)c(C)cc1=O,9.2
C[C@H]1CCN(C(=O)CNc2ccc3c(c2)C(=O)NC3)c2ccccc2S1,-30.8
COc1cc(NC(=O)[C@H](C)n2c(=O)oc3ccccc32)ccc1N1CCCC1=O,7.35
Cc1nc2c([nH]1)CN(C(=O)C(C)N1CCCC1=O)CC2,14.6
Cc1cc(=O)[nH]c(SCC(=O)Nc2ccc(S(=O)(=O)N3CCOCC3)cc2)n1,5.300000000000001
CC(C)(C)c1nc(CC(=O)N2CCC[C@H](c3ccn[nH]3)C2)cs1,5.550000000000001
O=C1NC(=O)/C(=C\c2cccc(C(F)(F)F)c2)S1,81.69999999999999
Cc1ccc(CCC(=O)N(C)[C@H]2CCNC2)c(C)c1.Cl,-5.85
CC1CCN(C(=O)[C@H](C)Nc2ccc3oc(C4CC4)nc3c2)CC1,-0.1500000000000003
Cc1ccc2c(Cl)cc(Cl)c(O)c2n1,100.65
CCOc1ccc(-c2noc(-c3ccco3)n2)cc1OCC,19.95
O=C(Nc1cccc(OCC(F)(F)F)c1)N1CCCC[C@H]1c1nc[nH]n1,-9.55
N#Cc1ccc(CN2CCC(Nc3ccc4[nH]nnc4c3)CC2)cc1,14.866666666666664
CCOc1ccc2c(C)c(CC)c(=O)oc2c1C,3.9
C=C(C)c1cccc(C(C)(C)NC(=O)Nc2ccc3c(c2)OCCO3)c1,33.400000000000006
COc1ccc(C(=O)C2=C(O)C(=O)N(CCCN(C)C)[C@@H]2c2ccc(F)cc2)cc1C,12.65
O=c1c(I)cccn1CC1(CO)COC1,4.1000000000000005
CC/C(=C(\c1ccc(O)cc1)c1ccc(OCCN(C)C)cc1)c1ccccc1,98.25
Cc1ccc(NC(=O)c2ccncc2)cc1-c1ncco1,19.85
Cc1cc(C)n2nc(CC(=O)NC(C)c3nnc(C(C)C)o3)nc2n1,5.05
C[C@@H]1CN(Cc2ccc(F)cc2)[C@@H](C)CN1C(=O)c1cc2c(C(=O)C(=O)N(C)C)cn(C)c2cc1Cl,16.35
Cc1ccc(S(=O)(=O)N2CCC[C@H](C(N)=O)C2)cc1,5.199999999999999
O=C(Nc1cccc(COCC2CC2)c1)N[C@@H]1C[C@H]2CC[C@@H]1O2,-3.1999999999999993
Cc1noc(C2CN(Cc3cccn3C)CCCN2C(=O)c2cccnc2)n1,4.65
CCNC(=O)c1ccc(CNC(=O)N2CC[C@H](Cc3ccncc3)C2)cc1,5.333333333333333
O=C(Nc1ccc(Cl)c(Cl)c1)Nn1cnnc1,99.05
COCC1CN(C(C)=O)CC12CCN(Cc1cc(OC)cc(OC)c1)CC2,12.9
Cc1cc(C(=O)NC[C@@H](c2ccco2)N2CCCCC2)c(C)o1,14.95
COc1cc(C(=O)NC[C@H]2CCSC2)cc2c1OCCO2,2.95
O=C([C@@H]1CC=CCC1)N1CCc2sccc2C1,-10.8
Cc1c(Br)cccc1CCNC(=O)c1c[nH]c(=O)n1C,-22.200000000000003
COc1ccccc1NC(=O)CSc1cn(CC(=O)N2CCOCC2)c2ccccc12,10.85
c1cncc(-c2noc(CN3CCO[C@@H](Cn4cncn4)C3)n2)c1,15.15
O=C(NC[C@@H](c1cccs1)N1CCOCC1)c1cnccn1,-3.95
COc1ccc(NC(=O)CN2C(=O)CC3(CCCCC3)C2=O)cc1,10.1
CCC(=O)N1CCCN(C(=O)Cc2cc(OC)cc(OC)c2)CC1c1nc(C)no1,5.75
CCCNC(=O)N(CCn1ccnc1C)C1CCN(C(=O)CCc2ccccc2)CC1,8.1
COc1ccc(-c2coc3cc(O)cc(O)c3c2=O)cc1,64.1
Cc1nc2ccccn2c(=O)c1NC(=O)c1cccc(Br)c1,15.45
CNC1CCN(C(=O)c2ccc(-c3ccccc3)nc2C)CC1,6.45
Oc1c(Cl)cc(Cl)c2cccnc12,100.1
CC(C)Cc1ccc(C(=O)NCC2CCN(CCN3CCCC3=O)CC2)cc1,12.2
CN1CCN(C(=O)c2ccccc2F)c2nc3ccccc3nc21,2.65
CCN(CC)CCNS(=O)(=O)c1ccc2c(c1)CC(C)N2C(=O)C1CC1,15.15
CNc1cc(N2CCC[C@@H]2CNCc2cscn2)ncn1,5.099999999999999
Cc1nc(-c2ncccn2)sc1C(=O)N1CCCC1,-6.2
O=C(N[C@H]1CC12CCCCC2)N1CCn2nc(C(F)(F)F)cc2C1,12.2
Cc1nc(C)c(C(=O)N2CCN(Cc3ccccc3F)C(=O)C2)s1,14.6
CNc1nc(C(N)=O)c(NC(=O)C(C)Oc2ccccc2)s1,55.3
Cc1ccc(C(=O)C2=C(O)C(=O)N(CCCN3CCOCC3)C2c2cccs2)cc1,10.75
Cc1cnc([C@H](C)NS(=O)(=O)C2CN(C(=O)c3ccccc3)C2)s1,9.7
CC(=O)Nc1ccc(NS(=O)(=O)c2sc(C)nc2C)c(Cl)c1,-16.7
Cc1oc(-c2ccco2)nc1CC(=O)N1CCN(C[C@H](C)O)CC1,3.0999999999999996
Cc1ccc(C(CNC(=O)COc2ccc(F)cc2)N(C)C)cc1.Cl,-4.65
CCCNC(=O)NC1COc2ccc(OC)cc2C1,13.2
CCOc1cccc(C(=O)C2=C(O)C(=O)N(CCCn3ccnc3)C2c2ccc(C)o2)c1,-6.033333333333332
Cl.O=S1(=O)CCC(NCc2ccc(Cl)cc2Cl)C1,-13.1
CCCS(=O)(=O)Nc1ccc(F)c(C(=O)c2c[nH]c3ncc(Cl)cc23)c1F,12.2
CCOc1ccnc2c1c(=O)n(CC(=O)Nc1ccccc1)c(=O)n2C,11.65
O=C(CCc1ccc2c(c1)OCO2)N1CCN(Cc2ccc3c(c2)OCO3)CC1,-0.25
COc1ccc2oc(=O)c(C(=O)Nc3ccccc3)cc2c1,3.2500000000000004
COc1ccc(S(=O)(=O)Nc2ccnn2CC(C)C)c(Br)c1,-5.65
O=C(NCCn1ccnc1)[C@@H]1OCCN(C2CCCC2)[C@H]1c1ccccc1,1.7999999999999998
CN(CC(=O)N1CCC[C@H](c2ccn[nH]2)C1)c1ccc(C#N)cn1,3.15
Cc1ccc2oc(C(=O)NCc3n[nH]c(=O)[nH]3)c(C)c2c1,13.6
O=C(CCC(=O)N1CCC(c2ccccc2)=N1)Nc1ccc(Cl)cc1,11.2
CC/C(CC(C)(C)c1ccccc1)=N\O,-7.25
Cc1csc(NC(=O)CNc2ccc(C#N)cc2)n1,0.15
Cn1cccc(C(=O)NC[C@H]2C[C@@H]2c2ccccc2)c1=O,5.15
COc1cc2c(cc1NS(=O)(=O)c1ccc3c(c1)n(C)c(=O)n3C)n(C)c(=O)n2C,7.65
COc1cc2c(cc1OC)CN(C(=O)c1ccc(NC(=O)CSc3nnnn3C)cc1)CC2,-5.199999999999999
C[C@@]1(C2CC2)COCCN1C(=O)c1sc2ncccc2c1N,7.5
COc1ccccc1-n1cc(C(=O)NCC(=O)N2CCN(c3ccccc3)CC2)c2ccccc2c1=O,14.2
CCc1nnc(NC(=O)CN(C)CCC#N)s1,7.6
C[C@H](Nc1ccc2[nH]c(=O)[nH]c2c1)C(=O)N1CC(=O)Nc2ccccc21,11.65
C#CCN(CC#N)C(=O)c1cnn(-c2ccccc2Cl)c1,0.25
CCCc1cc(C(=O)NCC2CN(C3CCN(C4CCC4)CC3)C(=O)CO2)n(C)n1,17.05
CC(C)c1cnc(NC(=O)c2ccc(N3CCCC3)nc2)s1,8.25
COCCNC(=O)c1nc2ccccn2c1-c1ccc(C)cc1,-3.0500000000000003
CC(C)CC(=O)N1CCC(NC(=O)[C@@H]2COc3ccccc3O2)CC1,8.05
CCOc1ccc(CN(CCOC)Cc2cc(=O)n3c4c(sc3n2)CCCC4)cc1,-13.4
COc1cc(C(=O)N2CC3(CCC3)[C@H]2c2ccc(F)cc2)ncn1,0.6999999999999993
COc1ccc(Cl)cc1C(=O)N1CCCCC1CCn1cccn1,13.8
Cc1ccc(N2CCC[C@H](N(C)Cc3ccccn3)C2)nn1,17.833333333333332
Cc1nnc([C@H](NC(=O)Cc2cccc(O)c2)c2ccccc2)n1C,2.7499999999999996
CCCNC(=O)CN1CCC(NC(=O)c2cc(C)n(C(C)C)n2)CC1,-7.9
COc1cccc(C(=O)Nc2ccc(-n3cncn3)c(F)c2)c1,-27.6
COc1cc2c(cc1CNC(=O)CN(c1ccc3c(c1)OCCCO3)S(C)(=O)=O)OCCCO2,16.7
COCC[C@](C)(O)CNC(=O)Nc1cccc(N2CCOC2=O)c1,16.6
CCc1n[nH]c([C@@H]2CN(C(=O)c3cc(C)on3)CCO2)n1,13.7
CC[C@H]1CN(C(=O)c2nn(-c3ccccc3)nc2C)CCO1,11.7
COc1cc(C(N)=O)ccc1NC(=O)[C@@H]1N[C@@H](CC(C)(C)C)[C@@]2(C(=O)Nc3cc(Cl)ccc32)[C@H]1c1cccc(Cl)c1F,93.9
CCc1noc2ncc(C(=O)N3CCOC[C@@H]3CC3CC3)cc12,1.684857
CCN1CCN(C(=O)CS(=O)(=O)C2CC2)[C@@H](C)C1,5.75
Cn1c(=O)c2cc(NC(=O)c3ccc(F)cc3)cnc2n(C)c1=O,14.75
Cc1cnn(CC(=O)Nc2ccccc2OCCC(C)C)c1,-6.85
CC(C)c1cc(C(=O)Nc2cccc(C#N)c2)nn1C1CCS(=O)(=O)C1,11.75
Cn1ccnc1[C@H](NC(=O)c1ccc2c(c1)OCO2)c1ccccc1,13.3
CN(Cc1ccc(C#N)cc1F)c1ccccc1,-4.0
COCCCNC(=O)Cc1ccc(Cl)cc1F,-5.4
Cc1ccc(CNC(=O)CN2C(=O)CCc3cc(S(=O)(=O)N4CCCC4)ccc32)cc1,-2.0
CCS(=O)(=O)N1CC(c2nc(C)no2)C2(CN(C(=O)Nc3cccc(F)c3C)C2)C1,22.45
COC[C@]1(C)NC(=O)N(Cc2csc(Cc3ccccc3)n2)C1=O,5.2
O=C(C[C@H]1CCCN1C(=O)c1ccoc1C1CC1)c1cccs1,7.6
Cc1cccc(OCCC(=O)N2CC[C@H](N)C2)c1C,-7.2
O=C1NCCN(Cc2ccc(Cl)c(F)c2)C1CC(=O)N(CCO)CCO,15.25
Cc1cnc(N2CCC(N(C)C)CC2)nc1N(C)C,17.4
Cc1cc(C)n(CC(=O)N2CCC[C@H](C(N)=O)C2)n1,-13.95
Cc1oc(C)c(C(=O)N2CCC[C@H](n3ccnc3C)C2)c1C,-3.7
CN(C)C(=O)c1cccc(NC(=O)c2cnc(-c3ccccc3)nc2)n1,38.95
O=C(NCc1ccc(COCC(F)(F)F)cc1)NCc1ccccn1,-16.049999999999997
CCc1nnc(CNc2ccccc2-n2ccc(C)n2)o1,9.95
O=C(CCn1nnc2ccccc21)N1C[C@@H]2CC[C@H](C1)N(CC1CC1)C2=O,13.8
Cc1cc(NC(=O)c2n[nH]c3c2CCC3)n(C2CCS(=O)(=O)C2)n1,13.85
Cc1ncc(C(=O)Nc2ccccc2OCC(F)(F)F)c(N)n1,10.05
Cc1cc(C(=O)Nc2nc(-c3ccc4c(c3)OCO4)cs2)on1,26.25
Cc1cc(NC(=O)c2cnn(-c3ccccc3)n2)cc(N2CCN(C)CC2)c1,-14.85
Cl.c1ccc(CN2C[C@H]3CCNC[C@H]32)cc1,100.85
C#CCN(CC#N)S(=O)(=O)N=[S@](=O)(c1ccccc1)N(C)C,5.85
Cc1cc(NC(=O)N(Cc2ccccc2)CC(F)F)on1,-9.75
COc1cc(OC)cc(C(=O)Nc2nc(C(=O)NCCCN3CCCC3)cs2)c1,51.4
N#Cc1ccc(S(=O)(=O)NC[C@H]2CCOC2)cc1,-22.5
COc1cccc(C(=O)N2CCC(n3cc(-c4ccccn4)nn3)CC2)c1,12.95
COc1ccc(N[C@@H](C)C(=O)NC(=O)NC2CC2)cn1,11.85
CNC[C@H]1CCCN(C(=O)CCOc2ccc(F)cc2Cl)C1.Cl,-4.2
NCCNC(=O)[C@H]1CCCN(C(=O)c2n[nH]c3ccccc23)C1,-24.3
CC(C)(O)CN1CCN(C(=O)c2cnn(-c3ccccc3F)c2)CC1,-1.5000000000000002
Cc1cn2c(n1)CC[C@H](NC(=O)c1cc(C)on1)C2,-7.9
Cc1ccc(I)nn1,20.9
CCOc1cc(CNc2cc(N3CCC[C@@H]3CO)ncn2)ccn1,5.75
CCc1cc(C(=O)Cc2ccc(Cl)cc2)c(O)cc1O,99.66666666666669
Cc1nc(CC(=O)N2CCC[C@H](n3ccnc3C)C2)cs1,-5.9
C[C@H]1CN(C)c2ccccc2CN1C(=O)CN,-11.75
CCCCOc1ccc(C2C(C(=O)c3ccc(S(=O)(=O)N(C)C)cc3)=C(O)C(=O)N2CCCN2CCOCC2)cc1,-13.2
Nc1nnc(C(NC(=O)C2=NNC(=O)CC2)c2ccccc2)s1,1.5
CS(=O)(=O)c1ccccc1NC(=O)N1CCC[C@@H]1CN1CCCC1,7.7
Cc1nc(C)n(C[C@H]2CN(Cc3c(C)nn(C)c3Cl)CCO2)n1,-2.7499999999999996
COc1ccc(NC(=O)CSc2nc3ccccc3[nH]2)cc1,-2.1500000000000004
Cc1cc(C(=O)N(C)CCc2ncon2)c(Br)s1,-5.5
CCOCCCNC(=O)C1CCCN(c2nn3cc(-c4ccc(OC)cc4)nc3s2)C1,61.25
COc1ccc(F)cc1CN1CCn2nc(C(O)CC(=O)N(C)C)cc2C1,17.95
COc1cc(CNCCN2CCCCC2CO)ccc1F,7.55
O=C(Nc1ccccc1SCc1ccccc1F)N1CCC(O)(CO)C1,5.5
N#Cc1cccc2c(Br)cccc12,-2.450000000000001
COCCNC(=O)N1CCCC(N(CCN2CCOCC2)C(=O)C2CC2)C1,-0.15
Cc1ccccc1OCc1cc(=O)n2c(C)csc2n1,7.4
CNC(=O)[C@@H]1Cc2ccccc2CN1Cc1nc(-c2ccc(OC)cc2)no1,102.5
Cn1cc(C(=O)c2cc3cc4c(cc3o2)OCO4)cn1,8.799999999999999
CC(C)c1cc(C(=O)N2CCN(S(=O)(=O)[C@H]3CCS(=O)(=O)C3)CC2)cc(O)n1,9.6
O=C(Nc1cc(N2CCOC2=O)ccc1F)c1cc2ccccc2oc1=O,19.1
CCN(CC)CCNC(=O)CC1CCN(S(=O)(=O)c2ccc(NC(C)=O)cc2)CC1,6.85
COc1ccc(CNC(=O)C(CC(C)C)NS(=O)(=O)c2ccc3c(c2)oc(=O)n3C)cc1,7.050000000000001
O=C(Cn1cnc2c(nnn2-c2cccc(Cl)c2)c1=O)NCC1CCCO1,16.85
Cc1cnc(C2CCOCC2)n1CC1CCCN(S(=O)(=O)c2cccs2)C1,8.25
O=C1NCCSc2c1sc1ccc(O)cc21,14.1
CCc1nn(-c2ccccc2)c(NC(=O)NCCS(C)(=O)=O)c1C,19.55
CN(C(=O)c1cccc(-n2cccn2)n1)c1ncccc1C#N,-17.0
CCCN(CC(F)(F)F)C(=O)c1cnc2c(c1)c(C)nn2C,11.8
CCCc1n[nH]c([C@@H]2CN(C(=O)c3cc(Cl)c[nH]3)CCO2)n1,16.45
Cc1[nH]c2ccccc2c1NS(=O)(=O)CCCC#N,-38.2
CCCCNC(=O)Cc1n[nH]c(=O)c2cc(-c3ccc(F)cc3)nn12,10.65
CCn1c(NC(=O)c2ccc(OC)c(OC)c2)nc2cc(C#N)ccc21,82.69999999999999
O=C(Cc1ccc(-n2cnnc2)cc1)N[C@H]1[C@@H]2CNC[C@@H]21,-2.5
CCOc1ccccc1N1CCN(C(=O)CCNC(C)=O)CC1,-3.0
C[C@@H](CO)S(=O)(=O)Cc1cccc2ccccc12,0.7333333333333331
CNC(=O)[C@@H]1CN(C(=O)c2ccncc2)C[C@H]1COC,13.0
CN(C)C(=O)c1cccc(CCNC(=O)C2CCN(Cc3ccccc3)CC2)c1,-17.55
C[C@H](Sc1cc(C#N)ccn1)C(=O)N1CCCCCC1,-6.800000000000001
CCCN(CCO)C(=O)c1ccc(-c2ccc(C(C)NC(C)=O)cc2)cc1,7.35
Cc1ccc(C(=O)N2CCN(c3ccc(-n4cccn4)nn3)CC2)cc1,11.35
O=C(C[S@](=O)Cc1csc(Br)c1)Nc1ccc(N2CCCC2=O)cc1,17.75
CCN(C(=O)[C@H](C)S(=O)(=O)C(C)C)c1cc(C)cc(C)c1,9.35
NC[C@H]1CCCCN1C(=O)Cc1cc2ccccc2[nH]c1=O,-23.799999999999997
Cc1ccc(S(=O)(=O)N2CCN[C@@H](C)C2)c(Br)c1.Cl,-18.450000000000003
Cc1csc2nc(CN(Cc3ccsc3)c3ccccc3)cc(=O)n12,-18.5
COC[C@]1(C)NC(=O)N(Cc2csc(-c3cnn(C)c3)n2)C1=O,-15.966666666666669
COc1ccc(OC)c(NC(=O)N2CCN(Cc3cn(C)c4ccccc34)CC2)c1,13.5
COc1ccc(-n2ccnc(NCCc3ccccc3)c2=O)cc1,20.85
Cc1nc(-c2ccc(F)cc2)sc1C(=O)N1CCC(CC(=O)NCCN2CCN(C)CC2)CC1,14.05
COc1cccc(NC(=O)Nc2c(N3CCCC3)c3ccccc3oc2=O)c1,8.15
CCn1nc(C)c(CN[C@H](c2ccc(OC)cc2)C(C)C)n1,2.45
COc1ccc(NC(=O)c2ccc(-n3cccn3)cc2)cc1O,35.599999999999994
CC[C@@H](c1nnc(SCC(=O)N2CC(=O)Nc3ccccc32)o1)N(C)C,-3.35
Cc1cc(=O)cc(C(=O)NC2CC(=O)N(Cc3ccccc3)C2)o1,8.850000000000001
CC(C)C1C(=O)N(C)CCN1C(=O)c1ccccc1S(=O)(=O)Cc1ccccc1,14.7
COC[C@@H]1CN(C(=O)c2cc(C)n[nH]2)C[C@H]1c1ccccn1,17.85
CC(C)[C@H](NC(=O)Cc1ccccc1)C(=O)NCc1cc[nH]n1,-11.35
CC1(C)C(=O)N[C@H]1C1CCN(Cc2cnc(-c3ccccc3)nc2)CC1,-2.4499999999999997
C[C@H]1CCN(C(=O)CCCNC(=O)c2cccs2)c2c(O)cccc21,4.1
O=C(Cc1ccn[nH]1)N1CCc2cc(Br)sc2C1,-0.75
CC(C)(C)S(=O)(=O)c1ccsc1S(C)(=O)=O,9.6
O=C1NCCCC[C@@H]1Sc1ccc(F)cc1F,-7.299999999999999
CCOc1ccc(NC(=O)C2CCN(S(=O)(=O)c3cc4c(cc3C)NC(=O)CO4)CC2)cc1,6.0
CNS(=O)(=O)C[C@H]1CCCN1c1nccn(C)c1=O,14.25
CSc1ncccc1C(=O)Nc1c(C(=O)N2CCOCC2)oc2ccccc12,7.300000000000001
COc1ccc(CN2CC[C@]3(OC)CC[C@H](OC)C[C@H]23)cc1C,5.25
COCCC1(c2noc(-c3cccnc3)n2)CCCN(C(=O)CN2CCCCCC2)C1,5.2
CC(=O)N1CCC[C@H]1C(=O)N1CCN(Cc2cc(C)no2)CC1,8.55
COc1cccc(N2CCN(C(=O)[C@@H]3COCCO3)CC2)c1,-11.1
COc1ccc(NC(=O)Cn2nc(-c3ccc(OC)c(OC)c3)ccc2=O)c(OC)c1,23.35
Cc1cccc(CC2CN(C(=O)N[C@@H](C)Cn3cc(C)cn3)C2)c1,-19.85
CC(C)(C)[C@H](Cn1ccnc1)NC(=O)Nc1ccccn1,-14.05
COc1ccc(C2=NCOCS2)cc1,-20.7
COc1ccc(OC)c(NC(=O)NC[C@H](O)CN2CCCCC2)c1,19.0
COc1cccc(NC(=O)N2CCC(n3cnc4ccc(C)cc4c3=O)CC2)c1,10.65
O=C(CCOc1ccc(F)cc1)NC[C@H]1CCCO1,2.1499999999999995
Cc1ccc(Cl)cc1NC(=O)N1CCN(c2nc3cccnc3n(C)c2=O)CC1,14.2
CCn1cc(S(=O)(=O)N2CC(CNC(=O)C3CC3)C3(CCCCC3)C2)cn1,13.6
Cc1cccc(NC(=O)[C@H]2CCCN(Cc3csnn3)C2)n1,-8.35
COCCN(C)C[C@@H]1CN(C(=O)c2cccc(F)c2)C[C@@H]1CO,8.1
Cc1cccc(OC2CN(C(C)Cn3nc(C)cc3C)C2)c1,9.9
CNC(=O)c1cc(S(=O)(=O)N2CCN(c3ccccc3F)CC2)ccc1OC,-2.700000000000001
CN(C(=O)c1cccc(S(=O)(=O)N(C)C)c1)c1nc2ccccc2o1,5.9
COc1ccc(NC(=O)c2ccc3c(c2)CCN3S(C)(=O)=O)c(OC)c1,17.1
O=C(NC[C@H]1CCN(c2ccccc2)C1)c1cc(S(=O)(=O)N2CCCC2)ccc1O,35.3
CN(Cc1cccc(C#N)c1)[C@@H](CCO)c1ccccc1,3.95
O=c1[nH]c(Nc2ccc(F)cc2)cc2ccccc12,11.9
CCCCc1ccc(NC(=O)N2CCc3c(nc4cc[nH]n4c3=O)C2)cc1,19.5
O=C(Cn1nc2n(c1=O)CCCC2)Nc1ccnn1[C@H]1CCCOC1,-5.35
CCn1c(=O)[nH]c2cc(C(=O)Nc3cn(C)cc(Br)c3=O)ccc2c1=O,27.1
Cc1ccccc1OC1CN(C2CCN(C(=O)c3cccnc3)CC2)C1,18.05
Cc1ccc(OCCC(=O)N[C@H]2CCc3nc(C)cn3C2)cc1,9.15
CC(=O)N(C)c1nc(CN2CCC[C@H]2c2noc(C(C)C)n2)cs1,2.1
CC(=O)[C@]1(O)Cc2c(O)c3c(c(O)c2[C@@H](O[C@H]2C[C@H](N)[C@H](O)[C@H](C)O2)C1)C(=O)c1ccccc1C3=O.Cl,100.4
Cl.O=C(Cn1nccc1C1CCCNC1)NCc1nnc2n1CCC2,1.1
O=C(NCc1c(F)cccc1Cl)C1CC(=O)N(Cc2ccncc2)C1,4.15
C[C@H]1CCN(C(=O)c2coc3c2C(=O)CCC3)CC12CCC2,-2.566666666666667
COc1cccc(-c2noc3ncnc(N4CCN(C(=O)c5ccco5)CC4)c23)c1,10.35
CN(CCCn1ccnc1)C(=O)Nc1ccc(Oc2cccc(F)c2)cc1,-4.35
CN1C[C@@H](C(=O)NCc2cc(Cl)c3c(c2)OCCCO3)CC1=O,8.55
NC(=O)c1cc(C(=O)NC[C@H]2CN(C3CC3)CCO2)nn1-c1ccccc1,-3.9
C[C@H]1CN(Cc2cc(=O)oc3cc4c(cc23)CCC4)CCS1(=O)=O,-1.0
C[C@H](NC(=O)CCC1NC(=O)c2ccccc2NC1=O)c1nc2ccccc2[nH]1,10.8
C[C@H]1COc2ccc(C(=O)N3CCCC3)cc2CN1C(=O)c1cccnc1,16.55
C[C@H]1CN(C(=O)c2ccccc2OC2CC2)CCN1CCO,4.0
Cc1nc(C)c(C(=O)N[C@H]2CCCc3c2cnn3C)s1,3.7
O=C(c1ccn(-c2cccc(F)c2)n1)N1CCN(CC2CC2)CC1,6.8
CCCc1nc([C@H](Nc2c(C#N)c(=O)n(C)c(=O)n2C)c2ccccc2)no1,10.55
CCN(CC)S(=O)(=O)c1nnc(NC(=O)c2cccc(F)c2)s1,81.5
COc1cc(C)ccc1S(=O)(=O)NCCN1CCCC(CO)C1,10.65
CCOc1ccc(S(=O)(=O)N2CCC(C(=O)NCCCO)CC2)cc1Cl,22.950000000000003
Cn1cc(S(=O)(=O)N2CCc3ccccc32)cc1C(=O)Nc1cccnc1,9.85
CCN(C(=O)CN(C)Cc1ccc(SC)cc1)c1c(N)n(Cc2ccccc2)c(=O)[nH]c1=O,-8.35
CC(C)OCCNc1cccc(CO)c1Cl,-6.3999999999999995
COc1ccc(C(=O)Nc2nnc(-c3ccccc3)o2)cc1OC,62.6
COc1ccc(-c2noc(N3CCC(C(=O)NCCN4CCCC4)CC3)n2)cc1,13.15
O=C(Nc1ccc(=O)n(Cc2cccc(F)c2)c1)[C@H]1CCCOC1,-14.55
O=C(N[C@H]1[C@@H]2CNC[C@@H]21)N1CCC(c2ccsc2)CC1,3.0500000000000007
C[C@H](NC(=O)c1nc(Cl)cs1)c1cccc(C#N)c1,8.75
COc1ccc(C(C)=O)cc1CC(=O)N[C@@]1(C)CCS(=O)(=O)C1,10.9
COc1ccc(C2CC(=O)Nc3c2c(C)nn3C)c(OC)c1OC,8.1
CC1CCCN(CC2CCN(S(=O)(=O)c3cc(F)cc(F)c3)CC2)C1,24.95
Cc1nn(C)cc1CN(C)C(=O)c1cn2ccnc(-c3ccccc3)c2n1,10.766666666666666
O=C(Nc1cccc(-n2cccc2)c1)N1CCN2C(=O)NC[C@H]2C1,4.449999999999999
CC(C)C(=O)N1C[C@H](O)C[C@H]1c1nnc2n1CCN(Cc1ccc(C(F)(F)F)cc1)C2,15.4
CN1CCN(C(=O)C2=CC(c3ccc4c(c3)OCO4)=NS(=O)(=O)N2C)CC1,-12.45
CN(C)C1(c2nnnn2C2CCCC2)CCN(C(=O)C2CCOCC2)C1,-8.95
Clc1ccccc1C(c1ccccc1)(c1ccccc1)n1ccnc1,98.6
Cc1cnc(CNC(=O)CN(C)Cc2cccnc2)c(C)c1O,15.75
O=C(CCc1ccc2c(c1)OCO2)Nc1ccc(Cn2ccnc2)cc1,5.1499999999999995
Cc1ccc(C(=O)N2[C@@H]3CC[C@H]2CC(NC(=O)c2ccncc2)C3)s1,6.466666666666666
CN(Cc1cnn(C)c1)C(=O)CN(C)S(=O)(=O)c1ccc2ccccc2c1,12.55
O=C(N[C@H]1CCS(=O)(=O)C1)c1ccc(C(F)(F)F)nc1,7.2
CCc1csc([C@H]2CCCN(C(=O)c3ncoc3CC)C2)n1,-7.8
CCCn1c(=O)n(CC(=O)N2CCN(C(=O)Nc3cccc(Cl)c3)CC2)c2ccccc21,69.25
CCOc1ccnc2c1c(=O)n(CC(=O)Nc1ccccc1C)c(=O)n2C,15.25
Nc1nc(CCCNC(=O)C2CCN(C3CCS(=O)(=O)C3)CC2)cs1,11.5
Cc1cccc(N2/C(=N\C(=O)CC(C)C)SC3CS(=O)(=O)CC32)c1,17.8
Cc1cccc([C@@H]2CCCN2C(=O)Cn2nc3ccccn3c2=O)c1,-18.95
COc1ccc(S(=O)(=O)N2CC[C@@H](N)C2)cc1Cl.Cl,0.1
O=C(NCCCCn1ccnc1)c1cccc(NC(=O)C2CC2)c1,16.5
Cc1cccc(NC(=O)N2CCN3CCCC[C@H]3C2)n1,-5.549999999999999
CN(C(=O)CN1CCc2ccccc2C1=O)C1CCN(Cc2ccccc2)CC1,0.5000000000000001
Cc1nc(NC(=O)[C@H](C)Nc2ccc3c(c2)oc(=O)n3C)sc1C,-23.549999999999997
Cc1cn2c(n1)CC[C@H](NC(=O)Cc1c(C)nn(C)c1C)C2,-7.15
Cc1ccc(C(=O)Nc2cccc(Cn3nc4ccccn4c3=O)c2)c(O)c1,10.85
N#Cc1ccccc1OCC(=O)NC[C@@H](c1ccc(F)cc1)N1CCOCC1,4.8
CC(C)NC(=O)c1cnc(N(C)C)nc1C1CCN(C(=O)c2cccn2C)C1,-10.8
C[C@H]1CN(C(=O)c2cc(=O)[nH]c(C3CC3)n2)Cc2ccccc2O1,-5.1
Cc1noc(NS(=O)(=O)c2ccc(N)cc2)c1C,66.3
CCc1nnc2n1C[C@@H](CNCc1nnc(C(C)(C)C)o1)CC2,-10.35
c1ccc(CCN2CCC(=NOCc3ccccc3)C2)cc1,-12.933333333333332
Cc1cn2c(n1)[C@@H](CNCc1cccs1)CCC2,-12.2
Cc1nc(C(=O)N(CC(F)(F)F)C2CC2)nn1-c1ccc(F)cc1,9.25
CCOc1ccc(CN2CCN(S(=O)(=O)c3ccc(F)cc3)CC2)cc1,4.4
COc1cncnc1NC(=O)N1CCN(c2c(F)cccc2F)CC1,-12.15
Cc1ccc(C(=O)N2CCC(c3nc(N(C)C)ncc3C(=O)NC(C)C)C2)cn1,-15.75
CCn1ccc2cc(S(=O)(=O)N3CCCN(C(=O)Nc4cccc(OC)c4)CC3)ccc21,-8.45
C[C@H]1CCCN(CCNc2ncnc3c2cnn3C)C1,-19.450000000000003
CCN(CC)C1=NC(=O)[C@H](CC(=O)Nc2cccc(Cl)c2C)S1,9.15
Cn1c(=O)c2cc(C(=O)Nc3ccc4c(c3)OCCO4)sc2n(C)c1=O,9.15
Cn1c(Cn2cccn2)nnc1C1CCN(C(=O)CCC(F)(F)F)CC1,13.05
C[C@](C#N)(NC(=O)CNC1(c2cccc(F)c2)CCOCC1)C1CC1,-6.05
O=C(Cn1c(=O)oc2ccccc21)Nc1ccccc1F,-0.1
Cl.O=C(C1CCCCCC1)N1C[C@@H]2CC[C@H]1CNC2,8.25
CS(=O)(=O)Nc1ccc(NC(=O)c2ccc(N3CCOCC3)nc2)cc1,14.2
COCCn1nc(C(=O)NCc2ccc(-n3ccnc3)c(F)c2)ccc1=O,6.4
Cc1ccc(NC(=O)CN2CCC[C@H](O)C2)cc1C,14.45
CCOc1ccccc1CNC(=O)c1cc2c(=O)n(C)c(=O)n(C)c2s1,18.35
O=C(Nc1nnc(C2CC2)s1)c1ccccc1O,78.4
O=C1C[C@@H](c2ccccc2)N(Cc2noc(C3CC3)n2)CCN1,6.3999999999999995
CN(C)C(=O)c1ccc(S(=O)(=O)c2ccc(NC(=O)[C@@](C)(O)C(F)(F)F)c(Cl)c2)cc1,14.2
C[C@H]1CCc2c(sc3ncnc(NCCCNS(C)(=O)=O)c23)C1,-20.35
CCOCC(=O)Nc1ccc(S(=O)(=O)N(CC)CC)cc1,-5.699999999999999
Cc1nc2ccccn2c1-c1nnc(N2CCN(C)C(=O)[C@@H]2C)n1C,-2.6500000000000004
c1cc(N2CCC[C@H]2c2ccc3c(c2)OCCO3)nc(-n2ccnc2)c1,94.6
CN(Cc1nc(-c2cccnc2)no1)C(=O)CC1COCCN1.Cl,7.4
CN1CCN(C(=O)c2ccc3c(c2)OCCO3)[C@H](c2ccccc2)C1,12.3
COc1ccccc1C(=O)NC1CCN(C(=O)c2cc3c(=O)[nH]c(C)cn3n2)CC1,8.35
Cc1cc(C)n(Cc2ccc(C(=O)N3CCC4(CC3)CC(c3nc(C)no3)N(C)C4)o2)n1,10.7
CCc1ccccc1OCC(=O)Nc1ccccc1C(N)=O,6.25
Cc1cc(C)c(CNC(=O)[C@@H]2COCCO2)c(=O)[nH]1,17.35
CN1CCN(CC(=O)N[C@H]2CC23CCCCC3)CC1=O,8.3
CN(Cc1ccsc1)c1cc(N2CCC[C@@H]2CO)ncn1,-12.1
Nc1nc[nH]n1,4.35
N#Cc1cccc(CN(CCN2CCOCC2)[C@H]2CCSC2)c1F,0.25
Cn1c(=O)[nH]c(=O)c2c1nc(Br)n2CC(O)c1ccccc1,8.75
Cc1ccc(C(=O)NS(=O)(=O)C[C@H]2CCCCO2)cc1C,-5.0
Cn1c(=O)n(CCC(=O)NCc2cn3ccccc3n2)c2ccccc21,11.1
CCCN1CC(C(=O)NC(C)(C)C)CC1=O,21.5
Cn1ncc(N2CCC(C(=O)NCc3cccc(F)c3)C2)cc1=O,10.7
O=C(O)c1cc(F)c2nc(N3[C@@H]4CC[C@H]3C[C@@H](OCc3c(-c5ccccc5OC(F)(F)F)noc3C3CC3)C4)sc2c1,99.6
COCCC(=O)N1CCCC(N2CCN(c3cccc(Cl)c3)CC2)C1,17.799999999999997
Cc1sc(C)c(S(=O)(=O)N2CCN(C(=O)c3ccco3)CC2)c1-c1ccno1,14.45
COc1ccc(-c2noc(CN3CCC[C@H](O)C3)n2)cc1OC,-16.413691
Cc1ccc(C(=O)N2CCC[C@H](c3nncn3C)C2)c(C)c1,6.8
O=C(NCCc1ccccn1)c1ccc(N2CCCC2=O)cc1,2.7
COc1ccc(NC(=O)Nc2ccc3c(c2)n(C)c(=O)n3C)c(C)c1,17.75
CCc1ccccc1-n1cc(C(=O)N[C@H](CO)C(F)(F)F)nn1,-2.3
CC(C)Oc1ccc(-c2nc(-c3cccc4c3CC[C@@H]4NCCO)no2)cc1C#N,84.80000000000001
CCc1cccc(NC(=O)N2CCN(c3cc(-n4cccn4)nc(C)n3)CC2)c1,52.1
CCN1C[C@H](CN(C)C(=O)c2cc(OC)ccc2OC)Oc2ccccc21,-28.15
Cc1cnc([C@H](C)NC(=O)c2ccc(N3CCCS3(=O)=O)cc2C)o1,-11.5
Cc1ccc2c(c1)nc(CNC(=O)N[C@H]1CC(=O)N(C3CC3)C1)n2C,4.55
CCn1ncc(CNC[C@H]2CCCCN(Cc3ccccc3)C2)n1,8.75
O=C1CCCN1C(=O)Cn1cnc2scc(-c3ccc(F)cc3)c2c1=O,4.050000000000001
Cc1cc(=O)c2cccc(C(=O)N[C@H]3[C@H]4CCO[C@H]4[C@@H]3N(C)C)c2[nH]1,9.05
CCOc1ccc(S(=O)(=O)N2CCC(C(=O)Nc3ccc4c(c3)OCCO4)CC2)cc1,18.65
N#CCc1cccc(C(=O)N2CCC[C@H]2c2ccc3c(c2)OCO3)c1,-2.65
O=C(NCC1CN(CC2CCN(CC3CC3)CC2)C(=O)CO1)c1ccccn1,7.9
O=C(Nc1ccc(N=S2(=O)CCCC2)cc1)[C@@H]1CC=CCC1,3.1500000000000004
CCN(CC)C(=O)[C@@H]1CC(=O)Nc2ccccc21,4.0
COc1ccnc(N2CCN(C(=O)[C@H](C)c3cc(C)oc3C)CC2)n1,0.65
FC(F)(F)c1ccccc1OCCN1CCO[C@H](c2nccs2)C1,-10.95
Cn1c(=O)c2cc(C(=O)Nc3ccc4oc(C5CC5)nc4c3)cnc2n(C)c1=O,13.9
Cc1ccn(CC(=O)N2C[C@@H]3C[C@H](N(C)C)CN3C(=O)[C@@H]2CC(C)C)n1,14.65
CCn1c(=O)c(C)nc2cc(-c3noc(-c4ccccn4)n3)ccc21,20.200000000000003
COCCc1noc(CN2CCCC(c3cc[nH]n3)C2)n1,15.4
O=C(NCCC1CCCOC1)Nc1cc(F)cc(F)c1,2.65
Cc1ocnc1C(=O)Nc1ccccc1Cn1ccnc1C,20.55
Cc1c/c(=N/c2ccc(C)c(C)c2)n2ncnc2[nH]1,13.55
COc1cc(C)cc(CNC(=O)Nc2c[nH]c(=O)c(C)c2)c1,-8.0
Cc1cnccc1N1CCC(C(=O)N2CC3(CCC3)[C@@H]2C(C)C)CC1,3.1500000000000004
O=C(c1ccc2ccccc2n1)N(CCN1CCCC1)C1CCOCC1,0.75
CCCCN(C)C(=O)c1cn2ccnc(-c3ccc(OC)cc3)c2n1,-27.0
COCCN(Cc1ccc(C#N)cc1)C(=O)c1ccc(O)cc1O,-12.55
O=C([C@@H]1CCCO1)N1CCC(c2nc3ccccc3o2)CC1,-5.0
CCc1nc2c(s1)[C@@H](NCCCCn1ccccc1=O)CCC2,13.366666666666664
CC[C@H]1CN(C)c2ccccc2CN1C(=O)CN(C)S(=O)(=O)CC,6.45
Cc1c(C(=O)N[C@@H](C)c2cnn(C)c2C)cnn1C,-0.7999999999999998
Cc1n[nH]c([C@@H]2CN(C(=O)Cc3c(C)nn(C)c3C)CCO2)n1,-1.2
O=c1c2nnc3c(-c4ccccc4)cnn3c2ccn1Cc1ccccn1,14.0
O=C(Nc1ccc(-n2cccn2)nc1)c1ccc(OC[C@H]2CCCO2)cc1,11.95
CC(=O)N(c1nc(C)c(C(=O)Nc2ccc3c(c2)OCO3)s1)C(C)C,-9.2
Cc1nc2cc(C(=O)NCc3ccccc3Cl)ccc2n(C)c1=O,2.75
Cn1c(CO)nnc1C1CCCN(Cc2ccc(Cl)c(Cl)c2)C1,15.05
Cc1ccc(-n2nc(C(=O)Nc3cccnc3)c(=O)n(C)c2=O)cc1,16.55
COc1ccc(C(C)(C)C)cc1NC(=O)CCCN1C(=O)CN(C)C1=O,-10.9
O=C(c1ccccc1-n1ccnn1)N1CCc2[nH]ncc2C1,2.33993
Cc1cc(F)c(S(=O)(=O)NC(=O)c2scnc2C)cc1F,-1.4999999999999998
CCOc1ccc(Nc2ncccc2C(=O)Nc2ccncc2)cc1,80.75
CCCCc1ccc(NC(=O)COCC)cc1,11.6
O=C(c1cc2c(s1)CCOC2)N1CCC[C@H](n2cccn2)C1,6.8
CSc1ccc(S(=O)(=O)NCCCN2CCCC(C)C2)cc1,3.7
COc1ccccc1CNC(=O)C[n+]1cccc(C(C)=O)c1.[Cl-],-14.25
Cl.NC[C@H]1CCN(S(=O)(=O)c2cccc(Br)c2)C1,15.8
CCOc1ccccc1N1CCN([C@@H](C)c2nc(N)nc(N(C)C)n2)CC1,-27.8
Fc1ccc(F)c(CNC[C@H]2CCN(CC(F)(F)F)C2)c1,22.5
COc1c(C(=O)N2CCOC[C@@H]2CC2CC2)[nH]c2ccccc12,13.05
CC(C)c1ccc2c(c1)c(SC(C)(C)C)c(CC(C)(C)C(=O)O)n2Cc1ccc(Cl)cc1,98.05
CCn1cc(NC(=O)c2sccc2-c2ccccc2)ccc1=O,-12.15
O=C(C1=C(O)C(=O)N(CCN2CCOCC2)C1c1ccc(F)cc1)c1ccc(S(=O)(=O)N2CCOCC2)cc1,10.25
Cc1ccc(N2CCN(C(=O)Nc3ccc4ccccc4c3)CC2)nn1,14.2
CC(=O)c1ccc(NC(=O)CN2C(=O)C(C)(C)c3ccccc32)cc1,20.85
CC(C)c1ncncc1C(=O)NCCN1CCCC[C@@H]1C,6.300000000000001
CCCNC(=O)CCNc1c(-c2ccccc2)nc2cnccn12,4.85
C[C@H](NC(=O)Nc1cccc(C(F)(F)F)c1)C(=O)N1CCOCC1,28.45
O=C1Nc2ccccc2CC[C@@H]1N1CCC(O)CC1,-18.35
CC[C@H](C)c1ccc(S(=O)(=O)NC(C)(C)C(N)=O)cc1,-1.5
COc1ccc(CC(=O)N2C3CCC2Cn2c(n[nH]c2=O)C3)cc1,-28.05
C[C@H]1CCCN(S(=O)(=O)c2ccc(N)cc2)C1,7.766666666666666
COc1ccc(NC(=O)Cn2nc3n(CC(C)C)c(=O)c4sccc4n3c2=O)cc1,14.95
C[C@H](O)CN1CCC(CNCc2cccc(C(F)(F)F)c2)CC1,-0.0499999999999998
CNc1cc(N2CCC[C@@H]2CNCc2cnn(C(C)(C)C)c2)ncn1,19.65
O=C(c1cccs1)N1CCN(C(=O)c2cccc3ccccc23)CC1,-2.8000000000000003
O=C(c1ccc(-n2cccc2)cc1)N1CCN(S(=O)(=O)c2ccc3c(c2)OCCO3)CC1,11.35
CN(CC(=O)N1CCC[C@H](n2ccnc2)C1)c1cnccn1,-1.5
COc1ccccc1CNC(=O)CC(C)n1nc(C)cc1C,17.3
CCOc1ccc(NC(=O)CC2C(=O)N(c3ccc(OC)cc3)C(=O)N2C(C)C)cc1,8.7
CCc1ccc(NC(=O)Cn2nc(SC)c(S(C)(=O)=O)c2N)cc1,27.25
C[C@]1(NC(=O)CSc2nnc(C3CC3)o2)CCS(=O)(=O)C1,11.3
COc1ccc(S(=O)(=O)NC[C@H]2CCCCN2)cc1C.Cl,5.5
Cc1ccc(NC(=O)CN2CCCC2)cc1S(=O)(=O)N1CCOCC1,6.6499999999999995
COCCCNC(=O)c1cc2c(=O)n3ccccc3nc2n1Cc1ccccc1,-19.85
CCN(CC)C1=NC(=O)[C@H](CC(=O)Nc2ccc(C(C)=O)cc2)S1,-1.0
COc1ccc(CN2C[C@@H]3CC[C@H](C2)N(C(=O)c2cc(C)nc(C)n2)C3)cc1,17.799999999999997
O=S(=O)(N[C@H](c1nccs1)C1CC1)c1c(F)cccc1Cl,-2.1
CC(C)N(Cc1cccnc1)C(=O)c1ccc2c(=O)n(C)c(=O)n(C)c2n1,7.300000000000001
COCCOCC(=O)Nc1ccc2c(c1)NC(=O)[C@H](C)O2,-1.9000000000000004
O=S1(=O)CC[C@H](NCc2ccc(Br)cc2F)C1,2.0500000000000003
CC(C)(C)CCOc1cnccc1CNC(=O)N1CC[C@H](O)C(F)(F)C1,3.95
Cc1ccc(NC(=O)c2ccccc2N(C)S(C)(=O)=O)c(C)c1,0.5
Cc1cccc2c1N[C@H](C1CC1)NC2=O,12.95
COc1cc(Nc2ncc3c(n2)-c2ccc(Cl)cc2C(c2c(F)cccc2OC)=NC3)ccc1C(=O)O,14.3
COc1ccccc1OCc1ccc(C(=O)N(Cc2ccco2)C2CC2)o1,-16.95
Cc1cc(C(=O)N2CCC[C@H](n3cccn3)C2)no1,2.5
Cc1cc(=O)c(C(=O)NCC2CCCC2)nn1-c1ccccc1F,10.95
COc1ccc(Nc2ccc(NC(=O)CN(C)C(=O)c3ccco3)cc2)cc1,15.5
O=C(Cn1c(=O)c2cccn2c2ccccc21)NCc1ccc(F)cc1,8.95
COc1ccccc1NC(=O)Cc1noc2ccccc12,11.1
CC[C@H]1CSC(Nc2ccc(C(C)=O)cc2)=N1,-9.45
NC(=O)[C@@H]1CCCCN1CCCc1nnnn1-c1ccccc1,3.899999999999999
C[C@H](NC(=O)c1ccc(-n2c(=O)n(C)c(=O)n2C)cc1)c1ccc(F)cc1,-22.65
CC1CCC(=O)N1c1ccc(NC(=O)N2CCN(c3ccncc3)CC2)cc1,6.5
NS(=O)(=O)c1ccc(NS(=O)(=O)CCC2CCCCC2)cn1,-17.1
COc1cccc(CC(=O)N2CCOc3ccc(CN4CCCC4)cc3C2)c1,-8.549999999999999
Cn1c(=O)c2c(nc(Sc3nc4ccccc4n3CC(=O)N3CCOCC3)n2C)n(C)c1=O,-24.0
CC[C@H]1c2ccsc2CCN1C(=O)CNC(=O)c1cc(OC)c(OC)c(OC)c1,0.1666666666666666
COc1ccc(-c2cc(C(=O)Nc3cc(OC)c(OC)c(OC)c3)on2)cc1OC,13.75
Cc1cnn(CC(=O)N2CCC(CN3CC(C(=O)N4CCCC4)CC3=O)CC2)c1,7.35
O=C(CC[C@H]1Cc2ccccc2NC1=O)NCCc1ncc[nH]1,2.400000000000001
Cc1noc([C@H](C)N2CCN(c3cc(Cl)ccc3C#N)CC2)n1,0.8999999999999999
CCn1nc(-c2ccc3c(c2)OCCCO3)ccc1=O,23.5
Cc1cc(C(=O)N2CCOC[C@H]2c2c(C)nn(C)c2C)c(C)o1,6.266666666666667
C[C@@H](c1nc2ccccc2s1)N(C)C(=O)NCC(F)(F)F,-1.0499999999999998
COc1cccc(NC(=O)CON=C(N)c2cccs2)c1,6.050000000000001
COc1ccc(N2C(=O)C(C)CS2(=O)=O)cc1S(=O)(=O)N(Cc1ccccc1)C(C)C,10.55
COc1cccc(NC(=O)COc2ccc(C(=O)Nc3ccc(OC)nc3)cc2)c1,16.066666666666666
CN(C)C(=O)N1CCN(C(=O)c2cnn(C)c2)[C@H]2CS(=O)(=O)C[C@H]21,7.75
O=C(CC1=C2CCCCC2NC1=O)NCc1ccc(Cl)cc1,-7.9
CC(C)C(=O)N1CCn2nc(CNC(=O)COCC3CCCO3)cc2C1,10.1
COc1cccc(-c2ccc(C(=O)N3CCN(CCSC)CC3)o2)c1,12.8
Cc1nccn1-c1cccc(N[C@@H](CCO)C(C)C)n1,0.6
CCc1ccc(CN2CCc3c(C(=O)N(C)[C@H]4COC[C@@H]4O)csc3C2)nc1,19.5
O=C(NCc1ccc(-n2ccnc2)nc1)Nc1cccnc1N1CCCC1,0.1999999999999999
COCCn1ncc(N2CCC(C(=O)N3CCN(c4nc(-c5ccc(Cl)cc5)no4)CC3)C2)cc1=O,-1.1500000000000004
CC(C)c1onc(-c2c(Cl)cccc2Cl)c1COc1ccc(/C=C/c2cccc(C(=O)O)c2)c(Cl)c1,82.5
O=C1CC[C@H](NS(=O)(=O)Cc2cccc(C(F)(F)F)c2)CN1,8.1
Cn1ccc2c(OCC(=O)Nc3ccc(C(N)=O)cc3)cccc2c1=O,-16.2
CCC(N)(CC)CNS(=O)(=O)c1cc2c(cc1C)OCO2.Cl,-9.4
CCN(CC)[C@@H](CNC(=O)c1cccnc1SC)c1ccsc1,-2.8499999999999996
CO[C@H]1C[C@@H](C(N)=O)N(C(=O)Cc2cccc(C3CC3)c2)C1,11.65
CCC(C)NC(=O)CN1C(=O)COc2ccc(Cl)cc21,5.2
Cc1ccc(F)cc1N1C(=O)C2C3CCC(C3)C2C1=O,11.05
COc1cccc(CN2CCC(c3nc(C)no3)N(C(=O)c3ccccc3)CC2)n1,13.5
CSCCC(=O)NC1CC(=O)N(Cc2ccccc2C(F)(F)F)C1,21.6
CO[C@@](C)(c1nc(C(C)(C)NC(C)=O)no1)c1ccccc1F,3.85
CC(C)CCNC(=O)CNC(=O)C1CC(=O)N(c2ccccc2)C1,5.25
CCOc1ccc(Cl)c(C(=O)N[C@@]2(C)CCS(=O)(=O)C2)n1,-0.15
COc1ccc(C(NC(=O)c2cc(=O)c3ccccc3o2)C2CC(O)C2)cn1,16.95
CCOc1ccc(-c2nc(C#N)c(NCCCOC)o2)cc1,23.85
COc1ccc(CN2CCN(Cc3ccc(C)cc3)C(CCO)C2)cc1,22.4
COc1ccc2c(c1)N(C(=O)[C@@H]1Cc3ccccc31)CCO2,1.85
Nc1c(C(=O)CN2CCC[C@H]2c2cccs2)c(=O)[nH]c(=O)n1C1CC1,14.35
Cc1c(C(=O)N[C@H]2[C@H]3CCO[C@H]3[C@@H]2N(C)C)sc2nc[nH]c(=O)c12,18.0
CC[C@@H](Cc1ccc(C)cc1)N(C)C(=O)c1cn[nH]c1,-3.1000000000000014
Cc1ccc(CN2C(=O)C3CCCCC3C2=O)cc1S(=O)(=O)N1CCC2(CC1)OCCO2,12.95
Cc1ccc(NC(=O)[C@H]2CCCN(C(=O)c3c(C)cccc3F)[C@H]2c2ccc(NC3CCCC3)cc2)cc1C(F)(F)F,18.15
COc1ccc(N2C[C@@H](C)Cn3c2nc2c3c(=O)n(CCN3CCOCC3)c(=O)n2C)cc1,18.3
CN1N=C(C(=O)NC[C@H](O)c2ccccc2C(F)(F)F)CCC1=O,-11.4
CC(C)NC(=O)CN(C)Cc1nc2scc(-c3ccccc3)c2c(=O)[nH]1,0.5499999999999999
O=C1CN(CCc2ccc(F)c(F)c2)CN1CCC(F)(F)F,1.85
Cc1ccc(OCCCCN2CCC(C)CC2)cc1.O=C(O)C(=O)O,4.4
Cc1cccc(NC(=O)C2CC(=O)N(C3CCCCC3)C2)c1C,10.8
CN[C@H]1CCCN(C(=O)c2cc(OC)c3c(c2)OCCO3)C1,-12.8
Cn1cc(-c2nc([C@@H]3CCCCCN3C(=O)c3ccccn3)no2)cn1,-6.75
CC(O)CCNS(=O)(=O)c1ccc2c(c1)CN(C(=O)C1CCCCC1)CC2,3.55
CC(=O)N1CCN(Cc2noc(-c3cccc(C)c3)n2)CC1,3.75
O=C(c1cccs1)C1CCCN(C(=O)NCC2(CN3CCCC3)CC2)C1,3.5999999999999996
COc1cc(S(=O)(=O)NCCCn2ccnc2)c(OC)cc1C,14.0
CCN(Cc1ccc(OC)c(OC)c1)C(=O)[C@H]1CCCN(S(=O)(=O)c2ccc(F)cc2)C1,6.6
Cc1ccc([C@H](CNC(=O)NCc2cc[nH]n2)N2CCOCC2)o1,12.5
CN(C)CCSc1nc(CC(=O)NC[C@H](O)C2CC2)cs1,13.75
CC(C)(C)C(=O)Nc1ccc(S(=O)(=O)NCC2CCCO2)cc1,7.6
CN1CCN(C)[C@@H](CNC(=O)NCCc2cccc(Cl)c2)C1,-17.25
Cc1cc(N(C)C)cc(C)c1NC(=O)N(C)Cc1ccc2c(c1)OCO2,4.199999999999999
O=C(CSc1nc2c(cnn2-c2ccc(F)cc2)c(=O)[nH]1)N1CCCCC1,10.75
COc1ccccc1C(=O)Nc1ccc2c(C)cc(=O)oc2c1,18.700000000000003
CCc1nccn1[C@H]1CCCN(S(=O)(=O)CCc2ccc3c(c2)CCO3)C1,8.65
CCn1c(CNS(=O)(=O)c2ccc(OC)c(OC)c2)nc2ccccc21,6.9
O=C(NCc1ccoc1)NC[C@H]1CCOC1,-18.2
c1coc(CNC[C@H]2CCCn3ccnc32)c1,-14.35
COc1c([C@@H]2CCCN2C(=O)c2cccnc2N(C)C)c(C)nn1C,2.1666666666666665
COc1ccc(C(=O)Nc2ccc3nc[nH]c3c2)cc1OC,-6.95
C#CCNC(=O)[C@H](C)Nc1ccc2[nH]c(=O)[nH]c2c1,3.65
CCCCOc1ccc(C(=O)N2CCC[C@H](n3cncn3)C2)cc1,-7.55
CCCNC(=O)N1CCc2cc(S(=O)(=O)Nc3cccc(F)c3)ccc21,0.95
NC(=O)c1ccc(NC(=O)CN2CCN(S(=O)(=O)c3ccc(F)cc3)CC2)cc1,8.35
CNC[C@H]1CCCN(S(=O)(=O)c2ccc(C)cc2Cl)C1.Cl,-1.25
CCOc1ccc([C@@H]2C(C(=O)c3ccc(Cl)cc3)=C(O)C(=O)N2CCN(C)C)cc1,-13.35
CN(CCOc1ccccc1)C(=O)C1(S(C)(=O)=O)CCC1,4.25
CC(C)OCCCNC(=O)c1cnn(-c2ccccc2)c1-n1cccc1,22.35
O=C(O)c1n[nH]c2c1C[C@H]1C[C@@H]21,6.8999999999999995
O=C(NCc1ccco1)c1csc(N2CCN(c3ccccc3)CC2)n1,50.3
CCN(CC(=O)N(C)C)S(=O)(=O)c1c(C)c(C)cc(C)c1C,-0.2
O=C(Nc1cccnc1N1CCCC1)c1ccc(-n2ccnc2)cc1,9.05
C[C@@H](c1ccc(-n2cnc3ccccc32)cc1)N(C)C(=O)NC1CCOCC1,-6.65
CCOc1cc2c(cc1CNS(=O)(=O)c1ccc3[nH]c(=O)[nH]c3c1)O[C@@H](C)C2,-13.4
CCn1nccc1C(=O)N1CCC(Cc2ccc(CN3CCOCC3)cc2)CC1,12.4
CCn1cnnc1CNC(=O)c1cc(OC)ccc1Br,10.4
CCc1nc(CN2C(=O)COc3ccc(S(=O)(=O)Nc4ccccc4OC)cc32)no1,-1.65
CCCCNC(=O)c1cn(CC)cc2c(=O)n(-c3ccccc3)nc1-2,9.35
CCOc1ccc(C(=O)C2=C(O)C(=O)N(CCCn3ccnc3)C2c2cc(OC)ccc2OC)cc1,7.9
COc1ccc(OCCN2CC(=O)N(c3cccc(Cl)c3)[C@@H]3CS(=O)(=O)C[C@@H]32)cc1,12.25
CCOc1ccc(C(=O)NC2CCN(C(=O)c3cc4c(=O)[nH]c(C)cn4n3)CC2)cc1,11.3
CCCS(=O)(=O)[C@@H](C)C(=O)N1CCC(c2nc3ccccc3o2)CC1,-1.5500000000000005
CCCSCC(=O)N1CCCC2(CCC(=O)N(Cc3cnc(C)cn3)C2)C1,9.9
O=C(c1ccccn1)C1CCCN(Cc2nc3ccsc3c(=O)[nH]2)C1,9.95
COc1ccc(OC)c(S(=O)(=O)N2C3CCC2Cn2c(C)nnc2C3)c1,-26.35
COc1ccc(C(=O)N2CCN(S(=O)(=O)c3ccccc3)CC2)c(OC)c1,16.75
CO[C@@]12CC[C@@H](NC(=O)C3(C)CC3)C[C@@H]1N(C(=O)c1cc3ncccn3n1)CC2,-0.7000000000000002
CCC(C)NC(=O)Cn1nc(C)c2ccccc21,12.85
CCn1c(N2CCN(C(C)=O)CC2)nc2sc3c(c2c1=O)CCCC3,-2.55
COc1ccc(CNC(=O)[C@H](C)ON=C(N)Cc2cccnc2)cc1OC,-6.549999999999999
C#CCOc1ccc(C(=O)Nc2ccccc2OC)cc1,10.45
CCCn1c(=O)n(CC(=O)N2CCCCC[C@H]2c2cccn2C)c2ccccc21,-12.15
CCC(=O)Nc1ccc(C(=O)NCc2ccc(C)cc2)cc1,8.45
COc1ncccc1CNC(=O)CC[C@H]1CCCO1,0.25
CCn1cnnc1CNC(=O)N[C@@H](C)c1cccc(C(F)(F)F)c1,26.45
NC(=O)c1ccc(NC(=O)c2cc3cccc(F)c3o2)cn1,-3.233333333333333
O=C(NC[C@@H](c1ccco1)N1CCCCC1)c1ccc(O)nc1,-0.5999999999999999
COc1ccc(OC)c(S(=O)(=O)N2CCN(c3ccc(=O)n(-c4ccccc4)n3)CC2)c1,19.2
Cc1csc([C@@H]2CCCCN2C(=O)c2cc(C)on2)n1,10.95
Oc1ccc(-c2nc3cc(O)cc(Br)c3o2)cc1,86.3
Cc1cc(N2CCN(C(=O)Nc3ccc(OCC(C)C)nc3)CC2)n[nH]1,8.399999999999999
Cc1cc(N2CCN(C(=O)c3ccco3)CC2)n2ncc(-c3ccccc3)c2n1,5.6499999999999995
CC(C)c1nc(CC(=O)N[C@@H](C)Cn2ccnc2)cs1,-26.700000000000003
Cn1cnc2ccc(NC(=O)CCN3Cc4ccccc4C3=O)cc2c1=O,21.0
O=C(NCc1ccccn1)c1ccc(NS(=O)(=O)c2ccccc2)cc1,27.8
CCC(=O)N1N=C(c2c(O)[nH]c(=O)n(C)c2=O)CC1c1ccc(Br)cc1,27.55
Cc1cc(N2CCN([C@@H](C)C(=O)Nc3ccc(C#N)cc3)CC2)nc(C(C)C)n1,-10.85
O=C(c1cnc(CC2CC2)s1)N1CCC2(CC1)C[C@H](O)CNC2=O,16.35
O=C(c1sccc1-n1cccc1)N1CC[C@@]2(CCCOC2)C1,-24.7
CN(C)S(=O)(=O)N1CCC(Oc2ccc(C(=O)NCC(N)=O)cc2)CC1,12.9
CCNc1cnc(-c2noc(C[C@H]3CCCS(=O)(=O)C3)n2)cn1,16.133333333333333
COc1ccc(Cl)cc1C(=O)Nc1ccccc1N1CCCC1=O,103.95
O=C1CCCN1Cc1ccc(C(=O)N2CC=C(c3ccccc3)CC2)cc1,7.8
COc1c([C@@H]2CCCN2C(=O)COc2ccc(F)cc2)c(C)nn1C,28.65
CC1(C)CC(=O)c2c(Nc3ccccc3)noc2C1,9.8
C[C@@]1(C2CC2)COCCN1C(=O)c1ccc(-c2ncn[nH]2)cc1,-5.9
CCc1ccc(CC(=O)N2CCO[C@@H](COCC3CC3)C2)nc1,-20.55
Cn1c(=O)c2c(nc3n(CCO)c(-c4ccc(Br)cc4)cn23)n(C)c1=O,10.2
O=C(c1c(-c2ccccc2)cc(=O)n2c1CCC2)N1CCN(c2ccccn2)CC1,-19.15
CCCc1ccc(-c2ccc(N(C[C@@H](N)[C@@H](C)CC)C(=O)[C@@H]3C[C@H]3c3ccccn3)cc2)cc1.Cl.Cl,99.85
O=C1CN(C(=O)CCC(=O)c2ccc(Br)cc2)CCN1,2.25
CCC[C@@H]1C[C@H]1C(=O)NS(=O)(=O)c1cnn2c1OCCC2,6.3999999999999995
CCc1ccccc1N1CCN(S(=O)(=O)c2cc(OC)ccc2OC)CC1,32.4
COc1cccc(NC(=O)Nc2ncc(-c3ccccc3)n2C)c1,13.5
CN1CCN(CCCNC(=O)C2CCN(c3nc4cccnc4s3)CC2)CC1,14.35
Cc1cc(C)n(C[C@@H](C)CNC(=O)C2CCN(C(N)=O)CC2)n1,16.4
CCOc1ccc(N2CC(C(=O)N3CCN(CC)CC3)CC2=O)cc1,9.45
O=C(CC[C@H]1Cc2ccccc2NC1=O)NCc1ccccc1F,-8.7
CN(Cc1cccc(F)c1)S(=O)(=O)c1cccc(-n2cnnn2)c1,10.35
CCc1nc([C@H]2CCCN(C(=O)c3ccc(O)nc3)C2)no1,6.6000000000000005
CCN1C[C@@H](C(=O)NCc2ccc(-n3ccnc3)c(F)c2)CC1=O,11.35
CC1OC(OC2CC(O)C3(CO)C4C(O)CC5(C)C(C6=CC(=O)OC6)CCC5(O)C4CCC3(O)C2)C(O)C(O)C1O,8.35
Cc1cc(S(=O)(=O)N2CCC[C@H](N)C2)ccc1Br,0.65
CCC(CC)[C@H](NC(C)=O)[C@@H]1[C@H](O)[C@@H](C(=O)O)C[C@H]1NC(=N)N.O.O.O,14.1
COc1ccnc(C(=O)N2CCCN(C(=O)C(O)Cc3ccccc3)CC2)c1,-3.1
O=C(COc1cccnc1)N[C@@H]1[C@@H]2CCO[C@@H]2[C@@H]1C1CCCC1,10.95
Cc1ccccc1S(=O)(=O)N(C)CC1CCOC1,6.699999999999999
COCc1ccc(C(=O)N2CCCC[C@@H]2CNS(C)(=O)=O)cc1,1.25
CCNC(=O)c1ccc2c(c1)n(Cc1ccc(OC)cc1)c(=O)c1ccnn12,20.4
COc1ccccc1CNC(=O)c1cn(-c2cc(N3CCOCC3)ncn2)cn1,10.95
O=C(O)c1ccc(-c2c[nH]c3ncc(-c4ccccc4)cc23)cc1C1CCCC1,54.85
Cc1cc(C(=O)NCCC(C)C)c2ccccc2n1,13.4
CCc1ccc(NC(=O)CC2C(=O)N(c3cccc(OC)c3)C(=O)N2CCOC)cc1,9.45
Cc1nc2ccc(NS(=O)(=O)c3ccc(Cl)cc3)cc2[nH]1,9.55
CCO[C@@H](C)c1ncc(C(=O)NC(C)(C)c2nc(C)c[nH]2)s1,-19.45
C[C@@H](Cc1cccs1)C(=O)N(C)S(C)(=O)=O,-8.3
O=C(Nc1cnc(N2CCCCC2)nc1)c1ccc(F)cc1F,15.85
C[C@H](NC(=O)c1ccc(Br)o1)c1nnc2n1CCC2,-1.6
C#C[C@H](COC)NC(=O)c1cc(Cl)c2c(c1)OCCCO2,10.65
O=C(CCCCCn1c(=O)[nH]c2ccsc2c1=O)NCc1ccc2c(c1)OCO2,-7.450000000000001
Cc1cccc(CC2(NC(=O)[C@H]3CNC[C@@H](C(=O)N4CCOCC4)C3)CC2)c1,0.5500000000000003
Cn1c(N2CCCC(C(=O)NCc3cccs3)C2)cc(=O)n(C)c1=O,9.7
CC1(C)C(=O)NC(=O)N1CC(=O)N1CCC[C@H](S(=O)(=O)NC2CCCC2)C1,6.6499999999999995
O=C(CC[C@H]1Cc2ccccc2NC1=O)Nc1ccnc2ccnn12,-0.3500000000000005
Cc1cccc(N(C)S(=O)(=O)c2ccc3[nH]c(=O)[nH]c3c2)n1,36.2
Cc1cn2c3c(=O)[nH]c(=O)n(C)c3nc2n1CCCN1CCCCC1,6.1499999999999995
COc1ccc(CN2CCNC(=O)C2CC(N)=O)c(OC)c1,5.45
Cc1cc(N2C(=O)CCS2(=O)=O)cc(C)c1S(=O)(=O)Nc1ccccc1,5.1
C#CCN1CCC[C@H]1c1cccc2c1OCCO2,-8.2
O=C1CCCN1c1cccc(Nc2ncnc3ccccc23)c1,-18.950000000000003
CNS(=O)(=O)c1cc(NC(=O)c2cncn2-c2ccccc2)ccc1C,8.9
O=C(c1n[nH]c(=O)c2ccccc12)N1CCC[C@H](C(F)(F)F)C1,-29.6
COc1ccc([C@@H]2CCCN2C(=O)c2cc(C(C)C)[nH]n2)cc1,6.65
Cc1nc(-c2cccc(NC(=O)[C@H]3CCc4nnnn4CC3)c2)oc1C,5.0
Cn1ccnc1Sc1ncc(C(=O)Nc2ccncc2)cc1Cl,8.4
CO[C@@H]1C[C@H](COc2cccnc2)N(S(=O)(=O)CC(C)C)C1,5.65
O=C(CCN1C(=O)COc2ccccc21)N1CCC(Cc2ccccc2)CC1,-15.2
CCC(C)NC(=O)NC1CCN(c2nc3cccnc3n(Cc3ccc(C)cc3)c2=O)CC1,14.7
O=C(Nc1cnn(Cc2ccccc2F)c1)N[C@H]1COC[C@@H]1N1CCCC1,-1.25
Cc1ccc(-n2[nH]c(C(=O)Nc3cccc(C)c3O)cc2=O)cc1,66.75
Cc1cc(C(=O)NS(=O)(=O)CCc2ccccc2)c(C)o1,6.75
CN(Cc1nccn1C(F)F)C(=O)c1ccc2c(c1)C(=O)N(C)C2=O,6.85
COc1ncc(-c2ccc3c(Nc4cc(Oc5cc(F)cc(F)c5)cc(C(=O)O)c4)c(S(=O)(=O)NC4CC4)cnc3c2)c(OC)n1,95.7
CCNc1nc(SCC(=O)N2CCN(CC(=O)NC(C)(C)C)CC2)nc2ccccc12,-2.8
CCON=C(C)c1c(C)[nH]c(=O)[nH]c1=O,7.8
COC[C@@H]1CC(F)(F)CN1C1CN(C(=O)c2ccco2)C1,6.6
Cn1ncc(CNC(=O)[C@H]2CCc3ccccc3C2)n1,-5.5
CCOc1ccc(C(=O)C2=C(O)C(=O)N(CCCOC)C2c2ccc(F)cc2)cc1,8.95
CC(C)Cn1c(=O)c2ccc(C(=O)NC3CCCC3)cc2n2c(=O)[nH]nc12,15.0
Cc1ccc(NC(=O)Cc2ccc(-n3cccc3)cc2)nc1,-13.0
O=C(Nc1ccccc1-n1cccn1)c1n[nH]c2ccccc2c1=O,14.2
Cl.Cl.c1ccc(Cn2cncc2CN2C[C@H]3CC[C@@H](C2)NC3)cc1,13.3
CCCCn1c(=O)c(C(=O)Nc2cccc(C)c2)c(O)c2ccccc21,-2.7
CS(=O)(=O)N1CCC(N2C(=O)C3(CCCC3)C2c2ccccc2)CC1,11.15
CCOc1ccc(C(=O)NCCn2cnc3ccccc32)cc1OC,13.0
CCOC1CCN(C(=O)[C@H]2CC(=O)N(c3ccc(C)c(F)c3)C2)CC1,6.55
CC[C@@H](CNC(=O)c1ccoc1C)N1CCCC1,4.75
Cn1c(=O)n(C)c2cc(NC(=O)N[C@H]3COC[C@@H]3N3CCCCC3)ccc21,11.5
CC(=O)c1c(F)cc(F)cc1OCCCC(C)(C)C#N,18.5
Cc1nnc(NC(=O)NC[C@H](C)N(C)c2ccccc2)n1C,13.1
CCc1ccc([C@@H](NC(=O)N2CCC3(C2)OCCO3)C(C)(C)C)o1,-0.9500000000000002
CC(C)(C)C(=O)/C(=C/c1cccc([N+](=O)[O-])c1)n1cncn1,80.9
CCOC[C@@H](O)CN1CCN(C(=O)c2ccc(OCC)cc2)CC1,-11.6
CCc1nocc1CN(CC(N)=O)C(C)C,9.7
CCN1C(=O)C2CC3(CCN(C(=O)c4cccc(C#N)c4)CC3)CN2C1=O,-3.6
COCC(=O)N(C1CCOCC1)C1CCN(C(=O)c2cnc(C)nc2)C1,19.2
Cc1cnn(C[C@H]2CN(Cc3nnc(C(C)C)o3)CCO2)c1,11.2
Cc1noc(C)c1CNC(=O)[C@@H]1CC(F)(F)CN1C1CN(C(=O)C2CC2)C1,-11.85
Cl.O=C(NCC1(Cn2cccn2)CC1)C1C=CCN1,8.25
O=S(=O)(Nc1ccc(F)c(Cl)c1)c1cnc2n1CCC2,-6.2
COc1ccc(S(=O)(=O)NC2CC2)cc1NC(=O)C1=Cc2ccccc2OC1,1.8000000000000005
CN1CC[C@H](Nc2ccc(C(=O)N3CCCCC3)c(Cl)c2)C1=O,-2.0000000000000004
COc1cccc([C@@H](O)COc2ccc3c(C)cc(=O)oc3c2)c1,-5.35
Cn1cc(N2C[C@@H](NS(=O)(=O)CCC3CCCC3)CC2=O)cn1,0.6000000000000005
N#CCN(Cc1ccccc1)C(=O)COc1ccccc1F,7.300000000000001
CCN1C(=O)c2ccccc2Sc2ccc(NC(=O)N3CCN(C)CC3)cc21,15.8
Clc1ccc(/N=c2\ssnc2Cl)cc1,96.85
CCc1n[nH]c([C@@H]2CN(C(=O)c3cc(Cl)c[nH]3)CCO2)n1,13.55
C[C@@H](CCc1ccc(O)cc1)NC(=O)N1CC2(C1)CS(=O)(=O)C2,-37.8
Cc1nn(C)c(C)c1CNC(=O)Nc1cccc(Cl)c1,-5.949999999999999
CCCn1c(=O)c(C(=O)NCCC(C)C)c(O)c2ccccc21,-1.85
CCC[C@@H]1NC(=O)N(CC(=O)Nc2ccc(C(C)C)cc2)C1=O,3.15
CC(=O)c1cccc(NC(=O)Nc2ccc3c(c2)oc(=O)n3C)c1,2.6000000000000005
CS(=O)(=O)N1CCC[C@H](CN2CCN(c3ccccc3F)CC2)C1,4.55
CN(Cc1nncn1C)C(=O)[C@@H]1C[C@]12CCOc1ccccc12,-13.1
CCN(CCNC(=O)C1CCN(S(=O)(=O)c2cccc3nsnc23)CC1)c1ccccc1,1.7499999999999996
O=C(C[C@H]1CCS(=O)(=O)C1)Nc1nc2cc(F)c(F)cc2s1,8.8
CNc1snc(C)c1C(=O)N1CCC[C@H](n2ccnc2C(C)C)C1,-10.566666666666666
O=C(NO[C@@H]1CCCCO1)c1cc(OCC(F)F)ccn1,14.1
COc1ccc2c(C)[nH]/c(=N\c3nc(=O)c(C)c(C)[nH]3)nc2c1,97.15
C[C@H]1C(=O)N(CC(=O)NC(C)(C)C)C(=O)N1c1ccccc1,11.4
CC(=O)N(CCCN1CCOCC1)C1CCCN(C(=O)CCc2c(C)nn(C)c2C)C1,1.7000000000000002
CC(C)CC[C@]1(C)NC(=O)N(CC(=O)Nc2ccc(F)c(F)c2)C1=O,3.6333333333333337
CC(C)n1nccc1NC(=O)CN1CCC[C@@H]1Cn1cccn1,-11.35
CC(C)CNC(=O)[C@@H]1CC(=O)Nc2ccccc21,-13.65
COc1ccc(NC(=O)CN2CCCC[C@@H]2C)cc1OC,4.0
CC1(C)C(=O)N(CN2CCC(OC[C@H]3CCCO3)CC2)C1(C)C,11.5
Cn1sc(=O)n(Cc2ccccc2)c1=O,77.9
COc1cn(CC(=O)Nc2ccc(C(C)=O)cc2)c(CSc2ccccc2)cc1=O,-20.05
Cc1cnn(C[C@H]2CN(Cc3nccn3CC(F)(F)F)CCO2)c1,-2.75
COc1ccc(OC)c(C(O)CN2CCN(c3ccccc3F)CC2)c1,1.85
CC(C)n1c(=O)n(CC(=O)NCc2cccs2)c2cc(S(=O)(=O)N3CCCC3)ccc21,7.5
Cc1cc(-c2cn3cc(C(=O)NCCC(N)=O)nc3c(=O)n2C)c(C)o1,6.85
COc1cc(Cc2cnc(N)nc2N)cc(OC)c1OC,90.2
CC(C)n1ncc2cc(S(=O)(=O)Nc3ccccc3C(=O)N(C)C)ccc21,-24.25
CCN(CC(=O)Nc1cccc(N2CCOC2=O)c1)c1ccccc1,1.8999999999999997
COc1ncnc(N)c1CNCc1cn(C)nc1C(F)(F)F,4.3
O=c1ccn(CCCOc2ccc3c(c2)OCO3)c2ccccc12,-8.95
CS(=O)(=O)N[C@@H]1[C@@H](NC(=O)c2ccc3scnc3c2)[C@H]2CCO[C@H]21,7.0
CN(CCSc1cnn[nH]1)c1ccccc1,1.2000000000000002
CC(C)C(=O)N(Cc1ccccc1)S(=O)(=O)c1ccc2c(c1)oc(=O)n2C,16.6
Cc1cnc(C(=O)Nc2ccc(-c3csc(N4CCOCC4)n3)cc2)cn1,-15.55
CN(C(=O)Cn1ccn2nc(-c3ccc(F)cc3)c(CO)c2c1=O)c1ccccc1,11.95
COc1ccc(C(=O)Nc2ccc(NC(C)=O)cc2)cc1Br,8.85
Cc1ccc(CC(=O)N2CCN(C[C@H]3CCCCN3C)CC2)cc1,-8.35
CCn1ccc(C(=O)N2C[C@@H](Oc3ccccc3)C[C@H]2C(=O)NCCOC)n1,2.05
CCc1ccc(CN(C)C(=O)CS(=O)(=O)C(F)F)cc1,-4.6
COc1ccc(S(=O)(=O)Nc2ccccc2I)cc1OC,-8.966666666666667
Cc1ccn2cc(C(=O)Nc3cccc(N4CCCC4)c3)nc2c1,12.95
CC(C)n1nnc2cc(S(=O)(=O)N3CCCC(C(=O)NCCCN4CCCC4=O)C3)ccc21,11.25
COc1ccccc1CNC(=O)CC1COCCN1C(=O)C1CCCCC1,0.8999999999999999
Cc1ccc(C(=O)Nc2ccccc2C(N)=O)cc1S(=O)(=O)N1CCOCC1,5.800000000000001
O=C(Nc1nc(-c2cccnc2)cs1)N(C1CC1)[C@H]1CCS(=O)(=O)C1,14.8
Cc1cnn(C[C@H]2CCCN2CC(=O)N(C)C(C)(C)C#N)c1,17.03333333333333
CCCCc1c(Cl)nc(N)nc1N1CCN(C(=O)[C@H](C)O)CC1,-2.0999999999999996
COc1ccccc1N1CC[C@H](C)N(CC(=O)N2CCc3ccccc3C2)CC1,-5.6
COc1ccc(CNc2cc(N3CCC[C@@H]3CO)ncn2)cn1,-21.0
Cc1ccccc1C(=O)CC1(O)C(=O)Nc2ccc(Br)cc21,22.65
Cc1n[nH]c(C)c1S(=O)(=O)N1CCCC(C(=O)Nc2ccc(Br)cc2)C1,7.65
Cc1ccc(C)c(-c2cc(C(F)(F)F)nn2-c2ccc(S(N)(=O)=O)cc2)c1,102.25
CCn1cc(C(=O)NCc2cccc(OC)c2)c2nn(-c3ccccc3)c(=O)c-2c1,8.4
COc1ccccc1N1CCN(C(=O)NCc2cc[nH]n2)CC1,8.5
Cc1n[nH]c(C)c1CCN(C)C(=O)Nc1cc(F)ccc1Cl,12.6
COc1ccnc(N2CCN(C(=O)CC[C@H]3CCCO3)CC2)n1,-13.05
N#Cc1ccc(-n2ccc(C(F)(F)F)n2)cc1,18.3
Cc1cc(NC(=O)c2ccc(N3CCNC3=O)cc2)ccc1C(=O)N(C)C,13.6
[Cl-].c1ccc2c(c1)[I+]c1ccccc1-2,93.4
CCCn1c(C)cn2c3c(=O)n(CC(C)C)c(=O)n(C)c3nc12,7.65
CCOc1ccc(C(=O)NC[C@]2(N3CCOCC3)CCSC2)cn1,-10.55
COCc1cc(CNC(=O)NC[C@H]2CCCS2(=O)=O)ccc1F,0.25
CC(Oc1ccc(C(C)(C)C)cc1)C(=O)NCC1CCCO1,-2.85
Cc1oc2ncn(C)c(=O)c2c1C(=O)Nc1cccnc1,11.25
CCCn1c(=O)c2sccc2n2c(CCCC(=O)NCc3cccs3)nnc12,9.95
CCn1c(CN2CCN(S(C)(=O)=O)CC2)nc2cc(NC(=O)c3ccco3)ccc21,2.3499999999999996
CCCCNC(=O)N1CCC(N(C)OC)CC1,-3.5
COc1cc(CN2CCN(c3ccccc3C)CC2)ccc1O,6.05
Nc1nnc(SCc2nnc(-c3ccc(Cl)cc3)o2)[nH]1,-0.9000000000000004
O=C(CN1CCC[C@H](c2ccn[nH]2)C1)Nc1nncs1,-24.85
O=C(C[C@@H]1NC(=O)c2ccccc2NC1=O)NCCn1ccc2ccc(F)cc21,10.6
CCCOc1ccc([C@H](C)NC(=O)C2=NN(C)C(=O)CC2)cc1OC,11.5
CN(Cc1ccc2c(c1)OCO2)C(=O)CCC(=O)c1cccs1,-17.049999999999997
Cc1ccc(NC(=O)N2CCCCC[C@H]2c2noc(C)n2)c(F)c1,-7.699999999999999
CCn1ccc2cc(S(=O)(=O)N3CCCN(C(=O)Nc4ccccc4OC)CC3)ccc21,-4.75
Cn1cc(C(=O)NCc2ccccn2)c2ccccc21,5.7
Cn1cc(CN[C@H]2CCCN(c3ccc(C#N)cc3F)C2)c(=O)n(C)c1=O,7.2
CN(C)[C@@H](CNS(=O)(=O)N1CCOCC1)c1ccco1,0.9500000000000002
CCCOc1cccc2c(NC[C@H]3CC(=O)N(C4CC4)C3)ccnc12,-14.45
CC(C)C(=O)NCCNC(=O)c1ccc2c(c1)CCN2S(C)(=O)=O,-1.85
O=C([C@@H]1CCCN1Cc1ccccc1)N1CCN(Cc2nnc[nH]2)CC1,17.85
COc1ccccc1NS(=O)(=O)c1cc(-c2nnc(C(=O)N3CCCCC3)o2)cs1,12.7
N#Cc1c(F)cccc1OCC(=O)NC[C@H]1CCCO1,1.6500000000000004
Cn1cc(CC(=O)Nc2ccccn2)c2ccccc21,10.1
Nc1ccc(Nc2ccc(F)cc2)c2ccncc12,101.9
Cc1nc2ccccc2c(=O)n1Cc1cccc(F)c1,3.4162865
O=C([C@@H]1Cc2cc(Cl)ccc2O1)N1CCC(NS(=O)(=O)c2cccs2)CC1,-5.25
Cc1nc2cc(=O)[nH]n2c(C)c1CC(=O)N1CCC[C@@H]1CF,13.5
CN1CCN(C(=O)c2ccc(-n3nc(-c4ccc(C(=O)O)cc4)cc3-c3cc(C(C)(C)C)cc(C(C)(C)C)c3)cc2)CC1,99.0
O=C(CN1C(=O)N[C@@]2(CCCc3ccccc32)C1=O)NCc1ccco1,10.766666666666666
CCC[C@H](NCc1csc(N(C)C)n1)c1ncccc1Cl,102.1
CCN1CCN(C(=O)c2ccc3c(c2)n(Cc2ccccc2)c(=O)c2ccnn23)CC1,16.4
CCNc1ccc(S(=O)(=O)N2CCOCC2)cc1NC(=O)[C@@H]1CC=CCC1,6.466666666666666
O[C@H](CN1Cc2ccccc2C2(CCC2)C1)Cn1cccn1,7.449999999999999
Cc1ccc(N2CC(C(=O)N3CCC(C(N)=O)CC3)CC2=O)cc1Cl,4.5
O=C1CCCN1c1ccc(OCc2csc([C@@H]3CCCO3)n2)cc1,-2.65
Cc1cc(OCC(=O)N2CCOC[C@H]2c2ncon2)cc(C)c1Cl,-27.95
CC(C)NC(=O)N(CCN1CCOCC1)CC(=O)N1CCc2sccc2C1COc1ccc(F)cc1,13.1
CCN(C)C(=O)c1cccc(NC(=O)N2CCC[C@@](O)(CC(=O)N(C)C)C2)c1,22.7
CCCCNC(=O)CCc1c(C)nc2c(c(C)nn2C)c1C,12.6
NC(=O)c1ccc(NC(=O)C[C@@H]2NC(=O)N(CCc3c[nH]c4ccccc34)C2=O)cc1,7.35
O=C1NC(=O)C(c2ccccc2)(c2ccccc2)N1,13.25
Cc1ccccc1OCCN(C)[C@@H](C)c1nc(N)nc(N(C)C)n1,18.05
O=c1ccc(-c2nc(-c3cccs3)no2)cn1Cc1cc(=O)n2ccccc2n1,20.200000000000003
Cc1ccc(CNC(=O)c2nsc(C(=O)N3CCN(c4ccccn4)CC3)c2N)cc1,55.2
Cn1cc(OCc2ccccc2)c(=O)cc1C(=O)Nc1nc2c(s1)CCC2,-13.95
Cc1nn(C)c(C)c1CCNC(=O)[C@@H]1C[C@H](Oc2ccccc2)CN1C1CCOCC1,-8.850000000000001
O=C(NCc1ccccc1CN1CCC(O)CC1)Nc1ccc2c(c1)OCCO2,5.4
Cn1cnn(CC(=O)N[C@H](c2ccc3c(c2)OCCO3)C2CC2)c1=O,18.85
CC1CC(C)CN(CC(=O)Nc2ccccc2C(N)=O)C1,6.199999999999999
CCOC[C@@H](O)CN1CCN(C(=O)c2occc2C)CC1,-16.25
Cc1cnn(C[C@H]2CCCCN2C(=O)c2ccnc(N(C)C)c2)c1,-13.35
CC(C)N1C(=O)N[C@]2(CCN(Cc3nc4ccccc4n3C)C2)C1=O,2.0
CCCn1c(SCC(=O)Nc2ccc(C)c(S(=O)(=O)N(CC)CC)c2)nc(O)cc1=O,15.433333333333332
CCn1cc(CN2CCO[C@H](C)[C@H]2c2nc(C3CC3)no2)nn1,0.7000000000000001
COCCn1cc(NC(=O)[C@H](C(C)C)N(C)C)ccc1=O,3.2
O=C(c1ocnc1C(F)(F)F)N1CCCSCC1,-14.533333333333331
CCOc1ccc2nc(SCC(=O)N3CCC3)[nH]c2c1,-5.25
O=C(Cc1ccc(Br)cc1)N1CCC[C@H](n2cncn2)C1,-24.05
Cc1cnc(C(=O)NC2C[C@H]3CC[C@@H](C2)N3C(=O)COc2ccc(F)cc2)cn1,15.4
CC(NC(=O)c1cccn1C1CC1)c1ncnn1C,18.4
Cc1nc(C#N)n(CC(=O)C(C)(C)C)c1C,1.5999999999999996
COC1C(=O)N(C2CCN(C(=O)CCCc3ccccc3)CC2)C12CCOCC2,7.5
CS(=O)(=O)Nc1ccc(F)cc1C(=O)N[C@H]1CCCc2sccc21,2.733333333333333
COc1ccc(C(=O)N2CCCC(OCc3cccnc3)C2)o1,8.950000000000001
CNS(=O)(=O)c1cccc([C@H](C)NC(=O)Cc2cc3ccccc3[nH]c2=O)c1,-4.6
Cc1nn(CC(C)C)c(Cl)c1C(=O)NCCc1ccsc1,-16.75
Cc1oc(C2CCN(C(=O)c3ccc(F)cc3)CC2)nc1C(=O)N(C)C,13.05
CC(C)N(C)Cc1ccccc1CNc1nc(=O)c2cn[nH]c2[nH]1,0.4500000000000002
C[C@@H](c1ccsc1)N1CCN(C(=O)c2ccsc2)CC1,7.5
COc1ccc(C2(C(=O)N3CCN(c4cncc(F)c4)CC3)CCC2)cc1,8.15
Cc1cc2nc(C)c(CCC(=O)N3CCC[C@H](C(F)(F)F)C3)c(C)n2n1,6.3999999999999995
O=C(c1snnc1-c1ccccc1)N1CCOCC1,4.3
O=S(=O)(c1ccc(F)cc1)N1CCN(Cc2ccc3c(c2)CCO3)CC1,-9.9
CC(=O)Nc1cc(S(=O)(=O)Nc2cccc3c2OCCO3)ccc1O,-3.85
Cc1nn(C)c(C)c1S(=O)(=O)NC[C@H]1CC(C(F)(F)F)=NO1,15.15
COCCNC(=O)c1cccc(NC(=O)N2CCN(C(C)=O)CC2)c1C,16.6
CCc1ccc(O)c(NC(=O)[C@H]2CC23CCS(=O)(=O)CC3)c1,-13.7
C[C@@H](c1ccc(F)cc1)N(C)C(=O)c1ccoc1,16.4
Cc1cc(C(=O)N2CCC[C@H](CNS(C)(=O)=O)C2)on1,7.1
O=C(CCc1nnc2ccccn2c1=O)NCCc1ccncc1,4.5
CCCC[C@@H](C(=O)NCc1cccc(NC(=O)c2ccco2)c1)N1CCCS1(=O)=O,-0.7500000000000002
CCc1c[nH]c(SCc2cc(C)on2)n1,19.3
O=C(Nc1ccc([N+](=O)[O-])cc1O)Nc1ccccc1Br,89.25
CN(Cc1nc2scc(-c3ccco3)c2c(=O)[nH]1)[C@H]1CCS(=O)(=O)C1,16.0
O=C(Cn1cnc2ccccc2c1=O)N1CCC[C@H](C(F)(F)F)C1,16.15
Cc1ccc(NC(=O)C[C@@H]2SC(N3CCCCC3)=NC2=O)cc1,4.5
CCCNC(=O)CS(=O)(=O)c1nc2c(n1-c1ccccc1)CCCC2,-1.0499999999999998
COc1ccc(NC(=O)COc2ccc(S(=O)(=O)N3CCCC3)cc2)cc1,14.7
C[C@H]1CN(Cc2ccccc2)CCN1C(=O)Nc1ccc2c(c1)S(=O)(=O)CC2,26.45
CC(C)[C@@H]1CN(C)CCN1C(=O)c1cc(N2CCCC2=O)cc(C(F)(F)F)c1,17.1
Cc1[nH]nc(CCC(=O)N2CCC3(CCC(=O)N(CC4CCCO4)C3)CC2)c1C,6.699999999999999
CCN1CCN(c2ccc(Cl)cc2NC(=O)c2ccc(=O)n(C)n2)CC1,1.7333333333333345
CCOc1ccc(CNC(=O)CCCn2ncn3c(cc4occc43)c2=O)cc1,13.9
Cc1c(F)cccc1NC(=O)CN1C[C@H]2CC[C@@H](C1)N(C)C2=O,11.2
CCO[C@@H](CCNC(=O)c1csc(-c2ccoc2)n1)C(C)C,9.65
O=C(NC[C@H]1CCCN(Cc2ccccc2)C1)c1ccncc1,-6.749999999999999
Cn1c(=O)n(C)c2cc(NC(=O)N3CCN(C(=O)c4ccco4)CC3)ccc21,-4.5
Cc1cc(C)n(-c2cc(N3CCN(C(=O)Nc4ccccc4)CC3)ncn2)n1,10.75
CCn1c(CN2CCN(S(C)(=O)=O)CC2)nc2cc(NC(=O)C(C)C)ccc21,13.35
COc1ccc(NC(=O)NCc2ccccc2Cn2ccnc2)c(OC)c1,-8.2
Cc1cccc(N(C)c2nnc(-c3cn(C)nn3)n2C)c1,-1.1500000000000004
CO[C@H]1C[C@H](NC(=O)Nc2ccc(OC(C)C)cc2C(F)(F)F)C1,3.933333333333332
Cc1cccc(CN2CCCn3nc(C(=O)NCCCN4CCN(C)CC4)cc3C2=O)c1,0.9000000000000004
O=C([C@@H]1Cc2ccccc21)N1CCOC2(CCS(=O)(=O)CC2)C1,-1.95
CCCCN(C)c1ccc(C(=O)N2CC(N3CC[C@H](O)C3)C2)cc1,-15.5
CC(=O)c1nnn(-c2ccc(Br)cc2)c1C,5.0
CCc1n[nH]c([C@@H]2CN(C(=O)COc3ccccc3C#N)CCO2)n1,19.5
CCCc1cc(=O)n2nc(N3CCC(C(=O)Nc4cccc(F)c4)CC3)sc2n1,21.95
CCn1c(CN2CCN(c3cccc(Cl)c3)CC2)nc2c1c(=O)[nH]c(=O)n2C,16.9
CCCCCNC(=O)N1CCC(CN(Cc2ccc(Cl)cc2)Cc2ccc([N+](=O)[O-])s2)C1,2.35
CNC(=O)c1cc(OC)c(OC)cc1NC(=O)c1csc(-c2ccsc2)n1,-13.4
O=C(c1cccc(S(=O)(=O)N2CCc3ccccc32)c1)N1CCOCC1,-2.1666666666666665
CNS(=O)(=O)c1cn(CC(=O)Nc2ccc(Cl)cc2)cc1S(=O)(=O)NC,5.7
NC(=O)C1CCCc2c1[nH]c1ccccc21,3.55
Cc1nc([C@@H]2CCCN2C(=O)c2cnns2)no1,-6.1000000000000005
Cc1cc(=O)cc(C(=O)NCC2(c3ccccc3)CC2(C)C)o1,15.1
OCC1CCCN(CCNCc2ccc(Cl)c(Cl)c2)C1,77.55000000000001
C[C@H]1CN(C)CCN1C(=O)c1ccc(-c2cccs2)[nH]c1=O,3.75
CCCc1cnc(C)nc1N(C)CCC(C)(C)O,16.450000000000003
Cc1ccc(C)c(S(=O)(=O)NCCNC(=O)C[C@H](C)c2cccnc2)c1,0.2000000000000001
CCC(=O)c1ccc(N(C)Cc2cnccn2)c(S(N)(=O)=O)c1,-8.1
O=C(Nc1cccnc1)c1ccc(S(=O)(=O)c2ccccc2)s1,11.15
CCn1nc(C)c(CN2CCO[C@H](c3nc(C)n[nH]3)C2)c1C,18.5
CC(C)(C)NC(=O)Cn1cc(C#N)c(=O)c2cc(Br)ccc21,-2.3499999999999996
Cc1ccsc1S(=O)(=O)Nc1c2c(nn1C)CCC2,2.5999999999999996
Cc1ccc([C@@H]2C(C(=O)c3ccco3)=C(O)C(=O)N2CCCN(C)C)cc1,7.65
O=C(NCC(F)F)C1Cc2ccccc2C1,0.9500000000000002
CC[C@H](C)n1ncc(C(=O)N2CCSc3ccncc32)c1C1CC1,0.25
C[C@H](NC(=O)C1CCCCC1)C(=O)Nc1nncn1C1CC1,19.5
CC(C)c1nnc(C(=O)NC[C@H](O)CO)s1,13.866666666666667
CC(=O)Nc1c(F)cc(F)cc1-c1ccccc1,4.25
CN1CCN(c2ccc(NC(=O)NC3C=CS(=O)(=O)C3)cc2)C1=O,16.25
Cc1cc(NC(=O)N(C)C[C@H]2CCCCO2)n(C)n1,8.85
COCCN(C)CCN1C[C@@H](NC(=O)c2ccn(-c3ccccc3Cl)n2)CC1=O,2.8
Cc1ccc(NC(=O)CC2CCCC2)cc1S(N)(=O)=O,2.3000000000000003
COc1ccc(CN2CCc3nc(N4CCOCC4)[nH]c(=O)c3CC2)cc1Br,7.449999999999999
O=C(NCC1(O)CCC1)[C@H]1CCn2cncc2C1,11.25
CN(C(=O)c1ccc(Cn2ccccc2=O)o1)c1ccnn1C,5.749999999999999
CC1=NN(c2ccc(C)c(C)c2)C(=O)/C1=N\Nc1cccc(-c2cccc(C(=O)O)c2)c1O,63.15
COc1cc(/C=C/C(=O)CC(=O)/C=C/c2ccc(O)cc2)ccc1O,58.05
NC(=O)Nc1ccc(CNC(=O)CCN2C(=O)c3ccc(Br)cc3C2=O)cc1,-5.3
O=C(Nc1ccc(OCc2cc(=O)n3ccsc3n2)cc1)c1ccc2c(c1)OCO2,7.1499999999999995
Cc1ccc(C(CNC(=O)Cc2ccsc2)N2CCOCC2)o1,11.2
CCCNC(=O)CCCCn1c(=O)c2ccccc2n(CC(=O)N2CCOc3ccc(C)cc32)c1=O,13.85
CCCc1cc(=O)n2nc(N[C@H]3CC34CCCCC4)sc2n1,0.3500000000000001
Cc1nc2n(n1)C[C@@H](NCc1cnc(C(C)(C)C)s1)CC2,12.85
Cc1nc(-c2cccc(C(=O)N3CC[C@H](CN)C3)c2)n[nH]1,-20.9
CCCCS(=O)(=O)Nc1ccc(NC(=O)c2cccn2C)cc1,10.833333333333334
CCNc1cc(C)nc(Nc2ccc(NC(=O)C(C)C)cc2)n1,-19.5
CCCn1c2c(=O)[nH]c(=O)n(C)c2n2c(-c3ccc(OC)cc3)nnc12,2.55
CCCn1cc(S(=O)(=O)NCc2ccccc2F)c2cccnc21,4.0
C[C@H]1c2ccsc2CCN1C(=O)NCc1nc(C2CC2)no1,12.9
O=C(NCCCN1CCCC1=O)C1CCN(c2nc3cccnc3s2)CC1,15.0
O=C(COc1cccc2c1CCC[C@@H]2O)Nc1cccc(N2CCCC2=O)c1,2.25
Cc1nc(Nc2cccnc2)sc1C(=O)Nc1ccccc1,-3.4
CCOc1ccccc1N1CCN(C(=O)Nc2ccnn2CCN(C)C)CC1,-3.35
COc1cccc(S(=O)(=O)NCC2CC(=O)N(C3CCCC3)C2)c1,13.8
CCn1c(=O)c2ccccc2n(Cc2nc(-c3ccc(OC)c(OC)c3)no2)c1=O,17.1
Cc1onc(-c2ccccc2Cl)c1C(=O)N[C@@H]1C(=O)N2[C@@H]1SC(C)(C)[C@@H]2C(=O)[O-].O.[Na+],97.75
CC(=O)N1CC(c2nc(C)no2)C2(C1)CN(C(=O)c1ccc(C)c(F)c1)C2,13.3
CC(C)(CN)c1cccc(-c2cccc(CN)c2)c1.Cl.Cl,13.4
Brc1cccc(-c2n[nH]c(-c3ccccn3)n2)c1,100.1
COc1ccccc1C(=O)Nc1ccc(C(=O)NC2CC2)cc1,20.2
O=C(Nc1ccccc1OCC(=O)N1CCOCC1)c1cnn2ccccc12,-9.7
Cn1ccnc1-c1cccc(NC(=O)c2cc3ccccc3c(=O)[nH]2)c1,-10.75
Cc1ccc(-c2n[nH]cc2CNC[C@H]2CN(C)CCO2)o1,-24.25
CCCCc1cc(=O)oc2cc(OC(C)C(C)=O)ccc12,10.2
CC1CCc2nc(Nc3ccccc3)ncc2C1,2.6500000000000004
CC#CC(=O)Nc1ccc(CN2CCN(c3ccccn3)CC2)cc1,7.199999999999999
COc1ccccc1CNC(=O)COc1ccc2c(c1)CCCC2=O,-9.25
C[C@H](NC(=O)N1CCOCC1)c1ccc2c(c1)OCCCO2,-0.7499999999999999
Cc1nc2c(cnn2C(C)C)cc1C(=O)NC[C@H]1CCCO1,4.9
COc1ccc(CNC(=O)c2csc(C)c2)cc1OC,13.5
COc1ccc(CN(C)C(=O)c2cnc(-c3ccccc3)nc2)cc1O,0.6000000000000001
O=C(Nc1ccc2[nH]ncc2c1)c1c[nH]cc1-c1ccccc1,-4.65
C[C@H]1c2cccn2CCN1C(=O)c1ccc2ccccc2n1,16.85
COc1ccc(OC)c2c1CN(Cc1nc(C(C)(C)C)no1)C[C@@H]2O,7.766666666666667
CCn1ccnc1CN(C)C[C@H]1CCCN1c1cccnn1,12.35
CCN(CC)c1ccc(-c2noc(CN3CCN(c4ccccc4F)CC3)n2)cn1,53.55
O=C(C[C@@H]1OCCc2ccccc21)NC1(c2nnc[nH]2)CCC1,18.85
N#Cc1sc(-c2cccc(Cl)c2)cc1N,-21.4
COc1ccc2[nH]c(CCN(C)C(=O)CC3NC(=O)NC3=O)nc2c1,15.9
Cc1ccc(NC(=O)CSc2nnc(-c3ccccn3)n2C)cc1,2.65
Cn1c(=O)n(CC(=O)Nc2ccc(CN3C(=O)CCC3=O)cc2)c2ccccc21,-24.3
O=C(Cn1nc2c(cc1=O)CCCCC2)Nc1ccccc1,11.2
CO[C@@H]1C[C@@H](c2ncn[nH]2)N(C(=O)c2cc(C)sc2Br)C1,-1.25
CCC(=O)N1C[C@@H](COc2ccccc2)[C@H](C2CCN(C(=O)C(C)C)CC2)C1,-1.1
C[C@@H](CN1CCCC1=O)NC(=O)N1CC(C(C)(C)O)C1,10.7
Nc1c(C(=O)CN2CC[C@H](Cc3ccc(F)cc3)C2)c(=O)[nH]c(=O)n1C1CC1,17.450000000000003
CCn1cc(CN2C[C@@H](NC(=O)c3ccccc3)C[C@H]2c2nc(C)n[nH]2)c(C)n1,8.1
CCn1nc(C)cc1C(=O)Nc1nc2c(OC)cccc2n1C,-5.85
CC(C)C(=O)N1CCN(c2ccccc2NC(=O)c2cccnc2)CC1,9.2
O=C([C@H]1CCS(=O)(=O)C1)N(CC(F)(F)F)C1CC1,-10.3
CC(C)Oc1ccc(-c2ccc(N)c(F)c2)cc1,-40.60011
Cc1noc([C@H]2CCCN(C(=O)Nc3cnn(C(C)(C)C)c3)C2)n1,16.45
O=C(c1ccc(-c2ccccc2)[nH]c1=O)N1CCN(CC2CC2)CC1,21.7
COc1ccccc1[C@H](CNC(=O)c1cccc(S(=O)(=O)N2CCNC(=O)C2)c1)N(C)C,-11.35
O[C@H]1CCOc2c(NCc3ccc(OCC4CC4)cc3)cccc21,15.3
Cc1ccc(C[C@H](CO)CNCc2ccc3c(c2)OCCO3)cc1,-1.1500000000000004
C[C@@H](C(=O)Nc1cc(Cl)ccc1Cl)N1CCN(C(=O)C2CC2)CC1,-32.87299
Cn1ncc2c(N3CCC(C(=O)NC(C)(C)C)CC3)ncnc21,-2.4705199999999987
CCN(Cc1nc2cc(OC)c(OC)cc2c(=O)[nH]1)C(=O)c1ccc2c(c1)ncn2C,-6.25
COc1cccc(CCC(=O)N2CCC[C@H]2c2ccc(OC)cc2OC)c1,-6.9
c1cncc(COc2ccccc2CNC[C@H]2CN(C3CC3)CCO2)c1,5.966666666666666
CN1CC(=O)N(CCCC(=O)N[C@H](c2cccc(F)c2)c2nccn2C)C1=O,-5.85
COc1ccc2oc(=O)c(S(=O)(=O)N3CCCCCC3)cc2c1,7.25
COc1ccc(CC(=O)N[C@H]2CCc3nc(C)cn3C2)c(OC)c1,-0.6000000000000001
Cn1cc(N2CCN(c3ccc(C(F)(F)F)c(C#N)c3)CC2)cn1,-3.5500000000000003
CCCOc1ccc(NC(=O)CC2CCS(=O)(=O)C2)cc1,6.733333333333333
CN1CCC(Nc2nc(Nc3ccc(Oc4ccccc4)cc3)c3c(=O)[nH]cc(Br)c3n2)CC1,98.9
CCOc1ccc(S(=O)(=O)N2CCN(C)CC2)cc1-c1nc2c(CC(C)C)nn(C)c2c(=O)[nH]1,10.3
O=C(Nc1nc(-c2cccnc2)cs1)c1cc(O)nc2ccc(S(=O)(=O)N3CCOCC3)cc12,21.4
Cc1nccc(C(=O)N[C@H]2CCc3nnc(C(C)C)n3C2)n1,6.0
CN[C@H]1CCCN(S(=O)(=O)c2ccc(Cl)cc2C)C1,-3.9
Cn1c(C(=O)NC[C@H]2CCCO2)cc(Cl)c1Cl,5.6499999999999995
CC(=O)Nc1ccc(NC(=O)CN2C(=O)CCc3cc(S(=O)(=O)N4CCC(C)CC4)ccc32)cc1,-1.2000000000000002
CC(C)(C)c1ccc(OCC(=O)NCC2(N3CCOCC3)CCCCC2)cc1.Cl,54.900000000000006
Cc1nn(C)cc1CC(=O)N[C@H]1[C@@H]2CN(Cc3ccccc3)C[C@@H]21,-10.8
Cc1cc(C(=O)N2CCCC2)ccc1NC(=O)c1cccn(C)c1=O,23.1
COc1ccc(OC)c2c1CN(Cc1cnc(C)n1C)C[C@@H]2O,8.45
CCCN1C(=O)COc2ccc(-c3csc(NC(=O)C4CC4)n3)cc21,11.35
C[C@@H](c1nnc(-c2cccs2)o1)N1CCC(N2CCNC2=O)CC1,7.049999999999999
COCCn1nc(C(=O)NCc2ccccc2-c2ccc(CN(C)C)cc2)ccc1=O,3.45
Cc1nc(C(=O)Nc2ccnn2-c2cccc(Cl)c2)co1,-7.15
CSc1ccccc1C(=O)NCc1ccc2c(c1)OCO2,21.7
O=C(NCc1ccc[nH]c1=O)N1CCC[C@H]1COc1ccc(F)cc1,-19.45666
CSc1ncc(C(=O)NC[C@H]2CCC(=O)N2)n1-c1ccccc1,11.65
CCOc1ccc(NC(=O)c2nnn(CC(=O)Nc3ccccc3OC)c2N)cc1,6.35
O=C(NCC1CCC2(CC1)OCCO2)[C@H]1CCCN(C(=O)C2CC2)C1,18.85
Cn1cncc1CNC1CC(C)(C)NC(C)(C)C1,7.85
CCN1CCO[C@H](C(=O)Nc2cccc(OCC(F)(F)F)c2C)C1,-7.299999999999999
Cc1ncsc1CCC(=O)NCCCn1nnc2ccccc21,9.15
N#Cc1cc2c(N)c(C(=O)c3ccccc3)sc2nc1N,19.15
CCCn1cc(C(=O)N[C@@H]2CCN(Cc3c(C)noc3C)C[C@H]2O)c(C)n1,13.75
Cc1nn(C)c(C)c1[C@@H](NC(=O)Cn1ncn(C)c1=O)C(F)(F)F,7.4
O=C(Cc1ccc(F)cc1)NC1CC(=O)N(c2ccc3c(c2)OCCO3)C1,-12.0
CC(=O)Nc1ccc(NC(=O)CN2C(=O)C(C)(C)c3cc(S(=O)(=O)N4CCCCC4)ccc32)cc1,13.4
CCS(=O)(=O)N1CCCC(C(=O)NC(C)c2ccc(C)cc2C)C1,6.65
CC(C)N1CCC(NC(=O)CN2CCOc3ccccc3C2)CC1,0.0333333333333332
O=C(CSc1nnc2ccc(-c3ccco3)nn12)Nc1ccc2c(c1)OCO2,25.8
CC(C)NC(=O)c1cnc(N(C)C)nc1C1CCN(Cc2cccnc2)C1,-9.5
Cc1ccncc1N(C)C(=O)c1cccc(C(=O)N2CCCCC2)c1,13.85
Cl.O=C(O)Cc1cccc(OCCCN(Cc2cccc(C(F)(F)F)c2Cl)CC(c2ccccc2)c2ccccc2)c1,42.9
Cc1nc([C@@H]2CCCN2Cc2ccon2)no1,13.1
CCc1n[nH]c([C@@H]2CN(C(=O)CCn3cncn3)CCO2)n1,-2.2
Cn1c(=O)c2c(-c3cccc(Br)c3)n(C(C)(C)CO)cc2n(C)c1=O,8.25
Cc1nc([C@H]2CCCN(C(=O)CCc3ccccn3)C2)no1,-11.1
COCCN1CCCN(C(=O)[C@H]2C[C@@H]2c2cccc(O)c2)CC1=O,7.7
Cc1cccc([C@H]2N(c3ccc(F)cc3)C(=O)[C@@H]3CCCN32)c1,13.5
Cc1ccc(S(=O)(=O)NC[C@H]2CCOC2)cc1C(N)=O,4.55
Cc1nc(C)n([C@H]2CCCN(C(=O)c3scnc3C)C2)n1,-15.0
NC(=O)c1ccccc1NCC(=O)Nc1ccc(I)cc1,12.9
CC1CN(CCCOc2ccc(C#N)cc2)CC(C)O1.Cl,-0.1999999999999999
Cc1noc(C)c1I,4.9
Cc1nc2ccc(S(=O)(=O)NCC(=O)NCCC(C)C)cc2s1,9.0
CCOc1ccc(NC(=O)C2CCCN(S(=O)(=O)c3ccc4[nH]c(=O)oc4c3)C2)cc1,14.6
Cc1ccc(CNC(=O)NC[C@@H](c2ccsc2)N(C)C)n1C,12.9
COc1ccc(Cl)cc1CN1CCC[C@@H]1Cn1cncn1,-12.05
NC(=O)[C@H]1CCCN(C(=O)NCCc2cccs2)C1,-8.700000000000001
Cc1nn(C)cc1C(C)NC(=O)CCc1ccc2c(c1)CN(C(=O)C1CC1)CCO2,13.45
COc1ccc(Cl)cc1CC(=O)N1CCC[C@H](n2ccnc2)C1,-19.0
O=C(NCc1cccc(-c2cccnc2)c1)c1cn2ccnc2s1,9.2
O=C(NCCC(c1ccccc1)c1ccccc1)N1CCCC(O)(CO)CC1,14.25
Cc1nn2c(ncc3c(=O)n(N)ccc32)c1-c1ccccc1,19.2
CCOc1c(C)cc(S(=O)(=O)N2CCN(C)CC2)c(C)c1C,13.8
CCN(CC)S(=O)(=O)c1cc(-c2ccc(=O)[nH]n2)ccc1Cl,12.3
CC(C)(O)CCc1ccc(CN2CCN(C3CN4CCC3CC4)CC2)cc1,11.25
O=C(c1cnc2ccc(Cl)cc2c1O)N1CCN(CCc2ccncc2)CC1,12.05
CCc1cc(C2CCCN2C(=O)c2cc(C)on2)on1,14.95
Cc1csc(NC(=O)CN2CCO[C@H](c3nc(C)cs3)C2)n1,9.75
Cc1ccc(-c2nn(C)c(=O)c3ccccc23)cc1CNS(C)(=O)=O,5.8
Cc1ccc(C(=O)NCC(=O)Nc2ccc(-n3cccn3)cc2)cc1,17.05
Cc1ccc(C(=O)N(C)C)cc1NC(=O)c1ccccc1,-13.1
Cn1nnc2cc(C(=O)NC[C@]3(O)CCCC(C)(C)C3)cnc21,10.7
CCCn1ccc(NC(=O)c2cccc(C)c2)n1,-11.25
COc1cc(SC)ccc1C(=O)Nc1ccnn1Cc1ccccn1,-7.5
CCCCN(C)S(=O)(=O)NCc1nncn1CC,6.0
CCOc1ccc(C)cc1S(=O)(=O)N1CCCCC1CCNC(C)=O,8.55
Cc1ncsc1C(=O)NC[C@@H](c1ccccc1)N1CCOCC1,5.75
NC(=O)c1ccc(C(=O)Nc2ccc(CCN3CCCC3)cc2)cc1,-0.8500000000000001
COc1ccccc1NC(=O)C1CCCN(S(=O)(=O)Cc2ccc(F)cc2)C1,21.2
CCC(=O)Nc1nc2c(OC)cc(NC(=O)NCC(C)C)cc2s1,10.6
CC(C)CNC(=O)c1ccc2c(c1)CC(C)N2S(C)(=O)=O,13.4
CN(Cc1cccc(C#N)c1)C(=O)c1ccnc2c(C(N)=O)cnn12,-0.5499999999999998
CC(C)CCNC(=O)COc1ccc(-c2nnn(C)n2)cc1,15.6
Cc1cc(C(=O)N2CCC[C@H](n3ccnc3)C2)[nH]n1,17.85
Cc1nc(C(C)C)oc1C(=O)N1Cc2ccccc2O[C@@H](C)C1,7.45
O=C(N[C@H]1CS(=O)(=O)Cc2ccccc21)c1cnn(CCC(F)(F)F)c1,-6.000000000000002
CCOc1ccc(S(=O)(=O)N2CCC[C@H](C)C2)cc1C,8.899999999999999
COc1ccccc1NC(=O)[C@H](C)N1CCN(Cc2ccco2)CC1,-2.85
COc1cc2c(cc1OC)CN(C(=O)c1csc(-c3cnn(C)c3)n1)CC2,9.55
CCC(=O)N1CCC(NS(=O)(=O)c2ccnn2C(C)C)CC1,16.15
NC(=O)c1cc[n+](CC2=C(C(=O)[O-])N3C(=O)[C@@H](NC(=O)[C@@H](c4ccccc4)S(=O)(=O)[O-])[C@H]3SC2)cc1.[Na+],55.05
CCOc1ncccc1C(=O)Nc1ccc(S(=O)(=O)N2CCCC2)cc1,2.0
CCOc1ccc(C(=O)N2CCC[C@H]2c2cnn(C)c2)cn1,-6.3
CN[C@H]1CCCN(C(=O)c2sc(-c3ccc(C)o3)nc2C)C1,-27.25
O=C(COc1ccc(Br)cc1)Nc1ccc(N2CCCC2=O)cc1,6.699999999999999
CCc1nc([C@H](C)NCC(=O)Nc2nccs2)cs1,6.449999999999999
CN(C)c1cccc(C(=O)N2C[C@H]3CC[C@@H]2CN(Cc2ccccc2)C3)c1,3.5500000000000003
C[C@H](NC(=O)Nc1ccccn1)C(=O)N1CCCC1,-21.4
COC[C@@H](O)CNC(=O)c1nn(-c2ccccc2Cl)cc1C,13.05
CCOCCO[C@@H](C)C(=O)NCc1ccc(Oc2ccccc2)nc1,7.6087715
COc1ccc(C2(CNC(=O)[C@H](C)O)CCCCC2)cc1,5.45
COCCN(CCOC)C(=O)c1cc(-c2cccc(Cl)c2)[nH]n1,-0.450000000000001
O=c1oc2ccc(F)cc2cc1S(=O)(=O)N1CCCC1,12.2
CN(C)C(=O)CCCSc1ccc(C(F)(F)F)nn1,12.1
CCCN(C)C[C@H]1CCN(c2c(F)cc3c(=O)cc[nH]c3c2F)C1,14.75
Cc1nn(Cc2ccccc2)c2c1C(N)CCC2,6.5
COCCNC(=O)c1cc2c(=O)n3cc(C)ccc3nc2n1C,8.8
c1cc2c(cc1[C@@H]1CCCN1CC1CCCC1)OCCO2,0.8000000000000007
CC(C)(C)[C@@]1(O)C[N+](c2ccccc2)=C2SCCCN21.[Br-],1.2000000000000002
CC(C)CCNC(=O)[C@@H](NC1=NS(=O)(=O)c2ccccc21)C(C)C,-1.4
COc1ccc(Cn2cnc3ccccc3c2=O)cc1,-3.75
COc1cn(-c2ccccc2)nc1C(=O)NCc1ccc(C(N)=O)cc1,12.5
O=C(Nc1ccc(C2CCC2)cc1)N1CCC[C@H](Cn2ccnn2)C1,5.75
Cc1nc2c([nH]1)CC[C@H](C(=O)NCc1cnn(CC3CCC3)c1)C2,-8.3
O=C(Nc1ccncc1)c1ccc(=O)n(CCOc2ccccc2)n1,6.7
O=C(Nc1nc(CC(=O)N2CCN(c3ccccc3)CC2)cs1)c1ccco1,13.45
CNC(=O)Cc1nc(CS(=O)(=O)[C@H]2CCCc3ccccc32)cs1,4.6
Cn1ccnc1C[C@H]1CCCN(S(=O)(=O)CC2CCOCC2)C1,-4.5
Cc1nn(CC(=O)N(Cc2cccs2)c2ccc3c(c2)OCCO3)c(C)c1S(=O)(=O)N(C)C,1.2000000000000002
Cc1n[nH]c2c1CCCN2Cc1nnc(C(C)C)o1,5.6
Nc1nc2[nH]nnc2c(=O)[nH]1,66.9
CN(CCNC(=O)NCC1(N(C)C)CCOCC1)CC(F)(F)F,-10.0
C#CCOC1CCN(C(=O)c2ccc(F)c(Br)c2)CC1,-19.55
O=C(NCCCOC[C@H]1CCCO1)Nc1ccc(-c2nccs2)cc1,8.85
COc1ccc(-c2cc(C(=O)NCCC(=O)N3CCOCC3)c3ccccc3n2)cc1OC,3.75
CS(=O)(=O)NC[C@H]1CCCCN1C(=O)c1cc(Cl)c2c(c1)OCCO2,-2.4499999999999993
COc1ccc(S(=O)(=O)N2CC3(CC(CC(=O)NCC4CC4)CO3)C2)cc1,5.800000000000001
O=C(Nc1cccc(-c2cnc[nH]2)c1)C1CCN(C2CCS(=O)(=O)C2)CC1,15.45
CS(=O)(=O)O.Cc1c(O)cccc1C(=O)NC(CSc1ccccc1)C(O)CN1CC2CCCCC2CC1C(=O)NC(C)(C)C,58.0
CCCNC(=O)c1ccc(CS(=O)(=O)N2CCN(C)CC2)cc1,6.449999999999999
CN(C)C[C@H]1CCCN(C(=O)NCCc2ccccc2)C1,-10.2
CCc1nonc1NC(=O)c1ccc(OC)cc1,23.1
Cc1cc(C(F)(F)F)nn1CC(=O)NC(C)(C)c1cn(C)nn1,-20.799999999999997
CCCCOCCCNC(=O)c1ccc2c(c1)NC(=O)CCS2,5.0
C[C@H]1CN(C(=O)c2ccc(Br)o2)CC(C)(C)O1,-3.2
Cc1oc(-c2cc(C(F)(F)F)[nH]n2)cc1S(=O)(=O)N1CCN(C)C(=O)C1C,9.5
Cc1cccc(NC(=O)[C@H]2CCCN(C(=O)C3CCCC3)C2)n1,-13.35
O=C(c1cc2c(s1)CCCCC2)N1CCC[C@H](n2cc(CO)nn2)C1,15.05
Cc1nonc1OCCNC(=O)C(C)c1n[nH]c(=O)c2ccccc12,5.2
O=C(NCCCC(=O)N1CCCCC1c1nc2ccccc2[nH]1)c1cnccn1,13.0
CC(=O)c1ccc(S(=O)(=O)Nc2ccc(C(=O)NC3CC3)cc2)cc1,22.0
CCCn1c(=O)oc2cc(NS(=O)(=O)c3ccc(NC(=O)CC)cc3)ccc21,-1.7999999999999998
C[C@]1(O)C[C@@H](c2nc(-c3ccc4ccc(-c5ccccc5)nc4c3)c3c(N)nccn32)C1,14.0
CCCOc1nc2ccccc2cc1C(=O)N1CC[C@H](O)C(C)(C)C1,14.35
Cc1nn(C)c(C)c1NC(=O)CCC(=O)c1ccc(F)cc1,-5.85
O=C(NCc1cccnc1)c1ccc(NS(=O)(=O)c2ccc3c(c2)OCCCO3)cc1,-3.65
CCc1nccn1CCC(=O)NCC(C)c1nc(C)cs1,19.450000000000003
Cc1noc(C2CN(Cc3ccccc3)CC23CN(C(=O)CCn2ccnc2)C3)n1,2.95
CN(C)Cc1ccccc1CNC(=O)C(C)(C)n1cc(Cl)cn1,-7.75
CC(C)n1ncc2cc(NS(=O)(=O)c3ccc4c(c3)oc(=O)n4C)cnc21,-59.05
COc1cccc2c1OC[C@@H](NC(=O)N1CCSCC1)C2,-7.2
C[C@H]1Cc2ccccc2N1C(=O)c1cnc2c(c1)c(=O)n(C)c(=O)n2C,-13.55
O=C(CN1CCC[C@H]1C(=O)NCc1ccco1)Nc1cccc(I)c1,-4.45
O=S(=O)(N[C@H]1CCOc2ccccc21)N1CCCCCC1,-0.9500000000000002
O=C(CNC(=O)c1cccc(F)c1)NC1CC1,-7.65
CN1C[C@@H](NCc2cnc(-c3cccs3)s2)CC1=O,0.5
CCCOc1ccc(S(=O)(=O)N2CC(C)OC(C)C2)cc1,8.35
Cc1ccc(S(=O)(=O)N2CCC(CC(=O)NCc3ccccc3)C2)cc1F,8.05
COc1ccc2nc(NC(=O)CN3C(=O)C4CCCCN4c4ccc(C(=O)N(C)C)cc43)sc2c1,17.75
C[C@@H](c1nnnn1C)S(=O)(=O)c1cccc(F)c1,4.4
Cc1cc(N2CCN(CC(=O)N(C)[C@@H](C)c3ccccc3)CC2)nc(C(C)C)n1,0.2999999999999998
COc1cccc(C(=O)N2C[C@H]3CC[C@@H]2CN(C(=O)c2ccncc2)C3)c1C,13.65
Cc1ccc(OCc2nc(C)c(C(=O)NCCN(C)C)s2)cc1,11.1
CCN(Cc1ccc(C(=O)N(C)C)cc1)C(=O)c1cc(F)cc(F)c1,-2.25
CNC(=O)N1CCCC(OCc2nc(-c3ccccc3)no2)C1,4.25
O=C(Nc1ccnn1-c1cccc(F)c1)c1ccc2nccn2c1,9.8
CC(C)C[C@@H]1NC(=O)N(CC(=O)Nc2ccc(Br)cc2F)C1=O,-11.8
Cc1ccc(C(=O)NC[C@@H](CO)CC2CCCCC2)cn1,-16.6
Cc1ccccc1N1CC(C(=O)Nc2ccc(S(=O)(=O)NCC3CCCO3)cc2)CC1=O,-9.05
Cc1cc(C)n([C@H]2CCCN(C(=O)CCCc3ccccn3)C2)n1,-4.55
C[C@@H](CN1CCCC1=O)NC(=O)Nc1cccc(OCCc2ccccc2)c1,-7.65
CCN(Cc1ccc(Cl)s1)C(=O)c1ccc2c(c1)C(=O)N(C)C2=O,6.633333333333333
CC(=O)N1c2ccc(S(=O)(=O)N3CCCC3)cc2CC1C(=O)NCCc1c(C)noc1C,9.4
CCN1CCC[C@H](NC(=O)c2cccc(-n3cnnn3)c2)C1,9.7
Cc1cc2nccc(NC(=O)NC[C@H]3CCOC4(CCC4)C3)n2n1,9.75
C[C@H]1CC2(CCC2)CN1C(=O)c1cc2ccncc2s1,-24.85
CCS(=O)(=O)c1ccc(S(=O)(=O)N2CCC[C@H](CNC)C2)cc1.Cl,-13.65
O=C(NC1CC1)c1cc(Br)c2c(c1)OCCO2,9.95
CCNC(=O)CNC(=O)Nc1nnc(Cc2ccc(OC)cc2)s1,-13.0
CCCNC(=O)c1sccc1S(=O)(=O)N(C)c1ccc(OCC)cc1,9.45
CC(=O)N(C1CCOCC1)C1CCN(S(=O)(=O)c2ccccc2Cl)CC1,11.05
CCN(CC)S(=O)(=O)c1nnc(NC(=O)c2cccc(C)c2)s1,63.65
CC[C@H]1CCCCN1CC(=O)Nc1ccccc1Br,-31.676885
COc1ccc(N2CC(C(=O)NC(C)C)CC2=O)c(OC)c1,-3.1000000000000005
Cc1cc(C)n(-c2cncc(N[C@@H](C)c3nnc4ccccn34)n2)n1,7.3
COc1ccc([C@H](CNc2cncc(-n3cncn3)n2)N2CCOCC2)cc1,2.25
CNS(=O)(=O)c1cc(-c2cc(C(=O)Nc3cccc(OC)c3)n[nH]2)ccc1OC,55.15
COc1cc(Cl)ccc1C(=O)N1CCC[C@H](c2cc(C)[nH]n2)C1,-10.05
CC(C)(C)c1nc(CN2CCC[C@@H]2Cn2cncn2)cs1,-8.866666666666667
COc1ccc(C)cc1NC(=O)CN(C)S(=O)(=O)c1ccc2c(c1)CC(C)N2C(=O)C1CC1,50.400000000000006
C#Cc1cccc(NC(=O)CN(C)[C@@H](C)c2nc(C3CC3)no2)c1,-4.25
Cc1ccc(SCC(=O)N2CCC[C@H](c3nc(C)no3)C2)cc1,16.8
COc1ccc(C(=O)NCCn2c(=O)[nH]c3ccccc32)cc1-c1ccccn1,7.0
CN(C)S(=O)(=O)c1ccc(F)c(C(=O)Nc2ccc3c(c2)OCCO3)c1,10.15
CCC(CC)C(=O)N1CCC([C@@H]2CN(C(C)=O)C[C@H]2COc2ccccc2)CC1,-8.8
Cc1noc(C)c1[C@@H](C)CNC(=O)c1csnn1,7.5
Cc1cc(NC(=O)NCc2ccc(N3CCO[C@@H](C)C3)nc2)n(C)n1,10.55
Cc1ccccc1OCCN(C)C(=O)c1ccc(S(=O)(=O)N(C)C)cc1,-19.47386
CCNC(=O)[C@@H]1CN(C(=O)COCC)C[C@H]1C1CCN(c2ccc(C#N)c(C(F)(F)F)c2)CC1,19.2
CC(=O)N1CCN(C(=O)N[C@@H](C)Cn2ccnc2)CC1,11.95
Cc1cc(N2C(=O)CCS2(=O)=O)ccc1S(=O)(=O)N1c2ccccc2CC1C,3.25
Cc1ccc(NC(=O)NCc2cnc(C)s2)c(OCCN(C)C)c1,-2.6499999999999995
O=C(NCCN1CCCCC1CO)c1ccc(F)c(O)c1,-2.05
COc1ccc(CN(C)C(=O)c2nn(-c3ccccc3)c(C)cc2=O)cc1,9.65
O=C(C[C@@H]1C=CCC1)N1CCN(c2cnccn2)CC1,5.05
COc1cc(CNc2ccc(Br)cc2CO)sn1,-5.8500000000000005
COc1ccc(N2CCCCS2(=O)=O)cc1S(=O)(=O)N(C)Cc1ccccc1,8.8
O=C(Cn1cc(Br)cn1)N[C@H]1CCc2nccn2C1,3.7
O=C(c1n[nH]c2ccccc12)N1CCC[C@H](C(F)(F)F)C1,9.45
O=C(c1cccnc1)N1CCN(S(=O)(=O)c2cccc3nsnc23)CC1,10.0
CCCc1noc(-c2cccn3c(CNC(=O)Cc4ccccc4OC)nnc23)n1,6.9
COc1cccc(CC(=O)N2CCCC2c2c(C)noc2C)c1,9.3
COc1cc(Cl)c(F)c(C(=O)NC[C@@H]2CCC[C@H]2O)c1,14.8
Cc1noc(C)c1S(=O)(=O)N1CCC(c2noc(COc3ccc(F)cc3)n2)C1,17.549999999999997
CN(C)C(=O)c1ccc(NC(=O)CN2C(=O)N[C@](C)(c3ccc(F)c(F)c3)C2=O)cc1,-6.1
Cc1cc(C(=O)N2CCCCC2CCn2cc(C(=O)N3CCOCC3)nn2)[nH]n1,-11.65
CN(C)C(=O)Cc1nc(CN[C@H]2CCc3ncnn3C2)cs1,-3.85
Cc1cc(NC(=O)CN(C)C(=O)[C@@H]2CCCCS2(=O)=O)no1,0.5999999999999996
C[C@H](NC(=O)c1cccc(-n2cnnn2)c1)c1ccc(-n2cncn2)cc1,0.5
COc1ccc(-c2ccccc2)cc1NS(=O)(=O)c1cc(Cl)cc(Cl)c1O,99.95
Cc1ccc2nc(C)c(CN3CCOCC3)c(O)c2c1,19.049999999999997
NC(=O)[C@@H]1CC(C(=O)N2CCCn3ncnc32)=NN1c1ccccc1,14.55
Cc1cc(C)cc(OC[C@@H](O)CN2CCN(c3ncccn3)CC2)c1,-17.75
Cn1c(=O)oc2cc(S(=O)(=O)N3CCN(C(=O)c4ccc(C(F)(F)F)cc4)CC3)ccc21,7.85
O=C(NCCc1ccc(Cl)cc1)C1CC(=O)N(C2CCCCCC2)C1,6.55
CC(C)(C(=O)N1CCC[C@H](n2cccn2)C1)n1cc(Cl)cn1,0.25
O=C(NCC1(C2(O)CCC2)CC1)[C@@H]1CCCn2nccc21,-1.1
CC(C)[C@H](C)NC(=O)NCC1(c2ccc3c(c2)OCO3)CCOCC1,19.65
O=C(CCS(=O)(=O)C1CCCC1)Nc1cccc(OC[C@H]2CCCO2)c1,-19.3
NC(=O)COc1ccc2c(c1)oc(=O)c1ccccc12,1.3999999999999997
COc1ccc(NC(=O)Cn2cnc3c2c(=O)n(C)c(=O)n3C)cc1OC,63.5
Nc1ccccc1C(=O)NCCNc1cnc2ccccc2n1,-8.65
CC(C)C(=O)N1CCC[C@H](C(=O)Nc2ccc(N3CCCC3)nc2)C1,5.8
CCNC(=O)C#Cc1ccc2c(c1)NC(=O)/C2=C(\Nc1ccc(CN(C)C)cc1)c1ccccc1,27.55
CCO[C@H]1CCN(C(=O)Cc2cc(-c3ccccc3)on2)C1,0.9000000000000004
CCCCS(=O)(=O)NNc1cc(C(F)(F)F)ccc1Cl,-2.2666666666666666
CCSC(=N)N.O=[N+]([O-])c1cc([N+](=O)[O-])c(O)c([N+](=O)[O-])c1,8.9
COCc1cc(C(=O)N2CCC[C@H](c3nc(C)cs3)C2)ccc1F,11.65
COc1ccccc1C1=NS(=O)(=O)N(C)C(C(=O)NC(C)(C)C)=C1,-0.8
CC(=O)N1CCc2c(NC(=O)NC[C@H]3CCCS3(=O)=O)cccc21,12.6
Cc1ccc(OCC(=O)N[C@H]2CCc3nccn3C2)c(C)c1,21.65
COc1ccc(-c2nc(CN3CCN(S(=O)(=O)Cc4ccccc4)CC3)cs2)cc1OC,3.45
CN(C)S(=O)(=O)c1ccccc1NC(=O)[C@@H]1CCc2ccccc21,-15.65
O=C(c1cccc2c1OCO2)N1CCO[C@H](c2ccc(Br)cc2)C1,1.2
CC(C)CN1CCN(C(=O)c2ccccc2F)[C@H]2CS(=O)(=O)C[C@H]21,11.65
O=C1C(O)C2(CCCCC2)N1C1CCNCC1,12.5
O=C(c1ccccn1)N1CCC2(CC1)NC(=O)N(Cc1ccc(Cl)cc1)C2=O,21.25
Cc1ccc(C)c(CNC(=O)CN2C(=O)CSc3ccc(S(=O)(=O)N(C)C)cc32)c1,11.3
COCCn1c2c(=O)[nH]c(=O)n(C)c2n2c(-c3ccc(OC)cc3)nnc12,2.75
Cc1ccc(OCC(O)CN2CC(C)OC(C)C2)c(C)c1.Cl,10.55
CS(=O)(=O)NC[C@H]1CCCN(C(=O)c2ccco2)C1,-29.65
Cc1ccc(C(=O)N2CCC(n3nc(-c4ccsc4)ccc3=O)CC2)s1,52.75
CCCn1cc(S(=O)(=O)Nc2ccc(OC)cc2)c2cccnc21,9.3
CN(C)Cc1c(C(=O)NCc2ccccc2OCCO)oc2ccccc12,-5.8
COc1ccccc1Oc1ccc(NC(=O)c2cnn(C)c2C)cn1,11.15
CC(NC(=O)CCN1CCOC2(CCCC2)C1)c1ccccc1,3.5
CN(CCc1ccccn1)C(=O)CNc1cncc(Br)c1,-3.3999999999999995
CCCOc1ccc([C@@H]2c3c(oc4ccccc4c3=O)C(=O)N2CCCN2CCOCC2)cc1OC,-3.7
Cc1nc([C@H]2CCCN(C(=O)c3cn(C(C)C)nn3)C2)sc1C,0.4999999999999998
Cc1cc(C)c2ncc(C(=O)N3CCN([C@@H](C)c4nccs4)CC3)c(O)c2c1,-0.9499999999999992
Cc1ccccc1C(=O)Nc1cnc2sc3c(n2c1=O)CCCC3,8.2
Cc1cn(CCN2CCN(c3ccccc3-c3cc(C#N)cc(C(=O)NCCCN4CCCC4)c3)CC2)c2ccccc12,100.75
O=C1CCC(C(=O)N(Cc2cccnc2)Cc2ccsc2)NC(=O)N1,10.6
NC(=O)C[C@H]1CCCN(C(=O)CCc2nc(-c3ccccn3)no2)C1,2.8000000000000003
O=C(c1ccccc1N1CCCC1)N1C[C@H]2C[C@H](O)[C@H](O)C[C@H]2C1,20.5
COc1ccc(C(=O)Nc2cccc(N3C(=O)CCC3C)c2)cn1,8.549999999999999
CC(C(=O)NCC1COc2ccccc2O1)N1CCCCC1,12.85
COc1ccc(OC)c(CCNC(=O)[C@H]2CCCN(c3ncccn3)C2)c1,-6.1499999999999995
COc1cccc(C(=O)N(C)C)c1OCc1ccccc1C#N,12.7
O=C1N[C@H]2CCC[C@@H]1CN(C(=O)NCc1cc3ccc(F)cc3[nH]c1=O)C2,-0.0999999999999996
CCCN(CCC)S(=O)(=O)c1ccc(NC(=O)COc2ccccc2)cc1,8.9
CN1C(=O)C2(CCN(c3ncccn3)CC2)c2cc(C(=O)NCc3ccccc3)ccc21,50.2
CS(=O)(=O)N1CCC(CC(=O)NC2CCN(Cc3ccccc3)CC2)C1,6.95
COc1ccc(C(=O)Cn2c(=O)oc3cc(S(=O)(=O)N(C)C)ccc32)cc1,14.5
COc1cccc(NC(=O)[C@H](C)N2CCNC(=O)C2)c1,7.300000000000001
C#CCNC(=O)c1ccc(NCCc2nccn2C(F)F)nc1,-7.9
O=C(CCc1nc(-c2cccnc2)no1)Nc1ccc(Br)cc1,8.05
COc1ccc(C(=O)NCCOc2cccc3cccnc23)c(OC)c1OC,-2.2
CCCOc1ccc(CNC(=O)Cn2c3ccccc3c3nc(=O)cc(C)n32)cc1,9.75
CC(C)CCNC(=O)N1CCN(S(=O)(=O)c2ccccc2Cl)CC1,9.8
CCNS(=O)(=O)[C@H]1CCN(Cc2c(C)cc(Cl)cc2C)C1,-9.75
Cc1ccc(NC(=O)Nc2cnn(C(C)C)c2)cc1C(=O)NC(C)C,-6.55
Cc1cc(-c2ccc(/C=C3/SC(Nc4ccc(Cl)c(C(=O)O)c4)=NC3=O)o2)c([N+](=O)[O-])cc1C,72.2
O=C(CN1CCc2sccc2C1)Nc1nnc(-c2ccccc2)o1,-24.8
CO[C@H]1CN(C(C)C)[C@H]1C1CCN(C(=O)COc2ccccc2)CC1,16.1
O=C(Nc1cnc(N2CCCCCC2)nc1)c1ccc(Br)o1,24.049999999999997
O=C(Cc1ccsc1)Nc1nc(-c2ccccn2)cs1,-12.3
COc1ccc(CCC(=O)Nc2[nH]c(=O)ncc2F)cc1OC,60.55
Cc1nc2ccccc2n1C[C@H](O)c1cc(F)ccc1F,94.15
Cc1ccc(NC(=O)Cn2c(=O)n(C(C)C)c3ccc(S(=O)(=O)N4CCCC4)cc32)cc1F,-2.3000000000000003
O=C(c1csc([C@@H]2CCCO2)n1)N(Cc1ccoc1)C1CCCCC1,-12.1
CSc1ncccc1C(=O)NC[C@H](C)N1CCc2sccc2C1,8.4
CNC1(CNC(=O)c2cccc(OC)c2)CCC1,-12.1
N#Cc1ccc(N2CC(C(N)=O)C3(CCN(C(=O)c4cn[nH]c4)CC3)C2)cc1C(F)(F)F,14.7
CC(C)(Cc1ccccc1)NC(=O)C1CCCN(S(C)(=O)=O)C1,8.1
Cc1cnn(C[C@H]2CCCN2Cc2csc(C(C)C)n2)c1,-14.15
Cc1ccc(C)c(N2CCN(C(=O)CN(C)S(=O)(=O)c3ccc4[nH]c(=O)oc4c3)CC2)c1,10.9
Cn1cc(N2CCN(C(=O)Cc3nc(-c4ccc(F)cc4)cs3)CC2=O)cn1,-13.55
Cc1ccccc1CC(=O)N[C@@]1(C)CCS(=O)(=O)C1,-19.75
NC(=O)c1sccc1NS(=O)(=O)c1ccc(Cl)cc1,43.93333333333334
CC(C)Cn1cnc2c1c(=O)n(C)c(=O)n2Cc1ccccc1,12.1
CCC(CC)n1ncc(C(=O)N[C@@H](C)c2nccc(C)n2)c1C,-0.4499999999999999
CS(=O)(=O)c1ccc2nc(NC(=O)Cn3cnc4ccccc4c3=O)sc2c1,-3.85
CN(C)C(=O)CNc1ccccc1Oc1ncc(Cl)cc1Cl,8.6
CC(C)[C@H](NC(=O)c1ccc(N2CCNC2=O)cc1)C(C)(C)O,-4.75
C#Cc1cccc(NC(=O)N[C@@H](C)c2ccncc2)c1,-21.15
Cc1csc([C@@H](NC(=O)CCc2cncs2)C(F)(F)F)n1,27.2
C=C(c1ccc(C(=O)O)c(F)c1)c1cc2c(cc1C)C(C)(C)CCC2(C)C,101.7
Cc1ccccc1[C@H](C)NC(=O)CN1CCN(c2ccccn2)CC1,10.0
COc1cc(Cl)c(C)cc1Nc1ncccn1,-15.35
C#CCNS(=O)(=O)c1ccc(C(=O)Nc2cc(CC)n[nH]2)cc1,8.7
Cc1ncsc1C(=O)N1CCC[C@H](C(F)(F)F)C1,9.8
Cc1ccoc1C(=O)Nc1cccc(N2CCN(CC3CC3)CC2)c1,2.45
CCN(CC)S(=O)(=O)c1ccc(N2CCOCC2)c(NC(=O)c2ccc(C#N)cc2)c1,-1.45
O=C([C@H](CNC(C1CCC1)C1CCC1)Cc1cccc(F)c1)N1CCOCC1,16.4
C[C@@H](CN(C)Cc1ccccc1)NC(=O)Nc1cn(Cc2ccccc2)nn1,9.4
CC(NC(=O)C(C)(C)C)c1nc2ccccc2[nH]1,17.2
O=C(c1cccs1)c1no[n+]([O-])c1C(=O)c1cccs1,16.85
CC(=O)c1cccc(OC[C@@H](O)CN2C(=O)NC(C)(C)C2=O)c1,6.1499999999999995
CC(C)(C)O[C@@H](C(=O)Nc1c[nH][nH]c1=O)c1ccccc1,-6.3500000000000005
Cc1ccn2c(=O)c(NC(=O)c3ccc(Br)cc3)c(C)nc2c1,18.85
Cc1ccccc1CC(=O)N1CCN(C(=O)C2CCCO2)CC1,34.65
c1ccc(N2CCC(N3CCCN(Cc4cccs4)CC3)C2)cc1,4.6
Cc1nnc(SCC(=O)N(C)Cc2nc3ccsc3c(=O)[nH]2)o1,6.6
Cc1ccc2[nH]c(SCc3ccccn3)nc2c1,2.25
Cc1ccc([C@@H]2COCCN2C(=O)c2ccc(-c3cnco3)cc2)o1,-8.95
CN(c1ccccc1)c1ccc(Br)cc1,-2.1999999999999993
NC(=O)CCN(Cc1ccccc1)C(=O)c1scnc1Cl,11.9
COCC#CCn1c(=O)c2ccccc2c(=O)n1C,-0.5
N#Cc1ccccc1NC(=O)CN(Cc1cccs1)C[C@H]1CCCO1,12.4
Cc1ccc(NC(=O)[C@H]2CCS(=O)(=O)C2)cc1I,-16.75
COc1ccccc1N1CCN(C(=O)COc2ccc(C(C)C)cc2)CC1,20.85
Cc1cc(S(=O)(=O)N2CCC(CCC(=O)NCCN(C)C)CC2)n(C)n1,16.85
OCCN(CCO)Cc1nccs1,-4.6
O=C(CN1CCCC[C@H]1c1nc[nH]n1)NCc1cccc(C(=O)NC2CC2)c1,-0.4499999999999999
Cc1cc(NC(=O)[C@H](C)SCC(=O)Nc2ccc(O)cc2)no1,-15.85
COc1ccc(NC(C)=O)cc1NC(=O)c1ccc(C(F)(F)F)cn1,1.7999999999999998
Cc1ccc(C(=O)N(CCCN)C(c2oc3cc(Cl)ccc3c(=O)c2Cc2ccccc2)C(C)C)cc1.Cl,101.5
CCCNC(=O)Nc1ccc(F)c(NC(=O)C2CCCCC2)c1,-5.8
Cc1nc(Cc2nnc(S[C@@H](C)C(=O)NC(C)C)o2)cs1,-5.75
CCOc1ccc(NC(=O)N2CCCC2c2ccco2)cc1,4.15
Cc1cc(C)c2nonc2c1S(=O)(=O)N1CCn2nc(C(C)O)cc2C1,7.1499999999999995
COc1ccccc1C1=NOC(C(=O)Nc2ccc(C(C)=O)cc2)C1,19.6
O=C(N[C@@H](Cc1ccccc1)CN1CCOCC1)c1cc2c(s1)CCOC2,-4.65
Cc1cccc(OCCNC(=O)[C@@H]2CCCCN2)c1.Cl,5.8
N#C[C@H](c1ccccc1)N1CCN(Cc2csnn2)CC1,10.25
Cc1c(C(=O)NCc2ccccc2F)cnn1-c1ccccn1,-6.6
CCCN1C(=O)C(Cc2nc3ccccc3c(=O)n2C)c2ccccc21,16.35
Cc1ccc(S(=O)(=O)N2CCCC(C(=O)NCCC(C)C)C2)cc1,7.25
C[C@@H](Cn1cncn1)NCc1ccnc(N(C)C)n1,-2.8500000000000005
COc1cc(C)ccc1OCCC(=O)N1CC[C@@H](N)C1.Cl,2.5
O=C(N[C@H]1CC(=O)N(C2CC2)C1)N(Cc1ccccc1)CC(F)F,2.1
Cc1nc(CC(=O)N2CCN(CCO)CC2)cs1,-0.7999999999999998
CCc1n[nH]c(C(=O)N2CC[C@H]3OCc4cnnn4[C@H]3C2)c1C,15.95
CNCCCOc1cccc2ccccc12.O=C(O)C(=O)O,9.1
COc1ccc(S(=O)(=O)N[C@H]2CCCOc3cc(F)ccc32)cn1,-2.666666666666668
COc1ccccc1CNC(=O)C(C)n1nc(C)n2c(cc3occc32)c1=O,18.65
c1coc(-c2ccnc3nc(C4COc5ccccc5O4)nn23)c1,14.6
CC(C)C[C@H](C)N(C)Cc1nc2ccccc2c(=O)[nH]1,-13.1
CCN1CCCC1CNCc1ccc2c(c1)OCCO2.Cl.Cl,12.55
COc1ccccc1OCC(=O)N1CCC(c2nc3ccccc3o2)CC1,79.1
CC(C)[C@@H]1N(C(=O)CCc2cncc(F)c2)CC12CCC2,13.05
Cc1nc(C(=O)N(C[C@H]2CCOC2)C2CC2)nn1-c1ccc(F)cc1,-1.3499999999999996
CC1CCCN(c2nn3c(=O)c(C(=O)NCc4ccccc4F)cnc3s2)C1,23.25
Cc1cccc(C2(NC(C)Cn3cncn3)CC2)c1,13.6
CCc1c[nH]nc1NC(=O)CSc1nnc(-c2ccc(OC)cc2)o1,20.2
CC1CCCCC1NC(=O)Nc1ccccc1F,2.5999999999999996
COc1ccc(OC)c(NC(=O)CN2c3cccc4cccc(c34)S2(=O)=O)c1,-12.55
Cc1cc(Cl)ccc1OCC(=O)NC(c1cnn(C)c1)C1CC(O)C1,8.25
O=C1COc2cc(C(=O)Nc3ccc(Cl)cc3)ccc2N1,-7.250000000000001
CCCCn1cc(NC(=O)C2=CC(c3ccc(OC)cc3)=NS(=O)(=O)N2C)cn1,9.45
CCOP(=S)(OCC)Oc1cc(C)nc(C(C)C)n1,2.3
Cc1ccn(-c2ccc(N3CCN(C(=O)c4ccc(Cl)cc4)CC3)nn2)n1,2.6
CCn1c(=O)c(C)nc2cc(C(=O)NCc3cccnc3-n3cncn3)ccc21,-45.2
COc1ccccc1-n1c(=O)[nH]c2c(C(N)=O)nc(-c3ccccc3O)nc21,17.35
CCC(CC)NC(=O)C[S@](=O)Cc1cccc(C(=O)N(C)C)c1,-0.75
CC(C)CCn1c(=O)c(C(=O)Nc2cccnc2)c(O)c2ccccc21,12.6
CC(=O)NC1=NN(C(C)=O)C2(S1)C(=O)N(CCC(C)C)c1ccccc12,0.6499999999999999
O=C(c1ccc(Cl)cc1)N1CCN(c2ccnc3cc(Cl)ccc23)CC1,9.2
Cc1cc(S(=O)(=O)N2CC[C@@H](N)C2)ccc1F,10.333333333333334
COc1cc(C(=O)NC2CCN(c3cccnn3)CC2)ccc1OCC(C)C,-4.700000000000001
COCc1cccc(NC(=O)N[C@H]2CCCc3c2cnn3CCO)c1,-7.0
CCN(C(=O)c1ccc(-c2ncn[nH]2)cc1)[C@@H](C)CS(=O)(=O)CC,20.25
Cc1[nH]c2nc(-c3cccnc3)nn2c(=O)c1Cc1ccccc1,14.55
COc1ccc(OC)c(NC(=O)CC2CCCCN(C)C2=O)c1,20.55
CC1=NO[C@@H](CNC(=O)c2ccc3nc(C(F)(F)F)cn3c2)C1,5.8999999999999995
Cc1cc(C)c(NC(=O)CN(C)C(=O)CCOCC(F)(F)F)c(C)c1,8.249698500000001
C[C@H](NC(=O)c1cc(F)cc(F)c1)c1nnc2n1CCCCC2,0.1999999999999999
Cc1cc(=O)n(C)cc1NC(=O)[C@@H]1COc2ccccc21,-0.3499999999999996
O=C(NCC(F)(F)F)[C@@H]1CCCN1C(=O)c1[nH]c2ccccc2c1Cl,-10.15
Cc1ccc2c(=O)c(C(=O)N3CCCC3)cn(CC(=O)Nc3cccc(F)c3)c2n1,11.8
CCOc1nc2cccc(C(=O)OC(C)OC(=O)OC3CCCCC3)c2n1Cc1ccc(-c2ccccc2-c2nn[nH]n2)cc1,100.15
Cc1cccc(N2C(=O)c3sc4nc(=O)c(C)nn4c3C2=O)c1C,-6.9
COc1ccccc1N1CCN(S(=O)(=O)c2c[nH]c(=O)[nH]c2=O)CC1=O,-1.0499999999999998
COc1ccc(OC)c(C2=NOC(C(=O)N3CCN(c4ccccc4OC)CC3)C2)c1,8.5
Cc1c(NC(=O)c2cc(CC(C)C)[nH]n2)cccc1C(=O)N(C)C,4.65
CC[C@H]1C(=O)NCCCN1C(=O)c1coc(-c2ccccn2)n1,4.550000000000001
NC(=O)CCN(c1ccccc1)S(=O)(=O)c1ccc(NC(=O)c2ccncc2)cc1,2.4333333333333336
Cn1cc([C@]2(CNC(=O)C3CC(F)(F)C3)CCCO2)cn1,-14.25
CC1(C)SC2C(NC(=O)COc3ccccc3)C(=O)N2C1C(=O)O,93.95
Cc1cnc2c(S(=O)(=O)Nc3ccc4nc(C)nn4c3)cccc2c1,25.6
CCOc1ccc(CNC(=O)CN(C)c2nn3c(=O)cc(C)nc3s2)cc1,8.3
CCOc1ccc(C#N)cc1NC(=O)N1CC[C@H](N2CCCC2)C1,1.75
COc1ccc(N(C)C(=O)c2ccc(-c3ccccc3)[nH]2)cn1,4.6
CCOc1ccc(SCC(=O)N[C@H]2CCS(=O)(=O)C2)cc1,-7.75
COc1cc(CN(C)C(=O)Cn2ccc(=O)c3ccccc32)ccc1O,7.8
O=C(N[C@H]1CC(=O)N(c2ccccc2)C1)c1ccnc(-n2cncn2)c1,14.5
N#Cc1ccc(CC(=O)NCCCn2cnc3ccccc32)cc1,18.4
CC[C@]1(c2ccccc2)NC(=O)N(CN(CC(C)C)CC(C)C)C1=O,8.05
CC(C)c1ncsc1C(=O)N[C@H]1CN(C)NC1=O,-17.95
Cc1ccc(C#N)cc1NC(=O)N[C@@H]1c2ccccc2C[C@@H]1O,-5.350000000000001
CN(C)S(=O)(=O)c1ccc2c(c1)N(CC(=O)NCc1ccccc1Cl)C(=O)C1CCCCN21,12.3
Cc1ccc(NC(=O)c2ccc(=O)n(CCN3CCOCC3)c2)cc1,22.25
NC(=O)[C@@H]1CCCCN1Cc1nnc(-c2ccco2)o1,13.95
COc1cccc(-c2noc(N3CCN(c4ccccc4)CC3)n2)c1,14.75
CCn1cnnc1[C@H]1CCCN(C(=O)Nc2cc(C)ccc2Cl)C1,12.966666666666669
CCOc1ccncc1S(=O)(=O)Nc1ccc(-n2cccn2)c(F)c1,6.9
O=c1[nH]c2ccc(S(=O)(=O)N3CCc4ccccc4C3)cc2o1,18.6
Cc1ccc(C)c(OCC(=O)Nc2ccccc2C(N)=O)c1,10.35
CC(C)c1ocnc1C(=O)N1CCCC(c2nnc[nH]2)C1,6.05
CCCn1nc(C)c(NC(=O)NC(C)c2cn3ncsc3n2)c1C,12.4
Cc1noc(C)c1CN1CCN(Cc2nccn2C)[C@@H](C)C1,25.15
CN(Cc1cnn(Cc2ccccc2)c1)S(=O)(=O)c1ccc2c(c1)OCCCO2,15.25
CCOc1cc(C)cc2oc(=O)c3c(c12)CCC3,2.8500000000000005
COc1cccc(-n2cc(C(=O)N3CCN(C4CC4)c4ccccc43)nn2)c1,-10.15
COc1cccc(CN2CCN(Cc3cccc4c3OCO4)CC2CCO)c1,9.5
CN(C)[C@@H](CNS(=O)(=O)c1cc(F)cc(F)c1)C1CCCCC1.Cl,7.449999999999999
C[C@H]1CCS(=O)(=O)CCN1C(=O)NCCCc1nnc2n1CCCCC2,8.600000000000001
COCCOCc1cnc(C)nc1C1CCCN(C(=O)c2cn[nH]c2)C1,-14.25
CCN(CC)C(=O)CN1CCN(C(=O)c2cc(-c3ccc(OC)c(OC)c3)nc3ccccc23)CC1,-2.6499999999999995
CCOc1c(OC)cc(CNc2cc(C#N)ccn2)cc1OC,-19.9
CC(=O)N1CCC(NC(=O)N[C@@H](C)c2ccc3c(c2)OCCO3)CC1,0.4000000000000003
O=C(CCCn1c(=O)c2cccn2c2cccnc21)NCCc1cccs1,7.300000000000001
CN(CC(=O)N[C@H]1CCS(=O)(=O)C1)Cc1ccc(Cl)c(Cl)c1,-4.65
CC[C@H](Sc1ccccc1)C(=O)NCc1cc(=O)nc(SC)[nH]1,12.55
O=C(NCc1ccnc(-n2ccnc2)c1)N1CCO[C@H](c2cccs2)C1,-8.5
Cc1c(NC(=O)CSc2nc3ccccc3c(=O)n2C)c(=O)n(-c2ccccc2)n1C,-1.1
COc1cccc2c1CCN(C(=O)c1cccc(Cn3ccnn3)c1)C2,5.75
C[C@@H]1Oc2ccccc2N(CC(=O)Nc2ccc(-n3cccn3)c(F)c2)C1=O,16.4
CN(C)C(=O)N1CCN(C(=O)CN)CC1.Cl,-16.45
CC(C)(C)SCCNC1(C(N)=O)CC1,4.033333333333333
CCC[C@@H]1C[C@H]1C(=O)N(Cc1ccco1)C1CCN(C)CC1,10.266666666666666
Cc1cc(Cc2ccc(S(=O)(=O)N3CCC(C)CC3)cc2)c(=O)[nH]n1,10.6
COc1cc(N)c(Cl)cc1C(=O)NCCCS(=O)(=O)Cc1ccccc1,-9.6
C[C@@H](CNC(=O)CSc1n[nH]c(=O)[nH]1)N1CCN(c2ccccc2)CC1,29.15
O=C([C@@H]1CC=CCC1)N1CCN(c2ccc(O)cc2)CC1,11.5
Cc1noc(C)c1CN1CC[C@@H](NC(=O)c2cnc3c(c2)CCC3)[C@H](O)C1,7.0
COCCCNC(=O)c1ccc(Cl)c(S(=O)(=O)N2CCOCC2)c1,5.55
CNC(=O)C(C)(C)CNC(=O)N1CCc2cc(Br)sc2C1,3.3000000000000003
COc1ccccc1CNS(=O)(=O)c1cc2c(s1)CCN(C(C)=O)C2,5.1
CCOc1ncnc2c1CN(Cc1nnsc1Cl)CC2,0.3500000000000001
CC(C)CCNC(=O)C[C@@H]1Sc2ccc(Cl)cc2NC1=O,10.1
Cc1onc(-c2ccccn2)c1C(=O)N(C)[C@H]1CCN(c2ccccc2F)C1=O,1.9499999999999995
CCOCCNS(=O)(=O)c1cc(F)ccc1N(C)CC(=O)NC,3.85
Cn1ncc(N2CCC(C(=O)NCCc3ccccc3)C2)cc1=O,8.4
N#Cc1cccc(C(=O)N2C[C@@H](Oc3ccccc3)C[C@H]2C(=O)N2CCOCC2)c1,-1.75
CC(=O)c1ccc2c(c1)CCN(C(=O)N(C)C(C)C)CC2,8.65
NC(=O)CN(C(=O)[C@@H]1Cc2cc(Cl)ccc2O1)C1CCCC1,-14.2
Cc1ccnc(-c2ccc(NC(=O)N[C@@H](C)c3nnnn3C3CC3)cc2)n1,-19.820052
CCn1c(Oc2ccc3c(C)cc(=O)oc3c2)nc2c1c(=O)n(C)c(=O)n2C,14.95
Cc1cc(SCC(=O)N[C@H]2CCS(=O)(=O)C2)nc(C)n1,-8.9
COc1ccc(Cl)cc1CS(=O)(=O)N(C)Cc1nnc[nH]1,27.65
COc1ccc(-c2csc(CNC(=O)c3nc(=O)[nH][nH]3)c2)cc1,8.2
Cc1nn(-c2ccccc2)c(C)c1[C@@H]1COCCN1CC(N)=O,29.15
CS(=O)(=O)c1ccc(N2CCc3c(sc(N)c3C#N)C2)c(S(C)(=O)=O)c1,3.4000000000000004
CCC(=O)N1CCc2cc(N3CC(C(=O)NCc4cccc(C)c4)CC3=O)ccc21,6.4
CC(=O)Nc1ccc(S(=O)(=O)N[C@@H](C(=O)N2CCOCC2)c2ccccc2)cc1,7.0
CCCN(CC1CCOC1)S(=O)(=O)c1ccccc1C(F)(F)F,4.55
CN(CC(F)F)C(=O)N[C@H]1CCN(c2ccc(Cl)c(F)c2)C1=O,18.5
Cl.Clc1ccc(CN[C@H]2CCCN(c3ncccn3)C2)o1,-5.9
CN(C(=O)c1ccc(CNC(N)=O)cc1)C(C)(C)CN1CCCC1,1.7000000000000002
Cn1nnnc1SCC1=C(C(=O)O)N2C(=O)C(NC(=O)C(O)c3ccccc3)C2SC1,97.35
Cc1nc(C)n(C[C@H]2CCCN2Cc2c(C)noc2C)n1,-8.05
Cc1c(C(=O)Nc2ccnc(-c3ccccc3)c2)nnn1C,23.4
C[C@H]1C[C@@H](CO)CCN1C(=O)c1ccc(N2CCCC2)c(F)c1,-3.649999999999999
O=C(N1CCN2CCC[C@H]2C1)C1(c2ccc(C(F)(F)F)cc2)CC1,-3.5
CCCOc1ccc(CNC(=O)c2nc[nH]c2C(=O)NC(C)C)cc1,52.65
CCOc1ccccc1OCCCn1c(CCO)nc2ccccc21,13.6
C#CCNC(=O)c1ccccc1NCC(=O)N1CCC[C@H](C)C1,16.5
Cc1cccnc1NC(=O)c1cnc2ccc(F)cc2c1O,5.6
CO[C@H]1CCCN(S(=O)(=O)c2cnn(C)c2Br)C1,-11.65
COc1cc(C)sc1C(=O)N[C@@H]1CCN(Cc2c(C)noc2C)C[C@H]1O,15.25
COc1ccc([C@@H](NC(=O)Cn2cnc3ncccc3c2=O)C2CC2)cc1,19.233333333333334
Cc1cn2ccnc(C(=O)N(C[C@H](C)C#N)C3CC3)c2n1,-11.866666666666667
C#Cc1ccc(C(=O)N2CCC[C@@H]2CCN(C)C)cc1,4.800000000000001
CCN1CC(C(=O)N2CC(Oc3cccc(C)c3)C2)CC1=O,8.700000000000001
CC(C)c1nc(CNC(=O)Cc2ccccc2Cl)no1,14.05
N#Cc1ccc(S(=O)(=O)N2CCN(C(=O)C3=NO[C@H](c4ccccc4)C3)CC2)cc1,24.950000000000003
CCCn1cc(C(=O)Nc2ccc3c(c2)OCO3)c(=O)c2ccc(C)nc21,12.05
Cl.Cl.N[C@H]1CCc2nc(-c3ccccc3)ncc2C1,-8.4
O=C(CNc1ccccc1Cl)NC[C@H]1CCN(CC(F)(F)F)C1,-12.0
O=C(NCc1ccc2c(c1)OCO2)c1cn(-c2cc(N3CCCC3)ncn2)cn1,17.9
CCn1cnnc1[C@@H]1CN(c2cc(NCC3CC3)ncn2)CCO1,7.766666666666666
Cc1nccc(N2CCN(C(=O)[C@]3(C)CCCO3)CC2)n1,-6.300000000000001
Cc1cc(C(=O)NC(c2ccccc2)c2nnc(N)s2)c(=O)n(C)c1C,12.5
O=C(O)c1ccc(N2C(=O)/C(=C\c3ccc(-c4ccc([N+](=O)[O-])cc4)o3)C=C2c2ccccc2)cc1,68.85
CN(Cc1nnc(-c2ccccc2)o1)C(=O)NC[C@@H]1CCCO1,9.05
O=C(Nc1ccccc1O[C@H]1CCOC1)Nc1cccc2[nH]ccc12,24.0
O=C(CCC1CCCC1)N1CCC(Cc2nnc(-c3ccncc3)[nH]2)C1,6.449999999999999
CC(C)Cc1nnc(C2CC3(CN(C(=O)c4cccnc4)C3)CN2C)o1,3.5
CC(C)(CNCc1cc2ccccc2s1)NS(C)(=O)=O,0.1
C[C@@H](C1CC1)N(C)S(=O)(=O)Cc1ccc(F)cc1,6.1499999999999995
Br.NCC(c1ccc(Cl)cc1)C1CCCC1,13.05
CC(C)Nc1ncccc1C(=O)N1CCS(=O)(=O)C[C@@H](C)C1,8.7
CC(C)n1ccc(NC(=O)NCc2cc(F)c(C#N)c(F)c2)n1,-1.7000000000000002
Cc1c(Cl)c(C)[n+]([O-])c(Cl)c1-c1noc(-c2cc(O)c(O)c([N+](=O)[O-])c2)n1,89.55000000000001
Cc1ccnc2nc(C(=O)Nc3nn4cc(-c5ccccc5)nc4s3)nn12,13.85
CCc1nc([C@@H]2CCCN2C(=O)c2sccc2COC)no1,13.85
Cc1sc2nc([C@H](C)N3CCN(Cc4cscn4)CC3)[nH]c(=O)c2c1C,-9.5
Cc1cccc(OCCC(=O)N2CCC[C@H](NS(C)(=O)=O)C2)c1,-14.75
CC(C)NC(=O)CN(C)[C@H]1CCN(c2ccccc2Cl)C1=O,-6.05
COc1ccc(N2C[C@@H](C(=O)NCCC(C)C)CC2=O)c(OC)c1,16.2
CN(Cc1ccoc1)C(=O)c1cccc(Cn2ccnc2)c1,-14.55
CCN1CCN(C(=O)c2ccc(NC(=O)c3ccn4c(C)cnc4c3)cc2)CC1,-8.25
Cc1cc(C)n(C[C@@H](C)CNC(=O)N(C)Cc2ccco2)n1,-2.2
C[C@H]1c2nnc(C3CCCC3)n2CCN1C(=O)Cc1ccon1,10.95
O=C(NCCCc1ccccc1F)c1cc(C(F)F)[nH]n1,10.6
CCCS(=O)(=O)N1CC(=O)N(c2ccc(CC)cc2)C(C)(C(=O)NC2CCCCC2)C1,14.05
Cc1cnn(C[C@H]2CN(Cc3ccc(C(N)=O)cc3)CCO2)c1,10.95
O=C(c1ccccc1Cc1ccccc1)N1CCN(C(=O)N2CCCCC2)CC1,9.3
COc1ccccc1CC(=O)N1CCN(C[C@H]2CCCCN2C)CC1,-10.1
CC(NC(=O)c1ccc2c(c1)OCCO2)c1ccccc1,5.7
CC(C)N1CCC(N(CCNC(=O)CCCc2ccccc2)C2CCOCC2)CC1,4.800000000000001
O=C1c2ccccc2S(=O)(=O)N1CCSc1nc(=O)c2ccsc2[nH]1,-11.8
Cc1ccc(S(=O)(=O)N2CCN(c3c(C)n(-c4ccccc4)c(=O)n(C)c3=O)CC2)cc1C,-3.9
CC[C@H](C)C(=O)NCc1csc(C(C)(C)C)n1,2.5
O=C(NC[C@@H](c1ccccc1)N1CCOCC1)c1cnn(CC(F)(F)F)c1,-12.033333333333331
O=c1[nH]cc(F)c(=O)[nH]1,94.05
COc1ccccc1OCC(O)CN(Cc1ccc(C)cc1)C1CCS(=O)(=O)C1,-3.1500000000000004
CC(C)Oc1ccc(C(=O)N2CC(=O)N(c3ccc(C#N)cc3)CC2C)cc1,15.0
CCn1cc(C(=O)Nc2cccc(C(C)=O)c2)c2cccnc21,3.45
O=C(Nc1ccc(O)cc1)c1ccc2c(c1)C(=O)N(Cc1ccco1)C2=O,16.85
COc1cc(NC(=O)c2ccccc2F)c(C(=O)N(C)C)cc1OC,-6.95
CNC(=O)CN1CCC(NC(=O)NCc2sccc2C)CC1,6.2
CS(=O)(=O)NCC1CCN([C@H]2CCCN(c3cccc(F)c3)C2=O)CC1,11.1
CCOCCn1c(=O)[nH]c2cc(C(=O)NCCC(N)=O)ccc21,6.95
CCc1n[nH]c([C@@H]2CN(C(=O)c3ccncc3F)CCO2)n1,-2.95
Cn1nccc1S(=O)(=O)N1CCO[C@H](C2CC2)C1,0.9000000000000004
O=C(CN1C(=O)CN(C(=O)Nc2ccc(F)cc2)c2ccccc21)N1CCN(c2ccccc2)CC1,8.35
CCOc1ccc(NC(=O)Cn2ccn3nc(-c4ccc5c(c4)OCO5)cc3c2=O)cc1,4.199999999999999
CCNC(=O)c1ccc(NC(=O)N[C@H]2CCN(C3CC3)C2=O)cc1,6.75
COc1ccsc1S(=O)(=O)N1C[C@H]2CCC(=O)c3cccc1c32,2.0999999999999996
CCOc1ccc(Nc2nc3c([nH]2)c(=O)[nH]c(=O)n3C)cc1,6.45
CCN(C(=O)c1cccc2cn[nH]c12)[C@H]1CCN(Cc2ccccc2)C1,-4.8
Cc1c(Cl)cccc1-c1ccc(CNCCO)o1.Cl,17.9
C[C@H](Nc1nnc(C(F)F)o1)c1cccc(O)c1,5.15
O=c1oc2cc(O[C@@H]3OC[C@@H](O)[C@@H](O)[C@@H]3O)ccc2c2c1CCC2,11.2
COc1ccc(N2C(=O)C(C)CS2(=O)=O)cc1S(=O)(=O)N1CCN(c2ccccn2)CC1,2.4
COCc1nnc(NC(=O)C2CC(=O)N(c3ccc4c(c3)OCCO4)C2)s1,23.15
COc1ccccc1OCC(=O)N[C@@H](C)c1ccc(-n2ccnc2)cc1,-2.4000000000000004
Cc1cnn(C[C@H]2CCCN2C(=O)c2ccsc2)c1,-22.75
CS(=O)(=O)N[C@H]1CCCN(C(=O)c2ccc(-n3ccnc3)nc2)C1,-22.55
NC(=O)c1csc(S(=O)(=O)NCCC2CCCCN2Cc2ccccc2)c1,15.7
CCNC(=O)NCc1cc(Cl)c2c(c1)OCCCO2,-3.9
CC(=O)Nc1ccc(C(=O)Cn2cnc3cc(F)ccc3c2=O)cc1,7.05
Cc1nn(CCO)c(C)c1CN[C@@H](C)c1ccc2c(c1)OCO2.Cl,14.85
COc1ccc(CN2CCN(Cc3ccc(C)s3)CC2CCO)cc1C,25.85
NC(=O)c1cc(NC(=O)CCSc2ccccc2Br)[nH]n1,0.95
CC(C)(C)c1ccc(C(=O)NCCC(=O)NC2=NCCS2)cc1,-24.75
O=C(Cc1ccc(N2CCCC2=O)cc1)NCc1ccc(N2CCCC2=O)cc1,9.8
O=C(c1cn2cccnc2n1)N1CCCN(Cc2cccs2)CC1,13.8
Cc1ccc(C)n1CC(=O)Nc1nc(-c2ccccn2)cs1,-3.899999999999999
CCN1/C(=C/c2ccc3ccccc3[n+]2CC)C=Cc2ccccc21.[I-],96.75
CCC1(CC)CNC(=O)[C@H]1NC(=O)CCCn1ccccc1=O,-14.0
COc1ccccc1CCC(=O)N1CCC[C@H](n2cc(C)cn2)C1,4.1
COc1ccc(NC(=O)[C@H](C)NC(=O)c2ccoc2)cc1N1CCCC1=O,6.8999999999999995
COc1cccc(NC(=O)CN2C(=O)CCSc3ccc(S(=O)(=O)N4CCOCC4)cc32)c1,12.7
CCN(CC)S(=O)(=O)c1ccc2c(c1)N(CC(=O)NCCCc1ccccc1)C(=O)CS2,7.85
Cc1ccc(N2CCN(C(=O)c3cc(=O)c4cccc(F)c4[nH]3)CC2=O)cc1,13.5
COc1cc(Cl)ccc1C(=O)N1CCCC(c2nc(C)ncc2CO)C1,-4.75
CC[C@H](C)C(=O)Nc1cccc(CNC(=O)c2cc(O)c3c(cnn3C)c2)c1,5.8
Cn1cnnc1Sc1ccc(CN2CCCCC2c2nccs2)o1,17.1
CCOc1cc2c(cc1CNC(=O)Nc1cnn(CC)c1)O[C@@H](C)C2,7.15
Cn1nc(C2CC2)cc1CNC(=O)CN1CCCC[C@H](O)C1=O,10.65
Cc1cc(C)c2c(CC(=O)NCCn3ccnn3)coc2c1,21.200000000000003
Cc1cc(C)n([C@H]2CCCN(C(=O)c3cccc(CC#N)c3)C2)n1,-20.85
CCC1(C)N=c2c(c(=O)n(C)c(=O)n2C)=NO1,5.949999999999999
CC(C)CNC(=O)CSc1nnc(Nc2ccccc2)s1,0.05
COc1cc2c3cnn(CN4CCCC4)c(=O)c3n(C)c2cc1OC,18.55
CC(C)c1nn(C)cc1CNC1CCN(C(=O)C(C)(C)C)CC1,2.4333333333333336
C[C@H](NC(=O)c1cc(Br)cnc1C1CC1)c1nc[nH]n1,-9.85
COc1ccc(-c2cncc(C(=O)NCc3cc(OC)ccn3)c2)cc1,1.6500000000000004
CC[C@]1(C)NC(=O)N(NC(=O)Cn2cc(-c3ccccc3)nn2)C1=O,-6.4
CC(C)(C)[C@H](NCC(=O)NC(=O)NCC(F)(F)F)c1cccs1,-10.3
CCOCc1ccc(O)c2ncccc12,62.75
Cn1nc(C(=O)NCc2nncn2CCc2ccccc2)ccc1=O,13.95
COc1cc(C(=O)N2CCC[C@H](c3ccn[nH]3)C2)ccc1C,-7.6
CC(C)(C)CC(=O)N1CSC[C@H]1C(=O)NCc1cccc(C#N)c1,-8.5
Cc1ccc(CC(=O)N2CCC[C@H](n3ccnc3C)C2)s1,3.95
COc1ccc(C(C)=O)cc1Cn1c(-c2cccnc2)noc1=O,-11.65
c1ccc2c(c1)OCCN2Cc1ccc(-n2cccn2)cc1,-12.35
