pca_x,pca_y,tmap_x,tmap_y,tsne_x,tsne_y,umap_x,umap_y
-0.68540686,-0.035646398,0.11953771,0.7246268,-0.2165943,-0.79337615,0.23289974,-0.0036404303
-0.31715518,-0.21912189,0.6649579,0.7167249,0.15029669,0.22732991,0.28417683,-0.13970315
-0.601325,-0.20775717,-0.38334298,-0.64918524,0.19434091,0.11322958,0.3860367,-0.03718028
-0.5347466,-0.23963761,-0.6389916,-0.2510571,0.16566017,0.17878328,0.37274408,-0.14152472
-0.3446323,-0.17997406,0.46327782,0.5363996,-0.52965724,-0.57923514,0.26847237,0.11700285
-0.36987433,-0.16660325,0.12408471,0.81149113,0.44907048,0.08802046,0.28292394,-0.15502392
-0.10839459,-0.010946388,-0.34536946,-0.4037025,0.21347167,-0.36074033,0.07608708,0.4173989
-0.28394935,-0.10693111,-0.3781535,0.7290797,-0.02023512,-0.0005145922,0.20982988,0.0136112645
-0.33856502,-0.21341142,-0.9407159,-0.020944238,0.1582767,0.25501257,0.22124669,-0.23818922
-0.5784139,0.38044015,0.3283775,-0.30093122,0.46762645,-0.47923833,-0.12935147,0.017583594
-0.3626135,-0.32485202,0.15351069,0.115204096,0.22352938,0.26745632,0.32670885,-0.22636364
-0.32777178,0.014622723,0.22733712,-0.73387635,0.23176496,0.11078208,0.7496934,-0.50401527
0.034629177,-0.2559478,0.27477252,0.21500266,0.22327293,-0.003097923,0.26690218,0.68230736
-0.512049,-0.19428657,0.31668353,0.59358835,-0.09130804,0.26093152,0.35175788,-0.17082898
-0.33136344,-0.35292894,-0.2581172,-0.41699982,0.28199226,0.29256028,0.33866888,-0.15462908
-0.26209667,-0.03877419,-0.026286244,-0.0027831197,-0.614404,-0.55717134,-0.7224736,-0.13720813
-0.31376097,-0.2289154,-0.49587566,-0.46972555,-0.26306236,0.7801531,0.33871564,0.12171698
-0.30494928,-0.23502998,-0.6437069,0.043742657,-0.261682,-0.70768934,-0.41302547,-0.044049233
-0.49351987,0.007951741,0.17558086,-0.43670285,0.3739599,-0.42598006,0.17311239,0.023472762
-0.3215352,-0.26059207,-0.6797105,-0.3459369,0.22097361,0.26297793,0.31864017,-0.25210458
-0.3921978,-0.115435824,0.44733,0.51953447,0.32337844,0.37864742,0.49805674,-0.10657781
-0.45775774,-0.29539618,0.016665459,0.66796863,0.28357348,0.27385435,0.30805793,-0.15126722
-0.38648596,-0.14153247,-0.010059357,-0.8392474,-0.12039944,-0.41961232,-0.21354929,-0.17059779
-0.3214523,-0.0720243,-0.73404247,0.012492061,0.019254297,-0.22722241,0.19274475,-0.728656
-0.31499687,-0.25231248,0.29943728,-0.8080618,-0.4151606,-0.021833504,0.16438316,-0.15029106
-0.29282293,-0.029600445,0.25893474,-0.96962905,0.14657193,0.24799018,0.13360171,-0.28710112
-0.37354454,-0.32718897,0.6951885,-0.3576417,0.35844174,0.40458348,0.44168863,-0.18878575
-0.32434142,-0.0404309,-0.8595171,-0.07547432,-0.30033514,0.7771109,0.34573767,-0.011722316
-0.27890065,-0.18193832,0.058326483,0.7819127,0.095976315,0.5637336,0.22072658,-0.2838921
-0.4351885,0.11338755,-0.013327837,0.55447555,0.062861964,-0.43372953,-0.047552813,-0.08139607
-0.43674257,-0.20532294,-0.67968035,0.05748129,-0.072526164,-0.69230485,-0.36721554,0.15013744
-0.33515877,0.052245174,0.9239129,0.33532107,-0.12298493,0.011475859,0.26784948,-0.16145325
-0.22218582,-0.22208203,0.15834188,-0.34240538,0.54800135,0.6107555,0.37064466,0.113802806
-0.19652563,-0.18740301,-0.70103973,0.33281267,0.012093733,-0.00084724225,0.3167936,-0.24096799
-0.24592774,0.06972646,-0.47336245,0.69428873,0.2728514,-0.25874093,0.10982513,-0.18622091
-0.4190198,-0.29791293,0.49634123,0.5949521,-0.18745902,-0.31949446,0.06326204,-0.1523521
-0.3812272,0.005812173,-0.0063968897,-0.7719823,0.3412448,-0.11187424,0.18955608,-0.011895066
-0.27518067,-0.07202385,-0.8374774,0.48701966,-0.09235397,-0.07227758,0.20749477,-0.24253298
-0.6411026,-0.23681065,-0.08183396,-0.40632296,0.6538607,0.25777438,0.4099779,-0.38600737
-0.40848082,-0.006244148,0.43201125,-0.35736293,0.59695446,0.045817316,0.44623175,-0.3199688
-0.26360795,-0.22636263,0.058553696,0.78370655,-0.27946526,-0.0830512,0.02391421,-0.36966407
-0.09965736,-0.0743232,0.151672,-0.17059171,-0.09757129,0.0022399966,-0.24928302,-0.35315335
-0.2753092,-0.25214142,0.24885893,-0.9162466,-0.02091468,0.71938914,0.6644832,0.00020835138
-0.39534897,-0.08621421,0.26976395,0.077075124,-0.3069514,-0.34085566,0.1125557,-0.28375238
-0.11309223,-0.09136458,0.70199513,-0.3962193,-0.1770568,-0.3254645,-0.10730345,0.09422033
0.36393315,-0.5854923,0.6980995,-0.63768876,-0.5018158,-0.23950224,-0.32987943,-0.19125679
-0.66667134,-0.12149821,-0.7231674,0.41866684,0.4702321,-0.34733123,0.39621678,-0.089585155
-0.111265585,-0.26757443,-0.20675635,-0.86288834,-0.1379358,0.652206,0.48388526,0.13370067
-0.13159037,-0.20634523,0.5103903,0.16429543,-0.023387462,0.19089274,0.20827483,0.18936606
0.03485317,0.10862049,-0.059362292,-0.035093427,-0.37724546,0.44255915,0.44461587,0.1335795
-0.49193156,-0.3540332,0.56714237,0.30866027,0.21897887,0.4316362,0.2084212,-0.32689282
-0.4111787,-0.21877995,0.5638555,-0.7517439,-0.17258339,-0.03151477,0.14571331,-0.22473466
-0.49116513,-0.19241454,0.27634573,-0.70705736,0.4483734,0.2007281,0.68846,-0.54027003
-0.33526954,-0.21583387,0.44109523,0.8349128,-0.0056330133,-0.37053892,0.14565158,-0.18660247
-0.19053265,-0.06382762,0.0112730265,-0.5357263,-0.09863443,0.07060889,0.1725452,-0.12036011
-0.3462439,-0.3841238,0.3189478,0.18077219,-0.13575372,0.69751215,0.3513212,-0.07451735
-0.074186236,-0.17303814,-0.3863088,-0.37907988,0.06837222,0.21065092,0.15763472,-0.102276996
-0.51286256,-0.28790948,-0.9204196,-0.24637622,0.30113396,0.14639017,0.43638346,-0.18177696
-0.08523369,-0.2120853,-0.8784996,-0.40405196,-0.29529884,0.7172168,0.49271497,0.23564437
-0.25728926,-0.26437414,-0.20363295,-0.7064302,-0.37054694,-0.8859353,0.20180885,0.35967755
-0.32265428,-0.32786658,0.008296251,0.6011727,0.025807118,0.8433268,0.32313025,-0.104788914
-0.09765944,-0.17610817,0.376014,0.5904026,-0.15196373,0.6251243,0.7339741,0.044790816
-0.33723912,-0.18273108,0.34084392,-0.84003085,0.15063702,0.21239354,0.20355228,-0.18840533
0.05677251,-0.13853967,0.12439871,-0.6956693,-0.6810319,-0.25020015,-0.46517062,-0.1605162
-0.6637436,-0.10439924,0.21840763,-0.19707239,-0.9172509,0.25640976,0.24555112,-0.034743283
-0.1297753,-0.07209994,-0.458287,-0.032579184,-0.31671542,-0.78052855,0.019763023,0.059694592
-0.21523331,-0.035942737,0.13337493,0.45414662,-0.47648153,-0.49887365,-0.06373119,0.03496097
-0.34572622,-0.36406106,0.22216153,-0.95976186,-0.08435802,0.6695499,0.19940728,-0.13040549
-0.3870407,-0.25065553,-0.10319036,0.63610077,0.39270553,0.4435173,0.39503866,-0.14384255
-0.044550214,-0.19875728,0.31748307,-0.41244972,-0.20019704,0.63341415,0.3385876,0.17659071
-0.24658504,-0.24742697,0.58239543,0.47390568,0.18452929,0.2425696,0.36027107,-0.1432151
-0.20182723,-0.1501409,-0.15187484,-0.92800236,0.15004535,0.39041474,0.4708358,-0.25742877
-0.25595963,-0.36064172,0.5558331,-0.19226867,-0.59309137,-0.16860762,0.08973968,-0.14769682
-0.49185994,-0.06038243,-0.47847658,0.557884,0.5454836,0.024883568,0.22282483,-0.35739428
-0.33113614,-0.12698294,-0.23433965,-0.32701987,-0.06064883,-0.027293088,0.167222,-0.018946141
-0.73143184,-0.20339954,0.5913925,-0.25834888,0.5136406,-0.063089624,-0.013441153,0.12003987
-0.53413707,-0.254998,0.9048103,0.13653517,0.3195615,0.2616961,0.34903863,0.03207192
-0.24580635,-0.17686383,0.52775466,0.6315756,0.14261183,0.29693624,0.13246767,-0.32676944
-0.04897124,-0.32677254,0.42702317,0.6777649,-0.046034705,0.71261954,0.6868598,0.11694861
-0.45369646,-0.23141454,0.22041059,0.017083406,0.23907685,0.25247386,0.11480301,-0.30276674
-0.4128582,-0.2598369,-0.23485857,0.38249278,0.25123608,0.24551012,0.39217943,-0.18713988
-0.05812173,-0.32101175,-0.26321393,-0.17035818,0.2731718,0.321988,0.30855113,-0.25235033
-0.4057836,-0.33827624,-0.5886945,-0.6583873,0.09039861,0.13886306,0.18970922,-0.3152241
0.050276887,-0.18914361,0.18252361,0.030310988,-0.23260315,0.55780566,-0.24242494,-0.04121807
-0.23288131,0.011229743,-0.08571577,-0.8153013,-0.08033523,-0.31034368,-0.018993981,0.119292185
-0.1702137,-0.31845552,0.11096871,0.5036365,-0.0984554,0.7189437,0.62824196,0.10167683
-0.44232532,-0.20831646,0.7888386,0.005307317,-0.1054817,0.73248047,0.2018925,-0.034012187
-0.25212246,0.017806325,-0.84468293,0.013132811,0.3915491,-0.07763696,0.18436371,-0.2274952
-0.2924406,-0.40544814,-0.18704182,-0.52690077,-0.45341858,-0.5421011,-0.5127632,-0.2914126
-0.4673436,-0.068681054,0.7066071,0.43749845,0.5097419,-0.410583,0.3792953,-0.13044347
-0.29588357,-0.14535369,-0.79920185,-0.02898544,-0.56722707,-0.5561458,0.09966592,-0.005070913
-0.5462738,-0.2782309,0.79642785,0.35612476,0.42252773,-0.018323092,0.19676752,-0.19938318
-0.2926163,0.12156244,-0.23081303,-0.20850086,-0.13004501,0.8010405,0.39494377,-0.046370145
-0.3912062,-0.39259544,0.7091551,-0.40414447,0.27609187,0.3957256,0.30198005,-0.12313217
-0.39925885,-0.1928762,-0.06514472,0.3238256,-0.39475095,-0.6466596,-0.64159906,-0.0156087205
-0.16204776,-0.3596324,0.17109859,0.5789236,-0.012848864,0.70944065,0.58400023,0.022141384
-0.22862007,-0.36745548,0.13796568,0.49944365,-0.111040324,0.7117094,0.7150016,0.089525975
-0.65191615,0.090098105,-0.52192557,0.5375012,0.26947248,-0.55364376,-0.10549959,-0.24877083
-0.3825645,-0.1898707,-0.6527174,-0.70097035,0.29126027,0.38530552,0.12122002,-0.3396337
-0.27288046,-0.3838182,0.52118754,-0.42596954,0.0072428,0.8073039,0.45724058,-0.08183781
-0.39150348,-0.34090173,0.9850559,0.057091594,0.5557985,-0.16348039,0.2670658,-0.09208647
-0.36441812,-0.15278599,-0.30061734,-0.08593714,0.2180404,0.26304436,0.18829541,-0.18650067
-0.26281133,-0.16911279,0.8731122,0.19981301,-0.24436525,0.028563956,0.24743976,0.04831888
-0.51356095,-0.122597836,0.67590165,-0.52208674,-0.2503782,-0.47624028,-0.033691775,-0.260349
-0.36843583,-0.20373595,-0.47813636,-0.12187737,0.1061012,0.25226104,0.27783194,-0.16959329
-0.47225672,0.0022695407,-0.7758195,0.05381298,0.1952879,0.06657627,0.12483181,-0.13738668
-0.34372595,-0.25219557,-0.84947073,-0.105724275,0.18024231,0.2633625,0.28583202,-0.21566288
-0.38395214,-0.20864564,0.09186065,0.015314102,0.53848684,-0.1794168,0.18721735,-0.15599608
-0.66599375,-0.02975722,0.17094481,-0.5908922,0.18993549,-0.43624604,-0.15630858,-0.18265922
-0.34921438,0.048241038,-0.31498963,-0.74127626,0.34988326,0.27397838,0.37219298,-0.19728372
-0.34818488,0.00025840555,0.25528634,0.8587923,-0.060256176,0.8380504,0.5736875,0.07776141
-0.7712219,0.00084154756,-0.15807867,0.01640451,0.33923712,-0.5177465,-0.2064756,-0.055302948
-0.15164106,-0.19871521,-0.23117,-0.3583545,-0.06449612,-0.329384,-0.15320902,-0.10839711
-0.54377604,-0.29213342,-0.59588474,-0.29695642,0.4597471,0.23121916,0.35104468,-0.16205156
-0.5253157,-0.24725494,0.2113471,-0.7054566,0.2966268,0.43326354,0.48512125,-0.19459853
-0.15036681,0.16152312,0.59682286,0.62696314,-0.10274229,0.7362551,0.7643354,0.20114633
-0.13426815,-0.18413016,0.8079802,0.13188303,-0.36457348,0.46251392,0.119065195,0.1403366
-0.072083086,0.23278202,-0.14835238,-0.5137844,0.34503928,0.06128514,-0.13554972,0.43523753
-0.3414374,-0.2331316,0.36757314,0.044774413,0.24927369,-0.20563342,0.1574562,-0.11569682
-0.3549723,-0.3116486,-0.29054254,-0.92026854,0.23201619,0.27482623,0.4357526,-0.25853372
-0.15513897,-0.24908347,-0.5479485,-0.15032071,-0.3806759,-0.07201317,-0.083089046,-0.45078874
-0.59574914,0.1773461,0.80770135,0.51458395,0.60897714,-0.47754514,-0.13763829,0.27977273
0.041916173,-0.11555132,0.42652953,0.7809588,-0.22383468,0.6370273,0.08116974,-0.40459827
-0.01899095,-0.15569203,-0.8338678,-0.12455487,-0.15646781,0.137601,0.097046465,-0.14470564
-0.42245007,-0.29780906,-0.5643276,0.32489443,0.1528128,-0.41002128,0.1872911,-0.11151212
-0.2232257,0.123650335,0.64055634,0.05729294,0.070759,-0.29607368,0.0004967082,-0.20295642
-0.32724,-0.24537522,-0.23467332,-0.2320506,0.027799983,0.21511465,0.21585414,-0.09668353
-0.38104916,-0.09441057,-0.27915365,-0.9147683,-0.22312823,0.73957336,0.46024722,-0.010900531
-0.080541804,-0.3022819,0.16723895,0.56696534,-0.037552044,0.70037395,0.626925,-0.036072917
-0.19253966,-0.3023056,0.8028003,-0.5235958,-0.107126206,0.605367,0.18807526,-0.18233678
-0.29960525,-0.3227787,-0.67916274,-0.50895935,0.37432662,0.62610734,0.41646713,-0.27465323
-0.4409455,-0.09084084,-0.37258762,0.6852466,0.28556427,-0.063757524,0.43997672,-0.15577747
0.04146127,-0.2575492,-0.21452379,-0.37165213,-0.58285207,-0.11909185,-9.7859825e-05,-0.07706411
-0.39000517,-0.20595434,0.19780922,0.39861786,-0.1528561,0.7059111,0.654105,0.067872435
-0.49278462,-0.2015941,0.7718849,-0.5157883,-0.5460739,-0.6326238,-0.59081024,-0.3398743
-0.510912,-0.15663832,0.4095893,-0.45276028,0.56460464,0.11462337,0.30012992,0.03844698
0.65848684,0.24021293,-0.16058671,-0.93785477,-0.2832366,-0.05729205,0.13167447,0.17510574
-0.5019684,-0.16222396,-0.94742155,0.21722722,0.27467093,-0.47163472,0.2950749,-0.031945627
-0.21087678,-0.02545635,0.3912654,0.6127188,-0.25821683,0.71532995,0.65431577,0.1223565
-0.3756689,0.06738994,-0.2034939,-0.9661327,0.34424904,0.23643224,0.4854435,-0.27449736
-0.48867738,-0.45664984,-0.02549696,0.98781276,-0.08584964,-0.463354,-0.053095292,-0.13522252
-0.0759597,-0.224568,0.83673,-0.18637961,-0.19162491,0.64204097,0.6244805,0.12525578
-0.2698832,0.07875342,0.116366625,-0.7744378,0.4021318,0.18973216,0.30471522,-0.17778295
-0.4274479,-0.124103315,-0.34509957,-0.12971455,0.8086957,-0.38690817,-0.23658013,0.33737618
-0.43007633,-0.15740463,-0.8861624,0.2628821,0.37054038,0.33039787,0.4359296,-0.13065897
-0.50636506,-0.32821685,0.5267141,-0.24900502,-0.16612218,-0.7312798,0.22839585,-0.10901086
-0.061456863,-0.44760635,0.28438663,0.106972694,-0.12411914,0.65397185,0.65326244,0.03463754
-0.043513957,-0.07786715,0.40340722,-0.8306861,-0.4340375,0.46644527,0.73806393,0.29759288
-0.15526493,-0.22577737,-0.42233926,-0.7216463,-0.056427576,0.6778039,0.55124116,-0.09650539
-0.24236505,0.15397264,-0.0021708608,0.8065394,-0.21027397,-0.5483128,0.060058933,-0.022431035
-0.3641158,-0.32914892,-0.6397627,-0.6542163,-0.27177507,-0.07914377,-0.41601416,-0.46204358
-0.47669998,0.038379554,0.43902278,-0.49114925,-0.2601808,-0.14076361,0.45775148,0.53250027
-0.6345901,-0.11031204,-0.047406554,0.8229362,0.3342304,0.31233057,0.4039444,-0.1651459
-0.39144087,-0.06657256,-0.79168123,-0.18814427,-0.17799136,-0.1644216,0.09321848,-0.37058532
-0.39826694,0.031754855,-0.14659911,-0.8709982,0.22042105,0.09932395,0.23233677,-0.17826518
-0.41796264,-0.28357932,-0.60544485,-0.4914841,0.19888687,0.22830285,0.35528135,-0.14751656
-0.4231866,-0.22178215,-0.7150396,0.20828879,0.28747487,-0.088665456,-0.22534038,-0.19116305
-0.68032986,-0.2122433,0.8556473,0.13469219,0.09522182,-0.7822536,-0.33652425,0.065475196
-0.31487188,-0.16556345,0.35985756,0.48426163,-0.44357666,0.51702684,0.3010535,-0.050482545
-0.4813806,-0.22842106,-0.92356056,-0.2206654,0.17892447,0.26392168,0.37619817,-0.15633985
-0.5771293,-0.12651153,-0.48678255,0.57131386,0.5719515,-0.42834353,-0.18344197,0.24119352
-0.24144278,-0.14984287,0.5270479,0.67417514,0.1993693,0.26429415,0.18452626,-0.13427424
-0.59603226,-0.084862456,0.5860846,-0.05887258,0.40993357,0.1659469,0.3544617,-0.113905996
-0.38794017,-0.22513568,-0.025871158,0.26229715,-0.22694112,-0.25544405,0.17532977,-0.039054945
-0.3323186,-0.3753455,0.081778884,0.2594732,-0.059358284,0.9072903,0.5870668,-0.1527621
0.038297664,0.6141781,-0.37798005,-0.5913428,0.7620364,-0.21147716,-0.43626824,0.59972763
-0.042744968,-0.2662857,0.4981506,-0.52747095,-0.44497767,0.50193167,0.6581429,0.1322171
-0.44763967,-0.052435335,-0.05307871,-0.3902943,0.6081595,0.36199647,0.2710082,-0.1122584
-0.36160514,-0.13617831,-0.5598392,0.8082131,0.43941656,0.05242853,0.3246738,0.28612334
-0.389332,-0.3047655,0.18498003,0.49443626,-0.038729116,0.8050488,0.64285344,0.064871706
-0.048150066,-0.23278962,0.4548627,0.6731738,-0.108309805,-0.15602918,-0.17056811,-0.106051594
-0.32547188,-0.20207293,-0.10013527,0.07683432,0.14567283,0.18690014,0.30199417,-0.26210803
-0.43091476,-0.13925599,-0.648661,0.6463399,0.40924412,-0.35941905,0.23446937,-0.10095081
-0.12589844,0.007629161,0.7925321,-0.15945375,-0.2172811,-0.05259965,0.31936225,-0.21899584
-0.11952232,-0.29524702,0.121257305,0.46303904,-0.12623334,0.7152227,0.52764463,-0.03657117
-0.5442604,-0.1575469,-0.63414586,0.69222116,0.14089319,-0.43576562,-0.15436019,-0.09511073
-0.5308506,0.02894016,-0.39355046,-0.6438993,0.09521583,-0.48736483,-0.15653162,-0.103277415
-0.42223328,-0.10625515,0.31667125,0.5003898,-0.10279046,0.79540694,0.4567505,0.029496947
-0.38510302,-0.20067999,-0.45496815,-0.3372017,0.41284564,0.20181979,0.24516985,-0.14895904
-0.29284632,0.031884257,0.41423774,0.6261095,0.31381935,0.07992367,0.38912663,-0.07264579
-0.35339874,-0.02641398,0.5545355,-0.027717412,-0.29396576,-0.6180371,0.060576763,-0.17300586
-0.43647414,0.14516203,0.000790596,0.32978427,-0.090790965,-0.7947452,0.011192191,-0.046449397
-0.43242308,-0.17666125,-0.9169514,0.18663621,0.17181438,0.13331181,0.37932652,-0.121977106
-0.48736018,-0.112777576,0.28867805,0.56833696,0.32806143,0.24948193,0.32644838,0.027932966
-0.6272321,-0.034551512,-0.34131604,-0.6310668,0.2531923,-0.38427064,0.1111562,0.009658706
-0.3917985,-0.21088941,0.16662443,0.17302859,0.30234367,0.20234852,0.34836483,-0.012308547
-0.05706178,0.17708887,0.27997434,-0.7255224,0.04609744,-0.014801694,0.29386973,-0.14842851
-0.5037543,-0.03491546,-0.93258506,0.34995604,0.4486497,0.23586376,0.4780411,-0.1085717
-0.4954804,-0.1463593,0.47076404,0.48793256,0.42455098,-0.36057195,0.12480476,-0.1320708
-0.44102967,-0.15770343,-0.7515138,-0.5733654,-0.5298824,-0.5840783,-0.13340598,-0.1320033
-0.51342523,-0.25026628,-0.6389916,-0.2510571,0.17777249,0.17873797,0.36902413,-0.15955961
-0.48382735,-0.24885668,-0.84987444,-0.12970096,0.23540537,0.42830366,0.29682654,-0.19286221
-0.4515127,-0.21968222,0.26462483,0.7497369,-0.21786518,-0.564575,-0.07946855,-0.025596358
-0.38315323,0.08655148,0.28177452,0.865898,0.5940502,0.03411498,0.40265584,-0.076171935
-0.5527527,-0.023973536,0.79743254,-0.05937779,0.3620505,-0.24381119,0.0053528952,-0.10560064
-0.22517724,-0.19692993,-0.7121886,0.34955835,-0.17771797,0.6452163,0.41515183,-0.17125407
-0.53567743,-0.17938516,-0.3826759,0.77885664,0.16274214,0.23466535,0.20070425,-0.31083736
-0.31875172,-0.18312086,-0.6975081,-0.18408358,-0.14520466,0.660225,0.6100505,-0.008531761
-0.40096048,-0.10539522,-0.47496337,-0.112330616,0.18501638,0.21992321,0.3838207,-0.02914461
-0.26938748,-0.24877137,0.3128593,-0.83593446,-0.5219783,-0.06160991,0.17142722,-0.24012627
-0.3910771,-0.111299604,-0.34570855,-0.8852396,0.30543762,0.37158385,0.15978199,-0.40637428
-0.5270116,-0.2599911,0.121684074,-0.7837532,0.3844896,-0.047764506,0.26692834,-0.25217274
-0.51603216,-0.02053764,-0.42637056,-0.038168013,-0.2535444,-0.64023364,-0.6572512,-0.15597945
-0.45104402,-0.30490345,-0.5422347,0.80050623,0.37345755,0.16177395,0.35408494,-0.15654302
-0.39084503,0.055033002,-0.2767715,0.6401806,0.3940787,0.27014542,0.4546666,0.02837138
-0.1748183,-0.15468821,0.67906654,-0.09451562,-0.007313166,0.21492445,-0.064194486,-0.4428278
-0.47687933,-0.1821108,0.6334723,-0.35409057,0.18138212,0.33512005,0.34904483,-0.11959721
-0.5045956,-0.22418547,0.26327646,0.29105544,0.29467303,-0.14921744,-0.119264476,-0.050395686
-0.28145665,-0.16704865,0.59355855,0.7486868,-0.24724448,-0.07732237,0.08578339,-0.34104928
-0.3914629,-0.20229922,-0.6765975,0.6378429,-0.11162096,-0.5970621,0.03452339,-0.25974992
-0.2512724,0.032765497,0.8052721,-0.13712496,0.3115058,0.09367023,0.49903372,-0.23876484
-0.38118815,-0.33088848,0.019835472,0.6750251,0.22494093,0.26374847,0.4018085,-0.15502934
-0.3659238,-0.4048301,-0.86323726,-0.169972,-0.17398436,0.7156097,0.6105971,0.0401492
-0.25463182,-0.26904124,0.05301416,0.74527085,0.37941328,0.557634,0.35480046,-0.10849931
-0.34763438,-0.27340627,0.87250805,0.2827145,0.49337104,-0.17922813,0.3223395,-0.123464026
0.012673987,-0.35882676,0.48511255,-0.013791442,-0.07095134,0.4988667,0.61155677,0.03241653
-0.18746671,-0.23363158,0.23393309,0.49264395,-0.11442117,0.69671565,0.5845541,-0.032092698
-0.29355,0.0083801495,-0.15210688,-0.89524984,0.38150504,0.66572964,0.51428354,-0.16329046
-0.45898694,-0.19120641,-0.94742155,0.21722722,0.28901464,-0.39573726,0.29172534,-0.055356108
-0.18294841,-0.19420539,0.18664992,0.025495172,-0.40555888,0.4945583,-0.12650064,-0.046093803
-0.3947054,0.054983903,-0.3637097,0.74317575,0.42052874,-0.23936702,0.37803409,-0.04654179
-0.74668896,-0.22952513,-0.49168527,-0.14140248,0.44147864,-0.46878064,0.0023727939,-0.03429693
-0.23906155,-0.19443567,-0.8754251,-0.021845877,0.29888743,0.45427972,0.5768909,-0.16138059
-0.16298696,-0.13480498,-0.59881425,0.15373874,-0.22897807,0.6675886,0.5706757,0.0930588
-0.5183213,-0.14815824,-0.9059303,0.2726935,-0.7949946,0.24919872,0.40406406,-0.23818174
-0.45299128,-0.032647055,-0.86429226,0.0067458153,0.513585,-0.072308145,0.1829706,-0.16375683
-0.54044753,-0.1791524,-0.16431338,0.45283926,0.5623349,-0.23884398,0.30230033,0.021148104
0.06920017,-0.33966985,0.1420958,-0.20182484,-0.1853122,-0.005330945,-0.09181277,-0.20098028
-0.28742483,-0.18382275,-0.35157675,-0.27898133,0.34854773,-0.23059687,0.27757007,0.17258285
-0.35222352,-0.21862747,-0.39156055,0.3819412,0.3860911,0.24995935,0.24806733,-0.11569319
-0.33090067,-0.20161606,-0.9196464,-0.24305731,0.22553548,0.16100067,0.33198702,-0.1392183
0.40353924,-0.48373467,-0.40519625,0.7015542,-0.05322036,0.07094694,-0.10059002,-0.0042397147
-0.1948678,0.034143496,0.9375044,0.099362254,-0.25328854,0.6816066,0.22891846,-0.006711446
-0.03563017,-0.05839442,-0.80758536,0.30644965,-0.62738776,0.36975327,0.7362978,-0.016485462
-0.4553512,-0.3495878,0.23990047,0.6778995,0.32956323,0.3627631,0.43983003,-0.26353
-0.5146835,0.12276103,-0.50993884,-0.3946852,0.45497686,-0.41666642,0.059628554,0.051305097
-0.2800373,-0.24311486,-0.0065191984,-0.50128037,0.65660864,0.60124785,0.03836273,0.62641174
-0.4908192,-0.1182856,0.4945289,-0.36549062,-0.8344772,0.13230403,0.14013426,-0.054147147
-0.33536965,-0.17225392,-0.20032924,0.5847751,-0.33702707,0.75667006,0.23137383,0.11870148
-0.35919023,-0.22926542,0.60737956,-0.3976937,-0.21782711,-0.51592463,0.053641453,-0.10895794
-0.29290608,-0.10148837,-0.26338524,0.5751121,0.24452966,0.19084476,0.04639224,-0.32900783
-0.41466478,0.035121102,-0.050852418,0.56102455,0.20262063,0.071232095,0.32856056,-0.15690169
0.62187237,0.8939339,-0.66869295,0.25991488,-0.123441726,0.70458305,0.09613538,0.07856965
-0.6235115,0.24195306,0.15990269,-0.06277692,0.36314246,-0.17192201,0.2271919,0.07020092
-0.1398795,-0.35446873,0.41307056,0.77343726,-0.26532468,0.18081206,0.19448021,0.031755283
-0.5218238,-0.1763065,0.4408425,0.71065736,0.44222957,0.3299396,0.29972842,-0.28798375
-0.61847156,-0.35627863,-0.5603486,-0.23252982,0.4744673,0.2570921,0.32999247,-0.18378378
-0.48747835,-0.09053655,0.64653385,0.20499921,0.34049535,0.3244112,0.34994078,-0.16646802
-0.38700494,-0.16252932,-0.9339452,-0.02480191,-0.6687872,0.5769594,0.38480812,-0.022634877
-0.4757562,-0.26121774,0.5476835,0.0723995,0.41360244,0.5023197,0.33021843,-0.15124872
-0.4493267,-0.2018411,-0.67454815,-0.68232596,0.36062264,0.40006557,0.15478529,-0.41060302
0.06279583,0.2892181,-0.1079725,0.2931291,-0.56470895,0.25350043,-0.757795,0.022588482
-0.16632842,-0.21910939,-0.15726274,0.8858849,-0.20781362,0.5833585,0.5941285,0.069836155
-0.20944759,-0.032483798,0.33642495,0.51831555,-0.16021101,0.74113435,0.66204345,0.2664242
-0.37636858,-0.060632277,0.062354207,-0.9139891,-0.28122422,-0.54392946,0.12653944,-0.060495734
-0.520174,-0.19002955,-0.33625764,0.33335495,-0.04414085,-0.6945277,0.015464044,-0.23037332
-0.54087645,-0.18715602,-0.77362424,0.079432964,0.43787128,-0.40593514,0.2782061,-0.10540458
-0.22254921,-0.29788685,0.26898813,0.6135167,-0.10963866,0.71021014,0.7154598,0.1332869
-0.40818727,-0.21846521,-0.48145366,0.56320643,0.35223216,0.30667847,0.41934115,-0.14374031
-0.29673895,-0.33439347,-0.15789771,0.59604025,0.2901154,-0.00098262,0.02746789,-0.44540083
-0.48439884,0.20767747,0.65956974,0.24050319,0.33239725,-0.43328226,0.024109865,-0.113936536
-0.31722525,-0.3238884,0.42048836,0.71699905,-0.22990294,0.7818936,0.7085389,0.27280277
-0.36016262,-0.14797285,-0.6867994,-0.029548109,0.31253946,0.59875286,0.57850796,-0.20285937
-0.22861628,-0.26038396,-0.20328271,-0.65505993,-0.34504387,-0.06925822,0.06646651,-0.15980273
-0.34805515,-0.11455388,0.30156314,0.81080866,-0.17783993,-0.36449477,0.25237402,-0.14670011
-0.48010686,-0.17904563,0.0961591,0.72537196,0.20490336,0.17782475,0.08952335,-0.31599754
-0.48203868,0.010467176,0.8070141,-0.13790667,0.43765423,0.06685709,0.5254171,-0.20077531
-0.3517102,-0.103358395,0.4531058,-0.818273,-0.09558419,0.74324113,0.5418931,-0.017113036
-0.3761801,-0.075810045,-0.072805166,0.070429325,0.3447879,0.11354278,0.3159964,-0.2676604
-0.66771203,-0.108604155,0.24644578,-0.37804955,0.216989,-0.7486519,-0.31679848,0.14510614
-0.49329138,-0.33571243,0.1449858,-0.54779756,0.18649122,0.11130281,0.16293955,-0.18251364
-0.54339,-0.19036333,0.102721095,0.49175477,-0.8360536,0.29407513,0.41259044,-0.12271686
-0.30821264,-0.1571372,-0.11656916,-0.56614673,-0.41053948,-0.6232957,-0.12722386,0.08352331
-0.37989053,-0.18972984,0.15778148,0.13603902,0.22431967,0.3970676,0.21255194,-0.37812173
-0.35097316,-0.04351372,0.22425795,0.097687006,0.23907247,0.09345532,0.12774596,-0.105668075
-0.4092569,-0.1507677,-0.1711204,0.45054293,-0.010836746,-0.3209653,0.23709185,0.34327313
-0.33391508,-0.123541236,0.33715463,0.045831442,-0.48095763,-0.5609363,-0.038354706,-0.13284642
-0.31505525,-0.35040915,0.22540796,-0.8712875,-0.35565764,0.58748037,0.2716524,-0.18530016
-0.4480763,-0.15244392,0.5979973,0.22684193,-0.017202312,0.145881,0.4070475,0.0075323745
-0.105405256,-0.11115404,0.44812334,0.73429894,-0.090016305,0.7680838,0.3063355,-0.11618104
-0.20955117,-0.15465792,0.911945,0.40298426,-0.16315252,0.6821345,0.57713306,0.06891131
-0.9266811,-0.068931565,0.86167276,0.13037217,0.04805897,-0.80997765,-0.2491207,0.12666611
-0.4808579,-0.16981933,-0.76298,0.63603735,0.26257053,-0.36237875,0.21363117,-0.062652774
0.0023130905,-0.15583846,-0.53626144,-0.2222926,-0.10468054,0.6166124,0.6517515,0.4853915
-0.41608718,-0.13080402,-0.010139048,-0.8619113,0.2912724,0.084711954,0.44747946,-0.06663729
-0.5575908,0.13241021,-0.05932319,0.47693324,0.26798272,-0.516792,0.09119087,-0.27087566
-0.49222684,-0.22509556,0.58385074,0.70245767,0.3635397,0.3037885,0.38941744,-0.1589733
-0.54708827,-0.065803334,-0.11159778,0.0050166845,0.38463062,-0.24498679,0.16888224,-0.14318027
-0.44275036,-0.04279873,0.6051657,0.48615003,0.21141914,0.18141706,0.35379586,-0.11036085
-0.5201552,-0.09052401,-0.23457158,-0.9302896,0.62766594,0.30879685,0.42999744,-0.077358216
-0.47621873,-0.1810713,0.25888038,0.6663761,0.18164162,0.23491146,0.40066972,-0.06264917
-0.17198558,-0.17288226,0.108333826,0.37662017,-0.24633344,0.75650674,0.6148919,0.0255943
-0.27304092,-0.27182963,-0.01446557,0.576921,-0.20248498,-0.21661445,-0.19504735,-0.22057831
-0.120182544,0.14556222,-0.41675758,-0.80622905,-0.6038982,0.5277256,0.48628512,0.29912946
-0.1935295,-0.18577984,0.11950457,-0.7290645,-0.12575144,0.6521672,0.6555339,0.0622661
-0.37319002,-0.07708294,0.86125636,-0.00921917,0.2051171,0.27757165,0.38707793,-0.21171306
-0.41936573,0.0062910514,-0.5891558,0.46948743,-0.42527494,0.5568575,0.29195112,-0.03953275
-0.29492804,-0.2145631,-0.8115027,-0.12131804,0.24717084,0.37842542,0.44628137,-0.24323289
-0.16053659,-0.31862056,0.12234938,-0.23101485,0.09084369,-0.3280065,0.24496746,-0.1068287
-0.43054613,-0.0055385483,0.0131777525,0.07949746,-0.39987013,-0.6378461,-0.5013448,-0.1640645
-0.39424047,-0.057370942,-0.5619329,-0.21064913,-0.8229525,0.32143158,0.42964175,-0.2076401
-0.033904914,-0.25093538,-0.2404108,0.48327947,0.29997677,0.47707468,0.47365996,-0.17198238
-0.21951535,-0.26564655,0.34309638,0.5147792,-0.27312872,-0.032678075,0.1670518,-0.23635529
-0.44443625,-0.20735666,0.047307253,0.71269596,-0.08581784,-0.69433546,0.1786126,-0.15730658
0.09091224,-0.1353109,-0.23121095,0.69463,0.17755798,-0.6140801,-0.6083049,0.035325244
-0.4318507,-0.046284158,0.17806959,-0.9817667,0.28612402,0.15668677,0.11475161,-0.34929076
-0.37762415,-0.053162377,0.80330837,-0.13387644,-0.7764899,0.3012528,0.5122195,-0.27041084
-0.5092102,-0.2320707,0.5423629,0.1730957,0.30551693,0.19554543,0.37506652,-0.057214215
-0.354588,-0.29084444,0.10176861,0.56243,-0.17969848,-0.04353039,0.09954788,-0.23599799
-0.49424207,-0.1066931,0.3785733,-0.024895012,0.33985722,-0.2689537,0.17546038,-0.16230944
-0.03937677,0.10907032,-0.08630723,-0.98361224,0.29954404,0.071621485,-0.2090914,0.4564608
-0.2978599,-0.15853354,-0.6519745,-0.13932633,-0.074267514,-0.055275008,0.06919234,-0.042420365
-0.45668897,-0.22477965,0.12965107,-0.791264,0.35249475,-0.083604984,0.21380234,-0.23338833
-0.13921648,-0.30746654,0.49490893,0.42521906,0.27158174,0.61724275,0.42118827,-0.24825637
-0.4484274,-0.3295002,-0.13344902,0.61499953,0.34566286,0.36332434,0.42593047,-0.21664874
-0.46124768,-0.08851173,0.48249912,-0.37505883,-0.11328728,-0.60121226,-0.16387361,-0.43755466
-0.5982515,-0.22427616,-0.7946904,-0.44200534,0.3722467,0.2553481,0.47997674,-0.106844224
-0.30000854,-0.16010137,0.5489843,0.1426121,0.2436182,0.41852707,0.28002903,-0.15137899
-0.63693243,-0.32308426,-0.778342,-0.5395053,0.49901062,0.47880307,0.4666846,-0.16142437
-0.50560135,-0.33322814,0.20358253,0.20151424,0.13440132,0.18850082,0.15293151,-0.077923246
-0.3148381,-0.21209438,0.8618814,0.29584527,0.23385446,0.29675257,0.37803277,-0.15905209
-0.021810668,-0.23746651,-0.74761385,-0.2480892,-0.07721914,0.5728209,0.41762143,-0.11790535
-0.40090567,-0.25515094,0.500471,-0.38071376,0.45562607,0.26249805,0.4068165,-0.1472282
-0.14253871,-0.19081225,-0.78615546,-0.01738,-0.27310178,-0.07125648,0.35074878,-0.015083814
-0.37595403,-0.03187677,-0.23419422,-0.713974,0.26303223,0.14053056,0.34749892,-0.1019545
-0.011254104,-0.34571332,-0.15119898,0.9148159,-0.68675715,-0.2646764,-0.36408144,-0.39807093
-0.4788737,-0.19834585,-0.07366735,-0.35196292,-0.7655532,0.1944651,-0.026869558,-0.40605938
-0.29528132,0.033288572,0.37411892,0.6113101,-0.107642025,0.740339,0.54594386,0.051095966
-0.43763247,-0.2397077,-0.38386798,0.7872391,0.1939789,0.16780917,0.3168479,-0.013970333
-0.5374503,-0.27001,-0.36244804,0.782042,0.18093508,0.10575236,0.38455126,-0.12507094
-0.28552878,-0.044625398,0.6627344,0.14765596,-0.03788771,-0.32976276,-0.052629285,-0.15504554
-0.2732292,-0.21176977,0.6619046,-0.43076122,-0.077142574,0.031385794,0.09065138,-0.053500783
-0.32965153,0.022741143,0.5500673,0.13291359,0.1520245,-0.29791424,0.16408896,-0.10410529
-0.6419016,0.0698609,-0.851005,0.28800213,0.3153228,-0.42062914,0.1768543,-0.21130848
-0.13389869,-0.056366924,-0.087871134,-0.5775287,-0.4090134,-0.6360692,0.29880774,0.2634509
-0.12347072,-0.3784215,-0.03054899,0.3847493,0.35001782,0.6032458,0.3991392,-0.20880389
-0.39701623,0.023711178,0.032468677,0.48287857,-0.2090814,-0.7006192,-0.28724462,-0.50868624
-0.3406573,0.045694504,0.018970728,0.8407377,0.23918872,0.07434713,0.37746274,-0.26315033
-0.4716127,-0.19187309,-0.88549787,-0.31131572,0.29747733,0.20677692,0.466257,-0.012287705
-0.26562017,-0.052345548,-0.8617458,0.3152783,-0.12657326,-0.3533792,0.17438497,-0.11330325
-0.27211285,-0.16312656,0.030542374,-0.42912745,0.6662685,0.56352556,-0.03600146,0.6780655
-0.4017735,-0.07098236,0.4604863,0.55636466,0.25233635,-0.42576894,0.2997774,0.10977135
-0.40017298,-0.23240751,-0.7560917,0.22803605,0.17355123,0.20603126,0.36117962,-0.053604245
-0.47239426,-0.17872937,0.22699225,-0.40819865,-0.09685144,-0.73434925,0.17473778,-0.061477304
-0.485226,-0.11047947,0.23089218,-0.8919879,0.4148466,0.42442012,0.49932006,-0.057377435
-0.49981236,-0.27188137,-0.116927564,-0.5611237,-0.24364088,-0.74682754,0.06183406,0.11438426
-0.41662335,-0.23539297,-0.90442586,-0.18779892,0.28276476,0.20470433,0.36282095,-0.11617109
-0.42739272,-0.36349282,0.4635272,0.62692356,0.44524953,0.06554611,0.23555608,-0.27483478
-0.48885408,-0.09622012,0.6511661,0.008394003,-0.32209834,-0.6552792,-0.09525822,-0.20037861
-0.23990048,0.10125845,0.05485034,0.8049735,-0.45261535,0.47209212,0.25920713,0.17330614
-0.024036782,-0.35491607,0.2033621,-0.9407936,-0.41392565,0.53394973,0.1420827,0.0060798125
-0.29762936,0.08013878,0.603683,0.19906712,0.065121114,-0.71010906,-0.25491047,0.07723418
0.20719735,0.4562632,-0.5104579,0.061993003,-0.003383379,-0.7611918,-0.44786623,0.14194432
-0.3793461,-0.32413933,-0.7297328,0.0054237843,0.45618477,-0.24060005,-0.2928484,-0.8796713
-0.24564579,-0.2691571,0.7207035,-0.03951484,-0.4393367,-0.0964014,-0.035024054,-0.3517289
-0.45194033,-0.17258655,0.02505064,-0.09277505,-0.43870264,-0.60973376,-0.41566253,-0.128517
-0.1777505,-0.027197007,0.7713498,-0.51252246,-0.60036606,-0.61306995,-0.6645765,-0.083462484
-0.43194526,-0.29876146,-0.7827327,-0.014270246,-0.18476707,-0.20294051,0.26108095,-0.008494154
-0.7087194,-0.32710552,-0.14632219,0.023549914,0.4529025,-0.4574656,-0.030046655,0.084668785
-0.4492624,-0.15184,-0.1588676,-0.82842946,0.22087437,0.27783483,0.3592487,-0.07270438
-0.38305444,-0.1504306,0.5391449,-0.12280238,0.4068082,0.26435757,0.41871393,-0.29008323
-0.50785816,-0.17710027,0.31332433,-0.38931835,-0.09816207,0.8873526,0.49877822,0.008630041
-0.30448958,-0.23430398,0.09178591,0.7229171,-0.51688266,-0.16563149,-0.521931,-0.27302778
-0.2655231,-0.20658211,0.7974613,-0.046734333,0.2843085,-0.3938023,0.16720895,-0.0467456
-0.26420748,-0.34842932,0.9693717,0.097880006,0.19714913,0.1720881,0.3040157,-0.2138467
-0.32571316,-0.05003876,-0.43614542,0.33402157,0.26946643,0.13906397,0.42941925,-0.19041681
-0.445458,-0.30086637,0.49642146,-0.7177228,0.24239154,0.22088158,0.39584586,-0.2428593
-0.4682255,-0.256011,-0.60655797,-0.2673297,-0.7361817,0.54449946,0.5382476,-0.043726664
-0.5392471,-0.2505555,0.10783684,-0.7183806,0.42329416,-0.05129628,0.17214146,-0.1842533
-0.0120685715,-0.103215694,0.5144297,-0.20158178,-0.37224302,-0.2936893,0.21009897,0.34688812
-0.36782673,0.002337028,0.28885972,-0.16271329,-0.07757565,-0.44076756,-0.45865956,-0.10879547
-0.115752116,-0.35651675,0.349316,0.51022303,-0.16317445,0.60541475,0.23717776,-0.026444577
-0.13847929,0.06966766,-0.8203299,0.090663075,0.10845998,0.22108857,0.32793567,-0.28160226
-0.50188726,-0.12286714,0.5246248,-0.37439132,0.5343017,-0.09661469,0.2308398,0.04397176
-0.21802223,-0.36646652,-0.20328271,-0.65505993,-0.1525827,0.046434063,0.09868225,-0.20422469
-0.33556044,0.048453856,0.015221119,0.5447043,0.22951825,-0.10080664,0.23202725,-0.13692705
-0.34059912,-0.09327927,0.65624,0.107359886,0.19866066,0.20796102,0.09289744,-0.33386928
-0.17604247,-0.25860274,0.22507727,-0.8876725,-0.1585837,0.6542529,0.40843907,-0.03268062
-0.13578223,-0.34345973,0.41587162,0.6927942,-0.06316148,0.70454466,0.68023074,0.12797129
-0.29577926,-0.19932418,-0.72823286,0.36413193,-0.2330174,0.73250306,0.81507987,-0.007666115
-0.56921756,-0.24477002,0.55111516,-0.33421952,-0.1926667,0.4599466,0.42393395,-0.13881159
-0.39906627,-0.123613074,-0.3481307,-0.80667865,0.12031027,0.0146445315,0.1709053,-0.15864219
-0.30293095,0.04956818,-0.083706796,-0.7792122,0.09837146,0.05962329,0.09060104,-0.22696775
-0.3411816,-0.14478351,0.6932833,-0.35902238,0.19453138,0.17703277,0.40574142,-0.17985229
-0.12551701,-0.25496873,-0.124437094,-0.89487123,-0.44756505,0.0509263,0.22897214,-0.14664535
-0.45999604,-0.1963301,0.65010095,0.73266304,-0.04954123,0.7999119,0.6582966,0.08414651
-0.25053895,-0.024073403,-0.36170703,0.4515158,-0.2798376,-0.06433055,0.10025285,-0.096286006
-0.5730263,-0.119198725,0.47410047,0.4539765,-0.009459538,-0.6384003,0.17468221,0.0073213982
-0.19072446,-0.29958937,-0.3246761,-0.7536427,-0.84621644,0.44435775,0.16382815,-0.4118631
-0.15183477,-0.012247871,0.7106526,-0.090388834,0.09970769,0.19064951,0.043490145,-0.48329675
-0.40990746,-0.14497603,0.18966186,-0.6453778,-0.36587557,-0.43619025,0.0017766128,-0.2364638
-0.38046673,-0.08874995,0.30678344,-0.011388123,0.25558,-0.24563794,0.123962164,-0.068829186
-0.554089,-0.26422003,-0.9508579,-0.06488705,0.039849587,-0.4447129,0.08594046,-0.60715336
-0.502851,-0.06677486,0.21473742,-0.43453574,0.31521323,-0.48841208,0.0523387,-0.043735363
-0.257813,0.03438138,-0.51161814,0.49795806,0.17256819,0.25969937,0.31256783,-0.27672103
-0.3286639,-0.28544497,0.5056238,0.7333046,0.13004132,0.2394787,0.34475702,-0.14507003
-0.3577392,-0.08714545,0.43120408,0.13358414,-0.252987,-0.64680433,-0.22149098,-0.34106818
-0.12557426,-0.11439323,-0.08292627,-0.6645924,-0.6223134,-0.6206616,0.25317296,0.29065064
-0.55214876,-0.08486954,-0.29464465,-0.594232,0.13256125,-0.422924,0.045818865,-0.029989297
0.5012337,0.3387142,0.61432123,0.20621467,0.26611787,0.014108434,-0.3937132,0.25374806
-0.17023425,-0.25810042,0.50152004,0.56257355,-0.2380904,-0.044373386,-0.15092431,-0.16591895
-0.40253836,-0.18075854,0.6831714,-0.37847263,-0.09255669,-0.16505677,0.018871287,0.06806915
-0.28133282,-0.27488822,-0.23289478,-0.24894023,-0.052782115,0.68532056,0.5295834,0.15916362
-0.2723308,-0.22112904,0.9285563,0.36541402,-0.29609996,0.6613315,0.6651002,0.15858488
-0.30944347,0.0320513,0.24242783,0.5492302,-0.11513029,0.196583,0.28820732,-0.16929966
-0.35983562,0.061988,0.15792191,-0.59039605,-0.13216408,-0.38408643,0.1790487,-0.18441255
-0.3761176,-0.2456115,0.25879157,0.3562107,-0.44650826,-0.8161148,0.20035549,-0.05653309
-0.37504998,-0.16094685,-0.04461181,0.2608285,-0.24302918,-0.3261237,-0.06572933,-0.1883103
-0.23050734,-0.26256892,-0.8336109,-0.11020875,0.32262382,0.40886116,0.48127908,-0.20044856
-0.3511287,0.032484297,0.07756269,-0.059423387,-0.3683762,-0.5228925,-0.2855961,-0.044070862
-0.47584066,0.02118865,0.57530606,0.16855323,-0.3223083,-0.6437143,-0.03135129,-0.049373608
-0.35852167,0.10874649,0.6833633,-0.024357736,0.049937807,-0.13938864,0.24492902,0.052020743
-0.45045075,-0.21187952,-0.69682986,0.37240434,0.293704,-0.23876166,0.29646844,-0.01334378
-0.55787045,-0.26654974,0.20666587,0.30502868,-0.059255086,-0.698789,0.16582003,-0.13778701
-0.23980057,-0.05475347,-0.8893523,0.42025137,-0.19765154,-0.47261134,0.0095323725,0.30047274
-0.24508221,-0.06609303,-0.17073208,0.32539392,0.09572508,-0.40673158,0.23350365,0.0059003513
-0.2694594,0.026128758,-0.38385868,-0.05335647,-0.06590727,-0.49932703,-0.86567456,-0.27422065
-0.14567316,0.12032678,-0.5360377,0.51689935,-0.28229955,-0.37870374,-0.3172901,-0.3603999
-0.38365626,-0.18025568,0.52798915,0.5333872,-0.21261632,-0.20264024,0.109223634,-0.27172926
-0.30375463,-0.25352028,0.5215856,-0.1912744,0.2724709,0.29915035,0.373329,-0.23420522
-0.4914199,-0.28502932,0.5007664,0.5884054,0.22648588,0.22304504,0.19356194,-0.1687689
-0.5484336,-0.3338773,-0.38334548,-0.6548798,0.3206867,0.23948477,0.40516922,-0.041993536
-0.16430989,-0.10660901,0.96852195,0.13110328,-0.54568183,-0.47891074,-0.0087889265,0.12261096
-0.4220578,-0.1408009,-0.55714893,0.3491571,0.13563298,-0.4747681,0.073706076,-0.11796788
-0.21391165,-0.16226496,0.24311495,0.48275495,-0.22455424,0.67639685,0.7249105,0.19039299
-0.45258483,-0.14636531,0.9531319,0.07481754,-0.35703173,-0.7628568,-0.17735232,0.038507637
-0.5629632,-0.032865185,0.14244294,0.70300126,0.43053466,0.22783127,0.40673217,-0.12069796
-0.5548564,-0.089443006,-0.061460614,-0.8065754,0.29915273,-0.55083996,-0.022924658,-0.20377259
-0.67781514,0.23220189,-0.24306798,-0.42802685,0.32120982,-0.50495887,0.30524147,0.27674454
-0.14552984,-0.2755805,-0.2908855,-0.7518182,0.26257592,0.37395218,0.4431656,-0.29354635
-0.35904828,-0.18268661,0.3841145,-0.27372748,0.3727526,0.4933904,0.36944655,-0.18235578
-0.58143497,-0.30837977,0.8653765,0.46339774,-0.7149952,0.26829284,0.33748898,-0.15539058
-0.48765218,-0.24921267,0.5090846,-0.53432214,-0.27721816,0.72677475,0.53701884,0.17307714
-0.36601573,-0.17426583,-0.14666367,0.6616882,-0.70712405,-0.50175285,-0.0821955,0.19239242
-0.55081886,-0.18310216,0.17749536,-0.6811308,0.4037469,-0.30484504,0.25887862,-0.09157186
-0.44939962,-0.116205685,-0.17636514,-0.50659335,-0.011916176,-0.44656444,0.35510635,0.2740368
-0.3475216,0.0050059604,0.6740196,-0.55109286,0.3881115,-0.417886,0.04404447,-0.22630236
-0.36435866,-0.12995915,0.006492853,-0.11255467,0.15916611,-0.43493772,-0.129369,-0.13030979
0.31329268,-0.26545507,0.7958095,-0.10771328,-0.60965693,-0.079689145,-0.34309942,-0.56835485
-0.3126216,-0.2880637,-0.5463067,-0.780387,-0.05149798,-0.081185184,0.36390665,0.22023295
-0.45341742,-0.08657041,-0.081163704,-0.10709703,0.319101,-0.4848315,-0.46699023,-0.22225635
-0.3625003,-0.10684977,-0.23839796,0.62033176,-0.6544485,-0.6112217,0.3964011,0.6078264
-0.53240335,-0.369899,-0.06047672,0.61247146,-0.8090869,0.06289343,-0.009979849,-0.19747277
-0.2707958,-0.15676263,-0.010780692,0.597294,-0.08285651,0.7957619,0.20202965,-0.18835033
-0.3290166,-0.0682615,0.48377204,-0.04178697,0.19438519,0.24395491,0.3537393,-0.0391179
-0.60169965,-0.08750291,0.6508025,0.2421701,0.41649672,-0.50628215,-0.040515855,-0.02212839
-0.28636873,0.060180698,-0.44637924,0.8657117,0.29403183,-0.35014325,0.13570173,-0.111334555
-0.5235418,0.19537427,-0.20722151,0.642864,-0.5802338,-0.5066418,-0.31910384,0.0056692287
-0.6541264,-0.2656153,-0.2587551,0.5540663,0.32532486,0.30494255,0.37535936,-0.16019496
-0.008466022,0.03059635,-0.32803714,0.3958702,0.0044638286,0.1485075,0.25146335,-0.12927698
-0.20300573,-0.2803985,-0.53836596,0.065347314,0.15557459,0.2805344,0.12054396,-0.202998
-0.11025828,-0.19414806,0.021488309,-0.11601794,-0.5331013,0.3736974,-0.32840395,-0.13148166
-0.18092553,-0.2509636,-0.7713274,-0.012465119,-0.28872645,-0.012881736,0.047882333,-0.38300148
-0.41801745,-0.16138169,-0.45905125,0.73003376,-0.8609154,0.24129131,0.49811342,-0.1569885
-0.3508228,-0.17327946,0.018970728,0.8407377,0.3124116,0.15964516,0.4245769,-0.2672098
-0.5280883,0.14997552,0.1736995,-0.50831497,0.23353663,-0.634998,-0.046897627,0.3470174
-0.4559891,-0.051234063,0.62330043,0.013280749,0.042660225,-0.43082714,-0.14970809,-0.107764035
-0.20862976,-0.17573583,0.1565516,0.39702344,-0.11402825,0.71513575,0.46563256,0.08420482
-0.24389443,-0.13905214,0.2267729,0.68124497,0.17294227,0.17907313,0.39251405,-0.14848672
-0.42195982,-0.16200545,0.89506364,0.33731878,-0.86263454,0.2008165,-0.107652344,0.15362485
-0.5379954,-0.24895754,-0.6725266,-0.23713243,-0.7118982,0.34925863,0.35246727,-0.22283825
-0.31291628,-0.4149396,-0.42697304,-0.7356656,0.24347875,0.28202504,0.3075036,-0.15280186
-0.42038202,-0.18055297,-0.040572822,0.6900836,-0.8098564,0.24271046,0.3948758,-0.060951628
-0.098082304,-0.08019305,0.31619394,0.86059165,-0.68292546,-0.2999499,-0.5916504,-0.11467868
-0.22135489,1.0718383,-0.25789434,-0.76805645,0.6843597,0.31790367,0.016021088,0.45055526
-0.57909125,-0.11994234,-0.51555645,0.5625483,-0.21333294,-0.6659163,-0.33854026,-0.43939567
-0.2542922,-0.28062767,-0.9137354,0.33458483,-0.2002251,0.04229213,0.320551,-0.23589937
-0.48017088,-0.2176482,0.55605996,-0.49867284,-0.11627113,0.8681076,0.4113771,0.08846893
-0.37118235,-0.29810455,0.21736276,0.88973606,0.39175868,0.34411058,0.07514447,-0.4311346
-0.31821194,-0.122454464,-0.38098204,-0.24095237,-0.032312524,0.18212655,-0.027371762,-0.45395365
-0.5306453,-0.035131987,0.12542105,-0.13543195,0.36097223,-0.44983816,0.45203823,0.30579865
-0.5378582,0.11639064,0.6399909,0.027159333,-0.086478375,-0.76581997,-0.0603748,-0.07578474
-0.39417747,0.0839972,0.46332014,0.7396389,0.42499098,0.3275158,0.48789573,-0.100457355
-0.44872576,-0.1819433,-0.35252953,-0.33467978,0.12594084,0.15953974,0.27008954,-0.14759144
-0.6059121,-0.03993724,-0.44052368,0.08950496,0.36136165,-0.57440245,0.111329794,-0.40324628
-0.55425984,-0.27463144,-0.47765136,0.63369894,0.39453396,-0.48589686,0.39116576,-0.18692169
-0.45514673,-0.17935821,0.3114921,0.7063705,-0.5178087,0.20615318,0.3615143,-0.020621587
-0.27666846,-0.13032179,0.5262537,0.58732975,0.2710636,0.36594033,0.17781341,-0.35134435
-0.52515745,-0.16567685,-0.7486484,-0.5466326,-0.2769231,-0.22839929,-0.14802441,-0.44437116
-0.53202415,-0.18371361,0.22100496,-0.30231112,0.10071878,-0.4188508,0.009019256,-0.17328757
-0.41161916,-0.030067053,-0.6481197,0.1760037,0.107099816,0.1465388,0.3746259,-0.1850659
0.15709768,0.16316377,-0.38278693,-0.06900108,-0.032272447,0.64002055,0.5297216,0.13549525
-0.5358029,-0.15099251,0.467304,0.7262536,0.3133308,0.3676905,0.21484086,-0.2461123
-0.4964805,-0.07292201,0.64018476,0.63704145,0.22339083,0.20828046,0.40250832,-0.007837522
-0.47919267,-0.11797537,0.77754533,0.3063848,-0.2627368,-0.75141245,0.026605666,-0.08304733
-0.25074401,-0.27466288,-0.11673874,0.5819793,0.26727554,0.3918437,0.45522925,-0.17421259
-0.47431406,-0.23264194,0.92659855,0.367468,0.2847454,-0.15205753,0.18505913,-0.19244082
-0.32654926,-0.25713474,0.24981534,0.02325952,0.06769413,-0.13103962,0.24448332,-0.030339347
-0.6397385,-0.06141619,-0.6089667,-0.037932992,-0.21928406,-0.040080868,0.21391417,-0.35617793
-0.3967574,-0.047918048,0.55089617,-0.028893828,0.32188198,0.028612766,0.18550856,-0.035654157
-0.29447764,0.10550388,0.61792254,0.7608582,0.14383933,0.18785356,0.29197985,-0.09271075
-0.23425664,-0.26330367,0.07353437,0.71132565,-0.043287423,0.22502616,-0.22278719,-0.15461211
-0.43001512,-0.090923816,0.028116584,-0.11616552,-0.18367952,-0.63059556,0.3749223,-0.062114358
-0.5538884,-0.11635367,0.5285841,0.10046017,0.014081872,-0.66468984,-0.027304592,-0.1031553
-0.4355073,-0.27475253,0.4903357,0.5552769,0.2724737,0.1407762,0.40659696,-0.10405179
-0.3873034,-0.2963404,-0.44063205,-0.51698,0.12147323,-0.05261993,0.16124631,-0.11646408
-0.41447258,-0.23836476,0.759714,0.38506186,0.4655229,-0.13894255,0.13360941,-0.044589076
-0.3007888,-0.19776776,-0.11574113,-0.57752293,-0.26058632,-0.34514883,-0.11111449,0.027668938
-0.43848616,-0.24772036,-0.25772732,-0.46099198,0.22896971,0.22362067,0.42846426,-0.073076874
0.096567705,-0.119239874,0.018970728,0.8407377,-0.22875531,0.6485214,0.5145677,0.043938197
-0.39056644,-0.17408079,-0.2345367,-0.73306584,-0.0010781804,0.3389939,0.3066007,-0.26164708
-0.26056015,-0.31529957,0.22888327,0.47435856,-0.31362647,0.67595965,0.5862388,0.024388613
-0.3337674,-0.09994861,-0.73386145,0.5713321,0.33219346,0.28097233,0.40808383,-0.36975676
-0.20835692,-0.2298444,0.31531048,0.70599914,0.07430788,0.15413235,0.31896615,-0.06690513
-0.38708392,0.0549489,0.15974367,-0.7126187,-0.36134294,-0.3962736,-0.35646632,-0.13829558
-0.1652612,-0.33099872,0.1391319,0.9349866,0.1541371,0.27176744,0.22201127,-0.52668995
-0.36570877,-0.16516574,-0.52827597,0.83943987,0.47514176,-0.3120966,0.017582439,0.012643736
-0.3174177,-0.31751624,-0.102180004,-0.9372546,0.27732578,0.4433452,0.41488543,-0.22353612
0.21521844,-0.63871187,0.5668653,-0.68912053,-0.22836655,-0.11248963,-0.366376,-0.22219236
-0.4744542,-0.32086217,0.5711062,-0.1608172,-0.22807512,0.8144212,0.38272804,0.024183001
-0.39706075,0.017572884,-0.08631182,-0.79637444,0.081674024,-0.42430454,0.23928109,0.17306405
-0.32018405,-0.28613552,-0.6909606,-0.6771918,-0.060292352,0.7336103,0.5815488,-0.0037693908
-0.20915957,-0.25821215,0.3170086,0.46912813,-0.17678064,0.6469109,0.51537395,0.12232493
-0.39631897,-0.1638262,-0.49463403,0.19610047,0.32613704,0.4219322,0.42699546,-0.22276796
-0.3426147,-0.2043579,0.33715463,0.045831442,-0.38179302,-0.52500194,-0.03792154,-0.16819057
-0.56914234,-0.16044205,-0.7291329,0.6119245,-0.15336804,0.6890516,0.34830272,-0.05469871
-0.47020912,0.04329123,-0.84153235,0.50695825,0.5664916,0.082949236,0.5116563,-0.21381813
-0.2961598,-0.08329571,-0.086841404,0.013353229,-0.0487576,0.75872314,0.46828234,-0.11437691
-0.4976742,0.03257895,0.7914547,0.1316737,0.1717677,0.156641,0.15005931,-0.26513767
-0.47043028,-0.111660495,-0.1354332,-0.015820801,0.6530683,-0.09592167,0.24894704,-0.13542092
-0.36928463,-0.21315794,-0.28217202,0.32278836,-0.21619865,0.054131523,0.21603127,-0.27747628
-0.5428282,-0.13454445,0.5910611,-0.4900651,0.4103793,0.35865507,0.5530222,-0.26835433
-0.46113306,-0.044528116,0.14146197,0.2637161,-0.3586611,0.8929099,0.4504586,0.3408591
-0.4555319,-0.15424398,-0.2816729,-0.8404064,0.23238698,-0.101533085,0.17114998,-0.1777555
-0.22146547,-0.1521209,0.39583743,-0.7918887,-0.053161398,0.7611377,0.38988367,-0.0646932
-0.3715713,-0.2885974,-0.77923465,-0.29966164,0.16746673,0.15982984,0.32943317,-0.15297918
-0.44935644,-0.28270844,-0.7816357,-0.29608488,0.24986005,0.2047946,0.3802739,-0.09648114
-0.34564918,-0.30253863,-0.051724076,0.65210056,-0.08095163,0.73753494,0.6989456,0.03562904
-0.101101264,-0.10018175,0.273167,-0.68567336,0.07115438,-0.51224947,-0.047320053,-0.00061912683
-0.42862388,0.069375254,-0.3640769,0.3883555,-0.16094026,-0.627072,0.095600896,0.03429008
-0.4161654,-0.18842568,-0.2120555,-0.69876206,0.22848047,0.3378528,0.33846486,-0.15303536
-0.3536527,-0.047586355,0.772347,-0.051828563,-0.67400014,0.4435653,0.49196255,0.071048655
-0.43393272,-0.27721262,0.80540645,-0.59157765,-0.2945579,-0.70644706,-0.35584888,0.0056787026
-0.6285047,-0.19179115,-0.623975,-0.46243018,0.48926124,0.3736269,0.53192395,-0.19994098
-0.38552105,-0.21448433,0.107127786,-0.86039317,0.18369147,0.29857594,0.1478645,-0.2683183
-0.52480793,-0.2890645,-0.44780606,0.53823376,0.44011375,-0.34778252,0.1381774,-0.1269972
-0.40500736,-0.23367323,0.7760855,-0.24002296,0.26770535,0.26901972,0.36091897,-0.13767208
-0.2626057,-0.048464287,0.45500493,-0.79924333,-0.49060112,0.5789073,0.2982874,0.09009644
-0.4172432,-0.020045172,0.9906132,0.08931422,0.4115612,0.23041439,0.68574923,-0.4699082
0.14300926,-0.2811874,-0.3177058,-0.9152048,0.15625936,0.4244398,-0.007490864,-0.37974805
-0.4033886,-0.016707059,0.14106631,0.033321023,-0.40794656,-0.7558936,-0.09108166,-0.094199605
-0.4147374,-0.34457,0.06438017,0.8056054,-0.24775116,-0.7015334,0.13616094,-0.17915273
-0.24177058,-0.35841894,-0.6374845,-0.48876846,0.093417086,0.18870512,0.07791504,-0.13320057
-0.6790906,-0.06944281,-0.4923603,0.43693078,0.58006656,-0.20788677,0.0882811,0.19952331
-0.32182062,-0.16694798,-0.25946993,0.6968304,0.19822937,0.06269498,0.1867164,-0.0019489737
-0.340779,-0.38270187,-0.2975729,0.43386292,-0.04355828,0.76441145,0.459943,-0.09330589
-0.35615313,0.11153146,0.41726518,0.6238171,0.37946087,0.055359047,0.40535542,-0.09756356
-0.07352808,-0.3291662,-0.3177058,-0.9152048,0.15848334,0.3206868,-0.042811066,-0.2708293
-0.3305891,-0.24724488,-0.2175411,-0.86200446,0.19431213,0.2636314,0.3128512,-0.15758632
-0.54457915,0.07998691,-0.13502508,-0.5915034,-0.27944666,-0.83550847,0.18172161,0.6333776
-0.28838038,-0.061759043,-0.8419219,0.3813424,0.1772979,-0.1198772,0.15037516,-0.053764716
-0.43197414,-0.11639464,0.3716079,0.017873764,0.19278419,0.02032772,0.40240628,-0.27040848
-0.5688895,-0.3341315,-0.27780628,-0.93420583,0.53666645,0.10684707,0.2765559,-0.040644657
-0.58575207,-0.094708346,0.5234028,-0.65828145,-0.015784983,-0.43388835,0.21077253,-0.1744177
-0.42698896,-0.06064998,0.7686397,-0.6303231,-0.20875756,-0.8718712,0.17752777,0.118289225
-0.56736237,0.1076678,0.15139616,0.4442258,0.26894787,-0.4241454,0.06743044,-0.092632115
-0.3674738,-0.05872115,-0.09108192,-0.38306117,0.086973704,0.16304605,-0.07388247,-0.18361616
-0.47772744,-0.24557519,0.86597395,0.052467585,0.20770697,0.13770828,0.17154834,-0.15448101
-0.6536274,0.036538605,0.93161273,0.1778022,0.46070844,-0.22024535,0.35577223,0.051438514
-0.65608364,0.21556018,-0.19935149,-0.8160441,-0.88657814,0.32889238,0.62320966,-0.1987272
-0.18470684,0.16320048,0.45802605,0.74395907,0.3345031,0.46709904,0.4364144,-0.21097058
-0.41301286,0.0677905,0.17661798,-0.9051688,-0.008676113,-0.081681564,0.21086432,-0.17335941
-0.4437589,-0.19414033,-0.3539235,0.8056061,0.14923179,0.31165823,0.4374416,-0.24836355
-0.26142725,-0.4599379,0.04216039,-0.7138287,0.46004957,0.4747145,0.31252208,-0.39368904
-0.36378852,0.036711473,0.6826296,-0.14501661,-0.44773057,-0.05256578,0.25512284,-0.2620163
-0.32999635,-0.08754301,-0.6058538,-0.48974097,0.31368068,0.25835162,0.45081675,-0.079055786
-0.51048684,-0.22522545,0.89279735,-0.005865395,0.40912864,0.03365263,-0.087185904,-0.031690616
-0.4857627,-0.18030335,0.404696,-0.7716348,0.30730936,0.13577598,0.29875094,-0.061275627
-0.50888234,-0.17569944,-0.6855022,0.33279896,0.37279475,0.23507226,0.4540878,-0.24642088
-0.6311907,-0.06412058,-0.60208476,-0.6613884,0.44604743,-0.18704167,-0.07514686,0.008167856
-0.115836725,-0.2743452,-0.24219096,-0.80893797,-0.3807979,-0.158831,0.07099426,-0.24479479
-0.4282706,-0.31495202,-0.9010006,0.25385296,0.30486998,-0.054198783,0.24719012,-0.18461977
-0.31038114,-0.046261277,-0.5896455,0.51861715,0.11414158,0.06500067,0.41035727,-0.062826894
-0.525218,0.18285294,-0.40710586,-0.3063951,0.26255804,-0.5096675,0.39239076,0.20249121
-0.30910432,-0.05310596,-0.5158483,0.23599339,-0.23925953,0.832167,0.49929053,-0.19610958
-0.27558285,0.24183242,-0.9102885,0.069105744,0.17085113,-0.293272,0.037257154,-0.0798134
-0.54536164,-0.028744143,0.34853208,0.74016523,0.4191335,0.32452875,0.4412689,-0.12015835
-0.32527232,-0.38867226,-0.059760332,-0.3898335,0.55943924,0.12322192,0.52911776,-0.39962766
-0.30236903,-0.072629005,-0.07540673,-0.036551237,0.14303352,-0.30870578,0.12406566,-0.1075881
-0.4478067,0.055975605,-0.812421,-0.012284815,0.09163655,0.09499303,0.25674868,-0.22206987
-0.031476323,-0.17276578,0.38519418,0.7664447,-0.4616138,-0.108126864,0.20433299,0.220476
-0.4169948,-0.27425015,0.37676167,0.57043767,0.18346325,-0.27077997,0.33656013,0.083418034
-0.59961724,-0.317715,-0.24804735,-0.7179798,0.37066022,0.44820505,0.32981881,-0.1834852
-0.37816513,0.10754957,0.9516531,-0.01873523,0.123077266,-0.39438617,-0.18344228,-0.15191343
-0.3044197,-0.044369813,-0.5918436,-0.5003598,0.27926615,0.3115327,0.24131475,-0.09453186
-0.6043384,-0.04255608,-0.006868899,-0.8476844,-0.08165971,-0.683193,-0.0013030755,-0.07016265
-0.3408012,-0.15597591,0.82035303,-0.08083159,0.56820333,-0.18169071,0.2837224,-0.038376227
-0.3897718,-0.13371925,-0.5887362,-0.49438405,0.31810457,0.21174821,0.3164974,-0.113165095
-0.32833797,-0.1381838,0.9164902,-0.33764714,0.14819878,0.2830287,0.49827906,-0.036333557
-0.43718082,-0.26011175,-0.2953502,-0.47721982,0.24265909,0.17603152,0.656703,-0.062271714
-0.31005475,-0.1278359,-0.81573105,0.4753492,-0.8802646,0.14453414,0.53308374,0.09823877
-0.3342529,0.056189526,-0.21009463,0.5731907,-0.27969918,-0.44199783,-0.33224905,-0.082996674
-0.22268969,-0.18628402,0.060886264,0.9468874,0.40658754,0.047494266,0.20892169,-0.18685597
-0.5651937,-0.11708381,0.42899895,-0.30357784,0.2043564,-0.03275534,0.3334447,0.067420214
-0.14716615,0.50261354,0.42173982,0.26037276,0.39128822,-0.12838966,-0.12219419,0.09511898
-0.5440749,-0.28521395,-0.5351356,0.8141805,-0.17905028,-0.79112965,0.11476192,0.08560092
-0.5149195,-0.19249769,-0.2686633,-0.4252662,0.3094759,0.20988497,0.33457923,-0.10303764
-0.49346134,-0.11356951,-0.6695196,-0.32910633,-0.9842755,0.014657107,-0.6109734,0.5307077
-0.5139132,-0.2770341,0.22165167,-0.261069,0.35393116,0.20428933,0.47896287,-0.045802455
-0.2646877,-0.2811766,-0.7823481,-0.5493145,-0.34084573,-0.030583136,-0.11169266,-0.50279313
-0.56931835,-0.07851345,0.59129584,0.35273194,-0.8169269,0.16494888,0.050818723,-0.020050786
-0.31938422,-0.13011636,-0.3535695,0.7627399,0.046062633,-0.22048266,0.37211204,-0.11580739
-0.3344003,-0.09871857,0.6007241,0.22082257,0.3357496,0.20446663,0.3045334,-0.055074066
-0.34681717,-0.03574499,-0.17466414,0.83674765,0.25764307,0.19302942,0.20161086,-0.39483786
-0.36444634,-0.27922928,-0.84208536,-0.10159969,0.3260881,0.37781924,0.35630992,-0.22527345
-0.20422648,-0.2659097,0.09974706,0.71508133,0.11325682,0.27813423,0.11458889,-0.3088846
-0.088748306,-0.18703671,0.1617043,0.12603033,-0.013855587,0.17585151,0.044793785,-0.28341207
-0.027142765,-0.28111172,0.22668755,-0.8552881,0.22980236,0.46148133,0.4174646,-0.26752406
-0.07082236,-0.17521511,-0.060715556,0.025608659,-0.18673712,0.80562246,0.67961353,0.037796687
-0.26493028,0.2362517,-0.18615878,-0.9575791,0.30423546,0.25617284,0.5093297,-0.28129163
-0.3578007,-0.1476541,0.5170708,-0.7878792,-0.500244,0.5472044,0.617879,0.38125053
-0.5707447,0.105935775,0.5790559,0.6325495,0.33314195,-0.25896373,0.3404144,0.2099636
0.061064404,-0.42391402,0.19335055,0.7430154,-0.12660241,0.21761043,0.035208568,-0.2783349
-0.42498913,-0.02760471,0.22579932,0.86003745,0.1371417,-0.42728883,-0.04076695,-0.11482824
-0.30962884,-0.12746625,0.24906814,0.87332106,0.016274834,-0.3699789,0.21610825,0.14675905
-0.23579626,-0.05750892,0.1567378,0.7465843,-0.0007706094,-0.15558586,0.13524713,0.17882726
-0.4773839,-0.049636196,-0.72189057,0.20358586,0.1813258,-0.3851768,0.23582323,-0.1045978
-0.2832053,-0.16154902,-0.72445196,0.12400019,0.04435584,0.20779368,0.33852452,-0.06843063
-0.3137588,-0.07271643,-0.718026,-0.21895903,0.2523122,0.2811635,0.3636772,-0.28419596
-0.57491034,0.016384516,-0.39797264,0.48958206,0.09817845,-0.4126019,0.11232957,-0.018312786
-0.20198818,-0.15994981,0.1464771,0.018757463,-0.21654725,-0.00978627,0.056130666,-0.16593623
-0.44193578,-0.16983564,0.7789563,0.559227,-0.84002936,0.11016531,0.22936785,0.07056178
-0.47006986,-0.19476445,-0.63133264,0.09990251,-0.14055039,-0.6891401,-0.18199661,0.06886413
-0.40865168,-0.09771998,-0.69323325,-0.15878075,0.22205985,0.104126014,0.45877075,0.15629718
-0.53737885,-0.10563983,0.014608979,0.57177603,0.36807767,-0.38652936,0.043593414,-0.5507103
-0.0932847,-0.12151656,0.46141112,-0.5491886,-0.3324035,0.5826041,0.6259571,0.1503229
-0.28915593,-0.36431056,0.2816646,-0.57306635,0.15382399,0.17385684,0.27375278,-0.13080044
-0.05205189,-0.12759942,0.09849846,-0.70406723,-0.36336246,-0.73814464,0.08696317,0.021772334
-0.34741372,-0.2007814,-0.10174751,-0.78527,0.26151147,0.385387,0.2774114,-0.26903942
-0.3972436,-0.095600255,0.7084452,-0.10304123,-0.11780891,0.17687994,-0.09993383,-0.3931536
-0.22299181,0.0049347626,-0.5787021,-0.27506906,-0.39073357,0.69289327,0.52731705,0.07854861
-0.24855438,-0.17373973,0.5271857,0.6631311,-0.050941553,0.6951163,0.59787947,-0.06835861
-0.44761372,-0.11518143,0.023497343,-0.34166563,0.17412823,-0.40600902,-0.008192026,-0.08023677
-0.24563955,-0.18735792,0.3291403,0.8653797,-0.7416807,-0.729537,-0.79577404,-0.06812134
-0.43510813,-0.17379315,-0.46724313,0.35819793,0.45371467,0.4050613,0.47789934,-0.21337368
-0.2084743,-0.12698574,0.85778284,-0.0066399574,0.3282142,0.73339385,0.36289942,-0.38974082
-0.31988412,-0.1970893,0.19353557,-0.6412246,-0.21598464,0.83483046,0.39128795,-0.18210717
-0.24326147,-0.042861525,0.45941234,-0.5834477,-0.13696012,0.77636325,0.35780367,-0.12690592
-0.31120262,-0.3256964,-0.2274825,0.07884216,-0.25511044,0.42409524,-0.009142922,0.19279504
-0.6411916,-0.06832591,-0.07408106,0.24781466,0.60059816,-0.34760442,0.32217968,-0.05406258
-0.4588264,-0.22384948,0.07988715,0.2737782,0.3645675,-0.4956687,0.07949072,0.38637322
-0.2852213,-0.20267043,0.100036025,0.76120234,0.021772495,0.096957296,0.09272748,-0.32006758
-0.47740918,0.011755754,-0.13901025,0.43346274,-0.2101392,0.8898914,0.41277102,0.14543617
-0.28769192,-0.30408278,-0.73770845,-0.2964146,0.0040858625,0.8364161,0.38594216,-0.09842828
-0.50787437,-0.18555927,0.0525769,-0.71913683,0.3301692,0.26409703,0.2543034,-0.2808031
-0.48066324,0.10661622,0.3475852,-0.9506049,0.28647313,-0.4702707,-0.017635897,-0.38198262
-0.31324813,-0.381743,0.041571498,0.6562823,0.3480251,0.43474355,0.45526958,-0.3018213
-0.62434137,-0.23719934,-0.3911304,-0.4331665,0.42379802,0.26315486,0.08034392,0.055915635
-0.38444012,-0.1869748,-0.5798447,-0.10591942,0.0135100065,0.09059773,0.33390033,-0.28313133
-0.21335967,0.2851896,-0.3463207,-0.40402997,0.13916788,-0.5162562,0.140329,0.48449135
-0.38691854,-0.0964113,-0.6481197,0.1760037,0.20385188,0.20605189,0.4004786,-0.1726229
-0.6900527,-0.08450363,-0.29122233,0.0003478527,0.4295215,-0.084255494,0.17991458,0.2946185
-0.36029387,-0.24582396,0.45577633,-0.8149607,-0.24208967,0.7837081,0.64645207,0.22325484
-0.61180407,-0.07947191,-0.030116022,0.59467006,-0.014312813,0.82874006,0.37881783,-0.08333893
-0.082872406,-0.17856565,-0.30674016,0.46318126,-0.27071628,-0.12728016,0.22611661,-0.058047134
1.0993851,-0.11359736,-0.30951226,-0.7162937,0.6522366,0.45525646,0.1626914,0.511912
-0.20334968,-0.3016387,0.2987914,0.03624046,0.10604389,0.3781684,0.5531605,-0.19871934
-0.39380735,-0.22856078,-0.28622657,-0.44986588,-0.22033262,0.84231067,0.3484285,0.12969317
-0.19679378,-0.07705812,0.09936285,0.7219826,-0.64734834,-0.28405955,-0.011973303,-0.10714047
-0.73291564,-0.047126282,-0.38209605,0.029023647,-0.20369866,-0.69507813,-0.31214696,-0.17039205
0.9698877,0.45650247,-0.62056977,0.46107697,-0.6514222,0.42644572,0.62142986,-0.45245543
-0.23794031,-0.22793193,-0.869706,-0.37867898,-0.1845524,0.74375576,0.31154472,-0.08449524
-0.538889,-0.2638773,-0.112385094,-0.9052609,-0.24745356,-0.6310395,0.09670414,-0.06764336
-0.4670002,-0.2689352,0.25244963,0.5776638,-0.0005232623,-0.31198353,0.18783998,-0.1346398
-0.15226765,-0.19486302,0.13581288,-0.03242868,-0.3121185,-0.54442865,0.18544793,-0.19374847
-0.3114584,-0.26444027,-0.15990102,0.31386232,0.3590214,0.061892185,0.22984865,-0.25427198
-0.27787703,-0.15619127,-0.29908204,-0.214207,0.013650404,0.20590456,-0.00041911192,-0.44457278
-0.4702829,-0.12518866,0.08148348,0.6087171,-0.25193742,-0.69831246,-0.4225081,0.001507117
-0.17344308,-0.107514106,-0.34520996,-0.8926566,-0.2759512,-0.043797966,0.33079866,-0.09409329
-0.26266494,-0.20449369,0.5114621,0.64677536,-0.14708906,0.7062953,0.5024933,-0.087958835
-0.026084634,-0.22343108,-0.8609033,-0.123182,-0.15800428,0.22106183,0.24009623,-0.6919261
-0.26975986,-0.1521691,0.14860189,0.49849963,-0.08094029,0.78895277,0.61914057,0.054192908
-0.50848037,0.0017402665,0.16625321,-0.90246284,-0.13430817,-0.73291576,-0.1118463,-0.14593573
-0.19863814,-0.40684867,0.8139131,-0.27715582,0.19096613,0.38979942,0.59078145,-0.257595
-0.36631945,-0.06454548,-0.26184535,-0.45055938,0.29139352,0.24873088,0.3596477,-0.13561928
-0.24699976,-0.029230047,-0.09967971,-0.76331544,0.22465457,-0.0564183,0.18966016,-0.15065412
-0.24210201,-0.2140558,0.2832334,0.8454621,-0.34937748,-0.5470953,-0.5149876,-0.15549372
-0.38957104,-0.026713993,0.5852606,0.6413437,0.27459908,0.30096838,0.18488441,-0.18882027
-0.38965362,-0.31076455,-0.95706695,-0.1712752,0.24906366,-0.06290786,0.14593416,-0.015452716
-0.51315546,-0.3352719,0.14117205,0.4339826,-0.10839418,0.807055,0.6309037,0.113011785
-0.21314755,-0.04842342,-0.8505852,-0.20088768,0.23812065,0.36163127,0.40569288,-0.2913827
-0.0719526,-0.13254546,0.5376123,0.2574811,0.08604817,-0.11017371,0.060700133,-0.33385536
-0.33217558,0.06789384,0.4172287,0.08240628,-0.19542305,-0.4795961,0.0038897647,-0.07041337
-0.43915117,0.07755751,0.65587544,0.052234173,0.15520157,-0.47827145,0.030256186,-0.069582395
-0.42409778,-0.20161827,0.33588946,0.71600425,0.21298647,0.21384193,0.37520686,-0.21642976
-0.3382879,-0.10661503,-0.7814356,-0.4294976,0.45059547,0.55585057,0.42924082,-0.29496294
-0.4634609,-0.030395161,0.25607157,0.8053304,0.19310144,-0.37175116,0.06804903,-0.02071159
0.020757152,-0.18683963,0.47892618,-0.18535155,0.18525133,-0.014135113,0.12377477,0.43104547
-0.33749145,-0.03426518,0.46414816,-0.8805883,-0.3041927,0.7421273,0.6513287,0.26352185
-0.048422072,-0.17049961,0.5665351,0.5162444,-0.6834855,-0.1955835,-0.6907891,-0.091018975
-0.32980973,-0.20751525,-0.8761672,-0.07615578,0.305894,0.20979483,0.4397897,-0.056924075
-0.5849014,-0.09436753,-0.38132775,-0.85278404,0.439656,0.24410795,0.4124135,-0.27703416
-0.27675352,-0.023795616,0.46421576,-0.9033346,-0.46470392,0.5179225,0.029096887,-0.11821334
-0.5951347,0.026528705,0.50088,-0.14358443,-0.08326735,-0.7293428,-0.055872228,-0.12470962
-0.44282484,-0.10963425,0.49206507,-0.77152133,-0.55946624,0.5494745,0.657688,0.24868356
-0.30900145,-0.2177119,-0.10302067,0.6217842,0.41963428,0.5884764,0.4891166,-0.2005539
-0.34289724,-0.253619,0.11173177,0.52690446,-0.25987715,0.5739289,0.81749797,0.0025806783
-0.35795942,-0.13559166,-0.6437851,0.3896234,-0.32151788,-0.24052435,0.256838,-0.13960879
-0.3338918,0.082641564,-0.032615304,0.7388451,0.37634343,-0.12527499,0.20510593,-0.12234068
-0.2860047,-0.022491675,-0.15746033,0.30159068,0.016141523,-0.3998294,0.09767908,-0.101447314
-0.53754145,-0.1403183,0.0020530224,0.67648685,0.09314906,0.20112959,0.36414686,-0.0997774
-0.27002245,-0.2674934,0.22571921,-0.9512259,-0.07160244,0.7700685,0.65921664,0.017099462
-0.2770035,-0.09362079,0.028717041,0.7639147,0.27017757,0.271203,0.2530599,-0.20819241
-0.601273,-0.1284935,-0.6855022,0.33279896,0.4079548,0.21941204,0.43688342,-0.24658874
-0.21590263,3.3293698e-05,0.7029804,-0.007482052,0.61274195,-0.10172976,0.15345472,0.7689436
-0.1984173,-0.3509289,-0.7225902,-0.19891447,-0.15680648,0.6347785,0.6145958,0.024840442
-0.21370983,-0.11847691,0.074843645,-0.8481081,-0.09492182,0.79285264,0.3706193,-0.11959742
-0.3239829,-0.2465722,-0.9303213,0.3527428,0.21030729,0.12371094,0.4442568,-0.26022947
-0.50566906,-0.11691327,-0.8536028,-0.118332446,0.29133633,0.26978865,0.3767259,-0.21644774
-0.36160788,-0.16915019,0.46435678,0.45753932,0.22565103,0.27309808,0.18110666,-0.27176243
-0.5469608,-0.22896785,0.025634408,0.43346655,0.26530424,-0.39681056,0.027003905,-0.003883753
-0.62349826,-0.30562916,-0.78237545,-0.30108148,-0.22253068,-0.079046935,0.18337265,-0.13588937
-0.6855077,-0.08706198,-0.34956813,-0.36565036,0.58117604,-0.48873058,-0.088477515,-0.105753615
-0.6426536,-0.25737742,0.71885335,0.323043,0.5321798,-0.5471779,-0.14015995,0.14445527
-0.5239074,-0.15051848,0.29772592,-0.92566335,-0.40749627,0.8196734,0.59415585,0.15264553
-0.35095328,-0.27469766,-0.9111545,-0.2385894,0.35826606,0.32627803,0.3898948,-0.04083303
-0.33168846,-0.22406085,-0.86322397,-0.114985764,-0.39017153,-0.101016186,0.19466172,-0.124992475
-0.4259211,-0.17671084,-0.3649931,0.79592764,0.31648442,0.2297341,0.4721386,-0.12827884
-0.19341668,-0.11607723,-0.16653901,-0.38398308,0.062332842,0.1593036,0.3741832,0.24875553
-0.32750773,-0.1357033,-0.38033664,0.39825773,-0.57581496,-0.6883238,-0.039574705,-0.06740508
-0.3397462,-0.29875553,-0.13114256,0.71120787,0.4432142,0.32026136,0.54950124,-0.16991834
-0.49719232,-0.23110074,0.7331928,0.11482632,0.39191145,-0.41119942,0.046961404,-0.0403845
-0.19484553,-0.16457836,-0.118998766,-0.9128291,0.088731036,0.24975917,0.4302901,-0.040600337
-0.27514458,0.035222773,0.45000124,-0.24309611,0.30553082,-0.37818083,0.14684589,0.52941316
-0.15638384,-0.2439217,-0.14159542,0.65720856,-0.8088019,-0.45967835,-0.5471248,-0.09855459
0.08759497,-0.25827682,-0.3177058,-0.9152048,0.12280506,0.34324867,-0.02569964,-0.38042796
-0.29390705,-0.17954467,0.2800616,-0.5726558,0.31704316,0.3672863,0.42961204,-0.18673024
-0.38588473,0.035077754,-0.19190472,-0.19857347,-0.3605815,0.7611765,0.6832237,0.25044173
-0.33512607,-0.17026973,0.3091271,0.40740967,0.14986761,0.13640806,0.11706527,-0.34173805
-0.399129,-0.09137872,-0.40309304,0.5988084,0.4020761,-0.2561893,0.1250957,-0.14445949
-0.38813424,-0.003181781,0.5419359,0.018238544,-0.57058066,-0.58349013,0.18223664,0.39035484
-0.43061993,-0.05579185,0.5297142,0.5320747,0.20058805,0.34177104,0.34353504,-0.34231696
-0.00712985,-0.3079184,0.81036794,-0.26994503,-0.004200244,0.41197369,0.4137206,-0.32193008
-0.27427226,0.09227195,-0.46205235,0.7144419,0.0049962495,-0.2742868,0.30055428,0.21323858
-0.32950586,-0.2682373,0.3773253,-0.76394767,0.42572433,0.64666504,0.37307426,-0.24238959
-0.33512324,-0.35532132,0.55599356,0.5088885,0.33141577,0.2854728,0.4129469,-0.18947668
-0.4310165,-0.041508753,-0.21478695,0.57801986,0.29402035,0.058388088,0.2976646,-0.24387778
-0.40687558,-0.1754131,0.5335636,0.66321003,-0.04934403,0.7404461,0.597395,-0.068649076
-0.3873853,-0.12695195,0.53307617,-0.10113484,-0.04769208,0.75566965,0.36647874,-0.051302426
-0.6221106,-0.28674278,0.43390596,-0.7607514,0.48241112,0.40513876,0.17114043,-0.10874946
-0.29585367,-0.21980196,-0.37147802,-0.8448012,-0.460696,0.5152751,0.35447654,-0.070848666
-0.30113387,-0.12530796,0.107848525,-0.559407,-0.5550643,-0.48603556,-0.16797438,0.3471947
0.25898516,0.806823,0.40362728,-0.7425238,0.21748294,0.10404496,0.10763017,-0.24436487
-0.36048183,-0.065574154,0.2856319,-0.0010868311,-0.34170115,-0.37280753,-0.15933675,-0.47025362
-0.38489392,-0.12643908,-0.3818912,0.7763572,0.28767124,0.22334592,0.2000433,-0.32801613
-0.4824079,-0.2114723,0.31692016,0.16328025,0.48237994,-0.25239727,0.16190208,-0.03208212
-0.36139196,-0.04156607,-0.11663121,-0.54613066,-0.28261793,-0.4619582,0.11361091,-0.007784136
-0.5354586,-0.077490404,0.01630795,0.62866926,-0.0048348513,-0.37141052,0.1329107,-0.13357364
-0.55524516,-0.23434809,0.33959448,-0.6182556,0.3505196,0.26196754,0.3403794,-0.19981675
-0.44702998,0.054219518,-0.14480501,0.79895806,-0.87389505,0.08059627,0.30347827,-0.30789304
-0.3431034,0.16841881,-0.17772257,-0.8670777,0.19701664,0.31523323,0.13921444,-0.30150792
-0.4760033,-0.19977102,-0.65208006,-0.70258355,0.23071864,0.3720691,0.13883612,-0.37257534
-0.4325015,-0.29507974,0.10083771,0.08071089,-0.41695464,-0.2629966,0.32138315,0.40224352
-0.44441372,-0.03371902,-0.116936505,0.9443581,0.21544106,0.11609803,0.26535505,-0.1019206
-0.6010345,-0.06727575,-0.749599,-0.5037895,0.35345653,0.28496763,0.09723022,-0.38549393
-0.22915043,-0.033022862,-0.01025188,0.5240263,0.0879325,-0.47859165,0.29025054,0.13077538
-0.50908506,-0.31480706,0.16406679,-0.5461382,-0.8772365,-0.016373798,0.16725692,-0.26677403
-0.3462575,0.007648741,-0.46119398,-0.00023448467,-0.25506824,-0.45874992,0.21310714,-0.06486108
-0.26802883,0.101791136,0.55488527,0.08409822,0.06993087,-0.1401784,0.3496867,-0.25455186
-0.1807346,-0.32604885,0.31748652,0.86047137,-0.8176752,-0.28240955,-0.7991298,-0.071534604
-0.48579532,-0.097968206,-0.77337885,-0.41392177,0.30258372,0.6041491,0.47362906,-0.12649049
-0.4828135,-0.022468623,0.6783123,0.060668588,-0.07229059,-0.008370148,0.16959165,-0.21112677
-0.11259796,-0.26729453,0.41016757,0.70909834,-0.18930243,0.6521508,0.6260171,0.07441086
-0.1214799,-0.18218978,0.5844892,-0.5073272,-0.16825853,0.7239836,0.794488,0.17871732
-0.32234034,-0.20297027,-0.16918397,0.8370334,0.2310816,0.19946392,0.17344743,-0.3519768
-0.70642656,-0.12993145,0.37488568,-0.8616328,0.28917027,-0.20667048,0.07474623,-0.15536445
-0.61602175,-0.113830656,0.017712116,-0.60378635,0.09142847,-0.36789736,0.095410675,0.10371793
-0.11334081,-0.08755191,-0.88172877,0.08811879,-0.578891,0.34727454,0.04762091,0.08866637
-0.51064837,-0.23079975,0.5423629,0.1730957,0.3064125,0.17038505,0.41653898,-0.09372966
-0.3854462,-0.15917273,-0.54778796,0.3334651,0.07551551,0.15858889,0.33654016,-0.17742872
-0.4618955,-0.3263445,0.5546253,0.5087358,0.23145789,0.2349729,0.42062208,-0.21781303
-0.32981455,-0.24109091,-0.021387994,0.041881442,0.35966232,0.41033587,0.4068997,-0.15031676
-0.16322002,0.017980773,0.49340868,-0.85493743,-0.28916085,0.6446192,0.5995744,0.2343807
-0.20938589,-0.24455519,-0.61279374,0.10959411,0.020356344,0.67628634,0.7382107,0.47332382
-0.39218557,0.06509683,-0.7664701,-0.23695415,0.1741003,0.182769,0.045600098,-0.24301875
-0.41210184,-0.1481589,0.4587022,-0.81772697,-0.25631973,0.73043114,0.66310936,0.2623151
-0.10814671,-0.35788864,0.4319483,0.657195,-0.21448253,0.6263888,0.46530032,0.10132725
-0.2547424,-0.03177103,0.2757522,-0.7507268,-0.7644803,-0.50587225,-0.048881166,0.21776031
-0.0015429426,-0.07021493,-0.07448423,-0.6563332,-0.5794714,-0.6090549,0.25436172,0.3683097
-0.21940205,0.011690085,-0.6829844,-0.3591588,-0.6327743,0.45360544,0.5199229,-0.14776416
-0.043107066,-0.19786201,0.8344538,-0.17699265,-0.1436409,0.58956903,0.6291972,0.09972313
-0.35127512,-0.13521963,0.18221998,0.044984818,0.20672205,-0.34612674,0.11693942,-0.12034181
-0.20170671,0.24825685,0.27548707,-0.73120725,-0.2927116,0.684007,0.27476832,-0.084631965
-0.39356545,-0.26994258,0.5073004,0.28838873,0.17521049,0.21703655,0.28386953,-0.20699044
-0.25052947,-0.31948134,0.2677456,-0.9409605,0.3517839,-0.27851552,0.29868215,-0.11471423
-0.3198576,-0.1504787,-0.1792736,0.82962215,0.19872274,0.23434484,0.0269495,-0.35308275
-0.40162432,-0.21426284,-0.30501097,-0.7435035,-0.038028855,0.40943596,0.5293234,-0.2051717
-0.23737976,-0.21348326,-0.6798897,-0.055308998,-0.33512273,0.022244975,-0.069936074,-0.261342
0.08740114,-0.34633273,-0.7137972,-0.50427735,-0.55130273,0.060320124,0.25962815,0.30776602
-0.31795016,-0.31816295,-0.52279073,-0.2902977,0.25545603,0.4149884,0.46913588,-0.23747282
-0.6670598,-0.06599802,-0.14911634,-0.24587196,-0.10680968,-0.12940706,0.15911236,-0.41476437
-0.29779267,-0.2783108,-0.11682427,0.3431822,-0.2483663,-0.050078142,0.10124732,-0.14455399
-0.24189465,-0.034212295,-0.64593893,-0.26573312,0.0783276,0.7860015,0.48810533,-0.069436386
-0.6299384,-0.19108191,0.026182413,-0.493757,0.0014272796,-0.7154146,-0.4027205,0.20515308
-0.11846548,-0.21342346,-0.099540114,0.33674836,-0.5686242,0.07791602,-0.74413335,-0.048628885
-0.43344954,-0.15865491,-0.16547102,0.89422953,0.3574228,-0.41005123,0.31232804,-0.13723688
-0.46890306,-0.16870093,0.69261265,-0.4123965,0.22871582,0.2438876,0.3928702,-0.118041426
-0.1878286,-0.18096197,0.917861,-0.0076064467,-0.2946309,0.625135,-0.18494795,-0.10476535
-0.24302712,-0.37773573,-0.5699355,0.67917395,0.36932242,-0.065673724,0.3414361,-0.31358126
-0.2325864,-0.10402346,-0.8309266,-0.49232763,0.45283815,0.30510008,0.22731595,0.020341791
-0.49060467,-0.008347834,-0.3667295,0.2095679,0.3504171,-0.19213714,0.23710494,-0.111635834
-0.08451943,-0.13924904,0.670473,-0.3393991,0.18848161,-0.20871495,0.32256067,0.11746318
-0.37719622,-0.2262888,0.72028136,0.30389118,0.07780125,0.24611738,0.28315836,-0.31195956
-0.39075416,-0.37693515,0.7286329,-0.35738015,0.4972232,0.56649333,0.35700542,-0.056019302
-0.48657617,-0.07130198,-0.5038072,0.49366593,0.4848429,0.14059895,0.30290484,0.03412839
-0.4137368,-0.21082877,-0.46851772,0.5482068,0.4729867,-0.0053479634,0.3618057,-0.1052459
-0.34400108,-0.17026354,-0.13611758,0.8272768,0.32009318,-0.21786793,0.2539742,-0.16789116
-0.16931611,-0.28312013,0.31063592,0.71146214,-0.06316621,0.66771877,0.47062948,0.07080797
-0.23799135,-0.25825784,-0.7473174,0.39447415,0.29904482,0.3483299,0.48223457,0.018628422
-0.75552803,0.04402827,-0.6646879,-0.32812506,0.021266636,-0.3481361,-0.43444136,0.485232
-0.56306,0.1523587,-0.8097549,-0.49157023,0.3280593,0.36780056,0.37653112,-0.17132957
-0.38332683,-0.22579151,0.010829568,0.56758523,0.24121971,-0.017372789,0.29915202,-0.11454294
-0.4485203,-0.21682796,-0.7366483,0.124939084,0.16586845,0.17814597,0.3195932,-0.06859752
-0.34587047,-0.27616608,-0.78728426,-0.30510038,-0.15791498,0.7170579,0.36353526,-0.14748375
-0.44532838,-0.058166195,0.324839,-0.6239693,0.21564667,0.22822867,0.30455792,-0.105510786
-0.46643668,-0.31451145,0.115290284,-0.6153721,0.21324773,0.11878188,0.11190853,-0.477843
-0.36886615,-0.2932918,0.041368842,-0.10625398,0.2553518,0.2538517,0.47808966,-0.04222756
-0.32990944,-0.1362053,0.7898551,0.44161618,0.5064188,-0.0036059236,0.31503662,-0.13107711
-0.39332482,-0.09179609,-0.50309837,0.68314385,-0.121933095,0.6922386,0.17182645,0.059449505
-0.46591064,-0.037698794,0.004810095,-0.38888758,0.03764781,-0.4118926,-0.33487335,0.17363738
-0.32097682,-0.10114878,-0.73646635,0.2057401,-0.3276122,-0.66401327,0.18759096,0.26638788
-0.33690923,-0.022005122,-0.34435028,0.19636238,0.39108142,0.26569206,0.38171777,-0.30993107
-0.55741155,-0.24505046,0.33578277,-0.503795,0.39570686,0.070651814,0.39005083,-0.13412336
-0.36113572,-0.43723273,-0.75232154,-0.388021,0.44496116,0.5382455,0.4088515,-0.11934847
-0.51350063,0.08483709,0.09179664,0.6020378,0.44273314,-0.04658464,0.24642293,-0.10053006
-0.36793748,-0.062496085,0.034752607,0.674847,0.2411112,0.17507999,0.34523073,-0.0042372397
-0.41835052,-0.3381803,0.21177602,-0.39645118,0.052885633,-0.5186333,-0.3163867,0.13317393
-0.525972,-0.088444166,-0.45145345,0.04536879,0.32099408,-0.45282027,0.11161571,-0.03687319
-0.39916465,-0.2396514,0.56017435,0.6909163,0.021082882,-0.042354774,0.35763285,-0.1260253
-0.6658565,0.059547458,-0.024299383,0.7850063,0.56569797,0.056357205,0.22526905,-0.049095307
-0.20001583,-0.15523542,0.51999736,0.7882544,0.09924077,0.40910843,0.3709082,-0.3083225
-0.44831637,-0.21869506,-0.0039436817,0.5118048,0.3282048,-0.44536355,0.21741827,-0.010374033
-0.14312339,-0.09273283,-0.2444228,0.7043282,0.113888584,-0.36680916,0.0791152,0.12470261
-0.52076775,-0.058890928,-0.0230034,-0.2842775,-0.2911728,-0.57663476,-0.00466867,-0.1496109
-0.27602637,-0.17399615,0.44942904,-0.8029255,-0.37758285,0.49421015,0.652997,0.26492867
-0.40691286,0.020142812,0.77466214,-0.44315505,0.07174486,0.2168284,0.30421773,-0.22803938
-0.30890298,-0.15146731,-0.002454102,-0.54989296,-0.22946042,0.72658,0.26660916,0.0045637414
0.0027915072,-0.22557029,0.42793107,0.69642687,-0.18146147,0.7172819,0.5265013,0.014341079
-0.3453855,0.0016161547,-0.98288095,-0.02355367,-0.19114923,0.7230854,0.5694148,0.08568621
-0.41294587,-0.13162212,-0.40536594,0.7561823,-0.7755986,0.26548138,0.35571167,-0.19389556
-0.4514095,-0.15676373,0.21895921,0.88793445,0.3741743,0.31555462,0.3310364,-0.1878109
-0.017356308,-0.13488394,0.06187141,-0.76437724,0.0948795,0.3424915,0.2185189,-0.018218199
-0.47495893,-0.1663242,0.33607614,0.69037676,0.18035638,0.23243245,0.23229173,-0.18860155
-0.43556803,-0.034838792,-0.92280644,0.32728553,0.2968748,-0.39521453,0.42917734,-0.034827705
-0.4415572,-0.18228276,0.6953962,-0.37963307,-0.31392106,-0.53087187,-0.14080802,-0.001449144
-0.42790836,-0.30963454,-0.63985646,0.2249875,0.47046044,-0.23936683,0.08263691,0.06141078
-0.40359002,-0.3145153,0.78881276,-0.29188824,-0.22650017,-0.043774597,0.14920059,-0.22924347
-0.16971153,0.05924994,-0.27261043,0.41669536,-0.49337998,-0.20931645,0.13192402,-0.11939479
-0.35613438,0.031143297,-0.367737,-0.63185,-0.040391434,0.68133897,0.22306341,-0.01854333
-0.2269694,-0.29734024,-0.6850165,-0.042935193,0.28451353,0.49663946,0.3354945,-0.3504887
-0.469697,-0.24805517,-0.83809966,-0.43372327,0.11027321,0.15784757,0.33269453,-0.1167068
-0.5173151,-0.18959288,-0.28683835,0.6421069,-0.910907,0.2712133,0.36458528,-0.17145781
-0.6554086,-0.008049141,-0.5563562,-0.6302395,0.54782856,-0.32905206,0.21670085,-0.5591665
-0.39907137,-0.115997545,0.35877502,-0.8795969,-0.30142984,0.7419196,0.63213426,0.2788213
-0.58268416,-0.068981975,-0.024273217,0.53277385,0.39227563,-0.4834098,0.13420616,-0.05768106
-0.4370917,-0.365054,0.912833,0.083110094,0.3461126,0.294024,0.3094445,-0.21819583
-0.5002272,-0.033251997,0.5683367,0.51945674,0.16265999,0.2523619,0.22151862,-0.23237675
0.03156052,0.8351908,-0.3621096,0.14263022,0.3309932,0.003521798,-0.46653515,0.3121338
-0.33624327,-0.12166581,-0.8361534,0.44400418,0.3804134,0.33898073,0.42977113,-0.30794305
-0.3277482,0.048201773,-0.1751098,-0.87573636,0.41692036,0.05069002,0.30384523,-0.120614044
-0.27749598,0.046485994,0.56174386,0.590111,0.3071111,0.41311184,0.3903354,0.033437554
-0.5245519,-0.050259497,-0.23983824,0.83906865,0.087674804,-0.39133373,-0.029561145,-0.14523363
-0.4481318,-0.093269736,-0.8233181,-0.51567775,0.3691474,0.20139167,0.43073088,-0.15271868
-0.761349,-0.1556372,-0.4405247,0.32182884,0.47607496,-0.45397538,0.066193275,-0.08689562
-0.35504866,-0.20984176,0.119861245,0.45132554,-0.15186824,0.7173943,0.5881623,0.082041785
-0.118978426,-0.15703823,0.9283383,0.24020195,0.11824748,0.1764637,0.118978456,-0.19276841
-0.41301286,0.119077586,0.45000124,-0.24309611,0.3107933,-0.47531494,0.14795347,0.4970042
-0.29085302,-0.032298062,0.94679046,0.24007285,0.09511363,-0.29489303,-0.043635115,-0.05646061
-0.3293235,-0.054971714,0.22017801,0.68226457,0.17577848,0.16237386,0.40683168,-0.12875208
-0.29416457,0.0730894,0.834458,0.008733749,0.29219738,-0.34143886,0.015572516,-0.03904001
-0.46785524,-0.32124713,-0.13253528,-0.6901052,0.3013569,0.22618099,0.4146525,-0.12185734
-0.08690612,0.31287858,-0.20519418,0.641335,-0.6967201,-0.38654372,0.43450043,0.5056199
-0.2560612,-0.29369444,-0.30024415,0.82960474,-0.44530112,-0.043201867,0.1046999,-0.1940306
-0.4343739,-0.17947559,0.44407713,-0.7615466,0.35935703,0.14854293,0.29156327,-0.15624295
-0.3463713,-0.2206679,0.74016297,-0.05797535,-0.19928324,0.49221724,0.2555136,-0.06771316
-0.5324012,-0.3937575,0.609373,-0.09209573,0.1399097,0.18815275,0.13958494,-0.2259891
-0.3734661,-0.19418219,-0.96573573,0.04206574,-0.18657805,0.8334557,0.460104,0.0458395
-0.33322367,-0.21276326,-0.80604404,-0.05198127,-0.5340191,-0.46260315,0.33398697,0.11535717
-0.6409646,-0.16172393,-0.34082252,-0.096476614,0.54413265,0.04413941,0.20301586,-0.6060343
-0.40053558,-0.06818847,-0.93382293,0.0655092,0.37878972,0.21920647,0.41779515,-0.06299084
-0.13252074,-0.3587619,-0.202012,-0.2146548,0.4595357,0.5139166,0.76765066,-0.13822773
-0.616543,-0.119808294,0.06462228,0.73096025,0.42116135,0.18875785,0.32160282,-0.09767073
-0.097605005,-0.24501859,-0.5997598,0.12185013,-0.2872897,0.15717304,0.57007647,-0.119092695
-0.34082752,-0.19120131,0.29715586,-0.93963546,-0.46255523,0.8071349,0.65786207,0.18559359
-0.2847134,-0.19943567,-0.075078845,0.31753623,0.3865523,0.47382116,0.503253,-0.22563693
-0.37000716,-0.094538845,0.46122956,0.722705,0.23332074,0.34345293,0.32428342,-0.07859404
-0.5610573,-0.12024374,-0.7717077,0.22294211,0.16256404,0.18031387,0.3975803,-0.10267305
-0.114999786,-0.27440292,-0.111121476,0.8488798,0.22076556,-0.524569,0.083347164,-0.006512935
-0.59509844,-0.11203207,0.20072198,0.33436155,-0.28840277,-0.77809924,0.0587887,-0.036323197
-0.30738154,-0.12660357,0.75584054,-0.37799406,-0.40892267,-0.58631176,0.11564435,-0.17049123
-0.3809113,0.06590272,0.5065291,0.4989469,-0.8241454,0.06547488,0.22084458,-0.10032287
-0.5485518,-0.045593787,0.5723654,-0.54139006,0.495553,0.115161315,0.43126035,-0.28607503
-0.19147007,-0.023634937,0.2752055,-0.7512671,-0.6733835,-0.33656943,0.21865478,0.22325633
-0.57601273,-0.11845384,-0.2408095,0.44651783,0.13710973,-0.5984738,0.14740261,0.010551994
-0.38653883,-0.22295715,0.0896194,0.5076432,0.26452652,0.27204576,0.3977897,-0.110927574
-0.4290866,0.33018163,-0.9441823,0.046181202,0.3515379,-0.28281757,0.44546294,0.054185756
-0.73024935,-0.26942852,-0.113675,0.9519123,0.49291033,-0.30907536,0.09083524,-0.5581695
-0.6075834,-0.32207245,0.16267467,-0.54220194,-0.25059468,-0.5227935,-0.37314528,-0.26509163
-0.5312273,0.019768286,-0.015278399,-0.022434652,0.13860852,-0.52718186,-0.16456419,0.027901234
-0.3101193,-0.07768643,0.9390515,0.092448115,-0.21144134,-0.422086,0.0106089115,-0.07311472
-0.37744617,-0.21071865,-0.19525808,0.5354109,0.2825412,0.14537002,0.36022347,-0.1806507
-0.39990458,-0.14912723,0.57630634,-0.1119259,0.16147646,0.2001763,0.13554877,-0.16867213
0.26684004,-0.4613732,0.4929185,-0.51619875,-0.3391159,0.35695252,-0.5119689,0.09201292
-0.4190078,-0.150407,0.027564049,0.7497425,0.08914992,0.12866293,0.120867506,-0.21862242
-0.4569801,-0.36215618,0.17563081,0.4413482,-0.07857615,0.7318011,0.635084,0.043651387
-0.3934613,0.07295475,0.71639705,-0.28155893,-0.43425998,-0.5357191,-0.4905016,-0.26151165
-0.26887137,-0.05995718,-0.53200984,-0.20326453,0.24908529,0.23322049,0.35178307,-0.091835946
-0.33382854,-0.24458207,0.44175708,-0.34157342,0.14303814,0.31811944,-0.015596243,-0.27835655
-0.427766,-0.16028859,-0.8862722,0.292284,0.23470198,0.17359994,0.2667909,-0.212946
-0.11378907,0.022962738,-0.5545244,0.74156487,-0.3832108,0.5873987,0.26068404,0.05120253
-0.30645797,-0.37045708,-0.29954833,-0.22414428,-0.08000237,0.8558625,0.42574877,-0.029284094
-0.40949833,-0.20245585,0.6065695,-0.3976044,-0.23674394,-0.17386882,0.19136055,-0.015889972
-0.36719698,0.0011128531,-0.50009835,0.49724853,0.18483737,-0.32167804,0.24756388,-0.12175573
-0.23751476,-0.2458882,0.29707837,0.3002907,0.44542524,-0.047137976,0.38593593,0.81643426
-0.10785204,-0.18541111,-0.4528001,0.38131297,-0.31040248,0.6005664,0.55238587,0.15309122
-0.48587555,-0.18971898,0.016235113,-0.055191398,-0.89223456,-0.04208172,0.07285842,-0.09975253
-0.31647658,-0.20600462,0.8303652,0.18690193,-0.3084121,-0.21707666,-0.021792118,-0.26533195
-0.29821366,-0.35831615,0.22411275,-0.72334754,-0.014597475,0.7318535,0.44347772,-0.1526324
-0.41731486,-0.24254286,-0.63506997,-0.4518991,0.14231205,0.23616695,0.4079609,-0.16824348
-0.5153175,0.00443839,0.3462659,0.034916162,0.46795818,0.5203273,0.45395482,-0.17321049
-0.34753874,-0.30828544,0.4867847,0.58918846,-0.8154785,0.24651061,0.24719398,-0.35051155
-0.7376085,-0.32844985,0.49441266,-0.2314161,-0.13379383,-0.0060216766,-0.06697456,0.11421633
-0.32340056,-0.12595837,-0.5390298,0.48481095,0.34498352,0.02570184,0.41084504,-0.14037696
-0.3403676,-0.21285282,-0.5446961,0.68435216,0.25965852,-0.38429677,0.2622154,-0.02593322
-0.39599583,0.020629648,0.017948031,0.6647248,0.0028618353,-0.39922285,0.22627026,-0.16302003
-0.44074306,-0.039650444,0.16242182,-0.6588036,0.25914025,-0.18736298,0.22281416,-0.14336921
-0.39091337,-0.23226832,0.63686717,0.63614774,0.18505055,0.17827415,0.34582162,-0.06904005
-0.10694,-0.15015061,-0.6251659,0.06513059,0.039799865,-0.6435801,-0.39046928,0.16822833
-0.49117053,-0.06177522,0.45483744,-0.8308547,-0.4544472,0.6380802,0.587413,0.2556348
-0.38917863,-0.1371772,-0.3888126,0.69191706,0.15514311,0.19054666,0.42612487,0.03301683
-0.3203445,-0.03364664,-0.18727982,-0.85256505,-0.1112166,0.72948164,0.51425683,0.03352593
-0.2582676,-0.25284076,-0.5259411,-0.49339157,-0.070774935,0.10156711,0.32843354,0.08724455
-0.2546404,-0.091411896,0.51410866,0.050988436,-0.7955083,0.26753056,0.29848245,-0.3738973
-0.26001015,-0.08012931,-0.029077888,0.5691556,0.18380964,0.53052527,0.35519576,-0.29163167
-0.42844325,-0.3623357,-0.49809295,0.0015493631,0.09559295,0.17226852,0.35329184,-0.15058972
-0.36846983,0.044453103,0.011440873,-0.33959645,0.33755302,-0.22132379,0.08183745,0.009760685
-0.21574545,-0.022939231,0.59012854,-0.44881815,0.32814738,0.2631499,0.36097404,-0.21969002
0.03511576,-0.17814837,0.16072547,0.5680436,-0.008214104,0.7539919,0.6603982,-0.03084532
-0.36740318,-0.08815889,-0.703482,0.096096635,-0.13596018,0.70515376,0.42577094,-0.024864627
-0.43253547,-0.0882228,0.4407904,0.3967842,-0.40928596,0.5820287,0.33609408,0.01221975
-0.3894774,-0.27037343,-0.9531343,0.047249675,-0.24460891,-0.5505926,0.35369998,0.3142848
0.0028157663,-0.114273496,-0.34654647,0.39216697,0.048135556,0.14134677,0.11552171,-0.22314523
-0.5993221,-0.10966025,0.115799785,0.4460609,-0.07615759,0.7799315,0.65634215,0.08186162
-0.36636242,-0.08672569,0.11863291,0.42921424,-0.031277064,0.7934734,0.38278922,-0.10368947
-0.3445091,-0.1362923,0.39923728,-0.5605129,-0.3150269,0.6829953,0.16334328,0.09269309
-0.4099157,0.27690148,-0.33710462,0.48259234,0.34275946,-0.30234903,0.27276155,0.11023304
-0.5191518,-0.16532815,0.18650353,0.83569884,0.4993645,-0.44669855,0.1400013,-0.018918287
-0.49587554,-0.40404898,0.005372882,-0.7483135,-0.20849459,-0.018565502,0.04902507,-0.22110458
-0.20590691,-0.18834062,0.66731834,0.021670818,0.09929847,0.2146272,0.22717153,-0.097642414
-0.44753426,-0.1887022,0.31402814,0.50338495,-0.058107674,0.813917,0.48606163,-0.05451061
-0.37640864,-0.20574257,-0.4954902,-0.77316225,0.0070410967,-0.38099426,0.23042333,0.36283606
-0.3178962,-0.347811,-0.42848396,-0.34878612,-0.80589694,0.095695525,0.11193018,0.23944539
-0.30241743,-0.36867857,0.8142992,-0.27809674,0.12092794,0.36877492,0.5750848,-0.2651079
-0.4837265,-0.16737436,0.121533036,-0.7982651,-0.21417792,-0.75796074,0.12389647,-0.06501869
-0.2553702,-0.11605509,0.51510024,0.12219286,0.30906057,-0.1596636,0.22919685,-0.22324237
-0.40364903,-0.06619034,0.56253076,0.3346839,0.5267462,-0.10554447,0.3350406,-0.68414927
-0.55733275,-0.28950432,0.4816208,0.59282637,0.43768024,-0.0934153,0.16050126,-0.19385222
-0.41818404,0.063144155,0.44128287,-0.0038781166,0.3304092,0.28754517,0.43564436,-0.050418187
-0.3806884,0.05238544,0.35488892,0.54812145,-0.41168007,0.6295179,0.45942786,0.24603769
0.85873586,-0.097223364,0.39257598,0.84268093,0.07821139,0.5312063,0.6241733,-0.25878933
-0.2303512,0.15711416,0.20637393,0.8420644,0.025788201,0.7840608,0.25333148,-0.14328094
-0.31227055,0.053035844,0.6735141,-0.16257489,-0.63698953,-0.5962943,-0.36576864,-0.11929234
-0.48322877,-0.3304532,-0.58316135,-0.28575128,0.38840646,0.057137843,0.16656938,-0.14650509
-0.35401258,-0.06220742,-0.36763078,0.7839128,0.077660576,0.14829947,0.33826798,-0.17729396
-0.61616653,-0.16617686,0.14542782,0.37287986,-0.41343307,0.7323957,0.48552635,0.2887636
0.01227699,-0.44199377,0.5290321,0.111296415,-0.12497877,0.78277326,0.42643118,-0.2096262
-0.3927197,-0.26442793,-0.5449223,-0.12328082,0.28895447,-0.13800527,0.48169848,-0.28141564
-0.63806313,-0.19672047,0.2828467,-0.0068876743,0.3685398,-0.45985243,0.029612714,-0.031094776
-0.2751489,-0.050307024,-0.13506418,0.6620058,-0.7848036,-0.60082704,-0.5093366,-0.1483656
-0.5683677,-0.21145442,0.6404283,0.20340145,0.40229475,0.24216916,0.36607072,-0.16219924
-0.42904687,-0.27825442,0.33588946,0.71600425,0.19725837,0.21290813,0.34828946,-0.12920852
-0.41883016,-0.24813613,0.07494426,-0.74159193,0.39940438,-0.13740358,0.3169539,-0.15806259
-0.3063065,-0.11229752,0.49772465,-0.2843194,0.284865,0.3381604,0.3957379,-0.2579917
-0.08771841,-0.119176574,0.24086583,0.7573533,-0.535748,-0.2647615,0.14085838,-0.18597698
-0.109116435,0.18363576,0.73498285,-0.06440085,0.1769143,0.02880319,0.30821463,-0.22406977
-0.53530455,-0.051143195,0.043198824,-0.5943578,0.23501678,-0.5426644,0.021569582,-0.08211074
-0.3935442,-0.27135015,0.87250805,0.2827145,0.37500545,-0.15787774,0.31593704,-0.13120948
-0.4842405,-0.16156492,0.7127619,-0.53600085,-0.39192867,-0.6694932,-0.32112554,-0.14448595
-0.46487287,-0.22620422,-0.013781667,0.75929856,0.26682535,-0.024262272,0.08463043,-0.2364466
-0.35635936,-0.20864888,-0.58211195,0.32563758,0.41699192,0.4368311,0.5101437,-0.27258787
-0.34865767,-0.21556027,-0.3517171,0.42733622,0.10632823,0.25074208,0.17398776,-0.2996407
-0.42823774,-0.29583016,0.48748815,0.61529016,0.42115676,0.24979219,0.32504928,-0.30327317
-0.4589067,-0.13433553,0.10053885,0.06655681,-0.39259115,-0.7558932,-0.009887212,-0.09074785
-0.6836475,-0.082268625,-0.656834,0.5812299,0.063633874,-0.6421818,0.09071434,0.003080178
-0.42737544,-0.34108338,-0.058095336,0.6636685,0.38915992,0.6371321,0.4845283,-0.21905857
-0.24337232,-0.07389046,0.14430106,0.4894936,0.074770354,0.11127069,0.13967796,-0.23821737
-0.45603415,-0.060080174,-0.004032612,-0.85222995,0.20462552,0.3264209,0.18567646,-0.28885564
-0.43604362,-0.13079299,-0.4324245,0.53804946,-0.1335081,0.8117012,0.60604304,-0.041179188
-0.23529743,-0.14912778,-0.32132912,-0.8666571,0.1452689,0.16142894,0.13184741,-0.41187766
-0.6009163,-0.19954194,0.38788807,-0.49902862,0.4219223,-0.45852154,0.13239555,-0.02882707
-0.5184333,-0.17437872,-0.31786805,0.30608368,0.60798466,-0.21347149,0.20904116,-0.18009527
-0.37848565,-0.119945504,0.40355086,0.26811743,-0.21014693,-0.2073002,0.25041246,-0.149335
-0.5967324,-0.047971997,0.661273,0.16408658,-0.15178047,-0.72351646,0.030284237,-0.13632989
-0.25740135,-0.16169548,-0.4009297,-0.37470102,0.009543331,-0.09789023,0.15738912,-0.19022867
-0.5796671,-0.0780207,-0.33757198,0.20437717,0.42417708,0.20876859,0.31564507,-0.15633744
-0.447372,-0.35087273,-0.7813375,-0.21123362,0.32848206,0.42591047,0.40283993,-0.11928093
-0.17384712,-0.3429222,-0.5231409,-0.8034303,-0.017137444,0.00028662765,0.01847132,0.13086767
-0.64623785,-0.10593497,-0.43076038,0.6443323,0.5328047,-0.36572054,0.13596536,0.11083293
-0.6352483,0.038305346,-0.033031642,-0.029467165,-0.5691081,-0.6068307,-0.3313541,-0.028992588
-0.29606408,-0.27742168,-0.21526498,-0.8032576,-0.32314923,-0.08741543,-0.15287367,-0.17447512
-0.36961412,-0.15671761,0.88204384,0.21590626,0.015894882,0.22983241,0.005129751,-0.45421502
-0.38888583,-0.18937834,0.5786128,0.48976326,0.3897889,0.50102204,0.435595,-0.16294895
-0.44289878,-0.1466456,-0.800887,-0.06369227,0.30134204,-0.16550392,-0.2650227,-0.047692996
-0.3953887,-0.06609676,-0.5390298,0.48481095,0.34848422,-0.002973842,0.32280836,-0.10114938
-0.525581,-0.20327982,-0.37943625,0.35828078,0.36708406,-0.12342571,0.27023572,-0.21681327
-0.28510228,-0.15807605,-0.15746033,0.30159068,-0.2884443,0.71539664,0.39337265,0.06984364
-0.2700672,0.068771176,0.9532497,0.11431694,0.3232503,-0.30713063,0.244379,-0.17020582
-0.3086125,0.0079182135,0.56776655,0.2621392,0.23660947,0.15259878,0.3395643,-0.13982923
-0.33165786,-0.040570896,0.3972237,0.7324163,-0.20397851,-0.04258162,-0.10866252,-0.48558626
-0.38560426,0.07380717,0.2576145,-0.1295687,0.35420313,-0.25818476,-0.020562073,-0.4163379
-0.00863743,-0.29798293,-0.25805748,0.3303404,-0.3870015,0.5138118,0.040212117,-0.13024758
-0.34958476,0.20733987,0.48568058,0.057401896,-0.10179344,-0.60050005,-0.09236987,0.0036080866
-0.5050141,-0.12942784,-0.58331406,0.058228135,0.03859139,-0.4645225,0.15530956,-0.114118345
-0.29541945,-0.42385086,-0.2575168,0.5597216,0.27463794,0.309393,0.3036268,-0.20587294
-0.4724056,-0.23679854,-0.60000634,0.11409664,-0.22654015,-0.12773225,0.26193985,-0.21660984
-0.5094085,-0.17918025,0.90082836,-0.31704158,-0.8727016,0.12372073,0.17985757,-0.18476877
-0.13996123,-0.10638993,-0.6234836,0.7207836,-0.06514933,0.7230629,0.65322626,-0.13003846
-0.29259995,0.07469226,-0.15076733,-0.9381412,-0.056940675,0.17885976,0.46328703,-0.11309956
-0.59068644,-0.18494467,0.82962835,0.35941255,0.30545157,-0.23777495,0.109536245,-0.10910308
-0.21942787,-0.16424255,-0.4604264,0.77198124,0.19415554,0.27381575,0.11530709,-0.27334547
-0.3301785,-0.2451815,0.010535955,0.6581031,0.18942007,0.20620547,0.26418537,-0.12608896
-0.37271422,-0.14960888,0.47311962,-0.8832289,-0.4890749,0.5195653,0.5760129,0.25130728
-0.35554102,-0.12003662,-0.5971373,0.16324282,-0.17660774,0.8207078,0.66129655,-0.008516693
-0.29842073,-0.13918868,-0.50019115,-0.62981045,0.00057179836,0.25719446,-0.03635459,-0.432041
-0.34039602,-0.27140212,-0.28408617,0.7550783,-0.022071585,0.8486907,0.4696009,-0.009086336
-0.3817401,-0.05101337,-0.59993136,0.36373842,0.34541553,0.3467605,0.40375805,-0.14046863
-0.38201094,-0.27654603,-0.33213633,-0.34592408,-0.007899895,0.059847333,0.20169742,-0.07318823
-0.1691701,-0.25056615,0.08187616,0.9023285,0.18611813,0.31214485,0.23254405,-0.50688875
-0.37072286,-0.22634037,-0.090893865,-0.74609864,0.19463627,0.3046525,0.34993395,-0.19560517
-0.3775115,-0.08569853,-0.52512383,0.5103673,-0.66511476,0.41228816,0.6455754,-0.05222047
-0.31390807,-0.025040586,-0.5191133,-0.028880358,0.12326267,-0.42715886,-0.0055128643,-0.16688097
-0.21573219,-0.030514326,-0.45774627,0.18352449,0.37927407,-0.33226377,0.110480174,-0.029618211
-0.58343214,-0.31983602,-0.08757293,-0.54747105,-0.27664194,-0.798884,0.014344878,-0.11044911
-0.39116317,-0.15193102,0.5344372,0.47231424,-0.34966698,0.043435697,0.2183317,-0.24750283
-0.34387818,-0.22873603,0.5339196,-0.5197687,-0.26418313,0.71992683,0.592784,0.070483476
-0.47877002,0.03590784,-0.59106493,-0.2928635,0.0048554162,-0.10993449,0.10960563,-0.069754444
-0.57783,-0.2641618,-0.005216539,0.64040446,0.3257471,0.07817679,0.3320602,-0.20413435
-0.55635476,-0.29408932,-0.020046532,-0.21880335,-0.8689984,0.1205151,0.13656628,-0.047831498
-0.0071584005,0.1261818,-0.10186446,-0.67394054,0.09112185,-0.49023402,0.19667415,-0.0076783686
-0.3645457,-0.13623223,-0.68334097,0.13753164,0.20141846,-0.35315633,0.14796159,-0.08880955
-0.37638998,-0.067369565,-0.07564312,0.22523212,-0.36075938,-0.68759316,-0.10007606,-0.15230206
-0.49921295,-0.072604306,0.11909342,-0.71327734,-0.78025305,0.3539277,0.33664963,0.058350556
-0.3715278,0.17202316,-0.93433344,-0.0958451,0.40140274,-0.44629446,0.22657974,-0.21401797
-0.43912262,-0.14752814,0.5338321,-0.11537343,-0.190301,0.020718722,0.20730485,-0.14783113
-0.38469568,-0.13968776,-0.36315423,-0.6782528,0.19771102,-0.46476433,0.32222012,0.22150294
-0.34207195,-0.20340608,-0.8715756,0.22198915,0.3404026,-0.10006407,0.13441858,-0.17281602
-0.44230714,-0.33035338,0.42672694,-0.63651055,-0.1238948,0.72425294,0.6195324,0.03257687
-0.45320886,-0.002494286,-0.29829413,0.5481832,0.42804304,0.35589677,0.49611482,-0.20291574
-0.45371047,-0.30797943,0.24186575,0.565341,0.322109,0.35234267,0.39379755,-0.22689879
-0.4064581,-0.22224025,-0.32701576,-0.7989366,0.40134233,0.23675942,0.39232534,-0.18286365
-0.34908286,-0.17608866,-0.6090406,0.5130991,-0.040379673,-0.16281547,0.323534,0.05780579
-0.28054583,-0.13085432,0.4618348,-0.62475747,-0.048399962,0.656058,0.69590706,0.041904207
-0.36269096,-0.27896288,-0.50350034,-0.28071153,0.17298664,0.30505377,0.1610885,-0.36091506
-0.30959627,-0.17509522,0.29601288,0.5857495,0.17964858,0.25018114,0.17487858,-0.24799913
-0.3930279,-0.2408722,0.57622683,0.20578837,0.1774508,0.15068254,0.27321824,-0.1688154
-0.36329415,-0.2610022,0.044541,0.060730934,0.24465755,0.15270476,0.24562733,-0.44365808
-0.31747565,-0.14968185,-0.32799906,-0.8626888,-0.03443173,0.41992208,0.22271639,-0.05285879
-0.5703561,-0.017545756,-0.9691035,0.024705648,0.44688618,0.20691648,0.4229201,-0.12813868
-0.5097941,-0.19830532,0.21362686,-0.70419514,0.3909986,0.59210545,0.5143572,-0.22852945
-0.40134963,0.14339958,-0.55174494,0.7043874,0.20157105,-0.10766242,0.25011203,0.04488861
-0.3114399,-0.07178679,0.51994157,0.53661,0.08627929,0.14936675,0.26710114,-0.19648707
-0.089451954,-0.16940558,-0.9484025,0.1286732,-0.39220205,-0.23304516,-0.30264074,-0.27548376
-0.36236387,-0.006057958,-0.17567247,-0.40669537,0.10862971,0.665001,0.39967707,-0.15196973
-0.3508413,-0.1613113,0.24805534,0.686507,0.22730939,0.20342036,0.32159352,-0.018738503
-0.6687154,-0.06618892,0.56157744,0.31746483,0.28280473,-0.5632183,0.0652505,-0.071561076
-0.37924713,-0.23353973,-0.58095676,0.3604163,-0.012184659,0.80484307,0.51544493,-0.23563986
-0.6748861,-0.035577495,-0.08175409,-0.7047191,0.33753663,-0.5466061,0.03570022,-0.5181504
-0.45161405,-0.19939682,-0.8714379,0.30944502,0.46032736,0.21373679,0.34009787,-0.10517497
-0.11526896,-0.20277388,0.8413942,-0.16830361,-0.09742113,0.61981374,0.553538,0.091272235
-0.42318097,0.103326194,-0.24158007,0.64779556,-0.5408124,-0.55945826,-0.13289885,0.07537027
0.043435585,0.17345546,-0.33253086,-0.37503463,-0.34879932,-0.14610694,-0.26146305,-0.4356919
-0.46446303,-0.034863967,0.23526359,0.683882,0.30217442,0.20645191,0.3854537,-0.09825837
-0.6564026,0.2576541,-0.016024292,0.3304267,0.25611934,-0.4362546,0.30161613,0.08132551
-0.42295823,-0.28382102,-0.78884274,-0.40178692,0.29391277,-0.04883108,0.3115536,-0.21532077
-0.4961436,-0.18541025,0.108486295,0.7758846,-0.12842204,-0.68320054,0.0012110656,-0.10292937
-0.56658894,0.20090957,-0.43095076,-0.63521934,0.7719452,-0.35394934,-0.4842184,0.39751607
-0.54596704,-0.16843061,0.42432964,0.5163077,0.6817294,0.049395982,0.31224978,-0.08520823
-0.44128546,-0.26217097,0.75402915,-0.23287058,0.37587267,0.35688075,0.34764454,-0.24545783
-0.46667543,-0.0064459546,0.63652587,-0.576063,0.18133737,-0.48846766,-0.12538001,-0.2886841
-0.60898054,-0.1004401,-0.59202284,0.042430997,0.26491004,-0.534817,0.27065262,-0.08569644
-0.3917213,-0.25378582,0.19369364,0.46656322,0.100927114,0.49077228,0.11691194,-0.24264243
-0.34899798,-0.12366052,-0.3786193,-0.6843379,0.019663014,0.09960888,0.1885329,-0.007919518
-0.8137922,-0.2268185,0.55457413,0.7497239,0.34159398,-0.53306353,0.089551784,0.35579276
-0.3190063,-0.16382833,-0.0883252,-0.5601227,-0.23560198,0.10794582,0.36957726,-0.18699159
-0.42770046,-0.069774814,-0.122240484,0.6189519,0.34693342,0.5806639,0.48859715,-0.16056238
-0.7651483,-0.24709944,0.05187857,-0.60105467,-0.23514499,-0.5131424,-0.17680505,-0.194838
-0.37101427,-0.07040221,0.60710275,-0.41733623,-0.50691515,-0.665024,-0.5087022,-0.1238886
-0.3928018,-0.12520768,0.1768601,-0.9600434,-0.3010176,0.7480614,0.2873902,0.07074809
-0.40398353,-0.29140744,-0.58303523,0.35569537,-0.13137725,0.10073481,0.2888988,-0.25699347
-0.08061683,-0.21616285,0.3414836,-0.73576427,-0.09144113,0.7063759,0.65363187,0.05751624
-0.22266492,-0.25638047,0.49242735,-0.70724654,-0.4415739,0.63247085,0.3852526,-0.04267166
-0.15810521,-0.061118286,0.18181717,-0.7062644,0.12742119,0.14569189,0.64745027,-0.5138189
-0.44687974,-0.08371637,-0.8266491,-0.39063954,0.33448255,0.040269993,0.32948238,-0.09031927
-0.38408515,-0.19923358,0.6496335,0.14102066,-0.15158992,0.37336946,0.25283515,-0.19582188
-0.19364904,0.004819219,-0.90694064,0.36120415,-0.08022684,0.7657491,0.42980686,-0.09813093
-0.18530451,-0.07169325,0.3560573,-0.7980598,-0.21447927,0.71508855,0.3422672,0.035876073
-0.14955404,0.10377254,-0.8231751,0.22909307,-0.0914365,-0.4328254,-0.020144459,-0.21089299
-0.32021508,-0.17765278,-0.7662214,0.6188344,0.2981586,-0.31217045,0.44902807,-0.29535332
-0.28670463,-0.1747316,-0.3875988,0.1852622,0.39142725,-0.2587266,0.34526905,-0.13410155
-0.4973035,-0.059215505,0.008595467,0.049226403,-0.17216931,0.82723933,0.42672336,0.09096561
-0.20110406,-0.3057468,-0.3794902,-0.81873775,0.18554796,0.40756717,0.1853095,-0.44939288
-0.282833,0.095385574,0.42870665,-0.5701062,-0.44426587,0.4816256,0.30100647,0.14531684
-0.3278142,-0.3868907,0.746032,0.5203718,0.20461382,0.2695838,0.3866436,-0.20968889
-0.13708383,-0.05478188,0.49032438,-0.8589041,-0.27722755,0.6627181,0.59621626,0.25750166
-0.35839272,-0.18756044,0.47570884,-0.55118775,-0.30556342,0.71059257,0.5664669,0.1305905
-0.45812646,-0.07205059,-0.051724076,0.65210056,-0.048951216,0.7229467,0.6538216,0.07220616
-0.6295997,-0.13338384,0.92871714,0.281973,0.37925076,-0.46523252,0.006197777,-0.07893681
-0.34821177,-0.18950196,-0.27336347,0.32925725,0.30883422,-0.4450006,0.25492963,-0.0653399
-0.46972385,-0.19965288,0.0689652,-0.012275517,-0.1788251,-0.6584133,0.082598716,0.061479818
-0.060705233,-0.22872008,0.82817805,0.089817405,0.049020268,0.24978426,0.350001,-0.09679962
-0.18222196,-0.1853134,-0.5848935,-0.27928472,-0.0887851,0.7777175,0.49536797,-0.13129216
-0.51802284,-0.17265089,0.33644688,0.7095113,-0.6695097,0.43351847,0.60500157,0.086277835
-0.34976476,-0.17313655,0.88204384,0.21590626,0.03615144,0.23765159,-0.0052036606,-0.4729834
-0.56538945,-0.44199863,-0.33211625,-0.26840717,0.45586738,0.0179788,0.17645766,-0.44837558
-0.09255852,-0.4317526,-0.5390514,-0.73767304,0.18655448,-0.43074682,0.5082248,0.28421444
-0.34661475,0.032291982,0.25037134,-0.63566256,-0.24560088,0.63173497,0.23305877,-0.14020903
-0.26196086,0.027923826,0.3080815,0.7992734,-0.38250262,-0.4545561,-0.16758044,0.12559731
-0.32232204,-0.13638559,-0.37359947,-0.8561154,0.25976965,0.123399876,0.42604282,-0.10369452
-0.33566222,-0.11266531,-0.044183612,0.75930476,0.40947595,0.25312933,0.43277404,-0.2405956
-0.39407223,-0.27771536,0.68234444,-0.6351738,-0.304013,-0.6832903,0.11382074,-0.08638133
-0.5801218,-0.14012988,0.21128714,-0.8265928,0.2102576,-0.07948046,-0.22795048,-0.1390204
-0.38095593,-0.19212662,0.3370242,-0.8267566,0.107248284,0.24491727,-0.0258232,-0.18300332
-0.3426918,-0.15677156,0.88221943,0.3018459,0.14008217,0.25071523,0.19756222,-0.2132276
-0.411194,-0.082029335,-0.8562219,-0.14382029,0.16933557,-0.46124667,0.3020098,0.16231456
-0.3986057,-0.27969402,-0.21617466,-0.84302044,0.27936313,0.31299657,0.3345565,-0.21215715
-0.021769928,-0.06630818,0.23234606,0.51658475,-0.11817088,0.63721323,0.7136067,0.0114637455
-0.3373397,-0.27949446,-0.64687955,-0.70245445,0.22861084,0.34978774,0.13611941,-0.4672683
-0.16903767,-0.38166887,0.5180546,-0.41929114,-0.03485681,0.8654955,0.4184525,-0.05411712
-0.12783287,-0.046933193,-0.24716407,-0.73135746,-0.18273957,0.65092474,0.43019933,0.02720808
-0.32052493,0.026941244,-0.53321093,0.3129021,0.55583173,0.011833075,0.2632584,-0.1850236
-0.27845204,-0.06649995,-0.40447503,-0.8239613,-0.09263623,0.7784849,0.5164049,0.03765005
-0.43072528,-0.06044996,-0.45524567,-0.006078303,-0.45197916,-0.6590707,-0.5761977,-0.018245272
-0.33410406,-0.15027246,-0.2382071,-0.7757759,-0.5042992,-0.50936174,-0.23105846,-0.016109923
-0.38255784,-0.19350393,0.8725258,-0.0026881695,-0.3428809,0.5803563,0.2880983,-0.16071507
-0.38409188,-0.1765904,0.05923724,0.62063134,-0.08453565,-0.42346293,0.13111602,-0.17863682
-0.65254366,-0.30602556,0.05905342,0.6935446,0.5404767,0.2693038,0.42741516,-0.15297088
-0.45001295,-0.35488644,-0.840723,-0.29278797,0.212673,0.27174273,0.24983917,-0.3312672
-0.41534904,-0.20214158,-0.1647008,0.6355982,-0.4787342,-0.2737762,-0.23573178,-0.0541343
-0.3627266,-0.011363621,-0.32307345,0.062692404,-0.13431601,0.10286407,0.2753015,-0.25964668
-0.4209473,-0.3108245,0.3061117,0.65432763,-0.070009485,0.7680688,0.6463536,0.052480686
-0.40048704,-0.23975267,-0.23353523,-0.27174222,0.410708,-0.10831035,0.23596185,-0.5036957
-0.21436977,-0.19373672,0.4285617,0.7272167,-0.13891958,0.653913,0.3785991,-0.045322925
-0.46786252,-0.22485006,0.6645644,-0.026083946,0.051954046,0.37621197,0.41856807,-0.3060532
-0.44835627,-0.0681125,-0.9333425,-0.0916248,-0.039345603,-0.74017155,0.14000289,-0.19026546
-0.3776537,-0.10971937,0.14789057,-0.8315635,-0.3328307,0.7565617,0.51541907,0.12854043
-0.66396666,-0.039107006,0.5520456,-0.7453189,0.33634335,0.18471964,0.30611217,-0.06994578
-0.0834475,-0.3091604,0.8337089,-0.16941786,-0.09594811,0.7253484,0.671267,0.06537938
-0.5551855,-0.045023616,-0.5354587,-0.6719323,0.2961148,0.064435445,0.32152635,-0.27477
-0.46186706,-0.050040577,0.51359665,-0.20493186,-0.24777035,-0.4922696,-0.18161564,-0.49066305
-0.071183935,-0.32385972,0.56017435,0.6909163,-0.1334666,0.2610106,0.18394113,-0.3499414
-0.6091221,-0.25073868,0.7201179,-0.16333848,-0.0873408,-0.1080138,0.094895974,-0.34721568
-0.3155232,-0.1298457,0.20408416,-0.01714164,-0.32036045,0.7313656,-0.54377353,-0.18872595
-0.40422243,-0.041273255,-0.3588097,0.6969156,0.0062357886,-0.5901107,-0.029511217,-0.11313502
-0.28872404,-0.2507671,0.7480447,-0.3825078,0.1894848,0.14473897,0.20082231,-0.13989423
-0.43096474,0.017546881,-0.26776844,0.6462499,0.30666587,0.18625024,0.42157117,0.022694776
-0.23915944,-0.30236575,0.45573997,0.06620705,-0.6286594,0.3674222,0.47991997,0.15747426
-0.28748038,-0.04419418,-0.90019137,0.40840852,-0.36294144,-0.09230797,0.34831125,-0.10181469
-0.5651666,-0.026331697,0.25701976,-0.9383884,0.370045,0.55614,0.22222055,-0.15361415
-0.23496383,0.08277436,-0.6478206,0.10745311,-0.072870344,0.120351724,0.013029404,-0.46203616
-0.5422095,-0.052675646,-0.12534285,-0.74379015,0.621486,0.2863973,0.39721525,-0.20379293
0.64557713,-0.7800733,0.4265517,-0.6281315,-0.12739685,0.5690041,0.059594583,-0.4388729
-0.12765367,-0.09342324,0.92673886,0.3705802,-0.119605705,0.7282965,0.31756008,0.003983801
-0.17630903,0.35592476,-0.35612774,-0.36808318,0.20008397,-0.32922274,0.082705624,0.47908714
-0.42945856,-0.36716548,0.29097128,-0.4614988,-0.10959223,0.48664522,0.4621133,-0.2726211
-0.6171461,-0.32537466,0.022209644,-0.025785446,0.21037696,0.25460345,0.40035737,-0.2052501
-0.0843119,-0.118848145,0.26752043,0.33249497,-0.6257429,-0.54265344,-0.34163076,0.25163075
-0.020673962,-0.17774713,0.32864976,0.53714514,-0.19160531,0.6036332,0.610488,0.08159479
-0.3949626,-0.10172548,-0.7344756,0.120603085,0.18809646,0.12455423,0.32425347,-0.117649086
-0.27317888,-0.116105385,0.5376346,-0.69039786,-0.4896399,0.54291844,0.343389,0.042138822
-0.40732345,-0.16758946,-0.03773302,0.6130363,0.30700827,0.08684751,0.31513083,-0.08659375
-0.55461425,-0.25157666,0.61766577,-0.48130214,-0.26627275,-0.76905596,0.13218756,0.2794314
-0.4914303,0.0972436,0.27785087,-0.3440795,0.18271016,-0.09585197,0.21089023,-0.24671176
-0.012347223,-0.26271245,0.4438982,-0.8697802,-0.18689178,0.7432314,0.6948661,0.28238633
-0.1724523,-0.22588854,-0.9350556,0.3027171,0.15235966,0.2846217,0.47265843,-0.15785094
-0.47879997,-0.03899001,0.6427232,0.07630718,0.45973638,-0.21328628,0.05092454,-0.034317307
0.0050067734,-0.106723994,0.15749383,0.51700044,-0.26065785,0.61732244,0.420606,0.12662727
-0.35510316,-0.046781104,-0.046869636,-0.52767575,0.04742494,-0.41902193,0.011308093,-0.12965187
-0.09511471,-0.223263,0.27116048,0.21620107,0.37214318,-0.066106774,0.37013096,0.77853703
0.029938592,-0.2646365,0.8278004,0.30863643,-0.10835091,0.69882566,0.70368594,0.040739555
-0.5932341,-0.28385806,-0.7458046,-0.038113832,0.032007266,-0.3631731,-0.31895435,0.011445364
-0.15029442,-0.116212755,-0.63652444,-0.4895205,-0.07451955,0.2209109,0.099177524,-0.17230892
-0.2653221,-0.1775038,0.63174474,-0.0767259,-0.13366103,0.07240297,-0.0659357,-0.3519996
-0.5123276,-0.031357113,-0.1920951,-0.09255046,0.3466772,-0.4069563,-0.02467765,-0.23282097
-0.56103057,-0.1773503,0.6609583,0.037994027,-0.06475136,-0.65029466,-0.101568975,-0.1723046
-0.3066514,-0.27747232,0.20989442,-0.70426464,0.0998648,0.5512012,0.40402472,-0.22904256
-0.4458255,-0.012361,-0.8790297,0.2516048,0.37808782,-0.45784643,0.11114916,-0.15672511
0.20200904,-0.4294583,0.24556386,0.5272194,-0.62010807,0.33090732,0.71242225,0.17919207
-0.41681436,-0.1650064,-0.8410686,0.30820847,0.24948533,-0.24786086,0.036993165,-0.038802017
-0.4497979,-0.017094564,-0.22347665,0.54572904,-0.28837332,-0.087981194,0.29914585,-0.15150358
-0.45163172,-0.25972566,-0.615779,-0.46658742,0.18109715,0.24214175,0.421177,-0.13576761
-0.32034037,-0.22104089,-0.72951543,-0.28040153,-0.8755319,0.34764102,0.4793671,-0.27517352
-0.052467365,-0.3250608,0.52926254,-0.7283877,0.27003142,0.7197279,0.44583613,-0.20404978
-0.18401904,0.07100678,0.5261384,0.37585115,-0.23931202,-0.12657969,-0.023639997,-0.09739403
-0.27586925,-0.08186008,0.2854718,0.75750446,-0.21527898,-0.7948551,0.044359807,0.09223922
-0.38721135,-0.019167807,-0.118249536,0.8738811,0.3707358,-0.44935688,0.36983392,-0.15985519
-0.31450883,-0.024148133,-0.26948237,-0.78141534,0.5207297,0.41637275,0.45771322,-0.15489206
-0.22574662,-0.16910373,0.29763353,0.6511564,-0.05281818,0.7994424,0.499475,-0.08010073
-0.2927404,-0.24060148,0.06945288,-0.55578303,-0.77535784,0.347931,0.3274508,-0.24329282
-0.47108316,-0.040509034,-0.6774272,-0.14975542,0.45471364,-0.29109386,0.21956992,-0.13031597
-0.36357856,-0.37954602,0.10458434,0.45425534,0.3507847,0.46766025,0.44725645,-0.064053655
-0.23176956,-0.16056405,0.20620918,0.084700465,0.4456183,0.2088328,0.3621995,-0.16350402
-0.065243825,-0.1601741,-0.8996957,0.24898505,-0.19764067,0.69236076,0.532898,0.08424112
-0.70996577,-0.024368148,-0.5504072,0.040781498,0.16187099,-0.6695265,-0.44187343,0.22291395
-0.38269252,-0.056929816,0.18815923,0.8057015,-0.08354819,-0.5814821,-0.03574607,-0.12109179
-0.19557542,-0.4290497,0.73555076,-0.38549548,-0.2072007,0.7325989,0.33237064,-0.11040917
-0.6775444,-0.13653122,0.13192785,-0.6020907,0.26891366,0.17055807,0.123800576,-0.35575002
-0.25176385,-0.06274404,-0.21518046,0.6544502,-0.77647334,-0.5813039,-0.5183048,-0.13310148
-0.37605187,-0.15114695,0.058620453,0.85077,0.3931051,0.2949818,0.4036153,-0.27785927
-0.44631273,0.0104844915,0.6399094,-0.3470909,0.18909611,0.25861382,0.46875593,-0.1475367
-0.3490324,-0.16447395,0.49674368,-0.46564996,-0.68757194,0.3943318,0.49260002,-0.3399036
-0.24007076,-0.29146796,-0.10622102,0.4928379,-0.3294407,0.020869838,0.11182776,-0.23890765
-0.12546499,0.05760205,-0.13466382,0.6428063,-0.65684336,-0.43222684,0.32038155,0.43276602
-0.54554564,-0.13516453,-0.13843107,0.54580784,-0.18124498,-0.7277631,-0.060007963,-0.097033136
-0.35418174,-0.12428143,-0.038428664,-0.1561324,-0.29106086,0.6738071,0.16705938,0.09380367
-0.14921857,0.014631529,0.7186475,-0.37218642,-0.2507351,0.6566304,0.5757585,0.25926253
-0.14166236,-0.13497664,0.6468842,-0.14706904,-0.02856841,0.1053818,-0.13176297,-0.39984244
-0.54052055,-0.36954618,0.46162093,0.599851,0.44241747,0.3721441,0.39111215,-0.24792162
-0.42457086,-0.11862182,-0.6008374,-0.00058603287,-0.22308463,-0.71160537,0.19683021,0.04580382
-0.1579929,-0.26168478,-0.3235399,-0.75325173,-0.8032208,0.39286137,0.23922263,-0.3724893
-0.39695263,0.037137482,0.13333082,0.8235644,0.20285846,0.3796422,0.37938488,-0.20788045
-0.38914225,-0.37350598,-0.31191212,0.70426667,0.3615718,-0.08075245,0.06946577,-0.1795295
-0.23750259,-0.31951058,0.79628086,-0.5219188,-0.04423355,-0.6052429,0.2677972,0.54302174
-0.35730848,-0.16535908,0.4425876,0.22176695,0.2864279,-0.074534304,-0.119585566,-0.0161131
-0.6662469,-0.17507187,-0.30613756,0.6625403,0.5731938,-0.32011527,-0.5341876,0.49047413
-0.7439351,0.026466165,0.54890037,-0.39632744,-0.24062218,-0.5366623,-0.544545,-0.3227248
-0.23329166,-0.14438012,-0.0029441714,0.5214299,0.1551896,0.21630417,0.12985174,-0.29866022
-0.43263412,-0.13666864,-0.87633395,-0.017922401,0.3806904,0.43112606,0.51416975,-0.1720016
-0.5131809,-0.0235991,-0.2810815,0.26831698,0.34593314,0.28838518,0.47776255,0.013870337
-0.2408686,-0.15891649,0.14362574,-0.80230933,0.1247533,0.09363328,0.12857673,0.19045791
-0.38120842,-0.23835437,-0.88302135,-0.35774314,-0.22125936,0.7401651,0.29179344,-0.004989908
-0.5156091,-0.12925513,0.1407547,0.9026618,0.3470453,0.24398074,0.36619055,-0.26745507
-0.27391258,-0.2827591,-0.18385416,-0.86055756,0.062323187,0.18539944,0.011456701,-0.22744729
-0.44109946,-0.15011549,-0.2982065,-0.1933018,0.50456434,0.25088286,0.4309468,-0.18472758
-0.64906156,-0.1912253,-0.4529699,-0.8124726,0.5591136,0.36935768,0.23312964,-0.09558175
-0.5163309,-0.29227725,-0.76453364,0.6334852,-0.22311684,-0.1466993,0.20659308,-0.13485923
-0.38101417,-0.12758905,-0.53638035,-0.24204868,0.16795753,-0.46954092,0.06366889,0.20696929
-0.5678318,-0.19355558,-0.15788126,0.60953534,-0.8352104,0.14084865,0.18830469,-0.01633438
-0.36041272,0.052956183,0.57779765,0.15857935,0.35416287,-0.3127377,0.08017918,-0.17159608
-0.23352432,-0.1447529,-0.3913349,-0.8147441,-0.121473625,0.88005686,0.6010562,0.044400882
-0.29442236,-0.23943882,-0.25574607,-0.73451185,0.24799062,0.40867674,0.31691873,-0.16724534
0.12127061,-0.22501475,-0.32583296,0.23739576,-0.087092176,-0.16604094,-0.16566697,-0.14415333
-0.46055898,-0.27117667,-0.6896351,-0.253892,-0.12739943,-0.30174217,0.19688208,-0.21238428
-0.39450532,-0.21446908,-0.11094099,0.6334566,0.19027545,0.08110814,0.30503076,-0.20129669
-0.35680142,-0.07150498,0.8786222,-0.011011958,-0.21483462,0.71334624,0.27355856,0.045214776
-0.42987844,-0.20044556,-0.78038466,-0.3003595,-0.053471208,0.16402923,0.32622775,-0.01857372
-0.14771447,-0.13884906,-0.61102426,0.16467893,-0.35974187,0.66124195,0.47069895,0.1535892
-0.37721688,-0.181806,-0.55368483,-0.21184826,-0.11474996,0.81373256,0.57831234,-0.04069622
-0.5388697,-0.15137057,-0.85930234,-0.116226375,0.39503878,0.34568843,0.42636994,-0.17188108
-0.30095235,-0.29079637,0.29916954,0.54291904,-0.0897891,0.749851,0.5400253,-0.023814296
-0.19426422,0.12041967,0.50354016,-0.7899047,-0.5424302,0.7540151,0.7014296,0.20853363
-0.5920727,-0.373308,-0.36181617,-0.75247514,0.43852714,0.49658653,0.56402975,-0.119323716
-0.5175932,-0.07082302,0.2566749,-0.24896431,-0.3139488,0.8126413,0.5654538,0.06618241
-0.23275334,-0.1781565,-0.88105565,-0.35587287,-0.10027657,0.65125525,0.38392228,-0.0753955
-0.18657137,-0.29412934,0.18727553,-0.71689963,0.26981843,0.24509628,0.30069062,-0.29019278
-0.19218253,-0.1582847,-0.83994174,-0.42614883,-0.35783118,-0.12879594,-0.04829483,-0.3880298
0.08413024,0.020853613,-0.36697286,-0.6288369,-0.10376018,-0.15101309,0.8764368,0.13552445
-0.14608012,-0.17523088,0.93780506,0.074445724,-0.60724777,-0.55308825,-0.09185402,-0.1848781
-0.38890383,-0.1990849,0.1875093,0.58775043,-0.083548665,0.8087378,0.40870342,-0.10250077
-0.43108734,-0.18397002,-0.46994722,-0.62724936,-0.48750666,0.4353192,-0.49541318,-0.1655838
-0.47594327,-0.10171475,-0.54125404,-0.34525037,-0.38566625,-0.22167084,-0.37749425,-0.4418476
-0.37470073,-0.10886806,-0.26790506,-0.70891714,0.3499343,0.22286151,0.50937724,-0.15198621
-0.435136,-0.3361525,-0.23819393,-0.13721532,0.020114925,0.76578933,0.4206116,-0.084268466
-0.26550293,0.087860785,0.78235817,-0.06443238,0.47328898,-0.07418956,0.3274013,-0.13090998
-0.22892581,0.01220492,-0.30088866,-0.8578955,0.1114505,0.2441936,0.055516046,-0.25971052
-0.34510005,0.010579978,-0.3083542,0.46995974,0.014202874,-0.28482202,0.15081236,-0.0732904
-0.44953105,-0.10341878,0.1744014,0.8259506,0.45727882,-0.32148954,0.14798835,-0.048274472
-0.58857757,-0.32158786,0.19346035,0.5029557,-0.2227777,0.74439967,0.5687899,0.11422004
-0.21352033,-0.3955826,0.082747936,-0.77052134,0.12790875,0.35382935,0.17153937,-0.31354165
-0.08641015,-0.14951941,0.4439398,-0.87675357,-0.21118338,0.7632605,0.61131316,0.16433889
-0.05816627,0.008345549,0.1822089,-0.80867624,-0.6538264,-0.19115278,-0.23658083,-0.56940585
-0.48119816,-0.05937064,-0.88411236,-0.3868112,0.27175033,0.23530863,0.27299306,-0.17823724
-0.06966698,-0.5251574,-0.5865937,-0.5661274,-0.40412566,-0.18245088,-0.10065514,-0.14332418
-0.24966772,-0.17386603,-0.41861206,-0.7429117,0.11904043,0.24874769,0.28084615,-0.09004644
-0.09344536,0.102130316,0.12066615,-0.83973515,-0.5588436,0.42929065,0.34872693,0.30483174
-0.32836288,-0.2568091,-0.5770397,-0.26117438,0.24278699,0.62011635,0.42770457,-0.07841771
-0.39236,0.059824053,-0.86025167,0.30780745,0.07237978,-0.37750435,0.15506047,-0.036583785
-0.18601762,0.09634932,0.35917842,-0.02127248,-0.33034122,0.7724624,0.18727168,-0.05881138
-0.24899954,0.002163072,0.6017275,0.49191844,0.0698525,-0.29911542,0.32995573,-0.12339723
-0.46950173,-0.09690922,0.7686397,-0.6303231,-0.22511089,-0.8888251,0.16537738,0.11243468
-0.17419973,0.02467135,0.3306141,0.7052958,0.042996652,0.15363066,0.30799764,-0.1869504
0.010514183,-0.3050988,0.28803885,-0.36918002,-0.349827,0.5352463,0.1685019,0.13841076
-0.106134936,-0.15029994,0.04989314,-0.7607554,0.00071838056,0.21995129,0.0893871,-0.3870328
-0.45523545,-0.19260138,-0.30281484,0.6125809,-0.014046489,0.16980216,0.32368895,-0.1403694
-0.3623375,-0.048300188,-0.5084372,0.4976387,0.17877203,-0.31205449,0.18441534,-0.23458876
-0.12262219,0.26964983,0.104210734,0.5454612,-0.0024629943,0.21892789,0.47519138,-0.028922437
-0.47383946,-0.27064073,0.16737199,-0.36701232,0.258821,0.25335664,0.10172953,-0.29713333
-0.18481334,-0.23396114,-0.14159542,0.65720856,-0.7661107,-0.39771393,-0.5034931,-0.21069223
-0.15979025,-0.029182535,-0.77807045,-0.24040574,0.013976417,0.07326467,-0.13676912,-0.44211072
-0.39505297,-0.28601274,0.010809779,0.67264843,0.27502662,0.29970184,0.3043265,-0.17725582
-0.067465454,-0.083465025,0.3203293,0.1721716,-0.317023,0.663885,0.62155616,0.21961631
-0.48863283,0.06132025,-0.03922534,-0.8786447,0.48790067,-0.49905428,0.029807279,-0.18444721
-0.35190502,-0.16068235,0.5042938,0.5577272,-0.04895988,-0.3007239,0.030586267,-0.33392733
-0.2340504,-0.29462585,0.6312071,0.43185532,-0.016417587,0.70969135,0.47104895,-0.073192455
-0.32416016,-0.05976061,-0.30379045,-0.82754546,-0.43543777,-0.33970773,0.17611688,0.00824125
-0.357443,-0.26815113,0.1155107,0.4620458,0.15309697,0.16433445,0.23293507,-0.07438365
-0.27238008,-0.1742821,-0.729374,0.14675653,0.39391476,-0.21391574,0.097029425,-0.17197937
-0.44236326,-0.3334614,0.09563458,0.49389923,0.33645213,0.39004615,0.41323555,-0.16462678
-0.2820707,-0.30050537,-0.78702253,-0.4933473,-0.40466017,-0.004286469,-0.076066926,-0.56149346
-0.3224775,-0.16004908,-0.88449365,-0.44408262,-0.27239734,-0.6395036,0.11087282,0.102714926
-0.23402178,-0.16958703,0.57538104,0.077528596,-0.14429717,0.70338124,0.2758385,-0.022852374
-0.35359246,0.018494908,0.04074788,-0.64306223,-0.3419566,0.7562571,0.2521004,-0.0161074
-0.39592367,-0.08521312,-0.32955223,-0.6320513,0.07423552,-0.29923168,0.15891759,-0.025789518
-0.33447263,-0.10786455,-0.6331372,0.634166,-0.43841347,-0.11395297,-0.072475165,-0.34973148
-0.38754702,-0.12318086,-0.9150321,-0.15690607,-0.78801966,0.35485297,0.23835705,-0.30010238
-0.41089177,-0.30807918,-0.54426676,-0.16933376,0.17919786,-0.3617369,0.014207311,-0.15858093
-0.17893891,-0.29426342,0.5340222,-0.09250343,0.21784118,0.29668915,0.20452723,-0.33788508
-0.38793653,-0.21316458,-0.04259777,0.56318784,0.37387425,0.57110083,0.55182296,-0.13359013
-0.5394841,-0.08402113,-0.61729425,0.10489857,-0.35450968,-0.7347287,-0.18606484,-0.27401042
-0.44715077,-0.13142371,-0.34430957,-0.62943447,0.095575206,-0.3987138,0.1766737,0.00060326443
-0.50644034,-0.08350143,0.37629783,-0.7590688,-0.82934886,0.32333177,0.40084922,-0.17564997
-0.0541741,-0.21003564,0.3761022,0.58793616,-0.11840413,0.6522945,0.656397,-0.03385818
-0.2628629,0.043233145,0.6139916,0.7140573,-0.27913558,0.7399946,0.47545773,0.09444884
-0.2278359,-0.19112174,-0.28472245,0.6359174,0.0853136,0.26473057,0.3134939,-0.006483325
-0.46508798,-0.041351367,0.43431723,0.38633466,0.21239695,-0.3588855,0.1954494,-0.09669482
-0.23383942,-0.10760344,0.23186743,0.6819335,0.2970466,0.31245908,0.16586253,-0.31306997
-0.50431615,0.027442697,0.17291796,-0.9045073,-0.11775984,-0.7295602,-0.022840017,-0.1469524
-0.36830592,-0.12056265,0.13991654,0.79895806,0.43709356,0.23920411,0.23666805,-0.19899975
-0.20199135,-0.06529064,-0.75530356,-0.28508812,0.27796587,0.70604646,0.49142823,-0.23074156
-0.36086977,-0.12903191,-0.7544793,0.3977145,0.18436511,0.15903436,0.26588637,-0.1973661
-0.56898296,-0.21680924,0.11270833,-0.32834882,0.72847295,0.14194255,0.28025395,-0.13762857
-0.35869294,-0.03428301,-0.35402024,0.15759063,-0.41851568,0.5625207,0.4426396,0.18025921
-0.52896905,-0.023248311,-0.02290386,-0.5685582,0.5279892,0.10946796,0.27314243,-0.21977411
-0.48655456,0.030525882,0.77782476,-0.43765378,0.09185466,0.12624557,0.32857966,-0.034056917
0.2923476,-0.20403923,-0.026947856,0.14477968,-0.5565354,0.19820058,-0.28656936,-0.41162473
-0.40250346,-0.3451427,0.10727048,0.47385,-0.0941781,0.7321061,0.6067196,0.09932147
-0.50231016,-0.30631262,0.56257486,0.7033565,0.14056611,0.14685784,0.31189373,-0.14280209
-0.034224335,-0.16689564,0.06262338,-0.31551063,-0.26824385,0.6952516,0.2728417,0.061780326
-0.20965655,-0.1535125,-0.099635124,-0.5677593,-0.4532433,-0.59688115,-0.12204877,0.07062072
-0.2684796,-0.258586,0.5470592,0.78289104,-0.04333039,0.7280016,0.5864254,-0.09604376
-0.63557416,-0.29452386,0.34908092,-0.7282754,0.46869186,0.50381756,0.4269731,-0.07266367
-0.56577694,-0.17586139,-0.68191695,-0.3096257,0.29251578,-0.47950724,0.2561959,0.050119948
-0.26970574,-0.23150927,0.3267094,-0.6162615,0.35941142,0.318989,0.3077343,-0.15456498
-0.68783903,-0.3440003,-0.09140676,0.5981951,-0.8681827,0.29287207,0.40051118,-0.16956082
-0.42893744,-0.04890639,-0.37789643,0.65197825,0.14650011,-0.46833384,0.23199399,0.16064468
-0.5962627,-0.1607904,-0.6444292,-0.5494672,-0.83314556,0.39420575,0.17583828,-0.474176
-0.47725937,-0.21530297,-0.7628913,0.21834195,0.14564857,0.19979756,0.38697857,-0.05845897
-0.46338418,-0.10713203,-0.14341658,0.58374965,-0.3538529,0.5026253,0.48713857,-0.19368179
-0.5048996,-0.3833268,-0.67863536,0.16018212,0.5081809,0.29308388,0.29741177,-0.39913705
-0.6437121,-0.1887362,0.37328982,-0.033836126,0.33827618,-0.1848877,0.049902465,-0.08147092
-0.08570646,0.09227971,0.49896252,0.639637,-0.36284748,0.7767325,0.27083817,0.028922062
-0.6208419,-0.17391849,0.618407,0.23285055,0.40443498,0.26730114,0.3865443,-0.25323334
-0.26345736,-0.11120492,0.29705572,0.81241095,-0.13365826,-0.67539734,0.19290015,0.03390656
-0.19139342,-0.28445673,-0.013290942,0.61557543,0.3676582,0.45584413,0.32553297,-0.059733853
-0.485545,-0.20374452,-0.33626688,0.71240294,0.5030686,0.1328899,0.27889553,-0.11570465
-0.41323778,0.08390995,-0.23964888,0.92952013,-0.30025262,-0.5655637,0.096941285,-0.17549555
-0.5324958,-0.14001161,-0.042194545,0.43532085,0.27116138,0.004348563,0.12900302,-0.034257792
-0.40259963,-0.13694584,-0.9524932,0.040623307,-0.34646866,-0.66202784,0.2930551,0.32725617
-0.35431722,-0.07634472,0.29442644,-0.9495463,-0.4185632,0.7225605,0.6182979,0.20838737
-0.15559676,-0.065612845,0.3912654,0.6127188,-0.2963234,0.75664854,0.65383625,0.12067741
-0.24431044,-0.2233799,0.5053984,-0.72325695,0.3814149,0.5651257,0.38851708,-0.07557227
-0.30385202,-0.023728963,-0.06045544,0.81241405,0.41956842,0.2777544,0.46577364,-0.15180093
-0.529813,-0.13263704,-0.15484315,-0.7494301,-0.25259572,-0.6531714,0.11502428,-0.16142532
-0.0042087007,-0.17522398,-0.5502565,-0.48799282,-0.2190712,0.66612476,0.554584,0.05361073
-0.5647491,-0.35143462,-0.3820371,-0.37044615,-0.7918537,0.41460446,0.07356998,-0.38921592
-0.48123273,-0.33328247,-0.12295431,0.24447954,0.38327283,0.368417,0.3277885,-0.09477905
-0.47578982,-0.15362765,0.3440547,0.21926105,0.3190475,-0.3999124,0.25723726,-0.0584013
-0.13543724,-0.14499816,0.60270965,0.090619445,-0.13266316,0.23121125,0.30774084,-0.27853256
-0.1920109,-0.1345482,0.5860386,-0.82388103,-0.5364092,0.60949016,0.44378024,0.283327
-0.2730753,-0.17959647,-0.30411333,0.505195,0.15029778,-0.13995086,0.17752658,-0.011680342
-0.23463735,-0.19999908,-0.10371661,-0.13718665,0.046177372,-0.11882825,-0.17813893,-0.48323146
-0.32712656,-0.07650681,-0.41146195,0.8765112,-0.24289006,-0.55177504,-0.32056257,0.3636854
-0.51529795,-0.11558205,0.0032849312,0.23577881,0.3301622,0.027803598,0.4418326,-0.1968729
-0.120327115,-0.31619883,0.32472754,0.50778294,-0.20314701,0.6682083,0.5750628,0.1105305
-0.43947586,-0.34498492,-0.8206294,-0.2631752,0.16646653,0.08842971,0.17109516,-0.11387409
-0.2840011,-0.41314283,0.751086,-0.044861734,0.27953705,0.44776484,0.4563013,0.018207267
-0.051382322,-0.07467161,-0.38553643,-0.083090305,0.061118174,0.54273224,0.53819597,0.22564706
-0.4586354,-0.30541822,0.19909441,-0.73792756,0.5147562,0.03741018,0.15844113,-0.085133806
-0.39379498,-0.15415585,-0.29434562,0.4427253,-0.36917987,-0.49933216,-0.062452774,-0.16238198
-0.31254482,-0.24419391,0.079556346,-0.7250865,0.2294233,0.30003917,0.36613616,-0.3030396
-0.58986384,-0.27641618,-0.78831565,-0.38863468,0.251951,-0.26853544,-0.43743798,0.087380655
-0.2983367,-0.027070116,-0.01994884,0.7754332,-0.107792646,0.83142805,0.4325432,0.06078197
-0.2417395,-0.037341174,0.7516786,-0.21474439,0.10768043,0.18923971,0.28533655,-0.13132715
-0.10935332,-0.18506402,0.48998415,-0.850614,-0.19224015,0.80641466,0.69555074,0.36616102
-0.56250596,-0.1766693,0.8636602,-0.050682962,0.092642926,-0.42445254,-0.37337658,-0.22528708
-0.37818795,-0.060937066,-0.0812279,-0.752568,0.20602913,-0.32708508,0.2749415,0.10313862
-0.42524865,-0.15886429,0.58544993,0.7089566,-0.28484675,-0.14338787,0.2261645,-0.25186238
-0.36112136,-0.14754638,-0.44793433,-0.090979874,-0.12581867,0.74734795,0.5806318,-0.0048905727
-0.37915993,-0.27950442,0.7960192,0.37030244,0.12386325,0.2636718,0.0963674,-0.2914586
-0.33722883,-0.21790576,-0.72117245,0.4700024,-0.21789314,0.63278395,0.5149983,0.15243028
-0.32303792,-0.05706643,0.59313154,0.0554657,0.3652031,-0.1401868,0.18045206,-0.24454254
-0.13092473,-0.24143876,0.68245447,0.110830784,-0.20624991,0.6197602,0.23270828,-0.14830059
-0.42440364,-0.21622548,0.65010095,0.73266304,-0.03968518,0.8190125,0.6805925,0.092522085
-0.10877125,-0.102997296,0.41116035,0.7013581,-0.1929803,0.6574946,0.6323203,0.099761695
-0.34992284,-0.22776335,0.50571537,-0.28027028,0.008714188,0.1426759,0.28716275,0.009951712
-0.35831687,-0.34787965,0.11312723,0.50662637,-0.12637296,0.72372276,0.66608644,0.09075826
-0.47310662,-0.27639884,-0.22733063,-0.2605362,0.3686666,0.34136957,0.3171455,-0.26954192
-0.57622874,0.12435173,-0.035799026,0.2534243,-0.82184833,0.30575702,0.4150487,0.05697574
-0.33548877,-0.06654258,0.28441846,0.4031397,-0.6234018,-0.58145636,0.33341593,0.28740624
-0.27687582,0.017570455,-0.8480472,0.28513515,0.24319024,0.46982813,0.30064508,-0.13255663
-0.58222294,-0.24657904,0.21946132,0.50485575,0.24360934,0.20822063,0.35298678,-0.15680657
-0.3377553,-0.36390433,-0.906169,-0.17362857,0.4300281,0.23953182,0.32440847,-0.10845353
-0.29733306,-0.19058396,0.35351002,0.5691588,-0.1595175,0.69654304,0.4943059,0.06306378
-0.5265659,-0.37785283,-0.45586342,-0.63960654,0.83323455,-0.1135477,-0.4392308,0.49838948
-0.45461842,-0.03881306,-0.17446339,-0.19358456,0.3435054,0.30861598,0.31526428,-0.26648906
-0.3931996,0.07941779,-0.4882837,0.0015408993,0.31657875,0.2643547,0.441512,-0.1223937
-0.38398555,-0.052657407,0.62330043,0.013280749,0.05094839,-0.3640711,-0.14790349,-0.14395379
-0.6292806,-0.055612255,0.8976841,-0.3179564,-0.31634358,-0.6569243,-0.5647606,-0.516513
0.0323884,-0.0727573,0.5752605,-0.7545685,0.14021899,0.32828972,0.42663735,-0.3448622
-0.43617022,-0.21147938,0.21431518,-0.38646054,-0.255357,0.6803376,0.18576838,-0.07804437
-0.32437313,-0.045177344,-0.83486974,0.2198261,0.16299027,-0.35548475,0.0879502,0.06978943
0.08671443,0.2059248,-0.41354626,0.337749,0.653158,0.49617633,-0.09761663,0.60530734
-0.40290183,-0.31788352,0.54779935,0.5419651,0.25803578,0.05422565,0.3602061,-0.1302829
-0.10023509,-0.34605289,0.6601993,0.7179588,-0.09784626,0.70647585,0.7271531,0.0833958
-0.13855861,-0.098907076,-0.34398043,-0.61773044,-0.1802322,-0.6796528,0.17394303,-0.09826835
-0.3326103,-0.08272058,-0.2950006,-0.8907662,0.30004746,0.32450095,0.2880092,-0.2706959
-0.5944913,-0.020648088,0.6744852,-0.5854113,-0.80767053,0.14613928,-0.060283236,-0.08504453
-0.4907202,-0.0035520599,-0.5094218,-0.09768611,-0.24181256,-0.10349828,-0.06334943,-0.49530447
-0.35782394,0.037805025,0.804459,-0.24643493,-0.1791517,0.43010342,0.42203337,-0.18831308
-0.13409431,0.048295874,0.688331,-0.33216286,-0.22231728,-0.32814208,0.110094555,0.12278697
-0.59318465,0.018704671,-0.39284152,-0.2853558,-0.31767005,-0.7691663,-0.23741539,-0.04459951
-0.22654687,-0.19741836,0.08194256,0.70406365,0.14733429,0.31286037,0.42543834,0.08586955
-0.41433164,-0.110241815,-0.21118313,0.6080198,-0.48508963,-0.28386468,-0.33889326,-0.06924928
-0.279008,-0.31186417,-0.79097974,-0.015666485,-0.58075815,-0.34513772,0.20240337,0.29161024
-0.39630166,-0.018676829,0.27187228,-0.7476412,-0.1247873,-0.67148983,0.065136895,-0.1148629
-0.23393767,-0.2179121,0.18379176,-0.19629335,-0.11960925,0.89320576,0.65475833,0.016585074
-0.4849358,-0.072909944,-0.13969725,0.38356745,-0.12268418,-0.65499014,-0.06641463,-0.11920175
-0.75811625,-0.18733002,0.18392062,-0.36507052,0.62935334,-0.3437034,0.11341571,-0.1413459
-0.39205304,-0.112201996,0.45753157,0.0052571297,0.37281328,0.38478813,0.42222744,-0.16026185
-0.32694784,-0.19544882,-0.8441252,-0.12108719,0.13949929,0.31796896,0.3078662,-0.19778116
-0.54539657,-0.31413764,0.5467305,0.20893693,0.3754459,0.21865524,0.37708986,-0.1893779
-0.42367768,0.10475203,-0.9373866,0.32644153,0.31012014,-0.4517992,0.21950434,-0.026394783
-0.37837145,-0.07575952,-0.5362741,0.4852084,0.24079132,0.4055654,0.37794805,-0.22041172
-0.49475628,-0.11191058,0.07937086,0.7208705,-0.82601905,0.35635456,0.33661383,-0.09959689
-0.2797519,-0.16183339,-0.5327481,-0.20233041,0.16108392,0.16470899,0.33009344,-0.17150228
-0.19579743,-0.037054505,-0.5746633,0.18568993,-0.36533517,0.47314188,0.37785724,-0.019539338
-0.54715055,0.00021681639,0.85269976,0.08156657,0.55526143,-0.28132546,0.26640403,-0.11586806
0.23211439,-0.33958003,-0.76077265,-0.06372434,-0.76615936,-0.18744214,-0.60824883,-0.12967642
-0.24347657,-0.2192531,-0.5523012,-0.7579456,-0.32380658,-0.19462515,-0.10414495,-0.080379814
-0.53904,0.032465283,0.35666442,-0.8642049,0.41556016,-0.4126868,0.17160155,-0.115130484
-0.23901293,-0.23651683,-0.41091728,0.60324216,-0.13251561,0.879691,0.59297246,0.05148442
-0.08376725,-0.3346845,0.18446326,-0.97630894,-0.13477091,0.73663306,0.8237798,0.14049722
-0.29140177,-0.012971456,-0.20949268,-0.36860353,-0.25311965,-0.6299718,0.37985235,-0.017889997
-0.37016985,-0.01735146,-0.6786291,-0.10729694,-0.29976588,-0.18073314,-0.21892805,-0.14375266
-0.3305236,-0.3681682,-0.9155634,-0.17392075,0.12651877,0.291729,0.13379744,-0.3532309
-0.2977563,-0.31196705,0.5519055,-0.7459627,-0.17943998,-0.24941482,0.09515328,0.014457766
-0.66863835,-0.012567694,0.105143905,0.14008963,0.45963186,-0.2674002,0.38343915,-0.093904294
-0.33025986,-0.16225861,-0.14159542,0.65720856,-0.72434175,-0.50237375,-0.45765135,-0.07177952
-0.2832095,-0.15983032,0.60002947,-0.13534373,-0.0384112,0.20079085,0.05137817,-0.14492956
-0.27046338,-0.20380424,0.6980785,-0.3792411,0.056419354,-0.402141,0.022235122,-0.07164333
-0.5743681,0.06134065,0.45503163,-0.19956177,0.38621613,0.23831548,0.3722096,-0.25653517
-0.33888736,-0.2917759,-0.6676729,-0.28553766,-0.056457754,0.86942667,0.3579349,-0.08852092
-0.3597448,-0.10529248,-0.95240176,-0.07092857,-0.28000173,-0.38874382,-0.3896062,-0.23137067
-0.07966553,0.014832203,0.101439714,-0.7834029,-0.76055056,-0.46676886,0.31942666,0.534746
-0.521055,-0.30533665,0.30699444,0.5295695,-0.08246198,0.86607,0.6242949,0.06771973
0.08570735,-0.2086337,-0.73420453,0.25110507,-0.4509984,-0.12229955,-0.23700982,-0.41432592
-0.48335612,0.014358421,0.18520391,-0.67173827,-0.11704176,-0.6265004,0.03955117,-0.0605867
-0.28409204,-0.01355965,0.17787933,0.9031477,0.13518882,-0.32049662,0.23209679,0.0789285
-0.22430518,-0.22288264,-0.13813305,0.628559,-0.56172174,-0.32053632,0.1705307,0.40256712
-0.2549595,-0.08597202,0.43904352,0.3963207,-0.07016601,0.8272261,0.39582098,-0.18738745
-0.42797032,-0.21607813,0.42247868,-0.050492883,0.35743868,-0.45007378,0.34634346,-0.04843479
-0.4039002,-0.16243015,0.3540212,0.023664713,0.0723721,-0.45090544,0.07482549,-0.07034845
-0.47667432,-0.33205962,0.49692583,-0.04573244,0.19459507,0.0907972,0.31817812,-0.18314147
-0.35438153,0.01914497,-0.53162265,0.48831713,0.36058876,-0.4103972,0.4711429,-0.0070828083
-0.41380465,-0.30200443,0.17001367,0.56504357,-0.048663564,0.7494621,0.64552355,0.032413255
-0.3956224,-0.39614728,0.5684494,-0.52965784,0.2244205,-0.102179036,0.15911734,-0.09246841
-0.09822005,-0.44004384,0.22290671,-0.8538784,0.2437318,0.50964427,0.45338106,-0.24572903
-0.474619,-0.19870068,0.47784102,-0.6961186,-0.14848216,0.86026067,0.7115248,0.08320743
-0.25696066,-0.25784877,0.3191843,0.60704625,-0.06550106,0.7139118,0.6196355,-0.026817849
-0.34027687,-0.21252857,-0.01643753,0.3797177,0.20989592,0.23977596,0.33017257,-0.15220425
-0.29865757,-0.13876851,0.5920752,0.17978776,-0.05636126,0.16132168,0.1687444,-0.27791604
-0.246603,-0.13031046,0.41652083,0.62938833,0.2104441,0.13820353,0.40219027,-0.23779403
-0.5960208,-0.033727605,-0.4237069,0.829098,0.45100477,0.25847,0.32706946,-0.10867368
-0.014650406,-0.2750505,0.69398296,-0.31111717,-0.118058786,0.6714356,0.62370145,0.013342174
-0.42992395,0.07648829,-0.8266491,-0.39063954,0.2112927,0.037684307,0.3938787,-0.101505935
-0.42574915,-0.18308736,0.5101476,0.1386801,0.08989879,-0.3211376,0.021553174,-0.04499404
-0.4338486,-0.13516691,0.46310043,0.8069389,0.14317703,0.21320987,0.30286485,-0.2518044
-0.6534523,-0.19944543,-0.29413307,-0.5610553,-0.10056731,-0.7301611,0.100674786,-0.08509786
-0.56044316,-0.13459727,0.3053484,-0.82776254,0.3297459,0.3948045,0.39200774,-0.18219504
-0.30292642,-0.2523779,-0.3533721,0.78308165,0.2961869,0.2211748,0.27154627,-0.020146359
-0.3944955,0.053194243,-0.16751474,0.5908102,-0.05863332,0.7350928,0.4072613,-0.23842862
-0.3872195,-0.31442505,0.23913074,0.1341343,0.25941122,-0.27437517,0.25254536,-0.17837551
-0.43758306,-0.17334269,0.30253065,-0.5671835,0.50104785,0.55760324,0.39221525,-0.15365161
-0.7156897,0.11478045,-0.051458478,0.34352207,0.6100297,-0.11572442,0.10619999,0.09744658
-0.3702903,0.068481065,0.60851336,0.5027157,0.008386445,-0.4524153,0.044923883,-0.018304689
-0.27911797,-0.05942436,-0.4586048,0.21249533,-0.5867857,0.58122486,0.5936441,0.42029998
-0.45310757,-0.10894004,-0.18437856,0.63434076,-0.32757288,-0.40928254,0.2630108,0.43891385
-0.2094256,-0.01628917,-0.004488349,-0.027763844,-0.42447287,-0.21696231,-0.067785695,-0.30151677
-0.43140036,-0.2015739,-0.1811136,0.5257424,0.37026492,0.24383649,0.35910222,-0.20790178
-0.08242178,-0.36741614,0.09647095,-0.39090675,0.76855195,0.46533808,-0.087643914,0.7768642
-0.82169396,-0.26492298,-0.6952127,0.20948398,0.2690169,-0.53305364,0.046286006,-0.017261442
-0.4119089,-0.24765173,-0.43693143,0.05572641,0.03139392,-0.22167777,-0.36012897,0.12373268
-0.4729737,-0.2654049,-0.046951115,-0.36891818,0.25854972,-0.5020197,-0.104943156,-0.08996238
-0.41520807,-0.1568426,-0.766962,-0.54585445,-0.3839844,-0.04575392,-0.10928936,-0.5228947
-0.09351668,-0.22970955,0.072381735,0.71775055,-0.06380119,0.168561,0.16182432,-0.21562524
-0.45605376,-0.048445087,-0.099903524,0.39551497,0.30122468,-0.52331144,0.12868309,-0.053560246
-0.36717758,-0.05392615,-0.55232,0.42048,0.42475477,0.6218472,0.57184494,-0.2071887
-0.17799793,-0.1863315,-0.73323727,-0.49606097,-0.3977239,-0.15040413,0.36039767,0.08432826
-0.3259053,-0.24689862,-0.08292806,0.36803997,-0.32381052,-0.12388664,0.14353833,-0.18319179
-0.63651425,0.1345237,0.8005339,0.21816504,0.5563381,-0.15401225,0.12575874,-0.13945197
-0.54757124,-0.0059865667,-0.4641087,-0.2393151,-0.40076476,-0.63394016,-0.22905494,-0.13407148
0.055001568,-0.3320257,-0.57544386,-0.2768727,-0.076329686,0.65154636,0.66836476,0.051030274
-0.12950118,-0.35821488,-0.37004274,0.68506134,0.17555316,0.32975855,0.17767467,-0.2036524
-0.02520387,-0.34042343,0.39846432,-0.8623247,0.3034307,0.19903716,0.037983157,-0.0034061754
-0.35744166,-0.11928267,0.36052716,0.08215582,0.25493538,-0.35843503,0.05898798,-0.06864079
-0.40793338,-0.1259638,-0.37077647,0.70503104,0.27411583,-0.0054164757,0.1309759,-0.1155073
-0.37803409,0.053384606,-0.9429223,0.13949847,-0.43847606,-0.5872662,-0.10308068,-0.13540034
-0.25978866,-0.010035868,-0.03773117,0.16376293,0.22818464,0.096742794,0.34792218,0.008044023
-0.33812776,-0.1954257,-0.031642973,0.2552383,0.19604845,0.27745774,0.22887456,-0.28596145
-0.17155947,0.013846238,-0.22381455,-0.3569309,-0.070218354,-0.411979,0.11847865,0.19430923
-0.6601701,-0.32690737,0.10506928,0.49256718,0.41593754,0.39491615,0.45134163,-0.18531787
-0.5481127,-0.18254027,0.57221186,0.010305762,0.4439939,-0.48648277,0.040817883,-0.047552302
-0.31908116,-0.26272276,0.86962473,0.19425142,-0.48822382,-0.09213474,-0.69452316,-0.12719612
-0.29145432,-0.24819203,0.6168866,-0.024930894,0.20070088,0.24740417,0.31833655,-0.26975808
-0.36721224,-0.09934008,-0.09339827,0.77690494,0.39505965,-0.24139169,0.083460525,-0.075115606
-0.45142278,-0.14753854,0.0729568,0.3816588,-0.48681986,-0.76309186,-0.16291389,0.025034714
-0.3000568,-0.06727358,-0.23213571,0.2366674,0.026554806,-0.41335294,0.11982728,-0.20800808
-0.15560623,-0.21825501,0.34246016,-0.73951066,0.20064978,0.02977895,0.28472924,0.058681104
-0.44971287,-0.2519401,-0.008275032,0.60164297,-0.13843171,0.8069495,0.3949058,-0.094336644
-0.13376535,-0.15151742,-0.111117005,-0.49139053,-0.20884208,0.6217563,0.379843,-0.11479447
-0.2516997,-0.19341332,0.5874684,0.6374152,-0.01882695,0.1930017,0.065712854,-0.15081221
-0.37577757,-0.12888703,-0.79215264,-0.29940748,-0.037697736,0.08007883,0.11780511,-0.19622232
-0.32533726,-0.021521281,-0.11977035,0.70131004,-0.7827996,0.23315014,0.23204887,-0.29024714
-0.36871552,-0.017513748,0.69475687,-0.7057393,-0.8525972,-0.06497897,0.01980102,-0.29352385
-0.24637526,-0.03171481,0.10644519,0.6176709,0.2562874,0.22759385,0.27583802,-0.2706849
-0.36525044,-0.2828824,0.6738063,-0.16137224,0.013840857,-0.0032146005,0.24635702,0.0021611024
-0.41942778,-0.14696759,-0.24412191,0.044650912,-0.09898241,0.7130888,0.56813085,0.078669496
-0.22167486,-0.23344101,-0.6448061,-0.48901212,0.30119064,0.28937164,0.48325756,-0.34633094
-0.19443788,-0.11064575,-0.2226265,-0.7244792,0.30463037,0.31954256,0.46853274,-0.16792034
-0.70486534,0.19021149,0.047074437,0.93513274,0.620623,-0.3259061,0.2204983,-0.18231294
-0.6720258,-0.18824628,-0.07952309,-0.14744192,0.7173946,-0.043248802,0.2766556,-0.2134666
-0.49872196,-0.1714204,0.4056164,-0.7742849,0.27787146,0.17776018,0.22146635,-0.14971094
-0.23635985,-0.114038944,0.22316492,0.2169838,-0.51664776,-0.67635125,0.29365647,0.4043754
-0.34215742,-0.15090537,0.6093216,-0.39448845,-0.3698189,-0.7748188,0.097187735,0.105577566
-0.504675,-0.25027415,-0.77647567,-0.49747616,-0.35963827,-0.07167154,-0.16915715,-0.45803508
-0.12520204,-0.3605985,0.5574987,-0.100474775,0.010521145,0.09858635,-0.56685585,0.22678399
-0.3914949,-0.2635168,0.9278741,0.341923,0.5787854,0.016575824,0.28416637,-0.1477034
-0.30897838,0.0698761,-0.0018181801,-0.74830747,-0.019863503,0.7566449,0.29516357,-0.063945934
-0.3793255,-0.09101849,-0.115976036,0.9366828,0.27845317,0.24179825,0.49204928,-0.17286207
-0.50339115,-0.32822937,-0.9168952,0.16352999,0.29626855,0.1684002,0.42964044,-0.15274152
-0.46899572,0.0119184,0.4219786,0.64256763,0.42923513,0.27819937,0.36867005,-0.19088452
-0.44364372,-0.21105413,-0.35777694,-0.75235474,0.24796319,0.22188438,0.33506447,-0.23006745
-0.52857405,-0.09699026,0.2246424,0.6663563,0.26578563,0.22352739,0.4041862,-0.063151024
-0.3550577,-0.20249434,-0.341874,-0.63004434,-0.09417047,0.57755405,0.19590306,0.011774358
-0.16879797,-0.09051353,-0.7245775,-0.34241134,0.09817112,0.19920298,0.23300812,-0.15351371
-0.40784648,-0.22221255,0.7711297,0.11607993,0.1669743,0.12633753,0.13876748,-0.16596273
-0.2716778,0.0155678885,0.3240522,0.105912566,-0.33116814,-0.057778116,-0.06382316,-0.34017286
-0.23408878,-0.08215955,0.5443876,0.27278817,-0.0693519,0.002935085,0.31948772,-0.11209487
-0.50006837,-0.26389202,0.36190617,0.32362783,0.124244,-0.20988692,0.003649562,-0.08363145
-0.46368074,-0.084702976,0.35620916,-0.11320484,0.39834133,-0.36387774,0.10185907,-0.12538391
-0.13882197,-0.35273638,-0.025913656,0.5593977,0.13826571,0.25863606,0.36764634,0.048500724
0.037133705,-0.4098687,-0.05056125,-0.115837514,-0.4054777,-0.031451598,-0.27364907,-0.34868437
-0.42238858,-0.06867262,0.3400916,0.6036384,-0.058186058,0.812948,0.62416095,-0.012967762
-0.36085075,-0.20331934,0.5396452,-0.6653007,0.44510826,-0.16121517,0.22670019,-0.1640636
-0.2931245,-0.15812871,-0.49192548,0.10978091,0.09634939,-0.6765651,-0.2893739,0.11564589
-0.23383687,-0.08196113,-0.84119415,0.52486956,-0.2905934,0.010427224,-0.28349474,-0.43928656
-0.1477832,-0.34454226,0.028147459,0.72234,0.2394842,0.54232246,0.38500866,-0.23876786
-0.23232388,-0.16568203,0.300264,0.40188372,-0.532352,-0.15781751,0.2532322,0.42044544
-0.29868972,-0.0581359,0.26906037,0.35666275,-0.016166247,-0.13754328,0.3469357,-0.038136184
-0.9028942,-0.0039288504,0.023594737,-0.17567635,0.55217475,-0.49555182,0.15821917,-0.055733405
-0.45976585,-0.4122146,0.9336431,0.37066054,0.3091524,0.19645458,0.19667874,-0.13243504
-0.4599048,-0.1616202,0.7334993,-0.1922301,0.27006137,0.4055006,0.19760449,-0.3153302
-0.68804145,-0.17961459,0.089774966,-0.00845623,-0.10591977,-0.72018266,-0.07141958,-0.12256738
-0.29457146,-0.21905094,0.60724103,0.09572935,0.10135648,0.19359696,0.48959112,-0.035814505
-0.25835234,-0.19702855,-0.14159542,0.65720856,-0.779105,-0.3970133,-0.36862817,-0.08939399
-0.33312598,-0.07798646,0.49908698,0.64072573,0.23341592,0.40797234,0.2771585,-0.12255392
-0.24467355,-0.08180885,0.029141307,0.6204581,-0.56541413,-0.105278194,0.4881553,0.36030996
-0.5703555,-0.14086512,-0.04600346,0.39339757,0.23983023,-0.46263593,0.26985464,-0.10244284
-0.4536646,-0.3661035,0.53021145,0.20362806,-0.7961983,0.31995428,0.33042,-0.20890318
-0.29907054,-0.33761624,-0.72212505,-0.6252398,0.30811265,0.2841919,0.29970962,0.17065154
0.056725036,-0.21232142,-0.6600885,0.5906458,-0.23076399,0.58786327,0.3710606,0.06546215
-0.063767076,-0.34992826,0.23510313,-0.9493676,-0.056619875,0.79133326,0.6045676,-0.102214105
-0.533176,-0.058724884,0.43256438,-0.35960567,0.19742006,-0.6238782,0.24257715,0.07410927
-0.27417558,0.33555734,-0.16705287,-0.9743189,0.28298873,0.3317773,0.51800084,-0.30638394
-0.05868784,-0.28450096,0.7520933,-0.37577438,-0.24620405,-0.02365328,0.01417118,-0.2307092
-0.45470896,-0.44092664,-0.38254398,0.37198472,0.35206175,0.3920284,0.40841332,-0.30713296
-0.062402297,-0.09092107,-0.004488349,-0.027763844,-0.45600542,-0.12087543,-0.061699726,-0.3185876
-0.39833644,-0.20654307,0.31957936,0.34675276,0.5932559,0.1464304,0.2878503,-0.16092086
-0.16566671,-0.09211903,0.78383267,0.37634063,0.28861067,0.10994186,0.2723794,-0.20229095
-0.6393463,-0.19771786,0.40649378,-0.7731364,0.48065886,-0.20504671,0.12634203,-0.09910467
-0.090716004,-0.03216095,0.46456623,-0.90115416,-0.24410468,0.6818892,0.5535444,0.11211166
-0.28821996,-0.4068548,0.60232985,0.44479942,0.4140873,0.6704132,0.4717991,-0.24732833
-0.27278534,-0.34543487,-0.72078264,-0.19920367,-0.035248797,0.2505864,0.2683446,-0.23508437
-0.32168293,-0.22364752,0.7562262,0.4777683,0.7789497,0.057405796,-0.114547186,0.049765248
-0.19699427,-0.02751052,0.5836916,-0.4454248,0.32204416,0.28135943,0.35289168,-0.22959515
-0.3795486,-0.23736309,0.4197291,0.7289717,0.24420469,-0.14214335,0.05775843,-0.19944751
-0.36477935,-0.28852504,-0.7530006,0.23562431,0.31463408,0.24180463,0.30446756,-0.079016685
-0.3233386,-0.2119462,-0.94425744,0.22926617,0.14217144,-0.44819653,0.33325857,-0.17661029
-0.4015791,-0.2998636,-0.37785542,0.39696574,-0.61147386,-0.3276092,0.087741494,-0.11943864
-0.423229,-0.05964582,-0.5200616,0.49821484,0.25767896,-0.22021557,0.08126786,-0.11615608
-0.33800197,-0.034958255,-0.049901724,0.7821666,0.48904958,-0.35768992,0.080376044,-0.058891065
-0.4953055,-0.061738078,0.6757246,0.24343193,-0.1759712,-0.6456915,-0.030154135,-0.08510999
-0.018073352,-0.05315939,-0.743847,-0.018428981,-0.61623794,-0.4410369,0.3140845,0.31506318
-0.36567432,-0.10022008,-0.5620773,-0.35730755,-0.37711123,-0.31667712,-0.39957207,-0.53522384
-0.5831476,-0.09738154,0.012865186,0.7540928,0.36350888,0.2659239,0.40328088,-0.16117238
-0.33763194,-0.252499,-0.59252024,-0.167175,0.12782255,0.15585865,0.30643916,-0.11791121
-0.42495224,-0.097787134,-0.19905537,0.7244737,0.31893736,0.19157937,0.2704959,-0.13658701
-0.4167881,-0.2671292,-0.7530006,0.23562431,0.2764924,0.2465487,0.40482345,-0.08586119
-0.4033277,-0.10809673,-0.20969892,0.041297674,0.14400029,-0.28281578,0.21426317,-0.25960198
-0.4024849,0.015676755,0.21692729,-0.7161738,0.48489884,0.091537975,0.62330294,-0.15710162
-0.4077927,-0.31728458,-0.86483634,-0.10803276,-0.2572147,0.32033995,0.18930876,-0.15795106
-0.3891466,-0.21982138,-0.88549787,-0.31131572,0.267388,0.2565781,0.385621,-0.053239677
-0.42910838,-0.22776684,0.72573125,-0.38345438,-0.25365025,-0.2975514,0.015866878,-0.20367305
-0.42659736,0.28745234,0.86404836,0.0073512793,-0.10529699,-0.02084573,0.17398258,-0.18385726
-0.35290796,0.062945746,-0.9595274,0.04568088,0.47146717,0.09304373,0.41518703,-0.21646108
-0.43418506,-0.30482098,-0.87159365,0.44750905,0.2104444,0.31936136,0.36952522,-0.22274859
-0.35901928,-0.18680416,-0.8690276,-0.00045722723,0.31707403,0.22069563,0.31252202,-0.16647945
-0.50609446,-0.24153152,0.23717988,-0.44077754,0.5731334,0.036529917,0.3255201,-0.17119408
-0.34846073,-0.09285533,-0.38121712,0.7850257,0.3410237,0.30640996,0.39852586,-0.10701627
-0.19196758,0.06354336,0.16968,0.13761532,0.11264642,0.27850682,0.37148982,-0.20302022
-0.2392587,-0.2486624,-0.29992777,-0.4830873,0.06138541,0.05385294,0.18459019,-0.16892473
-0.31892008,-0.22700404,0.47487772,-0.82152903,-0.2059134,0.7012824,0.040757425,-0.057077907
-0.4156655,-0.31107822,-0.0020062923,0.5786576,0.20848525,0.23823175,0.35879228,-0.13302554
-0.22869886,-0.13434571,-0.34726322,-0.8816525,0.073269926,0.7255571,0.28354892,-0.07671433
-0.50598997,-0.41448388,-0.07899201,0.66336405,0.33823052,0.35332015,0.19188415,-0.3225008
-0.09267531,-0.07545836,-0.26393348,-0.8826559,-0.66579974,-0.5527141,0.33010262,0.41239244
-0.15710434,-0.18389384,0.23805177,-0.79243785,-0.1045763,0.73866385,0.42101967,-0.04668621
-0.47135693,-0.29696974,0.17466486,0.23422706,0.37110087,0.3869347,0.3734471,-0.27348185
-0.3309154,-0.08902423,0.025864124,0.76130843,-0.12026383,0.6443698,0.3011971,-0.10402823
-0.13376725,-0.2571641,-0.4549607,-0.03154975,-0.3497464,-0.12668495,0.12220128,-0.13468914
-0.43740246,-0.12381786,0.29497373,-0.044118643,-0.46495774,0.5818136,0.04521519,0.050287396
-0.3691028,-0.27864233,-0.15945846,0.5985776,0.45356935,0.4875994,0.5997529,-0.30009156
-0.36110842,-0.23105735,-0.42597002,-0.031406283,0.36683485,0.3795545,0.3923431,-0.20760271
-0.51843137,-0.20406131,0.018890142,0.6720338,0.3249849,0.26654905,0.33594257,-0.101975985
-0.45550644,-0.36207527,0.027957797,-0.76962745,0.119221024,0.29241943,0.17739637,-0.39453298
-0.13317092,-0.24617848,-0.7208816,-0.08543253,-0.23932204,-0.11061471,0.16897073,-0.15202926
-0.5307579,0.037790585,-0.8615654,0.34795356,0.46731657,0.19795153,0.28747976,-0.09722598
-0.22085898,-0.13435227,-0.29231197,-0.42025536,0.25825503,0.4024517,0.40956563,-0.08068679
-0.66256243,-0.31998494,0.5424552,-0.5460497,0.40935168,-0.2594272,0.13402563,-0.12539968
0.05271284,-0.14362235,0.034564376,-0.051136017,-0.28542137,0.7767522,0.7838422,0.22110254
-0.39381212,-0.12729798,-0.74040365,0.42314327,0.23756114,-0.19022521,0.3344544,-0.18751252
-0.5012049,-0.099663675,-0.34321785,0.14116812,0.51855916,-0.30214897,-0.34669334,0.16730241
-0.6436783,-0.23989771,-0.3107872,0.1254878,0.025403157,-0.75923496,-0.58293355,0.18417427
-0.379568,-0.25054467,-0.21897155,0.16573143,0.5252415,0.4593892,0.41444802,-0.18251055
-0.41866302,-0.34675816,-0.14928317,0.3806448,0.19016717,0.7407058,0.4361493,0.257327
-0.43444547,-0.12991889,-0.82320535,0.26764703,0.2011177,0.1489849,0.19218133,-0.11372726
0.38981384,0.16248386,-0.7540841,0.37253213,-0.8247667,0.5619931,-0.06163795,-0.25382394
-0.73469794,-0.13895585,0.09732771,-0.23959643,0.041234083,-0.70358306,-0.14297333,-0.16080545
-0.3582788,0.086122714,-0.9468101,0.09451008,0.43788168,0.203616,0.3041689,-0.13560766
-0.3766204,-0.24728048,-0.70978105,0.2910564,0.28686935,0.36720455,0.37878665,-0.17951457
-0.7510063,-0.0826228,0.055273056,-0.03509003,0.4282098,-0.5111134,-0.19317378,-0.13546386
-0.32516915,-0.029720735,0.5662718,0.60427725,0.16134535,0.1612749,-0.010828759,-0.21212752
-0.40493333,-0.028636817,-0.1846121,-0.4317016,0.3345605,-0.3383913,0.16890404,-0.14722854
-0.26219377,-0.091497175,0.44424546,-0.827842,-0.46638742,0.55096793,0.5844291,0.25847307
-0.5773348,-0.008444021,-0.27916408,-0.83930665,0.24702749,0.07786008,0.28006598,-0.06653999
-0.416531,-0.041207146,0.5231118,0.6429701,-0.110792115,0.74386996,0.31924015,-0.20628516
-0.5704337,-0.34746218,0.28238404,0.72962475,0.46577916,-0.28888026,0.11451663,0.43376496
0.013902588,-0.21433969,0.3878088,0.76659966,-0.542366,-0.27214167,0.20374106,0.08343236
-0.4181808,-0.12196164,-0.8855357,-0.3629554,0.025205992,0.7530441,0.35780522,-0.06338619
-0.3583843,-0.2909213,0.532961,0.71168983,0.1783027,0.2541027,0.36429244,-0.18892984
-0.380765,-0.22671412,0.60244644,0.35142255,0.30716807,0.37020704,0.38330352,-0.2374465
-0.45911652,0.20910613,-0.8907117,0.27046013,0.6333402,-0.12062069,0.36291385,-0.15387881
-0.30163124,-0.4070453,0.15614319,0.48285067,0.039448068,0.79594296,0.7001954,0.09742312
-0.36571354,0.081262805,0.18920696,0.84205484,0.29315808,0.29189062,0.2802861,-0.23359147
-0.2745492,0.03522143,0.33210742,0.68822324,-0.37491104,0.5886095,0.27835,-0.0060077067
-0.4330824,-0.13291639,-0.681203,0.16902637,0.15461074,0.07268249,0.3390971,-0.1821738
-0.21198253,-0.11284582,-0.24949342,-0.40998405,-0.39317298,0.69653046,0.48358065,0.07141132
-0.4216347,-0.16053472,0.76292706,-0.61010885,-0.3040198,-0.82690936,0.16422793,0.09947155
-0.56778246,-0.20389684,0.30933523,-0.420116,-0.8193208,0.30174428,0.24814752,-0.30965775
-0.4034082,-0.18260737,-0.51083803,-0.24703401,0.3421332,0.40274295,0.38845474,-0.24033308
-0.41454104,-0.20441572,0.006718397,-0.31702745,0.3490808,0.037862975,0.17254919,-0.26364484
0.15116514,-0.41913715,0.13238454,0.48800218,-0.33294663,0.39902702,0.78341055,0.21630947
-0.59770197,-0.14093025,-0.22785252,-0.73289734,0.4138016,0.16520362,0.2964037,-0.23549783
-0.33615005,-0.18572056,0.5327219,0.522014,0.117634535,0.2591157,0.044618316,-0.44409996
-0.24717894,-0.10658826,-0.07508302,0.4001962,-0.4866192,-0.306775,-0.19869356,-0.4859777
-0.23380026,-0.12191472,-0.37683845,0.3731587,-0.10519411,0.7465007,0.63670003,-0.045046758
-0.14856121,-0.17875156,-0.3235399,-0.75325173,-0.75714207,0.37933618,0.23130587,-0.3540836
-0.32635856,-0.15889372,0.6032783,0.44260132,-0.018001685,0.7650375,0.6854071,-0.082808465
-0.39482716,-0.18855846,0.09479129,0.8956934,0.1646033,0.23384641,0.40408695,-0.22373946
-0.3788112,-0.06034909,-0.42485386,-0.3924935,0.23272121,-0.3499639,0.20629098,-0.026042037
-0.393496,-0.15143579,0.48694336,-0.8526295,-0.52897483,0.62418807,0.7136505,0.3521883
-0.4388107,-0.08112381,-0.65966403,0.055743217,-0.15409447,-0.60709554,-0.19666809,0.07161009
-0.71321505,-0.22843686,0.106918216,0.61362016,-0.09160912,-0.71307886,-0.4008965,-0.0049198573
-0.43829226,-0.0076952977,-0.22639424,-0.73958564,0.24258906,0.28335568,0.22403356,-0.19377775
-0.19601358,0.19131677,0.17738688,-0.092957616,-0.16617322,-0.7388937,-0.3047146,-0.6047107
-0.29066822,-0.16276543,0.45825195,-0.5025743,-0.46684325,-0.24891141,0.22031721,0.49353772
-0.42978996,-0.1233662,0.8504648,0.12888849,-0.07688812,-0.6500769,0.033331856,-0.06592224
-0.6186462,-0.10609051,0.85500896,-0.09910935,-0.8433112,0.14093459,0.09258176,-0.1911167
-0.58109605,-0.2875899,-0.18928558,0.57201815,0.008638031,-0.757419,-0.17428826,0.1483417
-0.47095886,-0.1474116,0.7949045,0.3942722,0.6392335,0.10011916,0.21208405,-0.2046999
-0.19689457,-0.09324591,0.8735932,0.2452761,0.16141887,0.24686317,0.42157367,-0.14671077
-0.36155653,0.008127515,0.07888889,-0.72467244,0.344181,0.32002103,0.3678179,-0.27471706
0.32386625,0.18796434,-0.33719522,-0.5262059,0.485962,-0.108709075,-0.5275789,0.48175022
-0.6011588,-0.045169022,-0.657028,-0.36460453,0.36621654,0.28056502,0.14713049,-0.21366845
-0.4510909,-0.1618493,-0.7113285,-0.2539448,0.23823018,0.12212795,0.3929848,-0.1277044
-0.27386746,-0.09793803,0.34183514,0.24932218,-0.24692376,-0.72527146,0.16102184,0.28939497
-0.3755475,-0.17695385,-0.3573221,-0.63914317,-0.059267506,-0.03300772,0.1448909,-0.14217822
-0.37208137,-0.22939993,0.60681343,0.27553272,0.14580606,0.20201662,0.25878626,-0.1728548
-0.4492561,-0.23757349,0.8130461,0.33044374,0.3609634,0.4585002,0.37107933,-0.29122716
-0.15274586,-0.12769341,-0.7050063,-0.20707351,-0.12237974,0.69192237,0.39341265,-0.15938953
-0.5487262,-0.22656268,-0.6389916,-0.2510571,0.19211584,0.17615747,0.3764946,-0.14275488
-0.53246266,-0.23820347,-0.35030365,0.69228184,0.44542745,0.23006144,0.38212246,-0.22670797
-0.22099398,-0.34190795,0.10784972,-0.5501136,-0.014794594,0.5860568,0.14083079,0.100420855
-0.68003756,-0.20030534,0.23280275,-0.4232517,0.61472434,-0.17492048,0.20349275,-0.05394446
-0.1956955,-0.3501961,-0.46286118,-0.66347593,0.39826557,0.50922745,-0.21128114,0.17992136
-0.23123388,-0.11337674,0.2509414,0.5486417,-0.07097762,0.1452822,0.038110644,-0.45355093
-0.29446954,-0.18123586,-0.5327083,0.41444552,0.32882538,0.399169,0.5443433,-0.14438696
-0.19304633,-0.24257565,0.15751112,0.9251493,-0.17641959,0.7202459,0.2598237,-0.15865119
-0.41161218,-0.12842144,0.59147227,0.64311457,0.2521806,0.26406586,0.12320703,-0.34037876
-0.35110158,-0.09341704,0.91815555,0.32045817,0.09644328,0.16106904,0.47654018,-0.048217967
-0.33807075,-0.25664255,0.7856153,-0.27439773,0.17007238,0.37461287,0.4492363,-0.24324986
-0.101763174,-0.13888806,-0.24536258,-0.5004608,-0.42568392,-0.6078723,0.016714305,0.15396643
-0.3086729,0.037419323,0.28049004,0.5963712,-0.05282166,0.740974,0.55762297,0.027660577
-0.24248265,0.014492814,-0.37750858,0.01367259,0.18812793,-0.2863947,0.3286289,-0.2504688
-0.3349523,-0.20344064,0.62686765,0.08180606,-0.21382949,-0.65531,-0.38136172,0.03628073
-0.018864738,-0.083658665,-0.29264724,0.7160667,-0.74941504,-0.37161174,0.39398578,-0.21710387
-0.25731143,-0.18335623,0.7392067,-0.020690858,-0.19513975,0.6522089,0.27699804,-0.1609789
-0.37693623,-0.1259386,-0.8188757,-0.3498568,-0.07342786,-0.1601364,-0.2475266,-0.48186043
-0.67833304,-0.119853415,0.10539985,0.77707756,-0.07006261,-0.714662,-0.016871829,-0.09975221
-0.25588933,-0.2623519,-0.88152933,-0.36140382,-0.08492139,0.60336226,0.29352584,-0.21764651
-0.1482782,-0.12928222,-0.25108993,-0.72166336,-0.13740173,0.6747536,0.3599242,-0.1647868
-0.448665,-0.087771006,0.76942873,-0.07256955,0.22880481,-0.11664092,0.097451486,-0.1584035
-0.26481867,-0.25610518,-0.3017323,0.61491287,0.37922168,0.6895791,0.50885236,-0.09860568
-0.5099749,-0.14851975,0.36626744,0.36485004,0.43366787,-0.24162196,-0.11843774,-0.03898302
-0.4614655,-0.05482124,0.2595253,0.75271356,0.64135563,-0.296464,0.43635827,-0.64422023
-0.4864601,-0.080123566,0.80540645,-0.59157765,-0.2808295,-0.7592575,-0.3527931,0.034518864
-0.63304377,-0.18862753,0.57591987,-0.6091918,0.5643415,-0.083532944,0.07555971,-0.007984785
-0.5928705,0.091401584,0.29450858,0.80043733,0.3775342,0.23039174,0.25770333,-0.10510796
-0.31197888,-0.1268512,0.27747643,-0.05373615,0.40658134,0.5105834,0.39161193,0.051310603
-0.6466543,0.07387092,-0.07872301,0.18948579,0.3744894,0.2518407,0.10695324,0.31741682
-0.35285684,-0.19818577,0.4409783,0.1575762,-0.42575958,0.49982733,0.37388837,-0.21839662
-0.6188314,-0.2124124,0.7787843,-0.49919814,-0.24274826,-0.759526,0.11322708,0.071968816
-0.22622618,-0.080825396,0.29919064,0.4066571,-0.65672433,-0.2718243,0.36756128,0.484397
-0.40162498,-0.16914052,0.28807878,-0.45384312,-0.100779705,0.431844,0.51321405,-0.23245859
-0.33275926,-0.275805,0.8815956,0.21820104,-0.35458335,-0.056836467,0.08779692,-0.33561003
-0.4111808,-0.09269393,0.49946892,0.5525079,-0.7370085,0.25283062,0.30463356,-0.15078698
-0.3695471,-0.15962224,0.58234835,-0.52931476,0.16031636,0.279606,0.37520015,-0.06080591
-0.35315493,-0.048764165,0.25793183,-0.4660139,-0.20912014,0.6300396,0.4708604,0.047269322
-0.23869264,0.08133239,0.1697774,0.6919402,0.28211594,-0.22015308,0.21534656,-0.20275272
-0.14449356,-0.20472917,-0.47988242,-0.6287601,-0.25601104,0.679429,0.561557,0.24083498
-0.33516106,-0.23541643,0.33509016,-0.8423158,-0.3934139,-0.011975555,0.12900129,-0.17138155
-0.42849335,-0.22870684,-0.8210926,0.03568864,0.41335413,-0.17004623,0.28893214,-0.15182191
-0.12783037,-0.24285169,0.8692137,0.30434608,0.13625355,-0.3727156,0.22714229,-0.04467652
-0.21617563,-0.03855456,-0.20279557,0.61748326,-0.48372167,-0.6440545,0.2780172,0.34263185
-0.74344975,-0.016573053,-0.6586549,-0.5823271,0.2879887,-0.48323032,0.06744534,-0.15383783
-0.42180166,-0.18482494,0.47943783,0.26814973,0.39756045,0.44374165,0.3217894,-0.19729581
-0.7262991,-0.09302287,-0.46018648,0.78703606,0.62023056,-0.27464396,-0.5435874,0.49353343
-0.5290754,-0.22040522,-0.16870248,0.7530519,0.4238392,0.28031614,0.19487564,0.15456991
-0.29948375,-0.18325977,0.5471637,0.6048335,-0.2042876,0.65529346,0.5288308,-0.008439307
-0.32342523,-0.030431066,-0.20620173,0.36314845,0.0068297638,0.007921546,0.28134257,-0.17824528
-0.3497444,-0.2511675,-0.06479496,0.5414996,0.23215726,0.2261509,0.20702894,-0.19110124
-0.5868334,-0.10847796,0.09301865,-0.19216752,0.2511113,-0.028770724,0.42742822,-0.036286823
-0.5238611,-0.20632444,-0.667094,-0.27013397,0.3601713,0.27860525,0.37411362,-0.2775638
-0.056914557,-0.04031731,0.0683254,0.3038478,-0.35777134,0.6255683,0.5883535,0.24930955
-0.47071794,0.053436626,0.1491617,0.35436797,-0.23849122,-0.7282439,-0.21990436,-0.40111873
-0.5511794,-0.11884593,-0.40418422,0.89398825,-0.17670079,-0.5403677,-0.50876945,-0.0690283
-0.17505929,-0.10273833,-0.355044,-0.62076026,0.103337355,0.17414643,0.38142797,-0.010916716
-0.31555128,-0.3648535,-0.72163916,-0.008935392,0.4113956,-0.27641025,-0.23404182,-0.7609027
-0.43809417,0.120356284,0.03092742,0.8143847,-0.9238367,0.29405472,0.33530134,-0.024573775
-0.38234574,-0.06523374,-0.407789,-0.14836198,0.031293824,-0.30913168,0.21263774,-0.086823516
-0.33681294,-0.29040125,-0.63886994,-0.66794497,0.19258176,0.24126156,0.16208465,-0.38567755
-0.41680768,-0.16404338,0.25179303,0.36144054,-0.37504107,-0.08863818,-0.03880359,-0.35916385
-0.38540184,-0.18466799,0.09630716,-0.2487815,-0.18492942,-0.4123926,-0.16146104,-0.039159093
-0.31694728,-0.2094229,-0.8500997,0.019579649,0.42821848,-0.27187693,0.26882976,-0.0813465
-0.13385913,-0.007666151,-0.24295163,0.9074477,-0.13065416,0.4525216,0.360433,0.24741054
-0.33071896,-0.14818498,0.24596822,0.041022897,0.33519158,0.26006132,0.31843695,-0.20213474
-0.4016153,-0.03104173,0.32285452,0.12530029,0.5620789,-0.17307834,0.25049424,-0.11535117
-0.4122851,-0.10599115,0.2162584,0.51018536,-0.09604808,0.78164583,0.6608736,0.09811703
-0.40873232,-0.16206226,0.47954738,-0.016777158,-0.107622735,0.8199243,0.23559494,-0.14650826
-0.62347496,-0.2626891,0.21946132,0.50485575,0.32202387,0.354349,0.37370577,-0.1441171
-0.13156642,-0.23275219,0.43307614,0.081047416,-0.76580644,-0.018378278,-0.45255646,-0.09696467
-0.3796719,-0.4183186,-0.77803695,-0.0392887,-0.13526395,-0.04656919,-0.04682332,-0.1767376
-0.046316836,-0.15900078,-0.86622113,-0.18912548,-0.14636688,0.62251127,0.18029967,-0.21198827
-0.38314566,-0.17464691,0.44995856,0.56967235,0.03610359,0.20642625,0.3834403,-0.11119804
-0.26281083,-0.21190628,0.41247344,0.3270707,-0.057007235,0.10967111,-0.14844057,-0.26713973
-0.24834502,-0.120182075,0.41806686,-0.76483977,0.04686231,0.085194096,0.08115718,-0.20308891
-0.2576258,0.06856809,0.34846866,-0.41327184,-0.41752487,0.5528805,0.420372,-0.06667646
-0.43651855,-0.021258157,-0.27047724,0.2583518,0.576549,-0.054700024,-0.40574482,-0.12082237
-0.32486683,-0.33828682,0.8289776,0.42281616,-0.11973244,0.8552594,0.42576033,-0.108675785
-0.50855225,-0.16728099,-0.20839512,0.7345034,0.34041443,-0.35509348,0.22244367,-0.028687099
-0.25470483,-0.36968112,0.6234535,0.64782715,0.20211408,0.31264934,0.2961072,-0.014057589
-0.552603,-0.31748587,0.47356915,-0.19437331,0.25828594,0.120592654,0.3598661,-0.12940615
-0.50106364,-0.33256078,0.5022336,-0.5530261,-0.31383157,0.73753875,0.6263794,0.202772
-0.5659885,-0.13573776,-0.20084524,-0.4675774,0.717091,0.46564874,-0.14024101,0.673175
-0.5517493,0.10638901,-0.73705244,-0.04128337,0.37931386,0.16304174,0.23261143,0.1762462
-0.3647109,-0.09960347,-0.6003281,0.67223287,-0.07383795,0.78464675,0.6901307,0.08345382
-0.08436148,-0.13919741,0.93386734,0.36184835,-0.20016672,0.69783026,0.51096076,0.08291645
-0.38862243,-0.102868006,0.3302679,-0.27826905,-0.86879855,0.1895941,-0.19277896,-0.20268519
-0.45985156,-0.24329603,0.22625422,0.28887308,-0.08954298,0.8323018,0.6125762,0.08900258
-0.53719556,-0.088033564,-0.041390955,0.6054909,0.3583037,0.25915685,0.41072506,-0.12648071
-0.45897472,-0.07137798,0.25955415,0.85685015,0.017881526,0.048052087,0.17770496,-0.14314476
-0.2765481,-0.17308323,0.22065043,-0.5007568,-0.1934342,0.8469151,0.3603931,-0.056820553
-0.30906394,-0.09082668,0.56739974,-0.020580947,0.30053228,0.02216441,0.31263122,-0.19645202
-0.44684133,0.013573517,-0.1713615,-0.9295238,0.29370692,0.007906778,0.38846204,-0.12244154
-0.42393127,-0.22538152,0.5394833,0.09801257,0.3426638,0.29750794,0.47978172,-0.19045125
-0.29384276,0.111370735,-0.7295464,0.15166104,0.47573304,0.09870469,0.2131853,-0.08143139
-0.4668873,-0.2740212,-0.069556355,-0.3022629,0.37597272,0.33961487,0.23643053,0.068029545
-0.051272694,-0.16130345,-0.40307355,-0.67761195,-0.026664093,0.11669421,0.13520531,0.015690956
-0.16272521,-0.098989785,-0.29379225,0.43359172,0.026736313,0.19077677,0.21882448,-0.19123031
-0.30156854,-0.105865486,0.061213613,-0.73360837,0.22993536,0.1339694,0.27751988,0.101641126
-0.5171382,-0.31620324,-0.8182855,-0.36131227,0.37959898,0.12273566,0.31658745,-0.1766209
-0.37274203,-0.36027938,0.73478043,-0.41947109,0.26644683,0.42022973,0.3320682,-0.19165629
-0.15755074,0.05597194,0.32715094,-0.8186333,-0.17104183,0.08189023,0.14108917,-0.19522251
-0.43208408,-0.16644296,0.091602325,-0.76263845,-0.17702934,-0.64497066,0.10376717,0.09647829
-0.32999554,-0.057574417,-0.67249036,0.042117596,0.04986181,-0.78401774,-0.35620415,0.15434733
-0.38576245,-0.10733009,0.43944037,0.5443286,0.33891967,0.20751958,0.34363937,-0.0054184115
-0.5332603,-0.31320414,0.0017551184,0.721871,0.5258324,0.23090418,0.32636896,-0.11671593
-0.46555567,-0.38751337,0.636197,-0.34566283,0.49545234,0.63460463,0.3770168,-0.16170014
-0.53669333,-0.085374184,-0.041486263,0.47923195,0.318419,0.2521326,0.4420555,-0.124478
-0.22934301,-0.24218735,0.03904724,0.35776043,-0.4262065,0.55929255,0.35016555,0.06807777
-0.23328374,-0.35138237,-0.6888668,-0.44181645,0.33360374,0.6865937,0.6352308,-0.22273932
-0.42041078,-0.32990208,0.54362535,0.24153793,0.30778128,0.41556194,0.40572825,-0.18248324
-0.42809546,-0.1262484,0.20126307,-0.6928625,0.06708695,0.122408666,0.2653061,-0.18229577
-0.46661028,-0.09881806,0.96896195,0.12670279,0.40820262,-0.4442957,0.22988445,-0.09249897
-0.024432542,-0.15609173,0.17609441,0.026278257,-0.41530043,0.48540238,-0.07866381,-0.043667126
-0.4957383,-0.26129872,-0.9784376,0.046631217,0.33440128,-0.42674527,0.18219529,-0.091089174
-0.30368206,0.013747339,-0.5858837,0.68997836,0.37177965,0.0528214,0.28658107,-0.1074176
-0.44193602,-0.13532628,-0.6743983,0.42585254,0.3531953,0.21535902,0.3922237,-0.06894469
-0.32201445,0.13064183,-0.20103931,0.6763047,-0.34357414,-0.084129915,0.11554676,-0.08925763
-0.3051973,-0.2246267,0.8989084,0.13892043,-0.2746222,0.029830547,0.1379249,-0.13960546
-0.29704338,-0.095702894,-0.9440949,0.13576972,0.02296181,-0.30886865,-0.11027498,-0.102967225
-0.29545045,0.24579184,-0.8978292,0.27072346,-0.16881305,-0.46951497,0.25863114,-0.106765136
-0.3724554,-0.2106456,0.3070109,-0.85386264,0.52817416,-0.20850319,0.09254489,-0.15036818
-0.28369412,-0.20079029,0.27293265,-0.80862486,0.36805195,0.39271176,0.30480865,-0.18839048
-0.33542758,0.0037452176,-0.59730375,0.04938376,0.25082892,-0.406093,-0.0027800165,-0.41060764
-0.7122625,-0.31698912,0.4000237,-0.7259345,0.27425677,-0.75112325,0.17095658,-0.09153979
-0.38559356,-0.3384728,-0.7816291,-0.3078649,0.2750811,0.22548683,0.3666879,-0.17459546
-0.39910385,-0.27037594,0.4909042,-0.7277771,0.14325315,0.7894392,0.4277275,-0.071859255
-0.4224808,-0.08333586,0.38563085,0.13795817,-0.0354841,0.21009396,-0.17827539,-0.27489364
-0.1503074,-0.3109347,-0.23063654,-0.034984827,0.2280759,0.5234223,0.44012338,-0.24143393
-0.049168486,-0.28383547,0.26567733,0.6009209,-0.13361622,0.6443656,0.53925055,-0.074776165
-0.6819388,-0.069977686,0.48854887,0.08081961,0.59465283,0.00591303,0.13314742,-0.1352988
-0.6992756,-0.05574977,-0.12881964,0.948158,0.5385896,-0.45945174,-0.06626091,0.17926392
-0.22431983,-0.04573289,-0.014239013,0.98382235,-0.389796,0.60207725,0.20177072,-0.10785351
-0.42193696,-0.3106038,0.29097128,-0.4614988,-0.11803021,0.48155302,0.48533824,-0.2440953
-0.33234245,-0.04917633,-0.3913049,0.72514033,0.25598627,0.31263354,0.26601645,-0.22071551
-0.10245708,-0.16534677,-0.9299415,0.017926693,-0.23065823,0.5597859,0.37765175,0.107057504
-0.2688535,-0.02016164,-0.31499463,-0.66437364,0.4402265,0.21389152,0.2696114,0.24146426
-0.4109565,-0.11332914,0.06895375,0.8860284,0.38338098,0.28857097,0.21305102,-0.38781455
-0.38779032,-0.119956076,0.64401925,-0.41341102,0.075486496,-0.08239082,0.14339434,-0.0055310936
-0.4290802,-0.08829918,-0.24633318,0.31508946,0.053801857,-0.65667444,0.03444833,-0.009079088
-0.2808928,-0.24875802,0.8728819,0.20691812,0.45228252,0.2630445,0.35960507,-0.17182343
-0.46760425,-0.20448217,-0.6031579,-0.60425293,-0.290899,-0.15623187,-0.34890214,-0.54477733
-0.36755368,-0.14126612,-0.7563525,-0.45341098,0.3740192,0.47311765,0.5148132,-0.0871341
-0.20833667,-0.15979639,-0.62761366,-0.17651159,0.43962833,0.44781435,0.23356603,0.1546838
-0.43991148,-0.015773367,0.8051467,-0.1355443,0.40263066,0.15515524,0.5047089,-0.20527403
-0.3721121,-0.15436125,0.42450535,0.7278627,-0.19472462,0.74319065,0.47319907,-0.008869029
-0.29325584,-0.20994887,0.6326202,0.008479357,0.19758411,0.2322679,0.38625136,0.03636704
-0.24443261,-0.14259022,0.48721945,-0.85469997,-0.3242923,0.64473766,0.5252214,0.3002801
-0.5723922,0.03575619,0.38515234,-0.77934635,0.47704032,0.23579638,0.3065284,-0.18617073
-0.4414495,-0.048738603,-0.20229155,0.88379014,-0.23463847,-0.50229543,0.30424994,-0.07139827
-0.31691235,-0.14110084,-0.22914475,0.8251662,-0.23312683,-0.14485946,0.26634768,0.09505653
-0.49137193,-0.14345631,0.16837525,-0.86829174,0.1426841,-0.43182817,-0.2546054,-0.11019161
-0.29860765,-0.2517266,-0.55097353,-0.33599412,0.39182436,0.6214077,0.50789535,-0.2663193
-0.33618402,-0.38518468,0.5494932,0.5301728,-0.18065356,0.0031444423,0.33142036,-0.20716076
-0.3334911,-0.15261912,-0.14108115,0.54241514,0.234311,0.25249347,0.41118163,-0.16657543
-0.43301007,-0.19190095,0.48093283,-0.05439037,-0.056594115,0.8166273,0.43726698,-0.021013563
-0.33933783,-0.093662575,0.35548258,0.13500309,-0.5105767,0.37046006,-0.4874784,-0.18495327
-0.36065498,-0.3951546,-0.46212995,0.5827917,0.34133258,0.63260275,0.5324509,-0.38324448
-0.32146698,-0.1488628,0.34423935,0.53443694,-0.1026085,0.670625,0.67616004,0.07685887
-0.18175222,-0.23645237,-0.264584,0.45183563,-0.09929683,0.7953655,0.42741245,0.02710129
-0.35726684,0.02877735,0.9340707,0.37600434,0.035805043,-0.24288993,-0.048022248,-0.12267647
-0.46414393,-0.168724,-0.032799244,-0.012666941,-0.5455513,-0.6658022,-0.30558616,-0.039101012
-0.3592684,0.02941889,-0.39867908,-0.10026008,-0.04831015,0.80478376,0.42168504,-0.1450325
-0.40164453,0.04881077,0.122167945,0.63280284,0.23871912,-0.38505593,0.10055731,-0.0036899243
-0.046487737,0.0498986,0.22082376,0.15201235,-0.007815994,0.2943414,0.33448076,-0.10738316
-0.6217971,-0.077637725,-0.032358646,0.61853015,0.38465616,0.23607314,0.2677122,-0.1398848
-0.32272655,-0.09382105,0.24709308,0.5645522,0.037540957,0.16319425,0.27853855,-0.085196465
-0.7302032,-0.15082794,-0.011431873,-0.9153978,0.401371,-0.4746007,0.13705456,0.06760481
-0.48627597,-0.1557497,-0.44256663,0.64102197,0.47381756,-0.41508093,0.27319145,-0.22635339
-0.20581748,-0.21791726,-0.7222748,-0.30315924,-0.112147175,0.67756176,0.5890936,-0.048727017
-0.03533413,-0.036214594,0.2725321,0.20912898,0.47319332,-0.07453332,0.23092015,0.73792547
-0.39765063,-0.18871719,0.19458926,0.8767835,-0.13716263,0.03365131,0.32531416,-0.22876582
-0.29383093,-0.1563131,0.38411427,-0.68086356,-0.027333213,-0.3834704,-0.16977978,-0.16827393
-0.4618888,-0.29551286,-0.11574113,-0.57752293,-0.24683426,-0.69826895,-0.09194452,0.17591135
-0.074189946,-0.17115116,-0.95795375,-0.0041603446,-0.104539126,0.69107187,0.6565561,0.021880172
-0.57077265,-0.31802928,-0.8323525,-0.3837136,0.29295874,-0.03722395,0.31899822,-0.13729906
-0.40810397,-0.3351993,0.23624456,0.013140321,-0.22804919,-0.015513616,0.28326768,-0.20291865
-0.4765928,-0.22352551,-0.89191866,-0.29108042,0.2642726,0.2574573,0.41818357,-0.13697338
-0.33050543,-0.020544242,0.28749907,-0.842262,-0.05774355,0.19000477,0.21303084,-0.23517981
-0.22122031,-0.20499288,-0.32627016,0.55973876,0.3446628,0.42834747,0.45646566,-0.15896168
-0.4438625,-0.16258268,0.34884107,0.05982828,0.44437516,0.20332207,0.35278326,-0.11777942
-0.21639036,-0.19755585,-0.36021382,-0.64421314,0.14643268,0.2174217,0.2577172,-0.06593813
-0.43436137,-0.1867975,-0.5104867,-0.53790176,0.4707014,0.13094127,0.42256194,-0.19197142
-0.26661792,-0.2745612,-0.2885763,-0.39316982,-0.041133963,-0.04565021,0.020590348,-0.16357751
-0.22657767,0.17803939,0.31595552,0.57887363,0.18860814,0.19301239,0.4045809,-0.12270217
-0.5708544,-0.15805927,-0.93061,0.12530875,0.38029543,-0.305205,0.21103421,-0.088161126
-0.37267554,-0.08153299,-0.9077176,-0.09216875,-0.29490864,-0.55202234,-0.16175787,0.040324003
-0.52484745,0.3501,-0.52617204,0.53949666,0.639216,0.031218657,0.26203093,-0.073288254
-0.2959238,-0.25480077,-0.8776933,-0.078936994,0.27502713,0.22448397,0.4211938,-0.20148307
-0.15213723,-0.0151729835,-0.5045345,0.14633608,-0.26409224,0.862806,0.5995788,0.10017253
-0.33257094,-0.044827055,0.6966363,0.10005164,0.17949137,0.09121677,0.40507194,0.0015258929
-0.23376694,-0.18043253,-0.026217282,0.5578636,0.37320474,0.31691158,0.3784765,-0.2259163
-0.30095997,-0.09617966,0.6670737,0.01496768,0.18814878,0.08661274,0.15565513,-0.18865822
-0.2671206,-0.20388913,-0.22557646,0.64740264,-0.284764,-0.26978526,0.41011238,0.59748715
-0.35833338,-0.29281154,0.013158679,0.6718788,0.2485123,0.25382403,0.36486858,-0.17535193
-0.25139135,-0.23816696,0.10706699,-0.71493256,0.30197325,0.39129746,0.3646531,-0.22106075
-0.3609223,-0.20528883,-0.12156266,-0.08551943,-0.17634565,-0.27353758,-0.003809738,-0.13173348
-0.13777426,-0.2552481,0.9400345,0.07917166,-0.6577431,-0.58525807,-0.07624328,-0.2923846
-0.5197292,-0.15949939,0.4711243,0.59715354,0.45840788,0.40481284,0.41652137,-0.20229505
0.06304403,-0.28376287,0.10728347,0.652004,0.10726811,0.23082191,0.21608618,-0.27971452
-0.2391905,0.030510027,0.798864,-0.16668558,0.3113362,0.4150073,0.36091986,-0.18183039
-0.2852325,-0.24927048,0.037915587,-0.7161052,0.37303168,0.5852599,0.44822097,-0.4796649
-0.1276704,-0.2617723,-0.7670595,0.6147928,-0.2783924,0.75070935,0.5405484,-0.12484784
-0.1351841,-0.27186558,-0.09555924,0.35919917,-0.37558457,0.07152819,0.1608485,-0.19252889
-0.5470841,-0.052278552,0.3291006,-0.15228885,0.3665013,-0.32426098,0.011128588,-0.37164536
-0.62078327,-0.1483396,0.53802836,0.13209867,0.42635244,0.18987516,0.47222322,-0.229963
-0.51906973,-0.11172614,0.85636365,-0.39011157,-0.27685612,-0.7269774,-0.11529219,-0.5967959
-0.63385093,-0.31225592,0.58318233,0.47378182,0.25940934,0.3769812,0.41494122,-0.0936356
-0.3855499,-0.012056272,0.60113096,0.03514862,-0.28059357,0.70911986,0.19666436,-0.07176326
0.0010687839,0.3774579,-0.32840675,0.4854492,-0.09409159,0.7474755,0.20367129,0.114906475
-0.6929035,-0.07838261,-0.11072266,-0.38095587,0.26013532,-0.46688086,-0.25093994,-0.41502005
-0.35338396,-0.06723554,-0.004237354,0.15926039,0.30633882,-0.22678663,0.26580212,0.59288484
-0.34701028,-0.12538265,-0.14012402,-0.9426105,-0.24591856,0.5846245,0.39532313,0.013074187
-0.5034941,-0.09983811,-0.16549206,0.7647997,-0.43437067,-0.75865114,0.37947392,0.27859816
-0.5211904,-0.16738443,0.4026078,0.5637356,0.41983083,-0.2969603,0.2934494,-0.15512724
-0.47676072,-0.16910008,-0.33558577,-0.8838219,0.131986,0.3045115,0.16297407,-0.27362025
-0.35680777,-0.20305866,-0.65298843,-0.58617276,-0.087013625,0.78631,0.42335063,-0.22125287
-0.29551426,0.12331789,-0.86613643,0.34843957,0.23383296,0.1870398,0.17324868,-0.25630963
-0.23970835,-0.11555717,0.29341543,0.84794533,-0.54149723,-0.54685265,-0.5435804,-0.085048124
-0.45321462,-0.10132599,-0.08801472,0.41427004,0.43369645,-0.0076976297,0.2930891,-0.10419309
-0.396245,-0.30536887,-0.72211623,-0.40344363,0.18385623,0.14584114,0.35374758,-0.08536784
-0.25456142,-0.105425894,0.38347542,-0.020150542,-0.19811633,-0.32515678,-0.027915351,-0.023482893
-0.4161668,-0.31008673,0.6561924,0.19506288,0.28584263,0.37992904,0.43287185,-0.32705316
-0.45067126,-0.042940985,-0.4439631,0.10839033,-0.21184692,-0.0539504,0.29979146,-0.21840088
-0.44537663,-0.30853823,0.29061353,-0.38387668,0.11520711,-0.37792915,0.25688556,-0.088635996
-0.6496152,-0.10463791,0.26866138,-0.3625841,-0.0769394,-0.69503874,-0.07627461,-0.19192119
-0.2680809,-0.24068028,-0.041248858,0.37002528,0.33446118,-0.33487156,0.27203855,-0.18874827
-0.16356301,-0.20223781,0.3624065,0.6030483,-0.057389375,0.7873145,0.48540977,-0.06327052
-0.18161984,-0.10092631,0.13242078,-0.73350054,0.055324513,-0.47892508,0.08849543,-0.121849254
-0.4416234,-0.1279126,0.5988389,0.48521876,0.093861766,0.3741879,0.41563278,-0.2152516
-0.24590434,0.037700403,0.27719152,0.2118876,0.3461627,-0.08266633,0.37973875,0.5182903
-0.5039342,-0.26665747,-0.27848685,-0.06761086,-0.30911365,-0.41193593,0.046685588,-0.13912359
-0.46307766,-0.19807176,0.46800184,-0.19370669,0.28754503,0.17056541,0.4110064,0.029111456
-0.61972064,-0.36129132,-0.29989338,-0.81116384,0.26812026,0.1376054,0.3685358,-0.23470491
-0.35888255,-0.068967424,-0.5578308,-0.27847373,0.035036657,0.23252651,0.5292779,0.40274456
-0.4581627,-0.36273602,0.03761244,-0.64178693,-0.26694104,0.7417678,0.053268354,0.015198681
-0.34243432,-0.35952446,-0.79464686,-0.18562317,-0.15842758,0.62058043,0.37232336,0.0009609448
-0.2731347,-0.23761223,0.08828616,0.8929677,0.18784334,0.28177807,0.1856791,-0.44432756
-0.45357114,-0.15543236,0.621493,-0.37067378,0.29778397,0.26395437,0.33812124,-0.10768155
-0.2326921,-0.20756945,-0.2166506,0.6453705,-0.32797202,-0.19920571,0.46512678,0.57464945
-0.21931066,0.15016128,-0.8317897,-0.29550618,0.27697408,0.34596017,0.4107275,-0.118239135
-0.24516168,-0.13055943,0.017948031,0.6647248,0.03398634,0.20387924,0.32083943,-0.16347416
-0.36472073,-0.36829418,0.5494838,0.19949543,0.25300372,0.2603658,0.10049488,-0.34540516
-0.38701653,-0.03748813,0.8051467,-0.1355443,0.32267275,0.17223594,0.5752159,-0.18197575
-0.60278827,-0.30323657,0.04766929,-0.9815385,-0.067776635,-0.6797918,-0.065321,-0.044898164
-0.44845343,-0.0712956,-0.6144072,0.7027129,0.33559728,-0.4816877,0.33056483,-0.052268114
-0.44094512,-0.41383287,-0.06844318,-0.16601264,0.33902565,0.14833859,0.37462756,-0.1724809
-0.45072493,0.053580288,-0.23608428,0.42083156,0.2730022,-0.4060381,0.30656388,-0.060453795
-0.25465098,-0.04973044,0.77747345,0.015006423,0.506921,0.16104886,0.28196278,-0.2569074
-0.25212613,-0.22634064,-0.22820383,0.6497232,-0.3577078,-0.25163734,0.39214602,0.53724945
-0.4024641,-0.3541207,0.7217692,-0.37012047,0.27202585,0.07477056,0.2559809,-0.21050319
-0.5339228,-0.14754824,0.3262787,0.1413945,-0.31119537,-0.56613576,-0.10826618,-0.143905
-0.25394502,-0.12066188,-0.20239407,0.5803307,-0.44291317,-0.103978366,-0.33085006,-0.11815458
-0.63644135,-0.1663965,0.6065668,-0.55630946,0.3156795,-0.5104912,0.0931899,0.009501503
-0.043032456,-0.15622625,-0.77244824,0.17050385,-0.15069169,-0.27199727,-0.42636523,-0.019844387
-0.34939015,-0.12486414,0.34305537,-0.075688064,0.48261583,-0.26320803,-0.14541136,0.2511347
-0.76759183,-0.15477037,0.3164941,-0.45978832,0.36726186,-0.3488586,-0.11648714,0.060754973
-0.16854887,-0.15946528,-0.31899488,-0.11488354,0.1750729,-0.035224196,0.30141518,-0.064777836
-0.30224922,-0.33535767,0.2432617,0.3337016,-0.4675963,0.5187814,0.18667158,-0.12648867
-0.40096387,-0.28433943,-0.6531035,-0.4814723,0.2961098,0.41879874,0.47169492,-0.34262815
-0.35492012,-0.02981856,0.21467459,0.21482682,-0.094879754,-0.3694108,0.13210034,-0.07398118
-0.28307644,-0.22283395,-0.10778153,-0.7795145,0.1450801,0.3581356,0.11603588,-0.33769906
-0.15542406,-0.1271301,0.30846095,0.8209642,-0.56736195,-0.6216248,-0.13038532,-0.07570661
-0.4130126,-0.076923914,-0.16542566,-0.8260638,-0.82756907,0.32878914,0.36601353,-0.29251248
-0.48185396,-0.0481135,0.43570662,-0.47731823,0.33350375,0.2224094,0.3950426,-0.18420006
-0.37290293,-0.19899797,-0.0029441714,0.5214299,0.07601474,0.22883189,0.14051424,-0.29125738
-0.60535115,-0.13562103,0.09317505,0.60882616,-0.0752096,-0.6974737,-0.46781158,0.059799742
-0.30849403,-0.21594828,0.72392154,0.014535069,0.6282973,-0.13019028,0.17589024,0.8831371
-0.068682134,-0.26674026,-0.11560166,-0.74896777,-0.19372922,0.6903372,0.69729155,-0.14762533
-0.38809642,-0.11119226,-0.3949296,0.25790226,0.21247822,-0.009023124,0.17659962,-0.48511246
-0.3804958,-0.10034079,-0.14365119,-0.9373661,-0.23593011,-0.035063878,0.4369767,-0.045871824
-0.5874452,-0.42368186,0.55272067,-0.09035373,0.44196638,0.33730534,0.3563365,-0.24167
-0.52609575,-0.073416635,0.15188193,-0.6493385,-0.14937052,-0.23351686,0.06491162,-0.08820399
-0.37989503,-0.010536517,-0.7375291,0.092629075,0.35006866,0.33328208,0.39450544,-0.18958871
-0.22421016,-0.40009442,-0.24909246,-0.4795236,-0.23332626,-0.5904834,0.14166252,0.052365676
-0.5430867,-0.0076971753,-0.307366,-0.5527897,-0.090674534,-0.7406651,-0.0021183188,-0.17991494
-0.41041973,-0.2052429,-0.8536028,-0.118332446,0.4509702,0.40289083,0.34806383,-0.18712658
-0.36923727,-0.21848431,0.7227639,-0.5136742,-0.41697514,0.45166516,-0.03537466,-0.028117415
-0.4772273,-0.12914903,0.56435394,-0.11723077,0.31106108,0.30345255,0.38690147,-0.23655032
-0.28512174,-0.20784329,0.24668157,0.61575973,-0.086576104,0.723708,0.57433844,0.1063078
-0.3456692,-0.187625,-0.8500997,0.019579649,0.42652997,-0.21776554,0.25529444,-0.014519213
-0.28775293,-0.28008354,0.6261641,-0.34414446,-0.4699891,-0.35149798,-0.38662174,0.028137788
-0.54338896,-0.22348902,-0.23292553,0.78218305,0.49738085,-0.43948108,0.26561445,-0.12836356
0.114375696,-0.22931567,0.81298375,0.40177,-0.31775686,0.5214772,0.7675653,0.25572878
-0.31786174,-0.33585018,0.059471488,-0.5096545,0.048612498,-0.30266836,-0.1897757,-0.009226227
-0.41392028,-0.14952797,0.18022394,-0.9817205,-0.111364186,0.7940417,0.6173999,-0.03007902
-0.019773962,-0.23176198,0.36741757,-0.6949505,-0.3509373,0.46093345,0.7521451,0.14087015
-0.5644693,-0.1713121,0.88523257,0.03815186,0.33731556,0.2827663,0.38807184,-0.19459172
-0.3402562,-0.087437406,0.26569366,0.3410765,-0.6461628,-0.6630431,-0.39672577,0.0170726
-0.49194145,-0.34257457,-0.0007827282,-0.30244237,0.21952477,0.20443505,0.40682012,-0.2638626
-0.5645297,-0.284821,0.20129108,-0.76869816,0.4807993,0.24093701,0.24290104,-0.1383347
-0.36481345,-0.06441302,-0.42212427,0.46689618,0.37420323,0.3447926,0.33738935,-0.11221227
-0.35625806,-0.093528755,-0.20282525,-0.2610644,0.12660314,0.11250108,0.25269747,-0.11389751
-0.15878332,-0.13580272,-0.12290496,0.6780926,0.02397857,0.20676172,0.14359844,-0.10476416
-0.4257395,-0.013596858,-0.9713938,0.0125825405,0.4274373,0.123222224,0.35550392,-0.12455975
-0.4023354,-0.12646022,-0.34517664,-0.79698336,0.23296434,0.17535686,0.24578772,-0.17494553
-0.14515789,-0.22174986,-0.2783525,-0.8639976,0.24689977,0.24223986,0.46021426,-0.10882359
-0.456183,-0.21129367,0.17999542,0.8233309,0.48497784,-0.41721174,0.17061386,-0.05686386
-0.30516285,-0.11968036,-0.93382293,0.0655092,0.38600627,0.25674325,0.4360231,-0.10253922
-0.5434317,-0.0678745,-0.47813493,-0.8437629,-0.797855,0.21425334,0.057356518,-0.31582615
-0.56800973,-0.17451891,0.33077478,-0.11228156,0.850213,0.059845068,-0.25726938,0.32737237
-0.35177773,-0.02412301,-0.26054388,0.71063805,-0.20502113,-0.22302996,0.023607053,-0.01243802
-0.6224005,-0.22483984,-0.072796285,-0.80411446,0.17217836,-0.5322653,-0.008137596,-0.12220111
-0.22105755,-0.2171692,-0.07115334,0.37872362,-0.46189478,0.021988317,0.063895114,-0.21641605
-0.33291516,-0.29362616,-0.019839585,0.41727495,0.3676831,0.3434335,0.28024858,-0.2887756
-0.33951166,-0.2928748,-0.63718593,-0.20553458,0.17683096,0.26465115,0.46857345,-0.32838026
-0.49727696,-0.20765536,0.52321887,-0.27135593,-0.18524775,-0.50427735,-0.30384523,-0.15612313
-0.40359056,-0.26124632,0.055874705,0.9620435,0.15845378,0.1850709,0.3614196,-0.2030765
-0.28122973,-0.18859598,-0.79541904,-0.4359964,0.44170156,0.5215417,0.41971698,-0.2526971
0.2030553,-0.25922653,0.4954648,0.6523839,-0.19327773,0.64108,0.6507595,-0.025305742
-0.30728415,-0.51305306,-0.3412435,0.66741407,0.055342205,-0.75242335,0.38346472,-0.33076772
-0.46299428,-0.1299271,-0.32014513,0.21933138,-0.52892387,-0.68228287,-0.56017065,-0.12611161
-0.26782933,-0.12907563,0.91109264,0.4019152,-0.011304351,-0.19402939,-0.037080728,-0.26473543
-0.37708288,-0.19978274,0.20668519,0.29038882,0.20196022,0.055260394,0.42183274,-0.20850928
-0.33652008,-0.14557555,0.39299965,-0.5562317,-0.30431825,0.7276404,0.51116925,0.14253755
-0.65407324,-0.08578808,-0.6037774,-0.061276674,-0.15299843,-0.12952662,0.14284803,-0.35000056
-0.07689023,-0.25540885,-0.88451946,0.14184904,0.059300862,0.18630323,0.41279516,-0.29012036
-0.48173958,-0.14542761,-0.22231472,0.54691994,0.32549393,0.13170747,0.41797116,-0.011770759
-0.33322462,-0.07926427,0.29084432,0.8198104,-0.37025988,-0.5913475,0.323896,-0.004938338
-0.48065588,-0.26027375,0.85378945,0.30417633,0.15217051,0.2011804,0.11202522,-0.18058804
-0.4078636,-0.14229627,0.011234641,-0.9126389,0.5794238,0.12522894,0.3559954,-0.0889058
-0.4857837,-0.024384122,-0.17970812,0.07652116,0.42814863,-0.41758576,0.33438435,-0.11255138
-0.401829,-0.32743084,0.47534204,0.18493772,0.3167204,-0.039820954,-0.03491194,-0.061045066
-0.30559465,-0.2473778,-0.13948643,-0.9705443,0.2904962,0.40019011,0.28129175,-0.23177113
-0.44024572,-0.25735098,0.62787354,-0.3857062,0.39734188,0.49315453,0.40469307,-0.16869417
-0.31956917,-0.2808028,0.2194041,0.6680598,0.09489212,0.15847178,0.46284372,-0.07423423
-0.5064668,0.033747096,-0.52282214,0.8522252,0.36321574,-0.28404078,0.36377904,-0.28212866
-0.3470001,-0.34441602,0.071085334,0.8326031,0.17920023,0.24515323,0.3111338,-0.14822291
-0.2471993,-0.027578924,-0.044847548,0.40372872,-0.42292738,-0.6250807,0.08110437,-0.23154348
-0.43112436,-0.18528447,-0.37469512,-0.8392786,0.30584514,0.14148779,0.34030586,-0.11574524
-0.5588511,0.022001747,0.48134208,-0.68185514,0.12197824,-0.51250595,0.20424983,-0.08525781
0.472888,-0.5688779,0.24494469,0.15882373,-0.78890455,0.34814802,0.21321139,-0.4003455
-0.13447478,-0.25121173,0.2784133,0.20173109,0.37426746,-0.0707353,0.36310488,0.78910744
0.0068044197,-0.100774735,0.18862021,0.851166,-0.7200441,-0.5281665,-0.6884056,-0.101029746
-0.23945972,-0.06711899,0.35269153,0.68966174,0.13835192,0.14887996,0.35848352,-0.15308882
-0.7265817,0.016617421,-0.38136047,-0.041469812,0.34217787,-0.5274995,-0.11307462,-0.20310272
-0.39569917,-0.07694612,0.09795618,0.09988999,0.07558381,-0.4626259,0.16921352,0.004935429
-0.4050758,-0.34610745,0.5077853,-0.7406101,0.057897177,0.22385971,-0.026023012,-0.15639716
0.57371104,-0.13911533,0.3075366,0.74654436,-0.6295679,0.22505881,0.6461836,-0.42204213
-0.3382201,-0.14462231,0.6079198,0.43345857,0.25199974,0.22608058,0.21163726,-0.24960719
-0.6496654,-0.08313247,-0.038441896,-0.41919798,-0.048782807,-0.6695918,0.14798875,-0.21879503
-0.5479129,-0.30278003,-0.58219093,-0.26230812,-0.6589659,0.45626104,0.61619675,0.064579815
-0.33225256,-0.21747094,0.2634765,-0.9385988,0.32894278,-0.3626018,0.3479573,-0.14658712
-0.52195966,-0.057538886,0.2765094,0.8639231,0.4121266,0.27960658,0.41444522,-0.15275167
-0.38739702,-0.24997418,-0.36201078,0.7850301,0.17700139,0.16586773,0.3939323,-0.16631399
-0.44169757,-0.3540793,-0.46454573,0.19414842,0.47342527,0.6251011,0.4637866,-0.443851
-0.01781498,-0.4715894,-0.5843445,-0.5615941,-0.4226181,-0.18976615,0.032329757,-0.1282728
-0.39344642,-0.2611589,-0.1460436,0.58899736,0.26204145,-0.21395485,0.3080437,-0.17921636
-0.4049878,-0.3790859,-0.71430326,-0.37477857,0.09142285,0.5766704,0.31243747,-0.34458402
-0.09918645,0.053724144,-0.38895607,0.41824484,-0.4819418,-0.45377195,-0.39889076,0.0024265382
-0.36444214,-0.36399692,-0.08788282,0.6396179,0.28659266,0.553249,0.52738917,-0.16942717
-0.4964154,-0.08567421,-0.4281085,0.74393463,0.19661939,0.103369586,0.32348382,-0.018301899
-0.031306405,0.0025427982,0.23664427,-0.7354489,-0.34722668,0.614796,0.5870034,0.24184549
-0.5497823,-0.047792573,0.18650043,0.57687545,-0.033380333,0.7693615,0.4805493,-0.12663683
-0.22041048,-0.25683478,0.955613,0.04742503,0.6784877,0.15603225,0.31310254,-0.1863826
-0.7026191,-0.053562034,0.046093345,0.34869277,0.469457,-0.22900817,0.26191106,-0.059010487
-0.21834196,-0.33099124,-0.13073522,0.5776011,-0.31263745,0.011514122,-0.13953598,-0.18447116
-0.49021533,-0.13546383,-0.14419293,0.9070926,0.40190473,-0.34379515,0.39470455,-0.13990054
-0.6242093,-0.33001375,0.0836972,0.97456944,0.37858516,-0.32340187,0.19333306,-0.054551035
-0.5206742,-0.2916525,-0.861488,-0.29147983,0.25965187,0.29266733,0.2717612,-0.18798105
-0.5806454,-0.2773247,0.43720007,0.23474467,-0.048291564,-0.6589433,0.050121084,-0.00088466116
-0.63813937,-0.14988232,0.67847157,0.06761682,-0.20817508,-0.6080909,-0.045014035,-0.1727872
-0.36336723,-0.09790256,0.06272805,0.62080586,0.33692974,0.322142,0.40374008,-0.122705534
-0.10667059,-0.16617875,-0.6911576,0.33007658,-0.15914646,0.6877323,0.49830744,-0.048916474
-0.5057658,-0.15050697,0.22361135,0.68745804,0.22364078,0.17075557,0.44187638,-0.10436555
-0.40709946,-0.3222582,0.3270539,0.15212989,-0.17114848,-0.6805072,0.07238406,-0.1637514
-0.3949803,-0.19638553,-0.36936873,0.81892216,-0.2281881,0.7746635,0.16519043,0.08138656
-0.03527904,0.23132418,0.82575345,0.08731198,-0.094579354,0.1734783,0.07267481,-0.13124841
-0.5303839,-0.26669812,-0.69787765,0.06247127,-0.1289343,-0.72219753,-0.3036372,0.14505415
-0.2513226,-0.05881248,-0.14691961,0.4116782,-0.056305513,0.55305696,0.08581261,-0.1860565
-0.43118396,-0.22753796,0.16180336,-0.16844273,0.016688326,-0.59208953,-0.21389998,0.0629381
-0.21242934,-0.053578537,-0.28362036,0.42955518,0.3532553,0.2936425,0.43538842,-0.041868355
-0.26274714,-0.24717587,-0.11448544,-1.8417835e-05,-0.12719196,-0.023509149,0.16720538,-0.23424001
-0.96174866,0.22791566,0.4303677,-0.38721585,0.2771256,-0.5360208,0.041736294,-0.077573285
-0.3747339,0.015741352,0.42319477,0.11122453,-0.24173762,-0.19484118,-0.22732726,-0.45713773
-0.06293081,-0.43905714,0.57347393,0.59692085,-0.28280324,0.571467,0.3411305,-0.1828426
-0.3920456,0.01867168,-0.9591154,-0.07392466,-0.06811686,-0.5961579,0.20204931,-0.19266774
-0.098694876,-0.2713195,0.27116048,0.21620107,0.3854141,-0.06746199,0.36534742,0.76369965
-0.41396803,-0.18119484,0.5788628,0.32099485,-0.2855898,-0.28928477,0.05249985,-0.0964635
-0.68892586,0.089560606,-0.37089765,0.034317374,0.025945816,-0.6474721,-0.31919956,-0.19242036
-0.4472198,-0.08331987,0.6444186,0.031044722,0.49430445,-0.3373705,0.31488374,-0.12390438
-0.66169626,-0.2796848,0.22411275,-0.72334754,0.58271116,0.01438789,0.22631016,-0.3982669
-0.2844807,-0.22995703,-0.32089168,-0.0042749643,0.25798306,0.43298152,0.3553023,-0.13635708
-0.25668555,-0.13133073,0.41923535,0.7323295,-0.28001025,0.81610405,0.3612272,0.054030474
-0.5478287,-0.16540058,-0.35991627,0.38245165,0.36704844,0.2981243,0.41138712,-0.10159903
-0.1803442,-0.034080606,-0.176211,0.38825262,0.21006858,0.17691414,0.19336863,-0.22086409
-0.34337097,-0.27807012,0.044582605,-0.11362612,0.18482782,0.17766047,0.341359,-0.07145188
-0.44055343,-0.17953323,0.7444198,-0.2732336,0.46888,0.480683,0.5055366,-0.113430135
-0.34346983,-0.32201353,0.49726403,-0.70619583,-0.12810566,0.895163,0.6399117,0.08035305
-0.20876208,-0.3353552,-0.698252,-0.18566734,-0.17027333,0.5945408,0.5363501,-0.022182308
-0.4024004,-0.02027617,-0.43674433,0.701475,0.2090414,0.18084592,0.33392242,-0.17458448
-0.1742944,-0.23372808,0.16458964,0.7734623,-0.64097345,-0.53388745,0.14812078,0.019475976
-0.38334358,-0.23205087,0.53507507,-0.34208447,0.3400661,0.17867991,0.4459026,-0.0061339876
-0.22662683,-0.17685038,0.67906654,-0.09451562,-0.048515905,0.16662899,0.17140643,-0.292162
-0.37188897,-0.21641624,-0.77832264,-0.5020441,0.23437814,0.2951456,0.0820653,-0.38988334
-0.611298,0.23905502,-0.8959193,-0.009739101,0.34449434,-0.51603013,0.057217818,-0.09767543
-0.44777545,-0.27073142,0.011695504,0.68062913,0.05927065,0.23718189,0.28390512,-0.15136987
-0.14685424,-0.1845522,0.4155699,0.5056242,-0.052888863,0.72282815,0.43041626,-0.28951365
-0.3340098,-0.13955842,-0.15663993,0.8890877,0.28080234,-0.5135049,0.1295177,0.16457792
-0.09319103,-0.13638328,-0.1227811,0.26260364,-0.6142737,-0.47031045,-0.76103616,0.05673767
-0.04141881,-0.19983147,-0.2800169,0.2262944,-0.681169,0.023752578,-0.10189976,-0.46866128
-0.2896137,-0.34743062,0.3170073,0.505795,-0.070049986,0.7513768,0.51344347,0.04577976
-0.37811944,0.093680955,-0.60226774,0.3528701,0.438883,0.5033987,0.43346143,-0.1867739
-0.13358709,-0.1516954,-0.09257519,-0.47472578,-0.20665467,0.6257059,0.41036627,-0.015359637
-0.53619975,-0.18130237,0.13423765,0.62604594,0.10911651,-0.4902807,0.057115465,-0.1332733
-0.3163999,-0.21957114,-0.822573,-0.3108536,0.055465885,0.8450001,0.5455482,-0.05831534
-0.07981135,-0.24415702,-0.9057057,0.25347662,0.013923295,0.6826878,0.60072035,-0.032148317
-0.16754708,-0.19244307,0.32292914,0.10591757,-0.43914953,-0.11819086,-0.08365265,-0.28180724
-0.08422811,-0.16697948,0.000977397,-0.7028898,0.15227243,0.42254546,0.4924037,-0.24267699
-0.4453075,-0.19707526,0.15893626,0.15133524,0.34552008,0.27460364,0.41105458,-0.2798617
-0.31987673,0.050818358,-0.9294796,-0.2272278,0.29585445,0.25809908,0.46068177,0.09038132
-0.80279595,0.0669556,-0.46657127,-0.2381227,-0.041635107,-0.7670036,-0.033100594,0.014713647
-0.34155884,-0.07228267,-0.23259175,-0.6274978,0.14771855,-0.43125603,0.22775789,0.13788258
-0.1190801,-0.19869544,-0.51253015,0.70748496,-0.044552032,0.2706812,0.16012798,-0.26247364
0.4498006,-0.14965205,0.3846979,0.30230415,-0.5752645,0.124862105,-0.19598177,-0.31387207
-0.66510314,-0.29592305,-0.39689308,-0.6235051,0.39654455,0.24151582,0.33322042,-0.12604314
-0.15487407,-0.160395,-0.14530301,-0.87136686,-0.21466981,0.8200271,0.1530836,-0.14352582
-0.4082909,0.10432636,0.06639409,0.5413666,-0.26112795,-0.6122247,-0.21520756,-0.53843063
-0.3251116,-0.011605467,-0.7977427,-0.39068103,0.31424043,0.020165209,0.6390782,-0.05734083
-0.60352486,-0.20461047,-0.15533733,-0.8066603,0.37529838,-0.43896484,0.3616112,-0.13121644
-0.43244815,-0.23230824,0.6994593,-0.07203114,-0.25941184,0.06432509,-0.042992044,-0.50557077
-0.21230456,-0.2840824,-0.42904317,0.11510396,0.3375751,-0.24357155,-0.3248529,0.08941842
-0.3336941,-0.2679195,0.5931604,0.22678244,0.01681311,0.79949397,0.511727,0.0051220665
-0.43482822,-0.25057334,0.9962485,0.106749535,0.22475672,0.1739761,0.16374104,-0.1705263
-0.32919475,-0.1354989,0.47415793,-0.5582543,-0.041079685,0.7299522,0.4392626,-0.021073872
-0.32499367,-0.040810373,0.5279101,0.4403336,-0.053285006,0.72421575,0.46508288,-0.10448827
-0.24969308,-0.30206805,0.35202897,0.58654153,-0.15259843,0.6680586,0.7857828,-0.011226241
-0.18353626,-0.14188336,0.03433168,0.39409292,-0.5503,0.5993888,0.47515243,0.3408959
-0.2586004,-0.09116025,0.58049214,6.651878e-05,0.37642068,-0.2465361,0.17856479,-0.12665258
-0.39643127,-0.13271278,-0.37955344,-0.36627942,0.06835859,0.101624064,0.2524929,-0.13497685
-0.059388775,-0.22575532,-0.61024994,0.3570609,0.00610952,0.7074783,0.6803205,-0.05390648
-0.37116465,0.08195121,0.43286002,0.15461111,0.3101896,-0.4303681,0.07454819,-0.11573433
-0.603678,-0.25438517,-0.32698447,-0.21252996,-0.7801957,0.2770507,0.29048112,-0.8288457
-0.16608812,0.12845774,-0.2526698,0.4653455,0.13125859,0.25918835,0.42534658,0.016782783
-0.5748071,-0.054237638,-0.26995212,-0.65320104,0.19121717,-0.49103004,0.2902611,0.11030926
-0.16280782,0.13712694,-0.25438613,0.63506925,-0.66503406,-0.38478166,0.46695837,0.4773377
-0.5988833,0.13742374,0.08257735,-0.41393727,0.34963155,-0.059672877,0.13356516,0.05530824
-0.5280647,-0.06857276,0.67058325,-0.66419613,-0.46907225,-0.767847,-0.12949094,-0.22534728
-0.4730941,-0.035827395,0.11813462,-0.9104905,-0.73035455,0.10900058,0.14322056,-0.19232129
-0.4231405,-0.14763527,-0.40149146,-0.7884266,0.23946334,0.384239,0.36846903,-0.23421001
-0.4957861,-0.34273443,-0.51669353,-0.29392612,-0.3160229,0.9561572,0.53618515,0.24715787
-0.39274806,-0.18539836,0.51027346,0.80391896,-0.12596832,0.65899146,0.43246523,-0.17352593
-0.5539772,0.009457012,-0.005862534,-0.76223195,-0.21673198,-0.5716158,-0.048874535,-0.20774455
-0.5713068,-0.12857118,-0.29124415,-0.8323984,0.39637834,0.18622838,0.36891887,-0.10096699
-0.255151,-0.20788544,0.27968395,-0.76773727,0.83904624,-0.036675714,0.42275727,-0.038011752
-0.33547914,-0.28266457,-0.72445196,0.12400019,0.07284492,0.19142734,0.27367944,-0.054479033
-0.48022753,-0.10623116,0.2578987,0.8708291,-0.058667406,-0.596269,0.03917877,-0.085593976
-0.1989791,-0.0068433983,0.47390378,0.7029723,0.014731301,0.07041007,0.12244355,-0.03746941
-0.06898071,-0.2228592,0.60518694,0.70533025,-0.08442078,0.2550059,0.3315932,-0.3522818
-0.55624026,-0.1328455,-0.2878794,0.35154533,0.49405697,-0.14997202,0.3148661,-0.09466494
-0.27642998,-0.25025705,0.24960923,0.54548347,0.3325241,0.46000478,0.35176826,-0.18123627
-0.036467288,-0.32524976,0.3010236,-0.50480247,0.04375138,0.21649636,0.35460806,-0.29821345
-0.6031946,-0.3290693,-0.42820358,-0.2562189,0.4722034,-0.25729737,-0.30095407,0.46442035
-0.58209014,-0.2751535,-0.66129136,-0.58960533,0.393293,0.37993038,0.48245114,-0.21702762
-0.46137404,-0.16105418,-0.17874873,-0.93069625,-0.79418737,0.39186966,0.39634055,-0.20376588
-0.50758237,-0.14015125,0.85399914,0.42673743,-0.118528806,0.8006142,0.42616397,-0.12862967
-0.42352188,-0.22575465,-0.29230505,0.76732445,-0.059723858,0.6701065,0.38748512,-0.047897823
-0.39923427,-0.25019827,-0.6806083,-0.5861319,0.33381414,0.39109734,0.43734512,-0.29427457
-0.34895745,0.028741647,-0.104106724,-0.18760711,0.17940013,-0.41723874,0.2135407,-0.029107107
-0.37396857,-0.19847783,-0.75530356,-0.28508812,0.3564423,0.5414896,0.44902906,-0.18603654
-0.25860786,-0.19517255,-0.27996105,-0.60188067,-0.023427716,-0.35704798,-0.02165329,0.00955616
-0.28020453,-0.17621948,0.3098476,0.4694996,-0.12277862,0.76310277,0.5440913,-0.016225453
-0.36474544,-0.025974948,-0.02971685,0.66046953,0.30924204,0.011714401,0.29197845,-0.12774566
-0.36580798,-0.11107101,0.21622169,0.518916,-0.050366838,0.7459217,0.67279184,0.055698756
-0.25414398,-0.13584092,0.7507111,-0.6094825,-0.7474276,-0.2992314,0.078326315,0.12791052
-0.6171807,0.042006616,0.05539906,-0.8494644,0.62656575,-0.3528275,0.17343488,-0.0357539
-0.2021581,-0.19328494,-0.027757883,0.5727129,-0.04036479,0.7061232,0.6874347,-0.055632003
-0.44547358,0.020705763,0.048119903,0.6520817,0.24290018,-0.3666114,-0.09949807,-0.13119301
-0.2792316,-0.17991407,0.80719197,-0.4114712,-0.40094376,-0.12499904,-0.35210362,-0.4753818
-0.20515741,-0.30582416,0.664014,-0.31469327,0.015344613,-0.37378055,0.31678674,0.47944495
-0.11839214,-0.19383141,0.2206533,0.040631056,0.13148849,0.32340607,0.19022739,-0.21430254
-0.33842537,-0.16096582,-0.24284887,0.5243541,-0.3803689,-0.11597832,-0.2136105,-0.1745869
-0.2738501,-0.04183997,-0.57392883,0.629302,-0.01675216,0.91977257,0.43914446,-0.109945245
-0.3836944,-0.12316365,0.6614648,-0.3302201,0.3569924,0.5963204,0.38679123,-0.3474603
-0.222378,-0.15281972,0.35548258,0.13500309,-0.41205496,-0.20457923,-0.54678506,-0.15187062
-0.45635936,-0.0009953185,-0.59235895,0.70775354,0.33773315,-0.40054962,0.25119156,-0.11367741
-0.5000343,-0.33215877,0.52501297,-0.19848615,-0.62214684,-0.08154387,0.014735336,-0.38197145
-0.34263593,0.06328034,-0.19867456,0.95126665,0.025170853,-0.07572241,0.14729351,-0.01573852
-0.69283515,-0.26735464,0.5586246,-0.3752663,0.3730917,-0.5111397,0.10291508,0.012858941
-0.5851013,-0.03559522,-0.7955676,-0.09172124,-0.35861912,-0.7264138,-0.38098487,-0.03628882
-0.30540794,0.07659934,0.27278244,-0.7981454,0.12196819,0.058957558,0.25621438,-0.20795827
-0.39916715,-0.24716577,-0.71010643,-0.2946266,-0.5075883,-0.55315626,0.112464316,-0.0356496
-0.29135346,-0.013443152,0.009829164,0.33059525,0.39268717,-0.3273297,0.23021074,-0.03899395
0.015023751,-0.38825566,-0.7684932,-0.022771299,-0.2911285,0.42412034,0.5507729,0.13931306
-0.6082718,-0.061898995,-0.25448972,0.7004403,0.2529551,-0.45942703,0.21160212,-0.12513049
-0.23897335,-0.1694693,-0.5838347,-0.48624766,-0.10000084,0.9112639,0.4207711,-0.023977809
-0.6047469,-0.07483396,-0.04425317,-0.20792031,0.46747026,-0.4432749,0.11458186,-0.17187162
-0.18341476,-0.18113145,-0.6757995,-0.6778501,-0.006644221,0.23302957,0.13815455,-0.19918087
-0.24622333,-0.025416639,-0.08483112,-0.04034716,-0.40155286,-0.27614868,-0.24229006,-0.010500361
-0.25849283,-0.3450042,-0.6374845,-0.48876846,0.1329997,0.3482333,0.19511355,-0.17854029
-0.54458165,0.06592011,-0.10563189,-0.4384147,0.4801438,-0.09581838,0.050161,-0.116646044
-0.4574394,0.09757454,-0.2625597,-0.07663536,0.3565783,0.24876411,0.34736294,-0.19984156
-0.6255173,-0.052823644,0.21777582,-0.83931416,-0.12902257,-0.7132711,0.0029610402,-0.13725227
-0.31868604,-0.13852711,-0.30728763,0.55441236,0.31857836,0.2402651,0.431825,-0.25927854
-0.3892119,0.06570149,0.19417644,-0.797387,0.15702656,0.124258764,0.1503531,-0.10919977
-0.44197977,-0.17294364,0.52293694,0.48345733,0.10536967,0.10384654,0.27994832,-0.11746646
-0.55677146,-0.14306745,-0.932982,0.12627721,-0.798092,0.2786962,0.2677733,-0.086511314
-0.48358485,-0.16669866,-0.0909279,-0.550899,-0.4803818,-0.78213584,-0.021000208,-0.09388929
-0.624201,-0.36112803,-0.45133984,-0.38817447,-0.22177672,-0.7753933,0.15599635,0.45365855
-0.5264308,-0.064243115,0.9058194,0.23283815,0.29379568,-0.4748792,0.14801969,-0.030884169
-0.2177793,-0.18530765,-0.7121886,0.34955835,-0.17973025,0.6567146,0.4574425,-0.17039071
-0.2840347,-0.2659888,-0.08587223,-0.028701782,0.46254694,0.52014613,0.44227347,-0.14371683
-0.56726456,-0.1443573,-0.5024209,-0.6039097,-0.14676264,-0.46072793,-0.3830317,-0.11169782
-0.34908614,-0.24325693,0.61514294,-0.119368434,0.15655574,-0.040549736,0.26789966,0.060957324
-0.33791083,-0.13185622,0.14265037,-0.27528864,-0.7985111,0.35211164,0.27552968,-0.30352604
-0.64380854,0.4029108,0.41712236,-0.67207056,0.6773404,-0.0063156807,-0.15658996,0.24254963
-0.19801895,-0.3456226,-0.5321034,0.36518288,-0.594436,-0.21367006,0.25863364,-0.131229
-0.27459154,0.1789117,0.65624,0.107359886,0.22159778,0.38484675,0.18229985,-0.41087863
-0.544202,-0.25007084,-0.23362112,-0.14724958,-0.32649517,-0.58320963,-0.22314249,-0.191881
-0.24996658,-0.16394255,-0.6331372,0.634166,-0.43395457,-0.11568115,-0.0880644,-0.36247212
-0.24518125,-0.064296715,0.5504147,-0.74649775,0.15672036,0.14702742,0.032461096,-0.09570396
-0.3339808,-0.06792195,0.3788165,0.6253853,-0.13303784,0.82374674,0.6246719,0.008883621
-0.20805922,-0.4459547,0.081778884,0.2594732,-0.0012445619,0.9213217,0.55871075,-0.15024172
-0.25299397,-0.10152273,-0.7580113,-0.31310582,-0.1949573,-0.4196081,0.23749247,0.116581
-0.39287266,0.07513849,-0.22472721,0.62299883,-0.39458624,-0.2554398,0.4413397,0.5698891
-0.106398806,-0.2045648,-0.12937373,0.9133074,0.19842514,-0.24962811,0.30642805,-0.14757901
-0.45625868,-0.08446842,-0.14159542,0.65720856,-0.55543345,-0.52091813,-0.4833101,-0.08601489
-0.1378464,-0.27849865,-0.649035,-0.21336508,0.18680926,0.29239735,0.4393963,-0.22147426
-0.6539432,-0.051708985,-0.82551247,0.49675894,0.4972484,-0.035514757,0.2983729,-0.19976799
0.0981382,0.089867674,-0.75608814,0.59375,0.0933334,0.096005134,0.321145,-0.52062285
-0.52051574,-0.1164584,-0.9744864,0.0012483597,0.2619579,-0.4060551,0.027255632,-0.011717435
-0.5266561,-0.21585555,0.43227232,0.6011307,0.3918657,0.3147511,0.3991975,-0.24487166
0.11558233,-0.046029378,-0.38895607,0.41824484,-0.5001356,-0.26991838,-0.42403528,0.010060171
-0.06759372,-0.058690626,0.41192555,0.6976156,-0.15812744,0.6524743,0.63796186,0.116246656
-0.4111337,-0.052080918,-0.7723494,-0.38793927,0.31740493,0.32558787,0.4189737,-0.18744032
-0.33258617,-0.13239901,-0.019961596,0.6187601,0.08307127,-0.004904653,0.25834402,-0.30423138
-0.32986054,-0.012339617,-0.6965916,0.2040683,0.3816235,0.33035973,0.37105137,-0.22075647
-0.35337898,-0.2587827,-0.55445004,-0.47758108,0.114712715,0.18230389,0.37273416,0.0034925302
-0.42170113,-0.35980672,0.83282304,0.29100108,0.105167314,0.266902,0.17951089,-0.44714007
-0.4597606,-0.17080235,-0.0237661,0.17484653,-0.7705072,0.248176,0.062633626,-0.36717746
-0.04098623,0.04380538,-0.029253125,-0.002388835,-0.5948934,-0.35818037,-0.83042943,-0.07608847
-0.6765488,-0.26045725,-0.19563866,0.87948656,0.34068653,0.15549347,0.26266876,-0.4003151
-0.4392509,-0.23926005,-0.12905186,0.5354278,0.25992903,0.2531342,0.41530967,-0.045422062
-0.57167387,0.086346395,0.045672655,-0.84493107,0.31284893,0.07966945,0.19160643,-0.18926774
-0.42753676,-0.018271428,0.27854562,-0.69887793,0.5044301,0.24019395,0.78290576,-0.5794416
-0.31714275,-0.3170086,-0.54117876,0.07354689,0.32411563,0.4002381,0.42588845,-0.1833871
-0.42608604,-0.21954979,0.980067,0.10682738,0.22246003,0.16089074,0.18326879,-0.3121735
-0.3845517,-0.26034388,-0.3088963,-0.790273,0.57704663,0.3428984,0.23811102,0.0065910774
-0.5408767,-0.029217247,0.37805247,0.6220844,-0.052697428,0.81855655,0.7070654,0.15262368
-0.20357166,-0.008914853,-0.41810352,-0.8060354,-0.5095799,0.62641704,0.49193016,0.30593356
-0.52885705,0.018476252,0.067560196,0.044439435,0.51284164,0.16405717,0.03409385,0.1072576
-0.40741557,-0.29528084,-0.53978544,-0.28782898,0.41494536,0.598987,0.19912195,-0.32330766
-0.21433802,-0.15408485,0.5824199,-0.14230537,-0.60156476,-0.19251205,0.12674262,0.089886755
-0.5288331,0.08006664,-0.86966383,0.016425729,0.24147232,-0.101079814,0.12512936,-0.17338964
-0.28941494,-0.2952982,-0.25907922,-0.32721037,0.13962331,0.72341496,0.34014583,-0.16114926
-0.503407,-0.15076703,0.90480566,0.13403845,0.31396413,0.1928618,0.43119484,0.04051817
-0.5376416,-0.30651549,0.55233693,0.07337654,0.29392684,-0.31468248,0.29271883,-0.15100446
-0.44406635,-0.0399724,0.16346419,-0.7103903,-0.35468668,-0.46642727,-0.29254925,-0.15163496
-0.5450787,-0.19719805,-0.3153184,0.6148995,0.23497312,0.06918967,0.19843078,-0.057190582
-0.49756655,-0.19407092,0.637105,-0.090694666,0.40334067,0.23738855,0.32208508,-0.2896246
-0.3742271,-0.3335647,-0.91679204,-0.17361677,0.16359943,0.24707662,0.14868745,-0.33211768
-0.23569329,-0.21137036,-0.043979168,-0.4121287,0.33475202,0.63438594,0.5591178,-0.1449071
-0.49072662,-0.2670781,-0.038055718,0.6156337,-0.15659441,-0.62240124,-0.007119742,-0.14673407
-0.5521813,-0.29526737,-0.6043785,-0.37871093,0.29281375,0.39310157,0.18090646,-0.3752057
-0.35255402,-0.019025903,0.12551022,0.7254664,-0.22483183,-0.4456741,0.24459372,0.010556897
-0.5071485,-0.09093338,0.6739484,-0.09667885,0.1356868,0.18992494,0.1701111,-0.3129098
0.11242817,0.55458444,-0.38057506,-0.59910786,0.8473375,-0.3373444,-0.3123913,0.6392829
-0.3763054,-0.18820795,-0.38807315,0.78293836,0.19213438,0.3099635,0.16253413,-0.34990573
-0.3168504,-0.23167853,0.53022766,-0.113669515,0.2185699,0.22771215,0.1786182,-0.24172522
-0.16618326,-0.1741297,-0.4449246,0.734514,0.2702679,0.18728182,0.47729808,-0.1314998
-0.22830172,-0.2434282,-0.34255427,-0.35963887,-0.011032953,0.13874713,0.37947467,0.028980078
-0.41891044,-0.21617027,0.4049803,-0.7679254,0.4074758,-0.11717008,0.35237113,-0.15210368
-0.2709562,0.05215167,-0.5567028,0.7098439,0.4203561,0.409353,0.46450692,-0.2317471
-0.4241213,-0.29451108,0.123776555,0.4901532,0.25517607,0.15790647,0.39856264,-0.04148452
-0.29585198,-0.2601745,0.14862823,0.4816717,-0.040755477,0.68754256,0.20584263,-0.35259482
-0.9996892,-0.0022973225,-0.091371,-0.29960775,0.56703234,-0.5696142,0.039951872,-0.12644973
-0.08873074,-0.3534699,-0.09278339,-0.03284198,-0.16802773,0.55534995,0.11450405,-0.09178579
-0.47809103,-0.08424267,-0.60378724,0.5223788,0.38259792,-0.0013068882,0.29771456,0.0269774
-0.30299038,-0.20886648,0.24750412,0.61077857,-0.068210185,0.7259222,0.5174061,0.04034741
-0.053753097,-0.199257,0.32122672,0.8486035,-0.65389806,-0.07373192,-0.4367862,-0.18554267
-0.49226633,-0.17900667,0.7864071,0.12821424,-0.8534706,0.13109945,0.16687916,-0.03431326
-0.5063176,-0.31629005,0.25963557,-0.20968091,0.071785495,0.09719002,0.24384487,-0.23984908
-0.24488302,-0.17781116,0.27187228,-0.7476412,-0.48489887,0.5856695,0.41369173,0.086834274
-0.358682,-0.1754825,0.34432828,0.5261042,-0.07288753,0.8511673,0.70181364,0.027314281
-0.48003727,-0.0799419,-0.039688766,0.48420763,0.31071883,0.09945622,0.31587195,-0.09542355
-0.23292996,-0.43285862,0.3226863,-0.55957794,0.6642538,0.24288431,0.19352497,-0.1631648
-0.33089617,-0.30960926,-0.7594024,0.27273095,0.39458433,0.3902203,0.45533544,-0.37651077
-0.49017596,-0.2282717,0.66032505,-0.03589624,0.34709516,0.19178532,0.34406066,-0.13083272
-0.3626852,-0.24635781,0.37284708,-0.81025225,-0.21645117,0.74099404,0.5950777,0.27993798
0.015200747,-0.1873881,0.4852177,-0.49936807,-0.3749611,0.80132174,0.46916527,0.49147293
-0.48120195,0.015617182,0.67701495,-0.09111202,0.09917288,0.1306361,0.1426671,-0.27989396
-0.4998637,-0.05780367,0.66358316,-0.0010995865,0.56212556,0.14072809,0.24594223,-0.17211236
-0.4696367,-0.1835175,-0.85163337,-0.11884993,0.26296467,0.41353288,0.387904,-0.19307555
-0.3117782,-0.23388164,0.31556892,0.6055887,-0.05292196,0.7449611,0.6429153,0.02371509
-0.39954925,-0.37851,0.2871325,-0.45443207,-0.11512154,0.4827959,0.5078181,-0.2316852
-0.4013642,-0.24831891,0.7592448,-0.22466534,0.07848989,0.6874584,0.5857799,-0.012581128
-0.47164539,-0.18607913,0.51794124,0.71874213,0.4385041,0.5799804,0.44386938,-0.42193818
-0.23130152,-0.24644984,0.00056517124,0.9959643,-0.26731673,-0.003146855,0.03009462,-0.19880177
-0.32704836,-0.4107906,-0.6490519,-0.6202313,0.37226897,0.23920229,0.42245558,-0.34467214
-0.4244561,-0.09701894,0.38182986,-0.44813138,0.5053484,-0.3362614,0.711649,-0.4672517
-0.5716697,-0.1212918,-0.29259056,-0.5074908,0.41610435,0.24617627,0.44952536,-0.19653648
-0.07000229,-0.33258072,0.014457703,-0.6848675,0.3301892,0.42697412,0.40803298,-0.41983488
-0.2833612,-0.20689315,-0.20640594,0.64417636,-0.64852864,-0.3773223,0.32036284,0.47682017
-0.29252726,-0.18120117,0.6089463,-0.29008973,-0.067428246,0.190095,0.08358303,-0.26126105
-0.6122015,-0.23054348,-0.038784683,-0.2948562,0.5752564,-0.109745994,0.16463676,-0.07333704
-0.540364,-0.22488323,-0.06391913,0.22230458,-0.16649054,-0.72042763,0.1331352,-0.11163966
-0.45294082,-0.39356276,0.4434663,-0.47171652,0.43917555,0.42996553,0.4176641,-0.18225761
-0.5962227,-0.21673663,0.78962374,0.34253144,0.38510838,-0.26516482,0.22899486,-0.062757395
-0.41377372,-0.18114056,0.32195866,-0.6253276,0.2784888,0.26133466,0.36842173,-0.07731413
-0.048026327,0.010302027,-0.0634622,-0.7204379,-0.34119993,0.64800537,0.35082176,0.08642165
-0.05545627,0.2738377,0.47751415,0.41333723,0.20004623,0.22338748,0.4750171,0.27111658
-0.3396107,-0.37260938,0.18100739,0.3823806,-0.27863982,0.58389425,0.47583526,-0.046357043
-0.595701,-0.13954635,-0.032424033,-0.5420723,0.19267885,-0.4124225,0.20001873,-0.08530963
-0.43050173,0.026515279,-0.7604513,-0.25773937,0.2616109,0.31861442,0.13271162,-0.32715002
-0.27178034,-0.2616992,0.32920408,-0.5773218,0.29417074,0.46836352,0.45152712,-0.047161024
-0.3659812,-0.26319706,0.79093015,-0.2894349,0.3831037,0.3196803,0.37926966,-0.35203937
-0.20449936,-0.03531787,-0.21528494,-0.73312604,0.31629917,0.046893273,0.28179812,-0.1725713
-0.17232943,-0.13183273,0.2564056,0.597973,0.0042438344,0.18071567,0.05510217,-0.057328124
-0.3360344,-0.016516384,-0.04157132,-0.850048,-0.11988448,0.085265614,0.27978787,-0.29576403
-0.10012907,-0.19874498,0.56897867,0.63277006,0.33170927,0.1437945,0.3496878,-0.011590175
-0.3017773,-0.13882306,-0.655649,-0.13008398,0.1893509,0.24245562,0.06396532,-0.2026777
-0.48761117,-0.35582075,0.0038446188,0.741698,0.4245745,0.10612369,0.28388402,-0.044722073
-0.4294781,-0.094281904,0.27653968,0.6350148,-0.3291588,0.72047246,0.16225915,0.27293003
-0.5455815,-0.29367852,-0.008920491,0.31288564,0.39186862,-0.23140533,0.2422833,-0.24168503
-0.40449694,-0.09346815,-0.000225842,-0.34572178,0.3607691,-0.27696872,0.23500386,-0.11643134
-0.34734964,-0.10766687,0.7009332,-0.46990544,-0.13166465,0.7618831,0.5496819,-0.036316425
-0.238405,-0.28949243,-0.6232079,-0.6907301,-0.06173816,0.18543914,0.06668889,-0.29546148
-0.34874213,-0.06817943,-0.30597943,0.13273644,-0.24107021,-0.67578757,0.19110034,-0.04719546
-0.25832176,-0.3300885,-0.55275023,0.62014735,-0.1790579,0.73897344,0.12815765,0.0036232802
-0.5501531,-0.09856646,0.56584597,0.6951754,0.28391075,0.2902186,0.44302884,-0.05552115
-0.3568714,0.007599761,-0.71531886,0.20547593,-0.36532682,-0.6488268,-0.11081033,-0.14460543
-0.3907809,-0.111163236,-0.84811497,0.3086027,0.41991365,-0.050660174,0.20086493,-0.12204367
-0.2857587,-0.45936975,0.30376637,0.26121175,0.49814036,-0.10446696,-0.31381547,0.150454
-0.3135866,-0.32691005,0.73105395,-0.19041401,-0.31003377,-0.08110597,-0.10772266,-0.39548624
-0.35633093,0.04872789,0.82967305,0.09039545,0.17829368,0.35240346,0.48879775,0.036693
-0.11289345,-0.21719937,0.7667943,-0.046744406,-0.18061301,0.68509597,0.52673405,0.11814103
-0.509399,-0.0036677227,-0.047050595,-0.8453031,-0.01839676,-0.80406684,-0.35660264,0.1684814
-0.52527463,-0.16068037,0.0064713955,0.6883286,0.23433475,0.17010713,0.33813378,-0.11022642
-0.15487282,-0.16980179,-0.59771776,-0.46632153,0.20334351,0.2196169,0.33807406,-0.15162149
-0.21218134,-0.103729084,-0.29379225,0.43359172,0.2007799,0.2776235,0.3079803,-0.20065789
-0.4479485,-0.077073686,-0.29491138,-0.6736715,0.23854157,-0.52220094,0.20932871,0.037676215
-0.5575571,-0.13996747,0.07465291,0.76956797,0.48187578,0.47137162,0.47124946,-0.16611174
-0.31438622,-0.16777804,0.6735456,0.097117424,-0.23585986,-0.7019136,-0.52061373,0.02345337
-0.44517463,0.035000537,-0.008947432,-0.8468298,0.28150165,-0.22118701,0.20156527,-0.17952979
-0.53198624,0.070519425,-0.57809365,0.8093697,0.19782777,-0.37620386,0.40062106,0.28508794
-0.1951323,-0.056545746,0.08616865,0.8706372,-0.15968175,0.69262314,0.2833437,-0.2528824
-0.55684376,-0.21442476,-0.08682454,-0.16543591,0.24602102,-0.56205255,0.20547172,0.05449865
-0.29330567,-0.067567945,0.309484,-0.026406825,-0.24000102,-0.15011796,0.1404452,-0.03482505
-0.4983269,-0.11423024,-0.09455067,-0.5217459,0.4945045,0.2027984,0.31647563,0.028113518
-0.3254002,0.036280278,0.7790526,0.31856644,-0.10828494,-0.50745326,0.14330736,-0.07351957
-0.3509801,-0.21219587,-0.032616258,0.3185426,-0.39762408,-0.25732473,-0.50748324,-0.24969244
-0.4645626,-0.21408445,-0.7560917,0.22803605,0.21382505,0.21852323,0.3713527,-0.051254198
-0.22236659,-0.108003594,-0.09689164,-0.79743886,0.0505538,0.079659924,0.15055054,-0.071847506
-0.08001831,-0.31220824,0.6034974,0.24332047,0.10071301,0.723334,0.36738372,-0.16109848
-0.25825533,-0.027416807,-0.024040103,-0.3604005,-0.016030155,0.0607906,-0.14702836,-0.25117147
-0.14438519,-0.31865045,0.31035233,-0.42462522,-0.14404377,0.66934854,0.39512685,0.005776867
-0.34556407,-0.03445435,-0.83486974,0.2198261,0.17967674,-0.4099226,0.098177955,0.10336627
-0.4329756,-0.18415959,-0.8481505,-0.21211815,0.19588983,0.4327608,0.24951215,-0.17541939
-0.07801992,-0.30933496,-0.6226592,-0.23029888,0.038316723,0.72264725,0.3694002,-0.016276186
-0.32116324,-0.43964782,-0.685543,0.00030195713,0.22336684,0.18458745,0.23950414,-0.33686617
-0.37071073,-0.1946439,-0.5927397,-0.15742928,-0.30769777,-0.022863124,0.12516312,-0.29897645
-0.44634756,-0.28713942,-0.6751893,-0.24832654,-0.41794977,-0.014165854,0.12581556,-0.40238503
-0.33378273,0.19641484,0.88866794,0.3259145,0.27694824,-0.083731994,0.62577283,-0.16761206
-0.37682956,-0.057398226,0.60401213,-0.390235,-0.28809887,-0.6799842,0.16955012,0.065497056
-0.3918952,-0.23017967,0.6093197,0.173213,0.0043279473,0.2863075,-0.029828643,-0.20572218
-0.6789571,-0.13369916,-0.49040622,-0.2705075,0.3110643,-0.49158365,-0.044096284,-0.11273684
-0.24785423,-0.22577934,0.26949894,-0.81669915,0.2255329,0.23850629,0.41546142,-0.24964328
-0.28693587,-0.19224052,0.22587347,0.8341279,0.2570125,0.28065416,0.36329398,-0.2894585
-0.53030586,-0.10508116,-0.52491844,-0.19264603,0.32877573,0.17514434,0.40394273,0.044846177
-0.011777239,-0.28595823,0.43062747,-0.86916125,-0.16105811,0.6396998,0.6799515,0.11840813
-0.35211197,-0.1750455,-0.08374143,0.36704743,-0.20769407,-0.059122443,0.040596183,-0.21579948
-0.57306594,-0.3311111,-0.13202822,-0.112945616,-0.05827221,-0.7586125,-0.23135898,0.16589165
-0.383127,-0.23389839,-0.6389916,-0.2510571,0.2720505,0.2120104,0.32016972,-0.1615098
-0.34884188,-0.25770965,0.44179606,0.66917145,0.020705037,-0.4175784,0.039589975,-0.0577845
-0.31948173,0.17963971,0.4615003,0.38132942,0.07401107,0.31881005,0.6232542,0.5587495
-0.2791151,-0.15993461,0.62368345,0.6466613,0.46037742,0.3353281,0.4377679,-0.22733319
-0.7890215,0.011920814,0.28369474,-0.48629552,0.6421645,-0.2751733,-0.097214885,0.2184395
-0.24160284,-0.13172181,-0.8395543,-0.4321779,0.017981088,0.10421808,0.31536102,-0.045589622
-0.7293559,-0.29517168,-0.4489084,-0.3774165,-0.29594237,-0.83964264,0.2030418,0.5755293
-0.38066342,-0.15674287,0.4417423,-0.6834832,0.114557154,-0.32276487,-0.06318652,-0.12006956
-0.29545325,-0.08167039,-0.87248755,0.34302187,-0.29626757,-0.042656794,0.21491303,-0.213268
-0.31530476,-0.043682937,0.2672124,0.10633135,-0.09043099,0.7510594,0.31239218,-0.059048623
-0.48823017,-0.20474608,-0.27706897,0.093860984,0.7052386,0.20733881,0.2716397,-0.06341219
-0.46520984,-0.051454555,0.042471886,0.18550968,0.63115835,-0.058286726,0.28957415,-0.09977993
-0.5444396,-0.33956772,0.31762207,0.6966833,0.31215617,0.24730007,0.34861812,-0.16927926
-0.36334762,-0.2825426,0.56584597,0.6951754,0.35069126,0.18449162,0.38853854,-0.031476922
-0.3307486,0.036198903,0.83147514,-0.29415745,0.3542851,-0.32528436,0.19628267,0.042044356
-0.42007113,-0.18423143,0.5865849,-0.45263338,-0.34504688,-0.61635506,-0.22258501,-0.14895512
-0.059218768,-0.016163614,0.2193029,-0.099072695,-0.49410152,0.4496999,-0.24911505,-0.43254393
-0.10420571,-0.20682345,0.26034737,0.75871253,-0.37799478,0.525711,0.53973424,0.1537075
-0.37085852,-0.1354681,0.32127345,0.6720804,-0.051675178,0.7560335,0.38443497,-0.12522708
-0.44297808,-0.014990489,0.39881957,0.37152326,0.29995972,-0.42199835,-0.06342405,-0.76678205
-0.466876,-0.16342196,0.023793101,0.48512506,-0.17481312,-0.6782069,-0.2576795,-0.50531155
-0.21273403,-0.26541838,0.974442,0.078875184,-0.46596655,0.59907067,0.61284405,0.06675064
-0.35480788,-0.10992013,-0.5244038,0.4856124,0.33232534,-0.4815798,0.25784126,0.10219056
-0.37198672,-0.29851747,-0.5257239,-0.29621214,0.120778605,0.08311208,0.2755859,-0.20961633
-0.08000238,-0.038901936,-0.7562593,-0.019181252,-0.6891298,-0.5581069,0.21157572,0.25506026
-0.26490328,-0.17553008,0.06912756,0.8113414,0.24379413,-0.3006901,0.42216426,-0.006930762
-0.25662693,-0.1508798,0.6431998,0.50945497,-0.2879673,0.69699615,0.5624278,0.047313973
-0.3225543,-0.056124855,-0.33184552,0.5718397,0.0015432177,-0.2161562,0.25477666,-0.018970326
-0.2994643,-0.4052479,-0.36802238,-0.7394621,0.34052482,0.6228683,0.5526003,-0.18848488
-0.47512507,-0.13935985,0.23067844,-0.30972552,-0.55454373,0.64294475,0.24497065,-0.084009975
-0.5332089,-0.196435,-0.105094254,0.39192772,0.5911866,-0.070631705,0.40771082,-0.2758834
-0.064070165,-0.25335097,0.26248252,0.6001264,-0.118816845,0.7168127,0.55199194,0.083446644
-0.2620935,-0.29596415,0.36178982,0.75272965,0.30318567,0.43006444,0.5394075,-0.23973463
-0.45124182,-0.30087593,-0.419124,0.8329158,0.29798958,-0.5007025,0.1787447,0.05577975
-0.300426,-0.19557112,0.26034737,0.75871253,-0.5146827,0.47054997,0.33111003,0.104280286
-0.35416198,-0.24057227,0.42493045,-0.6765051,0.0019517492,0.7016627,0.56215423,-0.0017626353
-0.08082667,-0.18547535,0.008148909,-0.4764862,0.6686458,0.62558895,0.018020265,0.6285914
-0.4703871,-0.14310534,-0.08474445,0.6591929,0.24380763,0.349972,0.20543474,-0.2740841
-0.19341724,-0.33885145,0.11700165,-0.6743562,-0.057292398,0.6775835,0.48439977,-0.05198957
-0.19520204,-0.3205602,-0.80639875,-0.13538378,0.2288569,0.5266546,0.2067978,-0.3732306
-0.57645434,-0.113540836,-0.15066904,0.3423983,0.3986908,-0.3693259,0.23805894,-0.16151169
-0.33831578,-0.16753218,-0.015797555,0.69285035,0.1323924,0.24290973,0.29142848,-0.07492638
-0.43036297,-0.34156734,-0.14289832,0.011937857,-0.2396522,0.73528713,0.6308435,0.13905318
-0.59608096,-0.17429207,-0.054593086,-0.28470743,-0.08087332,-0.7319271,0.039225806,-0.093228854
-0.22073953,-0.07183223,0.510636,-0.8416728,-0.4880187,0.58397114,0.50908536,0.17195754
-0.16509981,-0.23871793,0.2834853,0.6675433,-0.13079779,0.655439,0.66218466,0.08543437
-0.33798277,-0.18497942,0.20342624,-0.7146095,0.41130728,0.4661156,0.4656282,-0.123715706
-0.18169232,0.038721103,-0.46747106,0.050528407,-0.21296945,-0.28738004,0.04015518,-0.09224827
-0.53825396,-0.3937318,0.2871387,-0.57688546,0.4957923,0.62282187,0.4895641,-0.3461855
-0.02386439,-0.40085098,-0.9092754,-0.013366342,0.056958694,0.6899371,0.5604433,-0.23901176
-0.11945152,-0.097045615,0.52378106,0.6754173,0.2856188,0.36202577,0.16682029,-0.2724534
-0.34397003,-0.16978437,0.24102712,-0.78668153,-0.2959782,0.7898886,0.17045075,-0.014662755
-0.4573237,0.015842993,-0.5792893,0.21289432,-0.02772513,0.8890849,0.5027402,0.087669335
-0.38090917,-0.15042268,0.28937137,-0.4618699,-0.21403766,0.39581373,0.5128806,-0.21524991
-0.44641882,-0.024063986,-0.943005,-0.07231623,0.26149657,-0.39198664,0.20974085,-0.12160206
0.26015848,0.1679012,0.4301933,-0.43511367,-0.43433616,0.38919133,-0.29065326,0.27528334
-0.32198977,-0.23556453,-0.32876676,0.52864635,0.27484208,0.2487855,0.31620577,-0.122828126
-0.4324149,0.06914643,-0.011695683,-0.59949404,0.2741016,-0.4909071,0.0028899068,-0.08366924
-0.26603028,-0.25322774,0.37056673,-0.6941163,-0.50990385,0.5418195,0.59132826,0.15156199
-0.63151777,-0.32334483,-0.81009537,-0.016265988,-0.18123873,-0.021633029,0.07108968,-0.15459307
-0.35766783,-0.17270921,0.32913613,0.15005755,-0.143483,-0.70803076,0.1138515,-0.13622089
-0.46009094,-0.26897386,-0.15075886,0.52644384,0.32740995,0.31135058,0.4119922,-0.1549458
-0.3282304,-0.09321898,-0.6741072,0.5940716,0.25335664,-0.44575623,0.35995096,-0.15354012
-0.22449438,-0.28154978,-0.3005914,0.5530795,0.0970945,0.38575605,0.28785634,-0.19241376
-0.43631253,-0.08844083,0.17695522,-0.4633814,-0.016733183,0.817538,0.4730243,-0.12885518
-0.39852893,0.010818456,-0.9228556,0.39026117,-0.027113618,0.048874274,0.45452192,-0.2185182
-0.26527327,0.19021688,0.5344372,0.47231424,-0.2137777,-0.4100621,0.20462985,-0.07755218
-0.60118014,-0.28508002,0.31290424,-0.80527186,0.4064113,0.34693184,0.27102956,-0.19402772
-0.4212195,-0.13205731,0.87878704,0.000682354,0.0033511487,0.79904664,0.39502412,-0.11163591
-0.47160015,-0.31822082,0.08358312,-0.67410636,0.2980073,0.42227536,0.38715622,-0.17470181
-0.19432387,-0.1427594,0.25124443,0.2579981,0.45637536,-0.17062515,0.34484944,0.8123218
-0.51660365,-0.17711587,-0.840723,-0.29278797,0.30822372,0.30911213,0.37008077,-0.27188492
-0.5079551,-0.2726299,0.36685514,0.5990875,0.28811005,0.159048,0.41502798,0.059074745
-0.016932251,-0.17460512,-0.6875788,-0.032146454,-0.02149129,0.55840164,0.39856622,-0.2582089
-0.6557509,-0.16888735,-0.020665228,0.595539,0.49057904,0.17779656,0.39794755,-0.18732499
-0.27019793,-0.1234808,-0.6524153,0.46818268,0.08327937,-0.39735276,-0.17239267,-0.1331671
-0.31755394,-0.13391146,0.41781485,0.73271084,-0.24782476,0.7974574,0.3764847,0.104431875
-0.30427375,-0.06384056,0.56207705,0.21041155,-0.16085494,-0.60936874,-0.06522249,-0.15619469
-0.22834596,-0.04045962,0.12906528,-0.66459894,-0.2780202,-0.049340453,0.09162413,-0.16780457
-0.40933883,0.13396509,-0.5065795,-0.52092004,-0.14648688,-0.5578515,-0.38484102,0.034672618
-0.6553529,-0.09629057,-0.700634,-0.4230557,-0.86854845,0.20188078,0.32227358,0.08832483
-0.32583147,-0.43753552,0.015957355,0.051971078,-0.6937396,0.41205546,0.6575334,0.043696336
-0.37948596,-0.2323647,-0.36812723,-0.5838152,0.08376966,0.1380607,0.0714881,-0.16841061
-0.31711388,-0.15452106,-0.10072708,-0.038401067,0.117399216,0.06419967,0.44757047,0.08090186
-0.39549413,-0.04671258,-0.0021349192,0.5231408,0.31277645,0.26950347,0.16257979,-0.2740234
-0.29966477,-0.06827097,0.06439376,-0.6766927,0.36266828,-0.31705052,0.15747665,-0.16812606
-0.30944622,-0.11622105,0.058234572,0.5691477,-0.30125573,0.70802927,0.25273106,0.041065037
-0.43682224,-0.30854264,0.4354974,-0.62079394,-0.070551634,0.8393398,0.61345685,0.07994154
-0.41058087,-0.3831548,-0.42697304,-0.7356656,0.25243768,0.25021297,0.3121718,-0.12004704
-0.33606383,-0.39884707,0.42279303,0.70985603,-0.69370973,0.40258035,0.44130915,-0.03649231
-0.40181333,-0.30387712,0.17360568,0.22301233,0.17649351,0.24727595,0.37621123,-0.10929929
-0.3049072,-0.22391763,-0.06314373,-0.12307453,0.27345833,0.0005774113,0.19795421,0.023344569
-0.4513183,-0.28653777,0.37716305,0.43170762,0.43249226,0.08127892,0.23014905,-0.01165528
-0.4894565,-0.14129698,0.06721985,0.57469857,0.12607485,-0.4327405,0.056076344,0.001814488
-0.46725768,0.020457301,0.6559633,0.43599987,0.5878262,-0.30691624,-0.070295334,0.112438805
-0.34456292,-0.3969771,-0.11196178,0.37280405,-0.18828106,-0.094518095,0.19012181,-0.26099503
-0.110216156,-0.016760584,0.44885087,-0.86476123,-0.30396277,0.5982564,0.5121261,0.14742975
-0.41805813,0.02261046,-0.5372772,-0.5494379,0.4894552,-0.37289295,0.33558255,-0.6803028
-0.50346637,-0.0033689395,0.7307621,-0.44808328,-0.8234975,-0.026288358,0.4764117,0.4110584
-0.37430525,-0.37825015,0.058281064,0.70602226,-0.095126495,-0.040739607,0.3021712,-0.17408705
-0.4507486,-0.09022977,0.21473742,-0.43453574,0.3017365,-0.4641753,0.07216325,-0.054291222
-0.27864242,-0.12979922,-0.355044,-0.62076026,0.14302248,0.21103568,0.36695305,-0.025807118
-0.15282565,-0.27038884,-0.9303213,0.3527428,0.20557293,0.17481233,0.3983453,-0.29632133
-0.3498321,0.0776454,-0.44060695,0.71868384,-0.009084575,-0.32304657,0.1962377,-0.039442405
-0.12809381,-0.15475857,0.23808575,0.11163604,-0.26695222,0.5200822,0.78736466,0.458503
-0.30819798,-0.104292594,-0.79529893,-0.2561828,-0.39534104,-0.0969577,0.32983556,-0.10994655
-0.54048705,0.059845153,0.3635875,-0.4676897,0.58476925,0.10780998,0.2688851,-0.13414033
-0.38023224,-0.15524584,0.29330993,0.5685431,-0.043042652,0.7867766,0.340023,-0.078146584
-0.3863644,-0.1312484,0.7295258,-0.42243737,-0.21193369,-0.6388309,-0.11797636,-0.15915374
-0.51504976,-0.25415874,0.052194,0.677526,-0.16630736,-0.7723635,-0.032880772,-0.0059563196
-0.2134218,-0.19637509,0.09930539,0.71962535,-0.657882,-0.3943325,0.13223818,-0.062361456
-0.23801892,-0.17764615,-0.6639371,-0.33822668,0.09843568,0.26259384,0.27006906,-0.2047779
-0.48461357,-0.09357971,0.41011798,0.64242196,0.42456323,0.22498772,0.35782212,-0.1545617
-0.41337714,-0.39929828,0.5369346,-0.044558287,-0.49204537,0.34517506,0.42773354,-0.20449096
-0.4786341,0.08672806,-0.22921383,0.25615597,0.27976802,-0.4355511,-0.06770093,-0.37722552
-0.21075733,-0.100446284,-0.6116749,-0.7120116,-0.31405634,0.009580706,0.08874553,-0.40538624
-0.3802581,0.070699744,0.33194888,0.69493854,-0.2233288,0.7707938,0.46993414,0.042330667
0.24506359,0.2668394,0.8045943,-0.47660142,-0.86298674,-0.23651044,-0.6582996,-0.6167803
-0.28737858,-0.16031812,0.059558034,0.591589,-0.34090233,0.63307226,0.5422864,0.091189265
-0.25710002,-0.15976262,0.03175533,-0.4508716,0.45355698,0.026132084,0.18448481,-0.09009549
-0.30736277,-0.25803396,0.62196517,-0.15106136,0.23510025,0.2888808,0.32119548,-0.30047697
-0.268454,-0.3156654,-0.77600956,-0.017696977,-0.34525526,0.03838273,0.1983211,-0.1337941
-0.5042014,-0.20755818,0.022481441,-0.7794724,-0.08100469,-0.4568609,-0.3822567,0.119734205
-0.20646751,-0.04116926,0.5988389,0.48521876,0.013294158,0.22978202,0.15414874,-0.25316954
-0.22784613,-0.13764325,-0.25851065,0.10372627,-0.31336924,0.10831643,0.31404024,-0.19752863
-0.288374,-0.15887204,0.2931838,0.37515378,-0.58767295,-0.6504733,-0.33630022,0.0035949827
-0.56654316,-0.104003824,0.030081272,-0.8844664,-0.23307773,-0.6611736,-0.09342271,-0.06882959
-0.15524524,-0.3604941,0.057992935,-0.00049072504,-0.33350125,0.5606619,0.2178268,-0.0980654
-0.39607373,-0.0011104002,0.154706,-0.7500886,-0.061570395,0.73230314,0.45381656,-0.07571507
-0.31599373,0.18740277,-0.76764727,0.07672691,-0.24257381,0.784255,0.33113328,-0.04273617
-0.6412535,0.03591499,0.297426,0.33437037,0.29640648,-0.5673139,0.05080588,-0.111516096
-0.5399571,-0.40886256,0.57369196,0.79058206,0.2576109,0.4337229,0.1890429,-0.35158512
-0.21112928,-0.101381324,0.34053218,0.5886347,-0.09293158,0.6463671,0.41655412,0.054576818
-0.2409106,-0.22885305,0.33827507,-0.7198472,0.2038622,0.23800473,0.11520517,-0.15551272
-0.2180368,-0.3023549,0.7480447,-0.3825078,0.16766286,0.23580378,0.22019856,-0.1923623
-0.38769326,-0.18055637,-0.5317224,-0.2132855,0.35363093,0.3497606,0.40342686,-0.3488239
-0.21287927,-0.007400687,-0.03773117,0.16376293,0.21063587,0.13434613,0.36107454,0.025889283
-0.5376857,-0.3371613,0.78826857,0.11263466,0.17377263,0.10905535,0.27686852,-0.14476901
-0.2537774,-0.20941485,-0.60514534,-0.24001896,0.39714387,0.5912224,0.52547354,-0.21780594
-0.32565874,-0.30857477,0.1701734,0.48062694,-0.14625551,0.71610093,0.21243162,0.20445275
-0.3421712,-0.019989412,0.18313622,0.76625705,-0.3843419,-0.49586704,-0.12145669,-0.18121938
-0.005182015,-0.049672674,0.07815528,0.6121695,-0.61393803,-0.48052198,0.35857463,0.2683145
-0.16867575,-0.17326476,0.39583743,-0.7918887,-0.13472322,0.7104803,0.37346655,-0.07796665
-0.07171436,-0.015970599,0.20176935,0.31894743,-0.6088316,0.555045,0.31583107,0.34032682
-0.23278663,-0.33098054,0.20749724,0.3911966,-0.21269177,0.819664,0.60639036,0.2131382
-0.11978677,-0.20024495,0.40910542,0.6984447,-0.19285202,0.6431571,0.48760664,0.0024010348
-0.18536721,0.21592186,0.6728463,-0.25412226,-0.11616047,0.020924041,0.108866625,-0.26443282
-0.6020337,-0.008897747,0.87019324,0.4572761,0.39678708,-0.5402504,0.095872365,-0.22137171
-0.005952405,-0.28711286,0.016502619,-0.6837027,-0.7568564,-0.3014171,0.22142573,0.24346867
-0.43830806,-0.1361828,-0.7487923,0.11982942,0.34031948,0.19979526,0.38422328,-0.15721163
-0.42153123,-0.0915455,-0.6571369,-0.6780339,-0.7909612,0.25888535,-0.02008854,-0.5051344
-0.22761106,-0.012675072,0.26965606,0.4948572,-0.19615057,0.70557046,0.46127087,-0.04518945
-0.29365113,-0.0034630254,0.58960676,-0.45680988,-0.5063521,-0.66157985,-0.2803604,-0.24583712
-0.429639,0.080819495,0.37901545,0.14796937,-0.26207367,0.7444543,0.38978815,-0.120137714
-0.24951817,-0.33166724,0.5056238,0.7333046,0.100766346,0.31195614,0.3610244,-0.11832987
-0.26018673,-0.025606472,0.13379645,0.7388476,-0.06314481,-0.40722427,0.038006995,0.025582464
-0.43721068,-0.2487411,0.3240657,-0.60020477,0.25932083,0.23475106,0.3965137,-0.09170938
-0.22786011,0.0498969,0.18036914,-0.5003902,0.1419001,-0.4933126,-0.08222156,0.36323118
-0.3503197,-0.105318226,0.012020111,0.3645028,0.23484811,-0.045297977,0.3796581,-0.121893145
0.06686099,-0.33688006,-0.6009536,0.6779716,0.093358085,0.3420317,0.015812408,-0.3384133
-0.65542966,-0.289019,0.7430706,-0.4213783,0.33144468,0.24222596,0.32596943,-0.13378307
-0.16332333,-0.06355194,-0.2804885,-0.41363186,0.29247633,-0.09984578,0.24578181,-0.30600643
-0.13882723,-0.21610312,0.46158445,-0.61867106,-0.05928862,0.64473724,0.6456557,0.018678447
-0.07838796,-0.052340303,-0.74944985,-0.24147153,-0.0596681,0.7028111,0.36427134,-0.44180354
-0.38335153,-0.26234734,-0.038330734,0.35000443,0.28458387,0.061246764,0.13719137,0.040757254
-0.39334643,-0.095343724,-0.15663993,0.8890877,0.30463624,-0.5247339,0.17100695,0.16293645
-0.15473089,-0.2521602,0.29938257,0.5257286,0.26858017,0.5847049,0.33832565,-0.23822702
-0.0030329842,0.72328496,-0.38392013,-0.14881164,0.3938873,-0.28094807,-0.25215885,0.3871306
-0.39745304,0.09069774,-0.8299846,0.27265513,0.49371526,-0.088356696,0.61411947,-0.18017755
-0.4909697,-0.10839572,-0.036835134,0.68824446,-0.113453336,0.26889247,0.26584786,-0.22474872
-0.2733199,-0.19996724,0.41128588,0.6834196,-0.03804518,0.8479813,0.5769197,0.009929855
-0.18038668,-0.06280778,0.095870614,-0.1196329,0.24082215,0.32528126,0.32087535,-0.18265283
-0.13392778,-0.021117833,-0.24481392,0.5551692,-0.4091656,0.71813494,0.61661047,0.2564342
-0.38109574,-0.33828503,-0.3104797,-0.75030184,0.4362228,0.21023896,0.36913186,-0.08301927
-0.40434083,-0.12132312,0.53113997,0.5920303,0.2739283,0.35194272,0.34825364,-0.13765764
-0.41017106,-0.35188097,-0.3602183,-0.7707268,0.1194024,0.22980481,0.22413695,-0.20251405
-0.2321848,0.29753786,-0.27504528,-0.41135645,0.10127707,-0.24791685,0.33736625,-0.081269175
-0.42014575,0.08731661,0.3029096,-0.07978314,0.41956237,-0.25049567,0.29293713,-0.19914253
-0.5407485,-0.12611848,-0.21295911,-0.7291735,0.40600353,0.18387562,0.36855674,-0.23776022
-0.14471148,-0.45102414,0.057523012,0.615703,-0.13881275,0.7121311,0.52321154,0.015554057
-0.26982933,-0.20117931,0.57786655,0.066210866,0.17321509,0.1394109,0.3397105,-0.17232233
-0.27316216,-0.2376029,0.15917432,0.91555476,0.19954458,0.29406026,0.21342812,-0.47424984
-0.4358663,-0.10625728,-0.9335023,-0.20589167,0.23920266,0.26232475,0.16468713,-0.36226714
-0.41804627,-0.113036536,0.6287794,0.6476823,-0.8400914,0.3497576,0.36612794,-0.3258761
-0.7041181,-0.009914319,0.68227196,-0.26004368,0.23283939,-0.5075824,0.19252177,-0.08898487
-0.35521117,-0.13583456,-0.4124322,-0.100622416,-0.056259006,0.8020535,0.43394053,-0.022329774
0.24469139,-0.19782284,-0.8184201,0.1532551,0.017065374,0.23871687,0.058688127,-0.30530947
-0.44921762,-0.1580984,-0.83258075,-0.31345093,0.26614213,0.3700989,0.45095453,-0.16820425
-0.46974882,-0.24809161,0.0033829212,0.69019425,0.26378998,0.23387036,0.49561426,-0.0361737
-0.5221435,0.060833443,0.4981413,0.44013667,0.4531087,0.20246379,0.3758595,-0.16080576
-0.04320248,-0.27054858,0.43763292,-0.8640444,-0.20606916,0.7413298,0.66873306,0.270367
-0.44017485,-0.1370067,0.29501617,-0.06978685,-0.13016778,-0.61253816,-0.14192477,-0.48488954
-0.38375473,-0.020843875,-0.17482829,0.6242387,-0.74941415,-0.49588555,-0.6042228,-0.059452754
-0.49014813,-0.16466483,-0.8382793,0.40056252,0.21191591,0.12971286,0.26982588,-0.07118861
-0.5049122,-0.14363882,0.14509737,0.54572165,-0.07395627,0.7940911,0.6230439,0.0013844846
-0.20947503,-0.083745725,-0.116909206,-0.76283336,0.17597537,0.07655613,0.11499628,-0.28394067
-0.23277068,-0.09699704,0.26309717,0.53965056,-0.1660313,0.71270746,0.6467261,0.17745572
-0.39791834,0.13359578,0.3254336,0.68333566,0.31707567,0.292767,0.42299595,-0.24323526
-0.48646343,-0.0018361016,0.2609359,-0.37536085,0.47588256,-0.45094997,-0.223748,0.29213437
-0.48089373,-0.22132286,-0.5907805,-0.49377835,0.3349118,0.20743689,0.4485289,-0.05152152
-0.46233347,-0.103051215,-0.61904836,0.116670966,0.56924057,0.1069418,0.27013594,-0.060682096
-0.4306209,-0.07563368,0.67880654,-0.537455,0.04429098,0.027921973,0.4107267,-0.10915835
-0.38918844,-0.03369349,-0.016121924,-0.7839481,0.42879236,0.20204009,0.23431996,-0.16202591
-0.18527083,0.087781526,-0.9233063,0.04914236,-0.11890627,0.7072181,0.51691216,-0.050405975
-0.31194958,-0.24736269,-0.62968755,-0.1963647,0.15217221,0.27610716,0.44777098,-0.33511975
-0.38329998,-0.08806563,-0.5978188,-0.49467343,0.28705466,0.1836198,0.38735634,-0.123464614
-0.26176882,-0.22904745,-0.6512964,-0.47649837,0.3194365,0.4304411,0.3879757,-0.3468968
-0.41920605,-0.2702094,-0.52238315,-0.19998401,0.1538315,0.16132069,0.38495737,0.0019559888
-0.35206383,0.19992827,-0.9336003,0.04133427,-0.17516442,-0.34944326,0.18170841,-0.14392583
-0.5425401,-0.13715605,-0.17617995,0.524827,0.38198534,0.2659928,0.37333336,-0.17443594
-0.5101662,-0.14531453,-0.46921182,-0.31552184,0.22014926,-0.02218475,0.23156959,-0.05823392
-0.19051425,-0.24806221,-0.111362875,0.3221413,-0.6171708,-0.19976215,-0.3575957,0.121569835
-0.1604106,-0.434647,-0.7873768,-0.19918853,-0.3153735,0.54338515,0.47285035,-0.07388943
-0.5559445,-0.2060013,-0.49515122,-0.13654554,0.48315328,0.2747076,0.35515714,-0.29850715
-0.50813603,-0.14303155,0.60437465,-0.36527848,0.41371518,0.36402163,0.30271304,-0.09991996
-0.17225884,-0.19733837,0.6795114,-0.33989334,0.0651707,0.22903769,0.10380079,-0.15979123
-0.37073737,0.028553504,-0.18750757,-0.9720789,0.29876453,0.3708229,0.575573,-0.27684638
-0.2156485,-0.055502523,-0.9209918,-0.019528449,0.20057659,0.1909663,0.30154845,-0.18805754
-0.39453006,-0.46002203,0.15854073,0.85887337,0.19571461,0.29238108,0.36763784,-0.29738277
-0.4038832,0.08650049,0.014105797,0.24198389,0.4476623,0.2160649,0.41810653,-0.23950861
-0.45201227,-0.23007554,-0.57965004,0.24548471,-0.15020733,-0.33506018,0.14862972,-0.035056792
-0.4566803,-0.2722429,0.34936786,0.2321229,0.34999985,0.3600302,0.48113748,-0.29152226
-0.4032419,0.01655567,0.4289657,0.14713883,0.6391146,0.18806218,0.34785718,0.013885292
-0.30890596,-0.07613825,0.309484,-0.026406825,-0.21951336,-0.16015801,0.06416836,-0.11333738
-0.31260422,-0.10357722,0.16935492,-0.512239,0.29719874,-0.47393912,0.16240099,0.24616742
-0.24642844,0.058002193,0.93152153,0.38435185,0.21904887,0.17870876,0.25412905,-0.11583751
-0.4165408,-0.41953647,0.20136833,-0.4829203,0.29955876,0.3240204,0.2676559,-0.22500527
-0.33026385,-0.2757931,0.5969428,0.7032186,-0.43564203,-0.13667935,0.069633834,-0.060968913
-0.121170804,-0.23280239,-0.50529844,-0.31669736,-0.20549029,0.6829634,0.6064147,0.030692883
-0.25422007,-0.026927877,-0.9792547,-0.018432617,-0.2915018,-0.17584774,0.17272423,-0.18788646
-0.7280467,-0.11224297,-0.5922705,0.3722701,0.53816086,0.18965143,0.33043644,-0.06544692
-0.24891566,-0.11824232,0.71189594,0.6249454,0.34267706,0.011099253,-0.31931168,0.23858108
-0.0812272,-0.21605404,-0.802144,0.57777476,-0.038166337,-0.08117833,0.26552302,-0.44571766
0.021137042,0.34882566,0.25223565,0.38103056,-0.118876874,0.05035586,0.17457356,-0.116946235
-0.10657437,-0.19161174,0.1493479,0.9132062,-0.41662112,0.52921987,-0.12603402,-0.0841158
-0.38550603,-0.0399449,0.0027605295,-0.74500096,-0.22297569,0.7142837,0.32158527,-0.11115725
-0.33539113,-0.054175314,-0.18114245,0.32899272,0.100542404,-0.19664694,0.08920438,-0.08399256
-0.46797368,-0.07091948,-0.48406237,0.5584053,0.35331532,0.28612462,0.25650665,-0.29965296
-0.33699247,-0.31898412,-0.42641658,-0.5294925,0.03588163,-0.03623246,0.12770781,-0.08420015
-0.32318914,-0.28798178,0.20814157,-0.8246932,-0.10589028,0.7823646,0.34918642,-0.05433454
-0.36438218,-0.2902223,0.30534708,0.38568723,-0.4350242,-0.60024244,-0.28523284,0.004288533
-0.4793317,-0.17880869,-0.5430076,0.84108615,0.32454914,-0.3264526,0.43148595,-0.4284748
-0.34034315,-0.023734253,0.5073112,-0.37536567,-0.0003126593,0.16054301,0.21748663,-0.12286523
-0.4190475,-0.24906245,0.80943704,0.2197001,0.43443844,0.3256268,0.38704306,-0.2291725
-0.47511762,-0.30181286,0.006813407,0.65663314,-0.72823733,0.23266906,0.34262097,-0.07222322
-0.37316433,-0.22101627,-0.2946689,0.49539995,0.055102106,0.090446234,0.14507292,-0.21965039
-0.48324132,-0.26232207,-0.9012201,-0.16358995,0.22983775,0.29087096,0.022139028,-0.16697966
-0.2183536,-0.10770912,-0.3347748,0.32812572,-0.5229729,-0.46211237,0.10253984,0.090129375
-0.5643263,-0.31228295,0.34619474,0.70031846,-0.79395044,0.3481237,0.238388,-0.17795347
-0.47662213,-0.259489,-0.50650346,0.17160475,0.37458915,0.2205293,0.4248174,-0.18352
-0.26176748,-0.16494343,-0.2503379,-0.47373044,0.18649025,-0.05939483,0.23777814,0.077132545
-0.20383824,-0.14518261,0.33400106,-0.85126907,0.05328381,0.13487966,0.1515658,-0.1665564
-0.37667617,-0.054927576,0.47737122,0.44054413,-0.1953666,0.68168277,0.2595479,0.012420432
-0.40678856,-0.03883568,0.5427705,-0.8231757,-0.4193488,0.6884431,0.53324556,0.20326383
-0.3044993,-0.29056472,-0.68202543,-0.57470256,0.3125893,0.3885099,0.46942618,-0.17461337
-0.2984309,0.22726505,-0.8676959,0.013729215,-0.23775773,0.65163016,0.27863324,0.026812803
-0.43131295,-0.014648746,-0.9858742,0.019047499,0.41310334,-0.43589666,0.28798142,-0.023333047
-0.5030894,-0.04182856,0.09352565,-0.75547373,-0.27011576,-0.7261121,0.07973728,-0.018648352
-0.3089578,-0.002944763,0.2853346,-0.9124966,-0.5729539,0.6156755,0.601038,0.23240218
-0.65294904,0.14996041,-0.6511922,-0.26840645,0.27311653,-0.43035263,0.2259117,-0.030274322
-0.3538384,-0.15304181,0.5024744,-0.71758926,0.34964815,0.5835241,0.39783606,-0.0517782
-0.455366,-0.017287593,0.609421,0.119966865,0.3312178,0.36851117,0.11809145,-0.356729
-0.43749768,-0.06445242,0.39817488,-0.8189229,-0.30233097,0.69064885,0.6079222,0.2956458
-0.6883305,-0.27382308,0.5521339,-0.523453,0.42248866,-0.42802668,0.30339295,-0.1433185
-0.03468022,-0.45211282,-0.88125,0.01708424,0.07111038,0.39002964,0.36811772,-0.17353538
-0.41670993,-0.04046635,-0.14906532,0.41448498,0.42832968,0.04323527,0.20423228,-0.20927808
-0.38504624,-0.29593462,0.27461863,0.7165171,-0.075440764,0.81581897,0.35158426,-0.15139648
-0.44295788,-0.17310625,0.06886959,0.18201756,0.4695816,0.34510532,0.42525545,-0.298317
-0.10333198,-0.09470669,-0.11018038,-0.5744526,-0.27188742,-0.5128302,0.0404345,0.08839731
-0.5007766,-0.3337603,0.3647895,0.6923027,-0.4453356,0.24192174,0.3052036,-0.22200581
-0.5141665,-0.2290232,0.09515095,0.7272948,0.14399391,0.13734595,0.034295954,-0.17210183
-0.58389664,-0.18339251,0.2163744,-0.6223991,0.4385499,-0.36470297,0.19829758,-0.19367206
-0.251917,-0.15323386,-0.7494012,-0.5699307,-0.00357967,0.78224033,0.44705,-0.015459883
-0.49373868,-0.16781032,0.27271152,0.08092511,0.17633137,-0.49241972,0.043155365,-0.15351513
-0.1886819,-0.17053431,0.22771728,-0.66968834,-0.25283626,0.74125326,0.66163206,0.15564328
0.05434991,-0.071095824,0.83809924,-0.15298003,-0.108942345,0.69064236,0.5593497,0.10247257
0.117277965,0.3332779,-0.2067666,0.80102706,-0.12007544,0.03110577,-0.08930537,-0.029417697
-0.17163822,0.12240409,0.096512675,-0.19895506,-0.4810222,-0.68835145,-0.01679596,0.1543126
-0.15139894,-0.18641424,-0.6079428,-0.2705701,-0.65655696,0.64783895,-0.30917087,0.0148462355
-0.43296945,-0.21033314,-0.60489947,0.5082004,0.35659847,-0.07704326,0.4470315,0.06930797
-0.38192976,-0.34627536,0.3027506,0.5864148,0.17653182,0.28557506,0.17833443,-0.33941266
-0.34553668,-0.088030815,-0.82878006,-0.38795465,-0.21808182,0.5807966,0.38159654,-0.13743444
-0.43436244,-0.14510441,0.019293189,-0.61122024,0.37300625,0.03592487,0.33459046,-0.15148556
-0.28436464,-0.2021047,0.8969798,0.04111719,-0.2945761,0.7471862,0.41817454,0.105623335
-0.49314103,-0.19699033,0.07360995,-0.19042766,-0.08583914,-0.7017969,0.043745436,-0.1830218
-0.72828305,0.03735285,0.0680207,0.1874249,-0.11297498,-0.8471203,-0.14329182,-0.024394227
-0.43179342,-0.0793808,-0.04013771,-0.26892436,-0.25431076,0.7521502,0.22971019,-0.076503165
-0.5480201,-0.1844273,0.10184872,0.5063627,0.29990786,0.12615253,0.30356696,-0.11399161
0.033423673,-0.22732104,0.82296205,-0.148229,-0.19398512,0.645316,0.6009691,0.15740936
-0.21102965,-0.40510833,0.058004737,-0.7865537,0.047312208,0.67356485,0.6798958,0.060677644
-0.36611015,-0.16210888,0.22090006,-0.72764087,0.39266992,0.029926393,0.23268662,-0.34226137
-0.40032122,-0.12423075,-0.06550151,0.7875743,0.4395612,-0.41297024,0.39713717,-0.147955
-0.17784785,-0.08780025,0.9179188,-0.02044481,0.09066652,-0.38123667,-0.12906444,-0.027027216
-0.38045114,-0.30864614,-0.2886814,-0.7516998,-0.102263115,0.90202856,0.4205097,-0.14200668
-0.35995972,-0.059278328,0.26346433,-0.51641405,0.18894264,-0.32670128,0.0707192,-0.06433958
-0.4637585,-0.16640992,-0.34726858,-0.8740341,0.32217476,0.43295437,0.088236056,-0.36637646
-0.1877946,-0.21894893,0.70569396,-0.65378654,-0.3584756,-0.18682264,0.20043758,-0.18453988
-0.36133245,-0.15466875,0.6321354,0.0329628,0.27006465,0.028181545,0.057198767,-0.23381488
-0.35432944,-0.2500406,0.40536368,0.68050265,-0.030200226,0.74847394,0.521456,-0.12934852
-0.4139513,-0.22582099,-0.5786563,-0.078145325,0.056122083,0.16336314,0.2589684,-0.012314917
-0.06100649,0.17875649,0.355677,-0.80083483,-0.32844096,0.6094212,0.46798494,0.2679949
-0.4722021,0.023021001,0.011529207,0.6697172,0.383284,0.26995942,0.2957227,-0.18711275
-0.38846594,-0.16110013,-0.5248591,-0.194498,0.14146756,0.19047081,0.3676289,-0.24234225
-0.22775306,-0.14622568,0.6022259,0.7507142,0.07921317,0.16663866,0.21217458,-0.04386662
-0.43795878,-0.010045285,-0.048185766,-0.6875521,0.5278551,0.074407406,0.28956118,-0.23031616
-0.41541412,-0.3745604,0.5469779,-0.73236936,-0.8308306,0.29995036,0.36951762,-0.1213472
-0.33114025,-0.025848184,-0.94775814,-0.04815197,-0.37046406,-0.5011387,-0.43035266,-0.28175062
-0.3955341,-0.4352653,0.74023104,0.377267,-0.4012112,-0.0971134,-0.00019576892,-0.31986108
-0.0452015,-0.15879935,-0.44025183,0.41517437,0.06920941,0.33373845,0.29951182,-0.23628682
-0.67097014,-0.22053182,0.11780667,0.6953893,0.4433302,-0.45035422,0.18117489,-0.061662093
-0.40222287,-0.21653128,0.22461975,0.44768608,-0.09184041,0.8370838,0.5668056,-0.03379889
-0.32319358,0.070862494,-0.24118346,0.39332008,-0.18838651,-0.60036737,0.11828934,-0.15021886
-0.27243978,-0.18098311,-0.0021349192,0.5231408,0.087727435,0.21283306,0.1947912,-0.28091872
-0.28782725,-0.29142797,0.8385017,0.44819796,-0.17640004,0.7877944,0.45737916,-0.05811549
-0.35642016,-0.088884704,-0.9653183,-0.006145537,0.23933503,-0.21578914,0.0057424204,-0.12358701
-0.38120317,0.101254724,0.37469113,0.33200288,0.12695232,0.09712191,0.19906718,-0.18704237
-0.4228428,-0.073466755,-0.18341744,-0.81072915,-0.11641689,0.8030247,0.2507373,-0.1861735
-0.4152773,-0.50088143,-0.2469368,-0.22659189,0.47057062,-0.17060003,0.19155668,-0.53713244
-0.3638824,-0.4107381,-0.93292445,-0.21258616,0.36376587,0.37051386,0.4367646,-0.20831588
-0.6635435,0.15178697,0.27548707,-0.73120725,0.24072997,-0.4708069,0.22593231,-0.14588164
-0.35987923,0.20939405,-0.8300736,0.0093615055,-0.22685759,-0.4669067,0.26944575,-0.05598421
-0.53790575,-0.26608667,-0.9090151,-0.20005095,0.3601583,0.26187354,0.41746435,-0.19110903
-0.3736496,-0.11430343,-0.16939497,-0.18739915,0.39595017,0.5107968,0.3086504,-0.1349271
-0.43081254,-0.18719266,-0.34570855,-0.8852396,0.26664078,0.38946092,0.4151626,-0.19969356
-0.38262302,-0.06490043,0.5374702,0.26505256,-0.30106157,0.7643184,0.12462208,-0.11472823
-0.02019176,-0.29561004,-0.12186605,-0.89471126,-0.41349688,-0.03092385,0.19640058,-0.1258547
-0.29284754,-0.2926167,-0.57324433,0.2073034,-0.047391914,0.7914797,0.5683787,-0.076118656
-0.44203657,-0.17057855,-0.073451936,0.65372276,-0.17580493,0.0534885,0.15238893,-0.30282936
-0.17174675,-0.06327407,0.3891765,-0.74400145,-0.5014482,-0.5735793,0.08913077,0.09019538
-0.1285543,-0.13397008,0.42401433,-0.58862257,-0.39874524,0.48471692,0.41853493,-0.0076176054
-0.07925454,-0.030326735,0.2550547,0.16035819,0.0074449074,0.112480916,0.1687402,-0.35753742
-0.42184126,-0.2591434,0.41129637,0.5534437,0.31489298,-0.2962759,0.24647182,-0.33398643
-0.4140088,-0.05163685,-0.88512814,-0.055562437,-0.10673535,-0.605951,0.107148476,-0.10269119
-0.20764503,0.0077651935,0.22482932,0.83791757,0.3284348,0.24500327,0.29563308,-0.17540202
-0.4750856,-0.18199256,-0.34975737,0.6878729,0.493614,-0.14007495,0.23526499,-0.24087587
0.91570705,0.25715187,-0.48707986,-0.72777724,0.6646976,0.46406204,-0.15125039,0.6165136
-0.51649153,-0.21558861,0.32884037,0.30445683,0.45058596,-0.36654013,0.23817718,-0.055508763
-0.33653292,-0.3582239,-0.17867643,0.5543113,0.118803,0.1182865,0.13075462,-0.37942472
-0.2380859,-0.17535931,0.35548258,0.13500309,-0.36089507,-0.059175264,-0.28500417,-0.20193246
-0.4974772,-0.13127121,-0.096331,-0.7493092,-0.8828282,-0.037601024,0.11416605,-0.05470171
-0.44663122,0.13594277,-0.08829409,-0.49492425,0.17491306,-0.33237737,0.018293137,-0.10067739
-0.46092054,-0.20077518,-0.14380395,0.3439678,0.35699436,-0.30430716,0.24853268,-0.079201534
-0.36350843,-0.072182365,-0.52491844,-0.19264603,0.21455702,0.09883308,0.3963575,-0.025373746
-0.28716815,-0.0031320557,-0.5091491,0.22603059,-0.04236308,0.78751534,0.6290392,-0.0016001776
-0.16582946,-0.20076711,-0.3235399,-0.75325173,-0.7662922,0.41850078,0.22604711,-0.37772423
-0.4376492,-0.035263676,0.22219932,-0.32541108,0.42953584,-0.32659882,0.32611606,-0.1836695
-0.31506807,-0.20625043,0.31925094,-0.8420706,0.26638642,0.405407,0.37063664,-0.19837798
-0.22416088,0.13045858,-0.65604424,0.3553667,0.0021828862,0.053094544,0.37703997,-0.20821512
-0.45363626,0.121720426,-0.89688146,0.42312026,0.2746704,-0.3302741,0.26201543,-0.2968602
-0.13242689,-0.067519695,0.18862021,0.851166,-0.69407034,-0.5902493,-0.7666641,-0.11929477
0.048496377,-0.040712547,0.22471607,-0.6865467,-0.20674215,0.61295205,0.57031775,-0.45608282
-0.43126792,-0.25002807,-0.4297989,0.46663022,-0.08936778,-0.4272845,0.05045132,-0.13074419
-0.52222186,-0.017179143,0.9216708,0.18001306,0.41012022,-0.3196664,0.22010587,0.020484986
-0.42648038,-0.019972306,-0.86212265,0.25948763,-0.057711408,0.81875634,0.36877814,-0.01822392
-0.57829916,-0.13391186,-0.44915432,0.6937237,0.61237055,-0.22784118,0.29810554,-0.2528379
-0.16514798,-0.40433764,-0.09407842,0.23778927,-0.41008857,0.10456079,-0.07466349,-0.3008346
-0.34089252,-0.37657383,0.29480064,-0.029584825,-0.26822558,-0.85468984,-0.2891095,0.05462795
-0.5590146,0.18618147,-0.3881147,0.07936525,0.008728014,-0.7360564,-0.5270777,0.21009344
-0.5028633,-0.0739838,0.38677227,0.65076244,0.42657164,0.23857437,0.3548193,-0.16081156
-0.4025518,-0.036997486,-0.57341707,0.3402785,0.03544893,-0.36856732,-0.21810594,-0.48259333
-0.41945523,-0.066536404,-0.6905036,-0.15124023,0.19540967,0.2539838,0.35467988,-0.16372484
-0.5118942,-0.01101702,0.41808844,-0.7731167,0.48150718,-0.29662198,0.12765701,-0.082039766
-0.44497097,-0.13432956,0.5452236,0.244663,0.2465507,0.38165015,0.40922043,-0.1769685
-0.47126588,-0.22213694,-0.38940078,0.629177,-0.68818873,0.13316122,0.122327074,-0.29233012
-0.21304065,-0.23782454,0.05966115,0.77407086,-0.13106552,0.8619986,0.45133892,0.050492954
-0.2272708,-0.20446515,-0.058965445,0.99334776,0.23765372,0.3260196,0.36842737,-0.15366286
-0.39310694,-0.14795627,-0.3346945,0.40933383,0.48740113,0.28285235,0.33386502,-0.21868634
-0.5989374,-0.47093245,-0.6319423,-0.20025343,0.591378,0.49154237,0.32411546,-0.32664907
-0.58683133,-0.14884154,0.2588452,-0.5471136,0.0816755,-0.660107,0.13182881,-0.17318273
-0.40784857,-0.17945106,-0.17599821,-0.19184428,0.29937607,0.3729308,0.51924574,-0.25154814
-0.4057594,-0.10080199,0.045994163,0.38292384,-0.15755673,-0.70302266,-0.22291754,-0.10094859
-0.030191856,-0.31768993,-0.36347407,-0.6360459,0.023343287,0.7203616,0.35861927,-0.029296998
-0.3483321,-0.08444328,0.24448156,-0.12520117,-0.041137144,-0.25435612,-0.2561326,-0.49179137
-0.090544775,-0.14670032,0.15747404,-0.94756347,-0.25636277,0.6067733,0.5176911,0.08648407
-0.06061526,0.08189943,0.24038601,0.050978065,0.034297362,-0.35128266,0.21961445,-0.08125052
-0.3175882,-0.30271095,0.4667276,-0.33535737,-0.030289067,0.02691637,-0.16866939,-0.27124634
-0.3160259,0.03443678,0.23126006,-0.50880706,-0.29417747,0.65976983,0.28909028,-0.085459925
-0.18272121,-0.0868268,-0.4496261,-0.0049082637,-0.17798086,-0.71680266,0.119822375,0.018615
-0.22128089,-0.100111015,0.41991115,-0.90850943,-0.29157284,0.80343384,0.423114,0.28552377
-0.32353756,-0.06924353,0.5360992,0.77729154,0.18427518,0.3578855,0.4071895,-0.18712036
-0.4779427,-0.038068336,-0.12866402,-0.39629018,-0.50319344,-0.6267784,-0.642471,-0.054934766
-0.21730216,-0.09632293,0.6032673,0.2616123,-0.472433,0.53594285,0.32990143,0.0032401793
-0.56661123,-0.23338734,0.72557306,-0.45641226,0.108928695,0.1395446,0.28336006,-0.11278618
0.072058275,-0.20725258,0.26937258,0.6080606,-0.38644162,0.840115,0.66155064,0.4900395
-0.45779052,-0.14774068,0.22636855,-0.584623,-0.20032571,0.74664205,0.69300145,0.13997191
-0.50383174,-0.25515312,-0.79639846,-0.262344,-0.33222744,0.4270714,0.49952397,-0.15176505
-0.1835969,-0.18589908,0.38324046,-0.14038718,-0.24466507,0.66110855,-0.17985456,0.38138548
-0.61061573,-0.3010794,0.3529191,0.7116623,0.40359008,0.27460673,0.43363938,-0.19975035
-0.4793494,-0.09839078,-0.3628394,0.44713116,0.12514803,0.041703306,0.2852214,-0.24189003
-0.32516542,-0.13311997,-0.875622,0.2228117,0.28904364,-0.17471927,0.24943423,-0.15464866
-0.0978224,-0.1023155,-0.028608859,-0.7637646,0.004443465,0.048293125,-0.111047275,-0.16860881
-0.36320388,-0.09687219,-0.42754775,-0.7733927,-0.20960791,0.65220225,0.6351851,0.26432648
-0.37802845,-0.1912521,0.3716079,0.017873764,0.19057196,-0.051164873,0.37862122,-0.24969366
-0.36089253,-0.26326057,-0.030719876,-0.7806573,-0.9150743,0.3436159,0.26765645,-0.067700975
0.25429618,-0.4351747,0.22226357,-0.7832353,0.26590416,0.38533497,0.27536234,-0.12420634
-0.43909913,-0.27919596,0.84377396,0.46244872,-0.065319866,0.8638999,0.46189913,-0.20160662
-0.2630828,-0.14215344,0.26974022,0.5227337,0.2992109,0.56752086,0.16765198,-0.43736756
-0.36750048,-0.39307377,-0.8321585,-0.24145275,0.22388345,0.20247798,0.2825359,-0.17497933
-0.40901542,-0.20970015,0.1251018,0.022552848,-0.24619098,-0.4319785,-0.019065302,-0.10563783
-0.40623796,-0.37847096,-0.6035645,-0.30738133,0.3421052,0.015960483,0.1821441,-0.24237643
-0.52393997,-0.07846441,0.27980316,0.82091963,0.45374605,0.03805813,0.32343695,-0.018821187
-0.3518852,-0.2740792,-0.83857083,-0.122354746,-0.38036102,0.038250573,0.11793523,-0.23874915
-0.175579,0.018864457,-0.53789246,-0.46643966,-0.50394994,0.4972611,0.39913493,0.3937682
-0.2970741,-0.1757726,0.7491541,-0.37337512,0.17519823,-0.014734517,0.15121916,-0.092769735
-0.3881175,-0.18755977,-0.6517036,-0.25358677,0.3202377,0.0854908,0.40172377,-0.14152949
-0.5565727,-0.13806784,0.51330554,0.6307173,0.2977731,0.29288614,0.2804077,-0.17800336
-0.23648582,-0.106119625,0.1514256,0.58223903,0.26154605,0.27813184,0.38253078,-0.09729821
-0.53590435,-0.31848156,-0.012773156,0.60238075,0.17965263,-0.38197738,0.12187842,-0.07339968
-0.23778625,-0.06496962,0.6842798,-0.52586436,0.019204706,0.06438553,-0.2015749,-0.43535718
-0.34164447,-0.17868091,-0.5862005,0.67995775,-0.8460777,0.29416925,0.4238583,-0.035915386
-0.23501275,0.023298267,0.56576645,-0.6926184,0.27297392,-0.14443545,0.16925503,0.17711408
-0.8044513,-0.2784234,0.578372,-0.24997783,0.75318503,-0.11880555,-0.055126596,0.18645756
-0.3104913,-0.36678505,-0.4081515,0.38139844,0.06423792,0.44513994,0.32467172,-0.20761082
-0.45517442,-0.1001442,0.18653834,0.58460736,-0.026490437,0.772757,0.4193216,-0.099563904
-0.27854276,0.062241767,0.6010541,-0.77534604,-0.43586132,0.62473124,0.56450045,0.30411506
-0.33301583,-0.10261216,0.12365568,0.72393155,0.3052078,-0.24428551,0.31484,0.04444015
-0.22311315,0.16028361,-0.039343715,-0.30394667,0.18843515,-0.3226896,0.080547825,-0.19993742
-0.30632237,-0.012059907,-0.51995635,0.18420637,0.3084488,0.348308,0.5527477,-0.13101347
-0.4119561,-0.05476862,-0.3173505,0.4637667,0.25083196,-0.3083921,0.3354698,-0.15671694
-0.023186134,-0.1777282,-0.48921525,-0.8022864,-0.28015575,0.57587075,-0.02028993,-0.066854514
-0.4865891,-0.28790453,0.47954738,-0.016777158,-0.113774136,0.8470495,0.42571214,-0.117315315
-0.40024033,-0.085956566,0.078816175,0.8953717,0.010222596,0.16729467,0.16461618,-0.4431986
-0.509187,-0.19530098,0.7537664,-0.23522943,0.3850044,0.3330911,0.44657272,-0.22444186
-0.3498958,-0.23947535,0.58315945,-0.47679293,-0.26632717,0.8828367,0.5663957,0.14223424
-0.2504355,-0.28477994,-0.6489744,-0.21582997,0.2041146,0.21170509,0.445354,-0.36473057
-0.36783096,0.055898476,-0.31934756,0.09725857,-0.5595672,0.5848248,0.037179045,-0.11902876
-0.5426318,0.013673951,-0.010139048,-0.8619113,0.18791576,0.04698154,0.4479893,-0.022310179
-0.13461827,0.10602521,-0.43684477,0.8911452,-0.53613424,-0.5503531,-0.4131453,-0.122270696
-0.44107714,-0.20708168,0.49466443,0.079968214,0.30714956,0.26984298,0.35807148,-0.2611463
-0.4022702,-0.14255993,-0.54856086,-0.19285434,0.33627757,0.21476054,0.25399452,-0.2702404
-0.0009855796,-0.03898907,-0.18890953,-0.71282136,-0.48985997,-0.7571429,-0.08496715,0.43833345
-0.43206465,-0.20379446,-0.7863327,-0.30201286,-0.022999374,0.83511513,0.46369928,0.0063747265
-0.36283642,-0.18448882,-0.16651928,0.38782883,0.2977923,-0.28040004,0.32228944,-0.07722881
-0.37826762,-0.23243645,0.65932655,-0.19124502,0.039163627,0.71044695,0.44283926,-0.06762221
-0.42070138,-0.2317548,-0.13448948,0.7677766,-0.44583425,0.36529353,0.41674542,0.07276739
-0.34950885,-0.3332005,-0.022625506,0.70969045,0.18847477,0.30389655,0.12465073,-0.2985764
-0.2858601,-0.25210854,-0.26225686,0.6043953,0.20060515,0.24271479,0.20428802,-0.37404343
-0.4469425,0.00931478,0.015470266,-0.85462844,0.23862062,0.34150562,0.14975102,-0.33368143
-0.06878261,-0.36403295,-0.32487786,0.03572607,-0.038506866,0.82373726,0.44986773,-0.049610935
-0.45562258,-0.36072457,0.4761498,0.6074858,-0.19210966,-0.04521593,0.11015786,-0.2278095
-0.4667467,-0.2358293,-0.49041343,-0.1531446,0.4061099,0.47153956,0.31344596,0.10454381
-0.35212693,-0.26621252,0.04186666,0.706218,-0.5423644,-0.72110426,0.09052459,0.091886505
-0.35653448,-0.23240587,-0.8767808,-0.31261402,0.25122142,0.199846,0.28015003,-0.096895084
-0.5669518,-0.30120158,0.7208302,-0.29061604,0.53917885,0.32074484,0.256812,-0.05211683
-0.5090313,-0.2812678,0.34844506,0.14641917,-0.07524156,-0.7587739,-0.3914507,0.0013305529
-0.5639626,-0.37755576,-0.7057727,-0.25560236,-0.020906908,0.23096083,-0.06505936,-0.423323
-0.49967545,-0.1273298,-0.90485924,-0.16635817,0.29937923,0.27775738,0.37375095,-0.120952144
-0.49192858,-0.12109416,0.17657411,0.5807015,-0.035916656,0.774646,0.41850904,-0.10908416
-0.11505625,-0.32060042,-0.06941235,-0.8091423,0.31257692,-0.59312654,-0.15937696,-0.0010548698
-0.40346444,0.020715002,-0.011182189,-0.14308405,0.4021861,-0.28523293,0.32624185,-0.16910501
-0.42352837,-0.13579424,-0.18189764,0.6000768,0.045091815,-0.69833213,0.11457156,-0.03665812
-0.40988928,-0.22947028,0.3894559,0.77258325,0.33214596,0.33191517,0.08698275,-0.3301987
-0.09240608,-0.21287075,0.38859832,0.7550099,-0.7251087,-0.2707562,0.22710918,0.26817355
-0.61835474,-0.091500275,-0.6715921,-0.44920862,0.35935733,0.28185415,0.43952832,-0.10565174
-0.2225958,-0.29071498,-0.046852767,-0.41938132,0.41993544,0.6926455,0.50198597,-0.33491635
-0.2754519,0.23787312,0.7965019,-0.16779095,0.29784864,0.006734683,0.40133974,-0.26789758
-0.48513702,-0.23916744,0.5000907,0.6172862,0.2883725,-0.09123134,-0.0041700113,-0.20945626
-0.4035569,-0.003750439,-0.08905351,0.3304019,-0.5603592,0.15273432,-0.78780264,0.09496564
-0.35202292,-0.14801717,0.16427457,0.13856018,0.37217805,0.40979162,0.45111912,-0.24813074
-0.06553896,-0.2324492,-0.73303,0.12307727,-0.2906385,-0.00672039,0.3543734,0.06333367
-0.2759424,-0.20619464,0.2530527,0.39948034,-0.39411446,-0.048680555,0.111020766,-0.31105518
-0.38780126,-0.0625985,-0.46556008,-0.39269412,-0.27327552,-0.09604103,0.27682367,-0.13012548
-0.5295792,-0.10189524,-0.9374915,0.12495041,0.63570416,-0.089734286,0.29327592,-0.09187509
-0.28696555,-0.26595378,0.05115962,-0.5272366,0.27136064,-0.16644147,0.36673027,-0.04161239
-0.23214322,-0.2634583,0.48225534,0.60743845,0.22722483,0.3193067,0.39131165,-0.09038836
-0.00540662,-0.10203941,-0.72449994,0.5466839,0.69979,-0.71603906,-0.24113862,0.24249725
-0.5985977,-0.046495568,-0.62956864,0.16992247,0.39061558,-0.44760048,0.35926118,-0.12273343
-0.31382066,-0.19889529,0.3504268,-0.900831,-0.27982664,0.81537104,0.4408826,0.02222911
-0.28063005,-0.42037228,-0.17274088,0.8292593,0.3012912,0.28754327,0.20645647,-0.27329105
-0.29628983,-0.23674327,0.2854606,0.4063989,-0.05870142,0.7535202,0.75656325,0.06848249
-0.50793684,-0.26655418,-0.37070632,0.7011441,0.4612394,0.38354373,0.36481494,-0.107385345
-0.24414742,-0.009189437,0.42103517,-0.055842876,-0.20841876,-0.65062916,-0.02048998,0.1194933
-0.42385116,-0.20026113,0.57656085,-0.50988275,0.32697782,-0.4612145,0.42173046,-0.12277253
-0.41502145,-0.084085144,-0.49211818,0.17771149,0.21107385,0.15277228,0.20620084,-0.25963336
0.06094895,-0.19292766,0.43944287,0.16895413,-0.41928586,-0.10100815,0.25785655,-0.037554387
-0.48126018,-0.1015861,-0.6089947,-0.3034591,0.44141594,0.008726104,0.20333715,-0.06931188
-0.05636001,-0.33402538,0.18746257,0.8724654,-0.80706054,0.22903253,0.37483862,-0.3580455
-0.37881312,-0.22985232,-0.2187832,-0.74086875,0.28455222,0.4083888,0.25590706,-0.20889023
-0.4884883,-0.23420396,-0.8187123,0.21359146,-0.17838505,-0.65443504,0.11004899,-0.24401541
-0.26416776,-0.08651862,-0.15588635,-0.52194726,-0.411966,-0.2513238,0.08429063,-0.06515127
-0.39650455,0.0047504352,0.7356919,0.22133064,-0.402428,-0.80912566,-0.20439428,0.02366731
-0.52377117,-0.16570318,-0.07553929,-0.7602477,0.6925764,0.21036759,0.20945339,0.018162642
-0.27855974,-0.104143955,0.3390684,-0.8318419,-0.1373463,0.6689609,0.26145843,-0.201903
-0.13309291,-0.26194015,0.28588915,-0.499542,0.20441885,0.297907,0.38603714,-0.11634672
-0.1725706,-0.2543176,0.40910542,0.6984447,-0.19998518,0.6653412,0.49861833,0.0028533654
-0.3857999,-0.21526563,0.14853418,0.7337854,-0.07818853,-0.7090016,0.24112667,-0.02182586
-0.46866044,-0.094624154,0.9304427,0.26117313,0.16591004,-0.4030238,-0.15556975,-0.096787065
-0.21753713,-0.078078896,-0.30602485,0.32773006,-0.10833865,0.043973,0.017110264,-0.17350288
-0.21956311,-0.30092543,0.27961183,0.59588003,-0.1024566,0.7670726,0.5895575,0.008970665
-0.28710622,-0.062029872,-0.7060261,0.094857216,-0.41766047,0.69606215,0.5349142,0.07202726
-0.33910626,-0.51143205,-0.80295366,-0.35552287,0.48755848,-0.20687298,0.25677836,-0.55631524
-0.35845548,0.08859462,0.82008564,0.04336536,0.51208514,-0.10203872,0.27914983,-0.11055387
-0.49137166,-0.29967842,0.53507507,-0.34208447,0.23015732,0.029503763,0.34062952,-0.12854087
-0.2899862,-0.24329893,-0.92158496,0.2786218,-0.058093693,0.7139357,0.66792536,0.029546252
-0.5291099,-0.096301444,-0.85754067,0.46895587,0.51184225,-0.16084205,0.30079958,-0.010829836
-0.37321812,0.0016615734,-0.047459364,-0.307589,-0.011015163,-0.7018204,0.025336565,-0.13363726
-0.37037435,-0.18110752,-0.17170823,-0.63708603,-0.34710592,-0.5595498,-0.30287457,-0.05831371
-0.21245599,0.031361002,0.7516781,-0.011703253,0.023179548,-0.37185177,0.11839314,0.21518299
-0.5028461,-0.041085202,0.12462652,-0.7986837,-0.21021752,-0.14321896,0.2533423,-0.0070897136
-0.29516646,0.02058107,-0.21191537,0.536253,0.37294197,0.70552486,0.40886876,-0.24617751
-0.32308054,-0.12148687,-0.08934796,-0.48592824,-0.028777141,0.23837666,0.044924572,-0.3612666
-0.4290376,-0.25114042,0.53737473,0.2915703,0.46519533,0.5379538,0.54031616,-0.17964622
-0.3960836,-0.14973897,-0.24860293,-0.9382976,-0.042914364,0.8983084,0.5786217,-0.054058474
-0.2617566,0.15683939,0.12757778,-0.17125493,-0.18344656,-0.18460454,-0.05439975,-0.31674758
-0.39618564,-0.09990047,0.83296454,-0.41503447,-0.21529631,-0.2727325,-0.42561445,-0.4981365
-0.35749003,-0.057926778,0.94683075,0.082056284,-0.45630705,-0.5468494,-0.39417458,-0.14984243
-0.17913339,-0.045253504,0.15594637,-0.76492697,-0.30101332,-0.1722403,0.24152383,0.32435215
-0.58207625,-0.011057998,0.057899,0.7460576,-0.8159301,0.34262818,0.46246988,-0.09311898
-0.22166067,-0.1546587,0.31378913,-0.402094,-0.082310945,0.9127922,0.39780164,0.047536243
-0.45424405,-0.16458537,-0.028294265,-0.9212481,0.32665098,0.023412334,0.3181015,-0.2136252
-0.38597065,-0.14300324,-0.5371692,-0.122618616,0.29414326,0.08832152,0.4000792,-0.18453635
-0.058940295,-0.370593,-0.26575416,-0.2022335,-0.13294615,0.6715851,0.38965452,0.048187286
-0.041180972,-0.111658394,0.26808524,0.25061405,0.3353036,-0.18929672,0.26957336,0.79036057
-0.4017777,-0.2032125,-0.584304,-0.4353314,-0.46261442,0.48831668,0.44551012,-0.18599665
-0.44920942,0.044092033,0.13479102,0.5613122,0.46053523,0.2848058,0.2542704,-0.21383871
-0.50356114,-0.27073833,0.12185466,-0.07085538,-0.31007802,-0.5644424,-0.3980471,-0.4345098
-0.49519208,-0.18654746,0.55335534,-0.75174206,0.40693286,0.12282938,0.21314335,-0.07446259
-0.4137829,-0.09342329,-0.004377961,-0.5592514,0.28486717,-0.22460133,0.20539796,-0.10554212
-0.47492373,-0.29463887,-0.026867628,-0.19194764,0.22719903,0.20825107,0.36845323,-0.081980385
-0.52101123,-0.21971537,-0.8422547,-0.28746623,0.25320542,0.16581792,0.42854276,-0.047992095
-0.33528483,-0.16574752,-0.82900465,-0.19407904,-0.16754362,0.6499055,0.3719175,0.010161917
-0.5581464,-0.19789377,0.39463484,-0.4983282,0.4691106,0.088995814,0.37672886,-0.18966538
-0.6036248,-0.083405115,0.074039936,0.5585666,-0.8637439,0.18854134,-0.10911201,0.0070107374
-0.28817138,-0.32679212,0.29584372,0.65483606,-0.40845048,0.48957932,0.6271568,0.075841345
-0.38941798,-0.27332535,0.45321953,-0.20461053,0.2223784,0.24644841,0.20260765,-0.20604877
-0.44255757,-0.11491053,-0.58097863,-0.1365748,0.40024713,0.2671452,0.46019116,-0.041338764
-0.6878327,-0.23714241,0.2828467,-0.0068876743,0.39318448,-0.4803765,0.034630492,-0.031518836
-0.43979037,-0.31487703,0.006813407,0.65663314,0.15835652,0.07759655,0.31707385,-0.036024433
-0.42759603,-0.032065887,-0.9410573,0.08986509,0.40054035,-0.25155324,0.26034123,-0.1194388
-0.2821968,0.3804963,-0.615391,0.7145003,-0.10991526,-0.3379837,-0.10852601,-0.33385402
-0.39376274,-0.11438103,0.27653968,0.6350148,-0.33123457,0.71269387,0.1524426,0.27065516
0.021872742,-0.22105236,0.37509227,-0.047297955,-0.0054968856,-0.31231195,-0.13486247,0.045363575
-0.13368322,-0.28420866,0.052196622,-0.016090035,0.067624256,0.30192983,0.32782665,-0.09652529
-0.36507174,-0.05885287,-0.55733025,0.12112272,-0.26359382,0.53504556,0.26559404,-0.23674561
-0.5047746,-0.14691564,-0.6003281,0.67223287,-0.09584716,0.80276424,0.6972996,0.033146452
-0.44113672,0.10622629,0.22745764,-0.5877664,-0.6520604,0.26203975,0.30820727,-0.13557231
-0.57899565,-0.27919042,0.6644428,-0.45748323,0.2235277,-0.43848118,-0.17022835,-0.16402012
-0.04879615,-0.18966705,0.37445462,0.59298253,-0.037288874,0.66996026,0.6505857,0.016100828
-0.35927853,-0.007439385,0.60467315,0.118425965,0.3308048,0.2809381,0.17928866,-0.33797985
-0.3915664,-0.34813353,0.5326103,0.52764976,-0.03701839,0.22731876,0.2118175,-0.33616856
-0.522004,-0.23877952,-0.49935365,0.746333,-0.04901918,0.76021075,0.2716519,0.063030876
-0.43555173,-0.2688507,0.014958739,0.7987585,-0.223691,-0.489133,0.13444345,0.08065943
-0.5226966,-0.023283076,-0.16376913,-0.42055368,-0.66426617,-0.15850724,0.15444328,0.109171666
0.20993142,-0.3537461,0.16516757,-0.2281813,-0.5533155,-0.1781406,-0.36996686,-0.3812297
-0.46725175,-0.18964101,-0.28868276,-0.58775824,0.21273793,-0.27355283,0.0680741,0.012756385
-0.11041908,-0.3213926,-0.73968947,-0.07793492,-0.70817566,-0.17512326,-0.0635093,-0.19698864
-0.19210058,-0.09658014,-0.21422791,0.6113633,-0.78059524,-0.35780588,-0.36511332,-0.101721965
-0.35057297,-0.2441102,-0.2282567,0.65384114,-0.30031553,-0.23378299,0.42315096,0.59838223
-0.23794393,-0.15690404,-0.25359005,0.4985385,0.067881875,0.11631073,0.24486877,-0.073891945
0.05880211,-0.0068203015,-0.24204332,-0.6253321,-0.80357623,-0.4050928,0.3710349,0.29415497
-0.4063116,-0.16180299,0.31010747,0.8042699,0.009678908,-0.35816312,0.48458672,0.1264721
-0.31368008,-0.2130005,-0.7672735,-0.29197282,0.34507832,0.71429634,0.43050942,-0.30255494
-0.40093952,-0.07259116,-0.8617458,0.3152783,0.15702935,0.07116942,0.34298792,-0.16408229
-0.63070613,-0.10488213,-0.06237185,0.55080914,0.5889467,-0.114656165,0.29127878,-0.08793209
-0.004117476,-0.0127831055,-0.6757995,-0.6778501,-0.02527622,0.36673516,0.12575783,-0.24793027
0.032699417,-0.13254437,0.16723895,0.56696534,-0.08799429,0.7002354,0.5767195,0.0008394243
-0.2694426,-0.02824537,0.8056611,-0.035484076,0.12455834,-0.40930587,-0.1289458,-0.26511145
-0.07074998,0.3326034,0.8996066,-0.21698207,-0.9008236,-0.36741453,-0.82095087,-0.49652195
-0.4393042,-0.117018186,0.33290756,0.14635038,-0.42715514,-0.11149546,-0.5366628,-0.19424398
-0.6909002,-0.03179537,0.15518486,0.736629,0.41380018,0.16632949,0.24662066,-0.11955787
-0.39745063,-0.27105922,-0.9746526,0.010124326,-0.09463223,0.20394407,0.35450926,-0.14101183
-0.30810535,-0.23896924,0.3235407,0.71407914,0.34392908,0.26460227,0.47490597,-0.14330195
-0.14326435,-0.17461559,-0.114471555,-0.7124604,-0.34691527,0.6284788,0.5537796,0.14297386
-0.4327213,-0.27130857,-0.9020308,0.18361008,-0.3311351,-0.6022282,0.079918526,-0.18494914
-0.30442414,-0.17978112,-0.06045544,0.81241405,0.28991336,0.29732147,0.4445245,-0.050855048
-0.6471069,0.01472639,-0.5005554,-0.48998708,-0.0044479403,-0.6574128,0.009573156,-0.0042153243
-0.5413757,-0.23331805,0.23879182,-0.5032088,-0.18284833,0.71914136,0.34557253,0.079885185
-0.12809925,0.1797354,0.28448272,-0.9556455,-0.53657746,0.56201535,0.60230404,0.22035098
-0.18594612,-0.28918228,0.5466312,-0.107016385,-0.559014,-0.13826843,-0.2412434,-0.19408347
-0.23571365,-0.39315465,0.51576865,-0.417903,-0.11165968,0.802717,0.46550632,-0.09466133
-0.42908877,-0.22234546,-0.7723529,0.6259941,0.40774325,-0.35161898,0.3862135,-0.29068914
-0.24912567,-0.27493885,0.56499386,0.20519078,0.15653436,0.27870414,0.3410414,-0.21569733
-0.4072976,-0.22700165,0.7497455,-0.10840243,-0.22438213,-0.09953051,-0.19933955,-0.3311372
-0.26506373,0.12307175,-0.6437824,-0.37490785,0.37035504,-0.44419718,0.22766206,-0.15607668
-0.4942145,-0.0586912,0.40082633,0.40144515,0.38273728,0.035111215,-0.06774864,-0.78998226
-0.05607896,0.038348097,-0.5553621,-0.52919495,-0.14670233,0.104724035,0.3545885,0.43133834
-0.31930456,0.18648936,0.6124158,-0.5762068,0.15789384,-0.46606976,0.24131696,0.3324614
-0.3706805,-0.0423094,0.20462596,0.76169753,0.048914287,-0.066410586,0.03029464,-0.1677129
-0.38566026,-0.26253232,0.17602634,0.4770056,-0.087589204,0.6907543,0.5654704,0.012039943
-0.42561018,-0.10705057,-0.14616454,-0.6172619,-0.011435075,-0.46380574,-0.13976564,-0.10781941
-0.5891222,-0.0048247827,0.74623406,0.32322013,-0.89044666,0.04757539,0.18719292,-0.26012358
-0.39915624,-0.11871426,-0.29550022,0.39258087,0.47280562,0.19670035,0.39984733,-0.07668193
-0.49159685,-0.08473975,0.8127502,-0.07822847,0.58143485,0.1734267,0.22592385,-0.28363338
-0.13453595,-0.11575097,-0.4533025,0.23783481,-0.41326308,0.58376163,0.47326842,0.07390479
-0.35482457,-0.061549384,-0.93400615,-0.20640069,0.32439032,0.37507603,0.22027054,-0.3983594
-0.29385054,0.03881489,0.6684084,-0.0916878,0.12759107,0.17690934,-0.0472318,-0.5070928
-0.55520636,-0.32280406,-0.06679034,0.6353456,0.5110829,0.65055144,0.40171462,-0.31295785
-0.09994991,-0.18682866,0.39580357,-0.85875773,-0.3470513,0.6431701,0.6233591,0.23283604
-0.06393182,-0.34993935,-0.4635116,-0.38814956,-0.35209024,0.41526973,0.5971125,0.07943594
-0.13370733,0.053581987,-0.0578261,0.060231566,0.2512205,-0.07113111,0.29226267,-0.23873691
-0.24866976,-0.21962842,-0.05942118,0.38651526,-0.34673032,-0.1294986,0.14756958,-0.1462981
-0.44377312,-0.09296744,-0.021814525,0.6708312,0.3926019,0.313095,0.4747798,-0.27595302
-0.19916278,-0.080274396,0.0386647,0.63355124,0.10075993,0.23579071,0.22281665,-0.11161943
-0.31362513,-0.33347026,0.049850106,0.78119767,0.30047184,0.6374511,0.37083346,-0.054161895
-0.26677385,-0.027874429,0.120480776,0.7837734,0.20012228,0.25628603,0.38004604,-0.25441578
1.220516,-0.25114983,-0.56273264,0.662707,0.71826535,0.4197608,-0.3152309,0.66423905
-0.32287216,-0.17673665,-0.3921107,0.7243968,0.35638136,0.31554416,0.34065434,-0.28238714
-0.24710117,0.08054771,0.593498,-0.39578998,-0.3026888,-0.69975424,0.159257,0.08491305
0.050216775,-0.13673925,0.1832856,0.4287902,-0.6259502,0.29581475,0.43821743,0.39927363
-0.20140995,-0.101944655,-0.61039966,0.36219025,0.33927888,0.5618188,0.5076382,-0.16570397
-0.309503,-0.2740052,-0.73303,0.12307727,0.028016772,0.120089464,0.2666811,-0.087508425
-0.23806715,0.071956106,-0.5083271,0.6897764,-0.11209753,-0.48919877,0.23397495,-0.04659466
1.3794525,0.6791284,0.38582087,-0.63447237,-0.4804293,0.5650528,-0.27742833,-0.01671101
-0.30584106,-0.12952967,0.4192363,0.7305596,-0.2523125,0.74844414,0.32435763,0.051939886
-0.36345488,-0.37509677,0.44341147,0.6696198,-0.15506025,0.68847364,0.33320805,-0.0371452
-0.78196734,-0.08792862,0.6183702,-0.26950908,0.634928,-0.013665423,0.84414005,-0.14301316
-0.6064177,-0.16298029,-0.024378955,-0.7455673,0.63059926,-0.06481382,0.31983146,-0.20489855
-0.40273082,-0.078101374,0.5435388,-0.85996306,-0.25251195,0.82145435,0.6321089,0.25343493
-0.46201745,0.04975641,0.3027966,0.049111128,-0.681845,0.40703398,0.44907516,0.034354668
-0.27960873,0.1702358,0.21144783,-0.38018692,-0.09539575,-0.6354101,-0.39245546,0.13070107
-0.37769067,-0.18555488,0.3563354,0.74754584,0.23607346,0.21399526,0.3592746,-0.059842777
-0.44135135,-0.17237647,-0.1087715,-0.9428093,0.27075207,0.2660184,0.44390872,-0.1256666
-0.44705495,0.10115557,0.017598033,0.3165629,0.27756292,-0.57250774,-0.043702275,-0.0170422
-0.22540005,-0.20018251,-0.6962203,0.33997393,0.17247279,0.1995092,0.43233538,-0.2940278
-0.3750417,-0.10054019,0.26010537,0.38166142,-0.3848104,0.24921986,0.43889192,0.12239219
-0.5349419,-0.12979873,0.092178345,-0.1934241,0.21049331,-0.07222352,0.48222265,-0.031292766
-0.4997382,-0.1529963,-0.21919554,-0.72867095,0.44091392,0.19166714,0.34731197,-0.24718566
-0.33281156,-0.27767363,0.10083771,0.08071089,-0.4033661,-0.2767408,0.28848186,0.29001668
-0.3120485,-0.2600733,-0.7835755,-0.48764378,-0.2092007,-0.007575398,0.23985422,0.009296721
-0.31811062,-0.26891345,0.5800909,0.21359837,0.22034402,0.15910666,0.29442713,-0.23941778
-0.38688567,-0.11239857,-0.44722372,0.47887373,-0.15882252,-0.013807448,0.26939484,-0.3256842
-0.63305336,0.20816974,0.18790615,-0.064453304,0.2506886,-0.69668627,0.011974552,-0.01797383
-0.35582834,-0.31252697,-0.6088135,-0.099292755,-0.3375278,-0.016444642,0.26255998,-0.20315264
-0.3645201,-0.18363382,-0.5209031,0.18248916,0.3034929,0.39150223,0.16023163,-0.37561738
-0.3841894,-0.10601993,-0.5721881,0.16481602,-0.135381,0.82826555,0.5842096,-0.010005676
-0.43648526,-0.20091085,-0.5980313,0.1677475,-0.36921212,0.7901854,0.4413002,0.40845498
-0.4310584,-0.20351595,-0.42712688,0.40611494,-0.7584991,0.3444631,0.38754258,-0.23273721
-0.37732843,-0.20094277,-0.8403218,-0.28039813,0.33389685,0.39491144,0.36747482,-0.20407355
-0.32720253,-0.12690568,-0.8367775,-0.42901546,-0.83037573,0.44868267,0.41380697,-0.26611075
-0.1186433,-0.33055454,-0.32487786,0.03572607,-0.035702825,0.8068157,0.3970921,-0.082823366
-0.36513007,-0.22142687,0.43644,0.6163291,0.29918882,-0.13635162,0.22164695,-0.08015462
-0.41949102,-0.12705003,0.17295504,-0.93945104,-0.35185087,-0.7350636,-0.118180476,0.05477913
-0.21724783,-0.19230849,0.0677135,-0.1367423,-0.42156777,-0.5152785,0.1376366,0.03677699
-0.112804875,-0.3554959,-0.8676761,-0.116723895,0.3630128,0.49084678,0.5090846,-0.19274864
-0.12114157,-0.26249045,-0.7271328,-0.25466138,0.33428702,0.37281677,0.41205323,-0.30265668
-0.50021577,0.08461016,-0.7644693,0.5905638,0.5096324,0.26719764,0.35103962,-0.37130517
-0.46376386,-0.18001008,-0.79705334,-0.42869675,0.36374125,0.4219788,0.5008819,-0.296324
-0.37190023,-0.36007786,0.34394562,-0.6174622,-0.29037884,-0.15177503,0.2082468,-0.30048227
-0.41115755,0.13667332,-0.89688146,0.42312026,0.2764945,0.17715071,0.2433728,-0.18540056
-0.4099484,-0.28297418,-0.22710556,-0.36767292,0.14583401,0.24236605,0.36685416,-0.20321424
-0.5311817,-0.22435565,0.20105708,-0.013427794,0.33155337,-0.26223874,0.2212835,-0.10550518
-0.5170314,-0.2546334,-0.27990925,-0.47220254,0.2576845,0.2523691,0.4306915,-0.12830947
-0.34896985,-0.03293791,-0.38340187,0.7748369,0.2553042,0.30874193,0.14327447,-0.35388502
-0.105714664,-0.13375764,-0.06838149,-0.038170755,-0.015931673,0.25510117,0.26534343,-0.30590957
-0.30867657,-0.28177807,0.28017104,0.39422405,-0.047441423,0.7547399,0.6738703,0.11007361
-0.25909027,-0.2262598,-0.376563,0.42357957,0.15075019,0.1918313,0.03470835,-0.23981991
-0.1854685,0.082139395,0.09547377,-0.29813558,0.06752154,-0.29894286,0.1307644,-0.17253377
-0.74853325,-0.18074013,0.84802496,0.13544631,0.06801462,-0.8015999,-0.3851364,0.101476714
-0.47240826,-0.06581809,0.1453104,0.76313066,0.42070928,0.029154751,0.33013543,-0.037681036
-0.4571926,-0.12173739,0.2197305,0.024674773,0.29636297,0.3148843,0.2314787,-0.34240538
-0.5611244,0.0031582012,0.7962601,-0.009176314,0.364503,-0.23171969,-0.058931608,-0.055837296
-0.4697434,-0.19956984,0.24777877,0.45330465,-0.054377884,0.77537775,0.6319175,0.08431153
-0.5916231,-0.2215514,-0.4063987,0.7349266,0.42421296,0.2117953,0.31679523,-0.19204713
-0.43203348,-0.19904424,0.4257722,0.7191888,-0.064883664,0.7836878,0.4650832,1.9056153e-05
-0.4601785,-0.1734256,0.44530284,-0.78550303,-0.76733816,0.20992202,0.24651949,-0.17172712
-0.4521155,-0.07742492,-0.61939174,-0.25899166,-0.15073305,0.00056068326,0.30057904,-0.18831709
-0.2835381,-0.16163601,0.71875703,0.41292107,-0.28533062,-0.6848278,0.0517344,-0.08466789
-0.26356164,-0.3282066,-0.040136576,0.6542716,-0.64213544,0.5290468,0.5620979,-0.16105935
-0.46850327,0.062585704,-0.18930644,-0.94323725,0.4093343,-0.31695518,0.32837743,-0.054950405
-0.42526826,0.043181766,-0.57403576,-0.022952735,-0.09460143,-0.74524635,-0.37363237,0.09968733
-0.83561575,0.079494186,-0.18913901,-0.009648144,0.54537356,-0.43955427,0.094655566,0.06116804
-0.4256566,0.02691156,-0.18387038,-0.9660475,0.2619145,0.2668173,0.49716675,-0.26795453
-0.11721186,-0.2918704,0.8183981,-0.2673368,0.19913861,0.35954562,0.18847954,-0.33071226
-0.28927267,-0.13229841,0.19375098,0.6925142,0.31725013,-0.17498295,0.20554326,-0.0045460165
-0.23665364,0.25618395,0.36089456,-0.79646695,-0.2771953,0.6509622,0.57178664,0.109810926
-0.43967077,0.084170066,-0.17684686,-0.15305132,0.017465942,0.65958154,0.4887997,0.13274272
-0.3208667,-0.24636732,-0.23572236,0.25406146,0.22085583,0.30833158,0.119470604,0.0067849993
-0.20889601,-0.16164587,-0.18824369,0.6584594,-0.8061042,-0.48013553,-0.6098819,-0.14814489
-0.26420754,-0.1179259,0.4965446,-0.77802896,-0.19605932,0.78250545,0.6085541,0.1980709
-0.26428238,-0.12854296,-0.59070164,-0.6485752,-0.085332334,0.09555994,0.17640954,-0.23847458
-0.51126957,-0.2353128,0.25766504,-0.04026085,-0.03248588,-0.58752865,0.20740153,-0.120780185
-0.31025,-0.1175713,-0.040775537,0.5689647,0.4939004,0.37403032,0.35491136,-0.09312827
-0.14880288,-0.29401958,0.16845918,-0.97633433,-0.6493976,0.3987409,0.35773316,-0.19835174
-0.24615976,-0.19385628,0.2769338,0.4917072,-0.17763259,0.7218731,0.67082494,0.12162793
-0.41248217,-0.054179598,0.38037312,0.6185931,-0.09054803,0.79022217,0.47667626,0.044187017
-0.26762563,-0.13652302,0.44230628,0.0025072098,0.24229889,0.1312471,0.36747503,-0.11192066
-0.49936163,-0.10744866,-0.23392928,0.7830956,0.39069903,-0.37206978,0.3911982,-0.13010111
-0.270914,-0.253322,0.33408678,0.60240173,0.006075443,0.7557715,0.61630094,-0.076982774
-0.16353846,-0.24373323,-0.4558128,0.039122462,-0.23356894,0.69071096,0.4651334,0.11215221
-0.46103913,-0.16469702,-0.23071766,-0.8674879,0.25035897,0.41190282,0.3145629,-0.23076914
-0.43966687,-0.23894398,-0.74350905,0.52644455,0.5141034,0.3082502,0.28469244,-0.25733536
-0.11088964,-0.28184372,0.6261065,-0.46550202,-0.10604265,-0.27830586,-0.38742715,-0.024900038
-0.20682324,-0.04143701,-0.5926833,0.16766405,-0.09587788,0.8570478,0.5006326,-0.0074746585
-0.30937147,-0.181831,0.8436365,-0.14449668,0.39155388,0.3158873,0.26004285,-0.19784199
-0.15040666,-0.00023126153,-0.406721,-0.8014493,-0.4948452,0.60993916,0.50488234,0.3176613
-0.54406285,-0.28381935,0.28947115,0.75945663,-0.16487354,-0.8606004,0.0676971,0.08336785
-0.33291334,-0.32109195,0.332201,0.57534754,-0.052152477,0.7170447,0.68390447,0.06410228
-0.5436304,-0.2469012,0.045009017,-0.61385447,0.2907637,-0.4026855,0.16188121,0.112423696
-0.033975173,-0.43649828,0.32804644,0.54590845,-0.07918538,0.62958837,0.68197656,0.034778908
-0.30900544,-0.19224368,-0.6172639,-0.5040453,0.40214568,0.46303195,0.34528315,-0.2493397
-0.61720645,-0.08456561,-0.71001697,0.04903245,0.3963487,0.08975201,0.21942076,-0.12881325
-0.2885617,-0.0743105,0.25674558,0.474357,-0.13312188,0.68665683,0.5053092,-0.014745956
-0.32048684,-0.12711062,-0.38625032,-0.68675864,0.16520177,0.18444894,0.33383805,-0.10258345
-0.44758666,0.07553334,-0.60294795,0.3222878,0.14196774,-0.33318773,0.12726066,-0.00097411213
-0.4878839,-0.1247262,0.90554035,0.13106036,0.32505816,0.17278385,0.38947308,0.05865499
-0.6798573,-0.24807332,0.5662528,0.6899859,-0.9045129,0.3062187,0.41273522,-0.1040519
0.072907165,-0.1603008,-0.8868879,-0.35406542,-0.20753203,0.7080992,0.61107874,0.28822657
-0.46250176,-0.19005644,-0.122516155,-0.110542834,0.20299955,0.12044538,0.21396314,-0.22909257
0.13331501,-0.031798314,0.08934343,-0.39862376,-0.74669707,-0.21076071,-0.2599778,-0.70898587
-0.10902421,-0.21706945,0.077656865,-0.7626687,0.04459826,0.20223933,0.34662092,0.07266991
-0.17749454,-0.256447,0.39299965,-0.5562317,-0.15463749,0.716049,0.6106047,0.15988426
-0.29503295,-0.13242158,0.27719057,0.40034306,-0.517164,-0.6519108,0.025485674,0.09946933
-0.43342057,-0.20521677,0.07094431,-0.6596551,0.38772708,0.29669622,0.35984638,-0.2430032
-0.5787674,-0.21527243,0.23224509,0.032405138,0.47882855,0.23556079,0.3018546,-0.08550492
-0.3271989,-0.1673307,-0.12389821,-0.96575546,0.15195175,0.221599,0.36803237,-0.2544306
-0.42061204,-0.26784298,0.5359943,-0.6121665,-0.40030402,-0.18250054,-0.52515006,-0.27662075
-0.4080621,-0.04017472,-0.91038364,-0.092366576,-0.12655656,-0.4787611,0.062123768,-0.037164688
-0.031931583,-0.2072608,-0.74010533,-0.0075782537,0.23794076,-0.32254204,-0.3559648,-0.84028745
-0.42602187,-0.12467776,0.5510795,-0.01734215,-0.3207584,0.41926673,0.2370721,-0.14074877
-0.12431352,-0.18470491,-0.81264067,-0.25055933,-0.07968463,0.6964644,0.35307896,-0.0743773
-0.38717166,-0.07737321,-0.49589592,-0.4095977,-0.29443243,0.51549125,0.2782711,-0.17660795
-0.012555661,-0.1676599,0.6556858,-0.32063717,-0.13616718,0.61259645,0.62836564,0.015966488
-0.35112864,-0.10560616,-0.8871868,-0.31110793,0.29761395,0.23733495,0.39232364,-0.1266578
-0.28399503,-0.25393024,0.11840439,0.53756607,0.097654805,0.23776446,0.3412671,-0.117821574
-0.42418402,-0.3254668,-0.032417417,0.6741159,0.2818917,0.25420117,0.35667711,-0.08838859
-0.22903308,-0.09830176,-0.19373333,0.6417872,-0.7237304,-0.36383998,0.44450232,0.6278461
-0.4214543,-0.076011315,-0.14220113,-0.11773658,-0.21782392,-0.036855012,0.006875928,-0.048560925
-0.34020802,-0.02646077,-0.26122582,0.7043567,0.42858285,-0.035086792,0.3108748,0.006937784
-0.38679194,-0.17436178,-0.92281777,0.39131558,0.14141488,0.054903366,0.43140438,-0.23319192
-0.31107977,-0.14507727,0.27248383,-0.06593573,-0.24076098,0.018363694,0.06819196,-0.29453814
-0.48168254,0.077597104,0.39002442,-0.74203527,0.23455678,-0.5143658,0.25561962,0.032611385
-0.5331609,-0.17646408,0.38293982,0.6412517,0.31529766,0.21667257,0.42217416,-0.1956554
-0.44447583,-0.25130704,-0.3212458,-0.7327011,0.49506596,-0.28587937,0.082100525,-0.10030512
-0.3600018,-0.34466767,0.62827647,-0.34895778,0.2567812,0.58856624,0.3576999,-0.34046733
-0.30094016,-0.15996441,0.040859103,0.60674584,0.13348787,-0.2523307,-0.03293942,-0.016095536
-0.4292718,-0.017733287,-0.7539457,-0.5729779,-0.78289866,-0.0034305195,-0.21339157,-0.51246697
-0.36437482,-0.3264048,0.4988271,-0.37706572,0.05926958,0.16744721,0.3709034,-0.15272415
-0.48114946,-0.17940894,0.061383367,-0.7841157,-0.048057552,0.8332668,0.6432251,0.022076668
-0.57218504,-0.34535155,0.6082108,-0.0899995,0.30301663,0.29574236,0.30781493,-0.19199139
-0.4268205,-0.20807534,0.08622551,0.5113492,0.36078748,0.2735482,0.46031362,-0.040531196
0.10070814,0.28045496,-0.19481778,0.64041626,-0.7696038,-0.43051124,0.41362432,0.5426748
-0.3558679,-0.09162989,0.13377416,0.7651124,-0.33449352,0.72558594,0.20745787,-0.009454306
-0.48725778,-0.36843523,0.5848962,-0.2070347,0.30959344,0.22153887,0.17094253,-0.29486755
-0.20662878,-0.35667008,0.13640296,0.5604564,-0.019130815,0.80269676,0.7238957,0.057539273
-0.42279756,-0.1726472,-0.12488222,-0.94655406,-0.8003542,0.24135372,0.18614462,-0.13245316
-0.16010173,-0.3244629,0.60154676,0.4455198,0.3648986,0.5764154,0.39721772,-0.22036907
-0.43496713,-0.25128776,0.33564806,0.5417845,0.14858505,0.26830697,0.12824617,-0.32977873
-0.17675494,-0.117147855,0.2897426,0.78195333,-0.3067001,-0.63219595,0.22367014,-0.097128786
-0.43561846,-0.26380157,-0.9035475,-0.1651814,0.2133495,0.22609478,0.3642837,-0.09928811
-0.41512367,-0.21372296,0.56584597,0.6951754,0.34910277,0.2183054,0.3264269,-0.04494751
-0.41246712,-0.080017164,0.2502613,0.66265905,0.08788813,0.060183488,0.046441305,-0.2305432
-0.3652334,-0.041383993,-0.74535817,-0.54421467,-0.44653362,-0.08953421,-0.23524472,-0.4914384
-0.24325916,-0.1408974,0.23446059,-0.855658,-0.06462003,0.7586724,0.49230677,-0.17379405
-0.36792433,-0.14224441,-0.08692187,-0.5763372,-0.19987853,-0.6280691,0.09199375,0.013741166
-0.1827467,-0.30829686,-0.24212384,0.56438065,-0.46667382,0.4922067,0.3574774,0.41588825
-0.20317738,-0.2534407,0.46646452,-0.34236908,-0.06820694,0.19161852,0.15607984,-0.034872778
-0.43150336,-0.05283029,0.24346924,-0.94179136,0.2226603,0.013035358,0.030600563,-0.14768755
-0.5114247,-0.25373268,0.18358052,0.8621303,-0.4874716,-0.76935583,0.11827193,0.35140514
-0.3594559,-0.21466722,0.83565545,0.33486712,0.23474851,0.21604052,0.22703004,-0.26153693
-0.3693478,-0.22777224,-0.2291252,0.651641,-0.26918778,-0.2520844,0.4840211,0.6124603
-0.35805234,0.05239183,0.7907088,-0.15849912,0.3114814,0.17657536,0.49003977,-0.2540102
-0.33051345,-0.123091444,0.9334465,-0.0562824,0.22988601,0.2274218,0.31365496,-0.115209244
-0.28802365,0.08910745,0.4625038,-0.8818519,-0.36578533,0.65503097,0.5471154,0.28853592
-0.41361737,-0.19836403,0.97768474,0.12649953,0.21492006,0.11413966,0.47719947,-0.18404585
-0.32451752,-0.24165487,0.3387823,0.71475637,0.24947517,0.30720493,0.43920088,-0.16612452
-0.583398,-0.17914125,-0.5846929,0.48849463,0.07409556,0.6359694,0.439424,0.011665238
-0.18087494,-0.11454136,0.87495184,0.24863517,-0.2215869,0.09926033,0.22875085,-0.10744037
-0.28855157,-0.03283861,-0.26808184,0.8727163,-0.27236897,0.7718982,0.43562022,-0.057935577
-0.3634844,-0.20944901,0.18506587,-0.7260835,-0.7761758,0.22823921,0.22097532,-0.3111228
-0.4233922,-0.21006255,0.9899683,0.16745627,-0.14562374,-0.084926926,0.27748126,-0.22508143
-0.42838228,-0.014314006,0.48403,-0.83423555,-0.64198303,0.68879855,0.65465033,0.21914354
-0.599053,-8.47831e-05,0.13855612,-0.53124064,0.4114226,-0.43642294,0.26855338,-0.11384178
-0.38443783,-0.056204047,0.80240417,-0.13522297,0.42440006,0.08177516,0.52254605,-0.21898174
-0.35899648,-0.33670968,0.8995333,0.033898592,-0.598474,0.4131635,0.36192766,-0.17787418
-0.10756546,-0.090875134,0.11250377,0.2776934,-0.055796456,0.6954965,0.5549401,-0.08231612
-0.57492226,-0.08639104,0.27897692,0.058331847,0.44264612,0.458229,0.34429488,-0.10968695
-0.33120131,-0.3205475,0.50393546,0.68761194,-0.008374029,0.76757294,0.42424372,-0.09583849
-0.5540305,0.15515529,0.50486875,0.49957168,-0.8106241,0.17186186,0.28794408,-0.21109347
-0.3401697,-0.57667315,0.08002436,-0.386438,0.7753398,0.679381,-0.07978812,0.63416296
0.3598163,0.2157741,-0.5580788,-0.5973755,-0.015872136,0.13159682,-0.0374765,0.20884268
-0.38071144,-0.21317288,0.8923001,-0.038806975,0.28180736,-0.38684702,-0.23830144,-0.12905172
-0.41165453,-0.0062748594,0.0064713955,0.6883286,0.30374992,0.1836514,0.3331558,-0.08013648
-0.4238399,-0.34620547,-0.38207448,0.36498678,0.025716865,0.06851907,0.33826053,-0.21108319
-0.61727303,-0.08019216,0.31402814,0.50338495,-0.11508758,0.83123606,0.47983995,0.049020644
-0.38903117,0.07447172,-0.765589,0.61023366,0.32504177,-0.5000697,0.42677268,-0.2638485
-0.28955606,-0.4033787,0.081778884,0.2594732,-0.054103334,0.9133164,0.5806279,-0.15216589
-0.26679298,-0.013547118,0.21382701,-0.74167794,0.18636708,0.120376386,0.7601519,-0.5090024
-0.4736348,-0.11465112,0.13209581,-0.19612718,-0.0465963,0.78530186,0.6608147,0.025975065
-0.16218357,-0.06606651,0.37628746,0.58054614,-0.15681309,0.6311119,0.64988184,0.117164165
-0.38579398,-0.14330506,-0.10616821,0.18858778,0.37774315,0.30136412,0.3982274,-0.21148343
-0.47965074,-0.21770792,-0.60529774,-0.11851454,0.20771982,0.16920796,0.3332247,-0.019957177
-0.42489976,-0.11853448,-0.04579526,0.6885983,-0.31476232,-0.16782859,0.036565732,-0.11228777
-0.3638898,-0.13987562,-0.31767136,-0.5065625,-0.11658621,0.66247225,0.29203537,-0.034651656
-0.30051365,-0.2903217,-0.10219145,0.6541704,-0.39400154,-0.24225967,-0.5095041,-0.20497257
-0.34297344,0.00084795506,-0.38613015,-0.79262304,-0.24999397,0.6087944,0.38984725,-0.04645293
-0.48104906,-0.006465192,0.091344595,0.66422915,0.40548828,0.20382436,0.35407072,-0.17334573
-0.42330736,-0.24869691,-0.68685246,-0.17863244,-0.11933893,0.36268726,0.23427507,-0.09102814
-0.4213283,-0.09474683,0.39201593,-0.46236092,0.56509364,-0.09955402,0.69348484,-0.46990138
0.03851233,0.19352846,0.42921972,0.0044065714,-0.38321024,0.6120295,0.3314337,0.07942108
-0.026867928,0.071952246,-0.57547563,-0.5370848,-0.3315858,0.08266521,0.48425287,0.44550171
-0.0049594063,-0.20801501,0.27425778,0.23043656,0.2841931,-0.06365198,0.34760565,0.7365409
-0.5227374,-0.10423563,-0.32109565,-0.7967118,-0.10581077,0.9110866,0.4874584,-0.13886228
-0.28178653,0.16107677,0.5344372,0.47231424,-0.12999077,-0.21545291,0.13012907,-0.0988084
-0.044129062,-0.2435909,0.4197651,0.6892191,-0.10371188,0.6392303,0.6799346,0.092203625
-0.4805903,-0.37787008,-0.22117007,-0.9273422,0.42252353,0.29468036,0.28748572,-0.19708544
-0.64394253,-0.27208543,0.36178982,0.75272965,0.40132558,0.2877493,0.4471109,-0.22943108
-0.3935205,-0.224462,-0.21652806,0.59613466,0.1642062,0.1873025,0.32781985,-0.036024503
-0.18602484,-0.23461758,-0.9540053,0.00077843666,-0.24746735,0.4953914,0.031791918,-0.11038968
-0.51246446,-0.30720553,-0.10940486,0.54959154,0.37259248,0.19493625,0.30257004,-0.116312385
-0.63701,0.30189148,-0.27664024,-0.15828323,0.5497407,-0.16412832,0.15653981,-0.22977532
-0.7027259,-0.2595317,-0.8246033,-0.26007062,0.42637315,0.25492802,0.46484601,-0.13145815
-0.5110386,-0.43091682,0.33403683,0.7007662,0.4353987,0.26099968,0.33940023,-0.15906166
-0.63318986,-0.26371768,0.32767928,0.17947626,0.5876327,-0.077754796,0.31316707,-0.1295734
-0.17880818,-0.06831196,0.46187258,-0.87858844,-0.18419649,0.7213327,0.49748656,0.021188503
-0.39687628,-0.082489975,0.8928071,0.122841835,0.2843034,0.5065623,0.3283093,-0.34124628
-0.5339287,0.21196793,0.54507256,0.10797918,0.5077425,0.0642752,0.33704752,-0.18599556
-0.41163328,-0.17962071,0.33509755,-0.84366065,0.21775456,0.34070173,0.31907016,-0.20778355
-0.38271013,-0.1670479,-0.7457545,0.1879754,0.3146719,0.029457754,0.5248754,0.033544336
-0.07800777,-0.2725289,-0.49307042,-0.019744277,-0.65585643,-0.18763044,-0.59184873,-0.18310261
-0.43429893,-0.21103409,0.5947901,0.43704724,0.18367793,-0.39962736,0.17854054,0.14583783
-0.48712265,0.0047275918,-0.068051875,0.2453897,0.15547118,0.08765149,0.05356918,-0.18873954
-0.22747885,-0.17311983,-0.5119238,0.7037716,0.22561121,0.29684702,0.36610568,-0.14571689
-0.093379915,-0.38332075,0.0009315014,0.5833684,-0.15742153,0.25270155,0.388008,-0.18690081
-0.54193133,-0.08809075,-0.75352025,0.44375718,0.11081909,-0.002645205,0.39955923,-0.1571567
-0.67209977,-0.12981221,-0.4168256,0.8496084,0.17787097,-0.34251496,0.1842904,0.027688904
-0.23926958,-0.15483083,-0.6458552,0.5636591,0.082279965,0.04543457,-0.107608624,-0.39871255
-0.63490117,-0.10684238,0.8299376,-0.4574532,0.30158964,-0.563625,-0.08164235,-0.10625653
-0.46694314,-0.15274353,-0.59743416,-0.120381296,0.20879664,0.14994307,0.36710083,-0.015207449
-0.39047313,0.107536696,0.5571151,-0.6624917,-0.36356923,0.6353177,0.20634973,-0.18586169
-0.3813513,-0.13684015,-0.18852568,0.70668864,-0.023819916,0.11017416,0.33802533,-0.15622553
-0.5368433,-0.07983584,-0.2851128,0.6331668,0.2842587,0.31848055,0.46729773,-0.07283365
-0.6964956,-0.3207756,0.17300141,-0.3494298,0.30203933,-0.51986855,0.22026286,0.46935
-0.47925675,-0.08370268,0.6509818,-0.1733985,-0.07076961,0.737544,0.29769275,-0.16298968
-0.33836454,-0.30131495,-0.5865321,-0.11048895,0.35690615,0.665938,0.38669145,-0.26729143
-0.3689567,-0.24456403,-0.14924252,-0.35849977,-0.3282272,0.65771526,0.34787264,0.019095886
-0.34842944,-0.15491077,-0.6176022,-0.4752462,0.336349,0.3159395,0.4539307,-0.13231143
-0.31399858,-0.102255695,0.42797196,0.5300138,0.0354614,-0.31901953,0.07450885,-0.02863815
-0.34911412,0.19949825,0.038646936,-0.45034277,0.29121926,-0.46199563,0.22014447,-0.1376739
-0.63464826,0.005798404,0.29073644,-0.12798989,0.23722246,-0.5209429,-0.12775867,-0.100861974
-0.1372494,0.049133096,-0.5852905,0.33063006,-0.11852978,0.90538645,0.5976136,0.060954515
-0.4433015,-0.11127883,-0.7308606,0.11067951,0.22542292,0.26724496,0.22667459,-0.34501106
-0.33539122,-0.28102264,-0.7790221,-0.28108907,-0.88311875,0.43283302,0.44918695,-0.2812888
-0.49292207,-0.09195019,0.8649156,0.4424994,0.3024431,-0.5076507,0.3427434,-0.05462344
-0.2127917,-0.21355654,0.7521026,-0.23427278,0.40032852,0.34372675,0.4021861,0.14291185
-0.25674516,-0.16671097,0.67906654,-0.09451562,-0.29551256,0.14608516,-0.12501426,-0.4620064
-0.35919395,-0.11186353,-0.93382293,0.0655092,0.062204733,-0.44798544,0.16233961,-0.0003759318
-0.12196511,-0.37854463,-0.52435493,-0.8038087,-0.08658623,-0.19142678,0.07192636,0.08610927
-0.4516953,-0.1001892,0.3141929,0.015654206,0.11281415,-0.34394333,0.016817784,-0.24282092
-0.15513629,0.22065516,-0.27260005,-0.40247804,0.11179247,-0.0582408,0.39372274,-0.107051834
-0.2945648,-0.015859168,-0.37078702,0.19911814,-0.13107038,0.92208105,0.5921609,0.024232768
-0.19639316,-0.19643277,-0.87052685,-0.019996345,0.031958595,0.44084525,0.5599119,-0.23600335
-0.41994092,0.2509445,-0.66413444,0.70096993,0.314062,0.09075256,0.20481193,0.030265758
-0.40977532,0.13424025,0.017020226,0.33599854,-0.34423882,-0.7120282,0.22154054,0.22916123
-0.38371316,-0.28712183,0.07958102,0.64763045,0.29420623,0.5934885,0.36166668,-0.2252664
-0.22005203,0.6524541,0.9143746,-0.23990583,-0.8967579,-0.258861,-0.7929997,-0.41915107
-0.4230491,-0.13130982,0.0707109,-0.765004,0.3505481,0.36663502,0.34568045,-0.24521676
-0.26633993,-0.20514816,0.14915991,0.552987,-0.06795173,0.71468973,0.6999871,0.053342246
-0.46948534,-0.22171248,0.47951508,0.57389534,0.39817297,0.23996091,0.44149292,-0.090576045
-0.3181254,-0.22395924,-0.20619857,-0.2427823,0.019074349,0.15014625,0.102826916,-0.28680116
-0.39363098,0.13553567,0.6087848,0.057959437,0.22853544,-0.42671713,-0.073748074,-0.19188438
-0.15226097,-0.25680196,-0.67870843,-0.29577672,0.19479872,0.2717433,0.38141048,-0.17855382
-0.3840458,-0.086366825,-0.41772044,0.40875912,-0.1566679,0.035883315,0.24119133,-0.32061234
-0.53194255,-0.15857731,-0.03589976,0.60106957,0.4198567,0.14473459,0.29300812,-0.07038887
-0.36189348,-0.14203477,0.5500212,0.71363664,-0.15518324,0.8299082,0.41437632,-0.21847028
-0.28049734,-0.047038082,0.5895922,0.47298932,0.2367648,0.26227605,0.19269228,-0.41303885
-0.47258863,-0.090743154,-0.63150644,-0.28130096,-0.0964247,0.81999755,0.38111597,-0.029622024
-0.35933608,-0.1292691,-0.14769804,-0.016596198,0.37444612,-0.042864908,0.0925075,-0.118392274
-0.31690577,-0.33154392,0.7875831,-0.29902297,0.18395932,0.3772326,0.39908138,-0.23093304
-0.00041048418,-0.19854301,-0.29838789,0.8097465,-0.7989258,0.20318674,0.45348552,-0.31663528
-0.45666492,-0.29545024,-0.60300124,0.25161195,0.32730862,0.28296357,0.4166951,-0.31299606
-0.12590457,-0.21834253,0.60237825,-0.1566698,0.050495747,0.20366643,-0.004974569,-0.2231502
-0.562296,-0.20481277,-0.77251667,0.21876514,0.30632722,0.292124,0.3819145,-0.11321276
-0.43954664,-0.18226592,-0.49463403,0.19610047,0.38947535,0.32133156,0.36666802,-0.1309935
-0.4087273,-0.26606125,0.34054673,0.5627483,0.34657994,0.40462056,0.3685219,-0.22188607
-0.46098483,-0.23778972,-0.016902328,0.10220599,-0.16423441,-0.42944592,0.38090163,0.36549026
-0.41169214,-0.13828187,-0.28985947,-0.5651094,0.20065057,0.18449385,0.41101527,-0.058123738
-0.17122991,-0.03553358,-0.05289018,-0.024529696,-0.33140662,-0.514134,0.33965206,0.25046295
-0.43689224,-0.20526841,-0.6370156,-0.4754185,0.19194189,0.31323656,0.4065287,-0.19836955
-0.2623369,-0.2794895,0.16561437,0.48560774,-0.1379663,0.7735043,0.23118615,0.17343804
-0.6227191,-0.13161606,-0.22390401,-0.5449733,0.018496526,-0.6906341,-0.3066776,-0.08745665
0.03577484,-0.20170169,-0.42976248,-0.21508026,-0.5080726,-0.09048143,-0.37086314,-0.4363911
-0.19346341,-0.059141796,0.77425873,-0.5208148,-0.56526136,-0.6410196,-0.49595776,-0.17703304
-0.2491744,-0.09992392,0.8142152,0.4174894,-0.06252444,-0.23996644,0.25343892,0.083461046
-0.44537902,-0.14663498,-0.165685,-0.40524262,0.36812294,-0.30556673,0.047395453,-0.06846782
0.026757104,-0.13067013,0.24900293,-0.9235444,-0.25492075,0.65012664,0.5348842,0.23568548
-0.44818687,-0.14769688,-0.932982,0.12627721,0.21942967,-0.2482388,0.12683196,-0.1280652
-0.48149666,-0.16877416,0.6799867,-0.09412128,0.11804649,0.26137507,0.19992407,-0.21634884
-0.18293042,-0.17471105,-0.5518725,0.05951023,-0.23650794,0.16950952,0.24738805,-0.31272474
-0.379859,-0.4082015,0.2158866,0.5581924,0.35264736,0.6553643,0.42196968,-0.19813904
-0.2525949,-0.13254161,-0.15442985,-0.9123194,0.17971465,0.35720128,0.37115473,-0.101582654
-0.28777507,-0.1847606,0.38301897,0.036233664,-0.18048258,0.6915161,0.18432964,-0.039164037
-0.3850216,-0.015723731,-0.5927855,-0.16707128,-0.098322436,0.81274176,0.35820377,0.058716238
-0.5598321,-0.12758154,0.06886959,0.18201756,0.43001458,0.3012288,0.42731562,-0.30919522
-0.30506814,-0.29127777,-0.15576494,-0.015077114,-0.33653337,0.6125861,0.298336,-0.050624907
-0.45543206,-0.19252737,0.020180225,-0.023473144,0.221102,0.22165154,0.42340997,-0.09357613
-0.40462103,-0.25718486,0.13072789,0.8853744,0.4355472,0.12662877,0.31616324,-0.13615835
-0.22248843,-0.22281486,-0.6363152,-0.48760772,0.14339972,0.35635066,0.1466425,-0.16504267
-0.33634892,-0.24495511,-0.5844065,-0.108085215,0.36099678,0.59268147,0.38958973,-0.17244402
-0.101509765,-0.18917888,0.3890773,0.62810755,-0.3073324,0.57113194,-0.09953977,-0.018237732
-0.012214916,-0.23666787,0.38504493,0.70789695,-0.5010182,0.27818972,-0.51344985,-0.36983642
-0.3462934,-0.2649018,0.34343457,-0.62050563,0.2782534,0.21265225,0.29464695,-0.25078467
-0.3108103,-0.19103935,0.8242725,0.30168855,0.15496881,0.25080088,0.26231378,-0.15397435
-0.040598903,-0.23025355,-0.4912998,-0.7761178,-0.041249834,-0.25766832,0.17305146,0.30638048
-0.52474016,0.11304181,0.4297067,0.03774929,0.18999985,0.005470509,0.13851865,-0.17318326
-0.33075655,-0.006263192,-0.4409669,-0.45426834,0.35563213,-0.04176733,0.34840584,-0.07183226
-0.59911263,-0.22850196,-0.9407268,0.24891806,0.5487839,-0.18186773,0.24170901,-0.591961
-0.81584567,-0.034695376,-0.13747746,0.22945821,0.29569957,-0.5308773,-0.146116,-0.08525145
-0.60751116,-0.23594153,-0.09317917,0.25474465,-0.17063423,-0.74135166,-0.17537321,-0.112844124
-0.6070962,-0.062345263,-0.25317258,-0.4395976,-0.15439689,-0.7971008,0.48476964,0.3233944
-0.6731229,-0.059891272,0.08072817,-0.07570517,0.22311428,-0.5456358,0.6195026,0.42040518
-0.4965964,-0.20164387,0.012480736,0.67377627,0.24399002,0.22104102,0.28264445,-0.13315615
-0.5692686,0.03569341,-0.36788762,-0.2831642,0.56610364,0.22765028,0.32789043,-0.18667926
1.0696067,0.31050628,-0.44357842,-0.63581395,0.31561282,-0.07439861,-0.31384808,0.32288334
-0.10893537,-0.29559875,0.2956636,0.30402482,0.31194735,-0.027203478,0.31237903,0.72518647
-0.39065707,-0.21898234,-0.77247965,0.21614337,0.25542134,0.2884715,0.3467755,-0.21518205
-0.4212958,-0.24161567,-0.30060786,-0.8338126,0.498495,0.08662426,0.31189698,-0.0817888
-0.5543614,-0.25930864,-0.28468132,0.47966468,-0.15101053,0.8331242,0.30966526,0.094107166
-0.31866524,-0.20036598,0.18993759,-0.88045835,0.1872757,0.022659691,-0.1699362,-0.14926717
-0.4854793,-0.15869123,0.6522013,0.0075027943,-0.33043972,-0.6660631,-0.09497091,-0.19204123
-0.105824485,-0.18802056,0.027733564,-0.0898363,-0.045280665,-0.087358736,-0.5439816,-0.4311676
-0.30881646,0.046911154,0.036379457,-0.56137174,0.08408181,0.19985774,0.17238174,-0.09502468
-0.6324294,-0.14658406,-0.7465997,0.101598024,0.37577412,0.21895353,0.33214748,-0.34059995
-0.4381242,-0.2140035,-0.17663729,0.357332,-0.07733285,0.1651513,0.20801693,-0.13053454
-0.39727914,-0.035517816,-0.043413937,0.29710412,-0.20505849,-0.72475916,-0.03964178,-0.0629568
-0.35822138,-0.3695562,0.48008108,0.5756171,0.53092027,0.28208148,0.43473944,-0.14406046
-0.34857458,-0.31120414,0.85276175,0.42815554,-0.07296837,0.8291939,0.43056753,-0.04359112
-0.40168226,-0.094643585,0.38666725,-0.85749096,0.1263126,-0.28729478,-0.009510474,-0.080553345
-0.61507386,0.053872544,0.10987985,-0.17408001,0.36113155,-0.56183887,0.08249844,-0.19496962
-0.075151235,0.12976806,-0.1930353,0.64626646,-0.7740516,-0.47087452,0.37942868,0.58149
-0.5432429,-0.10738228,-0.08459705,0.70545375,0.17371763,-0.35756183,0.084847786,0.02376281
-0.423992,-0.29861742,0.12675631,0.75557935,0.43351844,-0.12057012,0.15327401,-0.055903368
-0.33774903,-0.1910531,0.097866535,0.8671682,-0.19075398,0.7602707,0.3491457,-0.0602563
-0.3171953,-0.18333758,-0.28308314,0.59862924,-0.14761035,-0.24405645,-0.09394987,-0.05010522
-0.3231379,-0.23350035,0.6393107,-0.40460145,0.20477906,0.2349619,0.40848508,-0.14258933
-0.327028,-0.10131917,-0.28977376,-0.44915646,-0.08901681,0.7554169,0.3859446,-0.034542937
-0.43319595,-0.11600018,0.30360723,0.3770343,-0.521259,-0.6179458,-0.3730906,0.020170119
-0.048763636,-0.19720735,-0.056910694,0.3849454,-0.47016078,-0.18242806,0.12781668,-0.14078194
-0.5190925,-0.22370347,0.30222833,-0.38988185,0.4806368,-0.044970445,0.24255882,-0.028012693
-0.46536785,-0.07236799,-0.47135258,0.26228166,0.3588935,0.39258477,0.38743612,-0.1567959
-0.4543337,-0.21457903,-0.6087345,-0.09110218,-0.01829635,0.037913308,0.317942,-0.17475401
-0.7978916,0.084143706,-0.17600405,-0.2723794,0.27235818,-0.5412817,-0.076828875,-0.048388194
-0.37004814,-0.07478068,0.49131227,0.44033015,0.36588326,-0.067727305,0.3953813,-0.14240202
-0.3490947,-0.15879911,-0.28985947,-0.5651094,0.15984033,0.19088452,0.37147605,-0.075633824
-0.25089112,-0.15194237,-0.3063565,-0.78586507,-0.09236548,0.88824785,0.34045312,-0.091576755
-0.6275175,0.24048205,0.6307368,-0.2778442,0.07212919,-0.5500333,-0.09541046,-0.35082003
-0.26842123,-0.08439914,0.71804345,-0.62328714,-0.26058504,-0.58560926,0.18149212,-0.11997133
-0.23179205,-0.34713277,-0.22281212,0.89228594,-0.90840757,0.016127951,-0.51840925,0.042657014
-0.4649003,-0.15305199,0.44547582,0.6773859,0.13606226,-0.31073746,0.14874838,-0.16572303
-0.09771955,-0.17590237,-0.5408169,0.7202302,-0.4352893,0.6780003,0.8429312,0.08869509
-0.44911176,-0.26957938,0.19783926,-0.6001106,0.28611213,-0.4382748,0.21898857,-0.06509095
-0.21421537,-0.19953318,-0.31135917,-0.86012566,-0.51423824,0.42805243,0.3763078,-0.011006689
-0.46896347,-0.24570729,-0.22625607,-0.25247586,0.3836248,0.3474611,0.2908644,-0.23850596
0.12991439,-0.106271245,-0.21652246,0.6627033,-0.31007203,0.41705716,0.34347838,0.60087234
-0.26026878,-0.11568387,0.4791249,0.6011344,0.26138407,-0.006324267,0.26625386,-0.24270678
-0.3661626,-0.15289593,0.8115573,-0.30365807,0.42339516,0.42901495,0.43838286,-0.44016975
-0.35326478,-0.27319923,0.6217344,-0.5225897,-0.33357996,0.39171353,0.35602313,-0.12343861
-0.32255822,-0.19604355,-0.065037966,0.3802302,-0.44090083,-0.12915839,0.07358616,-0.15775254
-0.40095887,-0.027605403,-0.4040246,-0.7303313,0.48202905,0.16830419,0.3613684,-0.16608131
-0.2595707,0.04816099,0.22541308,-0.96562827,-0.27024195,0.86316156,0.5251117,0.10240642
-0.53845423,-0.13726045,0.7224468,-0.42999125,0.054370634,-0.4817758,0.04994243,-0.1876291
-0.017902898,-0.38386205,-0.60698485,-0.27381557,-0.08759111,0.6724264,0.19004074,0.03082687
-0.4529588,-0.2283316,0.2836299,-0.8487936,0.3153903,0.059702918,0.3189763,-0.20788538
-0.35716206,-0.14000645,-0.2466731,-0.4661008,-0.22835597,-0.559431,-0.03864144,0.031436443
-0.28091252,-0.25537312,-0.2776267,-0.59031534,-0.069872305,-0.4060549,0.32599607,0.2505924
-0.32167843,-0.3441847,0.8229672,0.43470097,-0.1251188,0.8850133,0.6420125,0.08416253
-0.4811335,-0.09364537,-0.04707676,-0.80698687,-0.73909867,0.2774641,0.39898074,-0.26286715
-0.44329134,-0.06320104,0.20130801,0.6892692,0.27456805,-0.37287974,0.27616832,0.037923492
-0.5529275,-0.3683069,-0.9168952,0.16352999,0.3365032,0.1675613,0.43028712,-0.15995654
-0.06218702,-0.15647979,0.59136534,-0.034375012,-0.16542736,0.7366429,0.3759714,-0.022445546
-0.31283525,-0.19635302,-0.1354332,-0.015820801,0.39670324,-0.19215177,0.28446946,-0.17525116
-0.37635365,-0.21109076,-0.41066676,0.42970562,-0.21518667,-0.5474463,0.20332436,-0.089784466
-0.35681096,-0.3037343,-0.8817459,-0.30829263,0.18189889,0.24287975,0.40791285,-0.11670584
-0.3274881,-0.28170285,-0.0073770285,0.04338038,-0.49236652,-0.6304238,0.2301887,0.31301367
-0.38128167,-0.10928977,0.27473593,-0.14412338,0.2017652,-0.3636754,0.07881515,0.098763645
-0.38874882,-0.17273189,0.44942713,0.7508242,0.27388212,0.30910298,0.31525657,-0.31540832
-0.49296412,-0.2599284,-0.5404066,0.35960233,0.2711257,-0.45558858,0.21578902,-0.22167079
-0.32133093,-0.011045958,-0.3062573,-0.79063135,-0.77110404,0.3777538,0.14297946,-0.40605128
-0.15263174,-0.1837476,0.11666751,0.49791205,-0.3549933,0.4505029,0.82306165,0.20914474
-0.44089487,-0.029025715,-0.6944417,-0.25024337,-0.82627285,0.34297484,0.45764554,-0.22186495
-0.33015916,0.019936834,0.65132403,0.12410021,0.18761607,0.18769225,0.38583022,-0.077813365
-0.53440124,-0.09094344,0.7404953,0.07278335,0.40244356,-0.5136854,0.04047006,-0.026491633
-0.50134295,-0.3848388,-0.77581847,-0.41708183,0.3064172,0.37381274,0.39824122,-0.15093109
-0.30435032,-0.33393708,0.344705,0.5312365,-0.14657205,0.6641001,0.68109095,0.06610939
-0.24310368,0.058470253,-0.18907624,-0.3304118,0.28681216,0.117253944,0.35517794,-0.13832298
-0.23957348,-0.24110009,0.29089165,0.65851235,-0.6622229,0.3724131,0.6172783,0.059213374
-0.6377518,-0.2229268,-0.21196967,0.31994843,0.3020533,0.2534732,0.19773357,0.0021501542
-0.16338451,0.12200975,0.14680779,-0.860364,-0.38059926,0.6660717,0.3792587,0.17001893
-0.20915513,-0.3360961,-0.5900754,0.6495081,0.094888516,0.79735756,0.44032466,-0.010287725
-0.33543915,-0.19097666,0.4946779,0.14648807,-0.48983404,0.57555634,0.10647594,0.014990211
-0.4115059,-0.0049700094,0.80240417,-0.13522297,0.35497543,0.16990851,0.50191003,-0.24908572
-0.5339066,-0.14979273,-0.88413316,-0.38533658,-0.12464536,-0.17753088,0.0548821,-0.106890865
-0.47162926,-0.044572707,-0.15088958,0.014883757,0.16839333,0.07910207,0.3453655,-0.12103556
-0.104283184,-0.24883819,-0.91735685,0.29498124,-0.21355326,0.63670653,0.5461904,0.008083891
0.022237195,-0.041611586,0.46363103,-0.5321177,-0.37862897,0.7125342,0.46266982,0.049827635
-0.22203419,0.07015682,0.19367135,-0.9535656,-0.24804923,-0.663958,0.16496904,0.02183825
-0.087380335,9.35987e-05,-0.17538482,0.33306468,-0.022968486,0.07470522,0.052397225,-0.106297575
-0.15666181,-0.2783727,-0.0065609217,-0.7848121,-0.16484004,0.05601458,0.39115483,-0.043126743
-0.2446092,-0.2461705,-0.6906326,0.3343011,0.1915626,0.15713109,0.37570292,-0.29760966
-0.21193576,-0.19325885,-0.616605,-0.4336208,-0.07304768,0.7977067,0.61518216,-0.09141677
-0.2683922,-0.101518236,0.9364346,0.38167202,-0.03627845,-0.15260032,-0.0919489,-0.09021286
-0.14377183,-0.17826992,-0.5425939,0.2500335,-0.4676471,0.6625793,0.82813746,0.10844615
-0.38156167,-0.122917406,-0.33662087,-0.62851447,0.08685121,-0.34766746,0.16793619,-0.018640617
-0.44794777,-0.029803608,-0.81874704,0.5475062,-0.3288725,-0.6410161,0.1276576,0.030980859
-0.5355639,-0.16401573,0.21606302,-0.7222249,0.439541,0.066770144,0.30175722,-0.3670887
-0.36763033,0.028756563,0.23287547,-0.95255953,-0.060099903,0.7425003,0.53573126,-0.06455435
-0.14582777,-0.20317067,0.02713716,0.74781656,0.1921122,0.29672512,0.18267135,-0.17809214
-0.38591298,-0.15896396,-0.51719815,0.66787755,0.40815464,0.25410706,0.38916174,-0.22242853
-0.34289366,-0.15102465,-0.79459214,-0.19820356,-0.057275485,0.71075684,0.2492935,-0.15684433
-0.3859383,-0.0970051,-0.27927315,-0.8279874,0.24920121,0.13330626,0.11616094,-0.09855098
-0.4203899,-0.21463357,0.33237565,-0.62337744,0.27447128,0.25733268,0.3592246,-0.2523196
-0.49036953,-0.017143752,0.555742,0.14112353,0.3290843,0.24854463,0.35188988,-0.08927058
-0.08396013,-0.19443697,0.38637626,0.7619395,-0.69375104,-0.27886057,0.24745402,0.303454
-0.19256845,0.07056037,0.5514579,-0.8095765,-0.3545769,0.5973231,0.5176037,0.25851643
-0.4422394,-0.14967532,-0.43750167,0.38360584,0.35185134,0.09242257,0.4904883,-0.006342809
0.074827835,-0.23735657,0.5060599,0.678594,-0.117259555,0.7501079,0.75834155,0.11700444
-0.47388238,-0.1806366,-0.48515046,-0.3113711,0.35089067,-0.22314768,0.37822416,-0.47079334
-0.36264953,-0.17100671,-0.7116382,0.03514254,0.17378001,-0.2529418,-0.11246961,-0.1173257
-0.32143983,-0.23084661,-0.28177953,-0.8434314,0.15689051,0.15610705,0.21595098,-0.19942838
-0.26837313,-0.21429418,0.37605917,0.043687463,0.33414727,0.27219275,0.3783018,-0.21391359
-0.024676787,-0.43650162,-0.40411544,0.6437001,-0.1765294,-0.51244164,-0.121600576,-0.43805316
-0.48209524,-0.35918996,-0.31715673,0.6335751,0.19974695,0.1513331,0.34243459,-0.14919426
-0.10599165,-0.36063918,-0.44014645,0.3860066,0.11219072,0.21328627,0.24187529,0.007032709
-0.32062933,-0.039404746,-0.20852923,0.58454764,0.34436104,0.6621174,0.2757413,-0.28407982
-0.22541012,-0.060899902,-0.46131605,0.7244295,-0.24327871,-0.1355278,0.15488513,-0.2635898
-0.35848096,-0.08899206,0.5762445,0.63270307,0.32605568,0.27637902,0.33190972,-0.07628193
-0.47438633,-0.28556082,-0.5264417,0.07083464,-0.23492299,-0.6016109,0.08295072,-0.15048692
-0.35014272,0.17193447,-0.8619571,0.2528429,0.32941014,0.1983001,0.49636918,-0.22025552
0.25651324,0.13821657,0.103254914,-0.8186791,-0.64601094,0.18271777,-0.26486686,-0.41203487
-0.5491604,0.1925215,0.8066019,0.049886227,0.43761605,0.1538638,0.29177576,-0.16181341
-0.5133575,-0.1153822,-0.6477936,0.32117176,0.36810938,-0.16094737,0.19741882,-0.06829684
-0.5128589,0.15421347,-0.25167435,-0.9419805,-0.7085536,0.40780392,0.5217616,-0.13311274
-0.4587098,-0.19406512,-0.077959955,-0.08241683,0.4570683,-0.44242185,-0.006534089,-0.047014635
-0.6126824,-0.19181089,-0.31346822,-0.7267257,0.42684242,0.18455157,0.31918213,-0.15643656
-0.19669048,-0.1870292,0.95565546,0.051217437,-0.32537758,0.6137991,0.61280966,0.13752577
-0.38983133,0.032564927,-0.07356703,0.6851841,-0.8149128,0.28070375,0.77487284,-0.49482244
-0.38440672,0.028520737,0.9304379,0.27799773,0.25856662,-0.42506316,0.033667162,-0.058637723
-0.29351452,-0.17136164,-0.07276398,-0.18306482,-0.3289257,-0.42665252,-0.5159884,-0.15595219
-0.08050005,-0.23305263,-0.0092179775,0.6411704,-0.60938555,-0.0939306,-0.5065944,-0.28877774
-0.42275098,0.03804176,0.96046627,0.27662838,0.2554167,-0.4583836,0.16306691,0.06807819
-0.4892195,-0.0037154213,-0.18961209,-0.86256087,-0.12086303,0.81351256,0.40907165,0.08127233
-0.38846615,-0.048002977,0.4321394,0.596401,0.38820422,-0.021624282,0.23123303,-0.066833735
-0.39445746,-0.19560939,0.61153805,0.18046725,0.3606553,-0.25710207,0.31481573,-0.2101764
-0.44139203,0.008948182,-0.31766832,-0.38007194,0.019675486,-0.58373624,-0.55735147,0.32965127
-0.15737699,-0.27362671,-0.42043227,0.4085983,0.23475625,0.37780693,0.38698873,-0.27814326
-0.3249659,-0.075742856,-0.8401777,-0.20123583,-0.39559653,0.5692368,0.2863554,-0.21067806
-0.3967691,-0.2503576,0.29601288,0.5857495,0.11519536,0.24746841,0.16896437,-0.312663
-0.49210426,-0.021129023,0.30100262,-0.38513136,0.42389828,-0.4917587,0.11409564,-0.04761135
-0.6430133,-0.25876293,0.03301704,0.05036521,0.41794512,0.21010551,0.32282272,-0.3258588
-0.13174076,-0.2895106,-0.2710116,-0.5943872,-0.09907518,0.5934849,0.59041435,0.06730321
-0.55395323,-0.19296615,-0.7887408,-0.30489796,0.2679201,0.23748225,0.3903382,-0.07888409
-0.32322663,-0.15944672,0.29847097,0.04350841,-0.04684793,0.19980931,0.025482927,-0.24779451
-0.3659056,-0.17114732,0.48857176,-0.7046416,-0.6442582,0.40597016,0.5768357,0.0798914
-0.6035705,-0.21241555,-0.72879744,0.2830466,0.43125874,0.28144884,0.36645952,-0.21568942
-0.51518804,-0.13231365,-0.75751376,0.16073036,0.14834625,-0.57806855,0.13255586,0.08824817
-0.2578641,-0.10768337,0.57325053,-0.792384,0.26186606,-0.21663675,0.16835162,-0.16860943
0.19757657,-0.34374306,0.04435134,0.5857729,-0.22513035,0.4342666,-0.1601931,0.041223705
-0.25836298,-0.34657323,0.25849998,0.37155747,-0.29370275,0.03839133,0.30834284,-0.17771304
-0.36686254,-0.3554673,0.16518879,0.28555357,0.19900255,0.5467876,0.4287207,-0.49119365
-0.35689738,0.05664255,-0.90630656,0.3037851,0.037232496,-0.39723954,0.19587141,-0.10353426
-0.36253637,0.039161284,0.9130343,0.24974334,0.17879447,-0.35289633,-0.023471743,-0.017091112
-0.551059,-0.38124084,0.016445518,0.05760765,-0.062831,0.83798975,0.65649945,0.10937075
-0.18344308,-0.014621685,-0.4713813,-0.4008749,-0.32479045,-0.13197301,0.010597442,0.24190369
-0.23743306,-0.19149278,0.32857597,-0.9252799,-0.2267647,0.76511,0.6454314,0.30291915
-0.023628445,-0.24823913,0.28317082,0.66911757,-0.13739994,0.6402555,0.6474226,0.08605427
-0.47411573,-0.008316453,0.030750036,-0.51547885,-0.1757525,-0.6525921,-0.05145407,-0.19404645
-0.47013178,-0.14695099,-0.5546659,-0.22999555,0.40209025,0.24465115,0.40114355,-0.118383944
-0.57739234,-0.25505668,-0.84274775,-0.14443088,0.47988537,0.3098284,0.3299547,-0.13075331
-0.1638877,-0.081200965,-0.7041377,0.11076963,-0.15547279,0.90663964,0.51027083,-0.011650452
-0.5398569,-0.31268317,-0.7844622,-0.343665,0.5430801,0.15740608,0.343716,-0.20307735
-0.2703027,-0.20764557,0.31553006,0.65844417,-0.101680525,0.6981303,0.4852827,0.074381046
-0.59908396,-0.22721086,0.8089596,-0.4575227,-0.7995676,-0.037657958,-0.27656996,-0.50270575
-0.54534775,-0.07628701,0.49466443,0.079968214,0.39051095,0.263837,0.37073752,-0.21505675
-0.6854681,-0.29043174,-0.11188394,0.31692398,0.6050254,0.36877248,0.5268682,-0.062223077
-0.6582795,-0.28872013,0.57089055,0.3195207,0.35477722,-0.42388955,0.00012664052,0.10853456
-0.572901,-0.16701269,-0.0971033,-0.4762692,0.16728742,0.10127419,0.012951168,-0.31694698
-0.052748207,-0.18174046,0.30355918,0.39804018,-0.7569388,-0.3158312,0.28215697,0.494703
-0.371008,-0.041976135,0.5359293,0.62111616,0.005300592,-0.044289485,0.048940796,-0.18967418
-0.29755586,-0.22668393,0.5271857,0.6631311,-0.048215475,0.73242533,0.58099276,-0.0757733
-0.44533,-0.1787556,0.4663521,0.47015917,0.3936585,0.4208411,0.42175147,-0.28193665
-0.3579048,-0.3928822,-0.8740096,-0.29575908,0.4091953,0.49316928,0.4450912,-0.2476509
-0.21261986,-0.101655774,-0.6267106,-0.41894692,0.02125127,0.74759805,0.54477006,-0.10139445
-0.2573468,-0.16605271,0.67906654,-0.09451562,-0.055442132,0.20481792,-0.07161153,-0.41586292
-0.0038932879,0.49636528,-0.27125835,0.0671922,0.33806062,-0.33285034,0.37428892,0.03779993
-0.44381344,0.012047921,-0.0058166385,0.80638075,0.17156276,0.16856915,0.18880291,-0.22095415
-0.13418531,-0.23647943,0.43989265,-0.86449426,-0.17961453,0.72074777,0.6627705,0.22345419
-0.36054692,-0.19233713,-0.30906874,0.64507747,-0.04762473,0.69739527,0.44208232,0.03696469
-0.37488434,0.09345596,-0.43546045,0.89154017,-0.4582417,-0.61659527,-0.24138449,0.024150407
0.08080493,-0.14190416,0.10008323,-0.48089385,-0.2971998,0.63793075,0.25752446,0.06003325
-0.12254806,-0.19370577,-0.63652444,-0.4895205,0.11260194,0.42157257,0.13174777,-0.16963696
-0.55767125,-0.18716143,-0.15996546,0.3280381,0.302619,-0.51481694,0.24412844,-0.08530641
-0.46899593,0.0064987736,0.22833788,-0.30784726,0.49457985,0.37797454,0.45389533,-0.09091291
-0.27040142,-0.2949354,0.6103411,0.07291448,-0.41935834,-0.1280582,0.19202642,-0.11695436
-0.1679235,-0.286241,-0.50474715,-0.025475264,-0.65525556,-0.18519169,-0.6080932,-0.16712408
-0.5066593,-0.334611,0.4613253,0.72435904,0.23758319,0.40103784,0.4082717,-0.23442449
-0.4776299,-0.09417302,-0.5578791,0.11116445,-0.29757762,-0.2341722,0.3669034,0.015314146
-0.43448693,-0.1329601,0.4929148,-0.32448024,-0.0039064153,-0.038210705,0.36943853,0.066002764
-0.09859732,-0.10453745,0.22850013,0.5324718,-0.12880145,0.66986483,0.6721141,0.0822745
-0.40704846,-0.34073314,0.36195076,-0.33995098,0.11698966,0.23725867,0.19685052,-0.2830128
-0.6405912,-0.37299553,0.17775476,-0.4112026,0.3428934,-0.13233614,0.19901665,-0.22653955
-0.44371715,0.2492284,-0.87867063,0.35231626,0.081092335,-0.30600888,0.19995326,-0.22389624
-0.3677432,0.1431043,-0.7141557,0.2510867,0.34619483,0.32614216,0.3956892,-0.15345547
-0.40755543,-0.0040489538,0.5994803,0.11911893,0.22675091,0.27589524,0.14447804,-0.3815146
-0.44171327,-0.19136886,0.20868087,-0.5915591,-0.28199077,-0.66536826,0.0031236308,-0.08009499
-0.17570798,-0.20539773,-0.5611445,-0.7221643,0.1311125,-0.27248666,0.46680102,0.26490635
-0.43711334,-0.049079385,-0.31305087,-0.039624393,0.4350372,0.062520795,-0.36742947,0.51280123
-0.37616098,-0.3785037,0.43920672,0.6601454,-0.2003899,0.73949754,0.7103423,0.1546238
-0.46450594,-0.20979834,-0.61972994,-0.5604479,0.021299433,-0.051103655,0.14408183,-0.12278381
-0.5706341,-0.11992147,0.681144,0.64542353,0.38760296,-0.1380075,-0.53382146,0.30487815
-0.46320716,-0.3747143,0.5696751,0.08721244,0.41098723,0.31176227,0.39007232,-0.20117502
-0.24711679,-0.3149679,-0.8801135,0.19956136,0.06737151,0.3635137,0.38177484,-0.3210613
-0.39296797,-0.20950775,-0.27515346,0.4239136,0.20238325,0.22391467,0.28200635,-0.30621627
-0.54674697,-0.17769013,-0.09178603,0.46312606,0.335222,-0.34397733,0.2814419,-0.21828857
-0.41423973,-0.30728322,-0.8225204,-0.26939744,0.33310747,0.2020802,0.2766123,-0.16713566
-0.6270441,-0.03120168,0.03235042,-0.11637044,-0.16547602,-0.63637066,0.35715538,-0.08088598
-0.6384344,-0.16722167,0.4690975,-0.058234334,-0.16884454,0.8413709,0.4807525,0.05125923
-0.18830648,-0.14447914,0.51032865,0.6641365,-0.1443316,0.5635098,0.43830806,-0.062155798
-0.23793222,0.119423054,-0.46679038,-0.21537113,-0.077360034,0.012326553,0.26980302,-0.105150215
-0.37911493,-0.08085988,-0.056674898,0.7735368,0.145804,0.15687788,0.17183888,-0.14495866
-0.4987816,-0.102001734,0.20957625,0.7408024,-0.26461917,-0.7349322,0.09614887,0.04604779
-0.4838376,-0.18315919,0.06064999,-0.56023246,-0.3965758,-0.7451035,-0.0902684,-0.17113161
-0.1677926,-0.26334044,0.09008515,-0.68177474,-0.69058836,-0.3644304,0.2502897,0.45116726
-0.5016546,-0.25455546,-0.71651137,-0.31060207,0.16085064,0.1903068,0.34330714,-0.095018215
-0.39101735,-0.054947075,-0.9876565,0.032534003,-0.39512405,-0.6012102,-0.12991405,-0.0010672944
-0.2962237,-0.043940086,0.30488825,0.8560183,-0.54504764,-0.24338068,-0.48267257,-0.11755486
-0.24304213,-0.44870803,0.6840316,0.3512063,-0.011570754,0.27890328,0.38883305,-0.44846556
-0.56950533,-0.2091074,0.029078245,0.04421699,0.21228825,0.1865787,0.4082068,-0.21590501
-0.39325032,-0.15698157,0.6394863,0.2985077,-0.4803024,-0.5199531,-0.10540948,-0.06347062
-0.4783628,-0.21456158,0.6334723,-0.35409057,0.24659047,0.22737356,0.36673957,-0.03891138
-0.108468056,-0.34708312,-0.5561991,0.002892375,-0.23531608,0.011270874,-0.30300775,0.15852244
-0.70107996,-0.2174987,0.34645712,0.01003468,0.4411663,-0.4607534,0.027542865,-0.015930312
-0.029505165,-0.26482835,-0.6107422,0.22245133,-0.3446382,0.5924245,0.5586151,-0.038998347
-0.4099515,-0.04808129,0.08991945,0.004094124,-0.031990252,-0.10103925,-0.005757504,-0.14822441
-0.4546031,-0.053967144,-0.1600743,-0.7975913,0.4221277,0.15375507,0.32123733,-0.14069776
-0.5110155,0.026820038,-0.4921729,0.8627466,0.321119,0.39295474,0.5056685,-0.21776485
-0.33579606,0.0018477783,0.20654464,0.13354349,-0.24158952,0.52857506,0.2805102,-0.042308174
-0.34964687,-0.30771592,0.6400198,0.64079726,0.11153964,0.16708992,0.32693806,-0.08253362
-0.630665,-0.30881268,-0.4934399,-0.37569553,-0.46223658,0.6790325,0.39154723,-0.042162143
-0.47002673,-0.15230422,0.5471951,-0.4138866,0.20480579,-0.35556352,-0.055461083,-0.103192754
-0.020365449,-0.15636982,-0.07992667,-0.7890538,-0.32932574,0.5997225,0.31143418,0.20179473
-0.40371305,-0.28221682,0.8243394,0.42693293,-0.0900543,0.84602433,0.41668752,-0.15368022
-0.33954716,-0.27570856,-0.058910012,0.47946417,0.10621041,0.27919602,0.16238323,-0.30771062
-0.46087804,-0.3848117,-0.35549116,0.3803631,0.29695213,0.32748285,0.40883675,-0.22046144
-0.288985,-0.32928804,0.011216521,-0.68383396,0.3073104,0.20938301,0.3366583,-0.26243642
-0.29167974,0.19259547,-0.26888102,0.33926463,0.23807526,0.024758272,0.40705046,-0.024004845
-0.33920166,-0.12644586,0.28156507,-0.10660398,-0.18597151,0.6054257,0.6356287,0.5619054
-0.5633524,-0.087400354,0.5348023,0.61280704,-0.8525407,0.33923477,0.15441465,-0.3205974
-0.2815302,-0.34624085,-0.8348922,-0.18756485,-0.79756856,0.3440261,0.18767346,-0.37893674
-0.3568725,-0.23910935,0.6096225,0.4194064,0.37655723,0.28970924,0.4503696,-0.1467325
-0.4555985,-0.21947137,-0.52238315,-0.19998401,0.2781462,0.19961272,0.39595187,-0.0361428
-0.1929621,-0.11944209,-0.019319832,0.3109914,-0.69390947,-0.40940112,0.1347107,0.041458867
-0.61406624,-0.3203176,-0.47467577,-0.18980366,-0.13659967,-0.6784138,-0.22936504,-0.1299458
-0.5740376,-0.2568826,0.8144705,-0.1955325,0.54611325,0.078431286,0.26825026,-0.25858024
-0.31359112,-0.08461698,0.38431215,-0.8642903,0.13074985,-0.33122525,0.021780327,-0.11258235
-0.4088548,-0.023563366,-0.6522927,0.55964136,-0.10881699,-0.020255124,0.2772033,-0.20522128
-0.25208133,-0.18669747,-0.49247187,-0.0035151243,-0.45919526,-0.25180703,-0.40490785,-0.4282022
-0.25305587,-0.21649544,0.30961514,0.5965102,-0.064626746,0.70985615,0.67511594,0.05534247
-0.32211968,-0.074696854,-0.067466795,0.79441714,0.33096364,-0.37265408,0.35260203,-0.083498925
-0.18919352,-0.23528425,-0.01643753,0.3797177,0.2813311,0.2205718,0.37210634,-0.09402761
-0.31293008,-0.3046723,-0.5989176,0.31013453,0.55703497,0.018739104,0.121527396,-0.04371643
-0.33274677,-0.112976626,-0.006985724,0.6526011,0.3588588,0.42391393,0.43863112,-0.02877479
-0.379427,-0.2986595,-0.8236429,-0.2714231,0.20232646,0.18087608,0.2832579,-0.18506573
-0.29233122,-0.33858016,-0.71477574,-0.2426604,-0.034968365,0.25302354,-0.118411876,-0.2358115
-0.07834913,-0.1651137,0.10698402,0.53189015,-0.17261827,0.5902405,0.5496321,-0.06552042
-0.2839973,-0.13509843,-0.20243454,-0.0131253,0.1546123,-0.13299304,-0.09096663,0.094360836
-0.6850691,-0.09284048,-0.2647035,0.5887387,0.3897541,-0.43441787,0.0648268,-0.0810713
-0.13663153,-0.26278257,0.9765607,0.17282271,-0.1941532,0.6832077,0.5603863,0.08977077
-0.20837925,-0.12260577,0.27362132,0.8231158,-0.5243024,-0.41410357,-0.42461908,-0.12696564
-0.4314957,-0.2592303,0.1391995,-0.14621669,0.044696983,-0.35634926,0.17775424,-0.007908428
-0.3383491,-0.122447334,0.49319756,-0.8585643,-0.35107967,0.6771499,0.5968912,0.2959296
-0.2655105,-0.29617006,-0.7884333,0.26002085,0.236362,0.4294614,0.39952114,-0.3623599
-0.34340593,-0.1956444,-0.41556305,-0.7920025,-0.07341269,0.79512614,0.6231698,0.09351337
-0.47761485,-0.31520766,0.6797116,-0.32462054,0.28103107,-0.24221988,0.26923153,-0.02949007
-0.5876666,-0.00887918,-0.28510982,-0.5424514,0.037824966,-0.7408443,-0.33680093,0.05944702
-0.67699134,-0.07025677,0.7216232,0.62176156,0.4914791,-0.24924421,-0.54086655,0.29097465
-0.23706311,-0.19664656,-0.88451946,0.14184904,0.107965566,0.046035208,0.35026142,-0.1978859
-0.5899795,-0.24933572,-0.27525312,0.6273383,0.21305782,-0.31524926,-0.029757507,-0.017865596
-0.24746887,-0.18335116,0.7026142,0.6138972,-0.9002954,0.12048301,-0.5623826,0.25225544
-0.37423304,-0.2603577,0.78438604,-0.29320103,0.21074204,0.26334652,0.3966213,-0.24849252
-0.36022174,-0.18148659,-0.3362363,-0.788164,0.20627367,0.2742007,0.3992018,-0.26594973
-0.5973721,-0.055003513,-0.14500642,-0.13798797,0.29705316,0.25383657,0.22988683,-0.12329896
-0.40056002,-0.30032438,-0.5738263,-0.3308825,-0.79065716,0.08814583,0.15337794,-0.29856136
-0.35370255,-0.06250083,-0.36763078,0.7839128,0.15209185,0.19147784,0.34747815,-0.14539786
-0.49364898,-0.18823016,-0.05087602,0.55773914,0.62245184,-0.067895755,0.28905457,-0.09777103
-0.4118526,0.044663567,-0.22051585,-0.42604327,0.20681956,0.07537719,0.2053042,-0.08930549
-0.5021107,-0.083109625,0.29460466,-0.1896143,0.13942522,-0.46755722,-0.11538872,-0.23327677
-0.5785215,-0.11838615,0.7271154,0.3968084,0.27563128,-0.5552269,0.22754909,0.114073046
-0.52032584,-0.14522953,0.42070544,0.7229278,0.270726,0.37264875,0.23047216,-0.17167674
-0.31161603,-0.23693292,-0.6175722,-0.48470783,0.33928296,0.25779176,0.45336992,-0.12441862
-0.1731891,-0.20485695,-0.5690412,0.39644396,0.088641115,0.5883268,0.3758281,-0.1607576
-0.44169185,-0.028218474,-0.5350522,0.49022126,0.42638683,0.0004812956,0.38204962,-0.09280293
-0.45914343,-0.17335849,0.41543853,-0.78200877,0.4523233,-0.3034277,0.0904342,-0.072032124
-0.431305,-0.23999435,0.27125072,0.7568817,-0.15242794,0.093796164,0.22772665,-0.10801205
-0.46192938,-0.08615528,0.110881925,-0.27362984,0.36762428,0.28305134,0.026056727,0.13407214
-0.20714405,-0.25906608,0.6348734,-0.34028292,0.07042177,0.25985155,0.21356335,-0.23466197
-0.31839567,0.011598204,0.483868,-0.8018445,-0.48290232,0.5857828,0.5294977,0.26076162
-0.46014377,-0.23104645,0.47223234,-0.72080576,0.3240265,0.42228287,0.3415189,-0.28140342
-0.43145463,-0.27032357,-0.7516674,0.23083484,0.28607535,0.27857077,0.44132236,-0.09584197
-0.06719917,-0.0919111,0.1878742,0.30844164,-0.30455667,0.6883453,0.356148,0.038144387
-0.5317375,-0.18285036,-0.6006704,0.19676661,-0.09024684,0.73900837,0.57411146,0.048477948
-0.27888533,0.093501054,0.37646437,-0.06204152,0.5124975,0.26031053,0.17508157,-0.22092353
-0.46975952,-0.13508253,-0.3258257,-0.62832534,0.17901233,0.067507125,0.08389742,-0.0021548471
-0.11523406,-0.24374284,-0.7297733,-0.2502032,0.0713166,0.33537602,0.3980196,-0.038471807
-0.5338824,-0.0035303936,-0.9328519,0.2968824,0.56212646,-0.23555622,0.1454058,-0.14149633
-0.48097855,-0.16229407,-0.54951394,-0.028338432,-0.14556807,-0.7224328,-0.28201985,0.0978394
-0.55847967,-0.11714452,0.4585539,-0.75019014,-0.7439608,0.2293405,0.29858422,-0.13758859
-0.13154584,0.14025982,0.78661203,-0.2892323,-0.07518807,0.12903972,0.2965731,-0.22700809
-0.37390074,0.08789655,0.08159685,0.19192052,0.30049732,0.20806104,0.3833431,-0.15546376
0.05934153,-0.23360291,0.2776544,0.21406686,-0.21638763,0.6204274,0.388401,0.65444
-0.3488138,-0.27426592,-0.78728426,-0.30510038,-0.14570907,0.7247507,0.35512185,-0.13893998
-0.034045566,-0.13850242,0.28747213,0.33473492,0.038850654,-0.25435886,0.17404929,0.8594697
-0.22295298,-0.02039532,0.44327188,0.010098815,0.12804279,0.21460876,0.17736919,-0.22058444
-0.53881943,-0.23890573,-0.27193975,-0.46826547,0.20800766,0.2214817,0.40780148,-0.23187266
-0.42714253,-0.13980962,-0.3728227,0.16533673,0.23262721,-0.3153734,0.00019204798,-0.11693102
-0.35522273,-0.02111071,-0.7742172,0.60115135,0.35776407,0.21753523,0.42645773,-0.26009187
-0.40292355,-0.29955107,0.024329782,-0.888506,-0.4763604,-0.27086216,-0.422962,-0.29432884
-0.359477,-0.19503768,-0.8815564,-0.31503063,-0.029570732,0.76616377,0.4229673,-0.09615729
-0.18208852,-0.26996133,0.562358,0.21098232,0.22347166,0.3424593,0.29814005,-0.28633678
-0.17056829,-0.23351246,-0.115229726,0.8501717,0.15886448,-0.49790576,0.109544925,-0.017365694
-0.52569145,-0.2662727,0.013709307,-0.82041496,0.1920898,0.26695874,0.35941583,-0.14112736
-0.14977689,-0.25932893,-0.07550019,0.3804798,-0.49210024,-0.031556804,0.10119532,-0.20113532
-0.4412678,-0.22682576,0.46817517,-0.19217253,0.25323611,0.18009287,0.6629381,0.016742777
-0.35278678,-0.2822405,0.22491598,0.09228206,-0.03257682,0.73223156,0.7707134,0.52502155
-0.37462887,0.06427821,0.00262177,-0.761601,0.102274865,0.67646235,0.37414983,-0.15927285
-0.38047996,-0.33153865,0.019835472,0.6750251,0.27032292,0.29944044,0.31968945,-0.17642471
-0.47778055,-0.35112223,-0.23138404,-0.23063022,0.41964087,-0.13417938,0.26188,-0.11947532
-0.21476306,0.11255672,-0.19429076,0.3283186,0.17288236,-0.4048592,0.20957316,-0.14180753
-0.7372755,-0.14402495,-0.6390258,-0.3710348,-0.9016231,0.3302884,0.4450729,-0.2760887
-0.6571521,-0.332653,-0.8388375,-0.30257243,0.44021523,0.2899442,0.36413065,-0.12785442
-0.21090181,-0.3136945,-0.3958404,-0.6773583,-0.002975847,0.1760103,0.25208926,-0.05120804
-0.22525021,-0.17940812,-0.7491584,-0.49178398,-0.14379641,0.05088398,0.12624976,-0.0917245
-0.47541445,-0.3667686,-0.38654506,0.6927881,0.2108684,0.3137495,0.44117147,-0.27527267
-0.48395935,0.040966425,-0.25707537,0.66127217,0.25871193,-0.408681,-0.010794332,-0.15766309
-0.25160518,-0.096276276,-0.6475252,-0.25465196,0.08879476,0.7921802,0.5000006,-0.04229897
-0.16132945,-0.07439749,0.25809193,0.87995565,0.29671627,0.11256289,0.24138233,-0.14377485
-0.38883075,-0.07252858,0.25607157,0.8053304,0.25128472,-0.37482256,0.07329382,0.0017880866
-0.24024239,-0.066639066,0.7655337,0.0039582253,-0.013934478,0.049685504,0.17832398,-0.17610225
-0.32584968,-0.1516379,0.37795556,-0.05923313,0.22675975,-0.28639236,0.26154456,-0.05547431
-0.24195898,-0.35543564,0.8984226,0.14657676,0.2083714,0.33276537,0.07409388,-0.19809636
-0.33977383,0.20652406,0.27785087,-0.3440795,0.27004656,0.08096406,0.05337624,-0.28629068
-0.44909588,0.15237422,-0.80803376,0.2516595,0.22068395,0.20945409,0.35257122,-0.10222566
-0.14513138,-0.08647336,0.18151975,-0.71976197,0.30970827,-0.13743366,0.27879402,-0.27733466
-0.35239232,0.11219513,0.10327697,-0.9222102,-0.16626148,-0.5984967,-0.048500117,0.034594443
-0.38982704,-0.10993496,0.8775258,0.30524838,0.124305844,-0.4164982,0.0016924855,-0.16465364
-0.39967853,-0.40916348,0.7875831,-0.29902297,-0.95671165,0.4522948,0.37350252,-0.35184556
-0.2929883,-0.16181415,0.4131149,-0.79089373,-0.25345558,-0.48978698,0.004645776,-0.1553698
-0.47461545,0.22086008,0.31002855,0.49942255,-0.119678035,0.8407225,0.6602533,0.057886075
-0.43677852,-0.08066034,-0.2006234,0.633144,-0.5447362,-0.6347428,-0.22723037,0.03616067
-0.34414837,-0.17440209,-0.092089474,-0.9474975,0.20447624,0.09154462,0.47287253,-0.1765205
-0.33818296,-0.2524319,-0.60392,0.24820244,0.121181786,0.17554921,0.33567467,-0.14015199
-0.2495843,-0.19825393,-0.40428442,0.819643,-0.4663759,-0.52117056,-0.2768625,-0.20074205
-0.133767,-0.21733797,-0.0352028,-0.43593627,0.26128295,0.00076969014,0.41575328,-0.43295392
-0.59972465,-0.1444252,0.13347518,0.49046373,0.29216623,0.1923645,0.40618417,-0.053024814
-0.2584607,-0.30800527,-0.21202302,-0.189807,0.2947279,0.6448424,0.82466745,-0.1991892
-0.22550371,-0.16264273,0.027626872,-0.29626328,-0.34579474,-0.63969785,0.15724687,-0.04772021
-0.22872224,-0.023051154,-0.5926833,0.16766405,-0.14109361,0.82122976,0.566849,0.07429746
-0.5650391,-0.10891551,-0.25365108,-0.7366449,0.3353606,0.18569599,0.42345446,-0.13644624
-0.11652988,-0.06701449,0.60550535,0.1183753,-0.5014473,-0.16119799,-0.07324143,-0.31182492
-0.41785097,-0.12651101,0.9223223,0.36390984,-0.121103436,-0.26884815,0.1480229,-0.21286215
-0.5464947,0.091663964,0.48535645,0.44594526,0.3077456,-0.537258,0.22598864,-0.104548745
-0.47242805,-0.36166358,0.0071116686,0.60244095,-0.216594,0.84610146,0.48901868,-0.14705984
-0.40746555,-0.21020694,-0.29767525,-0.81234133,-0.13221215,-0.05441128,0.3425492,-0.12278532
-0.3206669,-0.18785869,0.0058857203,0.71866894,-0.10599279,0.7187706,0.32706276,-0.17105237
-0.20551953,-0.39538026,0.14926195,-0.85975677,-0.032682534,0.7224562,0.72935724,0.08573867
-0.31552163,-0.071185485,-0.14709187,0.64003265,-0.72247434,-0.40671256,0.40487504,0.568526
-0.38452,-0.13020872,0.9237819,0.16495943,0.20076829,-0.32637572,0.21194829,0.04172794
-0.36706564,-0.18960057,-0.5404066,0.35960233,0.32259902,-0.18775457,0.23858798,-0.15913306
-0.34857503,-0.34962767,-0.78174543,-0.30403554,0.23147215,0.25842705,0.37443703,-0.17234223
-0.4068175,0.020310212,0.64118123,-0.3758161,-0.01914251,0.23789313,0.23449224,-0.03920218
-0.5820653,-0.28466862,0.80479324,0.07602334,-0.16721494,-0.13351712,0.28337887,-0.044780914
-0.4204412,-0.17002703,0.43341494,-0.06789428,0.355642,0.12799385,0.44190153,-0.22585604
-0.37335235,-0.07470477,0.24469519,0.40274405,-0.30113587,-0.05616236,0.23616447,-0.07867803
-0.38638714,-0.25525728,-0.31668854,0.6172458,-0.82114357,-0.031546913,0.26330197,0.048566278
-0.6817183,-0.22724673,0.0824399,0.27069712,0.38250342,-0.61630136,0.1450984,0.3265441
-0.5802098,-0.10681435,0.20767057,-0.7401372,0.5179465,0.13891816,0.74108726,-0.6090111
-0.3445529,-0.095931746,-0.2240212,-0.880123,-0.055243287,0.14785248,0.05955102,-0.29564187
-0.34884423,0.0011963294,0.05546558,0.03399968,-0.17815636,-0.5534155,-0.12029137,-0.08182127
-0.4328111,0.08527935,-0.28272784,0.63553727,0.31883782,0.21665809,0.41422614,0.026876826
-0.2956053,-0.3268116,-0.80952376,-0.15522689,0.15538095,0.29704568,0.24415688,-0.27542722
-0.65251154,-0.18338677,0.36695707,0.123143196,0.3803669,-0.44506505,0.041710846,-0.033485804
-0.4199131,0.040312696,0.66480935,0.25567448,0.13297065,-0.27947763,-0.158802,-0.14690201
-0.34015968,-0.36821443,0.2634765,-0.9385988,0.37797338,-0.31915426,0.24960895,-0.11545671
-0.48869517,-0.0963178,0.6511661,0.008394003,-0.3047774,-0.6655062,-0.06406304,-0.2016672
-0.5059501,0.054011527,0.008758664,-0.75358653,0.024342729,0.72986555,0.44028375,-0.16586486
-0.27089897,-0.173891,0.615607,-0.52066386,-0.3805897,0.6766626,0.44251814,0.07579946
-0.5157594,-0.2032596,-0.43434918,0.7400476,-0.79594433,0.24385549,0.47622162,-0.10437637
-0.3272007,-0.1330143,0.8464408,-0.14240086,-0.23963639,0.0008220165,0.2630376,-0.151548
-0.25411797,-0.18948387,-0.7810154,-0.01148957,-0.27149662,-0.7597853,0.055748966,-0.0012094401
-0.26767173,-0.15115313,-0.78032684,0.46917903,-0.030409,0.777593,0.46653673,0.09307506
-0.30945224,-0.19802272,0.6032783,0.44260132,0.0017946995,0.7660701,0.6832062,-0.073825106
-0.57666713,-0.063326076,-0.8118388,-0.22493488,0.29497892,0.22120258,0.40489742,-0.20749545
-0.40118113,-0.32960826,0.23096001,0.5061827,0.21474491,0.08496122,0.3116756,-0.22369191
-0.20585841,-0.30195412,-0.17166334,0.5592618,0.18998925,0.26920372,0.16450168,-0.30143547
-0.42434046,0.05336577,-0.03236699,-0.8306402,-0.020027945,-0.6997573,-0.070216976,-0.0059146276
-0.47502348,-0.22877447,-0.03276682,-0.8137118,-0.25800732,-0.52917016,0.19234236,-0.15561695
-0.54194653,0.07338407,0.070400834,-0.5080646,0.37023798,-0.38255358,0.17457333,-0.15124798
-0.29368094,-0.079105094,0.32844567,-0.88330823,-0.16252936,0.7792286,0.49478504,0.2850436
-0.37536782,-0.33767653,0.09768212,0.5018778,0.3434276,0.39777088,0.46690607,-0.20034386
-0.07486725,-0.24982283,0.4408896,0.5252676,0.13006416,0.11346143,0.23990491,-0.05930752
-0.39197218,-0.20765147,0.07576132,0.77351403,0.3352646,0.6821525,0.43837562,-0.20914896
0.008847995,-0.23886369,-0.15074402,0.639114,-0.4393339,-0.23393413,0.16022052,-0.09651102
-0.6494435,-0.26966152,-0.084985375,0.49179578,0.120645925,-0.007957675,0.023985514,0.12873249
-0.43196175,-0.12583432,0.90876377,-0.07211232,0.341987,-0.53012234,0.21720162,-0.00066647213
-0.367234,-0.09658639,0.48368514,-0.82734823,-0.09439927,-0.70133704,-0.038336374,-0.08378439
-0.22304219,-0.17845441,0.24746394,0.5454563,0.3641595,0.6096292,0.3567706,-0.31177235
-0.36097458,-0.033761304,0.5575191,0.010373473,-0.48632845,0.5387406,0.28858915,0.025466548
-0.29504526,-0.21691155,0.3510027,-0.54870963,-0.22047642,-0.027655926,0.29944927,-0.15963483
-0.49532607,0.0877183,0.05717647,0.6234486,0.45196724,0.14635867,0.33410865,-0.13153745
-0.33900997,-0.12839775,0.71711767,-0.6890398,-0.2989833,-0.5762947,0.18913575,-0.0023356064
-0.5094707,-0.23414506,-0.3892237,-0.6660664,0.15007953,0.14119402,0.3489829,-0.0519823
-0.21530344,-0.19670841,0.29809165,-0.7230356,-0.40513727,0.46280715,0.40721855,0.06448696
-0.37142012,-0.041921217,-0.018939674,-0.70814294,-0.1861739,0.04134826,0.39761367,-0.227349
-0.37315494,-0.18844213,-0.054576218,-0.8106973,0.37942204,-0.45833364,0.4322951,-0.33784816
-0.25424993,-0.14914857,-0.73131,-0.24875164,0.20677632,0.13613439,0.42687783,-0.024311498
-0.13884827,-0.29789916,0.107376814,0.516446,-0.12636577,0.62025213,0.5239133,-0.062485296
-0.3609207,-0.07558414,-0.0628081,0.7954726,-0.15790275,0.93000203,0.37206566,-0.00030392467
-0.2646668,-0.0716323,-0.11588609,-0.7035957,0.19071934,-0.39608043,0.04523025,-0.030011265
-0.42496276,-0.17082907,-0.37890875,0.36017334,-0.8177274,0.28622574,0.36095548,-0.29477486
-0.49048623,-0.16106701,0.08109462,0.16494596,0.47485238,0.33135715,0.34681338,-0.27328297
-0.4482943,-0.10296786,-0.7870474,0.24149275,0.33009213,0.18766795,0.39736408,-0.1502039
-0.07358402,-0.25891688,0.022699237,-0.77515185,-0.38185844,-0.014907163,-0.18539299,0.41685122
-0.36025724,-0.28180292,-0.60949373,-0.4840262,0.3515861,0.26937154,0.3973681,-0.120866634
-0.17423138,-0.17229724,-0.05480671,0.46296096,0.10358698,0.3127909,0.23186688,-0.78555363
-0.344596,0.06236029,0.32566082,-0.032694757,-0.10265588,-0.1796109,-0.025893316,-0.037585847
-0.26778948,-0.16578712,-0.18575847,0.60791445,-0.14001511,-0.610678,0.07735484,0.008672485
-0.5417337,-0.062469315,-0.3197468,0.6070374,0.3931725,0.038432576,0.33341622,-0.1618907
-0.42783082,-0.094465174,-0.90612113,-0.07649386,-0.43848416,-0.7484118,-0.08580585,-0.16432303
-0.30438742,-0.0535946,0.14614606,0.88826084,0.30585662,0.13233069,0.1768761,-0.24264167
-0.38406178,-0.3512291,0.20142174,0.69824886,0.5502811,-0.039381925,0.36283955,-0.2660706
-0.6300406,-0.074678615,-0.16234797,-0.82216704,0.59310955,0.52831554,0.47091922,-0.08780631
-0.23433709,-0.17994307,-0.9254676,0.37868166,0.1727253,0.12332375,0.41415095,-0.23894505
-0.4802561,-0.2733869,0.3141886,-0.58017254,0.3863068,0.3186962,0.36034688,-0.2551542
-0.49180114,-0.097287305,-0.33943272,-0.7278483,0.31270707,0.11838463,0.3911633,0.015118496
-0.4595094,-0.24630892,-0.18029898,0.5073637,-0.09381559,0.15491097,0.3540468,-0.16772884
-0.5755478,-0.09574028,-0.12462449,0.79669964,0.42398256,-0.23235612,0.37212262,-0.4081233
0.0019040536,-0.28910434,0.9716188,0.17554426,-0.13827021,0.6441344,0.44166657,-0.05719201
0.35838598,-0.13279127,0.5927731,0.40798116,-0.4175536,0.4883235,-0.27624375,0.16121803
-0.084974036,-0.33755153,0.5686717,-0.08632445,-0.3361573,0.38635087,-0.51965094,-0.15424775
-0.1840508,-0.13049689,0.5037621,0.6886394,0.25494894,0.40403208,0.28587857,-0.21607594
-0.2178071,-0.15508817,0.17015815,-0.23312497,-0.5385536,-0.24381237,-0.4790375,-0.48028105
-0.2601278,0.02969331,-0.06110376,0.48401988,0.11244243,0.15684529,-0.15865523,-0.4833277
-0.39688632,-0.25755018,-0.3104034,-0.5154011,-0.37699106,0.09106399,0.4302503,-0.10923773
-0.3792092,-0.09363323,-0.8698226,-0.05723411,0.10565123,-0.43320447,0.15072872,-0.023477847
-0.49897638,0.08603092,-0.6999765,0.64702964,0.41476488,-0.51838815,0.065319836,-0.31669998
-0.35382447,-0.24807377,-0.87799716,-0.106364965,0.21955343,0.25858617,0.38391912,-0.26834172
-0.39794853,0.016473029,0.1137048,-0.7769319,-0.10763799,0.73187697,0.40402827,-0.09637275
-0.46092218,-0.1733697,-0.1268509,0.89901316,0.5633987,-0.041383255,0.30948833,-0.1179929
-0.2115509,-0.31539097,-0.44292682,0.38742065,0.09826098,0.23516059,0.23099194,0.023689123
-0.23622549,-0.10834438,0.81051004,0.008991361,0.19692317,0.108440936,0.37143436,-0.10520946
-0.3693696,-0.07133226,-0.33784813,-0.91081315,0.18439393,0.25189656,0.16506511,-0.28608903
-0.3368228,-0.14297774,-0.41289204,-0.023281693,0.24226208,0.20254411,0.3769734,-0.08887539
-0.3123917,0.012464886,-0.5221875,0.48646128,0.14520444,-0.38248807,0.027389541,-0.14446393
-0.42194834,-0.17877479,-0.47813636,-0.12187737,0.11029491,0.2527378,0.31844217,-0.17713587
-0.49720785,-0.066533454,-0.8676959,0.013729215,0.4357625,-0.23286597,0.09389906,-0.08970982
-0.47881052,0.020838995,0.50562954,0.2474426,-0.34645972,-0.72917616,-0.2160062,-0.23531738
-0.45233914,-0.144777,-0.5861149,0.040346265,-0.34703976,-0.6055888,-0.35168463,0.007637882
-0.20089467,-0.31073532,0.511176,-0.5634267,-0.13450849,0.8024533,0.6285829,0.066606656
-0.45893335,-0.30620226,-0.8809873,-0.31138045,0.09596625,0.16307424,0.37626985,-0.1484506
-0.35995743,-0.023797002,0.13983905,-0.0058882833,0.179612,-0.55860436,0.23888956,0.09853987
-0.35730276,-0.11665761,-0.7633121,-0.58052826,-0.20747386,-0.46847886,-0.3809455,-0.5095231
-0.122262314,-0.21515511,0.8279184,0.2931385,0.22773235,0.42938286,0.40068856,-0.21652113
-0.24744913,-0.22647306,0.47037113,0.54196155,0.19942184,0.3843349,0.43567362,-0.25395173
-0.4064461,-0.19158542,-0.5835273,0.013144493,0.08197207,0.31411147,-0.06506536,0.054494582
-0.38009223,-0.15051082,0.4809159,-0.25303274,0.2417801,-0.44084895,-0.042426728,0.45843938
-0.41357395,-0.3063734,0.4761498,0.6074858,-0.3342689,-0.19049622,0.11558289,-0.22189258
-0.18435302,-0.26575384,0.4854889,-0.4881854,-0.38988414,0.6318529,0.49480185,0.6453072
-0.5924529,-0.14508533,-0.7717077,0.22294211,0.277102,0.21618436,0.4570495,-0.052674904
-0.27692425,-0.24927387,0.09564304,0.78916156,-0.18680765,0.763455,0.46830642,-0.07537161
-0.36392316,-0.008926491,0.27727687,-0.9323626,-0.44772822,0.6450146,0.46544755,0.05012585
-0.33367062,-0.15651797,0.22192693,-0.44624883,0.387453,-0.2869039,0.19247366,-0.13438867
-0.5310888,-0.038823258,0.42822146,-0.6220396,0.69252867,0.14003153,0.28174752,0.07213419
-0.02512026,-0.22924349,0.29214513,-0.88283676,0.094033666,0.39186582,0.2376411,-0.31243968
-0.45346546,-0.15153477,0.4266125,-0.8661621,-0.3606196,0.67536265,0.30154487,0.13516535
-0.23320067,-0.027590182,0.24760199,0.87005544,0.04458501,-0.43579188,0.10958157,-0.027233407
-0.41940516,-0.33812234,0.93992126,0.088722706,-0.13140811,-0.45339814,-0.009085584,-0.13082324
-0.41344723,-0.20529203,-0.4394533,0.40949464,0.27409855,0.26792753,0.36305028,-0.045489833
-0.41689897,-0.18248312,0.9869914,0.12831843,0.53860897,-0.18799435,0.15067708,-0.115742005
-0.12060864,-0.3024146,0.6907257,-0.48346174,-0.14464702,0.8467216,0.31095627,-0.0053092004
-0.63845915,-0.24661672,-0.01922208,-0.29767638,0.23793527,-0.5400832,0.09590263,-0.04930646
-0.33422068,-0.09391338,0.53136086,-0.73798686,0.25403813,0.58763456,0.3596491,-0.06488556
-0.44773245,-0.14881244,-0.90485924,-0.16635817,0.29410562,0.2923488,0.30633608,-0.110086955
-0.37734005,-0.42932343,0.68340564,-0.15646935,0.25247934,0.22927813,0.106030084,-0.33038652
-0.17320175,-0.071835145,-0.7366483,0.124939084,-0.095250644,0.6071052,0.4922904,0.003288523
-0.4229402,-0.32093728,-0.31715673,0.6335751,0.23258859,0.16656673,0.3174412,-0.027239801
-0.05338836,-0.29019085,-0.4454934,0.37672126,-0.123742014,0.76891816,0.6667312,0.04215113
-0.29858372,-0.004950638,-0.40717554,0.8075721,-0.4849417,-0.46202427,0.08790913,-0.02483081
-0.41273847,-0.13864909,-0.6901116,-0.24053442,-0.040831916,0.876673,0.4271193,-0.2056832
-0.5766142,-0.09033477,-0.09472746,0.711985,0.17428426,-0.36246872,0.069219515,0.009555798
-0.4801761,0.02755906,-0.15129381,-0.75705826,0.4403165,0.25207594,0.3112028,-0.21673696
-0.5569327,0.07384389,-0.1920743,-0.49766642,0.17904668,-0.51980835,-0.34657618,-0.119300395
-0.38769594,-0.33020145,-0.3129059,0.620196,0.20862561,0.19286388,0.33894768,-0.12470455
-0.3257265,-0.17674479,-0.7383777,-0.002229035,0.4361128,-0.3632802,-0.31173062,-1.0038257
-0.39617202,-0.06759387,0.58096695,0.62587404,0.12981188,0.21218923,0.12865368,-0.22046849
-0.48761204,-0.06877409,-0.25062084,0.3386048,0.46860442,0.022747356,0.3365972,-0.13392274
-0.3250218,-0.30874103,-0.27546358,-0.26469272,0.16085619,0.15629101,0.20121874,-0.072903074
-0.3788274,-0.0692203,-0.5531601,-0.450235,0.39475405,0.2795724,0.31706032,-0.015220664
-0.46426055,-0.15200756,0.3872944,0.27052236,0.084562205,-0.40515235,0.11111097,-0.07057753
-0.01622993,-0.27933028,-0.5043651,-0.46289158,-0.1755723,0.6460708,0.4666539,-0.0069084424
-0.42200857,0.033782173,-0.28281486,0.63330364,0.17705564,0.2464008,0.42386478,-0.07226413
-0.03294267,-0.35070676,-0.36652625,-0.7395629,0.0034329197,0.814884,0.64053386,-0.0012453091
-0.3312236,0.030311767,-0.5212623,0.8218676,0.09621241,-0.16778016,0.28260934,0.13782655
-0.09221499,-0.07311634,-0.80047345,-0.04329574,-0.160762,-0.6735706,0.14929911,0.030531062
-0.4061458,-0.15336584,0.0860244,-0.738479,0.32910526,-0.17662388,0.49753243,-0.11845745
-0.5283421,-0.06817625,0.62963176,0.15377629,-0.27470553,-0.6335837,-0.13774464,-0.191344
-0.48688617,-0.26380605,0.2634765,-0.9385988,0.41899598,-0.38483045,0.2894212,-0.13820364
-0.61740506,-0.27524075,0.7257378,0.39334965,0.5021734,-0.40712115,0.25913256,-0.075115666
-0.10753961,0.002905552,-0.77620035,0.2450186,0.3456617,0.25979728,0.3745863,-0.21504629
-0.31667164,-0.06855851,0.13299131,0.7458254,-0.28870824,-0.25693223,0.25300124,0.022527402
-0.51799554,-0.14779773,0.11572647,0.44458377,-0.056179773,0.8000659,0.6221693,0.09060637
-0.41471186,-0.06406468,0.30584288,0.3791598,-0.6860687,-0.6771498,-0.43281928,-0.029026603
-0.16637005,-0.20014386,0.3761022,0.58793616,-0.10356819,0.66862786,0.6785637,0.049240395
-0.25263712,-0.17072792,0.0149924755,-0.11630297,0.14917707,0.073570766,0.44969442,-0.16870041
-0.09657486,-0.092339315,0.106702805,-0.68259335,-0.19418372,0.15370153,0.8354405,-0.24519882
-0.5001629,0.021332849,0.17953718,0.5359179,0.30694038,-0.4098509,0.04857735,-0.05570374
-0.3089457,-0.23135737,0.017914057,0.52331054,0.35812208,0.26002446,0.3313238,-0.24343368
-0.17400245,-0.19476734,0.17556167,-0.28878385,0.22707026,0.22954556,0.15967123,-0.1047656
-0.27257487,-0.19323654,0.5989083,0.44466984,-0.10636807,0.63500226,0.45454413,-0.070067555
-0.54596335,-0.22807528,0.9150137,0.03852594,-0.2983128,-0.05674072,-0.04291565,-0.32289684
-0.22587788,-0.009803231,-0.2399463,0.636343,-0.59824806,-0.37879527,-0.35099062,-0.15450022
-0.2592766,-0.2595052,0.57401574,0.59594584,0.39021572,0.38038948,0.5362251,-0.17024274
-0.0923768,-0.2987575,0.42702317,0.6777649,-0.04993205,0.7083209,0.68784475,0.11694861
-0.5841332,-0.024964128,-0.16021156,-0.16726607,0.49405473,0.5009482,0.2752326,-0.17523576
-0.5224521,-0.18961631,0.6931535,0.08285034,0.36707145,-0.40445402,-0.07166641,-0.15534496
-0.35345858,-0.33801076,-0.46212995,0.5827917,0.4005724,0.66187644,0.54715633,-0.22040348
-0.47056448,-0.31264347,0.35211623,0.69039524,0.30519566,0.21929455,0.29385686,-0.045594487
-0.695854,-0.26144174,-0.006502807,-0.0852204,0.28873822,-0.5548949,-0.42402884,-0.12318036
-0.66450894,-0.11568264,0.81622565,-0.023152828,0.34494007,-0.30656153,-0.74737585,0.0060274866
0.14403294,-0.20483778,0.64587975,-0.62938184,-0.25102758,-0.09574043,-0.2345944,-0.35819602
-0.4795304,-0.059682775,0.03450644,0.2849965,-0.44093806,0.59060603,0.4313111,0.016661271
-0.44831237,-0.1155597,0.3131584,0.0661391,0.17261784,0.06725747,0.06464234,-0.038508136
-0.42003718,0.04002035,0.27907288,-0.8623247,0.4092589,0.2672126,0.37181568,-0.291833
-0.34430185,-0.2657085,0.15552104,0.55565476,-0.0644368,0.7646231,0.6135838,0.038428105
-0.5371593,-0.254047,0.61770535,0.10206258,0.20061435,0.18317872,0.18385941,-0.11658834
-0.14340128,-0.1439421,-0.16525978,-0.37867224,0.1392074,0.22738047,0.38741544,0.29101932
-0.59598404,0.09016033,0.38764346,0.6482724,0.45833218,0.29457375,0.38516542,-0.11985366
-0.43946788,-0.16685326,-0.6517036,-0.25358677,0.30459988,0.062048774,0.39056322,-0.15498215
-0.59186274,0.15725423,-0.5463507,0.55513287,0.32403383,-0.04186517,0.18219253,0.22899331
-0.68621707,-0.11336351,-0.30053157,0.34394896,0.63972855,-0.22550079,0.2315662,-0.14498398
-0.50554335,-0.14172944,0.23067844,-0.30972552,0.024674587,0.8351609,0.3488805,-0.09107336
-0.46591082,-0.23435897,-0.37935758,0.77866495,0.12899728,0.1596681,0.37641186,-0.16055825
-0.379809,0.1588374,-0.48466843,-0.54194474,0.15465003,-0.3123338,0.37472254,0.105714954
-0.41587788,-0.2360774,-0.9203518,-0.1590774,0.2543142,0.23261175,0.3259984,-0.15445025
-0.32426295,-0.30742705,-0.31863683,-0.5180794,-0.11511786,-0.49832562,-0.48827958,-0.1760874
-0.55018187,-0.123939574,-0.28914702,0.065624,0.39013574,0.45219716,0.37313718,-0.121205404
-0.47854865,-0.12769951,0.48703027,-0.73221564,-0.18137532,-0.025459394,0.3274682,-0.1181115
-0.19437116,-0.48374444,0.07330537,0.84549654,0.2804768,0.68012494,0.5815927,-0.41049403
-0.25415838,-0.06939423,0.23176455,0.09673631,-0.31974214,0.66389495,0.63152146,0.39487925
-0.30252385,-0.12851186,0.23020756,0.9100518,-0.051556304,0.7643345,0.43045926,-0.08407262
-0.5450915,-0.0013671472,-0.40119487,0.45611906,-0.022544937,0.83109516,0.552042,-0.01679243
-0.25298354,-0.32654536,-0.42225075,-0.042190313,0.19224754,0.17584871,0.27400827,-0.08117649
-0.4895025,-0.22905757,0.72336376,-0.047516346,0.30631125,0.16622785,0.31332216,-0.13944072
-0.70209485,-0.1857191,0.5683757,-0.5267289,0.5028252,-0.28925198,0.37238482,-0.1294952
-0.28256512,-0.11263423,-0.54856086,-0.19285434,0.43262106,0.16181819,0.40349728,-0.16905811
-0.36924645,-0.123783424,-0.8203386,0.24281263,8.5769025e-05,0.6911948,0.350865,-0.21644421
-0.28772604,-0.018524002,0.08118963,-0.13128471,-0.0064500626,0.07361792,0.23781826,-0.23414978
-0.43843487,-0.06523735,-0.279706,0.6434369,0.1993502,0.19783343,0.41558483,-0.046756774
-0.26438996,-0.050266456,-0.50753164,0.20027077,0.019299632,0.807348,0.51440763,-0.12991174
-0.64697516,0.035953958,0.027014017,-0.8615651,0.3992517,-0.5179397,-0.0031951445,-0.0039507984
-0.37225524,-0.22843443,-0.31070274,0.64181316,0.09051043,0.25359958,0.3505754,-0.19953977
-0.34735295,-0.21102172,0.20518756,0.28881133,-0.22673723,0.74030864,0.57884,0.080051444
-0.4371255,-0.20354757,0.60538006,0.26779783,0.45735893,-0.42309314,0.08504387,-0.12995438
-0.5494182,-0.34508857,0.0687747,-0.7617637,0.33813,0.42596596,0.36182094,-0.16908923
-0.34003055,-0.23524019,0.7521026,-0.23427278,0.25111753,0.25862128,0.23090298,0.175525
-0.3472301,-0.06897447,0.7868577,-0.029985249,0.34846732,-0.29446933,0.17518623,-0.11577644
-0.4352268,-0.06204698,-0.24891442,0.28090465,0.051302537,0.7493825,0.35656774,0.031040883
-0.30631366,-0.32460564,0.17090464,0.4848987,-0.12742159,0.75825894,0.20035996,0.23529083
-0.36640087,-0.29271734,-0.32890248,-0.3878082,-0.099504076,0.0068647354,0.33637848,-0.06775168
-0.24499969,-0.32905373,0.501606,-0.7024454,-0.14926769,0.77591383,0.72720206,0.14539948
-0.28300172,0.06284959,0.028825283,0.80061567,0.17010857,-0.25258625,0.3204912,-0.45089492
-0.2605257,-0.2549672,0.17683518,0.24258327,-0.19963409,-0.014085419,0.23976836,-0.15919508
-0.40511736,-0.39743072,-0.47245908,-0.24906117,0.3548426,0.37375125,0.4124531,-0.27116755
-0.30868173,-0.059273046,0.31825817,0.8011801,-0.40226188,-0.6325876,0.18588664,0.03837133
-0.36611968,0.058103625,0.50074124,0.5203152,-0.06447539,0.74229556,0.5802416,0.096718356
-0.69638884,0.07822623,0.35709202,-0.4602723,0.4186458,-0.5517751,-0.026809843,-0.27297884
-0.36561897,-0.079180144,0.372782,-0.70732045,-0.11808915,-0.46067303,0.13993621,-0.22859272
-0.36074868,-0.13121824,-0.4658383,0.0240587,-0.2333088,-0.744801,0.2040677,0.07707612
-0.35416573,-0.22201942,-0.044012427,0.6211194,-0.84745616,0.26810762,0.32342714,-0.62275934
-0.6249371,-0.22791201,-0.65063775,0.2974342,0.25137144,-0.43184206,0.13794619,0.0634675
-0.4245039,-0.21302989,-0.22457612,-0.8806877,-0.3876181,0.59061784,-0.07683766,-0.2745249
-0.12300928,-0.018312048,-0.32089168,-0.0042749643,0.115033336,0.3403627,0.31200564,-0.12851208
-0.29577288,-0.17018014,-0.8656591,-0.19824666,0.04790225,-0.06809862,-0.10528158,-0.3337704
-0.36868033,-0.14952491,0.2555611,-0.21724641,0.12552975,0.091558814,0.286073,-0.16025455
-0.45026597,-0.2751825,-0.6590115,-0.3750797,-0.4266129,-0.04186237,0.18757062,-0.24629612
-0.037004743,-0.3844788,0.8448731,0.42547083,-0.11838088,0.80011076,0.22454475,-0.09531479
-0.31361306,-0.0018176242,0.47390378,0.7029723,0.045504812,0.23491964,0.20052528,-0.17458026
-0.19263323,-0.42069975,-0.12767869,0.16984296,0.73860574,0.19602463,-0.027879002,0.34174275
-0.4449489,-0.10508238,-0.28467077,-0.8371471,0.367559,0.12321951,0.29827335,-0.098370366
-0.39615023,-0.14868718,-0.783914,-0.19600803,0.35258463,0.2748082,0.39778924,-0.2296008
-0.09159303,-0.09991415,-0.30440372,-0.18647474,-0.029376432,0.70585966,0.3459098,-0.1959144
-0.3504094,-0.18305309,0.08752239,-0.7642682,0.32082617,0.2713024,0.42324078,-0.14467412
-0.2671335,-0.20799935,-0.14159542,0.65720856,-0.79675615,-0.42635265,-0.3504549,-0.1345729
-0.41080937,0.05052275,-0.14265805,-0.96228814,-0.084288016,0.20865421,0.33002585,-0.14099278
-0.30162925,-0.21427552,-0.33558577,-0.8838219,-0.035513047,0.7529897,0.4082176,-0.17636389
-0.40024045,-0.007698293,0.17586887,0.33923793,-0.30678195,0.76384944,0.35698113,0.024386605
-0.37884474,-0.1599387,0.31191826,0.33557546,-0.1041001,-0.5296299,0.07964066,-0.15297092
-0.5025138,-0.13614306,-0.23798913,0.63441396,-0.5372755,-0.4933758,-0.4899111,-0.071672425
-0.29497105,-0.25370193,0.2981509,-0.23198754,-0.38509256,-0.15180428,0.23681523,0.06386353
-0.22521213,-0.520301,-0.32712364,-0.21980888,-0.09123336,-0.4814537,-0.48280114,0.162156
-0.30451247,-0.07875051,0.73648787,0.07436037,-0.2947544,0.70203644,0.22327445,0.06611248
-0.1980153,-0.18055622,0.1449269,0.7089901,0.15222137,0.3061073,0.47631982,-0.18102232
-0.47017482,-0.13095862,0.31057525,0.3895576,-0.44316655,-0.29094252,-0.3694871,-0.088703535
-0.65656966,-0.23388778,0.6570666,-0.42297298,0.3247656,-0.3737245,-0.00836681,-0.148752
-0.08786219,-0.2721996,0.21165633,-0.49907392,-0.25723478,0.7413554,0.56199956,0.032139026
-0.39367512,-0.21349174,0.016819,-0.6938351,-0.19999288,0.031987425,0.22516072,-0.20443182
-0.271769,-0.16886786,0.7010113,-0.41768557,0.34097221,0.33644164,0.30517283,-0.21252254
-0.44197315,-0.22624311,0.23570716,0.29960728,0.2522616,0.3356321,0.39383152,-0.092054434
-0.35965484,-0.15239623,0.10913324,-0.7960149,0.17652889,0.22597536,0.12818384,-0.4685429
-0.4486551,-0.096576594,-0.6879225,0.33155,0.284559,0.15624815,0.46618384,-0.22929265
-0.022505583,-0.09248897,-0.103526354,-0.5769688,-0.2837078,-0.44744453,-0.05209924,0.065053046
-0.17583594,-0.07835749,0.53478575,0.6323209,-0.14954823,0.6306358,-0.30414286,-0.15472884
-0.060048003,-0.32031837,0.650475,-0.3716879,-0.3206634,0.49999025,0.7386695,0.041900817
-0.45162266,-0.118627414,-0.8767808,-0.31261402,0.41358906,0.26827338,0.38073987,-0.093415916
-0.35850623,-0.38000765,0.5153415,-0.41613358,-0.13847902,0.8394605,0.5555836,-0.045496047
0.05697925,0.22995622,-0.06728101,0.84711266,0.47045472,0.07544219,0.39379564,-0.3001577
-0.44972393,-0.1026987,0.36343944,0.027606845,-0.77908766,0.17010804,0.04929287,-0.073416464
-0.3895111,-0.23364004,0.45733547,-0.18633616,0.30805013,0.23993649,0.39212248,-0.15598905
-0.4001605,-0.124877684,-0.0566895,-0.8751086,0.11454487,-0.3888214,0.047727223,-0.117137626
-0.5067985,-0.09797679,0.28908324,0.16817296,-0.3453907,0.552447,0.51877403,0.09997701
-0.24416365,-0.19333355,0.07417643,0.9379215,0.14663544,-0.10499256,0.26578474,-0.098793425
-0.49442422,-0.21749994,-0.057656765,0.61119246,0.56252223,0.037093665,-0.5044034,0.41904435
-0.12925248,-0.19661334,0.5373678,0.52510154,-0.044277415,0.14220825,0.17883888,-0.18780461
-0.32288918,0.0139575945,-0.27707368,0.7087476,-0.44549158,0.7044476,0.48039645,0.16307966
-0.40534684,-0.2509273,-0.100737035,0.6176754,0.21172646,0.23921542,0.40995848,-0.038973127
-0.34200636,-0.25084928,-0.6775874,0.61322486,0.3645902,0.3465348,0.38829848,-0.26565012
-0.8015537,-0.04823905,0.7708616,0.13373995,-0.7946083,0.1799425,0.12798648,0.0020407953
-0.27107164,-0.14963183,-0.20820802,-0.7121593,0.19390103,0.06441921,0.30803475,-0.15504052
-0.42314523,0.027046043,-0.038065314,0.61472154,0.27465317,0.27312458,0.16358395,-0.30930123
-0.40450996,-0.10771361,-0.74699867,-0.02256453,-0.5178798,-0.6835251,0.29871702,0.32731473
-0.28651583,-0.04627141,-0.17810386,0.6152711,-0.73734814,-0.5178467,-0.5170268,-0.074547075
0.39461523,0.13665791,0.9106089,-0.16880733,-0.6064047,0.011175709,-0.86126906,-0.44808087
-0.44343165,-0.106231876,-0.17966235,0.6183038,-0.8568271,-0.65500975,0.28359756,0.4735248
-0.46594137,-0.06240039,0.51361656,0.6325495,-0.101646036,0.094972305,0.22613625,-0.113601476
-0.38500023,0.033638064,0.18900776,-0.6005533,0.08310566,0.18406469,0.33342156,-0.20496422
-0.27538395,-0.24409986,-0.7756109,0.60102904,0.2888986,0.34542775,0.48602816,-0.29854167
-0.0859063,-0.19271885,0.76598775,-0.45310313,-0.3534762,-0.58196396,0.19624288,-0.14882606
-0.47987476,-0.2200631,0.017617583,0.6735445,0.22504316,0.24890034,0.4237767,-0.10668758
-0.41164812,-0.06761258,-0.11266941,0.70616937,-0.13486204,-0.50319403,-0.0346459,-0.13855578
-0.5165901,-0.14631355,-0.20802957,-0.8723499,0.34213397,0.037615996,0.18479751,-0.16219854
-0.4952264,-0.117380835,0.3421116,0.558354,0.021261895,0.7473011,0.42972004,-0.08805986
-0.46760145,-0.21663086,0.6237457,-0.16714215,0.2351589,0.26782244,0.3525397,-0.13753182
-0.14019856,-0.130417,0.5463563,0.64734316,-0.32744658,0.49465573,0.57842624,0.07606369
-0.52063805,-0.035364646,0.68640304,-0.5483756,0.2660619,-0.42352355,0.08818554,-0.055637866
-0.39140752,-0.2830102,0.49242735,-0.70724654,-0.14773558,0.89672494,0.69294834,0.12944262
-0.23925415,-0.39459857,-0.5559987,0.36573255,0.1847755,0.14959319,0.26044375,-0.09857491
-0.3955951,-0.037896175,-0.56233394,0.80773807,0.51581156,0.18569846,0.3781526,0.29604256
-0.6616901,0.20165388,0.26413178,-0.5993744,0.33755687,0.08784875,0.41036367,0.08267573
-0.33196905,-0.070505686,-0.8127252,0.25452185,0.41132233,0.38524193,0.4464744,-0.25621936
-0.44212052,-0.3271253,0.25776994,0.47369885,-0.23226212,0.78544945,0.7342853,0.22896686
-0.3089308,-0.12120932,0.73333025,-0.2733119,0.4750564,0.3439029,0.45402345,-0.08432939
-0.45356572,0.044632602,-0.7476604,-0.5687901,-0.3104475,-0.094278455,-0.032810763,-0.40898752
-0.25409937,0.028305728,-0.8973154,-0.046457708,-0.2181322,0.57282764,0.52375406,0.26500577
-0.34429443,0.078061886,0.3630346,0.4373753,0.5531582,-0.028232437,0.020019896,-0.92435193
-0.2336385,-0.26012808,0.56906974,0.4823171,-0.091842555,0.10803241,0.0055101374,-0.44031414
-0.48246408,-0.19633994,-0.72061956,-0.4125042,0.22593203,0.24505122,0.39393106,-0.090811394
-0.18990225,-0.19045682,0.34164166,0.5968752,-0.17191218,0.5961135,0.39043075,-0.03603707
-0.29267803,-0.44267845,-0.6290716,-0.57475585,0.1757435,0.36128044,0.22214216,-0.35135219
-0.5513154,-0.16852573,-0.013192058,0.093575,-0.48899123,-0.7028418,0.19086327,0.42353293
-0.30254164,-0.20362927,0.3374349,-0.39802986,-0.38598397,-0.5318153,0.05066254,-0.15861857
-0.07071856,-0.29969954,0.44478393,-0.8059666,-0.18610157,0.6799046,0.694362,0.20786421
-0.3859255,0.11007085,0.2708583,-0.7980957,0.105903596,-0.044178434,0.27681658,-0.081883095
-0.48453227,-0.10610956,0.13056505,0.4647615,-0.065114796,0.82941425,0.5288448,-0.06993595
-0.40316948,-0.27028713,-0.19804996,0.18667996,-0.29327887,-0.57132477,-0.30155227,-0.24857013
-0.30463538,-0.08244384,0.121350884,0.6913161,0.20017047,-0.40084025,0.19790797,0.18404707
-0.36218715,-0.033336286,0.7277684,0.13847125,-0.1361739,-0.68171775,0.073969245,-0.049297433
-0.7319121,0.042685885,-0.1713615,-0.9295238,0.52917755,-0.035365254,0.28567702,-0.09434323
-0.38839072,-0.34636828,0.46445608,0.61524427,0.32671183,0.09612574,0.36554864,-0.14525485
-0.34334195,-0.16017835,-0.6852262,-0.5721172,0.021956012,0.1785276,0.33305144,-0.021333074
-0.64075065,0.13294171,0.086158276,-0.6187443,-0.1657976,0.82203674,0.3448521,0.079676844
-0.54768765,-0.19542414,0.3648392,0.6871275,0.31877282,0.3110538,0.3705321,-0.079548486
0.5901488,-0.46085426,-0.107512295,0.9338982,-0.22273758,0.12467843,0.08574754,-0.05060756
-0.32146952,-0.093594015,-0.058319032,0.48120844,0.27373296,0.29968962,0.1617551,-0.2086568
-0.45192245,-0.14081591,0.46677673,-0.20365697,0.27974224,0.17281553,0.31598255,-0.10963107
-0.4341503,-0.19144394,-0.31966555,-0.50643575,0.33932215,0.21025825,0.42431056,0.014419209
-0.1818566,-0.29436094,-0.7173554,0.22358656,0.32618383,0.4538735,0.49164975,-0.057125416
-0.5461674,-0.19948441,-0.8917896,0.4050393,0.35888395,-0.3578946,0.42006534,-0.17264351
-0.48095605,-0.21054524,0.3721199,-0.53088653,0.13566804,0.118857756,0.35076296,-0.07505823
-0.53264284,-0.30026704,0.72466266,0.3860799,0.32872903,0.20589396,0.46196702,-0.14311218
-0.3736484,-0.13878568,-0.35848475,-0.32846344,0.19918607,-0.4562329,0.18924434,-0.12579875
-0.42472935,-0.38485062,-0.8701831,-0.39225364,0.12844601,0.29733428,0.20066041,-0.23394687
-0.45383456,-0.054142494,-0.8575777,0.2940519,-0.35438272,-0.038496204,0.13338125,-0.15818332
-0.27820182,-0.25427857,-0.055373013,-0.42402375,0.4080316,0.5297971,0.5530549,-0.20842028
-0.27873403,-0.25423327,0.04531157,0.6722325,0.24548939,0.543867,0.57739866,-0.28656173
-0.6663078,0.17106922,0.629246,0.39724302,0.4234189,0.1552734,0.19342457,-0.19325005
-0.17246887,-0.18984649,0.7125585,-0.08499527,-0.14789324,0.621351,0.57302153,-0.0828488
-0.4791342,-0.2092444,-0.08913511,-0.30010277,0.22317067,0.23516214,0.42440066,-0.16363657
-0.42120835,-0.13350832,0.7166897,-0.43336004,-0.048192356,-0.41015002,0.025946174,-0.17301959
-0.5261428,0.12855066,0.7107357,0.12944269,-0.15479979,-0.49083465,0.03693255,-0.19782996
-0.2707927,-0.3419396,0.7135165,-0.19419998,0.26585662,0.4711959,0.4196173,-0.35023156
-0.5967633,-0.13765754,0.6737766,-0.3031928,0.21919312,-0.48234993,0.21644413,0.14724083
-0.18590002,-0.2691672,-0.5694252,0.3651384,0.40701142,0.07033287,0.30429998,0.15660779
-0.54101086,-0.0591772,0.21372628,-0.72247785,0.41875508,-0.24700278,0.30620453,0.05379888
-0.0972662,-0.26097855,0.29358757,0.29915535,0.3601069,-0.07194484,0.34891444,0.82154584
-0.38849092,-0.1836562,0.1407125,-0.29030192,0.15709592,0.14689101,0.27561456,-0.28445464
-0.3500403,-0.06530798,-0.27541184,-0.88004094,0.15506245,0.23096517,0.21661964,-0.2154476
-0.6131357,-0.33125916,0.16128635,0.23361337,0.1450038,-0.85636866,-0.15429403,-0.13554814
-0.38583636,-0.32459965,-0.002384603,0.59285283,0.211082,0.17271137,0.39774066,-0.06645955
-0.40363103,-0.1561951,0.70098615,-0.07480931,-0.7406956,0.33724347,0.5192366,-0.19905661
-0.38321388,-0.35614958,-0.91593087,0.16849208,0.24007787,0.14423855,0.3400199,-0.23830733
-0.5310045,-0.11901143,0.010632753,-0.56707716,0.18771076,0.40620703,0.23225807,-0.32961422
-0.22860998,-0.10194557,0.2930429,-0.48791903,-0.4242651,0.55004215,0.44178882,0.04534916
-0.4302753,-0.12883168,-0.7002039,-0.6367203,-0.19675776,-0.26603758,0.33983776,0.47736946
-0.32080764,-0.32173207,-0.34109765,-0.8907368,0.25744572,0.4271322,0.41490942,-0.15610994
0.0369126,-0.17481327,-0.50518507,0.82010007,0.019542215,-0.22079633,-0.12546131,0.04989821
-0.28165787,-0.33744657,-0.26566005,0.5896776,0.03205922,0.22849624,0.30850697,-0.108797915
-0.2633928,-0.13221622,-0.051792383,-0.8123095,-0.38391614,-0.15069948,0.08768199,0.058333483
-0.4670792,-0.28993312,-0.86693424,-0.28895426,0.20115522,0.20929995,0.3680057,-0.21411984
-0.5323136,-0.072575256,0.77755845,-0.5107306,-0.24350157,-0.66592234,0.104702815,-0.003933718
-0.34868458,0.26213324,0.43024862,0.15762043,0.12164468,-0.3762076,-0.10238951,-0.29826963
-0.17525753,0.018601004,0.26893473,0.59569323,-0.5424073,0.52989435,0.36829805,0.37192878
-0.15583536,0.16549025,0.5103308,-0.84569347,-0.3578865,0.6341654,-0.1852974,0.2617351
-0.5099474,-0.05662531,0.0849849,0.88092136,-0.66019124,0.29314116,0.53499126,-0.1479967
-0.23371154,-0.1787943,0.22785187,0.15067995,-0.38976312,-0.10944107,0.24443907,-0.19740716
-0.34271336,-0.13239382,-0.538378,0.84551466,0.31724116,-0.4070127,0.3916537,0.26986307
-0.24220893,-0.24645185,0.29938304,0.584257,0.16989352,0.3772576,0.16504468,-0.35786298
-0.17377946,-0.2174271,-0.90821475,0.2656077,0.30357876,0.37008622,0.2531016,-0.286978
-0.32191962,-0.17599261,0.44129384,-0.06649977,-0.1602624,0.71227705,0.6044078,0.086977005
-0.5700062,-0.25279284,-0.9180677,0.2813127,0.008178417,0.8072584,0.49314407,-0.10425268
-0.25306883,-0.21728824,0.56367517,-0.58593166,-0.0106902355,0.7530714,0.5654113,-0.08282938
-0.39301044,-0.33322,-0.72482926,-0.25291377,0.3706581,0.5713851,0.5116014,-0.24366467
0.038651627,-0.3268662,-0.76668406,-0.43747765,0.24027433,0.48301733,-0.07406118,-0.5452444
-0.24495569,-0.2032393,0.59877527,-0.12850237,0.29506528,0.5276875,0.47262916,-0.1993394
-0.4964556,-0.13332082,-0.4993046,-0.20183003,0.13224079,-0.5542208,0.18396221,-0.17067361
0.0019299816,0.31017777,0.96032274,-0.26290274,-0.833981,-0.2446805,-0.85448027,-0.51816
0.25376284,-0.105173215,-0.107238114,-0.024801493,0.14925382,-0.030394843,0.14611737,-0.096529506
-0.34115732,-0.26910734,0.1373018,0.6345395,-0.25143048,-0.07841125,0.23252033,-0.22379099
-0.17241879,-0.3143159,0.602978,0.4466611,0.30206543,0.5576504,0.38413474,-0.21365738
-0.2555975,-0.104407035,-0.12755233,0.75015926,0.32994467,0.2568275,0.26894403,-0.2965783
-0.34832707,-0.16462313,-0.66926205,-0.29105943,0.20832036,-0.26097903,0.2126944,-0.1472281
-0.17633411,-0.30775112,0.036791682,-0.0373556,0.32894307,0.35616383,0.45140955,-0.28037593
-0.396388,-0.23097448,-0.118947506,0.24089718,-0.23047523,-0.10510687,0.14355145,-0.21485287
0.029313458,-0.45871365,0.8233926,-0.14305723,-0.066667326,0.6477078,0.6828499,0.06269286
-0.11386897,0.06083471,0.6579534,-0.088855505,-0.122276485,0.15831839,0.10567065,-0.36395854
-0.34030035,0.11130928,0.7332063,0.1866709,-0.43064132,-0.7902745,-0.20000067,-0.030003456
-0.27728865,-0.29246157,-0.71075934,-0.6494632,0.07559573,0.32628736,0.22849989,0.086345784
-0.4328866,0.025073234,-0.088846266,0.32127655,-0.5828552,0.040234897,-0.7775347,0.07256368
-0.22792757,-0.34050077,-0.35110444,-0.21742988,0.006061187,0.8353646,0.7437102,0.26655182
-0.3461403,-0.10675821,-0.6083359,-0.011562526,-0.2998168,0.75546736,0.6806017,0.1347864
-0.58760834,-0.23077428,0.70823777,0.24161923,-0.26279467,-0.74829054,-0.19459839,-0.0011997173
0.2513544,-0.19444329,0.2727543,-0.79494756,-0.7286948,0.29110348,0.1646177,-0.2519656
-0.2426703,-0.3449829,0.077237606,0.64964783,0.11482547,0.26463997,0.43512198,0.024417358
-0.25896055,-0.25502706,0.36305654,0.48415458,-0.7534138,0.16765589,-0.12945503,-0.17366084
-0.5142499,-0.06698218,-0.6908219,-0.257119,0.48689067,0.29611388,0.3664726,-0.27405855
-0.4546941,-0.24931802,0.72886467,-0.026375473,0.2958011,-0.17071989,0.1416903,-0.19645758
-0.30958948,-0.16938779,-0.41434926,0.36712468,0.2638582,0.5611029,0.40415174,-0.31498134
-0.30920985,-0.15305164,-0.8302437,0.3059361,-0.086845465,0.889874,0.45213807,0.037079923
-0.58588076,-0.0366789,-0.5156104,0.518453,0.47883275,0.2572713,0.4373559,-0.20861208
-0.097666696,-0.19045728,-0.12823522,-0.40571278,-0.002259449,0.72227186,0.63041985,-0.73565495
-0.45110092,-0.051864896,0.39557433,-0.8211595,-0.31999677,0.70604926,0.6551067,0.28809765
-0.40739328,-0.16003972,0.6637268,0.0037543774,0.15483136,0.20322482,0.11553612,-0.27244678
-0.45021883,0.0481184,0.28971863,0.23487413,0.08530166,-0.45825407,0.075169146,-0.106767185
-0.3815155,-0.07201204,0.24332511,-0.50318575,0.5399289,-0.33552945,-0.1579822,0.30784157
-0.043749142,-0.44086158,0.3423066,-0.61313325,0.3089457,0.5093351,0.46351272,-0.24065049
-0.32369423,-0.17779572,0.6086544,-0.15354967,0.065187424,0.13154699,0.1867289,-0.33852658
-0.34971318,-0.07012434,-0.042832315,-0.15540779,0.05459047,-0.25945747,0.016816039,-0.16633497
-0.2770496,0.014550437,0.8067715,-0.13069981,0.38631633,0.08939299,0.5156479,-0.20365465
-0.38185588,-0.25371715,0.76217246,-0.20790088,0.23927252,0.2710293,0.21702567,-0.20630816
-0.25459445,-0.22008777,0.27033782,0.5187385,0.2681897,0.4263121,0.3318185,-0.22592494
-0.21558867,0.13373713,-0.8189333,-0.2692691,0.12015391,-0.3451411,0.05808381,-0.071079
-0.31641248,-0.18829079,-0.34357482,-0.3098771,-0.034030855,-0.4437022,0.06981305,0.05893375
-0.61843413,-0.35456714,0.09245777,0.49514103,0.45286754,0.42263132,0.44979012,-0.20447278
-0.45036513,-0.16750838,0.7334993,-0.1922301,0.23535086,0.3617178,0.15637058,-0.31300473
-0.28524506,-0.06202736,0.5077754,-0.6030106,-0.25927386,0.69367456,0.5293693,0.084238105
-0.37951496,0.0070097493,0.3906951,-0.7429994,0.042220272,-0.5111637,0.14515503,0.031634267
-0.1221904,-0.3030916,0.20459616,0.28734565,-0.5704157,0.45172912,0.6517344,0.19530606
-0.4186021,0.12596135,-0.7753942,0.40150464,0.45957384,-0.41560236,0.120630965,-0.20931284
-0.5217934,-0.1339837,-0.15528154,-0.73380125,0.3453714,-0.550501,0.03565367,-0.06432398
-0.6277535,0.1655847,0.13320696,0.20473099,0.40855592,-0.5373586,0.15454431,0.05532099
-0.40430492,-0.1758498,-0.0049767494,0.58289075,0.23518334,0.16211374,0.21147047,-0.09527635
-0.26496193,0.2680741,0.48352265,-0.82651174,-0.57930976,0.48910624,0.6021706,0.22006814
-0.4602176,-0.32911488,-0.08417821,0.01329124,-0.2662236,0.7402022,0.6210027,0.117569804
-0.42623225,-0.28504306,0.59056354,0.23242688,-0.08966055,0.8222761,0.3912068,-0.06247545
-0.3819217,-0.15451407,-0.015129685,-0.30707365,-0.016825242,-0.42122966,-0.09781718,-0.031552516
-0.2504211,-0.033670615,0.77464736,-0.50032663,-0.57392794,-0.5219671,-0.59166545,-0.09930052
-0.37284496,-0.14306672,0.26569366,0.3410765,-0.63168055,-0.6988718,-0.44540325,0.022726728
-0.4646604,-0.1892879,0.5988643,0.6327059,0.4444545,0.13468865,0.33926207,-0.13061772
-0.42086187,-0.107504226,0.45729542,0.42228615,-0.09040403,0.8293675,0.36911136,-0.06128487
-0.38362843,-0.27783373,-0.8815346,-0.13583052,0.2737019,0.29939592,0.3265911,-0.043451395
-0.5118926,-0.24204275,0.19408727,-0.46876615,-0.31253424,0.8485486,0.50739187,0.06996754
0.001559807,-0.39467347,0.16521037,0.22765684,-0.21690917,0.7164425,0.5254785,-0.060830515
-0.051459316,-0.32715246,0.41058552,0.7139542,-0.053213518,0.70497656,0.68981063,0.08249149
-0.31402633,-0.38319355,0.27219534,0.50063336,-0.18464905,0.72465456,0.5653412,0.09370393
-0.5362358,0.14982708,-0.15533417,0.335402,0.085605636,-0.4655633,-0.096704595,-0.336174
-0.34477642,-0.050386105,0.09405422,0.9129993,-0.011611486,-0.21348782,0.19664866,-0.21593684
-0.34343725,-0.12413311,-0.22598249,0.43688655,0.45274892,0.24167557,0.3507747,-0.14406836
-0.27741688,-0.12060628,0.13828254,0.83076644,0.29156512,0.6703793,0.36269394,-0.011938496
-0.34867176,-0.204947,-0.4276337,0.21232319,-0.3095317,-0.1216369,0.21975392,0.00569823
-0.43559927,-0.14556006,-0.78400475,-0.29983002,0.26453748,0.30736458,0.4066537,-0.025413606
-0.35164127,-0.20655023,0.67536044,-0.3183943,0.37449643,0.30222964,0.43158534,-0.19629478
-0.45512354,-0.22061722,-0.40005428,-0.81582433,-0.06639163,0.73414385,0.61809134,0.052577127
-0.40629742,-0.22770245,-0.33573973,-0.8673605,0.26240945,0.20990518,0.4172868,-0.07520541
-0.24384603,-0.09106394,-0.45239472,-0.21910763,0.11223274,0.17528799,0.18532434,0.24666092
0.05425952,-0.35654008,0.45608997,0.7622442,-0.70766395,0.097344145,-0.21280737,-0.31454185
-0.16792884,-0.2698064,0.68480325,-0.0984897,-0.014029008,0.25233984,-0.080658615,-0.4397263
-0.28636387,-0.30098915,-0.51611423,0.23394263,-0.007994071,0.7763618,0.49728101,-0.07176846
-0.39397407,-0.27971086,0.70215607,-0.061473846,0.2457054,0.34550893,0.16954456,-0.42713055
-0.38121387,-0.07058877,0.21782899,-0.7078012,0.36534965,-0.016683402,0.6972958,-0.35834137
-0.0041090865,-0.2505393,0.29520845,0.29154098,0.405142,-0.106142595,0.3520886,0.793395
-0.4720157,0.086458765,-0.5653937,0.7107656,0.39145985,-0.43987995,0.30668798,-0.005577903
-0.5292333,0.043379504,-0.7507899,-0.56919205,-0.34470695,-0.68481874,-0.011194839,-0.17326379
-0.48385218,0.03665549,0.6544144,0.1446886,-0.29213607,-0.71744084,-0.0094905235,-0.10292595
-0.46591556,0.6711643,0.48426878,0.4105513,0.36786667,-0.27835584,0.3983175,-0.011994721
0.03309242,0.047423217,-0.02420193,-0.19991064,-0.1649621,-0.282583,-0.29863092,-0.41763133
-0.16363057,-0.35367107,-0.30859786,-0.021333814,0.48737562,0.54879194,0.44959807,-0.3378043
-0.7067595,-0.1065755,0.15214193,-0.20115983,0.3807847,0.25102043,0.2733677,-0.3212898
0.04615126,-0.09534746,0.60550535,0.1183753,-0.52503943,-0.15427311,-0.08492838,-0.2490854
-0.1098395,-0.113681786,0.5260544,0.26743543,0.23769434,-0.20236272,0.22600208,-0.009967855
-0.49178326,-0.121901475,-0.1545527,0.6493697,-0.62667024,-0.5732979,0.30903563,0.38229063
-0.3144629,-0.21632698,0.017520428,0.75156796,0.16984098,0.26543272,0.24847403,-0.1883688
-0.4989313,-0.20361833,-0.83027303,0.10250437,0.45419326,-0.30913684,0.12721652,-0.23175275
0.24827094,-0.44700626,-0.30127096,0.8735652,0.17450418,0.7972853,0.22004063,-0.48680502
-0.36024594,-0.089071214,0.6761149,-0.17978835,0.1128302,0.14635092,0.075354256,-0.04562172
-0.4123269,-0.3048188,0.28703833,-0.45748353,-0.29515862,0.42249426,0.51270264,-0.19995295
-0.15547475,-0.15336184,0.7218685,-0.6584129,-0.17252678,-0.33778504,0.13030192,-0.12897849
-0.37152943,-0.33175975,0.020017385,-0.7806314,-0.30170405,-0.16443504,-0.52977926,-0.048601978
-0.19549198,-0.26565403,-0.30578858,0.5660883,0.19327171,0.15097257,0.43029332,0.0840667
-0.3885556,-0.30673358,-0.88156444,0.4133252,-0.6882374,-0.41287684,0.15420395,0.03819729
-0.3700802,-0.12891218,-0.029671729,0.19508457,0.4858782,-0.4066334,0.14101134,-0.06409593
-0.24476899,-0.34177276,0.415398,-0.62715507,0.18636177,0.3137359,0.33942214,-0.2152102
-0.41845867,-0.11515943,0.45634162,-0.24718505,0.2231047,-0.35263807,-0.07305812,0.4798481
-0.5612761,-0.18534254,0.7871721,-0.5032582,-0.3132057,-0.62993777,-0.13397124,0.014019559
-0.35130978,-0.2658276,-0.37991315,0.7829044,0.13804528,0.18600386,0.34381834,-0.1502821
-0.42759013,-0.18874729,-0.6268288,-0.5295828,0.09420367,0.7908935,0.47947466,-0.1339528
-0.31462514,0.017852414,0.002052188,-0.7842494,0.3455684,0.012745192,0.4530703,-0.37396502
-0.35484892,-0.30759773,0.7139406,0.44213855,-0.09003841,0.6815809,0.6945402,0.062632956
-0.42013228,-0.13705514,-0.065882444,-0.30303943,-0.05552572,-0.6575311,-0.08149406,-0.2100509
-0.4624457,-0.15776898,0.22320402,0.89469874,0.46067315,0.3382655,0.41087344,-0.25564632
-0.32934302,-0.11020679,-0.044183612,0.75930476,0.33230326,0.24629515,0.44794002,-0.27320117
-0.6788403,-0.2607299,-0.5271595,-0.65325403,0.31040797,0.057286058,0.14205107,-0.3473847
-0.27146348,-0.13586755,-0.2247721,0.43520713,0.67213356,0.19796263,0.34877875,-0.23070551
-0.29428118,-0.18432961,0.30706167,0.81160617,-0.3971271,-0.3245541,0.20191626,-0.08822123
-0.5201615,-0.16189511,-0.8005968,0.21581149,0.5660307,-0.017025838,0.30229288,-0.25480792
-0.10739282,-0.24295758,0.29989016,0.6529703,-0.51171213,0.46822974,0.49898818,0.027574243
-0.19699734,-0.07577657,0.13955116,0.61810493,0.37016547,0.23778227,0.4394198,-0.25339434
-0.4757787,-0.19512454,0.12114835,0.6167079,0.49047425,-0.39866462,0.17526352,-0.065103725
-0.51909244,-0.1654765,0.096411586,-0.72006756,0.52782375,-0.4285475,0.17061757,-0.027065774
-0.32692692,-0.34642696,0.49564707,-0.7790717,-0.20604858,0.74129033,0.5417873,0.1746496
0.042459767,-0.17644218,-0.17000473,0.38965547,0.008088154,0.24705805,0.11071714,-0.49832487
-0.4692124,-0.20009798,0.024784565,-0.750857,0.114967935,0.2604059,0.13326369,-0.3300744
-0.2943477,-0.3983366,0.55329525,0.70013833,0.04699125,0.31947398,0.3970901,-0.2414315
-0.6927366,-0.20555931,0.6448817,-0.49258852,0.2699969,-0.3574225,-0.8598275,-0.10990606
-0.2834823,-0.4352582,-0.68883026,0.16247511,0.52474636,0.14448717,0.33738902,-0.35959387
-0.43428606,0.01973309,-0.17231667,-0.5302733,-0.014667354,-0.22426659,0.36421594,0.08625996
-0.37088335,-0.27037385,-0.34055495,-0.12505841,0.45863882,-0.12924983,0.2897601,-0.12106434
-0.35849744,-0.14467946,0.21922898,0.7025174,0.10533168,-0.40578726,0.17967859,0.007307535
-0.16148365,-0.080633305,0.5320772,0.116773725,-0.16007133,0.200681,0.2532942,-0.30459356
-0.5319554,-0.19234231,0.46544766,0.7335087,0.42250192,0.27168292,0.36906955,-0.18023047
-0.352378,-0.040029686,-0.52255845,0.4140823,-0.02713912,0.047627635,0.15121517,-0.21209168
-0.19952281,-0.34207126,0.6064162,0.4486692,-0.106673345,0.72456396,0.77658045,0.10621291
-0.4810562,0.027999658,0.3871721,-0.5167469,0.9557604,-0.053290367,0.1752768,0.49475417
-0.47760025,-0.079038136,-0.00934732,-0.8459869,-0.0004365075,-0.41702053,0.14023018,-0.030389989
-0.5417238,-0.1520847,0.11572647,0.44458377,-0.071973056,0.7909675,0.6446634,0.07251185
-0.44922763,-0.34943143,-0.63313246,-0.41404557,0.48018613,0.32264614,0.20606531,-0.11876113
-0.13852368,-0.2355657,0.27729392,0.42303002,-0.0560718,0.7620805,0.64894885,0.13853548
-0.36983693,0.07857873,0.33959448,-0.6182556,-0.04940814,0.75564665,0.50091285,0.01623378
-0.49164897,-0.2410933,0.79536617,0.5435133,-0.84208655,0.24915875,0.35814342,-0.099057175
-0.46855688,-0.09347857,-0.388924,0.38064396,-0.8017347,0.3609459,0.27524275,-0.26474667
-0.3733249,0.0478264,-0.13819432,-0.6731927,0.057304677,-0.42840195,-0.0102655105,-0.06394877
-0.24455638,-0.1870646,0.4038763,-0.78980285,-0.14859359,0.7344,0.3779413,-0.033771265
-0.33086845,-0.05059604,-0.20279557,0.61748326,-0.75354004,-0.72124696,0.33257893,0.5492015
-0.22961597,0.031762455,-0.43920463,0.7132968,-0.12818076,0.68348193,0.48582828,-0.0922141
-0.26050505,0.038879443,0.7851969,-0.16164666,-0.11221594,-0.050105404,0.31478113,-0.22979204
-0.2041575,-0.250441,0.33134437,0.17638373,-0.21374026,0.71047175,0.49297312,0.11261871
-0.18077932,-0.38905644,0.45862508,-0.53986233,-0.10611834,0.6728233,0.474727,-0.05669615
-0.4088839,-0.069736354,0.6868466,0.086312056,-0.001012831,-0.42744124,-0.120485194,-0.088608876
-0.38735697,-0.34874344,0.5076914,-0.72644484,0.2668539,0.3236402,0.3210932,-0.09244452
-0.093383774,-0.05232474,0.31531072,0.6274742,-0.07945468,0.81856924,0.8256073,-0.24994516
-0.099585,-0.40737885,-0.8686182,-0.11481696,0.3635388,0.64949983,0.5330753,-0.19632562
-0.14852947,0.03175566,0.6010541,-0.77534604,-0.43214005,0.5967774,0.3929694,0.33646995
-0.44218302,-0.4078201,-0.22689795,-0.18503058,0.5231348,0.29484522,0.36777988,-0.1474442
-0.2713599,-0.07696801,0.56799185,0.40831208,0.110444486,0.1968105,0.3661752,-0.16058508
-0.3447169,-0.30124727,0.6426542,-0.34798992,0.10849487,0.26944354,0.354087,-0.21954444
-0.30964652,-0.12775747,0.14853418,0.7337854,-0.1763118,-0.66441154,0.13274607,0.01878817
-0.084473684,-0.29189035,0.8101233,-0.19446445,-0.2555769,0.6895587,0.3047034,-0.053380642
-0.3652563,-0.026221495,0.10719907,0.75789106,0.36014616,0.44017297,0.4057461,-0.23257786
-0.49475533,-0.08920049,0.68718517,0.15142298,-0.86817044,0.14112622,0.08836159,-0.026436789
-0.43779674,-0.12547816,0.2596103,0.80635023,0.2664424,-0.3358763,0.06793321,-0.0005515824
-0.3346626,-0.10963995,-0.20059961,-0.06130147,0.2611198,0.3673697,0.45836616,-0.2930755
-0.4103649,-0.2059432,-0.07924616,0.58282435,0.18071592,0.2904816,0.34294948,-0.11498973
-0.27964133,-0.09989257,-0.0082633495,0.4379753,-0.09361322,-0.6316799,-0.18599178,-0.5042171
-0.20920818,0.104054,0.25981188,0.15567887,-0.09933852,-0.48882774,0.33025762,0.01767204
-0.23778486,0.126619,0.5359329,-0.4073841,-0.0637647,-0.4395827,0.108729064,0.02986183
-0.5675926,0.013050725,0.21310472,0.8906498,0.38368118,0.27354574,0.34283924,-0.21842797
-0.3417071,-0.22493948,0.5686536,-0.5069324,0.20287739,0.11012588,0.32028514,-0.20469566
-0.30502033,0.082204126,0.010340214,0.66688097,0.22118178,0.17409828,0.2850535,-0.08306443
-0.48663583,0.033217374,0.015061736,-0.87434113,-0.81649107,0.11846953,0.15969384,0.032747537
-0.63380665,-0.1966448,0.3892814,0.50505364,0.6288082,-0.37460056,0.22528203,-0.031581424
-0.2957234,-0.15932907,0.21769083,-0.9376608,-0.1802887,0.73195785,0.56299067,0.058524396
-0.3177899,-0.06420752,-0.11247033,0.6994213,0.36311403,0.3956901,0.5720313,-0.14444123
0.058611702,-0.18144962,0.64222646,0.7376194,-0.13664684,0.14026417,0.11929789,-0.20648931
-0.19319026,-0.2201049,-0.9307247,0.2640698,-0.13516518,0.69803834,0.62727964,0.034781996
-0.5518094,-0.22353129,-0.59309435,-0.11113137,0.23189083,0.4296803,0.2026838,-0.4467632
-0.3672759,-0.20461036,-0.80661607,0.27442324,0.31355444,0.19062375,0.44356212,-0.015483506
-0.42253527,-0.118505895,0.6735456,0.097117424,-0.20899947,-0.70279515,-0.6581799,-0.02901608
-0.33033666,-0.40228447,-0.48384345,-0.23608518,-0.13947059,0.012720996,0.09487808,-0.24123259
-0.26847762,-0.40668595,-0.80826867,0.38211155,-0.2521699,-0.50885445,-0.50595796,-0.08925452
-0.41397315,-0.21148868,-0.43428886,-0.23832548,-0.081339456,0.016678605,0.34540924,-0.15354629
-0.26876223,-0.2716234,-0.15917426,-0.79812384,-0.0675868,0.79688597,0.5133076,-0.20800368
-0.353269,0.096632905,-0.388187,0.7641133,0.20001876,0.16153778,0.4379138,-0.08255817
-0.51672393,-0.10399987,-0.84355986,0.44708014,0.24493283,0.22036473,0.42991543,-0.15483104
-0.37747705,-0.22747076,0.31402814,0.50338495,-0.17421867,0.6960257,0.6481762,0.117693014
-0.47859234,-0.0733186,-0.33671534,0.844725,0.013079003,-0.49606392,0.07005698,0.024135286
-0.743456,0.63082963,-0.26331794,0.1953001,0.56784433,0.27380767,0.7842066,-0.14322048
-0.31618005,-0.035684515,0.28591502,-0.08339375,-0.21394318,0.66129935,0.26024115,-0.15470864
-0.3461415,-0.12836921,0.20594347,0.08777666,0.21944028,0.2656318,0.18336889,-0.36572137
-0.34949565,-0.07727764,0.37447965,-0.041219354,-0.31024826,-0.57655585,-0.009856615,-0.20630755
-0.6693924,-0.23537949,-0.21029115,-0.3349927,0.30271187,-0.4544823,0.05694669,-0.122857474
-0.3965676,-0.2672871,-0.16823125,0.8267863,0.28886518,0.25653878,0.16661426,-0.3682181
-0.23814122,-0.32382247,0.27033782,0.5187385,0.29006433,0.41507834,0.33658066,-0.21704201
-0.3477269,-0.12221066,-0.33454394,-0.07881272,-0.023528654,-0.019052567,0.19207259,-0.10289991
-0.29798996,-0.3361625,-0.69234955,-0.11418688,0.050879806,0.20203851,0.35608348,-0.116578154
-0.4287988,-0.015413444,0.5530945,0.59580636,0.34241238,0.26309228,0.31628898,-0.21972756
-0.17304626,-0.23386903,0.33030236,0.5968418,-0.15391792,0.6814484,0.55946547,-0.027765727
-0.43623108,-0.35973305,-0.8369089,-0.21133906,0.09704169,0.26817736,0.3841003,-0.3016504
-0.032436077,-0.18282811,0.000977397,-0.7028898,0.15794529,0.42132342,0.48391455,-0.25764513
-0.47780895,-0.059400413,-0.15177423,-0.95394105,-0.15846476,0.037175674,0.36067712,-0.08530913
-0.2900833,-0.010394017,0.18578017,-0.051546395,0.17025563,-0.3361987,0.3271024,-0.07104412
-0.465409,0.27638516,0.30162895,0.33270133,0.4017048,0.1994953,0.23950781,-0.26221448
-0.5434486,-0.15773134,0.4114833,0.028593779,0.44838578,0.2629167,0.43302396,-0.30713105
-0.38434672,-0.0440999,0.2121929,0.6815785,0.3038471,0.182457,0.36823758,-0.08930984
-0.3349597,-0.05727077,0.3942492,0.5221418,0.35512847,-0.11585382,0.31856674,-0.23662692
-0.27192453,-0.072686575,0.73538256,0.06632602,0.42936856,-0.34575716,0.3973936,-0.24612297
-0.6168238,-0.14769834,-0.9370739,0.12502408,0.6320008,-0.07068739,0.18884459,-0.094001986
-0.34967032,-0.22855026,0.7731706,-0.22143078,0.19218418,0.1250404,0.5788847,-0.22980961
-0.42829126,-0.23971209,0.26547408,0.5939143,-0.041942466,0.8194252,0.61299455,0.10077351
-0.4536612,0.23071729,0.86351204,0.29228818,0.15837365,-0.5276862,0.26432726,0.018347697
-0.4816441,0.010096033,0.8067715,-0.13069981,0.42173612,0.08835198,0.494713,-0.1879777
-0.31717646,-0.32910666,0.5934323,-0.47245866,-0.044063605,0.83760047,0.48644975,-0.013914423
-0.25748503,-0.402695,-0.5694666,0.38117743,0.08508663,0.29906276,0.4044847,-0.25127608
-0.15553609,-0.08811427,-0.043625414,0.611192,-0.6713207,0.18195818,0.45181915,-0.103596434
-0.19063346,-0.22391526,-0.74944985,-0.24147153,-0.025001988,0.72281265,0.4313398,-0.49890992
-0.47039768,-0.23129895,0.72862184,-0.60668284,-0.17013519,0.009986253,0.1994357,-0.20147237
-0.29072714,-0.14214489,0.754153,-0.24716288,0.20058738,-0.2260793,-0.4938261,-0.3346343
-0.23571485,-0.07346682,-0.08336556,-0.80990136,-0.04763825,-0.43238157,0.2604617,0.084033564
-0.5803901,-0.09085059,-0.7302636,0.28240943,0.3536633,0.26126975,0.3681886,-0.29595903
-0.43642434,-0.40720603,0.11157167,-0.65202427,0.23402216,0.06480709,0.055806372,-0.22657666
-0.3872901,0.023000617,0.082044125,-0.13028711,0.21115449,0.337871,0.21915506,-0.10904383
-0.34865418,0.015755061,-0.8316596,0.16681767,0.42964438,-0.18718472,0.21566416,-0.12705247
-0.34447923,-0.1058005,-0.37727094,0.6120628,-0.2839551,0.79285485,0.5552197,0.3263615
-0.44984898,0.16182674,-0.31154633,0.007918239,0.44023678,0.06616962,0.40527093,-0.19102469
-0.22329742,-0.016074028,0.7500385,-0.3880543,-0.20277052,0.64774585,0.31839174,0.08952886
-0.26343268,-0.10642708,-0.29379225,0.43359172,0.079478055,0.25597394,0.2838468,-0.27542236
-0.5600633,-0.18415102,-0.038951874,-0.6851995,0.49612352,-0.4656696,-0.045468047,-0.19051662
-0.11830588,-0.29719067,0.7836981,0.27950644,-0.38436675,-0.5053167,-0.20999528,-0.12352601
-0.1995302,-0.04825982,0.10665524,-0.030125082,-0.635574,0.37963924,0.5306783,-0.02957206
-0.05895639,-0.07906957,-0.6975527,0.00698328,0.1843474,0.38161495,0.3750426,-0.3458142
-0.52999663,-0.07377755,0.72958124,-0.030633926,0.1453263,-0.5118868,0.037121125,-0.09022879
-0.33387223,0.0069807963,0.5994803,0.11911893,0.2435604,0.21926789,0.17030321,-0.25538617
-0.50290555,-0.117102325,0.39701092,-0.07608336,0.44082868,-0.33887392,0.19513255,-0.14936158
-0.36414856,0.04352178,-0.49769068,0.5062753,0.22340906,-0.16963753,0.2539138,-0.22861597
-0.54620963,-0.14814621,-0.25378817,-0.7509097,0.4614062,0.18606736,0.3325231,-0.13849454
-0.52013946,-0.15992875,-0.13854152,-0.9440693,-0.07409071,0.76649714,0.62470764,0.034161203
-0.25031316,-0.068490095,0.014236569,-0.78073984,-0.40193516,-0.47090942,0.08796309,-0.1314103
-0.16858837,-0.12632942,0.61587465,0.6446532,0.01161844,0.2500239,0.45507565,0.0155203715
-0.1084436,-0.12289612,0.38519418,0.7664447,-0.6772821,-0.2930365,0.2552179,0.24759775
-0.18595019,-0.16266221,0.1679933,0.501336,-0.17937742,0.7278029,0.58360964,0.05073103
-0.31624988,-0.028042141,-0.025799155,-0.75444883,0.07428507,0.13317744,0.1150129,-0.3045066
-0.32467508,0.18342368,0.21150911,0.278116,-0.18375535,0.8010938,0.2316388,-0.14696297
-0.043882895,-0.17780703,-0.7659061,-0.49794006,0.16296963,0.20670713,0.18483345,-0.30497023
-0.15627322,-0.24465851,-0.36753196,-0.7495092,-0.026139881,0.8227991,0.624713,-0.11161237
-0.51497144,0.0126305865,-0.04801649,0.44112682,0.614789,-0.18356422,0.2580045,-0.1414796
-0.31107032,-0.10741965,-0.37921566,0.39736795,-0.5953475,-0.669817,-0.023323841,-0.032736972
-0.33993047,-0.027983565,-0.059251904,0.3762778,-0.6340893,0.11521963,-0.81686693,0.09069601
-0.34916607,-0.28800666,0.16610599,0.94633913,0.22745493,0.25292408,0.37606263,-0.267059
-0.23843469,-0.19536869,0.6526449,-0.16982228,-0.32676405,0.52311075,0.33847985,-0.094750695
-0.2572299,-0.25655472,-0.6911576,0.33007658,0.25902873,0.18855081,0.40505472,-0.23784792
-0.5051134,-0.25604102,-0.40714288,0.07269406,0.50146616,-0.24459721,-0.36256373,0.17954537
-0.24976927,-0.055603575,0.18747437,0.43917346,-0.5719936,0.40365452,0.42121556,0.11973355
-0.35026965,0.038505215,-0.4998191,0.19422495,0.18180792,-0.4472322,0.052763354,-0.11481125
-0.5689809,0.019220192,-0.2059294,0.6746005,-0.29877588,-0.14986093,0.1761554,-0.13320705
-0.36807168,-0.19195233,0.7832993,0.11736572,0.36540073,0.049486615,0.2498298,-0.105708815
-0.6168935,-0.17893347,0.5907682,-0.045482695,0.31675583,0.20854352,0.2416497,-0.1364461
-0.34004256,-0.21341017,0.6819222,-0.30048972,0.24859439,0.3851896,0.6276693,-0.022536056
-0.3441307,-0.1252138,-0.33978206,-0.13723564,0.6497829,0.25833422,0.43149146,-0.2474505
-0.41161534,-0.09920953,-0.383745,0.78008974,-0.747107,0.32234883,0.41067913,-0.17251743
-0.4298225,-0.38245732,0.17202556,0.40286005,0.29539993,0.13135651,0.27345634,-0.15128231
-0.26630604,-0.4092173,-0.29926747,0.017133236,-0.7824771,0.32458255,-0.25576067,-0.11471576
-0.20437877,-0.10973515,-0.36293948,0.7579527,0.319618,0.49273133,0.31479576,-0.2798085
-0.4949854,-0.085560836,0.044383764,0.67396474,0.38776317,0.19216287,0.3119192,-0.35419396
-0.03188682,-0.13067271,-0.09791523,0.5915798,-0.34107074,0.39328468,0.45109117,0.08176399
-0.25395533,0.0067801224,-0.90787745,0.38309145,-0.46179628,0.6730988,0.5860714,0.23449817
-0.6422194,-0.32174674,0.066824436,0.21725988,0.3707588,-0.62046903,0.12794603,0.3826526
1.2721378,0.27404138,-0.48744553,-0.73073745,0.60042435,0.5407406,-0.17058702,0.74090433
0.09594454,-0.32437155,0.43675268,-0.8684473,-0.17926656,0.72265035,0.6623776,0.2887516
-0.33810836,-0.11737663,-0.69210154,-0.4360798,-0.03928156,0.7729129,0.47626525,-0.104312696
-0.26987404,-0.14241403,0.41524208,0.65595996,-0.14309399,0.6495644,0.66005087,0.027543072
-0.34338018,-0.11310873,-0.1614778,0.20528436,-0.050156534,-0.37163287,-0.033225033,-0.15184312
-0.40442526,0.01407734,-0.13690555,0.36515796,-0.6534703,0.37088168,0.29563114,-0.05088098
-0.43689746,-0.13897929,-0.18189764,0.6000768,0.046435367,-0.5858655,0.07196878,-0.033568766
-0.27086318,0.027607415,-0.8482946,0.07987857,0.4538473,0.03757778,0.2032781,0.012708212
-0.45221162,-0.29088616,0.32497084,0.5250441,-0.07625637,0.7700971,0.6253049,0.05708755
-0.52683824,-0.28108883,0.21946132,0.50485575,0.29286787,0.21039619,0.34677696,-0.026412586
-0.7159122,-0.06152909,-0.8151678,-0.2553528,0.38614985,0.2993088,0.39082167,-0.028027581
-0.040647108,-0.13328162,0.45111716,-0.8260957,-0.49630886,0.64906347,0.44621032,0.24525513
-0.41099465,-0.37791097,0.84379685,0.44428968,0.35041887,0.2736732,0.30057955,-0.16922733
-0.41775122,-0.2705044,0.018890142,0.6720338,0.30085853,0.23141076,0.3378897,-0.059508037
-0.10146423,-0.3696003,-0.04568988,0.42584598,0.109803975,0.40119714,0.28675553,-0.18779323
-0.10803059,-0.39338577,0.8139131,-0.27715582,0.14568675,0.40038636,0.58615845,-0.27432984
-0.35405472,-0.18137866,-0.6063339,0.11555052,-0.085930794,-0.36891344,-0.15485957,-0.06275133
-0.22119816,-0.3683945,0.8867279,0.042513132,0.35114694,0.5120673,0.40740716,-0.1928274
-0.4664984,-0.21833414,0.23156857,0.6684936,0.19780388,0.18230456,0.3458902,-0.07440253
-0.34413797,-0.074997865,0.22246861,0.6902646,0.22849295,0.20670857,0.40832722,-0.09750229
-0.17420319,-0.2009917,0.59919417,0.22936976,0.14464566,0.48576486,0.45237258,-0.16297907
-0.27070734,-0.42683223,-0.064555764,0.62339973,0.22660871,0.28445774,0.38117987,-0.18569545
-0.05179115,-0.20231318,-0.5820183,0.2320844,-0.0961542,0.763635,0.6016659,0.08723089
-0.26000986,-0.41296867,-0.36460125,-0.7353092,0.0061979904,0.76471263,0.51987267,-0.1871628
-0.21834104,-0.1277503,-0.7600996,0.08600831,0.37252584,0.44001684,0.4288031,-0.30615664
-0.27022076,-0.29801443,0.9125142,0.26963067,0.100941256,0.069658995,0.38581914,0.117078304
-0.37801322,-0.31820616,-0.8213883,-0.3074987,-0.4675369,0.24658789,0.41499665,0.0032834283
-0.25948012,-0.2785956,0.9392986,0.35546982,0.20779696,0.21696222,0.19978173,-0.2059132
-0.35888723,0.04468024,0.9558964,0.2674179,0.1454527,0.15111431,0.2865546,-0.20832667
-0.3425678,-0.34024885,0.32216978,0.57425463,-0.8486494,0.36988136,0.37886402,-0.22216621
-0.015806722,-0.07876236,0.67581785,-0.18420416,-0.006390418,0.15683188,0.04995298,-0.11934354
-0.31923625,-0.09678614,0.6507846,-0.042568862,0.04645883,0.12326993,0.12673405,-0.16545719
-0.46195486,-0.0580487,0.5965334,0.6944839,0.37142405,0.19263436,0.41120642,-0.23886636
-0.41774902,-0.21219361,-0.32287824,-0.86746204,0.42874408,-0.05754907,0.28668678,-0.14323573
-0.358296,-0.1482457,0.87279475,0.46502817,0.36159423,0.09628956,0.4810891,-0.09374655
-0.4583901,-0.30739418,-0.66614324,-0.06557608,0.3433514,0.3582635,0.022417571,-0.4264963
-0.43068373,-0.16197465,-0.337245,-0.9098507,0.15488903,0.18631153,0.13660307,-0.35475516
-0.537275,-0.107081324,-0.756712,0.18664014,0.29048607,-0.015295127,0.51477623,0.010214286
-0.46824044,-0.107783794,-0.0018181801,-0.74830747,-0.123434745,0.7457466,0.40639463,-0.037103333
0.039043527,-0.42199627,0.07112646,-0.78917396,-0.05465163,0.5449506,0.17248978,-0.30428144
-0.31684744,-0.33880472,-0.24691147,-0.43816894,0.2754244,0.06560125,0.2828192,-0.14145967
-0.343898,-0.11741567,0.03353262,0.67121816,0.27508637,0.26598036,0.44380385,-0.091198966
-0.24305375,-0.19105837,0.57392335,0.0044249296,0.47437006,-0.23423065,0.20125037,-0.19729006
-0.1943324,-0.25014594,-0.17773885,-0.04938799,-0.45002836,-0.23148964,-0.28905338,-0.1553503
-0.23867497,-0.1235559,-0.7500573,0.11284757,0.40703025,0.15882687,0.31485447,-0.28787532
-0.36443514,-0.11820422,0.3177619,0.1626507,-0.0048326277,0.7742741,0.29171228,-0.05986972
-0.5631783,-0.27862796,0.014431596,0.6810924,0.27238005,0.2141966,0.3411742,-0.10353622
-0.50189596,-0.28267586,-0.76649904,0.21991003,-0.45039058,0.2834118,0.40337905,-0.14010948
-0.4360117,0.013583397,-0.5574829,-0.023954093,-0.112158254,0.8136788,0.60681975,0.08513536
-0.63408124,-0.1839577,-0.3900789,-0.18355489,0.5846941,-0.21792519,-0.065407984,0.25766027
-0.5206243,-0.3929373,0.121818066,0.0005259514,-0.7997524,0.46712685,0.33219087,-0.15639222
-0.36745465,-0.17630748,0.47679937,-0.53982455,-0.26966098,0.7223916,0.21240816,-0.02669415
-0.58350724,-0.20807491,0.8923001,-0.038806975,0.30183688,-0.5430378,-0.14844067,-0.05391059
-0.33236825,0.113110535,-0.061346292,-0.51710206,0.18740243,-0.2357652,0.06718006,-0.63620263
-0.44263974,-0.17106062,-0.45717585,-0.00082296133,-0.16840252,-0.6969723,0.19293708,-0.044829037
-0.35806182,-0.19183348,0.39916706,-0.7942021,-0.034116205,0.7679559,0.4484564,-0.07461044
-0.40016115,-0.03464892,0.5651685,0.21268117,0.12486305,-0.42593154,0.028483883,0.107353
-0.4876551,-0.072631836,-0.23664296,0.25198174,-0.34322265,-0.1100714,-0.2564181,-0.5225443
-0.37706783,-0.25198445,0.83303297,0.29696238,0.04156317,0.24881746,0.16726418,-0.4163544
-0.38094312,-0.17696306,0.5031749,0.14337718,0.27805147,-0.037982557,0.026438378,-0.12688698
-0.4374722,-0.043422926,-0.49584943,-0.26980287,0.52873677,0.09547924,0.5159556,-0.16539052
-0.05227499,-0.40144292,-0.721122,-0.18104357,0.25300276,0.4258018,0.4167785,-0.2437749
-0.12642325,-0.31214133,0.13510096,0.5048791,-0.44663745,0.45520395,0.55038375,0.1255707
-0.4102872,-0.0866026,0.40314186,0.048491597,-0.3230598,-0.67204326,-0.029010383,-0.09077738
-0.25423622,-0.054762725,0.38873827,-0.6615281,-0.16432998,0.68901473,0.58888286,-0.025136383
-0.47436103,-0.32536492,-0.0097543,0.60025,-0.14093712,0.85143465,0.38551357,-0.09305772
-0.23270969,-0.37774014,0.37491298,-0.7430965,0.19238979,0.3060487,0.2763075,-0.12811388
-0.41125518,-0.27117485,-0.636623,0.3291849,-0.16837111,-0.7637764,0.11810745,0.020326009
-0.21174015,-0.23516129,0.90329456,0.27271593,-0.20774393,0.64953655,0.3456987,-0.0013620099
-0.06228209,-0.14508618,-0.29119694,-0.43657446,0.13248755,0.3297633,0.11831825,-0.40690994
-0.33288518,-0.15564714,0.19476497,0.8811331,0.16811696,0.26896903,0.35196954,-0.21705511
-0.17799509,0.061450634,-0.7311065,0.01393342,0.07769119,-0.16480383,0.17017333,-0.7194146
-0.21327564,-0.28246677,0.5049765,0.5502167,-0.679743,-0.18438935,0.09875413,-0.24680604
-0.53434974,-0.15442213,-0.47813636,-0.12187737,0.122953676,0.22137383,0.28834963,-0.1664967
-0.49845603,-0.14425544,0.6422224,-0.41800517,-0.31039268,-0.6616777,-0.062231716,-0.07479827
-0.20015806,-0.06352835,-0.96884406,-0.0056173205,-0.18393442,0.5657898,0.7108346,0.4174245
-0.3761254,-0.22948232,0.86597395,0.052467585,0.119662486,0.15875638,0.1571913,-0.16938627
-0.4341429,-0.18521874,0.53028345,0.647545,-0.090479985,0.7583937,0.53224975,-0.087101445
-0.38755748,-0.113212734,0.5098218,-0.77083445,-0.48867413,0.589873,0.7332592,0.21026413
-0.092046365,-0.19636732,0.0054724216,0.6594236,0.22733828,0.25881386,0.3733481,-0.030200357
-0.23108594,-0.11939783,-0.31497067,0.72488296,-0.09699393,0.70930517,0.34266898,0.026087563
-0.58389777,-0.10661199,-0.67814004,-0.6440529,0.6464806,0.062568344,0.6223535,-0.20104666
-0.4277489,0.040618468,0.8209586,0.32395267,0.28871116,-0.49976233,0.20967327,-0.049752276
-0.55710644,-0.32145813,0.34262323,0.6983483,0.39453137,0.32429406,0.40121564,-0.13324013
-0.51911676,-0.175146,-0.43153566,0.4309188,0.41430643,-0.31301633,0.19315189,-0.11774338
-0.15187131,0.1656139,0.355677,-0.80083483,-0.35393864,0.63361394,0.44650188,0.24982364
-0.17163926,-0.2828671,-0.616605,-0.4336208,-0.043683264,0.74903107,0.5939019,-0.14231844
-0.5043973,-0.28781998,-0.7839645,-0.26286072,-0.034465,-0.2816099,-0.00600827,-0.35429084
-0.65395534,-0.1080726,-0.33837563,-0.2208001,-0.72718006,0.21493536,0.16061895,-0.23749949
-0.45784605,-0.23001653,-0.9380344,-0.20278627,0.15056482,0.22802556,0.26168522,-0.24310581
-0.33397323,-0.22646911,0.20820236,0.68080986,-0.026820034,0.6983175,0.40617952,-0.09858832
-0.21951,0.2739357,0.74892974,-0.36952013,0.2856557,-0.30288348,0.18421364,-0.11587564
-0.35492897,0.14318879,-0.010425568,0.77290094,-0.040612422,-0.5415584,0.05141126,-0.22102267
-0.5104616,-0.16703987,-0.6201941,0.16436875,-0.29299545,0.8664873,0.53921163,0.3346463
-0.42169628,-0.28546417,0.046562552,0.70397854,-0.02339115,-0.44840452,0.16364966,-0.04741451
-0.30750585,-0.22946148,-0.322771,0.5778432,-0.363639,0.678286,0.36128232,0.17730305
-0.23986809,-0.14385499,-0.5474073,-0.1953153,0.4855225,0.23646125,0.35182884,-0.29749706
-0.61611,-0.24190195,-0.39516914,0.81364024,0.37901264,-0.36686552,-0.56060404,0.41507182
-0.4515184,-0.21085289,0.42653203,-0.04870206,0.26008776,-0.53417504,0.34980783,-0.052469898
-0.45188236,-0.15214707,0.4948666,-0.54290444,-0.2701831,0.7757492,0.639242,0.21248278
-0.4002393,-0.24559738,-0.7977333,0.281955,0.39363426,0.2281957,0.54339904,0.0034010175
-0.48307633,-0.22770722,0.3214892,-0.4420514,-0.16694355,-0.4810203,0.082950324,0.09448174
-0.46954137,-0.057975415,0.30589056,-0.81240606,0.36880103,0.41476718,0.3519408,-0.23729281
-0.44937295,0.04384278,-0.7735385,0.5566299,0.6112976,0.04041051,0.055336326,0.08638653
-0.3528583,-0.14776596,0.11908984,-0.27492738,-0.28918764,0.76649266,0.4962137,-0.02896043
-0.42843944,-0.080768615,0.812904,-0.18559873,0.345916,-0.23961337,0.20077263,-0.20313334
-0.13435689,-0.39053234,0.00075387955,0.31083298,-0.27625012,0.5828244,-0.20915426,0.089990824
-0.3629185,-0.37057468,-0.6710137,-0.23957151,-0.27503523,0.4715097,0.29865038,-0.1674809
-0.35428813,-0.011481146,0.0073467493,0.8168137,-0.116465226,0.7460393,0.42344314,-0.025703566
-0.44875333,-0.1607763,-0.28177953,-0.8434314,0.15872549,0.019364718,0.22447732,-0.13995282
-0.28590068,-0.23346995,-0.7723529,0.6259941,0.42559373,-0.33390793,0.37566257,-0.28933728
-0.43311632,-0.24129362,0.87953043,0.15446961,0.27455074,0.6401345,0.20155276,-0.41751423
-0.2568695,-0.034106735,0.25644302,0.38540614,-0.62099016,-0.34361723,-0.69501233,-0.053430904
-0.3780122,-0.28043553,0.07661402,0.6980865,0.08423821,0.24978256,0.26539463,-0.20475699
-0.29809698,-0.15349552,-0.58686763,0.2512853,-0.070538454,0.7859237,0.66891533,0.04182408
-0.698829,-0.18749031,-0.19781625,0.75437295,0.6392648,-0.18642677,0.053524368,0.16533308
-0.42560703,0.1551659,-0.5228614,0.68478954,0.4648905,-0.07634554,0.45202413,-0.12632138
-0.54839206,-0.04067112,-0.07670647,0.7107531,0.031317573,-0.46918127,0.0462697,0.005080519
-0.23056649,-0.10722851,0.4084338,0.7395699,-0.33091724,-0.063141115,-0.027225511,-0.5831583
-0.49161437,-0.22680855,0.6543559,-0.032262504,0.3198737,0.21150315,0.33751464,-0.101354
-0.38699192,-0.36777577,0.018505216,0.6728898,0.26123354,0.28073567,0.21722914,-0.034365397
-0.28423765,-0.198612,0.3826294,0.62622106,-0.08695015,0.7293399,0.57630724,0.009771304
-0.5162514,-0.3323316,0.36679363,0.5896914,0.25678623,0.18773636,0.43651262,-0.131504
-0.22603339,-0.21527046,-0.3846236,-0.65078914,-0.015159862,0.09740956,0.36310092,-0.07745733
-0.49784514,-0.06338194,-0.5944717,0.70754015,0.41048017,-0.43155122,0.38191938,0.027082564
-0.3586754,-0.32969737,0.31285143,-0.7744887,0.47704235,-0.3935037,0.26088434,-0.06159069
-0.3616877,-0.09618265,-0.20554668,0.680446,-0.30471542,-0.31388685,-0.2999346,-0.46016327
-0.20031814,-0.19180876,0.17009652,0.48744583,-0.054271795,0.8093434,0.6405727,-0.07390088
-0.40198287,-0.15182847,0.65010095,0.73266304,-0.058977213,0.76259786,0.6098296,0.012697568
-0.34132656,0.0005123511,0.54706967,-0.025125086,-0.13956772,-0.6015415,0.08082667,-0.16114984
-0.43574393,-0.113767155,-0.94405115,0.29678702,-0.7823893,0.18673365,0.2138412,-0.16163865
-0.7241557,-0.32817826,0.34396517,-0.20230764,-0.2526253,-0.76740557,0.09823117,-0.09272979
-0.5755379,-0.1374179,-0.4950186,-0.12602162,-0.16090603,0.86636585,0.62054104,0.09330858
-0.5743428,-0.19248067,0.7337117,-0.4207633,0.35915798,0.25123006,0.40842146,-0.12155251
-0.22639838,-0.2531057,-0.36472762,-0.75327504,0.16607596,0.48582947,0.2450125,-0.22958463
-0.18170173,-0.24436194,-0.3281654,0.7828125,0.066903524,0.2097303,0.06809527,-0.4808979
-0.3580281,0.09535848,0.7444097,-0.04545176,0.090650395,0.22139703,0.26689002,-0.075535014
-0.6491932,0.06059294,-0.45847487,-0.23232645,0.5286005,0.4894513,0.48343876,-0.20812361
-0.52723205,-0.2640118,-0.009499073,0.028392315,-0.053095113,-0.09916324,0.045059357,-0.06082669
-0.44199973,0.06508566,0.2172234,0.0076299906,-0.077140786,-0.69676405,-0.08353285,-0.0860367
-0.44405177,-0.13291636,-0.581028,-0.27530712,-0.07870206,0.7988308,0.6101451,0.050945353
-0.28880504,-0.19286953,0.5739393,0.0018894672,0.086842835,-0.27115807,0.049119174,-0.091270246
-0.6498332,-0.26297086,-0.26839602,-0.6647732,0.30381405,-0.5381252,0.26630846,0.124184236
-0.42960477,-0.3230368,-0.3947758,-0.064634085,-0.14529341,-0.11202454,0.04284196,-0.19622135
-0.12998514,-0.23902442,0.2531867,0.8222687,0.032812625,-0.40387964,0.30580154,0.013347315
-0.40934375,-0.12751065,-0.6595644,0.5647665,0.46681845,0.47155714,0.462711,-0.19912763
-0.5218092,-0.05936743,-0.53303707,0.40272152,0.5472787,0.18971008,0.5166507,0.027897215
-0.014290767,-0.14535289,0.67252827,0.70098317,0.21620277,-0.17926452,-0.49064153,0.24294756
-0.36343285,-0.2242932,-0.7324494,-0.017268777,0.32603922,-0.404653,-0.2878327,-0.6692485
0.34878463,-0.5099185,-0.40204966,-0.52364093,0.15301305,-0.49415985,-0.46286833,0.14619178
-0.37198582,-0.08752465,0.804459,-0.24643493,-0.2862364,0.4407541,0.44777077,-0.2080782
-0.42656502,-0.19678672,-0.3222776,-0.50102884,0.16410531,0.13317361,0.3385462,-0.05102429
-0.077377126,-0.17148383,0.39059448,0.75643826,-0.55558336,-0.18736137,-0.52187556,-0.13704474
-0.37434503,-0.23341571,0.40536368,0.68050265,-0.038604524,0.7484274,0.5308198,-0.14567038
-0.36913213,-0.023163926,0.11421907,0.8098147,-0.05044919,0.72555417,0.53674966,0.016946862
-0.3490185,-0.0652299,0.31800056,0.55015314,-0.037454013,0.80385566,0.5686073,-0.11978909
-0.078592405,-0.20347236,0.4744817,-0.7278203,-0.41131485,0.41728863,0.1012616,-0.2528954
-0.39039108,-0.27897063,0.2510302,-0.965378,-0.06832724,0.7653023,0.5042823,-0.068762414
-0.18070924,0.18228592,-0.27049273,0.41654074,-0.37068257,0.4990116,0.5235168,0.08039192
-0.34171274,-0.36586717,-0.029726505,0.33958912,0.2687214,0.4716116,0.23173468,-0.35294303
-0.62249553,-0.1301686,0.3122337,0.21828008,0.3236437,-0.53425765,0.25180614,-0.056414057
-0.25476187,-0.19458833,-0.2974671,0.4824171,0.37633172,0.35074383,0.3344715,-0.28830352
-0.17507248,-0.27502057,0.22626162,0.27813244,0.21337758,0.35414305,0.3980431,-0.30866098
-0.46022737,-0.14551471,-0.8508401,0.0047705173,0.47108683,-0.43845814,0.12824714,-0.036171667
-0.49418756,-0.044602413,0.34667766,0.011588454,0.33605593,-0.2972933,0.080899276,-0.061930675
-0.25488707,-0.022005018,0.6081563,0.4777112,0.23275499,0.013008588,0.2282686,0.15834548
-0.4579603,-0.2805931,0.31971085,-0.6100137,0.26943043,0.5196185,0.45366052,-0.2391169
-0.3533853,-0.2235297,-0.17810386,0.6152711,-0.53058773,-0.3814572,-0.46109584,-0.027539516
-0.2511665,-0.16155162,-0.61805785,0.39478338,-0.10128246,-0.39365456,-0.050463505,0.118886076
-0.40081778,-0.2398015,0.872578,0.44841886,0.20871904,0.2437029,0.38045028,-0.22871251
-0.47287565,-0.28105167,-0.4702133,-0.586403,0.42482212,0.32197514,0.32177967,-0.19729312
-0.41769204,-0.181548,-0.43750167,0.38360584,-0.31447825,-0.18530372,0.33549133,-0.04127891
-0.37086818,-0.23363258,-0.053848863,0.6662823,0.35872412,0.6121331,0.36524895,-0.22472934
-0.07389647,-0.19734776,0.26175165,0.80784345,0.23990652,0.24430852,0.06641078,-0.1071497
-0.23882678,-0.107671395,-0.6422,0.12338722,-0.4715438,0.5445855,0.22590359,0.11611442
0.01390074,-0.38949114,0.13187993,0.49344277,-0.39121872,0.44939658,0.78470844,0.20869958
-0.19320029,-0.3852553,-0.18371326,-0.33580685,0.13745828,0.24714048,0.28257042,-0.12213094
-0.46215692,-0.018956896,-0.47265464,-0.7966144,0.2568592,-0.23862937,-0.029473005,0.02033996
-0.32663155,-0.0779508,0.26708245,0.34276927,-0.4846887,-0.6848297,-0.33312443,0.010785035
-0.27987236,-0.066644005,0.9323497,0.28174043,0.18708517,-0.31289047,-0.008977915,-0.23777646
-0.34508055,-0.19732645,0.49921334,0.71411145,0.2508367,0.45758274,0.15080884,-0.30555964
-0.4422537,-0.21359932,0.46255386,0.6583482,0.2194276,0.19339773,0.21547131,-0.25513375
-0.17797315,0.092377774,-0.7844405,0.22872698,0.49128917,0.20482789,0.2611017,-0.19988528
-0.33254135,0.00092752726,-0.91291505,0.36448836,0.07202224,-0.42274228,0.28933385,0.007769852
-0.18294026,-0.15971316,0.4186542,-0.7996364,-0.16227202,0.745698,0.665928,0.26153073
-0.34504324,-0.22034498,-0.042060375,-0.8052753,0.3987111,-0.44059673,0.24812365,-0.08598108
-0.36863294,-0.27617484,-0.37270123,-0.8451502,-0.7258365,0.2657575,0.44844568,-0.082296334
-0.36411425,0.21471329,0.809273,-0.15357435,0.41967225,0.27544975,0.5616422,-0.13978615
-0.4738358,-0.3437118,0.110118985,0.11980295,0.502559,0.3408762,0.4099144,-0.22103249
-0.55312914,-0.26757708,0.7186489,-0.38189435,0.23073903,-0.40694907,0.27174407,0.060475193
-0.33790964,-0.12745808,-0.01585877,-0.7947013,0.4472115,-0.00587195,0.15558538,0.042476717
-0.37444443,-0.27867073,-0.91593176,-0.2556516,0.22107989,0.29332408,0.17172131,-0.37974074
-0.49269792,-0.12468172,0.010166764,0.67903006,-0.8853634,0.32754168,0.45569178,-0.11677635
-0.39549842,-0.10005842,0.25396252,0.61882496,0.27819896,0.26054785,0.3835706,-0.093987375
-0.5498836,-0.002535011,-0.19278091,-0.873509,0.26430035,0.18407087,0.23149149,-0.10691877
-0.3426398,-0.09528963,-0.19931567,0.42645288,0.1765751,-0.43704528,0.13627096,-0.069366366
-0.37401816,0.015531664,0.6080487,-0.12400508,0.15423283,-0.36567703,0.20256183,0.08224404
-0.3763351,-0.31513706,0.5783299,-0.531333,0.44605753,-0.020736076,0.11347191,0.063747674
-0.17389676,-0.19047688,-0.21093512,-0.7008424,0.0110729085,0.26932228,0.052983522,-0.16901316
-0.22537409,-0.104997925,0.376014,0.5904026,-0.1264952,0.6876115,0.7031994,0.04449565
-0.42938045,-0.060820695,0.00015199184,0.5227839,0.36794543,0.2511891,0.3385035,-0.1386379
-0.14444792,-0.22502974,0.2562394,0.60097826,-0.0147543205,0.21054405,0.06802644,-0.094743825
-0.31781894,-0.017042842,-0.20738494,0.82028973,-0.11898051,0.72227424,0.36808792,-0.029582968
-0.46283263,-0.15871575,0.7239597,0.19674206,-0.5492617,-0.65765935,0.121037826,0.24301028
-0.46511588,-0.18559495,0.712917,0.41544676,0.33365703,-0.5041299,0.102706864,0.04637696
-0.07740934,-0.28112078,-0.7482163,-0.24690449,0.006469287,0.7058067,0.52303827,-0.45607352
-0.25618753,-0.25879142,-0.7121886,0.34955835,0.2295418,0.1863361,0.38358447,-0.26417747
-0.35354868,-0.22693005,0.8619424,0.18696034,-0.18660395,0.14457436,0.173822,-0.17562152
-0.30029094,-0.13740432,-0.50019115,-0.62981045,-0.09307939,0.15241471,0.035382647,-0.44074404
-0.5177709,-0.18803589,0.51691926,0.43169165,0.5008478,-0.20692363,0.29070058,-0.20121273
-0.37209752,-0.14836356,0.2597978,0.8487803,0.022277148,0.053479902,0.21539381,-0.1916855
-0.31841537,-0.13596737,-0.36822468,0.08905065,0.14562568,0.26500764,0.269281,-0.24258657
-0.28637376,-0.27137384,-0.64217913,-0.45814115,0.04315557,0.13461053,0.36863926,-0.11993251
-0.38368043,0.045639563,-0.12628555,-0.9359342,-0.07948144,0.7660198,0.39152238,-0.020090694
-0.33491725,-0.039996285,-0.86429226,0.0067458153,0.47627452,0.065497816,0.22750959,-0.2325868
-0.18526544,-0.3982084,0.32419133,0.4823507,-0.1208994,0.7699692,0.68151915,0.111646086
-0.4061989,-0.2895826,0.6204668,0.48899496,-0.18508321,-0.13454959,-0.07765692,-0.1684229
-0.3912361,-0.11733118,-0.39085722,0.3833089,-0.3248529,-0.069637924,-0.12013076,-0.4422579
-0.5001103,-0.26520523,0.044582605,-0.11362612,-0.3967888,0.27073684,0.40717855,-0.12839836
-0.36222434,-0.08309924,-0.93708026,0.31487715,0.3504546,0.23147951,0.33212844,-0.18296935
-0.5601313,-0.2238629,0.35105538,0.31200457,0.43832046,-0.40271425,0.14023584,-0.06322889
-0.36634836,-0.14681943,-0.48469418,0.09663701,-0.19417343,-0.19543946,0.118254974,-0.30186996
-0.46652782,-0.3434364,0.54507005,-0.06735659,-0.030672973,0.83315027,0.49064505,0.027375232
-0.4356337,-0.10453748,0.58247864,0.70245016,-0.36152017,-0.063492656,0.1992609,-0.020760614
-0.6230983,-0.10554909,0.37459505,-0.37995595,0.4406941,-0.4276798,0.07716014,-0.22239582
-0.4021258,-0.12061973,-0.27706897,0.093860984,0.583391,0.13968709,0.26561478,0.095265046
-0.1396363,-0.3352929,-0.5836996,0.0072875023,-0.34183413,0.51511097,0.4450489,0.2011
-0.24590278,-0.15106009,-0.20382077,-0.96900755,0.2344663,0.4246211,0.51067907,-0.27551985
-0.22281402,0.010528957,-0.36189258,-0.391751,0.28216043,-0.29666278,0.1685072,0.51229507
-0.32127336,-0.14911598,-0.23964697,0.49196386,0.3986465,-0.18442778,0.06591088,-0.10235557
-0.23375888,-0.4514083,-0.6165372,-0.5094191,0.284327,0.55656445,0.4628398,-0.27397415
-0.40247852,-0.06623082,0.22948742,0.9089192,0.36598146,0.21140338,0.3816223,-0.09919963
-0.5258365,-0.15632875,0.010290384,-0.5872483,0.09497942,-0.4908801,0.11045707,0.009289028
-0.39441246,-0.18669067,0.4647845,0.46310532,0.27921534,0.3423027,0.1972874,-0.36496222
-0.07167077,-0.1528664,0.22727382,-0.6708598,-0.23169439,0.7573939,0.65766305,0.29646474
-0.20499018,-0.1145997,0.24693298,0.12004864,-0.33426154,0.24611437,0.576845,0.5384703
-0.4813202,-0.32171878,-0.88288057,-0.30909002,0.2571674,0.24240923,0.26965758,-0.04652267
-0.65083987,-0.23731878,0.11780667,0.6953893,0.40529403,-0.43966958,0.17294507,-0.064332336
-0.40029058,-0.17383382,0.65698135,-0.19179475,-0.6148458,0.40230748,0.5291376,-0.015649246
-0.47578177,-0.28072035,-0.7193389,0.19445181,0.28572264,0.24422252,0.5379906,-0.094288126
-0.50838596,-0.3900932,0.49360025,-0.5529791,-0.27886793,0.75060344,0.6335538,0.1939242
-0.28455272,-0.13913745,-0.2739545,0.9398023,0.24143714,-0.06498039,0.3519836,-0.0026843364
-0.6303667,-0.25763273,0.059409976,0.7274487,0.30458412,0.25353712,0.3760236,-0.23093526
-0.3832195,-0.12686916,0.34632027,0.08251929,0.2910704,0.23246734,0.33832878,-0.13909873
-0.36036736,-0.30589473,0.7336676,-0.45502645,-0.3413838,0.013293602,0.42876747,0.38224715
-0.3925688,-0.21792577,-0.25343192,0.64191854,-0.25418723,-0.1963301,0.42137763,0.5806725
-0.3316848,-0.2813538,0.7808291,0.11345494,0.13907057,0.20104338,0.11468955,-0.32216406
-0.98622656,-0.0003415003,0.006052375,0.19785881,0.6464748,-0.50777525,-0.055951066,0.21537577
-0.40839845,-0.19298872,-0.7741933,0.6042479,0.29570448,-0.52596337,0.46911505,-0.27090532
-0.2880958,-0.1063227,0.7875831,-0.29902297,0.30818075,0.53857434,0.4293993,-0.35666704
-0.5498754,-0.2017546,-0.41308314,0.7523166,0.39729628,0.17536332,0.36267596,-0.17875016
-0.12948252,-0.29324594,0.01105535,-0.69316006,-0.6678048,-0.15754762,0.26540887,0.15235548
-0.13290319,0.07419676,-0.91319317,0.37813628,-0.087475136,0.6792656,0.6548166,0.0016959294
0.050504994,-0.2199457,0.12566817,0.39347637,-0.20042756,0.57483304,0.19308846,-0.18960118
-0.60217655,-0.17414704,0.7003118,0.32225668,0.27094552,-0.5346851,0.0692253,0.057168297
-0.13573964,-0.3100444,-0.73229444,-0.17783207,0.21153386,0.3172634,0.38294983,-0.088668205
-0.40793815,0.015092229,0.72182286,0.25020266,-0.288517,-0.74370474,-0.19739278,0.061504144
-0.7326552,0.046470884,-0.16855061,0.03370118,-0.00043461678,-0.7724327,-0.25768563,0.022428425
-0.11391713,0.013826986,0.7153343,0.18921673,-0.6363102,-0.5923201,0.35613686,0.2934625
-0.09440407,-0.16926202,-0.7682635,-0.19368434,-0.08702371,0.6963312,0.6116315,0.03685341
-0.06492096,-0.27205995,0.42644203,-0.58489996,-0.6183967,0.36314192,0.27771536,-0.07650409
-0.106940344,-0.25108635,0.15865886,0.41852617,-0.36024258,0.48054856,0.59942335,0.03223943
0.47772372,0.63888377,-0.6625192,0.43197906,-0.18571803,0.51536375,0.6968744,-0.26176888
-0.08584304,-0.13765769,0.98517406,0.23147893,-0.51758885,-0.4122977,-0.097539924,-0.012339387
-0.40294567,-0.24144705,-0.76661193,-0.06386739,0.14958206,0.24662241,0.2740931,-0.2193126
-0.63531667,-0.060283694,0.21783423,0.77040887,0.2958943,-0.45044613,-0.02775312,0.14665991
-0.31321082,-0.0016324028,-0.5351055,0.4757148,0.3586141,-0.30268958,0.52024436,-0.07756973
-0.32655823,-0.36134607,-0.1766988,0.5618954,0.038179178,0.78466326,0.50720793,-0.05548104
-0.3076682,-0.13276914,0.9239129,0.33532107,-0.0076071834,0.05057223,0.009609605,-0.09776433
-0.4654905,-0.22909755,0.017870188,0.67794585,0.19565347,0.16689128,0.3893165,-0.09296266
-0.3355398,0.021847952,-0.3310057,-0.86935145,0.44767025,0.43275914,0.25604504,-0.12446689
-0.011155935,0.04481164,0.07123661,0.61935854,-0.14995806,-0.32972166,0.31829453,0.30488974
-0.40918067,-0.08486216,0.002310276,0.67545545,0.4835782,0.08810537,0.280704,-0.17354946
-0.1273492,-0.04367077,0.83314717,-0.14059716,0.1900731,-0.24229588,0.13336574,-0.18944597
-0.45059738,-0.31572357,0.18467987,0.48360968,-0.086366855,0.7797591,0.6845952,0.084364966
-0.5313961,-0.08205756,0.5965334,0.6944839,0.39734107,0.21272436,0.42257702,-0.23931658
0.011503799,-0.27309656,-0.21992618,-0.34249485,-0.49028996,0.4563264,0.22458032,0.11648018
-0.29960808,-0.026766513,-0.41895467,0.37273467,-0.21301946,0.69175607,0.55625856,0.075468004
-0.62631017,0.019333292,0.8957398,0.1874305,0.32112822,0.0447268,0.32091936,0.031062193
-0.41965035,0.13850378,0.5834384,0.615875,0.39946494,0.2679071,0.223128,-0.1765103
-0.45168075,-0.28622505,-0.94734997,-0.073320806,0.43901107,0.1683535,0.23921292,-0.23012947
-0.65462667,-0.066788524,-0.28689617,0.49796546,0.24422894,-0.55607224,0.08389469,0.19723535
-0.5553462,-0.17397898,0.55111516,-0.33421952,0.40407872,0.362956,0.38555506,-0.07955585
-0.30203623,-0.1930636,0.56931233,0.48443115,0.2038812,0.30289596,0.31211662,-0.2047108
-0.71796846,-0.054016937,0.024392605,-0.014900148,0.21373057,-0.5047402,0.19545779,0.048284065
-0.54339635,-0.020217936,0.63656795,0.26782537,0.46869233,0.34324595,0.3875195,-0.1965201
-0.39268377,-0.11328513,0.47715473,0.61315155,0.4096988,0.34177583,0.3585768,-0.19729175
-0.48084605,-0.19585538,0.18543673,0.38946164,-0.08833513,0.8217713,0.5818361,0.0799337
1.296696,0.14364438,-0.48447472,-0.7336355,0.69278586,0.47285974,-0.14772427,0.61203116
-0.1124184,-0.059451032,0.59372103,0.11334598,-0.76082325,0.14299543,-0.15213609,-0.3039972
-0.19723722,-0.19454919,-0.21817136,-0.058836818,0.32205075,-0.3013688,0.15582955,-0.08851866
0.50474185,0.10180237,-0.33444864,-0.5313565,0.34499738,-0.05235742,-0.43818337,0.48706234
-0.70136184,-0.2172312,0.64400053,0.25023794,0.4305794,-0.474103,0.0398174,-0.047669128
-0.37101826,-0.26429746,-0.64341414,-0.39405584,-0.6945992,0.46924564,0.51695806,-0.11197318
-0.43160817,0.030706275,-0.46203285,0.6453761,0.26723212,0.2782327,0.21050644,-0.27952486
-0.49031857,-0.19163483,0.095650196,-0.5935304,-0.12266309,0.8363024,0.3089152,-0.06290876
-0.23028623,0.071751975,-0.36458665,-0.63585585,-0.03137565,-0.35306457,0.86395913,0.112295724
-0.5849549,0.13223235,-0.1899479,0.33111787,-0.8354053,0.31345236,0.30039433,-0.1274732
-0.27771357,-0.30066592,0.7041192,-0.40972733,-0.35530007,0.014968914,0.31359306,-0.0707548
-0.33298805,0.62497157,0.031276464,-0.51033986,0.57881796,-0.03928187,-0.20355494,0.42458087
-0.2841222,-0.13256074,0.1704905,0.5529562,0.24689734,0.34548774,0.1403164,-0.22249621
-0.46015286,-0.1721148,-0.51395905,0.002038598,-0.115052655,-0.18076962,0.21951939,-0.33343673
-0.54892415,-0.10415838,-0.234352,0.21107638,0.388994,-0.47880387,0.042944796,-0.076616526
-0.44090453,-0.2936458,-0.7544902,-0.31758153,-0.060300086,0.13667087,0.2495155,-0.21639836
-0.30182484,-0.15182693,0.095647335,-0.009257436,-0.3689966,-0.6282644,0.039671507,-0.048932422
-0.62018096,0.115439944,-0.545479,-0.2234,0.5474513,0.31402555,0.4248147,-0.16525853
-0.38753277,0.033780504,-0.5315535,0.4826001,0.3188665,-0.33289453,0.45409292,-0.042923566
-0.5675209,-0.16406165,-0.09371495,-0.9544676,0.38113612,0.21016073,0.29591945,-0.19556941
-0.5965153,-0.06023215,0.047473073,-0.31583327,0.24400039,0.17268144,0.17920731,-0.113034554
-0.06621687,-0.43253827,0.1131829,0.52073324,-0.10166185,0.6842274,0.7101096,0.05328989
-0.09752725,-0.14920028,0.6509899,-0.04982704,0.24643405,0.6281381,0.38899353,-0.26044378
-0.2543408,-0.16233173,0.4956113,0.5700568,-0.17221147,0.65652907,0.39001602,-0.03185545
-0.05017904,0.018826667,-0.28232843,-0.6719457,-0.4886422,-0.5848897,0.19147217,0.3380124
-0.33412227,-0.12689403,-0.7915288,0.5960487,0.24743696,0.10926296,0.04237506,0.030214192
-0.21097288,-0.19661558,0.37197566,0.6220304,-0.19530071,0.68209106,0.38477772,0.018518317
-0.094166726,-0.16729248,-0.0741086,0.53974867,-0.11794692,0.74113595,0.47639605,-0.12534112
-0.29200533,0.018934835,-0.39948994,-0.35321558,0.1327977,0.09608191,0.30225858,-0.08446881
-0.5824494,-0.31603366,0.0021014214,0.68572164,0.37375796,0.27575722,0.43993303,-0.22875914
-0.35205525,-0.31133413,-0.015927315,-0.04895389,-0.25380918,-0.675685,-0.3866553,-0.1434037
-0.3247773,-0.06511385,-0.46433043,0.16568398,-0.013926017,0.7439192,0.5486235,0.008226081
-0.52274835,-0.19675049,-0.72180676,-0.4094779,0.3427961,0.25695094,0.40668026,-0.059757557
-0.45846218,-0.16751406,-0.21563625,-0.84809357,0.36113587,0.36221185,0.42180064,-0.13848947
-0.55635613,-0.124561526,-0.81204855,0.04484427,0.39640692,-0.5009071,0.19279352,0.012058201
-0.23320045,-0.35303855,-0.55706024,0.26691377,-0.038481466,0.7715539,0.7009586,0.0411705
-0.50789213,-0.080919415,0.7942183,-0.034910858,0.018719373,-0.6829632,-0.036361836,-0.02205596
-0.41448689,-0.16783608,-0.20743948,-0.5967814,-0.39900327,-0.43659925,0.15023778,-0.012068204
-0.4456439,-0.32309163,0.46470225,0.63258624,0.33573338,-0.06229477,0.2125572,-0.19353029
-0.47830594,-0.04361364,-0.22143036,-0.72543997,0.29545867,0.01653427,0.273363,-0.1905307
-0.36602578,-0.17400509,0.4242617,0.723263,-0.25319955,0.7314294,0.4628737,0.049928594
-0.050450314,-0.051375743,0.27281773,-0.905078,-0.3097287,0.8348573,0.66781175,0.13311215
-0.6046688,0.007737835,-0.8410388,-0.2543903,-0.9025234,0.29516873,0.39472014,-0.038403768
-0.59529,-0.29487863,-0.7886885,-0.13342208,0.43167278,0.57767135,0.4097157,-0.19610253
0.16329436,-0.06944821,0.05323577,0.493865,-0.75676084,0.07995455,-0.31051487,-0.44111645
-0.37696633,-0.2188873,0.5501548,-0.42066532,-0.3821594,-0.6586602,-0.20017235,-0.0024125215
-0.60003895,0.0018584029,-0.61965835,0.5195246,0.57198656,-0.1333236,0.31779873,-0.1097428
-0.28191617,-0.19746752,0.342036,-0.75170046,0.3475731,0.25867623,0.4076659,-0.33799088
-0.35039622,-0.09514219,0.24706733,0.5529523,-0.29749086,0.7004497,0.21416275,-0.11286117
-0.035092432,-0.36316237,-0.5296768,0.38883388,-0.033240978,0.3231935,0.4860698,-0.41993865
-0.4190665,-0.1520248,0.20989132,0.9286082,0.13553686,0.15705611,0.3341829,-0.23713672
-0.30177444,-0.03935716,-0.45873857,-0.07387853,-0.49168822,-0.49224094,-0.70933473,-0.17999753
-0.32695225,-0.12714414,-0.05610013,0.66405904,-0.84526736,0.4793255,0.3913063,-0.26507556
-0.25909966,0.024982113,-0.8397006,0.37360418,-0.06728461,-0.4246237,0.17991248,-0.110378854
-0.4497833,-0.22434947,0.2976277,-0.62294155,1.0833945,0.14534456,0.97193116,-0.37701467
-0.37583905,-0.25452688,-0.6236026,0.09888518,-0.28889698,0.4970552,0.353501,-0.11453305
-0.37501547,-0.2532381,0.2816646,-0.57306635,0.3142954,0.25720996,0.41635463,-0.09660262
-0.28498134,-0.19719194,0.45589972,-0.8172214,-0.19263425,0.7426242,0.61973894,0.16095707
-0.4208793,-0.29615816,0.92860126,0.34365702,-0.14784265,-0.4365959,0.13146353,-0.1424227
-0.3542731,-0.1775324,0.36816883,-0.8662678,-0.14006874,-0.26117706,0.18836935,-0.2504184
-0.6060257,-0.036397267,0.17757022,0.11443567,0.24468422,0.15573998,0.32107428,-0.18698119
-0.08316703,-0.022251572,0.38642514,0.6090647,-0.25548235,0.6947755,0.670966,0.101392865
-0.48354667,-0.084879905,0.62303746,-0.5833849,-0.6284034,0.17263962,0.14230178,-0.36945537
-0.49485287,-0.29275933,-0.038760304,0.57070816,0.29898155,0.6012778,0.61225396,-0.2045486
-0.42571014,-0.17417285,0.14512253,0.3765899,0.03293776,0.22769356,-0.052866723,-0.23329562
-0.446484,-0.0806162,-0.397789,0.1797117,0.16722295,-0.4791882,0.23586808,0.13492647
-0.21737567,0.031890664,-0.94742155,0.21722722,-0.17953628,0.8056571,0.5777654,0.030869495
-0.68735266,-0.08677201,0.7010757,0.54929733,0.2754458,-0.503047,-0.010856492,0.03757118
-0.62172097,-0.13299355,0.22369528,0.646171,0.35686037,0.27240646,0.35091045,-0.27033755
-0.344415,-0.19719769,0.88764167,0.264678,-0.042321917,0.7585771,0.466392,-0.16195665
-0.42176834,-0.12769435,-0.18516648,-0.813813,-0.08154477,0.76851374,0.36027226,-0.06997293
-0.21946345,-0.29741666,-0.64931846,-0.19647902,0.1268815,0.29456598,0.46175304,-0.30976576
-0.582985,-0.3086048,-0.27999234,0.60102916,0.15897474,0.05997287,-0.014481396,0.012526211
-0.24223703,-0.04859614,0.010083914,-0.78163326,-0.08814434,-0.564897,0.06522244,-0.19886364
-0.6104901,-0.017744135,-0.67367196,0.105651736,-0.15411805,-0.70162576,0.10548157,-0.23393513
-0.34970248,-0.2344241,0.5054327,0.08095324,-0.54480404,-0.19967386,0.3049071,0.49264795
-0.29827288,-0.1797646,-0.5638077,0.55159414,-0.06225337,0.82805586,0.38908032,0.03959714
-0.050378073,-0.34227648,0.68547475,-0.3022517,-0.70099264,-0.2732364,-0.34336135,-0.07370427
-0.36765704,0.04866295,0.1002686,0.6749579,-0.18082066,-0.49423176,0.122913204,-0.1766136
-0.23581359,-0.27918386,-0.017640412,0.5004463,0.35041037,0.5769505,0.4413231,-0.14739846
-0.4004867,-0.20825006,-0.80597746,0.29628456,0.24235678,0.41462818,0.571947,-0.26133505
-0.48591176,-0.2959924,0.0020530224,0.67648685,0.07709606,0.12821645,0.26533684,-0.14912456
-0.39896193,-0.11145028,-0.85083485,-0.12058371,0.30545813,0.30940706,0.44350934,-0.16383798
-0.2691691,-0.07300253,0.4117583,-0.8069871,-0.053288724,0.72182214,0.50145435,-0.030483829
-0.29995552,-0.21333677,-0.14709187,0.64003265,-0.77441305,-0.4414228,0.38119507,0.533588
-0.42946833,0.024325956,0.78157055,-0.04638499,-0.20781907,-0.5082411,0.06749335,-0.13370942
-0.1754512,-0.46849272,-0.5223782,-0.18018985,0.33995673,0.4209437,0.40177467,-0.22787914
-0.11315404,-0.22536395,-0.3235399,-0.75325173,-0.7604368,0.3927431,0.19564524,-0.39026502
0.3398248,0.20560668,-0.46621156,0.88467395,0.36729214,0.70468843,-0.1553438,0.63596606
-0.30380383,-0.2357771,-0.7134855,0.34189534,0.2634102,0.1765105,0.4142653,-0.27043656
-0.6799399,0.08966506,-0.14215016,-0.32604074,0.19453442,-0.48800036,-0.1172541,-0.16645962
-0.5853222,-0.27853483,0.3091731,0.018238664,0.6808626,-0.31874305,0.05378016,0.17427082
-0.3139858,-0.31359902,0.8515165,0.4233811,-0.118493,0.8465077,0.43369386,-0.07160109
-0.48632684,-0.0042151613,-0.8620413,-0.21626025,-0.15134121,-0.66562444,0.23034805,-0.11027893
-0.6472678,-0.20659146,0.17404544,-0.5753176,-0.19495039,0.9329103,0.32175443,-0.037406683
-0.2562762,-0.2605233,-0.46340168,0.41593325,0.10686052,0.15351053,0.14992414,-0.22465055
-0.4002595,-0.0560213,-0.17654932,0.10804522,0.5607246,-0.10629699,0.32859913,-0.14479175
-0.65508366,-0.21959394,-0.77571785,0.5982697,0.4939424,0.19868979,0.33627373,-0.11171185
-0.18164009,-0.37093064,-0.69156206,0.38013363,0.18871896,-0.33376387,-0.11729541,0.08803151
-0.47952232,0.053109933,-0.41163367,0.7275461,0.3831234,0.22032914,0.29295614,-0.13269514
-0.3825917,0.087169625,0.13865983,0.76361465,0.12006193,0.2756415,0.22184701,-0.24734512
-0.22250208,-0.16984223,0.7479625,-0.06875008,-0.5201409,0.5555448,0.09780391,-0.008002856
-0.6630994,-0.13553196,-0.8003205,-0.23829079,-0.20579438,-0.032140438,0.28328577,-0.06842595
-0.46309528,-0.35420746,0.60601294,0.43513882,0.33119243,0.29801968,0.3282653,-0.14091104
-0.12950379,0.09291751,-0.20474654,-0.86659116,-0.36921754,0.5900211,0.60747993,0.24450214
-0.40849116,0.028269771,-0.8129089,-0.24328959,-0.30793202,-0.67901534,-0.422904,-0.12182105
-0.55552524,-0.05177762,-0.37666547,0.72207093,0.2820176,0.06017801,0.32306135,-0.19749805
-0.31123495,-0.40151498,0.168316,0.13390934,0.21809727,0.3237794,0.36351648,-0.28147975
-0.37472048,-0.16287358,0.7671789,-0.02177018,0.31428865,-0.24291869,0.32540554,-0.17211355
-0.25581363,-0.2133152,0.5549829,0.5383681,-0.3222491,0.041448183,0.0038989708,-0.1559295
-0.29434457,-0.22649692,0.7691784,0.1215322,0.18278965,0.09207212,0.16645868,-0.14171316
-0.36553144,-0.06828304,-0.7451936,0.09316957,-0.0859869,0.72058266,0.3147538,-0.18052492
-0.3362558,0.07017324,-0.12618983,0.13708186,-0.26049814,0.76082337,0.33928317,-0.015457553
-0.22241582,0.06254602,0.031610608,-0.11505282,-0.23234619,0.1789847,0.30062568,-0.029137107
-0.11659099,-0.29449555,0.9025686,0.40171218,-0.1787585,0.68219113,0.48012823,0.11741847
0.17248695,-0.29007354,0.2712661,0.4154024,-0.35498133,0.3985593,0.75300395,0.17831482
-0.15070322,-0.21042146,-0.105140746,-0.6549829,-0.3901775,0.6481622,0.3143654,0.04414184
-0.72771835,-0.116937466,-0.68632376,-0.36728036,0.35321054,0.34283945,0.51982546,-0.17388824
-0.05610505,-0.11094955,0.94366276,-0.029156625,-0.19364195,0.52890474,-0.122500725,-0.20029183
-0.4068269,-0.2397551,-0.8170552,-0.20311958,0.21996,0.27934018,0.19060759,-0.19914038
-0.32144073,-0.072308004,0.30764985,0.1691922,-0.37930286,0.6967919,0.6531226,0.29633272
-0.24366629,-0.14555049,-0.11018038,-0.5744526,-0.2982373,-0.45123914,0.04161631,0.06377092
-0.24019451,-0.1254353,0.39268255,-0.8287588,-0.25433582,0.721377,0.60431266,0.2532087
-0.27598768,-0.08795109,-0.07615018,0.556471,0.1218212,0.2909472,0.4267345,-0.056787636
0.02571903,-0.3218873,0.10112524,0.6563164,0.23265274,0.38069075,0.27140865,-0.2880276
-0.29892686,-0.11993911,0.00075268745,0.778401,-0.33489537,0.7150512,0.5701252,0.13872477
-0.46472168,-0.15792148,0.237257,0.7428771,-0.44299045,-0.021032328,-0.24890235,-0.2832396
-0.3071908,-0.2895026,0.29395056,0.67592275,-0.21520267,0.70207334,0.6575523,0.16974798
-0.39778978,-0.3934008,0.014124155,-0.24179393,-0.7920342,0.06859516,-0.12152187,-0.15025468
-0.33045232,-0.25933856,0.42614555,0.7307135,-0.17826067,0.69872683,0.4048082,0.026455637
-0.3723138,-0.20836024,0.5109427,-0.5804003,-0.20113418,0.6872423,0.44114634,-0.022282574
-0.35987476,-0.34045446,-0.060113966,-0.8333533,0.39306265,0.4519068,0.43559164,-0.11141866
-0.59385467,-0.32418075,0.25281525,-0.9547088,-0.71946335,0.4385514,0.6466398,0.08351741
-0.13902709,-0.2726843,-0.95972073,-0.07061869,-0.06252914,0.72714144,0.36715654,-0.16124094
-0.51439923,-0.2177437,0.5814476,-0.20048654,0.5478941,-0.24664466,-0.09856568,0.047961242
2.00379,1.4710302,0.40830493,0.82685244,-0.14026096,0.5058593,0.7735079,-0.28491813
-0.46278638,-0.13229844,-0.21004373,-0.9691098,0.4787196,0.29118517,0.5681715,-0.12346021
-0.09840986,-0.21604827,0.8196151,-0.15599835,-0.16608827,0.65910107,0.6173378,0.14855793
-0.26872906,-0.37355265,-0.21033257,0.9220121,-0.29136905,0.7101232,0.3449285,-0.03621103
-0.37641189,-0.067463614,0.07534027,-0.3063764,-0.03260918,-0.6050833,0.09541182,-0.12858123
-0.36953312,-0.09094123,-0.5264882,-0.19562685,0.1107569,0.0997593,0.37332925,-0.15594153
-0.29342264,0.27925164,-0.14456236,0.2885294,0.14257154,-0.1449479,0.17971347,-0.18449976
-0.29417983,0.16736396,-0.5584008,0.6153239,0.23366217,-0.41248062,0.19542165,0.16148022
-0.28457168,-0.2459752,-0.3074895,-0.83438426,0.16635258,0.21205883,0.44773087,-0.18837999
-0.40396938,-0.048844624,0.6583575,0.012820482,0.28060085,-0.2760036,0.15527499,-0.23852164
-0.50307375,-0.166706,-0.77251667,0.21876514,0.2633161,0.2731177,0.43194413,0.010472244
-0.33763212,-0.24262136,0.05118847,0.6643455,0.27613452,0.35479888,0.40476382,-0.2573581
-0.25101227,-0.21273299,0.060997605,0.7710812,-0.020768177,0.3023986,0.5947952,-0.13475361
-0.43369904,-0.29466227,0.8742033,0.3392805,0.38873947,-0.28710064,0.3064057,-0.17372757
-0.46386153,-0.3215632,-0.8817459,-0.30829263,0.120454684,0.21350455,0.4547535,-0.18004175
-0.39501634,-0.25380716,0.23601711,0.4873706,-0.09801571,0.77162033,0.60986555,0.09886701
-0.3980515,0.010910218,-0.47417444,0.8198798,-0.7793067,0.24640293,0.20244387,-0.16845208
-0.5025694,-0.19268794,0.7429707,-0.3574949,0.35772288,0.22128701,0.4244255,-0.1833349
-0.4078251,-0.018187892,0.5844811,-0.45310128,-0.34965235,-0.7604238,0.0821797,0.0085918205
-0.44652843,-0.33208874,0.8485421,0.47455335,-0.19960359,0.7075532,0.4258372,-0.047463465
-0.3523454,-0.025667626,-0.876639,0.33486485,-0.18352163,-0.6804182,0.13983697,-0.13942242
-0.40181887,-0.29922757,-0.52395713,-0.45675707,0.04242715,-0.08580684,0.07376716,-0.052250337
-0.13843599,0.0020224943,-0.48250896,0.7079259,0.1412196,0.2338812,0.353884,-0.1286434
-0.51158124,0.09136448,-0.2577229,-0.1408509,0.25886843,-0.56457496,-0.06525407,-0.3218976
-0.4356765,-0.1953701,-0.7686437,0.2863059,0.69598067,0.07078268,0.12564887,0.069393694
-0.10525,-0.24983653,0.48500407,-0.2604112,-0.16915324,0.6584269,0.48905426,0.019774256
-0.39121422,-0.42302173,0.55545366,-0.10183126,0.20384832,0.19239113,0.25997865,-0.21797565
-0.37259883,-0.3563153,0.3315704,-0.61574775,-0.80371976,0.23959921,0.3599784,-0.19167724
-0.3819961,-0.40758464,0.058223963,0.7017958,0.15063748,0.27600563,0.3689944,-0.26436222
-0.4361202,-0.26417777,-0.26773697,0.53459907,0.58569527,0.3993104,0.5015092,-0.089669995
-0.5806854,-0.20851457,-0.17030168,0.8608427,0.4157822,-0.26345026,0.18133731,-0.20085171
-0.3969943,-0.016742658,-0.8405217,0.265198,-0.121711485,-0.6549886,-0.09435333,-0.15533978
-0.24354002,-0.20654745,-0.6379905,-0.60410833,0.0037206155,0.74316454,0.6034238,-0.064030394
-0.13132325,-0.43095818,0.8054688,-0.3505162,-0.062131986,0.7613663,0.66836375,-0.028786622
-0.33858958,-0.15581766,0.5987979,0.7522731,0.19898617,0.13291073,0.27555582,-0.09435013
-0.31503585,-0.17912756,0.30706167,0.81160617,-0.2882665,-0.6764697,0.1415844,-0.02951644
-0.43901622,-0.1816676,-0.40721977,-0.02677232,0.25085685,0.25736603,0.4002558,-0.1857287
-0.6376317,-0.13649808,-0.5255825,-0.31840456,0.3364338,0.2578432,0.25755787,-0.24262676
-0.48017922,-0.33936805,-0.09585607,0.40139878,0.31531483,-0.35230574,0.36713353,-0.1119571
-0.24967928,-0.21111105,0.543527,-0.49979144,-0.21154816,0.7355507,0.4890539,0.03979333
-0.38924742,-0.013862143,0.043136835,0.70523584,-0.06292543,-0.62603277,-0.00032593077,-0.03260676
-0.5291541,-0.07279483,0.4433515,-0.06199038,0.38945454,0.22297099,0.34343925,-0.22520493
-0.47220957,-0.17892537,-0.5790557,-0.23556477,0.4083479,0.4380464,0.5634828,-0.25755885
0.11109419,-0.4715475,0.31307173,-0.76467985,-0.7621895,0.32694653,0.036079586,-0.22513749
-0.42574155,-0.103168786,-0.8769526,-0.074398935,0.2738232,0.18858421,0.4230029,-0.11719473
-0.36234894,-0.12550382,0.19386256,-0.28365523,0.40541446,-0.3886676,0.4036703,-0.13506567
-0.46659288,-0.11700443,-0.2895,0.8994987,0.04224028,-0.38992357,0.2213084,0.21478504
-0.24438965,-0.025195558,0.24205422,-0.4474578,0.32782748,-0.3270418,0.07288573,-0.18801789
-0.13304687,-0.37899265,0.35255027,0.5190511,-0.34521726,0.51452386,0.6806348,0.035814576
-0.17167847,-0.33576685,-0.3934813,0.37423813,0.43496704,0.4467092,0.34226704,-0.46615037
-0.18677743,-0.45009363,0.3598796,0.68651664,0.18065655,0.3576549,0.39060208,-0.21272932
-0.20377164,-0.27125114,0.6614232,-0.31886393,-0.10964885,0.62168294,0.72095263,0.031330083
-0.66453546,-0.12146371,-0.0979532,-0.18002951,-0.24470015,-0.65324634,-0.3200471,-0.13536085
-0.44952083,-0.1672034,-0.32594025,-0.61782503,-0.33101025,-0.60255766,-0.08304923,0.025757698
-0.38397744,-0.13869071,0.09329927,0.49714386,0.2488785,0.13828917,0.36412075,-0.076748244
-0.4792821,-0.19467033,-0.8335451,-0.18074459,0.23434214,-0.084172465,0.35059503,-0.43547097
-0.089682415,-0.3694489,0.00022995472,-0.31157792,-0.11026939,-0.7128361,-0.0056588715,-0.10054494
-0.25223684,-0.007882769,-0.8380797,-0.2780692,-0.112444445,0.016085653,0.38010395,-0.03612499
-0.3982973,0.05764847,0.3706894,-0.8917407,-0.3495876,0.7446342,0.41418958,0.24260077
-0.22662872,-0.111880936,0.61174035,0.4930992,-0.017638503,0.030567905,0.3176824,-0.0028160412
-0.63340163,0.14148562,0.13490546,-0.46040368,0.61461496,-0.46082368,0.0041381633,0.14277795
-0.41133574,-0.101149164,0.39742637,-0.57454133,-0.16682829,0.8430099,0.5108313,0.09934904
-0.20342128,-0.23143484,0.30324376,0.4753219,-0.16616322,0.70506907,0.52082694,0.13789089
-0.5466288,-0.36697605,0.18710744,0.48261392,-0.09802892,0.8126217,0.6511249,0.07773463
-0.6724039,0.10003921,0.20234716,0.22811198,0.4703743,0.17022382,0.45213142,0.017609566
-0.47127968,-0.15948029,0.75605714,0.1276213,-0.2812421,-0.624321,-0.11350765,-0.14795254
-0.22409764,-0.12412501,-0.08440113,0.667963,-0.43716997,-0.25337854,0.33017546,0.19160719
-0.24996562,-0.2353085,-0.6488122,-0.111282706,0.3998995,0.20375796,0.4611907,-0.0029690505
-0.6409902,0.009369929,-0.13477904,-0.3155501,0.1742107,-0.57297105,0.076871976,-0.061204392
0.039327603,-0.03137638,-0.38472575,-0.032026768,-0.33374375,0.49861088,-0.67351645,-0.27260527
-0.32872754,-0.26530075,-0.46203285,0.6453761,0.17488676,0.2096304,0.21588576,-0.34410918
-0.61934376,0.22222213,0.8861538,-0.23516434,0.39414683,0.043905817,-0.729471,-0.29066542
-0.63772964,-0.2390314,-0.24124616,0.8822496,0.41016906,-0.41034406,0.30437315,-0.22049569
-0.27005357,0.0032278046,0.30181384,-0.928126,-0.3333466,0.66533715,0.6058061,0.15926921
-0.6285011,-0.18673824,0.61546934,0.4435991,-0.6978816,0.33034787,0.42473713,-0.13083224
-0.31075984,-0.17785959,0.31553006,0.65844417,-0.14060785,0.69859535,0.4071258,0.119996265
-0.17772204,-0.45968208,0.3055569,-0.56972396,0.44107842,0.6973291,0.5348038,-0.31208727
-0.41811597,-0.3341937,0.30753183,0.6129495,-0.07890833,0.7278854,0.66789657,0.07120864
-0.48132125,-0.10690148,-0.026811063,-0.9191582,0.46943995,0.21036515,0.41540098,-0.08532154
-0.4794639,-0.3058679,-0.62265384,-0.10465264,0.31173447,0.074812196,0.256048,-0.056460466
-0.43097576,-0.17700334,0.17741191,0.46845376,-0.07162616,0.72555095,0.15735023,-0.26298675
-0.76434386,-0.25274962,0.1861453,0.5809376,0.32171622,0.2836565,0.35819718,-0.14995703
-0.29135475,0.06685216,-0.5623307,0.18602312,-0.07947608,0.8485441,0.47519442,-0.094023384
-0.37133783,-0.2896428,-0.91213244,-0.12905914,0.016250433,0.7488615,0.46459088,-0.008873681
-0.22232619,-0.21734026,-0.11720878,-0.56683207,-0.4861474,-0.5261078,-0.14212647,-0.0035712717
-0.1265278,-0.025516335,0.1634556,0.40989935,-0.36172652,0.62936294,0.51419705,0.1349093
-0.5043176,-0.23894572,-0.95012355,-0.0013117194,0.32372072,0.21361893,0.2894718,-0.29432294
-0.49853137,-0.11994066,-0.3995419,-0.5677688,0.25177842,0.22211961,0.3309203,-0.10542959
-0.47039428,-0.09010056,-0.32224375,-0.5036522,0.3041547,0.21804461,0.40917984,0.032231297
-0.37983862,-0.2566143,-0.3033414,-0.87888515,0.23873964,0.2236181,0.12903218,-0.25475305
-0.34484527,-0.16916318,-0.20948362,0.8935441,-0.30524585,0.7292808,0.15849933,-0.089816384
-0.48834062,-0.02800965,0.17904615,-0.11984551,-0.80903715,0.14423984,0.15180077,-0.15069148
-0.13144034,-0.27956682,-0.13026947,0.5321382,-0.08704948,0.66613525,0.5848657,-0.030212007
-0.3510219,-0.31490216,0.14066279,0.82485926,0.39469886,0.6311603,0.5853346,-0.1802053
-0.37146044,-0.15559302,0.53892636,0.4170488,-0.27352893,-0.6827473,-0.15088212,-0.0149129275
-0.39014688,-0.13640438,0.13733101,-0.13550001,0.42981818,-0.025709594,0.2823107,0.14945896
-0.31418577,-0.42985615,-0.6284337,-0.43040425,0.10996708,0.27335492,0.33056772,-0.10151114
-0.35148042,-0.03248803,0.29078555,0.57510483,0.40337798,0.19179392,0.4082783,-0.25723666
-0.34099787,-0.10468277,-0.00057142973,-0.3036368,-0.12919186,0.83851415,0.42854768,0.101756796
-0.32230842,-0.4198426,0.5668366,0.21010375,0.36649898,0.64375085,0.4268445,-0.24640155
-0.42973632,-0.048318233,0.9131408,0.27915728,0.35096312,0.36658955,0.39106494,-0.22552407
-0.2921684,-0.21092625,0.39890993,-0.75958216,-0.17042276,0.7151646,0.1579688,-0.044388566
-0.18612373,-0.18297486,-0.06409776,0.004340768,-0.66368496,0.40502813,0.6637865,0.11454288
-0.41165695,-0.14292441,-0.08173883,0.58195865,-0.4435657,0.29516706,0.34849012,-0.19551961
-0.7238244,-0.25487742,-0.91523254,-0.07449818,-0.17207399,0.9084299,0.26848462,0.14848052
-0.3231,-0.1878152,0.09479129,0.8956934,0.09438389,0.11535705,0.37027293,-0.15761626
-0.16991587,-0.22565907,-0.3246761,-0.7536427,-0.7918088,0.41630113,0.19388594,-0.4094158
-0.31076294,-0.22415668,-0.642527,-0.2670282,0.05825032,0.7882553,0.5056374,-0.08607967
-0.4235257,-0.37313056,0.28610563,-0.4834541,0.32757154,0.22182074,0.36579344,-0.27063775
-0.13589938,-0.1863123,-0.64002806,-0.4944768,0.08291749,0.25232962,0.15213732,-0.19306113
-0.16802126,-0.11377909,-0.7697123,0.16894174,0.111611106,-0.36528906,0.11465248,-0.03567114
-0.30295566,0.07009981,0.25798202,-0.97067314,0.31332985,-0.0859749,0.4276723,-0.2651761
-0.2172761,-0.24995579,0.31659508,0.8490206,-0.5854768,-0.35735965,-0.68733656,-0.09975955
-0.21178271,0.07946678,-0.379582,-0.043059945,-0.07366849,-0.4995293,-0.53867847,-0.21069604
-0.5171278,-0.014700393,-0.32663482,-0.750052,-0.8874775,0.32075486,0.36210886,-0.13245831
-0.54906094,-0.048415374,-0.05781144,-0.4450866,-0.02726624,0.7925127,0.43692824,-0.10354198
-0.51640993,-0.2584546,0.5066223,-0.19931841,0.43957505,-0.35991508,0.15914336,0.27043882
-0.2514218,-0.30108997,0.3180492,0.17373371,0.040738095,0.78775126,0.4648636,-0.094865374
-0.010946916,-0.29141673,0.53166187,-0.37582952,-0.23264927,0.06540053,0.094090916,0.002615054
-0.40795267,0.018775556,0.048166037,-0.6905736,0.3050933,0.13873804,0.2923352,-0.029295618
-0.44808888,-0.23172633,0.23110855,0.4838376,-0.053785283,0.8127658,0.41975644,-0.21392222
-0.8260588,-0.24686584,-0.12555718,0.24579549,0.12360336,-0.7516191,-0.10051224,-0.04003629
-0.6481709,-0.15975864,0.35038018,0.696432,0.40471166,0.27053213,0.39240485,-0.22760047
-0.2770288,-0.29239646,-0.40020108,0.3144257,-0.2806266,-0.6595713,-0.033081654,-0.08387354
-0.20543177,-0.14847247,0.5600896,0.5364951,-0.7363587,-0.4785322,-0.7158239,-0.10690978
-0.30976045,-0.29573816,0.58548284,0.7616844,0.38802186,0.3535944,0.40019998,-0.13331686
-0.55323505,-0.025991086,-0.32005233,-0.8286627,0.46857175,0.40083176,0.60565495,-0.11582903
-0.28565636,-0.1509541,-0.8573433,0.44400132,0.31858164,0.43957785,0.3696102,-0.20898019
-0.5063762,-0.23937401,0.55599344,-0.5260601,0.27662423,-0.19650342,0.25402918,-0.09325685
-0.43212503,-0.15458755,-0.15776712,-0.98029405,-0.21297744,0.06559098,0.100547545,-0.1595526
-0.34125692,-0.13013186,0.5141994,0.79315674,-0.24408276,0.6589769,0.39948627,0.0008451338
-0.39826047,-0.12307655,0.29097128,-0.4614988,0.037879437,0.4081273,0.45318693,-0.2721371
-0.49154,-0.18249951,0.4858439,0.6098,0.5233625,0.0873233,0.31568158,-0.3083975
-0.46643138,-0.15318297,0.90554035,0.13106036,0.24497716,0.15034837,0.3771786,0.010671078
-0.26429117,-0.20722379,0.7141993,-0.67340326,-0.32654124,-0.17634398,0.29444474,-0.14666367
-0.051657338,-0.24174216,0.30377626,0.32984233,0.70487684,0.24635576,0.38140187,0.65311897
-0.20765714,-0.21710889,0.57650983,-0.74896467,-0.29399645,-0.040854987,0.16394125,-0.23619434
-0.20537902,-0.0532316,0.51980996,0.6708822,0.089707255,0.3632939,0.0031693126,-0.266257
-0.061193857,0.00048085008,-0.5567787,-0.5151981,-0.3060459,0.26018843,0.56277376,0.52829087
-0.20295021,-0.23697875,0.55624926,-0.5023509,-0.32730907,0.74213177,0.61512613,0.17717172
-0.45896393,-0.2433235,-0.31124634,-0.72791696,0.28416985,0.22166489,0.37385517,-0.12930618
-0.5867567,-0.105620876,0.18013525,0.3923844,-0.09443667,0.77891135,0.61346096,-0.013134565
-0.5180412,-0.34189767,0.5795591,0.483608,0.014056806,-0.090013735,0.2775081,-0.1686827
-0.23097983,-0.1896127,-0.6363152,-0.48760772,0.12200201,0.34469983,0.12285523,-0.10708394
-0.05278683,-0.21264677,-0.020721257,-0.0075523853,-0.87024033,-0.6109854,-0.76390475,-0.029269112
-0.5592024,-0.122151345,-0.556192,-0.48711926,0.09510204,-0.47688165,0.17207807,0.07376572
-0.43831706,-0.009998049,0.80240417,-0.13522297,0.36970273,0.113090836,0.5387442,-0.24523376
-0.23681395,0.1651796,0.8620498,-0.0049127936,0.19090791,0.28476444,0.38328677,-0.21936926
-0.42659503,-0.28595638,0.07505727,0.22716033,0.016737718,0.8594117,0.35959458,-0.014755769
-0.02081311,-0.15211181,0.056092143,-0.051242888,-0.43822137,0.4537498,0.35833204,-0.020157736
-0.6188111,-0.12985696,-0.38646805,-0.65195274,0.3915002,0.27396005,0.45553645,-0.15820614
-0.44718018,-0.03217708,0.7936106,-0.023855746,0.40919468,-0.28675154,0.025928933,-0.041417327
-0.43874606,-0.30601466,-0.22488475,-0.2503026,0.0018104959,-0.46825948,-0.30493355,0.14364074
-0.39605856,-0.21077058,0.14210224,0.08413863,0.20239678,0.34423485,0.40174276,-0.34766674
-0.267394,0.02938566,-0.9135233,0.045869112,0.053375013,0.116990805,0.18717273,-0.118359394
-0.4049278,-0.021983694,-0.45097822,0.34137273,0.37512758,-0.06849303,0.30715096,-0.08494364
-0.35757637,-0.2355544,-0.6389916,-0.2510571,0.12095112,0.10628313,0.30184826,-0.21735696
-0.51593095,-0.23675612,0.7026081,-0.1936121,0.35323384,0.09848549,0.25270832,-0.08940388
-0.39299056,-0.19032943,-0.57204473,0.61722565,-0.30448627,0.7336723,0.61213374,0.3103204
-0.5300999,0.13843329,-0.36827296,3.4451485e-05,0.519969,-0.1843824,0.20069885,-0.15491635
-0.3872993,-0.3444853,0.5117818,0.80294144,0.42689168,0.555051,0.24277145,-0.3486915
-0.42432654,-0.14192547,0.26439524,0.062351227,-0.27829742,-0.61595654,0.0709363,-0.15503885
-0.4398209,-0.014817814,-0.4277013,0.107650876,0.09396382,-0.65253526,-0.49345997,0.19504845
-0.42473653,-0.3548983,0.7767992,-0.056999624,0.45859715,-0.2898517,0.18839325,-0.032892313
-0.28439718,0.11374938,0.2626282,0.008764148,-0.46993333,0.54038614,0.24013574,-0.011531917
-0.4786367,-0.030910779,-0.3777755,-0.040959835,-0.11906718,-0.6688162,0.16147943,-0.21553724
-0.5404324,-0.19969846,-0.71058285,-0.60792637,-0.15884766,-0.08803937,0.07197177,-0.23515393
-0.4028404,0.017766345,0.6126642,0.03755641,-0.3452598,0.62604845,0.09313184,-0.15089741
-0.5685818,-0.030536506,-0.50188935,0.70215595,0.17946844,-0.39580682,0.10160917,-0.10525141
-0.23101516,-0.22482555,-0.95972073,-0.07061869,-0.07462854,0.7405939,0.46139875,-0.21776663
-0.35420537,-0.14311981,0.11960292,-0.50240326,-0.1794101,-0.5664948,-0.040422473,-0.003506143
-0.50671446,-0.26641053,0.75200653,0.33047652,-0.087898046,0.042357948,0.20466146,-0.17640218
-0.4499385,-0.11271345,0.56948364,0.069862604,0.4228631,0.18680406,0.33457106,-0.23594555
-0.3320587,-0.28160915,0.4650631,-0.18728572,0.25422737,0.21249159,0.404485,-0.14987573
-0.21385482,-0.23140064,0.33469033,0.5866283,-0.11212502,0.64284325,0.66668063,0.037374638
-0.4307026,-0.16177769,0.22194064,0.64830434,0.24881889,0.10587157,0.34960562,-0.065808795
-0.57518053,-0.4160005,-0.0023546815,-0.72170496,0.3837,0.5673233,0.45139453,-0.115977965
-0.4681319,-0.19207811,0.4601617,-0.19385189,0.34178847,0.34181195,0.40274787,-0.1726935
-0.19805533,-0.3085408,0.63834286,0.106386304,-0.043264404,0.72999316,0.13034913,0.12645248
-0.2383865,-0.020228487,0.41282928,0.65384245,-0.22728005,0.6050495,0.6450264,0.1067786
-0.30591115,-0.031577867,0.7880037,0.35584068,0.26032102,0.3395424,0.33290142,-0.19455606
-0.40513235,0.05692208,-0.13015789,-0.75090635,-0.10900141,-0.6472824,0.046517145,-0.2700742
-0.05787829,-0.2888751,0.3346535,0.5497923,-0.11333502,0.6369842,0.5231056,0.06094174
-0.18376969,-0.40912652,0.5153415,-0.41613358,-0.1387028,0.83043176,0.49155974,0.059073217
-0.27334487,-0.032280665,0.6357657,0.7369411,0.24380213,0.33643135,0.27325508,-0.110431045
-0.49331048,-0.08017586,-0.15484315,-0.7494301,-0.23763217,-0.6300697,0.12716046,-0.12770073
0.001849575,-0.3535794,-0.8056368,0.36834538,0.3606724,-0.5745659,-0.09559832,-0.0305791
-0.27305076,-0.15498067,0.01849699,0.8384057,0.16409144,-0.051354796,0.3899344,-0.20936503
-0.5461869,-0.38598236,0.010129929,0.04374051,-0.06766034,0.7780814,0.64030856,0.09797051
-0.4156178,-0.10899392,-0.092705905,-0.6695114,-0.15854217,-0.4773817,0.1617898,0.1825287
-0.4296713,-0.17741996,0.1776514,0.22963881,-0.8564528,0.34033805,0.36018518,-0.2314608
-0.18465573,-0.34907115,-0.76219976,-0.45626152,0.052340038,0.23501226,-0.19009773,-0.16362222
-0.23131807,-0.049426485,0.10667205,-0.6926085,-0.012006252,-0.00787294,0.09483792,-0.23382032
-0.4481409,-0.18446808,-0.5424825,0.6834129,0.26099294,-0.39329547,0.2613901,-0.049345825
-0.38401332,-0.24997747,-0.64089435,-0.47155648,0.20525824,0.38545856,0.42194277,-0.26264513
-0.14668939,-0.27148756,-0.765345,-0.43798405,0.08146859,0.30880818,-0.031650804,-0.5029862
-0.41567716,-0.3080888,-0.37991315,0.7829044,0.106329456,0.18118924,0.3975853,-0.21019791
-0.55286837,0.07780697,0.6589954,0.37871575,0.45024115,0.097971655,0.23056029,-0.032472473
-0.3494224,-0.17234547,-0.49031717,0.51261187,0.19748212,0.14676681,0.2722174,-0.004066906
-0.461288,-0.18749386,0.12876225,0.44016683,0.093095586,0.14330639,0.2769175,-0.06551029
-0.79658335,-0.13270594,0.046410084,-0.16567302,-0.8261131,0.15462364,0.20998493,-0.12391156
-0.3367429,-0.40340713,-0.115361094,0.018291831,-0.08286664,0.83739036,0.5248177,-0.0058358256
-0.023202809,-0.09425951,0.2832334,0.8454621,-0.5625429,-0.5258572,-0.50857717,-0.050193686
-0.17743267,-0.07822739,0.06683898,0.7670057,0.4231234,0.45647883,0.40255573,-0.19984497
-0.23374937,-0.40214273,-0.036647916,0.5687494,0.19163269,0.52068025,0.39948088,-0.18369286
-0.17510766,-0.2278025,0.45942926,-0.5456949,-0.34332156,0.76671666,0.8234382,0.31088948
-0.5199474,-0.15846445,-0.7854849,-0.47815073,0.20497951,0.16317391,0.13743655,-0.35757113
-0.007048251,0.043114845,-0.030087888,-0.002695918,-0.68408716,-0.5029125,-0.65503806,-0.10040119
-0.12512583,-0.30457497,0.3636315,0.6952076,0.17238459,0.50663096,0.40303668,-0.08228221
-0.023119869,-0.14954557,0.46070743,-0.62158406,-0.08668272,0.6269817,0.68053555,0.048546568
-0.5864843,-0.20133577,0.8060032,0.55762184,0.36489996,0.27206,0.28841937,-0.19756837
-0.60811204,-0.08890978,0.06605196,0.56526923,0.4832293,-0.48487535,-0.054156385,-0.00073873374
-0.22110716,0.045277033,-0.4284395,-0.77449566,-0.14730407,0.60128707,0.5891082,0.029412543
-0.33758566,-0.115138076,0.2560284,0.15901697,0.19662091,0.2534185,0.33869338,-0.2692331
-0.23992004,-0.104421236,-0.75782853,0.08596742,0.06845691,0.4503719,0.394716,-0.261075
-0.40220588,-0.13762185,0.49946892,0.5525079,0.4008671,0.10155773,0.28465658,-0.1052205
-0.45554855,-0.3493301,0.6422086,0.6502032,0.30207607,0.37296432,0.4397845,-0.2784398
0.14371453,-0.43989873,0.69415593,-0.61940134,-0.4291071,-0.2580379,-0.27308023,-0.16499953
-0.32421482,0.055354524,-0.9142389,-0.17584503,0.43564352,0.20807503,0.30495793,-0.16888979
-0.34148094,-0.14733124,-0.17065841,0.8326942,0.110727854,0.22844817,0.18825208,-0.21247302
-0.7327724,0.05797631,-0.5607239,0.07127404,-0.018708268,-0.69211423,0.11058956,-0.18602137
-0.48910153,-0.103545874,0.41424453,-0.7721931,0.401183,-0.2683662,0.16239184,-0.2587286
-0.26460478,-0.18952021,-0.031835854,0.27669752,-0.34455988,-0.10034755,0.15351097,-0.15246376
-0.33329692,-0.09544973,-0.6002569,0.51176107,0.13172455,-0.4152582,0.18525417,-0.03774017
-0.4211326,-0.28297415,-0.24116498,0.38600814,-0.28085837,-0.6645869,0.17728733,-0.019291326
-0.12970743,-0.17476141,-0.6715172,-0.18378323,-0.29384208,-0.005811055,0.028892502,-0.12420817
-0.49519953,-0.20594907,0.41055334,-0.7688389,0.41656816,-0.2030386,0.17578356,-0.12778853
-0.12720832,-0.25836942,0.117414355,-0.76876706,-0.41652745,-0.28052723,-0.1693895,-0.06039454
-0.43922758,-0.09798877,0.27968395,-0.76773727,0.90360904,-0.048909925,0.4674587,0.11491878
-0.51208603,0.19648789,0.30141747,-0.78681487,0.66449034,0.0139245335,0.17193475,-0.1919824
0.12186308,-0.331377,0.41589546,0.67661023,-0.19584367,0.70573854,0.4862468,-0.00017904553
-0.33613762,-0.07941003,-0.93258506,0.34995604,0.3433234,0.12433043,0.47782812,-0.21863419
-0.15373352,-0.29480505,-0.37609416,-0.23222262,-0.43079555,-0.1828414,-0.22862011,-0.27946448
-0.3756153,-0.0952478,-0.015129685,-0.30707365,0.041130103,-0.3798347,0.08001659,-0.073163204
-0.38442335,-0.17417914,0.3788165,0.6253853,-0.08414277,0.773092,0.5032114,0.07700188
-0.48388863,-0.2531375,0.16827774,0.22650397,0.24175636,0.20438278,0.3769184,-0.1245524
-0.25181422,-0.045126993,0.28325343,0.46880686,-0.09376915,0.673148,0.6476648,0.06392016
-0.21263956,-0.16625114,0.4956845,-0.8619411,-0.32108337,0.66638774,0.5699517,0.19357008
-0.6529661,-0.167845,0.5105339,-0.2054357,0.15953305,-0.46911293,-0.10574486,-0.17475927
-0.44660616,-0.10348473,-0.34538972,0.6418103,-0.11352037,-0.75150853,-0.48535654,0.16673023
-0.2715689,-0.05862176,-0.44609314,0.24666107,0.25750944,0.2862344,0.29655322,-0.1324501
-0.197593,-0.1437666,-0.0026874542,-0.7454111,-0.24122445,0.6731198,0.36160916,0.03479273
-0.3422098,-0.38261434,-0.5758939,-0.24633366,0.03811076,0.7280611,0.4761335,-0.11941976
-0.1637041,-0.03794117,0.3548472,-0.80735683,-0.37659064,0.76204956,0.6526177,0.28791592
0.01151274,-0.20392172,-0.8585117,-0.09811109,0.15644729,0.33693308,0.43388128,-0.029766053
-0.51777077,0.017135132,0.3979982,0.3721503,0.27216354,-0.4126548,-0.018846657,-0.7500086
-0.33197758,-0.23521984,0.056794286,-0.9045515,0.31324404,0.23391448,0.44720972,-0.06649094
-0.6209268,-0.096368395,0.3304646,0.68806636,0.3893946,0.322349,0.4519627,-0.15865183
-0.5306336,-0.13520785,0.29193616,0.45980763,0.0600795,-0.47076866,0.052065603,-0.10407165
-0.6986518,0.039522726,0.076597214,0.97068155,0.66167945,-0.30890492,0.1878623,-0.009661106
-0.59872633,-0.110186845,0.13060188,0.4429444,-0.0638267,0.77965623,0.64795107,0.096191175
-0.5604659,0.062736265,-0.5222704,-0.6255405,0.40178898,0.2500418,0.2858913,-0.15893738
-0.39305052,0.0013011292,-0.7406413,0.5566255,0.20569588,0.17478065,0.32225007,-0.15476303
-0.13571543,-0.17369749,0.38637626,0.7619395,-0.70319194,-0.28172883,0.35362962,0.38896927
-0.25465387,-0.010432939,-0.6771754,0.35175967,0.096678145,0.10902683,0.4278695,-0.07320039
-0.42953637,-0.011905293,-0.15986389,0.75034714,0.050221194,0.8545639,0.25157422,-0.021389386
-0.060032565,-0.23114762,-0.9254676,0.37868166,0.14174372,0.15682942,0.2713901,-0.2143014
-0.368999,0.12125384,-0.35266703,-0.54189277,0.36065137,-0.27761596,-0.060099468,0.009758759
-0.29539666,-0.20116504,-0.7364306,-0.30775815,-0.31128854,0.015106673,0.20835753,-0.15259613
-0.5701628,-0.12560642,0.37374377,0.61400294,-0.10362775,0.8479304,0.6321945,0.08880913
-0.7058247,0.09758147,-0.2415111,-0.39456415,0.21517849,-0.68731767,-0.24622177,-0.4747959
-0.41759422,-0.17398027,0.36647582,0.76461613,0.35983542,-0.04002579,0.39379075,-0.21155362
-0.27172312,-0.35638198,-0.34572637,0.52100265,-0.40369332,0.6082367,0.2010065,-0.035921123
-0.595412,-0.20996937,0.27866685,0.49960816,0.33729059,0.28085026,0.32266718,-0.19252524
-0.36908746,-0.18475048,-0.0879038,-0.3746739,0.00681345,-0.39968297,-0.0010049837,-0.069455005
-0.5240657,-0.23307209,0.18742216,0.46522844,-0.07791633,0.77362776,0.6013854,0.084531605
-0.31794158,-0.03693494,0.8452176,-0.14937931,0.13216577,0.2933474,0.30912706,-0.06712303
-0.39941618,-0.062078003,-0.51304543,0.50191844,0.31202918,-0.05442944,0.14643791,-0.13888896
-0.45012164,-0.1182388,0.096808314,0.4322127,-0.45591298,0.64541703,-0.13143446,-0.12777571
-0.32253802,-0.27110496,-0.37977815,0.7860575,0.35748833,0.21428367,0.49272498,-0.09901852
-0.5031422,-0.1769007,0.13119173,0.44587505,-0.099997,0.80058086,0.65143687,0.04458985
-0.22195342,-0.20948976,0.32291603,0.172696,-0.37160152,-0.31532896,0.18113796,0.44826335
-0.3037123,-0.17343855,0.59168375,-0.46431494,-0.74255335,-0.47794124,-0.39753902,-0.08463364
-0.6519722,-0.13814333,-0.579638,0.68503416,0.5801527,-0.20379971,0.31942534,-0.10098254
-0.5115077,-0.009107958,-0.25038975,-0.9208965,0.08050201,-0.027412761,0.022530248,-0.05811886
-0.45598656,-0.16870211,0.27405632,-0.85322267,0.23970976,0.23141874,0.30724838,-0.13385056
-0.02294411,-0.09456252,0.2832334,0.8454621,-0.47745916,-0.5472421,-0.51309747,-0.07539297
-0.63267,-0.24556912,-0.28583586,0.53322196,0.41862732,0.20199509,0.35651234,-0.18581754
-0.47018114,-0.13290432,-0.006006539,-0.35668314,0.3740043,-0.1272505,0.25251213,-0.03356807
-0.67433304,-0.18569429,0.14827597,-0.64109516,-0.07345243,-0.7160659,0.18544757,-0.20709686
-0.14443177,-0.2258132,0.27332664,0.7521231,-0.26871347,-0.16187124,0.28721797,-0.031854022
-0.36492774,-0.06324663,-0.7679163,-0.57910466,-0.25715718,0.000894202,-0.026328374,-0.46923286
-0.11201008,-0.10301354,-0.6278467,-0.23210526,-0.27337977,0.42168674,0.4146996,-0.15888754
-0.50960165,0.08397318,-0.24858057,0.87873566,0.18255162,-0.30613163,0.23735571,-0.27576384
-0.5755125,-0.27914128,-0.6813133,-0.41579902,0.3525878,0.2501374,0.3735538,-0.1965871
-0.34738177,-0.15448312,-0.2382071,-0.7757759,-0.4494204,-0.5033756,-0.19389717,-0.028566085
-0.4080905,-0.18578099,-0.871542,0.04513836,0.11148952,-0.42371273,0.11628854,-0.11432102
-0.31871822,-0.20505518,0.2673273,-0.9423803,-0.24791238,0.7502382,0.5642315,0.041596223
-0.5333249,-0.14920655,-0.047258914,0.5697576,0.46896163,0.26388472,0.3535587,-0.19614622
-0.08676511,-0.18277773,0.064993024,-0.31099033,0.1433859,0.036403082,0.14648306,-0.1644402
-0.301625,-0.2944406,0.6245978,-0.02935946,0.36887464,0.60024494,0.3581049,-0.32959726
-0.4012229,0.17835759,-0.110717475,-0.6739117,-0.23884971,-0.43128076,0.23663007,0.22566329
-0.6340581,-0.17291614,0.35185027,0.6965599,0.3894239,0.24940838,0.4135683,-0.23480974
-0.38226107,0.06779116,-0.33959365,0.40021873,-0.0689139,-0.3716833,0.085599005,-0.055109244
-0.45190278,0.09043158,-0.35035855,0.75430214,0.43284482,0.2596966,0.46217057,-0.099230655
-0.27147278,-0.32136768,0.22099638,0.6546074,0.3552247,0.15851544,0.40723124,-0.14413916
-0.5043201,-0.25985187,0.4849651,0.71444225,0.54608226,0.3029013,0.24968082,-0.08176645
-0.5682931,-0.008698459,0.77271736,-0.07592964,0.34612224,-0.029120432,0.25836855,-0.11111573
-0.48156014,-0.34091958,0.5960438,0.24989367,-0.34200293,-0.6881221,0.036389235,-0.077603824
-0.5370784,-0.13841166,-0.7679449,-0.2227732,0.17735983,0.26926917,0.16223922,-0.28863296
-0.28112233,0.04500157,0.12821305,-0.15809077,-0.19048055,-0.44543126,-0.11156837,-0.2404763
-0.32606432,-0.3967564,0.36548996,-0.02360928,0.4158199,-0.32218438,0.29320183,-0.21416198
-0.57886994,-0.44610396,0.04891169,0.6774564,0.36358148,-0.054608308,0.35967037,-0.31544366
0.21855573,0.073779516,-0.053382397,0.8599216,-0.5052065,0.3027435,-0.42380127,-0.35852674
-0.29540834,-0.27996838,-0.7529565,0.23287761,0.38235298,0.28662097,0.4274486,-0.026163708
-0.4754898,-0.2551585,-0.31597048,0.70386267,0.4385915,-0.16691668,0.29587936,-0.15793337
-0.33083585,-0.01583105,0.28354013,-0.9282124,-0.26799348,0.6981486,0.2271482,-0.14336726
-0.5294084,-0.16397804,-0.54780656,-0.48246825,0.1465513,0.1037573,0.13131994,-0.0041980697
-0.362247,-0.14981428,-0.2077269,-0.5568498,0.021188254,-0.35405874,0.41859013,0.0022329187
-0.31998718,0.1565382,-0.8494797,-0.14986944,0.22390993,0.22329192,0.22943415,-0.30481687
-0.45535216,-0.014592956,0.3750806,0.0037368536,0.247659,-0.36482045,0.018520163,-0.05779358
-0.14994174,-0.17853233,0.21521115,-0.7640295,-0.307717,0.7363164,0.42160383,0.47303808
-0.3424047,0.12911384,-0.041786075,0.99285376,0.38388765,-0.052979898,0.29141933,-0.15240803
-0.53394914,-0.14203994,-0.21108675,0.3104967,0.37334564,0.18488531,0.33367062,-0.0943859
-0.39904457,-0.2489969,-0.31435722,0.85832417,0.14867134,0.08134901,0.12317634,-0.05360921
0.17385142,-0.11085652,0.26511407,0.28353453,-0.08528253,0.5694323,0.35199878,0.734683
-0.23899138,0.22584884,-0.7271116,-0.06971812,0.520332,0.38502288,0.47212678,-0.24807075
-0.45001477,-0.042667758,0.47208142,0.7319937,0.49782595,0.34823194,0.35352758,-0.07097733
-0.356492,-0.089411356,0.4504403,-0.8763572,-0.19415712,0.68207955,0.6768499,0.25326353
-0.3609894,-0.089489214,0.78376555,-0.042692065,0.4049894,-0.31579632,0.22625732,-0.07510021
-0.49353096,-0.20997582,0.5299405,-0.375701,-0.062849134,0.88464683,0.3708998,-0.06484837
-0.061654676,-0.03048351,0.393543,-0.5794588,-0.39387777,0.44910014,0.42874077,0.06525042
-0.22167593,-0.1220462,0.3222388,0.15590024,-0.3074899,0.38652182,0.16366018,-0.21605957
-0.42013296,-0.13702579,0.7676761,0.10298383,-0.14313345,-0.70017326,-0.13964093,-0.37845364
-0.5317648,-0.095844224,0.09652901,-0.8157235,0.37302008,-0.3843388,0.16021793,-0.074755274
-0.48932686,-0.1288188,0.45578873,-0.058052897,0.39302772,-0.4536129,0.050009347,-0.07728588
-0.2945148,-0.13145055,-0.33632183,-0.91203,-0.112911955,0.6515023,0.18988594,-0.3183251
-0.37561128,-0.2379635,0.0049028397,0.2811458,0.3685331,-0.38853672,-0.59605694,0.24339624
-0.38998613,-0.116980165,-0.34724742,-0.8862838,0.27658144,0.4061345,0.19996499,-0.3407357
-0.37343144,0.0074653523,-0.28272784,0.63553727,0.12204685,0.090851165,0.25716028,0.011602466
-0.4294708,0.07309397,0.37019992,-0.013666153,0.3833386,0.2708378,0.30225816,-0.13197775
-0.30742958,-0.22964141,0.010787487,0.65474963,0.1958664,0.19621874,0.47987655,-0.10614466
-0.34499797,-0.16447309,-0.3537699,0.7816385,0.31619874,0.21175799,0.36269704,0.020360779
-0.34473634,-0.14218199,-0.5718087,0.19935632,-0.4780391,0.63145626,0.44448045,0.098803006
-0.57353806,-0.079007305,-0.15738368,-0.22333139,0.11095893,-0.48729318,-0.09186567,0.07696725
-0.2926765,-0.25810888,0.7227601,-0.37661982,0.19247417,0.33061036,0.053062737,-0.14064135
-0.04474351,-0.2359907,-0.43788993,0.88905454,-0.36239088,0.4369136,0.5016826,0.24320295
-0.38008922,-0.035663594,-0.96052825,0.23437,-0.05462959,-0.44171774,0.076170504,-0.05710002
-0.4514294,-0.03444873,0.38893628,-0.6112866,-0.16061112,0.8498127,0.26558983,-0.057481032
-0.38155428,-0.19073771,-0.08631182,0.581602,0.071036816,0.11435763,0.3341176,-0.045220748
-0.38253564,-0.18709368,0.14799953,-0.6723809,0.40732777,-0.013091303,0.34383857,-0.11915724
-0.7020392,-0.3467466,0.33403683,0.7007662,0.421064,0.26834306,0.34610948,-0.16596904
-0.35482475,-0.37920153,-0.8190077,-0.12221712,-0.022894774,0.6603898,0.27427113,-0.01938437
-0.35220042,-0.0022110448,-0.01994884,0.7754332,-0.10880329,0.7963082,0.46766886,-0.00058974803
-0.5918212,-0.0020232156,0.18119347,-0.6920079,0.4004926,-0.36893705,0.21516281,-0.13833524
-0.26983982,-0.023695644,-0.7985498,0.39694417,0.32000896,0.12266555,0.37432244,-0.16415967
-0.19283737,-0.3047921,-0.7188548,-0.29317218,0.14105825,0.35280836,0.19382097,-0.3114433
-0.42610773,-0.087961085,-0.812076,-0.22088617,0.4133329,0.251834,0.41238046,-0.2285627
-0.38317907,-0.22366427,0.40649378,-0.7731364,0.3475286,-0.07375889,0.22388111,-0.14393792
-0.4650511,0.15909396,0.54851186,0.07147372,0.4449574,0.24727505,0.33618167,-0.0971496
-0.27864313,-0.12644458,-0.34005618,-0.17605883,-0.18202996,-0.30400625,0.05269739,-0.11556706
0.003253473,-0.15869042,0.3976544,-0.76368886,0.42164022,0.487921,0.2519444,-0.22876453
-0.42249554,-0.37849167,-0.8225156,-0.50281835,0.080188476,0.28361621,0.15185162,-0.30818796
-0.39567956,-0.08000872,0.56129646,0.39609957,-0.4417332,-0.6771622,-0.09483214,-0.31686625
-0.3766883,-0.134194,0.919703,0.348063,0.23513828,0.17026272,0.27903876,-0.16511242
-0.3125689,0.2006649,0.8658724,0.28337228,0.21302599,0.017161205,0.44243115,-0.16288005
-0.18899293,-0.042474966,0.3369969,0.39770985,-0.2812442,0.78273803,-0.036776245,-0.65147877
-0.38933566,-0.15019476,-0.9206211,-0.13539732,0.47714755,0.30048326,0.3130824,-0.2805617
-0.43728969,-0.06521445,0.20148766,0.8881718,0.29621962,0.32208785,0.42309707,-0.23523934
-0.36755058,-0.19607525,0.6705396,-0.63146436,-0.21626425,-0.09266933,0.2620002,-0.13890462
-0.45749673,-0.13359836,0.02000451,0.117473006,-0.44826445,-0.6895741,-0.44197732,-0.0021175
-0.35930908,-0.33821222,-0.36934334,-0.65707135,0.12548918,0.16144091,0.3316937,-0.16342744
-0.10911752,-0.20909935,0.7549088,-0.05123943,0.043512937,0.30114076,0.029563965,-0.4566578
-0.43546903,-0.20662975,-0.59583277,0.030952454,-0.00795514,-0.73485494,-0.37471676,0.13988832
-0.3576719,-0.2902616,0.7960192,0.37030244,0.082500845,0.26587537,0.032134853,-0.30260262
-0.6102341,0.05387873,0.2730968,-0.25893003,0.490056,-0.16857634,0.06760142,0.07805771
-0.57957464,-0.114157096,0.8280649,-0.4356739,-0.365708,-0.61947536,-0.3747986,-0.4936454
-0.42428413,0.039029304,-0.21750665,-0.84422976,0.30571058,0.38694417,0.40487343,-0.14733814
-0.47345227,-0.15498407,0.122347474,-0.30316532,0.14209388,-0.38209754,0.117725834,-0.100791335
-0.0723933,-0.020791586,-0.6445264,0.32444823,0.33537126,0.21306668,0.32840005,-0.22416876
-0.044787783,-0.16515042,0.3887341,0.7627889,-0.73525274,-0.30507967,0.25686827,0.2897618
-0.3833517,-0.28443936,0.1494801,0.472332,-0.16368917,0.6502888,0.5089624,0.074992545
-0.3125506,0.07132202,0.17080426,0.11660838,-0.34801817,-0.6603516,-0.36799166,-0.11367028
-0.3391728,-0.03392491,-0.7971778,0.10920501,0.41198596,0.47135556,0.34923506,-0.22537059
-0.5266916,-0.26042432,0.055299044,-0.7772075,0.33505985,0.3011826,0.34693536,-0.20633033
-0.47019377,-0.03206646,0.5518578,-0.3575185,0.23506673,-0.2949023,0.1544928,-0.013669808
-0.04498226,-0.23490112,0.88104665,0.2720412,-0.7188353,-0.4804094,-0.7400836,-0.11999506
-0.5917707,-0.06470813,0.2337693,-0.073812306,-0.85978895,0.13377143,0.34677148,0.044988256
-0.64387405,-0.27093637,-0.644611,-0.057647347,0.13728262,-0.6588978,0.06982191,-0.23981094
-0.38567734,-0.22285843,0.13591146,-0.6237588,-0.0909059,0.7489452,0.32781267,0.0029315222
-0.46373656,0.07897662,-0.14056665,0.75044715,0.43513307,-0.43875998,0.022328831,-0.102911435
-0.08808866,-0.069824256,0.96176803,0.05981469,-0.83396465,0.17060362,0.16991131,0.065632164
-0.021384897,-0.21145892,0.5876361,-0.056777894,-0.12298427,-0.0071642594,-0.0660025,-0.08515829
-0.1684547,-0.1125681,-0.43546003,0.70865774,0.05278777,0.239269,0.33717927,0.014349248
-0.46861565,-0.17954385,-0.841244,0.17403221,0.48958647,0.45011735,0.2525922,-0.24358442
-0.3142514,0.03629065,-0.7763683,-0.21420187,0.14970285,0.17662743,0.39019045,-0.11953904
-0.31952116,-0.19684525,-0.76043046,0.61658514,0.34135637,-0.19878656,0.37370402,-0.18506673
-0.35009167,-0.05387653,0.7688861,-0.24271417,0.18441601,0.1297918,0.39005107,-0.10182628
-0.53680784,-0.25929028,0.14879513,0.14114892,-0.2037783,-0.6810253,-0.4222317,-0.1318948
0.19973789,-0.12814532,0.34693575,-0.5694958,0.35625964,0.9034837,0.53116137,-0.71471626
-0.67086995,0.059558842,0.124224186,0.12003529,0.27447075,-0.6216447,-0.30000755,-0.20061836
-0.3430293,-0.31488076,0.04490769,0.24443269,0.16740014,0.260662,0.3734028,-0.18833335
-0.31779668,-0.19441824,0.34183514,0.24932218,-0.030773988,-0.20384951,0.20487706,-0.18256445
-0.25814703,0.114886306,0.39057064,0.032601357,0.43717447,0.5341073,0.51614225,-0.36588275
-0.30644646,-0.12659651,0.5233662,0.29441535,-0.071981594,0.82055473,0.57459456,0.011579
-0.53613424,-0.14114574,-0.20168304,0.9254744,0.34638172,-0.37981468,0.019420909,-0.09912754
-0.40654883,-0.15508386,0.6371578,-0.09442812,0.15503967,0.050626107,0.3099709,-0.23794308
-0.6696334,-0.20920575,-0.01414597,0.64729595,0.47226104,0.11032548,0.31807572,-0.12511262
-0.2934657,-0.24414761,-0.1643436,0.19874358,0.33174485,0.07051249,0.17222807,-0.15046439
-0.47653162,-0.12791306,-0.30280954,-0.65841013,-0.40400463,-0.78437227,0.19111216,0.074395634
-0.19181636,-0.28051978,0.23838794,0.47480214,-0.25745943,0.7908293,0.72295994,0.08854027
-0.38450003,-0.044521157,-0.095395446,-0.6733856,-0.8650069,0.15851484,0.32251212,0.11190106
-0.41796058,-0.18024565,0.4959073,-0.36077052,0.13128781,0.13931994,0.15610275,0.0085984655
-0.20001204,-0.17697647,-0.52399933,0.35821712,0.32882014,-0.13807817,0.37881783,-0.13288233
-0.5638316,-0.22333692,0.57616603,-0.73741287,0.1847156,0.103637144,0.20023519,-0.114681795
-0.33654904,-0.08356409,-0.27906322,0.64032435,0.07472843,0.17342581,0.37992942,-0.037459437
-0.23371956,-0.17116633,-0.517326,-0.1997298,0.24666631,0.17824487,0.3607832,-0.12649393
-0.76085216,-0.13028769,0.55069864,-0.25972384,0.3569285,-0.54271173,-0.20435844,-0.15593046
-0.32117814,-0.036866676,-0.31544465,-0.7504547,0.28438655,0.36253297,0.57244104,0.20177153
-0.46316946,-0.23197468,-0.6797105,-0.3459369,0.3848017,0.30484465,0.3714282,-0.3023548
-0.03798755,-0.191086,-0.18079627,0.8959254,-0.6421731,-0.15161541,-0.43092334,-0.3454052
-0.3868529,-0.11997696,0.75433254,-0.6474147,0.3719027,-0.078744195,-1.039774,-0.04953155
-0.35955548,-0.242882,0.44478393,-0.8059666,-0.18572758,0.7063236,0.66682744,0.25253537
-0.35743308,-0.30669186,-0.9274961,0.02438891,0.31750104,-0.009165359,0.12683447,-0.24817148
-0.14585596,-0.17665401,-0.33063132,-0.34272832,0.037449926,0.085047305,0.3167752,-0.12830858
-0.13822843,-0.27982688,0.4930303,-0.19450784,0.26936457,-0.036410373,0.108821325,0.47010005
-0.4107661,-0.29441273,-0.45589447,-0.37696016,-0.6508236,0.55784225,0.20831096,0.51546675
-0.34057996,0.12051573,-0.73287034,0.5712321,0.27701047,0.2863966,0.38795197,-0.33720115
-0.38907838,-0.058095638,-0.15867007,0.20379066,0.39239213,-0.075411655,0.18289629,-0.15183546
-0.3568439,0.023239706,-0.8517726,0.2819836,0.33916858,-0.12878086,0.18494385,-0.10908824
-0.5699174,-0.26679957,-0.55024534,-0.075625956,0.28749192,-0.5089937,0.33576545,0.11358531
-0.46413088,0.06823855,-0.32186818,-0.14277774,0.33397156,0.24363352,0.4092672,-0.16446222
-0.22891325,-0.1538224,-0.4865564,0.5620202,-0.2612383,0.6943781,0.6022606,0.11759082
-0.31022972,-0.28523302,-0.39744318,0.7272055,0.17173657,0.27174404,0.31197703,-0.2715797
-0.46062174,-0.17859438,-0.7717077,0.22294211,0.24108571,0.25067532,0.40542087,-0.052812275
-0.3944577,-0.06522879,-0.8769526,-0.074398935,0.34704098,0.20345348,0.40419278,0.0034334236
-0.28721464,-0.12407572,0.24607444,-0.45729262,-0.24169403,0.037733532,0.27364358,-0.25978872
-0.47073913,-0.07641565,0.6041379,-0.1881386,0.09420735,0.23063852,0.10182961,-0.2663307
-0.37550712,-0.20922782,0.3240657,-0.60020477,0.2572464,0.2568709,0.3682075,-0.11811601
-0.4338681,-0.19014256,0.31091285,0.114393234,0.20610465,0.045978066,0.2806909,-0.19198307
-0.07711244,-0.37900326,-0.19838381,0.1688869,-0.1434038,-0.12576778,0.0016614913,-0.09781148
-0.61436564,-0.098297775,0.26680923,0.25654113,-0.2206983,-0.70737576,-0.101063624,-0.062472045
-0.2463965,-0.1635233,0.16855073,-0.8920036,0.00843438,-0.128799,0.044077005,-0.09208548
-0.31594905,-0.27251852,0.5415778,-0.20110518,0.30007693,0.34052795,0.31435448,-0.23464093
-0.30473837,-0.1903532,-0.25687212,-0.72653633,0.05820165,0.015386968,-0.53421664,-0.35580716
-0.47517768,-0.08491181,0.3084705,0.0018149614,0.36444762,-0.30648893,-0.0061658123,-0.048198074
-0.4314543,-0.19337875,0.13820255,0.09047663,0.32287678,0.24859266,0.35353208,-0.3396188
-0.5947313,0.23721053,-0.4695118,0.4578824,0.64687085,0.14073117,0.40096417,-0.023300527
-0.3601768,-0.16678627,-0.26776844,0.6462499,0.17143026,0.14586626,0.41119254,-0.003942626
-0.5340092,-0.1132245,0.734051,-0.38115144,-0.8019289,0.31570354,0.26855177,-0.1633697
-0.37288433,0.016959433,-0.40249062,0.7300894,0.3324841,0.30955198,0.3139841,-0.20258963
-0.29800206,-0.04270203,0.15286124,0.40644228,-0.52940184,0.5047359,0.4874433,0.09476801
-0.26422736,-0.030991819,-0.56377757,-0.30754465,-0.010263189,0.11278964,-0.23940651,-0.35917366
-0.22875616,-0.38608947,0.06686425,-0.7780025,-0.047989585,0.7444453,0.7308204,0.08944814
-0.54253197,-0.20791826,0.11853576,0.2513349,0.5390677,-0.07735814,0.12087717,-0.22718292
-0.5231806,-0.079226084,0.3094139,-0.7058976,-0.15170848,0.7615507,0.5999913,0.14529485
-0.5556957,-0.32275122,-0.27178627,-0.52201235,-0.23828244,0.052832026,0.0912837,-0.3179351
-0.24752925,-0.25866517,0.28918397,0.032571197,0.07999485,0.2698817,0.0127853835,-0.23664002
-0.41312483,-0.10755165,0.13111496,0.5789515,0.39251676,0.7291447,0.33029684,-0.13865
-0.07251489,-0.31596538,-0.4083823,0.36687398,-0.16067024,-0.22447696,-0.4933126,0.09783236
-0.38887832,-0.019761648,0.6150129,0.44926727,0.26004836,0.45453906,0.354418,-0.14388414
-0.54279864,-0.16190265,0.23224509,0.032405138,0.5105993,0.24386899,0.3126933,-0.07723048
-0.5510257,-0.31525102,0.6103828,-0.15341485,0.23742092,0.12461745,0.35703778,-0.26941362
-0.37532082,-0.05248927,0.5591514,-0.5411041,0.17999525,-0.30156022,0.33689287,-0.12180775
-0.69953185,-0.13414106,0.39660656,0.53931594,0.589344,0.079666056,0.27470267,-0.055323288
-0.45699856,-0.14220266,0.46115243,-0.6057694,-0.89582276,0.27141336,0.30110213,-0.058904756
-0.5566994,-0.2882199,-0.6192423,-0.54004085,0.36596382,0.6076417,0.36229977,-0.22079337
-0.28765208,-0.13383393,-0.58672404,0.6626533,-0.04040062,0.7500871,0.6878127,0.009279169
-0.39245525,-0.1529258,-0.77396536,0.6175871,-0.8879471,0.123032846,0.3930474,-0.23991959
-0.5330754,-0.23505205,0.6311766,0.72948337,0.44085488,0.2673127,0.3435712,-0.25052035
-0.19581415,-0.18593015,-0.29286778,0.6601887,0.07507815,0.21378057,0.10743929,-0.27501687
-0.3964198,-0.16036966,0.4969989,0.54179835,0.24059485,0.0054734666,0.2941267,-0.19392003
-0.18270451,-0.1797511,0.15991867,0.024002314,0.3382766,0.12783687,0.105144344,-0.115444876
-0.51405466,-0.3146704,0.69751394,0.27460825,0.56559587,0.45615625,0.3574813,-0.23069583
-0.14950828,-0.04525661,0.12871635,0.54887784,-0.3404306,0.54763305,0.6570457,0.10548727
-0.36067134,-0.26023373,-0.6472196,-0.24287188,0.057768498,0.762556,0.5200332,-0.048480008
-0.37112525,-0.21315958,-0.44661182,-0.21022046,-0.5237807,-0.43529478,-0.39170483,-0.14960879
-0.566818,-0.17501129,-0.16404825,-0.71817994,-0.16968845,-0.72280383,0.023891734,-0.12829445
-0.24661875,-0.24192266,-0.3122502,0.6175673,0.024446549,-0.0009518131,0.31949747,-0.061901834
-0.51495904,0.0063768076,0.71375716,-0.12010741,0.0788743,0.07200339,-0.1648653,-0.46532986
-0.18872058,-0.27499253,-0.44292682,0.38742065,0.09560678,0.18162337,0.2150732,0.06448522
-0.35821116,0.0055933343,0.06981838,0.5866865,0.07742827,-0.47331464,0.09795122,0.018475352
-0.24168776,-0.14230211,-0.21818274,-0.8041864,-0.16920193,-0.7053389,-0.06554564,-0.06300545
-0.37582815,-0.3383671,-0.79743177,-0.26348233,-0.50151753,0.41125995,0.45409834,-0.20730402
-0.28543133,-0.19778343,-0.50328875,0.489398,0.21090353,0.29495925,0.13498522,-0.2942512
-0.1411939,-0.04321042,-0.24912238,-0.72075295,0.076305084,0.18379144,0.40909624,-0.16352482
-0.2883025,-0.07233836,0.5531775,0.30316126,0.11938346,0.02106027,0.023110311,-0.14063138
0.091000125,-0.26074502,-0.6339706,-0.4918195,0.008311457,0.35132998,0.17321382,-0.17453265
-0.3354434,0.057715643,-0.9233063,0.04914236,0.14846958,0.32137376,0.22916704,-0.34679303
-0.31006497,-0.36550513,0.584448,-0.041858852,0.16605619,0.12918079,0.1754514,-0.30107296
-0.44179466,-0.22007947,-0.25783056,0.71475685,0.4448489,0.15208434,0.32110482,-0.09169319
-0.3667047,-0.117847614,-0.7488742,0.4676677,0.2856535,-0.2690003,0.16242617,-0.032768715
1.4764574,1.3951885,0.3626727,-0.2479428,0.14572474,0.23805082,0.0384997,0.045104153
0.052174132,0.19049047,-0.8558682,0.28403246,0.5326273,0.2936846,-0.07757744,0.4791894
-0.18491808,-0.15675117,0.51595354,0.67190456,-0.14216134,0.72272336,0.4104244,0.058668897
-0.37278056,-0.32952997,0.46302354,-0.19094521,0.35062903,0.23826975,0.37298745,-0.10654099
-0.35735682,0.035896365,-0.6093518,-0.28210562,-0.020399908,0.75143075,0.543137,0.115012266
-0.30577943,-0.15877241,0.74295974,-0.39212412,0.35313925,0.49944106,0.28679898,-0.24460156
-0.35927415,-0.10387004,0.2932638,-0.32853693,-0.62795985,0.5333328,0.43638325,0.25216442
-0.32530415,-0.30127624,0.13591039,0.27569282,0.31214994,0.5623704,0.43337038,-0.22255692
-0.43850935,-0.13927661,0.05389285,-0.31381094,0.47658172,0.060725607,0.19100004,-0.02047704
-0.45412552,-0.24644244,-0.5993686,-0.27095377,-0.032653004,0.7318183,0.5611383,-0.098736756
-0.3302663,-0.29607436,-0.07998204,0.013414025,0.4623944,-0.10081412,0.33499524,-0.15605776
-0.017861398,-0.23771076,0.4113295,-0.80554616,-0.20407657,0.6011256,0.5541119,0.18370047
-0.36374548,0.085860394,0.07293594,-0.3170272,0.41046152,0.27892676,0.4171115,-0.13430023
-0.35675788,-0.27088866,-0.29522848,-0.43879062,0.54141647,-0.10111742,0.32860577,-0.113064915
-0.34453186,-0.19217195,0.63418794,-0.33217835,0.32293177,0.27181566,0.2520124,-0.20255329
-0.40027434,-0.1782494,0.16122079,0.14572048,0.17569639,0.1886681,0.16925417,-0.19138701
-0.34720686,-0.052091476,0.5774801,-0.11145496,0.29354942,0.22725801,0.4039286,-0.20182756
-0.5327098,-0.3645842,-0.74424994,0.2857126,-0.68223256,0.32463777,0.40526813,-0.17955686
-0.1442272,-0.26435128,-0.32751024,-0.6814809,-0.41162452,0.09842265,0.36883774,0.18179247
-0.3290119,-0.21967128,0.41568255,-0.75344265,0.31582874,0.37464792,0.5151971,-0.19590825
-0.26291296,-0.2327019,0.4895929,-0.36194277,-0.21665145,0.6117614,0.30542675,-0.041363277
-0.32562974,-0.13607174,-0.48355168,0.73530424,0.18378483,0.07024768,0.31230843,0.02526535
-0.37871048,-0.07006587,-0.8296787,0.30604076,0.55780685,0.117027484,0.27530396,-0.13052411
-0.38961193,-0.20820422,-0.44200486,0.36608016,0.3996775,0.13367811,0.58806723,-0.36171368
-0.3567414,-0.2237343,-0.56432223,0.014846802,-0.09810523,0.14861105,0.409227,-0.14450432
-0.3544256,-0.058012094,-0.22074878,-0.9513104,-0.0091562,-0.39894384,0.20270574,-0.09140714
-0.26588035,-0.20160605,0.013898969,0.72107005,-0.042263698,0.26404968,0.07198341,-0.16090961
-0.38026077,-0.26703328,0.07648349,0.003886819,-0.38997483,0.5430646,0.013205993,-0.28559315
-0.21238157,-0.07319176,-0.710609,-0.60588396,-0.41651723,-0.11769979,-0.2944263,-0.47528952
-0.20680879,-0.1957133,0.83202374,0.101365924,-0.1107783,0.20761992,-0.03114784,-0.45847762
-0.5416081,-0.08179286,-0.8659637,0.2962147,0.30148348,0.24853054,0.42670774,-0.20504516
-0.037658412,-0.03408615,0.29395008,0.30179536,0.43507192,-0.13112165,0.16861661,0.7879206
-0.333674,-0.14792451,0.6411449,-0.025615335,0.23434377,0.24574794,0.3455781,-0.1731211
-0.46174732,-0.35651955,-0.29094285,0.5500574,0.28784603,0.18671797,0.4064749,-0.075886644
-0.472062,-0.088602014,0.285357,-0.7911703,0.24995965,0.24837211,0.36050746,-0.3072346
-0.60444015,-0.3932312,0.52356803,-0.42067844,0.47994047,-0.29321712,0.29013267,0.23046733
-0.33439535,-0.34720936,0.43390203,0.1592133,0.41164201,-0.13878447,0.13572565,-0.14399594
-0.5133212,-0.39517757,0.31197703,-0.86279213,-0.8598086,0.083268434,0.25611556,-0.25140548
-0.328999,-0.16411737,0.025480032,0.75205195,-0.05840093,0.7663779,0.16627651,-0.0627223
-0.30724788,0.106543384,0.004376173,-0.69266987,0.25550488,0.45698538,0.25956166,-0.34758908
-0.4692268,-0.12715027,-0.16985613,0.44981575,0.44698048,-0.117390946,0.20413515,0.03893812
-0.5556095,-0.15592033,-0.76436853,-0.26616442,0.3216613,0.11691225,0.35868588,-0.06916451
-0.5242573,-0.1795147,0.0064713955,0.6883286,0.20817809,0.19231588,0.3746283,-0.073954746
-0.41836238,0.12790911,-0.5957438,-0.1867305,0.34502077,-0.4054089,0.26537848,-0.08824611
-0.33706725,0.069456466,-0.87117225,0.01292336,0.46959344,-0.09273917,-0.10396792,-0.05207188
-0.3198962,0.10117089,0.23347247,0.886883,0.2831876,0.16961196,0.3997322,-0.35796276
-0.40047187,-0.048132885,-0.0972231,-0.73780096,0.30467337,0.37681112,0.35217425,-0.2523863
-0.4042205,-0.13425544,-0.46922028,0.35706866,0.32177207,0.52377707,0.3938812,-0.17148234
-0.568267,-0.24462861,0.23231184,-0.44901192,-0.22464682,-0.1491688,0.17826347,-0.14741531
-0.55629915,-0.11332576,0.4251449,0.7212002,-0.06678258,0.8175789,0.47307134,0.005727092
-0.68577653,-0.15582967,0.62633586,0.104204774,0.5809662,-0.44734466,0.10417639,-0.08352287
-0.33710924,-0.15047298,-0.14964223,-0.1256653,-0.34489176,-0.5879779,-0.025800308,-0.18572794
-0.26516393,-0.12025753,-0.6757995,-0.6778501,0.027811574,0.26807395,0.10348183,-0.19055454
-0.38694587,-0.011143128,0.90703785,-0.094340086,0.123538405,-0.44709697,-0.26806778,-0.07411226
-0.32055426,-0.37423006,0.70609725,-0.19535369,0.22688003,0.12958917,0.2116131,-0.26893124
-0.4355031,-0.0017842158,-0.4192924,0.6064931,-0.06803491,0.8790774,0.7090475,0.1653372
-0.16459376,0.16419612,0.40876234,0.002213478,0.27929157,0.12375475,0.8009546,-0.43438366
-0.39710525,0.05856784,0.8147391,-0.18683326,0.4958799,-0.032356467,0.19964206,-0.26834178
-0.3214435,-0.036540892,-0.19808209,0.3003062,0.033535518,-0.40761933,0.13163687,-0.05413873
-0.28125423,-0.24828714,-0.75530356,-0.28508812,0.3253249,0.6735098,0.45912924,-0.25115886
-0.65155816,0.20881851,0.9306705,-0.06367189,0.36387032,-0.58247066,-0.22572166,0.0121737495
-0.24913555,0.0411163,-0.07716668,-0.9456705,0.010238098,-0.41948923,0.05203576,-0.16077057
-0.35042068,0.0923324,0.04413247,0.6484965,0.31483412,-0.0023895635,0.18583983,-0.2115211
-0.70292413,-0.05616079,-0.63433933,-0.29345548,0.3877454,0.4309984,0.50125384,-0.13951947
-0.4091025,-0.12640043,0.3133552,0.82192063,-0.1803893,-0.05938951,0.22205296,-0.16580755
-0.29864427,-0.042695362,0.81035113,-0.30217034,0.40540025,0.3862597,0.44256857,-0.4252647
-0.30717334,-0.09045823,0.16452992,-0.0013743043,0.26255563,-0.4624744,0.24789764,0.044814073
-0.42598334,-0.2303138,-0.23210192,-0.9401086,0.16792433,0.1591343,0.2947507,-0.039347034
-0.19247976,-0.055564772,0.097524524,0.5919877,0.04487541,0.2942781,0.13830282,-0.4017748
-0.39495876,0.0037025854,-0.76819414,0.6210723,0.37600368,-0.5141428,0.47641453,-0.25677168
-0.397875,-0.28238955,0.014483094,0.6745293,0.1961432,0.24914235,0.40162158,-0.1164326
-0.49383762,-0.086275116,0.90985775,0.17252171,0.17016238,-0.32522425,0.15292808,0.016921217
-0.32116383,0.05860964,-0.014704883,0.60556054,0.1795037,0.1445755,0.26942146,-0.21584116
-0.32409853,-0.2523396,-0.5231077,-0.20407408,0.23663373,0.17046416,0.39148062,-0.053667624
-0.24268381,-0.13079135,-0.88047045,-0.3577698,-0.04444721,0.63072616,0.4048915,0.0003848769
-0.4763208,-0.13729323,-0.3618065,-0.7519072,0.29314724,0.38304216,0.023738958,-0.4240011
-0.46526438,-0.21015824,0.21192825,-0.9395101,0.35550714,0.259588,0.43536073,-0.17124043
-0.18305418,-0.40177903,-0.3689062,-0.73730344,-0.027208708,0.79501927,0.5518111,-0.16703181
-0.4192582,-0.29315767,-0.2631958,-0.43950802,0.3236971,0.15816745,0.27574664,0.057996728
-0.4714473,-0.32183936,-0.8055385,-0.24230719,0.22075918,0.12680942,0.40514866,-0.23022225
-0.45033377,-0.34991956,0.4847958,-0.71776795,0.23823254,0.2592376,0.36110085,-0.15619808
-0.4393817,0.099074475,0.48411226,-0.83126736,-0.55530506,0.63640225,0.6387463,0.22673687
-0.30276644,-0.24527606,0.60113096,0.03514862,0.17041007,0.12219956,0.23212457,-0.08354265
-0.35836598,0.008802061,0.75733745,-0.22767562,0.27369475,0.15617198,0.14093044,-0.25062537
0.07325594,-0.111060426,0.21974075,-0.7317853,0.054935373,0.65920705,0.6527573,-0.420873
-0.4520335,0.026784439,-0.45693815,0.25132573,-0.2809418,-0.5900011,0.054459278,-0.13165624
-0.35555184,-0.20766726,0.42969263,0.58226275,0.5981144,0.33159223,0.49219057,-0.34514487
-0.3777185,-0.053010214,0.80330837,-0.13387644,-0.76928484,0.3104469,0.505534,-0.26310498
-0.18790883,-0.2563697,-0.3004471,-0.738943,-0.049298327,0.7254621,0.66874605,0.026142681
-0.26273605,-0.27279964,0.27961183,0.59588003,-0.1108886,0.77418154,0.59817344,0.008970665
-0.3625498,-0.13825744,-0.83581966,0.5254861,-0.26916808,-0.6547435,0.12661885,0.06746132
-0.49365237,-0.24121214,0.5140294,-0.7257921,0.32036018,0.21130621,0.28695962,-0.15511833
-0.13720448,-0.2046696,-0.5957315,-0.26207417,0.009453341,0.43940178,0.13531713,-0.27616754
-0.41809347,-0.19531941,0.6842828,-0.33499694,0.2536337,0.14587122,0.459715,-0.36003748
-0.51887906,-0.3966912,0.124907374,0.39239526,-0.058340967,0.80746377,0.6537048,0.1354473
-0.34736094,-0.23725028,-0.2252748,0.83354664,-0.045580164,0.7120817,0.421782,-0.11402803
-0.36612457,-0.17441249,-0.82902,0.53048766,0.44555125,0.5208152,0.4947797,-0.101143785
-0.3809834,-0.19170508,-0.63202524,-0.47579557,-0.047630914,0.12525475,0.24257895,-0.07312039
-0.34385896,-0.23551534,-0.3804118,0.71212256,-0.0057431823,0.23924306,0.2711482,-0.28317738
-0.3752367,-0.056634996,-0.07412702,-0.9503629,0.28242868,0.24677534,0.44521394,-0.1696072
-0.40434355,-0.17174083,-0.4981119,0.22848856,0.24942003,0.03942551,0.42446297,-0.019427704
-0.45282212,-0.369928,-0.23494732,0.92768633,0.09204678,0.2908197,0.3338422,-0.21969919
-0.23095012,-0.23451085,-0.54393303,-0.4670112,-0.14279905,0.7368098,0.48686996,0.08715473
-0.12216464,-0.20110449,0.18078446,-0.2807706,0.10245664,-0.02300398,0.16010848,-0.0799606
-0.322224,-0.14297956,-0.58005005,0.17665195,-0.1207903,0.75964695,0.57459146,0.04324507
-0.29976794,-0.2968614,-0.78615546,-0.01738,-0.24421513,-0.079719566,0.37698013,0.011657504
-0.34567305,-0.19276814,-0.82652223,-0.23671085,0.20895001,0.37086958,0.29813722,-0.14363433
-0.32380274,0.19854455,-0.3563794,-0.8151009,0.4012629,0.37779832,0.46936744,-0.2114926
-0.36107886,-0.089219004,0.075705886,-0.18977886,-0.083899744,0.71908116,0.4463423,0.028264001
-0.31545216,-0.1381084,-0.6525494,-0.23361778,0.025796551,0.8121629,0.46004635,-0.07193866
-0.12678322,-0.22330837,-0.4635116,-0.38814956,-0.38809112,0.42022267,0.6668146,0.09516689
-0.58921814,-0.27210104,0.21478808,0.4042306,-0.087582454,-0.71056587,0.043147605,-0.06321141
-0.29080907,-0.06940576,0.52410614,0.6430962,0.06644821,0.19661489,0.10496832,-0.28077626
-0.19837104,-0.22183122,-0.037728906,0.7367828,-0.48600936,0.6732127,0.4044244,-0.19971299
-0.1978823,-0.06644476,-0.37961334,-0.022294164,-0.7728429,0.4343065,0.12837481,0.01890885
-0.37598103,-0.35863823,0.04923415,0.4025823,-0.080119036,-0.09866037,0.22193329,-0.11329346
-0.3343496,-0.119608164,0.6181358,0.63571084,0.084018745,0.19948444,0.22844318,-0.24570324
-0.5043779,-0.12500851,0.48667264,0.5014212,-0.2722381,-0.6828934,-0.08935573,0.06598705
-0.44705385,-0.09661691,-0.90367824,-0.18328476,0.10412463,0.20992287,0.16134909,-0.2110115
-0.5025853,-0.1462351,0.64616764,0.1681999,0.35608977,-0.17094956,0.03355009,-0.06250845
-0.43479162,-0.043826338,-0.9256665,0.322407,0.46829855,-0.39003578,0.3780274,-0.017513504
-0.31628922,-0.035133857,-0.6402854,-0.121073306,-0.07469103,-0.6052034,0.135682,-0.13734595
-0.5689116,-0.1794957,-0.44820404,-0.63512075,0.6427292,-0.21614769,-0.06503792,0.30353242
-0.38528076,-0.004570554,-0.5926833,0.16766405,-0.14481224,0.812184,0.63749623,0.016848402
-0.4274655,-0.15602188,-0.3794927,-0.12983644,-0.29176787,0.14432508,0.08829682,-0.28243548
-0.392666,-0.14706194,0.63418794,-0.33217835,0.37038344,0.25199515,0.36232772,-0.14956798
-0.37873623,-0.14733097,-0.33646965,-0.72795516,0.42101339,0.2284121,0.34739953,-0.15572643
-0.5160754,0.0863995,-0.97140634,-0.054035187,0.42176813,-0.40144637,0.11057023,-0.18299586
-0.48333675,-0.097026,-0.33184552,0.5718397,0.068731815,-0.36803487,0.12949272,-0.025668137
-0.32140374,-0.13050887,-0.39029133,-0.029994726,-0.41756615,-0.67205065,0.2355182,0.116014466
-0.4386408,0.080551155,-0.30293554,-0.29631734,0.11853274,0.1397282,0.25427872,-0.09222415
-0.28864583,-0.08009659,-0.81623673,0.23451638,0.25084126,0.18220738,0.22505437,-0.07038585
-0.42316267,-0.30495754,0.041368842,-0.10625398,0.3164655,0.2918129,0.29628396,-0.116632596
0.11155091,-0.5220104,-0.26847762,0.8593837,0.12595114,-0.12533419,0.09101387,-0.72013074
-0.28632084,-0.01301689,0.49946892,0.5525079,0.36436224,0.34175816,0.41194877,-0.17684166
-0.17702854,-0.1523431,-0.19036734,0.60615826,-0.10682452,-0.6170161,0.066392966,-0.014830369
-0.5242291,-0.16648981,0.13119173,0.44587505,-0.10758601,0.7930748,0.6429476,0.06309794
-0.41777104,0.015956435,0.8254107,0.23194289,0.41512567,-0.44931555,0.01719001,0.06147075
-0.077369556,-0.387153,0.48392117,-0.7035079,-0.18984048,0.78945076,0.6795154,0.0929719
-0.432533,-0.15277056,-0.3564468,0.6846998,0.2886826,0.37188563,0.31835783,-0.33198982
-0.5227834,-0.181752,0.10716426,-0.78157294,0.38144535,0.26496726,0.36117893,-0.17636776
-0.43592033,-0.110904366,0.5360582,-0.3407026,0.45734248,0.26881805,0.439124,-0.20065136
-0.26672634,-0.11147374,-0.45956218,0.4150641,0.27057198,0.42426002,0.50948596,-0.14814846
-0.09293418,-0.02803665,0.23128843,0.51365995,-0.23020159,0.6998838,0.62135917,0.07149335
-0.33983123,-0.011669199,-0.61437714,0.4773867,0.33161482,-0.38090453,0.24853146,-0.00832234
-0.66430485,-0.047681365,0.8267325,0.31613398,0.4765013,-0.2882045,0.29924926,0.023103021
-0.32089555,-0.15635985,-0.12612557,0.51677394,0.20243905,0.29567766,0.44732597,0.04829919
-0.5095788,-0.2776269,0.63907945,0.6386534,0.2478972,0.21787566,0.3716221,-0.11703327
-0.48321483,-0.24625279,-0.5738263,-0.3308825,-0.34177864,-0.041840915,0.17272618,-0.28364822
-0.37892658,-0.17062366,0.3344022,-0.027964354,0.070655964,-0.36244547,0.02990638,-0.23728637
-0.5700405,-0.020573314,-0.13459092,-0.696786,-0.13322203,-0.7247084,-0.05712393,-0.023170896
-0.365143,-0.21293214,0.46768486,-0.7512014,-0.85590994,0.2747392,0.31090644,-0.33807042
-0.30019233,-0.20069478,-0.11492705,-0.78019357,0.09882187,-0.2958893,0.18793884,0.17742527
0.086986944,-0.15114586,-0.3703339,0.3385533,-0.1144386,0.68060017,0.57988477,0.11751199
-0.45877215,-0.14273128,-0.67104375,-0.38765335,0.3131149,0.2790562,0.37664482,-0.10652094
-0.39371085,-0.21727723,0.16831446,-0.51976764,0.42405686,-0.21005268,0.18373224,-0.2551595
-0.5507614,0.02342895,-0.3835982,0.06740594,0.03060448,-0.7480731,-0.27651453,0.1822198
0.05834208,-0.26986063,0.2982707,0.30632257,0.39076543,-0.05817311,0.36957,0.832559
-0.18048182,-0.44511625,-0.7964151,-0.433702,0.46993157,0.50922763,0.41930425,-0.28749618
-0.6120595,-0.31651995,0.57263243,0.65364575,-0.061589424,0.8130701,0.6209279,0.07260951
-0.31486052,0.016839806,-0.59070164,-0.6485752,-0.062122755,0.07673352,0.21491252,-0.1160827
-0.3200902,0.010370259,0.4005468,-0.8363365,-0.42367208,0.52042407,0.512341,0.09879107
-0.27376541,0.103101395,0.40553904,0.4003837,0.51482666,-0.07936784,-0.021916496,-0.6806362
-0.38006058,-0.27741453,0.25354707,0.48444664,-0.19955763,0.6622181,0.69284993,0.26137328
-0.31955355,-0.048293058,-0.47791582,0.08867669,0.40310785,-0.42945617,0.12526979,-0.011502079
-0.34571108,0.025641251,0.26817405,-0.6974859,0.25769728,0.15570162,0.78616434,-0.45102426
-0.42932406,-0.065954246,-0.033031642,-0.029467165,-0.7390351,-0.63137686,-0.42840722,-0.07107805
-0.47109577,0.07763753,-0.75632966,0.1611929,0.24407664,-0.6045003,0.14412956,0.06540547
-0.3263076,-0.013844858,-0.56093526,0.80797696,0.51945066,0.16322085,0.36925474,0.299915
-0.38855243,-0.14692095,-0.06314373,-0.12307453,0.10710727,0.1060531,-0.026523814,-0.25845775
-0.6327677,-0.24764325,0.42311132,0.10587621,0.6608725,0.29636997,0.18035153,-0.10814924
-0.40828285,-0.30592418,-0.72061956,-0.4125042,0.22879629,0.22923915,0.40420616,-0.08256742
-0.0691182,-0.29213193,0.22507727,-0.8876725,-0.13438411,0.62784654,0.4514108,-0.10528799
-0.49496013,0.104694806,0.25498557,0.6506926,-0.09460848,0.047459647,0.25671622,-0.16533588
-0.35753348,0.09590282,-0.5519033,-0.44466066,-0.15917592,0.85079783,0.26397526,0.03322713
-0.51161045,-0.20268156,0.27540374,-0.7501092,0.0073832134,-0.7225667,-0.009565959,-0.12564176
-0.4238703,-0.0098589165,0.66212845,0.25592756,0.39239272,-0.32636613,0.24813502,-0.04478549
-0.3969201,-0.26997334,-0.62584764,-0.46107608,0.21437152,0.20726025,0.32232308,-0.13978912
-0.1796265,0.0570612,0.29808736,-0.94076157,-0.3547043,0.6629374,0.5346401,0.26795095
-0.46165648,-0.18528827,-0.03917235,0.6191926,0.24208805,0.03821163,0.16253324,-0.048476804
-0.5539678,-0.12537391,0.67721295,-0.53888583,0.22345003,-0.5389248,-0.16933899,-0.37783775
-0.6597671,-0.2319615,-0.27363515,-0.91064626,0.2905147,-0.44255477,0.413303,-0.07732553
-0.38686755,-0.17267862,-0.65881205,-0.40454268,0.32794783,0.28301024,0.4427654,-0.19609548
-0.4241407,-0.1454699,0.4505707,0.7495965,0.23297447,0.24445973,0.4394277,-0.18520512
-0.66448146,-0.1793873,-0.26605433,-0.4253642,0.29560837,0.07162903,0.32506952,-0.12341174
0.15882142,-0.09866126,0.14288068,-0.5078242,-0.081639215,0.70088804,-0.18856944,-0.4666125
-0.011856588,-0.4150792,0.13949835,0.42365158,-0.12602817,-0.40140855,-0.31648722,-0.12198886
-0.5633069,-0.31771287,0.247684,-0.79713464,0.38941592,-0.061161086,0.19769076,-0.015759207
-0.25612512,-0.14946559,0.53804755,0.6344607,0.31029847,0.23024397,0.31276798,-0.25098896
-0.4541657,-0.3757845,0.4281187,0.20044434,-0.74238276,0.23043431,0.2043119,-0.2976082
-0.2723726,-0.02582841,0.12427604,0.03638017,-0.36470202,-0.7460886,-0.15038703,-0.07006847
-0.71254057,-0.09697039,0.31469655,0.28960288,0.2985744,-0.51370996,0.15469135,-0.06991168
-0.38720012,-0.16606101,-0.78137076,0.6057247,-0.3115796,0.842611,0.718324,0.16720223
-0.19977099,-0.2821023,-0.6832723,-0.6823123,0.15317479,0.34120455,0.42656717,-0.21850629
-0.36148745,-0.24101879,-0.8653265,0.30817723,0.42636135,0.4792336,0.5320614,-0.123353146
-0.16084507,-0.23366596,0.12737215,-0.62270284,0.14083552,0.3141668,0.55915344,0.040348385
-0.49455482,-0.1656349,0.2370243,0.5492674,0.24398273,-0.0006596361,0.47809952,-0.35131013
-0.32277164,-0.18677776,-0.22037035,0.2915604,0.05867774,0.8027954,0.44169137,0.010628469
-0.35876164,-0.0063181026,0.3823489,-0.6366445,-0.17848127,0.72361815,0.37927666,0.13819723
-0.37621805,-0.22495526,-0.3935383,0.7300643,0.33938986,0.3110979,0.31943962,-0.18177612
-0.08860019,-0.13634564,-0.11405039,-0.94498295,-0.21342336,0.6899513,0.39946628,0.08708876
-0.31695947,0.034064356,0.25483906,-0.46168172,-0.6313447,0.47537792,0.5251403,-0.043003853
-0.002259167,-0.1806708,-0.54094243,0.25269365,-0.36325565,0.52222234,0.8119595,0.11532503
-0.2003716,-0.14917591,0.26928353,-0.5119907,-0.5860683,-0.49077043,0.18960853,0.18077835
-0.31669188,-0.21768716,-0.9242827,0.38584983,0.24857159,0.116034396,0.42742127,-0.30337924
-0.32148245,-0.17190571,0.18506587,-0.7260835,0.36361843,-0.10610425,0.25846913,-0.35506925
-0.26472044,-0.03791761,0.53988576,-0.36277884,0.13216361,0.13789627,0.17579915,0.007945314
-0.42212996,-0.050660532,0.09545839,-0.59606504,-0.6347043,0.4486547,0.4439251,0.023754269
-0.5594711,-0.0791661,-0.316882,-0.72830623,0.48696798,0.5722299,0.49424744,-0.11067559
-0.2408741,-0.004969175,-0.31501555,-0.79477775,0.31144965,0.16634527,0.19296233,-0.24974337
-0.2658787,0.03674229,-0.3351673,0.90721285,-0.32735184,0.22381799,0.20379838,-0.7823804
-0.1431568,0.029753271,0.26813936,-0.26402336,0.10830732,0.29870465,0.26923525,-0.24700272
-0.28284538,-0.026544686,-0.27067477,-0.71440315,-0.09616782,0.71878904,0.49055913,-0.09097078
-0.4669244,-0.42198902,-0.05315703,0.56090724,-0.06525107,0.070036896,0.16445892,-0.30720624
0.06823097,-0.0051646037,0.18211448,-0.8123301,-0.6267657,-0.0715037,-0.25885746,-0.64050233
-0.29539698,-0.14674936,0.77535236,0.08973515,0.008043676,-0.14679055,0.033704832,-0.14690451
-0.33005333,0.021165166,-0.8690034,0.056044698,0.35228193,-0.4218815,-0.055127982,-0.16999495
-0.061389107,-0.18041047,0.39676392,0.75022876,-0.60976076,-0.14636849,-0.052522257,-0.33472
-0.552595,-0.2562232,-0.33176523,0.8756802,0.5984129,0.19419217,0.13639013,0.19613142
-0.3266227,-0.32899737,0.29498684,0.67577386,-0.47144875,0.57000846,0.57202184,0.12147089
-0.7001673,-0.29748872,0.1862781,0.58178806,0.35767752,0.2617807,0.3869476,-0.1312792
-0.12554888,-0.14179516,0.2747779,0.23883188,0.35383466,-0.14650469,0.30483395,0.8029342
-0.5178556,-0.14188212,-0.16899294,-0.7289,0.34112594,-0.30030316,0.0869592,-0.04364336
-0.37347728,-0.07517006,-0.31542337,0.105088115,-0.34625158,0.74212366,0.35607204,0.022263385
-0.34957752,-0.28586972,-0.93778795,0.24567795,0.38234314,-0.33429325,0.29401007,-0.08590075
-0.4813185,-0.2251367,0.2259674,0.68685985,0.24009438,0.20597222,0.37021193,-0.121337324
-0.23770614,0.10791423,-0.19341946,0.64275753,-0.41491663,-0.16436927,0.40221786,0.67894316
-0.7011664,-0.048281197,0.250162,-0.6072281,-0.9195954,0.17259099,0.27883565,0.053786293
-0.26213437,-0.1878691,-0.6417117,-0.4952808,0.18948938,0.31255168,0.15634502,-0.18498695
-0.04379319,0.09820261,-0.88044995,0.36644697,-0.0065863444,-0.51280636,0.3284908,0.356668
0.17773302,0.17880951,0.2556646,0.0005298853,-0.6123154,0.5691894,-0.33903515,-0.38241214
-0.7435485,-0.17929953,-0.19374663,-0.16655189,0.32918352,-0.2589538,0.13782823,0.04796983
0.15052168,0.086202614,-0.52412045,-0.26609015,-0.6076585,-0.15277615,-0.31485114,-0.40277904
-0.19696005,-0.078124106,0.26248252,0.6001264,-0.106604956,0.69563353,0.5223919,0.0409996
-0.23483288,-0.2685201,-0.6428163,-0.18159103,-0.23727289,0.011344283,0.23477562,-0.14421268
0.12050994,-0.21676652,0.46301603,-0.070941925,-0.40027922,0.38289928,0.5945491,0.110370725
-0.51919144,-0.05355906,0.34402096,-0.033007443,0.05730986,-0.46323887,0.007465488,-0.15040089
-0.35307398,-0.2998716,0.5296656,0.7841406,0.470109,0.56217223,0.5970682,-0.16070768
-0.50866264,-0.33481166,-0.72432494,0.24158013,0.42409053,-0.26713148,0.34383819,-0.25719377
-0.28071907,-0.20159873,0.050840497,0.41279924,0.19408786,0.32442638,0.3657,-0.1960428
-0.38160455,-0.006150092,-0.0883252,-0.5601227,-0.23387663,-0.038851768,0.3486895,-0.19695736
-0.35177162,-0.050314244,-0.2102145,0.31768286,-0.29810393,-0.5534923,-0.003134184,-0.19904527
-0.21860047,-0.24181148,-0.47645497,0.70944214,0.22321208,0.35943505,0.19630302,-0.3314267
-0.12250221,-0.13386995,-0.63567245,-0.49049932,0.16183795,0.28363755,0.1626045,-0.20324075
-0.3618906,-0.20043613,-0.3722958,-0.12873656,-0.027087854,0.7865547,0.47312576,-0.18156011
-0.09963098,-0.34345758,-0.591478,0.6667328,-0.25587016,0.76774126,0.4004486,0.23337686
-0.38601846,-0.07709658,0.79301655,0.11133492,-0.22637941,-0.6549378,0.07019447,0.07203448
-0.32168293,-0.22364752,0.7613697,0.48504615,0.78569174,0.064935416,-0.1098535,0.05923441
-0.38181645,-0.2936654,0.26889706,0.17785132,0.34733263,0.3714534,0.68769485,-0.11934323
-0.42212385,-0.2850199,-0.9610437,-0.17151368,0.53138137,-0.05087888,0.33859602,-0.1438977
-0.7183609,-0.33527207,-0.092989385,-0.1663096,0.59125054,-0.015841484,-0.021772169,0.3029505
-0.32234716,-0.11598438,0.1478324,0.6405915,-0.4204795,0.7182839,0.7788843,0.13472383
-0.4001399,-0.035133142,-0.68011534,0.122412205,0.44852415,0.14793998,0.24248263,-0.1263848
-0.36199623,-0.021030333,-0.59924436,0.6984532,0.44941133,0.04409476,0.38204902,-0.18673216
-0.30235112,-0.17860135,-0.13819432,-0.6731927,-0.0015344258,-0.33184156,-0.019179547,-0.16513047
-0.36800653,-0.11714417,-0.28924972,-0.3944286,0.025440846,0.1662762,0.18524237,-0.21946199
-0.526095,0.026811857,0.4854709,0.18236613,0.33905694,0.22927871,0.43670493,-0.23186754
0.15330552,-0.30715573,0.15581656,-0.095555305,-0.7405112,0.19579566,-0.075736344,-0.17883109
-0.36208922,-0.18699451,0.5683682,0.0016748905,0.09364597,-0.32006592,0.00070713344,-0.023279632
-0.3178324,-0.18208657,0.33544362,0.6050286,0.20890434,0.28764153,0.36170307,-0.202019
-0.30022705,-0.23487341,-0.08631182,0.581602,0.14302255,0.038454663,0.14240275,-0.014602737
-0.23829585,-0.12457377,0.4205227,-0.0068591833,0.05302677,0.22243571,0.31498197,-0.18142392
-0.51362264,-0.3211933,0.7842138,0.35150754,0.14782605,0.11543484,0.3379095,-0.26250675
-0.27157494,-0.12155192,0.67944753,-0.35310793,0.09857591,0.19072306,0.36838987,-0.24171887
-0.39783692,-0.06297778,-0.28069443,0.27357054,0.19932759,0.22349973,0.36388472,-0.0449328
-0.15382516,-0.30696812,-0.7459203,-0.49965978,-0.25160286,-0.033875562,0.045411006,0.1799831
-0.5519519,0.34664616,0.07215619,-0.82862645,0.3006888,-0.5060252,0.2573266,-0.089025676
-0.6372351,-0.026056383,0.54254127,0.6188302,0.4302189,0.20935856,0.17557013,-0.15234056
-0.33704486,-0.13201214,-0.969533,-0.0052651763,-0.14190137,0.5922634,0.77288073,0.4804277
-0.24334005,0.037407357,0.0704509,0.8811021,-0.21975705,0.74353474,0.66664,0.21449609
-0.4772066,-0.3748322,-0.42997003,0.5910959,0.31381997,0.5314806,0.21592274,-0.3095569
-0.3604881,-0.31074312,0.5819113,-0.37159622,-0.051196378,-0.05288428,0.34664112,0.06935121
-0.36640343,-0.04964974,0.33541548,0.69166553,-0.18614797,0.7524882,0.44889307,0.015208974
-0.75083923,-0.27752757,0.31265557,0.6773051,0.41074803,0.30028424,0.3750574,-0.13426894
-0.4976841,-0.2917837,-0.8817459,-0.30829263,0.050056584,0.18273862,0.4437639,-0.15992753
-0.27586412,-0.17973502,0.25513387,0.5394503,-0.17798822,0.70876706,0.48294324,0.10887942
-0.27203956,-0.18689142,-0.73698616,0.11984658,0.17076191,0.19479443,0.34184343,-0.10787787
-0.36804986,-0.050070133,-0.27792335,-0.8754588,0.17050552,-0.39992157,0.17928685,0.005510425
-0.49393073,-0.08501211,0.56641924,0.76104975,-0.17741321,-0.6482394,0.23235717,0.09562318
-0.3404002,-0.44566682,0.74585974,0.50674665,0.90935934,0.07523873,-0.14474794,0.20720473
-0.39199066,0.018679652,0.56052184,-0.17439485,0.16221726,-0.5068067,-0.13323723,-0.1659438
-0.46439236,-0.013673122,0.33428824,0.20266175,0.12243181,-0.3392883,-0.054467365,0.041340295
-0.19020967,-0.14608775,-0.26920128,0.60223806,-0.34539902,0.51964897,0.5248065,0.055905942
-0.14742608,-0.27405846,-0.39198142,-0.8120325,-0.11202002,0.8921589,0.6461424,0.016585074
-0.3731234,-0.026452716,0.040475845,0.25223196,0.4933883,-0.44218162,0.12006862,0.0077292644
-0.34545815,-0.19305775,-0.047433913,0.43312716,0.18707143,-0.11884833,0.064614035,-0.06702653
-0.5038473,0.1755204,-0.6478488,-0.40896058,0.5012139,-0.12061764,0.29955903,-0.047993924
-0.36832064,-0.062089894,-0.51474106,-0.44136596,0.4140646,-0.30250573,-0.29342943,-0.97214323
-0.22388873,-0.07889694,-0.30099344,-0.61330974,0.09276393,0.096271805,0.15755883,-0.06927084
-0.46550256,-0.1845957,-0.5516399,0.8346629,0.32211486,-0.211551,0.3203187,-0.5406134
-0.327717,0.1595843,-0.3715092,-0.6632844,0.33845857,0.36434734,0.414402,-0.17253351
-0.5639035,-0.113554895,0.0682174,-0.7092974,0.36865914,-0.47214925,0.25440884,-0.015090631
-0.24441303,0.16589536,0.90237737,-0.0007458329,0.34753942,0.062428277,0.34199667,-0.22176601
-0.05637877,-0.31628045,-0.4538306,0.37696993,-0.24773417,0.5585881,0.42773923,0.032194577
-0.37556842,-0.23086822,0.55189466,0.5240015,-0.05162737,0.25348198,-0.189832,-0.469363
-0.25714076,-0.22289556,-0.1338408,0.5253912,-0.104918085,0.73123777,0.4618168,-0.12574859
-0.20653933,-0.042827707,-0.38625032,-0.68675864,0.16642237,0.1903362,0.39193475,-0.07501422
-0.1390068,-0.34327266,0.53123593,0.78028345,0.15288672,0.38206416,0.33378288,-0.14118013
-0.44365406,-0.20876417,-0.34055495,-0.12505841,0.3760652,-0.28007284,0.3318276,-0.13754952
-0.14037463,-0.39604422,-0.28455013,-0.14604205,0.09118137,0.31045824,0.31469643,-0.36248443
-0.31132597,-0.2552526,0.55125976,0.5332726,-0.1403972,0.6039297,0.4421304,-0.00026385454
-0.37231985,-0.30572852,-0.35566115,0.82116044,-0.22534682,0.7303874,0.3504927,-0.1258792
-0.46434763,-0.09760545,-0.7344291,0.00022745132,-0.2650692,-0.050623223,-0.06579747,-0.27024046
-0.4821124,0.042981315,-0.9300578,-0.025120258,0.2366437,-0.30478308,0.27631167,-0.12005037
0.086747155,-0.35877773,-0.06920451,0.007471204,-0.14840512,0.7153904,0.35462704,0.14258175
-0.28151038,-0.27395955,0.8902687,0.115456104,-0.02652415,0.19317244,0.06750018,-0.18716449
-0.31972203,-0.22661719,0.16329598,0.1475172,0.13006265,0.16536196,0.17506711,-0.21722062
-0.26418087,-0.2085912,0.22134614,-0.9466795,-0.07684811,0.6982152,0.5582343,-0.109345324
-0.43153656,-0.11565211,-0.94456077,-0.025503993,-0.035462983,0.80954814,0.38221875,-0.0315653
-0.55782175,-0.23437104,-0.58312106,-0.3283767,0.21105914,-0.022819275,0.14180008,-0.1812332
-0.4400466,-0.11938693,0.48377168,0.59878445,0.28982693,0.25392178,0.4046658,-0.2617692
-0.33530265,-0.19858311,0.87410426,0.44737482,0.19179082,0.21818344,0.3731262,-0.1976083
-0.2895063,-0.07230374,-0.30572385,0.46978033,0.47252548,0.3202261,0.43373927,-0.11215811
-0.42342147,0.060654137,-0.009232819,0.076765895,-0.82057524,0.14522786,0.17966074,-0.14519356
-0.35907346,-0.12893744,-0.2039764,0.88160634,0.044452995,0.09124127,0.46877813,-0.0030594622
-0.7328587,-0.26129925,0.16165996,-0.45501715,0.67711717,-0.12803487,0.30387056,-0.31332973
-0.2913857,-0.2323651,0.25762177,0.07132852,0.16094616,0.16515614,0.09568067,-0.27383724
-0.58592284,-0.12452712,0.6428772,0.6384003,0.3318069,0.31277046,0.40914348,-0.15666573
-0.09725681,-0.25607765,-0.92624635,-0.060984373,-0.112137415,0.81426936,0.44666958,0.023946047
-0.56907004,-0.10629259,-0.79704666,0.5850426,-0.8490019,0.10966548,0.23509468,-0.09369039
-0.3295629,-0.10994498,0.21375394,-0.87671554,0.22313623,-0.053948916,0.352652,0.02882545
-0.4508125,-0.0965285,-0.21589512,-0.60198,0.24282582,-0.52403915,0.3422374,0.198357
-0.23389474,-0.1995124,0.5035502,0.6663251,-0.13249055,0.6814197,0.64115465,0.045037672
-0.2896756,-0.08464125,0.57786655,0.066210866,0.12553303,0.28654864,0.3282578,-0.18219629
-0.4001007,-0.25530446,0.008322358,0.5609263,-0.53155684,0.49283347,0.2964377,0.0066854027
-0.334896,-0.013623397,-0.81516576,-0.24961466,-0.021598602,0.12691718,0.16126965,-0.2589601
-0.346987,0.02473,0.8265337,0.0053054094,-0.40867144,-0.5280497,0.013434775,-0.063839346
-0.47510296,0.008172472,0.96005857,0.1529026,0.36010185,0.25736195,0.11104217,-0.5546088
-0.42318743,-0.15183601,-0.6223082,0.3944707,-0.27041197,-0.63563967,0.1904068,-0.023003552
-0.4848651,-0.11986542,-0.11564678,-0.5459209,-0.1373207,-0.5433158,0.11461651,-0.20547186
-0.5076147,-0.097443886,0.46658123,0.73100305,0.4565353,0.21613942,0.3855061,-0.25582755
-0.24105981,-0.0923962,-0.32314056,0.45555568,0.19316807,0.05384938,0.10273121,-0.18616615
-0.32327142,-0.07463025,0.277534,0.35253954,-0.042346925,0.8247342,0.42248583,0.003216881
0.08666094,-0.2532196,0.2776544,0.21406686,-0.17344505,0.6203873,0.3839931,0.68016857
-0.113894105,0.29006007,-0.27133608,-0.40823805,0.20028614,-0.2393287,0.31833714,-0.06673501
-0.50119615,0.13518037,0.55040824,0.61863303,0.26278237,0.041571047,0.032632656,-0.14204437
-0.32972962,-0.010646398,-0.14159542,0.65720856,-0.7719936,-0.616947,-0.53294027,-0.15911004
-0.15742499,-0.3004995,-0.03216034,0.26412916,-0.5258381,-0.22266859,0.18214011,-0.015061945
-0.31833604,-0.14356934,0.93358266,0.31778228,0.17275608,0.22720523,0.45644662,-0.16795342
-0.10704103,-0.28516564,0.60600424,0.23722899,-0.070076324,0.22665556,0.4317551,-0.029942645
-0.058122177,-0.18975183,-0.06814188,0.9834868,0.05761042,-0.1536976,0.0034824978,-0.063564986
-0.2616395,-0.109954156,-0.5817381,-0.23009789,-0.12297907,0.70590466,0.6102256,0.254294
-0.4032446,-0.29497203,0.41358984,-0.6591383,0.04754937,0.15361063,0.1459567,-0.124232106
-0.29595515,-0.10781931,0.49042118,0.10516417,0.47473097,0.2760104,0.5223457,-0.11735696
-0.2659612,-0.19948117,-0.928561,0.22952557,0.14570424,0.37557283,0.35275966,-0.4133782
-0.2753569,-0.083738066,0.02721572,0.47412598,-0.13096121,-0.7316447,-0.24904282,-0.5408192
-0.3337875,0.11324706,-0.094084084,0.2098583,0.30160597,-0.3835537,0.17554009,-0.13829443
-0.18129781,-0.21569881,0.8273375,0.09094477,0.20897666,0.24848546,0.31086203,-0.12933844
-0.47253978,-0.19288447,-0.30188113,-0.017350197,0.6003087,-0.4325925,-0.09132358,0.18079898
-0.5505779,-0.30963376,0.8183093,-0.20433873,0.46289855,-0.25184718,0.15300271,-0.13982305
-0.42017296,-0.26836172,0.24752355,0.68455243,0.29877076,0.18094419,0.47012237,-0.062145542
-0.5277841,0.061968107,-0.9434818,-0.21503633,0.35468343,0.20703042,0.40507233,-0.03703714
0.0993375,-0.37411,0.31573856,0.7049483,-0.06617933,0.7105267,0.5407953,0.0409719
-0.3707497,-0.1633189,-0.110586405,-0.5390929,-0.4217776,-0.24847767,-0.027065273,-0.1717005
-0.3445517,-0.00499479,0.24088585,0.55004954,0.40353218,0.29294708,0.34896758,-0.23492919
-0.36059552,-0.33196414,-0.3822139,0.38363647,0.27160326,0.4841337,0.41808796,-0.34384283
-0.47697458,-0.07163337,0.5574572,-0.07073957,0.25403872,0.33990365,0.15298581,-0.31116498
-0.26855543,-0.18900762,0.72379756,-0.37778962,0.279725,-0.11024416,0.032305747,-0.13987474
-0.42815018,-0.2389031,0.0014410019,0.21023881,-0.12459723,0.7717078,0.6593988,0.041154645
-0.049391467,-0.06254876,0.6116352,-0.7371805,-0.53473413,-0.05309554,-0.3683133,-0.45167267
-0.3760019,-0.14029297,0.5629091,0.49135745,-0.769329,0.13891596,0.12860765,-0.3741298
-0.3176633,-0.26657772,-0.5072129,-0.17082042,-0.1561313,0.8040996,0.44740325,0.08760279
-0.76149404,-0.21026924,0.23943388,-0.6399617,0.45098045,-0.48214954,0.08550296,-0.012783033
-0.42496482,-0.21005525,-0.67232466,-0.3841762,0.22510716,0.04356278,0.21285406,-0.14427666
-0.28123155,-0.020449664,0.94181573,0.23825538,-0.022475349,-0.17167473,0.04234762,-0.03274798
-0.46608016,-0.257371,-0.28490698,0.6469798,0.3080749,0.2727417,0.326531,-0.06587061
-0.3247186,-0.17240363,0.88245726,0.310606,0.30871978,-0.26416793,0.34688577,-0.045388505
-0.48863503,-0.2590067,0.49101233,-0.30527937,0.07486454,-0.49065384,-0.1678691,-0.089001365
-0.4328025,0.052876238,0.5178753,-0.73322785,-0.17261696,0.2649002,0.19951737,-0.22258398
-0.59613305,-0.03058536,-0.26537943,-0.35987628,0.67433345,-0.07821999,0.12787504,-0.17619568
-0.48200247,0.02164996,-0.41830277,-0.8109686,-0.09309292,0.813809,0.6020148,0.060421664
0.31973946,-0.16780359,0.5217972,0.6871171,-0.50999576,0.020655233,-0.30647066,-0.30682817
-0.21292126,-0.070850156,-0.29379225,0.43359172,0.029409572,0.20572117,0.32626727,-0.17564972
-0.3615708,-0.32381934,0.22311234,-0.9149513,-0.3422772,-0.50150603,0.073181234,-0.19685976
-0.2394892,-0.2147063,-0.8451413,-0.10615319,0.10758419,0.23886788,0.16713326,-0.3602669
-0.61856014,0.01183783,0.6680436,0.15395641,-0.11023122,-0.69499743,-0.045350045,-0.14358002
-0.23695162,-0.3248104,0.1416192,0.88787377,0.24791433,0.25982442,0.3457982,-0.22274499
-0.14683992,-0.13098264,0.42112565,0.73709285,-0.19884925,0.6134654,0.42832765,0.0032437888
-0.2138705,-0.13837375,-0.56377757,-0.30754465,-0.0030370138,0.118752144,-0.24737795,-0.38723522
-0.64856124,0.06663752,-0.3222201,-0.42112625,-0.1447084,-0.6337262,-0.21474522,-0.12617666
-0.33400485,-0.24584325,0.6819185,-0.095494926,0.19966373,0.22698522,-0.061718423,-0.33861834
-0.35077608,-0.012165572,-0.28272784,0.63553727,0.04347533,0.12308783,0.20151526,-0.10725884
-0.80203503,0.19646947,-0.7936058,-0.45225608,-0.16064233,-0.4728389,0.23466916,0.48198685
-0.5224651,-0.1752058,0.2240473,0.69067204,0.2783751,0.24986106,0.4231842,-0.13665414
-0.3618156,0.03452723,0.6129677,0.062585115,0.48809075,-0.37338266,0.11364552,-0.13822332
-0.41274205,-0.20019501,0.8558067,0.15432882,0.22808532,0.31693572,0.28139716,-0.28197238
-0.3952885,0.13735767,0.44259346,0.058977485,-0.8236176,0.19203438,0.1625617,-0.10535429
-0.2911295,0.095112,-0.6109817,-0.1293059,0.36464813,0.32759959,0.24719971,-0.36931682
-0.21394546,-0.33415574,0.4961592,-0.5416292,-0.675794,0.3746524,0.30697203,-0.77453345
-0.35285962,-0.18322864,0.078816175,0.8953717,0.21529432,0.24585013,0.18325484,-0.43546385
-0.4109062,0.056157757,-0.14321297,0.9064568,0.30377504,-0.43149567,0.4184259,0.013621863
-0.38130084,-0.29585785,0.4562353,-0.0063281655,-0.83031523,0.27599362,0.27154368,0.13788973
-0.52226955,-0.22690842,-0.7717077,0.22294211,0.2844556,0.26450327,0.524526,0.008371008
-0.5576297,-0.12282165,0.35079014,-0.42060596,-0.14100473,-0.65950453,0.011090742,-0.059237644
-0.3902927,0.015496288,0.60097194,-0.22351557,0.057636756,-0.4820224,-0.18719354,0.006079999
-0.3897704,-0.25979772,0.110526085,-0.71017814,0.15120989,0.17918521,0.21111827,-0.29081297
-0.3772368,-0.35795155,0.27580845,0.6077579,-0.041779153,0.7804969,0.47030827,-0.036860745
-0.710413,-0.13598424,-0.29174447,-0.9245577,0.23389001,0.16735461,0.059350792,0.22316445
-0.48745477,-0.24337238,-0.21596688,-0.74013937,0.31325862,0.4147097,0.3175969,-0.21491443
-0.28712705,-0.2926243,-0.20827115,-0.21077478,0.5745112,0.48661536,0.8043773,-0.059129074
-0.55381244,-0.3227371,0.44265938,-0.24675655,0.38508227,-0.18690659,0.08854696,0.47372776
-0.17174676,-0.47625166,0.46094775,0.50578415,0.12950872,0.40290186,0.33736378,-0.3487356
-0.2653581,-0.10040153,0.5894972,0.26550364,0.29287627,0.48790374,0.48324704,-0.2258916
-0.2880898,-0.09674611,0.48857176,-0.7046416,-0.27430698,0.77098155,0.5000796,0.121325664
-0.3574346,-0.14245015,-0.28833598,0.4626994,-0.17072727,0.11518261,0.33230546,-0.17596099
-0.45908228,-0.063599534,-0.036439776,0.61886775,0.41101387,0.19920029,0.35461402,-0.08122873
-0.15274328,-0.22523102,0.17322862,-0.75955784,0.3497929,-0.063522846,0.31932974,-0.11074478
-0.42301664,-0.19106852,-0.18173486,0.5244216,0.36172032,0.29522735,0.3904339,-0.17889854
-0.3801599,-0.16161267,-0.09235084,-0.7418268,-0.60620546,0.24822472,0.36726752,-0.09991086
-0.50425,-0.1510386,0.3256606,0.053515434,0.09900642,0.057955593,0.18875651,-0.18918806
-0.37643445,-0.22703016,0.46504998,-0.20168346,0.3214671,0.20728245,0.4071359,-0.11320358
-0.20380206,-0.04061952,0.25606835,-0.9256991,-0.43798587,0.6451106,0.60812545,0.23871438
-0.46119493,-0.29847568,-0.27238172,-0.4614578,0.31906328,0.28658932,0.40675873,-0.14427091
-0.4536818,-0.07612714,-0.33571506,0.82103443,0.3043483,-0.36253634,0.23824516,-0.2567813
-0.36576793,-0.35020337,-0.22762936,0.89280605,0.23823993,-0.21720995,0.23653656,-0.17661652
-0.35556194,-0.17525896,0.45285428,0.8147371,0.10586425,0.3183325,0.37240443,-0.1167293
-0.26868844,-0.12035577,-0.7625532,0.611478,0.17651898,0.06465588,0.32572407,-0.49554774
-0.5525342,-0.13390672,-0.28177762,-0.5595765,0.31976175,0.24023683,0.42802638,-0.0025055085
-0.030613663,-0.27944213,0.29000366,0.67228806,-0.16068727,0.5978826,0.6150218,0.09403238
-0.27023727,-0.19375001,0.56036675,-0.78751516,-0.24631101,0.7302111,0.46313885,0.072522946
-0.37099367,0.06400258,-0.18632102,-0.81275624,0.09830921,0.69396186,0.40952957,-0.16448823
-0.35408258,-0.11715507,-0.77956355,-0.29785705,0.19533165,0.2173196,0.36037046,-0.15525195
-0.35903248,-0.20085782,0.80652034,0.31176686,0.3165822,0.29365808,0.47387332,-0.17118064
-0.35161766,-0.32101336,-0.9344297,0.3644178,0.14982572,0.29871652,0.17533949,-0.33189464
-0.28838834,-0.15868185,0.702793,0.3542571,-0.25452638,0.9267281,0.55378443,0.08878223
-0.2896049,-0.3341116,-0.6959074,-0.37726325,0.10933697,0.30051634,-0.12015219,-0.4015889
-0.5053104,-0.21671918,-0.05109161,0.22372639,-0.29625264,-0.67297655,-0.024181383,-0.15181345
-0.1094518,-0.122223824,0.5053984,-0.72325695,0.32705766,0.38791564,0.41369882,-0.107090615
-0.16240847,0.0915209,0.46832585,0.39528203,-0.03369045,0.29913807,0.6053646,0.5083972
-0.71008307,-0.23887338,-0.61554074,-0.4174028,0.44031945,0.40084913,0.35504282,-0.06849969
-0.24709682,-0.24698755,0.22405457,0.56497586,0.18260305,0.2334997,0.35952175,-0.14483544
-0.3726905,-0.17066851,-0.20852923,0.58454764,0.44894624,0.28292042,0.31444862,-0.1028463
-0.3336711,-0.17258838,-0.58829486,0.07708323,0.23517342,-0.37497488,0.17534567,-0.12690163
-0.17390628,-0.31165013,-0.48197335,0.15711892,0.010956247,0.68630356,0.6251145,0.008506878
-0.39986384,-0.05559204,-0.82048255,0.055697918,0.120550275,-0.32852122,0.073275045,-0.025184946
0.0016241204,0.18311135,0.04059255,-0.89302623,-0.54827535,0.56191516,0.13971101,0.23528281
0.10626085,-0.5196284,-0.063406885,-0.5687564,0.748538,0.5308505,-0.24104525,0.7257676
-0.5160228,-0.269303,0.23231184,-0.44901192,-0.25341928,-0.12829626,0.15198551,-0.16151756
-0.17836551,-0.15428443,-0.56434196,-0.21512258,-0.4796776,-0.17147161,0.14689133,-0.2695768
-0.17841904,-0.22602966,0.30093002,0.52376986,-0.14272918,0.7391451,0.24191827,-0.17586236
-0.35704634,-0.25563416,0.48422587,-0.6915567,-0.42862317,0.6045336,0.47939736,0.019607719
-0.0894523,-0.17361344,-0.39785343,-0.8316076,-0.28512323,0.60416514,0.20816132,-0.023428183
-0.29387856,-0.2578531,-0.25186324,-0.93760484,-0.0122364145,0.8069115,0.50934976,-0.16496731
-0.9509339,-0.055134114,-0.109650314,-0.6788576,0.39169464,-0.47494498,0.31334043,0.04116696
-0.30391103,-0.062284146,-0.46265966,0.8648839,0.14643466,-0.11915464,0.09058458,0.0048840344
-0.0420256,-0.27846184,0.6854105,-0.3529986,0.047316764,0.08683661,0.07535331,-0.08401905
-0.17831613,-0.23434605,0.55906093,0.7608793,-0.43270448,-0.67833674,0.18969682,-0.057349704
-0.57390445,-0.25870106,-0.6630624,-0.41168505,0.3065068,0.23084001,0.1485147,-0.4189714
-0.32065806,-0.12040326,-0.77374655,0.45629096,0.29552728,0.20089506,0.3802066,-0.26478845
-0.38291743,-0.27019158,-0.6192827,-0.47556788,0.18560296,0.21171339,0.37070894,-0.2241947
-0.23995484,-0.3654278,0.27194965,0.46356356,-0.20010363,0.6991454,0.61548305,0.04132132
-0.19941367,-0.3357881,0.5472976,-0.11009395,-0.57045823,-0.11941406,0.033902165,-0.19694719
-0.4029718,0.083465196,0.8906741,0.32408,-0.7503963,0.3476436,0.5267173,0.1626206
-0.45618936,-0.10263367,-0.01414597,0.64729595,0.27291122,0.09713799,0.3012203,-0.15918368
-0.5154865,-0.33479485,0.918378,0.33863342,0.43019748,0.38185,0.34309235,-0.12678015
-0.35841748,-0.122214586,0.57838,-0.537781,0.46083865,0.049411338,0.56297266,-0.20587558
-0.49714687,-0.13300553,0.061069608,-0.91380847,0.23460294,-0.43167943,0.1667826,0.019959044
-0.224706,-0.017495077,0.110970855,0.3819654,-0.22758026,0.7657905,0.38384184,-0.096180305
-0.16234277,0.009660189,-0.062998295,0.57583237,-0.18384692,-0.021578876,0.34739712,-0.05072601
-0.5462075,-0.28951564,0.09322727,-0.03188312,-0.222104,-0.7503151,-0.3061142,0.0038945146
-0.42493457,0.066319905,0.6868584,-0.06610292,0.1229475,0.26273057,0.21842727,-0.22423522
-0.35149908,-0.24141635,-0.43584955,0.020405412,-0.52503616,-0.35782123,-0.4201291,-0.2805038
-0.65270805,0.12229162,-0.109093785,-0.030516803,0.22977994,-0.46797952,0.22377646,0.09917879
-0.18261312,-0.017594527,0.5981109,0.11834872,0.18685274,0.24059461,0.16442879,-0.38265386
-0.51217616,-0.16022405,0.12998354,0.46785748,-0.07269828,0.7353209,0.5777318,-0.0003612265
-0.3305058,-0.19402519,0.21257079,-0.39168805,0.4694776,0.30668652,0.36982942,-0.13877742
-0.2334869,0.042770926,-0.46139336,0.061527967,0.04642411,-0.26476827,-0.02214196,0.09312021
-0.39711326,0.061960224,-0.9593094,-0.08395994,-0.11613795,-0.64829314,0.27719995,0.02198564
-0.69028986,-0.15776668,-0.5593933,-0.3427477,0.6372927,0.34010395,0.47489232,-0.07911112
-0.46684408,-0.29524887,0.25839376,0.5344579,0.352461,0.15089673,0.33922222,-0.23309347
-0.48111027,-0.19686754,0.08370137,-0.29037088,0.49068898,-0.041339368,0.377948,-0.17933217
-0.5087567,-0.0751742,-0.8958505,-0.03332585,0.30033964,-0.37984544,0.28912297,-0.008863386
-0.36196104,-0.22174749,-0.4453526,-0.4554782,0.30655032,0.16317225,0.3526073,-0.25189543
-0.31164265,0.14870603,0.44701338,0.22547007,-0.1626181,-0.04809178,0.31277478,-0.115780614
-0.7944507,0.019489158,0.8401022,0.13996899,0.018338675,-0.7873007,-0.22511165,0.17307161
-0.41684297,0.108943306,-0.021175921,0.9615079,0.41341808,0.2945953,0.25018644,-0.23390253
-0.49012828,-0.3097075,-0.30420667,0.491683,-0.85405415,0.1320419,0.2563188,-0.14181285
0.044386785,0.0313419,-0.32706457,0.39381027,0.025788587,0.051230762,0.2090901,0.009925973
-0.43970922,0.049337868,0.60752237,0.12149739,0.26317936,0.29697862,0.17669249,-0.39349577
-0.39461952,-0.1641693,0.16425085,0.22919464,0.1760844,0.14001134,0.30075043,-0.04862698
-0.3479369,-0.30989954,0.23418891,-0.65261257,-0.095230594,0.8319523,0.6578342,0.04363283
-0.71646076,-0.10642633,-0.094110906,0.66587996,0.29732332,0.25608784,0.38722238,-0.14795156
-0.44649234,-0.13681734,0.50988734,-0.5466722,-0.2572331,0.73574,0.17979781,-0.022904955
-0.15658605,-0.12753798,-0.18114245,0.32899272,-0.033342686,-0.25392863,0.07767835,-0.0969905
-0.53802276,0.097404115,0.3138032,0.2038331,0.48488724,-0.6659484,-0.18057582,0.23193136
-0.50778586,-0.255348,-0.08662313,0.91160154,0.41652384,0.37742314,0.44828275,-0.16999562
-0.057179067,-0.26571807,0.5910944,0.4685911,-0.13412587,0.74629015,0.50810695,0.015246247
-0.24476737,0.035536665,0.2716751,0.49941385,-0.29098803,0.7180152,0.6708971,0.026930042
-0.12925567,0.7396204,0.95681846,-0.24740028,-0.8848322,-0.25000694,-0.7951058,-0.49852726
-0.2994793,0.062808685,-0.348157,-0.6274395,0.07710054,-0.38453057,0.1289906,-0.026198005
-0.39171672,-0.08886782,-0.49857497,-0.6457323,0.3733154,-0.5065793,-0.0049982257,-0.042290855
-0.51939005,-0.106111586,0.21668851,0.7031857,0.35593814,-0.07642142,0.32043073,0.0040982384
-0.61257386,0.0123203145,-0.874284,-0.07079685,0.40953895,-0.42152026,0.29439873,-0.116961576
-0.24596398,-0.3292415,0.90690815,0.0059912205,-0.14030674,0.73458725,0.53107584,-0.058340035
-0.26102918,-0.27444232,-0.13813305,0.628559,-0.5095599,-0.33596113,0.1817845,0.46252328
-0.7196442,-0.11074244,-0.8750416,0.0033744574,-0.85142994,0.1376481,0.2995457,-0.13936906
-0.38693857,-0.20234297,0.40441072,-0.62763095,0.18038939,0.30785316,0.42862904,-0.10375104
-0.46632648,-0.09285451,-0.039688766,0.48420763,0.33693075,0.10040211,0.32624772,-0.06595552
0.02810247,-0.10861569,0.36501634,-0.7024728,-0.34948835,0.44837078,0.6637814,0.15490836
0.0069672894,-0.24701238,0.21785545,0.6796967,0.25278747,0.64719945,0.5683171,-0.2721833
-0.41060135,-0.15692942,-0.30052882,0.22318125,-0.05783737,0.0962247,0.23051889,-0.3436095
-0.47793296,-0.30409488,0.013158679,0.6718788,0.1077917,0.23992859,0.33393544,-0.17559801
-0.42871013,-0.15741615,-0.7702725,0.52766395,0.40373877,-0.38334686,0.44583413,-0.11660893
-0.32871732,-0.25991568,0.32998073,0.3108977,-0.09456118,0.8242218,0.40480158,-0.027097799
-0.30858138,0.036757875,-0.63581955,0.13191986,-0.3263246,0.7704784,0.6040384,0.23622292
-0.39041534,-0.016233336,-0.6437851,0.3896234,0.3640566,0.26179236,0.2869696,-0.18451075
-0.33254358,-0.3711844,0.24701619,0.35563135,-0.29433963,-0.15423514,0.011931903,-0.44501126
-0.45341933,-0.21416305,-0.64437175,-0.63012433,0.10134784,0.22243598,0.34679365,-0.04294314
-0.66844654,-0.31013325,-0.21941108,-0.065176845,-0.99168634,0.3091691,0.33833468,-0.1343557
-0.2563565,-0.30948746,0.22405457,0.56497586,0.17634255,0.21363369,0.33838445,-0.14445129
-0.51979315,-0.107652366,-0.914485,-0.19905245,0.3278472,0.23893495,0.43748665,-0.18339741
-0.40750816,-0.3340339,-0.9171288,-0.1921035,0.40464938,0.26780638,0.36747825,-0.19657278
-0.5377236,-0.17045176,0.07958102,0.64763045,0.14018835,0.28969565,0.19930658,-0.30820066
-0.50467044,-0.19219075,-0.7820074,-0.3001402,0.2849179,0.19484541,0.37138268,-0.14666532
-0.10238789,-0.152854,0.81781316,-0.14736098,-0.18646425,0.65159804,0.60649383,0.15224649
-0.20197438,-0.2009464,-0.49293268,-0.6271917,0.042167377,0.30516827,0.019908639,-0.4557264
-0.3930384,-0.27713612,-0.07047367,-0.39017302,0.61953723,0.32775265,0.44839367,-0.537947
-0.69002825,0.07804919,-0.26845926,0.7827631,0.5751361,-0.24304236,0.12719847,0.14064917
-0.19334188,-0.1726989,-0.35182196,-0.80066925,0.08393677,0.13424273,0.09889383,-0.28682205
-0.90053964,-0.19740203,-0.6024233,-0.05627495,0.14527409,-0.72911084,0.02846401,-0.11218783
-0.3995406,-0.11957635,0.32466602,-0.84414214,0.2614025,0.35823423,0.3416844,-0.156051
-0.48913956,-0.18297641,0.36354887,0.7285937,0.29013476,0.33078864,0.39080432,-0.2705895
-0.5630499,0.06300817,-0.18796217,0.75046563,0.2779031,-0.43018627,0.15303414,-0.0466718
-0.22796129,-0.2571244,0.38160586,-0.68679786,-0.3203188,0.48755798,0.6897744,0.14800656
-0.26844645,-0.3158511,0.3172505,0.72031105,-0.033475082,0.7378496,0.5062642,-0.13546084
-0.5141474,-0.25186467,0.31488657,-0.86975974,0.27306393,0.20568664,0.3246124,-0.2425547
-0.15238927,-0.17259078,0.27950776,0.2055949,0.4433255,-0.112102255,0.37251562,0.7951538
-0.45419225,0.0913812,0.58019066,0.1679765,0.47989365,-0.21148878,0.24370895,-0.10696416
-0.44085613,-0.22406036,-0.029026926,-0.19362819,0.2257787,0.25738275,0.36959347,-0.07157851
-0.332305,0.06468897,0.4655888,0.73595536,0.33647868,0.26640746,0.2725401,-0.2738723
-0.54944634,-0.18478802,-0.60063374,0.35702312,0.19534928,0.33439252,0.2524138,-0.33372727
-0.29250467,0.031802583,0.29636478,-0.751872,0.04659858,-0.41564858,0.1826441,-0.109112814
-0.33707634,-0.15584403,0.40030015,0.745607,0.16362117,0.24404468,0.14818187,-0.36658484
-0.13166948,-0.16352263,0.67283046,0.45763576,-0.4932452,0.55775076,0.17814761,0.07762632
-0.5034974,-0.21009961,-0.1549573,-0.80405414,0.47301295,0.49964198,0.5939591,-0.14101845
-0.52176285,-0.32463965,-0.7491344,-0.3132516,0.28100458,-0.0435832,0.24577479,-0.16572371
-0.45715904,-0.07135477,0.7568984,-0.076364756,0.35306147,-0.21261665,0.053025153,-0.21534273
-0.48946524,0.0658363,-0.037933767,-0.851643,0.13217011,-0.6584796,-0.11324189,0.042213313
-0.49656034,-0.19157737,-0.3958946,0.7005509,0.42494482,-0.4247412,0.18158899,-0.09992505
-0.6176658,-0.015941422,-0.21362472,0.46666384,0.43820694,0.09661696,-0.04878935,0.0051969243
-0.22974788,-0.3178686,-0.4855938,-0.57471263,-0.7841379,0.1397946,-0.1905672,-0.0061362763
-0.38528934,-0.060700763,0.42243135,-0.44536042,0.46922213,-0.35718334,0.70466083,-0.45806575
-0.10750887,-0.035671186,0.29445767,-0.9031831,-0.48679692,0.56402045,0.4539091,0.22822712
-0.5504191,-0.20174864,-0.8812881,-0.30127633,0.4863764,0.20725939,0.37312698,-0.17052382
-0.42957038,-0.14467157,-0.07974774,-0.71411073,0.46447298,0.44821656,0.41028094,-0.21273512
-0.44848156,0.025491986,-0.48623306,0.65721226,0.13947417,-0.055611692,0.21332508,-0.0018128799
-0.4067281,-0.15952669,0.2271514,0.05799985,0.28516713,0.3366993,0.36104175,-0.2503409
-0.39207894,-0.13971065,0.23126006,-0.50880706,-0.16408777,0.8378773,0.41576168,-0.036599085
-0.38132748,0.12779643,0.26659775,-0.90436494,-0.40287432,0.6821607,0.26896298,0.08005672
-0.17060804,-0.1410888,0.16910553,-0.43920285,-0.26809987,-0.5876461,-0.25760067,0.23390572
-0.3828675,-0.023865592,-0.2888102,0.7883655,0.35370776,0.29946277,0.3699777,-0.20237704
-0.30641967,-0.13922508,0.37681127,-0.7524378,-0.13919736,0.21661884,0.3627967,-0.26333916
-0.36778766,0.13214312,0.27807593,0.46332622,-0.3827971,0.79410094,0.5654725,0.27875367
-0.3978763,-0.19505481,-0.24860293,-0.9382976,0.011397517,0.72999376,0.36976773,-0.1196923
-0.31451327,-0.28854078,0.7839012,-0.28717798,0.16874531,0.2504456,0.32930675,-0.2432064
-0.43851537,-0.1981543,-0.7593341,0.47667956,0.1667874,0.1965885,0.17794317,-0.104239196
-0.493654,-0.18000829,-0.019238591,0.5913546,0.35304964,0.36707032,0.41120332,-0.17562497
0.10246821,0.08953536,0.4098333,0.31315935,-0.306776,0.55009145,0.2344001,-0.023775738
-0.09158431,-0.16842534,-0.7946547,-0.47212625,-0.6329623,-0.4553985,0.050457615,0.10846621
-0.42863035,0.07104189,-0.30921304,0.07738912,0.51060176,0.41468593,0.3134375,-0.2612255
-0.234824,-0.031180996,-0.1464842,0.7132952,0.14156662,0.30421346,0.1291983,-0.3166163
-0.49408492,-0.2080449,-0.06087768,0.55426717,0.40973243,-0.31598976,0.20804,-0.07597853
-0.007108139,0.15915681,-0.47930616,0.49543858,0.415257,0.77262133,-0.049211774,0.561112
-0.6270975,0.048469637,-0.17128313,-0.40078366,0.58053064,-0.25111255,0.16177094,-0.16333167
-0.26611158,-0.2147787,0.18430746,0.91103303,0.37156364,0.6259511,0.4835662,-0.32783663
-0.5236501,-0.33346185,-0.22927004,-0.24042022,0.3854979,-0.059019744,0.17027989,-0.13802806
-0.37598908,-0.3943882,0.59730196,0.23294199,0.1040854,0.1538487,0.05953341,-0.24281469
-0.045681108,0.1700436,-0.26980245,-0.41190672,-0.14466383,0.052010696,0.18068217,-0.24335654
-0.46624976,-0.09897023,-0.55659705,0.09500265,-0.11685123,-0.5408835,-0.010365118,-0.16404854
-0.40035203,-0.09640478,-0.57424575,-0.07573134,-0.03073073,-0.3306134,0.24615216,-0.04379418
-0.33273602,-0.0027233616,-0.006868899,-0.8476844,-0.04221332,-0.6121671,-0.0059585436,-0.07843257
-0.4182395,-0.07585932,-0.5926833,0.16766405,-0.11652903,0.8408207,0.6200901,-0.042038795
-0.3778542,-0.11689097,-0.5509584,0.6061163,0.21528366,-0.47336614,0.1501488,0.15424795
0.07539989,-0.38126352,-0.36450148,-0.7652876,-0.06269042,0.70031506,0.6521425,-0.62693775
-0.13655242,-0.20268978,0.18430424,0.4816885,-0.051140185,0.7333896,0.54085094,-0.14905587
-0.3636554,-0.015035252,0.952873,0.19983399,-0.40872627,-0.59462386,-0.043890685,-0.039029956
-0.15637796,0.047903065,0.7878753,-0.15690005,0.1561964,0.032389604,0.34228384,-0.17517352
-0.033946726,-0.16365345,0.37816787,0.5825665,-0.1467687,0.6590636,0.5836474,0.09247963
-0.26336685,-0.07131519,-0.74832624,0.23761928,0.37108207,0.2711351,0.35295105,-0.20333132
-0.44771597,-0.2792765,-0.42837393,0.19770396,0.45462406,0.21173885,0.25176418,-0.023322526
-0.35257813,-0.07420614,0.6823776,0.23671067,0.16652936,-0.24504331,0.069071054,-0.05930073
-0.2518688,-0.026346583,-0.14453453,-0.9291759,0.29425052,0.3329808,0.37752783,-0.17838655
-0.34391704,-0.25422308,-0.39342105,-0.75170463,-0.031574897,0.17376891,0.1317168,-0.31628034
-0.31069875,-0.33746728,0.24910736,0.1633941,0.37256822,0.35229245,0.44444263,-0.19925627
-0.11992173,-0.0069965823,0.21382701,-0.74167794,0.18067713,0.17506844,0.72242737,-0.5324161
-0.1439745,-0.09816039,0.31619394,0.86059165,-0.6136702,-0.5275869,-0.517481,-0.0696754
-0.43079022,-0.123798154,-0.4722702,0.7278236,0.3107747,0.3164017,0.4631311,-0.080802225
-0.25529075,-0.31589955,0.26737595,0.34073305,-0.31735075,0.4993769,0.63330144,0.017449444
-0.38639617,0.032999787,0.027027965,-0.21780366,0.16449235,-0.41684812,-0.28398412,-0.41858482
-0.33540192,0.08486124,0.085645914,0.61234355,-0.36468595,-0.6846499,0.02211351,0.29941365
0.28061318,0.43275926,-0.44364125,-0.61296964,0.3644352,-0.019907761,-0.51269156,0.5071587
-0.43933275,-0.052486215,0.910339,0.27197313,0.2542421,0.29285297,0.34483007,-0.23153573
-0.47069174,-0.21508725,-0.63923526,-0.46134192,0.25245005,0.27593935,0.43688548,-0.21077418
-0.7101207,-0.1264318,-0.8410388,-0.2543903,-0.9287638,0.30666724,0.38212,-0.15455383
-0.2700762,-0.18878244,0.0031763315,0.65507257,-0.038719743,0.8313772,0.5571697,-0.016907588
-0.45520195,-0.44046506,-0.8190316,-0.42548633,0.32294038,0.37542525,0.38743454,-0.29955065
-0.026356952,-0.3942175,-0.003031075,-0.020872533,-0.30401888,0.06711282,0.028748328,-0.4272842
-0.42066932,-0.2259948,-0.88371015,-0.3073172,0.2032161,0.25365362,0.43963018,-0.0999956
-0.44683456,-0.14092615,-0.88514924,0.33935905,0.3886328,-0.19759025,0.21556334,-0.24175525
-0.18140315,-0.29069692,0.49330842,0.5666938,0.2207616,0.43884552,0.23727614,-0.3243273
-0.06754516,-0.18618304,0.8293313,0.08850694,0.1456965,0.25536704,0.46598595,-0.04382413
-0.28068888,-0.11608236,-0.3342973,0.46743202,0.31972283,0.47186375,0.42176142,-0.1670879
-0.47685945,-0.062410194,-0.26047385,0.45061433,-0.31540206,0.3112174,0.38840485,-0.029481389
-0.21222158,-0.20808055,0.4923911,-0.7330511,-0.79823244,0.082525335,0.29546535,-0.05602294
-0.34296694,-0.10860475,-0.8574264,-0.14388424,-0.3769102,-0.009100424,0.44824743,0.32424602
-0.02262807,-0.35311913,0.24422741,0.43975472,-0.31475365,0.5140762,0.69837,0.088327006
-0.26453555,-0.11701008,-0.41242665,0.61058855,-0.550667,0.6300037,0.34767804,0.077661425
-0.19973324,-0.10038029,0.06686342,-0.6744386,0.17929089,-0.3034185,0.23075694,-0.12175572
-0.5752199,-0.17360282,-0.7274306,0.42136908,0.06762658,-0.14951095,0.29803225,-0.041475892
-0.38887343,-0.16088785,0.8970947,0.20307243,0.33664966,0.19151452,0.33917508,-0.13840498
-0.5173295,-0.25492138,-0.25957847,-0.22321075,-0.5346131,0.29261377,0.33529815,-0.06456569
-0.545255,-0.20212619,0.69110656,-0.3017243,0.2222724,0.22760695,0.15891956,-0.40817654
-0.41262028,-0.17555077,-0.30173212,0.49110746,0.15040126,-0.41680744,0.120963246,-0.13969214
-0.41545627,-0.2695837,0.23197961,0.5623318,0.35022885,0.2740559,0.42670017,-0.15898871
-0.5918516,0.021650795,0.56372094,0.64177406,0.31863955,-0.508541,0.11457362,-0.14503428
-0.43434757,-0.24879278,-0.32221735,0.20666742,-0.5800564,-0.3268249,-0.6112344,-0.030454384
-0.4323913,-0.001071538,-0.87002456,-0.009707153,0.38909298,0.47268504,0.4322596,-0.15997487
-0.524711,-0.08405171,-0.1314947,0.55076766,0.43585312,0.34892082,0.30824745,-0.07245982
0.0044585,-0.1215331,-0.20607603,-0.69954187,-0.7900091,-0.5807483,-0.512164,0.0573248
-0.61267793,-0.1858612,0.23224509,0.032405138,0.46273124,0.25465658,0.3142462,-0.09657542
-0.4193328,-0.09162874,-0.72349465,-0.58960724,-0.18758453,-0.6660725,-0.23713277,-0.089215375
-0.43550882,-0.2122949,0.41696942,-0.43287313,0.69632685,-0.0733673,0.3448481,-0.65599865
-0.52506477,-0.37599072,-0.80404407,-0.12386221,0.14955056,0.21793519,0.3733551,-0.19580972
-0.32164946,-0.39490792,-0.7560934,-0.28610557,0.3048024,0.66956276,0.44803727,-0.21622163
-0.29481184,-0.22152668,-0.418678,0.74407375,-0.14074318,0.007110709,0.1456136,-0.022313818
-0.22630708,-0.17372304,-0.88908565,0.3785832,-0.23028244,0.66438055,0.41328606,0.02909197
-0.45152974,-0.062693566,0.6072744,0.1269002,0.18816973,0.26648542,0.19032954,-0.2927546
-0.32819784,-0.106029734,-0.4747253,-0.37438858,0.04802551,-0.41867176,0.065571286,-0.03234782
-0.26412973,-0.2778028,-0.0205307,0.021126509,-0.62104833,-0.54029787,0.29210317,0.2522381
-0.33021635,-0.29869354,-0.14759272,0.60944057,0.27760854,0.2338037,0.29746467,-0.074127845
-0.27762946,-0.21747652,-0.46203285,0.6453761,0.27721423,0.38496524,0.191386,-0.36287102
-0.2941904,-0.2784091,0.22085762,0.08768785,-0.037167948,0.74856496,0.7550192,0.4473582
-0.42255268,0.03832004,-0.914485,-0.19905245,0.41347376,0.19561036,0.4058779,-0.1494782
-0.26259893,-0.095870696,-0.03920871,-0.81672317,0.29152405,-0.27071568,0.26617512,-0.20836017
-0.55184776,-0.113578305,0.23719597,0.9160831,0.33372363,0.2878843,0.16804762,-0.12116183
-0.4362414,-0.10263407,0.060227513,-0.7755991,-0.10647957,-0.28246176,-0.37199762,0.22269171
-0.1565775,0.21059482,-0.75892794,0.48830283,-0.23752724,-0.7086305,0.26322648,0.099476255
-0.28041893,-0.14877087,0.27719057,0.40034306,-0.48967198,-0.6807217,0.017390152,0.10262081
-0.10507928,0.21081029,0.9456558,-0.17117184,-0.5723607,-0.071921274,-0.63764256,-0.52839434
-0.46142307,-0.16670859,0.20348763,0.31916082,0.11814442,-0.38037416,0.10964214,-0.017920418
-0.41301167,-0.17960542,-0.567189,-0.5028103,0.31355134,0.33112428,-0.11710185,-0.13112283
-0.18391818,-0.29882625,-0.2404108,0.48327947,0.32384297,0.5462741,0.53593844,-0.20975298
-0.38777247,-0.20399685,-0.90679663,-0.18931109,0.17121965,0.23918758,0.40513247,-0.15162191
-0.44308078,-0.20577605,0.57790554,-0.11543828,0.29831994,0.21608882,0.3911197,-0.023398302
-0.30104834,-0.20753795,-0.42568374,0.7361237,0.015507044,0.21308435,0.107463695,-0.24837066
-0.49225187,-0.3615585,0.953488,0.04069507,-0.34009853,-0.03707767,0.25143164,-0.21144849
0.009087903,-0.4520938,0.16809976,0.5663905,-0.078632735,0.62238413,0.6773244,0.010500698
-0.39885223,-0.15884525,0.31567168,0.109968424,-0.4613979,0.6777925,0.52679265,0.108244866
-0.28041112,-0.091991104,-0.20022577,0.9146149,0.15873212,0.22561476,0.37130865,-0.1727782
-0.11265524,-0.24466382,0.18200648,0.22631419,-0.18817957,0.7145729,0.4683316,-0.03536594
-0.2734936,-0.10846079,-0.27364206,-0.6288477,0.04683352,-0.3041382,0.055038568,0.14837565
-0.5648504,-0.22790594,0.21485257,0.31947815,-0.86964333,0.0407159,0.25790784,0.12816659
-0.48080492,-0.044576716,-0.75704813,-0.4478019,0.13140522,0.044338133,0.31735566,-0.1380992
0.2737934,-0.430605,-0.2804554,0.3634504,-0.740854,-0.029024815,-0.21884352,-0.5778483
-0.4697765,-0.21666232,-0.16978419,-0.3168884,0.32744414,0.3012715,0.45598003,-0.07170074
-0.38019013,0.241073,-0.06045544,0.81241405,0.37954327,0.30415222,0.53905535,-0.17839085
-0.19449271,-0.06808167,-0.9440949,0.13576972,0.020853294,-0.28035277,-0.11290979,-0.093865946
-0.31866795,-0.3135119,-0.80841315,-0.13279396,-0.15970276,0.6639252,0.32294607,-0.10225736
-0.114782766,-0.2069636,0.27116048,0.21620107,0.35775408,-0.06065997,0.37108716,0.7806469
-0.34770218,-0.3000595,-0.5473094,-0.04516989,0.11520502,0.022932913,0.19378822,0.06187386
-0.46130112,-0.17024836,0.8829566,-0.05461055,0.14488876,-0.3391077,-0.17530628,-0.10276443
-0.6192011,-0.2092499,-0.5670159,0.033698082,-0.06465712,-0.7361397,-0.46968445,0.15485261
-0.4736975,-0.20625241,0.44392717,-0.83940566,-0.26367977,0.79444766,0.6634605,0.28881344
-0.3146782,-0.10127775,-0.6003281,0.67223287,-0.06384795,0.8214061,0.6331257,-0.061960462
-0.006380828,-0.20389375,-0.49711037,-0.46675313,-0.3011474,0.685804,0.44209173,0.13831519
-0.61845624,0.00326166,0.11938369,-0.182168,-0.21570164,-0.7034442,0.31037745,0.29188222
-0.3646048,0.04610059,0.15289557,0.40722084,-0.4595396,0.5333334,0.49088588,0.1265399
-0.39306635,-0.3093203,0.90533423,0.27112937,0.016997468,0.083287075,0.2527908,-0.04964441
-0.35596603,0.027745966,-0.40244472,0.41917467,-0.8088982,0.36523092,0.29330203,-0.32295594
-0.33775547,-0.35843712,-0.43665248,0.7385715,0.29412052,0.30160385,0.36719704,-0.28549328
-0.055363912,-0.20705207,0.7850851,-0.020486414,-0.38865504,0.51994747,0.55964905,-0.020503024
-0.3698711,-0.21724606,0.43521655,-0.77529436,0.32103595,0.408236,0.31422225,-0.2601319
-0.32190683,-0.32705945,-0.3911227,-0.7572402,0.17903142,0.30015713,0.43563548,0.022258496
-0.20389676,-0.10508819,0.056114912,-0.8970475,0.5458147,-0.02992818,-0.48556593,0.039963476
-0.2922318,-0.1627572,0.23885286,-0.5765246,-0.16629896,0.700458,0.725988,0.22740562
-0.14099476,-0.1276082,-0.94286054,0.12917054,0.08140459,0.04325299,0.06454453,-0.26380187
-0.22721033,-0.20093991,0.15623724,-0.7374171,-0.63747114,0.24230182,0.16652246,-0.42068884
-0.31103587,-0.22144397,0.34930527,-0.3084159,-0.14176396,0.70890725,0.605147,0.077553056
-0.19800164,-0.32810444,-0.44019645,0.38449025,0.118367046,0.2325956,0.25795263,-0.0026040205
-0.1496199,-0.28452662,0.118160486,0.42827106,-0.1931511,0.78148556,0.58278114,0.028307393
-0.4757022,-0.064971775,-0.27222317,0.32860184,0.42391214,-0.42590925,0.3702066,-0.021360196
-0.14548801,-0.21522963,-0.7049918,0.42353308,-0.0547055,0.72548157,0.5093297,-0.15529785
-0.38254586,-0.04182722,-0.3940822,-0.22992653,-0.30650365,-0.5404789,-0.2497783,-0.20517084
-0.3528264,-0.24364512,0.748479,-0.38181657,0.46123672,0.53824717,0.35405228,-0.17564185
-0.5664267,-0.16829379,0.6396916,-0.41837817,-0.38786328,-0.64318115,-0.11421347,-0.07614371
-0.39000034,0.07214194,-0.1857593,0.4059447,-0.047077816,-0.19040166,0.26316172,-0.24357252
-0.46080834,-0.1927937,0.2930447,0.6426492,-0.06818261,0.7692631,0.6153389,0.024816805
-0.57661605,-0.024014618,0.47390378,0.7029723,0.34435314,0.25706038,0.36119744,-0.12544736
-0.36077735,-0.023111757,-0.14236003,0.34201753,0.41445568,0.29380664,0.5658226,-0.29110843
-0.70426214,0.010210116,-0.34667653,-0.48476505,0.7909428,-0.2944577,-0.42834353,0.44357735
-0.46470678,-0.34830448,0.48141217,0.31276178,0.37224495,-0.15180454,0.32572588,-0.15015529
-0.26492062,-0.19753183,-0.2166506,0.6453705,-0.5267231,-0.26524627,-0.242649,-0.047953308
-0.023735153,-0.4272055,-0.3235399,-0.75325173,-0.76860493,0.42774948,0.19908358,-0.39834145
0.10780354,-0.10621884,0.88945127,0.4009651,-0.18881771,0.20547107,-0.010619957,-0.6266094
-0.39339164,-0.21667232,-0.6402602,-0.6112147,-0.35872364,-0.04502104,-0.058192886,-0.44361752
-0.23055883,-0.18458013,-0.55610573,0.24555922,-0.06486818,0.74021757,0.6575907,0.00048191514
-0.33103776,-0.13357294,0.5994803,0.11911893,0.2823906,0.26915583,0.08833058,-0.3784047
-0.34745577,-0.35280982,-0.19499844,0.53917813,-0.31841248,-0.124283865,-0.12504831,-0.13349141
-0.042106975,-0.1847676,-0.06540179,-0.70034796,0.19897738,0.10971969,-0.10342954,-0.10549768
-0.5231483,-0.11673629,0.28865123,-0.4548043,-0.19230638,0.46006742,0.49671775,-0.2029375
-0.19511211,-0.14671981,0.40335917,-0.7833973,-0.14280114,0.72219163,0.41418338,-0.04892623
-0.44308174,-0.29212937,-0.8815475,0.38131845,0.5009218,-0.011072854,0.13387237,-0.20141068
-0.64701796,-0.05341878,0.3141104,0.7850292,0.38839176,0.1767879,0.3241999,-0.08198384
-0.6188846,-0.28718442,0.33002698,-0.26431382,-0.06502721,-0.83308655,-0.29050884,0.32145375
-0.530368,-0.06899126,0.6225468,-0.3670562,0.38381395,0.1350178,0.3443697,-0.066154025
-0.36892018,-0.13246696,-0.82223594,-0.43431795,0.18618467,0.20598195,0.30539393,-0.17983821
-0.31161892,-0.2388836,-0.5750804,0.63178325,-0.14728646,0.70723724,0.36177927,-0.24911693
-0.44469368,-0.095723435,-0.036492884,-0.42544502,0.5683605,0.3592739,0.37300524,-0.28104597
-0.18576397,0.065950476,0.31139612,0.0650239,0.024780575,0.72093,0.5019637,-0.15185678
-0.48110646,-0.27355498,0.49428654,0.5932914,-0.15776819,0.70867646,0.23775977,-0.12478901
-0.38548866,0.010773976,0.41980457,-0.8563675,-0.30009398,0.7380579,0.6347503,0.25357172
-0.53707695,-0.056063805,-0.5570777,0.17345083,-0.30899885,0.7612211,0.55365396,0.109643206
-0.37846074,-0.06910962,-0.38307118,-0.2459864,-0.4549773,0.6089487,0.47957793,-0.036378924
-0.40969637,-0.18260708,-0.69315255,-0.25135106,-0.07761071,0.39477196,0.29888624,-0.26278037
-0.3517598,0.09677199,-0.82443404,-0.26583064,-0.476983,-0.7176076,0.09755107,0.12188552
-0.35684955,0.058100883,-0.6563997,0.68104386,0.21859159,-0.4277148,0.22562668,-0.03739685
-0.23708376,-0.16938567,-0.68589383,0.16998172,0.028655058,0.14994848,0.3752819,-0.11200967
-0.40987244,-0.17700042,0.50830984,-0.68462634,-0.3340659,-0.711058,-0.31799614,-0.064256474
-0.44778544,-0.022246327,-0.05494529,-0.28341478,-0.25391936,-0.43028,-0.17267933,-0.17924951
-0.22052296,-0.12377701,-0.18109185,0.8836272,0.45184654,0.2939688,0.3964595,-0.03670854
-0.07036579,-0.17346328,0.33056986,0.5854528,-0.034298357,0.6100837,0.5378883,0.09368852
-0.39368388,0.05006211,-0.14707357,-0.7250413,0.16036466,-0.44928324,-0.0065814527,-0.057419293
-0.40147763,-0.1979492,-0.71058285,-0.60792637,-0.1618158,-0.039880645,0.079265386,-0.2535709
-0.27632496,-0.20763572,0.5471126,-0.48693353,-0.2091226,0.7847075,0.5244842,0.07898604
-0.35913077,-0.21530686,-0.234303,-0.059376657,0.3904632,-0.048508838,0.34001377,-0.1971945
-0.5536849,-0.23659219,0.9120102,0.087227345,0.36190772,0.3068792,0.48435292,-0.20023492
-0.35895395,-0.3458641,-0.19326043,0.5372734,-0.32092488,0.010528546,0.19016884,-0.20076191
-0.27260843,-0.22245024,-0.86987257,0.29580796,0.0415699,-0.013108683,0.4026417,-0.046968862
-0.4278012,-0.2711277,0.55111516,-0.33421952,0.35718992,0.521515,0.26248428,-0.24850166
-0.23506705,-0.22008936,-0.097664714,0.36873162,-0.29270846,-0.1432899,0.059799682,-0.19932823
-0.4043633,-0.2640271,0.6210848,-0.6619803,-0.3385043,0.755448,0.42164198,0.46820286
-0.21128455,-0.31134853,0.13982284,0.82616806,0.19824798,0.6382925,0.37314695,-0.09220359
-0.4728464,-0.17091894,0.7494223,-0.24642521,0.45670465,0.5269726,0.4902486,-0.076942116
-0.39567915,-0.072849214,0.6748295,-0.21101099,0.10483111,0.19388524,-0.07155866,-0.42719743
0.5437487,-0.42043394,0.6187389,0.7255006,-0.12968396,0.19485638,-0.18475026,-0.10119772
-0.4620348,-0.26530886,0.29085636,0.6483002,-0.064894825,0.7548256,0.4032975,-0.027194701
-0.31042895,-0.2860782,-0.8650277,0.1374253,-0.80580854,0.13262688,0.056073062,0.058317214
-0.22866027,-0.17810078,0.30024815,-0.936878,-0.3580565,0.7379035,0.4665296,-0.022664608
-0.05504364,-0.17800415,0.58507454,-0.7939242,-0.43811345,0.6428274,0.5177621,0.29221022
-0.24517196,-0.14800371,0.38169777,-0.67865634,-0.6595808,0.5180201,0.35856536,0.11965158
-0.73958164,-0.19258341,-0.08941203,-0.16225296,-0.8608556,0.15757737,-0.071865484,-0.11898219
-0.5211212,-0.1405646,-0.81781036,-0.25512433,0.2119008,0.19478995,0.2126591,-0.1618969
-0.5164306,-0.14738342,0.64846814,0.009409189,-0.26995647,-0.66551083,-0.04978811,-0.20635481
-0.31914896,-0.1576346,0.34687757,-0.49268895,0.18416859,0.23892501,0.41780946,-0.12596932
-0.49582726,0.014640723,-0.27483004,0.64158285,0.29598993,0.1654572,0.45657223,0.015093032
-0.33251652,-0.2059303,-0.08631182,0.581602,0.1405968,0.046131648,0.3764822,-0.015095812
-0.19491304,-0.052376095,0.450796,-0.55858684,-0.01388814,-0.23779157,0.122143954,-0.20582072
-0.4039297,-0.22498174,-0.8769526,-0.074398935,0.2509779,0.07013456,0.43200746,-0.07567305
-0.48730028,0.011530583,-0.5195567,0.20295167,0.20867544,0.23102903,0.28425348,-0.22427054
-0.35019508,0.025824565,-0.31967765,-0.11783832,0.21341313,-0.12681416,0.2912191,-0.07328762
-0.49336153,-0.19978945,-0.58312106,-0.3283767,0.09973824,0.14334373,0.038322486,-0.31623945
-0.35812348,-0.07412887,-0.85112834,0.4427117,0.34047118,0.4636244,0.33267176,-0.13352741
-0.43576407,-0.35104796,0.48948336,-0.71633804,0.15084668,0.21418917,0.46801326,-0.12213172
-0.4300934,-0.047951292,0.7769462,0.123533726,0.3083685,-0.39259845,0.13061331,-0.13582398
-0.03354955,-0.16049685,-0.64980507,0.13334441,-0.5675583,0.62175804,0.5318105,0.34444374
-0.47871965,0.00065380783,0.68057096,0.12928581,0.40603364,-0.59109265,-0.038801916,0.013097685
-0.34163547,-0.23305257,-0.22516793,0.70740855,0.6239238,0.15142822,0.31289038,-0.2769554
-0.4133486,-0.17247769,0.34977162,-0.94292945,-0.5273048,0.5762348,0.6889205,0.33150628
-0.40337494,-0.3716752,-0.44134015,0.5953778,-0.05892396,0.78553563,0.44772616,-0.06646484
-0.41354772,0.1383561,-0.5607239,0.07127404,-0.33899066,0.5343133,0.19290331,-0.20609847
-0.6057784,-0.306155,0.5463599,-0.74034464,0.3299274,-0.20153624,0.22790408,-0.14535089
-0.5203455,-0.24715002,0.45267916,0.24287832,-0.12701422,-0.6788114,-0.04239293,0.0060928524
-0.28060317,-0.14203659,0.71698153,-0.66028583,0.3206093,0.37598434,0.5862767,0.050886
-0.49906915,-0.2773507,0.13106704,0.74407613,-0.20175242,-0.20875059,0.2059818,0.07686233
-0.421912,-0.1248327,0.026546836,0.6882975,-0.49686307,-0.702917,-0.020715035,-0.10121907
-0.2714976,-0.028643463,-0.9131842,-0.04526162,0.34257874,-0.17992987,0.2252804,-0.11188484
-0.3502604,-0.23025627,-0.6869605,-0.19520056,0.11531358,0.26194838,0.36244106,-0.33383837
-0.5378292,-0.2745994,0.11540294,-0.6732613,-0.14736676,0.041283615,0.25777474,-0.22006232
-0.5232769,-0.1535808,0.24745774,-0.1548838,0.6151063,-0.38339832,-0.19614033,0.22699475
-0.15610328,-0.23012143,0.074049234,0.7051338,-0.30928242,0.44696045,0.21917848,-0.042530563
-0.07279956,-0.088052645,0.2796377,0.2033025,0.333054,-0.13528731,0.34286544,0.74192035
-0.4549119,-0.264604,0.123206854,0.49026024,0.30697173,0.16182452,0.4005527,0.039706785
-0.37076703,-0.09542625,-0.07884663,-0.7536017,0.07900874,-0.39920738,0.20590362,0.25387916
0.068970785,0.22899772,-0.0529207,0.43500018,-0.011664189,0.1229328,-0.073544145,-0.005389318
-0.5292917,-0.14820558,-0.26450193,-0.69211686,0.28724965,0.046161078,0.3222916,-0.096150614
-0.43261898,-0.15406582,-0.14486778,-0.94494057,-0.062108338,0.71556705,0.56046087,-0.1013732
-0.37798712,0.06665557,-0.65001917,-0.5080992,0.17886116,0.18684943,0.18739934,0.09745812
-0.40066046,-0.077014074,0.0052996874,0.66294396,0.11877275,0.20661683,0.46115142,-0.11584588
-0.33376157,-0.066525534,-0.4225179,-0.7800676,-0.037756428,0.7822649,0.4202937,-0.062066864
-0.5258038,-0.15969893,0.1913284,-0.47688037,-0.2748424,0.7234849,0.36681658,-0.009693059
-0.3334059,-0.33138075,0.90554035,0.13106036,0.2658747,0.1690322,0.3060338,-0.00701603
-0.25644004,-0.057648655,0.9861741,0.12368524,0.35681275,-0.3040584,0.17829041,-0.07882092
-0.4118749,0.11076143,-0.17548364,0.19788492,-0.7874363,0.18295608,0.109274015,-0.21421354
-0.3755243,-0.23970625,-0.6437887,0.31103528,-0.27241665,0.7530386,0.81171715,0.17683843
-0.2710702,-0.059261214,-0.340464,-0.61349726,0.060553145,-0.36478102,0.11770663,-0.0003619761
-0.34442356,-0.18587305,-0.3649931,0.79592764,0.22092386,0.15386443,0.39394218,-0.12295129
-0.48531902,0.064347856,-0.7588773,-0.25251782,0.27293164,0.35666373,0.12366134,-0.25001568
-0.51657164,-0.14198253,0.41535032,-0.73725367,0.2899104,-0.6164558,0.06061111,0.015619814
-0.30850947,-0.46119592,-0.7220322,0.6214584,-0.8377748,0.0056769433,0.18328817,-0.40528926
-0.3434153,-0.20144738,-0.21092832,-0.71053374,0.2704723,0.32433954,0.32498085,-0.22475655
-0.14894801,0.008968537,0.3902973,-0.41521627,0.0094903875,-0.4000352,-0.08393705,-0.07783936
-0.25144127,-0.20096031,0.4320041,0.70918274,0.22902004,0.28050232,0.05380131,-0.60156107
-0.30716076,0.07811584,0.21466923,-0.47854924,-0.1366767,0.80566084,0.35531607,-0.016181668
-0.22775845,0.37253293,0.59448016,0.5383941,-0.19545461,-0.50471354,0.27785403,0.037975773
-0.1651942,-0.06631379,-0.6932641,-0.17236769,0.14073072,0.29535866,0.38398486,-0.13738948
-0.6282166,-0.06254052,0.39275634,-0.44268292,0.5204227,-0.20665985,0.5554394,-0.475344
-0.28286245,-0.29384318,-0.1388064,0.5918311,-0.11978649,0.67927426,0.65198374,0.13780762
0.0208223,0.110422544,0.48256874,0.5429779,-0.79113376,0.1113467,-0.22494817,-0.6455131
-0.3809223,-0.09788981,0.022674918,-0.60744524,-0.020402126,0.05013383,0.12407282,-0.16241264
-0.25893244,-0.16822296,0.53205717,-0.5764929,-0.23021945,0.7282225,0.61703914,0.08967093
-0.36054292,0.03915498,0.30286658,0.11480236,0.23640704,0.19533633,0.230279,-0.25107858
-0.3059809,-0.14548832,0.3009839,-0.94772553,-0.27972367,0.8508586,0.54906493,0.25449145
-0.41182297,-0.30546704,0.28807878,-0.45384312,-0.23701629,0.4039297,0.5656609,-0.19897975
-0.41229483,-0.20380643,-0.40222216,0.71976733,0.33682418,-0.085712254,0.27632594,-0.24022697
-0.60019124,-0.1674843,-0.5562618,0.29882693,0.34474814,0.2602065,0.4265374,-0.27383038
-0.17920977,-0.2507865,0.41609275,-0.8012552,-0.13455577,0.63056743,0.5793262,-0.038955625
-0.29627523,-0.005149509,0.5797409,-0.35533744,-0.23832235,-0.42614117,-0.37503552,-0.021913907
-0.34653038,-0.11085014,-0.18805403,-0.81035507,0.3843305,0.35546127,0.44265723,-0.18171348
-0.5499852,0.1529906,-0.18019336,0.66110265,-0.3363434,-0.26644287,0.48862654,0.6551199
0.21528284,-0.032529544,0.29751122,0.68060064,-0.27375546,0.10624217,0.21479692,-0.10792711
-0.4963859,-0.06871007,0.6206337,0.43470228,0.12334916,0.11286078,0.22210748,-0.16488126
-0.058973316,-0.25980824,0.016502619,-0.6837027,-0.7142539,-0.29176575,0.28308505,0.29787126
-0.56409717,-0.3169613,-0.4141571,0.0759027,0.114887305,-0.6788013,-0.44831875,0.1872503
-0.24746656,0.008595725,0.27719057,0.40034306,-0.51175255,-0.59028643,0.03063073,0.083529785
-0.40144405,-0.25289112,-0.6259414,-0.18980742,0.28652778,0.33874446,0.38967526,-0.31442526
-0.5036749,-0.03206261,-0.47620785,0.5592426,0.26754403,-0.4773444,0.16560373,-0.11451054
-0.44498268,0.021763343,0.54238296,-0.79162836,-0.30217382,0.76998407,0.5001106,0.1291087
-0.53134125,-0.15642948,0.5329251,-0.35565054,0.24996796,0.027588228,0.29728013,0.07063065
-0.12600958,-0.13178457,0.28747213,0.33473492,0.12866043,-0.26111484,0.21722521,0.8528154
-0.19906622,-0.275036,-0.2975443,-0.29319912,0.1069042,0.23108329,0.38071176,0.23083302
-0.044527177,-0.35647392,0.6733521,-0.54464483,-0.045142975,0.6513277,0.5717219,-0.050110236
-0.52021384,-0.11869561,-0.6357019,-0.40970343,0.39099127,0.6264019,0.53484434,-0.2098318
-0.49424893,-0.002904828,-0.6405642,0.16479039,-0.14224525,-0.84848183,-0.32980525,-0.57225335
-0.36186692,-0.16405962,0.5800909,0.21359837,0.21853654,0.14880545,0.2824835,-0.13180368
-0.49310002,-0.2510354,-0.0033834577,-0.2286042,-0.25459778,0.71334255,0.08634819,0.06296389
-0.2667123,-0.20962487,-0.7822521,-0.19384933,0.21213713,0.34931794,0.12910007,-0.34353012
-0.15952957,-0.16799559,-0.93178785,0.27557385,-0.013745251,0.7313187,0.61696494,-0.027430736
-0.587738,-0.1858531,-0.20129901,0.8561003,0.46892193,-0.27114174,0.26360148,-0.14285824
-0.3096344,0.012395118,-0.8012474,0.48255193,0.016387956,0.097168244,0.09912264,-0.20199363
-0.41721714,0.24218087,-0.32761347,0.48295295,0.24101947,-0.034059662,0.2963812,-0.16228047
-0.41806138,-0.048144113,-0.10855472,-0.829783,-0.803682,0.13894431,0.1580209,-0.14420786
-0.515958,-0.13480711,-0.85025334,-0.47002906,0.2929368,0.16161199,0.2874434,-0.17816542
-0.4555857,0.054231275,0.53009486,-0.8069417,-0.30357707,0.7041851,0.25620952,0.040642265
-0.32160282,-0.055069793,0.4423778,0.26759362,-0.077570304,-0.7471229,-0.21443638,0.071292065
-0.5008236,-0.23707604,-0.64749765,-0.626045,-0.12180609,0.8305375,0.4550709,-0.057923183
-0.3506792,-0.32456493,-0.14140475,-0.16706288,0.37975082,0.2581987,0.34449303,-0.17161271
-0.59305257,-0.26046696,0.7683568,-0.22642398,0.4135537,0.34028822,0.42127395,-0.24720867
-0.37314868,-0.28887796,-0.010209382,0.6698419,0.2521003,0.09373504,0.30486974,-0.31807816
-0.43452677,-0.27057448,0.22489679,0.6909307,0.1119193,0.33261952,0.4196528,-0.22131358
-0.6873673,-0.3230295,-0.4489084,-0.3774165,-0.29706153,-0.8430066,0.19214849,0.55209047
-0.38487628,-0.1525166,-0.88001984,-0.0564515,0.17350066,0.22773339,0.17340626,-0.17623144
-0.3685615,0.045879457,-0.14792645,-0.33625448,0.112128586,-0.20160544,0.29128852,-0.009169694
-0.31865832,-0.31553954,0.7395543,0.1978296,-0.2975883,0.66371214,0.2526976,0.10259791
-0.37398368,-0.21182002,-0.86122143,-0.20682108,-0.29989457,-0.6695539,0.14101622,-0.17063917
-0.7439567,-0.15966582,-0.03952086,-0.29256028,0.22974898,-0.4454854,0.123839006,0.042325858
-0.71599394,-0.10640654,-0.15145022,-0.24186784,-0.12181254,-0.15517284,0.18124771,-0.41472632
-0.22014813,-0.2839654,0.53947437,0.6083715,0.1402428,0.37883243,0.38987443,-0.26760027
-0.43284342,-0.30080268,0.8687357,0.06336713,0.08096998,-0.3365381,0.21165606,-0.15508404
-0.24196675,-0.3195489,-0.32704747,-0.24670035,0.08785242,0.94717765,0.8550946,0.2603881
-0.19672012,-0.123329364,0.41908503,0.73534405,-0.21996927,0.691057,0.33517575,0.034188807
-0.33847257,-0.12597182,0.54938984,0.711745,0.30565518,0.38385108,0.31183398,-0.24629185
0.12901707,-0.22891471,0.39059448,0.75643826,-0.5370137,-0.1838782,-0.5483061,-0.11824518
-0.26464745,-0.1507777,0.23578107,0.47750175,-0.17688231,0.7594631,0.5255069,0.012871811
-0.3868137,-0.19706194,-0.39876145,-0.83541113,0.055865165,0.7130533,0.49779767,-0.18139753
-0.6390973,-0.24101889,-0.53318226,0.07451427,-0.15358745,-0.70475286,-0.0007709796,-0.17400806
-0.29963025,-0.19552077,0.34916282,0.73897016,0.2851332,0.4002791,0.51830286,-0.2329928
-0.40329584,-0.034063544,-0.87610906,0.2728808,0.21680337,-0.3877651,0.16952935,0.006533973
-0.23119046,0.03160501,0.95466053,0.077249646,-0.66876066,-0.76553804,-0.2574883,-0.045408078
-0.43519747,-0.22678936,0.2197305,0.024674773,0.2883095,0.3592239,0.1941273,-0.35067704
-0.2118947,-0.16065463,0.8179201,-0.17105037,0.1293899,-0.2944444,0.21318547,-0.013943149
-0.27724817,-0.17388338,0.50366485,0.079080224,0.22965169,0.05612008,0.12653816,-0.078232124
-0.186915,-0.052624103,0.22503793,-0.052644074,-0.5164986,-0.53874314,-0.4404683,-0.5083085
-0.56837803,0.020623896,-0.9422601,0.24503732,0.363386,-0.47629446,0.29223645,-0.05648943
-0.32038504,-0.35732543,0.49545074,-0.7325381,0.13128205,0.23759404,0.35367963,-0.15144917
-0.3446648,-0.004528041,-0.4318077,-0.037837267,0.09496516,-0.3844215,0.025391502,-0.204316
-0.439788,-0.10557695,-0.29389048,-0.47214305,0.30155364,0.21248432,0.40963343,-0.12922852
-0.4538346,-0.3790603,0.041571498,0.6562823,0.3531611,0.44993463,0.44620392,-0.26116884
-0.40705866,0.0033438995,-0.4334396,0.7138387,0.39967737,-0.34146804,0.29274017,-0.1326472
-0.3445402,-0.1816987,-0.23635238,-0.42112583,0.22445448,-0.30476272,0.21978408,-0.059809316
-0.6109486,-0.2067031,0.24298179,-0.22918147,0.61948997,-0.24579372,0.024851343,0.13830523
-0.18863858,0.013898377,0.13201761,0.5715823,-0.44030014,-0.10875646,0.2545682,-0.21797614
-0.20531887,-0.21839242,-0.7211025,-0.29625857,-0.15863265,0.72802967,0.6036187,-0.044059347
-0.41060233,0.07324714,0.088498235,0.85518706,-0.71737134,-0.04894643,0.20562886,-0.06873439
-0.50912935,-0.0026778684,-0.346353,-0.38856804,-0.13012516,-0.81162316,-0.19547033,0.03652679
0.032297235,-0.118198045,0.034456015,0.63511765,-0.6074941,-0.14096889,0.38791576,0.37455183
0.021832986,-0.1367693,0.018970728,0.8407377,-0.43110207,-0.1720925,0.31747156,-0.04659172
-0.48016953,0.08013762,0.44085085,0.51289797,0.39050165,0.22055997,0.36560553,-0.10906004
-0.39176992,-0.044925053,0.5385864,0.034263372,-0.3538922,-0.7131798,-0.26587784,-0.067061566
-0.3561687,-0.08696124,-0.41059613,0.40715468,-0.71064335,0.26568663,0.30919644,-0.11876065
-0.113458544,-0.23446326,-0.7682635,-0.19368434,-0.110936336,0.649758,0.6599051,0.061682146
-0.40785348,-0.04162946,0.15042913,-0.7624388,0.23755053,0.10882851,0.26927134,-0.1919766
-0.2796035,-0.11919878,-0.25716883,-0.058992922,-0.22134121,-0.6734042,0.2678358,0.44374424
-0.3421101,-0.16337486,0.25879264,0.6017271,-0.22305994,0.7307963,0.26724955,0.08946537
-0.71008176,-0.118291914,0.42019606,-0.3650421,-0.18180569,-0.7599828,-0.37080246,-0.3075557
-0.50531965,-0.174107,-0.04433173,0.47335243,0.41843084,0.20820932,0.2715489,-0.5899725
-0.48064637,-0.26885113,-0.23849213,-0.77684516,-0.42206636,-0.48744017,-0.13118939,-0.08436083
-0.15686129,-0.17870349,0.38194966,-0.6773373,-0.4863686,0.49488145,0.44676447,0.16518639
-0.5088305,-0.021625694,-0.19721448,-0.7897582,-0.17467418,0.78886443,0.31028318,-0.19969088
-0.20982108,-0.16827826,-0.25445247,0.6406386,-0.59690946,-0.24291399,-0.1964205,0.26384938
-0.061722536,-0.08052078,0.1786344,-0.22775245,-0.25752762,-0.1325854,-0.18356189,-0.5187783
-0.40799323,-0.18465962,0.22521448,-0.49984205,-0.2610538,0.78365916,0.32442272,-0.06031971
-0.48634082,-0.08868546,-0.40679598,-0.15544385,0.47756064,0.04703819,0.55721277,-0.3833016
-0.47394273,-0.17024574,0.21923137,0.67246485,0.2848381,0.21763897,0.47365832,-0.08908743
-0.107749134,-0.094661795,0.5158162,-0.5971652,-0.30911604,0.5301852,0.8317763,0.09872581
-0.42071077,-0.20823781,0.79410386,0.5476898,0.08740887,0.25544426,0.47050476,0.012041187
-0.35769135,-0.053271037,0.5259098,0.67527235,0.18743911,0.24852411,0.12689413,-0.26610658
-0.18224351,-0.12114295,0.45873642,-0.905592,-0.24948464,0.70015717,0.67276025,0.21483502
-0.22713874,-0.39211816,0.3186109,-0.84537405,-0.11212376,0.6876322,0.46656162,0.13100877
-0.41602534,-0.14822258,0.9793514,0.15635645,0.36019263,-0.33601114,0.2130636,-0.1275407
-0.19358085,-0.08192208,0.3829509,0.76102376,-0.64091355,-0.14894633,0.22967076,0.36179975
-0.46544716,-0.1173642,-0.2503379,-0.47373044,0.25067165,-0.3614458,0.23357789,0.076146565
-0.22714399,-0.1770029,0.4369532,0.18677175,-0.09764051,0.06125359,0.457604,0.022655774
-0.1917733,0.00015771839,-0.5514808,-0.0074263215,-0.38747174,0.4088826,-0.030854518,-0.17499541
-0.35668382,0.023778621,-0.76586306,0.087852836,0.35911608,-0.42409125,0.44902077,0.014717533
-0.34151483,-0.20902269,0.38131773,0.5662464,-0.105297066,-0.23395751,0.13307136,-0.17952888
-0.24809672,-0.3172086,0.8437556,0.42422688,-0.16886623,0.71016395,0.4691894,-0.06029042
-0.6447969,-0.09767056,-0.10483301,-0.7337891,0.4371473,0.22854476,0.34354806,-0.17931202
-0.3623221,-0.015796643,0.2681328,-0.7524368,0.021864116,-0.121620916,0.2955807,-0.09489318
-0.56542194,0.057861853,-0.6357019,-0.40970343,0.47898456,0.47117636,0.40151215,-0.04266634
-0.46281496,-0.19985321,-0.40114248,-0.730389,0.05133871,0.20319302,0.12788293,-0.34501946
-0.1602066,-0.2706237,0.003259778,-0.2749874,0.26480123,0.10721503,0.43835813,-0.08996709
-0.48071998,-0.21583518,-0.20779973,-0.7258934,0.38904202,0.27853084,0.33813044,-0.17833936
0.1270123,-0.38178778,-0.018377304,0.012363076,-0.60085416,-0.41611853,-0.029564757,-0.6632525
-0.35947916,-0.21772014,-0.15361154,-0.09260452,-0.3406245,0.15045907,0.15680592,-0.20527683
-0.13701655,-0.117976084,0.8362112,-0.05845803,-0.568447,0.15644819,-0.19155471,-0.22391392
-0.48423725,-0.14790544,-0.42348754,0.73835146,0.3504297,0.17048262,0.36166382,-0.15363821
-0.29112712,-0.11142124,0.6301106,0.03192115,0.13217793,-0.43621117,-0.04448484,-0.22086594
-0.3923824,-0.36700416,0.43121946,0.67726254,-0.067032084,0.78453547,0.61123204,0.09113024
-0.49005398,-0.12578686,0.29097128,-0.4614988,-0.14214797,0.41437218,0.500011,-0.15794924
-0.40485927,-0.026106011,-0.636754,0.6200577,0.17667277,0.15111879,0.19104354,-0.10570458
-0.537812,0.04240318,0.27026117,-0.103260815,0.024284126,-0.6468433,0.017178025,-0.0815167
-0.3664246,-0.36038655,0.48188722,0.57740796,0.24270608,0.20040272,0.427531,-0.18256524
-0.3544022,-0.112771355,0.049741626,0.7603593,0.16472352,0.118277475,0.12506643,-0.06489362
-0.18006708,-0.1350755,0.40676033,-0.8030773,-0.17494792,0.6108601,0.40499142,0.06878618
-0.3844574,-0.29800764,0.085255265,0.50891125,0.25024107,0.18972759,0.41204438,-0.100827776
-0.3967543,-0.2508415,-0.31386358,-0.122546256,-0.38595143,-0.06858396,-0.31904754,-0.5123245
-0.47405916,-0.22749227,-0.60969466,0.11328256,0.3919402,0.53942657,0.40833643,-0.17007186
-0.53276646,-0.32275537,-0.29836214,-0.21416175,0.54854065,0.15159626,0.2190886,-0.27483508
-0.57113713,-0.15128355,-0.5980106,0.63889575,0.5715818,-0.11702017,0.33646017,-0.28458175
-0.30260673,-0.17763181,-0.18775725,0.21638048,-0.07470743,0.036158323,-0.024992771,-0.21255001
-0.3158837,-0.10652961,0.054293513,0.0023827553,-0.16319399,-0.4203521,-0.07835658,-0.37870622
-0.15931857,-0.323484,0.5206958,0.7859862,-0.036090903,0.75249094,0.46214715,-0.093714274
-0.38628027,-0.27826005,-0.15904772,-0.794702,0.4119055,-0.068707265,0.38139302,-0.18225309
-0.3106218,-0.17703456,0.5491004,0.1621511,0.21754965,-0.28929022,0.09839598,-0.052920964
0.014609439,-0.2830258,-0.078187704,0.5864053,-0.122482784,0.6883543,0.77834135,0.093610786
-0.47493076,-0.15292577,-0.1944871,0.81835294,0.27841145,-0.28234026,0.2689783,-0.18231209
-0.25679544,-0.17398994,0.2554072,0.62320113,-0.05015548,0.6693475,0.6182194,0.09985561
-0.41910753,-0.34782782,0.1381011,-0.6233841,0.30427542,0.204021,0.37085465,-0.26459533
-0.29632622,-0.4112072,-0.4281121,0.3905784,-0.14132565,0.7011887,0.4531865,0.051550824
-0.4628251,0.014783566,-0.2764573,-0.8121577,0.30898365,0.5429337,0.52745146,-0.1623545
-0.0816098,-0.19484265,-0.9653111,0.08243275,-0.112834334,0.85698956,0.55780834,-0.006988881
-0.53998023,-0.0803108,-0.32160038,0.45111609,-0.26654476,-0.23575214,-0.0039902804,-0.34595817
-0.45926613,-0.06928108,-0.0745725,0.06774378,0.15506317,-0.0497352,0.20102029,-0.24819778
-0.64099395,0.20906235,0.7420405,0.08118415,0.5223595,-0.23947029,0.2975009,-0.15098737
-0.46614715,-0.21203375,0.120969534,0.47546387,0.014822117,0.76171076,0.43767932,-0.069928706
-0.47972354,-0.2996078,0.2896222,-0.25379992,0.46292418,0.4256567,0.44630438,-0.20901519
-0.37254927,-0.108389586,0.41593778,0.22285008,-0.0015423703,-0.7042752,-0.23153776,0.05148005
-0.13385676,-0.2572135,0.5198871,-0.5258735,-0.5159309,0.5327711,0.12976635,0.3169713
-0.27183133,-0.021380778,-0.23827672,0.64626884,-0.6422282,-0.2817576,0.45145386,0.49605495
-0.52088076,-0.3273083,0.35211205,-0.52851677,0.38755807,-0.22585483,0.3185772,-0.36154148
-0.006591605,-0.12942989,0.22500765,0.52371097,-0.14918193,0.64712185,0.6528964,0.044877484
-0.16116014,0.021747757,0.8437786,0.44526386,-0.088781536,0.83350384,0.31290945,-0.15138905
-0.3204842,-0.24044156,0.2942407,0.4493791,0.13385679,0.21041368,0.20543003,-0.5247919
-0.54592973,-0.06872153,-0.10020977,-0.41926813,0.46288243,-0.3107375,0.34515595,-0.42744416
-0.4684511,0.1990463,-0.4192261,0.079140306,0.025300361,-0.76305306,-0.5355514,0.19939296
-0.43859938,-0.006011869,-0.94405633,0.10809779,0.47328672,-0.39874515,0.08546331,-0.010523966
-0.36109972,-0.13118662,0.67880654,-0.537455,-0.2603891,0.010869862,0.3332878,-0.15758902
-0.27345252,-0.13425168,-0.2815531,0.57394767,-0.19344567,0.6697752,0.58534586,0.102506034
-0.5572078,0.1314845,-0.17187357,-0.6343149,-0.14244668,-0.65868384,0.09615193,-0.07759845
-0.1265298,-0.16011816,0.6378279,0.2662375,-0.27364728,0.7769684,0.29015592,0.0015042713
-0.26854157,-0.1204952,-0.2083919,-0.659467,-0.34731814,-0.680187,0.21867666,0.42605102
-0.56789154,-0.18303299,-0.2738288,0.46390784,-0.85756475,0.19966452,-0.005131895,-0.09701153
-0.27607825,-0.17389451,0.4449818,-0.80061257,-0.3444471,0.49668103,0.664686,0.22095668
-0.24798545,-0.12067381,0.38198364,0.770609,-0.47409058,-0.11508186,0.36486423,0.489953
-0.20191422,-0.010244946,-0.4218496,-0.72685724,-0.06638408,0.69375825,0.672836,0.053133428
-0.2972492,-0.07218076,-0.38907355,0.7283386,0.0078089735,-0.68752646,-0.078530505,-0.054120403
-0.5234413,-0.10525309,0.47784102,-0.6961186,-0.17739516,0.8382133,0.68716097,0.083390616
-0.21076739,-0.24421374,0.63739216,-0.07563466,0.12779705,0.20255262,0.02619892,-0.36314067
-0.477016,-0.2984081,0.27934074,-0.2491585,0.26876953,-0.2827253,-0.052064244,-0.15439019
-0.3411116,-0.12084802,-0.7113405,-0.19627249,-0.03961034,0.16856697,0.08463096,-0.18342438
-0.4727673,-0.36261106,-0.6255765,0.09810209,-0.2031073,-0.15478319,0.05224764,-0.17612547
-0.52853584,-0.023654964,-0.048185766,-0.6875521,0.4973428,0.1862554,0.26400164,-0.19622773
-0.24096775,-0.18330178,-0.040601134,0.5382756,-0.19388616,0.63886875,0.4607304,0.072637126
-0.31469074,-0.18164694,0.48498106,-0.5617896,-0.5377465,0.5690762,0.3618438,0.031888872
-0.38634974,-0.2458279,0.72379756,-0.37778962,0.23443298,0.056026608,0.08675878,-0.15336245
-0.44373015,-0.23393536,0.34050906,-0.8391304,0.3624164,0.4135553,0.35187465,-0.22507592
-0.5071523,-0.3341494,0.058516026,-0.7766343,0.20881735,0.39011878,0.36997452,-0.2473844
-0.56595993,-0.16239938,0.43327606,0.42605007,0.13785072,-0.36934862,-0.128413,-0.05570548
0.0789002,-0.370887,0.13923717,0.5591284,-0.14590967,0.64744705,0.6938919,0.15200719
-0.3658271,-0.19123282,-0.38120568,0.7702917,0.07342939,0.18239303,0.17416438,-0.34889564
-0.33895823,-0.23918551,0.45352268,0.0024729967,0.37669635,0.3934072,0.46317846,-0.15258649
-0.57616556,-0.2486082,0.31034398,0.69134045,0.17003483,0.068109535,0.234573,0.007908258
-0.26868016,-0.18525931,0.06334531,0.62901115,0.18746808,0.43786162,0.458388,-0.18238348
-0.38579053,0.22945975,0.66485786,0.11018324,0.07540504,-0.42244437,-0.1468751,-0.05961945
-0.05372839,-0.3383148,-0.6063339,0.11555052,-0.3400337,0.05126595,-0.14427896,-0.17472716
-0.40735313,-0.23753019,0.118623495,0.5229384,-0.6768492,0.4201575,0.6330237,0.015605232
-0.33517346,0.07595465,-0.27160084,-0.40325856,0.45970303,-0.08024559,0.33880916,-0.30137056
-0.26256096,-0.35877922,-0.7877485,-0.08757943,-0.08506341,0.70532316,0.3591491,-0.12610376
-0.41263324,-0.16314292,-0.93597835,0.1189698,0.5939103,-0.048747424,0.25886443,-0.105550185
-0.14697069,-0.09318346,-0.49348134,-0.097121894,-0.041697882,-0.5802698,-0.26300788,0.034638703
-0.31984055,-0.24987373,-0.2231496,-0.34506547,-0.54167813,-0.5617124,-0.17034826,-0.011967333
-0.51627195,-0.26253188,-0.8819393,0.32474792,-0.40140408,0.13843133,0.24295127,-0.11832006
-0.1127682,-0.080321774,0.2836299,-0.8487936,-0.17390382,-0.1725683,-0.3310319,-0.10330357
-0.4196967,-0.2914724,0.11477947,-0.55833435,0.42292407,-0.43206468,0.29386675,-0.16233501
-0.47282588,0.03336442,-0.77396536,0.6175871,0.32622242,-0.4634684,0.46746913,-0.21781126
-0.4113814,-0.11317353,-0.24228126,-0.62352914,-0.3689216,-0.76919276,0.22795221,0.49302787
-0.2731216,-0.1154289,0.11417961,0.9118973,0.18118767,0.2562135,0.22742425,-0.4297115
-0.30708042,-0.04750106,-0.79414356,0.5537834,-0.08089653,-0.45285103,-0.15387881,-0.1792829
-0.49459696,-0.30991048,-0.35199898,0.25354517,-0.87152225,0.3304684,0.365212,-0.14652789
-0.22451252,-0.09979703,0.3338666,0.6899189,0.44845495,0.27962708,0.33248454,-0.22328871
-0.53669286,0.11264809,-0.4077466,-0.3079021,-0.33196247,-0.7218914,-0.14936335,-0.37881598
-0.16655058,-0.23831934,0.27902663,0.6610408,-0.14456776,0.67822564,0.6814424,0.070259236
-0.61946416,-0.1121783,0.40891433,0.17813134,-0.8090326,0.22803338,0.1807859,-0.30622014
-0.3341571,-0.21957189,0.7583486,-0.38928956,-0.24724774,-0.24021208,0.03970945,-0.07630497
-0.22008163,0.3675979,0.09211886,-0.6559715,-0.31573805,0.6771848,0.4780697,0.12210883
-0.22691454,-0.12489261,-0.21488768,0.6473372,-0.5715727,-0.4379385,0.32522404,0.3374857
-0.342542,-0.23793717,-0.9055243,-0.17232275,0.3231995,0.27815014,0.41221341,-0.15154193
0.082860425,0.018888,0.75635993,0.46592999,-0.80196404,0.1468787,-0.6440658,0.0742698
-0.4424556,-0.37152773,0.5053121,0.54688835,0.3916363,0.20740506,0.3314676,-0.13451616
-0.56739056,-0.1419509,-0.16026002,0.8043777,0.28569552,-0.42226225,-0.16816609,-0.24244897
-0.38556334,-0.3214846,-0.0018857718,0.8705878,0.08812771,0.27708644,0.42252004,-0.32781333
-0.4378127,-0.20230079,-0.8790556,-0.1829626,-0.3219995,-0.16296993,-0.041777827,-0.2207753
-0.52792567,0.0956533,0.062471986,0.74434364,0.41783148,0.4371627,0.41299525,-0.12402007
-0.68379694,-0.24388431,0.85681224,0.00828588,0.6313123,-0.18588789,0.063507795,0.02938401
-0.20483506,-0.17240587,-0.62603337,-0.28806603,0.32917768,0.31541362,0.3536569,-0.07401952
-0.42823935,0.05211805,0.5917728,-0.32651657,0.3858657,-0.40402526,0.30019057,-0.06810867
-0.47971442,-0.2959341,-0.1127224,-0.0040742755,0.36183283,0.19365056,0.43250945,-0.30022982
-0.5340027,-0.081827074,0.36620116,0.18006706,-0.15241288,-0.58510303,-0.36440837,-0.08767576
-0.38427457,0.08448423,0.55890584,-0.013210416,0.30437747,-0.3171553,0.2491465,-0.19432142
-0.35764676,-0.31437734,0.049471855,-0.29495692,0.2179151,0.18527342,0.1956003,-0.10432415
-0.13158412,-0.43257314,0.3109449,0.5485344,-0.015228973,0.8045594,0.42451954,0.021371309
-0.229495,-0.09545595,0.06524706,0.97877526,-0.24035783,0.76558405,0.39210713,0.030813575
-0.13125928,-0.15589671,0.35761547,0.4785689,0.12931874,-0.1358225,0.26978046,-0.07450886
-0.38713023,-0.18227577,0.29223788,-0.9370934,0.2838614,-0.47658435,0.49639234,-0.3560853
-0.3527631,-0.14289838,-0.82658195,-0.28038764,0.47917295,0.49180874,0.47288802,-0.19863717
-0.25397652,-0.34240586,0.50958335,-0.74968135,0.23953995,0.2593198,0.2933532,-0.12707575
-0.30446193,-0.00617675,-0.46062773,0.58295894,0.1975819,0.26216763,0.1773141,-0.40608436
-0.520962,-0.11579648,-0.065271795,0.5680529,0.3837136,0.32477728,0.57414925,-0.16908313
-0.27196288,-0.02669796,0.47330272,0.082577586,0.051411968,0.19178316,0.25798547,-0.12661074
-0.581481,-0.23371106,0.5543958,0.7585274,-0.31324166,-0.7848839,0.111810446,0.12146348
-0.58189195,-0.2162035,0.21698844,-0.85094017,0.3964842,0.48245102,0.5365726,-0.099886045
-0.049132545,0.18355553,0.7401184,0.13428211,-0.28631142,0.70543796,0.3843,0.031568173
-0.393628,-0.05171557,0.7551489,-0.06631982,0.41689858,-0.33709612,-0.05216731,-0.05562038
-0.25735793,-0.24448346,0.1136775,0.063509226,-0.30021122,-0.6083159,-0.01789279,0.068718575
-0.3516568,-0.12703672,0.19772732,0.76913595,0.1471508,-0.26441482,0.10075183,-0.14686422
-0.5188075,0.07542024,-0.31799942,0.39775598,0.2393112,0.21153937,0.391908,-0.1292653
-0.36710626,-0.115842335,-0.13792074,0.38179135,0.354115,0.340103,0.41192892,-0.112133026
-0.3106589,-0.36599234,-0.8661854,0.47233665,0.23353292,0.24405201,0.38071135,-0.17134875
-0.10555935,-0.24740447,0.13789141,0.7740921,-0.0774028,0.7389121,0.6491236,-0.04771024
-0.4993576,-0.27372375,0.75865984,-0.47521615,-0.22887482,-0.20900822,0.18797925,-0.003110477
-0.27704436,-0.029882278,0.30056775,0.67162645,0.37045193,0.34793207,0.53124547,-0.07253652
-0.42378217,-0.14480597,-0.33000094,0.35940337,-0.24040198,-0.6241188,0.22167817,-0.3829114
-0.42533964,-0.20651184,-0.4209249,0.83070993,-0.8233072,0.1298632,0.13119173,0.02083373
-0.5880248,0.015183528,-0.24504727,-0.439848,0.4331038,-0.29170668,0.5017539,0.044997297
-0.4241908,-0.11513224,0.6980394,-0.06877315,0.24579313,0.33207095,0.37930244,-0.17221707
-0.2491261,-0.35072747,0.5574728,-0.5434731,0.42423218,-0.24556169,0.4384531,-0.20976211
-0.60512775,-0.17401339,0.6011156,0.05469024,-0.25069156,-0.6420782,0.0023968213,-0.119486704
-0.21164852,-0.055868585,-0.7183844,-0.45345306,-0.03678058,0.17017698,-0.25084856,-0.34638694
-0.15222317,-0.19458538,-0.11084467,-0.20273745,-0.00880765,0.15849288,-0.029119695,-0.24636018
-0.5025652,-0.18522388,0.16487122,0.6256254,-0.38416165,0.756188,0.065764844,0.15695667
-0.48440203,-0.19319893,-0.37029004,-0.36829716,0.00035909974,-0.04930977,0.14587611,-0.1417132
-0.48952705,-0.0662579,-0.22677696,0.082241416,-0.29706377,0.6756962,0.06394705,0.23641121
-0.2770041,-0.2801025,0.3491665,0.0774529,-0.83353794,0.39251962,0.44183308,-0.24878897
-0.25228098,-0.023325007,0.450796,-0.55858684,0.029665614,-0.35272864,0.09598929,-0.09590405
-0.4478098,-0.019442614,0.83464074,0.07533872,-0.81715965,0.12007372,0.26061633,-0.10694514
-0.0733238,-0.31473213,-0.7778888,-0.21955556,-0.018370831,0.18982866,0.40557775,0.0015333495
-0.5433252,0.041247804,0.2316035,-0.89039636,0.020468453,0.8146576,0.49695513,-0.10199047
-0.37868205,-0.08371637,0.7242167,0.07089102,0.3240184,-0.23441993,0.018746417,-0.13326253
-0.04662286,-0.43280518,0.52923095,-0.5713787,-0.22527549,0.6648032,0.59313005,-0.07021418
-0.61322284,-0.07540414,-0.2696975,0.5328759,0.56241363,0.5047241,0.44115818,-0.13926226
-0.22478135,-0.00840878,0.4244913,-0.66007805,-0.60982066,0.44591013,0.4785196,-0.02147613
-0.3690218,-0.2576046,-0.81943804,-0.49344385,0.17785303,0.040749762,0.2545974,-0.16985813
-0.27689528,-0.24295129,0.29772592,-0.92566335,-0.44902974,0.7657227,0.6929266,0.26566523
-0.37193528,-0.17964593,0.5867889,-0.013815939,-0.29694095,-0.4840407,0.13028413,0.09005263
-0.26955572,-0.03461468,0.2932638,-0.32853693,-0.559144,0.59527946,0.45371825,0.30861196
-0.54033786,-0.117340274,-0.54902315,-0.20125955,0.34585196,0.09304275,0.36520252,-0.059277903
-0.64339703,0.08058707,-0.44013822,0.2557819,0.21826987,-0.49495304,-0.21565358,-0.31599036
-0.26942956,-0.09865418,-0.2203806,-0.8676932,-0.3799993,-0.116567,0.12539293,-0.17585917
-0.23312749,-0.1407777,-0.45239472,-0.21910763,0.02537008,0.09998053,0.12842472,-0.06277129
-0.3222552,-0.19732721,-0.3120346,-0.51327,0.14077975,0.29772276,0.40819293,-0.0384012
-0.06186073,-0.25566816,-0.073296726,0.54069865,0.2658355,0.2706579,0.3465952,-0.19402021
-0.35779765,-0.12630142,0.11329305,-0.31733584,0.19647062,0.007866067,0.29399005,-0.042135254
-0.41934353,-0.14987227,-0.22649229,-0.76678956,-0.14186388,-0.68055284,0.19652998,0.03237174
-0.5527288,-0.07143722,0.5965334,0.6944839,0.41530117,0.2352115,0.4260612,-0.20072903
-0.43162686,-0.22786468,0.32759237,-0.59031403,0.40893725,0.37704855,0.38960037,-0.14833063
-0.24204709,-0.11644803,0.71581614,-0.4641152,-0.33270243,0.62249416,0.11792002,0.19111896
-0.63192934,0.32018495,-0.38245147,0.59277284,-0.8500737,0.25864446,0.2834281,-0.09853709
-0.50605965,0.015360554,-0.7974988,0.6042156,0.3344007,0.28446472,0.38717425,-0.38636345
-0.464685,-0.060564365,-0.30325842,-0.28165358,0.12396613,0.15228862,0.14128534,-0.060975693
-0.471011,-0.33129263,0.48710287,0.5877557,0.25640962,0.24424943,0.21739843,-0.3088698
-0.48070544,-0.17726348,0.566434,0.61783624,0.441506,0.26803696,0.36872718,-0.24592732
-0.16570929,-0.2602326,0.20519185,-0.93705523,-0.15389264,0.67893064,0.5562044,-0.03629035
-0.24932092,-0.3110271,0.18153453,0.22520423,0.2450219,0.1907849,0.13574272,0.233383
-0.012551533,-0.29296288,0.34972703,-0.7362623,-0.12199928,0.62434816,0.59135586,0.06364187
-0.33058,-0.16275837,-0.4939494,-0.13761431,-0.16142058,0.68092334,0.61822426,0.09508047
-0.2900368,0.0819593,-0.5518334,0.51853836,1.6128703e-05,-0.49844977,0.09342358,-0.16324571
-0.14733785,-0.19095227,0.547088,-0.55033267,-0.14858967,0.6947147,0.4480027,-0.04664136
-0.35784814,-0.33771038,-0.2575168,0.5597216,0.25019482,0.23952231,0.24043788,-0.1568336
-0.3735301,-0.11224278,0.64541006,0.04095781,-0.32993978,-0.5401031,-0.39018014,-0.10725513
-0.26544768,-0.4080009,0.5627537,0.49650717,0.048943676,0.816405,0.40299532,-0.1423799
-0.4977068,-0.14208256,0.37194836,-0.9075132,-0.6435036,0.3225911,0.6568444,0.23964077
-0.69540817,-0.16353655,-0.27186638,0.6348852,0.44456834,0.27128148,0.4638062,-0.09316525
-0.49574107,0.0062478976,0.6307676,0.14138639,-0.23032646,-0.7801148,-0.31332508,0.0035311491
-0.2901365,-0.36598024,-0.13019645,-0.39977294,0.06357789,0.6464507,0.9142218,-0.6584976
-0.2357148,0.09360074,-0.5038271,-0.53236604,-0.19531462,-0.59166086,-0.1915983,0.044988766
-0.22466308,-0.37290853,0.22201157,0.5557779,0.31419975,0.69128644,0.35479042,-0.050899483
-0.37226462,-0.13726555,0.6032673,0.2616123,-0.2224524,0.75190014,0.52227235,0.08342724
-0.6045075,-0.079373665,-0.0067195892,0.5087582,-0.0043274052,-0.47282422,0.029905412,-0.10007621
-0.2724657,-0.018916082,-0.09479481,0.34875596,-0.588369,0.09444554,-0.8475463,0.1300831
-0.34205925,-0.034706276,0.74430716,0.21296704,-0.4057603,-0.7061802,-0.22338054,0.047603264
-0.277116,-0.3326871,-0.4073403,-0.38879752,0.27087635,0.53876907,0.20757204,-0.23793611
-0.20265765,-0.19801925,0.2509414,0.5486417,0.032725986,0.30776677,0.026299842,-0.42538774
-0.36467218,-0.14019105,-0.063797355,-0.1893568,0.35014948,-0.30013135,0.11197451,-0.16939405
-0.48004973,-0.25656286,0.4017625,-0.75809807,0.5111792,0.50802195,0.15932776,-0.08790358
-0.3544169,-0.10101953,0.30518234,-0.40215307,0.10683448,-0.32465607,0.048401248,-0.15128751
0.47492898,-0.28418443,0.87484324,0.09144449,-0.23651104,0.31638023,0.11102445,-0.52994996
-0.46119592,-0.06811319,-0.79375637,0.27969277,0.47441462,0.6860302,0.5655148,-0.29330832
0.023593618,-0.05484851,0.017933846,0.65462124,-0.3997744,0.60153335,0.27762324,0.02277536
-0.27276453,-0.18597282,0.25535333,-0.7903415,-0.18924637,0.86626685,0.32054228,0.049445726
-0.2598283,-0.3969554,-0.11966145,-0.09490389,0.2000329,0.34007987,0.42299107,-0.25475323
-0.36390632,-0.11423454,-0.65580726,-0.3323998,0.316184,-0.17111047,0.3233262,-0.6393753
-0.49245176,-0.44564113,-0.7688434,-0.39841843,0.27394494,0.39199492,0.3763208,-0.30886927
-0.31571054,-0.17413388,-0.14159542,0.65720856,-0.51375765,-0.23485593,-0.26173434,-0.052257705
0.09352265,-0.36321804,-0.61238897,0.6880137,0.04270613,0.3900307,0.015536197,-0.36071113
-0.21809365,-0.18904984,-0.905269,0.27682984,0.21554159,0.38821128,0.16906783,-0.36866048
-0.2640638,-0.3069715,-0.33776557,-0.89213276,0.26309147,0.49860007,0.31375828,-0.093601614
-0.34927267,-0.20524806,0.073694706,0.061653256,-0.23834668,-0.11608475,0.048334826,-0.16860715
-0.3301088,0.03662655,0.611506,0.044347882,0.5281208,0.09202951,0.28764993,-0.18185525
-0.284804,-0.17650653,0.27051258,0.14755976,0.18763782,0.26563847,0.39148656,-0.15128537
-0.52386254,-0.108101204,-0.006006539,-0.35668314,0.35375735,-0.08859535,0.23502861,-0.039274145
0.081658736,-0.24268658,-0.7602921,-0.251212,-0.046524588,0.70799893,0.52082634,-0.40034342
-0.5790103,-0.21441303,-0.28070384,-0.88658303,0.29872972,-0.5112078,0.19502404,0.08874587
-0.38275322,0.2720421,-0.97576827,0.047437787,0.42482108,0.25588587,0.29383364,-0.16145393
-0.54976124,-0.11587179,0.6026162,0.61018884,-0.05510184,-0.67777854,-0.09881358,0.045170557
-0.34130305,-0.15910737,0.060774088,0.7381315,0.32588348,0.68346334,0.43640727,-0.2774515
-0.3652034,-0.12123385,0.09098375,0.9443227,0.39203206,0.22300598,-0.031523287,0.022341516
-0.30471596,-0.30060008,-0.20711398,-0.22479928,0.34906903,0.5657422,0.5029525,-0.28621802
-0.5086469,-0.20750579,-0.08525646,0.66323817,0.21865094,0.110291496,0.23948215,-0.121514395
-0.08495377,-0.20651218,0.5329417,0.52433085,-0.090427235,0.80101955,0.7566512,0.112302296
-0.13489947,0.03504442,0.5617962,-0.7750216,-0.35918653,0.6187195,0.52522665,0.29745263
0.027157111,-0.23457672,0.23143601,0.5148188,-0.061645158,0.6883094,0.6359883,0.10887831
-0.26983654,-0.16404514,-0.20882952,-0.70555556,0.15738538,0.057009522,0.28993964,-0.15748328
-0.48511204,-0.09312537,-0.56614506,0.17107594,-0.2522233,0.73000747,0.5427816,0.12145597
-0.4080658,-0.18451205,0.23750627,0.028326869,-0.12961286,-0.053745985,0.23280843,-0.058079805
0.013539238,-0.13517769,0.43688095,0.7096888,0.27030823,0.21902362,0.25524765,-0.38007808
-0.32235175,-0.19341306,-0.09826183,-0.26987273,0.20578703,0.225576,0.44460407,-0.08348755
-0.36474365,-0.2484332,0.5948211,0.619882,0.1541182,0.09375262,0.112756036,-0.19155595
-0.6135779,-0.28901228,-0.3410836,-0.73907524,0.5135118,0.2725925,0.28004026,-0.11754606
-0.4704056,-0.06738391,-0.257617,-0.57833123,0.21648717,-0.39960536,0.1787369,0.07898661
-0.27094793,-0.09713319,-0.18231714,-0.8609036,0.3567189,0.34245443,0.32431006,-0.27032045
-0.6781094,-0.14236829,0.7220762,0.62354434,0.519595,-0.27127743,-0.54713935,0.29047135
-0.23298827,-0.2244273,0.5959294,0.26127994,0.27939308,0.668267,0.25021884,-0.5742527
0.19569539,0.008799125,-0.46289635,-0.42049295,-0.66956484,-0.43481904,0.21293229,0.40455264
-0.693584,-0.18903923,-0.22175813,0.82114065,0.6936312,0.036116622,0.30206168,-0.3244723
-0.23128912,-0.267494,0.14596319,0.814921,0.21680214,0.30184686,0.25493756,-0.25806567
-0.48154837,-0.07202624,0.75569296,-0.2157166,0.31831306,0.30428636,0.29520243,-0.26316586
-0.35160843,-0.05454224,0.08570647,-0.18849313,-0.07822766,-0.07582411,0.35562655,0.04383274
-0.37465617,-0.09291715,-0.33800638,-0.9032078,0.07073223,0.17312045,0.18630356,-0.31818095
-0.6669495,-0.064783886,-0.43235147,-0.2664209,0.31738523,-0.52559423,0.22593506,-0.20035022
-0.15011537,0.083457,0.5453551,-0.48952,-0.44002208,0.46042582,0.21917474,-0.045356616
-0.34075335,-0.38157207,0.4279666,0.68430305,-0.17594537,0.6933014,0.6314007,0.10635455
-0.21202861,-0.16386381,0.32737195,-0.65882444,0.5085552,-0.30385488,-0.40716204,0.1374373
-0.42916116,-0.0053771688,-0.3351956,-0.9156218,0.24990854,0.15667705,0.17809138,-0.27942827
-0.40770057,-0.19999892,0.03115964,0.80748534,0.13131827,0.22770165,0.36949503,-0.25383207
-0.35964867,-0.31467,-0.1417709,-0.046872854,-0.38121313,-0.4340179,0.24403621,-0.02876021
-0.3147799,-0.18284991,-0.8436471,-0.0376907,0.06468802,-0.2554044,0.15399829,-0.15620126
-0.13668405,-0.21399581,-0.13065803,-0.40454727,0.0055999006,0.62226725,0.91073114,-0.7572461
-0.37826478,-0.18503577,0.5451124,0.09605873,-0.29329512,0.46403852,0.12039882,-0.07716809
-0.50081074,-0.2997101,0.63389874,-0.11783624,-0.7868991,0.18651234,0.31551716,-0.07101094
-0.31913036,0.033085708,0.14329684,0.642578,0.3613889,-0.45011982,0.1291391,-0.06636218
-0.3874545,-0.39856732,-0.8190483,-0.15015984,0.29791445,0.3853413,0.3259944,-0.14338493
-0.48217538,-0.26588228,0.29097128,-0.4614988,-0.23331423,0.41654247,0.4911064,-0.153013
-0.44373086,-0.042959575,0.55596054,0.012524247,-0.38965106,-0.55227166,-0.3160255,-0.16256844
0.030082298,-0.20462938,-0.10206926,0.53858006,-0.10115471,0.18396057,0.16288821,-0.7300972
-0.37728974,-0.36697385,-0.4108163,-0.7458359,-0.045435578,0.7617455,0.43268663,-0.080176
-0.23225309,-0.2542221,0.54979587,-0.10821545,-0.60751307,-0.1918972,0.20880978,-0.14174964
-0.44364965,-0.15677081,0.23704767,-0.48537666,-0.39062542,0.821064,0.35858253,0.48347986
-0.5760481,-0.2779699,0.5427667,-0.38175046,0.030438866,-0.45597428,0.13712509,-0.0046902956
-0.297962,0.13902281,-0.93597835,0.1189698,-0.11658858,0.7678123,0.364692,-0.067255974
-0.025414007,-0.19155744,-0.57805204,0.17718029,-0.2738324,0.7448109,0.568505,0.18055868
-0.39318204,-0.21239905,-0.8225204,-0.26939744,0.14336473,0.2525596,0.34528792,-0.1664228
-0.18262978,-0.059689317,0.11725509,0.54336953,-0.04175708,0.22248767,0.08159373,-0.178507
-0.32805127,0.064808436,0.31128967,0.5066744,-0.08594614,0.815483,0.57594675,0.03145086
-0.35974538,-0.17695984,0.16834342,-0.8989082,-0.37472567,-0.24016945,-0.06460799,-0.10341996
-0.4360341,0.040805463,0.36928725,0.3699305,0.053786527,-0.404971,-0.1668489,-0.02072278
-0.26424092,-0.32109866,-0.7279718,-0.26031935,0.14623795,0.22123858,0.07583007,-0.2399739
-0.2632486,-0.09108778,-0.19360429,-0.7041106,-0.5050256,-0.82094216,0.2379042,0.279957
-0.051123817,-0.08142172,0.19270217,0.85168254,-0.5464105,-0.43882415,-0.4900193,-0.07486309
-0.44258907,-0.14428736,-0.9686206,-0.006333351,-0.19507013,0.6712204,0.80761933,0.54077387
-0.49282047,-0.2630877,0.14796185,0.5531279,-0.036738858,0.77499527,0.64446455,0.08707069
-0.47721818,0.11587801,-0.74407303,0.60969937,0.44047302,-0.457869,0.27511325,-0.044922248
-0.3291442,-0.38211706,0.5340222,-0.09250343,0.59702533,0.48278093,0.58605623,-0.23496954
-0.53756416,-0.10679409,0.6502559,0.09487188,0.43632203,-0.37623647,0.26428849,-0.12206621
-0.3517305,-0.24918313,0.15764034,0.34126496,0.38915968,-0.15315844,0.2701633,-0.08264583
-0.57312995,-0.049563367,0.07794988,-0.1852321,0.24751782,-0.053848248,0.44871143,-0.044794295
-0.50048983,-0.38820666,-0.559605,-0.1377005,0.396181,0.63671666,0.45864543,-0.5108118
-0.3027101,0.07192656,0.13201761,0.5715823,-0.37583286,-0.13488953,0.29185808,-0.21814394
-0.3160574,0.12045141,0.5916239,-0.5720936,-0.32686338,-0.41262063,-0.2372439,-0.58626944
-0.63047874,0.050445963,-0.12765688,0.98141253,0.5415893,-0.11223042,0.32338437,-0.14677763
-0.3987052,-0.19167152,0.117951155,0.6509589,0.25261915,0.0134707745,0.26169214,-0.0011664998
-0.5087704,0.32165295,-0.4061646,0.6939584,-0.086832926,-0.708164,0.24031255,-0.061761525
-0.36779878,0.07574723,0.17080426,0.11660838,-0.38107383,-0.289366,-0.046756957,-0.15030244
-0.30364072,-0.31828696,0.22405457,0.56497586,0.17702919,0.19442599,0.3128735,-0.12048731
-0.28889433,0.082414545,0.01618743,0.983583,-0.39707756,-0.47496367,-0.298123,-0.469767
-0.07502754,-0.18267815,0.27296352,0.24572563,0.3293509,-0.12615255,0.34248558,0.75777173
-0.079134434,-0.034306254,0.59977555,-0.00294137,-0.22604941,-0.067639835,0.15910526,-0.2095265
-0.3390063,-0.16395736,-0.20788461,0.46247602,-0.07927292,-0.47491863,0.112312146,-0.22329198
-0.45174962,-0.1474131,0.6174995,-0.41086298,-0.24325909,-0.7157912,0.19217679,0.17397703
-0.449784,-0.3000068,-0.87768644,-0.24713814,-0.6416441,0.30158493,0.36742032,-0.1069353
0.24751054,-0.30385208,0.42964494,-0.87105364,-0.141642,0.57238203,0.6569307,0.122094795
-0.44154668,-0.410763,-0.6883143,-0.45091093,0.3154594,0.6272667,0.5052219,-0.15764911
-0.5042133,-0.28955486,0.748479,-0.38181657,0.2397851,0.39640403,0.34778872,-0.12914824
-0.4905226,-0.19237657,0.5629147,0.26281762,0.2476354,0.008478919,0.26937693,-0.16016583
-0.39333943,8.9590285e-05,0.015619636,-0.37561256,-0.22358038,-0.78897476,0.0675531,-0.0058298805
-0.33934706,-0.29299363,0.14090264,-0.028564453,0.34791037,-0.43675485,-0.11089784,-0.24656807
-0.23026559,-0.11977103,0.22224092,0.088324904,-0.15824898,0.6676585,0.70437133,0.34595263
-0.19262111,-0.17474812,-0.08239061,0.90476024,-0.11067296,-0.0337624,0.3347937,0.019291313
-0.33580676,-0.1351402,-0.18419272,-0.8688246,0.051083498,0.08784535,0.04834776,-0.2387789
-0.43010467,-0.05780862,0.13970268,-0.7440448,0.048304815,-0.41803905,0.16351502,-0.12661226
-0.3063777,-0.18081479,-0.58586884,0.36949515,0.16170709,0.26063484,0.21883807,-0.35562554
-0.39504147,-0.27808273,-0.479398,-0.15741181,0.19539785,0.21645938,0.2396246,-0.10837886
-0.2457072,-0.0031435892,0.3121456,0.5814673,0.13178559,0.32186767,0.30733958,-0.15009296
0.20211308,0.0063162344,-0.60609484,0.24377227,-0.7254984,-0.44979107,0.2183573,0.3690433
-0.14164515,-0.35277486,0.28518283,-0.8496971,0.2781154,0.47246608,0.3706955,-0.21072532
-0.41899955,-0.03266227,0.116366625,-0.7744378,0.36538678,0.32149407,0.33754346,-0.21213499
-0.54697675,-0.23908861,0.09073126,0.7334362,0.17165275,0.2984095,0.16508521,-0.3076375
-0.409114,-0.13679138,0.040172577,0.709496,-0.48858216,-0.7137528,0.06387132,-0.06798977
-0.39525616,-0.030755598,0.59369564,0.019718528,-0.33735502,-0.71667504,-0.005029658,-0.19459145
-0.4709348,-0.09771683,0.14140081,-0.8133359,-0.66588724,0.42847905,0.5512617,0.09578053
-0.41735667,-0.12479795,-0.8511703,-0.4319327,0.105349444,0.19804065,0.10922311,-0.23758553
-0.5274858,0.010333707,0.42384684,0.06309509,0.49941006,0.3660548,0.2651864,-0.24929735
-0.51309645,-0.25885332,0.56584597,0.6951754,0.2833712,0.17050068,0.37940204,-0.075283185
-0.16162735,-0.20674838,-0.0787583,-0.3506394,-0.33503252,-0.0741656,0.2073722,-0.20279206
-0.33519644,-0.10082891,-0.15480244,0.32084167,0.2082194,0.057637803,0.1695673,-0.19590136
-0.15914473,0.0058672475,0.8008052,-0.054007888,-0.35369402,0.60441583,0.7085529,0.27830136
-0.1845094,-0.3926054,-0.73140544,-0.18983847,0.13992988,0.33038834,0.22884834,-0.2669491
-0.26931813,-0.04253797,-0.7709656,-0.22098452,-0.3903182,-0.08325418,0.04140086,-0.11011703
-0.39570537,-0.04712012,0.30332243,-0.79249895,0.20042603,0.24660718,0.1670175,-0.3337165
-0.3050394,-0.22727424,0.96669424,0.13159037,0.24399114,0.26763996,0.3897485,-0.17695585
-0.418508,-0.22236344,0.28470933,0.34518278,-0.48963886,-0.6428683,-0.14684877,0.60518545
-0.5685569,-0.0479392,0.016407251,0.047704577,0.43228683,0.3574263,0.47426817,-0.2653544
-0.17893882,-0.18493375,0.29919064,0.4066571,-0.69538337,-0.31216478,0.3476912,0.49853176
-0.42742866,-0.21386614,0.051636577,0.76875365,0.1335858,0.1319809,0.15427604,-0.14367633
-0.5696624,-0.17458941,-0.45279145,0.7615273,-0.18647164,-0.22280414,-0.20331742,0.10152772
-0.26790193,-0.28196248,0.9846399,0.18656433,0.1684097,0.2876013,0.22525878,-0.22088292
-0.4707962,-0.12543164,-0.3049525,0.29826796,-0.05606431,0.8230304,0.4462453,-0.06982318
-0.43113723,-0.0378392,0.7692752,0.13386738,0.08565085,-0.39859125,0.039520662,-0.05270219
-0.36384478,-0.032319587,-0.03773117,0.16376293,0.17941652,0.116119005,0.34480134,0.014929543
-0.35827878,0.011273448,0.49179077,0.6229956,0.4466145,0.023799315,0.28153047,-0.2959675
-0.0027561653,-0.4972966,0.44089758,-0.8744646,-0.046089742,0.7207619,0.68784404,0.13530487
-0.41991708,-0.29518053,0.8190588,0.4133569,-0.18125415,-0.20052907,0.25138333,0.11735303
0.025591565,-0.34164676,-0.41153073,-0.2235514,-0.2057676,0.5728455,0.3138213,-0.02501063
-0.22838481,-0.2477349,-0.7103569,0.15439832,-0.4734528,-0.19024464,0.5166087,0.16062325
-0.62362075,-0.06877202,-0.28683835,0.6421069,0.40820903,0.15012188,0.25504786,-0.14773941
-0.23891377,-0.06142463,0.43245196,-0.063255906,-0.43589765,-0.6586505,0.15729609,0.017906614
-0.26726252,-0.19303876,-0.1302194,0.3376491,-0.11136027,-0.20268378,0.16403614,-0.7862171
-0.40315187,0.04660267,-0.1155625,-0.04597938,-0.34950674,-0.73325807,0.03082555,0.013297625
-0.59477824,-0.29531807,0.13356435,0.44883776,0.4415744,0.58140147,0.47800285,-0.21487603
-0.25492993,-0.23159346,0.28275037,0.60315835,-0.13950014,0.70732087,0.6198012,-0.0031278967
-0.40332505,-0.081056714,0.772123,0.015670061,0.019429147,-0.5117784,-0.29544252,-0.41554585
-0.6336596,-0.13864796,-0.4906692,-0.3583802,0.38107944,0.24928154,0.47225812,-0.24527217
-0.3874835,-0.28310665,0.42871714,-0.645146,0.544997,0.012995463,0.34912366,-0.20876765
-0.36995208,0.021883894,0.2940973,-0.36236227,0.87687576,-0.2235889,-0.24351913,0.39644837
-0.5621011,0.10904386,-0.5231409,0.089536786,-0.11386336,-0.6934642,-0.030800471,-0.18786344
-0.62026554,-0.11687439,0.20321667,-0.41313708,0.60669655,-0.25767204,-0.07103852,0.2266927
-0.51356584,0.15227811,0.18133092,-0.030438006,0.27043608,0.21747099,0.1772738,-0.21738283
-0.37871876,-0.13562454,0.7689396,-0.2413649,0.23891158,0.29984224,0.24662161,-0.250408
-0.4892313,-0.28567824,0.5543958,0.7585274,-0.3321126,-0.680322,0.11874012,0.11238915
-0.39993113,0.16660719,0.30243957,-0.94674456,-0.30303594,0.74072397,0.58110356,0.18664597
-0.327043,0.11946943,0.59036195,0.49617362,0.028940858,-0.46030924,0.14399096,-0.01548336
-0.16565993,-0.19629328,0.10260475,0.070379496,-0.4416331,0.48630363,0.037539724,0.0037384462
-0.43079358,-0.34861505,0.037886858,0.22898686,-0.9049367,0.06692059,0.237795,-0.1804029
-0.32418865,-0.12519968,0.8731122,0.19981301,-0.23329803,0.029584393,0.23780026,0.056456167
-0.4949376,-0.08434453,0.44218552,0.7213191,0.38779685,-0.32349285,0.2062196,-0.15062927
-0.3298791,-0.21000436,0.55632985,-0.5132123,0.32370344,0.21888892,0.337723,-0.063515976
-0.17604493,-0.13864747,-0.7333632,-0.2507041,0.080264315,0.2932751,0.41089052,0.000880818
-0.20355786,-0.104854405,0.70199513,-0.3962193,-0.32317138,-0.356348,0.024730917,0.09076032
-0.35728353,-0.35199887,-0.9416338,0.13556492,0.257216,0.25111324,0.36570245,-0.10988409
-0.40860334,-0.37239915,0.56353223,-0.5104929,-0.2812343,-0.49948946,0.16200241,-0.15185046
-0.39324373,-0.15486939,0.18594527,-0.47632837,-0.07275401,0.7744289,0.35401076,-0.07193484
-0.29009873,-0.31846038,-0.28706324,0.59704936,-0.0677324,0.1520992,0.08103426,-0.23102455
-0.54978997,-0.22546129,-0.6389916,-0.2510571,0.21205494,0.18206936,0.357805,-0.14157386
-0.30601966,0.077327915,0.27653968,0.6350148,-0.3189876,0.73270446,0.16549045,0.2783662
-0.33172914,-0.25288722,0.66585886,-0.41736132,-0.10924569,0.1730598,0.07695928,-0.23580049
-0.40654215,-0.3463807,-0.34478748,-0.88889575,0.28623876,0.3332358,0.41855693,-0.21977587
-0.40265942,-0.057758268,0.23885214,-0.71777356,0.44380298,0.40508363,0.51636815,-0.08304741
-0.3827671,-0.21535574,-0.9001845,0.054578424,0.49932384,0.06616233,0.27661648,-0.22263733
-0.34560236,-0.1835499,-0.11680639,0.9065311,-0.28649378,0.77829325,0.15860225,-0.049146753
-0.3242536,0.030164395,-0.48623306,0.65721226,-0.16544627,-0.38156983,0.22304676,-0.12064326
-0.43403804,-0.19799408,0.5275166,0.41099155,-0.30884865,-0.6645587,-0.030903602,-0.14401847
1.9925338,-0.03373762,-0.6271242,0.50622725,-0.23541291,0.61201096,0.36946905,-0.38903293
-0.4764548,-0.18293418,-0.21120429,0.30935895,0.37453598,0.15678655,0.21742487,-0.10026052
-0.060916413,0.07504516,0.96931374,0.22074199,-0.06625648,-0.20447062,0.042539608,-0.17324485
-0.105599776,-0.20407021,0.287256,0.65196025,-0.07867445,0.6816721,0.67470527,0.055668395
-0.26665482,-0.066232875,0.8953668,-0.3222723,-0.47826445,-0.22139348,-0.5520707,-0.46647125
-0.31237626,-0.22698876,-0.4235732,-0.7809868,-0.11190552,0.80915517,0.5706928,0.013028015
-0.52799,0.1151643,-0.54270786,-0.5463083,0.5432152,-0.21348234,0.2674076,-0.5929678
-0.41757107,-0.233524,-0.9610437,-0.17151368,0.41035482,-0.061850633,0.076549076,-0.19305864
-0.311246,-0.023902547,-0.46210593,0.33622038,0.27290046,0.27905154,0.18511868,-0.3535033
-0.10942006,-0.30620602,-0.116524756,0.8491814,0.1807003,-0.5265733,0.082651235,0.04825434
-0.375535,-0.18302514,0.6130513,-0.15999645,0.08189563,0.1400439,0.39788288,-0.02649773
-0.48079726,-0.16635351,0.5959585,-0.82318527,-0.1974646,-0.530541,0.0050738663,-0.1667121
-0.25879157,-0.09957577,0.05662322,-0.73830277,0.22180308,0.36440536,0.22298352,-0.1776538
-0.40806484,-0.21992922,-0.07991737,0.58113134,0.24202077,0.24360912,0.34395665,-0.15977648
-0.22699492,0.05077422,0.32533967,-0.9488102,-0.5717813,0.6059264,0.7315379,0.3016069
-0.3568222,-0.34897473,0.10713136,0.45201743,0.10232746,0.2808222,0.17468713,-0.42842194
-0.32027346,0.086001955,-0.90627515,0.31984508,0.20080498,0.008650035,-0.19295767,-0.3437481
-0.4541446,-0.27246544,0.037997484,-0.11336762,0.28181615,0.23176579,0.34701687,-0.18146993
-0.6154529,0.02501363,0.13964248,0.7630074,0.31250873,-0.51489055,0.2814261,-0.08542834
-0.39152816,-0.15942755,-0.085452914,-0.54882276,-0.3700843,-0.5511974,-0.06993566,-0.20913376
-0.4916206,0.038866866,0.32043493,0.5272615,0.20178197,0.12203877,0.33040288,-0.11391133
-0.2872518,0.12516297,-0.14157617,0.6555748,-0.7384697,-0.45523503,0.4080872,0.5459616
-0.28741255,-0.030677583,-0.03449142,0.29818022,0.21090278,0.3548906,0.32523462,-0.26195526
-0.27797377,0.008294572,0.022386074,0.32696354,-0.8975036,0.3395617,0.48318616,-0.0797424
-0.5495612,-0.11884213,0.24682856,-0.46603507,0.30039608,0.21642658,0.4736753,-0.17627198
-0.43618146,-0.24529433,0.9076818,0.12925136,0.19732845,0.15202363,0.3520886,-0.027453735
-0.5624019,-0.2900869,-0.71413875,-0.3057937,0.1961632,0.29300886,0.43016198,-0.18928142
-0.33809027,-0.15348765,0.14773774,0.939376,0.19102202,0.25052378,0.22478545,-0.40468714
-0.44285965,-0.11499656,-0.91849136,0.33073974,0.33019304,-0.37620795,0.3215613,-0.013874995
-0.6284419,-0.27083236,0.6154983,0.45688808,0.38144523,0.31074348,0.3069543,-0.07713655
-0.024047347,-0.07612629,-0.25213665,0.6305593,-0.75125176,-0.3754997,0.44601837,0.6385911
-0.4385004,-0.33367133,0.063194275,-0.7597015,-0.06506497,0.76184946,0.40416807,-0.110506095
-0.34237817,-0.2685589,0.9410256,0.054234147,-0.018777432,-0.6616923,0.16752021,-0.1867226
-0.12645559,-0.41307068,0.3191843,0.60704625,-0.09101481,0.7161578,0.6226903,0.008495353
-0.40464804,-0.028001811,0.12606978,-0.77893764,0.25847155,0.114368014,0.3156782,-0.18446061
-0.2106892,-0.26210564,0.16762638,-0.96213037,-0.09541958,0.7092829,0.4822308,0.09733872
-0.4342391,-0.3359681,0.54915726,0.5443121,0.28053877,0.2021547,0.30776566,-0.12114962
-0.57117206,-0.08103682,-0.6063944,0.50733376,0.3541273,-0.10485727,0.41879717,0.08174296
-0.33562648,-0.24130239,0.042021513,0.55724156,0.086938664,0.14069359,0.28761953,-0.066895336
-0.41679996,-0.24363752,0.25946796,0.40446663,-0.35378346,0.020915503,0.0873271,-0.36257848
0.06745149,-0.12671952,-0.9124869,-0.1941827,-0.39426664,0.05266695,0.33596084,-0.14723666
-0.32145002,-0.26500854,-0.7173554,0.22358656,0.2849435,0.64982444,0.5014693,-0.29241213
-0.5433305,-0.13733979,0.93143654,0.351205,0.6820407,0.054677855,0.30351993,-0.27719873
-0.25324768,-0.19701034,-0.014240921,0.5187533,0.3367835,0.32757783,0.35660604,-0.19924963
-0.80012405,-0.22147904,-0.7884712,0.09097755,0.31528157,-0.559415,0.020282216,-0.106001794
-0.41098896,-0.25270092,-0.15809608,0.3631556,0.38592276,-0.20315968,0.29838443,-0.15274699
-0.16538198,-0.09641382,-0.64219016,-0.4834594,0.049717687,0.22613192,0.37494487,-0.3293237
-0.38038397,-0.0796672,0.74180984,-0.62081033,-0.46267006,-0.67615527,-0.31625342,-0.124628834
-0.4003085,-0.1172356,0.16551459,0.02126193,-0.25619712,0.60728776,0.6053537,0.08487673
-0.19362225,-0.27749866,0.81527567,-0.2914791,-0.03527373,0.36132395,0.3904312,-0.22419187
-0.5120953,-0.184792,0.20254207,0.43517315,-0.09357373,0.8026058,0.62529224,0.055971354
-0.5031229,-0.03932539,-0.38198984,0.27849472,0.40523466,0.44343352,0.5675744,-0.30211097
-0.34244344,-0.1229723,0.77355874,-0.23258716,-0.19420004,-0.010731518,-0.12400117,-0.24951158
-0.39039007,-0.23431395,0.060530186,-0.73664796,0.43922207,0.28853312,0.33097428,-0.20971555
-0.39836153,-0.27957106,-0.41882652,0.36532068,0.18686897,0.17011529,0.24533498,-0.13146979
-0.5392354,-0.1669103,-0.26443106,-0.4581865,0.24355939,0.24979152,0.3766368,-0.14413092
-0.39773795,-0.22957914,-0.46241385,0.45389247,0.23558144,0.07923781,0.3294377,-0.2611712
-0.32402503,-0.16361082,0.25780177,-0.65959185,0.4068752,-0.16186085,0.26379275,-0.1749522
-0.390322,0.024747644,0.8052721,-0.13712496,0.39049205,0.10442971,0.49892816,-0.23022498
-0.0648337,-0.4353941,-0.25047147,-0.7388538,-0.24722908,0.68923736,0.5520235,-0.05613136
-0.29706514,-0.28260025,0.58279014,-0.29733348,-0.42434502,-0.34906977,-0.47891566,-0.22902936
-0.5681493,-0.3563205,0.3222438,0.65847373,-0.086977325,0.7966609,0.6388259,0.07835532
-0.11863361,-0.18747929,0.59198976,0.7324829,0.19779405,0.27440545,0.44393978,0.009911762
-0.22937705,-0.042745497,0.24099064,0.77497494,0.06976789,-0.379578,0.09194933,0.0053777085
-0.5855793,-0.18600836,-0.37995702,0.8402815,-0.41432458,-0.12683338,-0.22006162,-0.15360448
-0.47475523,-0.25894797,0.93711317,0.36594546,0.3969046,-0.17737895,0.119228065,-0.21068761
-0.45987594,-0.18610135,-0.8491103,0.07829261,0.2823207,-0.42451012,0.2223067,0.0054789493
-0.46141556,0.048049066,0.38928747,-0.85796267,0.07219435,-0.43369505,-0.09403022,0.020680659
-0.32318002,-0.12687756,-0.28768164,0.632305,0.49909163,0.27688873,0.45491055,0.067060724
-0.41103294,-0.18708426,0.24805427,-0.2685557,-0.19996227,-0.120430924,0.099515945,-0.26147506
-0.44356743,-0.23264246,0.41804814,-0.3423074,-0.26819578,0.6233587,0.16460215,0.14082208
-0.76027995,-0.27367327,-0.3585236,0.37662864,0.5010056,0.34926978,0.43362626,-0.08666181
-0.034499366,-0.12703995,0.109446645,-0.8427589,-0.6576283,0.32488358,-0.09488189,-0.28232473
-0.44572538,-0.19512556,0.27841365,0.60415053,-0.11128923,0.919561,0.5338437,0.02204709
-0.430556,-0.12919651,-0.52146953,0.16130733,-0.36244947,0.7188013,0.27670756,-0.071431786
0.34822214,-0.16078176,-0.1496827,0.7869481,-0.4300773,0.30447033,-0.3161699,-0.5672432
-0.5740194,-0.015117685,-0.91334224,0.38848078,0.18037827,-0.37224752,0.19820377,-0.08632183
-0.0972662,-0.26097855,0.29358757,0.29915535,0.3601069,-0.07194484,0.34891444,0.82154584
-0.09487063,0.05866644,0.5874684,0.6374152,0.005051144,0.19178915,0.061536737,-0.18685022
-0.46733072,-0.09046016,-0.16953218,-0.68655044,0.034420043,-0.45861194,-0.0139365075,0.029598216
-0.34082565,0.014420395,0.009190083,0.5441762,-0.33768985,-0.6880002,0.25167936,-0.08105972
-0.3822559,-0.18684106,0.08722508,-0.072407365,-0.07002421,0.6922438,0.54242426,-0.148843
-0.50135535,0.040281642,0.076098084,0.2396028,-0.15404737,-0.59944534,-0.029293934,-0.22224599
-0.18103746,-0.28398648,-0.13206464,0.5529412,-0.09063575,0.6486852,0.30992782,-0.04771184
-0.533826,-0.07692981,-0.006550133,0.5251019,0.43173718,0.28825772,0.3453415,-0.24993578
-0.54529333,-0.13426124,0.006348729,0.2284404,-0.28442523,-0.78001505,-0.035468582,-0.1256353
-0.27545604,-0.27092978,0.0008715391,-0.29318118,0.20732482,0.27783838,0.4360065,0.13841994
-0.3670632,-0.23139656,-0.355044,-0.62076026,0.1868654,0.19245692,0.37180302,-0.030119432
-0.4659034,-0.20250948,0.41225207,0.7702713,0.36449724,0.28154433,0.03208079,-0.41951054
-0.21277803,-0.34668243,0.059758186,0.32455337,0.47677907,-0.22016232,-0.113767,0.061277695
0.12778477,-0.25669223,0.26392865,0.4176215,-0.38607877,0.43596604,0.8610698,0.19168973
-0.18899013,-0.36753067,-0.7873833,0.26979494,0.16085967,0.35352457,0.40816724,-0.2992276
-0.30339584,-0.26477906,0.22489953,-0.3573066,-0.20841944,0.76490086,0.6277401,0.13978371
-0.122470036,-0.15455104,-0.087871134,-0.5775287,-0.50612617,-0.690977,0.0064411126,0.10324712
-0.6612755,-0.11107214,-0.54847753,-0.6123024,0.54856336,-0.22755887,0.016144512,0.012569585
-0.48339203,-0.07437153,-0.2899142,-0.82396793,0.3939415,0.1769051,0.32666263,-0.18469256
-0.38870013,-0.31011754,0.62309825,0.683354,0.15865783,0.12946448,0.31259024,-0.17269999
-0.15968698,-0.27394953,-0.80444646,-0.1421023,0.19334097,0.54585844,0.381275,-0.15663773
-0.2685597,-0.23316385,-0.60138226,-0.23762667,-0.01351148,0.16811733,0.33769232,-0.237036
-0.034342755,-0.29604998,-0.37077194,-0.6536391,0.07678015,0.7773749,0.5150573,-0.08948106
-0.31534407,-0.08069087,0.39698637,0.5268613,-0.44814315,-0.508227,0.25089428,0.036879882
-0.5424534,-0.038371544,-0.5951552,-0.48855412,-0.20619546,-0.52433056,-0.33036578,-0.4157447
-0.31222445,-0.21398446,-0.8634088,-0.2716323,0.11657941,0.2637664,0.3066456,-0.1314273
-0.5499329,-0.20785587,-0.28249252,-0.5621166,0.24842171,0.22245568,0.38282168,0.0045454674
-0.22992253,-0.20809752,0.833166,-0.16758937,0.31560183,-0.05865983,0.26605442,-0.2628973
-0.31746143,-0.29549244,0.51082206,0.7246971,0.0050215614,0.11866655,0.11620753,-0.15292609
-0.38023138,0.066307954,-0.3320077,-0.8693154,0.43060544,0.63579065,0.4418691,-0.035501026
-0.7283289,-0.15453972,0.3341534,-0.0916546,0.5731473,-0.31204054,0.3096639,-0.034851894
-0.5254786,-0.120828405,0.48454237,-0.73965764,0.17330402,0.23504001,0.3735476,-0.21411842
-0.30684084,0.073269166,0.40516353,0.4680792,0.17124608,-0.43869236,0.012355363,-0.06338942
-0.7112927,-0.0031676695,-0.015850067,-0.013359249,0.28073728,-0.59284943,-0.04512505,0.06292253
-0.32126835,-0.13667117,-0.8414797,0.008351445,0.43884927,-0.37600616,0.07349597,-0.021259543
-0.43237418,-0.27226597,0.3493377,0.3615166,0.17151766,0.307995,0.34989166,-0.1644821
-0.583242,-0.37817824,0.92362225,0.32915986,0.38917726,0.38584146,0.44396898,-0.18855801
-0.28138828,-0.16287813,0.27913904,0.5542898,-0.17150137,0.7106349,0.65492827,0.11874434
-0.41103274,-0.12388446,0.49949276,0.65358555,0.3970793,0.48795778,0.3489582,-0.24653487
-0.39591268,-0.117486306,-0.85629153,0.021394253,0.17680337,-0.37338766,0.24454986,-0.06413112
-0.4661573,-0.20018458,-0.34745878,-0.8889771,0.35462087,0.11334243,0.17106496,-0.16878691
-0.059660275,-0.29164162,-0.11856449,0.32469583,-0.5966444,0.06765513,-0.76677793,0.0057826187
-0.36574444,-0.24494165,-0.25282347,0.35836112,0.17334583,0.2456715,0.3384204,-0.21515961
-0.47807097,-0.23241691,0.69385827,-0.34794718,-0.11907134,0.7631883,0.4601702,-0.1519517
-0.33907938,-0.12444274,-0.45449704,0.84351575,0.156315,-0.42981067,0.09172191,-0.07316495
-0.2769222,-0.15207532,-0.43726295,0.025095463,-0.3631441,0.6264321,0.5197235,0.18644531
-0.20467274,-0.045770127,0.065725446,-0.71446383,-0.029810173,0.104068734,0.037659977,-0.2504566
-0.19203117,-0.19408515,-0.06863493,0.6009567,-0.4023425,-0.17257424,-0.04341538,-0.3455426
-0.37206173,-0.13424942,0.5086688,0.47918308,0.17450294,0.10534407,0.45052218,-0.26263255
-0.029516296,-0.17683506,0.3928467,-0.8474638,-0.38429388,0.6570554,0.47484696,0.45783377
-0.19768956,-0.07122416,-0.09864575,0.34432936,-0.55850434,0.12406815,-0.7968701,0.12575407
-0.18519746,-0.017822381,-0.21566093,0.61985946,-0.5208468,-0.7261116,0.2747079,0.42422247
-0.1645148,-0.32005292,0.09831047,0.64510953,-0.717651,0.45480785,0.4660851,-0.1618786
-0.28825054,-0.035897847,-0.3564468,0.6846998,0.3102724,0.4100017,0.31035146,-0.29965216
-0.31940645,-0.27528906,0.55076694,-0.10720837,-0.46371397,-0.15125407,0.19985539,-0.1417204
-0.31443655,-0.045907434,0.20548737,-0.04953283,0.06742686,-0.40354568,0.23300628,-0.2020167
-0.52971566,-0.27244607,0.5383415,-0.17783904,0.2018933,0.15579511,0.23039895,-0.09207505
-0.8790643,-0.20880449,-0.4791819,0.7524482,0.71552396,-0.23792267,-0.4779591,0.55050033
-0.49265167,-0.15088709,-0.55553997,0.3331107,-0.1545431,0.8697216,0.35144353,0.07764428
-0.28555134,-0.17750663,0.5729772,0.0035443306,0.07603152,-0.2590437,0.061974846,-0.046021607
-0.015456619,-0.30278656,0.12157619,0.5096406,-0.18618836,0.65562505,0.75746894,0.11790459
-0.6805151,0.14016949,0.45764863,0.6410148,0.46825197,0.31955796,0.35705888,-0.09360605
-0.2446862,-0.26106882,0.7477492,0.08110714,0.4278799,0.022423096,0.38996512,0.47511816
0.10088338,-0.26742205,-0.42203283,-0.73139495,-0.50530916,-0.057365745,-0.071879186,-0.28652534
-0.32474545,-0.25325558,0.18759632,0.58039,0.28411946,0.29270935,0.36667275,-0.20009652
-0.28108543,-0.111491464,0.77729595,-0.2360524,-0.23977132,-0.10753506,0.17724973,-0.26944482
-0.639511,0.0120500075,0.5868819,-0.72909045,-0.12854639,-0.82248163,-0.34048086,-0.060901124
-0.60762185,-0.21301885,0.14884365,0.11042309,0.28160796,-0.3635243,0.12280918,0.011860287
-0.50256985,-0.2265824,-0.038951874,-0.6851995,0.5639098,-0.4618933,-0.039961882,-0.1866281
-0.44233403,-0.15908904,-0.25782728,0.34663308,0.26844674,0.11596015,0.39018446,-0.09793671
-0.3641796,0.1458606,-0.60468894,-0.024757743,0.26681462,0.40737143,0.20177658,-0.31847167
-0.48304594,-0.12822932,-0.7563202,-0.45681196,-0.16249433,-0.02539192,0.12498723,-0.16254114
-0.15036114,-0.30618477,-0.14057517,0.60372674,0.06289801,0.851934,0.5750804,0.09638823
-0.36799243,-0.23489195,-0.32704747,-0.24670035,-0.0022992436,0.9121465,0.7432744,0.27156225
-0.1654816,-0.16480592,0.16722095,0.55723333,-0.16563942,0.7061247,0.7200164,0.023484701
-0.601212,-0.0034917102,-0.8442602,0.48941433,-0.83462924,0.29325667,0.37367228,-0.2466051
0.02439983,-0.032878954,-0.43546045,0.89154017,-0.2978077,-0.27352378,-0.37524676,-0.10798615
-0.26809385,-0.29634526,0.6988478,0.69335043,-0.7892619,0.19636352,-0.6085931,0.31032622
-0.53147936,-0.091459684,0.5666702,-0.43746227,0.33773175,-0.21810557,0.33745277,0.10891205
-0.0037934054,-0.21686167,0.6755576,-0.18125051,-0.05856129,0.16492243,0.024443619,-0.07199443
-0.31156793,0.021834973,-0.84029377,0.36629105,0.1558286,-0.03197743,0.37624422,0.044704795
-0.27654806,-0.35310918,-0.79553044,-0.3606273,0.4016988,0.5202772,0.49606833,-0.398469
-0.5049083,-0.07792975,0.23672593,0.13281214,-0.21333155,-0.6336926,0.28209352,-0.07400979
-0.3839455,-0.21156275,0.51359665,-0.20493186,-0.27089092,-0.46079895,-0.15626273,-0.46373016
-0.21172115,-0.19323303,0.36945057,-0.637507,-0.18030888,0.71067536,0.6186256,0.0639417
-0.46838185,-0.16950305,0.2683239,-0.7258694,0.54420763,-0.17779379,0.22555687,0.19347355
-0.41701838,-0.0803207,-0.69284624,0.5223646,0.21997347,-0.17898093,0.071978055,-0.041992813
-0.6148939,-0.13767014,-0.57403576,-0.022952735,-0.0019220973,-0.7801537,-0.34993082,0.1378602
-0.4754306,-0.1532846,-0.0021471977,0.31657827,0.387171,-0.048997045,0.36655152,-0.17018425
-0.20310897,-0.038517836,-0.33126032,0.38796186,0.15899435,-0.35860753,0.217265,0.04325401
-0.3959934,-0.23807016,-0.7016071,0.32668114,-0.78699726,0.37689874,0.41061997,-0.2641135
-0.3345523,-0.26504475,0.87279475,0.46502817,0.38472658,0.13137095,0.41973257,-0.13471906
0.082917586,-0.23214848,0.2732718,0.22889352,0.26298067,-0.10567809,0.34498084,0.75720465
-0.49384245,-0.16313411,0.15525031,0.6607833,0.3709627,-0.22612265,0.24084216,-0.021573592
-0.1804197,-0.46549186,-0.06501496,0.059668303,0.13279411,0.38506758,0.2855385,-0.514228
-0.2937402,-0.21611737,-0.18546498,-0.653853,-0.04277963,-0.23886898,-0.38442084,-0.09805589
-0.09271577,-0.20807767,0.56533444,0.15098667,-0.272157,-0.11462532,0.07170869,-0.20987867
-0.4548915,-0.23660251,0.3519895,-0.7571982,0.36691305,-0.15944973,0.4362439,-0.3397877
-0.3897118,-0.27177015,0.47619057,-0.6501881,-0.07927977,0.061414946,-0.10033075,-0.039413597
-0.4507753,-0.27485323,-0.10794705,0.58739936,0.20119503,0.22017397,0.24425499,-0.15927723
-0.46236485,-0.1577766,0.559291,0.7058315,0.36573115,0.20890427,0.41589558,-0.16565585
-0.22615351,0.20134272,-0.1758275,-0.8373184,0.24967821,0.28361654,0.21382439,-0.33192205
-0.40166235,-0.36840677,-0.60676676,-0.4838745,0.4060615,0.60668844,0.52642846,-0.26531392
-0.47046372,-0.09837557,0.017665386,-0.86087215,0.33736867,-0.30449727,0.3323542,-0.06744975
-0.36089614,0.03988417,-0.49888957,0.5211216,-0.252692,0.035123684,0.30511495,-0.026710967
-0.5901388,-0.19162083,-0.17298096,-0.40845937,0.18922739,-0.61527455,-0.23042685,-0.10719692
-0.40139085,-0.23701741,-0.38153988,0.37700355,0.34730503,0.33455297,0.39660743,-0.2191371
-0.15678993,-0.07645396,0.28608048,0.85845685,-0.6611213,-0.5612012,-0.74084777,-0.059916668
-0.2825781,-0.12104444,-0.31888354,-0.8353405,-0.502898,-0.6404843,-0.36085302,0.007434145
-0.25217003,-0.074123695,0.6322378,-0.027899623,0.26877457,0.31223238,0.25692555,-0.27625462
-0.285851,-0.17990045,-0.58686763,0.2512853,-0.031896614,0.8075466,0.65310866,0.0713703
-0.14833325,-0.35733283,-0.70361626,-0.2664494,-0.32847938,0.5670388,0.33502,0.13690063
-0.20394552,-0.435541,0.5180546,-0.41929114,-0.078564554,0.89904493,0.47766382,-0.030195715
-0.36662415,0.03516202,-0.31553835,0.38456786,0.23657902,-0.4242053,0.16490124,-0.3166018
-0.12169938,-0.287604,-0.29532164,-0.46990138,-0.041034125,0.526517,0.47396198,0.11211419
-0.42767546,-0.3168003,0.013158679,0.6718788,0.1628629,0.25218144,0.39721859,-0.18017031
-0.57176673,-0.07113665,0.6099839,0.3353163,-0.21923204,-0.69177836,0.070176855,-0.08604345
-0.50640154,-0.0920563,0.7878268,-0.61582154,-0.30366755,-0.6018753,-0.6476869,-0.18361758
-0.113982394,0.035964105,0.45000124,-0.24309611,0.34691694,-0.31858546,0.11023253,0.51848906
-0.11527905,-0.22655001,-0.14159542,0.65720856,-0.87879866,-0.56646156,-0.49988326,-0.24487334
-0.33647925,-0.22762308,-0.7631656,-0.11584216,0.3122431,0.51228595,0.2946658,-0.21011169
-0.4754624,-0.18883517,0.3193264,0.52722895,0.2449314,0.2433589,0.3699349,-0.11894303
-0.30854756,-0.20033343,0.56475985,0.522275,0.08786328,0.24685122,0.024113556,-0.47519183
-0.40312266,-0.3082229,0.33032656,0.33785546,0.025693085,-0.8511307,-0.30484423,0.18629117
-0.53177065,-0.13137709,0.2641617,0.09268725,-0.07261891,-0.74555856,0.16990624,-0.10416322
-0.08579527,-0.13064228,0.8975781,0.11725438,-0.035252947,0.23935603,0.06377362,-0.13298902
-0.4784792,0.08952994,-0.12868482,0.5367608,0.30759194,0.267128,0.4422444,0.012330833
-0.08113061,-0.18142754,-0.24653834,0.5498607,-0.2598423,0.6160184,0.59495175,0.1382447
-0.42870152,-0.29271528,0.21467912,-0.3025133,-0.02704472,0.04694346,0.20845911,-0.18942936
-0.10526803,-0.13910946,-0.51997244,-0.21307242,-0.24833466,0.5100126,0.1972961,-0.014624706
-0.25204343,-0.2491375,0.7371104,0.23110974,-0.2878,0.75416404,0.30209106,0.117811784
-0.5177744,0.087668024,-0.98433256,0.027712584,-0.13352922,-0.68333906,-0.18427314,0.0056362343
0.0629624,-0.012819524,-0.8892428,-0.065834045,-0.34754613,-0.25178996,0.11829371,0.017474018
-0.46544793,-0.15295234,-0.2936201,0.63860404,0.21238257,0.057551432,0.30276206,-0.10271329
-0.6805134,-0.26466006,-0.82213837,0.21760726,0.5113882,0.38259998,0.35607144,-0.0163116
-0.6556248,-0.25717917,0.4365853,-0.7589421,0.48611268,0.41853395,0.2014853,-0.095372744
-0.47089553,-0.21872349,0.14814043,0.5423409,0.19732204,0.280688,0.39465007,-0.22654763
-0.41767886,-0.20451306,-0.346353,-0.38856804,-0.32147565,-0.61271775,-0.10088402,-0.19305384
-0.33810687,0.0077022957,0.76395905,0.12545764,0.3489897,-0.39709187,0.06294074,-0.08292196
-0.18958835,-0.17582022,-0.40857536,0.38338542,0.10320815,0.5684832,0.38972226,-0.129592
-0.3065425,-0.054468628,0.09457588,0.5699589,0.16936636,0.13331544,0.2604566,-0.13860871
-0.5130062,-0.28372735,-0.8105592,-0.18734562,0.38564518,0.3840748,0.33768454,-0.20357893
-0.52848506,0.10356342,0.4588238,0.22175956,-0.30333522,-0.68802315,-0.0022717253,0.058888815
-0.4238443,-0.11241744,0.1476233,0.72104704,0.39260927,0.16063116,0.3130196,-0.169948
0.0738986,0.003866513,0.35723114,-0.71574426,-0.29517266,0.6443861,0.39903012,-0.008310921
-0.5311041,-0.13469209,0.61504126,-0.71809757,0.14073178,-0.37763,0.06827489,-0.085941516
-0.43458942,-0.28687078,0.13446474,0.8226824,-0.2056292,0.08012157,0.26840508,-0.1984962
-0.470474,-0.1498017,-0.28177953,-0.8434314,0.22775859,0.022692144,0.22410098,-0.1588752
-0.6164607,-0.06220066,-0.44033766,-0.13972574,0.34372425,-0.4761977,0.063895136,-0.30338553
-0.3575379,-0.072686955,-0.14113456,0.984861,0.2189746,0.14199077,0.23497277,-0.27056146
-0.338842,-0.1732976,-0.12991619,0.9192834,0.17321327,-0.43326572,0.19233821,0.07170673
-0.4409274,-0.17117694,-0.67104375,-0.38765335,0.17844692,0.20837298,0.25930148,-0.24110799
0.11198662,-0.23222913,0.5937518,-0.68925905,-0.21498954,0.035163138,-0.25243452,-0.2201437
-0.34421766,-0.32392412,0.57118034,0.50919914,-0.027276983,0.17952944,-0.076789714,-0.39385456
-0.3621734,-0.0060776277,0.26892972,0.084212065,-0.09369567,0.5325626,0.33548963,-0.13206197
-0.1498526,-0.16528745,-0.075930536,-0.79329646,-0.17751735,0.6247888,0.3336365,0.10960496
-0.49912423,-0.22991064,-0.7802856,-0.29800212,0.30001765,0.24773924,0.45066965,-0.052496888
-0.34565654,-0.26906475,-0.19517207,-0.25285935,0.09367473,0.088144265,0.22524087,-0.0687437
-0.5047034,-0.33594492,0.4763738,0.58903766,0.16254129,-0.10827825,0.21136741,-0.18905315
-0.53193974,-0.084709436,0.13119173,0.44587505,-0.095775,0.7755345,0.64171886,0.06571775
-0.42515066,-0.12146908,0.30744755,0.52915144,-0.06810182,0.8161999,0.4878119,0.07959512
-0.28029755,-0.34582055,0.51840734,0.10288501,-0.1110089,0.6583358,0.7153175,0.04865884
-0.48560277,0.056804586,-0.4923464,-0.0355314,-0.2831149,-0.5898995,-0.42990175,-0.29655057
-0.25847057,-0.22165287,-0.13603264,0.5257704,-0.12266122,0.7344322,0.4720281,-0.0769587
-0.37417737,-0.3405594,0.24934268,0.35847366,-0.25303948,-0.11839703,0.07041159,-0.027992738
-0.35729825,-0.20115799,-0.38218248,0.3849653,0.0338044,0.74179506,0.5616442,0.03801953
-0.32952672,0.04022764,-0.015518904,-0.09960413,0.034610618,0.20823023,0.3551287,-0.016472178
-0.3939488,-0.19818592,0.414526,0.08020449,0.08551139,0.05885992,0.16476332,-0.011567945
-0.34991354,-0.044117045,0.15755141,-0.018173277,-0.3265137,-0.52285993,-0.06558441,-0.15461455
-0.3892669,-0.31269678,-0.2857309,0.58983886,0.1694883,-0.1321304,0.089509405,-0.11631826
-0.56486124,-0.08507994,-0.5573523,0.09428382,-0.104534894,-0.6515766,-0.03829921,-0.12197067
-0.5614945,0.09146894,0.06300902,0.19494092,-0.33048108,-0.69686675,-0.13653196,-0.090966
-0.36766523,-0.07070927,-0.73386145,0.5713321,0.31137022,0.2939699,0.40509784,-0.345534
-0.5650852,-0.1876166,-0.82083154,0.03723049,0.32781318,-0.50445336,0.16268277,0.029280387
-0.61536306,-0.23783031,-0.031081915,0.26890945,0.336906,0.29298717,0.4296574,-0.12642865
-0.64868844,-0.2948573,0.26260912,0.10018003,0.38801903,0.2539765,0.39555296,-0.22940439
-0.7300204,-0.24069057,-0.8177333,-0.026986003,0.34013137,-0.10293719,0.13259818,-0.16929993
-0.6873673,-0.3230295,-0.4489084,-0.3774165,-0.29706153,-0.8430066,0.19214849,0.55209047
-0.542569,-0.16020174,-0.16026878,-0.06891978,0.33271667,-0.45917463,0.21013619,-0.10161623
-0.3941838,-0.08084853,0.64018476,0.63704145,0.20583226,0.16971262,0.3591987,-0.050807282
-0.22146323,-0.25517124,-0.11205131,-0.26333082,0.18686049,-0.007876125,0.47671798,0.031690124
-0.40124792,-0.36597225,-0.75685537,0.23279655,0.30192122,0.30197033,0.28605255,-0.17141193
-0.22533928,-0.05418056,-0.24151856,-0.74144536,-0.2164638,0.6693375,0.3720383,-0.026564658
-0.10520284,-0.2176242,0.5950211,-0.7936958,-0.6171268,0.3552871,0.4289572,0.29503575
-0.24429059,-0.37142187,0.46476412,-0.5667131,-0.11212812,0.80892956,0.5580528,0.13796318
-0.4276825,-0.25569952,-0.6987582,-0.12542188,0.059069935,0.28172392,0.19257174,-0.25453836
-0.37756044,-0.008798624,0.5834627,0.6276485,0.28706586,0.31083316,0.38379732,-0.21769062
-0.3854647,-0.05806685,-0.5427341,0.067968965,-0.44171795,0.5696784,0.19613644,-0.07242717
-0.26231533,-0.2948869,0.24683702,0.4791777,-0.3080968,0.77337223,0.71138436,0.2674263
-0.38824606,-0.26734275,-0.076547205,0.5675347,0.31663176,0.5478636,0.48578775,-0.21060011
-0.34434322,-0.094389364,0.4647845,0.46310532,0.16957682,0.15726712,0.18790077,-0.16242214
-0.4713947,-0.07442211,-0.4855237,0.7100897,-0.80402106,0.4135393,0.40518543,-0.21691771
-0.38421783,-0.31445596,0.05051577,-0.06468117,0.1874741,-0.36737862,0.27789265,-0.0844906
-0.49518076,-0.07309194,-0.008868873,-0.15088111,-0.24463259,-0.560786,-0.042900123,-0.2219519
-0.21767093,-0.277997,-0.26790285,0.5835388,-0.14135891,0.6615916,0.6436527,0.106520705
-0.23265722,0.017954577,-0.2638842,-0.6410215,0.016308026,-0.4477658,0.33191112,0.1588521
-0.23273304,-0.03443822,0.57708704,0.26545477,0.25670132,0.25989947,0.4154623,-0.15045796
-0.3352826,-0.11285084,0.14012015,0.9171516,0.19866936,0.25065145,0.21827272,-0.4736779
-0.47213966,-0.14418891,-0.6271074,0.6760098,0.45407134,-0.19527316,0.14876433,-0.17076819
-0.25109136,-0.048051935,-0.69591033,-0.18362093,-0.16799374,0.6276034,0.5425806,0.04298801
-0.41798726,-0.26262718,0.37389708,-0.75928235,0.0639652,0.19983204,0.19954143,-0.2769752
-0.59155154,-0.15290171,-0.18176365,0.7291187,0.20805915,-0.42161396,0.2408908,-0.074686445
-0.4622789,-0.12259792,0.12125373,-0.16945428,0.1701843,0.32886404,0.4664768,-0.21330848
-0.49146864,-0.09259613,-0.098545074,0.39477658,0.34891275,-0.46737492,0.3389093,-0.037483227
-0.5004437,-0.10179719,0.3788165,0.6253853,-0.119505145,0.7964925,0.5731945,0.07307708
-0.5219356,-0.25765994,0.10941172,0.51917136,-0.42073375,0.5960807,0.5620696,0.059716254
-0.4442419,0.02408177,0.07245147,0.8139287,-0.22063315,-0.47934857,0.14766811,-0.21259034
-0.283406,-0.21668217,0.7954111,0.55228317,-0.069012545,-0.03785667,0.16725498,-0.04681331
-0.35188982,-0.3868076,0.32722914,-0.5791937,0.1602729,0.63132983,0.39266104,-0.37185094
-0.3759812,-0.004420678,0.9291526,0.16605556,0.27768502,-0.38843784,0.086249724,0.006565678
-0.49077988,-0.08864998,0.43904352,0.3963207,-0.041512076,0.83190566,0.37400004,-0.078730345
-0.11099845,-0.16172825,-0.057466626,-0.88874906,-0.399386,0.68831146,0.20242983,0.31687826
-0.456568,-0.22628617,-0.72951543,-0.28040153,-0.8582523,0.2686628,0.4543609,-0.2215595
-0.45962605,-0.058063168,0.09358108,0.9066926,0.14387558,0.18398,0.4060944,-0.16490991
-0.43390357,-0.031881724,0.9104223,-0.015460968,0.07023541,-0.385707,-0.05603842,-0.005097963
-0.06404856,-0.45710123,0.22610795,0.3979143,-0.4881508,0.052626908,-0.15003753,-0.48847666
-0.50827515,-0.30775544,0.5633023,0.49511027,-0.07957491,-0.069606245,0.14509124,-0.3743119
-0.29177707,-0.31027636,-0.38892055,-0.67809546,0.19963767,0.21004356,0.2734504,-0.024387738
-0.61065096,-0.15517093,-0.4603724,0.2557156,0.27724984,0.2975463,0.29903805,-0.31461602
-0.018107103,0.4006596,-0.8423642,0.38145113,0.18588361,-0.0012225827,0.022591276,-0.14579526
-0.4590502,-0.16189486,0.25072086,0.098817706,0.15419254,-0.29554245,0.24128206,-0.02673541
-0.38889614,-0.23009531,-0.21993107,0.6526835,-0.2650681,-0.25067803,0.4213201,0.40779075
-0.23648429,-0.13805217,0.12489653,0.8934903,0.23139453,0.17129181,0.4031633,-0.062698856
-0.15458874,-0.14891979,0.18151975,-0.71976197,0.35565713,-0.060212478,0.28496465,-0.2846783
-0.32697642,-0.31022203,0.7305844,-0.56671345,-0.56322753,-0.6470217,0.29650587,0.4262517
-0.46396875,-0.1230189,-0.34950763,0.8027332,0.43225366,0.307826,0.37536275,-0.37703818
-0.4096227,0.078030266,-0.56233394,0.80773807,0.5863466,0.09414014,0.33163628,0.17014645
-0.48390386,-0.31176955,0.09332812,0.89302063,0.27513415,0.26557463,0.32120895,-0.22459598
-0.32205752,-0.15378712,0.13736165,0.7667953,-0.5566325,-0.2793911,0.19416961,-0.055142853
-0.36409408,-0.13790803,-0.35249788,0.18801284,0.29790512,0.48446307,0.42717966,-0.0661636
-0.27853945,-0.10042081,0.4907775,-0.3589551,-0.40217617,0.6270565,0.6195689,0.26540434
-0.2635015,-0.2253876,-0.13368022,0.65361094,-0.5755337,-0.25562447,-0.24571198,0.33435193
-0.1476417,-0.21746401,0.3050468,0.46060908,-0.18688646,0.69379354,0.58529556,0.20048055
-0.37932107,-0.10911293,-0.38305032,0.3936833,-0.45176557,-0.71566415,-0.05983172,-0.07409566
-0.28613603,-0.3133238,-0.62128747,-0.49390346,-0.39013758,-0.06620779,-0.4262717,-0.2947206
-0.27524468,-0.29238296,-0.26613462,-0.02427584,-0.09893326,0.6013581,0.44808564,0.026584532
-0.23975238,-0.17746909,-0.34154713,0.8272848,-0.09959638,0.58512133,0.21429124,-0.1983354
-0.39960873,-0.024438929,0.75479734,-0.043487966,-0.077943906,-0.103152186,0.20624013,-0.15583259
-0.18237214,-0.17102812,0.16042125,-0.94965726,-0.07253774,0.76565933,0.58229774,0.05485554
-0.47432825,-0.13749549,-0.60248816,-0.48196417,0.21166609,0.230153,0.20304948,-0.36546904
-0.36681095,-0.2551119,-0.5037478,0.48482776,0.36318836,0.4153335,0.51209927,-0.2186638
-0.3566963,-0.08156527,-0.29109865,-0.8542017,0.41023934,0.260163,0.3501116,-0.20731853
0.00900246,-0.27978685,-0.94234955,-0.18134165,-0.7806369,0.3360644,-0.8123199,-0.6426378
-0.39935347,-0.011315311,-0.17522699,0.8317213,0.24928293,0.20762274,0.16041256,-0.32553133
-0.48855323,-0.09834588,0.19431329,0.489545,-0.082809195,0.7710803,0.7142343,0.061049815
-0.29464966,-0.23930517,-0.87258554,-0.3748505,-0.21623823,0.7600392,0.14566204,0.037150603
-0.41230184,-0.24658626,-0.97071296,-0.015178621,-0.3337905,0.6785014,0.40103525,0.18006593
-0.29461774,-0.02977011,0.12197471,-0.6799916,0.18234234,0.24501862,0.45932525,-0.050780587
-0.508773,-0.23539248,-0.12276143,0.5884012,0.02116391,0.81260127,0.50132424,-0.09360509
-0.23476863,-0.32679543,-0.22607225,0.57636344,0.33955446,-0.17666492,0.20220497,-0.008671948
-0.46982428,-0.11330729,0.3061117,0.65432763,-0.05240575,0.76382864,0.64682543,0.07723338
-0.35959676,-0.28745067,0.71842337,-0.080801725,0.19333878,0.47114375,0.19979069,-0.29063323
-0.44842726,-0.0894701,0.3580886,0.26508927,-0.32709733,-0.671608,-0.3208531,-0.0280629
1.0090955,-0.1664127,-0.44915372,0.45553052,0.66087836,0.50828224,-0.0139797935,0.6182969
-0.06920083,-0.20947872,0.3133297,0.8583437,-0.7298388,-0.22475852,-0.66128635,-0.07443819
-0.22785439,-0.20828973,0.56043315,-0.47788268,-0.19997798,0.70143276,0.70484185,0.18047169
-0.3127261,-0.334212,-0.89042985,-0.30045712,-0.041106593,0.26518866,-0.044250757,-0.21462826
-0.3392835,-0.27899402,-0.28427476,0.004556179,0.3175943,0.2157433,0.35009944,-0.010835899
-0.38238996,-0.17846608,0.9556118,0.07138181,-0.039249353,-0.31700552,-0.10957438,-0.026023643
-0.4659389,-0.012394662,-0.540993,0.84536946,0.5331112,-0.21324539,0.37317464,-0.62083405
-0.10346547,-0.14823961,0.29977012,0.31005347,0.29748064,-0.14131813,0.39686325,0.80033875
-0.20069824,-0.013353164,-0.14136177,-0.9369776,0.12512468,-0.43255866,0.38155228,-0.00038939435
-0.4384968,0.0029218986,-0.15172458,0.35644913,-0.2746027,0.7015943,0.57700074,0.08176119
0.060429852,-0.17879587,0.2907231,0.67087746,-0.20926997,0.5511332,0.6596385,0.07449401
-0.45852718,-0.31445011,-0.01822704,0.32136345,0.5005503,-0.039372314,0.34212023,-0.06720559
-0.10243155,-0.25153947,-0.5011866,-0.4595343,-0.13706897,0.70556337,0.5746172,0.1356577
-0.4839254,-0.15616181,0.17900157,0.58096004,-0.049432807,0.7725992,0.4665825,-0.14336054
-0.44878632,-0.1763801,-0.33135217,-0.9160462,0.001717209,0.029230934,0.23225391,-0.29040977
-0.42032468,-0.20102188,-0.17624754,0.548352,0.2831108,0.19652945,0.385229,0.016007297
-0.45327497,-0.14364219,-0.66001946,-0.3779357,0.25111672,-0.36209232,0.26489514,-0.21646167
-0.69156957,-0.34311262,0.9962485,0.106749535,0.45160297,0.2552735,0.3588814,-0.19361329
-0.42127392,-0.32295007,-0.7265705,0.008646607,0.37515455,-0.32546532,-0.2975806,-0.8316661
-0.5436658,-0.20231783,0.4666592,0.4624722,0.55012786,0.19794933,0.38308358,-0.12001593
-0.47802463,-0.09203981,-0.15137243,-0.8508344,0.48980647,0.27263927,0.32538348,-0.15152991
-0.31260812,-0.34379703,0.57010245,0.51858246,0.089011595,0.32792726,0.041033216,-0.45246264
-0.40416023,-0.20658553,0.48854816,0.7098694,0.25059947,0.15574163,0.20910828,-0.10525475
-0.24898522,-0.008777405,0.4680996,0.2385757,0.72152495,-0.3100432,-0.17034121,0.31889245
-0.5790424,-0.23141949,0.31613696,-0.6131582,-0.8344968,0.36208352,0.45979953,-0.16422987
-0.39186335,-0.23502924,-0.20658433,-0.18935835,0.21639505,0.24609081,0.37548336,-0.26857412
-0.46745247,-0.070597775,0.42554855,0.59278846,0.37026247,-0.024153402,0.30507252,-0.2114345
-0.4257183,0.058230583,0.062668204,-0.73253924,0.4404582,0.30553213,0.34723416,-0.22564204
-0.2692307,-0.11912003,-0.18941063,-0.8490782,0.29689395,0.417666,0.3415931,-0.13131417
-0.2465421,-0.17030373,0.017972112,0.83932793,0.12482005,0.07738283,0.40837815,-0.22305109
-0.22631143,-0.097204596,0.9529381,0.07725394,-0.62346137,0.47870845,0.19112721,0.13893418
-0.5017812,0.028291661,0.10783172,0.35973287,0.7409626,0.13568711,0.21049558,-0.4333401
-0.48236197,-0.12105378,-0.98533434,-0.021534204,0.35523283,0.060113844,0.32983243,-0.067884766
-0.44918898,-0.26624498,-0.35566115,0.82116044,0.16539466,-0.4383051,0.1823313,-0.11150433
-0.35501298,0.17727281,-0.2754873,-0.41376036,0.36627203,0.06000669,0.35787672,-0.2947839
-0.37546393,-0.11033119,0.119231224,0.7145531,-0.4716895,-0.2896856,0.14077942,-0.02916952
-0.4106225,-0.14541166,0.26029634,-0.80719596,0.39792025,0.4031194,0.38767916,-0.3004747
-0.53699195,-0.14094172,-0.3023932,0.6233907,0.052679066,0.17138349,0.34811836,-0.10668405
-0.3392288,0.016782138,-0.7376775,0.49482477,0.35921496,-0.3875263,0.24309948,-0.015762627
-0.099346876,-0.16415113,-0.16578573,-0.68325603,-0.11774924,-0.3212721,-0.20585573,-0.06796878
-0.58103055,-0.3020313,0.53867257,-0.81038696,-0.085324176,0.850072,0.339316,0.103436835
-0.3318947,-0.056903403,0.8779677,-0.00047576427,0.1718485,0.27000415,0.30762157,-0.25487384
-0.49450073,-0.32302934,-0.82808244,0.5339868,0.20716257,0.19214483,0.36600527,-0.10599362
-0.15194136,0.06725898,0.35640788,0.014593959,-0.036562033,-0.26190275,0.04495414,-0.023014005
-0.43891117,-0.24973702,-0.17598838,0.14108121,-0.33263656,-0.61755455,0.2460594,0.17354931
-0.26069582,-0.27298567,0.9378799,0.27475917,-0.45415452,-0.24197994,0.006464669,-0.19023971
-0.35171354,-0.13021408,-0.1088112,-0.571077,-0.4352233,-0.67238694,-0.050093345,0.08966282
-0.4462254,-0.14755857,-0.24708611,-0.7390442,0.23605688,-0.00041594642,0.249672,-0.12885688
-0.4082041,-0.3056399,-0.07623577,0.9880053,0.467391,0.19656882,0.27742976,-0.1130306
-0.33714485,-0.1891897,0.36417627,-0.84208477,-0.26126987,0.7601238,0.6828097,0.268548
-0.43684596,-0.11701057,0.44003522,0.5610961,-0.0976285,0.8346325,0.39535272,-0.076008834
-0.38701853,-0.2642345,-0.55889434,0.0058652163,-0.2858864,0.6377948,0.31507948,0.14456949
-0.10345946,-0.35299954,-0.7320051,-0.003863275,0.3666535,-0.32068384,-0.32523733,-0.9781201
-0.30630806,-0.17163971,-0.6413469,-0.40942907,0.34360516,0.49754715,0.48887628,-0.19405873
-0.4103514,-0.23131777,0.23053479,-0.69181323,0.5276557,0.07924432,0.29099372,-0.43504468
-0.72265524,-0.20668766,0.4845364,0.030105472,0.41233206,-0.4562223,0.057645757,-0.036910113
-0.30381373,-0.038270395,-0.8282223,0.24277759,0.21227881,0.26825362,0.30813295,-0.1207379
-0.3890539,-0.31711015,-0.3272422,-0.7364779,0.36225408,-0.25790596,0.34952042,-0.051195573
-0.43675944,-0.32311934,-0.22736818,0.74922824,0.13142256,0.25898042,0.15172671,-0.4348749
-0.5192143,0.03858537,0.001003027,-0.41503066,0.5623942,-0.24642076,-0.14661118,0.30264816
-0.38396943,-0.018528532,0.7765744,0.28133988,-0.107749924,-0.7087169,-0.11084826,-0.11202717
-0.1201015,-0.2370897,0.14980876,0.613667,-0.49784595,0.75381243,0.69066525,0.20038551
-0.25204787,-0.121063046,-0.124244034,0.6420605,0.25604686,0.14113377,0.28909138,-0.19796939
-0.598115,-0.14735961,-0.14456439,0.8612169,0.29490548,-0.46383145,-0.14031872,-0.12961337
-0.43000433,-0.20283554,-0.32771444,-0.77207196,-0.006245676,0.15113778,0.31811377,-0.07718952
-0.18475793,-0.1650376,0.8700248,-0.37538093,-0.4187217,-0.24229676,-0.3448335,-0.50083435
-0.40065598,-0.07493556,-0.8743853,0.26037097,0.28387994,-0.4006596,0.41969895,-0.14604451
-0.37470454,0.3120524,-0.27260005,-0.40247804,-0.029618617,-0.22883432,0.23391321,-0.16104975
0.0629174,-0.22327667,-0.6417117,-0.4952808,0.062150344,0.3652886,0.1470147,-0.2510886
-0.38083583,-0.21341492,-0.19285065,-0.30497086,0.2678728,0.6677094,0.4251846,-0.2514436
-0.38971335,-0.1844059,-0.8422786,0.50462127,0.33947146,0.24614348,0.3759692,-0.34600186
-0.39303955,-4.27213e-06,-0.18727517,0.9458039,-0.104359075,0.83069885,0.3587659,-0.09587855
-0.53935707,-0.048566964,-0.3866598,-0.6634642,0.28727043,0.29296765,0.31292665,-0.11631353
-0.12370767,0.008827646,0.53664625,-0.016223907,-0.27455106,0.5970712,0.39681143,0.048707288
-0.15493731,-0.17758039,-0.2661419,0.48097706,0.23105508,0.43598458,0.1851167,0.13136157
-0.34834686,-0.08589638,-0.8695745,-0.052849174,-0.28289056,0.71038496,0.6469433,0.22995803
0.07092799,-0.1455384,0.295861,0.320642,0.27955046,-0.17306125,0.28935924,0.77230006
-0.4123121,-0.09473224,-0.72951543,-0.28040153,-0.79837006,0.29446042,0.4548195,-0.24536616
-0.33368915,-0.055149574,0.25643492,0.8286984,0.1004976,-0.41538733,0.05841623,0.09609124
-0.42964807,-0.17264742,0.47465014,0.4663154,-0.18854408,0.7653826,0.34364328,-0.12921941
-0.43981212,-0.27049285,-0.25378817,-0.7509097,0.50987047,0.36601803,0.45841694,-0.26399192
-0.49953136,-0.14760792,-0.2816729,-0.8404064,-0.62189835,0.15321268,0.23433462,-0.20852567
-0.44189346,0.14729182,0.58753014,-0.3910573,-0.16018279,-0.54074657,0.16856985,0.077127
-0.41127723,-0.31160554,-0.24880236,0.13618422,0.27536634,0.24397717,0.3736965,-0.094027765
-0.17585036,-0.41761968,0.07953918,0.6544117,0.28165618,0.63535833,0.4683499,-0.19727375
-0.5113031,-0.2087922,-0.80964357,0.25235415,0.19489041,0.28592902,0.37078252,-0.2554863
-0.22619158,-0.3061983,0.5158162,-0.5971652,-0.32242578,0.5111273,0.8199982,0.114923134
-0.32693815,-0.13805199,0.32219458,0.49580204,0.1429396,0.18212749,0.069370896,-0.26739043
-0.39921978,-0.2647632,0.7638831,-0.2042039,0.18015353,0.23954454,0.31880888,-0.24811803
-0.3753426,-0.09312688,0.07794988,-0.1852321,0.2092987,-0.038149722,0.38860905,-0.06693316
-0.2000474,-0.15301883,-0.5413298,0.25045884,-0.33509,0.52152574,0.80911183,0.15101813
-0.25991845,-0.14796732,-0.3490638,0.6667303,0.042528056,0.085057534,0.4014554,-0.060073897
-0.27245587,0.11913141,-0.087188005,-0.5109422,-0.40874037,-0.4794567,-0.15032002,-0.25898552
-0.292622,-0.054617483,0.27586126,0.3949628,0.19318606,-0.3698098,0.27480492,0.036531482
-0.123079866,-0.07918119,-0.30864114,0.7113855,-0.17175543,-0.7458333,0.10091477,0.16376853
-0.34525618,-0.12460906,-0.7344537,0.34535503,-0.10557352,0.75682557,0.5636283,-0.013192503
-0.45006856,-0.069359474,-0.54358745,-0.19047594,-0.36230072,-0.086655095,0.1425357,-0.29018062
-0.24825118,-0.20003168,0.09081864,-0.7435443,0.17407106,-0.1493789,0.34211552,-0.30155623
-0.36131194,-0.2999587,0.2816646,-0.57306635,-0.38127518,-0.046027236,0.22476272,-0.14190234
-0.065862894,-0.3579532,0.34580398,0.5356996,-0.099860616,0.6441287,0.70683515,0.043336455
-0.20092922,-0.24692614,0.18074071,0.80368435,-0.17135017,0.66068536,0.5641041,0.113476776
-0.3583189,-0.08370409,-0.2227822,-0.72644925,0.35130242,0.21556896,0.3106744,0.20698361
-0.358822,-0.27275014,0.6443094,-0.3729325,0.062220488,0.21372233,0.2010284,-0.16389267
-0.15932395,-0.14537965,0.9507307,0.2810532,-0.5209434,-0.48330104,-0.065033145,-0.15259153
-0.264016,-0.10919524,-0.38033664,0.39825773,-0.5631459,-0.49590823,-0.008489938,-0.108151816
-0.30519703,-0.19608773,-0.2122885,0.65141666,-0.6916729,-0.39111024,0.31610632,0.5257776
-0.5343509,-0.07141719,-0.37790602,0.13760889,-0.16890651,0.85378337,0.39975235,-0.022516627
-0.23449683,-0.17476448,-0.61462796,-0.37005174,-0.06603102,0.756718,0.57923245,-0.14554228
-0.32700926,-0.41712517,-0.6172639,-0.5040453,0.45738986,0.43460795,0.4570895,-0.29307082
-0.27982098,0.0077786045,-0.17066526,-0.5893847,0.04125311,-0.36728367,-0.38051105,-0.25353476
-0.24383597,-0.25398695,0.079938054,0.8948647,0.20718694,0.2927975,0.21214804,-0.47149625
-0.19932368,-0.21072337,-0.7421098,0.50343096,-0.26844627,-0.5685751,0.04852198,-0.13303475
-0.4028785,-0.16910535,-0.07268089,-0.014143288,0.2880849,0.18324627,0.39958176,-0.10489671
-0.28372952,-0.1530886,0.42076635,0.733516,-0.2444497,0.77049965,0.33378246,0.038094267
-0.33004582,0.0646837,-0.8019221,-0.033798575,-0.41255906,-0.60238785,0.083131686,0.02151001
-0.25758964,-0.10256886,0.47139156,0.6173079,0.018342676,0.8239998,0.43021962,-0.1470861
-0.15083209,0.029627595,0.8161006,-0.41148102,-0.3873441,-0.42167422,-0.3660464,-0.56898576
-0.2404069,0.09213046,0.70103896,-0.38190794,-0.056583744,-0.26399094,-0.16079469,-0.011543308
-0.47246504,-0.0014243975,0.3395779,-0.13951498,0.5100842,-0.3673014,-0.31156388,0.3211644
-0.44714266,0.0448262,0.31237745,-0.8142223,0.09839925,0.21215929,0.2720846,-0.051694416
-0.5087113,-0.271162,-0.8123,-0.37322527,0.41065782,0.10713559,0.349001,-0.20138082
-0.25679404,-0.04994875,0.58981,-0.2447446,-0.26133227,0.7735122,0.28881812,-0.0899463
0.10670103,-0.0655937,-0.40542585,-0.7975553,-0.28728175,0.6207082,0.39404777,0.079754636
-0.44302067,-0.068586275,-0.5786563,-0.078145325,0.03787743,0.16460098,0.24925764,-0.08040399
0.06687908,0.13655742,-0.5656211,0.5756806,-0.3282743,0.41309568,-0.33859277,-0.3082299
-0.4429479,-0.24447925,-0.20263273,-0.58852345,0.44768077,0.28010377,0.4076822,-0.21299149
-0.38969463,-0.18493627,0.4965446,-0.77802896,-0.20281391,0.76931643,0.6310339,0.18982334
-0.52801096,0.00094390364,-0.3763973,0.21472704,0.50871986,-0.07558671,0.33439758,-0.06400935
-0.35685372,0.13761358,0.41758192,0.14885795,0.059324864,0.18907386,0.39845726,0.08418996
-0.37850362,-0.22972307,-0.2096116,-0.937654,0.36162955,0.25918397,0.40494707,-0.19440009
-0.5415889,-0.2453834,0.10481429,-0.7628633,0.38405013,0.28188258,0.32314062,-0.19061625
-0.31247354,-0.020329606,-0.09307051,-0.49919719,0.08651283,0.2852693,0.022628324,-0.12901597
-0.46504268,-0.17015246,-0.95368576,0.21392572,0.4955602,0.26968515,0.5007253,-0.043977067
-0.53363544,0.0606553,0.32762444,0.28853428,-0.13888432,-0.7809341,-0.26029256,0.1057929
-0.23483707,-0.15766285,-0.16506338,-0.97932285,0.40327722,0.5172547,0.55462265,-0.3996246
-0.33628592,-0.03550956,-0.7136483,0.35068798,0.2320571,0.124087,0.3698129,-0.22629671
-0.33980206,-0.22724503,0.78262126,0.11634135,-0.104302324,0.77070534,0.5858287,-0.0938844
-0.59234643,0.0073084133,0.67040193,0.6839702,0.6111684,-0.40001023,-0.41687164,0.3843137
-0.19674999,-0.2902924,-0.7346835,-0.486265,-0.30394754,0.0013781177,-0.12739438,-0.57856345
-0.18286656,-0.2624974,-0.19014502,0.68375766,-0.15886095,-0.12748688,0.17078671,-0.07970602
-0.50354284,-0.08323462,-0.022907853,-0.8817238,0.12924482,-0.454482,0.082278304,-0.092014536
-0.18057281,-0.24900764,0.701221,-0.4129873,-0.026328957,0.14973094,0.07811782,-0.29567966
-0.3227112,-0.20225509,0.42768967,0.72807837,-0.23739226,0.7234954,0.42483288,0.066685684
-0.33840197,0.043642584,0.9204017,0.15050066,0.219193,-0.40803355,0.19730334,0.046132136
-0.41822693,-0.33632407,0.29051447,-0.51484907,0.19285347,0.23989548,0.2544219,-0.21544862
-0.2889457,-0.120666035,0.060705066,-0.68398535,0.4309027,0.42584968,0.601543,-0.06380285
-0.12893248,-0.25719562,0.3835591,0.037446856,-0.16923097,0.7123878,0.1479919,-0.0065725986
-0.49771821,-0.15492402,-0.8451445,0.48642802,0.20659195,0.28194296,0.31293818,-0.20611489
-0.46075404,-0.24610296,0.033472657,0.6595812,0.27915716,0.26737282,0.4043969,-0.104885995
-0.4531757,-0.06250393,-0.25816464,-0.42754352,0.37765443,0.30550018,0.33432546,-0.112727456
-0.30593342,-0.38806516,0.081778884,0.2594732,-0.027480736,0.8622594,0.56626624,-0.19498359
-0.38961315,-0.20953439,-0.70386684,-0.5478468,-0.47992942,0.2884526,0.30992875,-0.15397517
-0.30349782,-0.20551962,0.034136057,0.37782383,0.1534802,0.17859146,0.2881182,-0.20859234
-0.45411903,-0.14284915,0.5927421,0.026137114,-0.36149672,-0.77951056,-0.034734447,-0.086454384
-0.38609192,-0.14311878,-0.2521286,-0.9501391,-0.2419266,-0.6054877,0.17316842,-0.10720562
-0.40946802,-0.1693124,-0.57124,-0.6994269,0.3746208,0.26824495,0.34265962,-0.30633098
-0.28274074,-0.009928162,0.22884214,-0.054150343,0.45950964,-0.3644594,0.119291835,-0.045437872
-0.30004734,-0.11038725,0.12742233,-0.8588172,0.30950335,-0.1663404,0.080105364,-0.19478336
-0.37215868,-0.08604518,-0.68759966,-0.28119242,-0.2852806,0.016603673,0.45485955,0.37790793
-0.12266661,-0.21143161,0.24786675,0.13908744,0.1825229,0.26594663,0.37395683,-0.16229378
-0.17699246,-0.18945405,-0.79541904,-0.4359964,0.32218933,0.5841502,0.5305273,-0.21473348
-0.32171503,-0.31664968,0.2710644,-0.5775521,0.429662,0.67260396,0.5244191,-0.4391184
-0.35112378,-0.007072727,-0.19659126,0.81138015,0.24429405,-0.4248164,0.038994137,-0.0680024
-0.0112010855,-0.36762157,-0.57307756,0.77050626,-0.1128445,0.6470878,0.60233146,0.1586178
-0.3206614,-0.06856393,0.29951072,-0.9239483,-0.15341398,0.7962576,0.5594667,0.044911735
-0.28834423,-0.26378065,-0.8711578,-0.27640045,-0.17932755,0.69927174,0.2399127,-0.14061533
-0.39118573,-0.27771133,-0.31607902,0.7858468,0.038708907,-0.4241093,0.22721373,-0.09100057
-0.5866093,-0.07912864,-0.2860893,0.6450958,0.42222753,0.23078558,0.3703843,-0.15744193
-0.4287275,-0.2418237,0.2392571,-0.44592965,0.25852206,0.18501888,0.2720524,-0.12211884
-0.29422814,-0.28308862,0.12652266,0.45523608,0.44897416,0.644423,0.47482845,-0.14196637
0.26821762,0.73167443,0.5208119,0.1497494,-0.40674737,0.57659227,-0.036527682,0.0053976704
-0.16031013,-0.08872417,-0.20279557,0.61748326,-0.58413696,-0.4005047,0.30858722,0.5177024
-0.42895836,-0.34713054,0.60388446,-0.11819762,0.44965568,0.6737961,0.4765491,-0.2201428
-0.47932643,-0.12410592,-0.027311087,-0.73124015,-0.026523223,-0.69951785,-0.041186307,-0.046263415
-0.34621382,-0.042329554,0.309484,-0.026406825,-0.23482662,-0.17197202,0.1368161,-0.035082206
-0.29000548,-0.07034211,0.113437414,0.7204591,-0.506005,-0.53013897,-0.56405497,-0.096498765
-0.24810068,-0.07085445,-0.671634,0.27990162,0.34683177,0.27095836,0.31582266,-0.26420298
-0.31520703,-0.16106601,0.6204052,0.7287748,-0.0012913481,0.7499908,0.47061232,-0.10908816
-0.44611248,-0.11747132,0.19496524,0.8273473,0.3842818,0.27148238,0.39475727,-0.21514158
0.04129697,-0.32560092,0.23412812,0.5155084,-0.062201392,0.7096666,0.6186536,0.016640998
-0.45831093,-0.17971629,0.50234866,-0.7109084,0.11621082,0.77287966,0.43265852,0.24274871
-0.23630163,-0.29564905,-0.9140068,0.27133083,-0.053294793,0.72946143,0.7020354,0.04337182
-0.46026286,-0.06414205,0.6763303,0.22592771,0.36706915,-0.4217882,-0.0018790122,-0.04587139
-0.2885806,-0.004702459,0.120480776,0.7837734,0.07833283,0.2348064,0.40699625,-0.2677914
-0.64459455,-0.14363165,-0.6076081,-0.058617234,-0.121047676,-0.12521169,0.1602084,-0.24091212
-0.14340056,-0.27743313,0.1986605,0.4573114,-0.37217546,0.42899087,0.6972293,0.036789127
-0.57741153,-0.19214293,0.025012136,-0.1689915,-0.12722318,0.90416014,0.54809994,0.15847066
-0.13049139,-0.36146212,0.059737325,0.7494199,0.34548834,0.65418077,0.5206405,-0.09247155
-0.53396404,-0.061613206,0.6955534,0.39239872,-0.023854325,-0.81163996,-0.084276974,0.30020973
-0.5499245,-0.27365938,0.87297094,0.46094763,0.24678452,-0.5902036,0.23862736,-0.05915288
-0.24018009,-0.27752826,0.23012018,0.08657372,0.45487714,-0.22551306,0.2916041,-0.13433103
-0.37494949,0.10896396,-0.18853974,-0.9471635,-0.12956315,-0.63151556,0.044455413,-0.17341615
-0.35807973,-0.061514664,-0.7493243,-0.59441096,0.27630284,0.2638818,0.1596371,-0.38186604
-0.54043955,-0.13121472,0.08892691,0.2195189,0.29973614,-0.45642343,0.176542,-0.15662175
-0.6277004,-0.04928856,-0.33106142,0.33644867,0.15900669,-0.4590637,0.1339495,0.011975948
-0.21484794,-0.27818668,-0.28789335,-0.5616461,-0.14778295,0.7045581,0.4715652,-0.022922797
-0.26965824,-0.21282965,0.32612252,0.56808877,0.22743088,0.2084019,0.43289512,-0.21850584
-0.4661675,-0.05671804,-0.8997738,0.3810048,-0.26021656,-0.7827895,0.18855147,0.4977925
-0.64064723,-0.006189431,-0.04762137,-0.26437354,0.24918441,-0.29015917,-0.21768507,-0.24421224
-0.23291966,-0.024617221,-0.47215134,0.21972167,-0.08217953,-0.50787413,-0.0524876,-0.019314429
-0.36446375,-0.36686844,0.05203533,0.7440711,0.3320418,0.64775366,0.4823805,-0.27013922
-0.4311136,0.08469807,0.79176545,0.000207901,0.40437934,-0.16882685,0.32069188,-0.046835646
-0.38689393,-0.2112573,-0.33405793,-0.90652275,0.10948298,0.19022594,0.3626215,-0.17122978
-0.99554896,-0.014936651,-0.06563884,-0.18527788,0.47929657,-0.533707,0.029171512,0.05407428
-0.3916571,-0.16788937,0.106444,0.4922439,0.33210146,0.4014364,0.5088305,-0.1715849
-0.4164395,-0.3247834,-0.17846948,0.5546092,0.35357854,0.58990103,0.46310744,-0.1645906
-0.54166466,-0.2845769,-0.778342,-0.5395053,0.2670349,0.35012653,0.41967437,-0.058399886
-0.36146238,-0.33675063,0.60898757,0.15816617,0.24914648,0.21634243,0.29759237,-0.17242672
-0.4445488,-0.22860959,-0.6527174,-0.70097035,0.29210058,0.35636184,0.1492112,-0.34824392
-0.56766087,-0.09184196,0.20300627,-0.809578,0.5362017,0.33629876,0.37280974,-0.08170467
-0.3428614,-0.06854612,0.31411994,0.44391263,-0.10150582,0.7118544,0.5424333,0.12846729
-0.56172574,-0.037310217,0.421839,0.63286126,0.40064397,0.25976017,0.37039527,-0.12701522
-0.49266845,-0.33907014,-0.26412433,0.7628975,0.33329603,0.17837808,0.21446964,-0.15358408
-0.3934906,-0.100388624,0.47920966,0.609795,-0.023050457,0.665755,0.438449,-0.15756847
-0.37043145,-0.15975009,-0.20554668,0.680446,-0.28188065,-0.40890333,-0.22181797,-0.39274675
-0.4275725,-0.28494093,-0.51337004,-0.08577609,-0.24232692,0.16047888,-0.1313981,-0.5095966
-0.4641791,-0.03697865,0.6390524,0.057670116,0.36869025,-0.39483503,0.16069046,-0.058096707
-0.14560351,0.072540484,-0.51447874,-0.6713271,-0.1634903,-0.19927831,0.1165368,-0.16740395
-0.21507953,-0.29248482,-0.3295322,-0.7686589,-0.060480304,0.7371051,0.3755927,-0.039459273
-0.24568583,-0.06526899,0.11264098,-0.45898664,0.21139199,0.622708,0.44607365,-0.28776172
-0.3993529,-0.26253566,-0.28573966,0.6024325,0.23546968,-0.26322523,0.24283229,-0.035399776
-0.31451672,-0.054689463,0.47047508,-0.48353606,0.15491301,0.13412185,0.056057725,-0.06351908
-0.5141818,-0.1951414,0.43801022,0.58792806,0.36904782,-0.13576259,0.3280611,-0.10219558
-0.50896645,-0.22358373,0.6475433,-0.027385175,0.36008158,0.18958364,0.39898625,-0.066988796
-0.40420395,-0.28209108,-0.04469335,0.10568178,0.15295854,0.5311021,0.40666246,-0.21096982
-0.4858212,-0.39297625,-0.8412913,-0.18750131,-0.782326,0.18840301,0.21717466,-0.23487534
-0.29043373,-0.25521892,-0.4061215,-0.7410296,-0.042547222,0.062378135,0.19363052,-0.09748448
-0.38763607,-0.18951835,-0.2816192,-0.6074658,0.076329336,0.10752083,0.2633364,-0.11214026
-0.19830455,-0.26442114,-0.524925,0.17494798,0.064901724,0.24842261,0.47541726,-0.022635978
-0.33343738,-0.05215465,-0.30584538,-0.3183269,-0.45543087,-0.4495083,-0.053672668,0.02794737
-0.41011503,-0.105027415,0.42027175,0.39853382,0.44554704,-0.41669533,0.11571847,-0.03396407
-0.488979,-0.17977856,-0.57747006,-0.26264077,-0.46916208,0.42508692,0.53803676,0.07581866
-0.36137637,-0.13764066,-0.14159542,0.65720856,-0.44685996,-0.26026446,-0.33042854,-0.09457251
-0.28935164,-0.26438233,0.31106734,0.5272176,-0.5510682,0.48252466,-0.590545,0.013426182
-0.4269409,-0.1732445,0.1136477,-0.8904005,0.023605408,-0.36344197,0.13812107,-0.020534277
-0.29589376,-0.17027527,-0.22542262,-0.7169863,0.20011583,0.25529686,0.22655278,-0.18542004
-0.46789974,-0.12922265,-0.2040481,-0.15281135,0.48250347,-0.19596437,0.1753208,-0.13207114
-0.41803452,-0.30226964,0.08775079,0.505986,0.30093902,0.20691608,0.40537316,-0.035813067
-0.56015706,-0.2025555,-0.7355633,-0.3965087,0.35438967,0.21165818,0.3752627,-0.08540991
-0.3162096,0.008373369,0.5340849,-0.8383391,-0.3638303,0.6261796,0.5448863,0.2924417
-0.61007506,0.120642744,0.010838866,0.7731993,0.5714325,-0.33924347,0.2248394,-0.10819988
-0.365442,-0.032682527,-0.03386116,-0.19981778,-0.18121275,-0.48811775,-0.18209271,0.07644066
0.0076401364,-0.32530397,0.5771687,0.7868656,-0.16606934,0.622809,0.2881042,-0.1153679
-0.4036395,-0.23860592,-0.38302666,-0.8120179,0.58243984,0.30562404,0.44316223,-0.1928217
-0.22850884,0.051309336,0.43046868,-0.5881697,0.15496391,-0.35750276,0.2630565,0.0030296359
-0.40885612,-0.24399982,-0.18683451,0.26462126,0.3907106,0.17028868,0.39806202,-0.056087982
-0.28058052,0.08965819,-0.19456553,0.58702755,0.12759037,0.24240184,0.27584237,-0.10066363
-0.23991293,-0.2067864,0.630057,0.72742236,0.10683415,0.18920825,0.27184594,-0.4831466
-0.2388831,-0.10771027,-0.8378318,0.19786465,0.24858014,0.0837793,0.3327054,-0.21452309
-0.39973238,-0.34752962,-0.76296633,-0.24304438,0.22728515,0.1877728,0.19324061,-0.27107888
-0.33911306,-0.112216614,-0.09466517,-0.48601902,0.021952966,0.20392932,0.13135664,-0.34848616
-0.45343342,0.029492218,0.15784001,0.13334882,0.017902244,0.06319933,0.34591636,-0.23268856
-0.31305543,0.053330738,0.4832183,-0.33638686,-0.007104599,-0.4202925,0.109870836,0.042571425
-0.4406386,-0.17085804,-0.20915544,-0.71555734,0.24266586,0.081703305,0.24309523,-0.13236465
-0.43819627,-0.36829168,-0.8778714,-0.30043596,-0.1478943,0.09407686,0.31485754,-0.14474034
-0.042480115,-0.3043399,0.17599404,-0.7109593,0.1287072,-0.0072704614,0.27435523,-0.30349642
-0.24062257,-0.36120874,0.5699043,0.24407649,-0.59758437,-0.13932177,0.0707519,-0.1623793
-0.4688954,-0.18612178,0.86912084,-0.035565794,-0.83521175,0.12554686,-0.1655782,-0.13553724
-0.5071054,-0.20987195,-0.06713998,0.79055035,0.40865457,-0.2666073,0.22717366,-0.077894375
-0.48747167,-0.22593337,0.17387319,-0.31692582,0.13988884,-0.4215542,0.13065434,-0.049455952
-0.56034034,-0.17667171,-0.5562618,0.29882693,0.4000685,0.28346425,0.45579937,-0.23153225
-0.5389254,-0.24348973,0.6180494,0.6290579,0.28802133,0.34474403,0.34570536,-0.27493188
-0.47536054,0.094223894,0.94994104,0.21332157,-0.11712381,-0.74075973,-0.047255892,-0.1519394
-0.39423263,-0.26512417,-0.1852504,0.21132982,0.08177513,0.07395588,0.1518212,-0.26121667
-0.3574828,-0.086015165,-0.7522287,0.12082636,0.2519109,-0.46453997,0.373194,0.1000249
-0.518827,-0.33689338,-0.68472457,-0.35079396,0.45108932,0.3273265,0.35454866,-0.18745458
-0.38458496,-0.03595936,-0.18370396,-0.87430173,0.30952007,0.3302949,0.35995176,-0.17743988
-0.57828003,-0.10347563,-0.7642654,-0.38986266,0.4082097,0.19495976,0.32294062,0.004130277
-0.79823166,-0.26359066,-0.21522057,0.44086552,0.6502179,-0.27105436,-0.46557742,0.4781742
-0.30777305,-0.24795343,-0.85930234,-0.116226375,0.26143453,0.355552,0.45465907,-0.20207734
-0.46859425,-0.09430579,0.3241533,0.5215746,-0.09172204,0.7935945,0.6211062,0.0245124
-0.058091495,-0.03359771,-0.34646374,-0.40252608,0.14944355,-0.30752108,0.097433396,0.2673527
-0.048639867,-0.07116933,-0.9338548,0.016072989,-0.22636712,0.553024,0.330131,0.02075539
-0.38126352,-0.26164383,-0.52655786,-0.24004942,-0.3494594,-0.51671815,-0.36882687,-0.12110315
-0.22545454,-0.25823957,0.22405457,0.56497586,0.10932394,0.26061437,0.36724886,-0.15013441
-0.43280986,-0.17146403,-0.8311865,-0.38355106,0.16080028,-0.15629964,0.15209109,-0.2437203
-0.021273898,0.11500501,0.79715383,-0.1607486,0.16852391,0.08032492,0.37591317,-0.22812286
-0.21132094,-0.10996939,0.917861,-0.0076064467,-0.3478994,0.6452882,-0.15040392,-0.07596923
-0.23979893,-0.070793405,-0.3650664,0.11249709,-0.18962064,0.7252609,0.42478338,-0.09966582
-0.36475024,-0.29252443,0.46169007,-0.7505642,0.2452543,0.3215023,0.43566325,-0.16976243
-0.30682218,-0.4075522,0.5918467,-0.35681832,0.38224837,0.46314576,0.44493574,-0.2861512
-0.63340485,-0.09020669,-0.86354154,-0.050977707,0.31380773,-0.4291884,0.09220425,-0.006406247
-0.36520547,-0.20566407,-0.11205131,-0.26333082,0.14372487,-0.02972317,0.47806928,-0.022722557
-0.49547556,-0.20735377,-0.33899897,-0.8911411,0.31874293,0.4901581,0.14816605,-0.39517373
-0.18045337,-0.1374522,0.2563064,0.22340703,-0.58984953,-0.23756796,0.12666816,0.10645908
-0.3831551,-0.34862536,0.3327142,-0.5109652,0.24698257,0.26033622,0.34185612,-0.16172907
-0.42764607,0.31265572,-0.041786075,0.99285376,0.455465,-0.093083255,0.28818637,-0.19079883
-0.27018636,-0.13399929,0.54454434,-0.106227815,-0.47107035,-0.20892197,0.15236577,-0.13480827
-0.41862303,-0.34537798,0.9216602,0.3626976,0.25335577,-0.022488765,0.17670172,-0.2028112
-0.16407694,-0.13729677,0.14540398,-0.7560192,-0.11699525,0.6233519,0.52432996,0.15502498
-0.36998978,-0.043628532,0.4251641,0.5741608,0.12280293,-0.204081,0.08391141,-0.22708021
-0.28760922,-0.34641653,0.6413977,0.6536077,0.31794325,0.461756,0.43392634,-0.241921
-0.32273683,-0.032990035,-0.91277045,-0.032969356,-0.19355233,0.8053785,0.35586378,0.022567542
-0.11375861,-0.26207173,0.28092635,0.7615553,-0.31141758,-0.04808147,0.1169723,-0.10194493
-0.11492145,-0.39068013,0.5184876,-0.42107403,-0.045922205,0.7821773,0.4990013,-0.0313509
-0.47318262,-0.10016249,-0.06280947,-0.75224733,0.07655086,-0.41245356,0.20267288,0.12870824
-0.27061316,-0.4142539,-0.9114684,0.2647922,0.22327979,0.28972253,0.3984434,-0.16911814
-0.3237067,-0.12449397,-0.8553162,-0.14753205,-0.34756762,-0.020439321,0.4619051,0.32170025
-0.10055186,-0.22580004,0.13266146,0.033274412,0.35881925,0.32500467,0.58730465,-0.13636851
-0.26100212,-0.37094426,-0.032357275,0.56083417,0.3378614,-0.13218196,0.30078357,-0.18845724
-0.84124374,0.023787651,0.08143282,0.19617999,0.67404026,-0.49322915,0.08577697,-0.18479197
-0.5151005,-0.17722929,0.11269176,0.44615138,-0.06544757,0.749776,0.5976434,0.08661994
-0.36309063,-0.40024608,-0.46212995,0.5827917,0.3745769,0.6792844,0.53198075,-0.32454106
-0.54309297,-0.3488475,-0.44455123,-0.4932285,-0.19930454,-0.67340046,0.07414932,-0.10628377
-0.31204608,-0.2901506,-0.6410699,-0.70814574,0.2686143,0.41295937,0.12940101,-0.36376455
-0.3585247,0.24841334,0.37120938,-0.7552804,0.27594206,0.14882588,0.3858613,0.09754537
-0.17772362,-0.11674607,-0.2282567,0.65384114,-0.32445735,-0.25026044,0.39790297,0.6095837
-0.4459226,0.12447461,0.61301327,0.21210384,0.08703025,-0.6331228,-0.23035175,0.14319755
-0.41236827,-0.40313676,0.2780459,0.74705386,0.25930205,0.12423241,-0.025117464,-0.07662757
-0.34410396,0.022499297,-0.71748054,0.36789465,0.12072645,0.09303022,0.35208994,-0.27414936
-0.43096587,-0.030541155,-0.75335884,0.4691229,0.111165404,-0.2889223,0.1024295,-0.12821805
-0.33228588,-0.20539334,0.41653717,-0.0084216,0.2334778,0.24370421,0.4091551,-0.2730624
-0.3830357,0.009248515,-0.7422424,0.08378744,-0.6711336,0.32849246,0.32973424,-0.04710942
-0.28561276,-0.18988898,-0.25240207,-0.7268762,-0.3068306,-0.20396273,0.07177879,-0.20536523
-0.10934022,-0.18716711,0.34709418,0.50763273,-0.31051216,0.4822886,0.3699822,-0.04598706
-0.40372196,-0.16260815,0.3540212,0.023664713,0.14595911,-0.4280649,0.06338618,-0.09144677
-0.42638975,-0.2336955,0.3168975,0.56463087,0.19897692,0.2479911,0.44056824,-0.007038713
-0.38649026,-0.13660242,-0.17764103,0.6354164,-0.9473155,-0.27751333,0.29717788,0.46691343
-0.42514706,-0.23169215,-0.8704112,-0.10397667,0.39639777,0.21335767,0.36633223,-0.011037687
-0.29176944,-0.26372093,-0.21461952,-0.07370013,0.22534794,0.3458411,0.4321688,-0.25994173
-0.36167654,-0.15878119,0.4408425,0.71065736,0.4461749,0.35804522,0.4666372,-0.31152505
-0.33114532,-0.32205474,-0.38695735,-0.66100323,0.093228824,0.16983043,0.36498347,-0.03975382
-0.34271187,-0.13843454,-0.08301401,0.8403343,0.19258599,-0.3345011,0.3909042,-0.15058029
-0.1326324,-0.22352193,-0.51940733,-0.20555836,-0.06790782,0.23958693,0.055469602,-0.21173176
-0.11857948,-0.40142477,0.6154944,0.24239814,0.12370305,0.7292808,0.5073564,-0.1163049
-0.46341398,-0.036174748,-0.69663274,0.20283544,0.25679109,-0.18229547,0.32337674,-0.16986899
-0.35622427,-0.10180597,0.41736782,0.73106647,-0.27081358,0.7804042,0.35482347,0.07950531
0.13121293,-0.20882349,-0.43724257,-0.39892685,0.073755704,0.30199912,0.36314344,0.25532752
-0.51143074,-0.037470486,0.74617696,0.18127167,-0.42490312,-0.66670316,-0.73799044,-0.49303696
-0.26280287,-0.37448582,-0.71456146,-0.40154892,-0.010864635,0.7752579,0.7039593,0.0365154
-0.40504962,-0.1984122,-0.004704416,0.58519113,0.3261787,0.33596304,0.43119082,-0.2982105
-0.27364552,-0.22182387,0.37743342,-0.7038702,-0.005694561,0.7221751,0.5315644,-0.08167965
-0.074318886,-0.44715434,-0.71147877,0.29082632,0.36992925,0.29984182,0.3780401,-0.19684927
-0.28484806,0.13690342,0.92843556,0.1799432,0.39323303,-0.079234794,0.42445254,-0.11883973
-0.4875719,-0.2941257,-0.12430245,0.00453496,-0.28279403,-0.52133137,-0.056797832,-0.1878443
-0.49036443,-0.30905056,-0.2597993,-0.4530148,0.18396942,0.20789996,0.31593207,-0.17180212
-0.19238974,-0.2293217,0.7851107,0.34446013,-0.25419393,0.666885,0.7184105,0.12015634
-0.19934115,0.0041431086,0.014419198,0.8066517,0.4306845,-0.024921184,0.28907058,-0.2004532
-0.5383242,-0.2518358,0.02410984,0.09779096,0.3934816,-0.4598729,0.27207837,-0.19761251
-0.74424314,-0.19071425,0.8545183,0.13437057,0.1386432,-0.8124729,-0.40097386,0.1331666
-0.2635434,-0.022869881,-0.03700012,0.33378327,-0.35567522,-0.01239903,0.38399082,0.21168378
-0.15563834,-0.33209345,0.70453274,0.6043725,0.7962174,0.268909,-0.13257106,0.5257215
-0.43307215,0.0727058,-0.76115143,0.48367405,0.5250192,-0.17802,0.29964265,-0.018319063
-0.3781631,-0.025473054,-0.3744169,0.15732765,0.27989253,-0.37534884,0.3456501,0.018479524
-0.71265167,-0.06033967,-0.3866734,0.27457643,-0.17073826,0.85427815,0.38683906,0.13469939
-0.3091949,-0.3200448,0.7619748,-0.07046229,0.30341196,-0.15256946,0.37476087,-0.14652696
-0.29912028,-0.06735606,-0.08440113,0.667963,-0.528852,-0.2195254,0.2504972,0.13380787
-0.36019802,-0.1544439,-0.035010695,-0.93647283,0.17206465,-0.2648349,0.2117671,-0.063734345
-0.18967882,-0.30539486,-0.47591794,0.3376925,0.4762347,0.50705814,0.44681984,-0.35065928
-0.49376568,-0.28832212,0.55360353,-0.33554864,0.13260527,0.25803557,0.36637777,-0.25193045
-0.24560039,-0.18467367,-0.7809973,-0.2966199,0.21067353,0.09743455,0.23432158,-0.21834451
-0.20316538,-0.1838045,0.30685723,-0.85162675,-0.19461246,0.6801099,0.6512844,0.18749668
-0.40882546,-0.2976209,0.43284643,0.66216886,-0.1531196,0.75665313,0.62985414,0.24884945
-0.22127229,-0.4224579,-0.63736904,-0.6209487,-0.007486045,0.7430184,0.58677083,-0.17767133
-0.3307542,-0.25502586,0.63686717,0.63614774,0.18275231,0.24021998,0.28269267,-0.07320959
-0.42463055,-0.32976258,0.52288663,-0.73952365,0.35689208,0.55918586,0.44690448,-0.22117867
-0.5093662,0.09028087,-0.40387255,0.72085595,0.41306475,0.18357648,0.3680865,-0.16890825
-0.3314202,-0.18982393,0.31479597,0.536131,-0.04978664,0.82577395,0.5011815,-0.004652451
-0.38049746,0.049267102,0.56281126,-0.8223764,-0.34583455,0.6944211,0.47284988,0.26182362
-0.16675532,-0.08751665,0.100385666,0.72583747,-0.7455528,-0.3117632,0.036060512,-0.10216178
-0.29301953,-0.3306738,0.8964107,0.15353799,0.22697449,-0.18352003,0.355526,-0.2765449
-0.3680332,-0.24084944,-0.27848685,-0.06761086,-0.31141055,-0.12530015,0.23529986,-0.21675207
-0.41481936,-0.3601142,0.001257658,0.16946614,-0.2519614,0.06248771,0.23810208,-0.23979254
-0.16995302,0.47128186,-0.2015984,0.64147997,-0.42308846,-0.18987189,0.4496505,0.6035286
-0.74669415,-0.13549657,-6.258488e-05,-0.75951886,0.39515185,-0.4686081,0.04936869,-0.029445576
-0.5840375,-0.011673312,0.5531472,0.22734082,0.44871095,0.24856521,0.4307164,-0.19881567
-0.22035924,-0.17904502,0.52720606,-0.85185033,-0.26346233,0.7755093,0.65411663,0.26065356
-0.28344497,-0.32699615,-0.1418401,0.3237797,0.005072172,0.12300521,0.12354187,-0.15493307
-0.2479596,0.0072470056,-0.39749438,-0.8401207,-0.10634824,0.7358865,0.32095215,-0.22916377
-0.5231779,-0.13139251,-0.2603777,0.6981242,-0.19176562,-0.09273491,0.14645873,-0.14172778
-0.33981705,0.051158253,0.65624,0.107359886,0.15841347,0.20649381,0.06319911,-0.3060689
-0.29629338,-0.024297785,-0.40762997,0.705022,-0.43608755,0.11448895,0.3827953,-0.09228313
-0.19343577,-0.33939236,0.60808206,0.45648432,-0.11415674,0.6899346,0.7038005,0.05486996
-0.31811464,0.09935332,0.30374074,0.37192988,-0.3328507,-0.66952795,0.12357396,0.19657744
0.023112996,-0.1920685,0.17764676,0.5144694,-0.14045852,0.6744174,0.48172736,0.081298195
-0.12615484,0.09176654,0.28228283,-0.90258205,-0.67734,0.52282333,0.635476,0.23541626
-0.43436983,-0.028314661,-0.22451967,-0.6173639,0.10252432,-0.1126937,0.36104444,0.09781165
-0.1309223,-0.3656219,-0.73229444,-0.17783207,-0.111209065,0.15423924,0.31632856,-0.21209015
-0.19593158,-0.25432578,-0.23355007,0.6494049,-0.34902543,-0.16296771,0.3915483,0.6519079
-0.09850827,-0.30600908,0.3226689,0.57957125,-0.6449364,0.4235561,0.65206474,0.014670176
-0.4129562,0.037029717,-0.8467118,-0.14029229,-0.2210103,0.012643845,0.24619463,-0.11294145
-0.3339159,0.019178916,-0.17356008,-0.9228109,-0.8032185,0.33780542,0.28967416,-0.3187797
-0.35411477,-0.14942335,-0.11110306,0.86721134,0.3478602,-0.44326222,0.35848963,-0.16243422
-0.40254825,-0.22711937,0.63371015,-0.09096283,0.3524642,0.31301057,0.3522837,-0.24065652
-0.18667412,-0.25582433,-0.84452426,-0.10020304,-0.17954911,0.7049299,0.5247941,-0.06723421
-0.35278288,-0.059843045,-0.27276593,0.64184153,0.21700652,0.16252525,0.31786743,-0.0017256921
-0.29801762,0.07222643,-0.52619326,0.1790961,0.3157939,0.20451109,0.34511498,0.0031731257
-0.28172278,-0.32997346,0.59501743,0.7513974,-0.1497526,0.83152336,0.2934176,-0.12101797
-0.25096413,-0.19341545,0.082650304,-0.6513897,0.56205386,-0.7182999,-0.22486958,0.23208448
-0.16331674,0.05495875,0.50157714,-0.18742853,0.23270749,-0.30696058,0.14130439,0.5099893
-0.2571772,-0.018858518,0.31503224,0.8062643,-0.81356186,-0.5313499,-0.123789564,-0.1306759
-0.49828103,-0.13857727,0.42371976,-0.8922107,0.21657866,-0.47196907,0.13454196,0.06400737
-0.3892918,-0.070391595,-0.101514935,-0.7099054,-0.011989843,-0.39708197,0.06368539,0.10112488
-0.09657194,-0.3483887,-0.7682635,-0.19368434,-0.046266712,0.72329783,0.6690109,-0.021004712
-0.39773312,-0.37085468,-0.60421336,-0.08904505,0.24197656,0.26532835,0.35282543,-0.15344988
-0.2402646,-0.12067032,-0.15263587,-0.94039166,-0.57288736,-0.30117247,-0.5865105,-0.08765386
-0.3445198,0.009287347,-0.77525663,0.47973335,-0.0146489395,0.73051596,0.5191081,-0.10078623
-0.3361493,-0.060401734,0.6027081,-0.22650689,-0.11489615,-0.6694224,-0.049952023,-0.12506208
-0.58618873,-0.28899693,-0.2845176,0.28030097,0.15486065,0.009388692,0.07470749,0.103133716
-0.510213,-0.2310648,0.54752135,0.17061543,0.25881398,0.2197337,0.37422273,-0.047338996
-0.42211232,-0.0696365,-0.5264882,-0.19562685,0.0906268,0.11182085,0.38705096,-0.17045346
-0.43344137,0.10427769,-0.30049187,0.3845147,0.52858233,0.1726276,0.22656387,-0.08385937
0.4790461,-0.6783021,0.55608,-0.46443158,-0.8245363,0.2767979,0.1809283,0.33739388
-0.24174829,-0.26960728,-0.71642613,0.33539414,0.15879734,0.1996373,0.3830724,-0.32410014
-0.5785324,0.021431077,0.3193264,0.52722895,0.33863115,0.30082086,0.362201,-0.13160469
-0.5317397,-0.13586544,0.114548445,0.2588321,0.14212362,-0.56173,0.011667753,-0.06511321
-0.5578245,-0.13000311,0.14199293,0.11761749,0.1921004,0.26890767,0.29966494,-0.15834205
-0.2323658,-0.18684345,0.50614965,0.48145986,-0.14582045,0.715326,0.63029623,0.034488514
0.070297495,-0.11343112,0.33386242,0.052945495,-0.16071405,0.7512701,0.3534874,-0.09360642
-0.6215214,-0.31006283,-0.27780628,-0.93420583,0.52648,0.094501175,0.2733653,-0.08096534
-0.32802865,-0.240533,-0.0010617375,0.6085634,-0.09724638,0.8363764,0.42979816,-0.023956457
-0.6181827,-0.2284882,-0.34685498,0.2371695,0.21490327,-0.5871888,0.22677293,0.10454297
-0.22900377,-0.2146368,-0.7517127,0.24077511,0.010295317,-0.2682354,0.34424564,0.032759324
-0.4667096,-0.003012623,0.8630123,0.38185358,-0.25182238,-0.8117633,0.07234983,0.5777157
-0.3143275,-0.33434287,0.15973973,0.1229924,0.19834384,0.25417116,0.3609324,-0.26559594
-0.032416064,-0.06161641,0.054560423,-0.30647528,-0.28582883,0.6629433,0.1620929,-0.002522256
-0.5714918,0.03225546,-0.27894622,0.48710918,0.5617212,0.10790684,0.35179195,-0.07212636
-0.38829938,0.005649452,0.32237196,-0.84295684,-0.29411325,0.076226406,0.07368,-0.32339406
-0.417213,0.06545884,-0.7911955,0.050457597,-0.81230175,0.14626133,0.16486047,-0.06459057
-0.4166245,-0.32297376,-0.31715673,0.6335751,0.22273369,0.1790889,0.4393796,-0.073957
-0.55001825,-0.3772305,0.49767053,-0.19523424,0.39889064,-0.1797058,0.12564512,0.47481808
-0.5493289,-0.08418876,-0.52458704,0.81940114,-0.016711168,-0.71653146,0.21280532,0.06354647
-0.59318286,-0.1863177,-0.58067673,0.03890872,0.026157694,-0.72860676,-0.4177086,0.12536643
-0.31118944,0.113653325,0.5790559,0.6325495,0.18304989,-0.20551941,0.3226981,0.11005211
-0.39506093,-0.04223006,0.6442722,-0.02733016,0.2871616,0.37414345,0.39949816,-0.26178434
-0.14232036,-0.26015702,0.4771731,0.70392144,0.042268645,0.31781074,0.16731969,-0.3367024
-0.22577071,-0.2389916,-0.14460719,0.25706983,0.023102602,-0.02267514,0.15557802,-0.19473468
-0.4346659,-0.38886744,0.6474221,0.0044420958,-0.14201872,-0.07776617,0.21943556,-0.22684895
-0.46892276,-0.34151855,0.096165895,-0.59475327,-0.31056526,0.69320196,0.1120098,0.04272571
-0.4622197,-0.2043566,0.4408425,0.71065736,-0.8820966,0.39863527,0.31528723,-0.33994412
-0.38827425,-0.18344367,0.5243838,0.6330749,0.09709978,0.2653569,0.27525792,-0.32592833
-0.41027543,-0.073713645,-0.8393301,0.26282656,-0.8960106,0.1962754,0.3095469,-0.062225413
-0.5356418,-0.3830156,-0.4500342,-0.6490443,0.82603717,-0.22989675,-0.57153755,0.5059864
-0.5481299,-0.29670587,-0.29110807,-0.50624233,-0.21108654,-0.6892323,0.20941523,-0.11952268
-0.29270557,-0.085089706,-0.10402715,0.8726101,0.4153322,-0.44504842,0.2891501,-0.085956566
-0.3724138,0.017096717,0.953619,0.23002076,0.1436935,-0.29329124,0.003450792,-0.090927295
-0.50815976,-0.19694781,0.74016297,-0.05797535,0.22000028,0.112313196,0.41164833,-0.03265986
-0.38871425,0.08324551,-0.18954897,0.075778484,0.3510796,0.17522742,0.15967132,-0.07760224
-0.17095096,-0.054555137,0.5278685,-0.30641437,-0.5941348,-0.52702093,-0.61934644,-0.14482917
-0.44374055,0.11919453,-0.18478656,0.33288443,0.317184,-0.4256291,0.087641984,-0.073327646
-0.3413586,-0.29944348,0.3319981,-0.81073236,0.29770443,0.29982027,0.3960991,-0.19309337
-0.34664038,-0.13230209,-0.13899487,-0.93777937,0.13849723,0.24773672,0.40086418,-0.36973783
-0.4672934,-0.31979054,-0.09939891,-0.9108396,0.010006541,-0.18255019,0.1706146,-0.069666535
-0.27459937,-0.21030775,-0.6061326,-0.30321366,0.16422527,0.23582214,0.14257011,-0.2676123
-0.5690204,-0.021535333,0.4744767,0.024990559,-0.27319938,-0.8188931,-0.00074458,-0.09734099
-0.6527908,-0.37206525,0.73191583,0.506675,0.45390278,-0.42653096,-0.14492033,-0.049014736
-0.5089027,-0.09303679,0.08985376,0.5608034,-0.36387786,-0.6896714,-0.13521704,-0.017935067
-0.16293794,-0.015920248,-0.2930628,0.2634759,0.33574885,0.46153286,0.076625966,0.19463038
-0.1979182,-0.10481092,-0.5913894,0.21966386,-0.04425982,0.71834683,0.5052422,-0.090185985
-0.1855051,-0.23482825,-0.7206595,-0.29962975,-0.17688736,0.76955265,0.5992909,-0.032285217
-0.43673903,-0.11962241,-0.7393384,0.20184398,-0.4183035,-0.6617003,0.24601184,0.27711356
-0.34203857,-0.37747404,-0.25131923,0.65978956,0.13164276,0.19887705,0.18477364,-0.19315445
-0.36880633,-0.1269294,-0.94511116,-0.009845674,0.41755182,0.27096522,0.34702194,-0.23892358
-0.44155508,0.0107825445,-0.24014056,0.6304916,-0.5822167,-0.5232948,-0.314487,-0.112787016
-0.30618167,-0.34073988,0.04905045,0.6925081,0.2580099,0.43226928,0.362336,-0.15608801
-0.31371254,-0.09405677,0.22765517,0.09672713,-0.13445726,0.5944316,0.7668487,0.4631562
-0.5222404,-0.1200585,-0.7155472,0.22786641,0.23884928,-0.42177635,0.2369358,-0.08401697
-0.524258,-0.13855319,-0.2789681,0.5825578,-0.33370495,-0.75962085,-0.10883815,-0.3430728
-0.48766118,-0.08577719,0.21175826,0.10051203,0.11496513,-0.47384682,0.17014465,-0.10234177
-0.31837767,-0.19067836,-0.93909585,-0.18977475,0.2607806,0.28310204,0.3909803,-0.22694084
-0.38422978,-0.27120754,0.14660013,0.6188358,0.30918986,0.36283147,0.37794256,-0.24698722
-0.5029594,-0.32852587,-0.41882652,0.36532068,0.24974774,0.23956561,0.40299997,-0.10263129
-0.28582656,-0.11841891,0.08102608,0.6161709,-0.58103377,-0.6408641,-0.12427301,-0.040530115
-0.44062278,-0.20461062,0.23118484,0.6406622,0.30309156,0.2100117,0.4021113,-0.071128376
-0.13838883,-0.3032092,-0.5011866,-0.4595343,-0.13987333,0.7130423,0.54328674,0.1518139
-0.13857715,0.18770577,-0.88915336,0.31457198,-0.50105387,-0.1942591,-0.50428957,-0.33145684
0.11220716,-0.2565782,0.27116048,0.21620107,0.2782413,-0.02706658,0.3107325,0.7622185
-0.11959495,-0.31720936,0.32472754,0.50778294,-0.20624177,0.5769925,0.7089171,0.042426255
-0.4200834,-0.22715805,-0.025247037,0.06978285,0.3951571,0.077528276,0.19870766,-0.28095454
-0.12072922,-0.085913226,0.028735638,0.6197283,-0.583155,-0.0800211,0.49873924,0.33810955
-0.26936537,-0.1384314,-0.84509623,-0.312536,0.24649628,0.54371613,0.33522922,-0.105660595
-0.14346881,-0.14860025,0.41908503,0.73534405,-0.24516468,0.67138684,0.35976484,0.027851626
-0.3331706,-0.20108005,-0.18524319,-0.81146187,-0.34192976,0.37858453,-0.020476796,-0.1600071
-0.38522354,-0.11824134,0.59287584,0.09191668,0.11977999,0.22928396,0.17014475,-0.24124111
-0.46012408,-0.30825302,0.5603806,0.59397733,-0.36119434,0.034281205,0.18359116,-0.24324362
-0.36083478,-0.11470697,0.43757522,0.78285825,-0.030493824,-0.06675643,0.18385328,-0.11234471
-0.43323398,-0.22049496,-0.86134857,-0.29022604,0.29402938,0.37237632,0.44631854,-0.23850305
-0.4850204,-0.31475013,0.098208666,0.5094433,0.25689757,0.1674993,0.3753182,-0.063769326
-0.58531225,-0.23734233,0.19134283,0.6844288,-0.1530919,-0.49597478,0.1192402,-0.065300636
-0.3194369,-0.25197122,0.7212219,-0.37321436,0.04671936,-0.27750465,0.19934934,-0.042906236
-0.48999494,-0.23967217,0.22670126,0.56915593,0.15596911,0.19681463,0.32816964,-0.12380735
-0.46490708,0.46426126,0.064952135,0.45840132,0.6533488,-0.24883449,0.12531136,0.009006704
-0.40518036,-0.14932583,-0.3769467,0.6873479,0.25475582,-0.46312094,0.28266653,-0.19235343
-0.45045164,-0.19033694,-0.4699474,-0.012550116,0.2568656,0.32273,0.0051216055,-0.53406507
-0.23718372,0.025895927,0.30380356,-0.020448983,0.11473586,-0.37691957,0.14255638,-0.091329165
-0.48914665,-0.21187966,-0.79639846,-0.262344,-0.4829745,0.4249883,0.47076222,-0.15728953
-0.5567989,-0.23423386,0.49982917,-0.73749167,0.30524024,0.36551553,0.40577096,-0.063057184
-0.65421754,-0.21163283,0.06026113,-0.3976574,-0.8363024,0.17947996,-0.06838529,0.13615978
-0.48981312,-0.0937208,0.6237105,0.16064692,-0.15900056,-0.6791932,-0.16298115,-0.16353256
-0.15797551,-0.053218823,-0.1709069,-0.8029403,0.035112716,0.15050715,0.4031531,-0.14817789
0.14272614,-0.018709999,0.07420707,0.60926235,-0.67113733,-0.599212,0.3216027,0.3548144
-0.57753277,-0.17659782,-0.020033002,0.70493066,0.42940253,0.150994,0.2886029,-0.009934728
-0.3126098,-0.05858257,0.18151975,-0.71976197,0.4054539,-0.0509217,0.3041186,-0.2882319
-0.19106826,-0.31331322,0.64647543,-0.030527115,0.035428114,0.8024898,0.22175053,-0.2485033
-0.22403681,0.06763253,0.4748268,0.70288634,0.1563966,0.1881188,0.3155948,-0.19778971
-0.3403236,-0.31726485,0.33887005,-0.8344009,0.3424597,0.38386407,0.28200042,-0.2110447
-0.08186358,-0.33378783,-0.0012087226,-0.65409356,0.066884056,0.7897259,0.5119689,-0.09112294
-0.3589592,-0.042012062,-0.7991823,0.28028977,0.27006832,-0.41454983,0.34283245,-0.10802758
-0.41589755,-0.01304252,0.72978365,-0.67379117,-0.28686616,-0.70756114,-0.24957107,-0.2455721
-0.41458723,0.25447685,-0.87617785,-0.008512318,-0.18391633,-0.6288762,-0.04675923,-0.14880212
-0.37479258,-0.27301115,-0.033980668,0.5787395,-0.1327367,0.2146453,0.042827293,-0.16386189
-0.15441616,-0.40593994,-0.7722349,-0.4508223,0.32007936,0.49917594,0.5659299,-0.18750115
-0.5768532,-0.101562046,-0.529104,0.4892609,0.43983492,0.21558629,0.45435145,-0.12454101
-0.2327417,-0.40813598,0.30973482,-0.8690091,0.18154433,0.5784906,0.4222947,-0.3152914
-0.1544302,-0.12289605,-0.35429716,-0.38825107,-0.44205523,0.5249378,0.3332302,0.06439197
-0.5701387,-0.24473125,-0.024370432,0.65745175,0.46115312,0.33365858,0.25927094,-0.0054397187
-0.39981925,-0.23184976,-0.1811136,0.5257424,0.3151072,0.25945327,0.34734654,-0.23021643
-0.42778313,-0.2772992,0.42472517,-0.6577216,-0.20499891,0.83183086,0.5182378,-0.028954474
-0.45917815,-0.16158988,0.9225986,0.097177505,-0.022639195,-0.7434731,0.12477904,-0.08741561
-0.1862279,-0.3370292,-0.2270655,-0.18439108,-0.0746557,0.7074465,0.40825588,-0.058475845
-0.72840554,-0.10924771,0.13198102,-0.23335993,0.55736583,-0.38686466,-0.30980477,0.028831337
-0.26851618,0.17289431,-0.19711953,0.30813134,0.38717586,0.16716109,0.35773534,-0.013105485
-0.41878662,-0.043042887,-0.37537473,0.17076743,0.41394788,-0.32309115,0.054112125,-0.13424405
-0.02501637,-0.30726427,0.5392157,0.6548681,-0.053913113,0.7308183,0.58766925,0.066604376
-0.25323498,-0.1438342,0.05203557,-0.7212458,0.3695688,0.37941286,0.35833484,-0.21360308
-0.32962722,0.027914632,0.8621441,0.38156962,-0.44017637,-0.86899924,0.03478966,0.31166437
-0.3200166,-0.008746888,0.30706167,0.81160617,-0.19780956,-0.7862595,0.16573083,0.0052779173
-0.27744102,-0.23953082,-0.3912198,-0.20682025,0.07807462,0.070514254,-0.049469117,-0.2804928
-0.06939824,-0.2824392,-0.5830184,0.11660826,0.2541141,0.6544694,0.43675932,-0.24235728
-0.43632835,-0.111337714,0.57650924,0.020247579,0.101137206,-0.40322497,0.10369287,-0.08281552
-0.26375112,-0.2362925,-0.15372562,-0.66988266,-0.048265584,0.060304113,0.18736629,-0.20771296
-0.18475236,-0.12892532,-0.2347076,-0.6104838,-0.48628902,-0.705612,0.2290209,0.47774825
-0.2662981,-0.16405676,-0.17660463,-0.86466885,0.13830042,-0.05037218,0.06977989,-0.15947731
-0.19238988,-0.0018455639,0.19288492,0.41195118,-0.19195645,0.6414404,0.56134045,0.07313495
-0.41555843,-0.17650242,0.22096932,0.6519215,0.29196295,0.22966626,0.38210085,-0.1459843
-0.48695415,0.03747276,0.6159096,0.21150231,0.020653563,-0.7549318,-0.24394546,0.13996923
-0.3147627,-0.21323544,0.5779121,-0.5294045,0.45428523,-0.24163151,0.2735056,-0.14487752
-0.38390863,0.08892802,0.19405603,-0.25150293,0.34676135,-0.426255,0.24696293,-0.09493743
-0.41173244,-0.23201098,-0.037373066,0.0802151,0.21748449,-0.32730564,0.11877637,-0.066664234
-0.1253685,-0.017449867,0.465935,-0.89751613,-0.34970173,0.61608523,0.5937761,0.23557384
-0.45861298,-0.10270749,-0.9146,0.26672995,0.38976774,0.31075805,0.27443337,-0.077279784
-0.5049387,-0.14349832,0.2516172,0.30503774,-0.29547653,-0.711417,-0.11505957,-0.044096556
-0.29656428,-0.2313739,0.2701658,0.49681866,-0.17022537,0.71248984,0.6964784,0.12752213
-0.54847974,-0.2304426,-0.7816357,-0.29608488,0.28732154,0.18282042,0.40590957,-0.08474308
-0.67540246,-0.3216778,0.10242736,-0.1950959,0.42824543,-0.56237143,-0.042370874,0.0028705322
-0.2653524,-0.019340899,-0.4227847,-0.7868283,-0.08205922,0.7487971,0.5470085,-0.05048081
-0.017252626,0.10876184,0.4029708,-0.8266528,-0.41833,0.4835306,0.7760919,0.29830062
-0.36550343,-0.07092198,0.65785277,-0.005852878,0.3093791,0.042119503,0.12026041,-0.13345541
-0.36956546,-0.108097196,-0.50188935,0.70215595,0.06973872,-0.35867953,0.0495146,-0.14853127
-0.36089826,-0.027920868,0.32556653,-0.9472705,-0.5138873,0.6564807,0.45858467,0.07630663
-0.50091773,-0.15313512,-0.35662645,-0.62130743,0.35829812,0.23098426,0.37260342,-0.0135525
-0.4062716,-0.39700395,0.17139602,0.23168278,0.39070323,0.32446325,0.34375104,-0.283914
-0.42498937,-0.00566193,-0.9464716,0.108312845,0.17325535,-0.14525136,0.32095182,-0.04144841
-0.48258448,-0.26636302,-0.6144311,-0.3004232,-0.12712891,-0.010592268,0.254288,-0.20131499
-0.32846117,-0.21040222,0.69764817,-0.6562003,-0.25601906,-0.23375322,0.17882049,0.020480994
-0.38534853,-0.13625242,-0.34766632,0.79251456,0.12469387,0.16626833,0.2516185,-0.24051024
-0.05502275,-0.01282836,-0.004488349,-0.027763844,-0.4553086,-0.16825522,-0.04535656,-0.27856833
-0.24378516,-0.24062254,0.68921506,-0.2031002,-0.079890616,0.14316057,0.099998325,-0.09446301
-0.2127424,-0.24698804,0.5522094,-0.46288896,0.15274568,0.047738656,0.3531651,0.09707209
-0.43048158,-0.20299095,-0.52400815,0.24434876,-0.33734488,0.675296,0.509975,0.06835676
-0.35728928,0.0015445248,-0.69209886,0.35896897,0.2715659,0.115319915,0.38751245,-0.26598144
-0.22185919,-0.073102795,-0.57805204,0.17718029,-0.1707959,0.84005153,0.56063163,0.13155933
-0.4697903,0.06594733,-0.7482693,-0.0066391826,0.38749227,-0.4952592,0.19045134,-0.04192713
-0.5436627,-0.20723331,0.6866281,-0.41605985,0.03265701,-0.46775427,-0.06962354,0.023073077
-0.22996897,-0.067903824,-0.11702138,0.31584454,-0.053545594,0.7739224,0.31775308,-0.0728978
-0.15838276,-0.17164902,0.58299387,0.0128268,-0.2669617,0.7136123,0.059393577,0.07740524
-0.33660328,-0.12173017,0.11483073,-0.27649403,0.3226581,0.36697018,0.48922578,-0.24375331
-0.34124458,-0.30815524,-0.046253324,0.40312672,-0.3689551,-0.59745765,0.116734624,-0.1253654
-0.6260794,-0.07708266,0.46148622,-0.8363108,0.3776074,-0.49718583,0.12887254,-0.032168724
-0.38756707,-0.2897468,0.85323393,0.18441153,0.22538413,0.46828195,0.3717522,-0.17766078
-0.73769426,-0.0010602727,0.08918285,-0.016252458,-0.11292244,-0.8475382,-0.058896355,0.11230648
-0.30661803,-0.04995512,-0.53302634,0.14526999,-0.28724742,0.675118,0.5128284,0.08801226
-0.3194541,-0.19698338,-0.76043046,0.61658514,0.4534437,-0.25938654,0.46649083,-0.19468589
-0.25274262,-0.2636088,-0.5490192,0.32064474,0.19133851,0.37462988,0.30244982,-0.25017363
-0.7218087,-0.12723097,0.34218574,0.007508397,0.3957412,-0.45354375,0.038856518,-0.06522994
-0.022757502,-0.017945554,0.184124,-0.82410985,-0.65454054,-0.10854123,-0.26756033,-0.6682519
-0.22447687,-0.15509588,0.2563064,0.22340703,-0.6144179,-0.21285184,0.11267804,0.09049452
-0.51687485,-0.10138913,-0.81704783,-0.2249617,0.4062142,0.2492951,0.42711276,-0.22590171
0.24046029,-0.031548876,0.21020937,0.049729705,-0.74453735,0.35188118,0.21617979,-0.403065
-0.3945623,-0.14456037,-0.63010144,0.1295644,-0.14313443,0.76092046,0.5528459,0.12964286
0.042223554,-0.12944649,0.16723895,0.56696534,-0.06827516,0.6828344,0.58628714,-0.010263148
-0.3700044,-0.07021393,0.6004292,0.11966741,0.29363456,0.28773263,0.15487172,-0.36855146
-0.41965106,-0.03239118,0.19473898,0.3039148,-0.22143957,0.830718,0.36136287,0.02610167
-0.5306719,-0.3406316,-0.023888767,0.050119996,0.59276515,0.34611037,0.32770127,-0.097548835
-0.14865784,-0.35677978,0.052610397,0.7653625,0.17005484,0.31742087,0.2363732,-0.20708701
-0.28030944,-0.22848111,-0.58801365,0.20534074,-0.083497286,0.85650647,0.49436298,0.027703132
-0.45030674,-0.28552076,0.15715504,0.13044214,0.22046855,0.14656593,0.34776452,-0.1943423
-0.4926829,-0.15645595,-0.7032802,-0.102883995,0.3359289,0.21462634,0.4142429,0.015258458
-0.5424031,-0.070390634,0.5937071,0.03199172,-0.83618265,0.15445542,0.18452002,-0.057892118
-0.46782562,-0.27979547,0.43502903,0.5394838,0.47993192,0.41030908,0.31804433,-0.08505758
-0.49854267,-0.118396126,-0.044315398,0.55855966,-0.07316803,0.2057105,0.35064417,-0.2213352
-0.4927245,0.020898942,-0.5951272,0.76312006,0.3605019,-0.15638678,0.23985441,-0.49641702
-0.050004426,-0.005236204,0.40347445,-0.60038227,-0.4308512,0.4869539,0.48183778,0.06217286
-0.47221527,-0.1641096,0.5342485,-0.38223356,-0.8749565,0.21770579,0.34766522,-0.1613756
0.11725138,-0.3577098,-0.07167125,-0.59048975,0.71849495,0.55150306,-0.009202769,0.7144336
-0.11902407,-0.13037904,-0.57805204,0.17718029,-0.177699,0.8463111,0.542839,0.11533965
-0.054135967,-0.18583032,0.5480982,-0.15380234,-0.31936854,0.67555577,0.4626264,0.037446927
-0.042970363,-0.2708542,-0.7269044,-0.33015937,0.19204855,0.48098752,0.44012406,-0.2117225
-0.6170661,-0.27201468,0.39769578,-0.77871126,0.45562357,0.3161552,0.31847796,-0.14146209
0.15866299,-0.20033616,-0.14760888,0.6923648,-0.48890597,0.31418097,-0.50723594,-0.23649926
-0.2969879,-0.19585437,-0.8455554,-0.42221928,0.26803416,0.20493549,0.23208944,-0.19729534
-0.33359057,-0.1793898,-0.71904945,-0.22574633,0.09926751,0.23859231,0.1524427,-0.32938117
-0.3812248,-0.19553049,-0.2874248,-0.83549994,0.1697842,0.0021225202,0.22315118,-0.15477818
-0.73989445,-0.29333013,0.58174634,0.21877778,0.3812892,0.14633222,0.29230934,-0.14523523
-0.3886535,-0.19931936,-0.64424217,-0.40800625,-0.02722372,0.69763774,0.48606807,-0.15234765
-0.45635107,-0.13368037,0.022176266,0.013922334,-0.17826529,-0.63440204,0.16180794,0.011371687
-0.4803018,-0.078530215,0.16204965,0.51185656,0.0031477585,-0.48607564,0.046395343,-0.079471566
-0.11161375,-0.34905714,0.26117802,-0.9363559,-0.2424558,0.70878094,0.5569876,0.12003007
-0.58265966,-0.19263247,0.3387015,-0.6197449,0.2856035,0.29164714,0.41180542,-0.22750776
-0.56831324,0.12965275,0.93780327,0.08565438,0.22325131,-0.4422391,0.19296125,0.011011782
-0.39232647,-0.069469854,-0.6757995,-0.6778501,0.14276123,0.2368786,0.16684115,-0.21929827
-0.20323019,0.16085236,-0.74736,0.3033414,0.36955336,0.16809244,0.43752512,-0.23699707
-0.41598755,-0.03741278,-0.4922464,0.50883865,-0.13523634,-0.04708155,0.026775364,-0.1727874
-0.4519388,0.051034663,0.09463918,-0.8221164,0.20559798,-0.38607997,0.13400649,0.15758118
-0.34802133,-0.23607852,-0.21385664,-0.840888,0.35589686,0.3309253,0.33775902,-0.20305958
-0.3124676,0.054847945,-0.060326338,0.48680282,-0.011426334,0.143468,-0.009891882,-0.5313638
-0.54461586,0.06795531,0.23848927,0.7688389,0.23684335,0.14528981,0.39979845,0.10147167
-0.122788996,-0.21394637,0.24786675,0.13908744,0.12259631,0.23580353,0.2976752,-0.1984652
-0.486496,0.091312505,0.36191893,-0.0061079264,0.3571439,-0.43483883,0.08455333,-0.046437867
-0.51343143,-0.13763107,-0.18336225,-0.33470362,0.0024495178,-0.4038808,-0.29984078,-0.09656197
-0.42600653,-0.28361836,0.27576113,0.71659756,0.0697703,0.11222264,0.17239995,-0.32622617
-0.32482195,-0.020857152,0.63736176,-0.20894617,0.01403217,0.17233813,0.25732362,0.0032131304
-0.25796977,-0.0106540425,-0.34161872,-0.35721034,0.0022431621,0.113334484,0.44348437,0.07471638
-0.30919734,-0.06305707,-0.07213527,-0.0652042,0.12041604,-0.25723365,0.045054678,-0.12406873
-0.42590994,-0.1740298,0.14512253,0.3765899,0.015435655,0.26126075,-0.0810089,-0.24363258
-0.15097003,-0.13610697,0.05662322,-0.73830277,0.2503387,0.2810307,0.17374039,-0.13163355
-0.35690114,-0.11976265,0.27405977,-0.013584256,0.24182427,-0.340933,0.041204326,-0.106162004
-0.36478862,-0.07562441,0.21467459,0.21482682,0.021861486,-0.3842707,0.18746737,-0.05890087
-0.23083751,0.023525197,0.18238616,0.927444,0.24016112,0.3336625,0.3785004,-0.28818575
-0.26543775,-0.35198158,0.5735085,0.3477993,-0.2363796,0.7793466,0.73739666,0.19054921
-0.17787723,-0.18534032,-0.22933614,-0.22888029,-0.5283867,-0.21838577,-0.03573941,-0.07775472
-0.51491565,-0.12887445,0.09320307,0.51146436,0.30168816,0.15511179,0.30097938,-0.10454653
-0.43637684,-0.042050976,-0.3973419,0.6808394,0.361585,-0.33861354,0.14935651,-0.11165888
-0.32893637,-0.17656603,-0.29709876,0.48413503,-0.062404368,0.69712675,0.38619635,-0.16128862
-0.3824313,0.0046130465,-0.28093702,0.45150197,0.22097637,0.27273393,0.29068536,-0.20830956
-0.06587052,-0.11340035,0.9336513,-0.018946886,-0.55415666,-0.48344976,-0.51643425,-0.099039964
-0.62855184,0.27507696,-0.1954391,0.25826097,0.49670362,-0.16368844,0.29679272,-0.17314777
0.03373478,0.012774159,0.6799637,-0.7264575,-0.64359766,0.08787386,-0.31072208,-0.5744465
-0.13768193,0.050939087,-0.5278641,0.637473,-0.27687895,0.6684197,0.7051514,0.11480874
-0.55782574,-0.1886333,-0.14740151,0.30407655,0.31081626,-0.34006402,0.10129435,-0.08645956
-0.58307475,-0.16442278,-0.18446165,0.38926017,0.28091466,-0.17198205,-0.738271,-0.01981806
-0.038336087,-0.09318877,0.38519418,0.7664447,-0.48050568,-0.12145557,0.17397985,0.29103157
-0.2870555,-0.16368087,0.4222734,-0.68810153,-0.13256721,-0.44834942,-0.044773083,-0.067670934
-0.47220576,-0.17445292,-0.00093734264,-0.7160411,-0.04698915,-0.034020342,0.12329647,-0.1247527
-0.385639,-0.042723957,0.036475897,0.6740844,0.2607867,0.16842476,0.36063242,-0.12615311
-0.17617132,-0.16212627,0.31474364,0.5946884,-0.054729722,0.7463078,0.59354556,-0.011976401
-0.13662513,0.013962944,0.42232215,0.5322311,0.51921916,-0.30662003,0.29529843,-0.024971927
-0.31566522,-0.15307404,0.32270038,0.53252125,0.13779686,0.2773032,0.19625981,-0.21357286
-0.42301986,-0.2645431,-0.97187686,-0.015598714,0.25528085,-0.40261897,0.14284232,-0.06956231
-0.47822836,-0.32708246,-0.47847658,0.557884,0.48773032,-0.36362877,0.18745944,-0.40288597
-0.37707815,-0.20118123,0.5886073,0.69450927,0.30969432,0.38897222,0.36496204,-0.2076442
-0.5441947,-0.1427699,0.6097925,0.33799922,0.118034735,-0.4576656,0.0832865,-0.03600958
-0.24420665,0.035630304,0.7907088,-0.15849912,0.15635934,0.10252882,0.3987039,-0.23838468
-0.1857169,-0.15948318,-0.3687415,0.70907605,-0.45097888,0.5439179,0.20568152,0.073252626
-0.2654141,-0.13334052,0.5309336,0.7143316,-0.35141313,0.017088087,0.0971298,-0.25153315
-0.36666727,-0.26402116,-0.7682635,-0.19368434,-0.10854042,0.7088073,0.6806523,0.06810306
-0.46013594,-0.25694555,-0.15605962,0.3507265,-0.83908284,0.027371684,-0.11620524,-0.18997397
-0.30824485,-0.16335562,0.5914593,0.6398146,-0.08600579,0.72040534,0.5327869,-0.17080382
-0.50957555,0.112077706,0.8316121,0.103431344,0.20500956,-0.39435598,-0.06369852,-0.014436099
-0.3084081,-0.12841986,-0.6102304,0.17614806,-0.329202,0.7518091,0.47797626,0.14467822
-0.14358702,0.0061209993,0.6640254,-0.30579907,-0.63297015,-0.573047,-0.5724922,-0.2502393
-0.46574363,0.049661566,-0.5015165,-0.4402725,0.3559723,-0.38421804,-0.25844127,-0.9455548
-0.4255177,-0.055443797,0.069406986,0.63949513,0.50698066,-0.10395685,0.30590913,-0.096230865
0.046536785,-0.09776618,-0.15970504,-0.9334433,-0.78812784,-0.4049106,-0.33079937,-0.6926567
-0.5975633,-0.28810716,-0.62227285,-0.41384196,0.021489576,0.75880027,0.5511224,-0.15337363
-0.45844522,-0.14263386,-0.10868794,0.019677877,0.23962809,-0.37943608,0.2818861,-0.15191562
-0.400086,-0.21965069,0.5577071,0.30991304,0.15991288,-0.05341137,0.05087382,-0.08907127
-0.29076335,-0.12428939,0.28872478,0.5713862,-0.07301094,0.76421434,0.33860204,-0.11560359
-0.3860104,-0.22608583,-0.1811136,0.5257424,0.2741623,0.27751103,0.3640995,-0.2319475
-0.50734395,-0.25738552,-0.60942084,-0.3187756,-0.85037744,0.28236294,0.31084856,-0.12009808
-0.33342162,-0.101188004,0.9418384,0.07129073,-0.2567414,-0.34565315,-0.18654113,-0.062642045
-0.29126477,-0.15904754,0.8574264,0.19366372,0.076359555,0.17608014,0.17882177,-0.13595247
-0.6503621,0.037498835,-0.008722663,-0.16465086,0.41365492,-0.58802193,0.071474105,-0.08250396
-0.47577894,-0.30985484,0.7334534,-0.42866594,-0.8015572,0.25706255,0.30138204,-0.18623655
-0.45341277,-0.27849823,0.45228338,-0.6228122,-0.33144787,0.6932108,0.40596855,0.098395094
-0.51152855,-0.25421715,0.15379143,0.629267,-0.33986896,0.77910477,0.85086495,0.20376667
-0.37380195,-0.36263657,0.49934065,-0.38064086,0.27310863,0.21314828,0.352011,-0.15270373
-0.37917182,-0.25310555,-0.6740233,-0.37994367,-0.31062153,-0.1824193,0.06363241,-0.16056651
-0.25772393,-0.23027602,0.040846825,0.5573009,-0.07508581,0.09145698,0.36028108,0.031394
-0.3474226,-0.18535954,-0.9575031,0.0358392,0.087907836,-0.3246673,0.17953616,-0.1312755
-0.39358756,-0.34541133,-0.3548631,-0.28454155,0.45956033,-0.09910933,0.25096807,-0.0793324
-0.3878714,-0.049319435,0.6118189,-0.0037122965,-0.8080986,0.33737928,0.32328287,-0.16841869
-0.46913362,-0.0771491,0.072363496,0.80843544,-0.33906466,-0.14016688,0.16723028,-0.18600659
-0.0064268727,-0.24781016,0.27666962,0.19908667,0.30970454,-0.07000199,0.31385848,0.7633935
0.046906065,-0.22987339,-0.3177058,-0.9152048,0.11138458,0.34113127,-0.014136739,-0.35199147
-0.57663983,-0.3063612,0.035473228,-0.83504236,0.49693748,0.47144687,0.18506858,-0.08827159
-0.41790956,-0.32336518,-0.8507199,-0.3744098,-0.22281529,-0.41954133,0.03357532,-0.04572436
-0.26975915,-0.20594719,0.260157,0.33576226,-0.75418466,-0.33287165,-0.4784702,0.042981833
-0.5714813,-0.3197625,-0.71632797,-0.28424317,0.17219096,-0.37254903,0.19945922,0.36091414
-0.43739483,-0.1652406,-0.55292743,0.6774727,-0.21443939,-0.5101005,0.08568046,0.18384402
-0.3550176,-0.20484357,-0.26095676,-0.7169298,0.23654413,0.06659238,0.26825613,-0.17495058
-0.31611875,-0.025390942,0.63505566,-0.50525427,0.3451849,0.1990319,0.16283733,-0.13128793
-0.30658084,-0.08172589,-0.6762348,-0.16795778,-0.4439796,-0.09833813,0.38533327,-0.24377166
-0.33444855,0.02635819,-0.17288095,-0.63252354,-0.18316764,0.0216211,0.33289468,-0.113516875
-0.44605705,-0.2996454,-0.31435722,0.85832417,0.13556561,0.07806016,0.14513512,-0.03832074
-0.31875908,-0.12940733,-0.6466081,-0.13153404,-0.12579937,0.14990164,-0.041843757,-0.44658762
-0.19107074,-0.30149174,0.27650833,0.85745645,-0.14492507,-0.36828193,0.1774124,-0.46701384
-0.56919694,0.044534106,-0.27621228,0.56365013,0.39973405,-0.46664318,0.02569427,-0.04520092
-0.3722894,-0.1811028,-0.40531003,-0.6746414,0.0053644395,0.13054028,0.3334734,-0.01017454
-0.5213163,-0.014579634,-0.6023946,0.22655296,-0.29744744,0.8142013,0.5524305,0.097582765
-0.355755,-0.33436278,0.29189527,0.79280674,-0.13946459,-0.3712846,0.24068421,0.10126991
-0.16739555,0.10493576,-0.5620636,0.06947076,0.049139243,0.44776672,0.24912967,-0.18739897
-0.3597813,-0.14997168,0.20148766,0.8881718,0.36166337,0.35214418,0.44409373,-0.25567877
-0.41250253,-0.052054334,-0.3176937,0.616637,0.2154775,0.22109887,0.34360644,-0.32070237
-0.47677618,-0.009503151,0.54986656,0.1452465,-0.07992785,-0.64723533,0.02774229,-0.072005294
-0.5167452,-0.26726815,0.6242217,-0.09773147,0.043915093,0.11317786,0.036180034,-0.20415646
-0.35382476,-0.060266543,-0.39854157,0.80157185,-0.23283899,0.23485024,0.4672234,-0.099580824
-0.44814283,-0.068948485,-0.008434892,-0.931252,-0.38428688,-0.712777,-0.16521446,-0.020216249
-0.45541066,-0.28627032,-0.17710716,-0.9741192,0.28893432,0.17580917,0.37911758,-0.064026535
-0.36727044,-0.41315788,-0.8845994,-0.28455418,0.24573667,0.44793716,0.43158174,-0.30451128
-0.37216082,-0.06748996,0.8052721,-0.13712496,0.48448378,0.13262725,0.45926684,-0.25005502
-0.33162716,-0.08373867,-0.7073418,0.3399335,-0.11559891,0.78558266,0.47664055,-0.17626603
-0.5000529,-0.08306364,-0.013819993,0.5108502,0.1176114,0.20625474,0.09060045,-0.4198992
-0.30531472,-0.1821511,-0.029390454,0.8373337,-0.18820338,-0.16189444,0.28697106,-0.30176386
-0.22059041,-0.26694188,0.5447798,0.24852192,0.17713723,0.20087124,0.21375106,-0.3862418
-0.55956817,-0.3271295,0.42880356,0.6828978,0.3505064,0.013452029,0.23688205,-0.24627148
-0.50682706,-0.058079418,-0.40340197,0.72967243,-0.22690707,0.04017785,0.054239172,0.0016476116
-0.15596938,-0.14490762,0.47224224,-0.15493184,-0.40754122,0.46089852,0.48475215,0.03890381
-0.13389377,-0.31617716,0.12550974,0.49986923,-0.3908806,0.47425264,0.79088026,0.18771963
-0.27809638,-0.22707856,-0.6281805,-0.124304235,-0.3134323,0.058763664,0.2100991,-0.20905803
-0.32061458,0.164829,0.25272167,0.85701215,-0.086644895,0.8343013,0.5602451,0.030640483
-0.58713615,0.10785829,0.20980096,0.7994317,0.39850226,-0.1143849,0.29480773,0.048515845
-0.37121406,-0.28130016,-0.15660542,0.58800995,0.31290558,0.55666023,0.35981643,-0.18945438
-0.35764575,-0.35129815,-0.25036198,-0.69201624,0.23096038,0.18803024,0.4146748,-0.19594415
-0.25386876,0.10727697,-0.8505491,0.2469405,0.33273447,-0.21370648,0.23953785,-0.10898146
-0.3110581,-0.43167028,-0.1217404,0.5947865,-0.0006393064,0.74752176,0.29743052,-0.12644117
-0.3786904,-0.1629278,-0.77746755,-0.23762321,0.250027,0.49771726,0.47167146,-0.10827019
-0.34108993,-0.1537784,-0.21919554,-0.72867095,0.42662343,0.23426084,0.3431671,-0.2481467
-0.47567597,-0.11213005,0.55786955,-0.13274795,0.29588908,0.3676834,0.2022566,-0.22795022
-0.17099153,-0.3295026,-0.96220493,0.06224501,0.32138243,0.39623687,0.4107885,-0.3090655
-0.40257996,-0.06669937,0.1865828,0.58706665,-0.034004625,0.7863712,0.48779574,-0.09505612
-0.25426632,-0.017725345,-0.1846314,0.5261601,0.23624302,-0.38824546,0.26115265,-0.05653775
-0.23085621,-0.2565602,-0.72445196,0.12400019,0.123886496,0.12153089,0.33638528,-0.018780831
-0.37337986,-0.3897713,-0.7157664,-0.07243621,-0.22345965,0.40500203,0.14675795,-0.16464046
-0.3390684,-0.16830781,-0.4022556,-0.680225,0.15158778,0.17067285,0.19551316,-0.08255154
-0.016240435,-0.14583986,-0.18259978,0.88048697,-0.28855497,0.5739838,0.4860933,0.0004547434
-0.3394638,0.04985248,-0.56648946,0.8189273,0.20674646,-0.22702618,0.37873885,0.24467538
-0.42408025,-0.09999054,0.5505327,-0.71706057,0.022721319,-0.7793615,-0.30975443,0.15365385
-0.031411607,-0.24596186,0.47970557,-0.69036627,-0.3915584,0.52929807,0.50055003,-0.021018557
-0.42942065,-0.27039394,0.20358074,-0.5831237,0.43356806,-0.15428337,0.3278575,-0.13907653
-0.34957513,-0.28875545,0.748,-0.37034154,0.19039786,0.16746795,0.24859324,-0.22768487
-0.45941815,-0.19229446,0.19296718,0.48351955,-0.70116955,0.4292278,0.65135586,-0.00577282
-0.38243225,-0.24905592,0.2565503,-0.4618556,0.46571088,-0.3549902,0.28353366,-0.15086222
-0.5732099,-0.19963509,-0.023328662,0.6807451,0.4789761,0.21111742,0.3477671,-0.06982833
-0.4181486,-0.28104624,-0.123315215,0.4650904,0.4171035,-0.34822398,0.24375956,-0.10024254
-0.36918727,-0.21154182,0.86597395,0.052467585,0.14973408,0.100291505,0.119346954,-0.14315964
-0.8120611,-0.17012602,0.35050178,0.15419662,0.5865087,-0.023883058,0.077122875,-0.30153042
-0.09404287,-0.24241826,0.32216275,0.8538861,-0.6075586,-0.25528908,-0.8363063,-0.12684901
-0.28814605,-0.070546314,0.45873642,-0.905592,-0.2783579,0.76204467,0.6758823,0.22013734
-0.3564948,0.024073053,-0.8214314,0.5549307,0.20704482,-0.6391545,-0.2557417,-0.6533999
-0.1571687,-0.084492594,-0.22230065,-0.6257129,0.015057185,-0.19624084,0.26236242,0.22586165
-0.3971702,-0.0057859076,0.22085392,-0.31015366,0.14544685,-0.3847253,0.17223166,-0.093964405
-0.6428203,-0.22003743,0.51612175,0.80212677,0.32419115,0.23890994,0.10913034,-0.2882305
-0.2632752,-0.25612694,-0.7580113,-0.31310582,0.1331837,0.15329522,0.1806833,-0.19290099
-0.053508747,-0.17482235,-0.23063654,-0.034984827,-0.18730845,0.16923657,0.20463431,-0.252909
-0.09530382,-0.28681177,0.23690987,0.7592374,0.11800524,0.448924,0.16289684,-0.11133634
-0.41064095,0.014373635,-0.7544443,-0.41367412,0.42422202,0.23257932,0.41722474,-0.08536928
-0.40817612,-0.27132714,0.57596505,0.22137201,0.24157523,0.22415331,0.36520126,-0.14763209
-0.41059026,-0.21956404,-0.37639177,0.7694278,0.30766875,-0.37231562,0.31843022,-0.12583064
-0.48895425,-0.17390503,0.5251111,-0.49041986,-0.86210865,0.18991062,-0.024142724,0.3481221
-0.530079,-0.17128299,-0.045760155,-0.25372738,0.5685441,-0.20191813,0.29542404,-0.2774934
-0.34641922,-0.36691713,-0.25260305,-0.7169746,0.22251904,0.29214922,0.44623405,-0.18753918
-0.19173749,-0.22738858,0.6755618,-0.3147521,-0.15401909,0.6907657,0.59157395,0.046646126
-0.4625211,-0.15408689,-0.14999723,-0.13120097,0.16076367,0.204249,0.3992867,0.026746195
-0.4507486,0.10750317,0.2987808,0.78266466,-0.20424107,-0.8784561,0.18751371,0.11350495
-0.109878,-0.20986727,0.5758804,-0.0029019713,-0.4011003,0.06634552,0.06604357,-0.23623163
-0.52887774,-0.21420422,-0.46876323,-0.0021597743,-0.4066791,-0.18591206,0.25822267,-0.15057002
-0.36879838,-0.0990899,0.16699481,0.28226447,0.15271401,0.23819622,0.34086332,-0.20403351
-0.5057882,-0.15137778,0.14199293,0.11761749,0.17731473,0.23307517,0.24904545,-0.1755593
-0.39901388,-0.081627294,0.0585773,0.8183383,0.4754584,0.20656818,0.22640719,-0.19918072
-0.4502161,0.054729868,0.46803415,0.7383908,0.42025122,0.1301637,0.25884426,-0.14487185
-0.42296737,0.1319824,-0.8633885,0.34167683,-0.7860984,-0.08852405,0.30509055,-0.069992095
-0.106181696,-0.3496926,-0.7320051,-0.003863275,0.3665252,-0.30861977,-0.37031034,-0.89075
-0.3987584,0.09014154,-0.42898518,0.45955324,-0.17042418,8.095525e-06,0.3309106,-0.072306015
-0.18814053,-0.2205153,-0.6363152,-0.48760772,0.119978555,0.30762395,0.17288744,-0.16972005
-0.43128604,-0.38691953,-0.10843581,0.5626348,0.32789704,-0.0009210178,0.22153994,-0.24957195
-0.19405653,-0.22989495,-0.15906084,0.59783924,0.07872778,0.11520504,0.2572062,-0.019428765
-0.5444819,-0.07112092,-0.94472384,0.14482129,0.27461693,-0.48534623,-0.040773746,-0.42701373
-0.2190998,0.08445176,-0.32538015,0.024484515,0.1004711,-0.25890452,0.3208835,0.23122437
-0.33487025,-0.17137522,-0.3306697,-0.77406013,-0.21359137,0.6392346,0.023769474,-0.00889403
-0.36454558,-0.15547347,-0.09771472,0.7439083,-0.09273368,0.7327316,0.5313888,0.08661465
-0.2747746,-0.38426137,0.5225196,-0.42835522,0.016568087,0.8282994,0.49458355,-0.027378142
-0.37287593,-0.36629006,-0.6440048,-0.43918705,0.20743506,0.24229547,0.32193372,-0.13994637
0.53684044,0.33465543,-0.46920162,-0.72853124,0.7251326,0.3618881,-0.24081017,0.5704153
-0.21270843,0.043387268,-0.12569273,-0.19249701,0.23611152,-0.21782021,0.024316926,0.08380338
-0.28522086,-0.26053628,0.809088,0.28261352,-0.040834054,0.7115398,0.53842103,-0.14813665
-0.023797648,-0.06965926,-0.122021854,-0.5619291,-0.42009416,0.54184175,0.11486964,0.068512276
-0.50387746,-0.16279864,0.36397576,-0.72310734,-0.3906363,0.5316123,0.16329104,0.012710269
-0.33083367,-0.3660464,-0.72583544,-0.11151487,0.35252437,0.68727607,0.4744397,-0.33954924
-0.3422441,-0.0694685,-0.44581902,0.38506758,0.40360934,0.49348813,0.37588546,-0.18906116
-0.49300566,-0.09091246,0.5510795,-0.01734215,-0.10428249,-0.50102705,0.19587372,-0.17454016
-0.0908699,-0.20542283,-0.06950462,0.3782333,-0.4545432,0.014323527,0.14420258,-0.16563234
-0.24876912,0.098015465,0.2844007,0.34009397,-0.57919323,-0.6220694,-0.3299538,0.13139418
-0.3746017,-0.19905134,0.48877084,0.17870331,0.3317446,0.5698877,0.43901384,-0.18011516
-0.554141,-0.099381246,0.42165267,0.7071264,-0.12684707,0.7683142,0.5984632,0.11958315
-0.2828592,-0.18541503,0.17876971,0.8517587,-0.31126344,0.65136033,0.4343598,-0.75036865
-0.666118,-0.087311305,0.33616734,-0.16116947,0.25888455,-0.5072194,0.050462775,-0.039883506
-0.54651475,-0.20326465,0.0020530224,0.67648685,0.09839294,0.22731787,0.34087774,-0.15096597
-0.69592434,-0.24667649,0.4634261,0.6282201,0.45247924,0.21658161,0.299356,-0.079593755
-0.49426928,-0.085358754,-0.6063944,0.50733376,0.31043634,-0.008741066,0.4172297,0.045689955
-0.349775,-0.05518308,0.95252347,0.0760299,-0.51273924,-0.6916073,-0.40592816,-0.044261772
-0.63779914,-0.19454704,0.71828985,0.154158,0.21858825,-0.4207399,-0.22548456,-0.055443298
-0.618848,-0.29074302,-0.4141571,0.0759027,0.13097292,-0.7387497,-0.44397557,0.19191597
-0.2928975,-0.3222499,-0.72880733,0.23116851,-0.44243565,0.4930639,0.168824,-0.017775867
-0.30606598,-0.24723364,-0.16646677,-0.08765203,-0.27984375,0.80375004,0.3545817,-0.076621056
-0.23887345,-0.36679646,0.03420031,-0.5772496,0.0056604673,0.7704757,0.59786046,-0.11174904
-0.46563768,-0.2722071,0.08960295,0.4995221,0.31916857,0.18264364,0.43303868,-0.036165845
-0.4101866,-0.023210283,0.19025004,-0.10868889,0.41508296,-0.40046585,-0.036080644,-0.35787234
-0.37621367,-0.29795024,-0.72901124,-0.32303292,0.342019,0.3415749,0.3003948,-0.18787226
-0.4360617,-0.06982139,0.056141376,0.74005103,0.21561813,0.13693993,0.239873,-0.13390437
-0.3274133,-0.12954532,-0.41012973,0.3567655,0.18305561,0.36356586,0.38070038,-0.14766915
-0.13536191,-0.27370557,-0.09555924,0.35919917,-0.4105905,0.056063443,0.11107068,-0.2025465
-0.3615408,-0.21768408,-0.75768197,-0.2872362,0.4846555,0.56621516,0.5183572,-0.31061804
-0.105106175,0.24401014,-0.24263549,0.52274346,0.0433942,-0.3229983,0.10109615,-0.06724649
-0.32902023,-0.30592698,0.60129356,0.55552506,-0.2868787,-0.37362576,0.14806767,-0.21211605
-0.3224888,-0.14724395,-0.62086034,-0.42475402,0.0010948012,0.029359397,0.25770387,-0.16834559
-0.42306787,-0.07910176,-0.20125335,0.65768147,-0.3865819,-0.25802428,0.45758158,0.55105567
-0.32729542,-0.063176006,-0.39369774,0.7265097,0.43489158,0.21889608,0.2987305,-0.22235692
-0.19602342,-0.23263913,-0.9350556,0.3027171,0.14431211,0.25525805,0.47625247,-0.11275624
-0.38492498,-0.29347175,-0.74567616,-0.29738617,0.2768116,0.036923826,0.29350674,-0.13231437
-0.17189829,-0.35367113,0.26241708,0.5842972,-0.13211124,0.64677405,0.46595293,-0.05415676
-0.53416055,-0.14673561,0.3681053,-0.006404221,0.418804,-0.3157556,0.058609236,-0.09875152
-0.3189189,-0.16347758,0.590117,0.48623407,0.16367692,0.2395149,0.3402002,-0.15249783
-0.32499915,-0.25443998,-0.023300827,0.6943637,-0.50913745,-0.22623523,-0.4991458,-0.20031008
-0.35050395,-0.11305294,0.010041952,-0.26518142,0.24953395,-0.08086082,0.5020802,-0.32678747
-0.19363156,-0.40644747,-0.57569116,0.62648404,-0.21442719,0.67204756,0.46712604,0.08478029
-0.5569768,-0.042726878,-0.058858573,0.35419154,0.34090206,0.24774586,0.4183582,-0.024242563
-0.16362333,0.14614047,-0.27098185,0.41610324,-0.32731834,0.5271883,0.5120586,0.018202445
-0.04792181,-0.2059236,-0.5820183,0.2320844,-0.0983049,0.7768396,0.61507994,0.12929009
-0.30561337,-0.015884098,0.041794777,-0.74901056,0.30846447,0.21886562,0.4358925,-0.039504245
-0.33340824,-0.082428314,-0.2101959,-0.7316038,0.313651,0.18856126,0.3356632,-0.19337687
0.62201786,0.05118658,0.6838144,0.38266647,-0.52613014,0.5671201,-0.11807741,0.09425818
-0.3521079,-0.32140717,0.25776994,0.47369885,-0.30894023,0.60549575,0.5385851,0.14724383
-0.5604305,-0.2652408,0.40556467,0.7703172,0.31212917,0.25608903,0.0071609444,-0.3888399
-0.26853615,-0.37914777,-0.29954833,-0.22414428,-0.037163198,0.7839256,0.45400524,-0.011050543
-0.59671664,-0.08609702,-0.9185604,-0.18741119,0.45639375,0.18371773,0.33897957,-0.11435506
-0.36788797,0.04205336,-0.85670716,0.33323634,0.23560622,-0.4460686,0.3212665,-0.031028984
-0.5034318,-0.13906583,0.7670486,0.09279251,0.001449724,-0.69499034,-0.056300703,-0.11012176
-0.39796987,-0.059480514,-0.19622415,-0.6249356,-0.7806233,-0.08335298,0.16757545,0.33328432
-0.5043418,-0.1565523,-0.13495833,0.6365348,-0.16648039,-0.16076113,0.07757496,-0.10075085
-0.37449744,-0.09732722,-0.18957424,0.6385031,-0.34494147,-0.13505302,0.42382672,0.5652719
-0.4190245,0.004867618,0.35530818,-0.01989168,0.114806935,-0.2884513,-0.024536563,-0.10191303
-0.66951126,0.1314124,-0.47665215,-0.53526896,-0.31264868,0.84057707,0.54095984,0.36837974
-0.52704495,-0.2746991,-0.31266522,-0.8200861,-0.12780012,0.7709457,0.3112928,0.13481188
-0.3800293,-0.21596654,0.5767211,0.02718854,-0.1692986,-0.09043442,0.12919328,-0.14195356
-0.3317558,-0.33044475,0.8012314,-0.286878,-0.07652234,0.78381073,0.6574167,-0.037579224
-0.22755778,-0.17611948,-0.099592924,0.92475283,-0.11721709,0.19717678,-0.057370596,-0.46253908
-0.43033183,-0.2598106,0.2631315,-0.043278456,0.031926326,0.10298782,0.34507513,-0.14752239
-0.5803948,-0.075882286,0.2246424,0.6663563,0.24557875,0.2177905,0.40567553,-0.06915693
-0.44484782,-0.35418674,0.5411893,0.7138785,-0.13611332,0.37320727,0.38207278,-0.25364918
-0.39029208,-0.12653826,-0.3442167,-0.39453363,0.13568006,-0.40100914,0.2899735,-0.01436312
-0.0553415,0.047389213,0.8145548,-0.0792734,-0.33833194,0.65372574,0.5592132,0.24937627
-0.38028666,-0.28731698,0.93460226,-0.0460698,0.4888298,0.54696435,0.3496804,-0.07493937
-0.26659852,-0.1353121,-0.22554696,0.64477813,-0.27525213,0.1332545,0.3230212,0.37829292
-0.3822206,-0.14606346,0.34255064,0.5199442,-0.22997354,0.65665877,0.45596063,0.07515168
-0.47774264,-0.1339539,-0.2240212,-0.880123,0.2419391,0.24928977,0.08615625,-0.3911712
-0.4694998,-0.09994029,0.8111117,0.5566783,0.4785287,0.40206078,0.48426497,-0.07749097
-0.24528511,-0.24636862,-0.55844134,-0.00081795454,-0.22325435,-0.040994525,-0.40739393,0.15922953
-0.14699732,0.05441757,0.84970236,-0.26368386,-0.48685628,-0.3242876,-0.5200633,-0.56230485
-0.2517895,-0.2962648,-0.20328271,-0.65505993,-0.32562867,-0.09265354,0.039624706,-0.16105907
-0.49990395,-0.241837,-0.394823,0.606884,0.48556533,0.10693896,0.14017563,-0.1615381
-0.21854043,-0.16527039,-0.23299909,0.7586075,-0.48450622,0.5967571,0.42178363,0.046111323
-0.60646486,-0.04402672,-0.2814566,0.32478297,0.6552939,0.39220262,0.32654238,0.0077888775
-0.516582,-0.086693205,0.073574066,0.65677536,0.38171944,0.065007836,0.42332256,-0.15289393
-0.5466145,-0.16061436,0.43492103,-0.7893877,0.3015455,-0.12876461,0.3888424,-0.19559903
-0.14705281,-0.22577178,-0.6210148,-0.23142982,-0.101433866,0.5770263,0.083010316,-0.15397331
-0.19712937,-0.36079603,0.11350906,0.4545803,0.24752848,0.5133307,0.5790753,-0.3016586
-0.3436757,-0.13051389,-0.17823827,0.9166118,0.26655322,0.27842268,0.38080713,-0.19225197
-0.3943732,-0.27860123,-0.8862368,-0.36331278,-0.43946797,-0.12832057,0.101714365,-0.25395188
-0.3303325,-0.1759153,0.14847231,-0.8027418,0.25967655,0.05365286,0.16891643,0.10083969
-0.36006817,-0.37466148,-0.83420175,-0.4415781,0.08226008,0.33668727,0.10321996,-0.32380286
-0.46690714,-0.21801087,-0.7193389,0.19445181,0.25403675,0.2198673,0.40418863,-0.06804873
-0.27646223,-0.36673674,-0.8354093,0.4444486,0.12628461,0.32967353,0.40141943,-0.23581359
-0.3713898,-0.119711846,-0.25108993,-0.72166336,0.35569212,0.2645926,0.33619082,-0.17214423
-0.51207024,-0.2771248,0.50763977,0.5822753,0.32107618,0.42408845,0.39007232,-0.115922585
-0.30827996,-0.047046725,-0.84605896,0.32730806,-0.13359562,0.64465445,0.4619118,-0.14662571
-0.3841834,-0.37083077,-0.9857643,-0.016140759,0.15467682,0.24527745,0.18806006,-0.21549603
-0.4688803,-0.0773842,-0.8842242,-0.1154955,-0.57799435,0.43917742,0.4679617,-0.15668836
-0.36721745,-0.085088864,-0.08717203,0.41869044,-0.077062994,0.7844028,0.33992162,-0.05290626
-0.40611574,-0.17398253,-0.90442586,-0.18779892,0.22542122,0.19039504,0.3723245,-0.12955768
-0.3273023,-0.08928389,-0.6051334,-0.48788267,0.22856879,0.08946444,0.34154782,-0.08204626
-0.2721718,0.06864292,0.1987356,0.15629387,0.115093105,0.23251556,0.37635326,-0.23236075
-0.33030966,-0.20474291,-0.22639424,-0.73958564,0.35863078,0.39269832,0.316083,-0.11257039
-0.4625598,-0.15258135,0.48667264,0.5014212,-0.26857334,-0.68751967,-0.084550366,0.06693265
-0.42185137,0.06944489,-0.29956746,0.48062348,0.4875564,0.09677425,0.18185483,-0.2333981
-0.322591,-0.09415949,0.30846095,0.8209642,-0.38254136,-0.77465636,0.2037584,0.0013838899
-0.18864056,-0.33534056,-0.39748114,-0.67842126,0.23098816,0.63530356,0.3947419,-0.15977225
-0.46552306,-0.08424912,-0.69490546,0.2066648,0.35887346,-0.24008805,0.3685506,-0.16784623
-0.39431038,-0.052803885,0.718935,0.32525778,0.31417432,-0.26283917,0.08286541,-0.12152973
-0.46605027,-0.08058647,-0.8903916,0.23617363,-0.09907062,0.844018,0.52937233,0.021320691
-0.27122384,-0.13942088,0.1478324,0.6405915,-0.3243926,0.70769846,0.83560514,0.16142654
-0.41999668,-0.31573093,-0.88337964,-0.31200093,-0.0055783316,0.11958142,0.36845413,-0.09044499
-0.45683202,-0.082749255,-0.813318,0.5245006,0.15863231,-0.7451902,0.37555695,-0.43020386
-0.33916438,0.110830985,-0.8981904,-0.1318317,0.25792387,0.258501,0.25594488,-0.25717428
-0.50557363,-0.24204397,0.83568347,-0.16587526,0.4787906,0.23462051,0.3166038,-0.22925739
-0.4111829,0.26496044,-0.2899441,0.2670877,0.26701966,-0.44021547,-0.11821141,-0.4600649
-0.3838829,-0.14273946,-0.30765897,-0.09092629,-0.095552765,-0.48015752,0.11501767,0.10488127
-0.1806181,-0.13412118,-0.28472245,0.6359174,0.090056784,0.28112304,0.36389202,-0.003403989
-0.45936602,-0.1533735,-0.165685,-0.40524262,0.39749697,-0.33254126,0.06706746,-0.049235303
-0.391903,-0.2751431,-0.04883361,0.040344477,-0.2597045,0.027306512,0.19985978,-0.14018603
-0.29957002,-0.1036206,0.33574617,-0.107427776,-0.30937642,0.740313,0.3845494,-0.06718753
-0.33212566,-0.2428222,-0.119898975,-0.5543918,-0.3670499,-0.7715354,-0.60564625,-0.0061945356
-0.5193745,-0.28102767,-0.8829563,-0.30783337,0.13465382,0.21161224,0.44972774,-0.15382628
-0.2631192,0.03831591,-0.19939703,-0.21768588,0.51699585,0.534531,0.79629457,-0.13657139
-0.26239547,-0.18209149,0.0510509,0.76692677,-0.2882566,-0.19320472,0.116737075,-0.1667653
-0.37781265,-0.16749407,0.071769595,-0.8475534,-0.16277777,0.6710656,0.34329635,-0.06108863
-0.50148827,-0.22397241,0.22311473,-0.7255248,0.24786998,0.016786026,0.29425743,-0.17199157
-0.31629708,-0.16255169,0.16042125,-0.94965726,-0.08603654,0.7206422,0.5274402,0.09046134
-0.4372571,-0.21261442,-0.25783056,0.71475685,0.44271275,0.189574,0.31575373,-0.11920107
-0.27980182,-0.18681155,0.5379033,0.115125775,0.22203593,0.23759809,0.37956426,-0.27295232
-0.25768116,-0.35984373,-0.075130045,0.55681527,0.38308164,0.3565344,0.44174486,-0.04867099
-0.40336177,0.6496219,0.90182185,-0.19686109,-0.7000536,-0.16083686,-0.7718404,-0.41167986
-0.36900067,-0.28803876,-0.5600308,-0.21108395,0.32794213,0.4661047,0.46219316,-0.16614051
-0.36259773,-0.047465254,-0.29210573,0.3685727,-0.52612007,-0.5950853,-0.013218851,0.29010022
-0.18889181,-0.30061993,0.035935044,-0.7590337,0.33411503,0.3815367,0.23943248,-0.34207326
-0.2887312,-0.14826158,0.45075703,-0.8103281,0.39310977,0.32748055,0.482251,-0.36907956
-0.5302392,-0.1847745,0.57900286,0.6372534,-0.05936367,-0.19955505,0.074724704,-0.16669087
-0.18194099,-0.15470453,0.56959295,-0.07783234,0.09300059,0.24184765,0.07915364,-0.17927256
-0.24872887,-0.24202909,-0.7366483,0.124939084,0.1399263,0.15496697,0.3105289,-0.045528773
-0.18737696,0.09569826,0.12088597,0.3962921,0.0726659,0.087029144,0.2364142,0.18644907
-0.26531735,0.04743563,-0.6469471,0.12167847,0.06652814,0.2355672,0.13443099,-0.16688558
-0.5289858,-0.057358462,-0.69472134,-0.27621138,-0.31032458,-0.5977622,0.11613656,-0.015940985
-0.23436044,-0.29433244,-0.83063483,-0.46368766,-0.011972487,0.7025154,0.45001543,-0.081276976
-0.40157533,-0.030972298,-0.03196168,0.6695777,0.29474032,0.23945095,0.41840008,0.020058861
-0.578058,-0.2391378,0.04846704,-0.10316455,0.1847715,-0.47066593,0.10193375,-0.02323968
-0.20371386,-0.12636432,-0.78227115,0.2445898,0.15389116,0.2342196,0.035338234,-0.48005205
-0.45915776,-0.30227965,0.04408872,-0.44123268,0.15591422,-0.48605725,0.13877979,-0.12313165
-0.28832585,-0.40447602,0.50393546,0.68761194,0.013219184,0.75143206,0.4478291,-0.11360002
-0.4977653,-0.19946535,-0.7126515,-0.23672491,0.25352663,0.31632116,0.23323432,-0.34654504
-0.5036062,-0.24906275,0.5492989,0.5137491,-0.12564988,0.20188658,0.39220995,-0.08095853
-0.5160528,-0.2506267,0.21776235,-0.69654405,0.5145363,0.4819965,0.56310505,-0.24799472
-0.3089182,-0.18919349,0.49947226,-0.7708027,-0.54036033,0.6039001,0.5899411,0.24592267
-0.47803134,0.047500078,0.15733004,0.10756993,-0.3413999,-0.21479031,0.12122886,-0.23486066
-0.2056296,-0.35380924,0.62425554,0.118628144,-0.2787087,0.72613764,0.48937652,0.07741754
0.044270527,0.057139564,0.4873309,-0.8741625,-0.3491104,0.6460991,0.64788455,0.28846598
-0.33581632,-0.30813897,0.14990568,-0.12215823,0.101423234,-0.13826172,0.3661874,-0.10176375
-0.45568156,-0.3564617,0.87581646,0.20220757,0.15548173,0.30082005,0.1643342,-0.31222185
-0.41469696,-0.026346553,-0.5774946,-0.04838288,0.34254283,-0.36650503,0.0033363826,-0.114951655
-0.1359906,-0.3735002,0.27033782,0.5187385,0.28497645,0.4262936,0.30940688,-0.22544177
-0.25226387,-0.13341446,-0.10542315,0.31298506,0.14473006,0.14290456,0.19053319,-0.06452983
-0.43693218,-0.10885565,-0.902444,-0.13111681,0.11864208,0.2406487,0.2846554,-0.096657135
-0.062162865,-0.13888964,-0.65006363,-0.4103039,-0.2206495,0.031786133,0.33633474,-0.10576295
-0.33484817,-0.047977623,-0.6715207,0.33565915,0.21067062,0.109622516,0.47085792,-0.03540302
-0.4363034,-0.19465552,0.9370271,0.36089587,0.2609948,-0.13745797,0.1464283,-0.1750276
-0.176609,-0.15381204,-0.6757995,-0.6778501,-0.39498436,-0.13463701,-0.17960444,-0.11900911
-0.6114625,-0.32369626,-0.5197794,0.8011898,0.3353781,-0.3475297,0.09930566,-0.05243127
-0.30858773,-0.28304306,-0.8829317,-0.3590141,-0.23799364,0.69975233,0.3196052,-0.023640495
-0.44052044,-0.15518987,-0.98533434,-0.021534204,0.32036605,0.07258062,0.24846256,-0.16950335
-0.5494237,-0.12095724,-0.32335144,0.5995908,0.12401915,-0.40179887,-0.055253513,-0.014056641
-0.35831326,-0.083015196,-0.17812288,-0.9756364,0.37598392,0.2869851,0.5041733,-0.26235172
-0.29318887,-0.20569426,0.91827345,0.3786868,0.33690882,-0.1461362,0.18598314,-0.17991139
-0.36520246,-0.0054078354,0.6905385,0.14396286,-0.31250986,0.71618795,0.23429981,0.0323972
-0.23786782,-0.013522382,-0.52303505,-0.18776244,-0.0038674201,0.008820166,0.32862297,-0.023703665
-0.26427102,-0.3278457,-0.91213244,-0.12905914,-0.049390487,0.8104603,0.506297,-0.070371024
-0.4378688,-0.19442804,0.19296718,0.48351955,-0.07372639,0.82154393,0.69448346,0.02104851
-0.34747213,-0.15954083,-0.4758581,-0.05324155,-0.3651123,-0.543537,-0.5047693,-0.20328687
-0.4569657,-0.23326209,0.63775766,0.46336842,0.20310399,0.11333312,0.32974234,-0.14517091
-0.44553313,-0.16108611,0.291368,-0.9246619,-0.14372678,0.8763346,0.6040103,0.09965883
-0.49209496,0.10454162,-0.9517827,0.08489239,0.3242355,-0.33510408,0.27302673,-0.045325097
-0.42812726,-0.35467535,0.24513769,0.68901706,0.26112762,0.13268806,0.25183424,-0.62365925
0.050565105,-0.02091543,-0.90775186,0.2826643,-0.6638876,0.34346017,0.30675647,-0.23677363
-0.21482843,-0.36823386,0.1763624,0.14599538,0.1518082,0.38986486,0.3581021,-0.30229476
-0.20147412,-0.3224028,0.5338453,-0.5222277,-0.1523907,0.7206801,0.5759632,0.04406479
-0.08685459,-0.11723277,-0.087311864,-0.7953276,-0.054246742,-0.40238562,0.16827537,0.13113558
-0.38117343,-0.13219725,-0.3408321,0.19308782,0.3704434,0.31567705,0.36900932,-0.33870465
-0.37442902,-0.12662593,0.5921881,-0.49896652,-0.26759538,0.7566804,0.51616585,0.2088181
-0.46528575,-0.100177124,0.14628232,0.9311302,0.48719156,0.056761026,0.3908703,-0.1617114
-0.18645526,-0.278018,0.17054045,0.25303888,-0.1478256,0.7314454,0.63355094,0.038162358
-0.5371854,-0.22612502,0.077789545,-0.7747827,0.14421444,0.16131748,0.25249648,-0.22879022
-0.4116166,-0.025589745,0.6396916,-0.41837817,-0.30304062,-0.587949,-0.138461,-0.105448596
-0.45035625,-0.0008861378,0.14041603,-0.46230042,0.22746126,-0.27613896,0.1008432,-0.1958192
-0.38557953,-0.24076726,0.18735957,-0.72498703,-0.06333316,-0.39440316,0.22618207,-0.09422111
-0.33924115,-0.113422655,0.28713202,0.5264405,-0.1978468,0.6678885,0.32703367,-0.026821548
-0.28486687,-0.14681002,0.19589376,0.6940912,0.1049594,-0.23518647,0.019105852,-0.13579507
-0.27554387,-0.06820302,-0.12111074,0.76407826,0.21884783,-0.1695656,0.0810703,-0.09557003
-0.12780768,-0.24705757,0.25988936,0.26817203,0.322037,-0.008081575,0.3766679,0.72763705
-0.3251412,-0.17537208,-0.08268058,0.015803456,-0.24902791,0.65566283,0.6049794,0.10783116
-0.46522647,-0.18479383,-0.55096906,0.835881,0.3417447,-0.22181274,0.3100775,-0.60799915
-0.39021897,0.20842554,-0.78534055,0.57477486,0.28391662,-0.41981733,0.27895615,0.10419928
-0.112261444,0.0319787,0.50157714,-0.18742853,0.17465153,-0.30761546,0.14045554,0.34250563
-0.27544913,0.045070294,-0.7593341,0.47667956,0.2398995,-0.15256466,0.16277617,-0.19726029
-0.5004521,-0.027361643,0.051369548,0.9410027,0.3477098,-0.32400933,0.30208245,-0.24580413
0.46925473,-0.3721524,-0.39432085,-0.4728827,0.75593084,0.28727004,-0.32954675,0.4306316
-0.6436869,-0.10812031,-0.056839705,0.55527675,0.5762678,-0.061962195,0.3319497,-0.08515281
-0.38257587,-0.34153938,-0.6542248,-0.17631298,0.17044494,0.35358486,0.2916829,-0.35563952
-0.39875895,-0.31141558,-0.20194131,0.6569778,-0.06971201,-0.21926844,-0.051663257,-0.22041862
-0.39212278,-0.19824135,-0.57901764,-0.26109552,-0.07727758,0.77703583,0.50780034,-0.0510602
-0.098686025,-0.077227555,-0.19359809,0.32455802,0.4425686,0.37260532,0.35472322,-0.269402
-0.37821308,-0.24748059,0.3235538,-0.5678531,0.06802726,0.7262427,0.51422447,-0.10353437
-0.34178674,-0.25802612,-0.874939,-0.28893733,0.26195294,0.29655418,0.36658573,-0.10311655
-0.21291691,0.094108574,0.55951,0.5919496,0.3261026,0.30582437,0.36264724,-0.27218348
-0.3762804,-0.15832509,-0.2059452,0.60848284,-0.84348816,-0.66951203,0.33772475,0.38973197
-0.3246468,-0.14883707,-0.12057227,-0.5648865,-0.30938068,-0.22209445,0.33506718,-0.24730779
-0.18563631,-0.22625682,-0.4398718,-0.043886602,-0.4863839,-0.2179778,-0.47762316,-0.34656093
-0.41059977,-0.30914763,0.2204516,-0.21985096,-0.34902212,0.7026254,0.3732331,-0.0044627995
-0.33105472,-0.25999647,-0.87946093,0.2962401,0.2996204,0.6179098,0.4505854,-0.2512795
-0.39054814,-0.37531787,-0.38946557,-0.10267365,-0.7424951,0.345695,0.4813889,-0.079867005
-0.3459578,-0.2618129,-0.6799778,-0.5094131,0.3547635,0.59596986,0.46938828,-0.25421298
-0.2582619,-0.2676909,0.29295003,0.47696662,-0.16200307,0.735364,0.59475446,0.05665116
-0.51268494,-0.078015216,-0.9022892,0.39301574,-0.45177615,0.09766267,0.29041168,-0.20183145
-0.26161078,-0.18335828,0.4923911,-0.7330511,-0.35251233,0.05429846,0.2898016,-0.041121867
-0.62972033,-0.19173075,-0.48371613,0.8081285,0.27532694,-0.49569392,0.15267761,-0.120841525
-0.5587665,-0.128692,0.31419182,0.7936412,0.33261365,-0.1959227,0.234941,-0.13364089
-0.08357923,-0.04419833,0.48909807,-0.85337627,-0.26904982,0.68114996,0.61675364,0.27147678
-0.07918273,-0.19849792,0.3915707,0.55063534,0.48957312,0.25139296,0.29230246,-0.025475016
-0.21891214,-0.29797533,0.26729238,-0.9419206,-0.27073422,0.72523916,0.4627441,0.1166021
-0.29630008,-0.10754314,-0.1323328,0.7116225,0.49786586,0.27713767,0.5490378,-0.103836246
-0.29152054,-0.42908818,-0.56424505,0.3463843,0.417927,0.6793113,0.46334895,-0.21686183
-0.5352636,-0.2067887,-0.8861624,0.2628821,0.36082605,0.3314561,0.4568608,-0.121473394
-0.47926128,-0.09891315,0.25898373,0.27887464,0.050781734,-0.40904546,0.15128605,-0.056541327
-0.17223014,-0.19433017,-0.10158229,0.6821369,-0.5297293,-0.44090185,-0.4390183,-0.08753733
-0.3462307,-0.2598589,0.20175064,0.49323344,0.26936522,0.7082872,0.5198031,-0.11543261
-0.2559938,-0.08015454,-0.20279557,0.61748326,-0.720713,-0.71336913,0.24197936,0.38043383
-0.25612915,0.12565099,-0.54768604,-0.7904613,-0.30320737,-0.7888259,0.008692557,0.26389408
-0.6464745,0.13739939,-0.649625,-0.5935557,0.38474134,-0.5075292,0.13614969,0.041248515
-0.43370825,-0.25423983,-0.4977631,0.7163793,0.47396293,0.4007673,0.39427352,-0.17925021
-0.24858636,-0.1455326,-0.028203428,-0.33570325,-0.068353966,0.024535706,0.0013662205,-0.16867167
-0.4272797,-0.062250298,-0.31040478,-0.7312094,0.29932034,0.25849333,0.3794454,-0.0783084
0.06873037,-0.3256472,0.6888703,-0.31210488,-0.075311914,0.28571612,0.042620145,-0.330511
-0.3179008,-0.36716908,0.5269158,-0.30879998,-0.26684356,-0.019780207,0.29894245,-0.16251592
-0.5022991,-0.13435051,0.30164123,0.58982825,0.37035987,0.2989702,0.12354071,-0.19183145
-0.41825384,-0.24876995,0.076402426,-0.7384889,0.46333826,-0.16076493,0.3434472,-0.1537219
-0.24594775,-0.14247188,0.39953792,0.71559715,-0.0051491247,0.16456766,-0.07048419,-0.5093017
-0.37095022,-0.09670953,0.9334465,-0.0562824,0.2967765,0.21230185,0.3128103,-0.09799486
-0.16158393,-0.3414422,0.3186946,0.49935508,-0.11181391,0.66663146,0.7179543,0.08777045
-0.6406209,-0.1383012,-0.69294274,0.5481403,0.04868984,-0.7022079,0.22974014,-0.053174753
-0.4845927,0.073117964,-0.14159542,0.65720856,-0.52699405,-0.5685345,-0.46665874,-0.113863215
0.32285482,-0.20168306,0.27628672,0.22120714,0.119294554,-0.09045029,0.21333833,0.6288373
-0.3362979,-0.29210585,-0.05550903,0.6939306,0.14294529,0.2821718,0.18332551,-0.29804283
-0.32445446,-0.13295029,-0.72445196,0.12400019,0.028266327,0.13378723,0.31987488,-0.07934954
-0.3230095,-0.09663403,0.897074,-0.4183206,-0.46275413,-0.24713208,-0.46132788,-0.56271625
-0.21322067,-0.089373976,0.43455398,-0.850404,-0.1713291,0.6763464,0.70941484,0.24532144
-0.37648523,-0.33235416,-0.78080386,0.22732496,0.2877447,0.5667619,0.40652072,-0.2138284
-0.46665227,0.06182215,0.02492237,-0.5948913,0.33474284,-0.33145592,0.36143443,0.09976684
-0.40611166,-0.07528074,-0.3597992,0.13890135,-0.13734132,0.83783776,0.6481916,-0.03466388
-0.46182925,-0.11716235,-0.63568234,-0.4702971,0.2815785,0.019119332,0.021398066,-0.057099897
-0.2657434,-0.2102944,0.013086677,0.8111278,0.29202768,0.32684457,0.37312028,-0.12016902
-0.4328603,-0.2846081,0.75110006,-0.08838326,0.21580863,0.26227233,0.20517619,-0.21684174
-0.42815742,-0.056876313,-0.5926833,0.16766405,-0.12612483,0.8288944,0.6561539,0.0057022315
-0.14613283,-0.30671242,0.20325613,0.45404828,-0.38896793,0.4341665,0.6361833,0.090671815
-0.25831518,-0.115065545,-0.78895646,0.041032434,0.48935705,-0.22199377,0.23872687,-0.1080491
-0.44091493,-0.33888042,0.75169444,-0.356252,0.27722472,0.18926418,0.3234252,-0.3180794
-0.2645004,0.18845786,-0.49229604,-0.49987572,-0.46479136,-0.609399,-0.13059986,-0.14112891
-0.3400144,-0.065658905,0.5757135,0.6270963,0.31016144,0.21848366,0.30493632,-0.12867415
-0.41458306,-0.31619313,0.2683133,0.5864612,-0.08821941,0.7485515,0.6052848,0.13271831
-0.15725774,0.00041600023,0.05546558,0.03399968,-0.5415237,0.60655886,0.1600216,0.112923555
-0.3564809,-0.026750613,0.7227601,-0.37661982,0.21378364,0.050235774,0.22266725,-0.2854229
-0.5516593,-0.21640186,0.2309357,-0.6960429,0.6417198,0.43436718,0.5210116,-0.36583
-0.37817502,-0.26656482,0.35739517,0.7463738,0.23360886,0.23025976,0.36217225,-0.06515676
-0.47360104,-0.15569024,0.56856465,0.16540635,0.058073986,-0.3628127,-0.081267215,-0.20124677
-0.5463447,-0.11353712,-0.04155761,-0.26615793,-0.07373404,-0.09386291,0.23768029,-0.1484406
-0.24099788,-0.36451572,-0.23624426,-0.23986566,0.24440108,0.27580318,0.18897031,-0.17282672
-0.1570402,-0.0762155,0.28689742,0.8631276,-0.69762707,-0.54789346,-0.68213195,-0.06839306
-0.4191764,-0.010394673,0.0726949,-0.84901166,-0.23061459,0.6892698,0.3152059,-0.09721961
-0.47544685,-0.09567794,-0.28796893,-0.83722305,-0.7316703,0.14552249,0.26784515,-0.09429306
-0.4445285,0.07232479,-0.8757983,0.062965274,0.16784668,0.11990986,0.32300955,-0.25637606
-0.425739,-0.22637473,0.28451622,0.1286335,0.3887695,0.26988822,0.4280929,-0.15848751
-0.38602695,-0.273842,0.13966978,0.5011735,-0.05071507,0.76012045,0.64402103,0.14202341
-0.530633,-0.293966,0.09884691,0.49884856,0.31797296,0.21708637,0.37444544,-0.059272114
-0.36851043,-0.09271535,-0.46467614,0.08014476,0.48639798,-0.41229463,0.1072253,-0.023021806
-0.22070877,0.013915737,0.779047,-0.38217688,0.48410466,0.13211863,0.22059874,-0.037425846
-0.4336299,-0.06309547,0.21587026,-0.70301366,0.47638425,0.41509834,0.7086636,-0.22753093
-0.56771904,-0.22950557,0.2587111,0.48882103,-0.11925046,0.8297416,0.46022543,-0.017031625
-0.20240869,-0.036522407,0.15687513,0.77175605,-0.3654064,-0.63570166,0.089485206,0.025505025
-0.1048654,0.024450246,0.45818198,0.4827205,0.32764938,0.058726892,0.29967803,-0.27465758
-0.38598037,-0.19418524,-0.35807616,-0.7485948,0.33264703,0.44424358,0.34952047,-0.09257221
-0.18281661,-0.09779222,-0.94286054,0.12917054,0.13746348,-0.015176287,0.09665985,-0.20848554
-0.5963903,-0.12379922,0.2136085,-0.3823151,0.0021361406,-0.74548864,-0.39270324,0.14500374
0.10659249,-0.20748103,-0.7732959,0.008085489,-0.812811,0.19974816,0.1350861,-0.47442937
-0.26270992,-0.1533019,-0.32193965,-0.93066216,-0.40723556,0.45376462,0.02246757,-0.31947768
-0.57832867,-0.019894045,0.15029526,0.8189968,0.46817294,-0.16817458,0.12079312,-0.029418753
-0.37516785,-0.075813234,0.5231118,0.6429701,-0.10137027,0.7693102,0.33410153,-0.17733957
-0.3073569,-0.14477597,-0.61683345,-0.6183594,0.19383727,0.24948616,0.39212787,-0.2771408
-0.24787799,-0.1922172,0.28155184,0.49097955,-0.16582839,0.7307845,0.6992623,0.09232356
-0.49695864,-0.17442782,0.76862574,0.10745895,0.31291246,-0.47002688,0.0664194,-0.057377808
-0.46107286,-0.14481102,0.18986094,-0.29717177,-0.26644865,-0.5799133,0.27438822,0.21525559
-0.48419398,-0.3358347,0.39195144,0.28859246,0.3969527,-0.35156882,0.19105273,-0.09433941
-0.11471577,-0.25702226,-0.64002806,-0.4944768,0.06970757,0.2405086,0.17787865,-0.14199151
-0.3235425,0.18861578,-0.4534284,-0.32620144,0.2989568,0.5022118,-0.038808696,-0.40009275
-0.7202139,-0.02386434,-0.010831237,-0.7691694,0.21774559,-0.4474966,0.047202125,0.026109416
-0.44148102,-0.27565584,-0.8003205,-0.23829079,-0.3852194,-0.086844265,0.13698159,-0.32708898
-0.28643012,-0.1520128,-0.14012766,0.5918919,-0.3151571,0.56759435,0.35199732,-0.054738905
-0.51853806,-0.18918906,0.3473717,-0.9311751,-0.520299,0.58258545,0.76101404,0.35578218
-0.5011029,-0.33586347,-0.46791548,-0.088623464,-0.080020726,0.14214839,0.21036828,-0.0010300658
-0.004422622,-0.24788372,-0.078187704,0.5864053,-0.1711062,0.69789356,0.7308406,0.09653723
-0.31543422,-0.25859055,0.106482625,0.9001583,0.25895894,0.2857072,0.42064,-0.035043523
-0.47092515,-0.090280615,0.45657074,-0.26392263,0.28654295,-0.44768748,-0.05549246,0.4629181
-0.27431858,-0.06441778,-0.23638546,0.5452057,0.052941736,0.29327166,0.2853588,-0.10995637
-0.34123448,-0.37957644,-0.58204985,-0.27943838,-0.09206167,0.754224,0.545296,0.08600065
-0.06434128,-0.07128667,-0.45873857,-0.07387853,-0.53424525,-0.5062585,-0.67394274,-0.11166412
0.1017084,-0.304992,0.22924411,0.52832043,-0.07432561,0.69595647,0.70796424,0.009854444
-0.37256944,-0.27032343,0.29097128,-0.4614988,-0.11052926,0.4763342,0.43927276,-0.26842237
-0.43795097,-0.037229802,-0.14065176,0.91315234,0.25287187,0.2874205,0.32425275,-0.11189472
0.081016794,-0.24337782,0.34972703,-0.7362623,-0.17587915,0.6526966,0.47985756,0.110333
-0.20911922,-0.033906255,-0.8996957,0.24898505,-0.21705097,0.70042735,0.3161639,0.012263428
-0.5224817,-0.13560538,0.09738159,0.7767073,-0.14826344,-0.64509404,-0.31121898,-0.036351882
-0.023517506,-0.3327054,-0.27096295,0.6136627,-0.1556683,0.5706771,0.30480412,-0.069805756
-0.27569905,-0.2532986,0.023899794,0.7624593,0.10437238,0.25950822,0.2592239,-0.23146412
-0.24629085,-0.038263727,0.30686176,0.84551847,-0.36306342,-0.29861772,-0.591278,-0.004129364
-0.4342353,-0.1895229,0.6004312,0.29699934,0.24520522,0.13144071,0.35197824,-0.10959257
-0.4384336,-0.15328181,0.5405327,0.2457434,0.27149314,0.39904156,0.18368627,-0.35533893
-0.47926036,-0.041995842,-0.27572823,0.8702388,-0.19373329,-0.7203777,0.01744914,-0.00784962
-0.26133376,-0.039675284,-0.20852923,0.58454764,0.3060954,0.3212081,0.3199981,-0.09781948
-0.356585,0.013975565,0.00069749355,-0.77256876,-0.45657706,-0.6343598,-0.060147274,-0.07650366
-0.42309204,-0.06881588,-0.25836247,0.69989765,0.53565335,-0.3699786,0.10712654,-0.05076653
-0.05453517,-0.074849315,-0.7078874,0.3252865,0.15530439,0.13197264,0.3635844,-0.3244156
-0.41692552,-0.15300709,0.7362343,-0.20051104,-0.32498732,0.081116706,0.41475302,0.28441197
-0.09220721,-0.36839154,0.4338746,-0.64310503,-0.54552984,-0.19053984,-0.41419354,-0.2587297
-0.3961916,-0.2067166,-0.8767808,-0.31261402,0.19378167,0.19739527,0.37752175,-0.15183817
-0.41415343,-0.30550432,0.08775079,0.505986,0.321502,0.21734673,0.39380273,-0.014368185
-0.37545246,-0.24453333,0.44217157,-0.8772495,-0.20437494,0.7296442,0.6802928,0.27727148
-0.447453,-0.22419585,-0.46931154,0.5885036,0.50428754,-0.29293332,0.331129,-0.26867124
-0.41019976,-0.19308424,0.57228684,0.46376967,0.30496532,0.30631265,0.16208836,-0.36455673
-0.6102531,-0.1501306,0.48457956,0.70626557,-0.8158438,0.23691136,0.14521499,-0.16361524
-0.29158187,-0.1447919,-0.12730521,-0.95666313,0.40970695,0.32041723,0.46238384,-0.34459645
-0.45291662,-0.16514704,0.2855643,-0.8534416,-0.21346104,-0.23040226,0.122515835,-0.09839996
-0.45926893,-0.20767416,-0.6562294,-0.4034139,-0.9475404,0.39458045,0.5261835,-0.24565445
-0.5068102,-0.023317378,0.5626199,-0.53703517,0.33171734,-0.16516489,0.19388567,-0.13516524
-0.32798627,-0.11602111,0.2831142,0.8654413,0.06073786,-0.51980406,0.092295155,0.03374314
-0.12528422,-0.31101254,0.31500256,0.6562748,-0.16604118,0.6214882,0.49499884,0.10323122
-0.24147823,-0.23868172,0.26385522,0.64563084,-0.18169172,0.67792886,0.73617816,0.07294785
-0.28764513,-0.15210056,-0.28966314,0.54423,-0.4691902,-0.18121313,-0.0653146,-0.31654808
-0.345935,-0.25865942,-0.7813375,-0.21123362,0.23178795,0.3230437,0.39243755,-0.25651717
-0.3430934,-0.13154802,0.30167568,-0.0513736,-0.1976234,0.05608779,0.14086606,-0.2207957
-0.2786083,-0.12380618,0.88712096,0.20880651,0.16007346,-0.22529605,0.0018037655,-0.14153571
-0.5357896,-0.32385314,0.80180895,-0.27613574,0.5625272,0.48571873,0.36649248,-0.053898286
-0.28214192,-0.026984874,0.005398512,-0.45530754,0.08026839,-0.3038362,0.08093967,-0.040323213
-0.06953211,0.3640971,-0.3739609,0.1373527,0.38009736,0.005219211,-0.49068913,0.3301157
-0.5118356,-0.20612538,-0.77390504,0.22379935,0.32534215,0.34192368,0.5271124,-0.12196538
-0.39631975,-0.32780886,0.59012854,-0.44881815,0.3948253,0.24760899,0.34922263,-0.20134796
-0.49056134,-0.12693843,-0.30599892,-0.2600475,0.31255487,-0.25776976,-0.15867151,0.058871783
-0.13301948,-0.33492807,0.057786345,-0.7839159,-0.07240189,0.83504444,0.43720666,-0.10960903
-0.53409255,-0.15815875,-0.6447269,-0.3746035,-0.9456043,0.22439913,0.22942775,-0.054699235
-0.44329908,0.082522474,-0.82703996,0.24209535,0.3257347,0.2506417,0.34739453,-0.09605129
-0.2491456,-0.38165325,0.62281775,-0.15570903,0.09922147,0.2634923,0.20295446,-0.438505
-0.39997372,0.04148935,-0.37186283,0.06902373,0.060639646,-0.7905496,-0.3481903,0.2188968
-0.09932472,-0.38820428,0.20733869,0.55888605,0.22529654,0.5852502,0.23293522,-0.06058372
-0.26054892,-0.19305088,0.23863006,0.60061836,0.45157355,0.49366787,0.4003062,-0.21980447
-0.35056236,-0.20043416,-0.6592288,-0.23705351,0.059717543,0.80455315,0.5051915,-0.0943928
-0.36213958,0.056962166,-0.1465677,0.56699824,0.11605918,0.071845904,-0.017334802,-0.2022021
-0.13594818,0.23000003,0.15927076,-0.091547966,0.05707808,-0.314781,-0.16746034,-0.4941149
-0.15463048,0.014680316,-0.19678319,0.36601627,0.12531585,-0.35245627,0.08076477,-0.11521185
-0.61166596,0.17984258,0.41763604,-0.34774607,0.18184645,-0.4270853,0.0014183435,0.039591532
-0.2655822,-0.09150174,0.5211494,0.6226411,-0.079415336,0.7964561,0.3019631,-0.00045687152
-0.5682049,-0.12811059,-0.026964545,0.30781412,0.43696818,-0.44675106,0.10792224,-0.05496025
0.08219834,-0.3929088,0.36620998,-0.7040664,-0.36754894,0.41814893,0.70695305,0.07978716
-0.6307513,-0.13859016,0.27967954,0.60227466,-0.10434465,0.8735175,0.38232744,0.091823
-0.6882387,-0.35584268,-0.8270917,-0.2555176,0.41674456,0.2043639,0.36552027,-0.12532158
-0.29127437,-0.09099931,-0.8408433,0.39996254,-0.22898561,-0.07830194,0.27531224,-0.19137569
-0.5755178,-0.13484965,0.49360025,-0.5529791,-0.30762443,0.7709617,0.62806314,0.22318149
-0.3710247,-0.26792896,0.0020530224,0.67648685,0.04284466,0.29133084,0.36692184,-0.108669005
-0.37654462,-0.09659106,0.6861687,-0.31299615,0.10735169,0.21510601,0.04476584,-0.37249964
-0.34892148,-0.14014953,0.503165,-0.382555,-0.12972693,0.09376188,0.26165196,-0.045320664
-0.18956038,-0.18546239,0.26791883,0.22777247,0.7172171,0.11227845,0.29425493,0.5630191
-0.47916082,-0.31871969,-0.0010617375,0.6085634,-0.09161181,0.8254794,0.5060856,-0.08269349
-0.31945497,-0.17707017,0.012105584,-0.1804874,-0.30994517,-0.6049114,-0.44199905,-0.23663348
-0.25034368,-0.2157994,-0.8364226,0.2846135,0.3750243,0.1061155,0.30094597,-0.22742094
-0.3083302,-0.11022827,-0.27675283,0.56552494,0.2708435,-0.036370747,0.37518948,0.05318887
-0.36101636,-0.023574453,-0.8913814,-0.2853766,0.1967371,0.4189848,0.37255773,-0.21189119
-0.34510994,-0.26531613,0.21996689,0.07338202,0.09460437,0.25390828,0.3480026,-0.27613392
-0.28685057,-0.191414,-0.7783239,0.16077375,-0.21253474,0.672344,0.2938654,0.04685942
-0.4964316,-0.116430685,0.8771056,-0.044552207,0.1971567,-0.45329368,-0.29521707,-0.027408699
-0.24013187,-0.053566117,-0.727146,0.45315897,0.17219448,0.2539786,0.3977548,-0.116146274
-0.38071182,-0.22221403,0.20569217,-0.5881573,0.26939496,-0.2134873,0.17029798,-0.15042177
-0.34831828,-0.14671656,0.31884646,0.50264,-0.19215922,0.76359653,0.41159192,0.07006285
-0.64123213,-0.20690972,-0.34618455,0.49820256,0.22145626,-0.49967903,0.1370644,0.009246931
-0.3822647,-0.25545764,-0.7549106,-0.45823795,-0.54192615,0.050033487,0.25285867,-0.25071767
-0.24102896,-0.105663575,0.19732869,0.8463613,-0.5065369,-0.54016036,-0.74988794,-0.13493268
-0.52109563,-0.3321016,-0.21784979,-0.24419844,-0.059765864,-0.40811238,0.12232524,-0.11374279
-0.4193104,-0.29697308,-0.6674012,-0.6776732,0.27336663,0.08151377,0.012217808,-0.46859574
-0.5340099,-0.16101304,-0.71058285,-0.60792637,-0.1515462,-0.22301796,0.06795934,-0.19737743
-0.43758604,-0.2852482,-0.0092045665,0.73949015,0.30781192,0.38418156,0.44774243,-0.18245882
-0.37265372,-0.23477073,-0.77374655,0.45629096,0.23627356,0.2527213,0.3577299,-0.26923868
-0.5041693,-0.030261103,-0.76241213,0.46739912,0.6065442,-0.14933375,0.04553359,-0.20056286
-0.45158774,-0.23304,-0.27238172,-0.4614578,0.28865895,0.31331667,0.42668495,-0.16993484
-0.5734723,-0.21176635,0.44267714,0.60551596,0.54626495,0.16571067,0.31368777,-0.26353112
-0.21003383,-0.0351942,0.025164366,-0.30916452,0.23022367,-0.050845765,0.24297664,-0.03843095
-0.36234978,-0.21074632,-0.63757384,-0.46489286,0.21124937,0.24642888,0.35817885,-0.2665168
-0.47038206,-0.11157138,0.39288855,-0.4515016,0.553367,-0.2650872,0.33129394,-0.13246801
-0.2266107,-0.3780978,0.7069421,-0.6450311,-0.47599417,-0.045304257,0.10889683,-0.1711757
-0.15817979,-0.19017528,-0.8640041,0.30964923,-0.7646997,0.31439018,0.38367623,-0.18880877
-0.466574,-0.18418382,-0.043265402,0.7167423,0.09023862,0.04012797,0.29898977,-0.07358354
-0.38994458,0.096296616,0.9523388,0.26408994,-0.3030742,-0.33802152,0.14617206,-0.055903524
-0.31867456,-0.28112915,0.71151495,0.69296193,-0.83532435,0.20297343,-0.511182,0.29941726
-0.11203526,-0.04019237,0.14931083,-0.95968896,-0.22995472,0.6689889,0.070800796,0.17743756
-0.5674631,-0.10443178,0.1683991,-0.92686963,-0.2766977,-0.711401,-0.21807557,-0.30392015
-0.19901957,-0.28935686,-0.022689044,0.9805187,-0.45250988,-0.60716635,-0.049859937,0.07062222
-0.54002845,-0.048723783,0.08694875,0.5365808,0.39517006,0.2643073,0.378296,-0.14030796
-0.5409757,-0.14276959,-0.6856561,-0.3667273,-0.25411344,0.45190394,-0.026728606,-0.4349995
-0.4700301,-0.20784838,0.75702524,-0.2345429,0.2712577,0.3222666,0.5443417,-0.22679204
-0.42913747,-0.26258382,-0.15960264,0.22497344,-0.29339314,0.7066363,0.1351518,0.047715947
-0.46418193,-0.29228535,0.45312643,-0.60065395,0.22627123,-0.25522038,-0.03952919,-0.16957314
-0.3485782,0.004531716,-0.51161814,0.49795806,0.29244605,0.3798999,0.3285598,-0.20475605
-0.0684033,-0.10882265,-0.0741086,0.53974867,0.22735739,0.43943188,0.36309838,-0.19543178
-0.41196367,-0.21145645,0.86453164,0.46400976,-0.06297404,0.8189587,0.5176198,-0.071763076
-0.12824681,-0.009445186,0.3009839,-0.94772553,-0.19580337,0.78252697,0.56578463,0.2291735
-0.17476632,-0.21450183,0.20053661,0.44591236,0.067518525,0.057725795,-0.07440072,-0.19719417
-0.52255744,-0.016728085,0.5900252,0.5015484,0.3256544,-0.083040796,0.17077596,-0.055647176
-0.30789146,-0.1465705,0.034476876,0.40736055,-0.5373739,0.5558681,-0.14422283,-0.08278383
-0.4787294,-0.1376666,0.7626641,-0.063798726,-0.11925207,-0.4392173,-0.017679607,-0.1746688
-0.44815466,0.049551595,0.39315116,0.4782616,0.0771168,-0.38983285,0.14385004,-0.10252679
-0.4759817,-0.13526097,0.34110928,-0.74823725,0.45003054,-0.002003584,0.42441398,-0.3232739
-0.5246359,-0.15628894,0.46162093,0.599851,0.41561586,0.41417804,0.44030923,-0.2517485
-0.05217642,-0.43545058,0.31720853,0.49768054,-0.12230481,0.6584468,0.5849685,0.07687821
-0.3715678,0.09645169,-0.4103914,0.6059536,0.477271,0.00071019557,0.052101232,-0.05253811
-0.42718977,-0.0429771,0.0045809746,0.53643155,0.41192672,0.22610767,0.22679819,-0.1264382
-0.39457616,-0.21755342,-0.9228556,0.39026117,0.13264252,0.15084367,0.43824935,-0.26167172
-0.39948806,-0.13282388,-0.91213244,-0.12905914,-0.039686725,0.78214586,0.46500805,0.01053305
-0.4480463,-0.16142473,0.6011156,0.05469024,-0.18561861,-0.55571663,0.09663065,-0.13294996
-0.3005396,-0.13078195,0.31725967,0.8109778,0.04361079,-0.3433991,0.28903732,0.12650385
-0.49957642,-0.14288077,0.3498739,0.7249886,0.46139148,0.504209,0.37635753,-0.01546571
-0.33063996,-0.13157581,-0.2175765,0.5729455,-0.02033568,0.81011343,0.6120388,-0.0004537827
-0.2981892,-0.033339392,-0.28326118,-0.6326964,0.15748295,-0.27756163,0.09164903,0.09874175
-0.6207802,0.16632845,0.3650378,-0.44142628,-0.20553276,-0.5876633,0.094475694,-0.119668856
-0.45879754,-0.04423937,0.7495688,0.10241306,-0.10267563,-0.71864295,-0.032994576,-0.12286716
-0.34985605,-0.32087,-0.34333664,-0.30340666,-0.0054517128,0.75450635,0.5053916,-0.07787317
-0.45851165,-0.10958413,0.17176461,-0.7988435,0.17234614,-0.47200987,0.19550854,0.03969316
-0.42219073,-0.011371802,-0.004237354,0.15926039,0.3502298,-0.32026994,0.22570509,0.52429223
-0.046681155,-0.42071772,0.3291614,0.57851005,-0.092864834,0.63457453,0.6208078,-0.027998464
-0.29971188,-0.20045166,0.7231891,0.1800667,-0.8940788,-0.07072867,-0.17129377,-0.0009630158
-0.59156954,-0.15283962,-0.18176365,0.7291187,0.26100636,-0.43925548,0.24090606,-0.04146108
-0.1887491,-0.28792384,-0.14652216,-0.8853683,-0.6072338,-0.83817536,0.14954971,0.4062095
-0.2257162,0.32438132,0.25748348,-0.5085512,0.06645876,-0.57447374,-0.15051232,0.08268176
-0.3587269,-0.1470282,0.30584288,0.3791598,-0.68367475,-0.682436,-0.34791493,-0.04385118
-0.5433766,-0.19833699,-0.5576235,0.3007208,0.37708926,0.2875213,0.45353535,-0.28397256
-0.3948707,-0.11189655,0.90554035,0.13106036,0.34248573,0.20921648,0.4413843,-0.015789185
-0.27359504,-0.100054935,-0.798873,-0.032396853,-0.21332902,-0.69869214,0.121881455,0.03532309
-0.021428721,-0.3101283,0.0402503,-0.13101935,-0.80624914,0.26608473,0.15377277,-0.35824308
-0.5142895,-0.316787,0.6924803,-0.65365446,-0.28890258,-0.74687266,0.050943907,-0.04282801
-0.5375261,-0.2535161,0.7337117,-0.4207633,0.39931327,0.28900477,0.43841687,-0.068154134
-0.46065632,-0.10426457,0.022766232,0.67942595,0.013347578,0.13281049,0.27891293,-0.094758265
-0.52969456,-0.3534302,0.3249724,0.6952115,-0.3581881,-0.13049753,0.17589568,-0.24566185
-0.2851374,-0.074405365,-0.52409554,-0.10662609,-0.066782005,0.65390295,0.30939752,-0.18467198
-0.4638405,-0.32153586,-0.8829563,-0.30783337,0.063824214,0.17231068,0.43896392,-0.16386339
-0.55255646,-0.10737698,-0.04341054,-0.854301,0.34843564,-0.39542872,0.021827811,-0.0718999
-0.36661074,-0.2091765,-0.17845732,0.88393664,-0.26578492,0.6719156,0.023286827,-0.09748775
-0.31401572,-0.10889246,-0.65645576,-0.41834933,0.28445348,0.3415949,0.371777,-0.11995202
-0.28150442,-0.22388789,0.92388725,-0.085179925,-0.2692725,0.6406851,-0.0068987184,0.022216571
-0.3230805,-0.21102946,-0.4609509,0.45310926,0.10719204,0.072649255,0.18760003,-0.2595382
-0.3134871,-0.20943247,0.090808034,0.7002475,0.21973565,-0.069023654,0.164822,-0.2049476
-0.47015038,-0.09584527,-0.45770466,0.2539333,-0.017104981,-0.40274528,-0.11483897,-0.30030754
-0.3515133,-0.35717383,-0.8392728,-0.25554556,0.18972802,0.2594994,0.3760102,-0.13618976
-0.19265498,-0.042197805,0.15485501,0.12075055,0.0086513525,0.072591804,0.38089564,-0.14389981
-0.45636284,-0.15870982,0.5306159,-0.09532207,0.46150684,0.18259156,0.43064305,-0.22230294
-0.74274945,0.05472869,0.0072699785,-0.42264146,0.41298896,-0.15981661,0.31526753,-0.3211673
-0.472422,-0.28873813,0.4223287,-0.006659627,0.14109135,0.004112552,0.12265176,-0.14357214
-0.33871138,-0.1399315,0.84766746,-0.43495423,-0.36099774,-0.50268954,-0.5889193,-0.38187602
-0.3846665,-0.13831457,0.4901204,-0.85745776,-0.23595986,0.7554591,0.6634479,0.29333884
-0.40887687,-0.16059573,-0.48326677,0.24048662,-0.14326528,0.908027,0.38698065,0.012336908
-0.38699645,-0.04180194,-0.013046086,-0.2963407,0.24068472,-0.37430957,0.1426205,-0.07667845
-0.46633023,-0.24752054,0.23118484,0.6406622,0.27625352,0.27826467,0.408884,-0.13742173
-0.0036318172,-0.28272218,-0.6116811,-0.44618648,0.043257907,0.6511373,0.32701734,-0.44964015
-0.22318941,-0.22062102,-0.14567488,0.6426176,-0.7798118,-0.4948444,0.41557086,0.6286875
0.006131364,-0.13528492,0.9614663,0.1945008,-0.016542604,0.0032323645,0.23068222,0.19844185
-0.37230778,-0.2477278,0.020180225,-0.023473144,0.24209908,0.1558615,0.41093126,-0.013331796
-0.07056098,-0.15705007,0.27494216,0.0016117096,0.03811244,0.24754888,0.046791818,-0.38895902
-0.50102425,-0.17283098,-0.026867628,-0.19194764,0.26170364,0.25943056,0.33290794,-0.1199469
-0.28645748,-0.1981446,-0.0802533,0.9043113,-0.4830818,0.5922124,0.5170097,0.17271188
-0.30037925,0.093469895,0.2128247,-0.80319375,-0.056568675,-0.00032809618,0.35416684,0.31703547
-0.11917974,-0.025751915,-0.013063133,-0.70064867,-0.067074575,-0.18107755,0.14510268,-0.10400274
-0.39321065,-0.31033498,0.49740446,0.5644891,0.20123628,-0.033569608,0.25618175,-0.28377935
-0.20657006,-0.017176624,0.06778443,0.7482892,-0.20810193,-0.007704399,0.19004402,-0.17396909
0.057884317,-0.2686272,0.29707837,0.3002907,0.37866884,-0.003820657,0.36734092,0.82086223
-0.565388,-0.129544,0.29281235,0.6122707,0.36951122,-0.052256964,0.042854745,-0.42224556
-0.3054036,-0.13292812,0.1696862,-0.96890324,-0.07333195,0.7159028,0.5545533,0.095652044
-0.25794232,-0.3584947,-0.58845353,0.34719408,0.23039645,0.46738866,0.13502228,-0.32794908
-0.3934684,0.0003435955,0.6004292,0.11966741,0.062281374,0.15471031,0.17753804,-0.42706347
-0.23785377,-0.29411846,0.071085334,0.8326031,0.12869222,0.21312033,0.31195432,-0.1266158
-0.41292673,-0.17859022,0.77643657,-0.51310503,-0.370956,-0.672821,-0.5802802,-0.28053302
-0.2712201,-0.024780791,-0.87501144,0.20458329,0.24753118,-0.28767046,0.3840264,-0.02047516
-0.405673,-0.29617488,-0.7928039,-0.14763969,0.43074757,0.5882847,0.34552634,-0.03603438
-0.30187213,-0.17834584,0.7455441,-0.11482918,0.017472116,0.038716428,-0.19208507,-0.12968285
-0.42559016,-0.2639079,-0.9253665,-0.20304811,-0.36058986,0.58539885,0.20040083,-0.19315393
-0.35135174,0.069502585,0.1871022,0.9414234,0.39037597,0.34213555,0.44601795,-0.21913241
-0.69721293,-0.27238953,0.4786235,-0.42815226,0.33654183,-0.61180025,-0.30872586,-0.039778102
-0.4423469,-0.09800706,0.7234498,-0.620893,-0.16980737,-0.6434509,0.18689616,-0.118506044
-0.49279642,-0.19815327,0.5680506,0.034300923,0.58479035,-0.14142738,0.20333675,0.02040947
-0.1692522,-0.3259405,-0.03554797,0.30730438,-0.3811661,-0.7238861,0.08231682,0.3453973
-0.35025483,-0.1384787,0.33400106,-0.85126907,0.16240439,0.18444543,0.29059187,-0.18292445
-0.104277596,-0.067856796,0.52692044,0.26838303,0.20816034,-0.3784823,0.16345808,-0.04082656
-0.34260574,-0.17335998,0.63429475,0.29592144,-0.49267787,-0.5538972,0.025006542,-0.08060637
-0.39667258,-0.06906175,0.5209588,-0.7235718,-0.013577221,-0.8272965,-0.04418161,-0.12470849
-0.5246458,-0.22472835,0.087887764,0.51258993,0.32984942,0.18614027,0.395124,-0.059317753
-0.18201143,-0.13073586,-0.91738355,-0.062847316,0.042936273,-0.22575934,0.09610495,-0.34257182
-0.2837479,-0.37019467,0.34687316,-0.83123744,0.30730218,0.3761399,0.38240492,-0.27292866
-0.397738,-0.16907427,-0.7879263,-0.30543858,0.25216675,0.29475814,0.36419696,-0.009808545
-0.24998547,0.037877683,-0.5068328,0.1596142,-0.36620626,0.6868822,0.4808008,0.060569715
-0.4891611,-0.3375008,-0.18817526,0.31480253,-0.9798185,-0.014717543,0.13963245,-0.12967414
-0.4428061,-0.057811294,-0.17763704,-0.47651488,0.2502619,0.2760614,0.13202438,-0.3724717
-0.6064741,-0.29753664,0.48623204,-0.26027662,0.5093745,-0.2720529,0.1407062,0.50983304
-0.44163293,0.05369178,-0.30443078,0.010640502,0.31561416,-0.46992254,0.11090942,0.07137769
-0.24972263,-0.26940262,0.10083771,0.08071089,-0.42588523,-0.2693618,0.282065,0.39534947
-0.35057655,-0.15985638,0.54797983,-0.55320585,-0.31124908,-0.30735102,0.31198722,0.47571856
-0.5047458,0.044179577,-0.76241213,0.46739912,0.6571862,-0.16662681,0.23504102,-0.16512416
-0.31228098,0.12238579,0.2565533,0.6617285,0.38967854,0.7365948,0.295966,-0.074730806
-0.4744771,-0.08432429,-0.19241935,0.68061066,-0.15487677,-0.45225435,0.17277001,-0.16060272
-0.14818008,-0.2695258,0.135988,0.8965471,0.1562758,0.306182,0.17577192,-0.47743654
-0.43805304,-0.023634296,0.658414,-0.03500092,0.31545535,0.24981698,0.3681378,-0.14343862
-0.4774536,-0.3475962,0.44369245,0.67243135,-0.17114024,-0.12413817,0.28928286,-0.21772917
-0.19928657,-0.15220001,0.24079049,0.11550498,-0.311223,0.77457553,0.77018476,0.6201778
-0.3200223,0.033228938,0.015957355,0.051971078,-0.035094474,0.7686945,0.6343196,0.058249626
-0.3275655,-0.06197134,-0.33149904,0.33392918,-0.14472033,0.83827376,0.2715796,0.019637706
-0.43683204,-0.31217724,0.042301536,-0.112713695,0.23832633,0.22992542,0.42645904,-0.11137335
-0.3378804,-0.24661903,0.36480713,0.3251816,0.29468095,0.044901907,0.17351298,-0.25334278
-0.5536905,-0.2879629,-0.017262876,0.32886124,0.522509,-0.078461416,0.2427403,-0.3062862
-0.32200107,-0.3787226,0.68340564,-0.15646935,0.3829624,-0.13494556,0.2316325,-0.2825514
-0.39312333,-0.10939054,-0.13578302,0.59814787,0.24358879,0.23904984,0.38454098,-0.1344588
-0.23939942,-0.13497823,0.4226849,0.7350267,-0.18484609,0.7269356,0.42262098,0.02475386
-0.5155308,-0.358442,-0.37372535,-0.010326505,0.4217386,0.051334605,0.25775948,-0.2522344
-0.21454532,-0.11483279,-0.26293987,0.5881773,-0.16192771,0.13387804,0.36064863,-0.11548947
-0.30616987,0.06878411,0.07971156,-0.1862424,-0.1180474,0.53059113,0.31218395,-0.02379739
-0.24463104,-0.34469303,-0.868291,-0.11589581,0.37213933,0.6154216,0.6469222,-0.19409011
-0.25356013,-0.22995493,0.35596,-0.85451484,-0.05407415,0.7772973,0.5466599,-0.078109555
-0.082393005,-0.21001634,0.2999369,0.30644572,0.27582228,-0.077933334,0.36070153,0.83211416
-0.14142334,-0.14555766,-0.9484025,0.1286732,-0.43345788,-0.18653578,-0.268863,-0.28529543
-0.33735085,-0.026388008,0.5419359,0.018238544,-0.56546694,-0.6009357,0.2383407,0.40790004
-0.098868445,-0.30246788,0.5053984,-0.72325695,0.33108002,0.42467663,0.40783224,-0.09647778
-0.52766865,0.021024052,0.4854709,0.18236613,0.36637622,0.26053575,0.43928742,-0.21212003
-0.42010024,-0.103724875,-0.03320819,0.56849766,0.57832456,0.4473125,0.3355978,-0.1310023
-0.6856857,-0.30243686,0.7533752,-0.3094659,0.52436996,0.3738992,0.24474533,-0.027607488
-0.41260135,-0.1587048,0.7587669,-0.2654215,0.45072505,0.17639634,0.5625172,-0.3364723
0.023290647,-0.099750824,0.16723895,0.56696534,-0.11825673,0.6824877,0.5827323,-0.001383267
-0.30336562,-0.1618572,0.93567884,0.38261497,0.33034313,-0.2333962,0.011810543,-0.18402936
-0.39357373,-0.21104251,0.8652669,0.25677586,0.17224407,0.28541407,0.41547248,-0.1563301
-0.53968287,-0.046462927,0.6051829,0.046076655,-0.82624453,0.18849166,0.22484882,-0.17075677
-0.48911387,-0.22141688,0.26048565,0.496004,-0.67515194,0.41030657,0.58868766,0.13372289
-0.48845223,-0.17922994,0.18913317,-0.89115006,0.032779872,0.1908974,0.23519075,-0.10912292
-0.15440148,-0.2682477,-0.024811149,0.57143724,-0.58222944,-0.17909566,-0.12682427,-0.58482635
-0.554573,-0.1547805,-0.009449005,-0.75300694,-0.24663706,-0.8223442,-0.106884055,-0.017068576
-0.37278482,0.017483775,0.84208715,0.004197955,0.16521949,-0.31627846,0.012793872,-0.09342481
-0.4170669,-0.17972772,0.78262126,0.11634135,-0.07828637,0.771189,0.5610703,-0.08284026
-0.42728844,-0.086614594,0.13853335,0.89609087,0.3517644,0.2651811,0.33967325,-0.21265864
-0.35415488,-0.19532321,-0.5972249,-0.18619156,0.14241618,0.085830115,0.43560204,-0.04363801
-0.5204258,-0.28349614,-0.38566035,-0.65383863,0.25601104,0.1851097,0.41421267,-0.07623481
-0.636397,-0.32529902,-0.3117453,-0.47081095,0.49591306,0.2509983,0.39221263,-0.26407108
-0.77929354,0.2529304,0.6744063,0.61184275,0.6468186,-0.4535851,-0.20430127,0.2590473
-0.38230643,0.006523569,-0.8742895,0.25598598,0.21215814,-0.35220113,0.28390107,-0.12842964
-0.17981665,-0.24901351,0.69150186,-0.3416254,0.2977339,0.37813416,0.4737476,-0.21782613
-0.4744352,-0.028246816,0.82880664,0.31786585,0.30293685,-0.5840452,0.08883502,-0.04730864
-0.3563022,-0.1998663,0.5985209,0.13852668,0.28615898,-0.32312497,0.0799724,-0.11035258
-0.22655888,0.054753546,0.018970728,0.8407377,0.19181983,0.11509541,0.43528414,-0.16395648
-0.54423434,-0.2548148,-0.11736643,0.7253661,0.46717352,0.21155415,0.30624834,-0.18889655
0.07631247,-0.33728513,0.8392528,-0.16837978,-0.12892605,0.6229469,0.67842823,0.12848538
-0.28637534,0.034729574,-0.11088556,-0.12643015,0.061608337,0.11995879,-0.19247922,-0.16860867
-0.54432005,-0.2642668,-0.15374446,-0.7079311,0.3248539,-0.38232946,0.18478726,-0.06668052
-0.4150227,-0.27434257,-0.13875222,0.7434113,-0.12765145,0.08867904,0.11836102,-0.21325424
-0.569257,0.017320264,0.26939857,-0.65314233,0.6318961,-0.31961086,0.17515151,-0.073535204
-0.34022877,0.034756158,0.114527225,-0.23181903,-0.44051465,-0.69253546,0.9619053,-0.020088363
-0.2349745,-0.23123175,0.23604298,0.21228695,-0.6654923,-0.19631234,0.013249991,-0.31218123
-0.40489617,-0.3103177,0.5236449,-0.018416047,-0.5281672,0.5557478,0.04960375,-0.06672311
-0.5047331,-0.022611048,-0.5713781,0.16814196,-0.16733582,0.8168964,0.59367925,-0.068011746
-0.3178053,0.057927463,-0.95987654,0.24337912,0.36860368,-0.4201522,0.45788065,-0.030578302
-0.32769045,-0.039328422,-0.24497628,0.40154123,-0.24630229,-9.4952324e-05,0.31569526,-0.28410718
-0.65480036,-0.11099053,-0.59719634,0.1395173,0.6124475,-0.4004398,0.1741763,-0.08504893
-0.29962468,-0.17542154,-0.4838202,0.19170678,-0.4202694,0.60120624,0.026124677,-0.20983824
-0.4717942,-0.1488931,0.30596888,0.6912246,0.101348214,0.1287663,0.25967294,-0.054965176
-0.25258768,-0.42207432,0.3117708,0.54570174,-0.050015666,0.7507394,0.5757841,0.0001393236
-0.2933895,-0.20783544,0.29159153,0.8184838,0.22193319,0.2309135,0.42471027,-0.2104973
-0.2586594,-0.041948278,-0.90958166,-0.13243407,0.0035231037,0.10615839,0.1328972,-0.065108605
-0.707464,-0.078224994,-0.021322012,0.568938,0.3911028,0.23260735,0.40058115,-0.15366781
-0.4808228,-0.115545005,-0.9184114,0.28732836,0.051218353,-0.1924282,0.28105676,0.016910028
-0.5863354,-0.25959587,0.29434,-0.47722632,-0.09609937,0.8433252,0.60526544,0.0546425
-0.14823917,-0.15035686,-0.5820183,0.2320844,-0.10285807,0.8029992,0.6084871,0.13267905
-0.380172,-0.33887365,-0.9055243,-0.17232275,0.31161737,0.29481742,0.33618987,-0.12067838
-0.24456447,-0.34028274,0.21387947,0.88622606,0.13618577,0.36823055,0.17111109,-0.46021646
-0.38533664,-0.12687646,-0.9613905,-0.06437206,0.2864322,-0.47299922,0.1614033,-0.045432102
-0.44987756,-0.35244188,-0.47412723,-0.81051964,0.1681899,0.013812767,0.2844109,-0.25999153
-0.5296717,-0.31589422,0.5285623,0.52786076,0.34181777,-0.2586055,0.060332533,-0.18840723
-0.4228148,0.08644315,-0.6228164,-0.37803596,0.2590643,0.25340128,-0.052934583,-0.4135253
-0.39505097,-0.1944449,0.73320854,-0.41524482,-0.038022723,0.38688475,0.37942094,-0.21982557
-0.1588859,-0.29123396,-0.1623233,0.6217165,-0.49172977,-0.008526646,0.20833734,0.17934844
-0.17020254,-0.17782985,-0.1314134,-0.73739946,-0.5659264,0.39687097,-0.39056304,-0.16767333
-0.5729059,-0.22748671,-0.6117583,-0.20323259,0.31960854,-0.5509223,0.2216661,0.17412992
-0.4257631,-0.19744545,0.63552916,-0.06185311,0.32507926,0.2582858,0.3673864,-0.2724096
-0.47704574,-0.12460267,0.021801353,-0.89470977,-0.31656006,-0.60838294,-0.006517451,-0.103179365
-0.004345717,-0.29717484,0.8121228,-0.27134246,0.22010806,0.56807065,0.50186133,-0.19999939
-0.094668865,0.28880894,0.42421997,0.5024446,-0.38280144,0.52034104,0.21484414,-0.012988357
-0.37361076,-0.23566881,-0.304699,0.48593545,0.34144294,0.27766842,0.20509373,-0.3022723
-0.47085553,-0.2617228,0.45366204,-0.5088154,-0.117454596,0.8087964,0.66093004,0.13727993
-0.37515306,-0.1387518,0.10408342,0.2597803,-0.40067142,0.71676457,0.5937095,0.2619319
-0.5535009,-0.043371867,0.24559164,-0.031339765,0.3804106,-0.5185475,0.14658245,-0.1650791
-0.5610882,-0.22006936,0.058314443,0.6248386,0.41451803,-0.012890873,0.18604188,-0.076338105
-0.39950544,-0.22719176,0.5317818,0.78255725,0.37139013,0.5560745,0.48992723,-0.14709802
-0.34224254,-0.017225903,-0.9338143,0.25852096,0.34828666,0.3044426,0.32542402,-0.22082068
-0.5635406,0.025101919,-0.3290246,0.81844366,0.23911613,-0.44565722,0.0811183,-0.1981806
-0.505174,-0.22879462,-0.79506075,-0.27489793,0.36542767,0.2995458,0.30088913,-0.20853505
-0.4753483,-0.1187731,-0.0049538612,-0.8831303,-0.0399841,-0.48120353,0.105453245,-0.09520756
-0.4945106,-0.13971087,-0.34021723,-0.8708215,0.25341937,0.47772098,0.1494008,-0.23679131
-0.4400933,-0.18473427,-0.7126515,-0.23672491,0.23133767,0.34214184,0.22720005,-0.33955044
-0.4049725,-0.13528123,0.381894,-0.8660208,-0.20937043,-0.44815135,-0.16286708,-0.0783009
-0.3856527,0.13120885,-0.095965326,-0.4346097,0.023170887,-0.39137074,0.022231894,-0.071578145
-0.6808627,-0.25070897,0.6356031,-0.48385054,0.6044953,0.0785004,0.335568,-0.18939899
-0.19106151,0.19280635,0.71680295,-0.46306163,0.16708449,0.0002973163,0.1839856,-0.21097851
-0.4362227,-0.31733912,0.13909566,0.82402456,-0.4164812,0.6293064,0.46258226,-0.08399941
-0.5543374,-0.13325524,-0.59304726,0.15364635,-0.34537858,0.804414,0.68595284,0.28071678
-0.27728656,-0.21458425,0.32865632,0.6722274,-0.02750574,0.7360426,0.4802419,-0.05312337
-0.10180901,0.0119452225,-0.5663987,0.115032315,-0.26427907,0.77711403,0.3859106,-0.07953159
-0.33780408,-0.3302297,-0.08779514,-0.7798327,0.23277676,0.59096605,0.32134503,-0.2873266
-0.32660344,0.04005498,-0.40101683,0.4934758,0.48757225,-0.3081579,0.10970416,-0.07862868
-0.42296553,-0.186842,0.6648977,0.1616162,0.091718085,-0.53342,0.22321914,-0.075779475
-0.3148251,-0.15221101,-0.21565312,-0.693782,0.34648892,0.27041933,0.34352902,-0.23010951
-0.4600526,-0.13197264,-0.38925928,0.5901778,0.2813462,-0.3708688,0.31002682,-0.31243932
-0.34606397,0.02463742,0.1987356,0.15629387,0.21371591,0.22689529,0.39113024,-0.22833605
-0.29788113,-0.24003404,0.23863006,0.60061836,0.4817024,0.4802137,0.41726398,-0.20438243
-0.38008198,-0.09062407,0.1772064,0.47312295,0.18752217,0.17246878,0.3196572,-0.15452051
-0.37705743,-0.26248065,-0.29712945,0.5376551,0.22894035,0.29505378,0.15272278,-0.35313624
-0.35348004,-0.286867,-0.59354055,-0.30451965,0.0108257625,0.81811327,0.49579668,0.030781329
0.3756613,-0.15026815,-0.21650803,-0.9049815,-0.52607995,0.3829921,-0.07205192,-0.10726655
-0.41717854,-0.06363845,0.0065459013,-0.11372423,0.10051942,-0.17174539,0.19156136,-0.12999861
-0.22207017,-0.15149498,0.403314,-0.8752045,-0.33200893,0.7518975,0.3426173,0.23563491
-0.25692117,-0.030721609,0.33844054,0.5847429,-0.044483304,0.6677523,0.60430425,-0.018443694
-0.58670837,-0.16434598,0.46588266,-0.41093755,0.4041875,-0.40688604,0.006670495,0.055811998
-0.41963938,-0.12375083,-0.13440639,0.6326449,-0.53875244,-0.5525645,-0.039810687,-0.07172281
-0.35729784,-0.19580902,0.5969428,0.7032186,0.25432885,0.2697349,0.43316463,-0.17102835
-0.47719163,-0.11227238,-0.037640512,0.3835491,0.4055127,-0.3716317,0.15020275,-0.07616769
-0.33850756,-0.23812541,0.18739331,-0.5129154,-0.19482669,-0.558991,0.06669948,0.0050823647
-0.18481636,-0.06707397,0.023919582,0.6631094,-0.3834899,0.6336445,0.522154,0.101422615
-0.4315524,-0.06895986,-0.25588572,-0.7250268,0.41263884,0.18639281,0.3450431,-0.090852484
-0.20740497,-0.0116027845,0.1142329,0.80582,-0.07460306,-0.14332403,0.045107592,-0.2698501
-0.10740599,-0.29081404,-0.41071784,0.4100436,-0.13220826,0.67146045,0.634639,0.091973744
-0.569955,0.21581645,-0.17128313,-0.40078366,0.46399772,-0.4963084,0.03874737,-0.046783347
-0.44506496,-0.27177298,-0.6478522,-0.70609874,0.26904303,0.3904555,0.108911514,-0.45021906
-0.3731613,-0.07338995,-0.528707,-0.20335597,0.23310538,0.17353271,0.4405727,-0.019396622
-0.6347782,-0.18126729,0.21143591,-0.2973408,-0.13578671,-0.79489636,0.016052246,-0.14500143
-0.36820558,0.10634308,-0.045234263,-0.8535663,-0.28262767,-0.713345,-0.044626545,-0.20719783
-0.32422048,-0.0028103248,0.5028969,-0.69383585,-0.24159156,0.6813042,0.58428794,0.060821753
-0.56965435,-0.03597677,-0.26320887,0.049357414,0.6219136,0.027945785,-0.09753832,0.25435182
-0.4233169,-0.3189887,0.24611628,0.8892715,-0.035965923,-0.5535712,0.37863564,-0.071526185
-0.28164297,-0.20295165,-0.06398761,0.060846686,0.20022629,0.19232039,0.2676563,-0.51341915
-0.37955594,-0.16652185,0.4011283,0.4113791,-0.37695804,0.59362775,-0.052451074,-0.11450089
-0.43010515,-0.14920345,-0.85376775,0.4556049,0.33110726,0.26385581,0.36611867,-0.19251178
-0.4787082,-0.12570094,-0.2262373,-0.15925014,0.2851932,0.3726899,0.40241486,-0.1827022
-0.28908938,-0.13176219,-0.066126525,0.85753393,-0.29158235,-0.022271814,0.25200984,-0.2241024
-0.15987633,-0.1788957,0.287256,0.65196025,-0.0717183,0.6993708,0.6682466,0.053927984
-0.577137,-0.19061606,-0.29370975,-0.76179594,0.43429357,0.41715562,0.49207783,-0.16015835
-0.3191691,-0.12871096,0.29457402,0.26950848,-0.6943441,0.3899068,0.31266364,-0.7990275
-0.2664799,-0.34197518,-0.66919994,-0.59693754,-0.24971947,0.008533884,0.106956206,0.054861784
-0.2229804,-0.0896002,-0.6149241,0.41966856,0.16311784,0.31484154,0.20344949,-0.31552085
-0.4344346,-0.12424661,-0.40830493,-0.82315445,-0.6927998,0.40793306,0.54942125,-0.074724376
-0.07487872,-0.28946832,0.35697854,-0.73600113,-0.14003336,0.63972723,0.6817806,0.08737165
-0.6004196,-0.06906312,-0.77753997,-0.34337687,0.51730114,0.07328084,0.5064007,-0.22685775
-0.53369385,0.07183259,0.205827,-0.06298101,0.24596176,-0.5636006,-0.06743677,-0.34378088
-0.4913277,0.04035737,0.4749899,0.53672457,0.32324103,0.032227952,0.49261886,-0.27727383
-0.34297132,-0.20298752,-0.59810615,0.3125229,0.17819189,0.17132993,0.4010334,-0.032310877
-0.14174937,-0.29265144,-0.73229444,-0.17783207,0.31678274,0.4195059,0.42333215,-0.13972609
-0.27916124,-0.2599666,0.038017035,0.5557476,0.20721208,0.28733605,0.25842068,-0.215568
-0.25037938,-0.22734429,-0.89466643,-0.16586655,-0.4230506,0.46623906,0.38810778,-0.23929065
-0.37916633,-0.35622093,-0.28184098,0.4565302,0.30199513,0.6900002,0.534887,-0.23988318
0.40408278,-0.6994993,-0.81063116,0.3805076,-0.7219467,0.13236643,-0.35602796,-0.3344848
-0.36068982,-0.12534167,-0.45779014,-0.37160295,-0.3436685,-0.76743585,0.24655643,0.5005721
-0.16444433,-0.39534548,-0.1338408,0.5253912,-0.024368875,0.7421697,0.52189803,-0.1738753
-0.5244802,-0.2719519,0.007212758,-0.5424058,-0.24745217,-0.6502272,0.07028208,-0.19580875
-0.69871217,-0.22341351,-0.43666488,-0.3612193,-0.3036401,-0.8749478,0.20950896,0.38836256
-0.5517865,-0.22948597,-0.2822032,0.6981436,0.47775555,0.21473539,0.27503583,-0.1169852
-0.53276235,-0.30323398,-0.056951106,-0.3826065,0.13646443,0.030013638,0.033844173,-0.11981923
-0.27330634,-0.27520698,-0.9196198,-0.33037513,-0.21026087,0.78793836,0.2049473,0.24324864
-0.37990928,-0.1497445,0.78496385,-0.040662885,0.40276772,-0.2524193,-0.0297596,-0.117940456
-0.20595644,-0.0017692103,0.25226128,0.027102709,0.10165119,-0.22798575,-0.09634574,-0.1038233
-0.51113564,-0.3912542,0.9017123,0.0051347017,0.28230137,0.16004552,0.1463318,-0.20681114
-0.1460948,-0.077532254,-0.36390835,-0.6322191,-0.15462008,-0.18939391,0.88277066,0.122976795
-0.4211293,-0.20976107,-0.23106623,-0.701204,0.32406327,0.43688995,0.30993414,-0.19023947
-0.5939587,-0.23844846,-0.11225116,0.0023038387,0.28514346,-0.25673184,0.33978352,-0.22342768
-0.51761067,0.24326195,0.29902327,-0.72651994,-0.23404562,0.8517893,0.3395671,0.06990011
-0.47997284,0.12228166,0.05184877,0.65068245,0.21006477,-0.019567836,0.33519498,-0.104473844
-0.35154146,-0.19633971,0.33959448,-0.6182556,0.182442,0.25337744,0.25497836,-0.12266632
-0.20903058,-0.2264559,0.34798098,0.7095362,0.37330213,0.61305666,0.5674618,-0.25507247
-0.49115747,-0.023159217,0.60798943,0.49226594,0.049218073,-0.4586915,0.07746784,-0.013398206
-0.412727,0.12277385,-0.046869636,-0.52767575,-0.25819722,-0.64978766,-0.042191718,-0.124811865
-0.37027684,-0.08743133,-0.9045631,-0.18377995,0.15525298,0.18835379,0.09254833,-0.22675727
-0.20152205,-0.09080852,-0.22694862,0.6454463,-0.2649575,-0.044103336,0.16203952,0.329402
-0.23200573,-0.062640466,-0.340464,-0.61349726,0.031805657,0.10241465,0.18604721,-0.042931754
0.09162663,-0.08848051,0.60550535,0.1183753,-0.4927549,-0.123469085,-0.092849255,-0.28200424
-0.5142734,-0.14462644,-0.83846366,-0.3015173,0.34567708,0.2716643,0.059720825,-0.3616241
-0.3402181,-0.19863638,-0.19776458,0.74203,0.30372006,-0.14973791,0.1534237,-0.12621143
-0.45072874,0.053529833,-0.94742155,0.21722722,0.302831,-0.46904948,0.29281867,-0.018433332
-0.30532932,0.0048812823,0.015619636,-0.37561256,0.23191498,0.28120506,0.39925635,-0.03657275
-0.4973812,-0.13601102,-0.8499876,-0.19175136,0.28945738,0.26668403,0.38100517,-0.13404606
-0.49992174,-0.10237134,-0.36512595,-0.6227945,0.20762505,-0.11391545,0.15131903,0.012845639
0.050224017,-0.23834962,-0.5382197,0.24978149,-0.33552524,0.5096834,0.79285544,0.09182165
-0.48691857,-0.25440678,0.014304161,-0.61011505,0.08210875,-0.19847932,0.092613384,-0.10958792
-0.5023421,-0.1379614,0.49496055,0.42658222,0.03631443,-0.31156293,0.32990825,0.26082665
-0.3385932,-0.052545313,0.20989442,-0.70426464,0.23104027,0.40825155,0.40601936,-0.23364188
-0.46571052,-0.15664178,-0.3121214,-0.8373039,0.30954883,-0.15775542,0.3405665,-0.13233721
-0.6952328,-0.1380431,-0.2622519,-0.059553504,-0.23152602,0.41915974,0.47269487,-0.13517435
-0.3516761,-0.0782018,-0.36706507,-0.62606996,0.36348692,0.23084517,0.16360067,-0.063627325
-0.65369797,-0.16962379,0.5536325,0.7871076,0.36442566,0.30154052,0.40706095,-0.211639
-0.4762544,-0.2820757,-0.6312342,-0.4791078,0.3884414,0.2722924,0.38041124,-0.15261854
-0.38856018,-0.35112646,-0.20155245,0.95103514,0.19013931,-0.054828946,0.26580462,-0.08351695
-0.41068336,-0.09090905,0.05396509,-0.5516607,-0.38203937,-0.5606171,0.004239179,-0.15460712
-0.3509096,-0.21046008,-0.7762233,0.5958078,0.02215393,0.71353626,0.46318734,-0.18092437
-0.28657797,-0.12240556,0.33438456,-0.8059446,0.13563931,0.07941925,0.3290119,-0.084369086
-0.24187087,-0.091244355,0.07228291,-0.037240207,-0.14230888,-0.65613955,0.05401574,0.013837234
-0.2930097,-0.18794742,0.9223504,0.18240833,0.22924893,0.11489367,0.2469947,-0.015199689
-0.44157296,-0.0062603755,0.58230567,0.027253985,0.29448512,-0.37003398,0.0514142,-0.17906807
-0.34844053,0.009262298,0.029839277,-0.5603528,-0.13262956,-0.48044443,-0.036244337,-0.12855817
-0.23883572,-0.22657424,0.2701658,0.49681866,-0.1798801,0.694185,0.7096068,0.107382864
-0.40168685,-0.24290606,0.5347872,0.7295239,0.37445092,0.56878644,0.42501262,-0.19505726
-0.18176906,-0.24078839,-0.4061367,0.7243036,0.025208795,0.22563802,0.02644134,-0.46056467
-0.30451292,-0.14275056,-0.099476576,0.9239279,-0.20019928,0.1893446,-0.07527797,-0.46597007
-0.28522652,-0.09644846,0.25607157,0.8053304,0.25503746,-0.37956646,0.0742564,0.002832503
-0.29271153,-0.35217002,-0.08622676,-0.77904445,0.09361653,0.33942622,0.16089688,-0.24116069
-0.30531833,-0.0525677,-0.02747649,0.9832996,0.05990611,-0.35220233,0.20687118,-0.134863
-0.4916957,-0.22533888,0.33077478,-0.11228156,0.90162694,0.08398563,-0.26952752,0.3594353
-0.5940578,-0.096562,0.0607841,0.5887002,0.15686144,-0.46121016,0.022467043,-0.09653013
-0.20248382,-0.2802814,-0.7224542,-0.29285502,-0.13554229,0.66357315,0.59297144,-0.05459478
-0.10670726,-0.23037614,0.08033025,-0.7204877,-0.22260498,0.7193092,0.33217147,-0.2804397
-0.2764689,-0.11709475,-0.3923509,0.64952195,-0.35264635,-0.047921427,0.3660942,-0.19696885
-0.055397782,-0.11425948,0.48500407,-0.2604112,0.31794322,0.0960776,0.30869073,-0.18901682
-0.4156709,-0.2751734,0.5550803,-0.3343287,0.10083521,0.71259207,0.54825956,0.0141342
-0.4618173,-0.03807794,-0.044183612,0.75930476,0.374741,0.22471999,0.4806275,-0.1109705
0.1526642,-0.27708554,0.8363944,-0.15390056,-0.18321413,0.58465034,0.5291388,0.1603707
-0.27927643,-0.3860634,0.16427457,0.13856018,0.18524162,0.21331182,0.30388913,-0.22439805
-0.53556,-0.100349486,0.8229939,-0.087292254,0.43201435,0.16924894,0.32136515,-0.096826054
-0.43914017,-0.03394484,-0.34539413,-0.8015767,-0.1815218,-0.1090474,0.30177817,-0.25309038
-0.52067024,-0.31895614,0.87297094,0.46094763,0.4375949,-0.41939893,0.2689075,-0.0558743
-0.42824847,-0.15416992,0.030849338,-0.7830701,-0.34300306,0.079231784,0.115008384,-0.24138832
0.017485334,-0.11712527,0.074427485,-0.30947888,-0.29495716,0.6961608,0.5633645,0.13650964
-0.15231533,-0.39988434,0.45848644,0.6714263,0.06226137,0.06862575,0.12102552,-0.2749823
-0.25123233,-0.24826585,-0.30851573,-0.6241741,-0.018514968,-0.17267215,0.0059895334,0.114087254
-0.23877773,-0.019243475,0.0044100285,0.4433788,-0.5136559,0.57574254,-0.22441107,-0.4787905
-0.3906871,-0.033956114,-0.5143443,0.49144244,0.32223698,-0.38646787,0.43528688,-0.057375193
-0.0774277,-0.29446205,-0.6169013,0.34255445,0.17657314,0.30239335,0.009984315,-0.32044452
-0.47486502,0.05552833,-0.57403576,-0.022952735,-0.06791163,-0.78791547,-0.36570576,0.1329354
-0.46422666,-0.13723932,0.56517637,-0.83443165,-0.5848837,0.61292213,0.56326365,0.18973237
-0.48210424,0.060231317,0.28415465,-0.6974175,0.45051682,0.17038633,0.7952583,-0.52292264
0.023851825,-0.050584417,-0.0578261,0.060231566,0.1075792,-0.25530535,-0.10946283,-0.080244124
-0.30563876,-0.14158891,-0.49437904,-0.3074366,-0.021729153,0.2084945,-0.039632604,-0.45523
-0.28261507,-0.15918294,0.5680828,-0.4983834,-0.21028616,0.7173393,0.48747766,0.034025382
-0.37243125,-0.16177833,0.3193264,0.52722895,0.23407856,0.28028673,0.39340964,-0.14308634
-0.52691245,-0.050427023,0.13071525,-0.76474524,0.306792,-0.51163,0.21323311,0.013818803
-0.19446121,0.10989907,0.8294921,-0.2663917,-0.47119886,-0.33827183,-0.5937042,-0.53576744
-0.35489973,0.03916632,-0.28302222,-0.65265596,0.2604991,-0.45131657,0.26579386,-0.011785412
-0.3566291,-0.003146942,-0.31715673,0.6335751,0.23956732,0.223779,0.39534533,-0.04481315
-0.41431943,-0.23790401,-0.40005428,-0.81582433,-0.07026336,0.6874574,0.5999591,0.045113113
-0.41328537,-0.24954487,-0.78270245,-0.15394086,0.26228783,0.5003308,0.38315383,-0.17783123
-0.23891501,-0.3678234,0.5671811,0.5203619,0.11521753,0.34169507,0.01525785,-0.43863454
-0.50272346,-0.21327315,0.020580888,0.6701863,0.3231638,0.24077187,0.47443664,-0.052017998
-0.3342636,-0.034602877,-0.6051319,-0.15238321,-0.13955958,0.61483496,0.3244462,-0.105245575
-0.67220324,-0.30481642,-0.19016874,-0.3835814,0.094165795,-0.40680453,-0.52785087,-0.21203592
-0.46039423,-0.076557785,0.0065647364,0.9820578,0.18685952,0.20337199,0.2622338,-0.2005287
-0.13562025,-0.12293113,-0.0018975139,0.5513563,0.10744012,0.23146303,0.30788738,-0.23941599
-0.13659996,0.019867215,0.71464443,-0.34393257,0.34989932,0.4294576,0.5695765,0.04698082
-0.25986484,-0.07479475,0.7318901,-0.5787735,-0.33464503,-0.69343233,-0.0129229,-0.28028643
-0.26697147,-0.13218778,-0.1944949,-0.8918685,0.14255911,0.24759637,0.2396999,-0.24520737
-0.068432316,-0.19850744,-0.51582307,-0.4714648,-0.13594387,0.6929678,0.58240867,0.1253039
-0.50448865,-0.22033413,-0.1903305,0.5411657,0.38210762,0.31793502,0.44845048,-0.077414796
-0.24832998,-0.12521346,0.74165606,-0.6005225,-0.36284432,0.5116544,0.108415894,-0.20791249
-0.48883587,-0.12756886,0.4782927,0.61244273,0.3695933,0.3006939,0.31974033,-0.18062396
-0.46136796,-0.23170558,0.49322486,-0.46036482,0.14713264,0.07049055,0.38405067,-0.091198124
-0.29891068,-0.15363693,0.4591924,-0.051703632,-0.06922829,0.7621473,0.5173364,0.006614666
-0.42167935,-0.19762444,-0.09048629,0.9871335,-0.30589467,0.7152452,0.26460856,-0.26413018
-0.5141418,-0.15040846,0.5307385,0.6108186,0.28476268,0.25274104,0.3613199,-0.04582091
-0.19944376,-0.095804244,-0.32132912,-0.8666571,0.17102236,0.25404373,0.14778237,-0.39057446
-0.5918197,-0.28816697,0.5195894,-0.5599571,0.378408,-0.4313164,0.16578653,-0.11907048
-0.10180533,-0.18890718,0.18387938,0.035203934,-0.47747815,0.5312536,-0.05184305,0.0019463118
-0.13989647,-0.19418027,0.3011787,0.30426908,0.2904216,-0.0693892,0.42469326,0.7237012
-0.206476,0.110701285,0.30222642,-0.7108015,-0.40206227,0.6894189,0.07882584,-0.024218412
-0.10772829,0.41546515,-0.2022202,0.637578,-0.7325184,-0.47790158,0.41197526,0.5995557
0.097268,0.02261046,0.18211448,-0.8123301,-0.71506375,-0.15283406,-0.24678673,-0.6604428
-0.36576605,-0.12243546,-0.5926833,0.16766405,-0.12698519,0.8413182,0.60840005,0.0070508504
-0.28237617,-0.13596196,-0.38972062,0.39873707,-0.62154,-0.615625,0.0002118797,-0.07968852
-0.33173794,-0.051076163,-0.41415155,0.43565714,0.20373978,-0.20139469,0.034278568,-0.24526817
-0.43147615,-0.17416671,0.7985766,-0.014637828,-0.26560852,-0.3257565,-0.0070111263,-0.32638538
-0.2492554,0.0122494,-0.2866655,0.1521188,-0.18356961,0.7138765,0.4436222,-0.052985404
-0.19403508,-0.1705923,0.1475023,0.19152689,-0.27136546,0.6719945,0.08041885,0.0036388172
-0.33841202,-0.08263583,-0.87528485,0.015702724,-0.25836205,-0.7122823,0.1315875,0.026712317
-0.3920348,-0.13937357,-0.84667534,-0.14865613,-0.24724431,0.7043657,0.15706615,-0.03657662
-0.5407479,-0.20598967,-0.19027871,0.8676673,0.6217622,0.23766202,0.31005925,-0.22049375
-0.39157987,-0.09711216,-0.15680581,0.8697506,0.24829458,-0.5403463,0.18457718,0.17766859
-0.31597048,-0.22747736,0.26542544,0.64230597,0.25598592,0.24087201,0.35546604,-0.22025953
-0.48949885,-0.2266592,-0.74455935,-0.5467348,-0.35695723,-0.16676372,-0.08295546,-0.4463793
-0.7038671,-0.11137816,0.21860242,0.435948,-0.4510631,0.57859343,0.14199929,0.11940736
-0.4479751,-0.2224325,0.0014410019,0.21023881,-0.13473162,0.79072434,0.63037777,0.019066567
-0.047583137,-0.16413943,-0.116713524,0.40599597,-0.13721989,0.67924345,0.095230654,-0.06821413
-0.42862883,-0.20684984,0.72065866,-0.6227371,-0.12692545,-0.80643374,0.11983776,-0.15399392
-0.37683693,-0.19060233,0.37817836,0.61160517,-0.08398266,0.7370315,0.5580915,0.019767169
-0.051732678,-0.044910576,0.68374527,-0.7302587,-0.5591408,-0.22362128,-0.34568468,-0.38600045
-0.43760678,0.10937803,0.4655888,0.73595536,0.30842024,0.22732908,0.35223347,-0.23696835
-0.22330397,-0.309798,-0.6880697,-0.0051625967,-0.27080593,0.095467985,0.16669425,-0.35812983
-0.13332926,-0.2637631,0.13834143,0.57628834,-0.15648262,0.70658123,0.43187767,-0.10497694
-0.15601929,-0.3344482,0.8194833,0.31190896,-0.09484373,0.63748515,0.68353015,0.030044466
-0.41355735,-0.1463048,0.0754143,0.77833843,-0.19398266,-0.25318396,0.22130367,-0.12767202
1.682692,-0.029066693,0.34346676,0.77013314,-0.01954709,0.55980694,0.63965744,-0.36808622
-0.106520474,-0.06307788,0.1590873,0.40615988,-0.3648683,0.6666926,0.33591494,0.024395283
-0.23953617,-0.22221413,-0.35465837,0.19429052,0.17204224,0.41201705,0.264493,-0.1518381
-0.37644863,0.097481586,-0.04016286,0.75120234,-0.46730354,-0.021259218,0.20169482,-0.1918582
-0.14272429,-0.085393436,0.05896187,0.5643376,-0.43201992,-0.12852904,0.06880249,-0.08196185
-0.50796694,-0.31483084,0.48655963,0.5884198,0.15740192,0.10753122,0.19058533,-0.3153777
-0.27974233,-0.09039938,-0.9901473,-0.008835137,-0.16557653,0.6696279,0.3569558,-0.10888076
-0.29976803,-0.22120263,0.61238456,0.67624474,0.027089236,-0.3891703,0.049078584,-0.056971464
-0.29686448,0.07951855,0.61206996,0.21060598,-0.056136724,-0.7190182,-0.23637347,0.02974628
-0.3812551,-0.08518629,-0.5205816,0.7042171,0.15631211,0.22455958,0.25541967,-0.17783004
-0.17351232,-0.097343765,-0.20935333,-0.7341789,-0.18907806,-0.11578519,0.16688183,-0.30758634
-0.23925316,0.14301,-0.09220058,-0.7206473,0.2766021,-0.46138135,0.06992073,-0.15990768
-0.5047125,-0.19250453,-0.46474183,0.6003653,0.42592067,0.26625592,0.32587668,-0.10427047
-0.46927077,-0.3502407,0.34565365,-0.8362808,0.42924222,0.38211843,0.4235686,-0.21035078
-0.3558636,-0.14355241,-0.39398843,0.38485837,0.26160035,0.3802286,0.43315285,-0.21100833
-0.18030132,-0.2476485,-0.2325949,-0.43702227,0.19842169,0.39534813,0.46817547,-0.15869324
-0.33619595,0.038795877,-0.1674841,-0.21590704,0.5240434,0.53324497,0.41712314,-0.14239691
-0.47140253,0.14869408,0.4546014,0.5608611,-0.26387057,-0.2027012,0.2161165,0.04054378
-0.5029948,0.008743142,-0.74886954,0.4730258,0.009090838,-0.6511802,0.15898696,-0.042387556
-0.44088015,-0.09037266,-0.08459705,0.70545375,0.14421877,-0.35671654,0.05916029,0.038158994
-0.35724077,-0.073150955,-0.3968078,-0.6670805,0.12394877,0.27381033,0.3344331,-0.23815592
-0.3775051,-0.28513932,-0.06398761,0.060846686,0.16546409,0.25660527,0.25311166,-0.5493289
-0.42562023,-0.17800596,-0.7887139,0.023180246,0.2663307,-0.15139772,0.25327924,0.019091843
-0.20065641,-0.15747835,-0.8257331,0.23159051,0.24800777,0.5635063,0.2514633,-0.14744188
-0.4023906,-0.17206033,-0.028415263,0.6646304,-0.079154976,0.765011,0.41584402,-0.19624399
-0.12282713,-0.3472777,0.080709934,0.90477276,0.11968448,0.30120537,0.19499673,-0.5060198
-0.38781875,-0.20135386,-0.80243117,-0.46077305,0.1870724,-0.0070456965,0.17713863,0.2475436
-0.19624807,-0.21420756,0.23377466,-0.94461185,-0.15053658,0.68628436,0.60317093,0.002747925
-0.11991225,-0.025347319,-0.9664044,0.077297926,-0.12152392,0.7973096,0.5576222,-0.01729714
-0.24465267,0.04954653,-0.059362292,-0.035093427,-0.31065667,-0.68955815,0.16599318,-0.04656938
-0.34350932,-0.061552595,0.29612768,0.86117804,-0.5269189,-0.5246778,-0.50673634,-0.06552466
-0.045533407,-0.20537631,0.17172861,-0.6712163,-0.31127387,0.6446791,0.6765519,0.16245164
-0.31599787,-0.20206524,0.8669865,0.098847985,0.12078785,-0.30281186,0.19427902,-0.10655701
-0.16897649,-0.2427944,-0.93005043,0.2711463,-0.048546877,0.7053351,0.68668413,0.112334885
-0.1372847,-0.30077785,0.27978063,0.33848774,-0.53060454,-0.23001201,-0.30354849,-0.0722448
-0.5382343,-0.123715036,-0.02842331,-0.9232879,0.32063317,0.36411098,0.42310068,-0.11195478
-0.373995,-0.21672985,-0.77229464,0.22490728,0.27340457,0.2622145,0.40569207,-0.14517823
-0.32798702,-0.07646874,0.7297821,-0.62440956,0.13452494,-0.45735916,0.16389586,-0.043141935
-0.13987197,-0.100617565,0.67906654,-0.09451562,-0.030794486,0.20433228,-0.05461025,-0.43112817
-0.29813907,-0.47298184,-0.6909416,-0.044401705,0.5127235,0.47205594,0.50296676,-0.28486484
-0.82330954,-0.21234636,-0.060898185,0.18298423,-0.023524508,-0.658457,-0.0025585522,-0.16718999
-0.21776806,-0.15110074,0.2936244,0.37126303,-0.64730895,-0.5560435,-0.36438286,0.13790287
-0.26400214,-0.17298326,0.9274535,0.28105688,-0.11516455,0.03567343,0.033276934,-0.21428575
-0.14449705,-0.17895736,-0.92860454,0.26483417,-0.11809955,0.69589597,0.5991469,0.026405914
-0.26986456,-0.19769458,0.05864358,0.26175547,-0.42332432,0.5676797,0.4624458,0.18953148
-0.43311137,-0.27724898,-0.3200873,-0.5052793,0.3757053,0.23820636,0.36870328,-0.018292952
-0.45685348,-0.29526854,-0.669,0.2912308,0.32469815,0.2633966,0.40366438,-0.30749348
-0.25553802,-0.21514936,-0.12612557,0.51677394,0.16312303,0.2862859,0.4385923,0.095269546
-0.40422982,-0.2551965,0.49408174,0.30853808,-0.06816318,-0.020156994,0.11296313,-0.16751331
-0.45372158,-0.014467101,-0.31585163,-0.80557334,-0.12536739,0.73616374,0.387836,-0.16732474
-0.44769993,-0.19389945,0.19824362,0.77965,0.37062696,0.03950133,0.24210994,-0.13888502
-0.18010445,-0.315625,-0.3772357,-0.8321342,0.31871626,0.4053232,0.4199098,-0.06717719
-0.3769452,-0.06053843,0.14562607,-0.5214782,0.030030359,-0.31444108,-0.04414911,-0.06926861
-0.46381387,-0.17038748,-0.5957426,-0.33601183,0.2913316,0.3189277,0.37646452,0.0038151892
-0.46310094,-0.25627658,0.5032823,0.7293731,-0.3972451,-0.07167772,0.20672151,-0.19621591
-0.3437785,-0.12053513,0.69574594,-0.41049778,0.054207724,0.26809892,0.24023807,-0.26331788
-0.4111294,0.022343773,0.0073543787,-0.84840393,0.13270833,-0.27957213,0.034620997,-0.07501058
-0.3936558,-0.07744239,-0.44929326,0.08694458,0.2836141,-0.15998739,0.21679504,-0.09961039
-0.07955934,-0.037792053,0.4902829,-0.8731245,-0.34097922,0.6174318,0.52418053,0.25048572
-0.39483574,-0.079560034,-0.90136343,0.25151038,-0.10571233,0.79855835,0.3515108,-0.110250585
-0.311062,-0.030095119,-0.21488768,0.6473372,-0.32111895,-0.20039572,0.41523075,0.63969654
-0.2474864,-0.110384084,-0.5844986,-0.17106974,-0.20063229,0.049243487,-0.028212566,-0.29241857
-0.4951995,-0.14646494,-0.32224375,-0.5036522,0.34508452,0.21792628,0.4005107,0.0323424
0.09283678,-0.0040144874,0.18211448,-0.8123301,-0.67707163,-0.255458,-0.24554607,-0.6889135
-0.3560606,-0.15079978,0.29095137,0.8125434,-0.26195458,-0.79358727,0.13709989,-0.012150532
-0.4368271,0.014009734,0.26818216,0.8611984,0.23172681,0.20159432,0.3656806,-0.1703677
-0.25524804,-0.24287648,0.53136086,-0.73798686,0.20168069,0.53720963,0.4020043,-0.06718011
-0.29740253,-0.17714326,-0.26806337,0.5325936,0.10508414,0.70185673,0.5111368,-0.08754455
-0.4627704,0.00916927,-0.8499993,0.2960924,0.27879092,0.07954775,0.5701198,-0.062141612
-0.1160083,-0.20894514,-0.53626865,0.24561596,-0.21086605,0.69357467,0.63240767,-0.013594653
0.15008457,-0.4676457,0.26106822,0.4092642,0.18229038,0.6338447,0.5291877,-0.008911899
-0.70576704,-0.24685746,-0.029331207,0.67260456,0.375415,0.2717565,0.43888113,-0.12676024
-0.32575142,-0.10930324,-0.7166186,-0.27981997,0.35012937,0.28354517,0.46578598,0.025402784
-0.18488905,0.06894394,-0.08830637,0.3873384,0.17174785,-0.34399307,0.14707598,-0.15284511
-0.31702662,-0.04901435,-0.60433584,0.17717195,-0.29775876,0.03949241,-0.36300516,-0.0843598
-0.35163125,-0.33816233,0.28710413,0.52277803,-0.11528825,0.71350557,0.5195704,0.12244672
-0.35150334,-0.20955245,-0.84032094,-0.46561837,0.002614978,0.7406832,0.48528495,-0.14544334
-0.3853957,-0.3038217,0.092674494,-0.023054421,-0.16797993,0.028080605,0.25494823,-0.2120141
-0.37506136,-0.30525324,0.32976544,0.72115064,0.03458512,0.11309252,0.31537065,-0.08192101
-0.42268902,-0.17437604,-0.4954902,-0.77316225,0.0056244605,-0.34684277,0.23059943,0.3606803
0.028361036,0.21791305,-0.36122715,-0.36967367,0.20029089,-0.4864682,0.08475228,0.490236
-0.3531413,0.11512553,-0.88014096,0.021520853,-0.18312566,-0.2510308,0.15272745,-0.037384763
-0.4125248,-0.21763988,0.16081965,0.14291,-0.22045241,0.09594183,0.09950956,-0.2881499
-0.6165372,-0.22405007,-0.20767605,-0.70159864,0.38878495,0.10548073,0.2889234,-0.19740888
-0.43811584,-0.069768906,0.5285188,0.42633688,0.2535412,0.10533264,0.19848312,-0.100784846
-0.41716492,-0.14125583,0.04223466,0.7536453,-0.19332682,-0.3434606,-0.0036417735,-0.059274275
-0.36736587,-0.16469494,0.45796776,-0.20893693,0.38817513,0.3408891,0.4078358,-0.20256585
-0.34286276,-0.31295818,0.1794498,0.6864077,0.48589832,-0.17662379,0.16941415,-0.013746322
-0.36031154,-0.10098157,0.23374736,0.09944773,-0.18706603,0.54166967,0.7221593,0.4832348
-0.24378759,-0.17846856,0.6152221,0.06270194,-0.16297992,0.732266,0.3294229,0.08740499
-0.4844771,-0.03938288,-0.14607382,0.3090731,0.4090537,0.17438482,0.23732638,-0.15011747
-0.17949386,-0.3836601,0.8555716,0.30366158,0.26794344,0.45558268,0.4907102,-0.22200371
-0.4171061,-0.18094802,-0.42216015,0.68854797,0.28748882,-0.3540929,0.23243913,-0.15604079
-0.24832751,-0.14115115,0.6746142,-0.12141281,0.27390212,0.40704995,0.02452687,-0.43783465
-0.44153854,-0.108272314,-0.45682895,0.6527654,-0.32114446,-0.56718487,0.39306578,0.3034649
-0.30733478,-0.29559895,-0.9335023,-0.20589167,0.14654377,0.4036911,0.14882389,-0.35595715
-0.53127885,-0.08215384,0.5965334,0.6944839,0.39573568,0.21113549,0.43301255,-0.22160342
-0.47862855,-0.38245997,-0.5896858,-0.4217595,0.18199268,0.18105675,0.2003465,-0.08087507
-0.36631808,-0.25396115,0.33332884,0.5527402,-0.055837035,0.7841784,0.5889002,0.0032011394
-0.60809505,-0.17930609,0.05717647,0.6234486,0.3092482,0.18483385,0.25012195,-0.2990434
-0.1647733,-0.092192106,0.35900617,0.59684944,-0.23566139,0.60436,0.44540855,0.39105153
-0.39534613,-0.27096346,-0.2904477,-0.109259486,0.11427008,-0.21900725,0.10447042,-0.045281664
-0.323389,-0.12432642,0.47985578,0.17326534,-0.14797468,-0.085560426,0.3406864,-0.29416677
-0.12734857,0.5574279,-0.4364851,-0.58354175,-0.48366743,0.077079475,0.3293882,0.44486874
-0.5862194,0.026897926,-0.25038975,-0.9208965,0.47056898,0.17218162,0.22814022,0.00040811795
-0.41544384,-0.17615443,-0.48167795,-0.33983052,-0.36082813,0.63021755,0.46080852,0.0347666
-0.42218968,-0.38339096,0.0026113987,0.60146,-0.08974501,0.88621,0.5081965,-0.19546534
-0.30642974,-0.1628906,-0.9094295,0.12013757,0.17199442,-0.4188362,0.16410117,-0.15683039
-0.35846305,-0.14070402,-0.6957443,-0.2612179,0.3950276,-0.10849183,0.21633883,-0.21009563
-0.2286881,-0.045337323,-0.8774618,0.34498107,-0.39602667,-0.6301053,-0.17456679,-0.11109351
-0.29860565,-0.2993894,0.13936186,0.433926,-0.6617891,0.39566797,0.59038836,0.004610413
-0.44887444,-0.11223268,-0.0628081,0.7954726,0.3252313,0.12325898,0.37865967,-0.04079574
-0.51952535,-0.15585028,0.067047,0.72141755,0.36904567,-0.26860023,0.20932953,-0.10726188
-0.16310957,-0.018600222,0.50157714,-0.18742853,0.24040079,-0.2848133,0.14523011,0.5267962
-0.37323886,-0.008214052,-0.7132685,0.33729327,0.22061053,0.1011283,0.33721882,-0.27173632
-0.3117841,0.16782422,-0.7107538,0.1048044,-0.06362415,0.8033372,0.4697829,-0.08039067
-0.59378386,-0.07026837,0.66780555,0.02384603,0.41769716,-0.42934367,-0.027037801,-0.21145707
-0.41551593,-0.15951262,0.15853989,-0.76276386,0.05183484,0.008741859,-0.123882875,-0.15906549
-0.06826408,-0.14402312,0.5155709,-0.1646365,-0.71150756,-0.3837396,0.3584943,0.59463406
-0.5742687,-0.093227826,-0.8741129,-0.24446315,0.25161576,0.013142363,0.28073525,-0.20340084
-0.4394749,-0.13622192,-0.9228556,0.39026117,0.2026405,0.13646129,0.43513128,-0.25100908
-0.23046482,-0.17239067,0.48589897,-0.7422296,-0.67753935,-0.0009144799,-0.06252829,-0.35464653
-0.45250377,-0.07117851,-0.7962397,0.115349054,0.2537173,0.20720482,0.38221735,-0.085356124
-0.19490337,-0.42278692,-0.8858374,-0.3707627,-0.10100285,0.037515115,-0.4786771,-0.13432144
-0.45904943,-0.23469621,0.6243452,-0.12340605,-0.14155316,0.19269058,0.27027366,-0.16023354
-0.48708183,-0.14532685,0.7194036,0.27311993,-0.031203795,-0.54547375,0.011509112,-0.11392335
-0.45597172,0.010830318,0.81376517,-0.08333552,0.36378655,-0.26305735,0.1660288,-0.108348124
-0.41563764,-0.037855346,-0.70519996,-0.55862594,0.19436115,0.17762023,0.035213444,-0.45930225
-0.5526515,-0.14648207,0.11819732,0.008108616,0.4368322,0.18852872,0.15600224,-0.074175216
-0.11282706,-0.10607413,0.47522223,0.010308981,-0.34717676,-0.43791047,-0.025312077,0.08479822
-0.15367074,-0.21208462,0.34972703,-0.7362623,-0.089652225,0.69520986,0.5917074,0.07702034
-0.44259986,-0.18210483,-0.14676267,0.1961509,0.42911175,-0.34306964,0.29719105,-0.15540501
-0.0698026,-0.32976326,-0.046186566,0.6554946,-0.052714314,0.75778514,0.6652508,0.093648665
-0.714169,0.14902748,0.6089593,0.056522727,0.41636032,-0.51350355,0.03879946,-0.0588695
-0.17383228,-0.17268364,-0.003050983,0.8018378,-0.38794833,0.530253,0.3361489,-0.0574892
-0.41914162,0.035417605,0.246943,-0.73724663,-0.26995987,-0.7269512,-0.02568881,-0.169967
-0.61443895,0.033228774,-0.40668774,0.107608676,0.015644591,-0.73773956,-0.468665,0.18799417
-0.6111554,-0.115691245,-0.9213206,-0.11743635,-0.01923194,-0.78259164,-0.3805088,0.11125886
-0.3727642,-0.18095912,0.8556901,0.44727325,0.13923167,-0.35110196,0.05455924,-0.070530765
0.21263336,-0.40831727,-0.21407092,0.37958503,-0.5529358,0.21330312,-0.16154262,-0.17398576
-0.5902177,-0.1462821,0.9473213,0.28551495,0.3969337,-0.45784882,0.062086746,-0.08799936
-0.33694205,-0.009644429,-0.47155815,-0.37498015,-0.45314452,-0.560101,-0.3356971,-0.0994623
-0.27250195,-0.06912976,0.63545954,0.25962257,-0.23618749,0.6499284,0.510524,0.07428958
-0.31619194,-0.2134714,-0.11905885,0.8722874,0.34881902,-0.49736694,0.43656603,-0.17485908
-0.4697016,-0.11297763,-0.4287758,0.33484066,0.4169301,0.21210402,0.39552754,-0.31185833
-0.6068693,-0.22674048,-0.0827229,-0.560145,-0.111680634,-0.5247042,0.13015875,-0.06754175
-0.29185632,-0.36581796,0.117955565,0.45238125,-0.17141277,0.6451604,0.6270052,0.07598288
0.05760018,-0.23609972,-0.6839551,-0.5903697,-0.22986156,0.5876169,0.5752497,0.09535171
-0.43657917,-0.09230233,0.4769194,-0.47756678,0.3473387,0.08480981,0.32298625,-0.0944654
-0.1929855,-0.21798415,-0.9061088,0.18275845,0.19831085,0.2680078,0.34516776,-0.25935552
-0.48104537,-0.19789565,0.26342094,-0.5319208,0.071910754,-0.5964911,0.055998676,-0.23781945
-0.15789163,-0.068032295,0.011161327,0.5805155,0.25717655,0.021482406,0.3178864,-0.031971626
-0.13950686,-0.06734746,0.64898455,-0.51817346,-0.33045775,0.5086474,-0.1666504,-0.46675298
-0.34171277,-0.2916617,-0.15313077,0.5262356,-0.048692577,0.86160403,0.5978819,0.051965665
-0.57280934,-0.011111553,0.9414706,-0.13418537,-0.33118126,-0.56188846,-0.46047157,-0.52430135
-0.13615486,-0.33985752,0.19266796,0.64058626,0.28071836,0.54369897,0.44397005,-0.2598988
-0.42182896,-0.16242716,0.46082592,-0.7503329,-0.95412767,0.14281549,0.26650912,-0.55797964
-0.08769156,-0.36608636,0.2538004,-0.37129915,-0.18837841,0.7028757,0.40381038,0.02241101
-0.37863854,-0.2930217,-0.18683451,0.26462126,0.444738,0.10243943,0.33353946,-0.08809993
-0.43127868,-0.2833751,0.44762266,0.8005533,0.26236233,0.25524917,0.13728692,-0.37073895
-0.3761376,-0.22582424,-0.10941577,-0.9587118,-0.7723582,0.3364028,0.31252542,-0.15942726
-0.5072406,-0.33090505,-0.58219093,-0.26230812,-0.6807099,0.45542622,0.6348535,0.049456652
-0.09656231,-0.35294873,-0.037775934,0.5781462,0.23411827,0.4686975,0.43707833,-0.16440092
-0.2934554,-0.17249496,-0.61805785,0.39478338,0.29669008,-0.2814388,0.08686881,-0.12300573
-0.24319372,-0.34323084,0.25101995,0.18088818,-0.4184516,0.078761145,0.6492173,0.045043554
-0.6210229,0.015393366,0.13459837,-0.76995075,0.47918895,-0.17156942,0.25449792,-0.22175401
0.033917617,0.11309656,0.73066854,0.13972402,-0.3339037,-0.40666673,-0.2511579,-0.49412468
-0.54466885,-0.13350266,-0.06323367,0.582899,-0.025889048,0.71315724,0.40428123,-0.10917901
-0.41791663,-0.19501194,-0.3810261,-0.6617305,-0.74434173,0.22543505,0.23919967,-0.09912765
-0.49843818,0.26337004,-0.84085375,0.3818555,0.3638799,-0.089234896,0.54149383,-0.094367884
-0.4706336,-0.13732035,-0.09823942,-0.76416904,0.2727284,-0.46042484,0.05873909,0.010228963
-0.42184514,-0.30645567,-0.63996005,-0.46131933,0.19250223,0.18925014,0.3832683,-0.119730785
-0.13309689,-0.01921406,0.4773209,-0.77934515,-0.5579553,0.5248005,0.6628923,0.40980968
-0.46338817,0.050892133,0.71459115,0.13177502,0.37252033,-0.42405656,0.031543706,-0.07241053
-0.50247353,-0.15723439,-0.7686693,0.5391066,0.36979985,-0.33922848,0.35275042,-0.18284902
-0.35107923,-0.37118098,-0.15138978,-0.81334054,0.37300563,-0.21248145,0.13900234,0.056520678
-0.41103488,-0.14142302,-0.07266122,-0.49569517,0.20859791,0.26761207,0.16556555,-0.34501112
-0.48173258,-0.040825713,0.015582323,-0.31501234,-0.2427025,-0.78845644,0.15267628,-0.1587959
-0.6631228,-0.26518762,-0.58578897,-0.4357093,0.37525952,0.22527167,0.4115655,-0.2916713
-0.58179,0.05187579,0.31672478,-0.5893607,0.53801924,0.17661268,0.1665762,-0.012460262
0.052719098,-0.21759619,0.3414836,-0.73576427,-0.080232255,0.67272174,0.6523529,0.06321355
-0.17877874,0.10729133,0.1830684,0.16330266,-0.09941522,0.6805646,0.24166332,-0.34651315
-0.2825473,-0.17380297,-0.061216056,-0.3000427,0.062469233,-0.68628335,0.025688568,-0.06052931
-0.25014552,-0.19795911,0.42690516,0.6170783,-0.14467822,0.73294306,0.47807968,-0.1161007
-0.36968815,-0.111314,-0.34914064,0.76069987,0.22751154,-0.38345978,0.2783452,-0.10532106
-0.24374539,-0.11318402,0.300377,0.8301921,-0.28852054,-0.086045064,0.19285104,-0.2077606
-0.2892786,-0.24114159,0.277534,0.35253954,-0.10450202,0.78475994,0.22101243,-0.066178195
-0.26585338,0.035206694,-0.17290342,0.62285435,-0.7223919,-0.4950962,0.42917043,0.56424713
0.031296622,0.22628428,-0.09749609,-0.9129257,0.23962753,0.0094106635,0.41646373,-0.26971662
-0.8829574,-0.2495817,0.04412651,-0.0945732,-0.07779286,-0.76661277,-0.03596237,-0.14409654
-0.46077374,-0.15052257,-0.4116587,0.21151865,-0.044586133,0.752096,0.4084012,-0.14708841
-0.010661708,-0.37689713,-0.61896247,0.20785832,-0.5419412,-0.09250783,-0.27471334,-0.33614942
-0.6000706,0.14417137,0.4433117,0.023220658,0.4850633,-0.44887227,0.027403569,-0.06799443
-0.40599832,-0.26728037,-0.249237,-0.02240479,0.6296782,-0.37175387,-0.1107926,0.13918088
-0.42398432,-0.3134089,0.5603622,-0.0017927289,-0.093240656,-0.6350973,-0.3487538,-0.058781445
0.87987393,0.2020372,-0.2981075,0.22383797,-0.9244299,0.30005822,0.38901824,-0.38361457
-0.30229294,0.2414058,0.59039736,-0.5756512,-0.27804124,-0.46703127,-0.21038945,-0.5516819
-0.104018584,-0.30722785,0.41707897,-0.5930505,-0.35980925,0.47552463,0.2804398,-0.19335386
-0.12899445,-0.39139336,-0.7306438,-0.4182291,0.10910557,0.41803885,0.4294319,-0.320134
-0.4439814,-0.006759147,-0.2728544,0.6459968,0.28732154,0.22097436,0.4102169,0.046015408
-0.35597613,0.0070956843,0.7701298,0.36783946,0.0531906,0.2540998,0.33551437,-0.36811253
-0.2936089,-0.04148661,-0.45145613,0.8624749,-0.33165994,-0.06569418,0.14241831,-0.19160034
-0.061238397,-0.28329587,-0.368254,0.348884,-0.12682055,0.6798835,0.6515579,0.15355507
-0.2840227,-0.30717838,0.64208484,-0.40397525,0.24489734,0.38686574,0.44077176,-0.19114125
-0.61625737,-0.1341137,-0.89511436,-0.19611484,0.551632,0.2774005,0.4766884,-0.1272214
-0.44277257,-0.08761531,-0.19213557,-0.342488,-0.79846203,0.13653928,0.16211693,-0.024701059
-0.29021084,-0.1514257,-0.18145996,-0.8324401,0.37165964,0.014954153,0.12272801,-0.24029757
-0.23299064,-0.14202194,0.7227601,-0.37661982,-0.23293759,-0.24358736,0.061744638,-0.06522632
-0.5602343,-0.10326332,-0.20904297,0.5365416,0.38883278,0.21311313,0.36294672,-0.17340657
-0.09728587,0.039997343,0.29267585,0.46470332,-0.17607911,0.5435402,0.49614388,0.18514462
-0.36574227,-0.23544842,-0.67104375,-0.38765335,0.28953585,0.22210515,0.34940985,-0.16086759
-0.66341656,-0.14825007,0.70221794,0.6271508,-0.8741652,0.17347786,-0.53300416,0.2828014
-0.48882523,-0.24391517,-0.09504974,0.46907187,0.4705749,0.2972205,0.40072876,-0.32453394
-0.3723288,-0.24480449,0.1288724,0.0044642687,-0.32169384,-0.073523246,0.18782184,-0.12124545
-0.77463555,-0.17722921,-0.45130622,-0.2915324,0.15123825,-0.7524415,-0.30205777,0.081985794
-0.46830714,-0.20246221,-0.34010947,-0.28681487,0.037375256,-0.36202934,-0.10060294,0.059882347
-0.34599277,-0.0611873,0.0035165548,0.6902188,-0.7460628,0.24508892,0.3634984,-0.13275655
-0.34126803,-0.040749613,-0.68922704,-0.10175711,-0.1937486,0.09551166,0.20986784,-0.29191965
-0.6303169,-0.29354054,-0.43638444,0.05979848,0.11363639,-0.7481093,-0.3809289,0.20713343
-0.33352092,-0.17031051,0.58790576,-0.046146393,0.5870258,0.045832004,0.13017154,-0.16712786
-0.12702514,-0.24895062,0.2958821,0.29498184,0.33667758,-0.082978584,0.30169523,0.7565886
-0.62410325,-0.064874664,-0.05652368,-0.2705633,0.49440154,0.057421606,0.18952022,0.0041055097
-0.19798788,-0.38667378,-0.81948066,0.1915735,0.051618043,-0.0919421,-0.34720138,0.3384907
-0.5487698,-0.12181819,-0.29471517,-0.18703705,0.15024538,-0.42963937,-0.09225631,-0.1140651
-0.3112237,0.010749002,-0.6609535,-0.2957338,-0.38707948,-0.69069606,0.34753346,0.057007488
0.0056542885,-0.47090736,0.50734997,-0.7131618,-0.59380287,-0.102456346,0.14361146,-0.24085519
-0.50749123,-0.11252698,0.18931746,0.48621845,-0.05288278,0.7610839,0.66150504,0.074217014
-0.38165176,-0.1137321,-0.009201407,-0.6209229,0.33016658,0.48786104,0.3946616,-0.17221053
-0.26514983,-0.23335774,0.31762207,0.6966833,0.103026055,0.19234596,0.35995635,-0.1031484
-0.26324224,-0.108930655,-0.42512208,0.4168198,0.26698756,0.29002765,0.329834,-0.20437695
-0.62404174,0.053809587,-0.029614687,-0.9498715,0.3440173,-0.55471486,0.2104645,0.0946801
-0.24088275,-0.3517996,-0.62417376,-0.62124,0.36674076,0.6514054,0.46276903,-0.26503652
-0.40067735,-0.2034988,-0.7121886,0.34955835,0.23823327,0.19115593,0.43674657,-0.29330721
-0.43475598,-0.14353451,0.538322,-0.7534258,0.3943469,0.15779035,0.17870606,0.00065169827
-0.65150756,-0.37017104,0.4757105,0.5928556,0.43581727,0.35947374,0.43679282,-0.20691751
-0.4739145,-0.02952053,-0.96038175,0.10904586,0.3692377,-0.44686812,0.22892895,-0.039254688
-0.091115505,-0.23592782,-0.0677436,0.20369303,-0.56118894,-0.6849207,0.0073938854,-0.06664612
-0.37856528,-0.052483883,0.50535977,-0.37908906,-0.030327672,0.10533159,0.36256847,-4.9455775e-05
-0.39653334,-0.082382426,-0.9223464,0.39298964,0.00044188922,0.023786277,0.42140317,-0.2071584
-0.38875467,-0.16207455,0.2085985,-0.7158179,0.44293118,0.4753692,0.49364302,-0.14206742
-0.1564106,-0.22441715,0.31063592,0.71146214,0.23219474,0.17097549,0.17354745,-0.14747342
-0.06914635,-0.28475416,-0.39683294,-0.33722955,0.14759801,0.34401855,0.3610132,-0.1647511
-0.5318615,0.037094448,-0.40840656,0.10601473,0.0621295,-0.7598784,-0.50574493,0.19073251
-0.47782516,-0.16520694,0.2516172,0.30503774,-0.3310302,-0.75087017,-0.12866686,-0.054113124
-0.44775754,-0.23502529,0.8008132,0.5495604,0.1138852,0.14963548,0.16773777,-0.23577146
-0.8160668,-0.1497901,0.8441967,0.13175368,0.09998018,-0.7808074,-0.42236516,0.12845674
-0.16934204,-0.3122909,-0.55299264,-0.18927753,0.21469076,0.46221378,0.39359462,-0.26750505
-0.5072869,-0.30356568,0.3911407,0.12780142,0.098439105,-0.30456373,0.14314559,-0.35238397
-0.19535248,-0.23608428,-0.9259621,0.2786529,-0.047452986,0.70112747,0.60517836,0.06979006
-0.37151575,0.041888792,0.667884,-0.091327846,0.29367843,0.1855127,-0.05682978,-0.5407337
-0.56288964,-0.21934253,-0.3178931,0.6325263,0.22473004,0.070958495,0.27928028,-0.05678476
-0.4434041,-0.26640132,0.28354967,-0.84183985,-0.8140552,0.50172234,0.47926304,-0.16722578
-0.41407138,-0.31615287,0.6205158,-0.37295306,0.101532094,0.15524092,0.41121083,-0.104166575
-0.35366496,0.211621,0.9396868,0.121451855,0.20815705,-0.56737393,0.040416416,-0.21455413
-0.106677055,-0.24539837,0.26195562,0.27121353,0.26958314,-0.01387335,0.3434546,0.6333257
-0.27162206,-0.18217513,0.58753407,0.47979724,-0.16468738,0.68211246,0.51171565,-0.04853573
-0.31085944,-0.05932236,0.30396414,0.6379113,-0.37333208,0.6892394,0.5539266,0.21261096
-0.35954154,-0.06680105,0.1966945,0.8846803,0.14986327,0.16630808,0.15821046,-0.16295166
-0.31939977,-0.25417554,-0.84241146,0.5077697,0.3320693,-0.315262,0.42452586,-0.30759007
-0.5479902,-0.0044864966,-0.97179806,0.08251786,0.5607058,-0.10276491,0.25726253,-0.18358731
-0.074960366,-0.16458967,0.2747779,0.23883188,0.33262423,-0.17750974,0.3024659,0.83316994
-0.4655223,-0.23042195,0.12173331,0.34937108,-0.10711784,0.8277091,0.34749332,-0.13661306
-0.22134414,-0.10880998,0.37221396,-0.91855466,-0.49358085,0.42130846,-0.29588094,-0.4502561
-0.32814303,-0.017146911,-0.15696627,-0.019919574,-0.67809284,-0.53948516,0.33233222,0.3502915
-0.25319308,-0.30511945,-0.8100368,-0.2931975,0.2522334,0.339039,0.34763616,-0.20513915
-0.524218,-0.12460084,-0.82260287,-0.07838875,-0.030934954,-0.74178594,-0.33118945,0.13216002
-0.31297505,-0.17994642,-0.48349857,0.23653519,-0.28981477,0.778443,0.6482043,0.1984134
-0.24885084,-0.21135959,0.22867739,0.7671114,0.28248057,0.32567203,0.35630396,-0.25014478
-0.38956472,-0.08306022,-0.038428426,0.68360686,0.2388923,0.28905866,0.27806503,-0.24854593
-0.5014524,0.19765179,-0.75673306,-0.26736873,-0.15472502,-0.7560383,0.07441956,-0.055821136
-0.36824897,-0.23403177,0.12097788,-0.7320972,0.24266098,-0.069542624,0.13724165,0.21905223
-0.6767173,-0.19324788,-0.035698116,-0.19675994,0.5867206,-0.13130546,0.07278298,-0.019481365
-0.5110978,0.05139636,0.90698385,0.3145814,0.26884502,-0.5096432,0.09765398,-0.10802054
-0.52779394,-0.16005354,0.08060324,0.65885735,0.25755352,0.1312525,0.29966187,-0.09993955
-0.12773556,-0.05327033,0.49889314,-0.79441583,-0.4965482,0.5370537,0.600927,0.18576805
0.0020597707,-0.09665397,0.7711884,0.114643574,0.033450566,-0.17531648,0.14459385,0.09331883
-0.42277303,-0.17108116,0.8502976,0.40567994,0.00948318,0.0020514932,0.30971083,0.2700865
0.023190392,-0.26481536,-0.46615535,0.17731345,-0.5381385,0.007525901,-0.25167018,-0.1990482
-0.5145807,0.021222714,0.3004775,-0.7365222,0.44881773,-0.052348908,0.3157789,-0.13063118
-0.33135557,0.24373896,-0.14016104,0.7180685,0.046470165,-0.4059872,0.11464708,-0.28756666
-0.540243,-0.21219243,-0.78293055,-0.07077062,0.25026777,-0.4014293,0.14277692,-0.16356261
-0.09286676,-0.19060336,-0.32002306,-0.8283215,0.26615718,0.40817428,0.42690235,-0.18744358
-0.39538738,-0.19705506,-0.6303495,0.66842496,0.21352305,0.13554728,-0.04287694,-0.1947872
-0.4496541,-0.16012168,0.6037271,0.25052512,-0.36314914,-0.5640903,-0.2856457,-0.20218624
-0.34851676,-0.18012053,0.38732815,-0.7769605,0.39154795,0.36157542,0.39483076,-0.18298401
-0.07557225,-0.36773333,-0.12230176,-0.5681123,-0.10351244,-0.44080505,-0.024043793,-0.057629444
-0.45301238,-0.3162947,-0.025338292,0.844517,0.23582195,0.4093447,0.20717601,-0.2757469
-0.37821797,-0.353507,-0.7809973,-0.2966199,0.33595005,0.10281166,0.3151982,-0.21869417
-0.45796993,-0.27211636,-0.3307503,-0.905506,0.20484841,0.28442743,0.15394326,-0.32565084
-0.35003394,-0.0047846837,-0.22122401,0.7747326,0.0242791,-0.41106433,0.40400496,-0.072177306
-0.24432439,-0.022682872,0.23176241,0.88564634,0.32870376,0.33589575,0.3740126,-0.13697916
-0.48101658,-0.09487057,0.3042469,-0.007510364,0.06923488,-0.35894486,0.10958343,-0.0534222
0.049766403,-0.14557144,0.4265808,-0.5626031,-0.17776507,0.77040726,0.49130955,0.024084141
-0.3034773,0.16503172,-0.8273428,0.23416197,0.35706592,0.23276034,0.1876604,-0.2667553
-0.49582773,0.014617507,-0.275151,0.6440196,0.30864367,0.16437335,0.43652952,0.004174976
-0.49234492,-0.22214212,-0.27490985,0.63330925,0.23745114,0.21010607,0.3291823,-0.051598817
0.31981945,-0.07584307,0.34761703,-0.5736412,0.37974048,0.8857674,0.55153877,-0.77171224
-0.43215072,-0.25328135,-0.80338335,-0.23833466,-0.04231977,0.06175159,0.34813085,-0.098856926
-0.49805874,-0.23583016,-0.051353633,0.68297625,-0.023523912,0.82149243,0.5141225,-0.12049955
-0.4570549,-0.026993807,0.5419359,0.018238544,-0.5296648,-0.61800545,0.13180707,0.3857789
-0.41560003,-0.1702365,-0.15623492,0.8338127,0.16805966,-0.31872597,0.25653043,-0.09435418
-0.2343646,-0.13697836,-0.7072263,-0.33363706,-0.21160655,0.72511756,0.30990413,0.03908466
-0.41016912,-0.14267342,-0.92329144,0.24224007,0.110164,-0.29901645,0.21116127,-0.205023
-0.68080574,-0.311264,0.49116004,-0.4608112,0.43788105,-0.42591575,0.15875094,-0.21491262
-0.6036049,-0.14922123,-0.5598137,0.27513695,0.5206128,-0.1824477,0.3280298,-0.08856964
-0.08710174,-0.27342877,0.19203651,-0.7188291,-0.15848227,0.643604,0.6569045,0.12429125
-0.110943645,-0.18381634,-0.8254113,-0.51546395,-0.24771896,0.56200755,0.18517566,-0.11206993
-0.34589875,-0.14113694,-0.7634868,-0.12502897,0.25700733,0.019877948,0.4975314,-0.15150967
-0.39995807,-0.36763686,0.9154626,0.36700487,0.32684535,0.2400512,0.3786421,-0.19685386
-0.5486606,-0.1339852,-0.1811136,0.5257424,0.37938717,0.27869874,0.3709988,-0.19340657
-0.21002646,0.15955614,-0.18288004,-0.9772928,0.28258902,0.35664937,0.5401082,-0.26690853
-0.5415275,-0.243138,0.43945527,-0.90360415,0.35687813,0.28108737,0.016915055,-0.44439188
-0.5571827,-0.030968208,-0.23149651,-0.86010134,0.36833954,0.28319657,0.46127957,-0.047396764
-0.48829398,-0.31888095,0.02272296,0.667974,0.34656933,0.26758158,0.37298322,-0.12114213
-0.3666381,-0.10456136,0.1672566,-0.045894206,0.18792649,-0.37842682,-0.07317506,-0.18693979
-0.361764,-0.07360925,0.65519154,0.13511169,-0.87889075,0.2128367,0.30146226,-0.11436384
-0.48462108,-0.06869672,0.10588908,-0.7522812,0.02974157,-0.5213811,0.14140649,-0.042880233
-0.29385594,-0.29251578,-0.07846922,0.5713731,-0.19820961,0.26412344,0.4321858,-0.16234148
-0.29498994,0.03234144,-0.8810046,0.09143555,-0.15807866,0.8537329,0.3227481,0.07589153
-0.4497015,0.055988792,0.7829983,0.09267187,-0.80951226,0.14319625,-0.07100207,-0.2335116
-0.4241315,-0.065113366,0.9128418,-0.090316474,0.16555864,-0.37979892,-0.19461213,-0.0677123
-0.26602048,-0.1765969,0.018192768,-0.11597371,-0.13248049,0.05784614,0.015888007,-0.30623814
-0.6696059,-0.2072893,-0.16080141,-0.08371127,0.42827535,0.4170341,0.45645338,-0.34137878
-0.32962292,-0.22980043,0.2128576,-0.36333477,-0.18758117,0.8452391,0.36635748,0.0061139236
-0.52828133,-0.15271918,-0.74303526,0.34821737,-0.2905534,-0.04254469,0.28286877,-0.16317402
-0.07517655,-0.027772885,-0.23157871,0.56682587,0.16622706,0.13131864,0.13243996,-0.16458522
-0.537639,-0.058196593,0.88162804,-0.0024396777,-0.06675753,0.82119614,0.56139654,0.06476196
-0.32156348,-0.2628294,0.43553913,0.18621743,-0.0037490055,0.18161026,0.34505114,-0.017135598
-0.4698833,0.22240563,-0.14399332,0.71465695,0.39752975,0.2135086,0.2527812,-0.1838395
-0.34574306,-0.25143057,0.33659816,-0.6191819,0.2807962,0.26670742,0.354991,-0.22525133
-0.3897635,0.1759686,0.5173063,0.5735314,-0.1654051,-0.017375572,0.28189325,-0.16581333
-0.3682474,-0.14240165,0.77323914,-0.4444484,0.19816358,0.2777018,0.2545584,-0.24189427
-0.585543,-0.039160702,-0.28118628,-0.83713686,0.29557896,0.027410632,0.30905846,-0.1031116
-0.94159806,-0.17891228,-0.19285893,-0.4545973,0.5196758,-0.5171623,0.06307492,0.053490836
-0.3007954,0.05789024,-0.05884558,0.48864388,0.20200032,0.16378216,-0.06957449,-0.48854524
-0.51003456,-0.073549636,0.24332511,-0.50318575,0.5659171,-0.5282969,-0.15630317,0.3025769
-0.46641046,-0.27701592,-0.906169,-0.17362857,0.29387406,0.24443175,0.32726803,-0.10636711
-0.6634372,-0.09817194,0.49740446,0.5644891,0.5604831,0.053367466,0.32581663,-0.37959716
0.3965438,-0.28388116,0.2719854,0.22506249,-0.0850042,0.4758947,0.33057627,0.7004112
-0.34427354,0.2704895,-0.20234829,-0.94927245,0.1422883,-0.2783749,0.3300154,-0.09597795
-0.30717072,-0.21847811,-0.18385416,-0.86055756,-0.077511035,0.7641651,0.39732775,-0.18603005
-0.37974083,-0.2074632,0.22166681,0.66561353,0.36736315,0.29713428,0.47986177,-0.094447084
-0.42502117,-0.05164141,-0.08034545,-0.69891983,-0.3369971,-0.69563764,0.15428543,0.10006126
-0.5052805,-0.2360217,0.24038613,0.13242662,0.38030076,-0.42105523,0.25769752,-0.059273593
-0.014711725,-0.18970117,0.38744926,0.76368535,-0.61087984,-0.18807103,-0.5890187,-0.062609024
-0.26612556,-0.12591836,0.12489653,0.8934903,0.17248479,0.18057284,0.43858612,-0.08322845
-0.40701687,-0.046219278,-0.34435028,0.19636238,0.32388368,0.28532094,0.37269655,-0.34931672
-0.24898505,-0.00059961824,-0.83875984,-0.42951894,0.26429102,0.37147245,0.36029613,-0.25339517
-0.8332747,-0.3116252,-0.37959468,-0.27210742,0.20142283,-0.7146177,-0.06293612,0.049747862
-0.18433005,-0.1457783,-0.10167903,0.6235751,0.32442296,0.43228266,0.52575505,-0.12834123
-0.5408982,-0.2644996,0.032044053,0.104508996,-0.26754212,-0.72305185,-0.033887357,0.10773715
-0.26208115,-0.14023876,-0.53649735,-0.120251775,0.03285915,-0.10201448,0.24761435,-0.13673511
-0.60937524,-0.14878476,-0.53742063,0.0689646,0.11845071,-0.52806216,-0.028465178,-0.0083093485
-0.05523016,-0.12259477,-0.7484162,0.40046287,-0.028087234,0.7344136,0.41356513,-0.120750315
-0.37002438,-0.13122717,0.77080154,-0.060181797,-0.18540125,-0.3656375,-0.25091264,-0.060692143
0.026003672,-0.10348208,0.16723895,0.56696534,-0.07606256,0.67265,0.608108,-0.001389838
0.029707564,-0.022845324,-0.60101485,0.7498568,-0.41779748,0.42142493,0.6797678,0.12327847
-0.25680095,-0.00812083,0.7639364,-0.53088355,-0.5682617,-0.30432186,-0.6294931,-0.37375206
-0.13398872,-0.4041567,0.22958195,-0.9693238,-0.09088132,0.7454234,0.4981797,0.004888768
-0.62003505,-0.03736389,-0.5128546,-0.3720069,0.47120008,-0.33310753,-0.08815031,-0.042885475
-0.27426594,-0.007814641,0.20927417,0.012339711,-0.40662038,0.6685974,0.2703572,-0.13293816
-0.49513826,-0.13254535,0.46905267,0.5629678,0.043946035,-0.5374299,-0.012756134,-0.21351424
-0.5128284,-0.26405826,-0.32617068,0.028783321,-0.8440344,0.002023432,0.09456146,-0.15446416
-0.42868394,0.010265638,-0.26776844,0.6462499,0.23756331,0.1468295,0.3480882,-0.010458866
-0.48331273,-0.0126554025,0.32505393,0.3582666,-0.39925426,0.6192828,0.22039144,-0.13141869
-0.3447096,0.03917088,-0.5591217,-0.48777968,-0.42284733,-0.5088641,-0.46390316,-0.15046094
-0.33127356,-0.10592269,-0.28007853,0.58151937,-0.3859033,-0.69051176,-0.14998643,-0.30769342
-0.48941305,0.067979656,-0.81165624,-0.4326524,0.20170768,0.25101948,0.34988472,-0.1572279
-0.39348868,-0.12842286,-0.91269815,-0.14163053,0.2685151,0.32171237,0.2630733,-0.34330872
-0.5294577,-0.17399952,0.30550134,-0.43213254,-0.36724102,0.66839176,0.29964665,0.14014162
-0.52884644,-0.04500849,0.559291,0.7058315,0.41868317,0.22678326,0.41450593,-0.10788157
-0.19110669,-0.30003378,0.5698569,0.6423602,0.10693159,0.28620082,0.35011122,-0.303206
-0.48192015,-0.28992182,-0.39058334,0.36584377,0.3789692,0.20818722,0.30770525,-0.06559956
-0.22535291,-0.13092034,0.34085798,0.20412171,0.3234095,0.17246649,0.06630477,-0.1921174
-0.37607104,-0.23592953,-0.7371807,-0.21248013,-0.019286029,0.22264387,0.16183028,-0.31836542
-0.19581231,-0.28710076,-0.18475527,-0.8464198,0.07539935,0.078856386,0.22393762,-0.12854922
-0.3844154,-0.36749277,0.0959034,0.9721912,0.0023189492,0.85718197,0.44728187,-0.013779221
-0.45829314,-0.017635386,0.60866165,0.23551679,-0.20870565,0.04888807,0.22628646,-0.28898093
-0.43006763,-0.23692854,0.13119173,0.44587505,-0.07162785,0.77151763,0.6375863,0.05683767
-0.30976668,-0.3753087,0.55413187,-0.4280213,-0.3377169,-0.73330015,-0.041848853,-0.033066068
-0.3712098,-0.023351382,-0.7634868,-0.12502897,0.20955707,0.08360295,0.47933844,-0.24226622
-0.19228575,-0.26661682,-0.04246503,0.2655455,-0.37846822,-0.0002101795,0.12660106,-0.30987146
-0.39600608,-0.14932404,-0.19048119,-0.3668211,0.025183233,-0.42576492,-0.060856305,-0.10731342
0.060487848,-0.31147754,0.1472702,0.54327786,0.047110893,0.2292682,0.014017683,-0.17310745
-0.2604388,-0.09059712,0.61206996,0.21060598,-0.24329008,-0.35902888,-0.21554354,-0.052423656
-0.38622424,-0.16592951,-0.15743524,0.9289812,0.21943241,-0.40643153,0.23877785,-0.06261373
-0.44830164,0.014818852,-0.5377493,0.09342635,0.09107894,-0.40074188,0.0048963255,-0.039835796
-0.24018925,-0.09102813,0.27326727,0.38044763,-0.13007358,-0.30528638,0.23070562,0.010068567
-0.43016756,-0.10411642,0.11857259,0.35200596,0.25943965,0.05668587,0.38887206,-0.20457646
-0.17810258,-0.38065827,-0.5461253,0.089348674,-0.06336245,0.68244433,0.46861747,-0.07964285
-0.4690312,-0.1127334,0.5693151,0.5052656,0.2215167,0.1697577,0.31620118,-0.13743426
-0.36646238,0.11826589,-0.7923029,0.3686521,0.18923031,-0.117336884,0.5495352,-0.15941936
-0.3149986,-0.24884425,-0.6598197,-0.45785666,0.17815936,0.31626418,0.34319818,-0.3202873
-0.2879913,-0.12051974,-0.7154362,-0.22434497,0.38114807,0.23656778,0.32346874,-0.20200662
-0.54311746,-0.19535246,-0.3075993,0.58136,0.32619786,-0.05902081,0.13531362,-0.4682948
-0.46543428,-0.27675146,0.24492013,-0.9406843,-0.097960845,0.9449593,0.23715794,0.08930331
-0.6377717,-0.21486232,0.6567894,0.38116074,0.49175975,0.17568572,0.29309088,-0.062374584
0.021846874,-0.104322515,0.3757912,0.583969,-0.1412647,0.61592495,0.6917449,0.07769436
-0.4665379,0.005707224,0.69533145,-0.188402,-0.06670863,0.7775695,0.19691853,-0.19371456
-0.23583806,-0.17350215,-0.4430461,0.06659675,0.05603006,-0.16421229,0.19013199,-0.21107128
-0.3919244,-0.38102496,-0.6172639,-0.5040453,0.51115644,0.44713286,0.42045337,-0.3054929
-0.06965424,-0.31178188,0.49944544,-0.3421126,0.20574848,0.4618052,0.3366946,-0.15056872
-0.43426737,-0.20870848,0.6945989,-0.35275382,0.3026246,0.38374633,0.48109815,-0.12747288
-0.48622316,-0.21502516,-0.750617,-0.21873826,0.21777372,0.44133973,0.22516449,-0.29768676
-0.11629598,-0.077250235,0.550387,-0.6249444,0.12428213,-0.2657463,0.1174256,0.015563736
-0.3876682,-0.23693416,-0.14522135,-0.70751923,0.29829162,0.23346236,0.39167595,-0.21552444
-0.4636459,-0.012821893,-0.5084372,0.4976387,0.36185694,-0.06607289,0.2824944,-0.17930342
-0.7398619,-0.21064171,0.22431314,-0.19442719,0.45338166,-0.27966854,0.00015586782,-0.06342557
-0.27525005,0.11889746,0.08899522,-0.679649,0.3986758,0.2712998,0.34260434,-0.29071772
-0.24695422,-0.22736032,-0.734431,-0.0014246106,-0.30988172,-0.03012638,0.16114967,-0.14680834
-0.552587,-0.12700282,0.21969461,0.83808684,0.43078238,0.17514952,0.3372009,-0.09834111
-0.23767069,-0.17552559,0.79975796,-0.5721366,-0.38619736,-0.03278283,0.065306105,-0.35660848
-0.14731446,-0.23562923,-0.42037445,-0.7777082,0.014620655,0.8152288,0.6066467,-0.032756273
-0.39893302,-0.10251597,0.26542544,0.64230597,0.1724331,0.22667764,0.34597993,-0.20473741
-0.3762162,-0.14483808,-0.86025167,-0.23228061,0.34353513,0.28317714,0.4157538,-0.2621093
-0.4603962,-0.33920074,-0.22251797,-0.1515801,0.27318653,0.18992561,0.36690423,-0.1697033
-0.20795317,-0.18763031,0.12277055,0.492383,-0.13353457,0.657307,0.6492013,0.077656195
-0.3445311,-0.26069123,-0.29413307,-0.5610553,-0.50198615,0.55554813,0.27748817,0.092766434
-0.27543247,-0.16082329,0.41994286,0.7200875,-0.13870735,0.68816555,0.39969578,-0.04363935
-0.077471346,-0.13057515,0.20896399,0.4100932,-0.13771452,0.6236211,0.41003105,0.034819484
-0.47837234,-0.19054496,-0.25354016,0.878355,0.38457438,-0.23682882,0.33492243,-0.30972826
-0.6408813,-0.073756926,-0.43161583,-0.2836458,-0.10406149,-0.71131355,-0.081500016,-0.12695417
-0.29321688,-0.08580427,0.21061027,-0.5804496,-0.10200017,-0.07134676,0.157438,-0.033474114
-0.3192465,-0.00300629,0.06272805,0.62080586,0.1983188,0.31100082,0.37991494,0.13684577
-0.28622913,0.04642478,0.43389988,0.0072813034,-0.23310821,-0.659841,-0.18423612,0.20767963
-0.3541386,-0.36015365,0.5924562,0.4842949,0.19246621,0.34999216,0.4120691,-0.24174546
-0.41958088,-0.17239867,-0.2859689,-0.835889,0.23634784,0.036080603,0.26815197,-0.113810845
-0.30576357,-0.24688244,-0.21352887,0.59536123,0.37570634,0.24615161,0.38983786,-0.057074692
0.19077547,0.4188886,-0.3773033,0.8773614,0.42699316,-0.047749575,-0.5187059,0.5365343
-0.26837078,0.06466227,0.39168847,0.65020764,0.25648534,0.24952044,0.46509084,0.026162783
-0.37832284,-0.20408171,-0.4664749,0.73148584,0.124643214,0.14671628,0.44874197,-0.13278662
-0.4866369,-0.38020602,0.5788363,0.21652007,0.38944227,0.4543717,0.2591071,-0.13007122
-0.2254559,-0.2060819,-0.5292624,-0.78697646,-0.491636,-0.061515905,-0.15847415,-0.6244701
-0.29923403,-0.23614196,0.083375216,0.44381285,0.0936108,-0.19571838,0.15141867,-0.18135987
-0.43162873,-0.14149489,0.40349972,0.40976155,0.47594523,0.26648936,0.41285843,-0.143147
-0.25236523,0.061318386,0.5959616,0.4955734,-0.047872864,0.2772211,0.26169378,-0.22858243
-0.33895773,-0.3220863,-0.5632395,-0.0011430383,0.13256955,0.56355417,-0.22116688,0.23626968
-0.19786574,0.197596,-0.27260005,-0.40247804,-0.002124797,-0.1960808,0.15814252,-0.25264743
-0.35733637,-0.3381498,-0.2575168,0.5597216,0.29907787,0.25446403,0.23353495,-0.17956316
-0.44031426,-0.14849885,0.06947231,0.7871944,0.27297238,0.32926384,0.3962908,-0.25610572
-0.4914021,-0.14242885,0.4368031,0.5968127,0.2433515,0.0084974095,0.37887976,-0.143487
-0.44025183,-0.31595677,0.019800186,0.6620163,0.04037465,0.34553277,0.306492,-0.19050896
-0.20625249,0.023363445,-0.32538015,0.024484515,-0.29379523,-0.4562309,0.26585624,0.4173755
-0.2911988,-0.10241017,0.41146183,-0.89428335,-0.31333917,0.66856104,0.3615894,0.24461111
-0.26660267,-0.015004854,-0.6509218,-0.46570277,-0.04074536,0.75272185,0.5455086,-0.11643331
-0.13580538,-0.04651339,0.287256,0.65196025,-0.0681061,0.6721195,0.6652101,0.053594626
-0.27140996,-0.18140581,0.2691753,0.49880886,-0.3028038,0.6663661,0.7613838,0.225386
0.05006234,-0.052974645,-0.55480796,-0.49798316,-0.27436766,0.15134048,0.5932401,0.39097843
-0.57583517,-0.029484797,-0.5603979,0.32891154,0.4790347,-0.3746191,0.19728531,-0.1556602
-0.4096078,-0.06711537,-0.28338474,-0.32975674,0.041058935,-0.31788817,0.4526716,0.42575213
-0.14310294,-0.14418328,0.67581785,-0.18420416,0.0932374,0.19811618,0.07205261,-0.0949959
-0.4189535,-0.16519947,0.41185582,-0.74951446,0.17069343,0.23525664,0.2513689,-0.09909023
-0.48359734,-0.112517945,0.45463014,-0.20788789,0.23388621,0.50312257,0.33863944,-0.26405883
-0.5337293,-0.13482325,-0.24406183,0.41216314,0.215193,-0.52282226,0.15719803,-0.09025123
-0.32279798,-0.11413395,0.071769595,-0.8475534,-0.0015196704,0.80516833,0.3227087,-0.037013866
-0.39096594,-0.1001128,-0.55757535,0.82515955,0.49458686,-0.30560276,0.44922364,-0.5244965
-0.29941115,-0.44624332,0.12256014,0.46227396,-0.049730413,0.7975869,0.61725926,-0.07653043
-0.34284568,-0.25932705,-0.5252043,-0.123738885,-0.39126998,-0.66583455,-0.28662506,-0.27028972
-0.450725,-0.053320173,0.36997783,0.72982967,0.24159515,0.33025095,0.19535096,-0.2675729
-0.1628106,-0.21197803,-0.3053586,0.43422687,-0.8542456,0.29699445,0.47274342,-0.0055629765
-0.30046603,-0.20203093,0.22085762,0.08768785,-0.06455629,0.70704806,0.7196658,0.4430526
-0.26158613,-0.24026842,-0.59828573,0.118540525,0.27224272,0.40229937,0.75733846,-0.14134745
-0.43937778,-0.48556682,0.071620226,0.37345552,0.29589102,-0.4045137,0.029293714,-0.10023812
-0.3734631,0.031041536,0.5140979,0.109107256,0.44527924,-0.35113952,0.25022578,-0.10311421
-0.3427626,-0.16938503,0.31692016,0.16328025,0.21337685,-0.31327793,0.15557526,-0.1095554
-0.33370784,-0.24699737,0.6218257,-0.031282663,0.27402794,0.32358587,0.34166172,-0.109270684
-0.2470239,-0.2927262,0.48422587,-0.6915567,-0.35811833,0.56530607,0.7078457,0.016272882
-0.5176841,-0.09165749,-0.022129416,0.5990313,-0.7626175,0.457675,0.32284355,-0.1327774
-0.40992758,-0.30095607,0.027741432,0.39406288,0.3068019,0.22539452,0.3607717,-0.09582843
-0.10997899,-0.25529948,0.30983865,-0.81899184,-0.458004,-0.13866827,0.19585258,-0.1162059
-0.28606066,-0.045109157,0.30170965,0.8145703,-0.5608154,-0.5406987,0.27800804,0.3215424
-0.12430219,0.0047144787,-0.66338146,-0.42801237,-0.00222434,0.6324129,0.43248627,-0.12370355
-0.2873916,-0.3825479,-0.3242249,-0.24640787,0.026107093,0.8347828,0.84199756,0.23881753
-0.41429836,-0.27207017,0.26284063,0.75433373,-0.27148405,-0.15584408,-0.3074236,-0.0849213
-0.45595962,-0.12612392,-0.6069991,-0.7048706,-0.06769642,0.75618905,0.6455195,0.08494589
-0.3366119,-0.029660497,-0.85144734,-0.042886257,0.09448934,0.11384867,0.2175563,-0.14462234
-0.5521882,-0.18547857,0.4373678,-0.78268737,0.31139573,0.3646803,0.3431009,-0.25085726
-0.2512727,-0.42927235,-0.82350004,-0.110850036,0.19601762,0.30920887,0.41874945,-0.3077267
-0.3125537,0.020586405,-0.24275059,0.66980636,-0.23204876,-0.59437555,0.112110004,-0.04515151
-0.45481044,-0.10877518,-0.28467077,-0.8371471,0.30845663,0.12690791,0.30512315,-0.07304222
-0.2796762,-0.013763736,-0.32247996,0.21039915,-0.52409977,-0.68249816,-0.76340085,-0.06576698
-0.24210283,-0.15599483,-0.68735266,0.34073067,0.16379873,0.18285757,0.42725256,-0.33147258
-0.22483426,-0.134846,-0.29379225,0.43359172,0.06415553,0.2516343,0.26954657,-0.25272506
-0.44347772,-0.14633285,0.24790084,-0.45750004,0.053381305,0.16964883,0.23433787,-0.07936062
-0.52936506,0.092334636,0.38285232,-0.90305406,-0.35015205,0.8402135,0.58026254,0.294825
-0.34323812,-0.073773265,-0.39264417,0.19991219,0.53613853,0.1371927,0.39967886,0.039995145
-0.47203198,-0.36547032,-0.39715976,-0.32846463,0.26534036,0.14643554,0.28954577,-0.26358628
-0.54131037,-0.20138913,0.38539588,0.6374308,0.23327611,0.04495567,0.20455626,-0.21264397
-0.48214057,-0.28334317,0.2051208,-0.7526208,-0.80019873,0.14028935,0.2735588,-0.044420745
-0.2784025,-0.3735868,0.168895,0.51847017,-0.07862554,0.6624975,0.6768654,0.022389602
-0.40866223,-0.1199714,0.586548,0.23520136,0.10508041,0.24369779,0.05941721,-0.43754438
-0.18921797,-0.14192319,-0.29379225,0.43359172,0.12487461,0.2963226,0.32741025,-0.25373757
-0.055704135,-0.29734096,0.34305096,0.5467042,-0.32853848,0.4373882,0.7017796,0.052320525
-0.48143235,-0.07933921,0.8066468,-0.45852786,-0.2632164,-0.09710929,-0.33799016,-0.571926
-0.33231533,-0.2257775,0.8268262,0.56619537,0.3843094,-0.22396778,0.13629505,0.08772761
-0.3153478,-0.04720543,0.7645037,-0.060194135,-0.39780048,-0.57668114,0.034637056,0.16726518
-0.3358574,-0.23896064,-0.7028515,0.16815674,-1.0438045,0.29797274,0.4686291,0.01878138
-0.30746922,-0.067728184,-0.31526732,-0.83579266,0.50693965,0.44685832,0.4033577,-0.19986461
-0.5690487,-0.09660975,0.29530752,0.81496847,-0.19390117,-0.8915463,0.20467341,0.1303879
-0.5175696,-0.27471536,-0.36655998,-0.748471,0.35742906,0.51109016,0.5416918,-0.17633997
-0.24501242,0.026226718,-0.7687531,-0.23601824,-0.21585573,0.6592457,0.20939113,-0.17810628
-0.28217417,-0.024765264,-0.2102145,0.31768286,0.060496956,-0.3483948,0.20344765,-0.17383042
-0.5365872,-0.03599542,0.17517114,-0.74768674,0.36030564,0.26719582,0.29862207,-0.23652259
-0.2730034,-0.09025125,-0.014493048,0.070756435,-0.44642374,-0.66802454,0.10245113,0.06908179
-0.5566262,0.045373846,0.9328425,0.2120564,0.21751623,-0.08596001,0.069277294,0.04488582
-0.42719567,-0.11878564,-0.500402,-0.17585903,0.09045926,0.13512686,0.31961447,-0.13832548
-0.08532564,-0.10392159,0.26226425,-0.7236444,-0.68240964,0.42516443,0.5176642,0.24007618
-0.23519076,-0.04252797,-0.57341707,0.3402785,-0.18025844,0.5012296,-0.07160726,-0.4518344
-0.3580259,-0.12531476,0.3846147,-0.5810456,-0.19088592,0.91077995,0.54392046,0.105131045
-0.3971728,-0.18831922,0.21860301,0.3322332,-0.30612916,-0.083471045,0.23750423,-0.16304643
-0.37675813,-0.3051847,0.17139602,0.23168278,-0.018733788,0.063617915,0.004215694,-0.3595241
-0.33370322,-0.005936618,0.5782007,0.7604146,0.14324947,0.08376528,0.269072,-0.16334926
-0.43180394,-0.3393659,-0.8055385,-0.24230719,0.22924373,0.14319739,0.4115983,-0.23580316
-0.18889956,0.014089872,0.13201761,0.5715823,-0.4674249,-0.084737204,0.2519809,-0.2079293
-0.09212062,-0.29750305,0.15264642,0.3457893,0.002919244,0.5721073,0.27614537,-0.099567704
-0.44967276,-0.00018825677,-0.051380873,-0.9032774,0.48637286,-0.43657163,0.13084246,-0.07018569
-0.5526324,0.09623367,0.45168352,0.74387586,0.47497788,0.07725173,0.33175424,-0.13284658
-0.5078193,-0.16018556,0.2245444,-0.8965099,0.39177388,0.6306501,0.51431954,-0.24539746
-0.41676986,-0.1274722,0.2954855,-0.65838075,0.21430302,0.14977124,-0.12896176,-0.5006675
-1.0464365,0.25583038,0.21793997,0.28591073,0.46639153,-0.5239893,0.17731987,-0.0075719776
-0.30806097,-0.34129456,-0.40546292,-0.15082663,0.19794017,0.4158844,0.34846106,-0.2405813
-0.41452712,0.08680437,-0.20584112,0.6373708,-0.6511877,-0.5955116,0.46587193,0.5565072
-0.4110803,-0.15384573,-0.63150644,-0.28130096,-0.08521049,0.8314737,0.38488993,-0.022189744
-0.34681994,-0.10036228,0.41956043,0.5051639,-0.5228868,-0.8136652,0.20794357,-0.12572904
-0.6517035,-0.12581754,-0.47061515,0.7191731,0.64152193,0.2987286,0.55356586,-0.07249802
-0.41410518,-0.09873831,0.5852606,0.6413437,0.1675668,0.2587301,0.19024312,-0.21731983
0.27446175,-0.4046927,-0.6145933,-0.04977119,-0.74884206,0.10488261,-0.17908625,-0.117086016
-0.31563562,-0.37739065,0.035935044,-0.7590337,0.2755245,0.3915532,0.21660036,-0.38710582
-0.16035002,-0.29028314,-0.1131866,0.58801615,-0.19173418,0.6685908,0.55916756,0.085906
-0.3834151,-0.040973295,-0.2274642,-0.23204625,0.08211331,0.06415828,0.16295202,-0.07470464
-0.49726433,-0.29446653,-0.2818975,-0.56097746,0.25051668,0.26495185,0.40296698,-0.04383398
-0.453212,-0.16287462,0.7439519,-0.36969125,0.1865865,0.08298279,0.26174125,-0.14517897
-0.3708034,-0.032051127,-0.07586473,-0.77924365,-0.21085596,-0.81589955,0.010684647,-0.11296576
-0.4318224,0.058932427,-0.98082924,0.0065660477,-0.78361815,0.09277464,0.25303712,-0.045033935
-0.118447244,-0.029619005,-0.34779894,-0.66054606,-0.0969522,-0.23995842,-0.12647055,0.048563376
-0.22829717,-0.17542131,-0.5027064,-0.6331302,-0.08138395,0.15832621,0.0043749614,-0.4575699
-0.29704887,-0.3280032,-0.6025526,-0.30330372,0.3211563,0.0005286575,0.17103493,-0.23319478
-0.2890128,-0.15839298,-0.087096035,-0.76407063,-0.15523992,0.6957689,0.3520981,-0.13966744
-0.35584188,-0.035891984,0.6264026,-0.71562403,-0.21305726,0.050953668,0.26814693,-0.2889785
-0.30936542,-0.20377398,-0.6430056,-0.45951068,0.0961723,0.2215018,0.29024652,-0.21604884
-0.3537655,-0.25431803,-0.7916328,-0.014420629,-0.411325,-0.3358084,0.17618881,0.22998385
-0.35872,-0.049643,0.4456582,-0.00021344423,-0.07755026,0.4156279,0.16129902,-0.19964239
-0.06662725,-0.22074261,0.28317082,0.66911757,-0.13251168,0.6339978,0.68151134,0.077100195
-0.42567408,-0.3182434,0.17993808,0.22425234,0.15737467,0.15071629,0.3467119,-0.08414773
-0.19229612,-0.17450455,-0.2325949,-0.43702227,0.25773284,0.33505464,0.41713083,-0.17330621
-0.37224728,-0.2931803,0.52476346,0.6283016,-0.12465425,0.77261096,0.20845723,0.001284102
-0.6278205,-0.15236881,-0.20521498,-0.15782708,0.64692336,-0.113750935,0.3422565,-0.1953533
-0.35848725,-0.23452216,-0.08695799,0.65163493,0.06934172,0.21180011,0.1758399,-0.29672387
-0.39070278,-0.34033373,-0.75875676,0.23348796,-0.8348079,0.23247905,0.3650517,-0.24622008
-0.24739164,-0.04452676,0.5419359,0.018238544,-0.7913825,-0.38791496,0.12594041,0.102196835
-0.2922517,-0.2857468,0.44110477,-0.49983776,0.3866214,0.39861366,0.46455196,-0.18401612
-0.40529957,-0.1800735,0.65642285,-0.41992354,-0.525054,-0.5421605,-0.12951604,-0.048315693
-0.43334395,-0.03611045,-0.6182784,-0.4720189,0.19445421,0.18464506,0.3973641,-0.14632839
-0.5297567,-0.08158985,-0.12494606,-0.94347715,0.38454366,0.23922847,0.23933326,-0.16181384
-0.48336768,-0.09742762,0.34750307,0.29498947,0.054712728,-0.44754452,0.15200192,-0.103649065
-0.6220136,-0.10484249,0.734974,0.07281196,-0.2028387,-0.7125424,-0.04693911,0.0075020995
-0.44708258,0.10285332,0.41061723,0.4687891,0.3867435,-0.3144537,0.18932123,-0.112189345
-0.34651914,-0.45913744,0.14211619,0.8248756,0.40693527,0.570988,0.20422281,-0.36069033
-0.32223785,-0.37154934,-0.54131055,0.076955914,-0.1982845,0.11622402,0.32066464,-0.21763992
-0.3666782,-0.28714052,0.56769776,0.6010797,-0.35163763,-0.55616665,-0.354743,-0.24549635
-0.36016816,0.042164627,-0.14981884,-0.09486902,0.45076528,-0.20185885,0.16744553,-0.104938485
-0.50282085,-0.29394594,0.89261997,0.035156846,-0.2575454,0.042383056,0.23876029,-0.0383387
-0.3039322,-0.23273955,0.1383177,-0.24832624,0.104389034,0.06526603,0.19818312,-0.055105083
-0.3037209,-0.328671,0.21925795,-0.719751,-0.09328916,0.75346506,0.43549234,-0.16488448
-0.55961514,-0.057098176,-0.8397102,0.28908575,0.5053594,-0.3836173,0.33438203,-0.041443255
-0.41621038,-0.03417095,-0.2839508,0.63526833,0.31167775,0.27628604,0.415564,0.083622605
-0.36853045,-0.20713872,-0.44750583,-0.025680125,-0.55071837,-0.62588185,-0.48052764,-0.14696406
-0.28810775,-0.13634613,0.45283782,0.16377461,-0.04040347,0.00023430926,0.12045777,-0.11632798
-0.31671503,-0.147584,0.4845698,-0.041050255,0.21177766,-0.23532054,0.030406624,-0.12531275
-0.42152148,-0.17827582,0.5346664,-0.033471942,-0.3619874,-0.74430096,0.0077263652,-0.07656839
-0.35912874,-0.20246516,-0.64924526,-0.47018433,0.19265804,0.2751298,0.44554186,-0.012090242
-0.39265785,0.009137605,0.0153336525,-0.8908137,-0.032403182,-0.44004002,0.14597285,0.19133192
-0.28856423,-0.18255901,0.62464464,0.10519767,0.49010006,0.26629496,0.37891594,-0.20308284
-0.5227629,-0.05081747,0.25740755,0.49228895,0.034962658,-0.09128086,0.16966176,-0.123745486
-0.4438537,-0.11397972,-0.018316448,-0.24482948,-0.2350592,0.76269114,0.52731097,0.17293335
-0.34492984,-0.036136035,0.39601684,0.04833722,0.18809734,-0.3605397,-0.06942293,-0.24803084
-0.5758285,-0.1760273,0.049541354,-0.65019363,0.48363304,-0.07648481,0.16148327,-0.0049420325
-0.4531616,-0.30621982,0.017870188,0.67794585,0.23617555,0.2646007,0.31847703,-0.10061276
-0.27257663,-0.26304847,0.40536368,0.68050265,-0.04419026,0.7682666,0.518499,-0.096267335
-0.44635168,-0.054668237,0.6624775,0.30978036,0.34141606,-0.51299167,0.13455677,-0.064849585
-0.45691457,-0.18206476,0.23594701,0.45792162,-0.05748096,0.78757083,0.6197537,0.010153207
-0.20725778,-0.081689216,-0.59070164,-0.6485752,-0.07673378,0.0932467,0.17101736,-0.20262869
-0.5360023,-0.25538072,-0.27169478,-0.46954966,-0.7840528,0.3546653,0.39833173,-0.33146158
-0.44439405,-0.22011359,-0.81094813,-0.2359904,-0.16513444,-0.0024585796,0.26620176,-0.20289072
0.017691208,-0.5577189,-0.2717111,0.17938662,-0.05702933,-0.27544641,-0.20878896,-0.02891076
-0.42291203,-0.22177146,0.16519094,-0.2963733,0.04384347,-0.5090623,-0.14710589,-0.08160125
0.22278641,-0.2087309,0.2594484,0.27350307,-0.11020901,0.5568777,0.37482956,0.7771958
-0.3792948,-0.22405379,0.47962606,-0.7545132,-0.19925828,0.1377257,0.15336919,-0.36764294
-0.39838818,-0.21715048,0.252043,0.732741,0.63350123,0.04401723,0.3910477,-0.47228897
-0.42990923,-0.16097668,0.31374633,0.148741,0.2687074,0.27875707,0.35738185,-0.2380851
-0.3482274,-0.015875455,0.19853532,0.29775023,-0.35945496,-0.47620228,-0.48172018,-0.27015996
-0.43168887,-0.04173689,0.1534878,-0.79219157,-0.8014149,0.31892854,0.27215135,-0.24154763
-0.5717338,-0.0362203,-0.2638529,-0.3675334,0.5083888,0.26517683,0.39264962,-0.2613571
-0.4000423,-0.020185973,-0.57392883,0.629302,-0.06835702,0.84172106,0.5524103,0.048409957
-0.41474208,-0.08791145,0.091557026,0.19355977,0.32157445,0.31333157,0.45200995,0.028869873
-0.5723386,-0.14520305,0.1340977,0.39212596,-0.045093566,0.80108964,0.5991623,0.08724654
-0.11567551,-0.079914995,-0.024926484,0.00058305264,-0.67346805,-0.55043036,-0.63867307,-0.07693509
-0.3782766,-0.13752975,-0.73238623,0.5699141,-0.81998014,0.34597892,0.39082077,-0.37645137
-0.25086677,-0.014466177,0.6688423,-0.08349198,0.2051483,0.19588204,0.0014451009,-0.51401424
-0.41621855,-0.40323168,0.50152004,0.56257355,-0.21252614,-0.10702772,0.24205154,-0.20649458
-0.11760318,-0.34535563,0.34080946,0.53513277,-0.16839556,0.63897735,0.62974536,0.06241996
-0.46638596,-0.16673982,0.3534248,-0.71073306,0.3223829,0.31245315,0.32325906,-0.16977294
-0.43285927,-0.16153824,-0.54038095,0.6824502,0.2913026,-0.4113408,0.25647408,-0.051948376
-0.12546779,-0.21288656,-0.10958511,-0.927212,0.31429893,0.089124225,0.5314007,-0.39152968
-0.21085781,0.040776525,0.22985482,-0.7438852,-0.3307569,0.70465046,0.35300767,0.0722091
-0.3200854,-0.04402497,-0.0022230148,-0.74150354,-0.074181974,0.62964153,0.29411912,0.05699616
-0.34825596,-0.054856483,0.24557233,-0.7726417,-0.13232069,0.83425677,0.62312245,0.0042123753
-0.25662285,-0.16005796,-0.664285,0.076382756,-0.11194339,0.74530566,0.5536025,0.12910546
-0.21880345,-0.14678942,0.273211,0.33841288,-0.6622737,-0.52319014,-0.35791764,0.14529403
-0.3051203,-0.14893831,0.8192992,0.5689645,0.38813403,-0.17316052,0.11323074,0.09227579
-0.26377672,-0.35223296,0.04384315,0.65368545,0.16850778,0.29987374,0.34659126,-0.27631456
-0.3880345,-0.22571754,0.072041154,0.8097966,-0.17838444,0.71710396,0.59843814,0.011689163
-0.3094144,-0.16463701,-0.34934545,0.823611,-0.41673437,-0.583329,0.16041929,0.19131516
-0.4531927,0.0962371,-0.86715966,0.022229671,0.4029148,-0.056244988,0.16410075,-0.050117217
-0.5257727,-0.19255081,-0.28696245,-0.74624765,-0.1338422,0.7807437,0.34213242,-0.16176485
-0.27548304,-0.089572705,0.009132981,0.7486973,-0.013403165,0.3961901,0.41341528,-0.13335751
-0.38709667,-0.22235766,0.6344234,0.26501143,-0.27670002,0.7887702,0.34666935,0.003056336
-0.7381349,-0.026315179,-0.7675196,-0.3537153,0.6260754,0.093682006,0.11747488,-0.26599503
0.058634173,-0.15569061,0.033429623,0.29744232,-0.111928925,-0.22605327,-0.33735707,-0.19856463
-0.30025214,-0.31692925,0.33935487,-0.5002432,0.09687821,0.107041106,0.34651375,-0.13301949
-0.60332096,-0.1739551,-0.7717077,0.22294211,0.24953443,0.23491083,0.41772422,-0.021068584
-0.40629777,-0.1751339,0.414526,0.08020449,0.030274374,0.07805169,0.20693864,-0.09557081
-0.23781781,-0.05812728,0.21451366,-0.7826764,0.24203739,-0.19735985,0.23237148,-0.13903645
-0.40170428,-0.19192128,0.15961027,0.7677537,-0.5996359,-0.7196871,0.10095606,0.11626906
-0.5368301,-0.120413035,0.0062098503,0.23517263,-0.02421706,-0.7537661,0.17488831,-0.0449143
-0.5802532,-0.1678126,0.6699563,0.54456997,0.3018803,-0.11060842,0.07611481,-0.030746803
-0.37197497,-0.033940237,-0.26369148,-0.9071135,0.15445845,0.2560625,0.46094292,-0.052366123
-0.32531187,-0.09693934,-0.9321749,0.31150472,0.088296585,-0.351638,0.1824883,-0.011100754
-0.28572443,-0.23907605,0.50845075,0.67129064,0.16948526,0.40186268,0.24996018,-0.3275855
-0.25445634,0.02270687,0.95422447,0.31265533,-0.12698403,0.74197155,0.28245157,-0.056296024
-0.27524647,-0.40152833,-0.11343157,0.64050317,0.2554252,0.32081482,0.34927252,-0.25257942
-0.04304858,-0.13350527,-0.09644371,0.6641344,-0.9142502,-0.6402901,0.39913964,0.44873574
-0.13698715,-0.20525378,0.46556294,0.6005895,0.3253035,0.0067800065,0.41305545,-0.28314352
-0.14675054,-0.08966043,0.37477708,-0.8594729,0.16670853,-0.34176263,0.0019715154,-0.060295448
-0.20205344,-0.29323572,-0.036647916,0.5687494,0.07648819,0.4145656,0.38628522,-0.09573787
-0.3893154,0.10560491,-0.3548866,0.2987075,0.43877107,-0.043050252,0.31166634,-0.22931433
-0.416086,-0.23793814,-0.9218408,-0.33584946,0.095807225,0.19044052,0.21541004,-0.30641785
-0.58425564,-0.206307,0.26743853,0.8216804,0.30311695,-0.3204124,-0.022473406,-0.06611022
-0.4550522,-0.26782763,0.2523105,0.65598226,0.34690803,0.11969446,0.42619848,-0.0042888257
-0.50774175,-0.22307853,-0.073946536,0.90266526,-0.8343345,-0.040499486,0.21804348,-0.1408424
-0.42468214,0.057097603,0.9412776,0.2652148,0.16371483,-0.5626498,0.121134415,-0.019367108
0.0005651843,-0.3574543,-0.5657829,0.1767441,-0.19544534,0.6752565,0.7202982,0.08516379
-0.15580517,-0.016501125,-0.7890977,0.07003665,0.20944256,-0.32593352,0.026204877,-0.048667684
-0.36434504,-0.15807278,-0.8165436,-0.21122682,0.032362826,0.74866754,0.48683876,-0.012477439
-0.44480276,-0.114401355,-0.2227822,-0.72644925,0.5016768,0.21848443,0.28738537,0.2724289
-0.2511426,-0.080453746,-0.9143657,-0.19720304,0.2829432,0.39555186,0.52243096,0.0018791244
-0.3030802,-0.34166175,0.68643224,-0.46485382,0.057077315,0.21514072,-0.056543943,-0.17517339
-0.4522006,0.00966454,-0.441342,-0.4458341,0.15851665,-0.28370568,0.046915174,-0.23408625
-0.17812142,-0.21303514,0.736053,0.38254976,0.2471836,0.31449798,0.2746502,-0.5600407
-0.27257475,-0.0061511947,0.6507225,0.01727724,-0.053266436,0.07206637,0.0649037,-0.35828075
0.08555515,-0.21883693,-0.6753174,-0.6795989,-0.13137051,0.15493776,0.06608491,-0.103746764
0.08306329,-0.48776382,0.23662579,0.90192604,-0.104117095,-0.45169982,-0.23720051,0.12527953
-0.4258615,-0.03213248,0.19133353,-0.447578,-0.6917005,0.43044806,0.5012739,-0.09902877
-0.33602113,0.051206652,-0.18712932,0.6028662,-0.13483724,-0.6824356,-0.009536311,-0.010651788
-0.29426765,-0.009431775,-0.37924582,-0.41493005,-0.090676025,0.8921008,0.59948474,0.02645936
-0.26841748,-0.24086466,-0.7670595,0.6147928,0.17980309,-0.49529254,0.31650272,-0.27486795
-0.45651877,-0.13200656,0.34772527,0.75076354,0.3105833,0.34151086,0.40383345,-0.23135915
-0.52559173,-0.14132208,0.8285092,-0.17669904,0.55668306,-0.07896815,0.22739284,-0.18978442
-0.610997,-0.352859,0.75458276,-0.30953515,0.5162388,0.413073,0.2528652,-0.08762701
-0.19016607,-0.26190448,0.32114267,0.704808,0.15614769,0.23501566,0.43866307,-0.15213633
-0.36301175,-0.23088154,-0.72951543,-0.28040153,-0.7637461,0.26805094,0.44875228,-0.20504041
-0.41608465,-0.10552884,0.006635189,-0.79762036,0.2938135,-0.10666958,0.19873929,0.03995713
-0.33638245,-0.029697713,-0.20779973,-0.7258934,0.3809093,0.24506178,0.32041806,-0.19142556
-0.38290504,-0.10989722,0.0101287365,-0.7517657,0.12188747,0.70318407,0.3543014,-0.11156648
-0.23844841,0.0027309402,0.034424067,0.68835366,-0.053322062,-0.20881492,0.09613104,-0.120964825
-0.39132223,-0.06310778,-0.7531793,0.43052685,0.23205936,-0.33204353,0.6840469,0.54827297
-0.27121383,-0.27435514,-0.6489744,-0.21582997,0.25262526,0.29333898,0.44956928,-0.3216686
-0.5546506,-0.3270423,-0.5581449,-0.23375553,0.45335618,-0.027513929,0.24245554,-0.20539871
-0.25582045,0.04049364,-0.22077698,-0.67393774,0.021918856,0.076751925,0.29234165,-0.008717828
-0.32058638,0.014890973,0.50943303,0.69493234,-0.32092673,0.120218806,0.32106346,0.16179876
-0.5309529,-0.19865699,-0.34403962,0.8047056,0.43153295,-0.2609418,0.33172628,-0.13803236
-0.039458502,-0.37354442,0.78663504,-0.22551244,0.024092425,0.72690135,0.7115267,0.05711487
0.2151962,-0.4817983,-0.3704083,-0.83704144,-0.8058628,0.32797796,0.358965,-0.29646325
-0.050428603,-0.2062927,-0.25445247,0.6406386,-0.3479503,-0.24612308,0.40590534,0.6435492
-0.41855237,0.021271858,-0.08426756,0.7214941,-0.81328285,0.40578786,0.40154,-0.1210639
-0.24868365,-0.060308922,0.434896,0.8335929,-0.34156862,-0.47571355,-0.057861622,-0.16481842
-0.54582924,-0.34081745,0.15713084,-0.67301106,-0.7336641,0.32722667,0.3480275,-0.19545524
-0.24084388,-0.06526449,-0.67636776,0.28336036,0.31533518,0.31198457,0.33015066,-0.2637374
-0.4241533,-0.28918624,-0.22419006,-0.7422724,0.3461585,0.42856047,0.33896697,-0.16864128
-0.46225014,-0.10856045,0.35208762,-0.7103282,0.38873667,0.35474738,-0.070805855,-0.19332781
-0.3426947,-0.19956127,0.6086391,0.49498498,-0.038043782,0.070350565,0.2894115,0.013049226
-0.14514668,-0.12753142,-0.83357024,-0.40679574,-0.055167418,0.7291234,0.5950771,-0.042812053
-0.48887223,-0.21777886,-0.6941557,-0.1595366,0.07932167,0.100538425,0.21816868,-0.11098135
-0.22230607,-0.3040114,0.9084692,0.27066028,0.3192305,0.63722116,0.47035855,-0.28126782
-0.3063515,-0.07994371,0.14947534,0.5072197,-0.30535793,0.80881107,0.30900556,-0.037038375
-0.032771874,-0.4026289,0.13836503,0.5041485,-0.13012545,0.6495611,0.6486,0.008884086
-0.32265788,0.16212632,-0.69058967,0.3595202,0.3506753,0.07040868,0.49812135,-0.13606973
-0.26787883,-0.0050774617,-0.88798255,0.315161,0.3912905,0.1855005,0.30080628,-0.08395847
-0.3087335,-0.05703273,0.37497485,0.6160135,-0.06890637,0.73868847,0.5180498,0.057698846
-0.39104965,-0.082976975,0.33899176,0.8158674,0.32344237,0.20220457,0.41045594,-0.30814555
-0.3405667,-0.24911927,0.8617625,0.28321242,0.4760638,-0.20736986,0.23379807,-0.18917677
-0.26669246,-0.14427042,0.61028576,-0.34378392,-0.42306653,-0.32772171,-0.5478868,-0.14473979
-0.4822398,-0.15251477,-0.65723765,0.06999159,-0.03346878,-0.7043151,-0.3330188,0.12530948
-0.20063977,-0.3672757,0.014240384,0.664309,-0.070332445,0.72250277,0.34473056,-0.0107384175
-0.24134973,-0.14262478,-0.5438169,0.20185697,-0.4684151,0.5174529,0.36823308,0.008042206
-0.64592904,0.058185864,0.90389526,0.2644899,0.4357676,0.31250972,0.3753516,-0.13367358
-0.6282428,-0.111292556,0.5039369,0.4320469,0.24994665,0.14836663,0.30609688,-0.2068911
-0.35958076,-0.25243714,0.094456434,0.51186407,0.2809147,0.19150253,0.346362,-0.09819084
-0.48615626,0.0010115848,0.6736132,-0.025039256,-0.0601026,-0.6405252,0.005315121,-0.07850558
-0.5456493,0.31839046,-0.14016104,0.7180685,0.01220211,-0.47666013,0.17509557,-0.16990227
-0.36990538,-0.27964538,-0.75905,0.22639847,0.20553933,0.22572476,0.38387543,-0.08058349
-0.28153533,-0.12541564,0.45104122,-0.8744634,-0.17810255,0.70974666,0.67745185,0.2718398
-0.14434099,-0.0057392074,0.122012496,-0.7334728,-0.13610758,0.6563718,0.60955536,0.048292138
-0.3587571,-0.2634832,0.65657055,0.7337438,-0.062064145,0.77009517,0.6273852,0.01282794
-0.13679904,-0.2490833,0.29971492,0.3085549,0.34152576,-0.12668243,0.3664039,0.8469522
-0.40323535,-0.27569517,-0.70768046,0.17162967,-0.020917727,0.7261034,0.14028959,-0.043771524
-0.29121062,-0.17858092,-0.36917347,0.42000818,-0.014203329,-0.33540723,0.1716836,-0.7705115
-0.8397902,0.08716496,-0.34416568,-0.19082165,0.48750132,0.48131263,0.2888469,0.12088097
-0.28716654,-0.18384929,-0.42777807,0.42929745,0.03917386,0.18720998,0.12126022,-0.23867665
-0.37489393,-0.34063047,-0.007568896,0.60453904,-0.044907525,0.9196596,0.5951503,0.06932823
-0.38620514,-0.17057219,0.9030187,0.3972224,-0.032365657,0.05431311,-0.0052765263,-0.30823722
-0.26950255,-0.27908838,-0.27572823,0.8702388,-0.31711203,-0.08284676,0.05306027,-0.3505096
-0.16306573,0.08359327,-0.6071228,0.15522933,-0.38260326,0.501739,0.5595414,0.11064159
-0.18961,-0.38159323,-0.4426,0.4103297,0.25116104,0.38391036,0.35244393,-0.18812707
-0.46575493,-0.08377798,-0.5315535,0.4826001,0.3618655,-0.49573123,0.3132118,-0.0090702865
-0.07784836,-0.07707856,0.44274747,-0.88825905,-0.34277496,0.56117344,0.64283067,0.18405713
-0.34516537,-0.14877069,0.23717976,0.72093797,0.040557273,-0.2966374,-0.11444914,-0.11421857
0.09097184,-0.18355444,0.29557323,0.3303368,0.32188845,-0.21552233,0.29309177,0.8533685
-0.10485506,-0.3435503,0.51753306,-0.41771084,-0.07303218,0.79924375,0.41687572,-0.09103882
-0.13797972,-0.009051095,0.13201761,0.5715823,-0.4992045,-0.13147585,0.21217749,-0.22637245
-0.25674504,-0.32347056,-0.91207206,-0.17747867,-0.32465774,0.51579803,0.37665024,-0.05516215
-0.18407296,-0.36080864,0.08293271,0.77949464,0.36367387,0.69020414,0.37053785,-0.14613792
-0.31614628,-0.14007322,-0.7135644,-0.23894536,-0.32416776,-0.053566642,0.28009713,-0.21728452
-0.2577676,-0.23314834,0.26220798,0.60215414,-0.12137927,0.70259064,0.70833355,0.19768314
-0.25475287,-0.29370156,0.1791873,0.116797686,-0.11961975,0.6696017,0.7011266,0.056272775
-0.19674222,-0.17415138,0.46356118,0.062537074,-0.17566074,0.18026133,0.3738601,-0.115452096
-0.6001073,-0.14107768,-0.29792547,0.7181325,-0.13872577,-0.6661701,0.17336987,-0.11387324
-0.3237638,-0.3086582,-0.46158588,-0.8560636,0.026481831,0.03618324,0.020865934,0.040959716
-0.2027737,0.06979602,-0.8477688,0.27173328,0.37608957,-0.32909286,0.2820936,-0.039335288
-0.5365098,-0.15974526,0.025634408,0.43346655,0.3399477,-0.38546798,0.038900483,-0.06116036
-0.2160046,-0.39802277,0.49787807,-0.28058797,-0.31838775,-0.1199485,0.21627896,-0.08206696
-0.46198887,-0.0961793,-0.33971882,0.38430655,0.29440776,-0.33928472,0.15031052,-0.06613322
-0.52058154,-0.08850481,-0.15356356,-0.94142026,0.43125403,0.16828604,0.35256967,-0.1004672
-0.3971197,-0.033227418,-0.5170971,0.48891246,-0.80593175,0.065599725,0.43144533,-0.08024755
-0.5176914,0.06346706,-0.93627524,0.05252397,-0.14036694,-0.55469954,-0.056891244,-0.10278241
-0.38359663,0.0017179445,-0.70722085,0.33827484,0.16622384,0.13221337,0.36908242,-0.23375069
-0.059333626,-0.2555448,0.26898813,0.6135167,-0.22086114,0.6121227,0.5662963,0.0828004
-0.5125956,-0.26692864,-0.31715673,0.6335751,0.21705344,0.19075365,0.4136259,-0.06249597
-0.59641737,-0.017005365,-0.27168936,-0.5410469,0.025198452,-0.74609536,-0.30755007,0.020164099
-0.27822822,-0.03235181,0.7402084,-0.04890269,0.12991436,0.26282677,0.05838799,-0.34982067
-0.28899464,-0.31092978,-0.44000423,-0.07926679,-0.5220914,-0.17030704,-0.4166667,-0.367616
-0.43753964,-0.12188876,-0.80106974,0.2759565,0.29539743,-0.40646708,0.33965632,-0.13370153
-0.33633187,-0.12492836,-0.7536101,0.00044548512,-0.14803617,-0.38328668,0.08409124,-0.14758003
-0.27760786,-0.05988789,0.5691441,-0.7960075,-0.36007738,0.6213545,0.60820633,0.19923358
-0.26973546,0.033944596,-0.25207025,-0.2582931,0.27013272,-0.39348972,0.1656647,0.4776607
-0.17647074,-0.18131503,-0.4061367,0.7243036,0.07267535,0.2660594,0.028677661,-0.44851044
-0.30956325,-0.040831324,-0.105549574,0.57168937,0.30379966,0.6435184,0.43176413,-0.19145441
-0.46518594,-0.3706502,0.8598558,0.3601489,0.23439519,0.64999074,0.36285442,-0.1457971
-0.19192545,0.0697894,-0.9093335,-0.280082,-0.06983491,0.68306106,0.5159765,-0.09645357
-0.28432122,-0.014457251,0.17664075,-0.06641215,0.026231676,0.58985895,0.15986878,-0.16435881
-0.41652626,-0.2303692,0.5679126,0.3129747,0.27618095,-0.06846466,0.027323382,-0.1802745
-0.3594723,-0.44177487,0.59812903,0.07576072,0.046855573,0.31239915,0.24116275,-0.3133294
-0.38075948,-0.2809675,0.093345046,0.5070803,0.1423934,0.1899655,0.4305557,-0.102634996
-0.5867435,-0.15793838,0.39105844,-0.3973775,0.5465467,-0.0029366924,-0.017917342,-0.0054280097
-0.44704658,-0.15342486,0.51061213,0.5841849,0.24600556,0.2617359,0.23528446,-0.19590402
-0.39038596,-0.28417575,-0.05455351,0.6732726,0.3307717,0.35193363,0.40689278,-0.13300154
-0.28931925,-0.05246788,-0.18641812,0.6412182,-0.78217834,-0.58866614,-0.5903994,-0.1682943
-0.25264183,-0.36280915,-0.83587223,-0.12562042,0.024600068,0.22606644,0.029852306,-0.23056646
0.15579222,-0.5083997,-0.20232362,0.78306985,-0.0662566,0.31663248,-0.14573509,-0.23478292
-0.49787503,-0.12297457,0.58677495,0.3259207,0.4077248,0.19204742,0.339119,-0.12393901
-0.39558786,-0.051075626,0.61681914,0.08020604,-0.017801689,0.8029687,0.6078618,0.04149215
-0.21944462,-0.36007667,0.26898813,0.6135167,-0.09645,0.6862681,0.6862597,0.108313486
-0.4136206,-0.06485267,0.6893909,0.09890735,0.013451384,-0.40482655,-0.29576477,-0.2391626
-0.1307921,-0.19196917,0.13418353,-0.008744001,-0.27941534,0.098515555,0.055728007,-0.3071777
-0.35495052,0.015725512,-0.94907004,0.21775067,0.3499302,0.27734336,0.36042345,-0.07428716
-0.35969794,-0.30426994,0.069502115,-0.7606285,0.26093355,0.3486641,0.34461737,-0.19635129
-0.41462383,-0.11868347,0.31327128,0.12498307,0.45765772,-0.05425991,0.33180308,-0.21135023
-0.370386,-0.19793317,-0.14289832,0.011937857,-0.39942297,0.6485625,0.58298296,0.14253776
-0.4531472,-0.03532206,0.9076818,0.12925136,0.20995563,0.13017862,0.3788393,0.08797958
-0.4186702,-0.1269178,-0.25429165,-0.74359906,0.091137625,0.11354538,0.33186954,-0.17194329
0.4988969,0.78061724,-0.011333644,-0.5177336,0.7649239,0.5657531,-0.14827462,0.6781821
-0.48227623,-0.19159666,0.19904375,0.3959881,-0.051587723,0.7790867,0.63865465,0.099575564
-0.036994565,0.7535191,-0.26755422,-0.72528493,0.57344437,0.13415354,0.60352534,-0.17950828
-0.2523109,-0.13411742,0.47047567,-0.7170395,0.20077547,0.22597511,0.33516604,-0.2352894
-0.39175335,-0.18875618,-0.23992306,-0.070914626,0.36713463,0.4106643,0.3789826,-0.099617235
-0.54314446,-0.28865868,0.28977025,-0.4762357,-0.082431585,0.88201237,0.64543885,0.092535205
-0.32710394,-0.14940064,-0.38646805,-0.65195274,-0.06022143,0.7318621,0.4144137,-0.112750955
-0.2820926,-0.13623103,-0.3811432,0.39919353,-0.63692844,-0.60579324,-0.025658166,-0.072348565
-0.20252782,-0.048148904,-0.7667894,-0.22248828,0.06584931,0.13122535,-0.027811484,-0.39116046
-0.25351202,-0.2752852,-0.40483087,-0.2550062,-0.46134502,-0.25749207,-0.2433155,-0.08371022
-0.572562,-0.21283972,0.047142982,-0.13295215,0.0064762,-0.7127215,0.07948794,-0.1447503
-0.11323427,-0.19501074,-0.12318015,-0.9222129,0.20223144,-0.00982027,0.5114874,-0.4665368
-0.45783925,-0.07803795,0.4270959,-0.8300669,-0.52743083,0.55299777,0.5981233,0.24124922
-0.3463805,-0.027045105,-0.18360001,-0.8104484,0.33894157,-0.07061161,0.3021479,-0.0897518
-0.5629454,-0.22771896,-0.7539267,0.4449389,-0.16564214,0.8249102,0.47074747,-0.07592653
-0.4727042,-0.1671912,0.30384827,0.4402169,0.10731056,0.11625828,0.013571271,-0.28026083
-0.5267114,-0.0777054,-0.6080572,0.50465524,0.32571787,-0.07756765,0.4222924,0.02620518
-0.49380344,-0.12049302,-0.8535069,0.035885096,0.5928252,-0.0077752867,0.21819119,-0.09838891
-0.11813359,-0.0006194666,-0.04684353,-0.022066414,-0.34355426,-0.24867342,0.32879186,0.31638876
-0.20701799,-0.10763371,-0.73121697,-0.32830483,0.29187107,0.7511755,0.47903106,-0.24808922
-0.29069242,-0.0838928,0.58859503,0.6431892,0.18383205,0.25275487,0.33365133,0.2466279
-0.14394468,-0.017035287,0.6526449,-0.16982228,0.002757011,0.6737087,0.60129297,-0.07393406
-0.3707135,0.005621155,0.31019115,0.124079585,0.05212605,-0.13708442,-0.21203934,-0.31448865
-0.42920658,0.02431317,-0.041704237,-0.22562039,-0.50372994,0.6414932,0.4348891,0.12322466
-0.32472616,-0.07022031,-0.24014056,0.6304916,-0.663512,-0.32424673,-0.25955266,0.13118353
-0.4115648,0.11387899,-0.20053661,-0.96688026,0.40146723,0.24477969,0.5051089,-0.27491486
-0.21805884,-0.1813843,-0.57805204,0.17718029,-0.29691434,0.77978,0.7193198,0.29162672
-0.6618177,-0.2962743,0.6982771,-0.35378534,0.54336774,0.1987978,0.36759332,-0.28086174
-0.47839725,-0.18517716,0.018066883,0.46262133,-0.2353151,-0.28765884,-0.21023342,-0.46274444
-0.26673093,-0.030465093,0.6636323,0.25503063,-0.41540244,0.6438413,0.15720259,-0.07557339
-0.5168417,-0.16453293,-0.60934377,0.103940964,-0.8677602,0.089577235,0.18078214,0.051735386
-0.43279037,-0.22850972,-0.07189357,0.8152696,0.27749237,0.19392514,0.36743918,-0.11936096
-0.31767613,-0.07835922,-0.1735006,-0.27844137,-0.16349031,-0.08174669,0.123853095,-0.06976052
-0.38474908,-0.12772068,-0.24469382,0.42152822,0.1386918,-0.47337493,0.053355392,-0.088360295
-0.33353725,-0.25771934,-0.48079276,0.7971362,-0.101231255,0.73014796,0.39515424,-0.0858422
-0.29203194,-0.40903845,0.8179265,0.20070493,0.19761677,0.36016044,0.23775291,-0.24653484
-0.019149663,-0.123487204,0.60550535,0.1183753,-0.5145315,-0.09436821,-0.08318859,-0.27524477
-0.26791644,-0.059059877,-0.9089608,0.2902038,0.13205655,0.2395545,0.34618813,-0.21044235
-0.4062523,0.09617219,0.5651685,0.21268117,0.1553717,-0.50026613,-0.007031041,0.17938052
-0.43722248,-0.12699318,-0.0068188906,-0.940905,-0.29099032,0.7631487,0.34893596,0.014905864
-0.43919298,-0.2030466,-0.3491491,0.7196704,-0.57146394,0.01732637,0.26758516,-0.113669835
0.4873513,-0.012692566,0.36940217,-0.8531496,-0.55946803,0.34394553,-0.18813784,-0.046598054
-0.0075419564,-0.07184608,-0.60381997,0.36842227,-0.15400031,0.015138897,-0.056040432,-0.26777035
-0.6852326,0.16878973,-0.5257107,0.27053893,0.5228649,-0.27152348,0.2154818,0.13041212
-0.5369424,-0.24627621,-0.79639846,-0.262344,-0.2904921,0.42976603,0.49054936,-0.18561777
-0.55147976,-0.097477406,0.18529272,-0.52529216,0.27897444,-0.018373894,0.43709975,-0.14277622
-0.15883674,-0.21500352,0.2905339,0.30363488,0.34601158,-0.08491163,0.35981247,0.8686212
-0.25663355,0.012360458,-0.43342108,0.8915684,-0.5426284,-0.4353799,-0.3502007,-0.0027699808
-0.5116548,-0.19932845,0.13773787,0.7517129,0.15688075,-0.34384376,0.15448138,-0.078546755
-0.4114759,0.028833795,0.78842497,0.0012563467,-0.29971108,-0.60948795,-0.18193883,-0.042887222
-0.33263502,-0.2679312,-0.7451445,-0.2631098,0.23622173,0.20154713,0.33117267,-0.33592775
-0.31073713,-0.11064022,0.73428977,0.21279728,-0.38144514,-0.7761266,-0.21324076,0.060687367
-0.3125648,-0.41658428,-0.45650417,-0.78514403,0.06940132,0.7846592,0.548744,-0.13302976
-0.34771624,-0.14617041,-0.10496676,0.3604058,-0.18242572,-0.7060504,0.097587384,-0.11037683
-0.38672164,-0.35594735,0.562358,0.21098232,0.26935664,0.39237997,0.33239165,-0.2359814
-0.5603096,-0.1558406,-0.6878581,0.329695,0.43415615,0.21348028,0.43611515,-0.22719353
-0.25414693,-0.025325645,0.46794438,0.70621574,-0.21797943,-0.051047437,0.27811673,-0.2173138
-0.530976,-0.29663572,-0.5107998,0.3260417,0.515724,0.15190032,0.11235364,0.10613339
-0.41352984,0.025706504,-0.33964944,-0.8076699,0.19625625,-0.33626503,0.30676645,-0.11199749
-0.3710811,-0.22105077,0.49678373,-0.056836724,0.48351362,0.46875408,0.48077264,-0.22151545
-0.46677238,-0.15945841,0.51745594,0.3797984,0.53303945,-0.124535486,-0.07056593,0.30978456
-0.3086496,-0.11986009,0.19479954,0.8951465,0.3023617,0.3130933,0.42845458,-0.23803481
-0.6049825,-0.013636555,-0.51042295,0.6844548,0.5599258,-0.10714099,0.46985066,-0.074189804
-0.3457586,-0.29338872,-0.67916274,-0.50895935,0.36178875,0.71162134,0.42408484,-0.28386337
-0.29817194,-0.19199929,0.33757448,-0.6235976,0.31512505,0.38521233,0.35718542,-0.14695024
-0.42056593,-0.16528936,0.500471,-0.38071376,0.23900387,0.22903442,0.4575543,-0.038683485
-0.2836907,-0.14917244,-0.043190062,0.45028245,-0.23625332,0.43126845,0.60306954,-0.14577578
-0.51075166,0.02935325,-0.43690854,0.12888873,0.36758566,0.5068952,0.5375698,-0.10488067
-0.50010026,-0.15077828,0.13590813,0.40901864,-0.21157175,0.61132485,0.620155,0.19622558
-0.1913856,-0.06675995,0.36490083,0.3662871,-0.20231816,0.669365,0.37777093,0.18293041
-0.41899425,-0.23268384,-0.43571872,0.36935985,0.2665892,0.42583978,0.28895587,-0.24082874
-0.40412113,-0.14044055,-0.6468869,0.05783105,0.08415938,-0.72746205,-0.37521777,0.19151954
-0.30169514,-0.12962082,-0.11061144,-0.52931845,-0.041510873,0.7962497,0.39382672,-0.2091935
-0.5086338,-0.26502004,0.60356057,0.38165426,0.36310384,-0.2845612,0.35050467,-0.1355319
-0.25729492,-0.30497858,-0.84161955,-0.42168206,0.30566958,0.19596845,0.564176,-0.5273743
-0.67800206,-0.30163902,0.07880509,0.27665162,0.38532215,-0.6107245,0.13328536,0.38916278
-0.48170173,0.035147432,-0.27681696,0.6448649,0.2649845,0.13255924,0.33567584,-0.013674083
-0.3227977,-0.049050096,-0.8820719,0.29585958,0.08176548,0.79985696,0.4337021,-0.10666234
-0.51700807,-0.058540132,-0.052130222,-0.5224452,0.4212286,-0.4602859,0.28417668,-0.09923248
-0.36466056,-0.05154646,0.74430716,0.21296704,-0.22208956,-0.71783304,-0.21192351,0.026543466
-0.38476896,-0.046400208,0.8051467,-0.1355443,0.4093312,0.15858677,0.51079667,-0.21310931
-0.4165596,0.018439967,0.4883144,-0.773564,-0.15758446,-0.7724024,0.026459489,-0.08775909
-0.32977527,-0.36031285,0.83246946,0.2722702,-0.022763254,0.745989,0.28962958,-0.3103534
-0.46515283,-0.24280798,-0.3794927,-0.12983644,0.4493692,0.45421943,0.51586336,-0.12889467
0.046410423,-0.22831903,-0.55599326,0.2485559,-0.31144282,0.49838778,0.74355817,0.12877505
-0.3752143,-0.16558333,0.14035559,0.028057337,-0.47132665,0.61457485,0.016848497,-0.15116431
-0.30509797,-0.19740658,-0.90458536,-0.16760623,0.3156027,0.2315174,0.3125562,-0.13650946
-0.4763908,-0.058026377,-0.8041349,0.46735108,-0.34007797,0.28970566,0.16499262,-0.2072849
-0.44561395,0.05212148,0.64036775,-0.27940494,-0.06750627,-0.67055017,-0.121752076,0.011115714
-0.4905797,-0.14021519,0.16299057,0.7539078,0.506591,0.32791418,0.56447756,-0.31617084
-0.049222622,-0.33106527,-0.7372421,-0.17247653,0.3045364,0.39867964,0.48969775,-0.08133322
-0.3427737,-0.06817906,-0.8544221,0.47496653,0.37608498,0.08710693,0.59834945,-0.22362848
-0.37118426,-0.09698773,-0.31040478,-0.7312094,0.3664461,0.27021852,0.4027361,-0.12793617
-0.6040587,-0.026770648,-0.20521498,-0.15782708,0.61385113,-0.0078075207,0.38710564,-0.19115263
-0.4543858,-0.16655591,0.06853199,-0.71261793,0.36650234,0.25436625,0.32178512,-0.22389668
-0.36038673,-0.36452547,-0.29359967,-0.72338724,0.45399967,0.4627475,0.37294236,0.020967664
-0.71622026,-0.136102,-0.099556565,-0.040249705,0.22936618,-0.5023227,0.27179396,0.285849
-0.11379352,-0.22052625,0.19532561,-0.74615526,0.095245615,-0.36533436,0.1355554,0.03318985
-0.41312918,-0.23392709,-0.63513905,0.17481482,-0.93847585,0.2695834,0.40173104,-0.14767103
-0.3067658,-0.20845376,0.079938054,0.8948647,0.19000292,0.28743437,0.23198779,-0.4787094
0.0042086076,-0.22360386,-0.4389261,0.8860948,-0.42276612,0.39940116,0.50177944,0.21330951
-0.29755074,0.1495604,0.66786444,0.49687076,-0.46101245,-0.4428734,-0.41260582,-0.1796751
-0.43747476,0.16342945,0.16666019,-0.49274695,0.2833053,-0.6929587,-0.05387987,0.46824798
-0.23730382,-0.19964729,0.3215766,-0.9072862,-0.48377448,0.43145216,0.19518816,0.06978476
-0.3662249,-0.18628299,0.97212887,0.110686064,0.23955463,0.050649323,0.26740095,-0.21475486
-0.43529344,0.14247592,-0.30158645,-0.17394912,-0.8541652,0.17945002,0.14393581,-0.2622549
-0.44263124,-0.28090736,0.6773964,0.6543708,-0.049874235,-0.52307326,-0.31097347,-0.04323669
-0.2748242,0.018732268,-0.272915,-0.7201887,-0.31497064,0.581672,0.3687598,-0.13723513
-0.6119874,-0.09953168,0.73283374,0.39374268,0.40977544,-0.40624556,0.21427608,-0.13855861
-0.24579425,-0.26319322,0.48336434,-0.7785187,-0.44622222,0.4896025,0.6789949,0.12849338
-0.25264397,-0.14184949,0.73626006,0.006165862,-0.017783174,0.04807954,-0.16566253,-0.14858338
-0.23195918,-0.1498544,-0.6983258,-0.26567537,-0.54463905,-0.5148384,-0.09867585,-0.054997303
-0.42383152,-0.08493241,0.3407451,0.04304254,0.45522544,-0.44065782,-0.0012203911,-0.03892754
-0.3794547,-0.39914826,-0.28949893,0.53687465,0.27141145,0.43578655,0.41801324,-0.28432605
-0.20741378,-0.09828939,0.46376312,0.46178365,0.21744184,0.22733669,0.46107042,-0.16051902
-0.4816314,-0.27139875,-0.5798104,0.68142545,-0.2959874,0.5755076,0.47120714,-0.0054629887
-0.36523822,-0.20183742,0.30294752,-0.89895105,-0.32639295,0.7628103,0.66626024,0.3158876
-0.4330973,-0.22373414,0.33765006,0.0017725229,-0.35275057,-0.17132992,-0.012606116,-0.18329552
0.07187007,-0.17349726,-0.24038208,0.47700095,-0.37140995,0.42746022,0.5989878,0.07299793
-0.23470058,-0.22649997,0.9121448,0.3196894,0.27940062,0.4371655,0.48779118,-0.19239502
-0.17584588,-0.0034679726,0.7380538,-0.020375967,-0.17733318,0.67483884,0.43108752,0.13558424
-0.23959027,-0.16743363,0.8387941,0.3565395,-0.20091708,0.7912865,-0.101508744,-0.1457474
-0.42407364,-0.22642355,-0.5980891,-0.48845994,0.5024061,0.31325173,0.44710913,-0.07451612
-0.31521353,0.060093377,-0.24150187,0.02888763,0.27601382,0.31592628,0.025170058,-0.49331364
-0.23899691,-0.4386824,0.55869865,0.06740022,0.21516113,0.29899278,0.19733204,-0.3289115
-0.35243273,0.08109816,-0.05884558,0.48864388,0.12795685,0.15141104,-0.12765652,-0.4747842
-0.44205686,-0.090534694,0.69186723,0.2972499,0.7383035,-0.10109714,0.51787484,-0.61994594
-0.1820624,-0.12602343,-0.5659466,-0.24944615,-0.118324116,0.74951386,0.6404073,0.10309811
-0.31262425,-0.22937393,0.46503592,0.06555879,-0.6005826,0.42084455,-0.5138069,-0.0354947
-0.20445754,-0.17403655,0.0044386387,-0.8936862,-0.15038446,-0.35718903,-0.15890592,-0.12652914
-0.42678502,0.0002041802,-0.13483644,0.53456557,0.20155194,0.22299191,0.22087505,-0.26774582
-0.45241034,-0.11407198,-0.008860648,-0.27232975,0.33070114,-0.39745352,0.2453595,-0.16317372
-0.39619786,-0.19310752,0.7334993,-0.1922301,0.1884446,0.3675517,0.14201505,-0.3292168
-0.7616607,-0.2191009,0.25656295,-0.75628424,-0.8735652,0.12819296,0.078060314,0.0005016848
-0.31973588,-0.08217294,0.41037083,-0.7128193,0.20541056,0.0596236,0.08180656,-0.15551001
-0.7773343,-0.26070812,-0.35261363,-0.3767826,0.58227915,-0.38781533,0.37968552,0.59260464
-0.4106761,-0.1867371,0.4399116,-0.49590027,-0.50838774,-0.45687002,-0.4723976,-0.07039818
-0.27730715,-0.14573492,0.5477011,0.58871245,0.246852,0.49227753,0.4138674,-0.13337094
-0.2985746,-0.036800314,-0.14530301,-0.87136686,-0.023873156,0.64377975,0.30739656,-0.09149251
-0.42164508,-0.23101175,-0.03818828,0.598951,0.5781049,0.24733545,0.35831848,-0.083654
-0.5399523,0.003148739,-0.53952205,-0.7981362,-0.29645824,-0.7189818,0.260104,0.29913974
-0.10793738,-0.16410507,-0.0054264665,0.011271715,-0.6995135,-0.6348352,0.8446391,-0.014076595
-0.09234466,-0.14867406,0.5758804,-0.0029019713,-0.47487706,0.3313577,0.07370124,-0.24658512
-0.5591174,-0.1327839,-0.81815624,-0.41915053,0.39672694,0.37898558,0.47105095,-0.16255231
-0.42837903,-0.22887827,0.83303297,0.29696238,0.028518746,0.25216743,0.15775526,-0.42642328
-0.4439423,0.1253096,0.7307241,0.39863837,0.018943345,-0.49652168,0.06470934,0.13806762
-0.4481532,0.08737291,0.35588217,-0.47812372,0.21589446,0.21555793,0.37908545,-0.10749012
-0.24162117,0.06456726,0.7990519,-0.15551436,0.04833531,-0.27260703,0.1720796,-0.17689478
-0.30628568,-0.121601604,-0.0628081,0.7954726,0.31386322,0.109591335,0.3086175,-0.10581925
-0.4024913,-0.28117314,0.87207985,0.28160203,0.37483218,-0.23501389,0.34494987,-0.15633452
-0.4139935,-0.2052809,-0.59916496,0.31313455,0.14990044,0.09762838,0.2870193,-0.09951761
-0.055639286,-0.29745737,0.20117462,0.4568466,-0.33265883,0.4272906,0.6244914,0.051996592
-0.5918645,-0.15465237,-0.05396098,0.22679877,-0.2930097,-0.7778162,0.10518778,-0.09707124
-0.27684098,-0.07108207,0.65826297,-0.16985053,0.041908942,0.20667934,0.24181494,-0.07156434
-0.42047724,-0.055711012,0.16670084,0.4032364,-0.06949037,0.8423801,0.40132022,-0.113794275
-0.32527077,-0.23672567,-0.7047523,-0.48654848,-0.174099,-0.030614568,-0.10075606,-0.31323546
-0.28683138,0.003478293,0.31667125,0.5003898,-0.11925851,0.7821697,0.46040824,-0.005505514
-0.3037776,-0.14807461,0.07409334,0.6328987,0.10560084,0.26922053,0.428914,-0.15350558
-0.046754483,-0.15057488,0.034540415,-0.4549284,-0.27282774,0.5677951,0.6546239,0.17334959
-0.53273386,-0.05812302,-0.56070894,-0.45446813,0.3974662,0.12986843,0.2848231,-0.10625749
-0.589101,-0.1619955,-0.0437119,0.5334885,-0.23330629,-0.70788634,0.10551535,-0.18250479
-0.617953,-0.053547446,0.33156562,-0.4765687,-0.0968546,-0.6880051,-0.11137654,-0.2621422
-0.63108236,-0.29316,0.74626446,-0.55311286,-0.4014244,-0.6729479,0.0041926317,-0.015643304
-0.17353989,-0.26033995,0.570452,-0.092552185,-0.14317061,0.7132446,0.56614035,-0.008080204
-0.48455516,-0.10785674,-0.8300422,0.23242414,-0.25013486,-0.03426991,0.29352272,-0.1255034
0.27492386,-0.52693444,0.5676216,-0.098928034,-0.20242593,0.10279785,-0.5806842,-0.12489137
-0.34993833,-0.0150492,0.98229384,0.09049082,0.3104297,0.20807432,0.7401455,-0.56213665
-0.36108288,-0.221047,-0.14528161,0.86595356,0.34445915,-0.33728442,0.23289828,-0.23321413
-0.20044929,-0.33354625,0.62338626,-0.10116589,-0.7358196,-0.2022454,0.067564085,-0.18053117
-0.15274028,-0.09414093,-0.20359313,-0.8570194,-0.08936237,0.7982956,0.52786607,0.03396199
-0.4550338,-0.20298788,0.07957101,0.85321546,0.45322832,0.44631335,0.3829185,-0.26334566
-0.35404262,-0.18427522,-0.21254629,-0.69489646,0.31325963,0.3842242,0.35557917,-0.20183362
-0.3617971,-0.3379493,0.16145205,-0.5341929,0.16814129,0.02969805,0.07379062,-0.049367554
-0.3823142,-0.21427293,-0.04019451,0.68859315,0.27519566,0.1617418,0.35683557,-0.057398282
0.12983729,-0.31362188,0.5467783,-0.07544869,0.047644045,0.4173176,0.40423423,-0.3456275
-0.20649658,-0.05572455,0.33309662,0.56515384,0.3515773,0.36639526,0.37784907,-0.20266698
-0.40320042,-0.17519511,-0.4156229,0.024829984,-0.2629541,-0.42536828,-0.35943818,-0.19393772
-0.12058467,0.23212866,0.8060026,-0.1565395,-0.17556481,0.009144751,0.29932088,-0.26269272
-0.6419356,-0.013983886,0.04640186,0.19811189,0.599785,-0.23591788,0.65270174,-0.52699673
-0.3042159,-0.061993796,-0.83486974,0.2198261,0.21138556,-0.43071476,0.09933453,-0.009387849
-0.23167679,-0.17928904,-0.2038762,-0.68816173,-0.5916821,-0.48820442,-0.034591187,0.025721697
-0.08402309,-0.031087209,-0.5264382,-0.26220053,0.02983138,0.24282332,0.5931362,-0.56191397
-0.25421193,-0.18375771,0.16026688,-0.49676698,-0.09824243,-0.3227765,0.010778253,-0.069055535
-0.080597535,-0.2349495,0.28637397,-0.47583532,0.16407539,0.33737984,0.47721627,-0.19075035
-0.17186579,0.024820644,-0.5945261,-0.2366463,0.14189956,0.26229623,0.26744395,-0.2511566
-0.34810606,-0.025776576,-0.1622687,0.6071621,0.13874513,0.071133554,0.2623964,-0.050455395
-0.45773938,-0.020180281,0.07773423,-0.6567678,0.40041453,0.23441552,0.2724146,-0.20092054
-0.43575224,-0.066597156,0.17344892,0.9244052,0.33297214,0.33266848,0.46307638,-0.23594901
-0.39464903,-0.28530163,0.24186575,0.565341,0.14701314,0.26252472,0.36957264,-0.16244982
-0.373123,-0.145909,-0.24174005,0.43453526,0.055033185,0.3163675,0.41185793,-0.32181206
0.10481624,-0.028799187,0.3828156,0.5413424,-0.25183177,0.55982924,0.5080941,0.29185116
-0.3811201,-0.13871603,0.23937011,0.67598975,0.09000556,0.11280164,0.3565834,0.070659295
-0.41305336,-0.07481666,-0.84360325,0.23434997,0.3718104,-0.03037692,0.23828152,-0.1539693
-0.62618804,-0.24453716,0.10575366,0.45538855,-0.96653265,0.3083837,0.37733257,-0.07389539
-0.48844564,-0.14218237,0.59684336,-0.36152548,-0.26990244,-0.25628197,0.18107241,-0.019723212
-0.47885853,-0.29174688,0.599777,0.6790614,0.28319553,0.24308635,0.44587544,-0.15870762
-0.23075695,-0.1741743,0.64932823,0.21292567,0.17704937,0.41213843,0.3777447,-0.294854
-0.564749,-0.0551251,-0.983426,-0.015741467,0.28987262,0.16965853,0.40341693,-0.12092286
-0.67357105,-0.18828692,0.2143166,0.2756878,0.6583647,0.02280307,0.23428951,-0.0448459
-0.19693986,-0.38782173,0.427495,0.5070877,0.38241667,0.64099056,0.52062386,-0.11134328
-0.3009871,-0.11021614,0.08838856,-0.3351817,-0.17040914,0.74289405,0.28696954,-0.038123325
-0.43754557,-0.23481598,-0.84807163,-0.2978881,0.18026148,0.22790188,0.3838864,-0.14967407
-0.16997716,0.0625032,-0.060612142,0.94455564,-0.4493067,0.49091554,0.12811373,-0.019371046
-0.3963592,-0.22165702,-0.17054021,0.4001614,0.30332512,-0.4349321,0.31341153,-0.07152988
-0.37605685,-0.31240207,0.31273973,0.5260967,-0.0041842256,0.13875118,0.35359886,-0.11143769
-0.32339445,0.12389701,-0.19681644,0.88539374,-0.0066147465,-0.38521582,-0.06933958,-0.13552433
-0.48302013,-0.3736799,0.061611295,0.9759524,0.31513134,0.28826058,0.39504725,-0.2810993
-0.33286145,-0.37729257,0.28167272,-0.59110224,0.12494994,0.57776445,0.30324718,-0.3060033
-0.3679785,-0.3646677,0.08869982,0.6657672,-0.89271826,-0.06337722,0.13125758,-0.10901147
-0.5825607,-0.19820932,-0.4705251,0.37038338,0.09626789,-0.0034375056,0.17442073,-0.055006422
-0.31409013,-0.37132156,-0.67200935,-0.5950831,-0.09984571,0.6870419,0.69391507,0.028783338
-0.284475,0.16503717,0.34642434,-0.8470207,-0.22814728,0.73700416,0.5786022,0.2565647
-0.40478444,-0.053657603,0.2728783,-0.929701,-0.71512496,0.43297094,0.6071263,0.01206464
-0.2862475,-0.0053363694,-0.9316988,0.092965126,0.36372298,0.22946955,0.25761586,-0.2640285
-0.35445437,-0.07417726,0.5265337,0.014988303,0.15201886,0.56947815,0.17084256,0.06761365
-0.67600125,-0.30232188,-0.19688427,0.93293,0.47160354,-0.34985724,0.2793001,-0.12665458
-0.4446533,-0.03547738,0.1901176,0.57885325,-0.024485067,0.7755755,0.43628755,-0.09211212
-0.38571644,-0.014574091,-0.12230605,-0.5520499,-0.29000166,-0.7794149,0.24074462,-0.019216359
-0.030561285,-0.0904245,0.33728302,0.8056339,-0.18331154,0.55633765,0.272953,-0.097255416
-0.65229553,-0.0872524,0.5635747,-0.43164212,0.34869182,-0.37869254,0.28508717,0.059544776
-0.43939984,0.12629767,-0.008894324,-0.81347024,0.47075102,-0.65389955,-0.0006252405,-0.1354945
-0.23173964,-0.12417703,0.3102213,0.5353625,-0.6417941,0.46594507,-0.08251738,-0.21700898
-0.47950116,-0.27928245,-0.7827327,-0.014270246,-0.7935262,0.060138527,0.30111942,-0.06259053
-0.38089582,-0.21308643,0.14967024,-0.8141989,0.25847825,0.10933189,0.15712325,0.23797314
-0.2645372,-0.16498564,-0.09680933,-0.008413672,-0.2612007,0.6966184,0.20377782,0.06675383
-0.20446856,-0.1814917,0.28600156,0.45364654,-0.16418952,0.6814663,0.55364037,0.10282399
-0.21163681,-0.28505608,0.56328154,0.68766797,-0.2005184,0.7046047,0.36157382,-0.16624133
-0.3113038,-0.42475304,0.734051,-0.38115144,-0.81016505,0.39600468,0.38835326,-0.20316727
-0.16048378,-0.26521355,0.055329323,0.7775003,0.2506589,0.63100034,0.4278445,0.043323297
-0.29378647,-0.13675296,0.09574151,0.7334819,0.18084444,0.19978507,0.12634347,-0.26704222
-0.19009754,-0.1077466,0.3026979,0.86774075,-0.62315625,-0.65046424,-0.63159674,0.02621298
-0.4523508,-0.19502307,0.09289563,-0.71463203,0.30760062,0.46298572,0.4517103,-0.2552547
-0.33923724,-0.16928014,-0.19330877,0.39260006,0.3137875,-0.32842675,0.11648004,-0.041886944
-0.42316598,-0.22328506,-0.6342483,-0.45805657,0.17721383,0.2620033,0.3734796,-0.257851
-0.3027299,-0.10201441,-0.680411,-0.14273119,-0.33258024,-0.16675101,0.18135826,-0.12843923
-0.27988073,-0.15445738,-0.702917,-0.5451145,-0.07727391,0.17200682,-0.070204556,-0.3712593
-0.1313853,-0.17907311,0.4744817,-0.7278203,-0.4042123,0.3948763,0.09314752,-0.23028588
-0.26318267,-0.049280155,0.6495985,0.13570344,0.21676615,-0.28909743,0.24245499,-0.14548634
-0.5191989,-0.14472108,0.09771192,-0.2446692,0.104885235,-0.41331375,0.18675578,-0.01807425
-0.38643867,-0.114569545,0.28074527,-0.7942705,-0.77421284,0.267219,0.20730601,-0.24527754
-0.059751306,-0.2112915,-0.7331066,-0.24889672,0.16707169,0.32239193,0.42349353,-0.027806092
-0.4034887,-0.3172131,-0.4618951,0.36030626,0.003878777,0.74884725,0.48960426,-0.20301403
-0.3402012,-0.21090327,-0.05730772,0.6482533,0.22602704,0.49162754,0.3410893,-0.26551113
-0.67133456,-0.21736898,-0.21579301,0.13191581,0.29012212,-0.5520977,0.11256266,0.08378418
-0.34807116,-0.023346525,-0.2726143,0.64088166,0.20035669,0.15582356,0.3725017,-0.01724044
-0.16161945,-0.18374877,0.38859832,0.7550099,-0.70196164,-0.30675572,0.24389549,0.2813009
-0.2255932,-0.12187978,-0.24022025,0.6327759,-0.7112435,-0.45630196,0.4297283,0.7076298
0.07303737,-0.35234952,0.042611957,-0.5505221,0.078106955,0.32851177,0.3029393,0.50036204
-0.18068068,-0.03397384,0.0069776773,-0.113334656,-0.17010699,-0.564492,-0.16093694,-0.13785872
-0.33052537,-0.33002898,0.31858277,0.5068296,-0.18880412,0.7188003,0.69920886,0.23587878
-0.11759508,0.1577226,0.1836164,-0.79392916,-0.23750801,0.79011935,0.4592396,0.09203792
-0.716351,-0.03331386,-0.2385807,-0.21936738,0.54383916,-0.19433379,0.15071885,-0.23033914
-0.58196807,-0.08376127,-0.52491844,-0.19264603,0.30333635,0.19042382,0.41748804,0.02257936
-0.44043586,-0.21885765,0.63136065,0.7327297,0.56670624,0.17815472,0.28588772,0.13444138
-0.40722793,-0.12769935,-0.6482867,-0.45698285,0.31550765,0.34469837,0.40045244,-0.37969333
-0.4526248,-0.17587276,-0.7988741,-0.23650807,0.2116186,0.09180618,0.20252344,-0.17092809
-0.51728886,-0.13181585,0.021109104,0.19708216,0.6462322,0.11499858,0.06038322,-0.38756022
-0.19015801,-0.075815044,-0.57127166,0.20566416,-0.29362762,0.7801751,0.5716836,-0.015371654
-0.34019953,-0.027311344,0.47849524,-0.003387928,-0.3202009,0.6952195,0.43680674,0.11713685
-0.34891206,-0.18376626,0.8080956,0.025854945,-0.3855331,0.72287494,0.39114156,0.31743774
-0.42039514,-0.08030646,-0.2810815,0.26831698,0.2737016,0.25167832,0.41297185,0.034322433
-0.43896607,-0.15220296,-0.24955982,-0.83926797,0.32300356,-0.3000436,-0.3555178,-0.052499622
-0.45894966,-0.15271333,-0.1491816,0.051591873,-0.3178363,0.7847269,0.61727446,0.1474831
-0.26361695,-0.17998363,0.29971492,0.3085549,0.39504978,-0.05990239,0.3798599,0.7583229
-0.7309906,-0.16487338,-0.7222124,0.36161458,0.11301178,0.17245568,0.40226814,-0.17837936
-0.35081103,-0.36490178,-0.85112834,0.4427117,0.31825775,0.17279457,0.28055662,-0.1740067
-0.3872589,0.027338285,-0.889634,-0.1255318,0.3315714,0.31764114,0.27834797,-0.064548545
-0.5195359,0.29748392,-0.25563473,0.66913974,0.432799,-0.10409221,0.40485993,-0.017238097
-0.70146453,-0.21848623,-0.044439077,-0.42757338,0.30425,-0.46577096,-0.08600022,-0.065755725
-0.35133177,0.0004029319,0.43735707,-0.093204916,-0.12239881,0.8366696,0.38923046,-0.058497727
-0.5458994,-0.11008103,-0.19166178,-0.87291086,0.3816955,0.29921302,0.31842658,-0.1052484
-0.13741462,-0.13747987,-0.5523902,0.3665334,0.24969445,0.25975183,0.30351913,-0.29381588
-0.4349379,-0.029702421,0.046540737,-0.84389806,-0.12333076,0.8102954,0.38805652,0.042175896
-0.18509476,-0.195638,-0.3554961,-0.031237364,0.08628105,0.034180034,0.10686623,-0.2933875
-0.56943953,0.04688895,0.36388528,-0.7243965,0.31820953,0.4656324,0.3808168,-0.08826359
-0.47392327,-0.15803142,0.19770384,0.58216906,0.1480186,-0.32701004,0.2763237,-0.06604559
-0.06486103,0.022129882,0.02456522,-0.3336045,0.085431635,-0.25898933,-0.16312604,0.22812411
-0.3233617,-0.007038082,0.12601984,-0.18181872,0.5615588,-0.3688839,-0.22928609,0.2801935
-0.18878752,0.101403676,0.16276383,0.66648364,0.2551788,-0.12710802,0.23837908,-0.06838785
-0.18328463,-0.123751715,-0.13073242,-0.8804449,-0.5959358,-0.4794536,-0.10856121,-0.0055584423
-0.35401872,-0.1706588,0.018970728,0.8407377,0.28194678,0.16043426,0.45665875,-0.18750377
0.08234967,-0.19381088,0.071145296,0.6071745,-0.5388523,-0.3260419,0.2772409,0.2862243
-0.36495996,-0.19177987,0.23026454,0.21205413,-0.24080752,0.108418636,0.26819465,0.2298673
-0.40510973,-0.16191956,0.147151,-0.6770628,0.40237826,-0.059314433,0.35969687,-0.013683442
-0.48879725,0.045155425,-0.6781124,0.17341602,0.08244002,0.10614656,0.24339527,-0.044461977
-0.31296045,-0.057087313,0.77490854,-0.013266563,-0.23306274,0.7050412,0.18893044,-0.11207069
-0.34011102,0.08714033,-0.00398618,0.80377996,0.041713472,-0.27931434,-0.1504321,-0.4539839
-0.3275251,-0.0031132803,0.107848525,-0.559407,-0.22127227,-0.50967467,-0.30248946,0.3653265
-0.34735078,-0.20549722,0.27210712,-0.9060199,-0.48629716,0.55494165,0.5474336,0.10838891
-0.4227895,-0.16011646,-0.3029722,0.54559624,0.21811412,0.068687186,0.36308345,-0.036995973
-0.19704954,-0.17306723,0.13668215,-0.009715915,-0.25894293,0.12538587,0.052476093,-0.1773278
-0.24502638,-0.110868715,-0.8515497,0.008433223,0.24814752,0.17877632,0.1322148,-0.15387042
-0.42360413,-0.046039183,-0.1461634,-0.5671758,0.12432209,-0.46854842,-0.02996759,-0.062313594
-0.19792427,-0.17011195,-0.49208438,-0.62549543,0.041242275,0.13805631,0.18963686,-0.2577831
-0.2954602,-0.18844616,-0.21495676,-0.750428,-0.06994858,0.77904683,0.4598707,-0.041497543
-0.18777001,-0.15467371,-0.32141095,0.42467952,-0.64610416,-0.5092977,0.26740393,0.15495582
-0.055100743,0.027882222,-0.38286173,-0.08639234,0.042251676,0.5589646,0.54259765,0.2335946
-0.34974664,-0.27122483,-0.8254113,-0.51546395,0.1873974,0.33928055,0.36401084,-0.091059186
-0.41309157,-0.14500616,0.097685814,0.14691782,0.5682185,-0.13016161,0.04317693,-0.11825774
-0.619065,-0.15432106,0.07806432,-0.12748092,0.007103321,-0.5315925,-0.45256764,-0.1943598
-0.4416289,-0.056874167,0.4254253,0.43633294,0.13236609,0.10254661,0.11519289,-0.11113005
-0.27951926,-0.103468634,0.80454946,0.091605544,-0.25120082,-0.24980788,-0.00511773,-0.20667456
-0.37989652,-0.058639307,0.07139301,0.34762037,-0.34786713,-0.5185998,-0.19255719,-0.15927272
-0.44633356,0.026486088,-0.7406413,0.5566255,0.21548744,0.23921175,0.3310541,-0.20154797
-0.48114905,-0.275809,-0.654886,0.08824134,0.14234447,-0.6158823,-0.38329253,0.2402586
-0.62762827,-0.19177584,0.5837922,-0.5911523,0.18934172,-0.12402712,-0.026874304,-0.23270975
-0.3808185,-0.20077565,-0.42502826,-0.4515369,0.086576015,0.24722573,0.079735324,-0.44093367
-0.3600917,-0.1807302,-0.79027337,0.028846383,0.4113442,-0.15338464,0.15556026,0.099401616
-0.48226646,-0.14686424,0.023578882,0.7513571,0.42764315,0.29045266,0.30189836,-0.15846698
-0.43912682,-0.120337054,0.5152755,0.43939805,-0.2982761,-0.09642763,-0.2466196,-0.21569185
-0.49029905,-0.16856523,0.93036854,0.09377098,0.31151962,-0.39870253,0.22543722,-0.029300792
-0.34681496,-0.14703925,0.2675494,-0.4019348,0.09587955,-0.3332303,-0.0045581013,-0.114620835
-0.47914502,0.018942181,0.68576086,0.24618757,-0.26335087,-0.4996609,-0.18768111,-0.17504361
-0.56199527,-0.34434298,-0.005216539,0.64040446,-0.16078897,-0.19634308,0.2689257,-0.18252753
-0.31469312,-0.10225526,-0.57567763,-0.16108495,0.3776063,0.0725328,0.31944272,-0.14773524
-0.42157266,-0.2265407,-0.33512795,-0.91982925,0.24013157,0.14549212,0.15694103,-0.29559416
-0.1610079,-0.31818494,-0.24574608,-0.20729297,-0.06428091,0.1738928,0.1347501,-0.25941885
-0.41561422,-0.022246685,-0.25464982,-0.24352676,0.33157873,0.28537595,0.37911302,-0.088173054
-0.69699323,-0.1489858,-0.49046308,-0.2408607,0.3416351,-0.5276831,-0.103353895,-0.0045004063
-0.32234025,0.22287,-0.72964865,0.23292112,0.014537234,-0.20731851,0.27099407,-0.19880427
-0.34733865,-0.1286546,-0.2453816,-0.63286793,0.019665862,-0.45754647,0.22882217,0.14085026
-0.24697003,-0.104871206,0.30706167,0.81160617,-0.3823708,-0.2582883,0.21477225,-0.014244798
-0.48074856,-0.13787322,0.27980316,0.82091963,0.21186322,-0.15580556,0.27630278,0.024091113
-0.3950366,-0.16199896,0.32043493,0.5272615,0.209109,0.09823177,0.336355,-0.18340416
-0.21618746,-0.44338143,-0.5223782,-0.18018985,0.338838,0.441081,0.4093936,-0.23904075
-0.47988406,0.004013543,-0.053436816,0.8309392,0.5329714,0.37624234,0.4988299,-0.15614091
-0.20840195,0.015269552,-0.22074097,-0.6719136,-0.095596835,0.14546642,0.27308357,-0.062148422
-0.17086463,-0.039458174,0.3549708,0.054303646,0.027089957,0.11541554,0.37552902,-0.12294645
-0.43180612,-0.08353106,0.56009114,0.39996862,-0.243521,-0.713771,-0.03999066,-0.20037815
-0.33591753,-0.20020607,-0.90578806,-0.13471419,0.10443316,0.2397139,0.13640578,-0.37398544
-0.5735551,-0.25589952,-0.49355674,0.23956549,-0.80124867,0.3995372,0.4686515,-0.07219087
-0.64511347,-0.20889238,0.6938194,-0.113633275,0.32449836,-0.34592065,-0.13916637,-0.09099647
-0.37156242,-0.11414061,-0.14037263,0.9146751,0.27612188,0.15022191,0.30422062,-0.079802565
-0.38531616,-0.22433698,0.5139972,0.7281095,-0.0015979727,0.3124717,0.28024366,-0.2563238
0.0056812596,-0.037919905,-0.5814825,0.6473391,-0.21673636,0.65812945,0.6029273,0.03563289
-0.35842144,-0.12668447,0.12456334,-0.1176576,0.2847311,0.02917125,0.10381557,-0.13564976
-0.3371852,-0.08949568,-0.12421948,0.97570395,0.47250953,-0.13646506,0.33288315,-0.3246176
-0.35566542,-0.25906453,-0.89863527,0.29478502,0.3062104,0.4362209,0.37456354,-0.2891578
-0.40816006,-0.095212065,-0.74535817,-0.54421467,-0.23435414,0.0061204443,-0.22499734,-0.51078814
-0.1505773,-0.11407498,-0.34398043,-0.61773044,-0.32722872,-0.6265603,0.063424915,-0.15349782
-0.2803556,-0.38560063,0.41272366,0.3359629,0.3319573,0.2125839,0.37322482,-0.17552038
-0.2699326,-0.21224777,0.24799883,-0.4620756,0.04628202,0.39200774,0.44397,-0.24801406
-0.25687975,-0.11277067,-0.15760261,0.888219,0.11237604,0.008818491,0.37870827,-0.29335824
-0.38300923,-0.27127895,0.26567733,0.6009209,-0.37776127,0.6451244,0.4336169,0.16336793
-0.3823834,-0.1311132,-0.2897297,-0.8368229,0.20031188,-0.028942084,0.23076935,-0.15484938
-0.4741783,-0.27697074,-0.56182075,-0.29452157,-0.7797837,0.20140359,0.04846584,-0.33093333
-0.37634197,-0.16435014,0.31524348,0.16405272,-0.044164743,0.8222192,0.2581757,-0.09578267
0.06459044,-0.05605259,-0.6361774,-0.14962769,-0.53991383,-0.21959865,-0.33056197,-0.4610991
0.0891505,-0.17179833,0.21209145,-0.97587216,-0.53646344,0.32762083,-0.7575501,-0.29062885
0.074732795,-0.015491079,0.1474719,-0.95305556,-0.44989625,0.44349647,-0.16327064,-0.018442633
-0.44804907,-0.041185107,-0.010139048,-0.8619113,0.21360248,0.06145352,0.45965543,-0.027259316
-0.4740571,-0.21411765,-0.40005428,-0.81582433,-0.046312235,0.77739185,0.64522403,0.07163347
-0.60143,-0.1573309,-0.31760168,-0.83262146,0.40969422,0.23165277,0.29943198,-0.16398042
0.08883019,-0.16450055,0.83486676,-0.19987136,-0.09694989,0.6588393,0.69382966,0.13596858
-0.10926585,-0.3481229,0.56023884,0.27006757,0.42345268,0.4833875,0.48480666,-0.2652609
-0.39189386,-0.18802553,-0.5977181,0.4807632,0.19845009,0.37292558,0.4278861,-0.13770598
-0.39119354,-0.16432597,-0.84824693,-0.16441548,0.19449104,0.09327236,0.11353637,-0.12173016
-0.408894,-0.111811854,-0.8266491,-0.39063954,0.35291648,0.08404542,0.30747056,-0.22252841
-0.32327178,-0.1903701,-0.10754734,0.74426866,0.10981921,-0.02596423,-0.25208953,-0.17176485
-0.3289326,-0.14639416,0.61269486,-0.11655742,0.15895957,0.23049296,0.32983154,-0.18352315
-0.09990123,-0.17881793,0.9388521,0.08454025,0.11898701,-0.21946648,0.073765464,-0.08034865
-0.52344954,-0.09085079,0.16962767,0.3079499,0.0064518317,-0.46456262,-0.046237245,-0.10497809
-0.48947144,-0.18067922,0.9748919,0.26725757,0.40079004,-0.3552672,0.21563111,-0.037126303
-0.3701151,-0.059427027,-0.74522316,0.397745,0.2113458,0.24299799,0.39267883,-0.21690848
-0.36967194,0.005168532,0.10932422,0.7788615,0.22505945,0.008609231,0.2676298,-0.13021237
-0.09986235,0.21999146,0.08554196,-0.92089975,-0.15057966,-0.32741064,0.18398264,0.08104716
-0.3091702,-0.21074507,-0.18861562,-0.80514634,0.2553174,0.61150897,0.51823604,-0.19171616
-0.5316991,-0.047337923,0.042423487,-0.15359032,0.57460713,0.28098255,0.47188836,-0.2547015
-0.39934355,-0.18314178,-0.2334019,-0.87494135,-0.7976544,0.27820015,0.28124425,-0.2728443
-0.33796695,-0.109946884,0.26831555,0.3540442,-0.24174874,-0.74771434,0.28577188,-0.017066458
-0.46563137,0.080882244,0.8549534,0.3937292,-0.35533857,-0.7547559,0.14334214,0.64615446
-0.1891401,0.024448741,-0.59133136,-0.12707865,0.26122063,0.25319144,0.3762572,-0.14580882
-0.4031427,0.009264936,-0.2531944,0.37659264,-0.9839468,0.16892862,0.35987782,-0.016612835
-0.3516026,-0.17626044,-0.23519844,-0.69099355,0.20172454,0.106999025,0.3055646,-0.29579568
0.08541112,-0.16896349,0.25581133,0.58553123,-0.09101474,0.66767734,0.66100496,0.071882084
-0.27783272,-0.26677155,-0.77289593,0.59926474,-0.03915368,0.78063333,0.6129581,-0.01834215
-0.36009535,-0.21862337,-0.05266887,0.5497025,0.39451176,0.3794935,0.40565112,-0.2974511
-0.22857305,-0.0433045,-0.28362,0.11309099,-0.691226,-0.6418318,0.30817315,0.36725685
-0.23566128,-0.147775,-0.29409742,0.43226027,0.102209695,0.29800528,0.2900088,-0.28078607
-0.4087209,-0.3611213,0.5451565,0.52512455,0.09666737,0.09778232,0.2504977,-0.1798162
0.30020428,-0.5873366,-0.72000396,0.24887657,-0.8230638,0.30472624,0.20862927,-0.27833855
-0.6392155,-0.118813485,-0.6041037,-0.18830132,0.26097015,0.17943317,0.38035938,-0.10389031
-0.42398936,0.05750451,-0.269126,0.6419823,0.341931,0.22059184,0.4321931,0.036272984
-0.30960694,-0.15885256,0.33347654,0.84374404,-0.618617,-0.43377653,-0.5786979,-0.124617904
-0.46556368,-0.21321386,-0.7560917,0.22803605,0.18265638,0.19946513,0.3602989,-0.031036347
-0.38010472,-0.13840514,0.557449,0.7248858,0.3529143,0.3584053,0.44483417,-0.205129
-0.5254182,-0.41819352,0.07551706,0.10593903,0.75541735,0.25982687,0.49054587,-0.67885256
-0.4308771,0.06446413,0.121582866,0.30376923,-0.097576894,0.7764049,0.5722349,0.03774317
-0.46729052,-0.22812063,-0.8871868,-0.31110793,0.2585624,0.22052388,0.4558971,-0.059561495
-0.3936405,0.0862704,0.1296376,0.7629671,0.4325537,-0.42519924,0.12515686,-0.12547225
-0.4460795,-0.29211602,-0.7302636,0.28240943,0.34021476,0.2915233,0.364416,-0.26443872
-0.9198038,-0.21097817,-0.00791043,-0.14794606,0.19150552,-0.32777938,0.1960443,0.055039704
-0.24622896,-0.03648037,0.33243454,-0.70208454,-0.43656683,0.61522084,0.5576432,0.019355966
-0.05566183,-0.049509484,0.33255827,0.5968605,-0.37213767,0.49901044,0.58485913,0.11923119
-0.3659547,-0.08772234,-0.76764184,0.6130711,0.44522244,-0.34714863,0.40906382,-0.2743812
-0.47158942,-0.2706129,-0.2597993,-0.4530148,0.23851813,0.22275327,0.40749916,-0.1918215
-0.4915784,0.00093131216,-0.27798533,0.54486585,0.33813083,0.2796761,0.43217263,-0.18285556
-0.15966108,-0.22715728,-0.070869565,0.54061294,0.24392751,0.26057813,0.41412106,-0.21649708
-0.4339306,-0.32027978,0.35569572,-0.70874894,0.27386755,0.27660507,0.30795613,-0.19644046
-0.4005936,-0.18176083,0.2649752,0.06655443,-0.3229881,-0.6008142,0.0075630937,-0.18396237
-0.18493216,-0.045590196,0.31794655,-0.8198595,0.14980897,0.4027772,0.35133797,-0.35316885
-0.52506745,-0.04611632,-0.44454837,-0.04146558,-0.35651174,-0.6389661,-0.46228155,-0.2302681
-0.38072115,-0.335439,0.19978142,-0.98014617,-0.07011252,0.8024109,0.5732241,0.14384492
-0.37069216,-0.14797075,0.34237254,-0.28563893,-0.22648378,0.7023225,0.287757,0.102719076
-0.2046182,-0.33549,-0.6600256,-0.09144658,0.36402196,0.48906365,0.39238793,-0.41121954
-0.2548278,-0.2141718,-0.7449774,-0.19582897,-0.31668007,0.034438852,-0.031149855,-0.17492928
-0.55075336,-0.19581929,0.6543559,-0.032262504,0.35055912,0.21467283,0.42062175,-0.022591926
-0.34588856,-0.116582535,0.29450858,0.80043733,0.28738588,0.11194387,0.2847294,-0.12624773
-0.32211357,-0.1455336,-0.53447235,-0.4857344,-0.5413517,0.4694518,-0.18009515,-0.16209212
-0.37715754,-0.028399449,-0.030338705,-0.926002,0.07022555,-0.37609276,0.14291942,-0.091324866
-0.5508144,-0.19996963,0.62211025,-0.003145039,0.39248163,-0.36681196,0.10101045,-0.13245404
-0.37114066,0.04215196,-0.5833975,-0.36132538,-0.23529208,0.12894379,0.23962794,-0.16256572
-0.6137923,-0.14258814,0.7960315,0.13915396,0.33044565,-0.47074336,0.14883839,-0.052867576
-0.30889383,-0.15065894,0.053964972,-0.5534381,0.09032269,-0.44755822,0.14054012,-0.06465646
-0.43941408,-0.028056543,-0.39907694,0.7912121,-0.027724646,0.7343255,0.4627501,0.09842729
-0.22279537,-0.22195028,0.36151862,0.62314177,-0.05114146,0.7604785,0.69737166,0.049282674
-0.36682203,-0.17065515,-0.7236495,0.31593835,0.21774869,0.118568,0.43463972,-0.23914294
-0.33330742,-0.08069281,-0.5627328,-0.43889415,0.15685879,0.24576478,0.13868544,-0.25842294
-0.18755886,-0.25488803,-0.3468361,-0.728898,-0.15710407,0.6935084,0.6195983,-0.009270218
-0.26509345,0.07487405,-0.15044856,0.7605518,-0.13867971,-0.5726876,-0.071509644,-0.17807877
-0.42782527,-0.18558611,-0.6893351,-0.20803571,-0.082969494,0.752865,0.373025,-0.061245825
-0.39291912,0.019476194,-0.14889747,-0.01206553,-0.3251546,-0.56644905,0.04289841,-0.2585927
-0.40000764,-0.029415224,-0.50275105,0.18029666,0.14235845,-0.2778774,0.15375437,-0.008598641
-0.59244376,-0.07916987,-0.861488,-0.29147983,0.28440487,0.26943663,0.33247286,-0.052709393
-0.47159973,-0.31841397,-0.9583519,-0.17223972,0.29659283,-0.014781582,0.3259857,-0.10774669
-0.2978808,-0.1654234,0.4255017,0.57884383,-0.7429079,0.3949218,0.38591963,-0.19196048
-0.4611577,-0.35244632,0.124907374,0.39239526,-0.05014274,0.7416957,0.6382583,0.11409165
-0.3264603,-0.17201486,-0.16702569,0.8363596,0.21450855,0.28721613,0.3790008,-0.22795436
-0.27854973,-0.26760656,0.08113229,0.7685654,0.008148652,-0.20960575,0.071808174,-0.18249896
-0.34744546,-0.10949028,-0.52351284,-0.1789462,-0.03436817,0.7504439,0.5963214,-0.027010888
0.20304169,0.26790664,0.46209145,0.3897786,-0.18489116,0.397854,0.52370185,0.3680828
-0.24406622,-0.16714293,-0.2690391,0.5802634,-0.16752651,0.6589397,0.47255877,0.0686434
-0.4819993,-0.22927542,0.32391667,0.70982575,0.21584222,0.22195052,0.40024433,-0.14917803
-0.40726835,-0.18417194,-0.5546659,-0.22999555,0.10067215,0.14479563,0.08284031,-0.177742
-0.3708318,-0.23920944,-0.71001697,0.04903245,0.22002745,0.07960922,0.17634608,-0.107834615
-0.4071453,0.015438606,0.051483512,0.8011478,0.36437243,-0.38787338,0.22717378,-0.1415579
-0.31917778,-0.45906487,0.5494932,0.5301728,0.23467585,0.42338133,0.40137818,-0.34107706
-0.56197584,0.033349473,-0.8919099,0.3283819,0.3898463,0.19360591,0.32370028,-0.19145682
-0.39915514,0.040049914,0.6473479,-0.04880619,0.20910473,-0.36055842,0.18359016,-0.09708848
-0.2770535,-0.13479485,0.32375896,0.27221847,0.19976084,-0.16511804,0.2358472,-0.11780836
-0.4346549,-0.07484716,-0.037544668,-0.40945548,0.5564699,0.36502668,0.4079206,-0.24662565
-0.3656576,-0.13916017,0.57405174,-0.15929306,0.37670174,-0.2946699,0.096897714,-0.15739188
-0.5384357,-0.2383912,-0.523015,0.046359777,-0.34635288,0.6409213,0.43250218,0.17021836
-0.53845555,-0.24788794,0.274634,0.39178467,-0.8766372,0.20928234,0.19110191,0.004742523
-0.39875832,-0.25649336,-0.62998915,-0.67890644,-0.2638886,0.009852231,-0.2874169,-0.24090824
-0.62090963,-0.16846591,-0.100471735,-0.3388722,0.33924305,0.022897406,0.27518445,-0.09060319
-0.43928352,-0.036988568,0.266994,0.34041655,-0.48259917,-0.6808683,-0.31443146,0.04886592
-0.5023788,-0.41062447,0.17163491,0.23452961,0.33136806,0.3655475,0.33762595,-0.291711
-0.45699745,-0.21894412,-0.068456054,-0.22278601,0.7456013,0.18369652,0.2538233,-0.1777562
-0.27014288,-0.054443065,-0.24295163,0.9074477,-0.24156226,0.78454554,0.56612784,0.3072958
-0.60267055,-0.24261121,0.7895719,-0.5022651,-0.24945472,-0.73205197,0.13465357,0.07237762
-0.32534593,0.04209933,0.44462574,0.4713986,0.07026563,-0.37213886,0.12801404,-0.09084223
-0.34208602,-0.23842132,-0.3233902,-0.7501119,0.20273013,0.280766,0.25026733,-0.19386306
-0.34499466,-0.061490525,-0.08060956,-0.94522536,0.17706566,0.1933658,0.36891526,-0.18658118
-0.3675093,-0.05055012,0.7297821,-0.62440956,0.13815396,-0.39783463,0.1393659,-0.06012195
-0.22710755,-0.17278174,0.107527256,-0.6731521,0.020274792,0.22908719,0.11705389,-0.26213926
-0.25517944,-0.20846155,0.19584668,-0.9110086,-0.24869907,0.6219346,0.34253728,-0.021110654
-0.3052575,-0.30283418,-0.2270655,-0.18439108,-0.0060268636,0.8291161,0.39191937,-0.04331276
0.044080477,-0.33068967,0.8692137,0.30434608,-0.34819385,0.6632119,0.33838275,0.060794055
-0.5476528,-0.07969563,-0.008515418,-0.13212603,0.2920745,0.020562256,0.35454524,-0.041935522
-0.8530852,0.44423762,0.149454,0.21967328,-0.0799545,-0.74828064,-0.25676808,-0.40848553
-0.33905652,-0.029462714,-0.88410294,0.027991414,-0.9237482,0.38933578,0.5010807,-0.22685044
-0.54295874,-0.35830417,-0.88462585,-0.3004343,0.28965807,0.30109227,0.36494413,-0.19552174
-0.2332793,-0.07951977,-0.81623673,0.23451638,0.038185854,0.10156444,0.029631602,-0.14531527
-0.071306914,-0.19539435,0.37170446,0.104022026,-0.29882607,-0.09282506,-0.54733145,-0.044780333
-0.27266628,-0.15648031,-0.38646805,-0.65195274,-0.02099553,0.8214853,0.38321897,-0.15024713
-0.17796332,-0.18914437,0.26940238,0.6147754,-0.0068638325,0.71475667,0.62663674,0.059861016
-0.18255554,-0.08247778,-0.81737244,-0.10929495,-0.10800174,0.6244776,0.064293936,-0.22691905
0.67380744,0.09026558,0.05459881,0.7955804,-0.07872113,0.694641,0.5508263,-0.3052003
-0.31496766,-0.16167502,0.98243725,0.16159451,-0.072778046,0.7530678,0.51933765,-0.018504353
-0.46644735,-0.23681906,0.86416304,-0.0009794831,0.30176657,0.30808026,0.4243365,-0.22509967
-0.6035872,-0.010195981,0.30708635,0.027665854,0.3235991,-0.48759726,0.12841624,0.05239172
-0.44175258,-0.044611793,0.6357281,0.4900416,-0.8520135,0.19013178,0.45159486,-0.0085858805
-0.2813715,-0.08387182,0.7603898,-0.39132565,0.47316414,0.17810489,0.2810516,-0.132937
-0.63190603,-0.28863925,-0.79702276,-0.2763124,0.5797729,0.33876225,0.41422793,-0.18296698
-0.2745954,-0.14426257,-0.2971623,-0.44901794,-0.69549346,0.42788818,0.54188675,0.020347664
-0.41597304,-0.22120048,0.2664101,0.6421974,0.22941475,0.351649,0.33385628,-0.18078874
-0.28117216,-0.18991235,-0.790345,-0.2864018,0.17179307,0.2669979,0.3662192,0.0049597616
-0.31407976,0.1551819,-0.48623306,0.65721226,-0.14987433,-0.6373003,0.22212204,-0.01800541
-0.18710317,-0.037809197,0.32612252,0.56808877,-0.34350014,0.044717375,0.2805309,-0.15770979
-0.2917703,-0.05048653,-0.4273126,-0.77722335,-0.15539475,0.6996236,0.6302263,0.22489305
-0.14903882,-0.027187828,0.4928863,-0.7718456,-0.47037855,0.47771883,0.6568172,0.24706471
-0.13349786,-0.15284818,-0.8014985,0.068291664,-0.5662437,-0.2563655,-0.509806,-0.29517272
-0.34216547,-0.22784151,0.26338983,0.505319,0.09534492,0.18537086,0.36541075,-0.17500196
-0.46643275,-0.1380313,0.14496756,0.7706914,0.31830797,-0.46472168,0.3055599,-0.023259448
-0.089291245,-0.060441893,0.48909807,-0.85337627,-0.2771849,0.6007862,0.6194932,0.23910367
-0.38379276,-0.14571393,-0.61601967,0.6983384,0.29893786,-0.4125542,0.34959882,-0.07784153
-0.17660737,-0.2676169,0.16461897,0.17056012,0.20515683,0.5467225,0.31616053,-0.11810304
-0.37992352,-0.19563062,0.62702644,-0.534888,0.44998965,-0.0769595,0.30559626,-0.12894592
-0.23138872,-0.06078535,0.5415044,-0.79499686,-0.51417375,0.45705527,0.3270571,0.1327106
-0.47055802,-0.17524683,0.6001884,0.61645865,0.41799808,0.21142481,0.35487834,-0.21772814
-0.401876,-0.21071136,0.5054327,0.08095324,-0.4419131,-0.50530887,0.06982515,0.1885725
-0.24527703,-0.09050661,-0.36674488,-0.8478601,0.25133193,0.25597042,0.3690613,-0.24177858
-0.43572143,-0.21834692,-0.3722958,-0.12873656,-0.050409988,0.79204434,0.48782584,-0.07104684
-0.66269267,0.038119737,0.23190117,0.06636834,0.37129524,0.12475657,0.34596533,-0.14235868
-0.4759833,-0.1606907,0.8577877,0.29435503,0.17495587,0.03014101,0.2707731,-0.13618612
-0.41637945,-0.3008792,0.14271855,0.43540514,-0.044533085,0.74825585,0.60075027,0.10906109
-0.23266481,-0.2792308,-0.13854152,-0.9440693,-0.09626373,0.6544866,0.6374874,0.059536166
0.025482966,-0.24851875,0.81801546,-0.2658059,-0.15373269,0.02904166,-0.045850266,-0.33265543
-0.5575293,-0.12605768,-0.12157905,0.94004464,-0.31141216,0.68481624,0.48825005,0.07487399
-0.18323955,-0.38659942,-0.16601205,0.8272195,0.049033344,0.22146419,0.07682445,-0.532218
-0.30382815,-0.35924155,0.5925274,0.69337773,0.28801668,0.33323395,0.4330426,-0.21043745
-0.33157408,-0.17496769,-0.30232882,0.34030008,0.23906438,-0.372971,0.21594296,-0.13063793
-0.4311129,-0.37464085,0.116083026,-0.3140052,0.4034569,-0.26047918,0.24753167,-0.15622729
-0.42394942,-0.091613576,-0.38625032,-0.68675864,0.16464426,0.121984355,0.23814319,-0.03897804
-0.47683066,-0.12483405,0.6011156,0.05469024,-0.29329103,-0.6077969,-0.014167376,-0.100930266
-0.36928514,-0.05905884,0.80240417,-0.13522297,0.38254333,0.094905555,0.50337243,-0.24785481
-0.40156993,-0.079920456,-0.52360857,0.19585466,0.41114333,0.24626377,0.3903795,-0.12749662
-0.015572401,-0.11515292,-0.23892337,-0.72967017,-0.19030002,0.66131246,0.48971593,0.0576629
-0.3829426,-0.33409247,0.009665489,0.67659247,0.20528804,0.27301338,0.50436187,-0.07727044
-0.21079075,-0.1402563,-0.503744,0.49681187,0.12358407,0.14992091,0.27146092,-0.2602901
-0.38577762,-0.33698812,0.5960438,0.24989367,0.19827019,-0.4224566,0.19599578,-0.030131683
-0.01986012,-0.18758437,0.35544586,-0.7346855,-0.16678609,0.66040456,0.6580575,0.03175398
-0.4408356,-0.04203925,-0.54699516,-0.19160563,0.18766028,0.23407702,0.35175818,-0.2402377
-0.36202526,-0.03911559,-0.8698852,-0.07178193,-0.20109577,0.3095188,-0.27968448,-0.32785392
-0.53622675,-0.39900514,0.5058768,0.58005655,-0.059530716,0.18313882,0.18346477,-0.23578098
-0.16289437,-0.20286088,0.15552104,0.55565476,-0.029210897,0.79524356,0.5583422,-0.07196837
-0.6310204,-0.14332154,0.2664466,0.057782173,0.45553803,0.20696993,0.24057995,-0.10586523
-0.26787838,0.19238757,0.9285989,0.20816565,0.19535252,-0.33213577,0.23269285,-0.040615637
-0.19942524,-0.21187343,0.9443747,0.26664293,-0.26715443,0.7734442,0.652952,0.15069516
-0.23277964,-0.38440183,-0.58997095,-0.27311468,-0.045439996,0.76679873,0.6971079,0.06905191
-0.2713316,-0.11894806,0.403314,-0.8752045,-0.3418066,0.7247965,0.37127766,0.24531618
-0.4896025,-0.28047296,0.10481429,-0.7628633,0.43427452,0.25699383,0.35353407,-0.21025108
-0.44992727,-0.11272379,-0.2157796,-0.7376675,0.40162978,0.20002902,0.33174562,-0.23665413
-0.3551785,-0.045474138,-0.2011621,0.36554945,-0.40578604,-0.5647995,-0.081985235,-0.24621367
-0.19517829,-0.029336762,-0.18912816,0.711738,-0.08836401,0.12434998,0.23316139,-0.29991403
-0.115708366,0.12395697,0.30222642,-0.7108015,-0.40799683,0.6718478,0.085961424,-0.040019933
-0.43224978,-0.23121804,-0.3968078,-0.6670805,0.25719994,0.26537248,0.3792307,-0.17801473
-0.41547093,-0.28815293,-0.25772732,-0.46099198,0.4008236,0.22798729,0.40697095,-0.14853022
0.0037266146,-0.27680972,0.42463553,0.7052444,-0.15978435,0.64641994,0.61599225,0.08631114
-0.37628782,-0.13108826,-0.38087463,0.7692783,0.11743061,0.10105288,0.32744327,-0.13070188
-0.38239262,-0.30677712,0.56584597,0.6951754,0.21610773,0.12199889,0.30843478,0.0039813374
-0.23166528,-0.045283984,-0.048827827,-0.31299466,-0.39034343,-0.5427282,-0.14181818,-0.14535856
-0.3002231,-0.15104748,0.3729986,-0.83789647,-0.24218883,0.7413801,0.42652303,0.0980673
-0.15943687,-0.47160283,-0.5223782,-0.18018985,0.34784368,0.42465433,0.41220397,-0.20652552
-0.53718543,-0.010936926,0.28068423,0.8650327,0.33847934,-0.4072103,0.4075754,-0.020888137
-0.32187787,0.023303766,0.46435678,0.45753932,0.085452974,0.18557552,0.14930013,-0.23477322
-0.25675702,-0.33120912,-0.9400169,0.11234164,-0.28283978,0.6969058,0.4040562,0.08654084
-0.008144977,-0.26732603,-0.32050496,-0.7553625,-0.7776326,0.46936822,0.23023349,-0.33876973
-0.5333811,-0.05316888,-0.52536297,0.49289536,0.43999687,0.26272768,0.34677914,-0.09817755
-0.17621264,-0.3541668,0.18446326,-0.97630894,-0.22898282,0.79361004,0.7098031,0.20405364
-0.27383855,-0.06726625,-0.77226114,0.08678043,0.30657202,-0.2755465,0.21914904,-0.18946564
-0.42934433,0.13376515,-0.2191047,0.41849935,0.2817909,0.23276296,0.27560434,-0.22713913
-0.33352596,-0.2842764,0.3441298,0.038313627,0.04224843,-0.37997565,0.13078848,-0.030068683
-0.5529399,-0.24062498,-0.18648005,0.5132313,0.22910595,0.3667051,0.19906445,-0.28356594
-0.46748656,-0.023246195,0.39891136,-0.022479773,0.4159531,-0.5143261,0.10892358,-0.10897895
-0.12192735,-0.3653188,0.009154439,0.054944873,-0.20945461,0.7744502,0.64540297,0.07433336
-0.5297744,-0.06437326,-0.033092976,0.61651635,0.36534092,0.12033082,0.32377517,-0.056116447
-0.58931273,-0.20968667,0.50528145,0.5549495,-0.86218834,0.057705678,0.1924395,-0.14981388
-0.27113968,-0.20427066,0.5158162,-0.5971652,-0.33046722,0.5265181,0.86521006,0.12489526
-0.14382017,-0.063760884,-0.4086905,0.8103622,-0.44682664,-0.47725195,0.14728755,-0.02128438
-0.44758567,-0.3079641,0.0012717247,0.58110154,0.26840702,0.17309351,0.40969047,-0.1285131
-0.49410638,-0.04999182,-0.17523861,-0.8333366,0.2383511,0.17239149,0.26223522,-0.08743824
-0.14760311,-0.20952553,0.128734,0.43035686,-0.07862349,0.5899553,0.6065897,0.10194028
-0.19888407,-0.05475865,0.25030935,-0.7286917,0.072851114,0.061839893,0.822415,-0.50289917
-0.17691366,-0.065288015,0.022794366,0.75046575,0.20598942,0.35474184,0.357634,0.02185498
-0.3764995,-0.034787495,-0.28408498,0.4100454,0.04766236,-0.05905909,0.39380136,-0.14835186
-0.3490289,-0.025264945,-0.76084113,0.45530152,-0.09842685,0.7780839,0.3622001,-0.0746788
-0.29829183,-0.0053074462,-0.24752736,0.4011314,-0.0057293247,-0.45130768,0.29321155,-0.05703503
-0.20739646,-0.18243836,-0.64309335,0.1393435,-0.38770756,0.6446302,0.71920115,0.2868047
-0.5473987,-0.16182737,0.073694706,0.061653256,-0.1334626,-0.13609944,0.098741375,-0.18739851
-0.38009775,0.029439632,-0.8325513,-0.5112431,-0.011511626,-0.1806683,0.2758257,-0.31137794
-0.30965388,-0.12577385,0.14533603,0.9386524,0.2560415,0.2929416,0.21580836,-0.4740744
-0.14495052,-0.3111763,0.38160586,-0.68679786,-0.65622616,0.29476357,0.7032672,0.096972175
-0.30981207,-0.3224133,-0.23747182,-0.7190957,0.31788647,0.4462169,0.44642028,-0.19382632
-0.45877326,-0.2662134,0.017244816,0.6737982,0.43946272,0.2994034,0.38935733,-0.062149763
-0.44235075,-0.04147033,0.25726366,0.3047464,0.42285013,0.5394363,0.45833322,-0.102790385
-0.2969255,-0.10377239,-0.022494614,-0.4253177,0.5650158,0.4847473,0.48194218,-0.319857
-0.15249614,-0.22846061,-0.20037836,-0.7744119,-0.14775501,0.72202396,0.32224384,-0.05416349
-0.5893954,-0.0440134,-0.41206533,0.351323,-0.0021732193,-0.6470242,-0.3253852,0.14612778
-0.27367657,0.062206943,-0.17290342,0.62285435,-0.78656393,-0.49685308,0.46106893,0.49058905
-0.3971911,0.16524915,0.001660347,-0.08181161,-0.012193757,-0.6269604,0.023499265,-0.2519438
-0.32539114,-0.21229926,0.5453367,0.62565386,0.24830447,0.38827896,0.118140884,-0.35850555
-0.013780998,-0.10646157,0.18724036,0.09737635,-0.055637836,0.12541215,-0.69512784,0.21595088
-0.47968116,-0.2642421,-0.3026244,0.58118176,0.16753902,0.14161219,0.1925148,-0.07226293
-0.42663568,-0.0903596,0.71454763,0.44778156,-0.6352895,0.42720157,0.32498288,0.038704604
-0.28726277,0.43900558,0.61783767,0.3019811,0.6477103,-0.38575935,-0.051554088,0.18383522
-0.37548047,-0.38050264,0.61243343,0.42013502,0.12096114,0.20217094,0.3172914,-0.15123168
-0.36291772,-0.1366975,0.23808575,0.11163604,-0.20532042,0.5239545,0.8739154,0.58591896
-0.3023705,-0.048150275,-0.13693738,-0.9563235,0.014376677,0.82582146,0.22488804,-0.1882231
-0.4710699,-0.14884835,-0.6116928,0.31704438,0.25108662,0.07029687,0.26786143,-0.09460846
0.02234335,-0.39474443,0.89213216,-0.009254396,-0.20251271,0.5268412,0.28985748,-0.10439921
-0.3554055,-0.2390709,0.51792777,0.6599786,-0.11748667,0.80335355,0.56380254,-0.0069819964
-0.4245389,-0.3502227,-0.2923895,0.6344446,0.25201863,0.23092292,0.3526609,-0.18859832
-0.34901914,-0.3328361,-0.64593893,-0.26573312,0.03483119,0.8160431,0.50566256,-0.09627814
-0.604589,-0.018828686,-0.36483455,-0.73789203,0.56627625,0.4868327,0.46722698,-0.18309936
-0.29184875,-0.19957545,-0.8050874,-0.2583462,0.28029642,0.68080115,0.5771625,-0.31009385
-0.064449295,-0.25455934,-0.36132687,0.34626305,-0.19903742,0.7210388,0.57425094,0.09623134
-0.27963558,0.049212355,0.107848525,-0.559407,-0.22775589,-0.47054133,-0.27566046,0.3768972
-0.38123003,-0.2074125,0.13691592,0.9313507,0.3828146,0.23128006,0.37912062,-0.2935157
-0.49558008,-0.07054592,0.18650043,0.57687545,-0.047053542,0.7456549,0.47515926,-0.13330293
-0.27275044,-0.36687028,0.5542351,-0.10771519,-0.097551465,0.02006441,0.08330127,-0.20562997
-0.32912126,-0.17454813,-0.7293768,-0.029509187,-0.48591638,0.54660505,0.65159154,0.21025427
-0.239931,-0.04794916,0.080378056,0.7292211,-0.17177561,-0.50290394,0.10167801,-0.16133195
-0.36798072,-0.1076737,0.032088995,-0.5672374,0.14474814,-0.42090937,0.032475248,-0.09489375
-0.3879576,-0.26117793,0.4332528,-0.06576538,0.302463,0.59601754,0.45620573,-0.26584798
-0.42734906,-0.14492185,-0.7969128,0.5736331,0.3911463,-0.35382438,0.18732685,-0.19346833
0.056568544,-0.37561256,-0.7400676,-0.0043570995,0.29209083,-0.34413108,-0.40109998,-0.7977323
-0.36312,-0.29082754,0.60601294,0.43513882,0.25308776,0.17929941,0.40256798,-0.027410347
-0.21292245,-0.23918615,-0.5259043,0.40684783,-0.28527674,-0.10878362,-0.09456686,-0.07835312
-0.38555375,-0.20202534,0.9537978,0.07181513,0.0076783486,-0.34072757,-0.12481609,-0.034522116
0.33386844,-0.47350517,0.488701,0.4663446,-0.4150064,0.033156227,-0.048072465,-0.46755287
-0.3087434,0.009469588,0.57163024,0.63397896,0.4236437,0.14402804,0.44801363,-0.1371181
-0.31338814,-0.014884735,-0.36021382,-0.64421314,0.12363908,0.20893452,0.18249461,-0.021064134
-0.36955503,-0.08173455,-0.4855237,0.7100897,0.22089204,0.48583415,0.18214223,-0.26305136
-0.41892132,-0.15859966,-0.010063291,-0.8545476,0.1452935,0.027151704,0.20691372,-0.20584533
-0.4463821,-0.16672632,-0.9372861,-0.024569213,0.3926311,0.29263875,0.42199644,-0.24642871
-0.23556063,-0.1310182,0.40030015,0.745607,0.17901088,0.2655699,0.12677993,-0.35115883
-0.46295264,-0.2551402,0.61275303,0.361215,0.41636202,-0.337262,0.24074295,-0.11991238
-0.31444678,0.053597126,0.6306665,0.41408598,-0.15324162,0.09069299,0.26442984,-0.24089244
-0.15224779,-0.24222547,-0.4558128,0.039122462,-0.25042394,0.68781286,0.51437724,0.10566412
-0.15589024,-0.24817383,-0.5551741,-0.12790859,0.13391915,0.46085405,0.21879897,-0.46669525
-0.20632395,-0.22988582,0.20966911,-0.95075285,-0.018897602,0.7395014,0.5341925,-0.19080573
-0.23334368,-0.19654825,0.26212668,0.76199687,-0.50895876,0.47413352,0.44834685,0.15813166
-0.51468474,0.059573326,0.011827588,0.86509883,0.42154467,0.17846651,0.32135138,-0.16102378
-0.41015163,0.049209226,0.748768,-0.59539247,-0.69068253,-0.023246413,0.2803606,-0.12524739
-0.3869147,-0.12927553,-0.32154888,-0.60243356,0.07725441,-0.39253464,0.12442443,-0.024393972
-0.2331858,-0.13571504,-0.9323009,0.113358855,-0.007813128,-0.6376408,0.014786352,-0.038628366
-0.17953274,-0.17970222,0.069821954,0.6005547,-0.6277458,-0.5944501,0.20753919,0.054740407
-0.27891412,-0.25049323,-0.88778603,0.33572876,-0.03394682,0.7005534,0.69575685,0.05555255
-0.36905685,-0.2577515,0.17900157,0.58096004,0.020957915,0.6720703,0.31088588,-0.17488055
-0.29654172,0.048668254,-0.11266941,0.70616937,0.17690049,-0.35065416,0.054661136,-0.16242272
0.021529062,-0.10373387,0.6687161,0.6751077,0.22035585,-0.3304299,-0.48665702,0.26103634
-0.36429816,-0.13731717,0.056218743,0.67387116,0.07390917,-0.021531243,0.36620325,0.11178132
-0.32209766,-0.3584795,-0.77247244,-0.46170872,0.35918555,0.43872756,0.46780583,-0.23979321
-0.4074412,-0.160862,-0.86129546,-0.4221719,0.20785521,0.10728528,0.06321679,-0.2625148
-0.47822762,-0.15679437,0.9029335,-0.06412804,0.14373606,-0.5066333,-0.5944316,-0.21416664
-0.40793312,0.08192175,0.30896842,0.031963944,0.22397582,-0.46449828,0.08398007,-0.115823425
-0.5666795,-0.20186134,0.014474273,-0.31380087,-0.24895541,-0.7054391,0.12690748,-0.1408715
-0.00285797,-0.26360455,-0.4367575,0.8866348,-0.3506338,0.45171586,0.4981652,0.2431092
-0.29326028,-0.38639298,0.5455463,-0.5115864,0.11807752,0.19684651,0.21030295,-0.15507382
-0.31481743,-0.24051754,-0.46342897,0.4535488,0.42768788,0.14854535,0.37578818,-0.25272134
-0.56121707,-0.014485772,-0.041739643,-0.42030883,0.5320347,0.28196046,0.36411795,-0.15425088
-0.14590448,-0.046472903,-0.31950474,-0.7509833,-0.76305103,0.38546506,0.23173138,-0.41101408
-0.3318851,-0.22098775,0.33408678,0.60240173,-0.00061119715,0.7574018,0.59005713,-0.15496285
-0.41613087,-0.34706584,-0.8114271,0.27009058,0.23526181,0.20624168,0.3830877,-0.16898444
-0.052038956,-0.18674135,0.5959624,-0.47265512,-0.3884603,0.5432772,0.6493912,0.05190477
-0.27716726,-0.27165458,0.6598731,-0.34090918,-0.28214893,-0.030856656,-0.03327679,-0.25014743
-0.49666038,-0.16302997,0.00036907196,-0.7447741,-0.14016272,0.8937395,0.40136948,-0.062682845
-0.4549074,0.0063505517,0.27842546,-0.9470916,-0.30693728,0.80040467,0.63674456,0.25647634
-0.44420093,-0.20226827,-0.14443892,0.636158,-0.7739755,-0.48594472,0.34532428,0.3958997
-0.36379546,-0.14700724,0.32031882,0.13257849,0.20754105,-0.492939,0.23741043,-0.10660395
-0.16913955,-0.086046696,-0.45996624,-0.002438426,-0.50081575,0.39037436,0.004307026,0.023445265
-0.43040803,-0.187642,-0.83650243,0.055657864,0.18367165,-0.31514508,0.027019985,-0.23304962
-0.36990753,0.07471769,-0.16034919,-0.7198262,0.3635171,0.28130254,0.23467706,-0.15266055
-0.57178557,-0.061434727,-0.8750176,0.32759893,0.4535705,-0.4558601,0.20714097,-0.18564583
-0.42391425,-0.16760696,-0.1859411,-0.93588597,-0.8619905,0.17719854,0.3689179,-0.07426552
-0.3186937,-0.4563092,0.74425447,0.51083446,0.82016665,0.06485597,-0.14383513,0.21407472
-0.34597403,-0.21651144,0.15435064,-0.7346056,0.22509348,0.26222536,0.20405333,-0.43575138
-0.6356575,-0.120568,-0.13523161,0.011312842,0.35781083,-0.3852366,-0.026367866,-0.24144211
-0.33857182,0.15373708,0.630852,0.020789266,-0.2699088,0.7424254,0.41042054,0.068489484
-0.6337129,-0.31204224,-0.29325008,0.6416136,-0.856982,0.28219807,0.42883313,-0.119762935
-0.3481089,-0.24961106,0.4978541,0.69319355,0.09241812,0.36608872,0.11202055,-0.38935965
-0.042124826,-0.19697334,0.45853782,-0.80074996,-0.15369795,0.6680743,0.46212378,0.105027616
-0.17927171,-0.3490327,0.35477853,0.7994422,0.27992037,0.3936151,0.4822746,-0.29725605
-0.19697425,-0.068908915,0.013620615,0.9388592,0.10399402,-0.27281263,0.248373,-0.051205244
-0.60899585,-0.057896566,0.42993152,-0.060641825,0.056798443,-0.20343551,0.1556699,-0.15452397
-0.49283737,-0.11804519,0.9861094,0.1591146,0.3216329,-0.58688307,-0.04358119,0.29381225
-0.38606167,0.07808224,-0.8504199,0.48653674,0.4963109,0.09467623,0.51792353,-0.19081172
-0.47336882,0.12043082,-0.984092,-0.011407852,0.4292227,0.057663504,0.020794526,0.12967078
-0.43565813,-0.1931363,0.17388737,0.5507171,-0.27616212,-0.7709409,-0.12747349,-0.048854902
-0.4634511,-0.30276084,0.54362535,0.24153793,0.33233985,0.3831959,0.41347817,-0.17303349
-0.35248825,-0.45623586,0.62178135,-0.13708913,0.13533807,0.38396868,0.2352015,-0.392971
-0.32078737,0.0017217443,0.5578114,-0.52771974,-0.3802873,-0.8129938,0.23992017,-0.0057587386
-0.60135496,-0.19374524,0.58525527,-0.40325564,-0.23830636,-0.71963274,0.12838894,0.06053752
-0.41863847,-0.27780905,0.5341296,-0.34636307,0.10746516,0.056221534,0.18960188,-0.10951271
-0.736229,-0.39268622,0.16048825,0.2807734,0.4723168,-0.44839537,0.029467916,-0.17054358
-0.42875415,-0.11642715,-0.21209311,0.94506264,0.32706925,-0.3947334,0.3243764,-0.14024079
-0.6249169,-0.14001897,-0.11914337,0.4717902,0.066449754,-0.7179147,0.14003186,0.008283615
-0.27523413,-0.19615002,0.84809494,0.4475299,0.24104054,0.20523575,0.33600157,-0.18030484
-0.45797217,-0.20563404,0.44812334,0.73429894,-0.12611122,0.8049571,0.22038712,-0.11867738
-0.28955045,-0.38879362,-0.05550903,0.6939306,0.08324482,0.27308527,0.16482908,-0.32961553
-0.14356092,-0.13158272,-0.30666184,-0.7970445,0.009990131,0.78296244,0.6160838,-0.083085306
-0.64282924,0.1427869,-0.26145184,0.88645434,0.46138227,-0.22574468,0.40109637,-0.18428689
-0.1774641,0.101846,0.346933,0.014418483,0.09110525,0.34461084,0.29191175,-0.20787
-0.30151784,0.16774227,-0.8443351,0.07854724,0.31589702,-0.41372508,0.18079007,0.051316384
-0.4029844,-0.026057895,0.80328393,0.0053874254,-0.7565186,0.15169974,-0.004712456,-0.106997035
0.18060116,-0.464939,-0.018568993,0.01631844,-0.33490378,-0.3669416,-0.298964,-0.5009633
-0.3658244,-0.018096533,-0.19842511,-0.76945746,0.4348758,0.23762603,0.20195448,-0.19621027
-0.33794966,-0.080135174,-0.24192268,0.70573425,0.28935307,-0.25375462,0.3918955,0.047765356
-0.48191747,-0.21891671,-0.6749727,-0.57653767,0.2523386,0.23809923,0.30768156,-0.14459363
-0.24310476,-0.045556497,-0.7747226,-0.45467675,-0.35303235,0.65344507,0.73875564,0.16546102
-0.373184,-0.13343826,0.4014058,-0.45245892,0.38235268,-0.34992516,0.7667768,-0.4751795
-0.21396215,-0.24947403,-0.4902975,0.4379809,0.13344269,0.15220551,0.28471607,-0.25970417
-0.45279127,-0.053780477,-0.77166206,0.08488262,0.44195428,0.20349595,0.40398228,-0.16328233
-0.4618793,-0.21478267,-0.3539235,0.8056061,0.11514263,0.19685851,0.41715312,-0.22126879
-0.4828367,-0.14111473,-0.30141807,0.49098694,0.080085896,-0.41186127,0.1814682,-0.10839322
-0.37867796,-0.33712864,-0.2582397,-0.37212807,-0.05496226,-0.6087704,0.19058678,-0.34917694
-0.2703154,-0.25954053,-0.93039876,0.27370727,-0.04500464,0.7248013,0.6697455,0.049050637
-0.5027811,0.04007097,-0.087360024,0.89884067,0.1883119,-0.38456252,0.22217308,-0.18171252
-0.43784574,-0.118762106,0.63418794,-0.33217835,0.36896983,0.25952333,0.3592889,-0.17129369
-0.4202897,-0.22028013,0.27171147,-0.4581756,-0.093816414,0.45847458,0.46027383,-0.26435277
-0.5250124,-0.055566404,-0.73836,0.22243392,0.38308746,0.22969693,0.42619136,-0.10077833
-0.4328177,-0.048537705,-0.090370536,0.584273,0.3402739,0.12793599,0.5120926,0.11343187
-0.3973448,0.1628804,-0.7968139,0.20851016,0.038059127,-0.59062445,0.108726434,-0.10824854
-0.35630974,-0.14785185,0.75465655,-0.06077355,-0.19459778,0.64880216,0.54500246,0.058022622
-0.26345292,-0.09494114,-0.8425037,0.4049338,-0.7033593,-0.64163107,-0.78021157,-0.05019816
-0.4762298,-0.18230996,0.004839778,-0.18096012,-0.4050946,-0.37497017,-0.26017845,-0.082281604
-0.49875915,-0.18895108,0.33528578,-0.42990738,-0.004622437,-0.54881227,0.1545713,-0.13608669
-0.36896527,-0.23261799,-0.29986638,0.21708977,0.33221018,0.30542055,0.37022576,-0.284571
-0.31777212,-0.31940618,0.48459387,-0.7438756,-0.29864714,0.0018236557,0.2686512,-0.050746597
-0.5118471,-0.389686,0.13474917,0.8159523,0.3662455,0.5653107,0.4415064,-0.18466064
-0.38127598,-0.27594638,0.9008665,0.1999774,-0.0652146,0.13377814,0.2605202,-0.046346523
-0.21501502,-0.1530985,0.29919064,0.4066571,-0.6805142,-0.30296785,0.31067687,0.321335
-0.5488044,-0.14568274,-0.1295132,0.47778273,0.2959902,0.08463999,0.33700618,-0.12648064
-0.258008,0.059858803,-0.28739733,-0.60183144,0.08035733,-0.401303,0.06819107,-0.0019348422
-0.6087968,-0.1315333,0.42965567,0.010904312,0.45917958,0.22711328,0.2536627,-0.21220936
-0.23404096,-0.20164979,0.14797664,0.60894144,-0.39928904,0.8200652,0.66734505,0.21299365
-0.28889754,-0.041287158,-0.29756367,0.78249943,0.065294646,0.12547417,0.31477895,-0.15861596
-0.539388,-0.036475386,0.79743254,-0.05937779,0.34035122,-0.28092206,0.008868814,-0.10776327
-0.14167318,-0.13101456,0.24693298,0.12004864,-0.26751763,0.3380054,0.55726874,0.42948505
-0.37226802,-0.28368247,-0.56356776,-0.6853589,0.27737075,0.8040139,0.15721709,0.13679282
-0.32217878,-0.27502453,-0.697456,-0.19366229,-0.009397435,0.22720593,0.16176333,-0.26685786
-0.22392823,-0.029315915,-0.50569427,0.6939415,-0.5504493,-0.65599036,-0.06283762,-0.11732703
-0.2558169,0.2385061,0.58667696,0.5412749,-0.47243795,-0.5681887,-0.56730604,-0.32466254
-0.2974257,-0.19746338,-0.6220176,0.13177943,0.5287518,0.032544166,0.37513494,-0.17740524
-0.2995757,-0.048047323,0.7343811,0.18106675,-0.45075747,-0.7577494,-0.23726368,0.0328782
-0.29082957,-0.17509487,0.27218378,-0.76720905,0.90000284,-0.0036418652,0.4750881,-0.026442358
-0.37718505,-0.4463231,0.55724144,-0.12014401,-0.31245443,0.04445021,0.011181442,-0.36863574
-0.59890586,-0.110021785,0.3044697,0.43525648,-0.07397376,0.78209645,0.6430667,0.08071564
-0.19186391,-0.17122425,0.27479756,0.12807441,0.1343002,0.25597894,0.12926744,-0.32712665
-0.28358692,0.105661444,0.42251492,0.6196562,0.26731795,-0.019259611,0.28546253,-0.13993612
-0.26447397,-0.12133202,-0.55069214,0.62495625,-0.1828554,0.67034054,0.17856644,-0.08967908
-0.44878063,-0.10828058,-0.44916338,-0.025369644,-0.44593903,-0.5911429,-0.3877118,-0.09031644
-0.39728972,-0.15197319,0.08899522,-0.679649,0.39354977,0.29623333,0.35872146,-0.23196407
-0.488745,-0.09677042,-0.9199927,-0.07204771,-0.81637424,0.03906011,0.18986794,-0.12597243
-0.3429962,-0.20744285,0.20647001,-0.75644255,-0.8664042,0.26703203,0.32634294,-0.13150004
-0.46112117,-0.16877182,-0.60537106,0.50910187,0.21695879,0.0075284964,0.36415404,0.03958996
-0.5494736,-0.11562306,0.26430285,-0.81427336,0.4295509,-0.2509824,0.24653289,-0.14953749
-0.40483192,-0.12769249,-0.80915165,-0.2171613,-0.85432714,0.13194594,0.20410073,-0.25093934
-0.23070242,-0.18711092,-0.061377883,0.31432164,-0.47784334,-0.28325745,-0.6056734,0.010830625
0.42603046,-0.24151793,-0.02304697,0.01594448,-0.2680634,-0.31344116,-0.5193651,-0.16681737
-0.42348492,-0.1821183,0.47596228,-0.42369723,-0.25274038,-0.55582297,0.18445249,-0.049169693
-0.26935485,0.13808532,0.12289667,0.49412298,-0.23550496,0.70278895,0.75115144,0.101778895
-0.1527451,-0.28646562,0.38994634,-0.4583838,0.15510798,0.24081182,0.55130583,-0.4986715
-0.36631274,-0.070455365,0.043774605,0.814,0.18484876,-0.26584196,0.19174765,-0.11895468
-0.44797394,-0.06110877,-0.3071286,0.6100445,0.18634312,0.2103832,0.08632429,-0.2297212
-0.09903899,-0.024143424,0.48859966,-0.57873845,-0.30570686,0.62972,0.56559306,0.111757524
-0.5042669,-0.13286208,-0.29023647,0.46811175,-0.2534241,0.34081125,0.4524565,-0.14794153
-0.32060257,0.027175773,-0.3778156,-0.08031821,0.2649161,0.63011014,0.5159704,0.22877476
-0.34353206,-0.12397301,-0.5173419,0.6297071,-0.6275833,0.46567702,0.45472914,0.14701886
-0.20334907,-0.06068598,0.21537805,0.22551346,-0.49295118,-0.59548044,0.2462404,0.2099662
-0.37641716,-0.18426198,0.43954027,-0.77799195,0.30659032,0.38188902,0.37035388,-0.26093253
-0.483405,-0.19024654,0.17387319,-0.31692582,0.13706386,-0.4237929,-0.14039584,-0.14508148
-0.33365718,-0.1415608,0.44839668,0.56220293,-0.036818005,0.82406354,0.3377356,-0.028534047
-0.3451826,-0.14073046,0.8542515,0.28655303,-0.18062347,-0.6909544,-0.2028286,-0.06491023
-0.36645874,-0.046488915,-0.22062081,-0.6987189,0.027581757,0.07975636,0.3078381,-0.36575264
-0.40151474,-0.14446947,0.1548326,0.23862565,-0.21194378,-0.67806274,0.17007631,-0.12559181
-0.28659374,-0.26832026,-0.5808083,-0.64349604,0.53905475,0.21441357,0.6640627,-0.5036404
-0.5368467,0.0864254,-0.3107314,-0.81777894,0.35349664,0.096151434,0.4107655,-0.1664544
-0.4439877,0.072132505,0.09096825,0.5510014,0.39906913,-0.16671242,0.3995491,-0.343104
0.011320306,-0.28970996,0.81616044,-0.26542062,-0.11276105,0.62379086,0.4618001,-0.023039771
-0.34832722,-0.14002621,0.7563298,-0.012428105,0.19681793,0.18768543,0.12718983,-0.09227545
-0.51010996,0.021340955,0.7769892,-0.43858927,0.12476014,0.1541106,0.2942889,-0.055499036
-0.3918335,-0.2720477,0.67269516,-0.18097174,-0.05826947,0.08550357,0.03982847,-0.042626828
-0.37293202,-0.2278711,-0.47965938,-0.57606566,0.260764,0.23377183,0.3063198,0.030310938
-0.31679323,-0.104364134,-0.8665874,0.23561728,-0.3979189,0.6536026,0.6251107,0.1930138
-0.42858157,-0.14775166,0.42780745,0.7109469,-0.44725478,0.68116033,0.65510684,0.17911524
-0.46163785,-0.0057877703,-0.051380873,-0.9032774,0.46566606,-0.44476378,0.0705814,-0.053225886
-0.48517936,-0.066134304,0.621493,-0.37067378,0.25062335,0.20790575,0.43973166,-0.04043769
-0.29284367,0.014917438,-0.8617458,0.3152783,0.13178632,-0.44699198,0.3027989,-0.13115746
-0.43626443,-0.23805586,-0.08913511,-0.30010277,0.23784237,0.2174046,0.3923404,-0.18164156
-0.17394514,-0.32683817,0.7065954,0.35686815,-0.2514571,0.7006274,0.5780865,0.08255753
-0.65567935,-0.2867547,-0.41018534,0.076321244,0.5688521,-0.32787752,-0.4022168,0.2447851
-0.30667007,-0.2968919,0.4793893,0.5859139,0.055492587,0.15112849,0.12871192,-0.15809722
-0.21018448,-0.20109595,0.7814547,0.35983586,0.20503767,0.2843845,0.44648534,-0.3187759
-0.2673725,-0.29301083,0.310511,0.56107056,-0.0957819,0.8127977,0.56871873,-0.02563318
-0.1793452,-0.14962783,-0.385607,-0.75769037,-0.005748897,0.72257924,0.44471276,0.0483811
-0.25998196,-0.08165384,0.22405457,0.56497586,0.22247024,0.29261225,0.36889666,-0.13052958
0.041697662,-0.40179735,0.5686717,-0.08632445,-0.3666853,0.0035315985,-0.45817736,-0.14972855
-0.38413984,-0.07859732,0.12933111,-0.16802847,0.40115184,-0.45443338,0.051785666,-0.19813512
-0.34579325,-0.044771757,-0.88426876,0.31965423,0.327849,0.30538964,0.38062507,-0.21302558
-0.23322068,-0.17820813,0.16892183,0.7850168,-0.73684883,-0.65925384,0.054839347,-0.05420464
-0.32367235,-0.19552141,0.8273951,0.4454236,-0.050541595,0.8615729,0.4098911,-0.20112234
-0.26925847,-0.051003817,0.030745387,-0.39929712,0.11964362,-0.48547697,0.20815325,0.070408024
-0.30052385,-0.15503839,-0.6470672,-0.637112,0.015918668,0.20113872,0.332501,-0.21320757
-0.11066568,-0.13865401,-0.88201225,0.4137603,-0.6371327,-0.7039391,0.21157394,0.43061474
-0.37892002,-0.2824628,0.36480713,0.3251816,0.15680268,-0.07665816,0.22710297,-0.19224153
-0.32432136,-0.15770583,0.812904,-0.18559873,0.19075043,-0.17767225,0.18775794,-0.27188602
-0.6536113,-0.009557347,-0.20111066,-0.15552682,0.4770735,0.26602176,0.49625805,-0.14917338
-0.5968382,0.0035292848,-0.18523186,-0.04822427,0.5676472,0.28193584,0.38603613,-0.043367203
-0.4225461,-0.37552205,0.34445786,-0.49727613,0.3636909,0.37793985,0.45988613,-0.21651843
-0.28462917,-0.20206593,0.39299965,-0.5562317,-0.12412533,0.6679571,0.5718995,0.07531545
-0.15925062,-0.05175348,-0.29899597,0.34370685,-0.20802093,0.75452685,0.383996,-0.21330976
-0.18642059,0.14853738,-0.03357923,0.3320253,0.13740754,0.20646161,0.28232983,-0.10706302
-0.5183784,-0.20652737,-0.39845598,-0.75300306,0.20444418,0.40657932,0.24082251,-0.31963167
-0.23992768,-0.011102955,0.13166952,0.7760718,0.20747326,0.2538691,0.3658465,-0.20456678
-0.25224215,-0.1256133,0.26992786,0.559592,-0.0956919,0.70590913,0.531557,0.12650344
-0.3734857,-0.121663064,-0.3075993,0.58136,0.62182397,0.12501684,0.19107854,-0.320339
-0.24274585,-0.20425531,0.6755618,-0.3147521,-0.15880857,0.7019281,0.6062926,0.046923753
-0.462572,-0.17610618,-0.5686207,0.36286938,0.32787743,0.020612461,0.17983426,-0.21822692
-0.3862781,-0.12097065,-0.29522848,-0.43879062,0.48215055,-0.05859312,0.3604102,-0.103174835
-0.29216152,-0.29513106,0.7867929,-0.29170638,0.07432773,0.18932837,0.20517503,-0.30781528
-0.27655676,0.054167274,0.43021262,-0.61379635,-0.2118898,0.8717605,0.5734199,0.07313927
-0.38371813,-0.10428378,0.5852606,0.6413437,0.17996296,0.26078784,0.17946461,-0.2117186
-0.23766126,-0.287934,-0.004520297,0.6828481,0.099317685,0.38621226,0.4599774,-0.18475333
-0.53404486,-0.35602203,0.23601711,0.4873706,0.44071117,0.14707021,0.30879238,-0.118691035
-0.45102364,-0.15740703,0.5202135,0.3157586,0.55908406,0.3301516,0.3463924,-0.20002975
-0.25468865,0.04956943,-0.8499993,0.2960924,-0.04627454,0.044803873,0.17095177,-0.17646948
-0.28297976,-0.12698631,-0.15752512,0.6329688,-0.67413306,-0.61598635,0.23490399,0.42037392
-0.37879553,-0.058083523,0.44839668,0.56220293,-0.04628862,0.7248406,0.23527427,-0.0018571276
-0.38810727,-0.07660854,-0.31909698,0.47241127,-0.29634768,0.73534006,0.48266697,0.036181614
-0.36914727,0.16552149,0.38026178,-0.00603503,0.10264975,-0.43813592,0.07526663,-0.034679476
-0.4224723,-0.09433631,-0.7116171,-0.55882204,0.2184412,0.0653155,0.31907216,-0.095687784
-0.13284068,-0.10025531,0.4279878,0.3511541,-0.18894787,0.6545386,0.13886356,-0.49440253
-0.21273562,-0.28348118,-0.22542262,-0.7169863,0.2168294,0.19920994,0.25468424,-0.2219648
-0.14146617,-0.03243186,-0.13344866,0.5935793,-0.15561756,0.6846423,0.61828405,0.026575152
-0.37812558,-0.37275395,-0.12507659,-0.03449279,-0.6791087,0.46698678,0.62230086,0.05478456
-0.4703775,-0.20937465,-0.21013689,-0.6952302,-0.046773136,0.4278571,0.27964458,-0.37436777
-0.4373306,-0.150125,-0.09307051,-0.49919719,0.2444065,0.25390774,0.16457048,-0.29568744
-0.3280407,-0.061106976,-0.5238929,0.20258164,0.36181462,0.32319683,0.35113072,-0.28631485
0.027361555,0.26910716,0.4450965,0.38556218,-0.1592324,0.2682924,0.6031615,0.52086544
-0.4674366,-0.218667,-0.7193389,0.19445181,0.26622844,0.21564113,0.41907513,-0.07909386
-0.500575,-0.088046215,0.033026695,-0.9072996,0.030918963,-0.4497234,-0.07126648,-0.06999893
-0.42625678,-0.24913281,0.5017618,0.31031954,0.25175858,0.38018942,0.13115038,-0.225028
-0.478472,-0.43270665,0.14963853,0.31426716,-0.84811324,0.4562495,0.47746536,-0.3253857
-0.27483812,0.11345323,0.1576891,0.7189927,0.2900537,-0.25355953,0.15052134,-0.18292992
-0.30356073,-0.1809077,0.7064793,-0.64120007,-0.21461807,-0.75423616,0.13084371,-0.116845295
-0.39937755,-0.05687211,0.19759834,0.8664378,0.34704876,0.2852326,0.29621765,-0.16519219
-0.51697594,-0.006861384,-0.33145112,-0.03426808,-0.09951016,-0.74266934,-0.121431656,-0.03792283
-0.47368947,-0.22871192,0.27976465,0.6257955,-0.015768975,0.79585767,0.6516575,0.04189186
-0.20190421,-0.011478151,-0.07043123,0.3607242,0.17590882,0.1622127,0.37343392,-0.19774954
-0.28642783,-0.10591838,-0.22802448,-0.94651353,-0.3684172,-0.16028796,0.27250943,0.11182097
-0.51677114,-0.18312658,0.28844702,0.106984615,-0.44933692,-0.23076455,0.0649016,-0.2242383
-0.5609274,-0.34424913,0.34672654,0.7025056,0.39011973,0.32909167,0.40944928,-0.2326665
-0.49935958,-0.283841,-0.24814624,-0.75071365,0.27716833,0.2692337,0.3625662,-0.16057594
-0.4984065,-0.11528703,-0.52687985,-0.19112682,0.30242848,-0.49252003,0.3071861,-0.054362502
-0.16416952,-0.26996717,0.2129066,0.4570595,-0.12720743,0.63294333,0.64692414,-0.007857473
-0.31515533,-0.13695027,-0.050913572,0.324373,-0.3670038,-0.5246638,-0.69220215,0.0006570786
-0.5601584,-0.1704237,0.05288124,-0.52907455,0.3439553,-0.10038346,-0.058872618,-0.14768356
-0.3881516,-0.10996561,-0.42712688,0.40611494,-0.830798,0.3020099,0.31480798,-0.31690562
-0.22438332,-0.06753273,0.29748917,0.4761467,0.09559961,0.100853905,-0.032647748,-0.40381277
-0.32156843,-0.038266163,-0.33502007,-0.8895347,0.24074964,0.29276353,-0.04250673,-0.3846426
-0.51381093,-0.213333,-0.39342105,-0.75170463,0.2576675,0.42247662,0.06561826,-0.40598014
-0.2543134,0.04109924,-0.9644542,-0.05945772,-0.0050628185,-0.44779554,0.14552483,-0.032869156
-0.04711533,-0.27309045,-0.015604973,-0.3616503,0.18860754,-0.21527626,-0.381597,0.24863155
-0.41467857,-0.08812323,0.23931324,-0.37294537,0.17211963,0.13610746,0.24355502,-0.11436299
-0.36767453,0.0049894797,0.57804716,0.1534177,-0.20610282,-0.14323872,0.13480982,-0.2719008
-0.2710079,-0.22860093,0.13167393,0.43846965,0.10598669,0.20968506,0.32220387,-0.08525877
-0.31535482,-0.2611647,-0.2481786,-0.0721302,0.31469485,0.49791875,0.36405507,-0.1304763
-0.37182698,-0.08150286,-0.37424225,0.23042834,-0.43483576,0.7060331,0.24739842,-0.0837096
-0.54768676,-0.34462875,0.32630217,-0.39119625,-0.035499938,0.8018813,0.5008263,-0.016964799
-0.5877646,-0.28987253,0.06514311,0.95790255,0.48729002,0.22145808,0.15912719,-0.19119608
-0.35903016,-0.1367146,-0.88371015,-0.3073172,0.018687462,0.6967383,0.35379562,-0.19017048
-0.44194984,-0.0016569748,-0.59718597,0.6289382,0.14704064,-0.3649772,0.18901964,-0.1455688
-0.23362964,0.11330014,0.4861536,-0.3418976,0.20867908,-0.6601024,-0.14367922,0.09845306
-0.28585368,-0.02939118,0.2934916,0.48622978,-0.71695685,-0.7837064,-0.32033986,0.02768227
-0.40301847,-0.23690394,-0.31767136,-0.5065625,0.23696016,0.12509218,0.27542982,-0.015362485
-0.2008245,-0.21410675,0.06167531,-0.15547317,-0.28936082,-0.12279055,-0.20710713,-0.14444464
-0.3310774,-0.1455264,-0.7469369,0.2869016,-0.054331306,0.7261014,0.37761432,-0.17573765
-0.43092975,-0.18648693,0.7858083,-0.29076356,0.33695933,0.34922662,0.40425733,-0.34979743
-0.34030035,-0.16166766,-0.2101959,-0.7316038,0.40959597,0.2432947,0.3369988,-0.23603739
-0.509821,-0.2614623,0.2043382,0.7593794,0.14592047,-0.42760897,0.19286107,-0.11980645
-0.24192499,-0.21204431,0.07903147,0.24033928,-0.30731967,-0.020970652,0.11259777,-0.2803718
-0.42531487,-0.14780737,-0.59373295,0.7070403,0.28388047,-0.3915718,0.38366687,-0.11026436
-0.42644072,-0.21421738,-0.8179093,-0.42019182,0.28204978,0.21389425,0.40673313,0.013307913
-0.5161864,-0.051968727,-0.17910016,0.3623284,-0.42582548,-0.11381124,0.29491973,-0.118132986
-0.0056155045,-0.31861833,-0.7482163,-0.24690449,0.0032252737,0.6620114,0.52596617,-0.4407108
-0.41192046,-0.08544948,-0.604028,-0.48364568,0.24573378,0.2265919,0.3788708,-0.21984239
-0.28208333,-0.47431302,0.60957646,0.46208835,0.21096726,0.2620832,0.3020366,-0.2076109
-0.3296482,-0.3587312,0.36056495,0.20289278,0.24722473,0.41357267,0.41347814,-0.29584825
-0.54900396,-0.18201068,-0.8705305,0.27538645,0.38918588,-0.25988618,0.22039314,-0.088464715
-0.034991402,-0.35265857,-0.11395496,-0.9339244,0.21666096,0.42308363,0.47383887,-0.3059397
-0.23461603,-0.11458724,0.17297244,0.6581429,-0.5263312,0.59858,0.57168025,0.24421963
-0.035488058,-0.3407277,0.17612207,0.45549905,-0.054625895,0.5947254,0.58107346,0.37860262
-0.5395907,-0.20784995,-0.26628,0.6566403,0.5341634,0.11420436,0.37573192,-0.07635995
-0.30220866,-0.1673827,-0.6997826,0.32765424,-0.80829245,0.27883068,0.37274525,-0.23493011
-0.9836848,0.2067592,-0.059096277,-0.20204139,0.45990014,-0.46742722,0.24043894,0.19006953
-0.06476466,-0.22085771,-0.8175765,0.56099737,-0.24732229,0.8224596,0.46855608,-0.19331758
-0.3022597,-0.32979223,-0.882602,0.15564823,0.27201277,0.1963806,0.2948385,-0.2764503
-0.460344,-0.16957983,0.12381673,-0.88018906,-0.2160395,-0.6473761,-0.090001844,-0.12919393
-0.33617944,-0.00077536254,0.061060786,-0.31146228,0.21899414,-0.20207399,0.08371795,0.017629568
-0.38955548,-0.15625767,0.56207705,0.21041155,0.3915322,-0.3939264,0.09409578,-0.1355798
-0.33753878,0.08677124,-0.15950191,-0.7248959,0.39225417,0.35010064,0.41845998,-0.25976518
-0.24358961,-0.21880803,0.18295169,0.57583714,-0.08543583,0.78062683,0.43190128,-0.28029403
-0.34076872,0.2637902,0.5344372,0.47231424,-0.17921074,-0.55171806,0.1585298,-0.112311855
-0.49156803,-0.040345084,-0.27719593,0.64173174,0.21372357,0.18553585,0.40905273,-0.019033756
-0.5450672,-0.18173188,0.10468197,0.47306967,-0.035942804,0.82560885,0.6240725,0.053046957
-0.062520996,-0.32234794,-0.8441903,-0.421286,-0.021421412,0.38375542,0.14772944,-0.41375569
-0.13768993,-0.11269909,0.2832334,0.8454621,-0.65270686,-0.48669046,-0.5766896,-0.0016052485
-0.36532027,0.099989094,0.7504511,-0.22743422,0.18434602,0.39102614,0.32387346,-0.28192782
-0.3609618,-0.3404163,0.3006606,0.5372764,-0.16220716,0.6457283,0.50176805,0.18835899
-0.43795487,0.24424382,-0.1977117,0.6657536,-0.3732704,-0.5751956,0.09870572,0.124546394
-0.34321338,-0.26713148,-0.5706613,0.12708402,-0.12600946,0.12407309,0.32380134,-0.2686895
-0.49073,-0.07898259,0.12258494,-0.2045086,0.32250035,-0.28790703,-0.08959297,-0.16276558
-0.59459,0.06852507,0.056175828,0.9559901,-0.48792338,-0.15425418,0.2018311,0.11762607
-0.36069214,0.24381463,0.080085754,-0.46613663,0.53811973,-0.01802568,-0.43221664,0.31997612
0.014979465,-0.25675684,-0.5657829,0.1767441,-0.123912044,0.69606537,0.72388554,0.15730208
-0.23459378,-0.03816158,-0.632212,0.68345237,0.16527176,0.035561945,0.24640846,-0.01450222
-0.3200341,-0.16229776,-0.028850853,0.98253417,0.17270094,-0.39082098,0.18220305,-0.110049635
-0.5615528,-0.28924826,-0.5932889,-0.49259138,0.28793624,0.18487217,0.41341144,-0.14018431
-0.3354169,-0.045651753,0.6532705,-0.3759492,-0.19447497,0.70478696,0.26091912,-0.16822097
-0.09049769,-0.110117145,-0.52870655,0.13768768,-0.17025201,0.6632925,0.5277419,-0.10314344
-0.5444182,-0.025272649,0.30024755,-0.43557745,0.59752023,-0.00882575,0.28486094,-0.19113617
-0.40961957,-0.09893599,0.6036333,0.0928601,-0.2763268,-0.6410526,0.108970456,-0.0012388261
-0.30277205,-0.015962671,0.066265464,0.9425558,0.3647509,-0.29224542,0.31536198,-0.07440972
-0.20455186,-0.29658663,-0.64894086,-0.48202747,0.1574394,0.24411404,0.4310543,-0.29509008
-0.34224993,0.11995932,0.13141048,0.6260909,0.33632007,-0.49465024,0.18960948,0.009267738
-0.34152663,-0.069944695,-0.30836368,0.3876729,0.63746876,0.13481905,0.2535103,-0.05857061
-0.2411273,-0.25623873,0.7470547,-0.38047892,0.2793366,0.13191573,0.27271247,-0.1420008
-0.38792393,-0.2701524,-0.21894127,0.58222365,-0.35025594,0.025662083,0.30292368,-0.15676178
-0.43974972,-0.15856454,0.12081683,0.72369075,0.114313245,-0.49599916,-0.5602295,-0.18303086
-0.39539427,-0.46655867,-0.4723525,-0.66987216,-0.016201919,-0.55896753,-0.34787697,0.10031013
-0.34544358,0.0008549735,-0.32459283,-0.8496829,0.4826799,0.28179976,0.4150569,-0.19435707
-0.39508748,-0.3318043,-0.6438708,-0.43487233,0.22653985,0.24873596,0.42697287,-0.15341301
-0.2692179,0.009856944,0.72379756,-0.37778962,0.32076338,0.0500268,0.119030684,-0.17928737
0.046886664,-0.20867231,0.81781316,-0.14736098,-0.13516714,0.6219702,0.6351962,0.134202
0.06433274,-0.29159454,-0.36093283,0.35085773,-0.18450893,0.62246585,0.61871713,0.1214631
-0.357732,-0.21627356,0.82895863,0.23143303,-0.32002443,-0.102254905,0.08479346,-0.32527
-0.29550937,-0.18219607,-0.8801721,-0.31192136,0.07682346,0.19938569,0.30747104,-0.19087568
-0.19927555,0.059561733,-0.18501496,0.37062538,-0.07140386,-0.46360373,0.04757368,-0.027920175
-0.2786534,-0.28451252,-0.72065914,-0.40210873,0.0914721,0.13649176,0.34375593,-0.057314895
-0.3145162,-0.036019836,0.07199526,0.20924509,0.22308347,-0.030513147,0.24963601,-0.20789619
-0.37138668,0.05306675,0.48259318,0.7115754,0.2952558,0.38744143,0.44978318,-0.04736436
-0.4615565,-0.0834443,0.53773296,0.3893615,-0.12590073,-0.65905356,0.21065265,-0.13474788
-0.42400807,-0.30907002,0.013109684,0.66738045,0.26024577,0.25008348,0.4328856,-0.11964667
-0.6634324,0.0031660988,-0.32387996,0.020573378,0.34126705,0.037949223,0.3822212,0.13904074
-0.31740144,-0.030939233,-0.28755093,0.07251501,0.2139956,-0.38347307,0.25717315,0.1210864
-0.36461106,-0.22653723,0.3462621,-0.45003277,-0.23966452,-0.40849766,-0.3158876,-0.027965097
-0.36057416,-0.2319038,-0.121373415,0.8673754,0.5030619,0.30991033,0.36876252,-0.120733365
-0.46879095,0.0077968584,-0.86057085,0.34895313,0.315952,0.088471085,0.31079865,-0.11409971
-0.33676693,-0.1446492,0.36141634,0.024727821,0.09830318,-0.35528508,-0.047649767,-0.12401789
-0.34538043,0.10861152,0.62591183,-0.32216543,0.318263,-0.07150592,0.43744162,-0.078566164
-0.33062926,0.047288153,-0.93835366,0.34366655,-0.7417221,0.23597752,0.38053048,-0.21124487
-0.7301051,-0.10007155,-0.7357367,0.608863,0.008511342,-0.7354472,-0.39228448,0.13628796
-0.34523433,0.010915925,-0.5221875,0.48646128,0.16104524,-0.41727,0.34662628,-0.046091825
-0.48519504,-0.19312702,0.3193264,0.52722895,0.2507813,0.29759192,0.30720678,-0.16580302
-0.3262048,-0.19622202,0.5629461,0.52659035,0.4637666,0.22179438,0.5039148,-0.059167925
-0.4708873,-0.3433758,-0.7516674,0.23083484,0.23157817,0.23041558,0.29359525,-0.12552986
-0.41285622,-0.13823369,0.43437493,-0.66610706,0.15001094,-0.40134734,0.05627621,0.09499648
-0.5393875,-0.320712,-0.71352386,-0.26692927,0.117239974,-0.059064955,0.1082491,-0.1849782
